Date (GMT+1),Cross border electricity trading,Non-Renewable,Renewable,Load,"CO2 Emission Allowances, Auction DE"
2020-01-01T00:00+01:00,680.27,18737.59,13979.1,43500.44,25.33
2020-01-01T01:00+01:00,1034.57,18320.84,14258.87,42598.76,25.33
2020-01-01T02:00+01:00,1195.32,18106.28,14600.75,41463.99,25.33
2020-01-01T03:00+01:00,270.27,18307.47,14762.7,40279.62,25.33
2020-01-01T04:00+01:00,545.31,18310.71,14941.36,40264.64,25.33
2020-01-01T05:00+01:00,-9.85,18307.51,14955.24,40017.56,25.33
2020-01-01T06:00+01:00,-2438.53,18204.44,14742.2,38959.2,25.33
2020-01-01T07:00+01:00,-3358.48,18373.11,14692.18,39464.07,25.33
2020-01-01T08:00+01:00,-2714.13,18983.19,14987.89,40177.48,25.33
2020-01-01T09:00+01:00,-3844.72,19213.32,17705.18,42373.94,25.33
2020-01-01T10:00+01:00,-4252.66,19414.94,21297.59,44552.99,25.33
2020-01-01T11:00+01:00,-4252.13,19417.08,24142.41,46662.24,25.33
2020-01-01T12:00+01:00,-4989.44,19509.95,25552.51,47989.07,25.33
2020-01-01T13:00+01:00,-5894.24,19188.43,25082.87,47723.26,25.33
2020-01-01T14:00+01:00,-5488.78,20008.38,21635.3,46133.1,25.33
2020-01-01T15:00+01:00,-2360.13,20601.25,17060,46275.28,25.33
2020-01-01T16:00+01:00,881.35,20979.05,15972.77,49069.73,25.33
2020-01-01T17:00+01:00,1046.54,21060.04,17849.29,53047.67,25.33
2020-01-01T18:00+01:00,-999.16,20922.09,19760.05,53872.91,25.33
2020-01-01T19:00+01:00,-1530.59,20378.27,20914.24,52635.62,25.33
2020-01-01T20:00+01:00,-4131.79,20703.57,21316.63,50517.01,25.33
2020-01-01T21:00+01:00,-3472.4,20670.93,21422.37,49120.28,25.33
2020-01-01T22:00+01:00,-4425.55,20565.54,20178.2,48204.78,25.33
2020-01-01T23:00+01:00,-5198.53,20148.2,19688.73,45410.74,25.33
2020-01-02T00:00+01:00,-3022.84,19660.51,19571.34,43971.61,25.33
2020-01-02T01:00+01:00,-3834.86,19604.55,19179.9,42537.1,25.33
2020-01-02T02:00+01:00,-3068.23,19405.55,19140.7,41919.12,25.33
2020-01-02T03:00+01:00,-1842.08,18719.13,18656.13,41968.51,25.33
2020-01-02T04:00+01:00,-324.66,17572.04,18670.46,43067.84,25.33
2020-01-02T05:00+01:00,-1774.93,18318.87,19176.41,45395.61,25.33
2020-01-02T06:00+01:00,1096.08,19891.2,20312.92,49812.53,25.33
2020-01-02T07:00+01:00,751.82,21010.49,21386.8,54798.24,25.33
2020-01-02T08:00+01:00,-1133.09,22016.29,22298.82,58182.22,25.33
2020-01-02T09:00+01:00,-1665.19,22608.25,25501.6,60124.27,25.33
2020-01-02T10:00+01:00,-2952.38,22899.26,28247.8,61127.63,25.33
2020-01-02T11:00+01:00,-2143.64,22820.85,29511.4,61947.26,25.33
2020-01-02T12:00+01:00,-1675.85,22853,29182.88,62184,25.33
2020-01-02T13:00+01:00,-1073.46,23030.46,27762.29,61336.4,25.33
2020-01-02T14:00+01:00,501.23,22476.72,26079.36,60373.05,25.33
2020-01-02T15:00+01:00,2804.19,22295.38,24234.28,60447.98,25.33
2020-01-02T16:00+01:00,4208.1,22142.45,24469.55,62291.08,25.33
2020-01-02T17:00+01:00,2546.63,22055.27,26743.97,65235.06,25.33
2020-01-02T18:00+01:00,-1029.81,22633.06,28936.32,65359,25.33
2020-01-02T19:00+01:00,-1619.55,22911.46,30234.23,64000.98,25.33
2020-01-02T20:00+01:00,-4971.96,22211.51,30990.81,60276.52,25.33
2020-01-02T21:00+01:00,-4880.28,20737.4,31716.53,57459.61,25.33
2020-01-02T22:00+01:00,-4385.68,19716.25,31894.6,55617.1,25.33
2020-01-02T23:00+01:00,-4813.8,17009.44,32124.77,52142.06,25.33
2020-01-03T00:00+01:00,-6273.56,16690.27,33236.05,49155.2,25.33
2020-01-03T01:00+01:00,-6505.44,15779.15,34497.26,47681.68,25.33
2020-01-03T02:00+01:00,-7696.03,14964.42,35289.86,46908.82,25.33
2020-01-03T03:00+01:00,-7825.99,14803.71,36159.31,46809.41,25.33
2020-01-03T04:00+01:00,-7725.54,14813.15,37416.46,47711.74,25.33
2020-01-03T05:00+01:00,-7882.41,15222.02,38546.64,49821.74,25.33
2020-01-03T06:00+01:00,-9051.72,16194.3,40120.07,53695.08,25.33
2020-01-03T07:00+01:00,-9233.24,18130,40910.33,57811.6,25.33
2020-01-03T08:00+01:00,-9183.72,18959.75,41469.74,60857.68,25.33
2020-01-03T09:00+01:00,-8601.6,19518.21,42255.12,62723.1,25.33
2020-01-03T10:00+01:00,-8599.58,19793.91,43636.74,63798.53,25.33
2020-01-03T11:00+01:00,-9281.75,20259.94,44534.74,65113.38,25.33
2020-01-03T12:00+01:00,-9440,20731.84,43091.09,65167.49,25.33
2020-01-03T13:00+01:00,-8699.99,20321.8,42224.45,63839.5,25.33
2020-01-03T14:00+01:00,-7419.48,19844.92,41715.36,62813.98,25.33
2020-01-03T15:00+01:00,-8181.05,19742.33,40590.72,62309.06,25.33
2020-01-03T16:00+01:00,-9355.51,20168.92,41441.22,63169.99,25.33
2020-01-03T17:00+01:00,-9188.88,19966.11,42148.15,65163.28,25.33
2020-01-03T18:00+01:00,-10636.83,19412.24,43360.79,64904.99,25.33
2020-01-03T19:00+01:00,-10509.77,18093,42881.63,63035.57,25.33
2020-01-03T20:00+01:00,-10891.54,17333.3,42024.14,59326.85,25.33
2020-01-03T21:00+01:00,-11486.59,16170.67,41085.02,56056.97,25.33
2020-01-03T22:00+01:00,-10777.69,15479.34,40460.87,54497.76,25.33
2020-01-03T23:00+01:00,-11112.48,15010.16,39876.99,51471.24,25.33
2020-01-04T00:00+01:00,-11010.86,14073.47,39163.87,48789.61,25.33
2020-01-04T01:00+01:00,-11207.58,13940.71,37972.65,46574.62,25.33
2020-01-04T02:00+01:00,-10355.62,14523.52,36709.41,45663.2,25.33
2020-01-04T03:00+01:00,-8309.68,14617.94,36416.67,45277.11,25.33
2020-01-04T04:00+01:00,-8140.81,14065.91,37789.31,46088.27,25.33
2020-01-04T05:00+01:00,-10039.66,14465.78,39577.32,46622.46,25.33
2020-01-04T06:00+01:00,-10856.2,14655,41666.33,47058.98,25.33
2020-01-04T07:00+01:00,-10518.04,15234.18,42612.57,49918.15,25.33
2020-01-04T08:00+01:00,-12611.43,16163.91,43771.27,53055.88,25.33
2020-01-04T09:00+01:00,-13028.7,16838.77,46100.81,56442.29,25.33
2020-01-04T10:00+01:00,-12543.23,16217.82,48267.91,59194.43,25.33
2020-01-04T11:00+01:00,-13839.6,16615.97,49818.94,60810.38,25.33
2020-01-04T12:00+01:00,-13560.82,16701.6,50507.38,61593.07,25.33
2020-01-04T13:00+01:00,-13348.56,16487.73,49810.04,60323.34,25.33
2020-01-04T14:00+01:00,-12418.25,17194.12,48170.45,59182.33,25.33
2020-01-04T15:00+01:00,-11981.58,17647.27,45947.55,58821.79,25.33
2020-01-04T16:00+01:00,-11558.12,18468.55,44980.46,60053.44,25.33
2020-01-04T17:00+01:00,-10232.88,20092.23,43724.4,62655.36,25.33
2020-01-04T18:00+01:00,-9772.38,20468.22,41737.62,62563.13,25.33
2020-01-04T19:00+01:00,-9397.84,20227.01,38869.27,60297.84,25.33
2020-01-04T20:00+01:00,-8710.82,20460.76,36070.38,56566.43,25.33
2020-01-04T21:00+01:00,-8532.03,20260.93,32506.02,53958.25,25.33
2020-01-04T22:00+01:00,-8079.43,20781.52,28971.17,52399.58,25.33
2020-01-04T23:00+01:00,-6320.52,20740.29,26257.85,49480.37,25.33
2020-01-05T00:00+01:00,-5613.9,19461.57,23969.17,46485.59,25.33
2020-01-05T01:00+01:00,-5664.32,19287.86,22123.57,44290.62,25.33
2020-01-05T02:00+01:00,-4732.22,18620.13,20579.8,43683.48,25.33
2020-01-05T03:00+01:00,-4862.31,18690.82,19464.86,42706.99,25.33
2020-01-05T04:00+01:00,-3989.02,18847.4,18679.29,42686.34,25.33
2020-01-05T05:00+01:00,-4197.31,18927.03,18380.37,42193.04,25.33
2020-01-05T06:00+01:00,-5148.74,19294.13,18037.7,41307.18,25.33
2020-01-05T07:00+01:00,-4526.13,19890.24,17564.64,42713.58,25.33
2020-01-05T08:00+01:00,-2697,20460.42,17415.3,44934.35,25.33
2020-01-05T09:00+01:00,-1352.29,21227.48,18973.44,48232.94,25.33
2020-01-05T10:00+01:00,-433.48,21570.85,20865.61,51039.51,25.33
2020-01-05T11:00+01:00,203.28,21965.66,22301.57,53496.47,25.33
2020-01-05T12:00+01:00,-110.88,21700.39,22210.24,54076.5,25.33
2020-01-05T13:00+01:00,-1021.11,21656.43,21457.99,52730.1,25.33
2020-01-05T14:00+01:00,-148.01,21892.45,20470.15,51589,25.33
2020-01-05T15:00+01:00,-758.29,22190.58,19770.23,51713.76,25.33
2020-01-05T16:00+01:00,257.09,22499.68,20880.38,53442.23,25.33
2020-01-05T17:00+01:00,-726.06,23017.68,22864.03,57112.09,25.33
2020-01-05T18:00+01:00,-2264.27,23277.78,23968.19,57983.93,25.33
2020-01-05T19:00+01:00,-4373.26,23117.14,24056.15,56585.48,25.33
2020-01-05T20:00+01:00,-6137.51,22818.23,24861.66,54177.48,25.33
2020-01-05T21:00+01:00,-5810.61,23040.4,25491,52629.62,25.33
2020-01-05T22:00+01:00,-5305.75,22460.69,25376.01,52001.09,25.33
2020-01-05T23:00+01:00,-6192.6,21863.31,25182.11,48976.52,25.33
2020-01-06T00:00+01:00,-5861.68,21227.65,25492.78,46661.37,25.33
2020-01-06T01:00+01:00,-4842.14,20860.89,24815.58,45256.26,25.33
2020-01-06T02:00+01:00,-5447.86,20977.94,24337.18,44272.23,25.33
2020-01-06T03:00+01:00,-4224.89,20809.17,23978.25,44620.98,25.33
2020-01-06T04:00+01:00,-4126.36,21696.26,23996.2,45883.4,25.33
2020-01-06T05:00+01:00,-4401.08,23642.48,23559.73,48592.62,25.33
2020-01-06T06:00+01:00,-3627.44,25475.19,22791.43,53420.06,25.33
2020-01-06T07:00+01:00,-2020.59,27308.64,22025.03,58024.78,25.33
2020-01-06T08:00+01:00,-2304.66,28226.15,21591.05,61004.59,25.33
2020-01-06T09:00+01:00,-2810.48,28732.53,23534.24,62361.64,25.33
2020-01-06T10:00+01:00,-2755.8,28760.62,25966.33,63451.55,25.33
2020-01-06T11:00+01:00,-2478.7,29167.84,27271.15,64516.32,25.33
2020-01-06T12:00+01:00,-3290.15,29075.14,28208.57,64468.91,25.33
2020-01-06T13:00+01:00,-2671.24,28625.22,27493.62,63465.93,25.33
2020-01-06T14:00+01:00,-2775.75,29092.18,25273.37,62407.15,25.33
2020-01-06T15:00+01:00,-216.71,29224.67,22329.6,62142.95,25.33
2020-01-06T16:00+01:00,447.3,29508.71,22011.24,63548.71,25.33
2020-01-06T17:00+01:00,-1164.95,30117.94,24083.2,67067.97,25.33
2020-01-06T18:00+01:00,-2644.86,30347.41,25569.3,67473.48,25.33
2020-01-06T19:00+01:00,-5175.63,30605.31,26571.09,65964.94,25.33
2020-01-06T20:00+01:00,-5941.06,29739.1,27626.65,62301.62,25.33
2020-01-06T21:00+01:00,-5736.16,27714.99,28250.26,59738.32,25.33
2020-01-06T22:00+01:00,-6876.6,26765.76,28509.83,57347.67,25.33
2020-01-06T23:00+01:00,-6719,24804.6,28853.1,53740.84,25.33
2020-01-07T00:00+01:00,-8839.03,24067.33,29384.47,51349.11,25.33
2020-01-07T01:00+01:00,-8834.29,24209.23,28862.32,50157,25.33
2020-01-07T02:00+01:00,-8005.81,23450.06,28480.49,49379.95,25.33
2020-01-07T03:00+01:00,-7218.06,23051.13,28569.72,49653.81,25.33
2020-01-07T04:00+01:00,-7307.8,24067.08,28571.43,50977.23,25.33
2020-01-07T05:00+01:00,-7258.58,26275.57,28160.29,54316.78,25.33
2020-01-07T06:00+01:00,-6361.66,30776.02,27567.85,61669.13,25.33
2020-01-07T07:00+01:00,-6200.31,34538.51,26480.6,67947.94,25.33
2020-01-07T08:00+01:00,-4046.69,35317.03,24630.81,70352.58,25.33
2020-01-07T09:00+01:00,-4476.44,36322.91,22840.95,70582.81,25.33
2020-01-07T10:00+01:00,-2290.08,36214.89,22230.45,70755.5,25.33
2020-01-07T11:00+01:00,-514.55,35866.82,22142.6,71269.09,25.33
2020-01-07T12:00+01:00,-260.21,35220.73,24655.54,70871.36,25.33
2020-01-07T13:00+01:00,-1270.09,35011.92,26418.23,70839.1,25.33
2020-01-07T14:00+01:00,-3653.99,35522.9,26215.28,70410.64,25.33
2020-01-07T15:00+01:00,-2427.15,35436.22,25344.41,69535.83,25.33
2020-01-07T16:00+01:00,-2566.4,35898.95,25727.01,70192.6,25.33
2020-01-07T17:00+01:00,-3786.63,35965.66,28565.71,72724.04,25.33
2020-01-07T18:00+01:00,-5632.71,35305.79,30742.46,72438.9,25.33
2020-01-07T19:00+01:00,-6680.08,33934.6,32507.93,70977.41,25.33
2020-01-07T20:00+01:00,-8293.76,31238.4,34119.61,67162.33,25.33
2020-01-07T21:00+01:00,-7461.33,28411.65,35104.13,63840.23,25.33
2020-01-07T22:00+01:00,-8071.68,26263.26,35125.69,60756.5,25.33
2020-01-07T23:00+01:00,-7388.47,21895.53,36010.51,56981.22,25.33
2020-01-08T00:00+01:00,-6938.43,19282.85,37168.44,54547.18,25.33
2020-01-08T01:00+01:00,-8439.06,18510.85,38077.47,53156.51,25.33
2020-01-08T02:00+01:00,-8866.09,17908.44,38651.31,51997.35,25.33
2020-01-08T03:00+01:00,-8665.24,17760.36,38520.91,52059.8,25.33
2020-01-08T04:00+01:00,-7964.24,18295.24,38123.77,53364.32,25.33
2020-01-08T05:00+01:00,-6847.68,21231.35,38091.51,56504.6,25.33
2020-01-08T06:00+01:00,-5693.64,25074.7,38103.23,64152.55,25.33
2020-01-08T07:00+01:00,-7738.52,31122.19,38556.34,70538.65,25.33
2020-01-08T08:00+01:00,-7809.2,33158.21,38585.71,73452.08,25.33
2020-01-08T09:00+01:00,-7935.93,33997.77,39081.29,73429.58,25.33
2020-01-08T10:00+01:00,-8596.94,34937.87,39593.6,74463.19,25.33
2020-01-08T11:00+01:00,-9226.92,35676.43,39068.05,74707.98,25.33
2020-01-08T12:00+01:00,-7672.82,35719.35,37316.04,74302.54,25.33
2020-01-08T13:00+01:00,-6956.67,36135.74,34915.28,73627.3,25.33
2020-01-08T14:00+01:00,-7101.21,36785.75,32008.65,72406.03,25.33
2020-01-08T15:00+01:00,-7124.82,36999.97,28494.26,71548.77,25.33
2020-01-08T16:00+01:00,-5106.8,37470.95,25317.55,71377.7,25.33
2020-01-08T17:00+01:00,-2545.14,38027.77,23355.24,72862.02,25.33
2020-01-08T18:00+01:00,-2241.86,37946.82,22032.08,72094.44,25.33
2020-01-08T19:00+01:00,-2146.15,37775.76,21124.3,69933.2,25.33
2020-01-08T20:00+01:00,-4062.53,37138.36,20134.55,65906.24,25.33
2020-01-08T21:00+01:00,-3843.97,36601.12,18969.43,62059.54,25.33
2020-01-08T22:00+01:00,-3024.82,34827.23,17558.13,58702.86,25.33
2020-01-08T23:00+01:00,-3866.99,32198.44,16105.13,54205.34,25.33
2020-01-09T00:00+01:00,-2769.94,29873.03,14813.54,50215.95,25.33
2020-01-09T01:00+01:00,-2429.47,28521.48,14027.13,48286.92,25.33
2020-01-09T02:00+01:00,-129.88,27813.41,14146.5,47858.46,25.33
2020-01-09T03:00+01:00,765.2,26956.78,15046,48083.14,25.33
2020-01-09T04:00+01:00,1597.51,26032.54,16603.2,49734.25,25.33
2020-01-09T05:00+01:00,-722.13,27708.38,18439.98,53417.9,25.33
2020-01-09T06:00+01:00,-1043.46,31030.11,21266.1,61802.59,25.33
2020-01-09T07:00+01:00,-1714.61,32079.01,24905.31,68198.74,25.33
2020-01-09T08:00+01:00,-3553.38,31722.71,29298.4,70819.22,25.33
2020-01-09T09:00+01:00,-4504.84,29695.66,34347,71494.72,25.33
2020-01-09T10:00+01:00,-6563.89,29358.85,38616.26,72617.39,25.33
2020-01-09T11:00+01:00,-7709.82,29284.86,41571.83,73764.27,25.33
2020-01-09T12:00+01:00,-8557.64,27294.68,43931.2,73326.74,25.33
2020-01-09T13:00+01:00,-8198.41,26294.47,44348.39,72967.46,25.33
2020-01-09T14:00+01:00,-7708.55,26051.15,42393.88,71586.75,25.33
2020-01-09T15:00+01:00,-6690.29,26680.62,40149.05,71208.28,25.33
2020-01-09T16:00+01:00,-6842.29,28743.21,38111.76,71581.62,25.33
2020-01-09T17:00+01:00,-6336.25,30174.07,37376.41,73868.63,25.33
2020-01-09T18:00+01:00,-7193.15,30889.42,36845.42,73439.61,25.33
2020-01-09T19:00+01:00,-7080.46,30793.74,35873.43,71518,25.33
2020-01-09T20:00+01:00,-6682.21,27822.32,34719.9,67669.7,25.33
2020-01-09T21:00+01:00,-5220.17,25217.12,32399.4,63628.34,25.33
2020-01-09T22:00+01:00,-5026.95,23886.81,29982.33,59774.12,25.33
2020-01-09T23:00+01:00,-5838.27,22766.29,29046.99,55429.25,25.33
2020-01-10T00:00+01:00,-5481.71,22496.58,28575.79,51908.07,25.33
2020-01-10T01:00+01:00,-6921.48,21799.7,29316.63,50144.52,25.33
2020-01-10T02:00+01:00,-7927.68,21034.12,30356.29,49558.75,25.33
2020-01-10T03:00+01:00,-6828.81,20552.2,30748.52,49974.63,25.33
2020-01-10T04:00+01:00,-6763.5,20806.7,30867.63,51504.34,25.33
2020-01-10T05:00+01:00,-7738.22,23770.44,31817.27,54909.61,25.33
2020-01-10T06:00+01:00,-5922.46,26271.16,33805.65,62268.88,25.33
2020-01-10T07:00+01:00,-5685.98,28576.87,34187.94,68430.85,25.33
2020-01-10T08:00+01:00,-5899.92,29607.4,34774.02,71157.9,25.33
2020-01-10T09:00+01:00,-8368.36,30240,36715.91,71222.94,25.33
2020-01-10T10:00+01:00,-8663.7,30531.4,38738.94,71666.22,25.33
2020-01-10T11:00+01:00,-8006.89,30150.33,40884.1,72149,24.69
2020-01-10T12:00+01:00,-9171.07,29836.96,42556.55,71878.16,24.48
2020-01-10T13:00+01:00,-8399.41,29427.34,41211.64,70430.83,24.48
2020-01-10T14:00+01:00,-7868.8,29880.96,38923.26,68960.17,24.48
2020-01-10T15:00+01:00,-7465.55,30282.6,37564.06,68485.4,24.48
2020-01-10T16:00+01:00,-7529.45,30528.3,37914.65,69567.93,24.48
2020-01-10T17:00+01:00,-7098.93,30070.86,37197.94,71956.49,24.48
2020-01-10T18:00+01:00,-7762.13,30671.94,34843.04,70941.06,24.48
2020-01-10T19:00+01:00,-7089.61,30464.83,31854.31,68558.19,24.48
2020-01-10T20:00+01:00,-8066.7,29614.25,30557.7,64438.56,24.48
2020-01-10T21:00+01:00,-6148.34,27976.99,29513.6,60702.71,24.48
2020-01-10T22:00+01:00,-7014.45,27091.07,27253.18,57729.57,24.48
2020-01-10T23:00+01:00,-6656.6,25332.25,26101.46,54074.88,24.48
2020-01-11T00:00+01:00,-8447.41,25011.63,25376.81,50365.87,24.48
2020-01-11T01:00+01:00,-7771.43,24240.21,23965.82,48228.92,24.48
2020-01-11T02:00+01:00,-6820.72,23605.34,23447.82,47576.09,24.48
2020-01-11T03:00+01:00,-4556.22,23132.41,23845.88,47689.76,24.48
2020-01-11T04:00+01:00,-3285.81,22392.18,24079.16,48059.66,24.48
2020-01-11T05:00+01:00,-4206.86,22499.22,24192.69,47468.2,24.48
2020-01-11T06:00+01:00,-5220.74,22485.74,25067.96,48144.38,24.48
2020-01-11T07:00+01:00,-4449.74,23137.99,23938.77,51067.71,24.48
2020-01-11T08:00+01:00,-4562.5,25304.91,24327.18,54411.34,24.48
2020-01-11T09:00+01:00,-5133.47,26142.07,26616.32,57510.56,24.48
2020-01-11T10:00+01:00,-6874.78,26133.67,29670.2,59470.76,24.48
2020-01-11T11:00+01:00,-6297.92,25764.34,32865.72,60777.68,24.48
2020-01-11T12:00+01:00,-7773.06,25075.93,34636.96,60677.2,24.48
2020-01-11T13:00+01:00,-6896.54,23505.28,35162.91,59709.6,24.48
2020-01-11T14:00+01:00,-7179.19,23194.57,34260.14,58033.9,24.48
2020-01-11T15:00+01:00,-6375.68,24041.72,32084.46,57903.36,24.48
2020-01-11T16:00+01:00,-6142.25,25569.74,32085.83,59464.66,24.48
2020-01-11T17:00+01:00,-7476,26769.09,33670.61,63321.62,24.48
2020-01-11T18:00+01:00,-9616.97,26655.52,35219.17,63819.51,24.48
2020-01-11T19:00+01:00,-9862.05,25638.55,36096.51,62058,24.48
2020-01-11T20:00+01:00,-9775.89,23003.82,37096.85,58855.07,24.48
2020-01-11T21:00+01:00,-9946.32,20936.27,37177.6,56306.58,24.48
2020-01-11T22:00+01:00,-9044.25,19799.4,36326.87,54965.77,24.48
2020-01-11T23:00+01:00,-9150.58,17580.63,36336.54,52144.79,24.48
2020-01-12T00:00+01:00,-9411.12,16084.05,35985.45,49758.16,24.48
2020-01-12T01:00+01:00,-9764.27,15274.39,35628.74,47868.17,24.48
2020-01-12T02:00+01:00,-9369.21,15014.05,35566.41,46822.04,24.48
2020-01-12T03:00+01:00,-9570.62,15187.31,35972.3,46177.44,24.48
2020-01-12T04:00+01:00,-9816.26,14884.78,36243.14,46319.01,24.48
2020-01-12T05:00+01:00,-10489.8,14952.93,36621.22,46212.63,24.48
2020-01-12T06:00+01:00,-12227.96,14978.59,37510.48,45964.08,24.48
2020-01-12T07:00+01:00,-13374.45,15590.39,38280.27,47605.23,24.48
2020-01-12T08:00+01:00,-12109.47,16089.74,39060.9,50793.67,24.48
2020-01-12T09:00+01:00,-13262.31,16366.79,41781.85,53795,24.48
2020-01-12T10:00+01:00,-14423.45,16138.65,45285.01,56483.33,24.48
2020-01-12T11:00+01:00,-14920.88,16289.04,46552.32,58610.85,24.48
2020-01-12T12:00+01:00,-14253.49,16459.65,47439.34,58593.37,24.48
2020-01-12T13:00+01:00,-15672.54,16495.18,46702.88,57061.36,24.48
2020-01-12T14:00+01:00,-14338.84,17022.29,45076.5,55879.12,24.48
2020-01-12T15:00+01:00,-12667.35,17211.97,42907.92,56075.8,24.48
2020-01-12T16:00+01:00,-13486.94,18313.62,42213.12,57535.75,24.48
2020-01-12T17:00+01:00,-12529,20180.07,43000.38,61424.58,24.48
2020-01-12T18:00+01:00,-12931.29,20807.76,42957.18,62349.91,24.48
2020-01-12T19:00+01:00,-12870.13,20647.44,42915.4,60609.61,24.48
2020-01-12T20:00+01:00,-12697.24,19478.23,43242.46,57934.62,24.48
2020-01-12T21:00+01:00,-13216.79,19103.85,42955.81,56414.81,24.48
2020-01-12T22:00+01:00,-14207.81,19653.94,40586.75,55870.24,24.48
2020-01-12T23:00+01:00,-14146.13,19631.16,37965.51,52346.05,24.48
2020-01-13T00:00+01:00,-9658.7,18338.89,34490.37,49728.06,24.48
2020-01-13T01:00+01:00,-11159.43,19059.45,31773.68,47371.55,24.48
2020-01-13T02:00+01:00,-8149.85,18735.31,28432.76,46591.4,24.48
2020-01-13T03:00+01:00,-5935.98,19412.98,25482.26,46434.28,24.48
2020-01-13T04:00+01:00,-5210.9,21186.65,23782.99,48063.58,24.48
2020-01-13T05:00+01:00,-4182.72,24847.79,23140.78,52853.27,24.48
2020-01-13T06:00+01:00,-1078.98,29129.68,22621.27,61797.6,24.48
2020-01-13T07:00+01:00,232.45,32339.35,21985.54,69092.43,24.48
2020-01-13T08:00+01:00,1057.7,34005.78,22385.46,71994.62,24.48
2020-01-13T09:00+01:00,-459.26,34617.95,22716.36,72169.68,24.48
2020-01-13T10:00+01:00,-1204,34946.23,24240.02,72512.49,24.48
2020-01-13T11:00+01:00,249.33,34750.63,25486.03,73361.93,24.48
2020-01-13T12:00+01:00,-681.08,34914.93,25779.09,72864.61,24.48
2020-01-13T13:00+01:00,1498.07,35159.97,24765.14,72173.73,24.48
2020-01-13T14:00+01:00,1712.03,34438.17,23413.42,70926.9,24.48
2020-01-13T15:00+01:00,2140.06,33974.71,21649.12,69754.78,24.48
2020-01-13T16:00+01:00,1487.77,34012.81,21947.87,70381.96,24.48
2020-01-13T17:00+01:00,689.2,34144.03,25207.46,73642.01,24.48
2020-01-13T18:00+01:00,-1268.17,34099.4,28795.92,73908.88,24.48
2020-01-13T19:00+01:00,-2736.91,32390.01,31466.88,72145.68,24.48
2020-01-13T20:00+01:00,-1798.01,27969.91,33776.42,68041.61,24.48
2020-01-13T21:00+01:00,-4246.08,24772.7,35932.82,64628.23,24.48
2020-01-13T22:00+01:00,-7753.5,22970.08,36781.79,61345.88,24.48
2020-01-13T23:00+01:00,-8778.57,20862.73,38290.96,57409.91,24.48
2020-01-14T00:00+01:00,-7420.17,17394.99,39384.43,55170.64,24.48
2020-01-14T01:00+01:00,-9298.2,16340.59,41283.53,53685.89,24.48
2020-01-14T02:00+01:00,-9824.61,15635.88,42927.34,52890.69,24.48
2020-01-14T03:00+01:00,-10777.8,15458.96,44157.5,53649.07,24.48
2020-01-14T04:00+01:00,-10668.61,15845.18,44459.09,55265.92,24.48
2020-01-14T05:00+01:00,-9263.9,16994.44,45470.23,58908.13,24.48
2020-01-14T06:00+01:00,-7607.4,19274.96,47706.27,66790.13,24.48
2020-01-14T07:00+01:00,-6923.13,21849.63,47997.05,73220.47,24.48
2020-01-14T08:00+01:00,-7542.41,23778.98,48204.57,74996.38,24.48
2020-01-14T09:00+01:00,-8364.37,23767.54,49938.3,74648.12,24.48
2020-01-14T10:00+01:00,-8194.32,22801.96,51372.95,74875.5,24.48
2020-01-14T11:00+01:00,-7435.1,22110.14,52006.92,75137.11,24.48
2020-01-14T12:00+01:00,-7568.96,21207.75,52266.03,74454.41,24.48
2020-01-14T13:00+01:00,-7075.99,21091.61,50559.87,74127.66,24.48
2020-01-14T14:00+01:00,-7727.62,22000.01,47308.62,72631.57,24.48
2020-01-14T15:00+01:00,-6959.04,22728.67,44779.92,72200.4,24.48
2020-01-14T16:00+01:00,-7188.45,22988.9,44428.46,72435.46,24.48
2020-01-14T17:00+01:00,-6833.82,23664.88,45826.23,75287.94,24.48
2020-01-14T18:00+01:00,-7595.9,22574.24,46237.7,75417.68,24.48
2020-01-14T19:00+01:00,-7724,21133.51,46810.11,73563.24,24.48
2020-01-14T20:00+01:00,-7914.64,20244.23,47090.36,69676.21,24.48
2020-01-14T21:00+01:00,-7962.05,18920.2,46872.86,65966.04,24.48
2020-01-14T22:00+01:00,-8467.76,17390.68,45611.27,62313.56,24.48
2020-01-14T23:00+01:00,-9641.03,16133.04,46035.52,58373.09,24.48
2020-01-15T00:00+01:00,-8894.12,14564.55,45508.89,55373.38,24.48
2020-01-15T01:00+01:00,-10853.18,14442.41,44787.12,52813.27,24.48
2020-01-15T02:00+01:00,-10434.81,14018.83,44138.24,52233.35,24.48
2020-01-15T03:00+01:00,-9781.2,14256.68,43258.36,52418.17,24.48
2020-01-15T04:00+01:00,-8292.2,14800.67,43182.43,54278.33,24.48
2020-01-15T05:00+01:00,-6574.97,15296.96,43245.83,57696.74,24.48
2020-01-15T06:00+01:00,-5282.09,18417.28,44395.43,65360.87,24.48
2020-01-15T07:00+01:00,-3844.1,21853.95,44060.2,71927.14,24.48
2020-01-15T08:00+01:00,-5309.49,22277.71,43750.11,73864.42,24.48
2020-01-15T09:00+01:00,-7292.95,22278.68,45909.89,73044.56,24.48
2020-01-15T10:00+01:00,-7156.86,21414.52,49951.02,73641.5,24.48
2020-01-15T11:00+01:00,-9107.92,20269.61,52693.4,73803.82,24.48
2020-01-15T12:00+01:00,-9095.6,20078.81,52782.62,72253.79,24.48
2020-01-15T13:00+01:00,-8251.66,20362.18,51589.89,71463.64,24.48
2020-01-15T14:00+01:00,-7447.41,21454.65,48638.16,70151.68,24.48
2020-01-15T15:00+01:00,-7034.36,23168.43,44187.5,70538.77,24.48
2020-01-15T16:00+01:00,-5843.16,23322.68,42044.31,71166.53,24.48
2020-01-15T17:00+01:00,-5390.52,24258.35,42813.34,74685.85,24.48
2020-01-15T18:00+01:00,-6937.8,24390.65,43565.09,74265.38,24.48
2020-01-15T19:00+01:00,-7048.79,23988.8,43731.62,72641.36,24.48
2020-01-15T20:00+01:00,-6854.35,22421.74,43622.85,68181.07,24.48
2020-01-15T21:00+01:00,-6596.05,21019.48,42433.9,65052.54,24.48
2020-01-15T22:00+01:00,-7372.57,20710.16,40118.91,61614.58,24.48
2020-01-15T23:00+01:00,-8952.44,20058.87,37904.36,57168.97,24.48
2020-01-16T00:00+01:00,-7640.07,20464.85,35114.41,53609,24.48
2020-01-16T01:00+01:00,-7048.76,21107.67,32365.18,51123.84,24.48
2020-01-16T02:00+01:00,-5102.88,20924.04,30497.18,50438.64,24.48
2020-01-16T03:00+01:00,-2990.59,21519.21,28727.82,50285.32,24.48
2020-01-16T04:00+01:00,-2085.81,23041.29,27220.76,52236.13,24.48
2020-01-16T05:00+01:00,-1429.46,25513.21,26009.58,55769.24,24.48
2020-01-16T06:00+01:00,748.21,28929.88,25494.02,63128.93,24.48
2020-01-16T07:00+01:00,817.34,32026.4,24738.59,70335.76,24.48
2020-01-16T08:00+01:00,-2142.24,33726.98,24672.44,72177.18,24.48
2020-01-16T09:00+01:00,-2877.25,33989.88,25643.22,71266.44,24.48
2020-01-16T10:00+01:00,-3302.27,33791.99,27739.98,71238.83,24.48
2020-01-16T11:00+01:00,-599.79,32112.07,29277.27,71456.99,24.48
2020-01-16T12:00+01:00,-192.89,30208.68,30272.98,70426.92,24.48
2020-01-16T13:00+01:00,-420.51,29439.86,29355.86,69588.7,24.48
2020-01-16T14:00+01:00,103.32,30222.71,25982.11,68132.64,24.48
2020-01-16T15:00+01:00,2171.83,31427.7,21736.82,67619.6,24.48
2020-01-16T16:00+01:00,3374.1,32367.8,21117.13,68447.66,24.48
2020-01-16T17:00+01:00,50.47,32751.78,25729.4,72851.88,24.48
2020-01-16T18:00+01:00,-3763.27,32365.62,30415.31,73670.45,24.48
2020-01-16T19:00+01:00,-6366.92,31413.51,33372.74,71911.42,24.48
2020-01-16T20:00+01:00,-5791.77,29056.33,34694.86,67834.04,24.48
2020-01-16T21:00+01:00,-4786.71,25363.51,35074.47,64014.13,24.48
2020-01-16T22:00+01:00,-5721.2,24186.92,34312.41,60652.2,24.48
2020-01-16T23:00+01:00,-5973.94,22833.78,34875.42,56966.4,24.48
2020-01-17T00:00+01:00,-5065.48,21334.83,35202.29,54446.84,24.48
2020-01-17T01:00+01:00,-5137.93,20216.65,34852.9,52766.15,24.48
2020-01-17T02:00+01:00,-4697.2,19468.16,34333.1,51530.92,24.48
2020-01-17T03:00+01:00,-3323.52,19858.79,33945.17,51712.77,24.48
2020-01-17T04:00+01:00,-1637.55,20216.88,33010.08,53280.72,24.48
2020-01-17T05:00+01:00,-2022.6,23751.53,32583.25,56599.53,24.48
2020-01-17T06:00+01:00,-3015.98,27663.43,33197.23,64021.21,24.48
2020-01-17T07:00+01:00,-3838.44,31597.87,33269.56,70699.03,24.48
2020-01-17T08:00+01:00,-5486.48,32407.55,33777.19,72963.02,24.48
2020-01-17T09:00+01:00,-7681.84,31937.53,36123.16,72613.34,24.48
2020-01-17T10:00+01:00,-7731.61,31183.06,38224.99,72388.42,24.48
2020-01-17T11:00+01:00,-7672.27,31468.27,37952.32,71997.05,24.88
2020-01-17T12:00+01:00,-7491.32,31653.56,36206.13,70893.29,25.01
2020-01-17T13:00+01:00,-6234.68,31653.28,33792.97,69650.95,25.01
2020-01-17T14:00+01:00,-4435.39,31356.51,30210.39,68562.97,25.01
2020-01-17T15:00+01:00,-2359.74,31663.92,26997.67,67977.44,25.01
2020-01-17T16:00+01:00,-2909.53,31963.18,26356.09,68807.95,25.01
2020-01-17T17:00+01:00,-3809.38,32098.98,27907.83,71154.6,25.01
2020-01-17T18:00+01:00,-6139.16,32312.64,29544.78,70832.59,25.01
2020-01-17T19:00+01:00,-5788.37,31381.08,31476.9,69014.5,25.01
2020-01-17T20:00+01:00,-6140.08,28144.03,33215.52,65099.56,25.01
2020-01-17T21:00+01:00,-7264.29,25646.4,35122.56,62760.12,25.01
2020-01-17T22:00+01:00,-8104.43,23558.48,35334,59548.98,25.01
2020-01-17T23:00+01:00,-9681.49,21819.43,35741.12,56100.54,25.01
2020-01-18T00:00+01:00,-9447.44,19122.02,35765.91,53006.93,25.01
2020-01-18T01:00+01:00,-9920.4,19095.94,35496.84,50956.95,25.01
2020-01-18T02:00+01:00,-8719.68,18565.29,35449.99,49736.68,25.01
2020-01-18T03:00+01:00,-9071.99,18890.21,34944.52,49645.98,25.01
2020-01-18T04:00+01:00,-8632.23,19643.23,34053.04,49055.82,25.01
2020-01-18T05:00+01:00,-8666.22,20219.99,33080.57,49266.72,25.01
2020-01-18T06:00+01:00,-7942.5,20708.23,32778.1,49870.86,25.01
2020-01-18T07:00+01:00,-9729.45,23398.33,32203.86,53317.07,25.01
2020-01-18T08:00+01:00,-8569.78,24917.1,31733.67,57013.48,25.01
2020-01-18T09:00+01:00,-9588.72,26799.71,32774.26,59757.74,25.01
2020-01-18T10:00+01:00,-10772.8,27387.17,33626.05,61206.32,25.01
2020-01-18T11:00+01:00,-9645.13,26848.46,35492.56,62517.4,25.01
2020-01-18T12:00+01:00,-10099.36,26438.98,35677.63,62066.94,25.01
2020-01-18T13:00+01:00,-9794.34,26590.38,33856.09,60613.99,25.01
2020-01-18T14:00+01:00,-7765.61,26253.59,30181.99,58995.83,25.01
2020-01-18T15:00+01:00,-5048.92,26269.09,26269.65,57962.45,25.01
2020-01-18T16:00+01:00,-3144.11,27021.86,23853.63,58455.52,25.01
2020-01-18T17:00+01:00,-3471.04,27358.45,23858.68,61849.48,25.01
2020-01-18T18:00+01:00,-4880.19,28194.05,24664.62,62240.24,25.01
2020-01-18T19:00+01:00,-4210.27,27539.53,24385.21,60315.56,25.01
2020-01-18T20:00+01:00,-7354.88,27431.88,23762.68,56878.42,25.01
2020-01-18T21:00+01:00,-6094.62,27099.66,23223.28,54394.89,25.01
2020-01-18T22:00+01:00,-6717.72,27032.58,22570.64,53480.35,25.01
2020-01-18T23:00+01:00,-7060.18,26226.19,22268.93,50587.88,25.01
2020-01-19T00:00+01:00,-6758.74,24650.8,21530.08,47770.44,25.01
2020-01-19T01:00+01:00,-4409.12,23278.39,21278.47,45999.24,25.01
2020-01-19T02:00+01:00,-3426.63,22831.28,21082.82,44900.99,25.01
2020-01-19T03:00+01:00,-3958.11,22512.8,20722.97,44303.69,25.01
2020-01-19T04:00+01:00,-3169.38,22095.97,20730.03,44550.13,25.01
2020-01-19T05:00+01:00,-3922.87,22543.45,20659.27,44085.35,25.01
2020-01-19T06:00+01:00,-4433.26,22887.26,20591.6,43862.62,25.01
2020-01-19T07:00+01:00,-3854.91,23442.31,20337.32,45676.97,25.01
2020-01-19T08:00+01:00,-4689.55,25011.39,20555.95,48612.95,25.01
2020-01-19T09:00+01:00,-4813.89,26383.57,21524.96,51861.94,25.01
2020-01-19T10:00+01:00,-5456.63,26674.24,22810.19,54241.52,25.01
2020-01-19T11:00+01:00,-3358.11,26569.72,23092.64,56448.46,25.01
2020-01-19T12:00+01:00,-4334.61,26596.63,23423.95,56618.02,25.01
2020-01-19T13:00+01:00,-3002.16,25801.78,23575.08,55005.16,25.01
2020-01-19T14:00+01:00,-3028.34,25567.33,22344.09,53147.5,25.01
2020-01-19T15:00+01:00,-2352.16,26308.22,19847.46,52509.51,25.01
2020-01-19T16:00+01:00,-1455.73,27354.05,18678.25,53402.41,25.01
2020-01-19T17:00+01:00,-25.62,28454.13,19227.89,57503.73,25.01
2020-01-19T18:00+01:00,-1197.98,29131.07,19336.27,58927.74,25.01
2020-01-19T19:00+01:00,-859,29116.29,18228.9,57748.05,25.01
2020-01-19T20:00+01:00,-903.62,29028.68,17012.44,55148.76,25.01
2020-01-19T21:00+01:00,-396.76,28597.25,15847.44,53541.24,25.01
2020-01-19T22:00+01:00,590.86,28555.82,15176.39,53171.04,25.01
2020-01-19T23:00+01:00,-850.54,27979.4,14376.62,50199.55,25.01
2020-01-20T00:00+01:00,-1431.37,27753.42,13614.16,47758.28,25.01
2020-01-20T01:00+01:00,-1503.81,27956.37,12740.85,46537.09,25.01
2020-01-20T02:00+01:00,-727.93,28166.09,12301.27,45828.35,25.01
2020-01-20T03:00+01:00,1213.53,27773.74,12440.73,46461.16,25.01
2020-01-20T04:00+01:00,1223.16,29152.53,12726.52,48420.6,25.01
2020-01-20T05:00+01:00,-1872.26,34090.05,13006.21,52477.24,25.01
2020-01-20T06:00+01:00,-1990.37,39603.16,13529.55,61333.23,25.01
2020-01-20T07:00+01:00,-2453.92,42929,13954.94,68298.54,25.01
2020-01-20T08:00+01:00,-1371.82,44466.09,14075.28,70975.58,25.01
2020-01-20T09:00+01:00,-3731.53,44752.23,16345.4,71060.74,25.01
2020-01-20T10:00+01:00,-4924.66,45184.58,19416.67,71698.65,25.01
2020-01-20T11:00+01:00,-3851.69,44886.27,21268.54,72174.98,25.01
2020-01-20T12:00+01:00,-7380.54,44947,22674.76,71797.14,25.01
2020-01-20T13:00+01:00,-5521.2,44153.52,22699.5,71546.56,25.01
2020-01-20T14:00+01:00,-5190.01,44289.99,21557.73,70271.37,25.01
2020-01-20T15:00+01:00,-4629.36,44841.35,19551.69,69851.32,25.01
2020-01-20T16:00+01:00,-3252.26,44517.7,18126.09,70024.86,25.01
2020-01-20T17:00+01:00,-4460.85,45460.02,19543.07,73219.92,25.01
2020-01-20T18:00+01:00,-6289.8,45938.71,20910.55,73765.46,25.01
2020-01-20T19:00+01:00,-6932.76,45062.74,22009.48,72015.82,25.01
2020-01-20T20:00+01:00,-7374.47,42589.9,22601.72,68151.24,25.01
2020-01-20T21:00+01:00,-7425.31,40435.51,23010.17,64857.62,25.01
2020-01-20T22:00+01:00,-7260.6,37581.72,23438.24,62007.61,25.01
2020-01-20T23:00+01:00,-6934.16,34358.38,23468.96,58473.29,25.01
2020-01-21T00:00+01:00,-6559.78,32624.36,24245.08,55554.14,25.01
2020-01-21T01:00+01:00,-6091.08,30142.54,25004.77,53925.62,25.01
2020-01-21T02:00+01:00,-6487.17,29859.59,25166.79,53327.78,25.01
2020-01-21T03:00+01:00,-6068.14,30234.81,25222.47,53419.98,25.01
2020-01-21T04:00+01:00,-5734.05,30952.12,25955.63,55060.42,25.01
2020-01-21T05:00+01:00,-6008.03,33789.34,25767.83,58322.7,25.01
2020-01-21T06:00+01:00,-8723.03,39137.69,26408.55,65617.89,25.01
2020-01-21T07:00+01:00,-7899.96,42292.09,26776.18,72111.44,25.01
2020-01-21T08:00+01:00,-8650.18,42873.52,26583.88,74123.58,25.01
2020-01-21T09:00+01:00,-9373.12,42962.26,28191.02,73533.89,25.01
2020-01-21T10:00+01:00,-9417.36,41982.56,30365.35,73313.6,25.01
2020-01-21T11:00+01:00,-9297.4,41164.74,31508.08,73398.32,25.01
2020-01-21T12:00+01:00,-9827.59,40741.6,31192.13,72410.76,25.01
2020-01-21T13:00+01:00,-9956.18,41820.44,29800.03,71591.06,25.01
2020-01-21T14:00+01:00,-8508.05,42639.75,27069.51,70530.49,25.01
2020-01-21T15:00+01:00,-7358.65,43849.86,22930.58,70131.93,25.01
2020-01-21T16:00+01:00,-7656,45145.04,19931.4,70310.46,25.01
2020-01-21T17:00+01:00,-6603.83,46231.5,20586,74149.5,25.01
2020-01-21T18:00+01:00,-7391.29,46736.26,21810.55,74830.08,25.01
2020-01-21T19:00+01:00,-7362.88,45663.63,22153.27,72917.01,25.01
2020-01-21T20:00+01:00,-8351.64,44457.23,21910.21,69078.76,25.01
2020-01-21T21:00+01:00,-7295.84,42217.45,21509.17,65646.47,25.01
2020-01-21T22:00+01:00,-7436.73,39746.74,21506.37,62810.22,25.01
2020-01-21T23:00+01:00,-6391.08,36362.24,22260.78,59281.3,25.01
2020-01-22T00:00+01:00,-7821.5,34934.89,22388.84,56719.36,25.01
2020-01-22T01:00+01:00,-7427.08,34380.65,22151.32,54995.65,25.01
2020-01-22T02:00+01:00,-6482.53,33159.37,22182.71,53755.36,25.01
2020-01-22T03:00+01:00,-6084.24,33365.78,21693.47,53784.66,25.01
2020-01-22T04:00+01:00,-6029.49,33988.12,22021.59,55022.7,25.01
2020-01-22T05:00+01:00,-7195.33,36623.88,22040.11,58040.6,25.01
2020-01-22T06:00+01:00,-7257.15,41047.29,22035.88,65695.25,25.01
2020-01-22T07:00+01:00,-7696.79,44521.6,21697.47,71511.66,25.01
2020-01-22T08:00+01:00,-7821.46,45728.13,21702.36,73829.18,25.01
2020-01-22T09:00+01:00,-7719.66,45915.57,21757.19,73896.83,25.01
2020-01-22T10:00+01:00,-7631.47,46177.42,21956.54,74103.2,25.01
2020-01-22T11:00+01:00,-6949.22,46112.84,22367.37,74441.05,25.01
2020-01-22T12:00+01:00,-6543.39,46720.22,22132.34,74220.57,25.01
2020-01-22T13:00+01:00,-6073.26,47459.71,21174.27,73587.77,25.01
2020-01-22T14:00+01:00,-5891.68,47511.74,19503.79,72577.89,25.01
2020-01-22T15:00+01:00,-5155.49,47807.97,16919.13,71723.6,25.01
2020-01-22T16:00+01:00,-4208.78,48179.84,14767.21,71228.29,25.01
2020-01-22T17:00+01:00,-2989.51,48771.16,13675.35,73532.14,25.01
2020-01-22T18:00+01:00,-3463.33,48777.31,12901.94,73282.21,25.01
2020-01-22T19:00+01:00,-2085.11,47814.44,12166.18,71340.95,25.01
2020-01-22T20:00+01:00,-2735.65,46423.73,11597.2,67574.32,25.01
2020-01-22T21:00+01:00,-2763.66,45418.95,11133.13,63976.44,25.01
2020-01-22T22:00+01:00,-3210.15,44850.01,10444.32,61167.03,25.01
2020-01-22T23:00+01:00,-4470.51,43595.71,9745.54,57354.36,25.01
2020-01-23T00:00+01:00,-3834.02,42227.92,9353.03,54532.96,25.01
2020-01-23T01:00+01:00,-3034.34,40970.09,9050.39,52673.16,25.01
2020-01-23T02:00+01:00,-2297.9,39820.24,9117.61,51575.44,25.01
2020-01-23T03:00+01:00,-956.3,38756.66,9545.1,52090.34,25.01
2020-01-23T04:00+01:00,-2109.64,39946.19,9983.59,53393.9,25.01
2020-01-23T05:00+01:00,-2865.13,42675.38,10313.1,56911.74,25.01
2020-01-23T06:00+01:00,-2742.58,45291.77,10815.91,65181.47,25.01
2020-01-23T07:00+01:00,-2460.42,46807.45,11261.39,70865.8,25.01
2020-01-23T08:00+01:00,-2337.78,47546.18,11430.97,73005.74,25.01
2020-01-23T09:00+01:00,-2078.64,47689.84,12714.98,73172.49,25.01
2020-01-23T10:00+01:00,-1323.71,47785.31,14157.19,73949.57,25.01
2020-01-23T11:00+01:00,-2640.17,47553.87,15947.39,74214.04,25.01
2020-01-23T12:00+01:00,-1620.15,47211.55,17394.09,73919.69,25.01
2020-01-23T13:00+01:00,-2714.87,46935.22,18149.39,73136.86,25.01
2020-01-23T14:00+01:00,-4017.73,46763.13,17311.81,71867.62,25.01
2020-01-23T15:00+01:00,-3286.02,47238.17,15443.42,71228.68,25.01
2020-01-23T16:00+01:00,-2851.87,47512.86,13767.01,71321.5,25.01
2020-01-23T17:00+01:00,-2909.68,47850.58,13566.26,74166.7,25.01
2020-01-23T18:00+01:00,-3355.23,47981.22,13825.6,74376.38,25.01
2020-01-23T19:00+01:00,-3598.11,47690.69,13465.88,72485.74,25.01
2020-01-23T20:00+01:00,-4559.66,46691.97,13165.86,68495.97,25.01
2020-01-23T21:00+01:00,-4756.09,45680.56,12996.8,64909.92,25.01
2020-01-23T22:00+01:00,-4326.43,43921.07,12843.9,61843.62,25.01
2020-01-23T23:00+01:00,-5056.02,42579.95,12929.56,58563.27,25.01
2020-01-24T00:00+01:00,-4989.24,40996.63,13202.56,55613.13,25.01
2020-01-24T01:00+01:00,-4544.06,39730.5,13221.95,53836.8,25.01
2020-01-24T02:00+01:00,-3815.42,38205.62,13333.32,52918.34,25.01
2020-01-24T03:00+01:00,-3210.71,37692.36,13698.69,53209.48,25.01
2020-01-24T04:00+01:00,-3525.14,38473.47,14224.48,54431.98,25.01
2020-01-24T05:00+01:00,-4700.56,41241.15,14929.75,57604.27,25.01
2020-01-24T06:00+01:00,-5510.95,45086.43,15649.86,65246.45,25.01
2020-01-24T07:00+01:00,-3840.69,46977.06,16055.17,71009.74,25.01
2020-01-24T08:00+01:00,-5521.5,47618.69,16378.18,73355.19,25.01
2020-01-24T09:00+01:00,-6836.96,47381.71,18236.54,73592.25,25.01
2020-01-24T10:00+01:00,-6855.06,47352.22,20647.48,74017.95,25.01
2020-01-24T11:00+01:00,-8051.68,47288.96,22781.18,74065.89,24.61
2020-01-24T12:00+01:00,-8653.39,46997.15,24513.72,73073.47,24.48
2020-01-24T13:00+01:00,-8668.69,46548.1,24822.56,71616.1,24.48
2020-01-24T14:00+01:00,-9135.12,46638.24,23080.01,70177.16,24.48
2020-01-24T15:00+01:00,-8023.67,47215.32,19789.59,69108.96,24.48
2020-01-24T16:00+01:00,-6264.08,47746.89,17201.12,69096.25,24.48
2020-01-24T17:00+01:00,-5648.07,47967.05,16717.32,71885.95,24.48
2020-01-24T18:00+01:00,-5158.16,47777.62,16764.26,71961.66,24.48
2020-01-24T19:00+01:00,-6610.34,47084.26,17068.88,69759.55,24.48
2020-01-24T20:00+01:00,-6958.47,45409.81,16868.15,65485.95,24.48
2020-01-24T21:00+01:00,-5995.87,42532.27,17059.91,62057.8,24.48
2020-01-24T22:00+01:00,-6565.62,40346.37,17048.89,59828.9,24.48
2020-01-24T23:00+01:00,-6242.54,37672.5,16913.33,56498.26,24.48
2020-01-25T00:00+01:00,-7310.54,35713.73,16668.32,53477.05,24.48
2020-01-25T01:00+01:00,-7572.4,34847.03,16241.88,51429.84,24.48
2020-01-25T02:00+01:00,-6853.94,34622.44,15899.09,50503.47,24.48
2020-01-25T03:00+01:00,-5358.19,34421.18,15570.79,50175.45,24.48
2020-01-25T04:00+01:00,-4515.91,33941.88,15070.04,50036.46,24.48
2020-01-25T05:00+01:00,-4435.84,34060.63,14391.66,49593.25,24.48
2020-01-25T06:00+01:00,-6530.86,34782.64,14425.36,50540.53,24.48
2020-01-25T07:00+01:00,-6485.4,36596.02,14353.28,53694.94,24.48
2020-01-25T08:00+01:00,-5798.74,38387.6,14533.12,57400.44,24.48
2020-01-25T09:00+01:00,-5749.57,38442.67,15804.15,60565.52,24.48
2020-01-25T10:00+01:00,-6546.63,38135.24,17447.49,62120.35,24.48
2020-01-25T11:00+01:00,-6026.18,38054.6,18930.24,62975.72,24.48
2020-01-25T12:00+01:00,-6249.9,37853.85,19469.29,62406.49,24.48
2020-01-25T13:00+01:00,-6922.85,37668.22,19066.21,60650.6,24.48
2020-01-25T14:00+01:00,-6832.97,37963.21,17614.16,59173.9,24.48
2020-01-25T15:00+01:00,-4960.24,38100.82,15592.53,58627.21,24.48
2020-01-25T16:00+01:00,-3720.02,38839.56,14064.21,59322.12,24.48
2020-01-25T17:00+01:00,-2418.19,39150.12,13767.18,62628.83,24.48
2020-01-25T18:00+01:00,-3775.64,39092.21,14059.44,63180.7,24.48
2020-01-25T19:00+01:00,-4789.39,39030.47,14250.35,60827.43,24.48
2020-01-25T20:00+01:00,-5587.15,38584.25,14463.83,57534.52,24.48
2020-01-25T21:00+01:00,-6465.58,37960.14,14615.8,55214.4,24.48
2020-01-25T22:00+01:00,-6636.03,36911.11,14644.91,54149.56,24.48
2020-01-25T23:00+01:00,-7414.54,35206.44,14658.82,51409.92,24.48
2020-01-26T00:00+01:00,-4833.3,29965.43,14522.91,48311.24,24.48
2020-01-26T01:00+01:00,-4004.91,27825.73,14308.6,46253.61,24.48
2020-01-26T02:00+01:00,-3081.31,26492.82,13890.21,44968.53,24.48
2020-01-26T03:00+01:00,-247.56,24339.54,13879.82,44748.09,24.48
2020-01-26T04:00+01:00,-350.29,24435.08,13721.1,44630.59,24.48
2020-01-26T05:00+01:00,-1041.57,25089.53,13921.78,44313.87,24.48
2020-01-26T06:00+01:00,-2083.11,25372.79,13926.74,43774.9,24.48
2020-01-26T07:00+01:00,-3008.89,26347.25,14472.72,45877.31,24.48
2020-01-26T08:00+01:00,-3036.48,28384.41,15080.52,48705.48,24.48
2020-01-26T09:00+01:00,-4091.49,29194.3,17077.05,52263.71,24.48
2020-01-26T10:00+01:00,-3218.27,29226.28,19371.36,54711.22,24.48
2020-01-26T11:00+01:00,-2523.98,28754.95,21521.61,56640.95,24.48
2020-01-26T12:00+01:00,-4073.91,28769.7,22346.55,56254.92,24.48
2020-01-26T13:00+01:00,-4592.28,28112.14,21661.1,54200.04,24.48
2020-01-26T14:00+01:00,-3615.48,28207.67,19833.94,52534.08,24.48
2020-01-26T15:00+01:00,-1579.32,28569.38,17449.18,51840.09,24.48
2020-01-26T16:00+01:00,-1575.57,28847.12,15979.49,52756.97,24.48
2020-01-26T17:00+01:00,-691.72,29129.98,17258.27,57269.78,24.48
2020-01-26T18:00+01:00,-3017,29689.86,19318.46,59033.63,24.48
2020-01-26T19:00+01:00,-4724.4,29944.18,20777.38,57878.09,24.48
2020-01-26T20:00+01:00,-5593.82,28346.66,22609.08,55872.66,24.48
2020-01-26T21:00+01:00,-4932.34,26073.87,23978.58,54463.01,24.48
2020-01-26T22:00+01:00,-5882.63,25992.26,24537.41,54564.81,24.48
2020-01-26T23:00+01:00,-6265.71,24216.82,25502.25,51958.82,24.48
2020-01-27T00:00+01:00,-6846.17,23364.31,27053.26,49743.61,24.48
2020-01-27T01:00+01:00,-6426.2,22480.86,28101.93,48460.24,24.48
2020-01-27T02:00+01:00,-6257.5,21288.89,29085.59,47943.72,24.48
2020-01-27T03:00+01:00,-6123.21,20854.7,30468.33,48215,24.48
2020-01-27T04:00+01:00,-5206.98,20791.84,31530.97,50130.7,24.48
2020-01-27T05:00+01:00,-5692.44,23166.2,32459.45,54801.94,24.48
2020-01-27T06:00+01:00,-6595.74,27690.43,33531.01,63320.03,24.48
2020-01-27T07:00+01:00,-6078.34,31000.67,34009.42,69876.48,24.48
2020-01-27T08:00+01:00,-7211.18,32205.02,34454.18,72427.51,24.48
2020-01-27T09:00+01:00,-7694.11,31506.59,36236.48,72555.2,24.48
2020-01-27T10:00+01:00,-7146.63,31458.6,38016.22,73300.04,24.48
2020-01-27T11:00+01:00,-6438.08,31459.85,38837.54,73773.38,24.48
2020-01-27T12:00+01:00,-5907.23,30654.97,38398.13,73439.36,24.48
2020-01-27T13:00+01:00,-5527.12,31597.27,35926.85,72638.38,24.48
2020-01-27T14:00+01:00,-4703.85,32807.79,32641.92,71387.12,24.48
2020-01-27T15:00+01:00,-2496.42,33352.46,29262.95,70649.62,24.48
2020-01-27T16:00+01:00,-2800.46,33713.11,27485.34,70467.86,24.48
2020-01-27T17:00+01:00,-3098.57,34387.5,27791.24,72986.26,24.48
2020-01-27T18:00+01:00,-3698.17,34260.03,27803.41,72847.92,24.48
2020-01-27T19:00+01:00,-3384.8,32760.48,28457.33,70788.54,24.48
2020-01-27T20:00+01:00,-5360.23,30816.62,28760.77,66826.54,24.48
2020-01-27T21:00+01:00,-3088.32,28111.78,29347.71,63210.54,24.48
2020-01-27T22:00+01:00,-2962.72,25094.99,30359.94,60770.56,24.48
2020-01-27T23:00+01:00,-5567.06,21761.88,31891.07,56901.26,24.48
2020-01-28T00:00+01:00,-5652.91,18096.47,33605.76,53257.32,24.48
2020-01-28T01:00+01:00,-6435.1,16805.56,35858.92,51929.87,24.48
2020-01-28T02:00+01:00,-6816.06,16181.93,37594.32,51351.68,24.48
2020-01-28T03:00+01:00,-5896.51,15674.93,38087.13,52185.29,24.48
2020-01-28T04:00+01:00,-5549.93,15788.46,39311.38,53918.86,24.48
2020-01-28T05:00+01:00,-5467.47,17296.52,39799.07,57856.92,24.48
2020-01-28T06:00+01:00,-4949.44,20485.9,39715.97,65043.02,24.48
2020-01-28T07:00+01:00,-4322.32,22775.7,39154.42,71136.07,24.48
2020-01-28T08:00+01:00,-2105.15,23535.77,38443.92,73412.31,24.48
2020-01-28T09:00+01:00,-3462.21,23805.37,37839.42,73811.53,24.48
2020-01-28T10:00+01:00,-3348.24,23867.05,37949.03,74502.41,24.48
2020-01-28T11:00+01:00,-1218.74,24058.84,39512.16,74959.72,24.48
2020-01-28T12:00+01:00,-2359.08,24253.06,41906.81,74349.2,24.48
2020-01-28T13:00+01:00,-3347.61,23652.4,43983.5,74141.7,24.48
2020-01-28T14:00+01:00,-4122.53,22145.42,46497.19,73946.36,24.48
2020-01-28T15:00+01:00,-5023.2,21586.02,46842.98,73502.57,24.48
2020-01-28T16:00+01:00,-6542.38,22387.6,46645.92,72718.98,24.48
2020-01-28T17:00+01:00,-5609.38,22899.07,46940.65,75398.75,24.48
2020-01-28T18:00+01:00,-7073.64,23060.07,47496.63,75324.05,24.48
2020-01-28T19:00+01:00,-6661.77,21717.6,48486.34,73872.31,24.48
2020-01-28T20:00+01:00,-7760.57,19383.84,48148.97,69872.57,24.48
2020-01-28T21:00+01:00,-7620.22,18177.66,46694.89,65893.55,24.48
2020-01-28T22:00+01:00,-7675.42,17543.51,43576.54,62990.96,24.48
2020-01-28T23:00+01:00,-7776.02,16820.08,42086.48,59077.12,24.48
2020-01-29T00:00+01:00,-7434.92,15852.04,41354.3,56728.11,24.48
2020-01-29T01:00+01:00,-6625.99,15466.31,40486.39,54444.87,24.48
2020-01-29T02:00+01:00,-6850.72,15386.25,40157.65,53616.92,24.48
2020-01-29T03:00+01:00,-6796.6,15343.68,40397.8,54009.57,24.48
2020-01-29T04:00+01:00,-5861.17,15607.66,40965.33,55655.44,24.48
2020-01-29T05:00+01:00,-6145.34,17005.43,41939.29,59425.4,24.48
2020-01-29T06:00+01:00,-5533.76,19356.3,42949.93,67145.24,24.48
2020-01-29T07:00+01:00,-6157.55,21889.48,43697.79,73291.7,24.48
2020-01-29T08:00+01:00,-6732.96,22963.47,44715.18,75510.86,24.48
2020-01-29T09:00+01:00,-6988.14,23740.2,46277.37,76211.13,24.48
2020-01-29T10:00+01:00,-6934.38,24019.75,48104.37,76873.01,24.48
2020-01-29T11:00+01:00,-6711.45,23827.8,49079.08,77509.58,24.48
2020-01-29T12:00+01:00,-6682.9,23480.29,49561.75,77365.36,24.48
2020-01-29T13:00+01:00,-6366.78,23134.68,48942.94,77025.68,24.48
2020-01-29T14:00+01:00,-6064.78,22955.86,47747.36,75884.31,24.48
2020-01-29T15:00+01:00,-5053.82,23058.05,46080.2,74743.62,24.48
2020-01-29T16:00+01:00,-6308.81,24194.24,43604.14,73665.89,24.48
2020-01-29T17:00+01:00,-5892,24514.37,42536.41,76139.56,24.48
2020-01-29T18:00+01:00,-6335.84,24538.54,42684.95,76303.52,24.48
2020-01-29T19:00+01:00,-6999.66,24205.33,42389.91,74467.56,24.48
2020-01-29T20:00+01:00,-6267.72,22786.17,42319.33,70112.97,24.48
2020-01-29T21:00+01:00,-6027.39,21137.82,42150.78,66616.96,24.48
2020-01-29T22:00+01:00,-6144.52,19135.56,40694.67,63654.12,24.48
2020-01-29T23:00+01:00,-6951.74,17462.82,40182.31,59750.62,24.48
2020-01-30T00:00+01:00,-7965.69,16079.41,39736.69,56458.79,24.48
2020-01-30T01:00+01:00,-8293.36,15473.98,40163.04,54816.99,24.48
2020-01-30T02:00+01:00,-8893.16,14882.35,40965.08,54040.75,24.48
2020-01-30T03:00+01:00,-8185.1,14804.81,41396.6,54672.15,24.48
2020-01-30T04:00+01:00,-7942.29,14956.31,42221.13,55821.31,24.48
2020-01-30T05:00+01:00,-7668.41,16663.36,43108.27,59146.74,24.48
2020-01-30T06:00+01:00,-7315.7,20326.63,44468.2,66696.24,24.48
2020-01-30T07:00+01:00,-7202.6,23040.45,44262.69,73021.39,24.48
2020-01-30T08:00+01:00,-7884.89,23642.32,44554.35,74706.02,24.48
2020-01-30T09:00+01:00,-7558.71,23398.68,46156.42,74530.35,24.48
2020-01-30T10:00+01:00,-8064.22,22757.82,48125.29,75019.03,24.48
2020-01-30T11:00+01:00,-8328.57,22428.14,50371.53,75067.77,24.48
2020-01-30T12:00+01:00,-8517.95,20805.4,51151.62,74693.08,24.48
2020-01-30T13:00+01:00,-7808.26,20735.66,48777.9,73786.44,24.48
2020-01-30T14:00+01:00,-7254.98,21746.6,43774.86,72156.16,24.48
2020-01-30T15:00+01:00,-5372.22,23339.99,38893.21,70916.53,24.48
2020-01-30T16:00+01:00,-3791.54,24186.34,35811.03,70775.14,24.48
2020-01-30T17:00+01:00,-4888.15,24819.37,36984.45,73378.52,24.48
2020-01-30T18:00+01:00,-5182.49,24634.8,38787.44,74207.78,24.48
2020-01-30T19:00+01:00,-6106.48,23204.85,41412,73156.95,24.48
2020-01-30T20:00+01:00,-6591.37,19233.02,44598.57,69659.12,24.48
2020-01-30T21:00+01:00,-6684.49,16539.25,46805.24,66091.63,24.48
2020-01-30T22:00+01:00,-9440.66,15120.95,47336.99,63207.19,24.48
2020-01-30T23:00+01:00,-11251.53,13900.15,48373.02,58903.74,24.48
2020-01-31T00:00+01:00,-11213.52,12093.28,49643.08,55910.07,24.48
2020-01-31T01:00+01:00,-11540.24,11949.2,49883.19,53854.44,24.48
2020-01-31T02:00+01:00,-11254.83,11734.68,49744.27,52817.64,24.48
2020-01-31T03:00+01:00,-11387.99,11680.28,49484.54,53089.31,24.48
2020-01-31T04:00+01:00,-9021.2,11973.89,48001.31,54523.1,24.48
2020-01-31T05:00+01:00,-9548.16,13128.84,47811.56,57949.84,24.48
2020-01-31T06:00+01:00,-7052.65,16109.49,47128.65,65680.13,24.48
2020-01-31T07:00+01:00,-6827.08,20278.74,45186.43,71263.85,24.48
2020-01-31T08:00+01:00,-6405.45,21239.39,44154.94,73106.56,24.48
2020-01-31T09:00+01:00,-6987.12,20729.39,45213.46,72867.12,24.48
2020-01-31T10:00+01:00,-7426.29,19816.93,47744.17,73783.61,24.48
2020-01-31T11:00+01:00,-7267.37,19185.49,50172.74,74293.05,23.73
2020-01-31T12:00+01:00,-7269.05,17880.77,50889.59,73217.89,23.48
2020-01-31T13:00+01:00,-6739.79,17523.23,49357.86,71660,23.48
2020-01-31T14:00+01:00,-5515.99,18332.92,46124.1,69831.12,23.48
2020-01-31T15:00+01:00,-3832.52,19461.08,42442.78,68770.8,23.48
2020-01-31T16:00+01:00,-2319.45,19731.83,39401.31,68254.1,23.48
2020-01-31T17:00+01:00,-3874.66,20332.4,39863.27,70913.52,23.48
2020-01-31T18:00+01:00,-1938.41,19866.02,41037.6,71698.81,23.48
2020-01-31T19:00+01:00,-3382.6,18804.63,42634.33,70215.42,23.48
2020-01-31T20:00+01:00,-4962.29,16457.37,42872.06,65742.9,23.48
2020-01-31T21:00+01:00,-5280.28,14334.25,43402.38,61779.96,23.48
2020-01-31T22:00+01:00,-5822.64,13155.42,42982.15,58877.11,23.48
2020-01-31T23:00+01:00,-7047.56,12106.7,43206.97,55241.94,23.48
2020-02-01T00:00+01:00,-10776.55,11279.86,43840.59,52857.26,23.48
2020-02-01T01:00+01:00,-10667.57,11213.91,43962.56,50613.07,23.48
2020-02-01T02:00+01:00,-10970.64,10982.75,44168.18,49235.88,23.48
2020-02-01T03:00+01:00,-10126.6,10929.54,44250.3,49038.95,23.48
2020-02-01T04:00+01:00,-9537.75,10901.39,44352.67,49357.72,23.48
2020-02-01T05:00+01:00,-9621.06,11049.5,44133.45,49969.65,23.48
2020-02-01T06:00+01:00,-9737.07,10907.94,44533.51,50859.63,23.48
2020-02-01T07:00+01:00,-9883.2,10938.51,43746.8,53682.31,23.48
2020-02-01T08:00+01:00,-9758.08,11303.42,43793.17,57241.32,23.48
2020-02-01T09:00+01:00,-9576.37,11998.08,45581.38,60234.9,23.48
2020-02-01T10:00+01:00,-9374.14,12192.55,47733,61884.82,23.48
2020-02-01T11:00+01:00,-9297.91,12009,48562.35,62965.68,23.48
2020-02-01T12:00+01:00,-9973.46,11783.08,48685.82,62390.95,23.48
2020-02-01T13:00+01:00,-9172.42,11839.48,48319.81,60585.57,23.48
2020-02-01T14:00+01:00,-8706.04,11731.69,47257.72,59337.97,23.48
2020-02-01T15:00+01:00,-9099.21,11636.16,46128.65,59238.83,23.48
2020-02-01T16:00+01:00,-8887.59,11931.42,45907.72,59525.12,23.48
2020-02-01T17:00+01:00,-8265.31,12051.1,46689.26,62857.48,23.48
2020-02-01T18:00+01:00,-8711.06,11846.84,47968.61,64318.35,23.48
2020-02-01T19:00+01:00,-9934.65,11718.56,49020.26,62605.59,23.48
2020-02-01T20:00+01:00,-10039.34,11067.79,50075.75,59184.02,23.48
2020-02-01T21:00+01:00,-10494.38,10805.86,50170.83,56543.18,23.48
2020-02-01T22:00+01:00,-11613.24,11020.57,49275.11,55274.52,23.48
2020-02-01T23:00+01:00,-11588.3,10869.28,46511.39,52677.65,23.48
2020-02-02T00:00+01:00,-11693,10374.64,46019.53,49331.59,23.48
2020-02-02T01:00+01:00,-11739.14,10460.94,44855.08,47359.74,23.48
2020-02-02T02:00+01:00,-11955.78,10576.8,43889.33,46048.67,23.48
2020-02-02T03:00+01:00,-11868.64,10308.44,42820.06,46268.44,23.48
2020-02-02T04:00+01:00,-11922.77,10357.36,42402.54,46950.49,23.48
2020-02-02T05:00+01:00,-11080.58,10449.9,40742.34,46463.73,23.48
2020-02-02T06:00+01:00,-10218.55,10567.89,38453.39,45356.29,23.48
2020-02-02T07:00+01:00,-8924.83,10738.17,37286.43,46583.56,23.48
2020-02-02T08:00+01:00,-6068.83,11744.79,34937.38,49373.14,23.48
2020-02-02T09:00+01:00,-3263.34,12820.06,32942.45,53524.63,23.48
2020-02-02T10:00+01:00,-1505.77,14103.19,31244.53,55981.69,23.48
2020-02-02T11:00+01:00,-6.78,14965.92,29105.02,57717.58,23.48
2020-02-02T12:00+01:00,2074.24,15647.03,26899.22,57421.31,23.48
2020-02-02T13:00+01:00,3459.9,15981.86,24952.92,55539.31,23.48
2020-02-02T14:00+01:00,2510.7,15969.09,23506.56,54014.64,23.48
2020-02-02T15:00+01:00,1521.95,15906.64,23135.96,53180.86,23.48
2020-02-02T16:00+01:00,933.41,16001.57,23299.77,53575.38,23.48
2020-02-02T17:00+01:00,2171.64,16260.99,23744.33,57225.02,23.48
2020-02-02T18:00+01:00,1485.55,16351.79,25171.39,59089.64,23.48
2020-02-02T19:00+01:00,1445.15,16361.75,26040.78,57668.42,23.48
2020-02-02T20:00+01:00,-1732.61,15973.68,27433.35,55307.76,23.48
2020-02-02T21:00+01:00,-2020.93,15431.68,28350.56,53489.49,23.48
2020-02-02T22:00+01:00,-763.01,14984.19,29259.07,53526.16,23.48
2020-02-02T23:00+01:00,-921.59,13365.22,29260.46,51155.48,23.48
2020-02-03T00:00+01:00,-1067.53,12297.5,28407.52,47905.54,23.48
2020-02-03T01:00+01:00,-1838.19,12590.82,29136.07,46447.4,23.48
2020-02-03T02:00+01:00,-1348.45,11976.2,29268.2,46115.16,23.48
2020-02-03T03:00+01:00,-1998.48,12075.67,30907.47,46636.33,23.48
2020-02-03T04:00+01:00,-1188.28,12283.35,32879.57,48440.64,23.48
2020-02-03T05:00+01:00,-575.74,13302.19,34212.41,53110.31,23.48
2020-02-03T06:00+01:00,430.27,15989.25,37004.42,61786.29,23.48
2020-02-03T07:00+01:00,-1352.99,18862.31,37814.62,67954.33,23.48
2020-02-03T08:00+01:00,-2385.5,20936.32,37590.28,70570.64,23.48
2020-02-03T09:00+01:00,-3134.21,21431.18,38647.2,71090.63,23.48
2020-02-03T10:00+01:00,-2882.55,21005.61,41030.12,72300.98,23.48
2020-02-03T11:00+01:00,-1628.09,20501.59,42801.43,73164.39,23.48
2020-02-03T12:00+01:00,-2798.23,19880.61,44040.88,73104.11,23.48
2020-02-03T13:00+01:00,-2746.26,19735.45,44461.71,72253.21,23.48
2020-02-03T14:00+01:00,-1599.15,19741.55,44132.66,72216.87,23.48
2020-02-03T15:00+01:00,-1957.37,20401.82,42771.45,71158.5,23.48
2020-02-03T16:00+01:00,-2033.15,21433.27,40611.65,69730.07,23.48
2020-02-03T17:00+01:00,-1036.54,22248.43,39334.08,72313.12,23.48
2020-02-03T18:00+01:00,-1312.02,22527.81,38431.55,73564.53,23.48
2020-02-03T19:00+01:00,-777.92,22461.22,36579.67,72281.17,23.48
2020-02-03T20:00+01:00,-914.31,22069.35,33241.11,68608.82,23.48
2020-02-03T21:00+01:00,1444.36,21071.29,29992.94,64701.34,23.48
2020-02-03T22:00+01:00,2341.27,20487.97,26868.36,60360.26,23.48
2020-02-03T23:00+01:00,2734.66,19389.96,26155.94,55912.11,23.48
2020-02-04T00:00+01:00,2964.41,17264.29,25774.97,52808.08,23.48
2020-02-04T01:00+01:00,632.84,16683.35,27694.09,51066.7,23.48
2020-02-04T02:00+01:00,-1032.72,15578.67,29726.82,50826.98,23.48
2020-02-04T03:00+01:00,-1947.17,14850.4,31394.84,51942.66,23.48
2020-02-04T04:00+01:00,-1847.65,15323.81,34188.09,54068.43,23.48
2020-02-04T05:00+01:00,-1628.5,16452.43,36689.41,58261.4,23.48
2020-02-04T06:00+01:00,-2230.24,20336.26,38828.64,65863.96,23.48
2020-02-04T07:00+01:00,-2529.88,22606.87,39658.35,71913.24,23.48
2020-02-04T08:00+01:00,-3480.56,23868.55,39965.37,73768.82,23.48
2020-02-04T09:00+01:00,-4149.11,23767.31,41356.82,74116.56,23.48
2020-02-04T10:00+01:00,-5057.35,23745.37,43012.78,75245.67,23.48
2020-02-04T11:00+01:00,-4859.09,23153.42,43591.56,75612.03,23.48
2020-02-04T12:00+01:00,-4236.9,22563.55,44524.61,74987.96,23.48
2020-02-04T13:00+01:00,-2648.12,21613.12,44503.15,74485.76,23.48
2020-02-04T14:00+01:00,-2518.41,21190.08,42849.08,73661.05,23.48
2020-02-04T15:00+01:00,-3112.17,23240.38,39573.09,72886.9,23.48
2020-02-04T16:00+01:00,-2858.88,24260.6,35403.94,71559.37,23.48
2020-02-04T17:00+01:00,-2790.95,24926.47,35728.81,74044.72,23.48
2020-02-04T18:00+01:00,-3161.04,24825.87,37750.06,75605.58,23.48
2020-02-04T19:00+01:00,-4143.98,24346.55,38820.72,74015.89,23.48
2020-02-04T20:00+01:00,-4567.82,22382.37,39323.67,70159.24,23.48
2020-02-04T21:00+01:00,-3901.58,20417.46,40106.18,66738.95,23.48
2020-02-04T22:00+01:00,-4539.17,19553.3,40345.78,63765.23,23.48
2020-02-04T23:00+01:00,-4925.09,18235.49,39519.73,60377.29,23.48
2020-02-05T00:00+01:00,-6935.76,18243.15,39014.58,56863.79,23.48
2020-02-05T01:00+01:00,-6616.44,17853.17,37645.99,54699.98,23.48
2020-02-05T02:00+01:00,-5093.69,17651.83,35681.82,54029.92,23.48
2020-02-05T03:00+01:00,-3874.46,18173.21,33573.03,53743.46,23.48
2020-02-05T04:00+01:00,-2455.73,20567.35,31277.59,54747.69,23.48
2020-02-05T05:00+01:00,-5052.3,25150,28550.19,57900.58,23.48
2020-02-05T06:00+01:00,-1553.54,29794.32,25555.03,64903.73,23.48
2020-02-05T07:00+01:00,965.71,33126.55,22194.75,70307.57,23.48
2020-02-05T08:00+01:00,1035.68,35187.53,21213.33,71814.05,23.48
2020-02-05T09:00+01:00,-801.22,35691.82,22127.62,71558.75,23.48
2020-02-05T10:00+01:00,-1471.46,35762.27,24775.22,71824.94,23.48
2020-02-05T11:00+01:00,-2374.7,35937.79,26666.69,72092.33,23.48
2020-02-05T12:00+01:00,-3853.8,35722.78,28000.1,71427.76,23.48
2020-02-05T13:00+01:00,-3426.86,34759.67,29906.74,71223.64,23.48
2020-02-05T14:00+01:00,-3175.26,34168.89,29276.12,69786.76,23.48
2020-02-05T15:00+01:00,-2412.33,35245.86,25514.46,68673.2,23.48
2020-02-05T16:00+01:00,-615.14,36599.09,20701.46,68253.38,23.48
2020-02-05T17:00+01:00,619.88,37477.03,20137.04,71913.5,23.48
2020-02-05T18:00+01:00,-1798.21,38072.02,22370.55,74321.54,23.48
2020-02-05T19:00+01:00,-2237.54,37350.01,24089.88,72867.59,23.48
2020-02-05T20:00+01:00,-3757.54,35634.45,25491.77,69256.69,23.48
2020-02-05T21:00+01:00,-3830.69,32934.96,26601.25,65729.69,23.48
2020-02-05T22:00+01:00,-4966.7,31470.56,26545.85,63038.79,23.48
2020-02-05T23:00+01:00,-5250.84,29647.34,26608.91,59079.64,23.48
2020-02-06T00:00+01:00,-5238.37,27597.93,26674.15,56212.01,23.48
2020-02-06T01:00+01:00,-4295.95,26385.29,26488.16,54145.14,23.48
2020-02-06T02:00+01:00,-3968.76,25930.6,26409.63,53050.49,23.48
2020-02-06T03:00+01:00,-2641.15,25867.64,26434.63,53436.95,23.48
2020-02-06T04:00+01:00,-2532.79,26669,26646.02,54727.97,23.48
2020-02-06T05:00+01:00,-3655.88,29245.94,26812.1,58577.03,23.48
2020-02-06T06:00+01:00,-5561.73,35094.38,26140.07,65195.65,23.48
2020-02-06T07:00+01:00,-4516.71,40004.23,24316.51,70923.42,23.48
2020-02-06T08:00+01:00,-4982.74,41302.79,23272.71,72750.92,23.48
2020-02-06T09:00+01:00,-5550.1,41255.55,24818.65,72509.07,23.48
2020-02-06T10:00+01:00,-6689.45,40593.17,26495.86,73221.4,23.48
2020-02-06T11:00+01:00,-6990.61,40182.99,27864.28,73645.23,23.48
2020-02-06T12:00+01:00,-6164.65,39297.68,28183.79,73063.22,23.48
2020-02-06T13:00+01:00,-5740.1,38998.8,27856.51,72314.02,23.48
2020-02-06T14:00+01:00,-3180.68,38213.34,26383.21,71480.5,23.48
2020-02-06T15:00+01:00,-2224.15,38658.93,23639.27,70534.57,23.48
2020-02-06T16:00+01:00,-2838.8,40677.02,20255.71,69461.47,23.48
2020-02-06T17:00+01:00,-78.81,41761.93,18347.29,72129.5,23.48
2020-02-06T18:00+01:00,-1843.15,42455.46,18226.87,73940.61,23.48
2020-02-06T19:00+01:00,-1989.01,42058.2,17515.91,72478.09,23.48
2020-02-06T20:00+01:00,-2034.8,41208.03,16533.58,68471.06,23.48
2020-02-06T21:00+01:00,-982.16,39609.4,15600.96,64620.93,23.48
2020-02-06T22:00+01:00,-999.71,37749.09,14398.07,61461.48,23.48
2020-02-06T23:00+01:00,-1597.14,36273.08,13538.35,57109.75,23.48
2020-02-07T00:00+01:00,-1789.17,34519.91,12903.3,53857.78,23.48
2020-02-07T01:00+01:00,-1185.52,33790.96,12606.42,51992.45,23.48
2020-02-07T02:00+01:00,1029.14,32490.75,12112.77,50986.56,23.48
2020-02-07T03:00+01:00,2339.4,32204.42,11477.85,51163.08,23.48
2020-02-07T04:00+01:00,1840.53,33794.76,10901.65,52261.48,23.48
2020-02-07T05:00+01:00,1143.13,36311.41,10893.57,55593.77,23.48
2020-02-07T06:00+01:00,2634.12,39234.09,11038.95,62891.05,23.48
2020-02-07T07:00+01:00,1850.48,41373.78,11511.71,68737.42,23.48
2020-02-07T08:00+01:00,650.74,41640.59,13647.49,70637.93,23.48
2020-02-07T09:00+01:00,837.95,39604.65,18266.87,70598.07,23.48
2020-02-07T10:00+01:00,-3120.75,38824.11,23244.56,71003.08,23.48
2020-02-07T11:00+01:00,-4067.41,37455.26,26882.11,71768.06,23.25
2020-02-07T12:00+01:00,-4026.69,36395.85,27694.47,70885.5,23.17
2020-02-07T13:00+01:00,-4386.87,35424.55,26933.29,69163.45,23.17
2020-02-07T14:00+01:00,-2662.5,34461.42,25492.4,67376.88,23.17
2020-02-07T15:00+01:00,-142.32,34026.47,23045.32,66451.51,23.17
2020-02-07T16:00+01:00,863.02,34643.1,20672.59,66723.58,23.17
2020-02-07T17:00+01:00,-716.43,35813.82,21346.41,69900.39,23.17
2020-02-07T18:00+01:00,-3127.05,36009.27,24643.87,71486.58,23.17
2020-02-07T19:00+01:00,-4728.47,34902.9,26856.23,69421.32,23.17
2020-02-07T20:00+01:00,-2916.43,30716.39,28290.95,65219.2,23.17
2020-02-07T21:00+01:00,-1934.49,26036.46,29470.76,61585.21,23.17
2020-02-07T22:00+01:00,-2663.25,23869.44,29402.34,58836.32,23.17
2020-02-07T23:00+01:00,-4285.18,22708.42,29573.12,55167.98,23.17
2020-02-08T00:00+01:00,-5081.75,20901.44,29386.89,52244.62,23.17
2020-02-08T01:00+01:00,-3759.91,18663.53,29092.31,50983.36,23.17
2020-02-08T02:00+01:00,-3475.14,17924.77,28860.25,49820.16,23.17
2020-02-08T03:00+01:00,-2517.44,17508.93,28459.81,49822.44,23.17
2020-02-08T04:00+01:00,-1662.15,17339.07,28320.45,50054.23,23.17
2020-02-08T05:00+01:00,-3192.31,17372.33,27874.4,50025.96,23.17
2020-02-08T06:00+01:00,-4666.3,17922.78,28364,50001.66,23.17
2020-02-08T07:00+01:00,-3914.62,19206.97,28486.95,52770.84,23.17
2020-02-08T08:00+01:00,-5020.16,20875.38,30672.22,56396.8,23.17
2020-02-08T09:00+01:00,-7013.7,20724.09,34070.35,59709.26,23.17
2020-02-08T10:00+01:00,-7402.59,20255.08,36014.91,60896.63,23.17
2020-02-08T11:00+01:00,-7946.91,20265.58,36997.82,60997.23,23.17
2020-02-08T12:00+01:00,-6643.38,20061.79,36604.21,59998.96,23.17
2020-02-08T13:00+01:00,-6257.94,20009.64,34391.62,57887.16,23.17
2020-02-08T14:00+01:00,-5189.74,20556.62,30604.62,56695.65,23.17
2020-02-08T15:00+01:00,-2632.22,21831.26,25443,56045.97,23.17
2020-02-08T16:00+01:00,-825.11,22673.71,22013.31,56195.02,23.17
2020-02-08T17:00+01:00,-192.24,22867.87,22645.89,60363.74,23.17
2020-02-08T18:00+01:00,-478.62,22826.72,24811.09,62942.98,23.17
2020-02-08T19:00+01:00,-2663.66,22538.49,26395.52,61388.06,23.17
2020-02-08T20:00+01:00,-4422.57,21543.78,28140.78,57636.32,23.17
2020-02-08T21:00+01:00,-5515.85,20252.43,29298.48,55404.57,23.17
2020-02-08T22:00+01:00,-6267.48,18833.3,29303.16,54262.49,23.17
2020-02-08T23:00+01:00,-6302,15940.58,29647.41,51334.96,23.17
2020-02-09T00:00+01:00,-7231.78,13731.7,30541.97,47245.23,23.17
2020-02-09T01:00+01:00,-7511.66,12527.17,31414.74,45123.75,23.17
2020-02-09T02:00+01:00,-8954.91,12147.1,32216.06,44073.19,23.17
2020-02-09T03:00+01:00,-10024.36,12379.77,33909.74,43713.36,23.17
2020-02-09T04:00+01:00,-10783.89,12259.37,35714.34,44559.16,23.17
2020-02-09T05:00+01:00,-12918.95,11723.54,38290.72,45200.47,23.17
2020-02-09T06:00+01:00,-14219.43,11378.61,41128.91,45399.64,23.17
2020-02-09T07:00+01:00,-13556.46,11317.42,43983.36,48051.86,23.17
2020-02-09T08:00+01:00,-13173.4,11228.83,48003.04,51606.14,23.17
2020-02-09T09:00+01:00,-13220.32,11125.06,49783.98,54765.83,23.17
2020-02-09T10:00+01:00,-12818.28,11146.06,52732.26,57293.07,23.17
2020-02-09T11:00+01:00,-12040.52,11077.35,54767.42,59889.11,23.17
2020-02-09T12:00+01:00,-11995.12,10947.31,54847.3,59636.3,23.17
2020-02-09T13:00+01:00,-11927,10944.8,53499.55,57739.31,23.17
2020-02-09T14:00+01:00,-11650.12,11076.61,51268.83,56750.66,23.17
2020-02-09T15:00+01:00,-11201.62,11096,49665.01,56487.75,23.17
2020-02-09T16:00+01:00,-11073.53,11158.22,48225.18,56967.77,23.17
2020-02-09T17:00+01:00,-11431.64,11283.14,49381.47,60572.37,23.17
2020-02-09T18:00+01:00,-11499.84,11225.4,50063.62,62374.74,23.17
2020-02-09T19:00+01:00,-11933.24,11184.55,50311.17,60840.77,23.17
2020-02-09T20:00+01:00,-12244,11197.31,45950.64,58234.84,23.17
2020-02-09T21:00+01:00,-12260.09,11247.49,45336.56,56932.15,23.17
2020-02-09T22:00+01:00,-12124.47,11157.62,44457.05,56381.34,23.17
2020-02-09T23:00+01:00,-11664.11,11146.49,43778.34,53816.93,23.17
2020-02-10T00:00+01:00,-12532.28,10923.63,43527.97,51074.94,23.17
2020-02-10T01:00+01:00,-12220.56,10851.23,43108.23,49745.98,23.17
2020-02-10T02:00+01:00,-12170.38,10831.97,43263.1,48898.76,23.17
2020-02-10T03:00+01:00,-11862.3,10885.61,43688,49751.2,23.17
2020-02-10T04:00+01:00,-11328.66,11055.35,44401.59,51262.92,23.17
2020-02-10T05:00+01:00,-11353.07,11720.6,44939.43,55016.43,23.17
2020-02-10T06:00+01:00,-10771.76,13029.92,48654.69,63177.91,23.17
2020-02-10T07:00+01:00,-8025.59,15323.89,48668.44,69202.03,23.17
2020-02-10T08:00+01:00,-6851.01,16186.79,48797.53,72503.41,23.17
2020-02-10T09:00+01:00,-6740.1,15708.85,50672.99,73996.12,23.17
2020-02-10T10:00+01:00,-7429.6,15398.28,53883.6,75033.95,23.17
2020-02-10T11:00+01:00,-6425.76,15365.93,57462.39,76519.06,23.17
2020-02-10T12:00+01:00,-7423.86,14633.04,58840.52,76450.04,23.17
2020-02-10T13:00+01:00,-8138.32,14940.69,59091.34,75053.86,23.17
2020-02-10T14:00+01:00,-7878.54,15034.19,59265.41,73833.9,23.17
2020-02-10T15:00+01:00,-6983.58,15260.17,55588.4,73125.1,23.17
2020-02-10T16:00+01:00,-6212.06,15475.15,50995.68,72375.83,23.17
2020-02-10T17:00+01:00,-4431.11,16610.38,49069,74252.43,23.17
2020-02-10T18:00+01:00,-4766.24,17821.46,48134.57,75583.57,23.17
2020-02-10T19:00+01:00,-4521.95,17902.65,46815.27,73470.38,23.17
2020-02-10T20:00+01:00,-4179.94,16572.69,46614.2,69274.73,23.17
2020-02-10T21:00+01:00,-5202.74,14875.6,46264.69,66102.69,23.17
2020-02-10T22:00+01:00,-7173.25,13521.87,45258.01,63078.7,23.17
2020-02-10T23:00+01:00,-10002.46,12564.08,46679.28,59102.08,23.17
2020-02-11T00:00+01:00,-11665.84,11711.62,47389.24,56650.91,23.17
2020-02-11T01:00+01:00,-13890.4,11775.53,48553.35,54927.76,23.17
2020-02-11T02:00+01:00,-13825.9,11562.73,49567.16,54551.54,23.17
2020-02-11T03:00+01:00,-12814.94,11635.11,50312.39,55293.96,23.17
2020-02-11T04:00+01:00,-12096.92,11791.12,50222.41,56605.15,23.17
2020-02-11T05:00+01:00,-11411.46,12561.69,50129.52,59980.45,23.17
2020-02-11T06:00+01:00,-8618.81,14458.91,51875.04,67504.07,23.17
2020-02-11T07:00+01:00,-5977.75,16014.85,51672.07,73282.58,23.17
2020-02-11T08:00+01:00,-6655.58,16811.07,52136.54,75209.75,23.17
2020-02-11T09:00+01:00,-7405.03,16849.18,54239.78,75914.2,23.17
2020-02-11T10:00+01:00,-8028.02,16648.75,56681.71,76246.73,23.17
2020-02-11T11:00+01:00,-8106.93,16137.03,58970.07,77180.52,23.17
2020-02-11T12:00+01:00,-7311.74,15134.43,59718.02,76633.4,23.17
2020-02-11T13:00+01:00,-7838.49,14384.1,59493.59,75995.4,23.17
2020-02-11T14:00+01:00,-7479.29,14708.29,59154.73,74623.14,23.17
2020-02-11T15:00+01:00,-6939.3,14905.95,56706.78,73920.38,23.17
2020-02-11T16:00+01:00,-5865.2,15353.54,53055.75,73133.4,23.17
2020-02-11T17:00+01:00,-5224.67,16879.97,51272.74,74769.59,23.17
2020-02-11T18:00+01:00,-5897.73,17665.52,50916.18,76520.06,23.17
2020-02-11T19:00+01:00,-5942.89,17483.85,50584.27,74906.96,23.17
2020-02-11T20:00+01:00,-6770.91,15708.06,50328.6,70914.79,23.17
2020-02-11T21:00+01:00,-8227.08,14662,49579.43,67156.97,23.17
2020-02-11T22:00+01:00,-8709.83,13484.63,47568.01,63729.82,23.17
2020-02-11T23:00+01:00,-10779.18,12601.92,47682.74,59759.83,23.17
2020-02-12T00:00+01:00,-10706.52,12161.25,48200.45,57188.66,23.17
2020-02-12T01:00+01:00,-10504.7,11772.9,48194.24,55789.91,23.17
2020-02-12T02:00+01:00,-11035.58,11607.16,47934.97,55032.56,23.17
2020-02-12T03:00+01:00,-10591.03,11634.51,48195.96,55316.14,23.17
2020-02-12T04:00+01:00,-11266.99,11927.43,48466.92,56394.61,23.17
2020-02-12T05:00+01:00,-8084.92,13559.49,48479.36,59550.41,23.17
2020-02-12T06:00+01:00,-6215.87,16015.8,49005.91,67125.88,23.17
2020-02-12T07:00+01:00,-5402.39,18273.59,48898.62,72995.55,23.17
2020-02-12T08:00+01:00,-3675.74,18582.08,50786.09,75040.38,23.17
2020-02-12T09:00+01:00,-4874.2,16982.81,53720.33,75709.48,23.17
2020-02-12T10:00+01:00,-5896.22,16118.56,56026.56,76034.19,23.17
2020-02-12T11:00+01:00,-6226.09,15907.34,57230.63,76784.06,23.17
2020-02-12T12:00+01:00,-5455.69,15644.24,56954.92,76509.92,23.17
2020-02-12T13:00+01:00,-4729.17,15715.75,56314.6,76241.63,23.17
2020-02-12T14:00+01:00,-3795.26,15748.53,53849.32,74777.9,23.17
2020-02-12T15:00+01:00,-4560.93,17099.81,51238.87,73214.1,23.17
2020-02-12T16:00+01:00,-2826.5,18679.72,47294.28,72354.13,23.17
2020-02-12T17:00+01:00,-4157.94,20013.92,45773.79,73750.14,23.17
2020-02-12T18:00+01:00,-4157.13,20593.95,45027.03,75395.53,23.17
2020-02-12T19:00+01:00,-3400.94,20644.48,44322.87,73755.35,23.17
2020-02-12T20:00+01:00,-4783.78,20143.14,44064.46,69775,23.17
2020-02-12T21:00+01:00,-5186.32,19764.54,43387.66,65850.66,23.17
2020-02-12T22:00+01:00,-5264.05,18823.93,41697.68,63016.3,23.17
2020-02-12T23:00+01:00,-6202.17,16967.3,40886.79,59078.65,23.17
2020-02-13T00:00+01:00,-4556.36,17183.06,39859.74,56982.87,23.17
2020-02-13T01:00+01:00,-5442.76,16958.51,38558.71,55643.54,23.17
2020-02-13T02:00+01:00,-4209.12,16905.6,37140.11,54153.87,23.17
2020-02-13T03:00+01:00,-1842.35,16988.28,35203.25,54187.49,23.17
2020-02-13T04:00+01:00,-1103.11,17706.06,32524.94,55507.3,23.17
2020-02-13T05:00+01:00,718.22,19182.82,30525.47,58761.4,23.17
2020-02-13T06:00+01:00,1477.2,23197.42,29495.94,65974.97,23.17
2020-02-13T07:00+01:00,1063.81,25660.02,30210.35,72203.12,23.17
2020-02-13T08:00+01:00,1349.55,26014.13,32347.68,74015.92,23.17
2020-02-13T09:00+01:00,-1677.97,25941.07,36383.47,74094.68,23.17
2020-02-13T10:00+01:00,-2726.17,25098.11,39565.71,74659.34,23.17
2020-02-13T11:00+01:00,-4354.81,24676.17,42447.05,75637.01,23.17
2020-02-13T12:00+01:00,-4195.93,24379.56,43806.03,75343.33,23.17
2020-02-13T13:00+01:00,-2523.44,23228.86,43944.7,75269.33,23.17
2020-02-13T14:00+01:00,-2339.1,23663.64,42308.72,73988.12,23.17
2020-02-13T15:00+01:00,-2744.3,24419.59,40394.53,73105.73,23.17
2020-02-13T16:00+01:00,-2779.79,25434.61,37627.48,72426.05,23.17
2020-02-13T17:00+01:00,-1791.78,26551.69,34880.23,73862.67,23.17
2020-02-13T18:00+01:00,812.99,27275.1,32173.5,75441.62,23.17
2020-02-13T19:00+01:00,1428.2,27100.95,29425.05,73076.54,23.17
2020-02-13T20:00+01:00,3106.46,26286.14,26033.04,68623.36,23.17
2020-02-13T21:00+01:00,3154.05,25943.7,23058.23,64305.07,23.17
2020-02-13T22:00+01:00,3928.54,25460.07,21415.31,60748.09,23.17
2020-02-13T23:00+01:00,2525.81,24034.59,20741.92,56380.08,23.17
2020-02-14T00:00+01:00,2838.48,22485.97,19955.1,53673.78,23.17
2020-02-14T01:00+01:00,2568.56,22082.46,20014.5,52148,23.17
2020-02-14T02:00+01:00,1758.2,21823.87,20521.14,50873.95,23.17
2020-02-14T03:00+01:00,2034.2,22146.04,20307.51,51303.96,23.17
2020-02-14T04:00+01:00,1864.81,23511.07,20517.04,52800.79,23.17
2020-02-14T05:00+01:00,1906.82,25309.95,20355.06,55590.12,23.17
2020-02-14T06:00+01:00,1425.22,29085.23,20349.97,62612.97,23.17
2020-02-14T07:00+01:00,2009.84,31352.87,19445.56,68709.92,23.17
2020-02-14T08:00+01:00,3319.58,31549.44,19058.65,70959.74,23.17
2020-02-14T09:00+01:00,1668.12,31681.45,20012.94,71343.4,23.17
2020-02-14T10:00+01:00,4338.93,31531.29,21056.64,71992.32,23.17
2020-02-14T11:00+01:00,6320.19,30698.31,21977.95,72595.53,23.99
2020-02-14T12:00+01:00,6131.36,30152.94,22486,71597.19,24.27
2020-02-14T13:00+01:00,5517.99,30040.69,22279,70722.94,24.27
2020-02-14T14:00+01:00,5186.07,30355.2,20965.86,68989.25,24.27
2020-02-14T15:00+01:00,6445.82,30387.18,19053.43,67848.82,24.27
2020-02-14T16:00+01:00,6468.58,30546.6,17195.63,66855.83,24.27
2020-02-14T17:00+01:00,6328.72,31064.51,16450.9,68318.22,24.27
2020-02-14T18:00+01:00,4173,31522.18,17808.63,69926.56,24.27
2020-02-14T19:00+01:00,5158.06,30486.74,19359.2,67967.89,24.27
2020-02-14T20:00+01:00,2672.41,27706.41,20922.93,64168.82,24.27
2020-02-14T21:00+01:00,1553.29,23858.93,22637.58,60272.11,24.27
2020-02-14T22:00+01:00,134.72,22282.61,23996.45,57631.08,24.27
2020-02-14T23:00+01:00,-1900.84,21107.83,25478.85,54392.98,24.27
2020-02-15T00:00+01:00,-3563.65,18813.12,27050.11,51306.15,24.27
2020-02-15T01:00+01:00,-4690.22,17105.84,28227.21,49364.33,24.27
2020-02-15T02:00+01:00,-4210.48,15898.34,29054.88,48283.08,24.27
2020-02-15T03:00+01:00,-3698.69,15055.96,30277.11,48422.24,24.27
2020-02-15T04:00+01:00,-2363.86,13942.73,31519.1,48944.88,24.27
2020-02-15T05:00+01:00,-3528.97,14183.03,32285.06,49349.37,24.27
2020-02-15T06:00+01:00,-3853.69,14152.54,33435.48,50073.8,24.27
2020-02-15T07:00+01:00,-4150.64,14490.48,34086.44,53036.04,24.27
2020-02-15T08:00+01:00,-4850.9,15400.31,36417.14,56845.06,24.27
2020-02-15T09:00+01:00,-6178.28,15155.82,39891.57,59602.55,24.27
2020-02-15T10:00+01:00,-5495.52,13433.98,43748.37,61030.91,24.27
2020-02-15T11:00+01:00,-6000.84,12423.45,46675.31,60823.53,24.27
2020-02-15T12:00+01:00,-6983.98,12052.16,49139.92,60659.86,24.27
2020-02-15T13:00+01:00,-8297.47,11916.6,49434.77,58766.07,24.27
2020-02-15T14:00+01:00,-8536.13,11591.55,47682.95,56869.48,24.27
2020-02-15T15:00+01:00,-6440.29,11457.61,43335.82,56145.62,24.27
2020-02-15T16:00+01:00,-3987.59,11745.62,38006.2,56011.48,24.27
2020-02-15T17:00+01:00,-3111.5,12686,38057.63,59875.34,24.27
2020-02-15T18:00+01:00,-3651.3,13444.06,41802.52,63570.24,24.27
2020-02-15T19:00+01:00,-4724.15,12622.08,44799.16,62044.64,24.27
2020-02-15T20:00+01:00,-8413.7,11555.64,46331.28,58665.74,24.27
2020-02-15T21:00+01:00,-10462.91,11212.57,47440.68,55969.12,24.27
2020-02-15T22:00+01:00,-11016.28,10992.68,46937.48,55044.89,24.27
2020-02-15T23:00+01:00,-12797.25,10751.32,47018.69,51811.5,24.27
2020-02-16T00:00+01:00,-12070.44,10346.33,42797.49,48465.24,24.27
2020-02-16T01:00+01:00,-12630.1,10377.25,41792.71,46531.62,24.27
2020-02-16T02:00+01:00,-13042.11,10345.25,42613.08,45518.63,24.27
2020-02-16T03:00+01:00,-13136.17,10325.17,43160.96,45283.06,24.27
2020-02-16T04:00+01:00,-12339.62,10298.96,43075.11,45349.58,24.27
2020-02-16T05:00+01:00,-12511.6,10310.84,42526.09,45699.49,24.27
2020-02-16T06:00+01:00,-12532.53,10285.36,43447.09,46169.33,24.27
2020-02-16T07:00+01:00,-13083.78,10426.98,44651.53,48373.38,24.27
2020-02-16T08:00+01:00,-13226.03,10420.22,47607.48,52486.91,24.27
2020-02-16T09:00+01:00,-12176.91,10410.05,50180.7,55775.53,24.27
2020-02-16T10:00+01:00,-11928.76,10347.55,51701.6,58025.78,24.27
2020-02-16T11:00+01:00,-11559.86,10344.34,54082.04,59885.76,24.27
2020-02-16T12:00+01:00,-12356.44,10384.84,54227.25,59698.24,24.27
2020-02-16T13:00+01:00,-12402.4,10422.63,53696.38,57741.7,24.27
2020-02-16T14:00+01:00,-12625.94,10389,52381.83,56180.78,24.27
2020-02-16T15:00+01:00,-12548.73,10409.6,50763.04,55099.34,24.27
2020-02-16T16:00+01:00,-12410.31,10506.48,48910.39,55324.98,24.27
2020-02-16T17:00+01:00,-10894.45,10759.8,48499.99,57918.5,24.27
2020-02-16T18:00+01:00,-10536.88,10859.58,49999.91,62100.56,24.27
2020-02-16T19:00+01:00,-11264.35,10878.98,50088.91,60891.05,24.27
2020-02-16T20:00+01:00,-11282.29,10906.77,49419.74,57906.31,24.27
2020-02-16T21:00+01:00,-12134.38,10857.81,49391.39,55924.05,24.27
2020-02-16T22:00+01:00,-14143.4,10896.29,50342.49,55323.92,24.27
2020-02-16T23:00+01:00,-13645.63,10846.03,47384.13,52134.98,24.27
2020-02-17T00:00+01:00,-10812.62,10260.93,45616.92,50381.84,24.27
2020-02-17T01:00+01:00,-10573.24,10244.19,44539.39,48459.18,24.27
2020-02-17T02:00+01:00,-10714.33,10226.18,43511.09,47943.66,24.27
2020-02-17T03:00+01:00,-10444.74,10281.56,43506.74,48441.08,24.27
2020-02-17T04:00+01:00,-10531.42,10489.72,42833.62,50227.3,24.27
2020-02-17T05:00+01:00,-10766.27,11346.81,44997.03,54752.51,24.27
2020-02-17T06:00+01:00,-4945.04,13785.77,46158.49,63818.61,24.27
2020-02-17T07:00+01:00,-3220.92,17099.31,43528.92,69707.77,24.27
2020-02-17T08:00+01:00,-2197.46,18015.04,42189,71523.45,24.27
2020-02-17T09:00+01:00,-2214.74,18252.12,43347.14,72256.01,24.27
2020-02-17T10:00+01:00,-2412.59,18404.46,45928.62,72649.61,24.27
2020-02-17T11:00+01:00,-2284.02,17847.33,48357.97,73879.38,24.27
2020-02-17T12:00+01:00,-2996.46,17335.94,49092.51,73150.93,24.27
2020-02-17T13:00+01:00,-1977.67,17406.37,48724.38,72827.82,24.27
2020-02-17T14:00+01:00,-1561.08,17502.53,46837.94,71865.06,24.27
2020-02-17T15:00+01:00,-1010.25,17769.87,44084.53,70818.48,24.27
2020-02-17T16:00+01:00,-884.5,17958,41997.25,69960.49,24.27
2020-02-17T17:00+01:00,310.19,17939.69,42024.71,71192.65,24.27
2020-02-17T18:00+01:00,399.57,18044.59,42673.69,73422.06,24.27
2020-02-17T19:00+01:00,-1362.67,17853.73,43742.5,72354.77,24.27
2020-02-17T20:00+01:00,-2775.16,16860.78,44741.8,68106.9,24.27
2020-02-17T21:00+01:00,-5211.65,15311.71,45330.21,64125.23,24.27
2020-02-17T22:00+01:00,-6086.25,14340.48,44809.18,60977.36,24.27
2020-02-17T23:00+01:00,-7116.03,13194.75,44932.4,57246.72,24.27
2020-02-18T00:00+01:00,-8175.65,12534.84,45034.98,54724.43,24.27
2020-02-18T01:00+01:00,-8830.71,12366.12,45931.01,53416.36,24.27
2020-02-18T02:00+01:00,-8769.31,11766.59,46073.37,53111.65,24.27
2020-02-18T03:00+01:00,-9718.28,11825.5,46090.7,53226.68,24.27
2020-02-18T04:00+01:00,-7908.09,11936.08,46366.75,54536.19,24.27
2020-02-18T05:00+01:00,-6277.02,13210.96,45984.32,57941.17,24.27
2020-02-18T06:00+01:00,-5802.31,16182.8,46849.87,65281.46,24.27
2020-02-18T07:00+01:00,-4866.11,17857.56,47638.88,71067.95,24.27
2020-02-18T08:00+01:00,-5511.1,17453.48,49980.14,73599.82,24.27
2020-02-18T09:00+01:00,-6958.92,16165.84,53412.51,73610.36,24.27
2020-02-18T10:00+01:00,-7220.46,14763.67,57073.59,74626.57,24.27
2020-02-18T11:00+01:00,-7257.43,14608.34,59437.34,75140.8,24.27
2020-02-18T12:00+01:00,-7426.73,14827.52,58351.56,75040.6,24.27
2020-02-18T13:00+01:00,-4561.93,14503.23,57091.62,74636.68,24.27
2020-02-18T14:00+01:00,-5282.69,15045.89,54255,72834.49,24.27
2020-02-18T15:00+01:00,-2370,15757.76,49767.97,71796.56,24.27
2020-02-18T16:00+01:00,-694.98,17450.59,45434.87,70310.34,24.27
2020-02-18T17:00+01:00,-618.41,18436.86,43319.5,71621.14,24.27
2020-02-18T18:00+01:00,-644.54,18707.62,43667.25,74322.44,24.27
2020-02-18T19:00+01:00,-1950.74,18654.31,44842.62,73269.89,24.27
2020-02-18T20:00+01:00,-4123.52,17821.81,45837.35,69427.84,24.27
2020-02-18T21:00+01:00,-5309.7,16225.56,46619.04,65516.04,24.27
2020-02-18T22:00+01:00,-5341.45,14966.99,46121.7,62398.9,24.27
2020-02-18T23:00+01:00,-7436.36,13742.67,45887.75,58759.48,24.27
2020-02-19T00:00+01:00,-8591.69,11698.1,45046.46,54559.6,24.27
2020-02-19T01:00+01:00,-8392.87,11624.62,44218.73,53217.87,24.27
2020-02-19T02:00+01:00,-7626.35,11490.52,43832.81,52674.64,24.27
2020-02-19T03:00+01:00,-6717.28,11463.28,43154.4,53217.57,24.27
2020-02-19T04:00+01:00,-6386.02,12216.88,42898.86,54575.08,24.27
2020-02-19T05:00+01:00,-5375.59,13668.87,42307.92,57533.7,24.27
2020-02-19T06:00+01:00,-4657.94,16831.7,42728.28,65385.57,24.27
2020-02-19T07:00+01:00,-4105.99,19135.42,43184.61,70576.79,24.27
2020-02-19T08:00+01:00,-4133.93,19404.95,42815.49,72958.54,24.27
2020-02-19T09:00+01:00,-4819.41,19397.47,43907.82,72561.29,24.27
2020-02-19T10:00+01:00,-4926.56,19363.57,46282.59,73637.23,24.27
2020-02-19T11:00+01:00,-5413.62,19769.41,49308.99,74689.77,24.27
2020-02-19T12:00+01:00,-5902.67,19330.68,52738.27,74110.28,24.27
2020-02-19T13:00+01:00,-7590.22,18954.2,53528.59,74085.1,24.27
2020-02-19T14:00+01:00,-8428.7,18997.16,53097.81,72163.29,24.27
2020-02-19T15:00+01:00,-7440.96,19275.63,49424.13,71631.18,24.27
2020-02-19T16:00+01:00,-6384.54,20479.43,44496.06,69621.55,24.27
2020-02-19T17:00+01:00,-2571.05,21102.5,40166.87,71137.84,24.27
2020-02-19T18:00+01:00,-1461.31,21201.38,37930.72,72993.92,24.27
2020-02-19T19:00+01:00,-3037.32,21002.49,36869.27,71318.94,24.27
2020-02-19T20:00+01:00,-1251.52,20073.48,36285.47,67538.63,24.27
2020-02-19T21:00+01:00,-731.37,19028.31,35961.49,64044.27,24.27
2020-02-19T22:00+01:00,-2376.11,18332.4,34913.35,61259.33,24.27
2020-02-19T23:00+01:00,-3604.17,16900.94,34141.54,56910.79,24.27
2020-02-20T00:00+01:00,-3128.66,15964.71,33291.26,53603.92,24.27
2020-02-20T01:00+01:00,-2172.97,15073.32,32736.69,51941.4,24.27
2020-02-20T02:00+01:00,-1955.78,14743.79,31815.27,51862.85,24.27
2020-02-20T03:00+01:00,-1906.2,15370.79,31020.46,51620.88,24.27
2020-02-20T04:00+01:00,-1600.13,16097.74,31080.21,52379.22,24.27
2020-02-20T05:00+01:00,-64.83,16623.6,31633.09,55953.07,24.27
2020-02-20T06:00+01:00,-964.14,19099.32,32623.55,63614.77,24.27
2020-02-20T07:00+01:00,446.95,20075.59,33549.95,68909.23,24.27
2020-02-20T08:00+01:00,1353.75,20411.7,35240.1,70673.73,24.27
2020-02-20T09:00+01:00,-466.34,20279.73,37485.23,71274.06,24.27
2020-02-20T10:00+01:00,-1525.68,20044.45,39685.85,72054.67,24.27
2020-02-20T11:00+01:00,-993.21,20229.93,42413.33,73094.16,24.27
2020-02-20T12:00+01:00,-3681.66,20084.57,44899.82,72232.08,24.27
2020-02-20T13:00+01:00,-3357.15,19548.71,45462.7,72017.94,24.27
2020-02-20T14:00+01:00,-3519.66,19192.98,44514.29,70608.94,24.27
2020-02-20T15:00+01:00,-2820.46,18535.91,43550.65,69678.95,24.27
2020-02-20T16:00+01:00,-1825.79,18074.37,42824.11,68700.99,24.27
2020-02-20T17:00+01:00,-3134.57,18670.89,43029.18,70699.76,24.27
2020-02-20T18:00+01:00,-5333.62,19878.13,44809.88,73308.05,24.27
2020-02-20T19:00+01:00,-7556.82,19511.76,47071.5,72248.18,24.27
2020-02-20T20:00+01:00,-8927.28,16936.81,48426.1,68820.2,24.27
2020-02-20T21:00+01:00,-8256.24,14016.04,48534.98,65387.76,24.27
2020-02-20T22:00+01:00,-8984.89,12801.39,47324.69,62393.74,24.27
2020-02-20T23:00+01:00,-9270.22,11802.39,48130.11,58087.59,24.27
2020-02-21T00:00+01:00,-9438.07,11469.21,47991.48,55029.33,24.27
2020-02-21T01:00+01:00,-11124.11,11405.7,47624.9,53766.51,24.27
2020-02-21T02:00+01:00,-11231.72,11351.44,47216.28,52959.38,24.27
2020-02-21T03:00+01:00,-8873.98,11397.38,47065.17,53552,24.27
2020-02-21T04:00+01:00,-8116.99,12090.29,46342.82,54700.39,24.27
2020-02-21T05:00+01:00,-8158.98,13590.55,44816.99,57750.42,24.27
2020-02-21T06:00+01:00,-6495.08,16041.61,44426.65,64310.12,24.27
2020-02-21T07:00+01:00,-3157.08,16513.02,43257.15,68747.87,24.27
2020-02-21T08:00+01:00,-3566.69,16720.74,44973.11,71063.4,24.27
2020-02-21T09:00+01:00,-6157.47,16764.05,49538.92,71549.25,24.27
2020-02-21T10:00+01:00,-5926.14,15388.77,54142.39,72865.51,24.27
2020-02-21T11:00+01:00,-6409.61,14290.46,57089.65,72968.54,24.93
2020-02-21T12:00+01:00,-7380.48,13698.82,58392.21,71979.04,25.15
2020-02-21T13:00+01:00,-7429.87,13501.04,57701.67,70591.57,25.15
2020-02-21T14:00+01:00,-6931.07,13604.12,54397.28,68790.34,25.15
2020-02-21T15:00+01:00,-3502.32,13805.04,49186.34,67514.09,25.15
2020-02-21T16:00+01:00,-2601.82,15009.68,42896.9,66691.04,25.15
2020-02-21T17:00+01:00,-1431.84,16557.7,38147.16,68014.41,25.15
2020-02-21T18:00+01:00,-162.77,17271.18,38643.87,70564.51,25.15
2020-02-21T19:00+01:00,-1680.65,16942.38,40789.7,69225.01,25.15
2020-02-21T20:00+01:00,-4054.38,15570.42,43051.65,65616.11,25.15
2020-02-21T21:00+01:00,-6699.7,14817.55,44194.37,62119.35,25.15
2020-02-21T22:00+01:00,-6896.55,13895.82,43897.63,59452.69,25.15
2020-02-21T23:00+01:00,-8110.9,12280.21,44426.58,56296.12,25.15
2020-02-22T00:00+01:00,-9895.01,10748.62,44690.48,53087.6,25.15
2020-02-22T01:00+01:00,-12151.39,10747.64,45065.49,51181.12,25.15
2020-02-22T02:00+01:00,-12579.7,10498.6,45838.58,50166.11,25.15
2020-02-22T03:00+01:00,-13624.61,10299.27,46695.23,50333.7,25.15
2020-02-22T04:00+01:00,-12752.93,10153.44,44752.69,50160.55,25.15
2020-02-22T05:00+01:00,-13124.66,10090.52,44997.48,50460.84,25.15
2020-02-22T06:00+01:00,-12773.82,10132.1,46371.84,51566.91,25.15
2020-02-22T07:00+01:00,-11760.57,10227.04,47320.46,54477.39,25.15
2020-02-22T08:00+01:00,-12160.41,10376.92,51119.74,57970.32,25.15
2020-02-22T09:00+01:00,-12547.02,10286.7,54471.66,60887.77,25.15
2020-02-22T10:00+01:00,-13235.74,9800.33,57466.77,62366.8,25.15
2020-02-22T11:00+01:00,-13232.18,9586.65,59418.93,63613.1,25.15
2020-02-22T12:00+01:00,-13142.67,9546.82,60094.44,63326.82,25.15
2020-02-22T13:00+01:00,-13100.2,9555.49,59004.74,61061.26,25.15
2020-02-22T14:00+01:00,-12973.18,9515.39,56618.26,59700.92,25.15
2020-02-22T15:00+01:00,-12252.75,9656.39,55019.42,59092.57,25.15
2020-02-22T16:00+01:00,-11195.36,10134.85,54671.31,59294.77,25.15
2020-02-22T17:00+01:00,-11291.82,10489.28,53244.44,60938.37,25.15
2020-02-22T18:00+01:00,-11416.79,10872.78,53087.06,63586.48,25.15
2020-02-22T19:00+01:00,-12355.22,10763.26,52855.94,61804.08,25.15
2020-02-22T20:00+01:00,-12910.77,9979.58,52952.94,58440.46,25.15
2020-02-22T21:00+01:00,-12670.71,9811.5,51855.37,55300.08,25.15
2020-02-22T22:00+01:00,-12660.57,9854.43,49782.45,53657.02,25.15
2020-02-22T23:00+01:00,-13094.86,9802.19,49793.12,51067.8,25.15
2020-02-23T00:00+01:00,-11981.14,9403.31,45180.01,48109.97,25.15
2020-02-23T01:00+01:00,-13969.57,9259.3,44668.29,46376.6,25.15
2020-02-23T02:00+01:00,-13075.01,9143.72,44342.14,44936.15,25.15
2020-02-23T03:00+01:00,-13514.66,9150.83,43661.7,44164.74,25.15
2020-02-23T04:00+01:00,-13357.94,9136.13,42211.03,44442.25,25.15
2020-02-23T05:00+01:00,-14263.27,9194.21,41854.15,44993.89,25.15
2020-02-23T06:00+01:00,-14035.84,9186.4,41535.54,44666.04,25.15
2020-02-23T07:00+01:00,-12511.62,9373.07,39509.1,45898.5,25.15
2020-02-23T08:00+01:00,-10921.58,9932.49,40212.93,49450.84,25.15
2020-02-23T09:00+01:00,-7125.1,10260.74,38876.54,52857.37,25.15
2020-02-23T10:00+01:00,-6469.99,10597.67,38088.76,55229.92,25.15
2020-02-23T11:00+01:00,-4929.65,10582.69,37870.11,57959.01,25.15
2020-02-23T12:00+01:00,-5698.06,10740.56,38150.29,57026.33,25.15
2020-02-23T13:00+01:00,-6553.73,10432.28,39993.27,55717.27,25.15
2020-02-23T14:00+01:00,-8300.86,9681.7,43689.71,54641.64,25.15
2020-02-23T15:00+01:00,-9526.74,9539.66,46379.79,54279.8,25.15
2020-02-23T16:00+01:00,-11370.99,9705.13,48247.79,54970.83,25.15
2020-02-23T17:00+01:00,-11702.8,9997.24,49056.01,57233.63,25.15
2020-02-23T18:00+01:00,-10590.16,10202.86,50856.41,61043.36,25.15
2020-02-23T19:00+01:00,-10721.97,10287.54,51862.78,60917.44,25.15
2020-02-23T20:00+01:00,-11194.81,10444.37,51586.16,57421.81,25.15
2020-02-23T21:00+01:00,-11688.34,10653.82,51126.93,55891.88,25.15
2020-02-23T22:00+01:00,-10727.62,10744.4,48593.1,54977.97,25.15
2020-02-23T23:00+01:00,-11033.88,10680.89,46558.74,52200.93,25.15
2020-02-24T00:00+01:00,-11956.31,10496.39,44150.37,49957.77,25.15
2020-02-24T01:00+01:00,-11234.73,10382.32,41946.47,48073.04,25.15
2020-02-24T02:00+01:00,-9563.8,10370.29,39406.82,47469.04,25.15
2020-02-24T03:00+01:00,-7724.71,10653.46,37102.13,47804.5,25.15
2020-02-24T04:00+01:00,-4357.41,11773.18,33601.25,49190.01,25.15
2020-02-24T05:00+01:00,-1850.9,14683.44,29819.34,52086.73,25.15
2020-02-24T06:00+01:00,3305.29,17515.1,26297.75,58349.1,25.15
2020-02-24T07:00+01:00,6355.3,19166.85,23949.14,63474.28,25.15
2020-02-24T08:00+01:00,7073.14,20287.19,23177.03,65717,25.15
2020-02-24T09:00+01:00,7084.85,20650.99,23585.97,66879.25,25.15
2020-02-24T10:00+01:00,6165.18,20851.73,25515.83,67649.61,25.15
2020-02-24T11:00+01:00,5925.96,20462.8,28519.55,68414.39,25.15
2020-02-24T12:00+01:00,4279.09,19703.28,31173.73,68746.26,25.15
2020-02-24T13:00+01:00,2691.47,19105.53,34278.16,67806.64,25.15
2020-02-24T14:00+01:00,1306.86,18308.24,37000.8,67090.48,25.15
2020-02-24T15:00+01:00,-974.09,18058.4,38682.72,66880.26,25.15
2020-02-24T16:00+01:00,-2517.58,18045.27,38825.67,66061.24,25.15
2020-02-24T17:00+01:00,-2223.66,18393.86,39652.92,67853.59,25.15
2020-02-24T18:00+01:00,-3549.2,18915.42,42811.87,70591.97,25.15
2020-02-24T19:00+01:00,-5828.17,18236.84,45069.1,69701.21,25.15
2020-02-24T20:00+01:00,-5658.78,15714.2,45972.84,66069.47,25.15
2020-02-24T21:00+01:00,-6896.69,13908.19,47275.86,62518.51,25.15
2020-02-24T22:00+01:00,-7418.02,13287.37,47860.04,60496.9,25.15
2020-02-24T23:00+01:00,-10089.1,12447.25,48780.19,57029.88,25.15
2020-02-25T00:00+01:00,-12637,12129.22,48978.54,53832.3,25.15
2020-02-25T01:00+01:00,-13455.86,12110.22,48833.66,51977.02,25.15
2020-02-25T02:00+01:00,-13392.83,12287.55,48759.68,51410.82,25.15
2020-02-25T03:00+01:00,-12010.44,12562.24,47998.23,51391.4,25.15
2020-02-25T04:00+01:00,-11607.74,12821.68,47647.12,52853.42,25.15
2020-02-25T05:00+01:00,-9728.82,13699.61,46900.24,55883.33,25.15
2020-02-25T06:00+01:00,-7707.14,15151.23,46236.22,62828.96,25.15
2020-02-25T07:00+01:00,-8108.68,17888.09,45250.79,67381.04,25.15
2020-02-25T08:00+01:00,-7525.63,19279.79,45217.64,69587.63,25.15
2020-02-25T09:00+01:00,-6807.48,19522.14,48078.18,70408.02,25.15
2020-02-25T10:00+01:00,-7958.65,18892.31,51775.35,72223.54,25.15
2020-02-25T11:00+01:00,-7394.36,18065.46,54731.64,73564.92,25.15
2020-02-25T12:00+01:00,-7282.65,17225.14,55867.11,72352.69,25.15
2020-02-25T13:00+01:00,-6284.46,16198.38,55118.18,71378.37,25.15
2020-02-25T14:00+01:00,-5197.7,16000.26,53706.62,70104.47,25.15
2020-02-25T15:00+01:00,-5746.44,16395.76,50110.88,68911.56,25.15
2020-02-25T16:00+01:00,-5149.58,18377.32,45324.26,67997.12,25.15
2020-02-25T17:00+01:00,-4663.22,21202.62,40874.53,69468.35,25.15
2020-02-25T18:00+01:00,-2881.94,22717.28,37941.54,71604.34,25.15
2020-02-25T19:00+01:00,-2537.25,23156.66,36203.12,70525.9,25.15
2020-02-25T20:00+01:00,-4481.56,22958.71,34874.45,66372.48,25.15
2020-02-25T21:00+01:00,-2580.64,21852.78,33644.82,63089.05,25.15
2020-02-25T22:00+01:00,-2232.62,20826.06,31482.42,60326.57,25.15
2020-02-25T23:00+01:00,-4268.22,19621.79,30053.46,56230.32,25.15
2020-02-26T00:00+01:00,-3033.03,17950.16,28757.28,52669.02,25.15
2020-02-26T01:00+01:00,-1936.38,17105.93,27248.6,51139.07,25.15
2020-02-26T02:00+01:00,-33.05,16278.83,26319.54,50589.54,25.15
2020-02-26T03:00+01:00,1788.2,16480.99,25560.28,51578.87,25.15
2020-02-26T04:00+01:00,2006.74,16852.85,25165.77,53239.82,25.15
2020-02-26T05:00+01:00,739.66,18725.05,25655.02,56018.1,25.15
2020-02-26T06:00+01:00,1379.48,23026.74,25614.19,63097.84,25.15
2020-02-26T07:00+01:00,1318.68,24677.24,26233.77,67653.64,25.15
2020-02-26T08:00+01:00,735,25369.26,28097.37,70061.45,25.15
2020-02-26T09:00+01:00,-1094.76,25619.8,30967.51,70509.97,25.15
2020-02-26T10:00+01:00,-1661.3,26027.48,33884.21,71764.05,25.15
2020-02-26T11:00+01:00,-1535.43,25643.88,36014.52,72788.03,25.15
2020-02-26T12:00+01:00,-2591.15,25563.21,36793.71,72167.29,25.15
2020-02-26T13:00+01:00,-2241.58,25399.15,36217.84,71360.61,25.15
2020-02-26T14:00+01:00,-1595.9,25382.75,34794.79,70500,25.15
2020-02-26T15:00+01:00,-2001.19,25954.5,32558.53,69212.81,25.15
2020-02-26T16:00+01:00,-988.22,26600.93,29201.65,68224.9,25.15
2020-02-26T17:00+01:00,421.5,27568.04,26433.35,69073.61,25.15
2020-02-26T18:00+01:00,-888.62,27900.3,26617.52,71791.18,25.15
2020-02-26T19:00+01:00,-709.92,27535.37,27619.64,70764.23,25.15
2020-02-26T20:00+01:00,-2043.19,26700.61,27322.81,66844.36,25.15
2020-02-26T21:00+01:00,-1797.77,25044.31,26444.85,62998.85,25.15
2020-02-26T22:00+01:00,-2065.13,23984.28,25384.78,60092.7,25.15
2020-02-26T23:00+01:00,-2942.25,23389.71,25289.61,56089.83,25.15
2020-02-27T00:00+01:00,-3042.51,22745.03,25392.32,53532.94,25.15
2020-02-27T01:00+01:00,-3275.1,22609.02,25445.15,51968.65,25.15
2020-02-27T02:00+01:00,-3455.12,22202.43,25548.91,51196.14,25.15
2020-02-27T03:00+01:00,-1901.5,21350.29,25419.3,51599.42,25.15
2020-02-27T04:00+01:00,-2288.16,22361.87,25625.98,52989.42,25.15
2020-02-27T05:00+01:00,-2154.48,24281.82,24981.92,56608.76,25.15
2020-02-27T06:00+01:00,382.51,26568.29,23913.07,63488.06,25.15
2020-02-27T07:00+01:00,-114.87,29440.13,22867.72,67480.54,25.15
2020-02-27T08:00+01:00,-684.1,30595.1,24499.69,69641.52,25.15
2020-02-27T09:00+01:00,-135.41,31045.14,26861.77,70516.17,25.15
2020-02-27T10:00+01:00,54.67,31045.04,28991.55,71687.09,25.15
2020-02-27T11:00+01:00,-1432.39,31544.33,30281.39,73161.71,25.15
2020-02-27T12:00+01:00,216.76,31379.3,28855.36,72379.06,25.15
2020-02-27T13:00+01:00,1378.1,31775.44,25545.83,71304.77,25.15
2020-02-27T14:00+01:00,2406.25,32539.68,21569.56,70306.6,25.15
2020-02-27T15:00+01:00,4569.49,32725.74,17817.67,69769.29,25.15
2020-02-27T16:00+01:00,3708.71,33091.81,15071.68,69436.21,25.15
2020-02-27T17:00+01:00,5649.03,32799.23,13701.06,70625.86,25.15
2020-02-27T18:00+01:00,5664.1,33045.67,14939.26,71914.52,25.15
2020-02-27T19:00+01:00,7015.97,32612.69,16805.18,70977.58,25.15
2020-02-27T20:00+01:00,6370.56,30274.69,18580.81,67844.12,25.15
2020-02-27T21:00+01:00,2812.12,28828.21,21336.31,64409.97,25.15
2020-02-27T22:00+01:00,-240.48,26604.98,23014.92,61135.23,25.15
2020-02-27T23:00+01:00,-3016.28,24478.5,25187.62,56953.96,25.15
2020-02-28T00:00+01:00,-3869.29,23931.93,27084.95,54037.36,25.15
2020-02-28T01:00+01:00,-4930.27,22823.07,29328.45,52753.72,25.15
2020-02-28T02:00+01:00,-5594.38,21893.76,31457.5,52254.59,25.15
2020-02-28T03:00+01:00,-5784.1,21201.1,32553.77,52543.22,25.15
2020-02-28T04:00+01:00,-6545.11,22126.02,33446.21,53783.22,25.15
2020-02-28T05:00+01:00,-7142.58,23483.52,34431.16,57205.39,25.15
2020-02-28T06:00+01:00,-5772.6,24924.64,34900.85,63869.02,25.15
2020-02-28T07:00+01:00,-4628.37,25762.73,34497.54,68015,25.15
2020-02-28T08:00+01:00,-6934.54,26301.12,36019.72,70367.25,25.15
2020-02-28T09:00+01:00,-7432.06,26445.45,38753.67,70826.26,25.15
2020-02-28T10:00+01:00,-7119.71,26263.36,42190.5,72051.22,25.15
2020-02-28T11:00+01:00,-8481.31,26148.91,44911.97,72460.08,23.88
2020-02-28T12:00+01:00,-7665.19,24826.15,47470.45,71825.45,23.46
2020-02-28T13:00+01:00,-7664,23943.22,47609.17,70278.82,23.46
2020-02-28T14:00+01:00,-5763.75,22414.03,45476.65,68705.36,23.46
2020-02-28T15:00+01:00,-4451.83,23461.78,40036.2,67213.17,23.46
2020-02-28T16:00+01:00,-839.92,23848.32,33954.46,65687.57,23.46
2020-02-28T17:00+01:00,-545.47,24541.51,30060.21,66810.39,23.46
2020-02-28T18:00+01:00,171.72,25001.64,32218.48,69627.23,23.46
2020-02-28T19:00+01:00,-831.46,23232.48,36409.65,69676.83,23.46
2020-02-28T20:00+01:00,-4780.11,19811.54,39240.3,65994.41,23.46
2020-02-28T21:00+01:00,-6135.21,17446.32,40841.56,62465.06,23.46
2020-02-28T22:00+01:00,-8561.78,16735.08,40782.06,59977.38,23.46
2020-02-28T23:00+01:00,-9113.02,14961.45,40871.5,56073.05,23.46
2020-02-29T00:00+01:00,-9762.11,12672.75,40669.12,52750.75,23.46
2020-02-29T01:00+01:00,-9940.9,11983.2,41034.93,51010.78,23.46
2020-02-29T02:00+01:00,-10437.41,11833.43,41845.8,49757.38,23.46
2020-02-29T03:00+00:00,-11165.99,11807.03,42469.32,49458.14,23.46
2020-02-29T04:00+01:00,-11963.35,11791.81,42466.32,49162.49,23.46
2020-02-29T05:00+01:00,-11879.08,11851.62,42076.79,49064.28,23.46
2020-02-29T06:00+01:00,-11919.63,11858.18,41915.45,50214.6,23.46
2020-02-29T07:00+01:00,-9246.22,11892.29,41662.16,53147.33,23.46
2020-02-29T08:00+01:00,-8242.17,11815.98,43287.27,56358.26,23.46
2020-02-29T09:00+01:00,-9029.26,11830.96,46286.22,59101.69,23.46
2020-02-29T10:00+01:00,-10220.54,11802.23,49570,60774.04,23.46
2020-02-29T11:00+01:00,-11399.63,11382.12,52431.05,61625.78,23.46
2020-02-29T12:00+01:00,-13012.4,11060.43,53144.4,60945.75,23.46
2020-02-29T13:00+01:00,-12600.16,10910.57,52440.37,59646.21,23.46
2020-02-29T14:00+01:00,-12620.6,11542.63,49787.19,58358.73,23.46
2020-02-29T15:00+01:00,-9273.05,11384.36,48595.78,57716.93,23.46
2020-02-29T16:00+01:00,-8654.87,11157.29,48719.05,58123.56,23.46
2020-02-29T17:00+01:00,-8862.7,11641.31,49223.27,60365.74,23.46
2020-02-29T18:00+01:00,-8847.98,12278.42,49621.22,63270.17,23.46
2020-02-29T19:00+01:00,-9892.46,12400.45,49122.96,61979.4,23.46
2020-02-29T20:00+01:00,-10963.38,12213.15,48263.5,58367.4,23.46
2020-02-29T21:00+01:00,-12092.66,11821.51,46355.82,56016.5,23.46
2020-02-29T22:00+01:00,-11569.6,12176.37,44702.59,54299.35,23.46
2020-02-29T23:00+01:00,-11171.96,11542.65,44658.07,50763.92,23.46
2020-03-01T00:00+01:00,-13216.37,10486.89,43017.49,46715.83,23.46
2020-03-01T01:00+01:00,-14475.05,10505.68,42875.51,44985.25,23.46
2020-03-01T02:00+01:00,-14320.5,10476.67,42265.92,43936.08,23.46
2020-03-01T03:00+01:00,-15121.48,10532.68,42730.52,43869.47,23.46
2020-03-01T04:00+01:00,-15056.98,10578.12,43179.23,44190.18,23.46
2020-03-01T05:00+01:00,-15292.33,10639.91,43330.8,44120.79,23.46
2020-03-01T06:00+01:00,-15161.41,10611.88,43450.58,44074.23,23.46
2020-03-01T07:00+01:00,-15118.58,10562.46,44465.42,45867.94,23.46
2020-03-01T08:00+01:00,-16028.63,10573.8,47601.8,49749.52,23.46
2020-03-01T09:00+01:00,-16499.5,10732,51753.29,52517.39,23.46
2020-03-01T10:00+01:00,-16080.66,10600.07,55834.95,56171.51,23.46
2020-03-01T11:00+01:00,-15971.52,10556.67,58989.09,58808.78,23.46
2020-03-01T12:00+01:00,-15221.87,10497.19,58422.73,57963.08,23.46
2020-03-01T13:00+01:00,-14875.08,10630.37,55492.23,55967.57,23.46
2020-03-01T14:00+01:00,-13954.22,10675.63,51659.85,54262.22,23.46
2020-03-01T15:00+01:00,-12248.19,10816.23,46740.03,52891.01,23.46
2020-03-01T16:00+01:00,-6874.99,12772.87,36657.48,52341.08,23.46
2020-03-01T17:00+01:00,-1217.75,16144.2,28390.37,53977.94,23.46
2020-03-01T18:00+01:00,111.27,17363.14,27720.37,57809.86,23.46
2020-03-01T19:00+01:00,-885.58,17097.46,28700.31,57923.94,23.46
2020-03-01T20:00+01:00,-4414.33,16574.46,29761.67,55085.86,23.46
2020-03-01T21:00+01:00,-4857.6,15761.79,29866.02,53510.01,23.46
2020-03-01T22:00+01:00,-3582.38,15548.98,29888.63,52840.95,23.46
2020-03-01T23:00+01:00,-3683.7,14903.16,30574.07,49730.47,23.46
2020-03-02T00:00+01:00,-2381.24,13767.95,30151.67,48064.94,23.46
2020-03-02T01:00+01:00,-1786.63,13496.79,29545.29,46348.86,23.46
2020-03-02T02:00+01:00,140.3,13287.24,28313.81,45748.27,23.46
2020-03-02T03:00+01:00,40.86,13680.23,27247.6,46355.81,23.46
2020-03-02T04:00+01:00,684.58,15069.34,26875.1,48421.46,23.46
2020-03-02T05:00+01:00,-10.02,17967.04,26502.41,53120.12,23.46
2020-03-02T06:00+01:00,-339.1,23616.94,25793.84,61539.3,23.46
2020-03-02T07:00+01:00,-1203.94,28503.57,26010.76,66161.55,23.46
2020-03-02T08:00+01:00,-3133.77,30958.87,27737.19,68239.75,23.46
2020-03-02T09:00+01:00,-6399.88,32098.69,30294.31,68693.66,23.46
2020-03-02T10:00+01:00,-7009.01,32583.3,31975.43,69205.06,23.46
2020-03-02T11:00+01:00,-5080.58,32855.4,31759.35,69506.21,23.46
2020-03-02T12:00+01:00,-4369.42,33010.97,29682.5,69001.38,23.46
2020-03-02T13:00+01:00,-2610.94,33493.23,26636.74,68600.14,23.46
2020-03-02T14:00+01:00,104.2,33768.27,23190.01,67386.16,23.46
2020-03-02T15:00+01:00,3985.07,33828.17,19734.06,67241.03,23.46
2020-03-02T16:00+01:00,4480.8,34601.39,16455.05,66162.92,23.46
2020-03-02T17:00+01:00,3751.2,35993.73,14079.22,67328.41,23.46
2020-03-02T18:00+01:00,2784.03,36960.13,14687.05,70422.31,23.46
2020-03-02T19:00+01:00,2969.46,36809.63,15211.78,69777.15,23.46
2020-03-02T20:00+01:00,2730.35,35397.12,14983.97,65638.05,23.46
2020-03-02T21:00+01:00,2051.29,33807.13,15221.33,62117.28,23.46
2020-03-02T22:00+01:00,1665.2,31191.51,15357.16,58866.47,23.46
2020-03-02T23:00+01:00,1057.96,28068.63,16320.74,54524.69,23.46
2020-03-03T00:00+01:00,1697.5,25592.58,17648.34,51137.31,23.46
2020-03-03T01:00+01:00,2902.98,23419.29,18750.27,49613.44,23.46
2020-03-03T02:00+01:00,2987.36,21865.37,19567.44,49202.56,23.46
2020-03-03T03:00+01:00,2953.37,21793.42,19915.31,50133.7,23.46
2020-03-03T04:00+01:00,2056.02,24124.93,20169.81,51634.5,23.46
2020-03-03T05:00+01:00,362.72,27591.41,20576.45,55234.87,23.46
2020-03-03T06:00+01:00,-2012.95,33272.78,20492.94,62749.3,23.46
2020-03-03T07:00+01:00,-3631.04,36705.42,20785.75,67279.61,23.46
2020-03-03T08:00+01:00,-5939.34,38046.19,22330.56,69469.47,23.46
2020-03-03T09:00+01:00,-6505.78,37886.38,24891.29,69326.72,23.46
2020-03-03T10:00+01:00,-6424.57,36947.47,28406.55,70134.96,23.46
2020-03-03T11:00+01:00,-8907.99,36474.32,31143.2,71074.76,23.46
2020-03-03T12:00+01:00,-9853.85,36757.37,32553.77,69750.27,23.46
2020-03-03T13:00+01:00,-9827.45,37073.05,32225.77,69054.68,23.46
2020-03-03T14:00+01:00,-8058.14,37148.32,29403.62,68125.67,23.46
2020-03-03T15:00+01:00,-5294.78,37466.88,25283.06,67138.81,23.46
2020-03-03T16:00+01:00,-2026.86,38344.28,20469.29,65753.4,23.46
2020-03-03T17:00+01:00,-1141.89,38998.71,16176.13,66331.23,23.46
2020-03-03T18:00+01:00,1574.01,39225.7,15348.91,69321.41,23.46
2020-03-03T19:00+01:00,-305.85,39424.09,16231.08,69453.83,23.46
2020-03-03T20:00+01:00,-3317.75,38756.08,17591.95,65668.42,23.46
2020-03-03T21:00+01:00,-2132.45,36381.05,18394.06,61999.37,23.46
2020-03-03T22:00+01:00,-3784.81,34037.65,19707.14,58942.36,23.46
2020-03-03T23:00+01:00,-3434.1,30664.91,20690.03,54975.76,23.46
2020-03-04T00:00+01:00,-2555.5,27804.18,20892.95,52791.61,23.46
2020-03-04T01:00+01:00,-1388.54,26324.27,20865.15,51053.9,23.46
2020-03-04T02:00+01:00,-1210.35,25809.34,20535.1,50318.07,23.46
2020-03-04T03:00+01:00,72.31,25156.85,20576.55,51048.79,23.46
2020-03-04T04:00+01:00,829.6,25992.89,19832.29,52339.98,23.46
2020-03-04T05:00+01:00,-1371.78,29814.21,19355.48,55606.06,23.46
2020-03-04T06:00+01:00,-2410.94,35142.32,18909.09,62694.94,23.46
2020-03-04T07:00+01:00,-3373,37462.21,19356.68,67771.69,23.46
2020-03-04T08:00+01:00,-6056.43,38657.35,21688.96,69895.44,23.46
2020-03-04T09:00+01:00,-7645.78,38601.49,24763.76,69712.66,23.46
2020-03-04T10:00+01:00,-7243.26,37745.38,27245.41,70168.69,23.46
2020-03-04T11:00+01:00,-8511.04,37762.48,29505.81,70983.26,23.46
2020-03-04T12:00+01:00,-8414.59,37212.25,29870.91,70384.89,23.46
2020-03-04T13:00+01:00,-8164.58,37159.59,29161.77,69343.67,23.46
2020-03-04T14:00+01:00,-6645.69,37175.57,27403.1,67853.67,23.46
2020-03-04T15:00+01:00,-5060.32,37655.2,23563.46,67218.76,23.46
2020-03-04T16:00+01:00,-2198.14,38420,18537.41,66266.54,23.46
2020-03-04T17:00+01:00,345.2,38954.77,14025.27,67142.03,23.46
2020-03-04T18:00+01:00,758.7,40297.66,12554.5,69676.16,23.46
2020-03-04T19:00+01:00,1051.8,40131.5,12990.75,69429.18,23.46
2020-03-04T20:00+01:00,-1098.15,39075.82,13620.89,65118.53,23.46
2020-03-04T21:00+01:00,-1043.08,37199.66,14436.38,61467.86,23.46
2020-03-04T22:00+01:00,-1923.22,35240.85,15105.96,58310.16,23.46
2020-03-04T23:00+01:00,-1773.65,31635.87,15563.95,54077.94,23.46
2020-03-05T00:00+01:00,373.62,28784.49,15239.39,52188.79,23.46
2020-03-05T01:00+01:00,1965.17,26977.65,14891.78,50072.21,23.46
2020-03-05T02:00+01:00,2262.09,26730.48,14228.31,48926.65,23.46
2020-03-05T03:00+01:00,2877.89,27172.73,13718,49770.77,23.46
2020-03-05T04:00+01:00,2528.08,28831.49,13251.15,51069.66,23.46
2020-03-05T05:00+01:00,-389.92,31571.7,13235.13,53836.38,23.46
2020-03-05T06:00+01:00,300.69,35287.18,13762.82,60949.75,23.46
2020-03-05T07:00+01:00,109.42,36435.88,15382.91,66024.09,23.46
2020-03-05T08:00+01:00,-1975.22,36424.41,18895.27,68410.08,23.46
2020-03-05T09:00+01:00,-3272.83,35782.18,21764.19,68870.66,23.46
2020-03-05T10:00+01:00,-4113.5,35158.76,25066.4,69508.98,23.46
2020-03-05T11:00+01:00,-3938.14,34877.68,26846.85,70570.11,23.46
2020-03-05T12:00+01:00,-5287.08,34025.72,28109.5,70469.13,23.46
2020-03-05T13:00+01:00,-4461.06,33731.62,28006.87,69984.28,23.46
2020-03-05T14:00+01:00,-4262.93,33471.53,28095.73,69105.94,23.46
2020-03-05T15:00+01:00,-2094.39,32566.26,27846.92,68410.11,23.46
2020-03-05T16:00+01:00,-2587.62,31577.01,28373.9,68010.16,23.46
2020-03-05T17:00+01:00,-4950.2,32079.88,28460.72,69465.12,23.46
2020-03-05T18:00+01:00,-6904.97,32300.63,31166.57,72335.41,23.46
2020-03-05T19:00+01:00,-6969.21,31404.02,33815.08,71342.14,23.46
2020-03-05T20:00+01:00,-5792.92,26658.56,34958.19,67202.84,23.46
2020-03-05T21:00+01:00,-4109.87,21953.78,35862.28,63734.15,23.46
2020-03-05T22:00+01:00,-5256.18,20251.48,35526.82,60635.95,23.46
2020-03-05T23:00+01:00,-5387.66,18537.39,34471.51,56551,23.46
2020-03-06T00:00+01:00,-3145.86,17434.9,33427.61,52986.88,23.46
2020-03-06T01:00+01:00,-3490.48,16968.17,33029.61,50921.04,23.46
2020-03-06T02:00+01:00,-1835.68,15919.66,32417.76,50474.7,23.46
2020-03-06T03:00+01:00,-1534.63,16520.62,32839.15,50929.02,23.46
2020-03-06T04:00+01:00,-1232.53,16763.83,32859.57,52670.8,23.46
2020-03-06T05:00+01:00,-4564.82,20181.02,33144.37,56046.02,23.46
2020-03-06T06:00+01:00,-4496.21,24626.06,33788.2,63590.78,23.46
2020-03-06T07:00+01:00,-5066.61,26501.57,34162.98,68464.95,23.46
2020-03-06T08:00+01:00,-4554.35,26986.68,34908.64,71086.34,23.46
2020-03-06T09:00+01:00,-5647.9,26756.43,36505.85,71811.88,23.46
2020-03-06T10:00+01:00,-3899.01,27495.66,36841.52,72866.22,23.46
2020-03-06T11:00+01:00,-3471.69,27786.04,36514.43,73577.65,23.38
2020-03-06T12:00+01:00,-2280.79,27701.61,35553.69,72655.22,23.36
2020-03-06T13:00+01:00,-1921.08,27551.87,34171.91,71490.45,23.36
2020-03-06T14:00+01:00,-201.07,26966.35,32729.46,70041.22,23.36
2020-03-06T15:00+01:00,170.6,26758.46,31363.23,69046.83,23.36
2020-03-06T16:00+01:00,670.13,26650.06,30364,68068.3,23.36
2020-03-06T17:00+01:00,-414.83,27078.5,29644.73,68412.66,23.36
2020-03-06T18:00+01:00,-1662.41,27597.55,29407.29,69618.87,23.36
2020-03-06T19:00+01:00,-641.02,27198.35,29637.2,68202.69,23.36
2020-03-06T20:00+01:00,-3009.22,26480.81,28956.09,63653.35,23.36
2020-03-06T21:00+01:00,-3796.9,25575.31,27774.13,60229.87,23.36
2020-03-06T22:00+01:00,-4512.03,24839.71,26562.94,57313.56,23.36
2020-03-06T23:00+01:00,-3962.66,22816.13,25921.01,53883.1,23.36
2020-03-07T00:00+01:00,-4921.62,20499.12,25231.52,50830.69,23.36
2020-03-07T01:00+01:00,-6363.58,20263.8,25488.6,48582.14,23.36
2020-03-07T02:00+01:00,-6139.9,19682.43,26073.96,47613.4,23.36
2020-03-07T03:00+01:00,-4400.96,18978.89,26103.37,47443.48,23.36
2020-03-07T04:00+01:00,-2796.9,19053.46,25907.39,47701.7,23.36
2020-03-07T05:00+01:00,-4638.8,19864.72,25586.44,47825.55,23.36
2020-03-07T06:00+01:00,-5797.66,20856.29,24818.09,48896.62,23.36
2020-03-07T07:00+01:00,-5487.17,21556.63,24980.04,51473.53,23.36
2020-03-07T08:00+01:00,-5041.78,22546.36,26317.27,55009.27,23.36
2020-03-07T09:00+01:00,-5056.47,22802.49,28165.99,57975.8,23.36
2020-03-07T10:00+01:00,-4279.62,22107.31,30418.64,60209.13,23.36
2020-03-07T11:00+01:00,-4539.08,21121.62,32283.87,60871.76,23.36
2020-03-07T12:00+01:00,-5370.39,20581.35,34229.28,59826.69,23.36
2020-03-07T13:00+01:00,-3481.42,18944.06,34956.27,58253.56,23.36
2020-03-07T14:00+01:00,-4034.18,19286.39,33390.3,56281.72,23.36
2020-03-07T15:00+01:00,-1721.23,19601.03,30031.37,55238.55,23.36
2020-03-07T16:00+01:00,158.78,20981.18,24712.65,54917.18,23.36
2020-03-07T17:00+01:00,1395.69,21967.41,20273.38,55619.18,23.36
2020-03-07T18:00+01:00,1590.85,22705.13,19344.13,59153.2,23.36
2020-03-07T19:00+01:00,710.39,22243.3,21738.2,59185.89,23.36
2020-03-07T20:00+01:00,-2642.68,20724.07,25019.21,56259.45,23.36
2020-03-07T21:00+01:00,-4005.52,18701.98,27343.33,53591.64,23.36
2020-03-07T22:00+01:00,-4655.57,17268.35,28657.72,51902.6,23.36
2020-03-07T23:00+01:00,-5538.66,15598.17,29739.54,49615.85,23.36
2020-03-08T00:00+01:00,-5510.09,13465.39,30235.41,46721.22,23.36
2020-03-08T01:00+01:00,-6852,12638.17,30238.58,44871.76,23.36
2020-03-08T02:00+01:00,-6806.16,12354.07,30072.42,44167.64,23.36
2020-03-08T03:00+01:00,-6685.72,12082.7,30707.36,43674.84,23.36
2020-03-08T04:00+01:00,-6315.1,12121.01,31792.19,44471.37,23.36
2020-03-08T05:00+01:00,-8129.99,11930.3,32826.92,44748.53,23.36
2020-03-08T06:00+01:00,-8718.81,11871.73,33697.33,44689.55,23.36
2020-03-08T07:00+01:00,-9472.42,11737.78,35997.62,46168.86,23.36
2020-03-08T08:00+01:00,-9894.57,11626.92,40546.23,49276.16,23.36
2020-03-08T09:00+01:00,-10302.76,11282.31,44515.1,52452.96,23.36
2020-03-08T10:00+01:00,-10580.06,11023.53,48539.65,54894.1,23.36
2020-03-08T11:00+01:00,-11209.38,10950.09,51535.35,57298.21,23.36
2020-03-08T12:00+01:00,-12309.66,10908.63,52452.72,57029.16,23.36
2020-03-08T13:00+01:00,-12068.48,10881.6,51282.69,54911.46,23.36
2020-03-08T14:00+01:00,-11180.38,10892.76,48644.61,53627.99,23.36
2020-03-08T15:00+01:00,-9574.87,10961.74,44470.81,52999.18,23.36
2020-03-08T16:00+01:00,-6250.76,11480.98,38592.6,52822.05,23.36
2020-03-08T17:00+01:00,-2689.5,13705.69,33897.73,54413.55,23.36
2020-03-08T18:00+01:00,-2314.13,16567.08,31711.68,58287.84,23.36
2020-03-08T19:00+01:00,-4414.57,17810.61,30624.77,58192.36,23.36
2020-03-08T20:00+01:00,-6328.64,18050.86,29569.47,55325.81,23.36
2020-03-08T21:00+01:00,-5644.09,18076.43,28283.92,53265.84,23.36
2020-03-08T22:00+01:00,-3553.88,18104.61,27345.37,51982.53,23.36
2020-03-08T23:00+01:00,-3805.22,17127.42,26154.74,48841.89,23.36
2020-03-09T00:00+01:00,-3254.17,16623.84,24965.3,45933.2,23.36
2020-03-09T01:00+01:00,-2015.38,16623.6,23516.61,44271.6,23.36
2020-03-09T02:00+01:00,774.5,15661.17,22490.08,43708.47,23.36
2020-03-09T03:00+01:00,1461.94,16010.79,21248.94,44391.36,23.36
2020-03-09T04:00+01:00,2205.84,17609.97,19909.53,46117.6,23.36
2020-03-09T05:00+01:00,1904.57,20802.72,19300.39,50335.22,23.36
2020-03-09T06:00+01:00,4759,25024.93,19144.16,59703.58,23.36
2020-03-09T07:00+01:00,4402.11,27356.36,19828.82,65092.64,23.36
2020-03-09T08:00+01:00,2759.73,28811.99,20630.75,67821.26,23.36
2020-03-09T09:00+01:00,1106.25,29491.58,23046.27,68148.3,23.36
2020-03-09T10:00+01:00,1676.21,28481.65,26653.47,69029.28,23.36
2020-03-09T11:00+01:00,2250.87,27235.2,29463.65,69192.99,23.36
2020-03-09T12:00+01:00,-109.32,27443.01,31394.8,68531.18,23.36
2020-03-09T13:00+01:00,-764.06,27160.6,31953.49,67975.1,23.36
2020-03-09T14:00+01:00,-2064.7,28052.48,31244.83,67072.66,23.36
2020-03-09T15:00+01:00,195.22,28593.72,28824.81,65807,23.36
2020-03-09T16:00+01:00,2800.94,28631.06,24053.53,65289.65,23.36
2020-03-09T17:00+01:00,4798.97,29790.86,19497.13,66039.42,23.36
2020-03-09T18:00+01:00,3268.73,30859.57,19142.36,69001.35,23.36
2020-03-09T19:00+01:00,2789.07,30927.88,21805.12,69329.67,23.36
2020-03-09T20:00+01:00,-370.46,29625.51,24113.33,65284.42,23.36
2020-03-09T21:00+01:00,-1396.78,26754.89,26976.78,62321.36,23.36
2020-03-09T22:00+01:00,-3111.13,23566.84,29532.78,59343.3,23.36
2020-03-09T23:00+01:00,-3628.01,18526.84,32540.74,55751.32,23.36
2020-03-10T00:00+01:00,-3532.56,15658.59,34660.52,53057.88,23.36
2020-03-10T01:00+01:00,-4424.84,14730.26,35938.41,51746.83,23.36
2020-03-10T02:00+01:00,-4416.15,14237.52,37658.77,51094.44,23.36
2020-03-10T03:00+01:00,-4534.38,14196.07,39688.3,52015.74,23.36
2020-03-10T04:00+01:00,-4052.55,14537.67,41681.12,54304.31,23.36
2020-03-10T05:00+01:00,-5556.98,15320.86,43845.41,57877.12,23.36
2020-03-10T06:00+01:00,-5368.38,17126.97,46261.22,65409.69,23.36
2020-03-10T07:00+01:00,-6768.79,18975.6,47636.67,70816.45,23.36
2020-03-10T08:00+01:00,-7761.04,19816.05,48651.5,73625.9,23.36
2020-03-10T09:00+01:00,-6735.66,20160.78,49734.97,74512.97,23.36
2020-03-10T10:00+01:00,-5623.15,19999.07,50989.66,75940.15,23.36
2020-03-10T11:00+01:00,-5870.75,20455.2,51526.59,76414.02,23.36
2020-03-10T12:00+01:00,-5844.07,20025.8,51023.41,75500.44,23.36
2020-03-10T13:00+01:00,-5023.49,20105.2,49988.85,74861.36,23.36
2020-03-10T14:00+01:00,-4676.64,19895.22,48688.8,73436.16,23.36
2020-03-10T15:00+01:00,-3980.68,19519.77,47819.52,72851.94,23.36
2020-03-10T16:00+01:00,-3319.84,18459.4,47855.85,71967.53,23.36
2020-03-10T17:00+01:00,-4023.2,18457.73,48809.14,73173.46,23.36
2020-03-10T18:00+01:00,-5457.07,19888.84,50434.93,74659.69,23.36
2020-03-10T19:00+01:00,-7498.64,19711.34,51435.87,73978.82,23.36
2020-03-10T20:00+01:00,-7525.24,16636.44,51618.52,69640.18,23.36
2020-03-10T21:00+01:00,-6242.67,13530.61,51707.81,65472.35,23.36
2020-03-10T22:00+01:00,-8173.62,13054.9,50819.27,62280.78,23.36
2020-03-10T23:00+01:00,-11223.89,12715.53,51174.44,58482.32,23.36
2020-03-11T00:00+01:00,-11904.78,12350.38,50525.32,55221.96,23.36
2020-03-11T01:00+01:00,-13307.09,12268.88,49708.49,53198.4,23.36
2020-03-11T02:00+01:00,-13257.39,12254.07,48167.85,52169.8,23.36
2020-03-11T03:00+01:00,-11665.4,12397.78,45722.97,52723.96,23.36
2020-03-11T04:00+01:00,-8853.14,12945.16,44262.35,54270.4,23.36
2020-03-11T05:00+01:00,-4916.93,14312.38,41513.15,57385.52,23.36
2020-03-11T06:00+01:00,-3213.13,17117.1,39099.99,64143.76,23.36
2020-03-11T07:00+01:00,-361.11,18828.33,37052.5,68360.75,23.36
2020-03-11T08:00+01:00,2119.74,18283.01,38315.95,70812.7,23.36
2020-03-11T09:00+01:00,-247.44,18153.72,41330.16,71672.26,23.36
2020-03-11T10:00+01:00,-1457.99,17660.42,45147.13,73017.06,23.36
2020-03-11T11:00+01:00,-2273.14,17370.53,47994.38,74157.76,23.36
2020-03-11T12:00+01:00,-3176.14,17081.59,49460.39,73246.02,23.36
2020-03-11T13:00+01:00,-2265.57,16956.82,48746.82,72340.63,23.36
2020-03-11T14:00+01:00,-347.56,17088.91,47046.18,70957.03,23.36
2020-03-11T15:00+01:00,79.49,17515,42537.31,69331.95,23.36
2020-03-11T16:00+01:00,1957.23,17970.29,36908.45,67384.12,23.36
2020-03-11T17:00+01:00,5420.86,18301.27,32209.12,67217.83,23.36
2020-03-11T18:00+01:00,6749.96,18823.16,31170.62,69847.4,23.36
2020-03-11T19:00+01:00,4328.92,18830.49,34132.33,70448.11,23.36
2020-03-11T20:00+01:00,-521.06,17675.11,38001.95,67222.88,23.36
2020-03-11T21:00+01:00,-3700.09,15124.49,40299.14,63582.8,23.36
2020-03-11T22:00+01:00,-5011.77,13754.42,41586.49,60307.17,23.36
2020-03-11T23:00+01:00,-6326.13,12109.69,43348.3,56523.72,23.36
2020-03-12T00:00+01:00,-9055.29,11224.7,44644.63,53913.33,23.36
2020-03-12T01:00+01:00,-11170.23,11451.67,46073.58,52123.31,23.36
2020-03-12T02:00+01:00,-11735.77,11236.43,46799.14,51475.12,23.36
2020-03-12T03:00+01:00,-11886.16,11202.57,48425.56,52008.36,23.36
2020-03-12T04:00+01:00,-11275.08,11439.09,49808.74,54008.47,23.36
2020-03-12T05:00+01:00,-11019.92,12091.27,50591.31,58318.84,23.36
2020-03-12T06:00+01:00,-8608.76,13561.38,51407.96,65259.54,23.36
2020-03-12T07:00+01:00,-6976.6,14425.12,52570.86,70287.72,23.36
2020-03-12T08:00+01:00,-7600.92,14302.34,55401.16,72597.74,23.36
2020-03-12T09:00+01:00,-9782.26,13966.11,58917.06,72639.31,23.36
2020-03-12T10:00+01:00,-11175.72,13718.11,63058.17,72844.61,23.36
2020-03-12T11:00+01:00,-10288.69,13429.91,63993.91,74272.36,23.36
2020-03-12T12:00+01:00,-10923.12,13464.94,64338.21,73474.34,23.36
2020-03-12T13:00+01:00,-9618.67,13556.41,63848.38,72324.68,23.36
2020-03-12T14:00+01:00,-9500.07,13705.47,61492.71,71039.17,23.36
2020-03-12T15:00+01:00,-8044.98,13766.24,55962.86,70458.23,23.36
2020-03-12T16:00+01:00,-4789.76,15015.68,49038.1,68789.89,23.36
2020-03-12T17:00+01:00,-2482.71,17052.18,42268.74,69150.85,23.36
2020-03-12T18:00+01:00,312.77,18476.83,38405.78,70874.55,23.36
2020-03-12T19:00+01:00,290.8,18410.29,38170.28,71187.94,23.36
2020-03-12T20:00+01:00,-3402.29,17818.09,38847.07,67504.92,23.36
2020-03-12T21:00+01:00,-3506.88,15402.12,41229.55,64243.11,23.36
2020-03-12T22:00+01:00,-6902.58,14226.36,42858.35,61242.79,23.36
2020-03-12T23:00+01:00,-8116.12,12809.31,43551.74,57122.92,23.36
2020-03-13T00:00+01:00,-8571.24,12832.32,43486.45,53945.18,23.36
2020-03-13T01:00+01:00,-8878.13,12300.91,43635.32,52355.37,23.36
2020-03-13T02:00+01:00,-9639.88,12248.94,43838.26,52051.4,23.36
2020-03-13T03:00+01:00,-9051.45,12056.87,44409.2,52502.72,23.36
2020-03-13T04:00+01:00,-9365.67,12770.15,44993.74,54118.38,23.36
2020-03-13T05:00+01:00,-8055.56,13398.75,44583.59,57796.86,23.36
2020-03-13T06:00+01:00,-6307.94,14738.81,45419.63,64340.16,23.36
2020-03-13T07:00+01:00,-6967.62,16517.6,48266.23,69553.8,23.36
2020-03-13T08:00+01:00,-8517.67,14413.98,53351.65,72042.6,23.36
2020-03-13T09:00+01:00,-11057.19,13567.63,58233.81,72873.88,23.36
2020-03-13T10:00+01:00,-10790.54,13388.41,61682.21,73633.5,23.36
2020-03-13T11:00+01:00,-10495.14,13766.49,64007.66,74158.76,22.92
2020-03-13T12:00+01:00,-11102.13,13790.32,64434.41,73241.16,22.78
2020-03-13T13:00+01:00,-10971.06,13710.4,63826.46,71788.32,22.78
2020-03-13T14:00+01:00,-11504.07,13611.07,61512.11,69786.84,22.78
2020-03-13T15:00+01:00,-10221.21,13818.58,57054.79,68621.7,22.78
2020-03-13T16:00+01:00,-6222.7,15601.1,49067.76,67048.2,22.78
2020-03-13T17:00+01:00,-1571.95,19267.88,41213.44,67500.31,22.78
2020-03-13T18:00+01:00,1357.38,20702.53,36110.79,69216.9,22.78
2020-03-13T19:00+01:00,622.03,20882.06,32865.28,68913.54,22.78
2020-03-13T20:00+01:00,-761.38,20898.25,28509.43,64101.42,22.78
2020-03-13T21:00+01:00,1709.02,19814.57,24285.67,60034.12,22.78
2020-03-13T22:00+01:00,3556.15,19299.86,20534.92,56951.13,22.78
2020-03-13T23:00+01:00,3846.52,18915.8,17178.16,52585.2,22.78
2020-03-14T00:00+01:00,5937.75,17927,14185.28,49612.2,22.78
2020-03-14T01:00+01:00,6723.02,17779.29,12399.13,47773.38,22.78
2020-03-14T02:00+01:00,6977.83,17753.66,10966.59,46354.38,22.78
2020-03-14T03:00+01:00,8104.51,17650.21,10016.33,46062.93,22.78
2020-03-14T04:00+01:00,8723.01,17942.66,9488.87,46037.65,22.78
2020-03-14T05:00+01:00,8210.86,18452.03,9355.9,46287.73,22.78
2020-03-14T06:00+01:00,8168.36,18363.62,9807.97,46387.39,22.78
2020-03-14T07:00+01:00,6847.87,18279.02,13367.12,48685.42,22.78
2020-03-14T08:00+01:00,4587.68,17253.98,19567.19,52438.08,22.78
2020-03-14T09:00+01:00,790.49,16981.95,26183.14,55238.42,22.78
2020-03-14T10:00+01:00,-2377.64,16237.03,31196.78,56292.67,22.78
2020-03-14T11:00+01:00,-1369.7,14671.21,33753.03,57731.41,22.78
2020-03-14T12:00+01:00,-2781.65,13905.6,34314.47,57158.4,22.78
2020-03-14T13:00+01:00,-1934.64,13174.61,33372.74,55431.16,22.78
2020-03-14T14:00+01:00,-476.39,13188.62,31386.53,53962.92,22.78
2020-03-14T15:00+01:00,-554.12,14129.66,29205.88,53093.52,22.78
2020-03-14T16:00+01:00,2429.75,14805.34,26053,53431.41,22.78
2020-03-14T17:00+01:00,2896.75,16945.81,22739.31,55109.88,22.78
2020-03-14T18:00+01:00,2857.17,17620.74,23415.35,58107.47,22.78
2020-03-14T19:00+01:00,586.67,17640.8,27894.91,59356.53,22.78
2020-03-14T20:00+01:00,-3619.81,17089.43,31008.19,56038.75,22.78
2020-03-14T21:00+01:00,-6269.97,16059.79,33307.82,53648.33,22.78
2020-03-14T22:00+01:00,-7778.42,15788.4,34445.96,52635.4,22.78
2020-03-14T23:00+01:00,-8655.19,13792.67,35654.09,49994.95,22.78
2020-03-15T00:00+01:00,-9775.02,12561.73,36012.85,46955.61,22.78
2020-03-15T01:00+01:00,-10305.25,11809.4,36132.6,45080.03,22.78
2020-03-15T02:00+01:00,-11689.27,11735.09,36733.46,44416.79,22.78
2020-03-15T03:00+01:00,-11552.56,11391.96,36984.27,44560.57,22.78
2020-03-15T04:00+01:00,-11798.78,11379.48,37336.15,44933.69,22.78
2020-03-15T05:00+01:00,-11973.21,11384.54,37983.94,45197.31,22.78
2020-03-15T06:00+01:00,-12723.06,11142.15,39017.61,44572.57,22.78
2020-03-15T07:00+01:00,-14080.1,11108.59,42113.75,46227.9,22.78
2020-03-15T08:00+01:00,-14798.65,11146.57,46969.38,49608.7,22.78
2020-03-15T09:00+01:00,-14781.12,10893.56,49598.07,52295.98,22.78
2020-03-15T10:00+01:00,-13921.62,10681.67,52995.06,54289.94,22.78
2020-03-15T11:00+01:00,-14284.45,10627.71,55516.99,56190.28,22.78
2020-03-15T12:00+01:00,-13288.1,10314.54,54327.07,55585.24,22.78
2020-03-15T13:00+01:00,-12254.35,10179.15,51042.14,53727.09,22.78
2020-03-15T14:00+01:00,-11555,10234.1,47512.91,51598.14,22.78
2020-03-15T15:00+01:00,-11525.46,10567.26,44576.56,50334.77,22.78
2020-03-15T16:00+01:00,-8415.38,10931.83,40477.5,50453.74,22.78
2020-03-15T17:00+01:00,-3170.08,12119.17,33803.52,52817.68,22.78
2020-03-15T18:00+01:00,-2994.88,15563.85,30682.97,57279.15,22.78
2020-03-15T19:00+01:00,-2037.63,16750.87,31159.88,58434.53,22.78
2020-03-15T20:00+01:00,-4060.1,16512.05,31723.49,55650.81,22.78
2020-03-15T21:00+01:00,-5454.56,16530.48,32181,53638.77,22.78
2020-03-15T22:00+01:00,-4325.78,16500.55,31306.37,52992.32,22.78
2020-03-15T23:00+01:00,-5380.14,15453.84,30254.07,49927.05,22.78
2020-03-16T00:00+01:00,-3206.75,13608.52,28879.61,46973.69,22.78
2020-03-16T01:00+01:00,-2450.42,13594.79,28012.83,45072.18,22.78
2020-03-16T02:00+01:00,-1353.14,13737.84,27085.12,44624.37,22.78
2020-03-16T03:00+01:00,195.81,14108.99,25810.29,45597.89,22.78
2020-03-16T04:00+01:00,13.24,15619.35,24817.27,47506.6,22.78
2020-03-16T05:00+01:00,480.99,18504.45,23869.67,51736.01,22.78
2020-03-16T06:00+01:00,2962.65,22783.99,22486.68,58940.11,22.78
2020-03-16T07:00+01:00,2255.5,25839.7,24377.79,63489.86,22.78
2020-03-16T08:00+01:00,-1325.73,26704.41,28745.04,65663.99,22.78
2020-03-16T09:00+01:00,-4551.96,26885.7,32862.24,66139.01,22.78
2020-03-16T10:00+01:00,-5968.83,26291.66,36046.5,66896.53,22.78
2020-03-16T11:00+01:00,-5351.46,25769.47,37760.53,67980.68,22.78
2020-03-16T12:00+01:00,-5705.27,24964.35,37859.14,67429.29,22.78
2020-03-16T13:00+01:00,-4961.54,25212.45,36352.76,66091.14,22.78
2020-03-16T14:00+01:00,-2566.35,25648.12,33096.2,64708.95,22.78
2020-03-16T15:00+01:00,152.54,27095.46,27428.77,63185.78,22.78
2020-03-16T16:00+01:00,2663.9,29770.19,19862.62,61760.08,22.78
2020-03-16T17:00+01:00,5442.06,32154.67,12964.43,62933.46,22.78
2020-03-16T18:00+01:00,8116.54,33499.43,10304.11,65772.91,22.78
2020-03-16T19:00+01:00,7672.23,33986.38,10260.49,67041.47,22.78
2020-03-16T20:00+01:00,6075.8,33079.27,10141.54,62856.47,22.78
2020-03-16T21:00+01:00,6655.73,31759.67,10103.44,58908.83,22.78
2020-03-16T22:00+01:00,5048.78,30055.65,9842.38,55486.31,22.78
2020-03-16T23:00+01:00,5009.86,27038.84,10214.69,51533.3,22.78
2020-03-17T00:00+01:00,2909.95,25088.46,11058.2,48009.68,22.78
2020-03-17T01:00+01:00,3485.2,23265.53,12279.46,46095.79,22.78
2020-03-17T02:00+01:00,4021.57,21965.43,13597.48,45366.55,22.78
2020-03-17T03:00+01:00,4359.47,21689.07,15150.73,46118.18,22.78
2020-03-17T04:00+01:00,4882.71,21777.91,16264.43,48441.03,22.78
2020-03-17T05:00+01:00,3067.36,23962.71,17751.75,51898.65,22.78
2020-03-17T06:00+01:00,3505.78,27551.42,19676.81,58130.03,22.78
2020-03-17T07:00+01:00,1997.84,28129.25,21720.6,63096.52,22.78
2020-03-17T08:00+01:00,-485.47,29096.43,25124.96,66020.37,22.78
2020-03-17T09:00+01:00,-500.04,28780.33,28699.41,66854.83,22.78
2020-03-17T10:00+01:00,-2078.39,28039.39,32590.2,67644.68,22.78
2020-03-17T11:00+01:00,-2141.48,26784.59,36493.94,69869.56,22.78
2020-03-17T12:00+01:00,-1587.01,25963.3,39200.89,69158.54,22.78
2020-03-17T13:00+01:00,-1911.15,24269.19,39524.68,68172.59,22.78
2020-03-17T14:00+01:00,-1322.33,24120.06,37590.85,66938.03,22.78
2020-03-17T15:00+01:00,195.48,25065.29,33641.92,65531.54,22.78
2020-03-17T16:00+01:00,1728.7,26154.58,28185.53,64023.38,22.78
2020-03-17T17:00+01:00,3173.98,27904.04,22722.07,64934.88,22.78
2020-03-17T18:00+01:00,4351.82,29118.06,20435.13,67358.75,22.78
2020-03-17T19:00+01:00,3261.99,29342.23,21202.12,68478.38,22.78
2020-03-17T20:00+01:00,3326.55,28156.58,22254.92,64569.88,22.78
2020-03-17T21:00+01:00,-538.35,27582.72,23034.88,60584.4,22.78
2020-03-17T22:00+01:00,-1915.17,25953.29,23707.36,56866.4,22.78
2020-03-17T23:00+01:00,-2437.43,23094,24978.15,53203.59,22.78
2020-03-18T00:00+01:00,-3757.62,20714.3,25607.69,50250.02,22.78
2020-03-18T01:00+01:00,-4124.28,20104.3,26685.72,48683.37,22.78
2020-03-18T02:00+01:00,-2674.01,18405.06,27898.17,48191.76,22.78
2020-03-18T03:00+01:00,-2228.82,17646.91,28587.32,49020.89,22.78
2020-03-18T04:00+01:00,-1542.45,18222.19,29543.44,50599.22,22.78
2020-03-18T05:00+01:00,-2143.84,20152.89,30437.99,54129.96,22.78
2020-03-18T06:00+01:00,-3103.82,23456.79,31667.2,59730.51,22.78
2020-03-18T07:00+01:00,-4335.91,24154.84,34099.13,64601.73,22.78
2020-03-18T08:00+01:00,-5354.39,24070.68,37922.5,67148.98,22.78
2020-03-18T09:00+01:00,-5878.27,22618.64,42233.47,67538.23,22.78
2020-03-18T10:00+01:00,-6711.1,20688.71,47324.99,68189.9,22.78
2020-03-18T11:00+01:00,-6274.06,19006.47,49747.48,69532,22.78
2020-03-18T12:00+01:00,-5584.96,18705.31,49146.03,68910.76,22.78
2020-03-18T13:00+01:00,-4387.88,18890.28,46422.24,67086.1,22.78
2020-03-18T14:00+01:00,-3547.54,20269.7,41828.2,65323.3,22.78
2020-03-18T15:00+01:00,-1844.46,21857.18,35569.47,64237.79,22.78
2020-03-18T16:00+01:00,2382.34,22641.15,28116.23,62412,22.78
2020-03-18T17:00+01:00,3758.55,25376.1,20152.1,62945.16,22.78
2020-03-18T18:00+01:00,5950.38,27352.4,16346.12,65238.67,22.78
2020-03-18T19:00+01:00,6679.35,27664.25,15658.69,66512,22.78
2020-03-18T20:00+01:00,5239.96,26983.23,14660.18,62499.06,22.78
2020-03-18T21:00+01:00,6612.73,26459.14,14044.59,58576.17,22.78
2020-03-18T22:00+01:00,4984.26,25677.92,13516.44,55151.85,22.78
2020-03-18T23:00+01:00,4135.39,24881.05,12978.25,50716.85,22.78
2020-03-19T00:00+01:00,2849.09,23433.86,12553.06,48233.51,22.78
2020-03-19T01:00+01:00,3927.13,23404.11,12042.18,46419.82,22.78
2020-03-19T02:00+01:00,4476.89,23442.86,11630.93,45475.91,22.78
2020-03-19T03:00+01:00,6215.48,22993.33,11300.73,46219.59,22.78
2020-03-19T04:00+01:00,6153.86,23629.01,10838.79,47583.57,22.78
2020-03-19T05:00+01:00,5955.97,25293.98,10396.42,50564.17,22.78
2020-03-19T06:00+01:00,6818.46,28314.98,10047.43,56085.65,22.78
2020-03-19T07:00+01:00,6187.53,28948.46,12224.55,60873.86,22.78
2020-03-19T08:00+01:00,3993.5,29886.38,16520.24,63628.91,22.78
2020-03-19T09:00+01:00,2554.1,28882.2,21352.36,64529.12,22.78
2020-03-19T10:00+01:00,949.64,28033.15,25844.11,64712.36,22.78
2020-03-19T11:00+01:00,487.18,27084.39,28756.73,65855.48,22.78
2020-03-19T12:00+01:00,1200.82,25698.2,29615.67,65696.23,22.78
2020-03-19T13:00+01:00,2026.78,25361.8,28450.44,64372.02,22.78
2020-03-19T14:00+01:00,2152.9,25660.49,25814.25,62913.53,22.78
2020-03-19T15:00+01:00,3341.7,26871.41,21490.74,62220.11,22.78
2020-03-19T16:00+01:00,5319.85,28600.65,16513.17,60978.7,22.78
2020-03-19T17:00+01:00,6748.95,29572.57,12251.95,61559.2,22.78
2020-03-19T18:00+01:00,7332.64,30559.13,10693.37,64171.37,22.78
2020-03-19T19:00+01:00,8405.43,30428.7,11142.44,65139.63,22.78
2020-03-19T20:00+01:00,7896.56,28961.54,11356.58,61376.72,22.78
2020-03-19T21:00+01:00,6450.56,28367.4,11365.63,57429.61,22.78
2020-03-19T22:00+01:00,4602.06,27761.12,11043.57,54356.59,22.78
2020-03-19T23:00+01:00,4050.38,25505.42,10649.32,49925.18,22.78
2020-03-20T00:00+01:00,3279.99,23673.01,10736.26,46728.62,22.78
2020-03-20T01:00+01:00,3764.46,22648.52,10853.4,44764.85,22.78
2020-03-20T02:00+01:00,5062.7,22271.02,11054.44,44218.21,22.78
2020-03-20T03:00+01:00,5709.24,22242.96,11136.92,44759.64,22.78
2020-03-20T04:00+01:00,5226.76,22563.45,11441.64,46492.65,22.78
2020-03-20T05:00+01:00,4344.59,23670.94,12113.2,49431.99,22.78
2020-03-20T06:00+01:00,7928.56,24468.29,12855.33,54819.62,22.78
2020-03-20T07:00+01:00,7184.06,24625.67,15866.29,59679.5,22.78
2020-03-20T08:00+01:00,6680.25,24454.64,19549.1,62660,22.78
2020-03-20T09:00+01:00,4600.3,24430.84,23748.51,63709.99,22.78
2020-03-20T10:00+01:00,3919.9,23415.48,27310.89,64870.95,22.78
2020-03-20T11:00+01:00,3293.79,22721.18,29731.58,66147.33,17.96
2020-03-20T12:00+01:00,2438.72,22568.84,30487.21,65561.88,16.35
2020-03-20T13:00+01:00,3206.08,22096.51,30282.57,63424.22,16.35
2020-03-20T14:00+01:00,2246.56,21805.37,29839.63,61599.25,16.35
2020-03-20T15:00+01:00,1769.59,22104.48,28817.95,60816.88,16.35
2020-03-20T16:00+01:00,2269.05,22505.95,27068.9,60611.57,16.35
2020-03-20T17:00+01:00,2459.03,23319.98,25176.04,61149.64,16.35
2020-03-20T18:00+01:00,3225.41,23810.48,24686.87,63008.96,16.35
2020-03-20T19:00+01:00,1729.21,24109.32,25669.82,63570.2,16.35
2020-03-20T20:00+01:00,665.26,22632.63,26469.66,59921.87,16.35
2020-03-20T21:00+01:00,543.25,20078.79,27749.28,56871.62,16.35
2020-03-20T22:00+01:00,-1238.21,19141.4,27519.61,54105.1,16.35
2020-03-20T23:00+01:00,-3697.55,17654.09,28031.36,50540.34,16.35
2020-03-21T00:00+01:00,-1917.58,13599.54,29212.49,47350.38,16.35
2020-03-21T01:00+01:00,-1867.76,11691.34,30875.03,45798.98,16.35
2020-03-21T02:00+01:00,-3903.5,10726.45,31386.71,45236.05,16.35
2020-03-21T03:00+01:00,-4233.89,10566.02,32082.02,45640.69,16.35
2020-03-21T04:00+01:00,-4588.91,10535.3,33213.39,45838.24,16.35
2020-03-21T05:00+01:00,-5290.72,10653.94,33837.14,46185.44,16.35
2020-03-21T06:00+01:00,-6598.78,10749.33,33823.04,46057.1,16.35
2020-03-21T07:00+01:00,-6413.18,10834.46,34542.24,48208.43,16.35
2020-03-21T08:00+01:00,-5279.32,10663.93,38957.31,51946.34,16.35
2020-03-21T09:00+01:00,-6489.33,10468.07,45481.46,55531.88,16.35
2020-03-21T10:00+01:00,-9686.81,10275.43,51181.84,57962.14,16.35
2020-03-21T11:00+01:00,-11494.32,10275.01,53580.61,59479.97,16.35
2020-03-21T12:00+01:00,-11968.78,10274.05,53467.47,59152.37,16.35
2020-03-21T13:00+01:00,-11531.58,10201.27,52468.43,57037.12,16.35
2020-03-21T14:00+01:00,-11048.2,10187.73,50803.96,55250.74,16.35
2020-03-21T15:00+01:00,-8456.07,10303.7,47827.05,54550.66,16.35
2020-03-21T16:00+01:00,-5557.21,10505.71,43812.63,54039.94,16.35
2020-03-21T17:00+01:00,-3481.02,11224.65,38283.64,54891.3,16.35
2020-03-21T18:00+01:00,-1791.15,12514.11,34257.26,57340.75,16.35
2020-03-21T19:00+01:00,-5140.56,13479.75,33923,58302.03,16.35
2020-03-21T20:00+01:00,-4192.76,12865.43,34579.72,55235.89,16.35
2020-03-21T21:00+01:00,-3983.17,11662.91,35776.35,52876.89,16.35
2020-03-21T22:00+01:00,-5316.58,11207.26,35751.72,51812.24,16.35
2020-03-21T23:00+01:00,-6539.88,10969.84,35579.73,49090.03,16.35
2020-03-22T00:00+01:00,-8973.84,10809.15,35073.39,46230.34,16.35
2020-03-22T01:00+01:00,-8685.5,10720.72,34364.99,44179.56,16.35
2020-03-22T02:00+01:00,-8887.78,10420.07,33591.33,43418.28,16.35
2020-03-22T03:00+01:00,-8370.93,10342.32,32864.07,42909.61,16.35
2020-03-22T04:00+01:00,-7722,10202.1,32694.4,43050.82,16.35
2020-03-22T05:00+01:00,-7532.62,10112.73,32700.58,42795.31,16.35
2020-03-22T06:00+01:00,-8365.54,10206.25,33120,41745.91,16.35
2020-03-22T07:00+01:00,-9771.75,10493.31,36138.03,43685.8,16.35
2020-03-22T08:00+01:00,-13229.52,10429.18,43634.82,47214.33,16.35
2020-03-22T09:00+01:00,-14042.42,10354.22,49537.27,50467.38,16.35
2020-03-22T10:00+01:00,-14492.95,10007.78,54352.24,53176.19,16.35
2020-03-22T11:00+01:00,-14695.42,9560.5,56826.66,54678.44,16.35
2020-03-22T12:00+01:00,-14743.12,9560.1,56911.47,54280.53,16.35
2020-03-22T13:00+01:00,-14080.65,9515.73,53658.58,52063.54,16.35
2020-03-22T14:00+01:00,-13497.24,9557.08,50987.73,50139.42,16.35
2020-03-22T15:00+01:00,-11387.79,9828.16,46930.28,49152.33,16.35
2020-03-22T16:00+01:00,-11136.87,10186.59,44074.68,48825.41,16.35
2020-03-22T17:00+01:00,-5688.3,11081.14,36570.43,50191.5,16.35
2020-03-22T18:00+01:00,-2422.78,13520.37,31945.63,53690.09,16.35
2020-03-22T19:00+01:00,-3658.06,14452.57,33139.08,56107.13,16.35
2020-03-22T20:00+01:00,-4559.82,13632.89,34692.75,53676.07,16.35
2020-03-22T21:00+01:00,-3454.67,11966.53,35587.22,52165.66,16.35
2020-03-22T22:00+01:00,-3435.83,11488.84,35208.53,51996.93,16.35
2020-03-22T23:00+01:00,-5398.73,11388.95,35180.77,49371.51,16.35
2020-03-23T00:00+01:00,-4609.38,11418.54,34697.22,47479.4,16.35
2020-03-23T01:00+01:00,-5409.16,11394.22,33780.56,46043.21,16.35
2020-03-23T02:00+01:00,-4340.19,11733.75,32291.05,45389.51,16.35
2020-03-23T03:00+01:00,-2159.09,11655.43,31030.58,45628.4,16.35
2020-03-23T04:00+01:00,-1089.53,12253.7,29917.31,46787.39,16.35
2020-03-23T05:00+01:00,-178.9,13089.72,29090.26,50055.04,16.35
2020-03-23T06:00+01:00,764.89,14722.94,29867.1,55316.62,16.35
2020-03-23T07:00+01:00,-991.39,15022.51,33710.39,60052.08,16.35
2020-03-23T08:00+01:00,-4640.5,14149.39,40319.04,62699.96,16.35
2020-03-23T09:00+01:00,-6694.67,12801.12,48818.83,63552.52,16.35
2020-03-23T10:00+01:00,-8873.11,12545.34,55599.24,65141.87,16.35
2020-03-23T11:00+01:00,-9540.18,12300.85,58459.81,66331.3,16.35
2020-03-23T12:00+01:00,-10490.45,12586.94,57119.05,65116.9,16.35
2020-03-23T13:00+01:00,-7248.48,12582.86,53339.25,63550.14,16.35
2020-03-23T14:00+01:00,-4459.42,12664.2,48541.12,61954.9,16.35
2020-03-23T15:00+01:00,-1251.9,13595.7,42444.14,61251.81,16.35
2020-03-23T16:00+01:00,1905.27,15600.54,34409.48,59870.91,16.35
2020-03-23T17:00+01:00,5831.33,17370.91,26467.07,60325.47,16.35
2020-03-23T18:00+01:00,7115.1,18878.9,23102,62404.17,16.35
2020-03-23T19:00+01:00,7150.47,19313.23,26085.62,64916,16.35
2020-03-23T20:00+01:00,3546.64,18985.52,29634.24,62018.4,16.35
2020-03-23T21:00+01:00,417.73,18009.91,31375.67,58964.62,16.35
2020-03-23T22:00+01:00,-2659.9,17903.65,31732.53,56517.26,16.35
2020-03-23T23:00+01:00,-3970.31,17540.69,31641.23,53553.68,16.35
2020-03-24T00:00+01:00,-3668.89,15941.93,30919.53,50742.77,16.35
2020-03-24T01:00+01:00,-2698,16311.02,30455.72,49183.09,16.35
2020-03-24T02:00+01:00,-1997.06,15851.02,29383.69,48644.94,16.35
2020-03-24T03:00+01:00,-852.52,16104.04,27240.15,48242.72,16.35
2020-03-24T04:00+01:00,-100.09,17600.31,24709.19,48620.16,16.35
2020-03-24T05:00+01:00,1507.19,18498.07,24033.14,51284.93,16.35
2020-03-24T06:00+01:00,2215.97,19183.83,25477.34,56013.61,16.35
2020-03-24T07:00+01:00,46.87,19507.13,29692,60095.72,16.35
2020-03-24T08:00+01:00,-4610.87,19005.96,35001.68,62504.09,16.35
2020-03-24T09:00+01:00,-6560.43,17695.87,42433.57,62983.42,16.35
2020-03-24T10:00+01:00,-7570.09,14910.56,49662.5,64627.66,16.35
2020-03-24T11:00+01:00,-7031.51,14466.82,52186.08,65313.14,16.35
2020-03-24T12:00+01:00,-6585.02,14024.58,52504.32,65142.13,16.35
2020-03-24T13:00+01:00,-6373.07,14028.31,50571.4,63109,16.35
2020-03-24T14:00+01:00,-4615.62,14071.41,46818.8,61212.07,16.35
2020-03-24T15:00+01:00,-2808.88,15360.55,40936.19,59697.17,16.35
2020-03-24T16:00+01:00,-1480.4,18572.77,33576.12,58789.89,16.35
2020-03-24T17:00+01:00,4891.01,20118.93,25775.49,59786.95,16.35
2020-03-24T18:00+01:00,4499.64,21209.75,22777.54,62037.41,16.35
2020-03-24T19:00+01:00,4541.47,21272.07,26947.9,64350.49,16.35
2020-03-24T20:00+01:00,473.71,20846.88,30656.74,61419.27,16.35
2020-03-24T21:00+01:00,-1490.39,19675.73,32107.92,58803.32,16.35
2020-03-24T22:00+01:00,-3912.45,19702.44,32146.85,56261.86,16.35
2020-03-24T23:00+01:00,-5109.48,19356.06,32213.05,53063.01,16.35
2020-03-25T00:00+01:00,-4763.38,18115.16,31757.09,50971.38,16.35
2020-03-25T01:00+01:00,-6644,18304.91,30549.29,48794.97,16.35
2020-03-25T02:00+01:00,-5718.59,18315.37,29353.1,48058.38,16.35
2020-03-25T03:00+01:00,-2515.49,17809.59,27844.71,48476.85,16.35
2020-03-25T04:00+01:00,-1703.03,18264.93,26186.76,49109.23,16.35
2020-03-25T05:00+01:00,-598.45,19625.96,24944.26,51865.54,16.35
2020-03-25T06:00+01:00,1277.13,20514.57,25032.9,55941.7,16.35
2020-03-25T07:00+01:00,-285.46,20820.67,27814.64,60307.87,16.35
2020-03-25T08:00+01:00,-1345.9,20288.36,31923.29,62663.33,16.35
2020-03-25T09:00+01:00,-3489.42,18038.79,39182.76,63259.7,16.35
2020-03-25T10:00+01:00,-7185.14,17392.77,45346.48,63734.62,16.35
2020-03-25T11:00+01:00,-8225.44,17692.05,48129.83,64817.3,16.35
2020-03-25T12:00+01:00,-7680.13,17022.45,49654.21,64614.85,16.35
2020-03-25T13:00+01:00,-6492.71,16267.57,49328.47,62697.35,16.35
2020-03-25T14:00+01:00,-6134.84,16091.51,47444.29,60836.48,16.35
2020-03-25T15:00+01:00,-5800.78,16405.08,43398.56,59730.7,16.35
2020-03-25T16:00+01:00,-3544.72,18295.86,37303.11,58630.51,16.35
2020-03-25T17:00+01:00,1020.17,21253.5,30368.02,59303.21,16.35
2020-03-25T18:00+01:00,433.62,21930.28,27318.19,61493.26,16.35
2020-03-25T19:00+01:00,-205.96,22173.6,30020.26,64206.4,16.35
2020-03-25T20:00+01:00,-3772,21665.33,32302.36,60953.16,16.35
2020-03-25T21:00+01:00,-4060.1,20819.24,32516.05,57930.5,16.35
2020-03-25T22:00+01:00,-5841.67,19719.68,31405.51,55386.46,16.35
2020-03-25T23:00+01:00,-5004.97,18758.13,30163.19,52337.25,16.35
2020-03-26T00:00+01:00,-4485.38,17307.19,29179.75,49223.9,16.35
2020-03-26T01:00+01:00,-4548.37,17138.12,27844.91,47283.66,16.35
2020-03-26T02:00+01:00,-1848.44,16374.23,26908.83,46446.22,16.35
2020-03-26T03:00+01:00,131.34,16137.93,25990.57,46940.72,16.35
2020-03-26T04:00+01:00,-366.4,16787.93,25928.94,47977.36,16.35
2020-03-26T05:00+01:00,-1185.55,18410.24,26297.28,50311.11,16.35
2020-03-26T06:00+01:00,-1699.97,20431,26679.68,54814.4,16.35
2020-03-26T07:00+01:00,-3280.3,20818.91,29227.6,58642.36,16.35
2020-03-26T08:00+01:00,-4742.22,20899.64,33254.11,60930.25,16.35
2020-03-26T09:00+01:00,-7436.96,19030.1,39495.72,61899.34,16.35
2020-03-26T10:00+01:00,-8858.54,16545.54,46200.26,62656.38,16.35
2020-03-26T11:00+01:00,-7854.94,15155.87,49990.64,64111.02,16.35
2020-03-26T12:00+01:00,-8008.29,15375.56,50178.7,63676.07,16.35
2020-03-26T13:00+01:00,-6282.55,15246.55,48012.69,62183.07,16.35
2020-03-26T14:00+01:00,-4631.85,15033.34,45799.8,61316.26,16.35
2020-03-26T15:00+01:00,-3297.79,15486.72,42340.97,60908.22,16.35
2020-03-26T16:00+01:00,-1702.99,16780.21,37071.47,59736.54,16.35
2020-03-26T17:00+01:00,729.65,19203.4,31154.84,60374.42,16.35
2020-03-26T18:00+01:00,1489.03,20303.85,27304.77,62159.01,16.35
2020-03-26T19:00+01:00,102.33,20829.55,29375.84,64255.71,16.35
2020-03-26T20:00+01:00,-3239.11,20703.37,30928.39,60939.74,16.35
2020-03-26T21:00+01:00,-2885.77,20261.68,30581.09,57138.04,16.35
2020-03-26T22:00+01:00,-4563.02,20003.85,29245.01,54288.26,16.35
2020-03-26T23:00+01:00,-5311.52,19600.46,27799.73,50799.96,16.35
2020-03-27T00:00+01:00,-6923.01,19173.15,26099.82,47970.43,16.35
2020-03-27T01:00+01:00,-5478.89,18441.09,25375.1,46000.59,16.35
2020-03-27T02:00+01:00,-5096.18,17193.53,25021.65,45647.9,16.35
2020-03-27T03:00+01:00,-3784.94,17167.84,25312.17,46052.16,16.35
2020-03-27T04:00+01:00,-2778.23,17041.82,25840.22,47684.23,16.35
2020-03-27T05:00+01:00,-2967.18,18575.58,26349.5,50594.52,16.35
2020-03-27T06:00+01:00,-2807.05,20055.18,26923.13,54461.88,16.35
2020-03-27T07:00+01:00,-3062.8,19921.09,29228.26,58639.87,16.35
2020-03-27T08:00+01:00,-3503.42,19978.08,31738.69,60860.51,16.35
2020-03-27T09:00+01:00,-5848.47,19538.97,36357.59,61150.16,16.35
2020-03-27T10:00+01:00,-6953.62,17615.7,42438.7,61916.88,16.35
2020-03-27T11:00+01:00,-7831.52,15806.05,46554.91,62434.19,16.5
2020-03-27T12:00+01:00,-7283.66,14477.21,48165.3,61572.3,16.55
2020-03-27T13:00+01:00,-6740.71,13651.54,47497.75,59948.73,16.55
2020-03-27T14:00+01:00,-5987.62,13373.1,45448.58,58407.76,16.55
2020-03-27T15:00+01:00,-4446.41,13728.98,41607.69,57732.02,16.55
2020-03-27T16:00+01:00,-2650.54,14518.74,36048.26,56703.54,16.55
2020-03-27T17:00+01:00,-1499.15,17242.1,30168.09,57764.11,16.55
2020-03-27T18:00+01:00,-509.69,19080.99,27238.97,59464.96,16.55
2020-03-27T19:00+01:00,-1328.34,19483.72,29882.06,61522.34,16.55
2020-03-27T20:00+01:00,-4172.58,19059.7,30400.86,57987.16,16.55
2020-03-27T21:00+01:00,-4165.14,18800.31,28640.72,54377.19,16.55
2020-03-27T22:00+01:00,-3374.2,18658.69,25778.44,51679.03,16.55
2020-03-27T23:00+01:00,-2327.68,17678.18,23091.15,47941.58,16.55
2020-03-28T00:00+01:00,-1749.95,17027.08,21268,45178.6,16.55
2020-03-28T01:00+01:00,-1156.31,16269.8,20114.05,43199.38,16.55
2020-03-28T02:00+01:00,-2355.17,16260.27,19437.38,42040.09,16.55
2020-03-28T03:00+01:00,-1365.32,16117.5,19392.26,42213.12,16.55
2020-03-28T04:00+01:00,706.22,15166.38,19969.98,42932.4,16.55
2020-03-28T05:00+01:00,565.06,14459.12,20518.61,43316.48,16.55
2020-03-28T06:00+01:00,-558.05,14867.39,22202.94,43488.71,16.55
2020-03-28T07:00+01:00,-2377.17,14360.69,26220.52,46018.31,16.55
2020-03-28T08:00+01:00,-2009.28,12419.81,30536.19,49056.88,16.55
2020-03-28T09:00+01:00,-5766.26,11677.56,36133.86,50914.83,16.55
2020-03-28T10:00+01:00,-6259.83,10851.5,41932.94,52459.79,16.55
2020-03-28T11:00+01:00,-6591.29,10722.11,45868.39,53699.81,16.55
2020-03-28T12:00+01:00,-9967.74,10779.89,47878.95,53334.65,16.55
2020-03-28T13:00+01:00,-10139.7,10365.97,46873.2,51684.48,16.55
2020-03-28T14:00+01:00,-9460.75,10292.18,44637.73,50120.03,16.55
2020-03-28T15:00+01:00,-8381.24,10215.39,43134.63,49455,16.55
2020-03-28T16:00+01:00,-5702.31,10186.34,39058.14,49064.4,16.55
2020-03-28T17:00+01:00,-1718.12,10521.68,33651.03,51100.11,16.55
2020-03-28T18:00+01:00,-268.01,12174.15,31034.51,54492,16.55
2020-03-28T19:00+01:00,-1515.64,12911.62,32310.15,57056.38,16.55
2020-03-28T20:00+01:00,-3510.08,11983.98,32802.53,53363.26,16.55
2020-03-28T21:00+01:00,-2708.79,11380.35,31732.73,50208.28,16.55
2020-03-28T22:00+01:00,-3140.55,11552.57,30335.04,48702.14,16.55
2020-03-28T23:00+01:00,-4142.89,10989.76,29720.8,45593.57,16.55
2020-03-29T00:00+01:00,-5073.75,10509.61,29584.53,42932.86,16.55
2020-03-29T01:00+01:00,-7198.76,10051.04,29794.32,39624.6,16.55
2020-03-29T03:00+02:00,-7771.87,10092.72,30142,40933.74,16.55
2020-03-29T04:00+02:00,-7923.25,10134.74,30978.07,40894.1,16.55
2020-03-29T05:00+02:00,-7517.14,10056.9,32088.54,41011.47,16.55
2020-03-29T06:00+02:00,-9913.82,9923.71,33166.26,40732.7,16.55
2020-03-29T07:00+02:00,-8565.81,9725.91,33784.44,41811.48,16.55
2020-03-29T08:00+02:00,-9450.65,9997.76,37338.56,44688.33,16.55
2020-03-29T09:00+02:00,-10750.85,9845.62,42090.61,47903.12,16.55
2020-03-29T10:00+02:00,-9700,10029.22,43613.27,50715.18,16.55
2020-03-29T11:00+02:00,-8342.03,9812.1,46267.34,54632.78,16.55
2020-03-29T12:00+02:00,-8774.89,9942.02,47477.79,55584.48,16.55
2020-03-29T13:00+02:00,-9107.51,9949.15,47459.42,55389.55,16.55
2020-03-29T14:00+02:00,-9714.22,9728.77,47814.35,54300.32,16.55
2020-03-29T15:00+02:00,-10299.25,10238.8,46924.58,53921.63,16.55
2020-03-29T16:00+02:00,-9309.71,9834.73,46163.5,53962.06,16.55
2020-03-29T17:00+02:00,-11031.1,10759.25,44733.85,54129.99,16.55
2020-03-29T18:00+02:00,-6236.69,11399.2,41025.73,54913.27,16.55
2020-03-29T19:00+02:00,-2205.98,11737.3,37611.16,54854.73,16.55
2020-03-29T20:00+02:00,-5725.62,12314.47,35370.15,54619.58,16.55
2020-03-29T21:00+02:00,-5359.24,13070.04,32615,52709.46,16.55
2020-03-29T22:00+02:00,-2354.98,13881.68,29841.99,51994.1,16.55
2020-03-29T23:00+02:00,-1213.21,13392.94,27078.8,48822.91,16.55
2020-03-30T00:00+02:00,-437.73,13556.61,24964.74,46585.02,16.55
2020-03-30T01:00+02:00,1157.72,13303.02,23083.07,44973.77,16.55
2020-03-30T02:00+02:00,2590.53,13500,21727.53,44305.64,16.55
2020-03-30T03:00+02:00,3794.73,13170.51,21333.28,44173.67,16.55
2020-03-30T04:00+02:00,2683.13,13673.54,22370.14,45612.82,16.55
2020-03-30T05:00+02:00,1527.14,16171.95,22818.71,48689.16,16.55
2020-03-30T06:00+02:00,3741.1,18064.32,22938.5,54062.41,16.55
2020-03-30T07:00+02:00,3960.73,19340.34,23841.41,57773.1,16.55
2020-03-30T08:00+02:00,1637.03,19948.72,27031.93,60513.53,16.55
2020-03-30T09:00+02:00,-940.06,20113.13,31064.84,61373.54,16.55
2020-03-30T10:00+02:00,-3563.95,19844.39,36128.31,62528.45,16.55
2020-03-30T11:00+02:00,-3468.64,19393.48,40336.64,64485.1,16.55
2020-03-30T12:00+02:00,-3917.16,19509.74,41292.02,64360.4,16.55
2020-03-30T13:00+02:00,-3478.34,19112.23,41010.41,63227.21,16.55
2020-03-30T14:00+02:00,-1944.56,18411.21,39786.33,61688.38,16.55
2020-03-30T15:00+02:00,-2164.22,18831.78,37239.81,59872.2,16.55
2020-03-30T16:00+02:00,96.58,18966.54,33401.69,58787.57,16.55
2020-03-30T17:00+02:00,2298.66,20291.96,27250.2,58464.59,16.55
2020-03-30T18:00+02:00,6563.86,21573.89,20432.49,59384.44,16.55
2020-03-30T19:00+02:00,6265.09,23027.42,16844.29,59512.84,16.55
2020-03-30T20:00+02:00,6658.29,23116.79,16897.06,59980.87,16.55
2020-03-30T21:00+02:00,6212.47,22547.29,17948.58,57490.8,16.55
2020-03-30T22:00+02:00,3218.73,22283.62,17584.44,54894.39,16.55
2020-03-30T23:00+02:00,3220,21584.19,17551.57,51262.64,16.55
2020-03-31T00:00+02:00,3333.62,20650.04,17143.09,48791.95,16.55
2020-03-31T01:00+02:00,2687.88,20605.68,16330.21,46720.64,16.55
2020-03-31T02:00+02:00,3327.39,20695.45,15341.91,46286.19,16.55
2020-03-31T03:00+02:00,4357.34,20662.81,14339.04,46184.01,16.55
2020-03-31T04:00+02:00,5442.63,20699.25,14040.27,47270.3,16.55
2020-03-31T05:00+02:00,6470.65,21854.13,13991.73,49840.57,16.55
2020-03-31T06:00+02:00,8405.9,22766.91,13779.46,54554.9,16.55
2020-03-31T07:00+02:00,8241.07,23768.94,14395.02,58216.58,16.55
2020-03-31T08:00+02:00,6188.61,23924.62,17645.14,60495.92,16.55
2020-03-31T09:00+02:00,2620.71,23723.54,23296.7,60897.81,16.55
2020-03-31T10:00+02:00,892.7,22497.52,29716.52,62301.36,16.55
2020-03-31T11:00+02:00,-300.73,21137.35,33119.3,63774.1,16.55
2020-03-31T12:00+02:00,-315.72,21325.44,32863.71,63136.12,16.55
2020-03-31T13:00+02:00,1335.44,21087.14,31898.4,61368.83,16.55
2020-03-31T14:00+02:00,2829.99,20544.06,31641.94,60210.29,16.55
2020-03-31T15:00+02:00,4147.94,19984.92,30341.59,59153.6,16.55
2020-03-31T16:00+02:00,4127.11,20543.08,26916.91,57957.18,16.55
2020-03-31T17:00+02:00,4895.62,22752.59,22602.07,58087.23,16.55
2020-03-31T18:00+02:00,8297.49,23360.09,17213.88,58720.39,16.55
2020-03-31T19:00+02:00,9452.93,23724.44,13506.87,59751.86,16.55
2020-03-31T20:00+02:00,8223.34,23616.29,14101.7,60448.38,16.55
2020-03-31T21:00+02:00,7065.74,23037.07,15665.82,57952.48,16.55
2020-03-31T22:00+02:00,6568.13,22186.56,16911.81,56148.08,16.55
2020-03-31T23:00+02:00,2550.39,21184.33,17526.12,52749.61,16.55
2020-04-01T00:00+02:00,678.66,19724.06,18132.69,50565.02,16.55
2020-04-01T01:00+02:00,564.08,19219.07,18817.15,49155.76,16.55
2020-04-01T02:00+02:00,404.94,18898.98,19040.07,48416.18,16.55
2020-04-01T03:00+02:00,2353.86,18712.32,19595.54,48650.19,16.55
2020-04-01T04:00+02:00,3194.04,19027.79,20166.26,49783.07,16.55
2020-04-01T05:00+02:00,762.09,20121.64,20426.41,51913.76,16.55
2020-04-01T06:00+02:00,3374.24,20937.62,21162.2,56784.04,16.55
2020-04-01T07:00+02:00,4496.54,20958.24,22136.08,60605.73,16.55
2020-04-01T08:00+02:00,717.84,21173.83,26841.51,62844.56,16.55
2020-04-01T09:00+02:00,-1549.04,20541.74,32810.22,63312.54,16.55
2020-04-01T10:00+02:00,-6450.42,19664.77,40086.65,64211.5,16.55
2020-04-01T11:00+02:00,-7346.9,17652.92,46440.94,66321.19,16.55
2020-04-01T12:00+02:00,-7247.9,16594.84,48841.67,65794.88,16.55
2020-04-01T13:00+02:00,-6672.02,15844.94,48267.26,64010.42,16.55
2020-04-01T14:00+02:00,-6902.74,15522.76,46790.76,62256.02,16.55
2020-04-01T15:00+02:00,-5333.15,15524.8,43916.36,60659.5,16.55
2020-04-01T16:00+02:00,-3989.94,16419.74,38453.61,59148.64,16.55
2020-04-01T17:00+02:00,-2013.54,18968.16,31276.17,59022.56,16.55
2020-04-01T18:00+02:00,2983.99,20208.4,23617.33,59725.07,16.55
2020-04-01T19:00+02:00,5534.31,20708.76,19055.59,60260.49,16.55
2020-04-01T20:00+02:00,5535.82,20644.12,18168.44,60333.36,16.55
2020-04-01T21:00+02:00,4104.2,20448.16,18274.59,57907.89,16.55
2020-04-01T22:00+02:00,3904.26,20288.36,18437.14,55785.4,16.55
2020-04-01T23:00+02:00,1995.91,20079.77,18656.06,52409.3,16.55
2020-04-02T00:00+02:00,-1244.52,19455.93,18838.88,49176.73,16.55
2020-04-02T01:00+02:00,-1231.87,19158.65,18934.2,47161.07,16.55
2020-04-02T02:00+02:00,-664.94,18875.59,19040.32,46474.17,16.55
2020-04-02T03:00+02:00,70.04,18857.44,19263.68,47169.09,16.55
2020-04-02T04:00+02:00,436.83,19061.55,19862.77,48512.62,16.55
2020-04-02T05:00+02:00,1453.14,19451.12,20202.48,51230.87,16.55
2020-04-02T06:00+02:00,3092.63,19777.82,21068.23,56350.28,16.55
2020-04-02T07:00+02:00,2724.86,19849.93,22874.11,59621.84,16.55
2020-04-02T08:00+02:00,-111.02,20084,28034.06,61858.43,16.55
2020-04-02T09:00+02:00,-3311.35,19377.21,35278.42,62619.48,16.55
2020-04-02T10:00+02:00,-8064.75,17624.3,43107.76,63398.13,16.55
2020-04-02T11:00+02:00,-7194.4,15471.9,47757.08,64552.91,16.55
2020-04-02T12:00+02:00,-6983.6,14316,50248.95,64836.08,16.55
2020-04-02T13:00+02:00,-6051.22,13252,51434.05,63433.62,16.55
2020-04-02T14:00+02:00,-6722.54,12476.48,52245.93,62411.8,16.55
2020-04-02T15:00+02:00,-7131.12,12369.71,51282.43,61381.78,16.55
2020-04-02T16:00+02:00,-5623.21,12787.04,48214.31,60104.83,16.55
2020-04-02T17:00+02:00,-3727.59,13993.81,43342.07,59980.84,16.55
2020-04-02T18:00+02:00,-207.59,15597.75,37371.34,60833.5,16.55
2020-04-02T19:00+02:00,1161.28,16019.17,34150.35,61773.16,16.55
2020-04-02T20:00+02:00,621.81,16363.43,34553.04,62146.2,16.55
2020-04-02T21:00+02:00,-1377.12,15834.84,35837.89,59514.29,16.55
2020-04-02T22:00+02:00,-1968.47,14927,36459.36,56956.18,16.55
2020-04-02T23:00+02:00,-5663.92,14167.14,36875.11,53501.01,16.55
2020-04-03T00:00+02:00,-6627.8,14507.56,37061.02,50581.76,16.55
2020-04-03T01:00+02:00,-5685.44,13925.53,36894.61,48946.48,16.55
2020-04-03T02:00+02:00,-5460.95,13443.03,35976.09,47803.44,16.55
2020-04-03T03:00+02:00,-3357.91,13353,34869.69,48173.46,16.55
2020-04-03T04:00+02:00,-2109.89,14261.34,33138.09,49330.27,16.55
2020-04-03T05:00+02:00,-2055.59,15055.75,31791.82,51486.21,16.55
2020-04-03T06:00+02:00,366.42,16302.37,30649.21,56247.5,16.55
2020-04-03T07:00+02:00,1042.62,16904.34,29975.64,59772.21,16.55
2020-04-03T08:00+02:00,1997.37,16709.87,32567.28,62904.41,16.55
2020-04-03T09:00+02:00,-2081.21,16845.1,37144.66,64020.4,16.55
2020-04-03T10:00+02:00,-3799.94,16877.34,41476.25,64383.1,16.55
2020-04-03T11:00+02:00,-5068.34,16766.79,43269.51,65702.9,17.56
2020-04-03T12:00+02:00,-3429.83,15449.87,44956.93,65499.84,17.9
2020-04-03T13:00+02:00,-1941.88,14316.11,44987.5,64303.38,17.9
2020-04-03T14:00+02:00,-1060.63,14208.72,42593.41,62319.16,17.9
2020-04-03T15:00+02:00,89.66,14897.34,39483.34,60995.45,17.9
2020-04-03T16:00+02:00,1576.6,15463.95,35436.11,59546.86,17.9
2020-04-03T17:00+02:00,2137.11,16187.01,29655.74,58870.63,17.9
2020-04-03T18:00+02:00,7058.92,16867.36,23435.84,59019.63,17.9
2020-04-03T19:00+02:00,7359.82,17561.31,18262.69,58313.66,17.9
2020-04-03T20:00+02:00,7900.78,17917.46,16714.07,57296.92,17.9
2020-04-03T21:00+02:00,8644.44,17391.61,15443.95,54552.53,17.9
2020-04-03T22:00+02:00,6441.84,17153.82,14871.69,52446.77,17.9
2020-04-03T23:00+02:00,6134.32,16932.14,14068.01,48863.73,17.9
2020-04-04T00:00+02:00,4264.78,17264.9,13393.61,45899.2,17.9
2020-04-04T01:00+02:00,3301.13,17026.65,13097.16,43788.72,17.9
2020-04-04T02:00+02:00,4844.07,16152.68,13712.55,42876.78,17.9
2020-04-04T03:00+02:00,5154.96,15855.82,13980.44,42502.52,17.9
2020-04-04T04:00+02:00,5391.62,15308,14348.14,42749.46,17.9
2020-04-04T05:00+02:00,5785.62,15127.75,14748.03,43301.55,17.9
2020-04-04T06:00+02:00,4481.38,15754.89,14571.82,43557.84,17.9
2020-04-04T07:00+02:00,3959.45,15967.6,15886.59,44932.1,17.9
2020-04-04T08:00+02:00,1999.13,15531.63,20355.38,47671.69,17.9
2020-04-04T09:00+02:00,562.59,14038.61,26560.5,50498.55,17.9
2020-04-04T10:00+02:00,-1766.74,12657.88,33621.19,52078.35,17.9
2020-04-04T11:00+02:00,-1742.15,11907.74,38863.32,53739.84,17.9
2020-04-04T12:00+02:00,-2860.38,11493.98,41070.89,53709.54,17.9
2020-04-04T13:00+02:00,-3931.83,10796.11,41391.42,51557.27,17.9
2020-04-04T14:00+02:00,-6381.23,10811,40382,49660.52,17.9
2020-04-04T15:00+02:00,-2647.66,10687.06,37156.2,48611.96,17.9
2020-04-04T16:00+02:00,-482.99,11658.24,31410.07,47456.86,17.9
2020-04-04T17:00+02:00,1645.88,13697.27,23555.58,47939.71,17.9
2020-04-04T18:00+02:00,4952.66,15700.03,15680.6,49400.01,17.9
2020-04-04T19:00+02:00,7141.85,16462.21,11120.63,50138.9,17.9
2020-04-04T20:00+02:00,7029.43,16674.14,11703.77,50504.13,17.9
2020-04-04T21:00+02:00,5667.88,16154.22,14579.53,48541.66,17.9
2020-04-04T22:00+02:00,3331.9,15548.91,17898.93,47254.22,17.9
2020-04-04T23:00+02:00,691.31,14018.19,20987.01,44019.89,17.9
2020-04-05T00:00+02:00,-2420.98,12097.42,23334.73,41751.87,17.9
2020-04-05T01:00+02:00,-5207.44,11447.34,25443.37,39784.89,17.9
2020-04-05T02:00+02:00,-5027.9,10159.78,26863.38,39178.5,17.9
2020-04-05T03:00+02:00,-4635.43,9414.19,27390.1,39341.85,17.9
2020-04-05T04:00+02:00,-4805.88,9325.06,27438.55,39962.54,17.9
2020-04-05T05:00+02:00,-4689.27,9384.4,27634.65,40100.18,17.9
2020-04-05T06:00+02:00,-5335.79,9417.58,28794.06,39774.49,17.9
2020-04-05T07:00+02:00,-6554.8,9363.24,30794.43,40552.62,17.9
2020-04-05T08:00+02:00,-5833.25,9167.9,34865.51,43781.34,17.9
2020-04-05T09:00+02:00,-7615.56,8933.93,37556.47,46599.71,17.9
2020-04-05T10:00+02:00,-11964.82,8913.4,43753.53,48631.6,17.9
2020-04-05T11:00+02:00,-13081.79,8589.21,51295.39,51185.41,17.9
2020-04-05T12:00+02:00,-14477.8,8366.79,53629.08,51044.47,17.9
2020-04-05T13:00+02:00,-14720.54,7798.8,52516.81,49231.76,17.9
2020-04-05T14:00+02:00,-14044.93,7681.63,50115.81,47409.65,17.9
2020-04-05T15:00+02:00,-13757.8,7729.39,48499.41,46531.87,17.9
2020-04-05T16:00+02:00,-12339.29,8412.01,47061.84,46250.23,17.9
2020-04-05T17:00+02:00,-8844.82,8653.87,43329.8,47537.74,17.9
2020-04-05T18:00+02:00,-3214.16,8969.34,36246.31,49153.68,17.9
2020-04-05T19:00+02:00,-3706.17,9615.35,31815.9,49904.58,17.9
2020-04-05T20:00+02:00,-4980.58,10243.62,34408.09,51468.16,17.9
2020-04-05T21:00+02:00,-4997.07,9348.6,37625.33,50370.26,17.9
2020-04-05T22:00+02:00,-6911.18,9333.71,38505.65,49683.55,17.9
2020-04-05T23:00+02:00,-7918.2,9256.95,37780.28,46660.08,17.9
2020-04-06T00:00+02:00,-8789.32,9834.2,36901.67,44353,17.9
2020-04-06T01:00+02:00,-6401.31,9489.82,35688.62,43031.32,17.9
2020-04-06T02:00+02:00,-6070.92,9599.02,34048.96,42139.84,17.9
2020-04-06T03:00+02:00,-3697.82,9341.75,32709.79,42200.29,17.9
2020-04-06T04:00+02:00,-2767.23,9588.19,31643.61,43387.59,17.9
2020-04-06T05:00+02:00,-775.73,10187.61,31501.33,46860.88,17.9
2020-04-06T06:00+02:00,934.27,11123.06,32022.43,52486.62,17.9
2020-04-06T07:00+02:00,1173.77,11901.13,32765.4,57237,17.9
2020-04-06T08:00+02:00,-170.09,11736.88,35622.34,59560.81,17.9
2020-04-06T09:00+02:00,-1940.48,10975.72,38362.44,60320.87,17.9
2020-04-06T10:00+02:00,-2724.87,10744.39,42252.03,60757.28,17.9
2020-04-06T11:00+02:00,-4402.28,10218,46655.79,62398.06,17.9
2020-04-06T12:00+02:00,-6054.04,10763.17,48552.75,61291.6,17.9
2020-04-06T13:00+02:00,-4285.1,10353.19,48949.39,60535.74,17.9
2020-04-06T14:00+02:00,-3884.09,10275.34,48744.72,59426.64,17.9
2020-04-06T15:00+02:00,-2738.38,10477.4,45633.04,57708.78,17.9
2020-04-06T16:00+02:00,-1706.91,10935.42,40179.66,55946.53,17.9
2020-04-06T17:00+02:00,1167.37,12858.66,32348.71,56073.91,17.9
2020-04-06T18:00+02:00,4831.86,15181.59,23146.07,56481.52,17.9
2020-04-06T19:00+02:00,6559.3,16175.66,17274.14,56488.84,17.9
2020-04-06T20:00+02:00,6999.56,16653.83,17569.18,56824.22,17.9
2020-04-06T21:00+02:00,6763.56,16756.32,19025.03,54741.24,17.9
2020-04-06T22:00+02:00,4556.93,16358.37,19062.68,51774.22,17.9
2020-04-06T23:00+02:00,2870.67,16203.67,18478.45,47393.48,17.9
2020-04-07T00:00+02:00,1799.23,16336.2,17690.51,44659.96,17.9
2020-04-07T01:00+02:00,3689.11,16140.28,16421.9,43035.58,17.9
2020-04-07T02:00+02:00,5067.9,15574.27,16098.37,42201.38,17.9
2020-04-07T03:00+02:00,5338.51,15239.89,15974.93,42547.18,17.9
2020-04-07T04:00+02:00,4630.55,15856.27,16270.9,43781.36,17.9
2020-04-07T05:00+02:00,4371.76,16894.62,15597.93,46387.36,17.9
2020-04-07T06:00+02:00,5997.65,18243.01,14764.1,51881.32,17.9
2020-04-07T07:00+02:00,7675.59,18927.32,16413.92,56648.08,17.9
2020-04-07T08:00+02:00,6302.73,18483.19,21007.6,59961.36,17.9
2020-04-07T09:00+02:00,3093.51,18142.27,26647.4,60240.7,17.9
2020-04-07T10:00+02:00,2503.67,15481.01,32648.28,61426.18,17.9
2020-04-07T11:00+02:00,608.78,14906.73,37070.09,62595.57,17.9
2020-04-07T12:00+02:00,1217.64,13934.72,39383.95,62022.2,17.9
2020-04-07T13:00+02:00,670.36,13764.88,39489.56,60457.54,17.9
2020-04-07T14:00+02:00,1338.66,13528.54,37897.88,58497.82,17.9
2020-04-07T15:00+02:00,2710.26,13733.28,34474.45,57313.33,17.9
2020-04-07T16:00+02:00,3561.01,14852.91,29189.43,55702.28,17.9
2020-04-07T17:00+02:00,4588.52,18139.74,22644.92,55368.73,17.9
2020-04-07T18:00+02:00,7886.41,19661.69,16269.43,56364.26,17.9
2020-04-07T19:00+02:00,8348.46,20124.25,13386.16,56925.74,17.9
2020-04-07T20:00+02:00,6454.35,19858.44,15768.51,57091.65,17.9
2020-04-07T21:00+02:00,3859.44,18727.4,19257.93,54224.86,17.9
2020-04-07T22:00+02:00,2017.82,17311.96,20613.79,51127.85,17.9
2020-04-07T23:00+02:00,-207.08,15498.45,21267.55,46959.46,17.9
2020-04-08T00:00+02:00,645.6,13802.88,21721.91,44257.44,17.9
2020-04-08T01:00+02:00,119.83,13048,21965.07,42743.82,17.9
2020-04-08T02:00+02:00,49.09,13054.72,22469.76,42097.29,17.9
2020-04-08T03:00+02:00,139.28,12782.4,22178.59,42376.11,17.9
2020-04-08T04:00+02:00,523.91,13264.21,21687.17,43566,17.9
2020-04-08T05:00+02:00,-600.29,16041.58,20949.39,46282.09,17.9
2020-04-08T06:00+02:00,2068.59,18494.74,20332.19,51837.41,17.9
2020-04-08T07:00+02:00,2169.18,19527.68,20993.31,55749.97,17.9
2020-04-08T08:00+02:00,2478.98,19422.43,23967.98,58573.98,17.9
2020-04-08T09:00+02:00,1455.86,18888.96,27451.52,59253.14,17.9
2020-04-08T10:00+02:00,954.98,17030.83,31947.98,59644.33,17.9
2020-04-08T11:00+02:00,1614.36,15599.92,35362.26,60717.85,17.9
2020-04-08T12:00+02:00,1017.6,14742.24,37420.65,60139.12,17.9
2020-04-08T13:00+02:00,912.22,14138.77,37940.19,58903.87,17.9
2020-04-08T14:00+02:00,1451.6,13933.47,36607.53,57241.65,17.9
2020-04-08T15:00+02:00,1838.06,14701.51,33208.26,55918.83,17.9
2020-04-08T16:00+02:00,3719.47,15988.18,27630.86,54738.2,17.9
2020-04-08T17:00+02:00,5025.45,19141.7,20718.19,54927.52,17.9
2020-04-08T18:00+02:00,7600.86,20971.55,13847.52,55380.01,17.9
2020-04-08T19:00+02:00,10093.98,21879.21,9734.67,56020.18,17.9
2020-04-08T20:00+02:00,8923.46,22002.9,9558.57,56319.14,17.9
2020-04-08T21:00+02:00,6711.56,21799.14,10245.55,53969.63,17.9
2020-04-08T22:00+02:00,5860.12,21598.75,10771.49,50808.88,17.9
2020-04-08T23:00+02:00,5161.4,20452.1,11019.31,46954.99,17.9
2020-04-09T00:00+02:00,3558.04,19522.57,11288.28,43890.83,17.9
2020-04-09T01:00+02:00,5093.76,17713.77,11367.75,42161.28,17.9
2020-04-09T02:00+02:00,4847.36,17447.61,11484.94,41310.69,17.9
2020-04-09T03:00+02:00,5216.1,17580.22,11947.46,41365.09,17.9
2020-04-09T04:00+02:00,5052.09,17532.25,12740.95,42754.44,17.9
2020-04-09T05:00+02:00,3734.87,19881.01,13215.71,45808.62,17.9
2020-04-09T06:00+02:00,4790.2,20603.29,13372.46,51009.51,17.9
2020-04-09T07:00+02:00,5712.78,20865.43,15369.59,55139.72,17.9
2020-04-09T08:00+02:00,4889.45,20623.93,19667.21,58293.53,17.9
2020-04-09T09:00+02:00,1998.15,20125.87,25667.78,59127.73,17.9
2020-04-09T10:00+02:00,1346.7,17367.11,32487.24,60409.4,17.9
2020-04-09T11:00+02:00,-983.42,15508.04,37577.76,61829.9,17.9
2020-04-09T12:00+02:00,-1142.91,14860.39,41000.57,61397.7,17.9
2020-04-09T13:00+02:00,-1709.58,14180.51,42319.92,60186.32,17.9
2020-04-09T14:00+02:00,-2713.73,13948.83,41299.74,58592.69,17.9
2020-04-09T15:00+02:00,-570.57,13399.75,38258.02,56755.27,17.9
2020-04-09T16:00+02:00,-1082.57,14306.98,34160.46,54827.41,17.9
2020-04-09T17:00+02:00,870.42,16153.25,28329.26,54596.38,17.9
2020-04-09T18:00+02:00,4360.32,17435.72,21418.16,54591.3,17.9
2020-04-09T19:00+02:00,5379.17,18342.49,16545.81,54732.25,17.9
2020-04-09T20:00+02:00,4264.12,18698.68,15726.3,54542.63,17.9
2020-04-09T21:00+02:00,4533.33,18246.92,15957.96,51599.89,17.9
2020-04-09T22:00+02:00,4083.47,17424.56,16035.92,48432.46,17.9
2020-04-09T23:00+02:00,2067.3,16636.31,15568.07,44207.58,17.9
2020-04-10T00:00+02:00,3361.56,13606.91,14512.04,41208.17,17.9
2020-04-10T01:00+02:00,4869.66,12711.86,13413.56,38584.71,17.9
2020-04-10T02:00+02:00,5187.52,12241.2,12446.13,37411.44,17.9
2020-04-10T03:00+02:00,5505.36,12106.01,11907.91,36865.99,17.9
2020-04-10T04:00+02:00,4879.1,12676.12,11428.81,37135.87,17.9
2020-04-10T05:00+02:00,3716.33,13215.64,11067.74,37329.24,17.9
2020-04-10T06:00+02:00,2517.31,13296.89,10842.65,36972.05,17.9
2020-04-10T07:00+02:00,676.53,13190.97,12770.96,37889.76,17.9
2020-04-10T08:00+02:00,-262.84,13053.5,17665.37,41395.16,17.9
2020-04-10T09:00+02:00,-628.71,11762.14,24280.71,44737.34,17.9
2020-04-10T10:00+02:00,-1989.01,10159.36,30616.49,47048.18,17.9
2020-04-10T11:00+02:00,-3746.61,10146.34,35457.32,49402.81,17.9
2020-04-10T12:00+02:00,-5027.46,9805.61,38099.18,49877.53,17.9
2020-04-10T13:00+02:00,-7015.02,9783.37,38244.14,47883.46,17.9
2020-04-10T14:00+02:00,-6758.25,9727.67,36935.46,46194.41,17.9
2020-04-10T15:00+02:00,-4828.22,9724.4,34160.49,44999.55,17.9
2020-04-10T16:00+02:00,-2559.6,10035.8,29844.83,43894.83,17.9
2020-04-10T17:00+02:00,660.89,11433.12,23706.29,45051.85,17.9
2020-04-10T18:00+02:00,3181.91,13818.46,17297.53,46557.27,17.9
2020-04-10T19:00+02:00,4377.13,14889.02,13169.62,46960.26,17.9
2020-04-10T20:00+02:00,3853.57,15109.54,13164.67,47431.41,17.9
2020-04-10T21:00+02:00,3574.61,14870.29,14365.79,45816.64,17.9
2020-04-10T22:00+02:00,3579.85,14520.45,14509.83,43837.75,17.9
2020-04-10T23:00+02:00,2710.17,13772.14,13879.48,40900.34,17.9
2020-04-11T00:00+02:00,3748.3,11976.95,13272.37,38756.4,17.9
2020-04-11T01:00+02:00,3926.32,11489.48,12612.91,37085.61,17.9
2020-04-11T02:00+02:00,4293.74,11166.02,11949.7,35843.66,17.9
2020-04-11T03:00+02:00,4266.68,11177.4,11528.81,35735.92,17.9
2020-04-11T04:00+02:00,4568.78,11375.55,11222.54,36037.73,17.9
2020-04-11T05:00+02:00,4766.3,11740.23,11140,37131.14,17.9
2020-04-11T06:00+02:00,4928.48,11682.9,11312.52,38449.14,17.9
2020-04-11T07:00+02:00,4265.58,11574.28,13869.19,40638.01,17.9
2020-04-11T08:00+02:00,3632.51,10834.47,19917.26,44120.53,17.9
2020-04-11T09:00+02:00,1051,10595.15,26512.49,47072.37,17.9
2020-04-11T10:00+02:00,-2924.9,10492.89,32316.1,48392.28,17.9
2020-04-11T11:00+02:00,-4776.62,10323.28,36463.8,49810.32,17.9
2020-04-11T12:00+02:00,-6374.56,10403.69,38492.6,49554.91,17.9
2020-04-11T13:00+02:00,-7168.85,10408.88,38657.89,47866.59,17.9
2020-04-11T14:00+02:00,-6205.66,10386.65,36862.98,46532.14,17.9
2020-04-11T15:00+02:00,-3145.32,10242.92,33426.5,45560.88,17.9
2020-04-11T16:00+02:00,275.5,10466.9,28307.37,44718.47,17.9
2020-04-11T17:00+02:00,2696.04,11346.51,21716.29,45285.4,17.9
2020-04-11T18:00+02:00,5741.53,13425.09,14952.91,46563.88,17.9
2020-04-11T19:00+02:00,7039.18,14470.68,10974.14,46812.56,17.9
2020-04-11T20:00+02:00,7459.45,14103.31,11197.61,47377.7,17.9
2020-04-11T21:00+02:00,5470.14,13873.15,13105.26,45999.24,17.9
2020-04-11T22:00+02:00,4308.09,12692.67,14875.82,44145.44,17.9
2020-04-11T23:00+02:00,3082.38,11776.26,16022.29,41068.62,17.9
2020-04-12T00:00+02:00,265.59,11556.38,16647.16,38260.42,17.9
2020-04-12T01:00+02:00,-22.06,11026.93,17221.17,36671.38,17.9
2020-04-12T02:00+02:00,-280.54,10563.39,17270.17,35871.52,17.9
2020-04-12T03:00+02:00,282.54,10351.82,17143.1,35389.86,17.9
2020-04-12T04:00+02:00,974.46,10419.74,16380.64,35433.24,17.9
2020-04-12T05:00+02:00,1385.09,10442.78,15996.58,35677.76,17.9
2020-04-12T06:00+02:00,1709.38,10082.75,16063.7,35458.8,17.9
2020-04-12T07:00+02:00,1504.64,10008.81,17798.03,37091.3,17.9
2020-04-12T08:00+02:00,-17.16,9933.15,22161.84,40629.71,17.9
2020-04-12T09:00+02:00,-1143.76,9897.76,26358.78,43451.07,17.9
2020-04-12T10:00+02:00,-2423.14,9714.58,31221.94,45473.43,17.9
2020-04-12T11:00+02:00,-3943.51,9797.24,35322.57,47134.4,17.9
2020-04-12T12:00+02:00,-6988.57,9975.5,37893.14,46666.11,17.9
2020-04-12T13:00+02:00,-6775.28,9645.66,38610.72,44600.15,17.9
2020-04-12T14:00+02:00,-8675.88,9718.87,37139.59,42494.58,17.9
2020-04-12T15:00+02:00,-4130.4,9627.2,33898.39,42057.61,17.9
2020-04-12T16:00+02:00,-2296.26,9678.33,29509.53,41683.4,17.9
2020-04-12T17:00+02:00,235.16,10252.53,23426.9,42299.26,17.9
2020-04-12T18:00+02:00,6377.14,10817.21,17386.82,44297.59,17.9
2020-04-12T19:00+02:00,7086.81,11464.25,13906.64,44840.6,17.9
2020-04-12T20:00+02:00,5682.77,11536.05,14620.48,45205.1,17.9
2020-04-12T21:00+02:00,5548.84,11023.74,16617.4,45186.04,17.9
2020-04-12T22:00+02:00,3639.93,10763.82,18000.67,43630.68,17.9
2020-04-12T23:00+02:00,792.04,10381.72,19941.89,40475.61,17.9
2020-04-13T00:00+02:00,-406.81,9492.27,21999.87,37666.02,17.9
2020-04-13T01:00+02:00,-1684.68,8891.41,23837.5,36095.74,17.9
2020-04-13T02:00+02:00,-3663.59,8459.57,25853.06,35517.73,17.9
2020-04-13T03:00+02:00,-4437.89,8209.91,27806.68,35514.33,17.9
2020-04-13T04:00+02:00,-4422.62,8182.09,29519.08,36202.32,17.9
2020-04-13T05:00+02:00,-4708.04,8133.86,29132.55,36944.53,17.9
2020-04-13T06:00+02:00,-5870.06,8119.17,29428.41,36958.87,17.9
2020-04-13T07:00+02:00,-7487.84,8077.64,31184.72,38431.37,17.9
2020-04-13T08:00+02:00,-9080.24,8138.15,35735.18,41489.05,17.9
2020-04-13T09:00+02:00,-9914.64,8220.13,40693.91,44723.2,17.9
2020-04-13T10:00+02:00,-13474.15,8108.03,46069.34,47896.41,17.9
2020-04-13T11:00+02:00,-13026.5,8326.52,50032.67,51112.02,17.9
2020-04-13T12:00+02:00,-12809.22,8136.1,52317.24,51026.78,17.9
2020-04-13T13:00+02:00,-12571.18,7834.26,50238.77,48984.76,17.9
2020-04-13T14:00+02:00,-10841.11,7766.84,46361.25,47289.08,17.9
2020-04-13T15:00+02:00,-8026.65,7840.23,42882.68,46118.8,17.9
2020-04-13T16:00+02:00,-7303.1,7871.34,40613.63,46103.37,17.9
2020-04-13T17:00+02:00,-9001.46,7998.88,42469.83,47333.43,17.9
2020-04-13T18:00+02:00,-9737,8772.3,40950.22,48609.03,17.9
2020-04-13T19:00+02:00,-7960.36,9671.18,38284.07,48309.54,17.9
2020-04-13T20:00+02:00,-5155.25,9544.25,34664.24,47817.41,17.9
2020-04-13T21:00+02:00,-4013.21,9861.84,32332.3,46980.96,17.9
2020-04-13T22:00+02:00,-2788.26,9461.77,31594.22,45833.62,17.9
2020-04-13T23:00+02:00,-3405.03,8832.4,31331.64,42611.52,17.9
2020-04-14T00:00+02:00,-2807.42,8680.05,29584.66,40133.76,17.9
2020-04-14T01:00+02:00,-2503.05,8946.86,27847.49,38140.68,17.9
2020-04-14T02:00+02:00,-1255.54,8687.54,26689.87,38448.7,17.9
2020-04-14T03:00+02:00,-245.48,8731.23,25526.74,38746.62,17.9
2020-04-14T04:00+02:00,-195.12,9046.41,24424.24,40232.31,17.9
2020-04-14T05:00+02:00,2101.4,9969.66,23604.39,43488.35,17.9
2020-04-14T06:00+02:00,3658.25,11434.32,23107.24,49265.5,17.9
2020-04-14T07:00+02:00,3422.41,12293.51,24015.23,53641.56,17.9
2020-04-14T08:00+02:00,2327.48,12509.84,27334.18,56826.95,17.9
2020-04-14T09:00+02:00,582.26,12323.76,34948.58,58605.61,17.9
2020-04-14T10:00+02:00,757.96,11124.47,39428.95,60737.86,17.9
2020-04-14T11:00+02:00,-1354.27,11585.01,39846.4,61127.79,17.9
2020-04-14T12:00+02:00,1965.99,12181.8,39066.7,60767.68,17.9
2020-04-14T13:00+02:00,3500.51,11432.31,39712.69,60131.42,17.9
2020-04-14T14:00+02:00,3665.92,10514.58,40720.65,59210.47,17.9
2020-04-14T15:00+02:00,2669.06,10116.31,40365.1,57908.16,17.9
2020-04-14T16:00+02:00,2084.63,10590.67,38399.41,56535.7,17.9
2020-04-14T17:00+02:00,3717.97,12135.09,33787.9,56416.77,17.9
2020-04-14T18:00+02:00,4879.3,13475.83,27235.64,56031.42,17.9
2020-04-14T19:00+02:00,8250.41,14370.14,21005.48,55802,17.9
2020-04-14T20:00+02:00,8396.88,14874.36,18657.73,55281.78,17.9
2020-04-14T21:00+02:00,7892.22,14618.65,19172.7,53857.51,17.9
2020-04-14T22:00+02:00,6173.46,14200.89,20347.79,51133.3,17.9
2020-04-14T23:00+02:00,6089.15,12422.84,21129.54,47851.1,17.9
2020-04-15T00:00+02:00,4819.67,10496.43,22059.58,45077.2,17.9
2020-04-15T01:00+02:00,4609.23,10194.71,22714.31,43085.72,17.9
2020-04-15T02:00+02:00,5349.98,10304.32,22544.81,42657.75,17.9
2020-04-15T03:00+02:00,5737.42,10421.96,22004.39,43034.76,17.9
2020-04-15T04:00+02:00,6104.02,11397.21,22031.86,43977.72,17.9
2020-04-15T05:00+02:00,6314.04,11645.87,22192.32,47325.9,17.9
2020-04-15T06:00+02:00,5811.01,13226.44,23015.59,52454.16,17.9
2020-04-15T07:00+02:00,5650.89,13779.52,25147.19,56228.99,17.9
2020-04-15T08:00+02:00,3889.45,13378.08,30162.85,58955.78,17.9
2020-04-15T09:00+02:00,1763.66,11928.99,38485.97,60281.62,17.9
2020-04-15T10:00+02:00,-829.83,9571.21,45897.77,61622.43,17.9
2020-04-15T11:00+02:00,-4368.48,9782.15,49770.22,62877.48,17.9
2020-04-15T12:00+02:00,-5218.65,9712.54,51054.59,62246.7,17.9
2020-04-15T13:00+02:00,-4415.33,9487.64,50494.18,60475.36,17.9
2020-04-15T14:00+02:00,-4338.28,9293.06,48491.35,58534.3,17.9
2020-04-15T15:00+02:00,-2898.4,9867.28,44746.83,57067.84,17.9
2020-04-15T16:00+02:00,1668.86,9792.67,39500.17,55927.86,17.9
2020-04-15T17:00+02:00,4518.74,11780.27,32443.81,55490.96,17.9
2020-04-15T18:00+02:00,6261.98,14109.41,24482.67,55422.68,17.9
2020-04-15T19:00+02:00,8242,14977.04,18354.68,55384.57,17.9
2020-04-15T20:00+02:00,7945.91,15097.76,17197.47,55333.34,17.9
2020-04-15T21:00+02:00,7932.59,14983.9,18750.1,54151.7,17.9
2020-04-15T22:00+02:00,7405.19,14363.54,19422.65,51316.74,17.9
2020-04-15T23:00+02:00,5219.49,13270.42,19025.64,47185.32,17.9
2020-04-16T00:00+02:00,5205.67,12933.16,18673.18,44541.97,17.9
2020-04-16T01:00+02:00,6381.19,12731.59,18389.25,43071.78,17.9
2020-04-16T02:00+02:00,6686.39,12697.69,18099.62,42623.48,17.9
2020-04-16T03:00+02:00,6578.93,13070.1,17296.81,42636.52,17.9
2020-04-16T04:00+02:00,7098.64,13991.58,16130.57,44094.46,17.9
2020-04-16T05:00+02:00,7595.35,15571.02,15344.07,46975.6,17.9
2020-04-16T06:00+02:00,9831.85,17215.15,14695.22,52176.07,17.9
2020-04-16T07:00+02:00,9922.03,18403.54,17156.13,56181.99,17.9
2020-04-16T08:00+02:00,8206.61,17601.76,22470.4,58806.13,17.9
2020-04-16T09:00+02:00,5536.05,15831.38,28744.69,60209.79,17.9
2020-04-16T10:00+02:00,4830.27,14047.21,34766.08,61088.16,17.9
2020-04-16T11:00+02:00,4337.12,13055.56,38655.61,62600.28,17.9
2020-04-16T12:00+02:00,3895.54,11615.23,40439.92,62142.41,17.9
2020-04-16T13:00+02:00,3213.77,11398.34,40569.79,59911.75,17.9
2020-04-16T14:00+02:00,4348.07,11221.96,39207.41,58363.09,17.9
2020-04-16T15:00+02:00,4154.22,12189.24,35936.08,57285.16,17.9
2020-04-16T16:00+02:00,6948.9,13606.04,31165.4,55610.43,17.9
2020-04-16T17:00+02:00,7008.57,16231.18,25068.22,56247.78,17.9
2020-04-16T18:00+02:00,8437.77,17608.11,18799.64,56178.18,17.9
2020-04-16T19:00+02:00,9895.02,18227.41,14733.66,55780.11,17.9
2020-04-16T20:00+02:00,9752.64,18383.95,14186,55359.66,17.9
2020-04-16T21:00+02:00,9036.95,18045.75,14830.55,53664.9,17.9
2020-04-16T22:00+02:00,7682.4,17369.13,14818.18,50616.24,17.9
2020-04-16T23:00+02:00,7643.02,16107.92,14345.69,46912.42,17.9
2020-04-17T00:00+02:00,8137.98,15452.07,13791.32,43855.43,17.9
2020-04-17T01:00+02:00,9454.14,15161.43,13323.83,42303.03,17.9
2020-04-17T02:00+02:00,9366.61,15486.33,12564.79,41228.15,17.9
2020-04-17T03:00+02:00,9667.38,15598.05,11802.91,41074.65,17.9
2020-04-17T04:00+02:00,9903.16,15841.09,11467.88,42137.1,17.9
2020-04-17T05:00+02:00,9208.04,16732.82,11557.84,45093.5,17.9
2020-04-17T06:00+02:00,10565.7,17454.37,11756.54,50265.68,17.9
2020-04-17T07:00+02:00,9059.3,17935.51,14193.81,54218.97,17.9
2020-04-17T08:00+02:00,6537.27,17577.81,19092.2,57231.94,17.9
2020-04-17T09:00+02:00,3654.36,17330.85,25348.63,58436.73,17.9
2020-04-17T10:00+02:00,3506.66,16177.22,31218.8,59533.23,17.9
2020-04-17T11:00+02:00,2328.09,15678.92,35257.96,60436.71,20.88
2020-04-17T12:00+02:00,3383.26,14724.28,37371.12,60031.45,21.87
2020-04-17T13:00+02:00,2954.86,13696.31,37669.22,58292.12,21.87
2020-04-17T14:00+02:00,3413.15,13475.03,35900.64,56124.77,21.87
2020-04-17T15:00+02:00,3588.8,14221.23,32315.52,54467.64,21.87
2020-04-17T16:00+02:00,4244.58,15124.44,26920.12,53018.27,21.87
2020-04-17T17:00+02:00,6715.44,16193.08,20783.39,53395.99,21.87
2020-04-17T18:00+02:00,10520.45,17066.43,14940.09,53927.29,21.87
2020-04-17T19:00+02:00,12191.74,17385.41,11708.43,53987.64,21.87
2020-04-17T20:00+02:00,10500.65,17176.62,12670.45,53766.1,21.87
2020-04-17T21:00+02:00,7974.07,16701.96,15180.28,52160.51,21.87
2020-04-17T22:00+02:00,5158.26,16609.56,16249.08,49301.04,21.87
2020-04-17T23:00+02:00,5271.86,15152.91,16327.87,45234.36,21.87
2020-04-18T00:00+02:00,5420.29,12657.23,16440.5,41565.15,21.87
2020-04-18T01:00+02:00,4319.61,12073.71,16761.39,39594.46,21.87
2020-04-18T02:00+02:00,3925.65,11935.91,17078.72,38580.54,21.87
2020-04-18T03:00+02:00,4261.24,11866.12,16978.31,38672.86,21.87
2020-04-18T04:00+02:00,4454.11,11838.11,17146.1,39236.18,21.87
2020-04-18T05:00+02:00,5396.46,11858.13,16778,40086.6,21.87
2020-04-18T06:00+02:00,5033.15,12207.58,16770.69,40531.51,21.87
2020-04-18T07:00+02:00,4433.77,12246.78,18670.28,42735.47,21.87
2020-04-18T08:00+02:00,3266.56,12260.24,21244.04,45908.18,21.87
2020-04-18T09:00+02:00,2385.09,12258.24,25898.82,48156.71,21.87
2020-04-18T10:00+02:00,628.91,11705.75,31559.32,49854.96,21.87
2020-04-18T11:00+02:00,-2107.83,11124.85,35840.11,51321.13,21.87
2020-04-18T12:00+02:00,-3550.6,11288.16,38691.96,50726.45,21.87
2020-04-18T13:00+02:00,-3886.06,11021.68,39037.4,49746.75,21.87
2020-04-18T14:00+02:00,-4804.18,11210.03,37136.1,48576.67,21.87
2020-04-18T15:00+02:00,-1672.85,11208.69,33561.4,47348.17,21.87
2020-04-18T16:00+02:00,2058.71,11203.57,30299.49,46779.45,21.87
2020-04-18T17:00+02:00,2998.27,11596.21,26079.23,48485.98,21.87
2020-04-18T18:00+02:00,3048.42,12530.32,21656.78,49411.97,21.87
2020-04-18T19:00+02:00,4158.59,13380.67,18722.08,49202.25,21.87
2020-04-18T20:00+02:00,3403.15,13191.9,19716.13,49109.76,21.87
2020-04-18T21:00+02:00,1683.34,12358.74,22370.29,47768.98,21.87
2020-04-18T22:00+02:00,-660.35,12289.98,23079.39,45602.98,21.87
2020-04-18T23:00+02:00,-997.56,11750.52,23442.68,42601.02,21.87
2020-04-19T00:00+02:00,-2444.34,11167.33,23705.11,40077.6,21.87
2020-04-19T01:00+02:00,-3691.73,10933.28,23360.07,37905.34,21.87
2020-04-19T02:00+02:00,-3852.22,10855.7,22512.14,36700.03,21.87
2020-04-19T03:00+02:00,-3183.11,10820.66,21454.54,36052.12,21.87
2020-04-19T04:00+02:00,-2070.71,10963.85,20617.74,36334.45,21.87
2020-04-19T05:00+02:00,-879.63,10948.91,20272.9,37010.57,21.87
2020-04-19T06:00+02:00,-1328.96,10885.8,20629.15,36802.68,21.87
2020-04-19T07:00+02:00,-2316.72,10941.69,22780.56,38418.36,21.87
2020-04-19T08:00+02:00,-2436.89,10671.2,26573.62,41969.84,21.87
2020-04-19T09:00+02:00,-6263.32,10454.71,33473.86,45739.32,21.87
2020-04-19T10:00+02:00,-10672.76,10448.97,39564.63,47961.44,21.87
2020-04-19T11:00+02:00,-11323.36,10402.96,45140.71,50652.52,21.87
2020-04-19T12:00+02:00,-13283.39,10057,48804.65,51047.05,21.87
2020-04-19T13:00+02:00,-15098.17,10073.98,49393.97,48747.4,21.87
2020-04-19T14:00+02:00,-14180.76,9330.64,49004.01,46826.84,21.87
2020-04-19T15:00+02:00,-12364.06,9215.09,47403.98,45831.16,21.87
2020-04-19T16:00+02:00,-11492.28,9276.31,44709.18,45456.22,21.87
2020-04-19T17:00+02:00,-10971.86,9674.93,40796.35,46400.07,21.87
2020-04-19T18:00+02:00,-6912.12,10101.82,35361.75,47740.57,21.87
2020-04-19T19:00+02:00,-2466.17,10436.99,30461.04,47917.4,21.87
2020-04-19T20:00+02:00,-4214.79,10575.24,30391.76,47825.34,21.87
2020-04-19T21:00+02:00,-5228.62,10465.87,32635.56,47672.35,21.87
2020-04-19T22:00+02:00,-6476.68,10477.72,33317.04,46561.44,21.87
2020-04-19T23:00+02:00,-8044.47,10371.2,32937.56,43647.74,21.87
2020-04-20T00:00+02:00,-7691.59,10214.18,32023.37,41570.52,21.87
2020-04-20T01:00+02:00,-7384.12,10330.36,30989.91,40086.34,21.87
2020-04-20T02:00+02:00,-7088.23,10338.38,30068.27,39373.28,21.87
2020-04-20T03:00+02:00,-5817.01,10234.25,29951.76,39816.47,21.87
2020-04-20T04:00+02:00,-5434.98,10321.68,30077.26,41388.35,21.87
2020-04-20T05:00+02:00,-5337.9,10739.47,30543,44660.32,21.87
2020-04-20T06:00+02:00,-2110.34,10378.24,31300.62,50648.5,21.87
2020-04-20T07:00+02:00,-2574.04,10991.6,31996.31,55815.96,21.87
2020-04-20T08:00+02:00,-3181.52,11852.77,34703.84,58620.48,21.87
2020-04-20T09:00+02:00,-7068.04,11400.57,42311.23,59199.69,21.87
2020-04-20T10:00+02:00,-11259.08,10396.63,53634.07,61188.33,21.87
2020-04-20T11:00+02:00,-14275.84,9953.57,62658.01,63420.98,21.87
2020-04-20T12:00+02:00,-15636.72,9775.28,64814.53,63815.73,21.87
2020-04-20T13:00+02:00,-15627.24,9023.55,64722.74,62492.83,21.87
2020-04-20T14:00+02:00,-15327.01,8666.12,63253.3,60683.73,21.87
2020-04-20T15:00+02:00,-14290.23,8472,61383.06,59460.64,21.87
2020-04-20T16:00+02:00,-13092.26,8490.24,57792.64,58036.05,21.87
2020-04-20T17:00+02:00,-11454.55,8736.02,53474.81,58452.98,21.87
2020-04-20T18:00+02:00,-6534.98,9022.96,47397.87,58627.63,21.87
2020-04-20T19:00+02:00,-4248.91,9190.21,40990.55,58786.87,21.87
2020-04-20T20:00+02:00,-5115.64,9477.97,39309.89,57515.38,21.87
2020-04-20T21:00+02:00,-5734.22,9255.49,40169.23,55751.33,21.87
2020-04-20T22:00+02:00,-7634.38,9271.86,39999.99,52368.4,21.87
2020-04-20T23:00+02:00,-9060.54,9173.19,40262.42,48512.14,21.87
2020-04-21T00:00+02:00,-9814.31,8939.75,39530.89,45444.69,21.87
2020-04-21T01:00+02:00,-11068.48,9179.85,39038.5,43480.33,21.87
2020-04-21T02:00+02:00,-9835.24,9157.02,38776.7,42796.59,21.87
2020-04-21T03:00+02:00,-8560.26,9101.71,38343.46,42971.5,21.87
2020-04-21T04:00+02:00,-8069.72,9214.16,38159.87,44157.62,21.87
2020-04-21T05:00+02:00,-7788.23,9289.63,38308.53,47344.01,21.87
2020-04-21T06:00+02:00,-6408.55,9539.19,38662.76,53464.95,21.87
2020-04-21T07:00+02:00,-4548.62,9864.75,39280.6,58049.97,21.87
2020-04-21T08:00+02:00,-4982.15,9683.7,44033.13,60942.94,21.87
2020-04-21T09:00+02:00,-11702.16,9266.83,53118.39,61841.52,21.87
2020-04-21T10:00+02:00,-13329.22,9132,60480.87,63515.48,21.87
2020-04-21T11:00+02:00,-13109.21,8610.63,64153.73,65759.27,21.87
2020-04-21T12:00+02:00,-12047.47,8207.01,64755.57,65033.44,21.87
2020-04-21T13:00+02:00,-12057.07,8117.63,64440.24,63182.09,21.87
2020-04-21T14:00+02:00,-12233.28,8237.07,62037.95,61644.47,21.87
2020-04-21T15:00+02:00,-11735.4,8282.52,60142.46,60389.24,21.87
2020-04-21T16:00+02:00,-11201.37,8310.27,57970.65,59671.73,21.87
2020-04-21T17:00+02:00,-12376.05,8732.49,55612.61,59436.88,21.87
2020-04-21T18:00+02:00,-9955.54,9326.79,51174.58,59932.95,21.87
2020-04-21T19:00+02:00,-6076,9676.35,43805.8,59524.76,21.87
2020-04-21T20:00+02:00,-6219.62,9971.24,40817.23,58076.22,21.87
2020-04-21T21:00+02:00,-6421.71,9770.11,40632.78,56516.17,21.87
2020-04-21T22:00+02:00,-6845.23,9493.13,39523.21,53248.95,21.87
2020-04-21T23:00+02:00,-6719.55,9133.08,38846.62,49021.25,21.87
2020-04-22T00:00+02:00,-8893.69,8851.41,37712.35,45672.53,21.87
2020-04-22T01:00+02:00,-7399.74,8839.99,36683.13,43591.31,21.87
2020-04-22T02:00+02:00,-6946.88,8565.02,35735.7,42602.03,21.87
2020-04-22T03:00+02:00,-6347.42,8578.03,34860.5,42592.89,21.87
2020-04-22T04:00+02:00,-4556.97,8667.65,34196.27,43944.6,21.87
2020-04-22T05:00+02:00,-3093.66,9057.97,33560.81,47110.23,21.87
2020-04-22T06:00+02:00,-545.29,9429.77,33492.11,52972.64,21.87
2020-04-22T07:00+02:00,-237.07,9967.51,34125.87,57960.6,21.87
2020-04-22T08:00+02:00,-1443.29,10564.11,37237.74,60671.24,21.87
2020-04-22T09:00+02:00,-5268.36,10368.76,43544.82,61324.44,21.87
2020-04-22T10:00+02:00,-9750.9,9823.18,51625.96,62210.51,21.87
2020-04-22T11:00+02:00,-10674.78,9291.17,58734.91,64109,21.87
2020-04-22T12:00+02:00,-13939.92,8971.65,62169.72,63877.09,21.87
2020-04-22T13:00+02:00,-14103.96,8951.25,62385.75,62041.34,21.87
2020-04-22T14:00+02:00,-14176.87,9032.99,60479.92,60400.15,21.87
2020-04-22T15:00+02:00,-11690.13,8927.81,56925.22,59513.89,21.87
2020-04-22T16:00+02:00,-8535.08,9257.36,52192.52,58502.38,21.87
2020-04-22T17:00+02:00,-3984.76,9091.57,45662.4,57909.24,21.87
2020-04-22T18:00+02:00,1005.01,10242,37733.72,58201.78,21.87
2020-04-22T19:00+02:00,3123.71,11877.35,30871.01,58351.81,21.87
2020-04-22T20:00+02:00,2765.53,12246.25,29233.56,57199.67,21.87
2020-04-22T21:00+02:00,904.91,12287.26,30894.9,55178.48,21.87
2020-04-22T22:00+02:00,-636.25,11866.92,30984.41,51708.76,21.87
2020-04-22T23:00+02:00,-1171.46,10858.05,30421.8,47806.92,21.87
2020-04-23T00:00+02:00,40.21,10553.4,29013.57,45160.84,21.87
2020-04-23T01:00+02:00,2958.48,10594.19,26819.61,43550.29,21.87
2020-04-23T02:00+02:00,2964.44,10741.82,23987.23,42293.96,21.87
2020-04-23T03:00+02:00,5053.17,11150.37,21623.51,42178.78,21.87
2020-04-23T04:00+02:00,6191.74,11678.22,19936.02,43314.19,21.87
2020-04-23T05:00+02:00,6377.63,14000.81,18478.1,46293.33,21.87
2020-04-23T06:00+02:00,7142.54,16665.6,18176.27,51327.73,21.87
2020-04-23T07:00+02:00,6417.96,17433.99,20435.48,56270.57,21.87
2020-04-23T08:00+02:00,4619.89,17797.8,24219.56,59105.34,21.87
2020-04-23T09:00+02:00,3003.59,16679.32,29308.19,60161.37,21.87
2020-04-23T10:00+02:00,1777.87,14702.44,35678.24,61327.46,21.87
2020-04-23T11:00+02:00,855.29,13670.18,41271.43,62608.4,21.87
2020-04-23T12:00+02:00,137.6,13282.78,42966.52,61850.06,21.87
2020-04-23T13:00+02:00,-1255.24,13594.17,42118.16,59867.32,21.87
2020-04-23T14:00+02:00,1643.48,12481.73,39998.49,58563.59,21.87
2020-04-23T15:00+02:00,4601.88,12530.69,35931.15,57457.2,21.87
2020-04-23T16:00+02:00,7353.59,13809.65,29905.13,56113.92,21.87
2020-04-23T17:00+02:00,8247.08,16426.12,22721.55,56005.79,21.87
2020-04-23T18:00+02:00,10803.81,18416.16,15382.39,56394.19,21.87
2020-04-23T19:00+02:00,13050.55,19444.99,10596.2,56081.64,21.87
2020-04-23T20:00+02:00,13590.77,19588.96,9474.69,55320.52,21.87
2020-04-23T21:00+02:00,11992.13,19347.39,9500.98,53530.89,21.87
2020-04-23T22:00+02:00,10412.76,18667.52,9592.23,50387.57,21.87
2020-04-23T23:00+02:00,9246.46,17993.87,9581.15,45864.43,21.87
2020-04-24T00:00+02:00,9419.76,15966.5,9754.19,42918.66,21.87
2020-04-24T01:00+02:00,10049.59,14756.72,10076.44,41302.66,21.87
2020-04-24T02:00+02:00,9797.33,14590.84,10453.7,40404.33,21.87
2020-04-24T03:00+02:00,10497,14292.45,10860.44,40786.79,21.87
2020-04-24T04:00+02:00,10304.52,14612.79,11642.59,41769.02,21.87
2020-04-24T05:00+02:00,10201.58,15024.74,12892.94,44644.9,21.87
2020-04-24T06:00+02:00,9397.7,16067.29,14795.43,49909.76,21.87
2020-04-24T07:00+02:00,8686.25,16377.36,18728.73,54702.78,21.87
2020-04-24T08:00+02:00,8236.58,16239.93,23829.51,57879.18,21.87
2020-04-24T09:00+02:00,6596.75,14426.09,29636.59,58832.02,21.87
2020-04-24T10:00+02:00,4186.15,12665.59,36455.78,60058.92,21.87
2020-04-24T11:00+02:00,746.49,11866.58,42597.27,60991.08,20.83
2020-04-24T12:00+02:00,-1585.13,10863.05,47788.24,60985.4,20.49
2020-04-24T13:00+02:00,-4482.53,10600.9,51517.25,59904.9,20.49
2020-04-24T14:00+02:00,-7193.18,10590.89,53050.79,58250.56,20.49
2020-04-24T15:00+02:00,-7441.06,10604.95,52415.84,57168.38,20.49
2020-04-24T16:00+02:00,-5314.08,10480.18,49252.89,56329.04,20.49
2020-04-24T17:00+02:00,-2113.22,10128.05,43965.05,56256.28,20.49
2020-04-24T18:00+02:00,1946.52,10446.2,37806.58,56221.88,20.49
2020-04-24T19:00+02:00,4161.96,11288.4,32881.49,56515.64,20.49
2020-04-24T20:00+02:00,2576.91,11494.42,30860.5,55009.04,20.49
2020-04-24T21:00+02:00,943.46,11523.11,31229.75,53057.61,20.49
2020-04-24T22:00+02:00,588.81,11185.5,30960.84,49769.43,20.49
2020-04-24T23:00+02:00,-1673.9,10787.67,30769.38,46215.06,20.49
2020-04-25T00:00+02:00,-2210.28,10017.25,30213.05,43282.06,20.49
2020-04-25T01:00+02:00,-2311.73,10025.3,29062.32,41228.31,20.49
2020-04-25T02:00+02:00,-941.46,9851.4,27165.81,39393.88,20.49
2020-04-25T03:00+02:00,38.64,10038.42,24589.59,38795.84,20.49
2020-04-25T04:00+02:00,2258.3,9981.16,22041.07,39325.52,20.49
2020-04-25T05:00+02:00,3517.75,10231.39,20945.4,40103.41,20.49
2020-04-25T06:00+02:00,4251.7,10348.21,20380.99,40952.32,20.49
2020-04-25T07:00+02:00,3381.67,10373.36,20976.67,43733.59,20.49
2020-04-25T08:00+02:00,3829.36,10536.23,24125.51,47509.1,20.49
2020-04-25T09:00+02:00,3306.27,10317.17,28432.71,50425.86,20.49
2020-04-25T10:00+02:00,1812.54,10111.85,32469.81,51431.7,20.49
2020-04-25T11:00+02:00,2482.02,9583.9,35388.72,52505.7,20.49
2020-04-25T12:00+02:00,938.52,9594.98,36924.06,52276.64,20.49
2020-04-25T13:00+02:00,233.58,9672.56,37345.83,50557.31,20.49
2020-04-25T14:00+02:00,979.31,9771.88,36254.82,49115.56,20.49
2020-04-25T15:00+02:00,917.75,9784.65,33826.53,47613.35,20.49
2020-04-25T16:00+02:00,2936.4,9819.85,30279.23,47189.36,20.49
2020-04-25T17:00+02:00,5934.49,10681.3,24709.84,48015.66,20.49
2020-04-25T18:00+02:00,8389.83,12498.35,18711.05,49762.98,20.49
2020-04-25T19:00+02:00,9262.79,14338.4,14151.16,50192.5,20.49
2020-04-25T20:00+02:00,9126.13,14619.88,12435.53,49589.96,20.49
2020-04-25T21:00+02:00,8152.89,14557.42,12619.25,47767.79,20.49
2020-04-25T22:00+02:00,8046.37,14294.12,12292.99,45251.93,20.49
2020-04-25T23:00+02:00,7725.99,13251.41,11859.38,41853.93,20.49
2020-04-26T00:00+02:00,7649.1,12358.36,11299.84,39612.6,20.49
2020-04-26T01:00+02:00,7223.37,12208.03,10895.44,37576.13,20.49
2020-04-26T02:00+02:00,7039.28,11985.21,10484.87,36580.94,20.49
2020-04-26T03:00+02:00,7312.64,11868.33,10167.98,36670.43,20.49
2020-04-26T04:00+02:00,7254.48,12341.54,9793.96,36774.07,20.49
2020-04-26T05:00+02:00,7894.08,12312.45,9446.14,37015.83,20.49
2020-04-26T06:00+02:00,7820.57,12002.99,9765.47,36748.03,20.49
2020-04-26T07:00+02:00,7186.31,11355.96,13129.79,38391.48,20.49
2020-04-26T08:00+02:00,5303.6,10966.89,18975.22,41972.02,20.49
2020-04-26T09:00+02:00,2846.32,10299.24,25483.15,45048.34,20.49
2020-04-26T10:00+02:00,-86.09,9948.54,31251.38,46837.08,20.49
2020-04-26T11:00+02:00,-1393.49,9595.75,35008.18,49159.58,20.49
2020-04-26T12:00+02:00,-2284.99,9709.31,36621.55,48417.9,20.49
2020-04-26T13:00+02:00,-2295.09,9544.37,36795.55,46594.15,20.49
2020-04-26T14:00+02:00,-2204.05,9452.67,35991.01,45042.2,20.49
2020-04-26T15:00+02:00,-1257.99,9497.99,33429.19,43491.17,20.49
2020-04-26T16:00+02:00,633.4,10187.93,28875.32,42750.83,20.49
2020-04-26T17:00+02:00,4985.96,11990.57,22290.55,43866.72,20.49
2020-04-26T18:00+02:00,7365.74,15612.66,15287.65,45942.79,20.49
2020-04-26T19:00+02:00,8129.06,17205.37,10307.78,46850.41,20.49
2020-04-26T20:00+02:00,8544.29,17626.2,8950.88,47098.69,20.49
2020-04-26T21:00+02:00,8589.16,17662.64,9325.44,46468.33,20.49
2020-04-26T22:00+02:00,8894.59,17645.13,9731.4,44986.66,20.49
2020-04-26T23:00+02:00,7609.48,16443.68,10027.06,41738.75,20.49
2020-04-27T00:00+02:00,7523.84,15421.75,10239.56,39276.92,20.49
2020-04-27T01:00+02:00,8077.6,14763.71,10825.94,37959.84,20.49
2020-04-27T02:00+02:00,8813.94,14404.95,11529.35,37626.48,20.49
2020-04-27T03:00+02:00,8585.18,14437,12013.69,38384.61,20.49
2020-04-27T04:00+02:00,8939.38,15225.29,12435.08,39498.6,20.49
2020-04-27T05:00+02:00,8666.18,16314.35,12477.8,42966.01,20.49
2020-04-27T06:00+02:00,8679.53,19497.15,12841.68,48734.39,20.49
2020-04-27T07:00+02:00,7701.59,20525.35,16079.85,54503.26,20.49
2020-04-27T08:00+02:00,6859.34,19900.89,20874.23,58081.23,20.49
2020-04-27T09:00+02:00,3463.23,18657.45,26377.33,59086.21,20.49
2020-04-27T10:00+02:00,2942.46,17061.12,32286.56,60119.4,20.49
2020-04-27T11:00+02:00,1864.16,16123.59,36481.18,61191.12,20.49
2020-04-27T12:00+02:00,1104.3,16016.69,38424.1,61013.69,20.49
2020-04-27T13:00+02:00,661.55,15848.92,38651.43,59642.91,20.49
2020-04-27T14:00+02:00,1054.62,15602.83,37335.9,57888.3,20.49
2020-04-27T15:00+02:00,2810.94,15579.54,34711.43,57071.68,20.49
2020-04-27T16:00+02:00,4313.95,15777.98,30165.7,55714.52,20.49
2020-04-27T17:00+02:00,4218.7,18894.81,24016.05,55596.3,20.49
2020-04-27T18:00+02:00,7599.89,20635.32,17234.97,56274.02,20.49
2020-04-27T19:00+02:00,10311.16,21438.05,11943.19,56268.82,20.49
2020-04-27T20:00+02:00,9682.19,21792.45,9789.55,55254.17,20.49
2020-04-27T21:00+02:00,10408.5,21458.99,9800.8,53548.06,20.49
2020-04-27T22:00+02:00,9261.8,20434.28,10270.13,50084.13,20.49
2020-04-27T23:00+02:00,7990.75,19365.38,10691.78,45933.78,20.49
2020-04-28T00:00+02:00,7444.45,18043.9,10924.88,42948.88,20.49
2020-04-28T01:00+02:00,7798.44,16622.69,11024.89,41494.45,20.49
2020-04-28T02:00+02:00,8958.16,15645.71,11139.98,40473.86,20.49
2020-04-28T03:00+02:00,9439.55,15727.82,11587.37,40414.81,20.49
2020-04-28T04:00+02:00,9473.61,16143.67,11740,41507.37,20.49
2020-04-28T05:00+02:00,8797.72,17764.78,11826.35,44799,20.49
2020-04-28T06:00+02:00,8055.89,20074.12,12563.26,50771.4,20.49
2020-04-28T07:00+02:00,6151.52,21219.08,15533.32,56398.74,20.49
2020-04-28T08:00+02:00,4884.39,21997.44,19548.52,59463.92,20.49
2020-04-28T09:00+02:00,3473.28,21895.49,23476.24,60372.7,20.49
2020-04-28T10:00+02:00,3120.61,21546.43,26645.28,61278.59,20.49
2020-04-28T11:00+02:00,3206.31,21191.44,28708.51,62832.58,20.49
2020-04-28T12:00+02:00,4377.53,20139.55,29427.22,62051.63,20.49
2020-04-28T13:00+02:00,4206.67,19682.01,29260.11,60150.22,20.49
2020-04-28T14:00+02:00,5167.67,20032.47,28517.46,59203.26,20.49
2020-04-28T15:00+02:00,5528.85,19815.84,26751.31,58322.85,20.49
2020-04-28T16:00+02:00,4946.35,20671.46,23371.04,57256.32,20.49
2020-04-28T17:00+02:00,4991.38,21630.71,19908.56,57848.18,20.49
2020-04-28T18:00+02:00,6262.28,22399.25,17784.93,58068.46,20.49
2020-04-28T19:00+02:00,6120.12,22795.94,15863.22,57716.64,20.49
2020-04-28T20:00+02:00,6821.8,22671.8,15241.88,56528.82,20.49
2020-04-28T21:00+02:00,5937.75,22244.5,15400.13,53818.76,20.49
2020-04-28T22:00+02:00,6013.9,20521.16,15573.11,50218.75,20.49
2020-04-28T23:00+02:00,6061.01,17407.3,15988.45,46113.5,20.49
2020-04-29T00:00+02:00,5793.54,15465.5,16036,43102.43,20.49
2020-04-29T01:00+02:00,7195.33,14998.86,15941.41,41309.81,20.49
2020-04-29T02:00+02:00,7128.54,14930.5,15874.67,40669,20.49
2020-04-29T03:00+02:00,7035.98,15202.85,15222.04,41006.75,20.49
2020-04-29T04:00+02:00,7269.08,15913.54,14888.32,42388.62,20.49
2020-04-29T05:00+02:00,8802.52,17214.32,14919.12,45403.62,20.49
2020-04-29T06:00+02:00,7271.72,20488.94,15266.89,51246,20.49
2020-04-29T07:00+02:00,4809.52,22195.87,16496.95,56527.84,20.49
2020-04-29T08:00+02:00,4450.54,22718.29,17965.58,59842.7,20.49
2020-04-29T09:00+02:00,4006.56,22726.45,21098.58,61296.56,20.49
2020-04-29T10:00+02:00,3802.04,22558.51,24714.51,62582.06,20.49
2020-04-29T11:00+02:00,3123.93,21683.11,28232.42,64081.86,20.49
2020-04-29T12:00+02:00,3558.15,19831.68,30638.56,64141.71,20.49
2020-04-29T13:00+02:00,3547.56,17668.2,31399.91,62203.44,20.49
2020-04-29T14:00+02:00,4171.76,16801.08,31941.13,60826.54,20.49
2020-04-29T15:00+02:00,4248.16,16835.63,30566.92,59634.32,20.49
2020-04-29T16:00+02:00,4382.37,17867.25,28626.46,58243.27,20.49
2020-04-29T17:00+02:00,4941,20159.41,24739.63,58222.5,20.49
2020-04-29T18:00+02:00,6885.97,21244.05,20270.8,58462.05,20.49
2020-04-29T19:00+02:00,7601.47,21927.9,15513.26,58022.57,20.49
2020-04-29T20:00+02:00,8282.52,22094.45,13700.08,56553.71,20.49
2020-04-29T21:00+02:00,7132.43,21723.43,14422.49,54176.42,20.49
2020-04-29T22:00+02:00,5945.72,19347.23,16081.56,50554.62,20.49
2020-04-29T23:00+02:00,6788.78,15499.98,18323.25,46824.44,20.49
2020-04-30T00:00+02:00,3961.88,12334.22,20268.12,44056.21,20.49
2020-04-30T01:00+02:00,2476.78,11221.07,23217.13,43164.04,20.49
2020-04-30T02:00+02:00,2050.14,10812.96,25988.3,42618.46,20.49
2020-04-30T03:00+02:00,1866.42,10800.27,27205.55,42973.8,20.49
2020-04-30T04:00+02:00,1388.05,10828.76,27872.21,43969.01,20.49
2020-04-30T05:00+02:00,187.47,11200.28,28286.29,46705.76,20.49
2020-04-30T06:00+02:00,1539.51,12660.47,29490.16,52141.02,20.49
2020-04-30T07:00+02:00,54.83,14599.27,31340.8,56918.93,20.49
2020-04-30T08:00+02:00,-212.77,15708.75,32610.03,59838.14,20.49
2020-04-30T09:00+02:00,-476.48,15033.71,35662.02,60571.35,20.49
2020-04-30T10:00+02:00,576.6,13264.15,39545.72,62340.24,20.49
2020-04-30T11:00+02:00,131.35,12718.96,43347.7,63313.1,20.49
2020-04-30T12:00+02:00,-325.88,11802.18,45375.1,63672.69,20.49
2020-04-30T13:00+02:00,-1952.41,11253.85,44789.87,62240.42,20.49
2020-04-30T14:00+02:00,-1473.48,11222.12,43013.83,60071.28,20.49
2020-04-30T15:00+02:00,820.32,10821.39,41135.84,59487.9,20.49
2020-04-30T16:00+02:00,2344.32,11490.7,35930.64,57700.19,20.49
2020-04-30T17:00+02:00,3706.99,13781.28,29932.66,57389.51,20.49
2020-04-30T18:00+02:00,3981.89,15450.2,23482.21,55660.02,20.49
2020-04-30T19:00+02:00,7016.36,15960.35,19858.91,55254.64,20.49
2020-04-30T20:00+02:00,6555.46,16098.51,18517.61,54103.95,20.49
2020-04-30T21:00+02:00,3795.23,15705.27,20063.01,51246.77,20.49
2020-04-30T22:00+02:00,3478.57,13193.41,23227.73,48777.11,20.49
2020-04-30T23:00+02:00,-308.66,10834.97,27867.48,45169.12,20.49
2020-05-01T00:00+02:00,-4149.14,8890.44,29044.42,42417.5,20.49
2020-05-01T01:00+02:00,-6973.99,8784.51,29533.79,40266.31,20.49
2020-05-01T02:00+02:00,-7519.42,8738.9,28624.73,39164.58,20.49
2020-05-01T03:00+02:00,-6037.01,8338.08,28301.29,38698.84,20.49
2020-05-01T04:00+02:00,-5511.31,8435.06,28492.06,38642.51,20.49
2020-05-01T05:00+02:00,-4932.12,8381.45,27978.47,37941.61,20.49
2020-05-01T06:00+02:00,-7920.85,8298.16,28874.84,37487.36,20.49
2020-05-01T07:00+02:00,-8142.62,8210.3,30550.55,39268.03,20.49
2020-05-01T08:00+02:00,-7373.74,8555.07,34596.81,41970.6,20.49
2020-05-01T09:00+02:00,-7888.21,8368.01,39781.1,46183.31,20.49
2020-05-01T10:00+02:00,-7904.36,8203.34,43027.64,48570.17,20.49
2020-05-01T11:00+02:00,-9816.2,8539.45,43850.98,50315.49,20.49
2020-05-01T12:00+02:00,-8966.43,8948.59,43559.55,49877.18,20.49
2020-05-01T13:00+02:00,-8531.15,8854.1,42924.84,48368.63,20.49
2020-05-01T14:00+02:00,-8965.75,9619.39,39688.48,46146.19,20.49
2020-05-01T15:00+02:00,-5028.19,9253.95,35940.91,45593.4,20.49
2020-05-01T16:00+02:00,-2570.67,9489.18,31423.44,44805.48,20.49
2020-05-01T17:00+02:00,1571.41,10153.91,26419.41,46020.52,20.49
2020-05-01T18:00+02:00,4478.71,11441.74,22704.23,47236.63,20.49
2020-05-01T19:00+02:00,4762.65,12537.37,19066.8,47761.33,20.49
2020-05-01T20:00+02:00,4697.54,12754.53,16197.17,46613.58,20.49
2020-05-01T21:00+02:00,5028.18,12531.43,16203.87,45497.2,20.49
2020-05-01T22:00+02:00,5878.36,10696.28,18392.92,44321.12,20.49
2020-05-01T23:00+02:00,2253.08,10086.12,19659.15,40807.43,20.49
2020-05-02T00:00+02:00,496.51,9731.58,20348.8,37848.7,20.49
2020-05-02T01:00+02:00,98.33,9236.53,21441.5,36334.13,20.49
2020-05-02T02:00+02:00,-423.68,8912.19,21995.89,35695.88,20.49
2020-05-02T03:00+02:00,-227.07,8826.19,21794.01,35712.56,20.49
2020-05-02T04:00+02:00,1169.11,8677.02,21577.42,36393.25,20.49
2020-05-02T05:00+02:00,-676.51,8700.06,21207.67,37368.51,20.49
2020-05-02T06:00+02:00,-795.03,8739.01,21430.1,38469.97,20.49
2020-05-02T07:00+02:00,-224.43,8784.11,23113.62,41345.1,20.49
2020-05-02T08:00+02:00,-1665.64,9102.55,26924.3,44614.9,20.49
2020-05-02T09:00+02:00,-1887.27,8822.75,31206.66,47855.33,20.49
2020-05-02T10:00+02:00,-1837.77,8726.35,35779,49575.31,20.49
2020-05-02T11:00+02:00,-1862.63,8723.36,38925.53,51514.66,20.49
2020-05-02T12:00+02:00,-3424.14,8695.55,40057.61,52073.63,20.49
2020-05-02T13:00+02:00,-6001.63,8767.87,41373.02,50293.64,20.49
2020-05-02T14:00+02:00,-6164.23,8784.03,39920.34,49343.15,20.49
2020-05-02T15:00+02:00,-5922.52,9253.92,38635.89,48643.73,20.49
2020-05-02T16:00+02:00,-2882.24,9038.31,36518.24,48883.52,20.49
2020-05-02T17:00+02:00,-1486.56,9322.15,32964.15,48989.08,20.49
2020-05-02T18:00+02:00,2367.61,9956.63,28292.75,50170.31,20.49
2020-05-02T19:00+02:00,3855.91,11720.77,22843.44,49620.75,20.49
2020-05-02T20:00+02:00,4528.88,12116.52,19406.93,48289.77,20.49
2020-05-02T21:00+02:00,4194.51,11997.54,18747.45,47079.27,20.49
2020-05-02T22:00+02:00,3426.1,11160.74,19140.65,45583.1,20.49
2020-05-02T23:00+02:00,2930.95,9881.11,19650.47,42831.43,20.49
2020-05-03T00:00+02:00,55.99,9350.4,19458.63,39751.04,20.49
2020-05-03T01:00+02:00,135.7,9408.35,18353.24,37353.22,20.49
2020-05-03T02:00+02:00,1483.06,9342.63,17357.77,36192.66,20.49
2020-05-03T03:00+02:00,2795.92,8956.57,16874.1,36225.82,20.49
2020-05-03T04:00+02:00,4045.06,8922.98,16589.83,36492.68,20.49
2020-05-03T05:00+02:00,4487.25,8956.91,15966.9,36392,20.49
2020-05-03T06:00+02:00,3347.27,8923.66,16209.56,35968.91,20.49
2020-05-03T07:00+02:00,3261.8,8896.61,18224.64,37619.58,20.49
2020-05-03T08:00+02:00,2604.93,9089.93,22402.18,40582.23,20.49
2020-05-03T09:00+02:00,1224.45,8957.24,27905.05,44221.18,20.49
2020-05-03T10:00+02:00,847.43,8814.15,31742.43,46368.48,20.49
2020-05-03T11:00+02:00,-623.55,9313.67,33079.07,47868.66,20.49
2020-05-03T12:00+02:00,-559.66,9717.84,32614.9,47646.55,20.49
2020-05-03T13:00+02:00,1478.62,8899.37,32647.38,46397.42,20.49
2020-05-03T14:00+02:00,-389.63,8892.19,31825.75,45057.78,20.49
2020-05-03T15:00+02:00,574.68,8931.25,29983.32,44389.24,20.49
2020-05-03T16:00+02:00,3218.48,9512.17,26282.95,44062.92,20.49
2020-05-03T17:00+02:00,5030.33,10680.38,21243.04,44803.71,20.49
2020-05-03T18:00+02:00,8343.38,13014.56,16107.55,46828.32,20.49
2020-05-03T19:00+02:00,7928.1,14655.92,12003.56,46922.34,20.49
2020-05-03T20:00+02:00,7634.74,15377.47,10187.92,46568.66,20.49
2020-05-03T21:00+02:00,7808.98,15383.65,9773.08,45916.29,20.49
2020-05-03T22:00+02:00,8356.13,15269.78,9544.97,45000.02,20.49
2020-05-03T23:00+02:00,8854.86,14452.65,9495.32,42106.01,20.49
2020-05-04T00:00+02:00,9359.54,14423.73,9369.11,39085.18,20.49
2020-05-04T01:00+02:00,9430.71,14167.81,9368.3,37838.24,20.49
2020-05-04T02:00+02:00,8932.34,14569.97,9345,37077.79,20.49
2020-05-04T03:00+02:00,10156.22,14618.72,9378.1,37271.51,20.49
2020-05-04T04:00+02:00,9510.62,15043.75,9548.66,38568.83,20.49
2020-05-04T05:00+02:00,9032.83,16952.86,10004.47,42475.62,20.49
2020-05-04T06:00+02:00,9903.11,18475.3,11266.42,49535.96,20.49
2020-05-04T07:00+02:00,9405.12,19667.78,13760.95,55127.38,20.49
2020-05-04T08:00+02:00,9039.42,20005.78,17081.36,58976.81,20.49
2020-05-04T09:00+02:00,8003.14,19720.78,21089.24,60193.86,20.49
2020-05-04T10:00+02:00,7456.62,19336.26,24533.35,61546.24,20.49
2020-05-04T11:00+02:00,6698.31,19125.7,27212.64,62899.95,20.49
2020-05-04T12:00+02:00,6734.08,18596.44,28793.84,62264.02,20.49
2020-05-04T13:00+02:00,5586.45,17665.07,30262.91,61148.7,20.49
2020-05-04T14:00+02:00,6788.44,15954.03,31520.95,60236.58,20.49
2020-05-04T15:00+02:00,5614.79,15304.79,31924.46,59899.23,20.49
2020-05-04T16:00+02:00,5586.77,14958.07,31182.72,58667.38,20.49
2020-05-04T17:00+02:00,3957.7,16907,29180.65,58670.82,20.49
2020-05-04T18:00+02:00,4225.26,18492.16,26208.2,58283.9,20.49
2020-05-04T19:00+02:00,5999.22,19215.28,23008.49,58451.92,20.49
2020-05-04T20:00+02:00,6165.37,19262.01,20815.48,56776.95,20.49
2020-05-04T21:00+02:00,5016.08,19083.45,20534.85,54443.11,20.49
2020-05-04T22:00+02:00,4812.42,17533.11,20345.37,51951.44,20.49
2020-05-04T23:00+02:00,4506.82,15124.47,20139.16,47681.91,20.49
2020-05-05T00:00+02:00,5360.9,13831.8,19997.6,45408.36,20.49
2020-05-05T01:00+02:00,5303.76,13106.23,19873.91,43408.62,20.49
2020-05-05T02:00+02:00,5312.42,12914.74,19816.11,42745.96,20.49
2020-05-05T03:00+02:00,5494.2,12894.99,19673.19,42965.08,20.49
2020-05-05T04:00+02:00,5747.92,13619.53,19207.55,43788.86,20.49
2020-05-05T05:00+02:00,6611.04,14777.85,18263.68,46496.65,20.49
2020-05-05T06:00+02:00,6835.13,17860.21,18174.84,52471.4,20.49
2020-05-05T07:00+02:00,6239.97,18897.59,20157.36,57262.02,20.49
2020-05-05T08:00+02:00,5201.46,18998.54,23691.33,60641.92,20.49
2020-05-05T09:00+02:00,3311.51,18461.67,29621.04,61779.42,20.49
2020-05-05T10:00+02:00,1906.06,16672.37,34187.1,62993.07,20.49
2020-05-05T11:00+02:00,1101.58,16398.48,36959.64,63768.51,20.49
2020-05-05T12:00+02:00,662.74,16120.83,38084.02,63164.25,20.49
2020-05-05T13:00+02:00,700.33,15484.45,38008.65,61330.26,20.49
2020-05-05T14:00+02:00,977.91,14704.12,38698.59,60433.15,20.49
2020-05-05T15:00+02:00,1700.36,14799.12,37861.14,59902.78,20.49
2020-05-05T16:00+02:00,2380.07,14847.35,35385.72,58633.36,20.49
2020-05-05T17:00+02:00,1975.71,16297.88,31871.45,58249.5,20.49
2020-05-05T18:00+02:00,4160.36,18491.4,25820.54,57854.4,20.49
2020-05-05T19:00+02:00,7096.17,19598.89,19817.12,57738.86,20.49
2020-05-05T20:00+02:00,7609.75,19655.37,16493.35,56481.87,20.49
2020-05-05T21:00+02:00,5919.05,19497.04,16773.77,54917.03,20.49
2020-05-05T22:00+02:00,5061.55,18662.76,17201.14,51517.26,20.49
2020-05-05T23:00+02:00,3777.44,17856.53,17368.35,47282.25,20.49
2020-05-06T00:00+02:00,3684.05,16193.79,16898.88,44133.65,20.49
2020-05-06T01:00+02:00,5450.06,14913.41,16144.89,42308.94,20.49
2020-05-06T02:00+02:00,7305.01,13957.68,15399.09,41535.95,20.49
2020-05-06T03:00+02:00,7138.47,14168.55,15322.84,42169.07,20.49
2020-05-06T04:00+02:00,7506.16,14248.89,15786.75,44092.02,20.49
2020-05-06T05:00+02:00,6949.91,15945.9,15751.49,46853.61,20.49
2020-05-06T06:00+02:00,7649.56,18509.69,16381.97,52823,20.49
2020-05-06T07:00+02:00,7681.27,19445.32,19264.1,57720.54,20.49
2020-05-06T08:00+02:00,5167.27,19488.36,24140.38,60521.58,20.49
2020-05-06T09:00+02:00,424.73,18713.7,31955.21,60931.26,20.49
2020-05-06T10:00+02:00,-1087.18,16377.54,39669.1,62197.8,20.49
2020-05-06T11:00+02:00,-2133.93,14217.46,44425.6,63184.26,20.49
2020-05-06T12:00+02:00,-3500.1,13186.66,46814.1,62679.12,20.49
2020-05-06T13:00+02:00,-2563.78,12216.14,47243.63,61854.53,20.49
2020-05-06T14:00+02:00,-2854.79,12200.93,46829.81,60037.78,20.49
2020-05-06T15:00+02:00,-2575.71,12331.33,45151.9,59107.12,20.49
2020-05-06T16:00+02:00,-1165.8,12283.62,41985.79,58128.88,20.49
2020-05-06T17:00+02:00,-313.45,14087.53,36592.46,57658.78,20.49
2020-05-06T18:00+02:00,2687.87,17069.46,29996.76,58658.15,20.49
2020-05-06T19:00+02:00,4022.79,18127.1,24180.64,58617.13,20.49
2020-05-06T20:00+02:00,3777.98,18520.04,21242.9,56937.23,20.49
2020-05-06T21:00+02:00,3189,18467.09,21527.95,55526,20.49
2020-05-06T22:00+02:00,2365.19,17867.57,22417.17,52373.12,20.49
2020-05-06T23:00+02:00,791.52,16427.66,22300.93,48204.34,20.49
2020-05-07T00:00+02:00,1302.59,14898.91,21387.66,45270.58,20.49
2020-05-07T01:00+02:00,2582.11,13941.02,19706.02,43203.57,20.49
2020-05-07T02:00+02:00,4058,13583.69,18296.68,42184.88,20.49
2020-05-07T03:00+02:00,5771.18,13682.82,17595.94,42378.01,20.49
2020-05-07T04:00+02:00,7320.54,13790.09,16523.96,43529.9,20.49
2020-05-07T05:00+02:00,8453.29,14935.18,15463.33,46197.23,20.49
2020-05-07T06:00+02:00,8019.97,18232.25,15736.24,51742.95,20.49
2020-05-07T07:00+02:00,7361.92,18944.07,19211.85,56741.61,20.49
2020-05-07T08:00+02:00,5156.31,19055.41,24919.32,59995.31,20.49
2020-05-07T09:00+02:00,1246.7,18016.53,30568.57,60633.83,20.49
2020-05-07T10:00+02:00,-741.74,16479.53,36321.14,61363.7,20.49
2020-05-07T11:00+02:00,-361.87,15309.29,40014.85,62720.37,20.49
2020-05-07T12:00+02:00,-2002.71,14812.36,42053.49,61971.54,20.49
2020-05-07T13:00+02:00,-2088.97,14555.47,42596.1,60470.42,20.49
2020-05-07T14:00+02:00,-1279.56,14258.37,42146.81,59464.5,20.49
2020-05-07T15:00+02:00,-347.97,14523.39,39695.22,58504.26,20.49
2020-05-07T16:00+02:00,1667.05,15730.86,34116.11,56698.7,20.49
2020-05-07T17:00+02:00,4300.54,17819.19,26669.7,56486.16,20.49
2020-05-07T18:00+02:00,7506.71,20181.67,18498.13,56744.6,20.49
2020-05-07T19:00+02:00,10564.75,20976.83,12516.64,56927.02,20.49
2020-05-07T20:00+02:00,11106.74,20886.52,9584.97,55743.78,20.49
2020-05-07T21:00+02:00,9897.85,20725.48,9338.93,54179.88,20.49
2020-05-07T22:00+02:00,8829.27,20231.41,9313.88,50935.22,20.49
2020-05-07T23:00+02:00,7525.27,19638.05,9346.13,46567.4,20.49
2020-05-08T00:00+02:00,6816.57,19268.81,9275.16,43470.01,20.49
2020-05-08T01:00+02:00,6705.09,18437.71,9146.61,41498.32,20.49
2020-05-08T02:00+02:00,8199.93,17401.44,8824.11,40610.12,20.49
2020-05-08T03:00+02:00,8883.43,17401.86,8772.01,41007.99,20.49
2020-05-08T04:00+02:00,9094.89,17937.1,8665.05,42049.5,20.49
2020-05-08T05:00+02:00,8709.8,18551.02,8922.39,44427.28,20.49
2020-05-08T06:00+02:00,9899.62,18724.27,10580.56,49856.99,20.49
2020-05-08T07:00+02:00,10100.15,18994.17,15215.88,55153.33,20.49
2020-05-08T08:00+02:00,7354.6,18573.96,21951.52,58179.23,20.49
2020-05-08T09:00+02:00,4358.21,17818.37,28734.26,58856.22,20.49
2020-05-08T10:00+02:00,3341.7,15431.43,34646.86,59887.73,20.49
2020-05-08T11:00+02:00,1816.38,14149.72,39014.68,60963.7,19.66
2020-05-08T12:00+02:00,-323.1,13190.77,41589.42,60858.48,19.38
2020-05-08T13:00+02:00,-1695.29,13346.44,41933.33,59049.2,19.38
2020-05-08T14:00+02:00,-1167.71,13517.26,40180.23,57171.15,19.38
2020-05-08T15:00+02:00,1208.2,13790.42,36609.68,55854.05,19.38
2020-05-08T16:00+02:00,3650.44,14997.29,30873.24,54810.74,19.38
2020-05-08T17:00+02:00,5365.07,17319.9,24204.63,54428.05,19.38
2020-05-08T18:00+02:00,7316.97,19030.15,17985.6,54531.79,19.38
2020-05-08T19:00+02:00,9480.54,19446.26,13366.72,54429.68,19.38
2020-05-08T20:00+02:00,9541.88,19922.37,11399.85,53093.69,19.38
2020-05-08T21:00+02:00,8072.56,20015.85,11716.91,51343.69,19.38
2020-05-08T22:00+02:00,6565.95,19695.27,12210.57,48537.77,19.38
2020-05-08T23:00+02:00,5890.02,19193.76,12111.49,44410.66,19.38
2020-05-09T00:00+02:00,5209.67,16980.47,11974.61,41198.94,19.38
2020-05-09T01:00+02:00,5274.02,15389.35,11627.15,38922.42,19.38
2020-05-09T02:00+02:00,6631.06,13974.32,11274.86,37762.06,19.38
2020-05-09T03:00+02:00,7291.53,13539.13,10885.48,37252.49,19.38
2020-05-09T04:00+02:00,7882.4,13282.56,10898.74,37394.98,19.38
2020-05-09T05:00+02:00,8244.13,13239.16,10830.2,37907.68,19.38
2020-05-09T06:00+02:00,7768.1,13289.66,12100.66,39241.82,19.38
2020-05-09T07:00+02:00,7630.16,13321.64,15515.89,42318.33,19.38
2020-05-09T08:00+02:00,7146.88,12971.74,19551.34,45841.83,19.38
2020-05-09T09:00+02:00,5213.41,13431.5,24084.13,48840.83,19.38
2020-05-09T10:00+02:00,3554.7,12707.54,28403.36,50998.76,19.38
2020-05-09T11:00+02:00,1914.02,12684.86,31304.25,51933.9,19.38
2020-05-09T12:00+02:00,1301.7,12918.53,32368.95,51606.58,19.38
2020-05-09T13:00+02:00,958.14,12694.26,32323.69,50271.75,19.38
2020-05-09T14:00+02:00,1159.76,12565.1,31229.8,48004.3,19.38
2020-05-09T15:00+02:00,3937.94,12384.93,28561.09,47096.33,19.38
2020-05-09T16:00+02:00,6340.09,12622.43,25185.1,46555.22,19.38
2020-05-09T17:00+02:00,6910.14,13164.8,21104.38,47102.86,19.38
2020-05-09T18:00+02:00,7500.02,14857.91,16451.24,47643.02,19.38
2020-05-09T19:00+02:00,8154.51,15982.62,12598.69,47355.7,19.38
2020-05-09T20:00+02:00,7683.36,16015.67,11205.29,46670.84,19.38
2020-05-09T21:00+02:00,5838.82,16001.21,12234.85,46023.93,19.38
2020-05-09T22:00+02:00,5142.34,15742.68,13554.7,44583.25,19.38
2020-05-09T23:00+02:00,5235.25,14539.59,14235.3,41546.58,19.38
2020-05-10T00:00+02:00,5421.83,12406.99,14292.36,38417.96,19.38
2020-05-10T01:00+02:00,4267.3,11776.23,13804.66,36851.37,19.38
2020-05-10T02:00+02:00,3209.7,11953.31,13440.51,35268.33,19.38
2020-05-10T03:00+02:00,4987.52,11411.07,13206.66,35124.63,19.38
2020-05-10T04:00+02:00,5154.77,11018.7,13072.98,35457.55,19.38
2020-05-10T05:00+02:00,5117.86,11007.47,12778.13,35208.55,19.38
2020-05-10T06:00+02:00,5127.42,10835.93,13504.02,35697.5,19.38
2020-05-10T07:00+02:00,4331.42,10956.78,15725.69,37630.54,19.38
2020-05-10T08:00+02:00,4557.22,11016.16,17751.4,40961.11,19.38
2020-05-10T09:00+02:00,4912.02,11122.84,20490.8,43523.42,19.38
2020-05-10T10:00+02:00,4522.09,10675.36,24834.46,45748.18,19.38
2020-05-10T11:00+02:00,4186.03,9628.69,29983.16,48256.73,19.38
2020-05-10T12:00+02:00,1508.06,9359.71,34480.72,48228.02,19.38
2020-05-10T13:00+02:00,-1105.96,9299.59,38091,46536.41,19.38
2020-05-10T14:00+02:00,-4339.15,9273.15,37790.34,45115.58,19.38
2020-05-10T15:00+02:00,-6473.76,9863.45,35751.92,43447.69,19.38
2020-05-10T16:00+02:00,-2234.58,9913.64,33793.8,43017.89,19.38
2020-05-10T17:00+02:00,370.47,9873.72,31452.8,44473.35,19.38
2020-05-10T18:00+02:00,2785.84,9824.36,29291.04,46420.95,19.38
2020-05-10T19:00+02:00,2461.24,10194.47,27548.16,47415.97,19.38
2020-05-10T20:00+02:00,2121.52,9912.15,27309.57,47409.76,19.38
2020-05-10T21:00+02:00,1510.29,10314.42,28820.77,47254.43,19.38
2020-05-10T22:00+02:00,1637.07,9569.87,29232.65,46839.12,19.38
2020-05-10T23:00+02:00,-1242.92,9325.03,29864.8,43848.73,19.38
2020-05-11T00:00+02:00,148.13,9688.89,30412.45,42069.38,19.38
2020-05-11T01:00+02:00,-1010.12,9557.24,30823.21,40883.28,19.38
2020-05-11T02:00+02:00,-1867.72,9363.94,31293.19,39751.94,19.38
2020-05-11T03:00+02:00,-1638.8,9050.88,31692.8,39874.12,19.38
2020-05-11T04:00+02:00,-1678.78,9199.57,32000.27,41650.37,19.38
2020-05-11T05:00+02:00,110.67,9697.03,32807.92,45484.45,19.38
2020-05-11T06:00+02:00,2537.33,10411.79,33657.7,52541.12,19.38
2020-05-11T07:00+02:00,2061.46,11201.61,34637.75,58074.88,19.38
2020-05-11T08:00+02:00,2531.8,11693.23,36288.15,61595.71,19.38
2020-05-11T09:00+02:00,4348.69,11933.07,38596.81,62971.28,19.38
2020-05-11T10:00+02:00,4105.67,11641.41,41266.02,65387.69,19.38
2020-05-11T11:00+02:00,5406.63,10522.66,43673.44,66708.53,19.38
2020-05-11T12:00+02:00,4289.34,10687.83,46625.13,66453.46,19.38
2020-05-11T13:00+02:00,3054.77,10708.01,48711.53,65540.51,19.38
2020-05-11T14:00+02:00,1387.46,10778.76,49730.93,64628.77,19.38
2020-05-11T15:00+02:00,1362.56,10800.76,49714.23,63238.34,19.38
2020-05-11T16:00+02:00,1579.76,10501.64,48456.6,62405.99,19.38
2020-05-11T17:00+02:00,704.92,10937.55,46170.46,62030.72,19.38
2020-05-11T18:00+02:00,717.56,12021.17,42499.05,61526.78,19.38
2020-05-11T19:00+02:00,2240.4,12515.79,37640.46,60374.74,19.38
2020-05-11T20:00+02:00,3113.26,13918.32,31503.5,57785.07,19.38
2020-05-11T21:00+02:00,3848.55,14391.91,28177.6,56232.62,19.38
2020-05-11T22:00+02:00,5555.08,13675.75,26767.32,53598.32,19.38
2020-05-11T23:00+02:00,6113.36,12410.56,25982.77,49733.36,19.38
2020-05-12T00:00+02:00,4567.99,12197.47,24596.39,47146.58,19.38
2020-05-12T01:00+02:00,3835.26,12312.27,23610.29,45112.15,19.38
2020-05-12T02:00+02:00,5468,12163.42,22550.18,44261.45,19.38
2020-05-12T03:00+02:00,6325.29,12389.22,21445.24,44145.05,19.38
2020-05-12T04:00+02:00,6967.24,12637.32,20353.92,44992.85,19.38
2020-05-12T05:00+02:00,8524.56,13891.91,19466.05,47600.76,19.38
2020-05-12T06:00+02:00,10251.59,15108.28,19947.14,53366.47,19.38
2020-05-12T07:00+02:00,9156.86,15888.8,23255.77,57687.65,19.38
2020-05-12T08:00+02:00,6764.92,16017.79,29453.74,60868.23,19.38
2020-05-12T09:00+02:00,374.55,15781.27,37950.09,62547.06,19.38
2020-05-12T10:00+02:00,-1085.68,14703.27,42899.44,63525.01,19.38
2020-05-12T11:00+02:00,-684.72,14229.57,45109.4,64537.22,19.38
2020-05-12T12:00+02:00,-1138.76,13718.23,45939.02,64467.71,19.38
2020-05-12T13:00+02:00,-346.3,13151.04,47096.39,63583.26,19.38
2020-05-12T14:00+02:00,-740.32,13095.24,46228.6,61893.04,19.38
2020-05-12T15:00+02:00,-914.84,13578.54,43234.73,60824.66,19.38
2020-05-12T16:00+02:00,1757.6,13912.57,39004.33,60152.58,19.38
2020-05-12T17:00+02:00,4430.89,15163.12,33165.6,59521.54,19.38
2020-05-12T18:00+02:00,6975.96,17944.93,27225.45,59539.9,19.38
2020-05-12T19:00+02:00,8840.34,19092.22,21175.3,58377.63,19.38
2020-05-12T20:00+02:00,8601.53,19859.36,16910.7,56190.46,19.38
2020-05-12T21:00+02:00,8479.01,20440.69,14716.82,54300.79,19.38
2020-05-12T22:00+02:00,8579.45,20139.57,14331.18,51732.16,19.38
2020-05-12T23:00+02:00,7311.05,19361.27,14407.95,47956.99,19.38
2020-05-13T00:00+02:00,6559,18533.76,14933.87,45396.89,19.38
2020-05-13T01:00+02:00,6920.94,17834.23,15272.6,43454.14,19.38
2020-05-13T02:00+02:00,7782,16833.83,15223.11,42658.29,19.38
2020-05-13T03:00+02:00,8164.72,16891.15,14990.99,42571.38,19.38
2020-05-13T04:00+02:00,9134.89,16867.6,15247.73,43977.76,19.38
2020-05-13T05:00+02:00,8510.04,17792.11,15182.44,47134.25,19.38
2020-05-13T06:00+02:00,8498.14,19416.36,16289.7,52347.37,19.38
2020-05-13T07:00+02:00,8644.26,20698.95,18995.26,57079.39,19.38
2020-05-13T08:00+02:00,6705.82,20591.28,23976.05,59929.76,19.38
2020-05-13T09:00+02:00,4019.21,20210.37,29110.68,61443.78,19.38
2020-05-13T10:00+02:00,1081.53,20515.63,32169.1,61846.15,19.38
2020-05-13T11:00+02:00,2422.6,20376.71,31428.68,63655.87,19.38
2020-05-13T12:00+02:00,2359.73,20777.72,28787.5,63072.56,19.38
2020-05-13T13:00+02:00,4251.15,20845.86,26938.61,61355.8,19.38
2020-05-13T14:00+02:00,5793.62,20577.44,26239.96,60484.28,19.38
2020-05-13T15:00+02:00,6211.94,20717.93,25025.16,59341.59,19.38
2020-05-13T16:00+02:00,5639.46,20792.29,23498.3,58212.78,19.38
2020-05-13T17:00+02:00,7337.42,20888.73,21921.68,58792.83,19.38
2020-05-13T18:00+02:00,6921.3,20983.9,20805.91,59190.05,19.38
2020-05-13T19:00+02:00,7093.1,21153.42,18836.51,58550.92,19.38
2020-05-13T20:00+02:00,7402.14,21084.73,17498.41,56661.7,19.38
2020-05-13T21:00+02:00,6293.83,20675.38,18178.07,54479.08,19.38
2020-05-13T22:00+02:00,4246.91,20394.62,18468.77,51322.17,19.38
2020-05-13T23:00+02:00,4647.47,18188.3,18697.22,47573.79,19.38
2020-05-14T00:00+02:00,2993.01,17288.77,18920.24,44733.58,19.38
2020-05-14T01:00+02:00,5183.37,15805.85,19182.12,43345.48,19.38
2020-05-14T02:00+02:00,5803.06,15315.9,19122.93,42692.58,19.38
2020-05-14T03:00+02:00,5882.78,15498.53,19294.64,42708.01,19.38
2020-05-14T04:00+02:00,7041.93,15672.87,18851.02,44021.79,19.38
2020-05-14T05:00+02:00,5864.88,17402.45,18408.16,46618.16,19.38
2020-05-14T06:00+02:00,6714.96,19511.92,18477.42,52234.87,19.38
2020-05-14T07:00+02:00,6169.79,20642.24,19819.93,57108.44,19.38
2020-05-14T08:00+02:00,5993.78,20151.07,23853.27,60281.02,19.38
2020-05-14T09:00+02:00,5400.1,19594.6,29161.95,61445.98,19.38
2020-05-14T10:00+02:00,3144.83,19268.31,32344.73,62480.5,19.38
2020-05-14T11:00+02:00,4271.64,18902.14,33600.11,63693.8,19.38
2020-05-14T12:00+02:00,4749.27,18075.67,33428.87,63600.5,19.38
2020-05-14T13:00+02:00,5045.86,17485.15,33337.03,62472.32,19.38
2020-05-14T14:00+02:00,5197.51,17167.81,33361.31,61271.65,19.38
2020-05-14T15:00+02:00,4630.84,17295.16,32285.66,59782.2,19.38
2020-05-14T16:00+02:00,4411.89,17949.2,29835.42,58416.92,19.38
2020-05-14T17:00+02:00,5158.82,19321.84,26275.96,58697.94,19.38
2020-05-14T18:00+02:00,7541.66,19515.24,21928.76,58938.08,19.38
2020-05-14T19:00+02:00,8499.42,19822.42,18048.24,58009.02,19.38
2020-05-14T20:00+02:00,8078.4,20143.22,15941.06,56161.53,19.38
2020-05-14T21:00+02:00,6808.68,20197.03,16348.95,54301.84,19.38
2020-05-14T22:00+02:00,6294.9,19696.34,17660.74,51634.88,19.38
2020-05-14T23:00+02:00,3736.14,18214.59,18671.32,47249.36,19.38
2020-05-15T00:00+02:00,4544.35,15815.57,19159.44,44631.62,19.38
2020-05-15T01:00+02:00,5892.3,14330.33,19345.43,42812.26,19.38
2020-05-15T02:00+02:00,6726.4,13969.3,19690.95,43101.43,19.38
2020-05-15T03:00+02:00,7115.14,14015.05,19759.38,43607.63,19.38
2020-05-15T04:00+02:00,7805.48,14240.54,19469,45144.1,19.38
2020-05-15T05:00+02:00,7582.11,15458.12,19009.77,47186.03,19.38
2020-05-15T06:00+02:00,7151.34,17555.06,19590.51,52017.37,19.38
2020-05-15T07:00+02:00,6499.43,18054.96,21658.64,56503.82,19.38
2020-05-15T08:00+02:00,4872.78,18083.08,25645.73,60011.41,19.38
2020-05-15T09:00+02:00,1711.92,17673.03,31161.56,61233.58,19.38
2020-05-15T10:00+02:00,778.82,17248.78,36240.23,62510.48,19.38
2020-05-15T11:00+02:00,164.88,16116.75,38849.53,63634.5,19.11
2020-05-15T12:00+02:00,-30.15,15365.51,39353.93,63601.36,19.02
2020-05-15T13:00+02:00,1645.02,14165.7,40230.79,61972.87,19.02
2020-05-15T14:00+02:00,851.05,13672.69,40450.84,60123.48,19.02
2020-05-15T15:00+02:00,1151.95,13663.72,40335.17,59163.28,19.02
2020-05-15T16:00+02:00,1638.41,13430.1,39181.97,58352.76,19.02
2020-05-15T17:00+02:00,1488.74,14629.35,35843.57,57928.67,19.02
2020-05-15T18:00+02:00,2698.42,16225.13,31387.42,58034.36,19.02
2020-05-15T19:00+02:00,4139.67,16391.84,26193.58,57356.77,19.02
2020-05-15T20:00+02:00,6000.17,16401.1,21759.9,54907.28,19.02
2020-05-15T21:00+02:00,4904.24,16695.94,20546.94,52984.11,19.02
2020-05-15T22:00+02:00,3517.35,16287.39,20935.1,50785.81,19.02
2020-05-15T23:00+02:00,4068.59,14423.22,21562.9,47008.94,19.02
2020-05-16T00:00+02:00,1920.55,13050.8,22022.28,43433.74,19.02
2020-05-16T01:00+02:00,992.48,12322.85,22023.45,41533.66,19.02
2020-05-16T02:00+02:00,1230.51,11399.3,21834.17,40770.54,19.02
2020-05-16T03:00+02:00,1308.63,11110.5,21946.69,40586.01,19.02
2020-05-16T04:00+02:00,2601.89,10954.3,21610.46,40824.56,19.02
2020-05-16T05:00+02:00,2222.26,11083.48,21505.99,41049.38,19.02
2020-05-16T06:00+02:00,2494.05,10980.67,22547.64,41842.53,19.02
2020-05-16T07:00+02:00,1224.98,11029.01,25729.14,44406.27,19.02
2020-05-16T08:00+02:00,-276.76,10711.19,32337.49,48563.09,19.02
2020-05-16T09:00+02:00,-3510.96,10437.99,40002.61,51770.98,19.02
2020-05-16T10:00+02:00,-6374.75,10526.76,44939.33,53149.27,19.02
2020-05-16T11:00+02:00,-6079.6,10427.05,46989.84,54301.82,19.02
2020-05-16T12:00+02:00,-6799.28,10405.14,47881.35,53856.41,19.02
2020-05-16T13:00+02:00,-8772.46,10360.63,48451.84,52182.1,19.02
2020-05-16T14:00+02:00,-7547.85,10259.09,47701.9,50788.38,19.02
2020-05-16T15:00+02:00,-8029.06,10236.9,44797.18,49517.81,19.02
2020-05-16T16:00+02:00,-5032.09,10347.17,40031.35,48508.74,19.02
2020-05-16T17:00+02:00,-895.98,10754.62,33593.26,48988.63,19.02
2020-05-16T18:00+02:00,3523.55,11526.53,26658.01,49432.8,19.02
2020-05-16T19:00+02:00,5297.65,12904.42,20381.17,49222.7,19.02
2020-05-16T20:00+02:00,5493.2,13737.75,16899.97,48122.44,19.02
2020-05-16T21:00+02:00,5345.27,14134.27,15673.36,47374.77,19.02
2020-05-16T22:00+02:00,4728.9,14079.88,15653.11,45925.59,19.02
2020-05-16T23:00+02:00,4099.42,13496.73,16568.25,42760.38,19.02
2020-05-17T00:00+02:00,3275.42,12148.52,17748.13,39728.26,19.02
2020-05-17T01:00+02:00,487.65,11164.54,18893.72,38144.31,19.02
2020-05-17T02:00+02:00,-60.03,10730.58,19655.74,37292.56,19.02
2020-05-17T03:00+02:00,328.8,10448.95,20210.1,36874.36,19.02
2020-05-17T04:00+02:00,-236.74,10424.93,19816.47,36910.34,19.02
2020-05-17T05:00+02:00,-400.17,10384.76,19931.89,36654.07,19.02
2020-05-17T06:00+02:00,-1278.28,10413.77,20852.76,36879.11,19.02
2020-05-17T07:00+02:00,-2426.31,10427.63,24174.44,38848.69,19.02
2020-05-17T08:00+02:00,-4098.21,9888.98,30728.85,42308.88,19.02
2020-05-17T09:00+02:00,-8462.74,9913.88,38736.68,45748.9,19.02
2020-05-17T10:00+02:00,-11508.52,9452.84,44970.83,48245.22,19.02
2020-05-17T11:00+02:00,-11204.5,9175.3,48529.87,50618.72,19.02
2020-05-17T12:00+02:00,-12692.66,9162.79,49632.11,50192.19,19.02
2020-05-17T13:00+02:00,-12593.24,9148.64,49940.03,48265.16,19.02
2020-05-17T14:00+02:00,-12926.51,9087.81,50056.79,46235.05,19.02
2020-05-17T15:00+02:00,-12042.2,8993.35,47814.18,45326.39,19.02
2020-05-17T16:00+02:00,-9806.83,8672.95,44756.72,45114.99,19.02
2020-05-17T17:00+02:00,-7301.12,8910.09,39723.92,45911.7,19.02
2020-05-17T18:00+02:00,-918.48,9636.72,33593.69,47713.35,19.02
2020-05-17T19:00+02:00,2912.09,10719.32,26583.45,48303.64,19.02
2020-05-17T20:00+02:00,3438.71,12085.37,21733.26,47738.21,19.02
2020-05-17T21:00+02:00,5508.82,12414.6,20462.78,47532.5,19.02
2020-05-17T22:00+02:00,3672.46,12298.43,20566.75,46978.81,19.02
2020-05-17T23:00+02:00,2665.36,11639.46,20668.08,43799.5,19.02
2020-05-18T00:00+02:00,2168.79,11236.38,20673.01,41432.09,19.02
2020-05-18T01:00+02:00,2719.9,11211.11,20865.86,40136.98,19.02
2020-05-18T02:00+02:00,3273.69,11362.27,20469.23,39294.8,19.02
2020-05-18T03:00+02:00,3190.08,11760.47,20436.37,39647.02,19.02
2020-05-18T04:00+02:00,5676.01,11982.11,19623.89,41104.73,19.02
2020-05-18T05:00+02:00,7079.76,13355.65,18992.86,43898.51,19.02
2020-05-18T06:00+02:00,7548.47,15203.09,20013.79,50607.32,19.02
2020-05-18T07:00+02:00,6284.01,16438.09,22562.27,55719.36,19.02
2020-05-18T08:00+02:00,3273.9,16877.99,27620.78,59119.31,19.02
2020-05-18T09:00+02:00,1479.62,16183.35,34272.89,60337.33,19.02
2020-05-18T10:00+02:00,-243.26,14378.75,40197.48,61564.9,19.02
2020-05-18T11:00+02:00,-2272.88,13373.8,44907.16,63211.17,19.02
2020-05-18T12:00+02:00,-2545.68,12767.78,48480.46,62755.57,19.02
2020-05-18T13:00+02:00,-3149.5,12341.83,49367.83,61331.62,19.02
2020-05-18T14:00+02:00,-4130.76,12742.64,48525.61,60514.22,19.02
2020-05-18T15:00+02:00,-2032.81,12561.3,46445.59,59658.63,19.02
2020-05-18T16:00+02:00,1219.53,12859.56,41741.71,58541.7,19.02
2020-05-18T17:00+02:00,3534.42,13884.4,35570.83,58397.44,19.02
2020-05-18T18:00+02:00,4505.47,16074.86,28895.52,58172.87,19.02
2020-05-18T19:00+02:00,6270.49,17220.42,22678.64,57824.57,19.02
2020-05-18T20:00+02:00,7976.22,17753.28,18959.42,56535.8,19.02
2020-05-18T21:00+02:00,7031.06,17725.68,18245.69,54840.54,19.02
2020-05-18T22:00+02:00,7391.76,16885.96,18675.46,51630.04,19.02
2020-05-18T23:00+02:00,6069.44,14744.35,17586.84,47003.1,19.02
2020-05-19T00:00+02:00,5472.1,13567.94,16738.98,44061.82,19.02
2020-05-19T01:00+02:00,7109.02,13012.96,16316.44,42464.11,19.02
2020-05-19T02:00+02:00,8342.01,12880.4,16550.66,41862.58,19.02
2020-05-19T03:00+02:00,9086.86,12899.32,16939.92,42162.4,19.02
2020-05-19T04:00+02:00,9666.95,12986.82,17421.66,43254.44,19.02
2020-05-19T05:00+02:00,8143.6,14269.19,17740.21,46060.27,19.02
2020-05-19T06:00+02:00,7811.43,16820.08,19144.63,52111.17,19.02
2020-05-19T07:00+02:00,7177.07,18098.02,22317.11,57388.53,19.02
2020-05-19T08:00+02:00,5412.58,18245.67,27623.2,60951.18,19.02
2020-05-19T09:00+02:00,2376.94,16522.41,33767,61916.65,19.02
2020-05-19T10:00+02:00,1224.33,15258.94,39315.14,63190.02,19.02
2020-05-19T11:00+02:00,401.83,14900.07,42242.29,64421.8,19.02
2020-05-19T12:00+02:00,-1038.54,14827.03,43418.37,63759.61,19.02
2020-05-19T13:00+02:00,670.57,14337.96,43723.78,63216.85,19.02
2020-05-19T14:00+02:00,289.67,14700.14,41498,61463.74,19.02
2020-05-19T15:00+02:00,2425.52,15020.31,37529.54,60388.71,19.02
2020-05-19T16:00+02:00,3392.57,15750.91,33028.01,58719.16,19.02
2020-05-19T17:00+02:00,3741.61,18294.95,27740.62,58517.25,19.02
2020-05-19T18:00+02:00,6504.33,20050.81,21641.65,58517.62,19.02
2020-05-19T19:00+02:00,8588.73,20110.11,16378.01,58104.66,19.02
2020-05-19T20:00+02:00,9005.65,20409.1,13011.01,55939.36,19.02
2020-05-19T21:00+02:00,8422.99,20255.29,12020.82,53783.77,19.02
2020-05-19T22:00+02:00,8475.95,19571.52,11458.94,50655.17,19.02
2020-05-19T23:00+02:00,7223,19175.5,10980.23,45825.65,19.02
2020-05-20T00:00+02:00,8448.18,17874.83,10314.62,42821.86,19.02
2020-05-20T01:00+02:00,9696.1,17071.61,9885.07,41360.42,19.02
2020-05-20T02:00+02:00,10363.28,16787.66,9345.31,40574.93,19.02
2020-05-20T03:00+02:00,9934.91,17128.07,9127.08,40706.27,19.02
2020-05-20T04:00+02:00,9886.5,17613.38,8993.92,41609.65,19.02
2020-05-20T05:00+02:00,9045.11,18614.18,9124.09,43765.93,19.02
2020-05-20T06:00+02:00,8986.13,19711.53,10356.05,49757.46,19.02
2020-05-20T07:00+02:00,9343.81,20489.31,12609.07,54988.19,19.02
2020-05-20T08:00+02:00,7999.58,21043.42,15934.29,58292.94,19.02
2020-05-20T09:00+02:00,6665.97,20967.99,19937.89,59434.83,19.02
2020-05-20T10:00+02:00,6001.23,20715.23,24014.38,60781.17,19.02
2020-05-20T11:00+02:00,5742.43,20571.64,27326.07,61724.13,19.02
2020-05-20T12:00+02:00,5539.65,20226.51,29225.67,61488.34,19.02
2020-05-20T13:00+02:00,4814.57,19660.01,29912.78,60150.06,19.02
2020-05-20T14:00+02:00,4201.48,19509.91,29255.13,58468.22,19.02
2020-05-20T15:00+02:00,5552.98,19499.91,27360.04,57368.82,19.02
2020-05-20T16:00+02:00,6458.5,19600.97,24703.88,55989.4,19.02
2020-05-20T17:00+02:00,7263.19,19676.08,21619.51,55657.54,19.02
2020-05-20T18:00+02:00,8037.18,19711.55,17498.27,55341.75,19.02
2020-05-20T19:00+02:00,10022.67,20167.69,13308.16,54540.69,19.02
2020-05-20T20:00+02:00,10410.5,20186.31,10809.98,52630.52,19.02
2020-05-20T21:00+02:00,9051.96,19553.49,10711.09,50544.13,19.02
2020-05-20T22:00+02:00,8416.23,19049.34,11287,47767,19.02
2020-05-20T23:00+02:00,6651.96,18124.45,11474.81,43559.59,19.02
2020-05-21T00:00+02:00,8460.25,15016.03,11312.32,40623.31,19.02
2020-05-21T01:00+02:00,9479.02,13164.34,11135.67,38720.15,19.02
2020-05-21T02:00+02:00,9676.7,12210.99,10631.03,37519.27,19.02
2020-05-21T03:00+02:00,10530.79,11538.91,10395.41,37394.16,19.02
2020-05-21T04:00+02:00,10617.84,11449.57,10048.03,37189.96,19.02
2020-05-21T05:00+02:00,9751.14,11388.2,10096.64,36233.61,19.02
2020-05-21T06:00+02:00,7943.16,11387.87,11977.55,36307.29,19.02
2020-05-21T07:00+02:00,5242.86,11472.94,16404.35,38661.5,19.02
2020-05-21T08:00+02:00,2375.26,11586.82,22240.68,42441.68,19.02
2020-05-21T09:00+02:00,88.71,11090.63,29132.73,45467.15,19.02
2020-05-21T10:00+02:00,-1900.3,10724.54,34308.99,47041,19.02
2020-05-21T11:00+02:00,-1898.59,10635.73,36883.44,48410.48,19.02
2020-05-21T12:00+02:00,-2912.66,10500.45,38666.64,47729.2,19.02
2020-05-21T13:00+02:00,-3457.75,10330.65,38761.27,45875,19.02
2020-05-21T14:00+02:00,-4561.39,10328.17,37414.18,44257.9,19.02
2020-05-21T15:00+02:00,-2608.66,10134.23,34833.54,43571.58,19.02
2020-05-21T16:00+02:00,195.19,10389.66,30502.33,43041.44,19.02
2020-05-21T17:00+02:00,2704.82,11067.98,24565.91,43309.64,19.02
2020-05-21T18:00+02:00,4371.82,12883.46,18440.33,44589.52,19.02
2020-05-21T19:00+02:00,6336.91,14587.55,13287.72,45014.85,19.02
2020-05-21T20:00+02:00,6938.27,15144.16,11316.84,44945.28,19.02
2020-05-21T21:00+02:00,5953.48,14993.32,12671.63,45228.87,19.02
2020-05-21T22:00+02:00,3975.73,14571.02,15867.05,44682.05,19.02
2020-05-21T23:00+02:00,3058.39,12615,18309.2,41771.08,19.02
2020-05-22T00:00+02:00,1756.5,11129.72,19573.15,38995.72,19.02
2020-05-22T01:00+02:00,1710.76,10764.77,20255.57,37530.04,19.02
2020-05-22T02:00+02:00,3187.6,10553,20545.98,36906.5,19.02
2020-05-22T03:00+02:00,3607.89,10369.17,20953.6,36949.15,19.02
2020-05-22T04:00+02:00,4201.23,10413.86,21093.52,37503.64,19.02
2020-05-22T05:00+02:00,4116.25,10369.84,20848.19,38882.88,19.02
2020-05-22T06:00+02:00,4521.5,10799.1,22280.64,42711.56,19.02
2020-05-22T07:00+02:00,3555.02,10558.21,24795.42,46970.93,19.02
2020-05-22T08:00+02:00,2856.59,10521,28475.94,50401.22,19.02
2020-05-22T09:00+02:00,2968.04,10511.76,30774.81,52563.2,19.02
2020-05-22T10:00+02:00,834.54,10501.66,32773.21,54543.46,19.02
2020-05-22T11:00+02:00,1097.22,10826.07,36470.93,56391.6,19.02
2020-05-22T12:00+02:00,2930.67,10430.28,38703.64,56662.6,19.02
2020-05-22T13:00+02:00,3611.03,9984.49,38655.54,56210.13,19.02
2020-05-22T14:00+02:00,3641.07,10306.84,38116.88,54532.39,19.02
2020-05-22T15:00+02:00,3490.97,10732.61,35951.12,53678.02,19.02
2020-05-22T16:00+02:00,2976.66,11227.67,32490.79,52891.46,19.02
2020-05-22T17:00+02:00,5124.96,11765.15,28342.93,53352.52,19.02
2020-05-22T18:00+02:00,4836.53,12979.56,26680.65,53697.94,19.02
2020-05-22T19:00+02:00,5367.76,12588.22,24559.15,53420.66,19.02
2020-05-22T20:00+02:00,4553.7,12392.33,23134.16,51353.91,19.02
2020-05-22T21:00+02:00,4090.22,12072.92,21723.43,49793.22,19.02
2020-05-22T22:00+02:00,3297.94,12626.06,21248.92,47747.23,19.02
2020-05-22T23:00+02:00,2927.2,11786.28,21151.09,44156.66,19.02
2020-05-23T00:00+02:00,1895.22,10373.66,20519.19,40997.02,19.02
2020-05-23T01:00+02:00,1753.83,10038.74,20998.47,39226.86,19.02
2020-05-23T02:00+02:00,1682.71,9612.67,21279.19,38260.58,19.02
2020-05-23T03:00+02:00,633.4,9595.83,21403.87,37548.53,19.02
2020-05-23T04:00+02:00,2064.08,9327.74,21028.56,37682.51,19.02
2020-05-23T05:00+02:00,3042.14,9280.17,21079.64,38084.29,19.02
2020-05-23T06:00+02:00,2917.86,9571.86,21249.82,39283.06,19.02
2020-05-23T07:00+02:00,3472.61,9672.48,21667.8,42255.1,19.02
2020-05-23T08:00+02:00,4094.98,9851.57,23550.71,45688.76,19.02
2020-05-23T09:00+02:00,4988.89,9665.09,28297.11,48372.38,19.02
2020-05-23T10:00+02:00,3647.02,9426.38,32664.47,50835.63,19.02
2020-05-23T11:00+02:00,735.76,9489.38,36154.77,52934.51,19.02
2020-05-23T12:00+02:00,739.15,9520.07,38625.22,53378.74,19.02
2020-05-23T13:00+02:00,-184.36,9071.74,41045.2,53013.95,19.02
2020-05-23T14:00+02:00,-1527.36,8811.23,41112.78,51493.06,19.02
2020-05-23T15:00+02:00,-1886.19,8677.8,40742.73,50814.05,19.02
2020-05-23T16:00+02:00,-508.35,8770.01,40493.02,50829.3,19.02
2020-05-23T17:00+02:00,-1273.9,8819.05,39609.12,51897.63,19.02
2020-05-23T18:00+02:00,-285.48,8979.7,37202.01,52093.95,19.02
2020-05-23T19:00+02:00,-349.63,9118.81,33490.78,51073.62,19.02
2020-05-23T20:00+02:00,801.64,8974.95,30232.41,48900.94,19.02
2020-05-23T21:00+02:00,977.98,8981.75,29563.58,47024.96,19.02
2020-05-23T22:00+02:00,-1297.6,8942.79,29953.88,45600.46,19.02
2020-05-23T23:00+02:00,-2864.58,8954.4,30582.29,42596.3,19.02
2020-05-24T00:00+02:00,-4376.06,8744.2,30824.02,39408.45,19.02
2020-05-24T01:00+02:00,-4347.3,8970.91,27648.48,37698.94,19.02
2020-05-24T02:00+02:00,-4580.54,8946.22,26542.37,36919.9,19.02
2020-05-24T03:00+02:00,-4814.54,8846.74,26610.26,36372.42,19.02
2020-05-24T04:00+02:00,-3335.94,8831.5,26210.99,36279.42,19.02
2020-05-24T05:00+02:00,-4098.2,8832.72,26763.39,35913.08,19.02
2020-05-24T06:00+02:00,-4181.38,8680.85,27771.54,36263.61,19.02
2020-05-24T07:00+02:00,-5301.2,8459.25,31036.67,38375.84,19.02
2020-05-24T08:00+02:00,-7876.42,8565.1,37018.43,42319.62,19.02
2020-05-24T09:00+02:00,-9436.61,8360.3,43054.63,46172.3,19.02
2020-05-24T10:00+02:00,-10508.06,8198.68,47690.35,49027.11,19.02
2020-05-24T11:00+02:00,-10886.92,8277.18,50195.34,51680,19.02
2020-05-24T12:00+02:00,-11377.14,8120.88,50868.91,51545.31,19.02
2020-05-24T13:00+02:00,-8945.32,8051.19,46771.02,49197.64,19.02
2020-05-24T14:00+02:00,-8060.07,7736.79,43994.08,47654.56,19.02
2020-05-24T15:00+02:00,-7188.63,7862.03,42333.2,46696.51,19.02
2020-05-24T16:00+02:00,-7992.35,8054.77,42044.31,46752.75,19.02
2020-05-24T17:00+02:00,-7813.36,8322.13,40686.9,47625.89,19.02
2020-05-24T18:00+02:00,-7901.49,8798.76,38854.78,49110.98,19.02
2020-05-24T19:00+02:00,-2838.24,9004.18,33618.33,48623.82,19.02
2020-05-24T20:00+02:00,208.35,8962.89,29858.42,47112.29,19.02
2020-05-24T21:00+02:00,1003.75,8752.23,28756.88,46399.91,19.02
2020-05-24T22:00+02:00,240.22,8694.13,29193.19,46195.89,19.02
2020-05-24T23:00+02:00,-2593.08,8912.61,30322,43083.43,19.02
2020-05-25T00:00+02:00,-3640.38,9075.88,30284.17,40730.34,19.02
2020-05-25T01:00+02:00,-3592.17,8989.11,30297.5,39324.06,19.02
2020-05-25T02:00+02:00,-2532.96,8998.25,30151.91,38819.97,19.02
2020-05-25T03:00+02:00,-2506.4,9053.81,30423.83,38907.99,19.02
2020-05-25T04:00+02:00,-1854.66,9360.58,30200.76,40169.71,19.02
2020-05-25T05:00+02:00,-234.26,9927.45,30061.72,43394.58,19.02
2020-05-25T06:00+02:00,1258.24,11779.26,31177.95,50914.11,19.02
2020-05-25T07:00+02:00,1508.7,12644.27,32402.92,57217.67,19.02
2020-05-25T08:00+02:00,733.05,13083.77,35083.74,61008.18,19.02
2020-05-25T09:00+02:00,1507.18,13111.65,37887.11,62689.36,19.02
2020-05-25T10:00+02:00,1043.46,12989.77,40727.14,64117.88,19.02
2020-05-25T11:00+02:00,976.1,12592.75,42464.02,65756.11,19.02
2020-05-25T12:00+02:00,633.15,12670.67,42024.92,65595.45,19.02
2020-05-25T13:00+02:00,855.78,12808.31,41340.99,63761.68,19.02
2020-05-25T14:00+02:00,1591.02,12970.09,40774.23,62436.44,19.02
2020-05-25T15:00+02:00,1595.63,13495.84,40404.36,60878.17,19.02
2020-05-25T16:00+02:00,1607.89,14028.09,38320.09,59559.26,19.02
2020-05-25T17:00+02:00,1236.27,15750.86,34229.37,59109.72,19.02
2020-05-25T18:00+02:00,2147.55,17635.17,27760.45,58317.17,19.02
2020-05-25T19:00+02:00,5283.94,18431.1,21035.21,57273.33,19.02
2020-05-25T20:00+02:00,7161.45,19123.62,16189.9,54856.7,19.02
2020-05-25T21:00+02:00,6988.48,19017.5,14086.62,52764.26,19.02
2020-05-25T22:00+02:00,5316.35,19126.74,13356.39,50440.34,19.02
2020-05-25T23:00+02:00,5067.49,18529.79,12410.88,46046.18,19.02
2020-05-26T00:00+02:00,6483.75,17177.25,11684.63,43261.15,19.02
2020-05-26T01:00+02:00,8101.38,16052.94,11120.51,41987.93,19.02
2020-05-26T02:00+02:00,8491.9,15921.54,10558.28,40824.68,19.02
2020-05-26T03:00+02:00,8502.4,16074.75,10101.05,41079.26,19.02
2020-05-26T04:00+02:00,8570.26,16916.76,9882.81,42175.11,19.02
2020-05-26T05:00+02:00,8037.49,18849.93,9836.86,44264.48,19.02
2020-05-26T06:00+02:00,8380.68,20722.74,11396.27,50645.18,19.02
2020-05-26T07:00+02:00,6858.2,21444.85,14805.31,56069.26,19.02
2020-05-26T08:00+02:00,6109.93,20752.05,19996.18,59737.87,19.02
2020-05-26T09:00+02:00,2974.82,20630.14,25645.12,60550.84,19.02
2020-05-26T10:00+02:00,2248.3,20179.85,30086.25,61564.03,19.02
2020-05-26T11:00+02:00,3269.57,18609.31,32140.33,63186.61,19.02
2020-05-26T12:00+02:00,2786.08,18233.95,33062.06,62642.71,19.02
2020-05-26T13:00+02:00,3814.57,18074.28,33492.15,61552.17,19.02
2020-05-26T14:00+02:00,4119.45,17732.27,33119.53,60199.37,19.02
2020-05-26T15:00+02:00,3595.36,18150.73,31761.58,58873.24,19.02
2020-05-26T16:00+02:00,3945.68,18438.01,28805.71,57617.69,19.02
2020-05-26T17:00+02:00,4188.03,20278.08,24202.86,57299.44,19.02
2020-05-26T18:00+02:00,6953.58,20918.74,18676.89,57063.26,19.02
2020-05-26T19:00+02:00,8806.65,21753.17,13418.03,56090.84,19.02
2020-05-26T20:00+02:00,9165.14,22022.07,10248.29,54040.64,19.02
2020-05-26T21:00+02:00,8930.86,21767.7,9395.56,52388.28,19.02
2020-05-26T22:00+02:00,7732.1,20944.17,9387.03,50232,19.02
2020-05-26T23:00+02:00,7496.61,19867.24,9251.98,46001.27,19.02
2020-05-27T00:00+02:00,8838.16,17955.14,8942.6,42905.2,19.02
2020-05-27T01:00+02:00,9940.07,16323.37,8807.99,41089.52,19.02
2020-05-27T02:00+02:00,11264.78,16084.57,8773.82,40393.39,19.02
2020-05-27T03:00+02:00,11714.32,16436.37,8711.98,40820.1,19.02
2020-05-27T04:00+02:00,11182.59,16741.36,8872.25,41989.71,19.02
2020-05-27T05:00+02:00,10361.77,17304.94,9329.24,44274.06,19.02
2020-05-27T06:00+02:00,9316.76,19168.44,11617.19,50983.57,19.02
2020-05-27T07:00+02:00,8923.26,19542.07,16816.28,57074.08,19.02
2020-05-27T08:00+02:00,5675.85,19250.99,23425.74,60165.23,19.02
2020-05-27T09:00+02:00,2175.53,18239.69,29833.92,61406.55,19.02
2020-05-27T10:00+02:00,2747.78,15974.44,34952.06,62516.42,19.02
2020-05-27T11:00+02:00,2195.79,15956.62,37429.13,63717.92,19.02
2020-05-27T12:00+02:00,3771.75,14829.13,38913.28,63742.26,19.02
2020-05-27T13:00+02:00,3338.78,14089.12,39282.57,62185.48,19.02
2020-05-27T14:00+02:00,3259.06,13879.67,39259.22,60821.05,19.02
2020-05-27T15:00+02:00,2120.14,13910.09,38252.7,59516.5,19.02
2020-05-27T16:00+02:00,1883.43,14023.73,35847.52,58454.97,19.02
2020-05-27T17:00+02:00,3206.95,14433.12,32465.7,58386.63,19.02
2020-05-27T18:00+02:00,5488.77,14793.44,27860.87,58913.96,19.02
2020-05-27T19:00+02:00,5753.63,16387.19,23770.17,58251.2,19.02
2020-05-27T20:00+02:00,5537.42,16710.04,20776.6,56320.21,19.02
2020-05-27T21:00+02:00,4941.41,16481.46,19909.33,54279.91,19.02
2020-05-27T22:00+02:00,4239.94,16028.33,19442.73,51699.72,19.02
2020-05-27T23:00+02:00,3777.72,14533.14,19678.08,47507.73,19.02
2020-05-28T00:00+02:00,3345.19,13121.94,19972.18,43723.55,19.02
2020-05-28T01:00+02:00,3310.87,12670.7,20106.52,42608.4,19.02
2020-05-28T02:00+02:00,4372.46,12418.05,20740.07,42186.64,19.02
2020-05-28T03:00+02:00,4354.52,12365.4,21073.13,42198.26,19.02
2020-05-28T04:00+02:00,4746.53,12474.98,20951.49,42857.34,19.02
2020-05-28T05:00+02:00,4117.03,13229.18,20862.93,44846.55,19.02
2020-05-28T06:00+02:00,5970.32,15314.3,20571.46,50928.46,19.02
2020-05-28T07:00+02:00,4531.8,16888.83,22631.46,56556.1,19.02
2020-05-28T08:00+02:00,3344.32,16924.16,28093.8,59816.59,19.02
2020-05-28T09:00+02:00,1535.84,16412.84,33027.53,60756.58,19.02
2020-05-28T10:00+02:00,79.8,15601.78,37262.28,62046.8,19.02
2020-05-28T11:00+02:00,-573.3,14833.23,41068.21,63200.14,19.02
2020-05-28T12:00+02:00,-1902.73,13770.76,43783.95,63397.08,19.02
2020-05-28T13:00+02:00,-1799.07,13404.59,45035.97,62698.4,19.02
2020-05-28T14:00+02:00,-1997.57,13196.49,44505.29,61022.44,19.02
2020-05-28T15:00+02:00,-1965.25,13198.88,43123.33,60007.42,19.02
2020-05-28T16:00+02:00,-437.35,12989.11,40174.2,59326.49,19.02
2020-05-28T17:00+02:00,1906.76,14107.68,35008.78,58610.96,19.02
2020-05-28T18:00+02:00,3303.76,16090.96,28056.94,58093.48,19.02
2020-05-28T19:00+02:00,6690.02,17057.92,21859.07,57315.28,19.02
2020-05-28T20:00+02:00,6306.24,17360.25,17537.69,54784.15,19.02
2020-05-28T21:00+02:00,6344.3,17403.03,16674.46,52565.84,19.02
2020-05-28T22:00+02:00,6427.01,16417.5,17568.53,50294.86,19.02
2020-05-28T23:00+02:00,5289.92,14553.49,17501.61,45787.78,19.02
2020-05-29T00:00+02:00,6331.25,12740.29,16610.4,42775.24,19.02
2020-05-29T01:00+02:00,6634.76,12569.19,15611.27,41001.82,19.02
2020-05-29T02:00+02:00,6739.23,12535.15,14619.43,40125.14,19.02
2020-05-29T03:00+02:00,7897.22,12555.57,13813.66,40180.63,19.02
2020-05-29T04:00+02:00,8268.24,13032.12,13133.38,41269.02,19.02
2020-05-29T05:00+02:00,9036.22,14433.54,12978.69,43429.9,19.02
2020-05-29T06:00+02:00,9235.43,16414.1,14269.38,49422.92,19.02
2020-05-29T07:00+02:00,7865.29,17085.74,17438.72,54911.18,19.02
2020-05-29T08:00+02:00,4129.54,17638.16,22872.96,58146.05,19.02
2020-05-29T09:00+02:00,2562.28,16641.48,29606.55,59172.1,19.02
2020-05-29T10:00+02:00,-142.94,15892.32,35197.79,59952.33,19.02
2020-05-29T11:00+02:00,846.79,14542.08,37867.75,60973.2,21.03
2020-05-29T12:00+02:00,-1377.21,13794.31,39009.58,60382,21.7
2020-05-29T13:00+02:00,749.96,13321.28,38575.56,58581.52,21.7
2020-05-29T14:00+02:00,697.64,13541.05,37029.84,57069.22,21.7
2020-05-29T15:00+02:00,2322.37,13297.32,34736.67,55715.12,21.7
2020-05-29T16:00+02:00,3193.7,13330.4,32135.29,55117.64,21.7
2020-05-29T17:00+02:00,4048.26,14565.88,28597.43,54608.09,21.7
2020-05-29T18:00+02:00,5976.17,15957.61,24008.33,54464.75,21.7
2020-05-29T19:00+02:00,7500.18,16356.89,19592.88,53753.08,21.7
2020-05-29T20:00+02:00,6819.62,16484.48,16512.64,51703.34,21.7
2020-05-29T21:00+02:00,6172.88,15882.91,16247.49,49914.44,21.7
2020-05-29T22:00+02:00,5537.96,15406.76,17627.03,48304.31,21.7
2020-05-29T23:00+02:00,3265.97,13755.85,18744.62,44275.4,21.7
2020-05-30T00:00+02:00,3409.6,11141.4,18734.98,41039.49,21.7
2020-05-30T01:00+02:00,3377.87,9995.86,18191.09,38926.58,21.7
2020-05-30T02:00+02:00,3439.21,9558.9,17193.91,37842.38,21.7
2020-05-30T03:00+02:00,3602.76,9513.28,16258.38,37386.14,21.7
2020-05-30T04:00+02:00,4653.08,9350.79,15631.51,37219.82,21.7
2020-05-30T05:00+02:00,5825.33,9269.2,15542.84,37519.38,21.7
2020-05-30T06:00+02:00,5390.71,9589.85,16504.25,38918.98,21.7
2020-05-30T07:00+02:00,4131.93,9614.08,18840.62,41815.17,21.7
2020-05-30T08:00+02:00,3362.45,9121.42,24703.56,46146.68,21.7
2020-05-30T09:00+02:00,-632.91,8988.56,33258.79,49307.46,21.7
2020-05-30T10:00+02:00,-3430.22,8859.6,40884.3,51000.47,21.7
2020-05-30T11:00+02:00,-7158.6,8804.62,44535.41,52254.11,21.7
2020-05-30T12:00+02:00,-8367.64,8640.33,44756.25,51598.5,21.7
2020-05-30T13:00+02:00,-5558.34,8548.92,43355.62,50012.76,21.7
2020-05-30T14:00+02:00,-5053.76,8393.13,41461.27,48637.13,21.7
2020-05-30T15:00+02:00,-2297.32,8324.88,39548.86,47975.99,21.7
2020-05-30T16:00+02:00,-358.24,8310.55,36639.15,47663.81,21.7
2020-05-30T17:00+02:00,828.08,8276.26,32390.74,47968.62,21.7
2020-05-30T18:00+02:00,2297.58,8760.07,28023.7,48557.32,21.7
2020-05-30T19:00+02:00,3850.17,8925.55,23485.97,48233.02,21.7
2020-05-30T20:00+02:00,4542.77,8939.03,19602.71,46574.9,21.7
2020-05-30T21:00+02:00,3395.28,9659.41,17725.18,45080.38,21.7
2020-05-30T22:00+02:00,3022.67,9910.62,17340.08,43989.46,21.7
2020-05-30T23:00+02:00,2834.82,9656.67,18042.55,40803.1,21.7
2020-05-31T00:00+02:00,2792.11,8578.87,18373.27,38031.56,21.7
2020-05-31T01:00+02:00,2190.96,8586.15,18051.01,36204.12,21.7
2020-05-31T02:00+02:00,660.9,8775.24,18266.8,35121.42,21.7
2020-05-31T03:00+02:00,391.74,8796.77,18084.81,34611.23,21.7
2020-05-31T04:00+02:00,14.86,8761.34,17770.16,34394.46,21.7
2020-05-31T05:00+02:00,418.17,8932.06,17537.7,34049.73,21.7
2020-05-31T06:00+02:00,-665.19,9049.24,18587.62,34580.9,21.7
2020-05-31T07:00+02:00,-734.04,8939.49,20742.54,36734.78,21.7
2020-05-31T08:00+02:00,-2390.25,8909.06,25472.68,40532.69,21.7
2020-05-31T09:00+02:00,-5273.72,8793.11,33712.91,44022.14,21.7
2020-05-31T10:00+02:00,-7996.75,8746.14,40812.82,46464.46,21.7
2020-05-31T11:00+02:00,-9682.3,8704.99,44203.9,48743.38,21.7
2020-05-31T12:00+02:00,-10052.16,8638.36,44947.96,48915.5,21.7
2020-05-31T13:00+02:00,-11033.12,8528.48,44991.18,46331.46,21.7
2020-05-31T14:00+02:00,-9300.3,8346.31,42505.85,44477.46,21.7
2020-05-31T15:00+02:00,-8711.69,8365.54,40535.97,43625.92,21.7
2020-05-31T16:00+02:00,-9729.94,8543.01,40039.9,43882.06,21.7
2020-05-31T17:00+02:00,-9234.43,8730.16,38962.21,44674.15,21.7
2020-05-31T18:00+02:00,-6504.32,8846.91,34923.83,45869.24,21.7
2020-05-31T19:00+02:00,-4352.45,9204.93,29108.29,45608.61,21.7
2020-05-31T20:00+02:00,-4106.14,9424.89,24495.81,44742.09,21.7
2020-05-31T21:00+02:00,-3988.72,9463.27,23707,43724.55,21.7
2020-05-31T22:00+02:00,-4533.14,9434.4,25052.44,43019.87,21.7
2020-05-31T23:00+02:00,-5112.32,9005.44,25911.18,39848.85,21.7
2020-06-01T00:00+02:00,-5501.13,8453.5,25752.38,37128.75,21.7
2020-06-01T01:00+02:00,-5816.71,8348.09,24661.41,35021.66,21.7
2020-06-01T02:00+02:00,-4273.2,8376.2,22754.99,33772.3,21.7
2020-06-01T03:00+02:00,-3001.78,8396.29,20757.6,33047.25,21.7
2020-06-01T04:00+02:00,-1741.27,8415.56,18234.96,33584.09,21.7
2020-06-01T05:00+02:00,-1394.79,8697.69,17318.1,33320.57,21.7
2020-06-01T06:00+02:00,-1612.06,8683.28,18279.97,34126.44,21.7
2020-06-01T07:00+02:00,-2994.62,8895.2,21363.54,36571.22,21.7
2020-06-01T08:00+02:00,-5775.85,8761.72,27670.32,40097.75,21.7
2020-06-01T09:00+02:00,-9436.7,8436.6,35487.12,43192.76,21.7
2020-06-01T10:00+02:00,-14098.58,8351.5,42268.76,45066.24,21.7
2020-06-01T11:00+02:00,-14989.57,8204.84,47122.73,47884.82,21.7
2020-06-01T12:00+02:00,-15768.82,8194.64,49364.79,47499.84,21.7
2020-06-01T13:00+02:00,-14967.8,8179.38,47971.39,45473.5,21.7
2020-06-01T14:00+02:00,-14764.85,8240.47,45648.11,43923.84,21.7
2020-06-01T15:00+02:00,-14493.44,8192.08,44585.9,43240.68,21.7
2020-06-01T16:00+02:00,-13949.56,8407.54,41479.35,42981.77,21.7
2020-06-01T17:00+02:00,-7944.42,8924.18,34829.89,43760.5,21.7
2020-06-01T18:00+02:00,-1471.86,10230.34,27361.53,45223.22,21.7
2020-06-01T19:00+02:00,1793.83,11854.48,20992.49,45309.45,21.7
2020-06-01T20:00+02:00,3047.85,12854.55,17784.7,44732.06,21.7
2020-06-01T21:00+02:00,1511,13275.49,18462.21,44246.09,21.7
2020-06-01T22:00+02:00,740.33,13207.23,20231.07,44202.37,21.7
2020-06-01T23:00+02:00,-429.01,11714.82,20020.62,40793.82,21.7
2020-06-02T00:00+02:00,369.66,10765.89,18398.23,38161.66,21.7
2020-06-02T01:00+02:00,1256.56,10822.58,16872.93,36715.64,21.7
2020-06-02T02:00+02:00,1839.86,10869.05,15878.81,35987.96,21.7
2020-06-02T03:00+02:00,3236.58,11021.02,15107.07,36172.95,21.7
2020-06-02T04:00+02:00,3555.38,11570.35,14306.57,37345.81,21.7
2020-06-02T05:00+02:00,5023.91,12757.45,14134.18,40895.23,21.7
2020-06-02T06:00+02:00,5178.89,15653.8,15500.16,48838.26,21.7
2020-06-02T07:00+02:00,4974.27,16620.45,18556.16,55120.99,21.7
2020-06-02T08:00+02:00,2981.32,17330.38,23681.72,59019.66,21.7
2020-06-02T09:00+02:00,812.49,16802.4,29757.89,60658.66,21.7
2020-06-02T10:00+02:00,-678.65,15768.02,34834.29,62126.48,21.7
2020-06-02T11:00+02:00,-1320.83,14923.1,38629.44,63500.77,21.7
2020-06-02T12:00+02:00,-2609.24,15035.4,40684.07,63374.7,21.7
2020-06-02T13:00+02:00,-746.73,14372.59,39967.27,62593.54,21.7
2020-06-02T14:00+02:00,-1827.93,15062.63,38570.4,60998.45,21.7
2020-06-02T15:00+02:00,-123.04,14912.66,35663.5,59679.72,21.7
2020-06-02T16:00+02:00,390.53,16582.33,31514.48,58131.83,21.7
2020-06-02T17:00+02:00,2171.97,18070.93,25843.27,57779.18,21.7
2020-06-02T18:00+02:00,4915.28,18947.16,19785.64,57780.16,21.7
2020-06-02T19:00+02:00,7950.22,20085.32,14703.98,56570.35,21.7
2020-06-02T20:00+02:00,8915.83,20629.5,11456.79,54298.34,21.7
2020-06-02T21:00+02:00,8099.33,20690.64,10680.8,52299.95,21.7
2020-06-02T22:00+02:00,6653.69,19939.89,10897.02,50157.02,21.7
2020-06-02T23:00+02:00,5537.79,18939.43,11380.12,46259.41,21.7
2020-06-03T00:00+02:00,5683.54,17248.61,11607.19,42797.53,21.7
2020-06-03T01:00+02:00,5735.9,16893.4,11595.02,41139.37,21.7
2020-06-03T02:00+02:00,6616.68,15968.49,11250.41,40377.42,21.7
2020-06-03T03:00+02:00,7644.92,15033.89,11053.87,40463.87,21.7
2020-06-03T04:00+02:00,8311.61,14901.57,11205.34,41066.88,21.7
2020-06-03T05:00+02:00,7506.92,16163.88,12328.07,43500.37,21.7
2020-06-03T06:00+02:00,5383.87,18331.3,14817,50315.74,21.7
2020-06-03T07:00+02:00,4366.73,19471.05,18895.87,56063.8,21.7
2020-06-03T08:00+02:00,4048.97,19052,24137.13,60007.57,21.7
2020-06-03T09:00+02:00,712.97,18833.11,29647.64,61026.32,21.7
2020-06-03T10:00+02:00,-817.65,18423.82,34406.78,62426.34,21.7
2020-06-03T11:00+02:00,-2104.38,17936.82,37933.23,63695.04,21.7
2020-06-03T12:00+02:00,-3842.53,17675.16,39924.88,63866.28,21.7
2020-06-03T13:00+02:00,-4508.47,17628.23,39355.77,63042.55,21.7
2020-06-03T14:00+02:00,-4568.84,17700.81,38194.12,61338.61,21.7
2020-06-03T15:00+02:00,-1385.97,17684.27,36392.26,60786.95,21.7
2020-06-03T16:00+02:00,-510.56,17583.27,34597.66,59886.67,21.7
2020-06-03T17:00+02:00,699.65,17286.71,31911.11,59816.62,21.7
2020-06-03T18:00+02:00,1345.8,18500.35,26306.6,59209.53,21.7
2020-06-03T19:00+02:00,3921.01,18810.58,21729.29,58118.23,21.7
2020-06-03T20:00+02:00,4953.66,18623.26,19408.21,55466.95,21.7
2020-06-03T21:00+02:00,4376.72,18223.02,17240.31,53084.02,21.7
2020-06-03T22:00+02:00,3788.14,17790.89,16712.33,50967.74,21.7
2020-06-03T23:00+02:00,2657.96,17444.92,16534.27,46840.37,21.7
2020-06-04T00:00+02:00,3620.13,15651.03,15936.68,43572.7,21.7
2020-06-04T01:00+02:00,5122.08,14451.73,15794.84,42070.14,21.7
2020-06-04T02:00+02:00,5669.13,14467.37,15121.48,41392.24,21.7
2020-06-04T03:00+02:00,5338.95,14924.46,14292.35,41288.15,21.7
2020-06-04T04:00+02:00,6667.63,15649.5,13970.4,42340.89,21.7
2020-06-04T05:00+02:00,7279.02,16615.72,14450.69,44940.53,21.7
2020-06-04T06:00+02:00,6537.58,18350.49,15533.29,51595.93,21.7
2020-06-04T07:00+02:00,5316.51,19336.24,16759.11,57099.06,21.7
2020-06-04T08:00+02:00,5801.26,20042.21,18799.04,60244.62,21.7
2020-06-04T09:00+02:00,5668.9,19939.94,21429.13,62253.6,21.7
2020-06-04T10:00+02:00,5688.1,20249.05,24036.2,64029.2,21.7
2020-06-04T11:00+02:00,6596.36,20547.66,26258.36,65949.42,21.7
2020-06-04T12:00+02:00,7184.75,20444.48,27480.01,65710.24,21.7
2020-06-04T13:00+02:00,7890.85,20046.64,27945.35,64552.61,21.7
2020-06-04T14:00+02:00,6707.62,19782.76,27647.49,63737.54,21.7
2020-06-04T15:00+02:00,5299.86,20044.35,26816.86,62964.14,21.7
2020-06-04T16:00+02:00,6879.19,20433.36,25380.06,61866.94,21.7
2020-06-04T17:00+02:00,6649.09,20470.14,23923.93,61604.77,21.7
2020-06-04T18:00+02:00,6450.28,20551.57,23347.54,61538.08,21.7
2020-06-04T19:00+02:00,6820.84,20224.08,22089.39,60541.92,21.7
2020-06-04T20:00+02:00,6150.92,19382.65,21938.38,57651.54,21.7
2020-06-04T21:00+02:00,5110.64,18037.43,22491.86,54763.24,21.7
2020-06-04T22:00+02:00,3829.04,16584.35,22708.09,52063.6,21.7
2020-06-04T23:00+02:00,1783.8,14006.39,22951.17,48121.04,21.7
2020-06-05T00:00+02:00,1669.93,12600.88,22943.93,45163.96,21.7
2020-06-05T01:00+02:00,2246.93,12161.88,22321.91,42517.2,21.7
2020-06-05T02:00+02:00,3995.88,11578.21,21825.74,42301.68,21.7
2020-06-05T03:00+02:00,5043.72,11285.91,21044.72,42388.6,21.7
2020-06-05T04:00+02:00,4718.23,11889.43,20398.9,42662.03,21.7
2020-06-05T05:00+02:00,6866.02,12115.98,20753.4,45505.25,21.7
2020-06-05T06:00+02:00,7198.52,13721.24,20958.45,51592.8,21.7
2020-06-05T07:00+02:00,5909.78,15356.79,22149.93,56452.78,21.7
2020-06-05T08:00+02:00,4083.18,16180.01,25065.83,60026.61,21.7
2020-06-05T09:00+02:00,3020.66,15803.42,28524.17,61769.89,21.7
2020-06-05T10:00+02:00,284.93,16129.1,32377.82,63090.32,21.7
2020-06-05T11:00+02:00,-277.16,15542.61,36532.47,64962.26,22.3
2020-06-05T12:00+02:00,-1936.25,14418.27,38303.6,64969.8,22.5
2020-06-05T13:00+02:00,-4305.07,14484.21,39910.21,62934.54,22.5
2020-06-05T14:00+02:00,-3910.33,13376.9,41038.24,61362.69,22.5
2020-06-05T15:00+02:00,-3724.56,12844.89,41554.57,60270.52,22.5
2020-06-05T16:00+02:00,-4437.75,12425.15,41325.06,58535.04,22.5
2020-06-05T17:00+02:00,-4138.8,12337.53,39928.06,59119.24,22.5
2020-06-05T18:00+02:00,-4315.89,12860.47,38225.88,58828.8,22.5
2020-06-05T19:00+02:00,-4373.27,12881.23,35696.78,57900.38,22.5
2020-06-05T20:00+02:00,-4001.99,12657.58,34344.18,55005.93,22.5
2020-06-05T21:00+02:00,-5491.27,12276.5,35449.41,53231.57,22.5
2020-06-05T22:00+02:00,-6934.73,11446.14,36411.88,51383.53,22.5
2020-06-05T23:00+02:00,-8353.49,9768.66,36870.26,47936.73,22.5
2020-06-06T00:00+02:00,-10019.86,7727.29,36366.98,45181.64,22.5
2020-06-06T01:00+02:00,-9491.88,7556.28,35165.34,43105.74,22.5
2020-06-06T02:00+02:00,-8394.32,7444.16,33672.71,41950.33,22.5
2020-06-06T03:00+02:00,-6745.14,7470.68,32036.06,41006.08,22.5
2020-06-06T04:00+02:00,-3997.33,7409.41,31103.88,41060.04,22.5
2020-06-06T05:00+02:00,-3888.12,7433.92,30352.43,40812.14,22.5
2020-06-06T06:00+02:00,-4218.44,7352.14,30537.35,41932.85,22.5
2020-06-06T07:00+02:00,-5170.41,7517.75,33116.38,44638.97,22.5
2020-06-06T08:00+02:00,-5653.22,7794.62,38495.82,49155.82,22.5
2020-06-06T09:00+02:00,-8841.01,8168.5,42823.78,52210.8,22.5
2020-06-06T10:00+02:00,-7777.98,7917.95,46538.55,54473.67,22.5
2020-06-06T11:00+02:00,-6928.61,7694.46,49084.92,56273.2,22.5
2020-06-06T12:00+02:00,-7875.22,7467.37,51368.46,55262.95,22.5
2020-06-06T13:00+02:00,-10738.92,7353.76,50669.46,54136.82,22.5
2020-06-06T14:00+02:00,-10918.63,7262.21,49350.1,52420.42,22.5
2020-06-06T15:00+02:00,-10270.38,7250.83,47472.41,50772.79,22.5
2020-06-06T16:00+02:00,-8253.16,7480.9,43502.49,49425.76,22.5
2020-06-06T17:00+02:00,-4320.76,7835.29,38067.9,50168.8,22.5
2020-06-06T18:00+02:00,-1845.13,8855.31,31167.65,50883.9,22.5
2020-06-06T19:00+02:00,1657.85,10307.9,24077.12,49926.93,22.5
2020-06-06T20:00+02:00,4075.22,10866.86,18838.76,47574.08,22.5
2020-06-06T21:00+02:00,3746.77,11096.15,18191.13,46071.67,22.5
2020-06-06T22:00+02:00,1541.44,10874.07,19418.28,45339.2,22.5
2020-06-06T23:00+02:00,-723.13,10061.6,21044.04,42485.97,22.5
2020-06-07T00:00+02:00,-1235.89,8977.32,22140,39937.43,22.5
2020-06-07T01:00+02:00,-3611.57,8347.09,22982.72,37658.19,22.5
2020-06-07T02:00+02:00,-4018.05,8214.62,23264.53,36166.5,22.5
2020-06-07T03:00+02:00,-3263.41,7929.83,23104.7,35954.23,22.5
2020-06-07T04:00+02:00,-2707.09,7981.15,22397.89,35934.74,22.5
2020-06-07T05:00+02:00,-2424.05,7996.86,21808.3,35588.09,22.5
2020-06-07T06:00+02:00,-2423.9,7902.94,22259.36,36320.68,22.5
2020-06-07T07:00+02:00,-1767.45,8057.89,22899.77,38298.64,22.5
2020-06-07T08:00+02:00,-1223.22,8209.73,26138.35,41576.3,22.5
2020-06-07T09:00+02:00,-2747.98,8444.21,30281.51,45221.55,22.5
2020-06-07T10:00+02:00,-3921.71,8545.59,32414.16,47900.38,22.5
2020-06-07T11:00+02:00,-3654.53,9322.04,32898.77,50737.09,22.5
2020-06-07T12:00+02:00,-1500.39,9403.08,33010.51,50490.13,22.5
2020-06-07T13:00+02:00,-1619.16,8878.08,33056.82,48269.32,22.5
2020-06-07T14:00+02:00,-1906.88,8986.84,32081.57,46467.44,22.5
2020-06-07T15:00+02:00,1245.73,8744.97,30234.38,46212.58,22.5
2020-06-07T16:00+02:00,2350.65,8865.94,27526.54,45973.44,22.5
2020-06-07T17:00+02:00,2678.26,10130.11,24256.96,46528.59,22.5
2020-06-07T18:00+02:00,5056.08,11848.01,20541.74,47676.45,22.5
2020-06-07T19:00+02:00,7035.19,13112.06,16236,47258.36,22.5
2020-06-07T20:00+02:00,6625.54,13997.87,12745.56,45689.44,22.5
2020-06-07T21:00+02:00,7680.65,14168.64,10688.88,44790.72,22.5
2020-06-07T22:00+02:00,6339.29,14864.67,10235.69,44918.71,22.5
2020-06-07T23:00+02:00,6056.54,14537.98,10066.95,42007.17,22.5
2020-06-08T00:00+02:00,6906.48,12898.67,9658.58,39738.98,22.5
2020-06-08T01:00+02:00,6847.45,12397.61,9537.25,38165.98,22.5
2020-06-08T02:00+02:00,7667.13,12509.59,9310.53,37516.05,22.5
2020-06-08T03:00+02:00,7893.99,12883.16,9023.04,37676.3,22.5
2020-06-08T04:00+02:00,8046.36,14097.89,8755.21,38955.31,22.5
2020-06-08T05:00+02:00,7679.34,15987.88,8766.62,42041.99,22.5
2020-06-08T06:00+02:00,8570.62,17709.99,10418.74,49389.15,22.5
2020-06-08T07:00+02:00,7776.35,19332.74,13993.06,55243.88,22.5
2020-06-08T08:00+02:00,5367.52,20088.84,18595.06,58698.58,22.5
2020-06-08T09:00+02:00,2124.61,20216.53,23147.2,59730.18,22.5
2020-06-08T10:00+02:00,1057.55,20283.25,27174.47,60939.15,22.5
2020-06-08T11:00+02:00,-189.88,20264.34,28877.65,62831.14,22.5
2020-06-08T12:00+02:00,-60.12,20365.59,27763.41,62592.29,22.5
2020-06-08T13:00+02:00,-9.89,20526.29,26874.36,61374.15,22.5
2020-06-08T14:00+02:00,268.17,20850.94,26258.81,60024.58,22.5
2020-06-08T15:00+02:00,2271.36,20956.79,25480.42,58967.26,22.5
2020-06-08T16:00+02:00,2200.39,21021,23741.78,57721.69,22.5
2020-06-08T17:00+02:00,3925.52,21063.71,20813.97,57738.1,22.5
2020-06-08T18:00+02:00,4250.43,21422.08,17251.5,57450.55,22.5
2020-06-08T19:00+02:00,6537.67,21541.52,14217.3,56901.82,22.5
2020-06-08T20:00+02:00,6707.05,21548.77,11808.25,54576.02,22.5
2020-06-08T21:00+02:00,6595.85,21385.07,10638.28,52188.01,22.5
2020-06-08T22:00+02:00,6039.45,21284.85,10673.1,50306.28,22.5
2020-06-08T23:00+02:00,3779.91,21025.55,10672.81,46555.67,22.5
2020-06-09T00:00+02:00,2752.88,20355.42,10718.11,43492,22.5
2020-06-09T01:00+02:00,3815.81,19578.7,10620.58,41710.19,22.5
2020-06-09T02:00+02:00,4103.77,19184.66,10436.31,40777.4,22.5
2020-06-09T03:00+02:00,5188.31,18548.9,10354.38,40594.43,22.5
2020-06-09T04:00+02:00,5879.36,18842.96,10293.57,41367.64,22.5
2020-06-09T05:00+02:00,5299.07,20286.1,10769.68,44076.09,22.5
2020-06-09T06:00+02:00,5406.5,22642,12156.68,50766.28,22.5
2020-06-09T07:00+02:00,4294.55,24495.56,14499.31,56489.23,22.5
2020-06-09T08:00+02:00,2298.21,25255.27,16797.18,59831.17,22.5
2020-06-09T09:00+02:00,881.93,25346.33,19654.76,60753.47,22.5
2020-06-09T10:00+02:00,2449.32,25474.84,22183.94,62140.07,22.5
2020-06-09T11:00+02:00,2600.07,25429.6,23263.19,63903.65,22.5
2020-06-09T12:00+02:00,1310.75,25146.03,23994.26,63707.84,22.5
2020-06-09T13:00+02:00,2618.33,24726.42,24057.74,62182.72,22.5
2020-06-09T14:00+02:00,1537.34,24813.53,23448.99,60888.22,22.5
2020-06-09T15:00+02:00,379.45,25064.97,22236.59,60188.84,22.5
2020-06-09T16:00+02:00,2164.05,25182.68,20657.94,58802.61,22.5
2020-06-09T17:00+02:00,2606.72,25317.51,19019.93,58743.87,22.5
2020-06-09T18:00+02:00,2661.68,26024.12,16990.98,58582.15,22.5
2020-06-09T19:00+02:00,3176.5,25974.74,14743,57955.09,22.5
2020-06-09T20:00+02:00,3855.27,25675.76,13196.94,55556.54,22.5
2020-06-09T21:00+02:00,3308.77,25248.02,12687.74,53416.9,22.5
2020-06-09T22:00+02:00,2002.91,24702.03,12759.9,51348.95,22.5
2020-06-09T23:00+02:00,-402.39,23901.41,12721.37,47022.39,22.5
2020-06-10T00:00+02:00,156.67,21575.36,12535.46,43546.87,22.5
2020-06-10T01:00+02:00,1862.26,19973.63,12242.02,41622.96,22.5
2020-06-10T02:00+02:00,2833.31,19167.6,12180.49,40730.25,22.5
2020-06-10T03:00+02:00,3521.96,18914.83,12091.65,40786.84,22.5
2020-06-10T04:00+02:00,4502.56,18585.94,12136.44,41615.15,22.5
2020-06-10T05:00+02:00,4315.28,20141.53,12342.01,44355.3,22.5
2020-06-10T06:00+02:00,4454.92,23133.9,12821,51108.43,22.5
2020-06-10T07:00+02:00,4302.38,24948.49,13672.91,56797.62,22.5
2020-06-10T08:00+02:00,4591.18,25268.62,15472.32,60027.59,22.5
2020-06-10T09:00+02:00,2809.92,25181.47,18159.12,61079.47,22.5
2020-06-10T10:00+02:00,2648.47,25111.81,20553.36,62644.26,22.5
2020-06-10T11:00+02:00,2057.15,24958.34,23058.27,64012.25,22.5
2020-06-10T12:00+02:00,1543.23,24871.77,24480.16,63722.68,22.5
2020-06-10T13:00+02:00,507.66,24444.53,24864.56,62261.91,22.5
2020-06-10T14:00+02:00,839.84,23877.79,24306.15,60636.89,22.5
2020-06-10T15:00+02:00,99.34,23663.79,23552.51,59636.23,22.5
2020-06-10T16:00+02:00,1263.34,23555.7,22206.21,58717.9,22.5
2020-06-10T17:00+02:00,3077.45,23459.14,20506.15,58518.91,22.5
2020-06-10T18:00+02:00,3168.81,23486.05,19140.56,58523.05,22.5
2020-06-10T19:00+02:00,3678.43,23201.19,17508.21,57493.37,22.5
2020-06-10T20:00+02:00,2724.23,22885.44,16064.19,55057.34,22.5
2020-06-10T21:00+02:00,1571.66,22126.32,15782.42,52495.24,22.5
2020-06-10T22:00+02:00,666.82,20969.19,16094.36,49824.44,22.5
2020-06-10T23:00+02:00,-848.94,19726.83,16238.24,45652.47,22.5
2020-06-11T00:00+02:00,-1458.08,17207.49,16118.11,42496.86,22.5
2020-06-11T01:00+02:00,208.09,15050.64,16156.39,40765.98,22.5
2020-06-11T02:00+02:00,1604.96,14067.14,15598.9,39660.29,22.5
2020-06-11T03:00+02:00,2193.7,13854.85,15249.41,39560.41,22.5
2020-06-11T04:00+02:00,3218.09,13708.18,15328.83,39893.26,22.5
2020-06-11T05:00+02:00,3182.71,13720.18,16552.5,40841.6,22.5
2020-06-11T06:00+02:00,1203.48,14208.64,17663.3,42780.26,22.5
2020-06-11T07:00+02:00,-3540.96,16904.25,18808.45,45450.5,22.5
2020-06-11T08:00+02:00,-4408.11,18330.19,20395.85,48377.7,22.5
2020-06-11T09:00+02:00,-3501.74,18247.81,23000.36,50639.2,22.5
2020-06-11T10:00+02:00,-3234.5,17858.67,25568.34,52581.94,22.5
2020-06-11T11:00+02:00,-4493.76,17551.27,28144.4,54594.48,22.5
2020-06-11T12:00+02:00,-3999.76,16725.51,29683.05,54791.89,22.5
2020-06-11T13:00+02:00,-3786.72,15045.42,31072.01,53433.88,22.5
2020-06-11T14:00+02:00,-4305.2,14023.05,31600.47,52062.96,22.5
2020-06-11T15:00+02:00,-3963.92,13903.11,31250.65,50695,22.5
2020-06-11T16:00+02:00,-3615.09,14088.78,29819.23,50068.72,22.5
2020-06-11T17:00+02:00,-2243.14,15022.24,26958.01,50885.44,22.5
2020-06-11T18:00+02:00,-1485.15,17133.41,23137.85,51275.54,22.5
2020-06-11T19:00+02:00,-718.06,17671.4,20345.39,50431.3,22.5
2020-06-11T20:00+02:00,265.97,17742.36,18874.09,48886.81,22.5
2020-06-11T21:00+02:00,550.1,17460.22,18664.05,47918.52,22.5
2020-06-11T22:00+02:00,-1230.36,17811.45,19267.04,47092.99,22.5
2020-06-11T23:00+02:00,-2170.89,16062.16,19980.31,43360.41,22.5
2020-06-12T00:00+02:00,-489.22,13390.21,18850.36,40205.7,22.5
2020-06-12T01:00+02:00,757.74,12847.42,17559.63,38302.74,22.5
2020-06-12T02:00+02:00,2286.68,12895.34,16498.07,37548.25,22.5
2020-06-12T03:00+02:00,3409.42,12802.26,15714.65,37643.32,22.5
2020-06-12T04:00+02:00,4854.09,12767.09,16002.51,38513.8,22.5
2020-06-12T05:00+02:00,5315.07,12948.99,16353.54,40830.36,22.5
2020-06-12T06:00+02:00,5375.38,13691.85,17946.84,45909.23,22.5
2020-06-12T07:00+02:00,3110.38,14695.39,20816.57,50729.19,22.5
2020-06-12T08:00+02:00,-172.95,15016.36,25174.13,54279.12,22.5
2020-06-12T09:00+02:00,-910.88,14278.67,29957.51,55778.05,22.5
2020-06-12T10:00+02:00,-2514.58,13530.16,35499.2,56801.82,22.5
2020-06-12T11:00+02:00,-5148.84,12446.51,40532.52,58117.1,22.24
2020-06-12T12:00+02:00,-8044.06,11727.06,43985.25,58225.63,22.15
2020-06-12T13:00+02:00,-9513.58,11099.42,45616.11,56906.34,22.15
2020-06-12T14:00+02:00,-9381.93,10919.16,45439.29,55934.42,22.15
2020-06-12T15:00+02:00,-7968.25,11160.35,44038.46,55185.42,22.15
2020-06-12T16:00+02:00,-6439.33,11174.17,41606.89,54290.6,22.15
2020-06-12T17:00+02:00,-4099.77,11971.8,37730.43,54492.11,22.15
2020-06-12T18:00+02:00,-1912.4,12794.48,33076.75,54512.7,22.15
2020-06-12T19:00+02:00,-1608.74,13966.77,27985.61,53229.6,22.15
2020-06-12T20:00+02:00,-919.79,14089.7,25015.31,50942.09,22.15
2020-06-12T21:00+02:00,-2244.08,14046.82,26230.26,49096.56,22.15
2020-06-12T22:00+02:00,-3822.3,13287.6,27528.24,48674.03,22.15
2020-06-12T23:00+02:00,-5896.92,12564.34,27391.83,45209.07,22.15
2020-06-13T00:00+02:00,-4500.02,11309.76,26892.32,41309.46,22.15
2020-06-13T01:00+02:00,-3113.26,10207.64,26084.13,39513.32,22.15
2020-06-13T02:00+02:00,-2862.06,9941.15,23918.36,38714.48,22.15
2020-06-13T03:00+02:00,-1578.03,9946.63,22099.94,37828.02,22.15
2020-06-13T04:00+02:00,295.69,9932.7,20438.87,37596.67,22.15
2020-06-13T05:00+02:00,1575.26,9861.67,19165.77,37654.43,22.15
2020-06-13T06:00+02:00,2247.87,10106.68,19121.97,39218.11,22.15
2020-06-13T07:00+02:00,2304.06,10290.51,21062.66,42430.86,22.15
2020-06-13T08:00+02:00,1847.65,10111.86,25027.21,46352.37,22.15
2020-06-13T09:00+02:00,301.68,10336.91,30707.34,49433.09,22.15
2020-06-13T10:00+02:00,-706,9924.28,35625.68,51823.96,22.15
2020-06-13T11:00+02:00,-4047.98,9977.58,38770.96,52977.75,22.15
2020-06-13T12:00+02:00,-3814.7,9756.97,40076.95,52990.65,22.15
2020-06-13T13:00+02:00,-4489.16,9581.61,39955.24,51912.28,22.15
2020-06-13T14:00+02:00,-5399.73,9933.44,38540.03,50341.06,22.15
2020-06-13T15:00+02:00,-3696.84,10254.96,36049.78,49564.05,22.15
2020-06-13T16:00+02:00,-601.18,9921.75,34670.99,49193.91,22.15
2020-06-13T17:00+02:00,-346.25,9975.94,33798.45,50526.2,22.15
2020-06-13T18:00+02:00,-163.59,10775.83,31456.81,51103.03,22.15
2020-06-13T19:00+02:00,-330.82,11692.52,27851.54,50069.8,22.15
2020-06-13T20:00+02:00,-2083.6,12070.87,25533.62,47594.26,22.15
2020-06-13T21:00+02:00,-2369.88,12007.24,24349.21,46158.13,22.15
2020-06-13T22:00+02:00,-3757.66,12327.17,23842.62,44936.26,22.15
2020-06-13T23:00+02:00,-2288.78,11400.94,23212.23,42102.36,22.15
2020-06-14T00:00+02:00,-1055.62,10176.33,22724.47,39561.08,22.15
2020-06-14T01:00+02:00,-1666.55,9896.88,22474.71,37935.21,22.15
2020-06-14T02:00+02:00,-1725.02,9613.89,21893,36766.83,22.15
2020-06-14T03:00+02:00,-1419.96,9493.92,20156.69,36008.27,22.15
2020-06-14T04:00+02:00,-547.62,9369.76,20193.41,35421.96,22.15
2020-06-14T05:00+02:00,213.81,9394.46,20597.82,35154.54,22.15
2020-06-14T06:00+02:00,-73.14,9343.06,20281.88,36121.08,22.15
2020-06-14T07:00+02:00,-713.37,9861.34,20091.02,38681.01,22.15
2020-06-14T08:00+02:00,148.69,9957.9,20444.9,42036.26,22.15
2020-06-14T09:00+02:00,2380.43,10483.19,21462.76,44979.2,22.15
2020-06-14T10:00+02:00,4312.33,10389.41,23611.37,47735.76,22.15
2020-06-14T11:00+02:00,3503.61,10749.02,25945.5,50531.76,22.15
2020-06-14T12:00+02:00,3684.85,10098.86,27066.35,50480.88,22.15
2020-06-14T13:00+02:00,2725.52,10037.22,27777.78,48615.89,22.15
2020-06-14T14:00+02:00,2531.86,9866.8,28013.77,47251.48,22.15
2020-06-14T15:00+02:00,2139.69,9911.81,27100.88,46454.51,22.15
2020-06-14T16:00+02:00,1963.81,10521.97,25789.55,46389.16,22.15
2020-06-14T17:00+02:00,4114.31,10801.26,24057.31,48053.96,22.15
2020-06-14T18:00+02:00,4390.81,11553.17,22672.12,49246.77,22.15
2020-06-14T19:00+02:00,2873.51,12919.65,20895.75,48501.84,22.15
2020-06-14T20:00+02:00,1969.89,13776.67,19175.46,46820.56,22.15
2020-06-14T21:00+02:00,66.23,14102.79,18672.29,45820.61,22.15
2020-06-14T22:00+02:00,50.73,14374.18,19144.25,45347.9,22.15
2020-06-14T23:00+02:00,-152.07,14399.62,19385.16,42337.26,22.15
2020-06-15T00:00+02:00,-2274.49,13862.46,20075.18,40082,22.15
2020-06-15T01:00+02:00,-214.17,13179.9,19619.64,38188.06,22.15
2020-06-15T02:00+02:00,1210.96,12888.19,18817.67,37223.29,22.15
2020-06-15T03:00+02:00,1195.94,13224.87,18081.23,37200.31,22.15
2020-06-15T04:00+02:00,2436.41,13475.04,17502.31,38272.5,22.15
2020-06-15T05:00+02:00,3206.82,15225.27,17394.22,41688.48,22.15
2020-06-15T06:00+02:00,3451.36,19142.18,18140.67,49596.52,22.15
2020-06-15T07:00+02:00,4667.13,21954.09,19055.82,55551.34,22.15
2020-06-15T08:00+02:00,4044.39,23834.33,20974.02,59298.14,22.15
2020-06-15T09:00+02:00,1079.07,24776.61,23599.81,60720.28,22.15
2020-06-15T10:00+02:00,1503.45,24977.41,25810.96,62326.86,22.15
2020-06-15T11:00+02:00,164.42,25654.7,27584.12,63716.92,22.15
2020-06-15T12:00+02:00,271.42,25744.99,27461.11,63464.02,22.15
2020-06-15T13:00+02:00,-179.85,25726.19,26863.32,61936.77,22.15
2020-06-15T14:00+02:00,160.26,25501.04,25434.52,60640.1,22.15
2020-06-15T15:00+02:00,1296.22,25779.23,23655.9,59788.32,22.15
2020-06-15T16:00+02:00,1411.44,25874.42,21520.48,58596.64,22.15
2020-06-15T17:00+02:00,1059.99,26720.38,19015.87,58642.76,22.15
2020-06-15T18:00+02:00,4028.93,27018.79,16124.24,58465.55,22.15
2020-06-15T19:00+02:00,4376.21,26998.35,13431.43,57525.55,22.15
2020-06-15T20:00+02:00,4804.38,26829.85,11473.66,54551.7,22.15
2020-06-15T21:00+02:00,4058.58,26353.01,10703.19,51980.77,22.15
2020-06-15T22:00+02:00,3280,25711.82,10404.35,49802.75,22.15
2020-06-15T23:00+02:00,1908.25,24858.66,9845.87,45663.54,22.15
2020-06-16T00:00+02:00,-254.57,23621.14,9526.9,42745.77,22.15
2020-06-16T01:00+02:00,1276.7,22314.31,9300.26,41396.41,22.15
2020-06-16T02:00+02:00,2828.2,21867.36,8802.35,40548.06,22.15
2020-06-16T03:00+02:00,3463.34,21762.78,8488.06,40503.18,22.15
2020-06-16T04:00+02:00,4091.85,22217.22,8343.98,41218.86,22.15
2020-06-16T05:00+02:00,4629.19,23427.68,8453.64,44156.94,22.15
2020-06-16T06:00+02:00,5984.23,25089.91,9878.29,51758.33,22.15
2020-06-16T07:00+02:00,6319.62,25827.81,12239.95,57770.76,22.15
2020-06-16T08:00+02:00,6334.95,25981.29,15382.9,61052.74,22.15
2020-06-16T09:00+02:00,5739.3,26124.5,18807.13,62139.18,22.15
2020-06-16T10:00+02:00,5985.42,25725.32,21713.99,63515.44,22.15
2020-06-16T11:00+02:00,5300.13,25386.61,23681.18,64886.38,22.15
2020-06-16T12:00+02:00,4083.17,25336.59,24803.37,64671.5,22.15
2020-06-16T13:00+02:00,2776.18,25557.59,25384.5,63198.44,22.15
2020-06-16T14:00+02:00,1931.52,25653.26,25175.58,61328.29,22.15
2020-06-16T15:00+02:00,1595.84,25532.48,24713.45,60180.55,22.15
2020-06-16T16:00+02:00,1244.48,25646.58,22968.26,59131.3,22.15
2020-06-16T17:00+02:00,3743.41,25872.71,20275.29,59053.68,22.15
2020-06-16T18:00+02:00,4496.7,26329.7,16582.89,58609.72,22.15
2020-06-16T19:00+02:00,5549.22,26400.76,12953.92,57538.3,22.15
2020-06-16T20:00+02:00,5868.8,26473.09,10183.28,55003.62,22.15
2020-06-16T21:00+02:00,5545.6,26609.24,8801.33,52475.25,22.15
2020-06-16T22:00+02:00,5427.69,26268.26,8375.88,50410.11,22.15
2020-06-16T23:00+02:00,3471.82,25920.25,7951.93,46327.44,22.15
2020-06-17T00:00+02:00,2601.39,25652.08,7954.85,43143.03,22.15
2020-06-17T01:00+02:00,2607.86,24918.9,7662.27,41359.21,22.15
2020-06-17T02:00+02:00,3396.72,23517.07,7595.52,40338.31,22.15
2020-06-17T03:00+02:00,4153.45,23293.34,7615.3,40571.64,22.15
2020-06-17T04:00+02:00,5173.91,23534.21,7664.77,41517.99,22.15
2020-06-17T05:00+02:00,5104.29,25052.26,8200.88,44005.88,22.15
2020-06-17T06:00+02:00,6252.94,26714.59,10142.19,51088.72,22.15
2020-06-17T07:00+02:00,5063.94,27598.75,13534.48,57206.83,22.15
2020-06-17T08:00+02:00,3583.66,27356.22,17818.45,60480.3,22.15
2020-06-17T09:00+02:00,2625.48,26862.53,22349.68,61547.16,22.15
2020-06-17T10:00+02:00,193.84,26181.58,26736.48,62818.75,22.15
2020-06-17T11:00+02:00,-1189.5,26223.85,29383,64091.16,22.15
2020-06-17T12:00+02:00,-3229.14,26665.84,30075.49,63777.25,22.15
2020-06-17T13:00+02:00,-3492.15,26616.53,29945.81,62694.64,22.15
2020-06-17T14:00+02:00,-2849.28,26428.24,28700.01,61568.91,22.15
2020-06-17T15:00+02:00,-1741.25,25988.54,26942.58,60545.43,22.15
2020-06-17T16:00+02:00,-651.1,26313.97,25527.46,60235.63,22.15
2020-06-17T17:00+02:00,1127.82,26565.94,22961.92,60154.3,22.15
2020-06-17T18:00+02:00,2952.55,26794.04,20600.12,59603.38,22.15
2020-06-17T19:00+02:00,3380.64,26698.23,19159.8,58276.33,22.15
2020-06-17T20:00+02:00,3080.52,26231.46,18229.73,55910.49,22.15
2020-06-17T21:00+02:00,608.15,26030.41,18179.44,53124.05,22.15
2020-06-17T22:00+02:00,-559.8,25134.63,18164.52,50857.77,22.15
2020-06-17T23:00+02:00,-3197.25,24147.86,18225.25,47222.21,22.15
2020-06-18T00:00+02:00,-2525.68,21868.86,18464.02,44107.63,22.15
2020-06-18T01:00+02:00,-2418.83,21170.05,18043.96,42171.61,22.15
2020-06-18T02:00+02:00,-1187.68,20024.97,17089.43,41263.98,22.15
2020-06-18T03:00+02:00,392.51,19408.06,16315.94,41230.6,22.15
2020-06-18T04:00+02:00,2580.69,19290.67,15762.54,42486.94,22.15
2020-06-18T05:00+02:00,2193.55,21124.28,15846.35,44885.84,22.15
2020-06-18T06:00+02:00,2744.78,24025.1,16762.86,51970.37,22.15
2020-06-18T07:00+02:00,1629.2,26540.67,18475.12,57741.12,22.15
2020-06-18T08:00+02:00,845.75,26962.15,21447.93,61011.35,22.15
2020-06-18T09:00+02:00,236.02,26776.06,25218.9,62207.15,22.15
2020-06-18T10:00+02:00,-1744.75,26887.78,28781.53,63534.12,22.15
2020-06-18T11:00+02:00,-2790.18,26882.52,30876.35,64743.38,22.15
2020-06-18T12:00+02:00,-3435.64,26749.07,32049.74,64248.88,22.15
2020-06-18T13:00+02:00,-3199.18,26114.63,32178.75,63282.72,22.15
2020-06-18T14:00+02:00,-4152.58,25753.5,31352.56,62080.32,22.15
2020-06-18T15:00+02:00,-3064.88,25580.49,29621.71,61041.16,22.15
2020-06-18T16:00+02:00,-1509.06,25832.41,27079.91,59591.55,22.15
2020-06-18T17:00+02:00,314.85,26214.45,23585.8,59300.41,22.15
2020-06-18T18:00+02:00,2278.77,26625.93,19494,58888.95,22.15
2020-06-18T19:00+02:00,3823.93,26797.85,15884.11,57930.08,22.15
2020-06-18T20:00+02:00,4438.91,26914.34,13141.72,55234.26,22.15
2020-06-18T21:00+02:00,3810,26913.45,11767.8,52547,22.15
2020-06-18T22:00+02:00,2950.78,25955.68,11390.41,50680.06,22.15
2020-06-18T23:00+02:00,1110.09,24972.36,11424.64,46764.5,22.15
2020-06-19T00:00+02:00,-44.32,23654.66,11806.35,43868.83,22.15
2020-06-19T01:00+02:00,969.44,22378.21,11943.1,41862.46,22.15
2020-06-19T02:00+02:00,1453.03,21339.3,12085.14,40615.12,22.15
2020-06-19T03:00+02:00,2214.01,20797.03,11861.45,40508.59,22.15
2020-06-19T04:00+02:00,2651,20987.71,12018.71,41407.92,22.15
2020-06-19T05:00+02:00,2574.73,22308.85,12436.1,43630.81,22.15
2020-06-19T06:00+02:00,4563.38,22922.4,14153.16,50353.98,22.15
2020-06-19T07:00+02:00,4898.23,23753.85,16782.51,56118.75,22.15
2020-06-19T08:00+02:00,3688.69,24077.69,20067.08,59243.77,22.15
2020-06-19T09:00+02:00,1758.84,23841.2,23958.61,60267.93,22.15
2020-06-19T10:00+02:00,413.1,23773.99,27515.25,61332.19,22.15
2020-06-19T11:00+02:00,-328.55,23773.55,29453.13,62302.94,23.67
2020-06-19T12:00+02:00,-1416.35,23511.66,30572.7,61545.82,24.18
2020-06-19T13:00+02:00,-2365.73,23078.6,30807.26,59618.79,24.18
2020-06-19T14:00+02:00,-2679.65,22901.49,30530.09,58277.94,24.18
2020-06-19T15:00+02:00,-2237.2,21989.18,29903.36,57532.18,24.18
2020-06-19T16:00+02:00,-1118.67,21918.58,28650.89,56940.04,24.18
2020-06-19T17:00+02:00,1411.48,22085.9,25576.65,56602.37,24.18
2020-06-19T18:00+02:00,4253.96,22261.74,22176.24,56458.41,24.18
2020-06-19T19:00+02:00,5550.47,22420.95,18388.89,55567.46,24.18
2020-06-19T20:00+02:00,5336.22,21764.58,15404.49,52877.73,24.18
2020-06-19T21:00+02:00,5250.22,21487,14161.91,50285.01,24.18
2020-06-19T22:00+02:00,3017.25,21546.41,13998.74,48403.45,24.18
2020-06-19T23:00+02:00,-61.23,21602.07,14446.68,44656.54,24.18
2020-06-20T00:00+02:00,-745.76,19896.8,15015.44,41518.76,24.18
2020-06-20T01:00+02:00,-103.17,17460.38,15476.61,39486.42,24.18
2020-06-20T02:00+02:00,327.11,15291.04,16182.26,38249.03,24.18
2020-06-20T03:00+02:00,1420.15,13857.24,16589.19,38049.72,24.18
2020-06-20T04:00+02:00,2221.25,13043.04,17320.98,38031.38,24.18
2020-06-20T05:00+02:00,2322.21,12870.13,17979.79,37773.8,24.18
2020-06-20T06:00+02:00,1960.36,12733.33,19373.94,39889.27,24.18
2020-06-20T07:00+02:00,1888.48,12940.54,21144.36,43181.6,24.18
2020-06-20T08:00+02:00,755.78,13319.61,25518.83,46973.23,24.18
2020-06-20T09:00+02:00,-2017.74,13395.33,30990.15,50295.1,24.18
2020-06-20T10:00+02:00,-3054.62,12554.29,35574.82,52400.01,24.18
2020-06-20T11:00+02:00,-4735.71,12377.67,38360.3,53688.97,24.18
2020-06-20T12:00+02:00,-6037.63,11969.51,40237.18,53053.16,24.18
2020-06-20T13:00+02:00,-5239.38,11442.05,40423.94,51110.32,24.18
2020-06-20T14:00+02:00,-4980.3,11131.56,38887.29,49485.31,24.18
2020-06-20T15:00+02:00,-2945.73,10989.92,36862,48589.06,24.18
2020-06-20T16:00+02:00,-1161.97,11370.72,33830.41,48452.06,24.18
2020-06-20T17:00+02:00,-287.17,12787.86,31004.62,48927.53,24.18
2020-06-20T18:00+02:00,906.38,13647.6,26924.85,49738.83,24.18
2020-06-20T19:00+02:00,1997.76,14541.26,22071.72,49268.97,24.18
2020-06-20T20:00+02:00,3243.86,14645.35,18053.28,47227.42,24.18
2020-06-20T21:00+02:00,2963.14,14716.04,15509.08,45450.78,24.18
2020-06-20T22:00+02:00,2457.82,15116.02,14407.72,44597.19,24.18
2020-06-20T23:00+02:00,1359.37,15134.09,13981.43,41539.27,24.18
2020-06-21T00:00+02:00,3082.85,14093.32,13365.55,38756.15,24.18
2020-06-21T01:00+02:00,3654.5,13016.36,13013.78,36760.48,24.18
2020-06-21T02:00+02:00,5722.21,11056.63,12514.29,35612.12,24.18
2020-06-21T03:00+02:00,6074.68,9933.82,12605.85,34974.3,24.18
2020-06-21T04:00+02:00,7302.5,9700.9,12700.53,34960.2,24.18
2020-06-21T05:00+02:00,8081.46,9637.06,12901.79,34470.65,24.18
2020-06-21T06:00+02:00,6944.07,9615.14,14310.89,35287.36,24.18
2020-06-21T07:00+02:00,5563.8,9628.99,17777.3,37396.9,24.18
2020-06-21T08:00+02:00,2990.7,9547.82,22897.17,41032.64,24.18
2020-06-21T09:00+02:00,-696.07,9795.1,29222,44115.14,24.18
2020-06-21T10:00+02:00,-1701.98,9427.56,33778.06,46461.79,24.18
2020-06-21T11:00+02:00,-1231.44,9060.05,35686.87,48411.57,24.18
2020-06-21T12:00+02:00,-3243.77,9288.14,36690.87,47877.26,24.18
2020-06-21T13:00+02:00,-749.9,8983.1,36847.75,46202.02,24.18
2020-06-21T14:00+02:00,-2807.24,9052.5,36902.32,44921.76,24.18
2020-06-21T15:00+02:00,-2681.36,9057.17,35155.6,43916.4,24.18
2020-06-21T16:00+02:00,-861.9,9243.56,31418.36,44091.28,24.18
2020-06-21T17:00+02:00,1932.71,10829.21,26890.51,45140.1,24.18
2020-06-21T18:00+02:00,3173.07,13470.94,21147.16,46399.48,24.18
2020-06-21T19:00+02:00,4826.57,16479.3,16122.3,46206.7,24.18
2020-06-21T20:00+02:00,5430.75,17717.63,13231.91,45379.26,24.18
2020-06-21T21:00+02:00,5461.44,17902.97,11711.39,44664.48,24.18
2020-06-21T22:00+02:00,3914.39,18451.19,11401.24,45150.12,24.18
2020-06-21T23:00+02:00,3940.63,17825,11334.22,42053.49,24.18
2020-06-22T00:00+02:00,3559.5,16086.4,11227.6,39518.28,24.18
2020-06-22T01:00+02:00,4940.08,14431.58,11128.03,37756.04,24.18
2020-06-22T02:00+02:00,4881.37,14027.08,11043.89,36879.77,24.18
2020-06-22T03:00+02:00,6566.27,13993.29,11748.79,37060.7,24.18
2020-06-22T04:00+02:00,6757.97,14171.51,12249.13,38158.51,24.18
2020-06-22T05:00+02:00,5184.8,16731.77,13390.52,41687.29,24.18
2020-06-22T06:00+02:00,5594.58,19435.25,15582.49,49869.1,24.18
2020-06-22T07:00+02:00,5145.92,20369.39,18789.47,56854.41,24.18
2020-06-22T08:00+02:00,4332.57,21199.41,22838.03,61432.56,24.18
2020-06-22T09:00+02:00,2343.52,20964.38,28145.55,62237.56,24.18
2020-06-22T10:00+02:00,-1127.49,20628.43,33629.52,62872.2,24.18
2020-06-22T11:00+02:00,-2774.91,20125.7,37340.29,63939.81,24.18
2020-06-22T12:00+02:00,-6294.84,20493.79,38684.82,63246.18,24.18
2020-06-22T13:00+02:00,-4863.97,19965.71,39416.24,62328.08,24.18
2020-06-22T14:00+02:00,-3773.48,19277.81,40298.15,60944.49,24.18
2020-06-22T15:00+02:00,-3144.72,19006.1,38974.65,60136.65,24.18
2020-06-22T16:00+02:00,-4404.47,19820.86,36230.32,59340.27,24.18
2020-06-22T17:00+02:00,-268.91,20038.7,31139.06,59309.37,24.18
2020-06-22T18:00+02:00,2632.39,21253.78,25132.95,59009.01,24.18
2020-06-22T19:00+02:00,5842.51,21816.74,18687.11,57829.69,24.18
2020-06-22T20:00+02:00,7292.46,22002.46,14379.73,55520.41,24.18
2020-06-22T21:00+02:00,7264.62,22057.71,12603.03,52803.08,24.18
2020-06-22T22:00+02:00,5343.58,22023.41,12825.16,51182.92,24.18
2020-06-22T23:00+02:00,3719.96,21833.77,12811.63,47254.82,24.18
2020-06-23T00:00+02:00,2990.89,20950.58,12212.1,44117.01,24.18
2020-06-23T01:00+02:00,4195.23,20283.53,11615.85,42011.46,24.18
2020-06-23T02:00+02:00,4433.15,19867.48,11023.1,40727.93,24.18
2020-06-23T03:00+02:00,4873.56,19680.3,10822.67,40985.12,24.18
2020-06-23T04:00+02:00,5905.52,20159.68,10712.61,41898.95,24.18
2020-06-23T05:00+02:00,6255.88,21075.91,11049.94,44478.86,24.18
2020-06-23T06:00+02:00,7878.97,22119.73,12956.28,51459.56,24.18
2020-06-23T07:00+02:00,6698.89,22592.24,17330.93,57345.91,24.18
2020-06-23T08:00+02:00,4095.24,22715.51,23260.21,60713.18,24.18
2020-06-23T09:00+02:00,-1190.62,22640.96,29841.19,61978.59,24.18
2020-06-23T10:00+02:00,-4365.6,22982.19,35117.06,63118.53,24.18
2020-06-23T11:00+02:00,-4754.64,21925.69,37887.17,64661.29,24.18
2020-06-23T12:00+02:00,-5683.8,21897.48,40027.23,64224.12,24.18
2020-06-23T13:00+02:00,-5827.78,21538.38,40891.19,63336.41,24.18
2020-06-23T14:00+02:00,-6364.25,21032.94,40419.08,61803.94,24.18
2020-06-23T15:00+02:00,-6209.05,21369.45,38139.08,60444.26,24.18
2020-06-23T16:00+02:00,-4734.81,21653.53,34313.56,59493.54,24.18
2020-06-23T17:00+02:00,-759.88,21993.25,28774.31,58961.02,24.18
2020-06-23T18:00+02:00,4070.64,22321.16,22013.65,58681.82,24.18
2020-06-23T19:00+02:00,7319.91,22725.18,15982.47,58041.25,24.18
2020-06-23T20:00+02:00,7556.35,22793.97,12634.49,55939.58,24.18
2020-06-23T21:00+02:00,8360.6,22599.89,11729.82,52988.86,24.18
2020-06-23T22:00+02:00,5171.28,22291.58,12825.56,51011.56,24.18
2020-06-23T23:00+02:00,3504.39,22464.51,13237.52,46725.26,24.18
2020-06-24T00:00+02:00,1481.75,23064.55,13611.55,43697.65,24.18
2020-06-24T01:00+02:00,2279.31,22508.82,13502.27,41881.42,24.18
2020-06-24T02:00+02:00,2424.3,22180.21,12992.74,40644.42,24.18
2020-06-24T03:00+02:00,3611.13,21662.04,12406.89,40647.09,24.18
2020-06-24T04:00+02:00,4179.06,21501.08,12112.44,41449.55,24.18
2020-06-24T05:00+02:00,4895.37,22125.43,12213.15,43968.34,24.18
2020-06-24T06:00+02:00,5713.38,23827.4,13871.82,50845.97,24.18
2020-06-24T07:00+02:00,4669.94,24835.09,17988.3,57014.89,24.18
2020-06-24T08:00+02:00,4019.78,24497.78,23226.36,60588.08,24.18
2020-06-24T09:00+02:00,-2280.18,24325.15,30200.81,61747.74,24.18
2020-06-24T10:00+02:00,-5445.41,23884.78,36006.45,63042.75,24.18
2020-06-24T11:00+02:00,-7136.52,23357.18,39635.7,63988.57,24.18
2020-06-24T12:00+02:00,-9751.32,23522.03,41156.32,63652.35,24.18
2020-06-24T13:00+02:00,-9556.03,23040.66,41101.42,62776.73,24.18
2020-06-24T14:00+02:00,-8818.75,22289.03,39848.54,61238.48,24.18
2020-06-24T15:00+02:00,-8024.78,22772.35,37922.04,60317.11,24.18
2020-06-24T16:00+02:00,-5890.51,22997.79,34364.23,59160.37,24.18
2020-06-24T17:00+02:00,-3279.9,23920.46,29863.24,58797.38,24.18
2020-06-24T18:00+02:00,870.93,23890.08,25002.1,58572.51,24.18
2020-06-24T19:00+02:00,2348.68,24355.7,20706.28,57560.23,24.18
2020-06-24T20:00+02:00,2841.31,24247.87,17744.59,55407.82,24.18
2020-06-24T21:00+02:00,-671.47,24299.23,17677.07,52876.29,24.18
2020-06-24T22:00+02:00,-476.46,23640.02,18736.38,50715.39,24.18
2020-06-24T23:00+02:00,-3623.1,23372.98,19977.6,47025.71,24.18
2020-06-25T00:00+02:00,-3810.8,22751.63,20471.66,44402.68,24.18
2020-06-25T01:00+02:00,-3915.46,21992.25,20569.01,42744.2,24.18
2020-06-25T02:00+02:00,-4023.29,21678.93,19807.37,41601.26,24.18
2020-06-25T03:00+02:00,-2474.57,21274.97,19060.89,41484.02,24.18
2020-06-25T04:00+02:00,-382.43,20741.13,18442.34,42173.92,24.18
2020-06-25T05:00+02:00,142.39,21710.33,17971.92,44639.84,24.18
2020-06-25T06:00+02:00,1623.64,23806.16,18223.95,51459.76,24.18
2020-06-25T07:00+02:00,3283.98,24456.48,19927.82,57241.35,24.18
2020-06-25T08:00+02:00,2867.51,24432.6,23828.01,60642.9,24.18
2020-06-25T09:00+02:00,-1808.34,24309.5,30034.75,61981.13,24.18
2020-06-25T10:00+02:00,-5366.83,24104.16,35736.22,63487.86,24.18
2020-06-25T11:00+02:00,-8428.54,23945.4,40150.18,64946.41,24.18
2020-06-25T12:00+02:00,-8998.69,23358.61,42400.73,64913.42,24.18
2020-06-25T13:00+02:00,-9321.06,22864.59,43483.07,64196.27,24.18
2020-06-25T14:00+02:00,-9656.01,22477.13,43002.04,63294.55,24.18
2020-06-25T15:00+02:00,-9561.62,22496.77,40792.65,61673.14,24.18
2020-06-25T16:00+02:00,-8551.19,22997.97,37603.43,60246.15,24.18
2020-06-25T17:00+02:00,-5073.61,23787.85,33506.26,60212.5,24.18
2020-06-25T18:00+02:00,-1104.65,23964.88,28357.99,59593.82,24.18
2020-06-25T19:00+02:00,1061.07,24150.11,23458.23,58430.78,24.18
2020-06-25T20:00+02:00,1383.25,24194.97,19578.91,56327.01,24.18
2020-06-25T21:00+02:00,1431.57,24113.75,18468.91,53928.85,24.18
2020-06-25T22:00+02:00,-1307.12,23941.63,19559.15,51612.48,24.18
2020-06-25T23:00+02:00,-2769.73,23248.93,20163.65,48108.56,24.18
2020-06-26T00:00+02:00,-3095.32,21790.15,20078.99,44674.74,24.18
2020-06-26T01:00+02:00,-1346.83,21017.61,19412.83,42696.42,24.18
2020-06-26T02:00+02:00,-1545.49,20693.68,18282.69,41842.02,24.18
2020-06-26T03:00+02:00,-274.28,20709.88,16908.56,41514.61,24.18
2020-06-26T04:00+02:00,1393.8,20771.88,15951.82,42044.19,24.18
2020-06-26T05:00+02:00,2391.18,21585.77,16167.95,44116.46,24.18
2020-06-26T06:00+02:00,2611.5,23430.3,17707.83,50330.6,24.18
2020-06-26T07:00+02:00,3130.99,24191.52,20507.82,56110.12,24.18
2020-06-26T08:00+02:00,857.78,23943.03,25269.38,59532.11,24.18
2020-06-26T09:00+02:00,-4878.95,24021.93,32030.02,60736.44,24.18
2020-06-26T10:00+02:00,-8156.98,23849.57,38523.28,61986.96,24.18
2020-06-26T11:00+02:00,-9022.5,23436.65,42342.31,63009.31,24.72
2020-06-26T12:00+02:00,-10530.18,22811.54,43425.16,62845.58,24.9
2020-06-26T13:00+02:00,-10531.7,22632.64,42836.2,61267.3,24.9
2020-06-26T14:00+02:00,-8481.81,22447.91,40605.31,59796.99,24.9
2020-06-26T15:00+02:00,-6871.25,22442.69,37002.81,58910.04,24.9
2020-06-26T16:00+02:00,-4434.98,22527.78,32893.78,58101.52,24.9
2020-06-26T17:00+02:00,-1395.93,23073.31,27805.56,57505.36,24.9
2020-06-26T18:00+02:00,939.97,23460.27,23107.67,56458.69,24.9
2020-06-26T19:00+02:00,4231.82,23295.32,19256.36,55765.62,24.9
2020-06-26T20:00+02:00,4357.64,22913.76,16689.63,53475.17,24.9
2020-06-26T21:00+02:00,2512.42,22938.35,15725.14,50942.91,24.9
2020-06-26T22:00+02:00,1117.71,22593.81,14837.86,48655.09,24.9
2020-06-26T23:00+02:00,-482.75,22453.19,14639.54,44941.79,24.9
2020-06-27T00:00+02:00,-1198.94,21380.27,14403.21,42557.57,24.9
2020-06-27T01:00+02:00,-66.54,19621.78,14247.11,40522.5,24.9
2020-06-27T02:00+02:00,362.08,18869.79,13611.38,38870.99,24.9
2020-06-27T03:00+02:00,1264.15,18392.4,13400.35,38305.32,24.9
2020-06-27T04:00+02:00,2353.37,17943.83,12633.52,37745.52,24.9
2020-06-27T05:00+02:00,3636.4,17124.68,12338.02,37608.78,24.9
2020-06-27T06:00+02:00,3660.64,16661.57,14530.02,39174.38,24.9
2020-06-27T07:00+02:00,2184.72,17360.63,18261.13,42619.73,24.9
2020-06-27T08:00+02:00,412.76,17182.68,22557.1,47308.04,24.9
2020-06-27T09:00+02:00,-1215.1,16648.13,27545.08,50499.1,24.9
2020-06-27T10:00+02:00,-3334.61,16013.52,32705.81,52248.02,24.9
2020-06-27T11:00+02:00,-4172.76,14539.74,37133.18,53326.26,24.9
2020-06-27T12:00+02:00,-6464.79,13803.75,40199.41,53161.97,24.9
2020-06-27T13:00+02:00,-6427.44,13062.82,40302.24,51580,24.9
2020-06-27T14:00+02:00,-6207.79,12969.31,40328.27,49916.96,24.9
2020-06-27T15:00+02:00,-5235.66,12969.25,39818.95,49316.84,24.9
2020-06-27T16:00+02:00,-3806.68,13128.04,36159.3,49282.99,24.9
2020-06-27T17:00+02:00,-3197.46,14567.6,31441.18,49499.03,24.9
2020-06-27T18:00+02:00,-312.89,16033.51,26906.8,49435,24.9
2020-06-27T19:00+02:00,3326.2,16570.47,20922.13,48907.59,24.9
2020-06-27T20:00+02:00,2734.16,16942.18,16386.32,46752.11,24.9
2020-06-27T21:00+02:00,2662.51,17287.54,14596.26,44808.08,24.9
2020-06-27T22:00+02:00,2007.17,17218.3,14922.67,43998.72,24.9
2020-06-27T23:00+02:00,1262.36,16818.24,16126.83,41521.23,24.9
2020-06-28T00:00+02:00,783.76,13816.16,17320.28,39454.29,24.9
2020-06-28T01:00+02:00,-81.93,11921.81,18611.99,37624.18,24.9
2020-06-28T02:00+02:00,266.07,11402.76,18738.42,36182.8,24.9
2020-06-28T03:00+02:00,-669.43,11058.43,19286.25,35644.34,24.9
2020-06-28T04:00+02:00,1380.55,10416.2,18999.34,35411.67,24.9
2020-06-28T05:00+02:00,2064.29,10428.44,18886.82,34884.38,24.9
2020-06-28T06:00+02:00,1306.54,10433.04,20197.71,35987.77,24.9
2020-06-28T07:00+02:00,-1260.1,10603.77,23052.54,38141.07,24.9
2020-06-28T08:00+02:00,-1937.88,10488.93,27589.46,41351.31,24.9
2020-06-28T09:00+02:00,-4733.02,10599.02,32917.52,44367.32,24.9
2020-06-28T10:00+02:00,-6217.58,10403.83,37557.51,46834.59,24.9
2020-06-28T11:00+02:00,-5898.33,10066.15,40414.63,49189.44,24.9
2020-06-28T12:00+02:00,-7461.32,9808.38,42520.9,49367.09,24.9
2020-06-28T13:00+02:00,-8927.3,9544.24,44330.87,47914.25,24.9
2020-06-28T14:00+02:00,-8713.31,9171.31,44139.81,46913.05,24.9
2020-06-28T15:00+02:00,-9149,9099.69,42691.5,45938.7,24.9
2020-06-28T16:00+02:00,-6203.19,9281.47,38729.64,45413.48,24.9
2020-06-28T17:00+02:00,-3369.18,10418.61,32426.47,46142.67,24.9
2020-06-28T18:00+02:00,-1131.54,13473.57,26249.99,46738.53,24.9
2020-06-28T19:00+02:00,1605.69,15984.54,20349.98,46375.17,24.9
2020-06-28T20:00+02:00,2092.33,16711.97,16391.29,45306.69,24.9
2020-06-28T21:00+02:00,2437.46,17168.31,14697.12,44263.02,24.9
2020-06-28T22:00+02:00,2534.08,17451.29,14128.24,44040.18,24.9
2020-06-28T23:00+02:00,1318.21,17048.83,14236.34,41302.78,24.9
2020-06-29T00:00+02:00,695.74,15793.56,15045.32,38849.14,24.9
2020-06-29T01:00+02:00,1562.66,14436.36,15881.79,37766.55,24.9
2020-06-29T02:00+02:00,1408.84,13626.23,16851.07,37261.56,24.9
2020-06-29T03:00+02:00,2065.32,13463.71,17612.7,37431.67,24.9
2020-06-29T04:00+02:00,3251.96,13697.95,17723.36,38570.06,24.9
2020-06-29T05:00+02:00,3134.37,15137.18,17537.36,41768.18,24.9
2020-06-29T06:00+02:00,3574.55,18471.95,18674,49522.26,24.9
2020-06-29T07:00+02:00,6009.07,19096.57,20357.43,55828.37,24.9
2020-06-29T08:00+02:00,5931.7,19131.1,24355.67,59902.83,24.9
2020-06-29T09:00+02:00,2050.54,18730.68,30269.04,61286.54,24.9
2020-06-29T10:00+02:00,976.41,17936.36,34787.4,62934.71,24.9
2020-06-29T11:00+02:00,-772.51,17474.69,39235.77,64349.14,24.9
2020-06-29T12:00+02:00,-2287.64,16460.36,43369.83,64369.77,24.9
2020-06-29T13:00+02:00,-4012.36,14609.04,46078.24,63155.65,24.9
2020-06-29T14:00+02:00,-4667.54,13713.99,47651.77,61779.72,24.9
2020-06-29T15:00+02:00,-5797.82,14807.83,46461.5,60787.1,24.9
2020-06-29T16:00+02:00,-5452.31,15247.57,45038.62,60252.38,24.9
2020-06-29T17:00+02:00,-5272.22,16658.36,40876.64,60254.74,24.9
2020-06-29T18:00+02:00,-4024.59,18209.27,34860.27,59142.44,24.9
2020-06-29T19:00+02:00,-1212.94,18718.3,29365.52,57863.06,24.9
2020-06-29T20:00+02:00,1382.12,18861.58,24647.37,55249.69,24.9
2020-06-29T21:00+02:00,-3.32,18937.27,22735.08,52469.6,24.9
2020-06-29T22:00+02:00,-1567.84,18576.26,23192.9,50703.34,24.9
2020-06-29T23:00+02:00,-2712.42,17233.14,24836.4,47080.48,24.9
2020-06-30T00:00+02:00,-1951.68,14897.32,25925.8,44285.48,24.9
2020-06-30T01:00+02:00,-1643.93,13039.7,26937.89,42391.88,24.9
2020-06-30T02:00+02:00,-1406.96,12340.16,27602.98,41623.74,24.9
2020-06-30T03:00+02:00,-1417.97,12041.04,28689.44,41861.98,24.9
2020-06-30T04:00+02:00,-779.34,11940.27,29600.37,43156.82,24.9
2020-06-30T05:00+02:00,-746.34,12965.38,30817.76,45966.04,24.9
2020-06-30T06:00+02:00,-611.83,14554.12,33164.19,53353.89,24.9
2020-06-30T07:00+02:00,-2467.39,15065.14,38212.08,59049.66,24.9
2020-06-30T08:00+02:00,-2965.88,14817.5,44850.21,63608.64,24.9
2020-06-30T09:00+02:00,-6815.22,13501.79,49721.6,64580.87,24.9
2020-06-30T10:00+02:00,-7459.84,13552.56,52573.64,65292.06,24.9
2020-06-30T11:00+02:00,-5393.3,13454.84,54941.2,67175.67,24.9
2020-06-30T12:00+02:00,-5258.18,13368.04,56138.97,66777.72,24.9
2020-06-30T13:00+02:00,-6496.79,13160.74,56185.18,65738.69,24.9
2020-06-30T14:00+02:00,-6072.56,12860.44,54845.17,64438.9,24.9
2020-06-30T15:00+02:00,-4830.97,13059.22,52799.42,62800.11,24.9
2020-06-30T16:00+02:00,-4354.94,13501.42,49076.12,61584.47,24.9
2020-06-30T17:00+02:00,-1543.53,14596.83,44290.67,61321.24,24.9
2020-06-30T18:00+02:00,-1841.2,16549.74,38509.09,60734.04,24.9
2020-06-30T19:00+02:00,1105.95,17222.96,32598,59456.54,24.9
2020-06-30T20:00+02:00,1569.89,17703.17,27537.88,56853,24.9
2020-06-30T21:00+02:00,1255.31,18013.11,24936.28,53894.08,24.9
2020-06-30T22:00+02:00,716.92,17920.25,24982.18,51638.03,24.9
2020-06-30T23:00+02:00,-648.69,17322.09,25173.77,47980.49,24.9
2020-07-01T00:00+02:00,-1743.43,15839.56,24703.3,46219.61,24.9
2020-07-01T01:00+02:00,-710.09,15006.71,24519.68,44269.45,24.9
2020-07-01T02:00+02:00,-173.08,14665.21,24168.77,42958.44,24.9
2020-07-01T03:00+02:00,-289.4,15149.77,23615.35,43254.74,24.9
2020-07-01T04:00+02:00,378.83,15682.04,22126.22,43790.61,24.9
2020-07-01T05:00+02:00,1063.62,17306.26,20747.95,45709.09,24.9
2020-07-01T06:00+02:00,2078.79,20095.66,20976.79,51510.8,24.9
2020-07-01T07:00+02:00,2806.54,20700.51,23293.31,56683.24,24.9
2020-07-01T08:00+02:00,1521.07,20890.87,27836.66,61191.86,24.9
2020-07-01T09:00+02:00,-2038.5,20559.39,32963.38,63560.79,24.9
2020-07-01T10:00+02:00,-3770.76,20583.56,37123.96,65421.97,24.9
2020-07-01T11:00+02:00,-4085.85,20689.9,40162.79,66312.76,24.9
2020-07-01T12:00+02:00,-5265.42,20357.33,41816.4,66239.34,24.9
2020-07-01T13:00+02:00,-6221.82,20267.63,42911.71,65341.07,24.9
2020-07-01T14:00+02:00,-5961.86,19741.36,42724.29,63987.92,24.9
2020-07-01T15:00+02:00,-7944.11,20314.76,41156.83,62840.42,24.9
2020-07-01T16:00+02:00,-6284.59,20319.94,38703.52,61661.68,24.9
2020-07-01T17:00+02:00,-2479.13,20405.7,35109.98,61228.47,24.9
2020-07-01T18:00+02:00,-385.5,20225.55,30390.19,60191.34,24.9
2020-07-01T19:00+02:00,2605.28,20206.34,26331.03,59204.2,24.9
2020-07-01T20:00+02:00,3895.87,19873.35,23298.12,57067.51,24.9
2020-07-01T21:00+02:00,2533.93,19905.72,21181.38,54541.88,24.9
2020-07-01T22:00+02:00,375.31,19615.29,20417.34,52265,24.9
2020-07-01T23:00+02:00,-564.36,19392.4,20194.09,48334.99,24.9
2020-07-02T00:00+02:00,-672.58,19326.64,19703.8,45752.36,24.9
2020-07-02T01:00+02:00,-368.67,19218.29,19072.19,44230.21,24.9
2020-07-02T02:00+02:00,-807.19,19082.41,18160.36,43461.05,24.9
2020-07-02T03:00+02:00,653.37,19124,17714.63,42841.21,24.9
2020-07-02T04:00+02:00,2418.7,19255.45,17354.93,43257.85,24.9
2020-07-02T05:00+02:00,4622.71,19434.17,16719.1,45561.12,24.9
2020-07-02T06:00+02:00,5987.88,20342.97,17320.51,51007.75,24.9
2020-07-02T07:00+02:00,5540.79,21018.32,18855.89,55946.78,24.9
2020-07-02T08:00+02:00,3816.35,21079.65,22429.84,59797.45,24.9
2020-07-02T09:00+02:00,2765.7,21024.33,26410.8,61902.92,24.9
2020-07-02T10:00+02:00,1920.38,21179.85,29735.45,63797.62,24.9
2020-07-02T11:00+02:00,141.55,21382.04,32230.82,65184.32,24.9
2020-07-02T12:00+02:00,-677.47,21738.6,33743.48,65078.39,24.9
2020-07-02T13:00+02:00,-1385.63,21809.55,34175.7,64648.56,24.9
2020-07-02T14:00+02:00,-1849.34,21841.35,33490.67,63302.74,24.9
2020-07-02T15:00+02:00,-1107.46,21856.02,32212.39,62601.35,24.9
2020-07-02T16:00+02:00,-4.23,21980.01,29897.98,60733.96,24.9
2020-07-02T17:00+02:00,2625.45,21963.77,25567.14,60518.41,24.9
2020-07-02T18:00+02:00,4595.9,22060.21,20996.78,59466.32,24.9
2020-07-02T19:00+02:00,6342.46,21949.93,17209.67,58370.08,24.9
2020-07-02T20:00+02:00,7807.36,21816.89,14209.09,56086.37,24.9
2020-07-02T21:00+02:00,7673.08,21625.21,13488.36,53837.77,24.9
2020-07-02T22:00+02:00,5570.93,21177.01,12809.08,51483.26,24.9
2020-07-02T23:00+02:00,3665.78,20628.98,13248,47582.13,24.9
2020-07-03T00:00+02:00,1171.6,20346.55,13466.38,44604.32,24.9
2020-07-03T01:00+02:00,1317.35,19779.41,13507.4,42459.41,24.9
2020-07-03T02:00+02:00,2210.69,19369.82,13941.66,41411.52,24.9
2020-07-03T03:00+02:00,3775.54,19291.51,14253.52,41185.8,24.9
2020-07-03T04:00+02:00,4572.91,18762.48,14557.13,41777.2,24.9
2020-07-03T05:00+02:00,5424.28,19186.52,14378.72,43690.27,24.9
2020-07-03T06:00+02:00,7207.38,19931.03,15409.13,48878.03,24.9
2020-07-03T07:00+02:00,6193.79,20848.78,17711.48,54091.1,24.9
2020-07-03T08:00+02:00,3316.6,20966.72,22681.36,57846.38,24.9
2020-07-03T09:00+02:00,743.11,20544.95,28721.33,59924.7,24.9
2020-07-03T10:00+02:00,-3197.79,20191.41,33381.88,61560.44,24.9
2020-07-03T11:00+02:00,-4911.71,20442.41,36345.8,62366.97,26.48
2020-07-03T12:00+02:00,-5072.64,20409.88,38703.03,62070.82,27
2020-07-03T13:00+02:00,-4807.38,18434.37,41391.58,61343.4,27
2020-07-03T14:00+02:00,-4628.12,15765.66,43426.69,61037.72,27
2020-07-03T15:00+02:00,-3381.43,15002.73,42268.17,59706.77,27
2020-07-03T16:00+02:00,-1996.28,15129.16,39450.87,58499.94,27
2020-07-03T17:00+02:00,-2064.01,17469.55,35656.66,58154.89,27
2020-07-03T18:00+02:00,-16.25,18023.03,30877.9,56877.78,27
2020-07-03T19:00+02:00,1571.79,18284.1,26279.31,55727,27
2020-07-03T20:00+02:00,3625.35,18188.67,22055.24,53690.03,27
2020-07-03T21:00+02:00,2766.87,18227.61,20111.4,51022.91,27
2020-07-03T22:00+02:00,905.77,18099.5,20251.49,49295.52,27
2020-07-03T23:00+02:00,-1239.13,17312.28,22486.64,46257.95,27
2020-07-04T00:00+02:00,-1547.72,13960.02,24444.91,43452.4,27
2020-07-04T01:00+02:00,-3065.4,12154.87,26115.55,41518.08,27
2020-07-04T02:00+02:00,-4104.15,10437.35,28316.24,40618.63,27
2020-07-04T03:00+02:00,-2782.65,8492.55,29994.7,39986.78,27
2020-07-04T04:00+02:00,-3511.11,8357.98,30493,39751.11,27
2020-07-04T05:00+02:00,-4024.1,8332.71,30924.59,39479.24,27
2020-07-04T06:00+02:00,-5247.95,8404.47,33181.85,40815.91,27
2020-07-04T07:00+02:00,-5906.19,8441.13,36413.92,43800.15,27
2020-07-04T08:00+02:00,-7046.62,8387.24,42004.37,47359.48,27
2020-07-04T09:00+02:00,-7944.68,7750.2,49109.96,50711.64,27
2020-07-04T10:00+02:00,-10650.23,7480.38,54838.6,53297.44,27
2020-07-04T11:00+02:00,-10810.67,7190.11,57148.1,54749.2,27
2020-07-04T12:00+02:00,-11744.72,6836.19,57378.14,55573.24,27
2020-07-04T13:00+02:00,-12004.88,6793.67,56887.95,55288.76,27
2020-07-04T14:00+02:00,-13579.81,6814.09,56808.25,53890.71,27
2020-07-04T15:00+02:00,-13249.05,6852.34,55286.37,52547.02,27
2020-07-04T16:00+02:00,-11743.49,7292.39,52771.38,51758.11,27
2020-07-04T17:00+02:00,-10281.22,7693.18,48536.86,51752.22,27
2020-07-04T18:00+02:00,-8450.78,8224.97,42824.53,51105.3,27
2020-07-04T19:00+02:00,-6759.48,8191.88,38152.32,50575.6,27
2020-07-04T20:00+02:00,-5897.64,8322.41,33940.92,49825.48,27
2020-07-04T21:00+02:00,-6609.59,9274.74,32305.7,48158.98,27
2020-07-04T22:00+02:00,-5923.45,9075.83,31612.63,46685.48,27
2020-07-04T23:00+02:00,-6473.87,8829.94,31983.71,43995.54,27
2020-07-05T00:00+02:00,-6734.14,8324.34,32161.38,41445.47,27
2020-07-05T01:00+02:00,-8022.35,7959.05,32759.54,39565.06,27
2020-07-05T02:00+02:00,-8988.98,7851.65,33859.78,38069.11,27
2020-07-05T03:00+02:00,-8222,7803.99,32008.62,37528.11,27
2020-07-05T04:00+02:00,-8277.43,7619.84,32013.4,37341.7,27
2020-07-05T05:00+02:00,-8238.45,7649.44,32365.08,36911.88,27
2020-07-05T06:00+02:00,-9316.01,7565.61,34291.47,37901.06,27
2020-07-05T07:00+02:00,-10088.64,7536.77,38641.38,39525.44,27
2020-07-05T08:00+02:00,-10426.5,7228.33,43286.99,42710.81,27
2020-07-05T09:00+02:00,-11009.04,7204.84,48323.56,46534.86,27
2020-07-05T10:00+02:00,-11682.05,7320.15,52230.87,49174.95,27
2020-07-05T11:00+02:00,-11395.39,7374.9,54093.98,52168.38,27
2020-07-05T12:00+02:00,-9904.37,6910.15,52695.85,52648.94,27
2020-07-05T13:00+02:00,-10349.99,6465,51329.68,52159.43,27
2020-07-05T14:00+02:00,-10209.1,6421.89,49955.6,51198.27,27
2020-07-05T15:00+02:00,-9676.24,6414.2,48166.86,50167.4,27
2020-07-05T16:00+02:00,-9835.12,6667.74,46516.02,49179.06,27
2020-07-05T17:00+02:00,-10249.37,7159.76,47024.09,49895.75,27
2020-07-05T18:00+02:00,-8926.04,7497.87,45057.6,49818.64,27
2020-07-05T19:00+02:00,-8455.38,7705.54,42355.21,49295.6,27
2020-07-05T20:00+02:00,-6988.98,8967.56,35475.71,48452.98,27
2020-07-05T21:00+02:00,-6170.09,10588.67,31442.26,47695.47,27
2020-07-05T22:00+02:00,-4696.33,11573.04,30440.47,47579.13,27
2020-07-05T23:00+02:00,-3862.86,10670.08,30358.42,45115.02,27
2020-07-06T00:00+02:00,-4626.88,9420.25,30875.65,43048.22,27
2020-07-06T01:00+02:00,-4895.2,9073.53,32268.65,41874.2,27
2020-07-06T02:00+02:00,-4680.5,8190.04,33747.76,41036.23,27
2020-07-06T03:00+02:00,-4608.4,8187.55,34256.67,40800.14,27
2020-07-06T04:00+02:00,-3954.26,8268.31,34669.97,41330.35,27
2020-07-06T05:00+02:00,-3785.04,8520.54,35370.88,43893.12,27
2020-07-06T06:00+02:00,-3169.84,9818.9,37978.04,50528.02,27
2020-07-06T07:00+02:00,-2950.19,10908.27,42718.55,56442.62,27
2020-07-06T08:00+02:00,-4451.64,10522.46,49655.18,61805.39,27
2020-07-06T09:00+02:00,-7487.02,10185.37,54488.81,64685.19,27
2020-07-06T10:00+02:00,-6984.56,10775.91,56786.36,65992.2,27
2020-07-06T11:00+02:00,-7289.41,11213.96,58717.43,67142.89,27
2020-07-06T12:00+02:00,-5721.95,9946.03,60248,67051.45,27
2020-07-06T13:00+02:00,-6963.71,9446.92,60574.1,66545.43,27
2020-07-06T14:00+02:00,-8091.38,9561.9,60556.99,65539.66,27
2020-07-06T15:00+02:00,-6947.39,9535.15,58818.52,64538.13,27
2020-07-06T16:00+02:00,-7975.4,10044.7,56306.89,63156.04,27
2020-07-06T17:00+02:00,-6221.04,11786.59,51263.92,62678.4,27
2020-07-06T18:00+02:00,-4487.77,14161.59,45580.55,62006.85,27
2020-07-06T19:00+02:00,-2459.4,15716.93,39234.85,61024.8,27
2020-07-06T20:00+02:00,-1995.04,16441.5,34005.53,58900.69,27
2020-07-06T21:00+02:00,-1508.17,16839.82,30317.95,56133.38,27
2020-07-06T22:00+02:00,-1424.74,16905.42,28706.83,53783.2,27
2020-07-06T23:00+02:00,-2797.4,16601.98,28982.33,50158.01,27
2020-07-07T00:00+02:00,-2500.25,15528.01,27972.91,47250.29,27
2020-07-07T01:00+02:00,-1631.32,14900.8,26875.83,45456.44,27
2020-07-07T02:00+02:00,800.12,14383.66,24307.57,43933.28,27
2020-07-07T03:00+02:00,1936.28,14854.75,21732.64,43368.84,27
2020-07-07T04:00+02:00,4605.76,15356.82,19923.24,43811.42,27
2020-07-07T05:00+02:00,5640.24,16181.94,18824.86,45874.12,27
2020-07-07T06:00+02:00,7867.35,17507.61,19858.25,51457.81,27
2020-07-07T07:00+02:00,6143.68,18391.66,23292.59,56267.86,27
2020-07-07T08:00+02:00,3614.91,18177.33,30407.9,60631.84,27
2020-07-07T09:00+02:00,-1892.3,18250.63,36250.37,62847.9,27
2020-07-07T10:00+02:00,-3549.92,18539.38,39718.77,64347.8,27
2020-07-07T11:00+02:00,-2717.37,18191.8,42391.75,65428.46,27
2020-07-07T12:00+02:00,-3190.22,17515.25,45159.63,66135.45,27
2020-07-07T13:00+02:00,-4384.82,17224.87,45571.14,66065,27
2020-07-07T14:00+02:00,-4517.54,17214.34,45332.74,64284.7,27
2020-07-07T15:00+02:00,-3850.87,17258.96,44550.57,63322.79,27
2020-07-07T16:00+02:00,-4018.9,18285.38,41338.61,62039.25,27
2020-07-07T17:00+02:00,-3225.94,19303.36,35812.04,61330.04,27
2020-07-07T18:00+02:00,1144.21,19789.56,29842.39,60537.58,27
2020-07-07T19:00+02:00,4008.79,19598.1,23454.24,59414.2,27
2020-07-07T20:00+02:00,6315.99,19858.19,19395.69,57421.41,27
2020-07-07T21:00+02:00,6174.39,19817.86,16783.25,55364.94,27
2020-07-07T22:00+02:00,5125.41,19783.1,16413.28,53052.4,27
2020-07-07T23:00+02:00,3615.02,19599.39,16121.32,49303.77,27
2020-07-08T00:00+02:00,1634.62,19841.42,15809.68,46158.03,27
2020-07-08T01:00+02:00,2308.16,19406.24,15260.55,43783.59,27
2020-07-08T02:00+02:00,3288.6,19405.63,15058.87,42557.61,27
2020-07-08T03:00+02:00,4340.17,19127.78,15059.96,42249.27,27
2020-07-08T04:00+02:00,5397.4,18863.09,14954.38,43174.6,27
2020-07-08T05:00+02:00,5836.23,20051.78,14918.37,45490.62,27
2020-07-08T06:00+02:00,7082.64,22101.19,15840.29,51276.08,27
2020-07-08T07:00+02:00,8052.87,23123.98,17860.68,56588.38,27
2020-07-08T08:00+02:00,4874.58,23436.69,20951.02,60945.9,27
2020-07-08T09:00+02:00,3503.19,23792.93,24468.78,62988,27
2020-07-08T10:00+02:00,2685.01,23740.82,27940.76,64752.83,27
2020-07-08T11:00+02:00,1958.73,23823.29,30240.52,66168.26,27
2020-07-08T12:00+02:00,1541.03,23995.74,31078.05,66041.53,27
2020-07-08T13:00+02:00,1379.88,24002.89,30522.58,65573.8,27
2020-07-08T14:00+02:00,-439.1,23972.46,28636.16,64057.32,27
2020-07-08T15:00+02:00,3631.32,23636.27,26332.84,62853.71,27
2020-07-08T16:00+02:00,4443.13,23854.86,23806,61488.9,27
2020-07-08T17:00+02:00,5471.98,24010.56,20510.39,61406.73,27
2020-07-08T18:00+02:00,7047.77,24282.22,17012.12,60935.31,27
2020-07-08T19:00+02:00,8231,24320.31,13915.19,59662.45,27
2020-07-08T20:00+02:00,9473.71,24592.71,11289.78,57403.5,27
2020-07-08T21:00+02:00,7576.08,24581.46,10316.58,55029.1,27
2020-07-08T22:00+02:00,6311.87,24493.95,10049.66,52468.48,27
2020-07-08T23:00+02:00,5334.32,24139.14,9744.41,48714.6,27
2020-07-09T00:00+02:00,4782.37,23741.14,9585.9,46287.21,27
2020-07-09T01:00+02:00,5728.36,23054.77,9586.11,44316.22,27
2020-07-09T02:00+02:00,7083.14,21888.06,9446.63,42727.04,27
2020-07-09T03:00+02:00,7355.02,21492.17,9609.8,42333.92,27
2020-07-09T04:00+02:00,7454.78,21945.78,10026.94,42645.73,27
2020-07-09T05:00+02:00,7974.69,22845.03,11078.66,44657.16,27
2020-07-09T06:00+02:00,8193.09,23804.75,13269.37,50584.22,27
2020-07-09T07:00+02:00,7720.87,24383.11,16460.59,55998.86,27
2020-07-09T08:00+02:00,6228.4,24372.63,20452.5,60397.41,27
2020-07-09T09:00+02:00,3747.02,24443.5,24581.54,63001.33,27
2020-07-09T10:00+02:00,2418.46,24318.6,28735.88,64843.93,27
2020-07-09T11:00+02:00,694.94,24004.15,32648.25,65353.11,27
2020-07-09T12:00+02:00,-994.52,23680.99,34936.27,65579.84,27
2020-07-09T13:00+02:00,-2219.04,22963.38,36526.62,64915.16,27
2020-07-09T14:00+02:00,-2580.69,22052.41,37617.62,64257.77,27
2020-07-09T15:00+02:00,-2887.81,21113.51,37399.6,63284.74,27
2020-07-09T16:00+02:00,-2013.93,21332.3,35114.55,61613.38,27
2020-07-09T17:00+02:00,-1239.36,23147.28,31198.78,60909.62,27
2020-07-09T18:00+02:00,3339.61,23074.99,25701.69,60840.43,27
2020-07-09T19:00+02:00,4707.93,23507.13,19791.46,59689.26,27
2020-07-09T20:00+02:00,6135.49,23690.06,16139.4,58135.74,27
2020-07-09T21:00+02:00,7682.05,23706.21,14592.33,56146.9,27
2020-07-09T22:00+02:00,6688.78,23564.15,12929.02,53962.88,27
2020-07-09T23:00+02:00,4874.73,23251.59,11526.9,49922.29,27
2020-07-10T00:00+02:00,2663.79,22771.44,10990.01,46397.64,27
2020-07-10T01:00+02:00,2863.47,21848.87,11486.01,43028.06,27
2020-07-10T02:00+02:00,3794.76,20838.99,12597.35,41129.7,27
2020-07-10T03:00+02:00,4142.75,20619.8,13944.56,41280.93,27
2020-07-10T04:00+02:00,4033.73,20444.84,15694.46,41949.39,27
2020-07-10T05:00+02:00,3170.81,20483.46,18039.12,44024.23,27
2020-07-10T06:00+02:00,2101.72,21716.52,21225.44,49464.77,27
2020-07-10T07:00+02:00,524.08,22175.35,24273.5,54616.61,27
2020-07-10T08:00+02:00,-1039.38,22423.23,27481.64,58881.57,27
2020-07-10T09:00+02:00,-3670.01,22468.96,32953.43,61065.35,27
2020-07-10T10:00+02:00,-5857.08,22365.55,38897.77,63020.78,27
2020-07-10T11:00+02:00,-7887.64,21972.75,44193.3,64223.87,27.49
2020-07-10T12:00+02:00,-9095.46,20148.15,47555.46,63373.69,27.66
2020-07-10T13:00+02:00,-10074.96,18671.48,48531.01,62926.32,27.66
2020-07-10T14:00+02:00,-8574.63,17716.34,47845.82,62615.96,27.66
2020-07-10T15:00+02:00,-7284.15,17434.97,46808.84,60809.49,27.66
2020-07-10T16:00+02:00,-6083.17,17174.25,45065.05,60472.12,27.66
2020-07-10T17:00+02:00,-5011.57,17538.94,41021.33,60426.84,27.66
2020-07-10T18:00+02:00,-3401.48,18846.07,36179.52,60136.08,27.66
2020-07-10T19:00+02:00,-3097.44,20774.58,29929.74,58621.53,27.66
2020-07-10T20:00+02:00,-871.77,21144.06,23967.34,55775.17,27.66
2020-07-10T21:00+02:00,1653.79,21186.17,20482.69,53129.24,27.66
2020-07-10T22:00+02:00,328.25,21447.92,19266.19,50865.13,27.66
2020-07-10T23:00+02:00,-630.22,20798.36,19215.41,47269.84,27.66
2020-07-11T00:00+02:00,-825.13,19885.36,19197.73,44386.16,27.66
2020-07-11T01:00+02:00,-1794.01,19202.5,19110.71,42432.21,27.66
2020-07-11T02:00+02:00,-494.16,18003.84,18358.09,40591.06,27.66
2020-07-11T03:00+02:00,905.63,17178.25,17762.21,39822.64,27.66
2020-07-11T04:00+02:00,1769.32,16725.37,17472.57,39587.12,27.66
2020-07-11T05:00+02:00,2668.72,16498.74,17440.04,39545.32,27.66
2020-07-11T06:00+02:00,2158.57,16506.83,17856.06,40910.34,27.66
2020-07-11T07:00+02:00,3397.09,16946.62,19101.69,43052.57,27.66
2020-07-11T08:00+02:00,1740.76,16967.56,24270.77,46387.48,27.66
2020-07-11T09:00+02:00,-632.14,16070.61,30118.52,49716.15,27.66
2020-07-11T10:00+02:00,-2707.3,15719.33,33815.66,51567.33,27.66
2020-07-11T11:00+02:00,-3609.42,15251.14,35671.69,52822.63,27.66
2020-07-11T12:00+02:00,-4450.22,15180.21,36277.05,53235.5,27.66
2020-07-11T13:00+02:00,-3647.77,14793.18,36538.92,52300.09,27.66
2020-07-11T14:00+02:00,-4430.35,14692.66,36485.67,50829.95,27.66
2020-07-11T15:00+02:00,-3585.02,14766.91,34875.01,49816.92,27.66
2020-07-11T16:00+02:00,-2113.1,14999.75,31844.33,48482.18,27.66
2020-07-11T17:00+02:00,-1473.25,15932.96,28257.34,48624.63,27.66
2020-07-11T18:00+02:00,1703.13,17568,23379.82,48938.84,27.66
2020-07-11T19:00+02:00,1386.64,18682.69,17931.98,47922.93,27.66
2020-07-11T20:00+02:00,1452.26,19253.44,14031.51,46229.53,27.66
2020-07-11T21:00+02:00,1431.01,19335.11,12442.76,44697.91,27.66
2020-07-11T22:00+02:00,1017.37,19154.34,12709.89,43690.76,27.66
2020-07-11T23:00+02:00,560.01,18216.74,13277.38,41241.99,27.66
2020-07-12T00:00+02:00,1430.91,16766.23,13425.4,39322.78,27.66
2020-07-12T01:00+02:00,2268.54,15355.37,13362.51,37465.94,27.66
2020-07-12T02:00+02:00,2685.48,14223.54,13487.71,36271.88,27.66
2020-07-12T03:00+02:00,3580.07,13190.42,13422.65,35468.64,27.66
2020-07-12T04:00+02:00,3749.8,13116.19,13084.85,35321.4,27.66
2020-07-12T05:00+02:00,4188.86,12959.83,12988.41,34883.69,27.66
2020-07-12T06:00+02:00,3843.88,12552.99,14124.76,35578.59,27.66
2020-07-12T07:00+02:00,1988.34,12562.26,17717.5,36935.36,27.66
2020-07-12T08:00+02:00,-715.35,12899.47,24232.54,39489.82,27.66
2020-07-12T09:00+02:00,-4042.37,12630.81,31327.81,43275.43,27.66
2020-07-12T10:00+02:00,-5057.6,12029.83,35609.72,45844.6,27.66
2020-07-12T11:00+02:00,-4848.45,12027.23,37489.33,47636.09,27.66
2020-07-12T12:00+02:00,-6143.78,12361.19,38747.2,47710.89,27.66
2020-07-12T13:00+02:00,-6408,11927.66,39315.73,47134.34,27.66
2020-07-12T14:00+02:00,-5855.2,11617.98,38598.68,46107.48,27.66
2020-07-12T15:00+02:00,-6035.24,11616.76,36699.31,45191.47,27.66
2020-07-12T16:00+02:00,-4679.58,12333.96,33365.71,44605.05,27.66
2020-07-12T17:00+02:00,-3534.52,14246.14,28553.35,44759.79,27.66
2020-07-12T18:00+02:00,-934.1,17389.04,22702.12,45304.74,27.66
2020-07-12T19:00+02:00,1852.7,19412.73,16592.41,45322.86,27.66
2020-07-12T20:00+02:00,1489.11,19998.5,12851.25,45334.62,27.66
2020-07-12T21:00+02:00,334.07,20905.72,12106.7,44465.26,27.66
2020-07-12T22:00+02:00,-256.44,20864.27,12708.86,44153.36,27.66
2020-07-12T23:00+02:00,563.07,19849.44,13027.28,41348.34,27.66
2020-07-13T00:00+02:00,859.57,18265.82,13093.28,38313.49,27.66
2020-07-13T01:00+02:00,2758.36,16805.49,12632.81,36923.72,27.66
2020-07-13T02:00+02:00,4516.14,16278.02,12100.7,36653.18,27.66
2020-07-13T03:00+02:00,6045.55,16314.63,11624.82,37092.86,27.66
2020-07-13T04:00+02:00,6958.38,16777.81,11129.75,37994.96,27.66
2020-07-13T05:00+02:00,7325.18,17903.88,11105.08,41073.02,27.66
2020-07-13T06:00+02:00,9195.08,20451.12,12768.74,48665.54,27.66
2020-07-13T07:00+02:00,8264.46,21420.15,16784.3,55130.6,27.66
2020-07-13T08:00+02:00,4423.94,21423.54,23106.04,59043.95,27.66
2020-07-13T09:00+02:00,332.65,21392.65,29668.38,60456.48,27.66
2020-07-13T10:00+02:00,-2529.9,21259.36,35028.05,62054.86,27.66
2020-07-13T11:00+02:00,-4186.23,21520.43,38010.02,62909.99,27.66
2020-07-13T12:00+02:00,-4270.4,21170.61,39402.29,62890.49,27.66
2020-07-13T13:00+02:00,-3922.14,21114.09,39756.68,61934.98,27.66
2020-07-13T14:00+02:00,-4477.74,20750.77,38573.38,60355.4,27.66
2020-07-13T15:00+02:00,-2795.94,20919.35,35665.67,59170.17,27.66
2020-07-13T16:00+02:00,-867.93,21082.02,31314.79,57757.33,27.66
2020-07-13T17:00+02:00,2729.24,21615.34,25864.39,57896.38,27.66
2020-07-13T18:00+02:00,7302.79,22006.06,19629.27,57477.17,27.66
2020-07-13T19:00+02:00,9484.25,22554.4,14085.12,56770.7,27.66
2020-07-13T20:00+02:00,10773.32,22509.25,10829.19,54662.37,27.66
2020-07-13T21:00+02:00,10851.68,22505.79,9782.84,52253.56,27.66
2020-07-13T22:00+02:00,9415.2,22775.74,10079.01,50000.2,27.66
2020-07-13T23:00+02:00,6288.77,22453.52,10686.6,46016.02,27.66
2020-07-14T00:00+02:00,4961.34,21721.02,11407.05,43438.66,27.66
2020-07-14T01:00+02:00,5237.94,21194.42,12246.26,42239.69,27.66
2020-07-14T02:00+02:00,5393.36,19633.89,13163.5,41374.04,27.66
2020-07-14T03:00+02:00,6872.97,18818.94,13564.18,41497.07,27.66
2020-07-14T04:00+02:00,7330.44,19237.27,13390.55,42454.7,27.66
2020-07-14T05:00+02:00,7286.44,20755.67,13463.31,44769.91,27.66
2020-07-14T06:00+02:00,7463.58,22798.78,14958.56,51263.02,27.66
2020-07-14T07:00+02:00,7113.02,23540.76,18337.23,56820.84,27.66
2020-07-14T08:00+02:00,6252.48,23521.2,22882.8,60061.7,27.66
2020-07-14T09:00+02:00,3036.26,23269.99,27959.86,61171.56,27.66
2020-07-14T10:00+02:00,7.61,22967.96,32708.33,62501.03,27.66
2020-07-14T11:00+02:00,-988.93,23058.07,34869.59,64324.76,27.66
2020-07-14T12:00+02:00,-1882.5,23038.07,35129.95,63975.13,27.66
2020-07-14T13:00+02:00,-1794.22,22898.36,35471.32,62957.8,27.66
2020-07-14T14:00+02:00,-1507.92,22865.81,33701.12,61664.68,27.66
2020-07-14T15:00+02:00,-1266.62,23065.9,31191.39,60871.05,27.66
2020-07-14T16:00+02:00,1883.6,23494.06,27129.61,59723.96,27.66
2020-07-14T17:00+02:00,5899.12,23692.11,22847.4,59793.21,27.66
2020-07-14T18:00+02:00,7177.79,23661.11,19491.05,59542.14,27.66
2020-07-14T19:00+02:00,7570.41,23807.76,15971.99,58671.24,27.66
2020-07-14T20:00+02:00,7213.5,23884.13,13681.16,55629.16,27.66
2020-07-14T21:00+02:00,8118.38,23816.6,12902.5,53527.67,27.66
2020-07-14T22:00+02:00,7142.95,23621.81,12795.89,50985.76,27.66
2020-07-14T23:00+02:00,3831.87,23188.88,12329.81,46918,27.66
2020-07-15T00:00+02:00,4000.69,22448.92,11671.52,44266.19,27.66
2020-07-15T01:00+02:00,5214.41,21962.76,10786.3,42624.16,27.66
2020-07-15T02:00+02:00,6403.08,21830.05,10097.78,41466.45,27.66
2020-07-15T03:00+02:00,7727.65,21363.23,9637.25,41516.49,27.66
2020-07-15T04:00+02:00,8618.98,22185.48,9298.88,42442.08,27.66
2020-07-15T05:00+02:00,8821,22896.31,9468.61,45543.74,27.66
2020-07-15T06:00+02:00,9854.11,24484.7,10513.82,52047.54,27.66
2020-07-15T07:00+02:00,10390.22,25211.92,12187.47,58076.47,27.66
2020-07-15T08:00+02:00,9581.17,25243.96,14166.66,61485.46,27.66
2020-07-15T09:00+02:00,8671.38,25557.07,16741.8,62702.32,27.66
2020-07-15T10:00+02:00,7928.7,25478.16,19197.79,64324.89,27.66
2020-07-15T11:00+02:00,7518.55,25688.6,21028.37,65857.39,27.66
2020-07-15T12:00+02:00,7242.6,26012.1,22892.38,65115.7,27.66
2020-07-15T13:00+02:00,6608.77,25925.32,24239.09,63608.98,27.66
2020-07-15T14:00+02:00,4727.48,25735.55,25043.11,62546.86,27.66
2020-07-15T15:00+02:00,3724.41,25438.86,24551.78,60994.66,27.66
2020-07-15T16:00+02:00,3513.69,25657.49,22850.74,60064.55,27.66
2020-07-15T17:00+02:00,6001.68,25899.07,20336.61,59986.56,27.66
2020-07-15T18:00+02:00,7504.62,26308.2,17593.41,59978.5,27.66
2020-07-15T19:00+02:00,8055.3,25764.36,14052.06,58557.21,27.66
2020-07-15T20:00+02:00,8955.98,25544.79,10930.33,55990.48,27.66
2020-07-15T21:00+02:00,9218.75,25315.15,9624.63,53646.2,27.66
2020-07-15T22:00+02:00,8495.92,24620.93,9263.45,51263.31,27.66
2020-07-15T23:00+02:00,5916.43,24265.72,9253.64,47123.33,27.66
2020-07-16T00:00+02:00,5135.69,22355.31,9263.15,44678.17,27.66
2020-07-16T01:00+02:00,6568.32,21891.57,9184.02,43029.63,27.66
2020-07-16T02:00+02:00,6525.16,21826.66,9409.21,41944.46,27.66
2020-07-16T03:00+02:00,7507.26,21463.05,9499.41,41835.01,27.66
2020-07-16T04:00+02:00,7674.46,21736.74,9611.4,42752.89,27.66
2020-07-16T05:00+02:00,8709.16,22424.8,9672.19,45563.63,27.66
2020-07-16T06:00+02:00,9256.05,23971.49,10458.56,52043.56,27.66
2020-07-16T07:00+02:00,7775.4,25152.93,12212.61,58051.65,27.66
2020-07-16T08:00+02:00,9101.54,25002.22,14158.15,61823.9,27.66
2020-07-16T09:00+02:00,7977.76,25329.89,16828.56,63073.3,27.66
2020-07-16T10:00+02:00,7708.02,25819.48,19264.31,64086.25,27.66
2020-07-16T11:00+02:00,6289.52,25958.48,20687.13,65681.52,27.66
2020-07-16T12:00+02:00,7038.35,25875.41,21614.47,64933.17,27.66
2020-07-16T13:00+02:00,5692.28,26106.19,22314.57,64154.46,27.66
2020-07-16T14:00+02:00,4688.05,26057.97,22189.75,62581.98,27.66
2020-07-16T15:00+02:00,4859.45,26079.25,21272.45,61643.42,27.66
2020-07-16T16:00+02:00,5349.43,26090.59,19701.22,60584.1,27.66
2020-07-16T17:00+02:00,4880.14,26495.44,17885.44,60634.65,27.66
2020-07-16T18:00+02:00,5818.88,26689.24,15070.67,59930.41,27.66
2020-07-16T19:00+02:00,7568.77,26828.98,12549.74,58569.29,27.66
2020-07-16T20:00+02:00,7816.02,26982.16,10853.51,55775.98,27.66
2020-07-16T21:00+02:00,6737.2,26743.62,10066.89,53285.35,27.66
2020-07-16T22:00+02:00,5877.65,25573.68,9813.03,50708.31,27.66
2020-07-16T23:00+02:00,3957.94,24812.87,9790.38,46784.21,27.66
2020-07-17T00:00+02:00,5166.42,22758.37,9492.45,43945.77,27.66
2020-07-17T01:00+02:00,5800.59,21448.48,9585.77,42101.34,27.66
2020-07-17T02:00+02:00,5581.78,21037,9765.45,41047.75,27.66
2020-07-17T03:00+02:00,6015.49,20625.41,9731.91,41210.83,27.66
2020-07-17T04:00+02:00,6678.33,20671.57,9900.43,42066.38,27.66
2020-07-17T05:00+02:00,7033.58,21104.37,10057.49,44975.74,27.66
2020-07-17T06:00+02:00,5596.51,23178.31,11561.93,50750.94,27.66
2020-07-17T07:00+02:00,6816.62,23853.04,13993.86,56524.12,27.66
2020-07-17T08:00+02:00,4715.05,24135.09,17917.29,59972.5,27.66
2020-07-17T09:00+02:00,1937.16,24135.58,23116.92,60948.05,27.66
2020-07-17T10:00+02:00,490.65,23686.45,27512.89,62077.2,27.66
2020-07-17T11:00+02:00,-1948.18,23878.72,29641.28,63545.1,27.05
2020-07-17T12:00+02:00,-3456.55,23529.13,30221.95,62860.89,26.85
2020-07-17T13:00+02:00,-3610.78,23442.74,30056.55,60595.87,26.85
2020-07-17T14:00+02:00,-2577.89,23474.27,28995.61,58782.66,26.85
2020-07-17T15:00+02:00,-1475.02,23570.61,27117.05,57676.77,26.85
2020-07-17T16:00+02:00,-171.28,23852.09,24096.92,56524.7,26.85
2020-07-17T17:00+02:00,1878.75,24166.96,20747.66,56610.33,26.85
2020-07-17T18:00+02:00,5316.02,24248.55,16746.41,56320.17,26.85
2020-07-17T19:00+02:00,6863.32,24342.12,12618.51,54889.76,26.85
2020-07-17T20:00+02:00,7379.66,24301.79,9723.78,52409.22,26.85
2020-07-17T21:00+02:00,6911.18,24510.52,8761.14,50187.22,26.85
2020-07-17T22:00+02:00,5177.75,24599.11,8614.76,48005.52,26.85
2020-07-17T23:00+02:00,3470.7,23502.37,8492.9,44250.38,26.85
2020-07-18T00:00+02:00,1464.09,21984.91,8537.42,41089.72,26.85
2020-07-18T01:00+02:00,2336.34,20302.95,8464.85,38985.9,26.85
2020-07-18T02:00+02:00,2553.38,19504.64,8497.65,37773.04,26.85
2020-07-18T03:00+02:00,3590.68,18453.36,8542.7,37305.27,26.85
2020-07-18T04:00+02:00,4030.66,17873.51,8579.67,37069.32,26.85
2020-07-18T05:00+02:00,4099.97,17531.14,8826.75,37139.17,26.85
2020-07-18T06:00+02:00,2559.66,17994.08,10467.02,38830.88,26.85
2020-07-18T07:00+02:00,1676.6,18353.16,14704.22,42112.16,26.85
2020-07-18T08:00+02:00,-490.95,18492.23,21072.75,46272.02,26.85
2020-07-18T09:00+02:00,-3980.42,18279.17,27855.04,49305.99,26.85
2020-07-18T10:00+02:00,-5523.15,16987.65,32291.57,51029.74,26.85
2020-07-18T11:00+02:00,-5179.6,16231.36,33783.54,52150.89,26.85
2020-07-18T12:00+02:00,-3973.13,15924.54,33714.08,51988.13,26.85
2020-07-18T13:00+02:00,-3277.64,15829.78,32636.83,50323.74,26.85
2020-07-18T14:00+02:00,-2564.52,16073.22,30859.66,48566.8,26.85
2020-07-18T15:00+02:00,-1179.69,15842.85,28616.11,47754.9,26.85
2020-07-18T16:00+02:00,-1378.22,16663.38,25282.49,47125.89,26.85
2020-07-18T17:00+02:00,-301.34,18575.94,21140.16,47227.3,26.85
2020-07-18T18:00+02:00,1536.29,19773.76,16520.28,47254.41,26.85
2020-07-18T19:00+02:00,3492.13,20091.99,12334.8,46329.13,26.85
2020-07-18T20:00+02:00,3669.38,20273.85,9561.23,44464.57,26.85
2020-07-18T21:00+02:00,3545.45,20227.06,8389.75,43241.23,26.85
2020-07-18T22:00+02:00,2467.97,20250.65,8656.71,42433.74,26.85
2020-07-18T23:00+02:00,1584.35,20180.1,8809.51,39582.69,26.85
2020-07-19T00:00+02:00,586.27,19293.02,9155.47,36965.58,26.85
2020-07-19T01:00+02:00,563.72,18193.73,9376.09,35354.46,26.85
2020-07-19T02:00+02:00,569.46,17204.28,9549.17,34249.62,26.85
2020-07-19T03:00+02:00,1427.55,16054.82,9444.71,33727.9,26.85
2020-07-19T04:00+02:00,2656.78,15107.27,9290.57,33541.69,26.85
2020-07-19T05:00+02:00,2559.93,15067.33,9517.76,33548.04,26.85
2020-07-19T06:00+02:00,3913.19,14558.79,11113.61,34487.24,26.85
2020-07-19T07:00+02:00,2223.71,14538.34,14793.64,36898.28,26.85
2020-07-19T08:00+02:00,521.1,14425.55,20125.09,40352.11,26.85
2020-07-19T09:00+02:00,-2768.67,13981.86,26030.3,43302.96,26.85
2020-07-19T10:00+02:00,-4594.93,13454.53,31086.98,45544.48,26.85
2020-07-19T11:00+02:00,-4824.53,13214.27,34331.87,47396.8,26.85
2020-07-19T12:00+02:00,-5542.62,13265.91,35223.18,47137.5,26.85
2020-07-19T13:00+02:00,-6284.32,13176.8,34786.14,45811.28,26.85
2020-07-19T14:00+02:00,-5919.16,12967.76,33934.46,44727.74,26.85
2020-07-19T15:00+02:00,-4837.9,13271.79,30926.09,43619.79,26.85
2020-07-19T16:00+02:00,-3835.7,13744.25,27867.34,43124.6,26.85
2020-07-19T17:00+02:00,-3149.09,16088.03,24403.55,43965.08,26.85
2020-07-19T18:00+02:00,-705.36,18283.14,19853.29,45119.66,26.85
2020-07-19T19:00+02:00,1308.11,18917.8,16642.2,45496.24,26.85
2020-07-19T20:00+02:00,1537.19,19416.21,13706.66,44811.18,26.85
2020-07-19T21:00+02:00,505.1,19637.36,12604.14,43969.04,26.85
2020-07-19T22:00+02:00,1471.59,19657.04,12450.48,43636.04,26.85
2020-07-19T23:00+02:00,762.92,19641.66,12119.71,40920.2,26.85
2020-07-20T00:00+02:00,-714.78,19146.32,11816.67,38642.94,26.85
2020-07-20T01:00+02:00,1595.97,18141.32,11615.54,37271.13,26.85
2020-07-20T02:00+02:00,2815.11,17424.84,11501.22,36608.11,26.85
2020-07-20T03:00+02:00,3648.08,17268.75,11273.95,37220.94,26.85
2020-07-20T04:00+02:00,4782.55,17732.87,11086.35,38552.22,26.85
2020-07-20T05:00+02:00,3494.44,19871.28,11681.45,41561.24,26.85
2020-07-20T06:00+02:00,6330.14,20672.55,13812.05,48776.33,26.85
2020-07-20T07:00+02:00,5970.13,21312.34,17411.02,54889.37,26.85
2020-07-20T08:00+02:00,3736.84,21557.62,22478.97,58790.08,26.85
2020-07-20T09:00+02:00,-86.63,21349.83,27925.9,60503.63,26.85
2020-07-20T10:00+02:00,-1663.01,21692.22,32809.27,62508.78,26.85
2020-07-20T11:00+02:00,-2694.88,21336.13,36078.79,63918.96,26.85
2020-07-20T12:00+02:00,-3575.08,20143,37932.06,63672.84,26.85
2020-07-20T13:00+02:00,-4380.97,19859.05,39075.56,62492,26.85
2020-07-20T14:00+02:00,-4631.68,19339.75,39433.3,61413.5,26.85
2020-07-20T15:00+02:00,-4280.11,19223.81,39218.63,60670.81,26.85
2020-07-20T16:00+02:00,-3940.57,19739.9,36204.89,58961.83,26.85
2020-07-20T17:00+02:00,-2565.16,21268.61,31066.38,58091.96,26.85
2020-07-20T18:00+02:00,1899.04,21523.39,25005.27,57150.68,26.85
2020-07-20T19:00+02:00,5556.76,21587.8,19202.89,56222.83,26.85
2020-07-20T20:00+02:00,7117.44,21699.56,15035.22,53729.22,26.85
2020-07-20T21:00+02:00,5976.66,21743.1,13570.92,51872.76,26.85
2020-07-20T22:00+02:00,4728.24,21980.13,13570.38,49752.79,26.85
2020-07-20T23:00+02:00,2527.99,21953.19,13383.76,45648.67,26.85
2020-07-21T00:00+02:00,880.34,21189.27,13208.71,42878.98,26.85
2020-07-21T01:00+02:00,977.14,20959.62,12829.77,41180.92,26.85
2020-07-21T02:00+02:00,2215.92,20059.94,12604.33,40478.86,26.85
2020-07-21T03:00+02:00,2668.33,19886.93,12654.03,40671.76,26.85
2020-07-21T04:00+02:00,4485.75,19869.76,12702.29,41731.01,26.85
2020-07-21T05:00+02:00,5000.3,20662.93,13210.58,44264.24,26.85
2020-07-21T06:00+02:00,7358.15,21278.28,14830.82,50490.54,26.85
2020-07-21T07:00+02:00,6911.92,21601.32,17779.74,55726.42,26.85
2020-07-21T08:00+02:00,4310.21,21962.04,23054.63,59519.54,26.85
2020-07-21T09:00+02:00,356.5,21706.76,29561.32,60345.71,26.85
2020-07-21T10:00+02:00,-990.35,20654.26,34372.59,62036.53,26.85
2020-07-21T11:00+02:00,-1302.73,19708.04,37563.27,63545.86,26.85
2020-07-21T12:00+02:00,-1517.61,18692.52,39398.38,63018.35,26.85
2020-07-21T13:00+02:00,-1940.38,17726.89,40322.06,62896.5,26.85
2020-07-21T14:00+02:00,-1826.32,17284.62,39875.95,61526.96,26.85
2020-07-21T15:00+02:00,-1662.03,17896.34,38505.72,60085.42,26.85
2020-07-21T16:00+02:00,-2356.59,18997.9,35813.87,59335.43,26.85
2020-07-21T17:00+02:00,-2404.17,21320.32,30964.67,59127.73,26.85
2020-07-21T18:00+02:00,739.28,22587.68,25449.32,58905.21,26.85
2020-07-21T19:00+02:00,3949.52,22950.28,19906.56,57992.1,26.85
2020-07-21T20:00+02:00,4153.9,23091.92,16020.32,55345.1,26.85
2020-07-21T21:00+02:00,4146.35,23069.66,14843.13,53276.34,26.85
2020-07-21T22:00+02:00,2739.42,22741.51,15174.19,50758.16,26.85
2020-07-21T23:00+02:00,514.57,22298.17,15431.91,46925.62,26.85
2020-07-22T00:00+02:00,-225.49,21359.26,14567.99,44149.45,26.85
2020-07-22T01:00+02:00,572.22,20988.79,13733.41,42556.36,26.85
2020-07-22T02:00+02:00,950.21,20738.19,13184.73,41463.4,26.85
2020-07-22T03:00+02:00,2805.26,20316.21,12799.8,41441.48,26.85
2020-07-22T04:00+02:00,3696.85,20377.29,12309.45,42596.61,26.85
2020-07-22T05:00+02:00,4281.74,21322.2,12103.5,45155.55,26.85
2020-07-22T06:00+02:00,6780.52,22516.91,13191.83,51380.7,26.85
2020-07-22T07:00+02:00,6851.89,22316.59,16403.27,56722.02,26.85
2020-07-22T08:00+02:00,4450.37,21746.07,22061.96,60007.35,26.85
2020-07-22T09:00+02:00,345.72,21932.9,28387.64,61411.04,26.85
2020-07-22T10:00+02:00,-2303.86,21579.3,33085.27,62810.27,26.85
2020-07-22T11:00+02:00,-1857.99,21163.44,35440.19,63949.77,26.85
2020-07-22T12:00+02:00,-3062.6,21351.27,36635.77,63543.5,26.85
2020-07-22T13:00+02:00,-3412.14,21043.62,37316.57,62398.97,26.85
2020-07-22T14:00+02:00,-3289.37,20545.89,36528.98,61151,26.85
2020-07-22T15:00+02:00,-3185.72,21006.07,34001.53,60230.77,26.85
2020-07-22T16:00+02:00,-1791.92,22319.61,30129.53,58791.12,26.85
2020-07-22T17:00+02:00,1425.12,22752.4,24879.18,58614.24,26.85
2020-07-22T18:00+02:00,5661.62,22532.46,19670.52,58264.24,26.85
2020-07-22T19:00+02:00,8906.33,22586.6,15037.19,57599.84,26.85
2020-07-22T20:00+02:00,8732.26,22636.62,12292.77,55393.02,26.85
2020-07-22T21:00+02:00,7214.06,22702.59,11371.45,53304.12,26.85
2020-07-22T22:00+02:00,5454.65,22740.05,11473.35,50615.89,26.85
2020-07-22T23:00+02:00,2578.79,22737.42,11199.44,46467.78,26.85
2020-07-23T00:00+02:00,2804.73,21997.7,10610.7,43366.16,26.85
2020-07-23T01:00+02:00,3483.84,21757.88,10200.06,41547.98,26.85
2020-07-23T02:00+02:00,3739,21405.77,9834.12,40714.59,26.85
2020-07-23T03:00+02:00,4031.9,21345.73,9851.44,40346.84,26.85
2020-07-23T04:00+02:00,5048.48,21633.68,9957.7,41450.07,26.85
2020-07-23T05:00+02:00,5583.57,21863.48,10009.89,44258.37,26.85
2020-07-23T06:00+02:00,7554.48,22310.44,11724.18,50233.84,26.85
2020-07-23T07:00+02:00,7281.88,22757.52,15512.64,55832.6,26.85
2020-07-23T08:00+02:00,4541.2,23594.66,21338.93,59423.24,26.85
2020-07-23T09:00+02:00,1295.29,22878.23,28089.47,60722.96,26.85
2020-07-23T10:00+02:00,-1676.86,22189.61,34200.51,62047.77,26.85
2020-07-23T11:00+02:00,-2019.86,20996.91,38552.83,63252.68,26.85
2020-07-23T12:00+02:00,-3028.01,20044.42,40220.75,62807.22,26.85
2020-07-23T13:00+02:00,-3757.27,19954.65,40256.82,61875.61,26.85
2020-07-23T14:00+02:00,-4106.03,20369.05,38894.77,60662.38,26.85
2020-07-23T15:00+02:00,-3322.52,20614.27,35444.27,59429.6,26.85
2020-07-23T16:00+02:00,-2555.64,21865.21,31316.84,58280.92,26.85
2020-07-23T17:00+02:00,220.94,22418.63,26639.86,58320.46,26.85
2020-07-23T18:00+02:00,3602.57,22663.17,20992.36,58039.04,26.85
2020-07-23T19:00+02:00,5465.59,23237.67,16001.37,57331.68,26.85
2020-07-23T20:00+02:00,6474.31,23076.59,12580.79,54965.37,26.85
2020-07-23T21:00+02:00,6965.15,22908.61,11636.35,53093.11,26.85
2020-07-23T22:00+02:00,4989.04,22850.38,12084.05,50324.04,26.85
2020-07-23T23:00+02:00,2844.62,22401.46,12573.81,46016.21,26.85
2020-07-24T00:00+02:00,247,21260.9,12967.75,42268.29,26.85
2020-07-24T01:00+02:00,653.11,20406.08,14283.35,41430.23,26.85
2020-07-24T02:00+02:00,1723.23,18462.12,15920.23,41211.16,26.85
2020-07-24T03:00+02:00,1311.81,18231.22,17202.92,41371.9,26.85
2020-07-24T04:00+02:00,1381.8,18397.64,17331.95,42452.77,26.85
2020-07-24T05:00+02:00,788.69,19650.3,18136.65,44727.8,26.85
2020-07-24T06:00+02:00,2738.71,20728.66,19432.04,50371.01,26.85
2020-07-24T07:00+02:00,3463.97,21452.63,21364.67,55521.34,26.85
2020-07-24T08:00+02:00,3226.24,21863.81,23272.02,58763.88,26.85
2020-07-24T09:00+02:00,1519.36,21837.95,27032.77,60058.52,26.85
2020-07-24T10:00+02:00,-58.27,21620.68,32016.98,61776.26,26.85
2020-07-24T11:00+02:00,-2428.87,20731.74,37051.56,63663.38,26.64
2020-07-24T12:00+02:00,-4019.94,18957.58,40530.15,63329.41,26.57
2020-07-24T13:00+02:00,-4959.4,17870.54,42525.83,62301.74,26.57
2020-07-24T14:00+02:00,-4266.28,16265.87,43247.19,60824.69,26.57
2020-07-24T15:00+02:00,-3613.79,15765.05,42890.02,59948.91,26.57
2020-07-24T16:00+02:00,-3581.47,16492.77,39732.99,59399.29,26.57
2020-07-24T17:00+02:00,-3827.06,18831.73,34562.07,58595.69,26.57
2020-07-24T18:00+02:00,-2479.01,20367.75,28648.76,57346.26,26.57
2020-07-24T19:00+02:00,876.5,20345.17,22236.69,55831.03,26.57
2020-07-24T20:00+02:00,3415.15,19780.59,16849.1,52578.5,26.57
2020-07-24T21:00+02:00,3955.31,19470.29,14168.83,50172.33,26.57
2020-07-24T22:00+02:00,4328.12,18593.67,13456.44,47907.07,26.57
2020-07-24T23:00+02:00,3213.54,18479.1,12800.57,44456.49,26.57
2020-07-25T00:00+02:00,3054.52,18275.79,12010.36,41485.33,26.57
2020-07-25T01:00+02:00,3205.44,17280.39,11308.24,39401.3,26.57
2020-07-25T02:00+02:00,3530.26,16550.59,10805.14,38215.87,26.57
2020-07-25T03:00+02:00,4781.76,16230.57,10018.2,37402.78,26.57
2020-07-25T04:00+02:00,5924.36,15981.54,9816.2,37190.06,26.57
2020-07-25T05:00+02:00,5406.83,16155.24,10312.96,37377.92,26.57
2020-07-25T06:00+02:00,5277.18,15899.23,11976.84,38737.81,26.57
2020-07-25T07:00+02:00,3057.14,16059.47,15209.89,41744.93,26.57
2020-07-25T08:00+02:00,604.01,16324.81,20328.72,45308.59,26.57
2020-07-25T09:00+02:00,-1478.44,15862.71,26934.73,48450.04,26.57
2020-07-25T10:00+02:00,-4267.32,14785.58,33766.99,50376.4,26.57
2020-07-25T11:00+02:00,-5852.59,14178.21,37076.08,51746.95,26.57
2020-07-25T12:00+02:00,-7073.6,13913.87,37909.95,51739.8,26.57
2020-07-25T13:00+02:00,-7342.07,14139.87,37307.38,50500.92,26.57
2020-07-25T14:00+02:00,-6738.16,14428.83,35335.09,49224.87,26.57
2020-07-25T15:00+02:00,-4634.04,14889.9,33165.81,48241.12,26.57
2020-07-25T16:00+02:00,126.02,14119.05,30674.98,47919.92,26.57
2020-07-25T17:00+02:00,-495.15,15639.47,26198.55,48094.7,26.57
2020-07-25T18:00+02:00,1234.49,17177.45,21209.79,47962.93,26.57
2020-07-25T19:00+02:00,3229.33,17919.62,16712.08,47170.32,26.57
2020-07-25T20:00+02:00,2360.97,18299.85,14046.22,45173.05,26.57
2020-07-25T21:00+02:00,1470.4,18408.14,14094.48,44132.24,26.57
2020-07-25T22:00+02:00,-716.04,18345.72,15617.79,42853.13,26.57
2020-07-25T23:00+02:00,-1701.65,17263.96,17094.53,40076.07,26.57
2020-07-26T00:00+02:00,-964.77,14292.1,18777.39,37970.24,26.57
2020-07-26T01:00+02:00,-2899.75,12876.61,19825.71,36181.93,26.57
2020-07-26T02:00+02:00,-4264.06,12589.98,21527.45,34891.62,26.57
2020-07-26T03:00+02:00,-3446.83,12153.07,22243.72,34636.76,26.57
2020-07-26T04:00+02:00,-3794.8,11720.06,22554.69,34921.87,26.57
2020-07-26T05:00+02:00,-3614.81,11558.32,23480.89,35450.76,26.57
2020-07-26T06:00+02:00,-3600.51,11090.54,24326.67,36741.3,26.57
2020-07-26T07:00+02:00,-4274.05,11031.43,25329.49,38623.34,26.57
2020-07-26T08:00+02:00,-4451.57,12015.64,25886.98,41437.34,26.57
2020-07-26T09:00+02:00,-5274.22,13093.05,29006.28,44075.25,26.57
2020-07-26T10:00+02:00,-5172.01,12596.94,34689.77,46853.32,26.57
2020-07-26T11:00+02:00,-7681.51,12121.95,40251.09,49184.6,26.57
2020-07-26T12:00+02:00,-10366.16,10813.36,44903.35,49492.26,26.57
2020-07-26T13:00+02:00,-12373.95,10345.89,46763.64,47752.19,26.57
2020-07-26T14:00+02:00,-13989.25,10286.58,45483.37,46176.76,26.57
2020-07-26T15:00+02:00,-13495.69,10482.77,43196.51,44554.1,26.57
2020-07-26T16:00+02:00,-9716.16,10920.65,39431.44,44548.07,26.57
2020-07-26T17:00+02:00,-7666.96,13398.2,34483.68,45090.08,26.57
2020-07-26T18:00+02:00,-2184.58,14061.22,28552.86,46079.27,26.57
2020-07-26T19:00+02:00,1240.02,15975.32,21633.68,45849.74,26.57
2020-07-26T20:00+02:00,2665.86,17179.18,15705.05,44888.1,26.57
2020-07-26T21:00+02:00,2484.78,17589.97,12924.78,44100.26,26.57
2020-07-26T22:00+02:00,3413.3,17757.77,12183.57,43413.87,26.57
2020-07-26T23:00+02:00,2684.97,17714.28,11917.51,40629.46,26.57
2020-07-27T00:00+02:00,1605.16,17154.9,11343.3,38076.06,26.57
2020-07-27T01:00+02:00,1731.85,16865.69,10856.69,36804.44,26.57
2020-07-27T02:00+02:00,3494.45,16790.21,10826.81,36060.28,26.57
2020-07-27T03:00+02:00,4494.84,16965.33,10919.1,36363.13,26.57
2020-07-27T04:00+02:00,5617.87,16975.02,11691.19,37586.68,26.57
2020-07-27T05:00+02:00,4726.13,17821.49,12934.31,40837.35,26.57
2020-07-27T06:00+02:00,6309.01,19020.53,15119.75,47516.24,26.57
2020-07-27T07:00+02:00,6287.34,19401.82,18845.93,53466.72,26.57
2020-07-27T08:00+02:00,3957.14,19743.29,23178.86,57321.49,26.57
2020-07-27T09:00+02:00,836.95,20188.02,27615.22,58882.16,26.57
2020-07-27T10:00+02:00,-1008.67,20272.73,31761.3,60625.52,26.57
2020-07-27T11:00+02:00,-524.03,19490.87,35076.77,62207.18,26.57
2020-07-27T12:00+02:00,-1384.44,19214.83,36443.31,61689.21,26.57
2020-07-27T13:00+02:00,-1740.44,19119.72,36534.22,60848.04,26.57
2020-07-27T14:00+02:00,-1686.93,19099.3,35749.6,59928.16,26.57
2020-07-27T15:00+02:00,-1088.37,18959.42,33636.24,58975.77,26.57
2020-07-27T16:00+02:00,319.18,19201.29,31376.7,57685.96,26.57
2020-07-27T17:00+02:00,2209.25,19414.4,28478.31,57984.53,26.57
2020-07-27T18:00+02:00,2867.67,19319.29,24657.16,57985.5,26.57
2020-07-27T19:00+02:00,3590.51,19418.16,22480.06,57130.81,26.57
2020-07-27T20:00+02:00,3062.82,19540.14,22311.93,55392.18,26.57
2020-07-27T21:00+02:00,-374.24,19448.46,24572.61,54067.14,26.57
2020-07-27T22:00+02:00,-3641,18912.39,26199.14,51536.27,26.57
2020-07-27T23:00+02:00,-4138.68,16612.33,27564.6,47342.38,26.57
2020-07-28T00:00+02:00,-3115.87,13812.51,28317.68,44147.8,26.57
2020-07-28T01:00+02:00,-1972.71,12665.21,28769.1,42572.63,26.57
2020-07-28T02:00+02:00,-1854.56,11945.12,29573.89,42108.4,26.57
2020-07-28T03:00+02:00,-1568.26,11620.04,30078.42,43025.53,26.57
2020-07-28T04:00+02:00,-909.08,11463.05,30298.36,44032.21,26.57
2020-07-28T05:00+02:00,-271.38,12381.67,30143.2,47031.19,26.57
2020-07-28T06:00+02:00,-783.46,14761.01,30782.15,52846.64,26.57
2020-07-28T07:00+02:00,-2030.09,16121.29,31782.14,57786.46,26.57
2020-07-28T08:00+02:00,-2209.19,16678.34,35703.76,61154.11,26.57
2020-07-28T09:00+02:00,-4069.05,15583.07,42868.87,63155.24,26.57
2020-07-28T10:00+02:00,-5862.86,14070.96,49545.85,65042.78,26.57
2020-07-28T11:00+02:00,-7133.51,13382.37,54032.09,66573.55,26.57
2020-07-28T12:00+02:00,-7745.05,12786.69,56582.7,66286.96,26.57
2020-07-28T13:00+02:00,-7515.88,11853.43,56959.1,65093.85,26.57
2020-07-28T14:00+02:00,-8272.82,12030.78,55523.92,63661.84,26.57
2020-07-28T15:00+02:00,-6600.39,12440.66,52205.1,62744.33,26.57
2020-07-28T16:00+02:00,-6059.56,13647.21,47777.7,61999.54,26.57
2020-07-28T17:00+02:00,-5050.95,15107.61,43073.46,60865.99,26.57
2020-07-28T18:00+02:00,-2262.66,16011.24,37063.38,59872.74,26.57
2020-07-28T19:00+02:00,-350.6,16668.34,31884.09,58490.02,26.57
2020-07-28T20:00+02:00,599.42,16957.7,27187.62,55689.87,26.57
2020-07-28T21:00+02:00,60.87,17272.61,24912.26,53723.94,26.57
2020-07-28T22:00+02:00,-432.44,16606.59,24163.25,51277.76,26.57
2020-07-28T23:00+02:00,-1966.12,15432.75,23647.99,47660.1,26.57
2020-07-29T00:00+02:00,-2440.71,14875.13,23000.3,44570.28,26.57
2020-07-29T01:00+02:00,-2175.48,14716.97,22241.64,42597.92,26.57
2020-07-29T02:00+02:00,-1286.12,14882.22,21500.71,41739.91,26.57
2020-07-29T03:00+02:00,-399.11,14620.36,21663.46,41732.3,26.57
2020-07-29T04:00+02:00,568.95,15322.56,22154.03,42852.24,26.57
2020-07-29T05:00+02:00,-294.61,15791.46,22861.88,45508.82,26.57
2020-07-29T06:00+02:00,1120.44,17051.58,24426.14,51617.05,26.57
2020-07-29T07:00+02:00,887.09,17546.5,28378.1,57020.94,26.57
2020-07-29T08:00+02:00,-1590.98,17196.88,35426.31,60634.94,26.57
2020-07-29T09:00+02:00,-4539.52,15437.18,44976.52,62633.64,26.57
2020-07-29T10:00+02:00,-6931.97,13384.03,52126.84,64457.62,26.57
2020-07-29T11:00+02:00,-6955.65,12811.14,54504.95,65493.05,26.57
2020-07-29T12:00+02:00,-7632.89,12306.61,56238.08,64492.3,26.57
2020-07-29T13:00+02:00,-8455.18,11457.44,57140.7,63854.05,26.57
2020-07-29T14:00+02:00,-8436.17,11433.63,56108.65,62389.4,26.57
2020-07-29T15:00+02:00,-7713.81,12347.55,52959.44,60680.23,26.57
2020-07-29T16:00+02:00,-6664.91,14398.71,48327.54,59350.81,26.57
2020-07-29T17:00+02:00,-4276.83,16385.94,42053.48,59659.57,26.57
2020-07-29T18:00+02:00,-2474.22,18463.17,34783.7,59265.88,26.57
2020-07-29T19:00+02:00,814.82,19747.73,26896.9,58268.12,26.57
2020-07-29T20:00+02:00,1571.28,19575.25,21421.48,55549.43,26.57
2020-07-29T21:00+02:00,665.82,19704.81,19685.93,53632.1,26.57
2020-07-29T22:00+02:00,235.69,19721.95,18758.14,50759.33,26.57
2020-07-29T23:00+02:00,-825.32,19762.98,18049.15,46752.31,26.57
2020-07-30T00:00+02:00,-1186.47,19956.8,17681.21,43734.72,26.57
2020-07-30T01:00+02:00,233.55,19626.31,17032.61,42245.65,26.57
2020-07-30T02:00+02:00,611.41,19496.69,16599.11,41339.84,26.57
2020-07-30T03:00+02:00,1416.94,19456.28,16347.71,41258.38,26.57
2020-07-30T04:00+02:00,2769.51,19331.38,16076.33,42266.68,26.57
2020-07-30T05:00+02:00,3383.7,19468.76,16475.73,44940.64,26.57
2020-07-30T06:00+02:00,5915.1,19792.37,17150.36,50715.86,26.57
2020-07-30T07:00+02:00,5000.36,20226.31,19978.4,55459.82,26.57
2020-07-30T08:00+02:00,2893.05,19869.11,26107.35,59295.99,26.57
2020-07-30T09:00+02:00,-1328.52,19906.61,33123.72,60828.47,26.57
2020-07-30T10:00+02:00,-4216.63,19279.71,37928.46,62198.29,26.57
2020-07-30T11:00+02:00,-4529.27,18991.77,40985.58,63984.9,26.57
2020-07-30T12:00+02:00,-5435.3,19039.99,42500.53,63288.85,26.57
2020-07-30T13:00+02:00,-4866.51,18639.09,42930.93,62305.45,26.57
2020-07-30T14:00+02:00,-4748.45,18982.05,41328.69,61013.17,26.57
2020-07-30T15:00+02:00,-4325.83,19188.66,38283.72,59847.65,26.57
2020-07-30T16:00+02:00,-2109.77,19693.94,33975.38,58823.28,26.57
2020-07-30T17:00+02:00,1593.52,20099.8,28176.21,58666.19,26.57
2020-07-30T18:00+02:00,5858.23,20313.49,20826.42,57954.37,26.57
2020-07-30T19:00+02:00,9230.59,20569.97,14550.02,56928.85,26.57
2020-07-30T20:00+02:00,9679.62,20565.67,11291.02,54877.09,26.57
2020-07-30T21:00+02:00,8542.09,20702.38,11017.44,53051.63,26.57
2020-07-30T22:00+02:00,6080.4,20953.72,11219.61,50358.61,26.57
2020-07-30T23:00+02:00,5077.92,20976.94,11327.3,46419.9,26.57
2020-07-31T00:00+02:00,3707.57,20573.39,10923.72,43243.02,26.57
2020-07-31T01:00+02:00,3151.02,20615.52,10762.96,41708.08,26.57
2020-07-31T02:00+02:00,4390.23,20567.26,10586.81,41192.75,26.57
2020-07-31T03:00+02:00,4719.59,20592.6,10469,41294.96,26.57
2020-07-31T04:00+02:00,5883.23,20637.44,10525.39,42093.37,26.57
2020-07-31T05:00+02:00,5575.23,20569.17,10449.9,44184.95,26.57
2020-07-31T06:00+02:00,8002.04,20739.4,11671.77,49220.22,26.57
2020-07-31T07:00+02:00,7553.83,20789.67,15121.29,54619.21,26.57
2020-07-31T08:00+02:00,4595.29,20952.3,21205.83,58388.34,26.57
2020-07-31T09:00+02:00,278.52,21055.16,27867.67,60055.57,26.57
2020-07-31T10:00+02:00,-1753.28,20780.17,33529.72,61363.99,26.57
2020-07-31T11:00+02:00,-3380.92,19783.96,37280.63,62607.78,26.37
2020-07-31T12:00+02:00,-4292.4,19389.29,39005.98,61825.58,26.3
2020-07-31T13:00+02:00,-4295.42,19271.5,39254.75,60264.1,26.3
2020-07-31T14:00+02:00,-3929.36,19312.53,38072.42,58907.81,26.3
2020-07-31T15:00+02:00,-3829.89,19700.93,35514.88,57711.78,26.3
2020-07-31T16:00+02:00,-1900.93,20282.68,31402.26,56572.93,26.3
2020-07-31T17:00+02:00,1050.87,20759.35,25899.53,55971.76,26.3
2020-07-31T18:00+02:00,4364.69,20879.08,19593.42,55340.88,26.3
2020-07-31T19:00+02:00,6770.58,20983.4,14462.6,54335.91,26.3
2020-07-31T20:00+02:00,6634.35,21157.73,12627.72,51807.86,26.3
2020-07-31T21:00+02:00,4343.59,20815.91,14530.78,50234.38,26.3
2020-07-31T22:00+02:00,2417.22,20302.58,17814.19,48241.16,26.3
2020-07-31T23:00+02:00,-1297.26,19858.26,20859.8,45407.73,26.3
2020-08-01T00:00+02:00,-3704.26,17531.36,23134.43,43132.61,26.3
2020-08-01T01:00+02:00,-4123.85,15974.25,23648.06,41255.73,26.3
2020-08-01T02:00+02:00,-3383.24,15099.61,23808.27,39922.94,26.3
2020-08-01T03:00+02:00,-3655.36,15036.18,23637.32,39145.56,26.3
2020-08-01T04:00+02:00,-3352.83,15259.09,23049.69,39040.86,26.3
2020-08-01T05:00+02:00,-3506.51,15450.31,21965.08,39451.36,26.3
2020-08-01T06:00+02:00,-4600.65,16519.91,21341,40436.56,26.3
2020-08-01T07:00+02:00,-4312.39,17392.85,23027.93,42945.34,26.3
2020-08-01T08:00+02:00,-3307.15,17467.18,25889.71,46593.54,26.3
2020-08-01T09:00+02:00,-4785.76,17456.68,30198.23,50060.86,26.3
2020-08-01T10:00+02:00,-5418.92,17314.88,34019.31,52272.5,26.3
2020-08-01T11:00+02:00,-5345.64,17185.56,37341.66,53693.18,26.3
2020-08-01T12:00+02:00,-6106.6,16650.78,38954.82,53262.9,26.3
2020-08-01T13:00+02:00,-6435.54,16266.28,39133.41,51933.98,26.3
2020-08-01T14:00+02:00,-5919.84,15953.49,37462.2,50506.27,26.3
2020-08-01T15:00+02:00,-4340.14,16247.66,33830.85,49064.49,26.3
2020-08-01T16:00+02:00,-2972.14,16711.3,29612.78,48113.7,26.3
2020-08-01T17:00+02:00,-591.15,17519.52,25823.37,48641.43,26.3
2020-08-01T18:00+02:00,1744.43,18556.02,21128.79,48689.02,26.3
2020-08-01T19:00+02:00,1350.95,19042.09,17100.58,47348.27,26.3
2020-08-01T20:00+02:00,1840.94,19418.63,14512.43,45695.16,26.3
2020-08-01T21:00+02:00,643.42,19801.17,14296.29,45687.27,26.3
2020-08-01T22:00+02:00,-1173.28,20189.17,14144.58,44748.06,26.3
2020-08-01T23:00+02:00,-1416.26,19810.42,13518.74,42111.94,26.3
2020-08-02T00:00+02:00,421.53,18021.42,12770.28,39771.49,26.3
2020-08-02T01:00+02:00,426.03,17526.61,12304.34,38023.74,26.3
2020-08-02T02:00+02:00,424.71,17211.67,11524.22,36738.6,26.3
2020-08-02T03:00+02:00,1359.3,16859.82,10964.18,35840.51,26.3
2020-08-02T04:00+02:00,2442.91,16679.47,11027.01,35783.2,26.3
2020-08-02T05:00+02:00,3240.07,16401.46,10790.97,35822.51,26.3
2020-08-02T06:00+02:00,3805.26,16509.64,11392.72,35757.68,26.3
2020-08-02T07:00+02:00,2421.28,16791.3,13787.61,37587.54,26.3
2020-08-02T08:00+02:00,2019.94,16715.28,16251.16,40406.36,26.3
2020-08-02T09:00+02:00,1359.65,16872.57,19566,43246.24,26.3
2020-08-02T10:00+02:00,1530.92,16655.51,22208.26,45450.33,26.3
2020-08-02T11:00+02:00,679.51,16761.93,23904.45,47132.12,26.3
2020-08-02T12:00+02:00,335.16,16772.09,25061.48,47293.56,26.3
2020-08-02T13:00+02:00,-639.99,16711.91,26532.62,45940.95,26.3
2020-08-02T14:00+02:00,-1251.69,16558.97,26655.3,45313.68,26.3
2020-08-02T15:00+02:00,-1042.93,16499.39,25593.4,45176.08,26.3
2020-08-02T16:00+02:00,-924.63,16728.23,24682.56,45252.47,26.3
2020-08-02T17:00+02:00,-1110.8,17456.69,23094.11,46074.03,26.3
2020-08-02T18:00+02:00,-264.25,18647.86,20517.58,46525.45,26.3
2020-08-02T19:00+02:00,1516.41,19433.95,17034.15,45901.64,26.3
2020-08-02T20:00+02:00,1216.84,19905.22,14004.5,44778.44,26.3
2020-08-02T21:00+02:00,340.23,20366.73,12422.31,44338.48,26.3
2020-08-02T22:00+02:00,-1148.79,21121.18,12132.39,43489.48,26.3
2020-08-02T23:00+02:00,-640.78,21111.88,12228.31,40950.7,26.3
2020-08-03T00:00+02:00,-205.45,20539.51,12091.88,38963.43,26.3
2020-08-03T01:00+02:00,577.27,19634.43,11724.7,38028.74,26.3
2020-08-03T02:00+02:00,2211.91,19281.31,11868.87,37343.98,26.3
2020-08-03T03:00+02:00,3769.8,19065.73,11614.21,37440.53,26.3
2020-08-03T04:00+02:00,3636.51,19768.01,11362.96,38240.42,26.3
2020-08-03T05:00+02:00,2204.48,21400.85,11231.19,41283.54,26.3
2020-08-03T06:00+02:00,6048.95,22823.54,11585.4,47815.52,26.3
2020-08-03T07:00+02:00,7147.98,23407.3,12955.33,53162.31,26.3
2020-08-03T08:00+02:00,6043.55,23531.79,15689.37,56693.1,26.3
2020-08-03T09:00+02:00,5774.28,23842,18950.72,58830.96,26.3
2020-08-03T10:00+02:00,5407.38,23904.58,22514.69,60653.87,26.3
2020-08-03T11:00+02:00,5582.49,23729.23,25078.59,62277.12,26.3
2020-08-03T12:00+02:00,3810.15,23789.28,26960.33,61953.7,26.3
2020-08-03T13:00+02:00,3415.72,23690.41,27365.52,60459.12,26.3
2020-08-03T14:00+02:00,2770.83,23686.19,26135.99,59372.72,26.3
2020-08-03T15:00+02:00,3455.7,23709.51,24405.82,58307.4,26.3
2020-08-03T16:00+02:00,4539.8,23674.78,22180.23,56911.23,26.3
2020-08-03T17:00+02:00,6547.02,23758.17,19583.93,57065.15,26.3
2020-08-03T18:00+02:00,6855.17,24006.72,17185.89,56857.58,26.3
2020-08-03T19:00+02:00,6978.44,24008.89,14394.04,56067.64,26.3
2020-08-03T20:00+02:00,6297.71,24008.31,12161.37,54212.1,26.3
2020-08-03T21:00+02:00,6528.97,23689.03,11807.48,52430.2,26.3
2020-08-03T22:00+02:00,4326.02,23422.71,12141.25,49200.58,26.3
2020-08-03T23:00+02:00,2787.16,22948.21,11822.2,44933.49,26.3
2020-08-04T00:00+02:00,1562.89,22011.63,11693.38,42203.69,26.3
2020-08-04T01:00+02:00,2326.88,21257.25,12012.99,40838.08,26.3
2020-08-04T02:00+02:00,2859.28,20471.91,12133.18,39983.84,26.3
2020-08-04T03:00+02:00,4568.21,19671.64,11829.4,40027.38,26.3
2020-08-04T04:00+02:00,4571.99,20415.27,11638.2,41022.39,26.3
2020-08-04T05:00+02:00,4954.27,21894.85,11559.45,43935.86,26.3
2020-08-04T06:00+02:00,6622.22,22953.1,12143.25,49485.64,26.3
2020-08-04T07:00+02:00,7421.79,23264.88,13987.2,54609.78,26.3
2020-08-04T08:00+02:00,6066.92,23693.23,16921.39,58145.65,26.3
2020-08-04T09:00+02:00,5011.95,23731.73,20847.24,59523.1,26.3
2020-08-04T10:00+02:00,4063.83,23747.2,24348.04,61012.26,26.3
2020-08-04T11:00+02:00,2823.24,23795.78,27130.16,62132.24,26.3
2020-08-04T12:00+02:00,613.16,24183.55,28542.04,61782.92,26.3
2020-08-04T13:00+02:00,-61.25,23869,28544.51,60894.6,26.3
2020-08-04T14:00+02:00,378.31,23588.78,27729.18,59404.04,26.3
2020-08-04T15:00+02:00,1136.78,23529.44,26052.28,58514.02,26.3
2020-08-04T16:00+02:00,1991.93,23459.41,23994,57362.24,26.3
2020-08-04T17:00+02:00,3824.38,23817.29,21121.6,57068.98,26.3
2020-08-04T18:00+02:00,5488.87,24136.84,17203.11,56836.14,26.3
2020-08-04T19:00+02:00,6498.08,24340.97,12789.52,55920,26.3
2020-08-04T20:00+02:00,6527.79,24294.12,10117.24,53652.12,26.3
2020-08-04T21:00+02:00,6789.34,24264.04,9781.69,52027.05,26.3
2020-08-04T22:00+02:00,4393.96,23978.34,10369.44,48772.11,26.3
2020-08-04T23:00+02:00,2513.72,22874.01,11788.22,44869.02,26.3
2020-08-05T00:00+02:00,3403.34,19629.52,13329.52,42326.84,26.3
2020-08-05T01:00+02:00,2622.74,18833.75,15304.97,41310.04,26.3
2020-08-05T02:00+02:00,2978.25,16596.36,16889.3,40482.32,26.3
2020-08-05T03:00+02:00,3364.41,15859.25,18358.12,40501.18,26.3
2020-08-05T04:00+02:00,4062.32,16203.56,19620.51,41945.06,26.3
2020-08-05T05:00+02:00,3925.22,17304.33,20833.8,44891.57,26.3
2020-08-05T06:00+02:00,1374.42,19393.15,23088.81,50357.34,26.3
2020-08-05T07:00+02:00,-393.95,20373.24,26444.11,55657.28,26.3
2020-08-05T08:00+02:00,-2203.41,20725.74,30546.87,59135.51,26.3
2020-08-05T09:00+02:00,-4986.64,20311.83,36531.36,60532.11,26.3
2020-08-05T10:00+02:00,-7229.9,18998.22,43820.56,62139.64,26.3
2020-08-05T11:00+02:00,-7848.7,17569.33,48800.52,63762.62,26.3
2020-08-05T12:00+02:00,-7673.9,16870.73,49119.25,63558.09,26.3
2020-08-05T13:00+02:00,-6713.76,16781.49,47554.29,61995.35,26.3
2020-08-05T14:00+02:00,-5813.16,17068.6,45253.4,60649.9,26.3
2020-08-05T15:00+02:00,-3859.25,16732.93,41837.12,59241.01,26.3
2020-08-05T16:00+02:00,-3308.52,18660.94,36874.35,58115.3,26.3
2020-08-05T17:00+02:00,-2489.33,21494.74,30263.18,57845.5,26.3
2020-08-05T18:00+02:00,1055.71,22916.57,21827.96,57322.61,26.3
2020-08-05T19:00+02:00,5612.87,22923.37,14605.28,56435.32,26.3
2020-08-05T20:00+02:00,7360.71,22704.8,11317.45,54550.78,26.3
2020-08-05T21:00+02:00,3850.57,22658.5,11740.22,52844.06,26.3
2020-08-05T22:00+02:00,2352.55,22614.73,13015.78,49902.09,26.3
2020-08-05T23:00+02:00,-276.85,22007.9,14434.93,45876.12,26.3
2020-08-06T00:00+02:00,-1788.76,19968.33,15960.84,43165.42,26.3
2020-08-06T01:00+02:00,-1138.6,18697.72,17677.5,41896.48,26.3
2020-08-06T02:00+02:00,212.07,17985.9,18940.35,40547.48,26.3
2020-08-06T03:00+02:00,3.68,17777.19,18715.61,40773.05,26.3
2020-08-06T04:00+02:00,-73.27,18018.58,17987.2,41374.14,26.3
2020-08-06T05:00+02:00,125.58,19859.81,17092.45,43774.48,26.3
2020-08-06T06:00+02:00,1529.65,21308.44,16808.25,49333.22,26.3
2020-08-06T07:00+02:00,1649.33,22215.67,19474.73,54735.49,26.3
2020-08-06T08:00+02:00,700.7,22070.06,23278.44,58340.61,26.3
2020-08-06T09:00+02:00,-3421.17,21862.83,28736.2,59951.35,26.3
2020-08-06T10:00+02:00,-4254.27,21367.96,34344.7,61347.54,26.3
2020-08-06T11:00+02:00,-5743.53,20746.69,38272.68,62635.08,26.3
2020-08-06T12:00+02:00,-6726.63,20613.42,40142.76,62725.27,26.3
2020-08-06T13:00+02:00,-7145.3,20711.89,40207.41,61903.93,26.3
2020-08-06T14:00+02:00,-6250.1,20633.48,38791.56,60487.34,26.3
2020-08-06T15:00+02:00,-5015.95,21018.63,35659.2,59363.26,26.3
2020-08-06T16:00+02:00,-3092.38,21358.09,30948.08,58166.38,26.3
2020-08-06T17:00+02:00,1124.07,22020.5,24794.69,58139.9,26.3
2020-08-06T18:00+02:00,4455.84,22457.62,18244.79,57894.8,26.3
2020-08-06T19:00+02:00,7166.99,22742.27,13072.57,57132.2,26.3
2020-08-06T20:00+02:00,6334.2,22783.65,11530.56,55216.21,26.3
2020-08-06T21:00+02:00,4678.67,22779.18,12482.62,54101.36,26.3
2020-08-06T22:00+02:00,2781.61,22579.94,13504.82,51092.04,26.3
2020-08-06T23:00+02:00,-124.37,22338.19,14110.4,47036.33,26.3
2020-08-07T00:00+02:00,-517.64,20465.28,13933.76,43642.48,26.3
2020-08-07T01:00+02:00,448.29,20013.74,13544.69,41661.46,26.3
2020-08-07T02:00+02:00,1848.35,20082.51,12608.41,40938.64,26.3
2020-08-07T03:00+02:00,3443.68,20101.08,11507.88,40650.02,26.3
2020-08-07T04:00+02:00,4584.68,20158.87,10803.84,41237.04,26.3
2020-08-07T05:00+02:00,4963.64,20600.4,10273.29,43872,26.3
2020-08-07T06:00+02:00,6202.05,20979.26,11165.82,49006.62,26.3
2020-08-07T07:00+02:00,6283.57,20975.19,14974.07,54250.62,26.3
2020-08-07T08:00+02:00,4274.63,20949.49,20706.73,58391.3,26.3
2020-08-07T09:00+02:00,1001.54,20659.21,26782.38,60347.7,26.3
2020-08-07T10:00+02:00,-1870.88,20414.9,32515.6,61832.71,26.3
2020-08-07T11:00+02:00,-3888.92,20298.3,36793.22,62821.31,26.2
2020-08-07T12:00+02:00,-4090.54,20073.07,38998.86,62664.02,26.16
2020-08-07T13:00+02:00,-5948.71,20839.91,39182.77,61113.7,26.16
2020-08-07T14:00+02:00,-5128.59,20701.11,37772.18,59593.09,26.16
2020-08-07T15:00+02:00,-5102.35,21074.85,34825.84,58497.66,26.16
2020-08-07T16:00+02:00,-4610.06,21623.5,30760.35,57668.69,26.16
2020-08-07T17:00+02:00,-810.91,22053.3,25107.76,57730.22,26.16
2020-08-07T18:00+02:00,1891.96,22613.41,18906.27,57294.44,26.16
2020-08-07T19:00+02:00,5099.24,22512.99,13724.28,56182.28,26.16
2020-08-07T20:00+02:00,4972.63,21723.1,11851.19,53571.35,26.16
2020-08-07T21:00+02:00,4679,21365.67,12803.05,52066.06,26.16
2020-08-07T22:00+02:00,2373.38,21119.15,13740.89,49115.77,26.16
2020-08-07T23:00+02:00,-817.49,21127.25,13998.14,45384.63,26.16
2020-08-08T00:00+02:00,-873.67,20412.41,13598.14,42445.02,26.16
2020-08-08T01:00+02:00,-812.12,19826.49,12895.12,40408.3,26.16
2020-08-08T02:00+02:00,-600.78,19405.13,11797.95,38938.72,26.16
2020-08-08T03:00+02:00,109.9,19370.96,10758.89,38256.13,26.16
2020-08-08T04:00+02:00,703.11,19441.33,9750.02,38008.79,26.16
2020-08-08T05:00+02:00,2123.77,19584.82,9121.76,38591.26,26.16
2020-08-08T06:00+02:00,2360.63,19842.98,9662,39938.13,26.16
2020-08-08T07:00+02:00,2098.5,19854,13043.17,43144.63,26.16
2020-08-08T08:00+02:00,-576.57,19594.81,18798.74,46977.94,26.16
2020-08-08T09:00+02:00,-2251.53,18799.45,25367.27,50078.04,26.16
2020-08-08T10:00+02:00,-5593.11,17825.29,30936.16,51914.71,26.16
2020-08-08T11:00+02:00,-6582.05,17360.9,34811.85,53209.72,26.16
2020-08-08T12:00+02:00,-6557.23,16932.02,36623.04,53161.27,26.16
2020-08-08T13:00+02:00,-7159.71,16926.82,36517.42,51892.74,26.16
2020-08-08T14:00+02:00,-7110.98,17003.36,35218.41,50715.55,26.16
2020-08-08T15:00+02:00,-6592.48,17568.07,32278.98,50062.9,26.16
2020-08-08T16:00+02:00,-5754.93,18960.41,28250.27,49462.64,26.16
2020-08-08T17:00+02:00,-2833.39,19726.73,22760.42,49762.81,26.16
2020-08-08T18:00+02:00,1030.93,20038.32,17026.85,49649.18,26.16
2020-08-08T19:00+02:00,3079.87,20311.46,12917.61,49304.78,26.16
2020-08-08T20:00+02:00,2275.08,20457.6,11757.05,47405.3,26.16
2020-08-08T21:00+02:00,955.97,20479.46,12816.44,46674.78,26.16
2020-08-08T22:00+02:00,-2133.82,20489.1,13624.35,44699.48,26.16
2020-08-08T23:00+02:00,-2824.7,20432.58,13666.49,41926.6,26.16
2020-08-09T00:00+02:00,-2466.36,19321.2,13117.41,39165.13,26.16
2020-08-09T01:00+02:00,-1056.74,17329.28,12764.21,37468.69,26.16
2020-08-09T02:00+02:00,134.42,16506.99,11940.81,36347.48,26.16
2020-08-09T03:00+02:00,918.4,16285.02,11691.65,35688.54,26.16
2020-08-09T04:00+02:00,1175.6,16167.93,11544.04,35598.48,26.16
2020-08-09T05:00+02:00,1744,16176.77,11543.89,35809.67,26.16
2020-08-09T06:00+02:00,325.28,15981,12367.92,36023.19,26.16
2020-08-09T07:00+02:00,-693.79,15848.77,15433.82,38228.02,26.16
2020-08-09T08:00+02:00,-3075.64,15661.54,20247.65,41796.94,26.16
2020-08-09T09:00+02:00,-3325.02,15050.51,25147.79,44579.19,26.16
2020-08-09T10:00+02:00,-4112.12,14763.3,29967.37,46606.65,26.16
2020-08-09T11:00+02:00,-4484.61,14577.7,33534.09,48335.54,26.16
2020-08-09T12:00+02:00,-6626.81,14333.82,36128.88,48837.25,26.16
2020-08-09T13:00+02:00,-5414.06,12616.06,36611.32,47818.32,26.16
2020-08-09T14:00+02:00,-5975.02,12456.49,36094.96,46467.05,26.16
2020-08-09T15:00+02:00,-6449.36,13908.93,33769.72,46370.4,26.16
2020-08-09T16:00+02:00,-4761.22,15297.49,30382.96,46446.56,26.16
2020-08-09T17:00+02:00,-3600.04,17205.98,25773.51,47230.52,26.16
2020-08-09T18:00+02:00,-2849.13,19908.65,21006.94,47583.92,26.16
2020-08-09T19:00+02:00,-1630.49,20531.75,17813.92,47225.39,26.16
2020-08-09T20:00+02:00,-1251.55,20995.51,16830.68,46919.87,26.16
2020-08-09T21:00+02:00,-3681,21467.23,16989.53,47248.35,26.16
2020-08-09T22:00+02:00,-5314.83,21301.91,16728.45,45626.26,26.16
2020-08-09T23:00+02:00,-3272.6,20497.24,15964.4,42544.75,26.16
2020-08-10T00:00+02:00,-2793.85,20286.58,15201.02,40254.54,26.16
2020-08-10T01:00+02:00,-1208.13,20162.26,14859.56,38825.82,26.16
2020-08-10T02:00+02:00,-692.44,19805.6,14655.66,38711.74,26.16
2020-08-10T03:00+02:00,-396.25,19713.2,14479.4,39216.6,26.16
2020-08-10T04:00+02:00,-514.22,20564.85,14256.31,40281.3,26.16
2020-08-10T05:00+02:00,102.91,21773.66,14662.45,43592.14,26.16
2020-08-10T06:00+02:00,2537.97,22729.32,15662.67,50422.9,26.16
2020-08-10T07:00+02:00,2626.01,23562.5,18853.3,56174.43,26.16
2020-08-10T08:00+02:00,553.22,24234.87,23016.01,60397.52,26.16
2020-08-10T09:00+02:00,-2141.47,24335.34,27650.11,62478.46,26.16
2020-08-10T10:00+02:00,-2591.24,24405.07,31584.59,64294.73,26.16
2020-08-10T11:00+02:00,-4510.63,24364.1,34556.93,65477.84,26.16
2020-08-10T12:00+02:00,-7169.51,24400.8,36744,65369.88,26.16
2020-08-10T13:00+02:00,-6218.73,24394.76,37422.27,64496.18,26.16
2020-08-10T14:00+02:00,-6448.16,24076.43,37112.68,63448.3,26.16
2020-08-10T15:00+02:00,-6009.07,23757.28,35720.53,62590.72,26.16
2020-08-10T16:00+02:00,-5196.39,23705.6,32982.93,61837.82,26.16
2020-08-10T17:00+02:00,-1863.86,23631.06,29191.37,62000.94,26.16
2020-08-10T18:00+02:00,-579.14,24226.58,24525.64,61368.27,26.16
2020-08-10T19:00+02:00,-182.11,24631.28,19899.53,59954.84,26.16
2020-08-10T20:00+02:00,-31.35,24760.21,19014.34,58061.44,26.16
2020-08-10T21:00+02:00,-480.53,24711.31,20446.35,57075.3,26.16
2020-08-10T22:00+02:00,-3580.54,24110.27,21226.56,53457.9,26.16
2020-08-10T23:00+02:00,-3646.74,23486.7,21226.5,49228.14,26.16
2020-08-11T00:00+02:00,-3708.38,21969.62,19925.93,46345.84,26.16
2020-08-11T01:00+02:00,-2388.38,21944.17,19107.74,45135.34,26.16
2020-08-11T02:00+02:00,-1649.27,21080.57,19523.21,44579.18,26.16
2020-08-11T03:00+02:00,-1554.39,20828.54,19522.01,44414.41,26.16
2020-08-11T04:00+02:00,-1011.7,21052.1,19118.96,45185.76,26.16
2020-08-11T05:00+02:00,-505.5,21892.8,18753.83,47933.12,26.16
2020-08-11T06:00+02:00,1235.38,23245.67,19467.5,53785.26,26.16
2020-08-11T07:00+02:00,2535.29,23594.35,21092.02,58857.7,26.16
2020-08-11T08:00+02:00,1116.96,23861.25,23773.86,62465.87,26.16
2020-08-11T09:00+02:00,-1616.62,23792.08,29253.07,64217.32,26.16
2020-08-11T10:00+02:00,-3751.58,23704.69,35161.76,66243.95,26.16
2020-08-11T11:00+02:00,-7803.81,23387.82,40701.95,67752.76,26.16
2020-08-11T12:00+02:00,-9083.31,22823.59,44660.41,67620.33,26.16
2020-08-11T13:00+02:00,-9479.96,22306.78,46444.74,66763.48,26.16
2020-08-11T14:00+02:00,-9870.87,22531.6,44803.83,65710.25,26.16
2020-08-11T15:00+02:00,-9010.72,23554.16,41021.35,64408.51,26.16
2020-08-11T16:00+02:00,-7048.68,24180.82,36605.2,63236.22,26.16
2020-08-11T17:00+02:00,-4862.55,24589.8,32209.58,62810.59,26.16
2020-08-11T18:00+02:00,-4211.77,24642.53,28637.01,62318.07,26.16
2020-08-11T19:00+02:00,-2272.92,24605,25795.9,61132.25,26.16
2020-08-11T20:00+02:00,-2410.52,24548.82,25232.28,59297.02,26.16
2020-08-11T21:00+02:00,-4478.58,24116.44,27041.65,57788.19,26.16
2020-08-11T22:00+02:00,-6935.55,23724.02,26484.78,54661.58,26.16
2020-08-11T23:00+02:00,-5951.52,21839.51,26081.93,50733.39,26.16
2020-08-12T00:00+02:00,-3984.4,19517.36,25047.7,47884.22,26.16
2020-08-12T01:00+02:00,-3149.6,19784.54,23822.2,45873.28,26.16
2020-08-12T02:00+02:00,-1815.6,19374.26,23347.4,44573.73,26.16
2020-08-12T03:00+02:00,-2486.9,19962.58,22411.55,44478.79,26.16
2020-08-12T04:00+02:00,-2568.73,20533.47,21726.95,45026.06,26.16
2020-08-12T05:00+02:00,-1675.19,21276.08,21280.26,48174.57,26.16
2020-08-12T06:00+02:00,-157.67,22578.73,21276.49,53676.89,26.16
2020-08-12T07:00+02:00,428.93,23552.41,22578.99,58746.77,26.16
2020-08-12T08:00+02:00,256.48,23763.44,25600.01,61885.4,26.16
2020-08-12T09:00+02:00,-1692.46,23643.79,30164.43,63714.72,26.16
2020-08-12T10:00+02:00,-5496.91,23666.43,36021.09,65428.24,26.16
2020-08-12T11:00+02:00,-7382.27,23274.96,40953.82,66704.32,26.16
2020-08-12T12:00+02:00,-9067.1,22818.97,44016.66,66902.4,26.16
2020-08-12T13:00+02:00,-8220.1,22576.8,44631.05,66137.81,26.16
2020-08-12T14:00+02:00,-7472.57,22155.66,43384.78,64789.01,26.16
2020-08-12T15:00+02:00,-6317.49,21934.19,39023.53,63098.42,26.16
2020-08-12T16:00+02:00,-4187.16,22473.69,34801.17,62240.38,26.16
2020-08-12T17:00+02:00,-2068.14,23229.5,30323.58,61753.63,26.16
2020-08-12T18:00+02:00,-282.06,23689.49,26266.99,60983.01,26.16
2020-08-12T19:00+02:00,1804.52,23630.96,23606.6,60156.74,26.16
2020-08-12T20:00+02:00,-422.09,23582.56,22774.37,58246.27,26.16
2020-08-12T21:00+02:00,-714.94,23209.4,24175.95,56809.73,26.16
2020-08-12T22:00+02:00,-3825.59,22819.89,24016.31,53110.11,26.16
2020-08-12T23:00+02:00,-2715.32,22069.39,23030.85,49348.91,26.16
2020-08-13T00:00+02:00,-1804.35,20795.88,21802.19,47053.32,26.16
2020-08-13T01:00+02:00,-993.99,20550.19,21292.12,45019.41,26.16
2020-08-13T02:00+02:00,-349.33,20244.44,21104.21,44027.84,26.16
2020-08-13T03:00+02:00,392.14,20241.08,20477.99,43500.46,26.16
2020-08-13T04:00+02:00,1410.82,20182.93,19230.77,44208.62,26.16
2020-08-13T05:00+02:00,2464.36,20842.83,17809.4,47212.06,26.16
2020-08-13T06:00+02:00,3322.28,22570.48,17712.38,52966.99,26.16
2020-08-13T07:00+02:00,5530.14,23425.81,18640.16,58616.13,26.16
2020-08-13T08:00+02:00,5245.95,23920.38,20711.83,62496.2,26.16
2020-08-13T09:00+02:00,3639.08,23883.66,24070.85,63864.98,26.16
2020-08-13T10:00+02:00,1884.14,23957.22,27672.14,65222.84,26.16
2020-08-13T11:00+02:00,1749.52,23879.69,29873.27,66751.54,26.16
2020-08-13T12:00+02:00,595.7,23044.93,31051.71,66631.06,26.16
2020-08-13T13:00+02:00,733.93,22393,31251.78,65389.4,26.16
2020-08-13T14:00+02:00,1416.22,22914.58,30744.08,64091.68,26.16
2020-08-13T15:00+02:00,1592.76,23766.7,29092.95,62961.71,26.16
2020-08-13T16:00+02:00,2229.39,23799.73,27008.78,62209.96,26.16
2020-08-13T17:00+02:00,3896.08,23923.02,24009.37,61927.96,26.16
2020-08-13T18:00+02:00,3734.93,23826.03,21058.54,61607.15,26.16
2020-08-13T19:00+02:00,3892.03,23772.21,18230.95,59845.17,26.16
2020-08-13T20:00+02:00,3303.45,24162.01,16872.82,57841.79,26.16
2020-08-13T21:00+02:00,3502.08,24048.21,17036.33,56787.44,26.16
2020-08-13T22:00+02:00,2097.19,23827.74,16725.9,52845.38,26.16
2020-08-13T23:00+02:00,-389.14,23616.58,15942.98,48469.85,26.16
2020-08-14T00:00+02:00,796.38,23472.57,15021.38,45957.36,26.16
2020-08-14T01:00+02:00,2207.67,23039.95,13805.34,44039.82,26.16
2020-08-14T02:00+02:00,3269.49,22228.03,13148.46,43308.71,26.16
2020-08-14T03:00+02:00,4042.04,21684.61,12418.26,43077.7,26.16
2020-08-14T04:00+02:00,5293.72,21705.33,12175.26,43827.48,26.16
2020-08-14T05:00+02:00,7000.67,22212.2,12256.79,46930.37,26.16
2020-08-14T06:00+02:00,7312.47,23648.42,12864.18,52677.71,26.16
2020-08-14T07:00+02:00,7171.06,24322.18,13854.13,57837.05,26.16
2020-08-14T08:00+02:00,6692.57,24354.93,16153.62,60686.94,26.16
2020-08-14T09:00+02:00,6853.41,24253.25,19004.65,62288.99,26.16
2020-08-14T10:00+02:00,5718.64,24246.2,22063.87,64018.28,26.16
2020-08-14T11:00+02:00,5217.83,24238.88,24297.77,65143.18,25.48
2020-08-14T12:00+02:00,3534.83,24061.73,26226.03,64154.84,25.25
2020-08-14T13:00+02:00,3385.17,23465.86,27536.98,62378.26,25.25
2020-08-14T14:00+02:00,1753.37,23273.64,27391.78,60604.86,25.25
2020-08-14T15:00+02:00,1936.71,23235.46,25875.34,59699.3,25.25
2020-08-14T16:00+02:00,3200.85,23517.76,23091.88,58975.7,25.25
2020-08-14T17:00+02:00,4740.11,23891.56,19311.77,58482.04,25.25
2020-08-14T18:00+02:00,6052.3,23862.79,16009.48,58246.25,25.25
2020-08-14T19:00+02:00,7773.72,24052.83,12402.7,56912.12,25.25
2020-08-14T20:00+02:00,6697.23,23843.13,10797.61,54888.1,25.25
2020-08-14T21:00+02:00,6276.45,23643.49,10651.72,52826.92,25.25
2020-08-14T22:00+02:00,5586.4,23069.95,10720.5,49227.28,25.25
2020-08-14T23:00+02:00,3747.87,22239.46,10527.47,45628.62,25.25
2020-08-15T00:00+02:00,2337.74,20817.8,10409.8,42416.72,25.25
2020-08-15T01:00+02:00,1658.08,20123.45,9939.41,40321.2,25.25
2020-08-15T02:00+02:00,2054.17,19489.87,9576.39,38881.07,25.25
2020-08-15T03:00+02:00,3565.29,19304.18,9200.81,38386.85,25.25
2020-08-15T04:00+02:00,3631.83,19209.55,9130.46,38229.4,25.25
2020-08-15T05:00+02:00,3018.75,19222.32,9233.41,38892.66,25.25
2020-08-15T06:00+02:00,3942.24,19086.61,9933.58,40067.12,25.25
2020-08-15T07:00+02:00,3319.69,19539.57,12013.42,42943.04,25.25
2020-08-15T08:00+02:00,3192.84,19101.85,15219.8,46500.96,25.25
2020-08-15T09:00+02:00,2653.72,19018.75,19193.55,49482.28,25.25
2020-08-15T10:00+02:00,1606.24,18419.9,23867.04,51325.26,25.25
2020-08-15T11:00+02:00,161.68,17461.21,27449.44,52826.12,25.25
2020-08-15T12:00+02:00,-2280.98,17410.68,29361.21,52647.03,25.25
2020-08-15T13:00+02:00,-2400.06,17371.44,29645.88,51567.13,25.25
2020-08-15T14:00+02:00,-2420.71,17627.41,28263.62,50285.83,25.25
2020-08-15T15:00+02:00,-1955.31,17654.9,26319.37,49367.67,25.25
2020-08-15T16:00+02:00,389.58,17884.96,23584.95,48415.8,25.25
2020-08-15T17:00+02:00,1750.82,19240.25,19976.09,48752.56,25.25
2020-08-15T18:00+02:00,1822.66,20814.92,16224.42,48840.35,25.25
2020-08-15T19:00+02:00,2453.67,21220.41,13014.68,48081.87,25.25
2020-08-15T20:00+02:00,1555.24,21330.62,11391.24,46476.42,25.25
2020-08-15T21:00+02:00,782.68,21401.74,11542.81,45923.22,25.25
2020-08-15T22:00+02:00,6.91,21205.61,11830.98,43990.5,25.25
2020-08-15T23:00+02:00,639.42,20524.97,11669.49,41188.01,25.25
2020-08-16T00:00+02:00,653.42,18537.91,11336.69,38924.27,25.25
2020-08-16T01:00+02:00,645.55,17745.33,11224.48,37448.88,25.25
2020-08-16T02:00+02:00,1142.73,16921.3,10920.29,36181.1,25.25
2020-08-16T03:00+02:00,2319.3,16220.69,10558.51,35538.68,25.25
2020-08-16T04:00+02:00,3146.8,15949.02,10497.71,35275.37,25.25
2020-08-16T05:00+02:00,3410.07,15887.06,10743.22,35817.14,25.25
2020-08-16T06:00+02:00,2039.8,15887.35,11713.38,36070.71,25.25
2020-08-16T07:00+02:00,538.15,15961.21,14435.25,37905.31,25.25
2020-08-16T08:00+02:00,-1451.44,15771.1,18579.92,41192.43,25.25
2020-08-16T09:00+02:00,-3996.57,15744.77,24162.02,44385.82,25.25
2020-08-16T10:00+02:00,-5146.16,15004.11,31060.45,47075.7,25.25
2020-08-16T11:00+02:00,-5934.45,13991.36,36948.45,49639.23,25.25
2020-08-16T12:00+02:00,-8546.14,13278.39,39768.1,49733.08,25.25
2020-08-16T13:00+02:00,-9954.71,13281.83,39676.02,48139.22,25.25
2020-08-16T14:00+02:00,-9742.31,13500.09,38233.13,46841.38,25.25
2020-08-16T15:00+02:00,-7154.77,13561.67,34973.8,46289.89,25.25
2020-08-16T16:00+02:00,-5408.28,14354.62,30577.41,45678.73,25.25
2020-08-16T17:00+02:00,-3626.94,16782.61,25192.94,46796.66,25.25
2020-08-16T18:00+02:00,-809.12,19682.56,19763.76,47448.77,25.25
2020-08-16T19:00+02:00,-452.01,20774.85,16046.65,47401.66,25.25
2020-08-16T20:00+02:00,98.45,20970.09,15822.6,47143.4,25.25
2020-08-16T21:00+02:00,-1487.91,20873.73,17763.45,47631.82,25.25
2020-08-16T22:00+02:00,-3579.17,20580.81,19324.4,46082.77,25.25
2020-08-16T23:00+02:00,-4785.37,19935.58,19347.47,43206.42,25.25
2020-08-17T00:00+02:00,-3251.35,18027.44,18986.75,41255.11,25.25
2020-08-17T01:00+02:00,-3199.08,17503.16,17824.95,39304.25,25.25
2020-08-17T02:00+02:00,-1762.27,17716.17,15910.14,37991.63,25.25
2020-08-17T03:00+02:00,-822.54,18085.34,14497.04,38235.41,25.25
2020-08-17T04:00+02:00,97.16,18588.29,13956,40139.33,25.25
2020-08-17T05:00+02:00,1942.04,20386.37,13315.34,43607.31,25.25
2020-08-17T06:00+02:00,4454.63,23304.99,13025.15,50580.33,25.25
2020-08-17T07:00+02:00,4603.33,25200.8,15118.54,56811.87,25.25
2020-08-17T08:00+02:00,3537.38,26116.91,17577.95,60353.56,25.25
2020-08-17T09:00+02:00,2194.27,26379.17,20610.53,62023.55,25.25
2020-08-17T10:00+02:00,2118.07,25480.57,24167.76,63262.98,25.25
2020-08-17T11:00+02:00,1290.36,25334.67,26511.04,64949.36,25.25
2020-08-17T12:00+02:00,151.28,25030.21,28411.04,64787.86,25.25
2020-08-17T13:00+02:00,632.63,24548.96,28935,63932.32,25.25
2020-08-17T14:00+02:00,-616.89,24703.45,28399.45,62455.77,25.25
2020-08-17T15:00+02:00,141.43,25538.05,26412.52,61473.56,25.25
2020-08-17T16:00+02:00,1207.71,25597.56,23788.91,60845.04,25.25
2020-08-17T17:00+02:00,2113.31,25738.91,20024.32,60685.83,25.25
2020-08-17T18:00+02:00,4453.53,26048.81,16414.63,60912.35,25.25
2020-08-17T19:00+02:00,5369.59,26208.86,13624.15,60080.67,25.25
2020-08-17T20:00+02:00,4808.12,26333.72,12292.98,57903.74,25.25
2020-08-17T21:00+02:00,3250.18,26338.37,11521.95,56187.81,25.25
2020-08-17T22:00+02:00,1868.31,26191.46,10990.21,51561.1,25.25
2020-08-17T23:00+02:00,1595.83,25694.65,10794.47,47192.25,25.25
2020-08-18T00:00+02:00,2029.54,25413.56,10637.4,44888.53,25.25
2020-08-18T01:00+02:00,3894.31,24514.65,10468.12,43629.7,25.25
2020-08-18T02:00+02:00,3495.47,23927.98,10702.33,42246.52,25.25
2020-08-18T03:00+02:00,4422.17,23724.19,10787.15,42212.26,25.25
2020-08-18T04:00+02:00,4201.08,23744.53,11004.55,43370.54,25.25
2020-08-18T05:00+02:00,5523.97,24591.78,11168.05,46507.69,25.25
2020-08-18T06:00+02:00,5968.77,25803.91,11801.18,52874.34,25.25
2020-08-18T07:00+02:00,5770.21,26331.89,13571.69,58033.09,25.25
2020-08-18T08:00+02:00,5483.89,26077.1,16876.42,61535.42,25.25
2020-08-18T09:00+02:00,3862.16,25923.07,21535.71,62970.66,25.25
2020-08-18T10:00+02:00,1626.16,25498.34,26753.87,64101.69,25.25
2020-08-18T11:00+02:00,-773.74,25589.09,30430.88,65253.06,25.25
2020-08-18T12:00+02:00,-2789.98,25563.21,31858.92,64734.07,25.25
2020-08-18T13:00+02:00,-3493.99,25508.67,32541.72,63696.89,25.25
2020-08-18T14:00+02:00,-3026.68,24865.33,31266.91,62005.32,25.25
2020-08-18T15:00+02:00,-2153.63,24798.54,29139.62,60979.36,25.25
2020-08-18T16:00+02:00,-521.3,25420.2,26283.22,60016.87,25.25
2020-08-18T17:00+02:00,2456.7,25947.59,21088.34,59989.14,25.25
2020-08-18T18:00+02:00,4555.22,26184.25,16024.16,59931.19,25.25
2020-08-18T19:00+02:00,5998.5,26268.58,11951.53,58566.63,25.25
2020-08-18T20:00+02:00,6383.86,26349.92,10205.88,56768.72,25.25
2020-08-18T21:00+02:00,5428.88,26340.16,9866.23,55216.42,25.25
2020-08-18T22:00+02:00,4248.62,26052.62,9385.38,50871.84,25.25
2020-08-18T23:00+02:00,2364.68,25937.88,9260.05,46885.74,25.25
2020-08-19T00:00+02:00,1693.98,25420.26,9076.83,44189.43,25.25
2020-08-19T01:00+02:00,2942.12,24974.76,8908.3,42939.69,25.25
2020-08-19T02:00+02:00,4179.88,24040.62,8794.36,42172.51,25.25
2020-08-19T03:00+02:00,4769.07,23682.16,8936.59,42099.4,25.25
2020-08-19T04:00+02:00,5241.42,23670.17,9232.41,42979.44,25.25
2020-08-19T05:00+02:00,6130.6,24298.69,9398.17,46490.59,25.25
2020-08-19T06:00+02:00,6595.52,25666.67,9944.43,52688.98,25.25
2020-08-19T07:00+02:00,6684.1,25833.47,12721.96,57818.32,25.25
2020-08-19T08:00+02:00,4504.36,25953.46,18100.16,61236.67,25.25
2020-08-19T09:00+02:00,1880.64,25444.99,24874.31,62309.04,25.25
2020-08-19T10:00+02:00,-1782.7,24423.7,30816.22,63169.04,25.25
2020-08-19T11:00+02:00,-4022.08,24004.99,33918.29,63961.93,25.25
2020-08-19T12:00+02:00,-4216.7,23918.15,34518.58,63714.86,25.25
2020-08-19T13:00+02:00,-2679.35,23138.09,34104.24,63550.98,25.25
2020-08-19T14:00+02:00,-2422.54,23352.96,32618.14,62130.78,25.25
2020-08-19T15:00+02:00,-2224.75,23501.63,30022.24,60399.13,25.25
2020-08-19T16:00+02:00,-958.52,23968.22,26449.89,59595.33,25.25
2020-08-19T17:00+02:00,4028.84,24678.34,21299.24,60103.31,25.25
2020-08-19T18:00+02:00,5148.27,25747.82,15836.34,59802.49,25.25
2020-08-19T19:00+02:00,6010.16,25891.07,11930.56,58846.69,25.25
2020-08-19T20:00+02:00,6551.62,25922.38,11349.55,57159.74,25.25
2020-08-19T21:00+02:00,6010.96,25818.61,12695.17,55343.35,25.25
2020-08-19T22:00+02:00,1338.07,25473.59,14809.69,51101.98,25.25
2020-08-19T23:00+02:00,-1579.36,23960.58,16954.11,47344.31,25.25
2020-08-20T00:00+02:00,-679.98,21044.74,18618.25,44869.35,25.25
2020-08-20T01:00+02:00,-30.79,19522.72,19750.81,43983.06,25.25
2020-08-20T02:00+02:00,804.15,18473.28,20083.98,43252.39,25.25
2020-08-20T03:00+02:00,2216.88,17838.25,19797.79,43109.51,25.25
2020-08-20T04:00+02:00,2234.57,18237.68,18180.3,44143.94,25.25
2020-08-20T05:00+02:00,2216.49,20741.67,17241.36,46957.42,25.25
2020-08-20T06:00+02:00,3655.17,22705.7,18059.14,53130.98,25.25
2020-08-20T07:00+02:00,3968.79,23970.16,19544.21,58071.22,25.25
2020-08-20T08:00+02:00,1708.17,24471.39,21600.2,61330.37,25.25
2020-08-20T09:00+02:00,1444.63,24410.71,24987.15,62505.88,25.25
2020-08-20T10:00+02:00,772.39,23732.18,30866.13,64439.67,25.25
2020-08-20T11:00+02:00,-1950.1,23121.15,36782.32,65766.08,25.25
2020-08-20T12:00+02:00,-4704.13,22907.26,39326.3,65933.08,25.25
2020-08-20T13:00+02:00,-6714.1,22662.64,39018.8,64727.56,25.25
2020-08-20T14:00+02:00,-5788.58,22463.42,37152.13,63594.58,25.25
2020-08-20T15:00+02:00,-4035.76,22965.21,33307.17,62613.43,25.25
2020-08-20T16:00+02:00,-2396.73,24398.33,28524.54,61337.22,25.25
2020-08-20T17:00+02:00,3539.78,25145.99,22229.39,61306.11,25.25
2020-08-20T18:00+02:00,5328.81,25608.52,16356.26,60904.15,25.25
2020-08-20T19:00+02:00,7237.42,25770.89,12159.71,59976.69,25.25
2020-08-20T20:00+02:00,6157.61,25931.71,11778.83,58045.8,25.25
2020-08-20T21:00+02:00,4401.42,25839.3,13762.04,56092.59,25.25
2020-08-20T22:00+02:00,320.47,25305.7,16564.89,52122.28,25.25
2020-08-20T23:00+02:00,-3357.28,24189.38,19419.51,48785.98,25.25
2020-08-21T00:00+02:00,-3170.74,20828.04,22070.13,46177.73,25.25
2020-08-21T01:00+02:00,-2587.52,17891.67,23764.42,45207.36,25.25
2020-08-21T02:00+02:00,-722.22,16617.23,23389.72,44293.4,25.25
2020-08-21T03:00+02:00,-293.04,16579.44,23409.5,43607.52,25.25
2020-08-21T04:00+02:00,1122.91,16427.17,24559.58,44756.8,25.25
2020-08-21T05:00+02:00,414,17347.18,24454.38,48099.73,25.25
2020-08-21T06:00+02:00,1004.89,19370.88,25347.93,53575.68,25.25
2020-08-21T07:00+02:00,2976.46,20030.49,28969.82,58959.83,25.25
2020-08-21T08:00+02:00,-756.98,20065.01,32497.31,62632.75,25.25
2020-08-21T09:00+02:00,-4157.21,20229.94,35236.8,64791.39,25.25
2020-08-21T10:00+02:00,-4236.05,19861.23,38650.22,66054.55,25.25
2020-08-21T11:00+02:00,-3901.6,19429.84,41636.02,67202.2,25.33
2020-08-21T12:00+02:00,-5050.14,18307.86,44061.16,65773.46,25.36
2020-08-21T13:00+02:00,-4959.07,17744.68,45076.5,65326.24,25.36
2020-08-21T14:00+02:00,-5173.08,17069.64,44330.87,64281.22,25.36
2020-08-21T15:00+02:00,-5227.45,17369.37,41887.78,62489.56,25.36
2020-08-21T16:00+02:00,-3326.18,18277.7,36838.31,61302.98,25.36
2020-08-21T17:00+02:00,64.35,20161.54,30873.96,60692.04,25.36
2020-08-21T18:00+02:00,4497.62,20564.54,24320.91,59961.31,25.36
2020-08-21T19:00+02:00,5843.67,20693.19,19974.39,58654.79,25.36
2020-08-21T20:00+02:00,4616.98,20660.95,18761.18,56547.92,25.36
2020-08-21T21:00+02:00,2546.33,20565.86,18287.28,53813.28,25.36
2020-08-21T22:00+02:00,364.6,20274.69,18053.92,49955.58,25.36
2020-08-21T23:00+02:00,-131.25,19557.43,17852.21,46396.24,25.36
2020-08-22T00:00+02:00,-1443.28,17583.64,17850.04,43555.44,25.36
2020-08-22T01:00+02:00,-376.66,15460.07,17852.36,41911.43,25.36
2020-08-22T02:00+02:00,878.07,13699.59,18048.79,40887.12,25.36
2020-08-22T03:00+02:00,1884.24,12050.94,18574.94,40379.34,25.36
2020-08-22T04:00+02:00,2015.74,11918.59,20022.7,40352.37,25.36
2020-08-22T05:00+02:00,1739.52,11496.59,20865.57,41086.41,25.36
2020-08-22T06:00+02:00,1667.3,11332.73,23209.49,42939.92,25.36
2020-08-22T07:00+02:00,808.64,12031.05,25165.09,45366.51,25.36
2020-08-22T08:00+02:00,-992.97,12578.38,27259.3,48506.07,25.36
2020-08-22T09:00+02:00,-1811.05,12716.81,29997.09,51779.76,25.36
2020-08-22T10:00+02:00,-3002.94,12653.49,35142.76,54101.12,25.36
2020-08-22T11:00+02:00,-4069.72,11639.79,40309.81,55677.96,25.36
2020-08-22T12:00+02:00,-6012.39,10773.53,43499.1,55247.16,25.36
2020-08-22T13:00+02:00,-6831.75,10190.54,45080.49,53663.93,25.36
2020-08-22T14:00+02:00,-7618.96,10250.64,45644.39,52378.07,25.36
2020-08-22T15:00+02:00,-6983.05,9759.94,45922.62,51616.11,25.36
2020-08-22T16:00+02:00,-6851.82,10176.33,43024.05,50952.96,25.36
2020-08-22T17:00+02:00,-6007.8,11534.12,38626.4,51626.72,25.36
2020-08-22T18:00+02:00,-2912.09,12483.17,33316.78,51833.57,25.36
2020-08-22T19:00+02:00,-1022.16,13632.97,26537.17,50013.32,25.36
2020-08-22T20:00+02:00,-2050.63,13932.53,24066.43,48475.11,25.36
2020-08-22T21:00+02:00,-2541.22,13854.24,23832.69,47306.78,25.36
2020-08-22T22:00+02:00,-4340.72,13576.18,25078.44,44748.37,25.36
2020-08-22T23:00+02:00,-3830.17,12638.38,25253.86,42487.53,25.36
2020-08-23T00:00+02:00,-4910.41,11511.41,24966.46,39934.06,25.36
2020-08-23T01:00+02:00,-3797.34,10254.67,24308.54,38790.85,25.36
2020-08-23T02:00+02:00,-4178.28,10031.64,23273.25,37109.95,25.36
2020-08-23T03:00+02:00,-3443,10090.39,23106.94,36540.66,25.36
2020-08-23T04:00+02:00,-2690.88,9504.73,23258.56,36523.48,25.36
2020-08-23T05:00+02:00,-2156.48,9351.16,23869.09,36809.96,25.36
2020-08-23T06:00+02:00,-3535.54,9353.25,24609.93,37445.19,25.36
2020-08-23T07:00+02:00,-5212.41,9778.68,26328.59,39169.81,25.36
2020-08-23T08:00+02:00,-5846.12,9586.24,31627.18,42745.75,25.36
2020-08-23T09:00+02:00,-9277.69,8709.63,40429.5,46518.62,25.36
2020-08-23T10:00+02:00,-12129.24,8560.83,46776.44,49642.88,25.36
2020-08-23T11:00+02:00,-12726,8275.16,50217.47,51986.12,25.36
2020-08-23T12:00+02:00,-13855.1,8090.77,51248.44,51131.92,25.36
2020-08-23T13:00+02:00,-14480.07,8146.71,51482.37,49274.34,25.36
2020-08-23T14:00+02:00,-14976.82,8288.33,50337.68,48257.78,25.36
2020-08-23T15:00+02:00,-13548.87,8322.52,47931.26,47637.4,25.36
2020-08-23T16:00+02:00,-11514.2,9046.11,45272.93,47310.76,25.36
2020-08-23T17:00+02:00,-9555.3,11160.49,39932.87,48109.17,25.36
2020-08-23T18:00+02:00,-6974.41,14048.81,32846.55,48728.68,25.36
2020-08-23T19:00+02:00,-4508.16,16113.6,25520.12,48012.63,25.36
2020-08-23T20:00+02:00,-3009.95,16878.97,21925.26,47448.23,25.36
2020-08-23T21:00+02:00,-3627.33,17095.59,20926.59,46895.84,25.36
2020-08-23T22:00+02:00,-4939.48,17579.45,20162.49,45106.3,25.36
2020-08-23T23:00+02:00,-4783.78,17196.15,18969.63,42713.6,25.36
2020-08-24T00:00+02:00,-3480.81,16435.58,18217.87,40891.15,25.36
2020-08-24T01:00+02:00,-2375.9,15824.33,17671.6,39810.33,25.36
2020-08-24T02:00+02:00,-922.48,15222.14,17258.5,39173.34,25.36
2020-08-24T03:00+02:00,-319.87,15779.69,16006.91,38880.69,25.36
2020-08-24T04:00+02:00,-925.9,17118.98,15405.27,40050.75,25.36
2020-08-24T05:00+02:00,-391.28,19330.07,15421.12,43652.9,25.36
2020-08-24T06:00+02:00,2844.14,21652.36,15461.31,50624.45,25.36
2020-08-24T07:00+02:00,3268.55,23716.11,17302.11,56331.34,25.36
2020-08-24T08:00+02:00,1283.43,24585.52,20625.12,60062.51,25.36
2020-08-24T09:00+02:00,-2156.77,24453.39,25270.36,61343.46,25.36
2020-08-24T10:00+02:00,-3732.06,24553.67,30338.25,63479.14,25.36
2020-08-24T11:00+02:00,-4418.74,24439.64,33817.8,64653.4,25.36
2020-08-24T12:00+02:00,-7360.57,24906.63,34688.03,64371.16,25.36
2020-08-24T13:00+02:00,-7899.58,24981.97,34258.07,63769.46,25.36
2020-08-24T14:00+02:00,-8393.96,25048.36,34210.96,62306.07,25.36
2020-08-24T15:00+02:00,-7547.93,24964.71,34283.56,61376.79,25.36
2020-08-24T16:00+02:00,-6781.18,25287.97,31426.28,59926.6,25.36
2020-08-24T17:00+02:00,-4057.07,25704.42,27474.64,59498.99,25.36
2020-08-24T18:00+02:00,-885.53,25769.47,22662.43,59571.26,25.36
2020-08-24T19:00+02:00,-242.41,26332.36,17695.31,58727.84,25.36
2020-08-24T20:00+02:00,165.41,26412.64,15290.85,56912.89,25.36
2020-08-24T21:00+02:00,-141.69,26506.07,14499.58,54723.38,25.36
2020-08-24T22:00+02:00,-2367.92,26108,14374.74,50458.06,25.36
2020-08-24T23:00+02:00,-3439.7,25443.77,14331.77,46634.27,25.36
2020-08-25T00:00+02:00,-4863.49,24812.13,13411.05,44217.09,25.36
2020-08-25T01:00+02:00,-4849.03,24456.21,12824.88,42838.34,25.36
2020-08-25T02:00+02:00,-2893.12,24272.76,12067.05,42178.14,25.36
2020-08-25T03:00+02:00,-1227.54,24011.31,11595.85,42182.8,25.36
2020-08-25T04:00+02:00,313.73,23950.49,11233.85,43262.37,25.36
2020-08-25T05:00+02:00,1067.97,24920.97,10923.07,46850.82,25.36
2020-08-25T06:00+02:00,4710.39,25677.67,10996.06,53329.74,25.36
2020-08-25T07:00+02:00,5068.1,25835.2,14031.58,57986.9,25.36
2020-08-25T08:00+02:00,3206.09,25669.65,19956.86,61449.81,25.36
2020-08-25T09:00+02:00,-1697.32,25447.85,26041.27,62692.27,25.36
2020-08-25T10:00+02:00,-4336.93,24996.73,31638.34,63560.74,25.36
2020-08-25T11:00+02:00,-6130.72,24519.35,35368.46,65258.71,25.36
2020-08-25T12:00+02:00,-6909.79,24078.75,37486.43,65529.88,25.36
2020-08-25T13:00+02:00,-6803.93,23227.44,38167.59,64261.71,25.36
2020-08-25T14:00+02:00,-7776.98,22957.48,36291.9,62907.82,25.36
2020-08-25T15:00+02:00,-7545.22,23485.18,34578.49,61748.36,25.36
2020-08-25T16:00+02:00,-4573.87,22611.19,33545.94,60944.33,25.36
2020-08-25T17:00+02:00,-3787.38,22751.81,32329.03,61039.76,25.36
2020-08-25T18:00+02:00,-4027.71,23644.12,29885.25,61083.69,25.36
2020-08-25T19:00+02:00,-4885.76,24170.06,28082,60696.65,25.36
2020-08-25T20:00+02:00,-5278.6,23999.51,28731.53,59035.99,25.36
2020-08-25T21:00+02:00,-6409.38,22512.24,31979.66,56395.8,25.36
2020-08-25T22:00+02:00,-7420.62,19196.17,34282.74,52979.93,25.36
2020-08-25T23:00+02:00,-6915.68,13702.98,36017.57,49219.02,25.36
2020-08-26T00:00+02:00,-7477.43,10092.42,37483.17,46450.64,25.36
2020-08-26T01:00+02:00,-8017.4,9066,38731.07,45615.07,25.36
2020-08-26T02:00+02:00,-8775.76,8730.2,39372.66,45014.84,25.36
2020-08-26T03:00+02:00,-10131.81,8697.48,39894.44,45281,25.36
2020-08-26T04:00+02:00,-10295,9034.79,40242.23,46489.64,25.36
2020-08-26T05:00+02:00,-9522.29,9701.31,40602.3,49942.44,25.36
2020-08-26T06:00+02:00,-7770.88,11436.72,42426.13,56133.9,25.36
2020-08-26T07:00+02:00,-7219.94,11953.77,45500.85,61666.38,25.36
2020-08-26T08:00+02:00,-8330.31,11098.75,51682.42,65370.59,25.36
2020-08-26T09:00+02:00,-12344.91,10075.12,58845.97,67426.1,25.36
2020-08-26T10:00+02:00,-11934.98,9355.03,62523.46,68569.7,25.36
2020-08-26T11:00+02:00,-12205.53,9188.01,64554.32,69420.6,25.36
2020-08-26T12:00+02:00,-12974.16,9085.31,65627.64,69839.45,25.36
2020-08-26T13:00+02:00,-13049.52,8912.74,66982.54,68502.12,25.36
2020-08-26T14:00+02:00,-12754.87,8624.07,66178.54,66847.71,25.36
2020-08-26T15:00+02:00,-11314.45,8822.3,63901.52,65576.43,25.36
2020-08-26T16:00+02:00,-11167.05,9371.08,61362.97,65352.17,25.36
2020-08-26T17:00+02:00,-11409.53,10184.76,57210.89,64539.48,25.36
2020-08-26T18:00+02:00,-9341.6,11357.51,52384.3,64311.79,25.36
2020-08-26T19:00+02:00,-8637.48,12480.34,48337.55,63608.99,25.36
2020-08-26T20:00+02:00,-8366.06,12284.33,45769.26,62183.9,25.36
2020-08-26T21:00+02:00,-8467.94,11931.73,43490.4,59001.2,25.36
2020-08-26T22:00+02:00,-8525.16,11753.09,41191.18,53995.14,25.36
2020-08-26T23:00+02:00,-8456.65,10983.21,39512.76,50249.4,25.36
2020-08-27T00:00+02:00,-8484.08,11126.72,38441.55,47720.06,25.36
2020-08-27T01:00+02:00,-8398.69,11745.09,36659.06,45893.68,25.36
2020-08-27T02:00+02:00,-7633.64,12359.95,33675.45,44629.92,25.36
2020-08-27T03:00+02:00,-6564.3,13833.52,31043.5,44691.6,25.36
2020-08-27T04:00+02:00,-4269.75,15377.1,29799.32,46092.62,25.36
2020-08-27T05:00+02:00,-5241.79,18037.29,27932.3,49314.65,25.36
2020-08-27T06:00+02:00,-5403.26,22183.21,27421.15,55397.74,25.36
2020-08-27T07:00+02:00,-2273.05,23391.26,28293.38,60306.03,25.36
2020-08-27T08:00+02:00,-4662.61,23890.97,32068.72,63403.32,25.36
2020-08-27T09:00+02:00,-8089.04,23725.73,36558.85,64631.28,25.36
2020-08-27T10:00+02:00,-9556.32,23276.11,39788.05,66018.94,25.36
2020-08-27T11:00+02:00,-10423.02,24354.95,39794.92,66807.28,25.36
2020-08-27T12:00+02:00,-9098.95,24470.15,37829.03,65756.17,25.36
2020-08-27T13:00+02:00,-7440.58,24754.96,35489.16,64481.42,25.36
2020-08-27T14:00+02:00,-6613.63,24915.75,32918.42,62972.58,25.36
2020-08-27T15:00+02:00,-4848.72,25088.37,30280.85,61584.2,25.36
2020-08-27T16:00+02:00,-4040.21,25129.84,26994.8,60202.22,25.36
2020-08-27T17:00+02:00,817.19,25433.98,21949.69,60046.08,25.36
2020-08-27T18:00+02:00,3391.88,26548.14,15397.5,59627.69,25.36
2020-08-27T19:00+02:00,7328.54,26957.39,10328.63,58831.26,25.36
2020-08-27T20:00+02:00,7250.55,26656.6,9610.85,57582.63,25.36
2020-08-27T21:00+02:00,4415.01,26164.27,11186.85,54338.32,25.36
2020-08-27T22:00+02:00,1684.17,24863.34,12712.86,50347.81,25.36
2020-08-27T23:00+02:00,-2368.98,24093.96,14479.58,46311.98,25.36
2020-08-28T00:00+02:00,-3458.64,22301.79,16865.92,43997.41,25.36
2020-08-28T01:00+02:00,-4547.14,20952.25,19016.48,42698.47,25.36
2020-08-28T02:00+02:00,-4602.97,19076.16,21126.05,41903.31,25.36
2020-08-28T03:00+02:00,-4942.75,18272.66,23289.94,42268.94,25.36
2020-08-28T04:00+02:00,-5567.58,18399.48,24937.19,43120,25.36
2020-08-28T05:00+02:00,-6826.18,20562.04,26221.77,47141.24,25.36
2020-08-28T06:00+02:00,-5238.17,22392.94,26666.37,53616.45,25.36
2020-08-28T07:00+02:00,-4241.66,23565.25,27168.73,58472.56,25.36
2020-08-28T08:00+02:00,-5627.41,23970.1,28809.95,61263.35,25.36
2020-08-28T09:00+02:00,-6162.34,24032.69,32349.15,63065.58,25.36
2020-08-28T10:00+02:00,-7246.64,24011.88,35479.46,64796.78,25.36
2020-08-28T11:00+02:00,-8030.27,23436.66,38841.81,65736.52,28.46
2020-08-28T12:00+02:00,-8004.05,22417.22,40394.36,65192.01,29.5
2020-08-28T13:00+02:00,-9003.6,22319.38,39173.73,63480.17,29.5
2020-08-28T14:00+02:00,-7807.12,22306.14,37359.3,61046.94,29.5
2020-08-28T15:00+02:00,-4500.65,22088,33400.32,59987.16,29.5
2020-08-28T16:00+02:00,-2910.87,22586.38,29138.13,58969.08,29.5
2020-08-28T17:00+02:00,-364.35,22766.02,23533.9,58706.52,29.5
2020-08-28T18:00+02:00,2050.45,22808.24,19242.15,58178.51,29.5
2020-08-28T19:00+02:00,4128.32,22860.37,16067.16,57118.87,29.5
2020-08-28T20:00+02:00,3389.2,23086.16,15476.78,55521.48,29.5
2020-08-28T21:00+02:00,2276.06,23105.81,15342.17,52543.4,29.5
2020-08-28T22:00+02:00,-147.32,22354.83,15379.15,48654.66,29.5
2020-08-28T23:00+02:00,-2622.61,21259.21,16187.1,45145.3,29.5
2020-08-29T00:00+02:00,-3235.57,19957.79,16400.26,42396.21,29.5
2020-08-29T01:00+02:00,-936.41,17906.84,17274.94,40668.46,29.5
2020-08-29T02:00+02:00,-712.75,16643.3,18099.79,39668.25,29.5
2020-08-29T03:00+02:00,1255.51,15685.43,18668.77,39405.61,29.5
2020-08-29T04:00+02:00,-16.06,15795.26,18125.32,38895.18,29.5
2020-08-29T05:00+02:00,-114.94,16404.67,17342.53,39189.06,29.5
2020-08-29T06:00+02:00,-157.55,16705.04,17547.27,40971.24,29.5
2020-08-29T07:00+02:00,-2341.48,17838.92,18702.07,43589.36,29.5
2020-08-29T08:00+02:00,-1871.88,18523.1,20926.9,47259.34,29.5
2020-08-29T09:00+02:00,-3089.28,18628.43,24734.49,50406.21,29.5
2020-08-29T10:00+02:00,-4646.68,18189.71,29034.21,52887.9,29.5
2020-08-29T11:00+02:00,-6705.9,17825.76,33397.28,54280.12,29.5
2020-08-29T12:00+02:00,-7406.51,16319.59,34991.43,54314.68,29.5
2020-08-29T13:00+02:00,-8617.29,15941.1,34181.02,52201.02,29.5
2020-08-29T14:00+02:00,-7309.44,15845.13,32255.92,51202.08,29.5
2020-08-29T15:00+02:00,-6285.07,16992.04,29070.6,49751.8,29.5
2020-08-29T16:00+02:00,-3910.88,17257.89,25150.56,48968.38,29.5
2020-08-29T17:00+02:00,-2554.84,19090.16,21216.17,49452.02,29.5
2020-08-29T18:00+02:00,906.94,19937.76,17093.63,49760.54,29.5
2020-08-29T19:00+02:00,774.68,21036.02,13273.37,48843.31,29.5
2020-08-29T20:00+02:00,171.72,21314.78,11716.03,47786.29,29.5
2020-08-29T21:00+02:00,9.86,21241.79,11367.1,45724.36,29.5
2020-08-29T22:00+02:00,-1165.49,21152.88,11075.21,43029.44,29.5
2020-08-29T23:00+02:00,-1850.42,20534.95,10629.83,40094.69,29.5
2020-08-30T00:00+02:00,-1482.66,19686.49,10025.91,37815.41,29.5
2020-08-30T01:00+02:00,-452.91,18236.44,9768.21,36391.78,29.5
2020-08-30T02:00+02:00,553.15,17094.94,9498.97,35469.38,29.5
2020-08-30T03:00+02:00,2045.57,16500.85,9482.85,35062.94,29.5
2020-08-30T04:00+02:00,2391.49,16273.35,9572.43,35193.51,29.5
2020-08-30T05:00+02:00,3305.16,16268.6,9653.68,35884.55,29.5
2020-08-30T06:00+02:00,2115.1,16299.28,9764.91,36423.04,29.5
2020-08-30T07:00+02:00,1602.01,16099.66,11235.78,37480.12,29.5
2020-08-30T08:00+02:00,1400.64,16348.59,14009.1,40498.51,29.5
2020-08-30T09:00+02:00,215.58,16632.88,17374.66,43737.6,29.5
2020-08-30T10:00+02:00,-575.16,16984.3,19885.97,46581.4,29.5
2020-08-30T11:00+02:00,-332.97,17559.33,21564.09,48790.68,29.5
2020-08-30T12:00+02:00,-914.63,17413.77,23004.46,48764.62,29.5
2020-08-30T13:00+02:00,-284.75,16153.05,23063.28,47460.07,29.5
2020-08-30T14:00+02:00,271.85,15980.4,23154.12,46367.82,29.5
2020-08-30T15:00+02:00,1205.81,15718.64,23002.24,45869.09,29.5
2020-08-30T16:00+02:00,1759.99,16009.75,22525.44,45940.83,29.5
2020-08-30T17:00+02:00,148.22,16786.58,21617.72,46960.15,29.5
2020-08-30T18:00+02:00,-2018.82,19072.05,20346.17,47689.67,29.5
2020-08-30T19:00+02:00,-3772.02,20802.95,19265.14,47625.08,29.5
2020-08-30T20:00+02:00,-5001.82,21344.83,19227.36,47593.82,29.5
2020-08-30T21:00+02:00,-6649.1,21296.16,20247.79,46071.43,29.5
2020-08-30T22:00+02:00,-5966.66,20050.94,20229.51,44164.04,29.5
2020-08-30T23:00+02:00,-5837.83,18127.85,20189.26,41801.38,29.5
2020-08-31T00:00+02:00,-4223.09,16071.38,19286.22,40004.82,29.5
2020-08-31T01:00+02:00,-3698.2,15656.06,17910.85,38799.19,29.5
2020-08-31T02:00+02:00,-2572.33,15855.04,16544.67,38283.72,29.5
2020-08-31T03:00+02:00,-122.99,15544.23,15498.12,38526.49,29.5
2020-08-31T04:00+02:00,459.18,16506.33,14926.43,40506.31,29.5
2020-08-31T05:00+02:00,-635.45,20549.54,14775.04,45003.76,29.5
2020-08-31T06:00+02:00,1914.52,25145.73,14709.82,53441.11,29.5
2020-08-31T07:00+02:00,2196.98,27328.92,15170.88,58328.44,29.5
2020-08-31T08:00+02:00,718.57,28427.35,16776.36,61488.96,29.5
2020-08-31T09:00+02:00,-603.27,28774.32,19295.31,62256.05,29.5
2020-08-31T10:00+02:00,-758.42,28626.2,22031.25,63586.08,29.5
2020-08-31T11:00+02:00,-1260.78,28132.5,24910.85,65047.88,29.5
2020-08-31T12:00+02:00,-2926.52,27999.55,27185.33,64853.07,29.5
2020-08-31T13:00+02:00,-4317.82,28138.41,27917.2,63922.65,29.5
2020-08-31T14:00+02:00,-5389.6,28355.04,26539.61,62500.38,29.5
2020-08-31T15:00+02:00,-5088.92,28727.03,24265.67,60927.5,29.5
2020-08-31T16:00+02:00,-2224.52,28690.93,21236.89,59675.44,29.5
2020-08-31T17:00+02:00,-146.02,29179.44,17259.88,60037.04,29.5
2020-08-31T18:00+02:00,1735.16,29485.47,13485.61,59744.61,29.5
2020-08-31T19:00+02:00,3075.51,29605.05,10964.39,59458.74,29.5
2020-08-31T20:00+02:00,1721.06,29425.4,10271.41,58548.94,29.5
2020-08-31T21:00+02:00,350.09,29355.35,10332.77,55166.61,29.5
2020-08-31T22:00+02:00,601.1,28587.8,10517.95,50794.46,29.5
2020-08-31T23:00+02:00,-1361.98,27728.48,10533.83,46767.94,29.5
2020-09-01T00:00+02:00,-1660.58,27253.55,10684.29,44027.38,29.5
2020-09-01T01:00+02:00,-724.22,26620.62,10592.02,42701.93,29.5
2020-09-01T02:00+02:00,-856.56,26247.95,10584.73,42171.99,29.5
2020-09-01T03:00+02:00,750.96,25677.02,10546.34,42490.44,29.5
2020-09-01T04:00+02:00,1077.31,26048.07,10377.53,43336.4,29.5
2020-09-01T05:00+02:00,1942.88,27141.05,10380.39,46979.53,29.5
2020-09-01T06:00+02:00,3419.62,29225.08,11103.4,54896.82,29.5
2020-09-01T07:00+02:00,4153.67,29824.04,13110.93,59601.36,29.5
2020-09-01T08:00+02:00,1452.95,30043.67,16093.16,62127.47,29.5
2020-09-01T09:00+02:00,-278.07,29860.22,18952.84,62796.77,29.5
2020-09-01T10:00+02:00,-577.09,29425.96,23030.58,64088.82,29.5
2020-09-01T11:00+02:00,-629.66,29324.97,25944.97,65656.9,29.5
2020-09-01T12:00+02:00,-2255.8,29021.26,27603.09,65524.47,29.5
2020-09-01T13:00+02:00,-3269.99,28817.09,28367.19,64359.23,29.5
2020-09-01T14:00+02:00,-4457.29,28684.15,28056.96,62527.95,29.5
2020-09-01T15:00+02:00,-3836.08,28654.64,26243.2,61178.84,29.5
2020-09-01T16:00+02:00,-2706.63,28766.55,23315.81,59848.05,29.5
2020-09-01T17:00+02:00,-53.21,29016.53,19662.9,60042.84,29.5
2020-09-01T18:00+02:00,2281.34,29801.68,15517.62,60460.66,29.5
2020-09-01T19:00+02:00,2233.49,30561.33,12488.96,60335.67,29.5
2020-09-01T20:00+02:00,1673.08,30531.98,12297.02,60142.08,29.5
2020-09-01T21:00+02:00,1185.74,30243.92,12385.72,56758.8,29.5
2020-09-01T22:00+02:00,-545.16,29203.22,12268.81,51995.44,29.5
2020-09-01T23:00+02:00,-1112.85,27752.62,11465.4,47864.46,29.5
2020-09-02T00:00+02:00,-134.48,26383.12,10643.45,45608.16,29.5
2020-09-02T01:00+02:00,-418.06,26316.6,10297.22,43749.88,29.5
2020-09-02T02:00+02:00,843.2,25591.54,9810.88,42781.1,29.5
2020-09-02T03:00+02:00,2068.66,25165.76,9613.14,42853.72,29.5
2020-09-02T04:00+02:00,2548.52,25325.04,9485.32,44033.21,29.5
2020-09-02T05:00+02:00,2785.94,26436.52,9503.83,47721.95,29.5
2020-09-02T06:00+02:00,4205.03,28848.35,10168.92,55357.7,29.5
2020-09-02T07:00+02:00,2897.51,30153.3,11987.74,60084.58,29.5
2020-09-02T08:00+02:00,607.09,30445.63,15650.74,62510.7,29.5
2020-09-02T09:00+02:00,-2131.32,30560.48,20207.98,63411.12,29.5
2020-09-02T10:00+02:00,-3410.73,30018.97,25780.91,64851.1,29.5
2020-09-02T11:00+02:00,-4894.2,29080.03,30123.34,65926.39,29.5
2020-09-02T12:00+02:00,-6245.83,28154.19,32521.17,65347.92,29.5
2020-09-02T13:00+02:00,-6958.59,27174.42,32888.75,64511.01,29.5
2020-09-02T14:00+02:00,-7922.62,27432.81,31700.64,62722.93,29.5
2020-09-02T15:00+02:00,-7812.38,28469.2,29098.77,61181.38,29.5
2020-09-02T16:00+02:00,-5343.48,28883.8,25300.69,60219.06,29.5
2020-09-02T17:00+02:00,-2378.51,29784.29,20316.2,60079.31,29.5
2020-09-02T18:00+02:00,-311.06,30598.79,15158.86,59901.67,29.5
2020-09-02T19:00+02:00,1285.01,31005.68,11626.15,59796.43,29.5
2020-09-02T20:00+02:00,579.3,31105.08,10700.45,59219.84,29.5
2020-09-02T21:00+02:00,1083.1,30877.98,10397.84,56174.54,29.5
2020-09-02T22:00+02:00,-488.45,29818.08,10362.36,51784.69,29.5
2020-09-02T23:00+02:00,-1740.28,27657.73,10482.03,47711.73,29.5
2020-09-03T00:00+02:00,-2298.23,26741.68,10347.3,44655.99,29.5
2020-09-03T01:00+02:00,-1944.46,26428.38,10595.25,43259.05,29.5
2020-09-03T02:00+02:00,-1301.91,25831.49,11239.22,42565.44,29.5
2020-09-03T03:00+02:00,-833.02,24442.42,12413.98,42680.44,29.5
2020-09-03T04:00+02:00,35.87,24115.52,13703.96,44218.7,29.5
2020-09-03T05:00+02:00,-851.74,24823.98,14774.39,47198.26,29.5
2020-09-03T06:00+02:00,1116.3,26230.27,16154.26,54362.68,29.5
2020-09-03T07:00+02:00,-1073.71,26963.68,19502.35,58767.08,29.5
2020-09-03T08:00+02:00,-4458.58,27112.69,25695.53,62122.49,29.5
2020-09-03T09:00+02:00,-7383.19,26469.3,31212.81,62980.1,29.5
2020-09-03T10:00+02:00,-10644.35,26382.38,36310.88,64435.29,29.5
2020-09-03T11:00+02:00,-11038.52,25177.47,39757.49,66080.67,29.5
2020-09-03T12:00+02:00,-10234.32,23851.23,41605.91,65381.25,29.5
2020-09-03T13:00+02:00,-10047.96,23174.68,42936.53,64272.43,29.5
2020-09-03T14:00+02:00,-11025.98,22925.49,42884.88,63839.02,29.5
2020-09-03T15:00+02:00,-11541.86,23151.32,41358.87,62344.01,29.5
2020-09-03T16:00+02:00,-10400.61,23570.18,38216.97,61815.17,29.5
2020-09-03T17:00+02:00,-8741.99,24907.5,33891.83,61714.64,29.5
2020-09-03T18:00+02:00,-6478.06,25669.75,30075.75,61449.53,29.5
2020-09-03T19:00+02:00,-5436.36,25818.87,28575.15,61614.46,29.5
2020-09-03T20:00+02:00,-4938.23,25387.61,29238.8,61642.24,29.5
2020-09-03T21:00+02:00,-8390.68,24740.51,31085.45,58689.3,29.5
2020-09-03T22:00+02:00,-8825.15,21267.44,30817.53,54396.39,29.5
2020-09-03T23:00+02:00,-8479.11,17929.57,29730.09,49811.82,29.5
2020-09-04T00:00+02:00,-5298.28,16950.45,28360.58,47003.76,29.5
2020-09-04T01:00+02:00,-4817.68,15920.07,27353.27,45615.37,29.5
2020-09-04T02:00+02:00,-4014.5,15579.59,25896.36,44671.94,29.5
2020-09-04T03:00+02:00,-2712.97,15381.97,25220.95,44550.21,29.5
2020-09-04T04:00+02:00,-1929.37,16545.76,25162.26,45937.09,29.5
2020-09-04T05:00+02:00,-3815.03,18752.52,24614.35,48523.02,29.5
2020-09-04T06:00+02:00,-4414.24,23317.97,24076.54,54698.39,29.5
2020-09-04T07:00+02:00,-4009.55,24748.98,23856.4,59260.79,29.5
2020-09-04T08:00+02:00,-4413.06,24858.98,25624.38,62000.02,29.5
2020-09-04T09:00+02:00,-4889.69,24974.77,28192.23,63253.51,29.5
2020-09-04T10:00+02:00,-6012.7,24921.08,32189.37,64532.23,29.5
2020-09-04T11:00+02:00,-7167.48,24564.96,36486,65086.67,28.98
2020-09-04T12:00+02:00,-7910.6,23305.29,40235.34,65012.67,28.8
2020-09-04T13:00+02:00,-9665.13,22308.24,41678.75,63683.27,28.8
2020-09-04T14:00+02:00,-9902.01,22345.44,40067.21,61495.6,28.8
2020-09-04T15:00+02:00,-8568.47,22737.81,36644.98,60819.48,28.8
2020-09-04T16:00+02:00,-7107.92,23959.77,31570.8,59159.13,28.8
2020-09-04T17:00+02:00,-2676.17,24928.3,25527.45,58541.99,28.8
2020-09-04T18:00+02:00,-1126.67,25374.55,19669.14,57470.46,28.8
2020-09-04T19:00+02:00,2127.9,25711.09,15975.15,56727.33,28.8
2020-09-04T20:00+02:00,2114.03,25712.77,15401.75,56137.64,28.8
2020-09-04T21:00+02:00,-228.11,25601.15,15367.65,52532.91,28.8
2020-09-04T22:00+02:00,-3289.12,25352.3,16086.93,48585.01,28.8
2020-09-04T23:00+02:00,-2077.88,22830.82,15836.39,45648.28,28.8
2020-09-05T00:00+02:00,-2095.31,19937.62,15334.01,42140.93,28.8
2020-09-05T01:00+02:00,-637.82,18285.27,14931.49,40513.94,28.8
2020-09-05T02:00+02:00,128.88,16962.34,14608.4,39048.02,28.8
2020-09-05T03:00+02:00,1785.77,16014.36,14362.76,38555.34,28.8
2020-09-05T04:00+02:00,1147.58,16689.6,15206.51,38520.69,28.8
2020-09-05T05:00+02:00,211.39,17035.26,16051.13,40220.47,28.8
2020-09-05T06:00+02:00,-750.6,17870.71,17449.12,42055.88,28.8
2020-09-05T07:00+02:00,-1823.79,18951.55,20836.74,44546.11,28.8
2020-09-05T08:00+02:00,-3087.42,18801.26,25087.65,48511.07,28.8
2020-09-05T09:00+02:00,-4232.32,18563.01,28340.99,51795.41,28.8
2020-09-05T10:00+02:00,-6060.08,18605.58,31700.66,53772.72,28.8
2020-09-05T11:00+02:00,-5050.88,17354.8,34937.7,55306.38,28.8
2020-09-05T12:00+02:00,-6015.58,16567.2,38440.18,54642.84,28.8
2020-09-05T13:00+02:00,-7231.19,14954.06,40294.08,52912.74,28.8
2020-09-05T14:00+02:00,-7797.27,14691.63,39702.13,51808.68,28.8
2020-09-05T15:00+02:00,-7214.32,15560.45,36910.52,50853.29,28.8
2020-09-05T16:00+02:00,-6249.32,16850.43,33018.56,50085.42,28.8
2020-09-05T17:00+02:00,-3027.02,18407.73,28445.27,50635.68,28.8
2020-09-05T18:00+02:00,-1563.43,19656.97,24124.9,50854.12,28.8
2020-09-05T19:00+02:00,-1514.12,19845.78,20098.43,50420.63,28.8
2020-09-05T20:00+02:00,-1240.7,20092.13,17895.58,49599.42,28.8
2020-09-05T21:00+02:00,-2423.74,19954.71,17873,47103.63,28.8
2020-09-05T22:00+02:00,-2785.25,18918.52,17923.32,44322.76,28.8
2020-09-05T23:00+02:00,-2771.56,17684.67,17936.92,41714.4,28.8
2020-09-06T00:00+02:00,-1891.87,15717.97,18313.06,39611.88,28.8
2020-09-06T01:00+02:00,-2654.9,15087.67,18435.88,38489.31,28.8
2020-09-06T02:00+02:00,-2408.55,14825.11,18323.88,37271.05,28.8
2020-09-06T03:00+02:00,-2504.42,14659.28,18052.32,36702.27,28.8
2020-09-06T04:00+02:00,-2474.04,14681.86,17376.99,36317.98,28.8
2020-09-06T05:00+02:00,-2578.34,14832.41,17697.55,37121.64,28.8
2020-09-06T06:00+02:00,-2039.05,15070.14,17533.99,38043.39,28.8
2020-09-06T07:00+02:00,-2162.38,15212.49,19029.57,39397.4,28.8
2020-09-06T08:00+02:00,-3184.22,15604.45,22159.84,42605.96,28.8
2020-09-06T09:00+02:00,-4434.26,15313.62,27237.42,45611.68,28.8
2020-09-06T10:00+02:00,-6136.71,14672.13,32757.69,47630.49,28.8
2020-09-06T11:00+02:00,-6909.15,14690.54,35931.53,50124.04,28.8
2020-09-06T12:00+02:00,-7250.71,14897.89,35541.68,50140.42,28.8
2020-09-06T13:00+02:00,-7142.96,14613.46,33824.3,48463.67,28.8
2020-09-06T14:00+02:00,-4582.18,14640.81,30897.42,46904.92,28.8
2020-09-06T15:00+02:00,-3208.83,15060.17,27747.44,46256.76,28.8
2020-09-06T16:00+02:00,-990.36,16371.12,23814.71,45715.86,28.8
2020-09-06T17:00+02:00,-1223.81,19874.67,19221.13,46835.21,28.8
2020-09-06T18:00+02:00,376.4,21705.74,14506.16,47499.74,28.8
2020-09-06T19:00+02:00,1377.04,22269.94,10905.98,47320.17,28.8
2020-09-06T20:00+02:00,1800.08,22443.52,10521.2,47427.63,28.8
2020-09-06T21:00+02:00,1357.4,22212.97,10782.86,45752.28,28.8
2020-09-06T22:00+02:00,638.48,22196.31,11358.99,44285.24,28.8
2020-09-06T23:00+02:00,-678.46,21945.08,11299.26,41585.63,28.8
2020-09-07T00:00+02:00,167.8,20679.26,11058.09,39791.55,28.8
2020-09-07T01:00+02:00,793.52,19597.99,11194.77,38858.74,28.8
2020-09-07T02:00+02:00,2055.92,18871.06,11439.25,38503.9,28.8
2020-09-07T03:00+02:00,3552.24,18580.13,11443.5,38731.54,28.8
2020-09-07T04:00+02:00,2730.76,19402.28,11074.88,39908.17,28.8
2020-09-07T05:00+02:00,2381.92,21996.62,10991.13,44129.86,28.8
2020-09-07T06:00+02:00,6567.67,24050.66,10961.94,52801.9,28.8
2020-09-07T07:00+02:00,6735.77,25281.55,12820.48,57848.86,28.8
2020-09-07T08:00+02:00,2268.17,26168.89,17378.21,60884.59,28.8
2020-09-07T09:00+02:00,-235.98,26047.32,22861.44,62148.8,28.8
2020-09-07T10:00+02:00,-3984.5,26048.37,29199.52,63498.33,28.8
2020-09-07T11:00+02:00,-5358.97,25722.74,33352.31,64631.28,28.8
2020-09-07T12:00+02:00,-6757.92,25250.11,35300.36,64667.28,28.8
2020-09-07T13:00+02:00,-6991.75,24490.43,35594.85,63500.94,28.8
2020-09-07T14:00+02:00,-6178.02,23862.42,34597.17,62105.4,28.8
2020-09-07T15:00+02:00,-5875.72,24754.6,32639.83,61623.71,28.8
2020-09-07T16:00+02:00,-4098.52,25161.75,28676.69,59941.21,28.8
2020-09-07T17:00+02:00,-1215.07,26284.15,23775.58,59730.84,28.8
2020-09-07T18:00+02:00,2724.19,26518.79,18547.83,59879.84,28.8
2020-09-07T19:00+02:00,3733.59,26609.65,15829.56,60534.36,28.8
2020-09-07T20:00+02:00,2866.28,26155.7,16377.25,60318.23,28.8
2020-09-07T21:00+02:00,212.73,26107.28,18171.27,56549.12,28.8
2020-09-07T22:00+02:00,-1586.46,24365.49,19345.46,51971.86,28.8
2020-09-07T23:00+02:00,-2285.39,22135.56,20798.29,47866.84,28.8
2020-09-08T00:00+02:00,-2225.21,20009.15,22268.01,45904.34,28.8
2020-09-08T01:00+02:00,-2695.06,17688.99,24113.3,44309.64,28.8
2020-09-08T02:00+02:00,-2610.15,16400.5,25133.52,43892.86,28.8
2020-09-08T03:00+02:00,-1981.87,15874.56,26073.8,44609.2,28.8
2020-09-08T04:00+02:00,-3136.08,16311.03,26695.29,45384.05,28.8
2020-09-08T05:00+02:00,-2860.4,18334.1,27666.39,49449.64,28.8
2020-09-08T06:00+02:00,-3016.31,23018.83,28411.11,57436.8,28.8
2020-09-08T07:00+02:00,-3776.6,24034.25,29232.09,62109.91,28.8
2020-09-08T08:00+02:00,-6147.98,24430.83,32039.08,64773.3,28.8
2020-09-08T09:00+02:00,-7069.51,24212.75,36468.98,65465.08,28.8
2020-09-08T10:00+02:00,-8372.38,23534.28,41302.83,66737.84,28.8
2020-09-08T11:00+02:00,-8886.41,21678.52,46987.42,68062.51,28.8
2020-09-08T12:00+02:00,-7957.5,19025.14,49771.35,67575.3,28.8
2020-09-08T13:00+02:00,-7812.12,18361.77,49093.28,66645.64,28.8
2020-09-08T14:00+02:00,-7683.78,18995.4,46467.33,64971.48,28.8
2020-09-08T15:00+02:00,-6884.12,21333.73,42188.85,63861.65,28.8
2020-09-08T16:00+02:00,-6688.66,23973.69,35820.25,61809.25,28.8
2020-09-08T17:00+02:00,-3256.08,26086.06,28511,61868.09,28.8
2020-09-08T18:00+02:00,834.16,26675.2,21004,61594.29,28.8
2020-09-08T19:00+02:00,3740.68,26939.03,16788.65,61356.94,28.8
2020-09-08T20:00+02:00,3691.52,26686.8,16014.3,60925.3,28.8
2020-09-08T21:00+02:00,561.98,26467.5,16128.7,56911.59,28.8
2020-09-08T22:00+02:00,-857.33,26044.61,16176.78,52622.07,28.8
2020-09-08T23:00+02:00,-1257.73,23785.54,17141.56,48942.66,28.8
2020-09-09T00:00+02:00,-2378.11,22413.12,17750.01,46656.88,28.8
2020-09-09T01:00+02:00,-2201.7,21912.05,18000.92,45105.66,28.8
2020-09-09T02:00+02:00,-1556.4,21399.92,18120.58,44060.98,28.8
2020-09-09T03:00+02:00,-1167.72,21315.62,18068.11,44157.57,28.8
2020-09-09T04:00+02:00,-1461.41,22031.69,18202.59,44972.91,28.8
2020-09-09T05:00+02:00,-1770.14,23600.85,18568.92,48072.94,28.8
2020-09-09T06:00+02:00,1279.72,25457.95,19415.31,55957.95,28.8
2020-09-09T07:00+02:00,691.7,25849.74,22286.68,60719.81,28.8
2020-09-09T08:00+02:00,-1980.41,26007.61,27749.12,63644.82,28.8
2020-09-09T09:00+02:00,-6625.64,25618.95,33946.63,64857.9,28.8
2020-09-09T10:00+02:00,-7643.6,24169.19,39983.62,66625.41,28.8
2020-09-09T11:00+02:00,-8699.37,22597.02,44431.22,68249.66,28.8
2020-09-09T12:00+02:00,-8231.92,21022.26,46405.47,67694.63,28.8
2020-09-09T13:00+02:00,-7828.33,20340.72,47197.1,67053.64,28.8
2020-09-09T14:00+02:00,-7864,20476.58,45384.75,65616.26,28.8
2020-09-09T15:00+02:00,-7894.87,22196.47,43217.69,65108,28.8
2020-09-09T16:00+02:00,-7298.92,23322.78,38770.11,63407.08,28.8
2020-09-09T17:00+02:00,-6026.84,25436.1,33151.29,62756.69,28.8
2020-09-09T18:00+02:00,-3136.48,26220.21,27471.1,62583.98,28.8
2020-09-09T19:00+02:00,-2922.79,26576.57,24578.25,62476.69,28.8
2020-09-09T20:00+02:00,-2822.18,26551.5,24837.08,62156.91,28.8
2020-09-09T21:00+02:00,-4231.35,25987.05,25452.06,58278.26,28.8
2020-09-09T22:00+02:00,-4482.86,23850.07,26630.52,54616.87,28.8
2020-09-09T23:00+02:00,-4213.3,20838.01,26789.59,51044.76,28.8
2020-09-10T00:00+02:00,-4433.06,20954.89,24000.46,47439.65,28.8
2020-09-10T01:00+02:00,-4336.64,21549.86,22777.23,46002.58,28.8
2020-09-10T02:00+02:00,-3773.61,21547.75,21798.45,44842.8,28.8
2020-09-10T03:00+02:00,-3662.73,22280.15,20081.51,44914.78,28.8
2020-09-10T04:00+02:00,-4349.94,23790.06,19113.08,45507.99,28.8
2020-09-10T05:00+02:00,-3361.73,25608.47,18849.14,49417.3,28.8
2020-09-10T06:00+02:00,-47.83,28245.25,18869.54,57733.58,28.8
2020-09-10T07:00+02:00,869.77,29364.94,18975.61,61837.82,28.8
2020-09-10T08:00+02:00,-1378.33,29900.78,20737.84,64028.2,28.8
2020-09-10T09:00+02:00,-2547.96,30523.48,23719.87,64568.37,28.8
2020-09-10T10:00+02:00,-3899.92,30607.24,27769.98,65917.24,28.8
2020-09-10T11:00+02:00,-4239.62,30455.19,30045.3,66837.63,28.8
2020-09-10T12:00+02:00,-6078.01,30577.5,31772.72,66364.67,28.8
2020-09-10T13:00+02:00,-6890.73,30295.21,32970.06,65774.76,28.8
2020-09-10T14:00+02:00,-7645.28,29992.7,32228.55,64080.15,28.8
2020-09-10T15:00+02:00,-6678.1,30158.44,29700.56,62442.4,28.8
2020-09-10T16:00+02:00,-4221.35,30467.37,25088.08,60481.79,28.8
2020-09-10T17:00+02:00,-447.64,30855.47,18747.29,60073.35,28.8
2020-09-10T18:00+02:00,2617.98,31232.09,12617.49,59926.8,28.8
2020-09-10T19:00+02:00,5286.73,30982.04,9330.2,60183.94,28.8
2020-09-10T20:00+02:00,4648.47,30931.56,9204.02,59908.09,28.8
2020-09-10T21:00+02:00,2075.48,30876.45,9168.36,55561.35,28.8
2020-09-10T22:00+02:00,2040.48,30011.94,8871.39,51149.55,28.8
2020-09-10T23:00+02:00,-1134.44,29612.29,8787.56,47410.93,28.8
2020-09-11T00:00+02:00,-2301.05,29002.53,9043.75,44883.8,28.8
2020-09-11T01:00+02:00,-2464.24,28539.97,9551.31,43371,28.8
2020-09-11T02:00+02:00,-1522.22,27936.56,10188.26,42731.71,28.8
2020-09-11T03:00+02:00,-1216.62,27655.98,11072.21,42899.15,28.8
2020-09-11T04:00+02:00,-676.68,27760.68,11484.21,44057.35,28.8
2020-09-11T05:00+02:00,-1380.96,29065.86,11749.63,47165.2,28.8
2020-09-11T06:00+02:00,1496.67,30379.65,12243.88,54221.16,28.8
2020-09-11T07:00+02:00,1358.93,31019.46,13501.58,58529.06,28.8
2020-09-11T08:00+02:00,-357.52,30873.99,17640.23,61456.93,28.8
2020-09-11T09:00+02:00,-3256.89,30839.86,22180.62,62419.72,28.8
2020-09-11T10:00+02:00,-6066.02,30441.42,28171.92,63391.84,28.8
2020-09-11T11:00+02:00,-8643.71,29470.47,33972.49,64325.34,28.24
2020-09-11T12:00+02:00,-8975.36,27195.43,37834.78,64360.89,28.05
2020-09-11T13:00+02:00,-9136.97,25113.02,39335.19,63142.14,28.05
2020-09-11T14:00+02:00,-8290.14,23951.43,38156.13,61304.85,28.05
2020-09-11T15:00+02:00,-6981.56,24074.34,34710.86,59925.74,28.05
2020-09-11T16:00+02:00,-5748.13,25854.38,29800.46,58179.94,28.05
2020-09-11T17:00+02:00,-3027.73,28053.55,23283.22,58151.12,28.05
2020-09-11T18:00+02:00,1753.7,29165.62,16639.42,58093.46,28.05
2020-09-11T19:00+02:00,2902.73,29889.66,13623.97,58168.92,28.05
2020-09-11T20:00+02:00,1958.88,29305.68,13592.11,57457.44,28.05
2020-09-11T21:00+02:00,-313.64,28353.05,13805.48,52850.62,28.05
2020-09-11T22:00+02:00,-449.85,25189.98,14617.03,48626.84,28.05
2020-09-11T23:00+02:00,-1115.76,22521.69,14940,44876.21,28.05
2020-09-12T00:00+02:00,-1434.22,20061.88,14794.98,42438.03,28.05
2020-09-12T01:00+02:00,-1020.62,18443.13,14637.84,40800.41,28.05
2020-09-12T02:00+02:00,-235.5,17882.2,15055.67,39762.07,28.05
2020-09-12T03:00+02:00,927.64,17050.03,15578.86,39390.26,28.05
2020-09-12T04:00+02:00,760.21,16572.49,16442.36,39595.86,28.05
2020-09-12T05:00+02:00,222.31,16130.23,17315.39,40392.68,28.05
2020-09-12T06:00+02:00,-952.65,16595.28,18906.92,42641.25,28.05
2020-09-12T07:00+02:00,-1393.88,17067.84,22175.19,45643.23,28.05
2020-09-12T08:00+02:00,-3975.91,17051.44,28427.37,49787.56,28.05
2020-09-12T09:00+02:00,-7367.01,16675.24,33830.1,52529.23,28.05
2020-09-12T10:00+02:00,-8678.14,14834.07,39684.67,54174.05,28.05
2020-09-12T11:00+02:00,-10822.14,13081.4,46238.27,55899.7,28.05
2020-09-12T12:00+02:00,-12376.05,11795.21,51168.78,56126.87,28.05
2020-09-12T13:00+02:00,-13352.66,11120.11,51844.22,54496.64,28.05
2020-09-12T14:00+02:00,-14104.68,11260.04,51392.69,53178.2,28.05
2020-09-12T15:00+02:00,-12354.35,11960.76,47735.28,52512.64,28.05
2020-09-12T16:00+02:00,-9647.58,14216.08,41348.64,51413.56,28.05
2020-09-12T17:00+02:00,-7328.18,16750.63,33712.9,51720.05,28.05
2020-09-12T18:00+02:00,-4044.26,18692.41,26361.44,52120.63,28.05
2020-09-12T19:00+02:00,-2173.55,19338.74,22021.49,52190.24,28.05
2020-09-12T20:00+02:00,-1902.5,19514.71,20872.03,51559.57,28.05
2020-09-12T21:00+02:00,-2611.28,19358.12,20008.57,48528.77,28.05
2020-09-12T22:00+02:00,-1773.96,18738.02,18785.12,46049.45,28.05
2020-09-12T23:00+02:00,-1450.88,17701.24,17058.25,42829.65,28.05
2020-09-13T00:00+02:00,-1488.45,15968.35,15531.73,39548.9,28.05
2020-09-13T01:00+02:00,-1097.91,15005.08,15676.32,37938.29,28.05
2020-09-13T02:00+02:00,-1501.94,14368.45,16210.85,37242.7,28.05
2020-09-13T03:00+02:00,-1853.52,13423.96,17109.44,36464.08,28.05
2020-09-13T04:00+02:00,-2130.16,13050.43,17891.4,36510.73,28.05
2020-09-13T05:00+02:00,-2762.51,13315.34,18794.42,37273.8,28.05
2020-09-13T06:00+02:00,-2905.82,13255.05,19907.62,38102.86,28.05
2020-09-13T07:00+02:00,-3191.53,13462.51,21943.94,39718.8,28.05
2020-09-13T08:00+02:00,-4913.42,13564.31,27099.41,43058.97,28.05
2020-09-13T09:00+02:00,-6647.78,12563.3,32878.33,46058.79,28.05
2020-09-13T10:00+02:00,-9050.52,12336.14,39328.95,48787.3,28.05
2020-09-13T11:00+02:00,-10466.03,11489.99,45529.55,51236.88,28.05
2020-09-13T12:00+02:00,-12086.79,10147,48576.28,50929.19,28.05
2020-09-13T13:00+02:00,-12147.16,9399.92,47802.09,48996.07,28.05
2020-09-13T14:00+02:00,-12398.2,9674.97,46054.12,47514.05,28.05
2020-09-13T15:00+02:00,-10688.52,10135.95,42765.13,46523.68,28.05
2020-09-13T16:00+02:00,-8115.42,11885.15,35673.46,46051.9,28.05
2020-09-13T17:00+02:00,-4102.56,15800.48,28181.47,46598.9,28.05
2020-09-13T18:00+02:00,-1412.59,19684.35,20561.03,47746.42,28.05
2020-09-13T19:00+02:00,-732,21213.15,16850.42,48394.51,28.05
2020-09-13T20:00+02:00,-270.44,21603.11,16255.92,49599.68,28.05
2020-09-13T21:00+02:00,-2347.97,21768.94,16443.12,47264.67,28.05
2020-09-13T22:00+02:00,-1596.14,21491.43,15994.64,45216.72,28.05
2020-09-13T23:00+02:00,-2684.81,20945.24,15241.1,42801.88,28.05
2020-09-14T00:00+02:00,-1948.79,20245.83,14144.24,40344.68,28.05
2020-09-14T01:00+02:00,-699.09,19690.72,13668.59,39124.32,28.05
2020-09-14T02:00+02:00,498.85,19525.8,13101.23,38825.1,28.05
2020-09-14T03:00+02:00,1661.68,19864.61,12347.39,39006.53,28.05
2020-09-14T04:00+02:00,2646.44,20606.53,11630.16,40554.24,28.05
2020-09-14T05:00+02:00,1413.18,23531.33,11179.58,44442.26,28.05
2020-09-14T06:00+02:00,5235.37,26649.19,11076.4,53052.87,28.05
2020-09-14T07:00+02:00,5366.19,28394.16,12832.75,58381.56,28.05
2020-09-14T08:00+02:00,2186.05,28788.74,18372.9,61257.96,28.05
2020-09-14T09:00+02:00,-3083.46,28726.57,25101.61,62310.39,28.05
2020-09-14T10:00+02:00,-6924.46,28767.4,30389.96,63974.05,28.05
2020-09-14T11:00+02:00,-7766.59,28174.5,34271.97,65188.57,28.05
2020-09-14T12:00+02:00,-8764.1,27645.21,36455.47,65064.71,28.05
2020-09-14T13:00+02:00,-8312.41,27409.84,36419.02,64465.18,28.05
2020-09-14T14:00+02:00,-7246.63,27590.32,34416.42,63116.66,28.05
2020-09-14T15:00+02:00,-5662.94,28222.65,30342.39,62509.4,28.05
2020-09-14T16:00+02:00,-3661.37,29322.44,24935.01,61046.58,28.05
2020-09-14T17:00+02:00,-663.73,30145.49,18426.49,60465.76,28.05
2020-09-14T18:00+02:00,3591.56,30187.38,12552.61,60391.52,28.05
2020-09-14T19:00+02:00,4152.78,30234.14,10810.76,60963.6,28.05
2020-09-14T20:00+02:00,3650.02,30209.4,11560.27,60186.45,28.05
2020-09-14T21:00+02:00,741.06,30092.3,12691.72,55876.18,28.05
2020-09-14T22:00+02:00,-2066.7,29396.52,13455.78,51654.74,28.05
2020-09-14T23:00+02:00,-2996.18,28123.33,13663.98,47784.5,28.05
2020-09-15T00:00+02:00,-2627.17,27208.94,13326.56,45222.88,28.05
2020-09-15T01:00+02:00,-938.09,25902.59,12922.14,44238.9,28.05
2020-09-15T02:00+02:00,91.34,25321.16,12502.64,43387,28.05
2020-09-15T03:00+02:00,1174.18,25113.09,12247.35,43426.33,28.05
2020-09-15T04:00+02:00,1718.88,25436.59,11883.56,44505.76,28.05
2020-09-15T05:00+02:00,2165.37,26849.55,11790.05,47724.4,28.05
2020-09-15T06:00+02:00,3814.05,28631.87,11731.39,55821.44,28.05
2020-09-15T07:00+02:00,4139.68,29293.2,13432.79,60231.83,28.05
2020-09-15T08:00+02:00,2096.36,29402.45,17675.93,63255.77,28.05
2020-09-15T09:00+02:00,-1546.72,29148.28,23218.18,64256.12,28.05
2020-09-15T10:00+02:00,-3976.39,28993.93,28205.52,65395.62,28.05
2020-09-15T11:00+02:00,-6789.86,28529.82,32456.89,66697.26,28.05
2020-09-15T12:00+02:00,-7248.16,28216.92,34731.07,66468.76,28.05
2020-09-15T13:00+02:00,-7696.42,28054.89,35120.84,65871.62,28.05
2020-09-15T14:00+02:00,-7650.77,27985.68,33825.43,64542.2,28.05
2020-09-15T15:00+02:00,-6435.65,28440.28,30463.9,63443.72,28.05
2020-09-15T16:00+02:00,-3512.63,28898.98,24878.63,61819.62,28.05
2020-09-15T17:00+02:00,-400.7,29311.11,18099.66,61591.16,28.05
2020-09-15T18:00+02:00,4526.68,29394.95,11846.47,61379.4,28.05
2020-09-15T19:00+02:00,6955.31,29712.28,9310.24,61810.56,28.05
2020-09-15T20:00+02:00,5641.02,29947.35,9638.28,60828.96,28.05
2020-09-15T21:00+02:00,2414.29,29773.72,9987.87,56461.59,28.05
2020-09-15T22:00+02:00,1863.31,29210.51,9962.99,52027.47,28.05
2020-09-15T23:00+02:00,327.86,28692.88,9657.35,48132.56,28.05
2020-09-16T00:00+02:00,33.67,27428.22,9304.52,45454.32,28.05
2020-09-16T01:00+02:00,489.94,27072.39,9334.51,44045.42,28.05
2020-09-16T02:00+02:00,1228.73,26494.78,9456.18,43494.93,28.05
2020-09-16T03:00+02:00,2779.25,25764.84,9738.62,43392.42,28.05
2020-09-16T04:00+02:00,2972.44,26047.34,9831.87,44448.46,28.05
2020-09-16T05:00+02:00,2411.87,27560.54,10148.09,48044.03,28.05
2020-09-16T06:00+02:00,4414.22,29499.82,10959.43,55977.77,28.05
2020-09-16T07:00+02:00,4671.3,30150.82,13049.2,60684.57,28.05
2020-09-16T08:00+02:00,2641.07,30407.27,17639.68,63501.28,28.05
2020-09-16T09:00+02:00,-870.17,29929.92,22732.72,64433,28.05
2020-09-16T10:00+02:00,-4592.31,28943.98,27620.98,65759.94,28.05
2020-09-16T11:00+02:00,-4847.21,27635.08,32188.41,67576.96,28.05
2020-09-16T12:00+02:00,-6275.49,26523.75,35639.88,67178.42,28.05
2020-09-16T13:00+02:00,-6168.95,25093.03,37822.08,66439.22,28.05
2020-09-16T14:00+02:00,-5885.09,24620.65,37757.33,65398.48,28.05
2020-09-16T15:00+02:00,-5944.04,24881.32,36046.56,64588.31,28.05
2020-09-16T16:00+02:00,-5763.93,25990.31,32790.5,63206.84,28.05
2020-09-16T17:00+02:00,-4120.06,27167.8,29486.42,63546.6,28.05
2020-09-16T18:00+02:00,-1165.78,26952.98,26712.14,64206.17,28.05
2020-09-16T19:00+02:00,-2261.28,27341.94,25653.81,64906.91,28.05
2020-09-16T20:00+02:00,-3470.49,27122.08,26244.51,63960.99,28.05
2020-09-16T21:00+02:00,-5132.55,26306.32,26678.34,59395.46,28.05
2020-09-16T22:00+02:00,-5655.14,23871.66,26922.46,55056.28,28.05
2020-09-16T23:00+02:00,-5269.22,21977.07,26683.36,51244.63,28.05
2020-09-17T00:00+02:00,-4770.83,19851.49,26512.65,49305.96,28.05
2020-09-17T01:00+02:00,-4779.03,19525.4,25874.57,48225.46,28.05
2020-09-17T02:00+02:00,-4761.67,19614.91,24836.46,46818.28,28.05
2020-09-17T03:00+02:00,-3731.69,19504.85,24066.21,46432.94,28.05
2020-09-17T04:00+02:00,-3456.27,20276.71,23408.96,46992.66,28.05
2020-09-17T05:00+02:00,-3391.59,22331.29,22863.53,50021,28.05
2020-09-17T06:00+02:00,-941.53,25547.52,22913.87,57672.97,28.05
2020-09-17T07:00+02:00,-733.09,26914.95,23383.32,61845.05,28.05
2020-09-17T08:00+02:00,-3009.12,27394.1,25105.99,64022.77,28.05
2020-09-17T09:00+02:00,-5384.1,26988.68,28868.38,64173.32,28.05
2020-09-17T10:00+02:00,-5986.57,26343.49,33628.16,64984.89,28.05
2020-09-17T11:00+02:00,-6771.14,25136.97,37048.87,65809.86,28.05
2020-09-17T12:00+02:00,-7545.54,23901.79,38048.46,64991.66,28.05
2020-09-17T13:00+02:00,-7374.97,22919.78,38292,64058.03,28.05
2020-09-17T14:00+02:00,-6305.89,22787.17,36852.7,63126.19,28.05
2020-09-17T15:00+02:00,-5710.73,23194.17,34331.24,61898.08,28.05
2020-09-17T16:00+02:00,-5635.44,24853.16,30333.96,60042.68,28.05
2020-09-17T17:00+02:00,-3505.48,27500.13,24790.36,60756.64,28.05
2020-09-17T18:00+02:00,316.16,27919.25,19455.01,61117.52,28.05
2020-09-17T19:00+02:00,1855.4,27824.26,18633.2,61756.5,28.05
2020-09-17T20:00+02:00,-427.92,27410.21,21948.09,61285.69,28.05
2020-09-17T21:00+02:00,-3589.31,26003.93,24200.11,56510.91,28.05
2020-09-17T22:00+02:00,-5144.25,24597.4,23355.02,51506.19,28.05
2020-09-17T23:00+02:00,-5214.17,22176.8,22458.91,47602.14,28.05
2020-09-18T00:00+02:00,-2907.04,20904.45,21529.76,45684.98,28.05
2020-09-18T01:00+02:00,-2023.25,20144.03,20780.53,44369.88,28.05
2020-09-18T02:00+02:00,-703.05,19685.46,19898.16,43489.48,28.05
2020-09-18T03:00+02:00,-456.54,19841.3,19080.8,43381.02,28.05
2020-09-18T04:00+02:00,-356.01,20235.59,18559.7,44465.98,28.05
2020-09-18T05:00+02:00,-126.91,22009.78,18313.61,47979.51,28.05
2020-09-18T06:00+02:00,3532.44,24546.77,18210.77,54984.72,28.05
2020-09-18T07:00+02:00,2461.48,26234.04,19172.44,59328.56,28.05
2020-09-18T08:00+02:00,477.71,26634.04,22726.76,61983.32,28.05
2020-09-18T09:00+02:00,-3828.48,26871.43,26934.62,62702.11,28.05
2020-09-18T10:00+02:00,-5883.98,26282.9,31964.65,63150.19,28.05
2020-09-18T11:00+02:00,-6769.85,24277.62,37464.2,63744.06,28.28
2020-09-18T12:00+02:00,-6361.16,21539.14,41463.27,64143.13,28.36
2020-09-18T13:00+02:00,-5847.21,19899.01,42433.01,62599.11,28.36
2020-09-18T14:00+02:00,-4673.31,19023.89,41184.08,61096.73,28.36
2020-09-18T15:00+02:00,-4050.84,19434.6,37643.97,59900.33,28.36
2020-09-18T16:00+02:00,-3277.68,21994.9,32271.2,58080.88,28.36
2020-09-18T17:00+02:00,-2286.89,24883.52,25297.23,58184.31,28.36
2020-09-18T18:00+02:00,735.4,25677.19,18891.84,58329.07,28.36
2020-09-18T19:00+02:00,655.74,25842.05,19005.05,58983.8,28.36
2020-09-18T20:00+02:00,-1315.35,25287.91,22817.96,57948.26,28.36
2020-09-18T21:00+02:00,-3484.61,23511.78,24264.01,54013.96,28.36
2020-09-18T22:00+02:00,-3121.55,21041.54,23675.99,49849.29,28.36
2020-09-18T23:00+02:00,-3523.01,18603.52,23156.22,46104.5,28.36
2020-09-19T00:00+02:00,-4044.99,17257.23,22402.19,43795.76,28.36
2020-09-19T01:00+02:00,-3292.36,16514.25,21672.46,41568.23,28.36
2020-09-19T02:00+02:00,-2644.28,16374.71,20735.16,40244.69,28.36
2020-09-19T03:00+02:00,-1702.13,16350.29,19582.39,39721.61,28.36
2020-09-19T04:00+02:00,-856.69,16689.44,19100,39631.31,28.36
2020-09-19T05:00+02:00,-888.23,16474.92,18689.15,40586.24,28.36
2020-09-19T06:00+02:00,-2817.79,18515.1,18763.65,42685.06,28.36
2020-09-19T07:00+02:00,-2726.25,19754.74,19923.76,45105.18,28.36
2020-09-19T08:00+02:00,-3369.84,19724.34,24350.02,48668.82,28.36
2020-09-19T09:00+02:00,-4746.22,19249.7,28575.69,51260.54,28.36
2020-09-19T10:00+02:00,-6547.99,18750.95,32343.34,52536.24,28.36
2020-09-19T11:00+02:00,-7362.9,17371.13,36076.38,53172.46,28.36
2020-09-19T12:00+02:00,-7431.84,15199,38864.83,52605.03,28.36
2020-09-19T13:00+02:00,-7121.72,14343.51,39614.21,51328.6,28.36
2020-09-19T14:00+02:00,-7338.85,14270.44,38057.82,50161.02,28.36
2020-09-19T15:00+02:00,-6902.48,15166.88,34666.19,48840.29,28.36
2020-09-19T16:00+02:00,-6423.72,18124.27,29400.51,48376.23,28.36
2020-09-19T17:00+02:00,-2900.46,20566.87,22927.48,48993.52,28.36
2020-09-19T18:00+02:00,-450.91,21529.32,17965.22,50131.81,28.36
2020-09-19T19:00+02:00,-1438.52,21818.9,18933.99,51176.09,28.36
2020-09-19T20:00+02:00,-3845.67,21642.75,22167.08,50500.36,28.36
2020-09-19T21:00+02:00,-6135.91,21252.63,23474.45,47566.82,28.36
2020-09-19T22:00+02:00,-6541.79,20268.47,22504.51,44932.81,28.36
2020-09-19T23:00+02:00,-5730.1,19224.61,20986.7,42131.9,28.36
2020-09-20T00:00+02:00,-4915.38,18039.82,19044.48,39485.6,28.36
2020-09-20T01:00+02:00,-4316.97,17221.65,17328.04,37240.64,28.36
2020-09-20T02:00+02:00,-3456.43,17381.02,15617.54,36612.19,28.36
2020-09-20T03:00+02:00,-2005.04,17780.76,14478.72,36096.9,28.36
2020-09-20T04:00+02:00,-936.14,17866.05,13791.81,36355.66,28.36
2020-09-20T05:00+02:00,-713.29,18042.45,13249.27,36953.65,28.36
2020-09-20T06:00+02:00,-2286.26,19013.29,13319.48,37515.01,28.36
2020-09-20T07:00+02:00,-2942.77,19484.81,14835.4,38730.19,28.36
2020-09-20T08:00+02:00,-3299.74,18792.98,20149.88,42106.33,28.36
2020-09-20T09:00+02:00,-5555.75,18111.48,25181.28,44884.69,28.36
2020-09-20T10:00+02:00,-7225.37,16943.55,29992.81,46829.77,28.36
2020-09-20T11:00+02:00,-6564.02,15110.67,34581.31,48627.44,28.36
2020-09-20T12:00+02:00,-7501.87,13628.94,37423.42,48273.85,28.36
2020-09-20T13:00+02:00,-8820.62,13430.94,37499.33,46910.52,28.36
2020-09-20T14:00+02:00,-8579.96,13990.33,35550.68,45214.69,28.36
2020-09-20T15:00+02:00,-7576.42,14727.38,32109.83,44244.32,28.36
2020-09-20T16:00+02:00,-6279,17030.27,27327.16,43816.07,28.36
2020-09-20T17:00+02:00,-2837.95,20389.45,21025.63,45395.86,28.36
2020-09-20T18:00+02:00,290.02,22567.47,15527.26,47446.68,28.36
2020-09-20T19:00+02:00,-161.68,23562.15,15739.6,49179.46,28.36
2020-09-20T20:00+02:00,-2091.83,23630.1,18354.04,49204.94,28.36
2020-09-20T21:00+02:00,-4225.62,23531.3,19734.8,46739.41,28.36
2020-09-20T22:00+02:00,-4485.48,23209.97,18943.55,44930.29,28.36
2020-09-20T23:00+02:00,-3915.61,22591.41,17345.39,41911.87,28.36
2020-09-21T00:00+02:00,-2580.09,21066.58,15102.45,39776.26,28.36
2020-09-21T01:00+02:00,-904.45,20444.03,13115.26,39142.27,28.36
2020-09-21T02:00+02:00,690.29,20158.87,11580.57,38609.72,28.36
2020-09-21T03:00+02:00,2299.98,20029.49,10321.7,38754.6,28.36
2020-09-21T04:00+02:00,2859.62,20967.53,9453.64,39948.94,28.36
2020-09-21T05:00+02:00,3932.55,23199.4,9130.85,43834.92,28.36
2020-09-21T06:00+02:00,7695.88,27083.17,9028.42,53434.82,28.36
2020-09-21T07:00+02:00,7253.02,29104.54,10388.88,59137.32,28.36
2020-09-21T08:00+02:00,4591.76,29858.43,15552.22,61701.23,28.36
2020-09-21T09:00+02:00,-465.95,29677.42,22012.17,62316.34,28.36
2020-09-21T10:00+02:00,-3659.87,29435.71,27504.4,63255.03,28.36
2020-09-21T11:00+02:00,-4673.26,28587.51,31723.64,64336.89,28.36
2020-09-21T12:00+02:00,-5112.81,27719.95,34205.86,64678.8,28.36
2020-09-21T13:00+02:00,-5415.21,27366.61,34433.49,63886.38,28.36
2020-09-21T14:00+02:00,-4201.52,27366.79,32193.01,62267.14,28.36
2020-09-21T15:00+02:00,-3723.96,28640.74,28214.11,61053.42,28.36
2020-09-21T16:00+02:00,-1600.68,29566.92,22535.79,59574.91,28.36
2020-09-21T17:00+02:00,3516.53,29584.01,15576.79,59726.58,28.36
2020-09-21T18:00+02:00,8491.41,29522.32,9823.21,60205.33,28.36
2020-09-21T19:00+02:00,9831.3,29850.25,8451.8,61457.3,28.36
2020-09-21T20:00+02:00,8003.17,29976.04,9409.15,60174.3,28.36
2020-09-21T21:00+02:00,5810.76,29579.95,10008.75,55563.51,28.36
2020-09-21T22:00+02:00,3289.79,28761.36,10218.22,51097.46,28.36
2020-09-21T23:00+02:00,1034.36,27879.15,9999.13,47258.66,28.36
2020-09-22T00:00+02:00,769.6,26948.67,9848.75,44445.74,28.36
2020-09-22T01:00+02:00,1472.51,26821.52,9362.37,42940.96,28.36
2020-09-22T02:00+02:00,1939.1,26671.88,8815.05,42242.84,28.36
2020-09-22T03:00+02:00,2854.58,26673.41,8311.11,42575.19,28.36
2020-09-22T04:00+02:00,4168.08,26726.18,7929.85,43663.5,28.36
2020-09-22T05:00+02:00,4338.93,28274.74,7644.77,47589.23,28.36
2020-09-22T06:00+02:00,7930.61,29946.88,7858.09,56000.75,28.36
2020-09-22T07:00+02:00,8310.73,30200.61,9030.92,60972.25,28.36
2020-09-22T08:00+02:00,5374.68,30112.45,13800.86,63487.91,28.36
2020-09-22T09:00+02:00,716.68,29934.72,20283,63775.9,28.36
2020-09-22T10:00+02:00,-1588.28,29265.47,26157.76,64610.92,28.36
2020-09-22T11:00+02:00,-3246.21,28642.4,30511.88,65779.27,28.36
2020-09-22T12:00+02:00,-2646.81,27960.38,32833.98,66210.75,28.36
2020-09-22T13:00+02:00,-2674.03,27579.5,33191.51,65169.25,28.36
2020-09-22T14:00+02:00,-2555.98,27219.03,31381.06,63683.09,28.36
2020-09-22T15:00+02:00,-2323.42,28001.17,27370.94,62058.88,28.36
2020-09-22T16:00+02:00,-385.8,28533.92,21863,60915.57,28.36
2020-09-22T17:00+02:00,4647.92,29654.08,15155.22,61015.53,28.36
2020-09-22T18:00+02:00,8083.44,29995.4,9984.47,61239.24,28.36
2020-09-22T19:00+02:00,9913.6,30247.51,8517.92,62589.06,28.36
2020-09-22T20:00+02:00,8136.6,29877.98,8996.41,60588.78,28.36
2020-09-22T21:00+02:00,7073.79,29349.89,9484.84,56137.88,28.36
2020-09-22T22:00+02:00,3932.1,28760.15,9802.65,51546.98,28.36
2020-09-22T23:00+02:00,2455.28,27358.79,10191.35,47062.92,28.36
2020-09-23T00:00+02:00,2346.4,25241.28,10508.9,44387.84,28.36
2020-09-23T01:00+02:00,1805.98,24584.85,10940.26,42829.14,28.36
2020-09-23T02:00+02:00,2107.68,23766.04,11425.69,42314.15,28.36
2020-09-23T03:00+02:00,1979.69,23757.08,11842.05,42568.07,28.36
2020-09-23T04:00+02:00,2711.84,23883.56,12908.98,43679.1,28.36
2020-09-23T05:00+02:00,2805.69,25047.57,14122.75,47472.68,28.36
2020-09-23T06:00+02:00,3385.88,27635.32,15325.84,56699.94,28.36
2020-09-23T07:00+02:00,3830.17,28377.96,16905.93,61813.36,28.36
2020-09-23T08:00+02:00,3451.73,28392.33,19171.06,64521.78,28.36
2020-09-23T09:00+02:00,816.45,28313.76,21710.61,64971.06,28.36
2020-09-23T10:00+02:00,2174.26,28381.69,23465.67,65870.63,28.36
2020-09-23T11:00+02:00,1960.83,27729.88,26841.48,67004.67,28.36
2020-09-23T12:00+02:00,-612.71,26651.3,30675.49,66353.65,28.36
2020-09-23T13:00+02:00,-2400.62,25969.4,32761.89,64857.25,28.36
2020-09-23T14:00+02:00,-3253.18,26080.59,32163.08,64563.4,28.36
2020-09-23T15:00+02:00,-2750.26,26286.85,29828.49,63193.04,28.36
2020-09-23T16:00+02:00,-1604.25,27081.95,26837.77,61907.92,28.36
2020-09-23T17:00+02:00,-182,28652.59,23383.8,62221.34,28.36
2020-09-23T18:00+02:00,3010.08,29153.46,19424.59,62375.98,28.36
2020-09-23T19:00+02:00,2090.68,29579.5,18482.88,63600.52,28.36
2020-09-23T20:00+02:00,1045.82,28799.44,20427.63,61085.2,28.36
2020-09-23T21:00+02:00,-1745.79,26760.86,22474.25,56382.5,28.36
2020-09-23T22:00+02:00,-3053.51,23504.94,23569.86,51927.41,28.36
2020-09-23T23:00+02:00,-3823.51,19791.02,25034.67,47346.23,28.36
2020-09-24T00:00+02:00,-4712.36,17214.74,27912.33,45372.9,28.36
2020-09-24T01:00+02:00,-4692.76,15543.46,30483.47,45449.08,28.36
2020-09-24T02:00+02:00,-4666.85,13887.9,33029.26,45240.13,28.36
2020-09-24T03:00+02:00,-4964.17,13328.58,34247.19,45191.02,28.36
2020-09-24T04:00+02:00,-5847.85,13381.6,35776.56,46404.34,28.36
2020-09-24T05:00+02:00,-5099.36,14663.5,35884.83,50103.26,28.36
2020-09-24T06:00+02:00,-5085.12,18466.4,37795.68,57552.17,28.36
2020-09-24T07:00+02:00,-5940.35,20770.06,37972.3,62624.54,28.36
2020-09-24T08:00+02:00,-7133.73,21459.8,38020.2,64995.84,28.36
2020-09-24T09:00+02:00,-6047.05,21569.39,40799.35,65399.08,28.36
2020-09-24T10:00+02:00,-5174.21,20046.85,45502.05,67347.43,28.36
2020-09-24T11:00+02:00,-5103.71,18410.16,48840.11,68719.01,28.36
2020-09-24T12:00+02:00,-5985.56,18103.72,49485.97,67383.57,28.36
2020-09-24T13:00+02:00,-5588.08,17833.51,48671.66,66447.94,28.36
2020-09-24T14:00+02:00,-6662.21,18625.51,47002.69,65439.01,28.36
2020-09-24T15:00+02:00,-6063.51,19862.11,42383.5,63870.3,28.36
2020-09-24T16:00+02:00,-4530.5,21549.48,35993.33,61663.2,28.36
2020-09-24T17:00+02:00,-1280.61,23964.5,27956.8,61102.19,28.36
2020-09-24T18:00+02:00,3097.54,24578.91,20782.77,60936.76,28.36
2020-09-24T19:00+02:00,4989.27,24889.42,19285.12,62031.53,28.36
2020-09-24T20:00+02:00,4523.89,24523.7,19808.98,59574.7,28.36
2020-09-24T21:00+02:00,1278.47,24321.7,19341.49,54926.08,28.36
2020-09-24T22:00+02:00,-296.89,23109.93,19132.23,50874.94,28.36
2020-09-24T23:00+02:00,-125.18,20881.61,19937.8,47113.48,28.36
2020-09-25T00:00+02:00,867.18,18512.9,20654.59,45523.02,28.36
2020-09-25T01:00+02:00,1704.45,16840.19,22291.91,44471.96,28.36
2020-09-25T02:00+02:00,2359.63,15108.37,22969.89,43755.63,28.36
2020-09-25T03:00+03:00,2407.45,14741.84,23000.84,44088.23,28.36
2020-09-25T04:00+03:00,2976.64,15247.46,22892.38,44945.88,28.36
2020-09-25T05:00+02:00,2755.19,18242.95,22580.11,48419.55,28.36
2020-09-25T06:00+02:00,3634.11,21898.89,21739.34,55339.08,28.36
2020-09-25T07:00+02:00,4043.7,23953.59,22439.99,61137.1,28.36
2020-09-25T08:00+02:00,2517.36,24246.25,24020.94,64195.32,28.36
2020-09-25T09:00+02:00,3194.24,23522.2,26317.16,65081.1,28.36
2020-09-25T10:00+02:00,1038.75,23451.75,29751.41,66013.19,28.36
2020-09-25T11:00+02:00,2161.49,23285.08,31523.89,67058.83,26.74
2020-09-25T12:00+02:00,1035.12,23107.68,31584.05,65545.67,26.2
2020-09-25T13:00+02:00,1802.44,22902.17,30729.67,63862.62,26.2
2020-09-25T14:00+02:00,2254.18,22789.29,28569.2,61934.77,26.2
2020-09-25T15:00+02:00,3324.84,22943.04,26854.92,61135.34,26.2
2020-09-25T16:00+02:00,4192.9,23184,24631.33,59599.91,26.2
2020-09-25T17:00+02:00,5124.74,23713.18,21038.12,59347.4,26.2
2020-09-25T18:00+02:00,5806.82,24236.2,17418.9,59522.1,26.2
2020-09-25T19:00+02:00,6179.98,24427.8,16847.09,60339.75,26.2
2020-09-25T20:00+02:00,5387.31,23614.32,17462.87,58309.24,26.2
2020-09-25T21:00+02:00,4358.84,21657.09,18291.74,54099.21,26.2
2020-09-25T22:00+02:00,3250.16,19943.23,18182.63,50499.28,26.2
2020-09-25T23:00+02:00,2523.49,17471.68,17672.21,46494.58,26.2
2020-09-26T00:00+02:00,2403.51,16150.19,16903.89,43667.58,26.2
2020-09-26T01:00+02:00,3429.4,15030.4,16443.59,41374.76,26.2
2020-09-26T02:00+02:00,5178.52,13696.89,16422.64,40329.87,26.2
2020-09-26T03:00+02:00,6332.59,13510.11,16319.14,40249.79,26.2
2020-09-26T04:00+02:00,6479.48,13459.56,15914.21,40262.36,26.2
2020-09-26T05:00+02:00,6923.22,13891.21,15776.93,40796.49,26.2
2020-09-26T06:00+02:00,6907.46,14328.05,15925.83,42687.63,26.2
2020-09-26T07:00+02:00,6986.6,15490.71,16350.89,45335.9,26.2
2020-09-26T08:00+02:00,6856.58,16571.97,17586.17,49293.29,26.2
2020-09-26T09:00+02:00,6641.39,17076.63,19318.04,52364.74,26.2
2020-09-26T10:00+02:00,7327.04,17303.09,20826.35,54373.25,26.2
2020-09-26T11:00+02:00,6744.55,17484.44,22405.67,55870.02,26.2
2020-09-26T12:00+02:00,6061.7,17207.99,23496.91,56203.5,26.2
2020-09-26T13:00+02:00,4980.18,16234.93,25829.04,55065.16,26.2
2020-09-26T14:00+02:00,4469.64,14525.56,28806.56,54082.18,26.2
2020-09-26T15:00+02:00,3172.76,13830.61,30574.07,54185.49,26.2
2020-09-26T16:00+02:00,-22.21,14337.66,31073.41,54446.51,26.2
2020-09-26T17:00+02:00,-1391.4,15046.42,32116.61,55622.36,26.2
2020-09-26T18:00+02:00,-1839.01,15321.16,32559.41,56889.3,26.2
2020-09-26T19:00+02:00,-3771.4,15033.4,33645.68,57322.59,26.2
2020-09-26T20:00+02:00,-4209.34,13660.92,34185.08,54455.38,26.2
2020-09-26T21:00+02:00,-5529,13033.25,34225.2,51073.56,26.2
2020-09-26T22:00+02:00,-4592.85,12218.15,32496.85,48628.39,26.2
2020-09-26T23:00+02:00,-3528.58,11612.06,30901.61,44403.41,26.2
2020-09-27T00:00+02:00,-3390.63,11268.26,30021.63,41355.1,26.2
2020-09-27T01:00+02:00,-3348.55,11204.51,28366.23,39843.54,26.2
2020-09-27T02:00+02:00,-2204.55,11041.69,26829.75,38688.77,26.2
2020-09-27T03:00+02:00,-800.18,10779.92,25405.21,37965.75,26.2
2020-09-27T04:00+02:00,566.67,11022.73,23147.79,37696.73,26.2
2020-09-27T05:00+02:00,641.87,11285.78,21752.49,38084.21,26.2
2020-09-27T06:00+02:00,2008.79,12037.19,20794.58,38601.91,26.2
2020-09-27T07:00+02:00,2768.85,12661.75,18858.28,39822.53,26.2
2020-09-27T08:00+02:00,3155.3,13644.2,18965.46,42984.07,26.2
2020-09-27T09:00+02:00,2878.79,14917.61,21097.2,46696.46,26.2
2020-09-27T10:00+02:00,2089.3,15791.29,22856.44,50042.42,26.2
2020-09-27T11:00+02:00,2210.4,16253.48,24521.03,52365.33,26.2
2020-09-27T12:00+02:00,1431.05,16502.6,25529.62,52259.44,26.2
2020-09-27T13:00+02:00,1022.89,15787.03,25531.14,50500.79,26.2
2020-09-27T14:00+02:00,1187.32,16245.22,24150.33,49314.72,26.2
2020-09-27T15:00+02:00,471.35,17294.04,21448.09,47864.7,26.2
2020-09-27T16:00+02:00,1730.19,18577.45,18241.56,47243.42,26.2
2020-09-27T17:00+02:00,3908.38,20102.35,14969.52,48639.36,26.2
2020-09-27T18:00+02:00,7003.59,20787.5,12201.07,50682.01,26.2
2020-09-27T19:00+02:00,5776.1,21346.16,11630.44,52351.75,26.2
2020-09-27T20:00+02:00,4428.17,21464.31,11771.83,50280,26.2
2020-09-27T21:00+02:00,4135.46,21644.55,12328.97,47802.51,26.2
2020-09-27T22:00+02:00,3598.96,21644.72,12413.17,46390.46,26.2
2020-09-27T23:00+02:00,1585.58,21482.79,12716.86,43475.37,26.2
2020-09-28T00:00+02:00,1038.16,20477.19,12538.04,41255.96,26.2
2020-09-28T01:00+02:00,641.57,20475.38,12060.32,40532.22,26.2
2020-09-28T02:00+02:00,2059.52,20161.18,11854.85,40171.32,26.2
2020-09-28T03:00+02:00,2716.74,20544.57,11557.34,40427.28,26.2
2020-09-28T04:00+02:00,2965.99,21999.65,10742.32,42064.38,26.2
2020-09-28T05:00+02:00,2608.73,24327.77,10634.05,46235.83,26.2
2020-09-28T06:00+02:00,5977.18,27581.92,10813.15,54880.53,26.2
2020-09-28T07:00+02:00,6597.9,29673.95,11620.64,60765.65,26.2
2020-09-28T08:00+02:00,4839.08,30141.22,14623.64,63251.24,26.2
2020-09-28T09:00+02:00,1885.61,30075.42,18667.13,64102.42,26.2
2020-09-28T10:00+02:00,-680.04,29920.07,22211.47,65129.68,26.2
2020-09-28T11:00+02:00,-1516.01,29907.48,24859.56,65614.32,26.2
2020-09-28T12:00+02:00,-1784.41,29738.53,26709.38,65457.67,26.2
2020-09-28T13:00+02:00,-1621.75,29822.8,26230.32,64869.63,26.2
2020-09-28T14:00+02:00,-1793,30202.2,23574.21,63606.56,26.2
2020-09-28T15:00+02:00,-620.37,30607.17,20187.34,62144.4,26.2
2020-09-28T16:00+02:00,3186.03,31483.19,16677.25,61070.59,26.2
2020-09-28T17:00+02:00,5518.72,31755.29,13139.56,61501.48,26.2
2020-09-28T18:00+02:00,5834.64,32253.86,10468.56,62429.18,26.2
2020-09-28T19:00+02:00,6295.02,32375.53,10164.72,64245.91,26.2
2020-09-28T20:00+02:00,4876.08,32435.83,10223.49,61434.36,26.2
2020-09-28T21:00+02:00,3781.79,31927.76,10381,56916.9,26.2
2020-09-28T22:00+02:00,1356.92,30873.04,10366.31,53187.25,26.2
2020-09-28T23:00+02:00,986.8,29444.37,10200.04,48846.3,26.2
2020-09-29T00:00+02:00,1995.93,27836.36,10037.59,45714.27,26.2
2020-09-29T01:00+02:00,2088.58,26875.71,10086.56,44040.43,26.2
2020-09-29T02:00+02:00,2208.62,26164.97,10189.56,43276.32,26.2
2020-09-29T03:00+02:00,3283.53,25787.63,10229.12,43700.1,26.2
2020-09-29T04:00+02:00,3785.57,26123.68,10389.19,45036.83,26.2
2020-09-29T05:00+02:00,3671.21,28060.43,10443.15,48722.59,26.2
2020-09-29T06:00+02:00,4710.77,31349.78,10501.74,56711.96,26.2
2020-09-29T07:00+02:00,5495.07,32792.27,11344.76,61914.35,26.2
2020-09-29T08:00+02:00,3598.93,33053.51,13980.04,64352.88,26.2
2020-09-29T09:00+02:00,2243.63,32910.28,17210.43,65115.74,26.2
2020-09-29T10:00+02:00,1130.39,32753.71,19977.75,66107.5,26.2
2020-09-29T11:00+02:00,885.83,32831.79,22526.5,67434.28,26.2
2020-09-29T12:00+02:00,1688.4,32384.35,23439.54,67358.42,26.2
2020-09-29T13:00+02:00,1711.72,32086.37,23820.77,66443.29,26.2
2020-09-29T14:00+02:00,-25.52,32792.45,22989.31,64862.94,26.2
2020-09-29T15:00+02:00,457.22,33182.67,20484.95,63494.61,26.2
2020-09-29T16:00+02:00,2588.76,33256.21,17302.28,61807.92,26.2
2020-09-29T17:00+02:00,3795.66,33549.25,13542.41,62005.04,26.2
2020-09-29T18:00+02:00,4948.95,33872.3,11021.38,63000.58,26.2
2020-09-29T19:00+02:00,6433.97,33940.74,10478.73,64725.37,26.2
2020-09-29T20:00+02:00,4414.49,33173.51,10392.29,61410.36,26.2
2020-09-29T21:00+02:00,3673.86,32762.56,9842.2,56858.85,26.2
2020-09-29T22:00+02:00,1941.86,32254.59,9491.97,53087.68,26.2
2020-09-29T23:00+02:00,511.1,31063.18,9194.43,49114.3,26.2
2020-09-30T00:00+02:00,1093.24,29172.59,8948.31,46225.87,26.2
2020-09-30T01:00+02:00,1220.98,27553.3,8765.58,44413.51,26.2
2020-09-30T02:00+02:00,1761.8,27450.1,8670.07,43731.91,26.2
2020-09-30T03:00+02:00,3181.67,27381.93,8886.33,44083.54,26.2
2020-09-30T04:00+02:00,4394.73,27497.21,9078.59,45569.41,26.2
2020-09-30T05:00+02:00,3358.88,29714.68,9452.35,49327.81,26.2
2020-09-30T06:00+02:00,5074.01,32566.88,9912.68,57362.38,26.2
2020-09-30T07:00+02:00,5568.9,33972.71,10554.36,62668.42,26.2
2020-09-30T08:00+02:00,3080.84,34550,13341.84,64314.52,26.2
2020-09-30T09:00+02:00,1404.73,34336.84,17293.73,64938.18,26.2
2020-09-30T10:00+02:00,-1259.48,34100.5,22018.08,65574.6,26.2
2020-09-30T11:00+02:00,-3217.01,34135.07,25860.75,66519.49,26.2
2020-09-30T12:00+02:00,-4748.33,33589.77,27354.79,65960.85,26.2
2020-09-30T13:00+02:00,-4705.99,33196.72,27794.86,64609.38,26.2
2020-09-30T14:00+02:00,-4477.38,32721.03,27151.21,62958.7,26.2
2020-09-30T15:00+02:00,-3827.42,33071.66,24830.8,61520.8,26.2
2020-09-30T16:00+02:00,-1286.85,33214.9,20791.78,60630.13,26.2
2020-09-30T17:00+02:00,1429.24,33904.19,16215.01,61211.82,26.2
2020-09-30T18:00+02:00,3039.68,33431.31,12949.71,62010.02,26.2
2020-09-30T19:00+02:00,2140.51,33555.7,14170.99,64741.73,26.2
2020-09-30T20:00+02:00,532.2,32755.6,15875.68,62125,26.2
2020-09-30T21:00+02:00,-2244.91,31444.99,17886.87,57867.96,26.2
2020-09-30T22:00+02:00,-1692.85,28320.34,19051.82,53910.8,26.2
2020-09-30T23:00+02:00,-1947.14,25567.1,19434.23,49506.27,26.2
2020-10-01T00:00+02:00,-729.1,22985.75,19776.91,46964.45,26.2
2020-10-01T01:00+02:00,-256.01,21935.34,20048.32,45592.36,26.2
2020-10-01T02:00+02:00,934.84,20421.91,19793.33,44758.32,26.2
2020-10-01T03:00+02:00,260.78,20773.58,20121.89,44790.13,26.2
2020-10-01T04:00+02:00,379.08,21663.18,20174.55,46500.79,26.2
2020-10-01T05:00+02:00,-516.64,24297.09,20607.85,50316.69,26.2
2020-10-01T06:00+02:00,-798.32,28143.68,21501,58691.97,26.2
2020-10-01T07:00+02:00,-1312,29462.66,22405.82,63654.74,26.2
2020-10-01T08:00+02:00,-3983.46,29673.85,24889.17,65346.78,26.2
2020-10-01T09:00+02:00,-4817.21,29439.5,28165.77,65735.98,26.2
2020-10-01T10:00+02:00,-6462.09,29245.46,32093.45,66309.73,26.2
2020-10-01T11:00+02:00,-6950.37,28922.51,35710.77,67295.67,26.2
2020-10-01T12:00+02:00,-7188.65,28366.08,38784.96,67123.86,26.2
2020-10-01T13:00+02:00,-8255.86,28231.84,40582.45,66361.52,26.2
2020-10-01T14:00+02:00,-8294.23,27947.34,39560.05,65266.54,26.2
2020-10-01T15:00+02:00,-7877.72,28447.47,35844.34,63920.57,26.2
2020-10-01T16:00+02:00,-5339.8,29078.7,30916.58,63178.81,26.2
2020-10-01T17:00+02:00,-3102.44,29824.66,26153.39,63409.2,26.2
2020-10-01T18:00+02:00,-1504.04,29787.96,23821.24,64723.2,26.2
2020-10-01T19:00+02:00,-2093.75,29978.59,24806.39,66138.17,26.2
2020-10-01T20:00+02:00,-4014.5,29504.38,25029.87,62970.93,26.2
2020-10-01T21:00+02:00,-3560.74,28953.23,24021.34,58263.53,26.2
2020-10-01T22:00+02:00,-3614.5,27505.04,20469.64,53430.14,26.2
2020-10-01T23:00+02:00,-3360.31,26588.19,17163.05,48944.29,26.2
2020-10-02T00:00+02:00,-319.61,24985.11,15575.84,46413.1,26.2
2020-10-02T01:00+02:00,1394.58,24158.95,13732.67,44953.03,26.2
2020-10-02T02:00+02:00,3149.18,23959.76,12214.19,44241.88,26.2
2020-10-02T03:00+02:00,4968.58,23737.99,11493.37,44646.76,26.2
2020-10-02T04:00+02:00,5719.56,24157.63,11328.21,45882.4,26.2
2020-10-02T05:00+02:00,4619.52,25322.23,11993.92,49284.08,26.2
2020-10-02T06:00+02:00,3222.84,28118.1,13996.63,56853.68,26.2
2020-10-02T07:00+02:00,3452.15,28893.04,16387.79,62191.44,26.2
2020-10-02T08:00+02:00,3443.75,28565.63,20415.8,64657.91,26.2
2020-10-02T09:00+02:00,-1402.89,28334.05,25478.01,65278.94,26.2
2020-10-02T10:00+02:00,-4766.87,28139.8,29900.11,66600.78,26.2
2020-10-02T11:00+02:00,-4646.35,27174.93,34828.07,66927.52,26.13
2020-10-02T12:00+02:00,-5165.5,24170.79,39199.38,67172.82,26.11
2020-10-02T13:00+02:00,-6911.24,20855.21,41812.26,66062.54,26.11
2020-10-02T14:00+02:00,-7033.12,19581.03,42860.61,64174.53,26.11
2020-10-02T15:00+02:00,-7153.22,19312.59,43634.96,63727.68,26.11
2020-10-02T16:00+02:00,-6839.76,19254.86,42166.43,63006.44,26.11
2020-10-02T17:00+02:00,-6085.4,20133.69,39964.87,63148.76,26.11
2020-10-02T18:00+02:00,-5497.64,20088.57,39264.74,64020.99,26.11
2020-10-02T19:00+02:00,-6037.61,19606.34,40982.02,65470.14,26.11
2020-10-02T20:00+02:00,-5441.8,16767.77,41889.07,62094.77,26.11
2020-10-02T21:00+02:00,-4864.16,14042.93,41742.42,57572.28,26.11
2020-10-02T22:00+02:00,-5032.86,11799.48,40103.67,53727.56,26.11
2020-10-02T23:00+02:00,-5964.94,10956.65,39056.93,50114.79,26.11
2020-10-03T00:00+02:00,-8462.85,10235.12,37739.45,47007.47,26.11
2020-10-03T01:00+02:00,-8796.74,10051.22,36620,44796.13,26.11
2020-10-03T02:00+02:00,-8240.55,9990.64,36244.2,43358.52,26.11
2020-10-03T03:00+02:00,-7292.89,9890.98,36066.35,43320.3,26.11
2020-10-03T04:00+02:00,-6632.91,9871.96,35629.32,43284.54,26.11
2020-10-03T05:00+02:00,-7274.63,9864.5,34835.4,43071.54,26.11
2020-10-03T06:00+02:00,-7431.33,10112.69,34792.54,42910.3,26.11
2020-10-03T07:00+02:00,-6765.27,10025.16,34613.35,45276.4,26.11
2020-10-03T08:00+02:00,-6793.55,10640.03,35648.99,48303.86,26.11
2020-10-03T09:00+02:00,-7362.33,11118.76,37748.71,50937.07,26.11
2020-10-03T10:00+02:00,-5568.05,11538.93,39344.48,53175.1,26.11
2020-10-03T11:00+02:00,-5754.56,11728.73,40965.59,54665.56,26.11
2020-10-03T12:00+02:00,-5907.14,11930.46,42673.92,54934.95,26.11
2020-10-03T13:00+02:00,-6532.98,11870.67,42936.82,53071.54,26.11
2020-10-03T14:00+02:00,-6574.12,12232.17,41232.97,51777.7,26.11
2020-10-03T15:00+02:00,-5630.06,13081.64,38447.87,50380.95,26.11
2020-10-03T16:00+02:00,-4826.66,13724.32,33815.49,49496.68,26.11
2020-10-03T17:00+02:00,-2187.63,14534.04,29200.89,51094.4,26.11
2020-10-03T18:00+02:00,-234.26,14902.74,26815.49,52577.2,26.11
2020-10-03T19:00+02:00,-837.25,14909.72,27068.29,53921.9,26.11
2020-10-03T20:00+02:00,-2853.16,14632.8,28222.26,52102.84,26.11
2020-10-03T21:00+02:00,-2430.27,13972.7,27848.04,49819.45,26.11
2020-10-03T22:00+02:00,-2542.89,13530.81,26845.39,47388.77,26.11
2020-10-03T23:00+02:00,-2158.78,12353.42,26745.25,44584.18,26.11
2020-10-04T00:00+02:00,-2428.37,10723.55,26309.74,41892.82,26.11
2020-10-04T01:00+02:00,-2752.12,10131.06,25638.77,40185.4,26.11
2020-10-04T02:00+02:00,-3318.38,9710.76,25700.29,38729.65,26.11
2020-10-04T03:00+02:00,-2604.21,9689.46,26721.62,38391.45,26.11
2020-10-04T04:00+02:00,-2071.6,9553,28195.48,38436.98,26.11
2020-10-04T05:00+02:00,-3734.92,9445.16,29817.66,39063.24,26.11
2020-10-04T06:00+02:00,-5584.55,9462.98,31774.76,39594.23,26.11
2020-10-04T07:00+02:00,-6092.22,9575.34,33907.46,42101.33,26.11
2020-10-04T08:00+02:00,-6995.62,9790.44,37641.78,45435.41,26.11
2020-10-04T09:00+02:00,-8779.46,9729.71,41976.04,48608.99,26.11
2020-10-04T10:00+02:00,-8507.58,9591.27,47287.38,51316.75,26.11
2020-10-04T11:00+02:00,-10428.11,9489.69,51626.65,54298.29,26.11
2020-10-04T12:00+02:00,-13063.95,9153.52,52956.03,54073.8,26.11
2020-10-04T13:00+02:00,-12992.99,8969.38,51961.69,51869.44,26.11
2020-10-04T14:00+02:00,-12416.25,9059.59,49511.8,49743.99,26.11
2020-10-04T15:00+02:00,-8983.86,9480.13,44818.52,48858.84,26.11
2020-10-04T16:00+02:00,-7839.69,10079.16,41784.31,48896.66,26.11
2020-10-04T17:00+02:00,-3270.83,11417.21,32841.85,50646.44,26.11
2020-10-04T18:00+02:00,-491.5,13744.38,27626.74,51807.48,26.11
2020-10-04T19:00+02:00,-338.03,14417.06,29143.45,53963.28,26.11
2020-10-04T20:00+02:00,-2972.75,14301.12,30852.36,52143.06,26.11
2020-10-04T21:00+02:00,-4031.87,13468.09,30682.28,50174.69,26.11
2020-10-04T22:00+02:00,-3601.1,13273.35,30195.38,48919.32,26.11
2020-10-04T23:00+02:00,-3084.28,12251.92,29571.3,46026.2,26.11
2020-10-05T00:00+02:00,-3007,11442.99,29353.55,43472.94,26.11
2020-10-05T01:00+02:00,-2370.03,11346.86,28976.39,42482.17,26.11
2020-10-05T02:00+02:00,-3021.34,11523.13,28885.14,41868.6,26.11
2020-10-05T03:00+02:00,-1704.15,11833.26,28818.64,42422.85,26.11
2020-10-05T04:00+02:00,-1575.74,12291.16,29463.59,44061.82,26.11
2020-10-05T05:00+02:00,-2574.5,14745.63,29578.02,48480.18,26.11
2020-10-05T06:00+02:00,-1942.35,19603.66,30554.02,57700.24,26.11
2020-10-05T07:00+02:00,-2487.86,22919.19,30711.31,63749.34,26.11
2020-10-05T08:00+02:00,-4392.73,24880.26,30635.82,66321.69,26.11
2020-10-05T09:00+02:00,-5860.8,25679.82,32757.63,66986.88,26.11
2020-10-05T10:00+02:00,-4124.35,25345.14,35726.29,67934.1,26.11
2020-10-05T11:00+02:00,-6087.61,25190.18,38386.44,69266.18,26.11
2020-10-05T12:00+02:00,-7132.83,24813.38,39929.11,68814.84,26.11
2020-10-05T13:00+02:00,-7131.76,24585.93,39377.55,67705.16,26.11
2020-10-05T14:00+02:00,-6629.17,25274.13,38252.98,66080.01,26.11
2020-10-05T15:00+02:00,-4013.82,24948.37,35664.74,65666.81,26.11
2020-10-05T16:00+02:00,-2941.73,25535.23,31110.6,64012.8,26.11
2020-10-05T17:00+02:00,-1233.8,26210.45,27639.26,64142.39,26.11
2020-10-05T18:00+02:00,419.43,25769.33,26524.98,65275.43,26.11
2020-10-05T19:00+02:00,-795.47,25946.71,27957.62,66704.12,26.11
2020-10-05T20:00+02:00,-4775.37,25513.29,29509.12,63392.85,26.11
2020-10-05T21:00+02:00,-4787.9,24243.42,29906.37,59102.1,26.11
2020-10-05T22:00+02:00,-6272.71,22136.58,30254.14,55347.67,26.11
2020-10-05T23:00+02:00,-5884.76,19082.29,31401.99,52096.16,26.11
2020-10-06T00:00+02:00,-4317.57,16648.62,32272.47,49840.6,26.11
2020-10-06T01:00+02:00,-4655.64,15465.97,33083.51,47704.3,26.11
2020-10-06T02:00+02:00,-5193.17,14585.5,33895.98,47236.3,26.11
2020-10-06T03:00+02:00,-5749.62,14252.82,34782.09,47169.65,26.11
2020-10-06T04:00+02:00,-5306.68,14498.54,35061.94,48258.36,26.11
2020-10-06T05:00+02:00,-5505.63,16535.76,35487.48,52292.84,26.11
2020-10-06T06:00+02:00,-6512.3,21545.12,36183.41,60873.86,26.11
2020-10-06T07:00+02:00,-7692.63,23947.01,36414.73,66694.56,26.11
2020-10-06T08:00+02:00,-8110.78,24572.67,36734.3,68853.96,26.11
2020-10-06T09:00+02:00,-7219.78,24207.76,38878.83,69224.98,26.11
2020-10-06T10:00+02:00,-8022.06,24372.87,43672.39,70677.93,26.11
2020-10-06T11:00+02:00,-8351.91,24546.63,45847.59,72092.27,26.11
2020-10-06T12:00+02:00,-8399.37,24425.41,45581.63,71443.2,26.11
2020-10-06T13:00+02:00,-6575.86,23864.98,44995.37,70799.05,26.11
2020-10-06T14:00+02:00,-6011.52,24158.28,42512.04,69289.96,26.11
2020-10-06T15:00+02:00,-5545.67,24160.04,39183.25,67744.47,26.11
2020-10-06T16:00+02:00,-3632.27,24297.99,34813.22,66352.98,26.11
2020-10-06T17:00+02:00,-1287.27,24876.99,31498.91,66003.6,26.11
2020-10-06T18:00+02:00,-726.29,24495.66,30101.8,66680.59,26.11
2020-10-06T19:00+02:00,-755.95,24296.85,29964.52,68247.61,26.11
2020-10-06T20:00+02:00,-2781.11,24080.47,30153.39,64781.94,26.11
2020-10-06T21:00+02:00,-3311.71,23421.14,29618.01,60097.86,26.11
2020-10-06T22:00+02:00,-4637.7,22281.31,28740.25,56087.66,26.11
2020-10-06T23:00+02:00,-3296.68,19757.09,27340.85,51942,26.11
2020-10-07T00:00+02:00,-3267.7,17585.76,27007.99,48544.7,26.11
2020-10-07T01:00+02:00,-1749.19,16039.69,26617.18,46358.01,26.11
2020-10-07T02:00+02:00,371.3,14841.69,26008.27,46147.25,26.11
2020-10-07T03:00+02:00,506.91,15211.49,25392.46,46316.56,26.11
2020-10-07T04:00+02:00,2225.1,16259.23,24606.86,47523.73,26.11
2020-10-07T05:00+02:00,1105.62,19234.29,24828.91,51295.12,26.11
2020-10-07T06:00+02:00,-333.89,24312.86,25540.82,59754.22,26.11
2020-10-07T07:00+02:00,-2496.25,27996.32,26336,65229.93,26.11
2020-10-07T08:00+02:00,-2718.76,28764.46,27773,67622.07,26.11
2020-10-07T09:00+02:00,-5111.84,29054.41,30348.38,68212.56,26.11
2020-10-07T10:00+02:00,-6528.56,28836.34,33780.27,69115.14,26.11
2020-10-07T11:00+02:00,-4265.52,28700.38,35726.63,70073.48,26.11
2020-10-07T12:00+02:00,-5814.32,28793.55,37293.3,69753.62,26.11
2020-10-07T13:00+02:00,-6950.89,28097.3,38871.3,69362.05,26.11
2020-10-07T14:00+02:00,-7803.2,27196.01,39076.86,68385.84,26.11
2020-10-07T15:00+02:00,-7449.33,26826.38,38204.47,67530.89,26.6
2020-10-07T16:00+02:00,-7131.34,27385.16,36007.39,65602.07,26.76
2020-10-07T17:00+02:00,-4404.35,27723.63,32250.42,65051.56,26.76
2020-10-07T18:00+02:00,-2643.08,27648.12,30151.89,65982.64,26.76
2020-10-07T19:00+02:00,-4466.35,28008.84,30627.82,67714.68,26.76
2020-10-07T20:00+02:00,-5418.78,27521.31,31093.49,64266.78,26.76
2020-10-07T21:00+02:00,-5224.02,25225.9,31739.15,60267.14,26.76
2020-10-07T22:00+02:00,-4958.18,23061.05,30979.4,56850.84,26.76
2020-10-07T23:00+02:00,-4766.58,19853.69,30821.05,52542.94,26.76
2020-10-08T00:00+02:00,-4172.97,16422.46,30991.9,49172.09,26.76
2020-10-08T01:00+02:00,-2577.72,15591.69,30526.08,47820.41,26.76
2020-10-08T02:00+02:00,-3385.9,15410.36,29303.97,46160.32,26.76
2020-10-08T03:00+02:00,-1897.38,15510.76,29035.96,47133.39,26.76
2020-10-08T04:00+02:00,-263.92,16166.24,28850.04,48579.8,26.76
2020-10-08T05:00+02:00,-1621.52,18581.1,28180.37,52081.61,26.76
2020-10-08T06:00+02:00,-2761.47,23890.57,28432.1,60124.04,26.76
2020-10-08T07:00+02:00,-3651.55,25976.03,29867.79,65776.91,26.76
2020-10-08T08:00+02:00,-3265.95,26246.3,31421.58,67948.02,26.76
2020-10-08T09:00+02:00,-5820.85,26127.84,35669.28,68685.56,26.76
2020-10-08T10:00+02:00,-7201.71,25291.82,42683.55,70556.23,26.76
2020-10-08T11:00+02:00,-8347.88,24044.97,46763.01,72297.04,26.76
2020-10-08T12:00+02:00,-8704.61,21941.31,49633.31,71741.61,26.76
2020-10-08T13:00+02:00,-9154.78,20669.62,52263.89,71089.06,26.76
2020-10-08T14:00+02:00,-9524.22,19622.66,53249.36,69729.16,26.76
2020-10-08T15:00+02:00,-9512.37,18992.05,51421.9,69106.38,26.76
2020-10-08T16:00+02:00,-9180.93,19328.45,49198.56,68235.04,26.76
2020-10-08T17:00+02:00,-8362.81,19616.5,47542.58,68577.84,26.76
2020-10-08T18:00+02:00,-8349.53,20577.37,46522.41,69636.25,26.76
2020-10-08T19:00+02:00,-8305.9,20983.5,46899.91,70619.02,26.76
2020-10-08T20:00+02:00,-7641.36,18922.62,46314.78,66770.71,26.76
2020-10-08T21:00+02:00,-6923.4,17845.12,44826.01,61944.04,26.76
2020-10-08T22:00+02:00,-6940.08,17413.11,42012.04,58244.45,26.76
2020-10-08T23:00+02:00,-7519.46,17152.51,39453.91,54102.4,26.76
2020-10-09T00:00+02:00,-7080.46,15511.57,36596.28,50742.7,26.76
2020-10-09T01:00+02:00,-6166.42,15241.86,34330.14,48625.92,26.76
2020-10-09T02:00+02:00,-5445.33,15388.8,31150.21,47588.4,26.76
2020-10-09T03:00+02:00,-4224.13,16289.43,27425.81,46904.34,26.76
2020-10-09T04:00+02:00,-3070.72,18835.58,23371.74,47898.74,26.76
2020-10-09T05:00+02:00,-1232.98,22574.44,20246.74,51094.05,26.76
2020-10-09T06:00+02:00,1123.83,27491.85,17611.43,58394.73,26.76
2020-10-09T07:00+02:00,1373.72,30702.8,16583.55,64022.67,26.76
2020-10-09T08:00+02:00,2233.26,31595.9,17490.83,66062.84,26.76
2020-10-09T09:00+02:00,-280.41,31508.5,19967.89,66157.9,26.76
2020-10-09T10:00+02:00,-1886.24,31142.45,23341.99,66830.27,26.76
2020-10-09T11:00+02:00,-2096.26,30842.92,26702.84,67954.11,26.19
2020-10-09T12:00+02:00,-4524.96,29882.2,28708.96,66966.99,26
2020-10-09T13:00+02:00,-4813.01,29122.87,28801.94,64884.09,26
2020-10-09T14:00+02:00,-4708.51,28992.23,27922.96,63170.29,26
2020-10-09T15:00+02:00,-3615.48,29120.1,25850.8,61765.14,26
2020-10-09T16:00+02:00,-975.95,29361.43,23059.84,61142.23,26
2020-10-09T17:00+02:00,579.19,30440.29,20626.7,61776.44,26
2020-10-09T18:00+02:00,532.24,31120.02,19716.24,62987.23,26
2020-10-09T19:00+02:00,-463.86,31447.59,20049.83,64332.63,26
2020-10-09T20:00+02:00,-4127.84,31019.62,20785.24,60275.16,26
2020-10-09T21:00+02:00,-4435.5,29229.2,20545.8,56473.32,26
2020-10-09T22:00+02:00,-5550.63,27891.12,21370.97,52733.65,26
2020-10-09T23:00+02:00,-6149.62,25260.29,21892.71,48704.72,26
2020-10-10T00:00+02:00,-6071.38,22998.03,21791.39,45808.84,26
2020-10-10T01:00+02:00,-6578.97,21650.56,21403.31,43973.5,26
2020-10-10T02:00+02:00,-5314.59,20792.85,20459.95,42335.42,26
2020-10-10T03:00+02:00,-4821.22,20635.66,21107.69,42199.59,26
2020-10-10T04:00+02:00,-3565.82,20400.24,21736.65,42805.22,26
2020-10-10T05:00+02:00,-5035.8,21031.04,22036.08,43400.21,26
2020-10-10T06:00+02:00,-6723.61,22280.59,23885.27,45037.7,26
2020-10-10T07:00+02:00,-6519.85,23033.58,24710.45,48345.99,26
2020-10-10T08:00+02:00,-5439.29,23252.32,26177.27,52254.09,26
2020-10-10T09:00+02:00,-6897.84,22695.29,28880.53,55268.63,26
2020-10-10T10:00+02:00,-7661.25,22001.17,32619.38,56598.64,26
2020-10-10T11:00+02:00,-8364.22,21533.23,35241.63,57880.73,26
2020-10-10T12:00+02:00,-6882.52,19629.49,37874.78,57654.03,26
2020-10-10T13:00+02:00,-6891.96,17537.34,39275.45,57007.96,26
2020-10-10T14:00+02:00,-6529.5,17086.97,37445.59,55380.86,26
2020-10-10T15:00+02:00,-4370.78,17412.89,35592.93,54798.31,26
2020-10-10T16:00+02:00,-2698,19241.19,30981.32,53503.28,26
2020-10-10T17:00+02:00,-1778.9,21936.35,25144.3,54565.32,26
2020-10-10T18:00+02:00,-1846.62,23623.7,22140.77,56097.62,26
2020-10-10T19:00+02:00,-1363.32,24122.84,22830.72,57429.5,26
2020-10-10T20:00+02:00,-3881.41,22873.89,23842.58,53941.05,26
2020-10-10T21:00+02:00,-5288.85,22133.88,25576.41,51014.46,26
2020-10-10T22:00+02:00,-4974.3,20575.11,25665.94,49617.92,26
2020-10-10T23:00+02:00,-4545.31,18317.39,25544.12,46123.3,26
2020-10-11T00:00+02:00,-5437.17,17119.58,24054.29,43266.1,26
2020-10-11T01:00+02:00,-4594.71,16696.58,23625.01,41416.11,26
2020-10-11T02:00+02:00,-3466.37,16407.32,23326.93,40788.72,26
2020-10-11T03:00+02:00,-3126.79,16071.82,23976.33,40744.53,26
2020-10-11T04:00+02:00,-1857.16,15683.14,23980.05,40851.85,26
2020-10-11T05:00+02:00,-2581.75,15958.76,23720.15,41051.85,26
2020-10-11T06:00+02:00,-3806.74,16790.62,22935.88,41764.66,26
2020-10-11T07:00+02:00,-4872.48,18622.76,23260.23,43605.31,26
2020-10-11T08:00+02:00,-6252.98,19823.5,24432.86,46208.95,26
2020-10-11T09:00+02:00,-6665.73,20099.7,27077.16,49175.55,26
2020-10-11T10:00+02:00,-7799.04,20395.93,31726.7,51179.76,26
2020-10-11T11:00+02:00,-7259.88,19920.13,32845.37,53568.32,26
2020-10-11T12:00+02:00,-7342.85,19781.71,33015.76,52865.11,26
2020-10-11T13:00+02:00,-6935.12,19660.26,31458.03,51086.81,26
2020-10-11T14:00+02:00,-4490.62,19737.55,29558.2,50078.17,26
2020-10-11T15:00+02:00,-2955.58,19641.84,27244.71,49045.08,26
2020-10-11T16:00+02:00,-1894.52,20772.73,23434.97,48763.34,26
2020-10-11T17:00+02:00,-2062.49,23375.49,19187.03,50290.29,26
2020-10-11T18:00+02:00,-1469.21,25380.67,17789.76,53177.89,26
2020-10-11T19:00+02:00,-1439.08,26059.33,18815.43,54746.8,26
2020-10-11T20:00+02:00,-4403.18,26103.84,20041.7,52626.89,26
2020-10-11T21:00+02:00,-2943.04,25347.5,19671.81,50519.44,26
2020-10-11T22:00+02:00,-2692.79,25111.13,19005.97,48967.1,26
2020-10-11T23:00+02:00,-2581.29,23989.17,17877.8,46044.42,26
2020-10-12T00:00+02:00,-3288.4,22947.7,16701.21,43493.21,26
2020-10-12T01:00+02:00,-1053.26,22523,16206.95,42318.18,26
2020-10-12T02:00+02:00,-16.62,22256.72,15997.01,42235.09,26
2020-10-12T03:00+02:00,1051.14,22703.11,15874.03,42656.48,26
2020-10-12T04:00+02:00,941.63,24050.7,14766.76,43947.72,26
2020-10-12T05:00+02:00,-1381.06,28003.64,13838.98,47418.66,26
2020-10-12T06:00+02:00,469.6,32458.24,13521.28,55825.58,26
2020-10-12T07:00+02:00,600.12,36724.43,13258.57,62161.56,26
2020-10-12T08:00+02:00,-2263.02,38880.88,14436.39,65015.04,26
2020-10-12T09:00+02:00,-2953.29,39372.19,16239.98,65927,26
2020-10-12T10:00+02:00,-2962.53,39727.11,18886.3,67111.04,26
2020-10-12T11:00+02:00,-2980.4,40131.71,20356.79,68330.51,26
2020-10-12T12:00+02:00,-3602.16,40274.4,21206.89,68040.88,26
2020-10-12T13:00+02:00,-3910.33,40015.2,21510,66573.85,26
2020-10-12T14:00+02:00,-2814.93,39587.79,21524.31,65618.19,26
2020-10-12T15:00+02:00,-2612.75,39735.69,20087.26,64520.11,26
2020-10-12T16:00+02:00,-1868.82,39737.87,17188.18,62965.73,26
2020-10-12T17:00+02:00,-103.69,40356.11,12617.12,63505.15,26
2020-10-12T18:00+02:00,1916,41032.15,10280.51,65089.85,26
2020-10-12T19:00+02:00,1822.88,41270.19,10065.28,66375.52,26
2020-10-12T20:00+02:00,821.59,40435.87,10429.24,62567.57,26
2020-10-12T21:00+02:00,-242.17,39381.55,10185.33,58130.83,26
2020-10-12T22:00+02:00,-1241.2,37533.97,10089.37,54486.86,26
2020-10-12T23:00+02:00,-2332.71,34450.96,10646.38,50647.42,26
2020-10-13T00:00+02:00,-413.48,31397.07,11303.93,47383.11,26
2020-10-13T01:00+02:00,1104.7,28968.58,11784,45879.11,26
2020-10-13T02:00+02:00,1621.8,27811.02,11995.26,45387.33,26
2020-10-13T03:00+02:00,2453.12,27484.88,11887.6,45693.32,26
2020-10-13T04:00+02:00,2822.16,28457.55,12036.87,47215.15,26
2020-10-13T05:00+02:00,852.42,31987.85,11847.62,50647.88,26
2020-10-13T06:00+02:00,182.18,36769.46,11690.69,58224.45,26
2020-10-13T07:00+02:00,900.75,39157.47,11542.69,63740.28,26
2020-10-13T08:00+02:00,1183.21,39389.08,12751.41,66140.26,26
2020-10-13T09:00+02:00,-349.62,39193.15,15893.4,66689.19,26
2020-10-13T10:00+02:00,-2368.52,38988.13,19217.84,67288.98,26
2020-10-13T11:00+02:00,-2803.63,38394.79,22456.95,67947.63,26
2020-10-13T12:00+02:00,-3837.15,37317.55,25054.57,67652.65,26
2020-10-13T13:00+02:00,-4891.08,36962.37,24470.41,65892.38,26
2020-10-13T14:00+02:00,-4680.78,37143.58,22987.23,64512.06,26
2020-10-13T15:00+02:00,-3652.65,37501.81,21009.32,63556,26
2020-10-13T16:00+02:00,-3470.17,38015.24,18397.64,62377.61,26
2020-10-13T17:00+02:00,-1871.46,38431.81,15759.56,62854.7,26
2020-10-13T18:00+02:00,-3091.52,39219.45,16250.6,65705.95,26
2020-10-13T19:00+02:00,-2657.56,38760.49,18995.44,67610.53,26
2020-10-13T20:00+02:00,-5270.29,36779.81,20769.49,63976.22,26
2020-10-13T21:00+02:00,-5707.34,33244.29,22023.61,60153.85,26
2020-10-13T22:00+02:00,-5011.76,30205.5,22953.64,56286.95,26
2020-10-13T23:00+02:00,-5242.27,27200.52,23930.79,52441.41,26
2020-10-14T00:00+02:00,-4550.38,24327.18,24878.65,49849.93,26
2020-10-14T01:00+02:00,-4665.82,23272.94,25749.26,48366.47,26
2020-10-14T02:00+02:00,-4161.92,22263.4,26825.86,47935.18,26
2020-10-14T03:00+02:00,-4354.16,21887.12,27862.37,48716.83,26
2020-10-14T04:00+02:00,-4422.85,22396.9,28929.34,50254.46,26
2020-10-14T05:00+02:00,-4804.55,24309.39,29690.29,53629.93,26
2020-10-14T06:00+02:00,-6231.53,27605.41,30955.46,60689.56,26
2020-10-14T07:00+02:00,-6503.28,28598.07,32787.47,66798.09,26
2020-10-14T08:00+02:00,-7003.76,28560.57,34849.49,69362.54,26
2020-10-14T09:00+02:00,-8324.77,27862.68,37227.55,70026.8,26
2020-10-14T10:00+02:00,-6689.92,27806.34,39629.9,71082.52,26
2020-10-14T11:00+02:00,-6668.76,27404.18,42101.94,72365,26
2020-10-14T12:00+02:00,-7418.04,27362.93,43524.14,71987.26,26
2020-10-14T13:00+02:00,-7664.21,26992.66,44203.11,70706.27,26
2020-10-14T14:00+02:00,-7193.3,26306.02,43710.52,69440.12,26
2020-10-14T15:00+02:00,-7170.95,26182.95,41603.32,68744.09,26
2020-10-14T16:00+02:00,-7087.84,27054.73,38775.86,67692.92,26
2020-10-14T17:00+02:00,-7047.62,28092.34,36420.68,67983.96,26
2020-10-14T18:00+02:00,-6612.69,28321.12,35616.63,69502.41,26
2020-10-14T19:00+02:00,-7068.77,28781.43,35361.6,69693.11,26
2020-10-14T20:00+02:00,-7480.61,28446.23,34970.55,65836.46,26
2020-10-14T21:00+02:00,-6729.35,26492.02,34391.52,62114.82,26
2020-10-14T22:00+02:00,-6018.5,24086.78,32991.39,58311.12,26
2020-10-14T23:00+02:00,-6779.4,22148.1,32167.58,54346.69,26
2020-10-15T00:00+02:00,-5908.14,21174.02,31350.81,51851.25,26
2020-10-15T01:00+02:00,-6139.8,20997.15,30655.33,50179.54,26
2020-10-15T02:00+02:00,-4990.24,20630.24,29894.71,49200.3,26
2020-10-15T03:00+02:00,-5144.87,20672.09,29243.62,49499.72,26
2020-10-15T04:00+02:00,-4606.62,21584.65,28837.16,50522.25,26
2020-10-15T05:00+02:00,-5495.13,24455.65,28814.23,54088.39,26
2020-10-15T06:00+02:00,-5654.39,28708.74,28712.25,61426.75,26
2020-10-15T07:00+02:00,-7076.52,32875.23,28122.84,67250.52,26
2020-10-15T08:00+02:00,-7018.08,34318.95,28033.59,69469.58,26
2020-10-15T09:00+02:00,-6651.92,35295.66,28741.78,70281.67,26
2020-10-15T10:00+02:00,-5312.36,35002.17,29964.67,71075.9,26
2020-10-15T11:00+02:00,-4858.04,34981.53,30467.77,72083.74,26
2020-10-15T12:00+02:00,-4722.59,34945.79,29812.73,71575.8,26
2020-10-15T13:00+02:00,-3963.18,35082.56,28641.52,70492.15,26
2020-10-15T14:00+02:00,-3574.74,35590.12,26874.55,68767.73,26
2020-10-15T15:00+02:00,-3401.11,35831.98,25000.74,67530.65,26
2020-10-15T16:00+02:00,-2879.27,35904.02,23198.45,66575.12,26
2020-10-15T17:00+02:00,-3397.32,36276.35,21768.82,67047.87,26
2020-10-15T18:00+02:00,-2869.18,36441.83,21264.09,68219.33,26
2020-10-15T19:00+02:00,-3793.22,36600.69,21791.4,68380.56,26
2020-10-15T20:00+02:00,-5500.54,35968.27,21366.96,64174.27,26
2020-10-15T21:00+02:00,-5261.31,34584.38,20791.52,60230.73,26
2020-10-15T22:00+02:00,-5574.71,33131.38,19719.64,56269.87,26
2020-10-15T23:00+02:00,-4617.86,30965.07,19132.29,52296.82,26
2020-10-16T00:00+02:00,-4117.4,29309.6,18626.4,49349.27,26
2020-10-16T01:00+02:00,-3576.24,28202.22,18263.01,47618,26
2020-10-16T02:00+02:00,-3123.83,27249.22,17787.32,46493.16,26
2020-10-16T03:00+02:00,-2036.29,26761.39,17386.54,46956.05,26
2020-10-16T04:00+02:00,-1850.16,27875.19,17038.5,48538.63,26
2020-10-16T05:00+02:00,-2381.78,31180.79,16638.74,51490.15,26
2020-10-16T06:00+02:00,-3639.35,34891.66,16433,58362.09,26
2020-10-16T07:00+02:00,-1506.39,36881.46,16119.87,63718.66,26
2020-10-16T08:00+02:00,-1287.1,37683.75,16062.75,65904.11,26
2020-10-16T09:00+02:00,-1918.69,37831.46,16783.21,66727.32,26
2020-10-16T10:00+02:00,-1216.66,38095.88,17961.9,67521.79,26
2020-10-16T11:00+02:00,-457.12,38030.76,19687.05,68474.19,25.6
2020-10-16T12:00+02:00,-1709.36,38328.98,20674.48,67850.63,25.46
2020-10-16T13:00+02:00,-2714.97,38561.81,20237.72,66257.3,25.46
2020-10-16T14:00+02:00,-2786.4,38659.43,19118.61,64524.94,25.46
2020-10-16T15:00+02:00,-1336.16,38607.61,17367.55,63729.37,25.46
2020-10-16T16:00+02:00,-469.19,38657.02,15160.29,62720.38,25.46
2020-10-16T17:00+02:00,-217.86,39090.08,13172.02,62908.04,25.46
2020-10-16T18:00+02:00,578.92,39344.36,12659.8,64443.12,25.46
2020-10-16T19:00+02:00,-332.06,39312.39,12992.17,64409.91,25.46
2020-10-16T20:00+02:00,-1314.81,38956.65,12440.54,60721.53,25.46
2020-10-16T21:00+02:00,-1222.6,37022.74,12306.87,56758.01,25.46
2020-10-16T22:00+02:00,-2271.02,35555.43,12058.1,53205.32,25.46
2020-10-16T23:00+02:00,-2894.81,32928.28,11495.28,49297.78,25.46
2020-10-17T00:00+02:00,-1834.09,29925.81,10936.26,46313.41,25.46
2020-10-17T01:00+02:00,-2204.44,28978.93,10440.77,44089.84,25.46
2020-10-17T02:00+02:00,-1343.66,28541.7,10029.91,43257.62,25.46
2020-10-17T03:00+02:00,91.87,28462.8,9821,43016.38,25.46
2020-10-17T04:00+02:00,387.27,28392.08,9710.71,42606.87,25.46
2020-10-17T05:00+02:00,-838.69,29298.88,9756.84,43261.1,25.46
2020-10-17T06:00+02:00,-2480.88,30268.45,9712.32,44874.7,25.46
2020-10-17T07:00+02:00,-1250.82,30834.51,9586.11,47577.48,25.46
2020-10-17T08:00+02:00,1132.49,31435.95,10200.6,50983.78,25.46
2020-10-17T09:00+02:00,1002.47,31367.84,12042.74,53863.26,25.46
2020-10-17T10:00+02:00,522.74,31349.03,14187.57,55370.94,25.46
2020-10-17T11:00+02:00,1253.04,31168.49,16424.99,56550.47,25.46
2020-10-17T12:00+02:00,38.78,30874.15,17565.3,56040.68,25.46
2020-10-17T13:00+02:00,-1461.23,30604.54,17108.4,54378.48,25.46
2020-10-17T14:00+02:00,-1000.52,30572.96,15893.75,53022.04,25.46
2020-10-17T15:00+02:00,295.3,30784.22,13906.46,51983.32,25.46
2020-10-17T16:00+02:00,464.25,31491.94,11726.78,51908.35,25.46
2020-10-17T17:00+02:00,2611.73,31848.21,9806.39,53451.71,25.46
2020-10-17T18:00+02:00,2167.9,32467.06,9532.52,55863.2,25.46
2020-10-17T19:00+02:00,1752.52,32584.06,10278.24,56083.62,25.46
2020-10-17T20:00+02:00,-1544.57,32854.98,11166.31,52554.65,25.46
2020-10-17T21:00+02:00,-2898.64,32455.02,12403.95,49892.91,25.46
2020-10-17T22:00+02:00,-4501.72,30703.19,14301.78,48058.85,25.46
2020-10-17T23:00+02:00,-6173.88,27639.33,16307.12,45400.11,25.46
2020-10-18T00:00+02:00,-5767.26,23767.86,18993.78,43298.8,25.46
2020-10-18T01:00+02:00,-5826.86,20607.48,21467.61,42040.56,25.46
2020-10-18T02:00+02:00,-5350.2,18257.75,22603.75,41427.86,25.46
2020-10-18T03:00+02:00,-4954.97,17431.37,24472.32,41540.5,25.46
2020-10-18T04:00+02:00,-4944.6,16983.65,25409.29,41902.46,25.46
2020-10-18T05:00+02:00,-5289.34,17131.89,26239.14,42123.42,25.46
2020-10-18T06:00+02:00,-5786.34,17147.39,27502.06,42965.94,25.46
2020-10-18T07:00+02:00,-5564.86,17753.76,27892.65,45026.27,25.46
2020-10-18T08:00+02:00,-5867.66,17970.06,28692.03,47653.71,25.46
2020-10-18T09:00+02:00,-5552.56,18556.82,30711.74,51057.38,25.46
2020-10-18T10:00+02:00,-5860.29,19453.63,32965.29,53655.8,25.46
2020-10-18T11:00+02:00,-6201.2,19725.44,36203.85,55467.39,25.46
2020-10-18T12:00+02:00,-6135.24,18499.5,37717.99,55371.02,25.46
2020-10-18T13:00+02:00,-6057.66,17650.51,37023.68,53193.93,25.46
2020-10-18T14:00+02:00,-7241.26,18247.37,34532.24,51238.92,25.46
2020-10-18T15:00+02:00,-7561.9,20362.13,30573.7,49735.54,25.46
2020-10-18T16:00+02:00,-7249.53,24400.44,25391.71,49611.64,25.46
2020-10-18T17:00+02:00,-4220.23,26808.26,21040.77,51150.72,25.46
2020-10-18T18:00+02:00,-2332.4,27688.84,19031.2,54346.16,25.46
2020-10-18T19:00+02:00,-3714.93,28190.65,18900.8,54479.78,25.46
2020-10-18T20:00+02:00,-4948.97,28179.13,18443.56,51856.96,25.46
2020-10-18T21:00+02:00,-4190.92,27815.19,18259.56,50352.71,25.46
2020-10-18T22:00+02:00,-3211.1,26826.67,17693.84,49484.88,25.46
2020-10-18T23:00+02:00,-3661.41,25857.48,16800.83,46371.18,25.46
2020-10-19T00:00+02:00,-3314.34,24982.73,16097.74,44397.18,25.46
2020-10-19T01:00+02:00,-4457.98,24951.79,15432.93,42667.47,25.46
2020-10-19T02:00+02:00,-1767.54,25084.21,14869.89,42443.65,25.46
2020-10-19T03:00+02:00,-1333.61,25511.71,14518.03,42893.23,25.46
2020-10-19T04:00+02:00,-1094.92,26982.38,14340.8,44456.89,25.46
2020-10-19T05:00+02:00,-1605.29,29867.62,13779.49,48528.77,25.46
2020-10-19T06:00+02:00,-2177.08,34834.11,13724.83,56799.39,25.46
2020-10-19T07:00+02:00,-1806.12,38110.09,13582.29,63728.51,25.46
2020-10-19T08:00+02:00,-1619.43,39638.4,14214.49,66586.23,25.46
2020-10-19T09:00+02:00,-3080.13,39781.92,16048.36,66963.82,25.46
2020-10-19T10:00+02:00,-6245.12,39938.61,19252.91,67412.35,25.46
2020-10-19T11:00+02:00,-4372.52,39458.88,23220.72,68546.68,25.46
2020-10-19T12:00+02:00,-5730.87,38539.72,26123.7,68562.62,25.46
2020-10-19T13:00+02:00,-7408.23,38365.39,26097.17,67324.92,25.46
2020-10-19T14:00+02:00,-6314.52,37725.9,23812.22,65315.06,25.46
2020-10-19T15:00+02:00,-3866.57,37865.54,20264.09,63876.73,25.46
2020-10-19T16:00+02:00,-1861.99,37967.13,16536.64,62773.07,25.46
2020-10-19T17:00+02:00,1185.97,38747.5,13558.57,63684.65,25.46
2020-10-19T18:00+02:00,-671.31,39059.51,13442.77,66007.45,25.46
2020-10-19T19:00+02:00,-833.2,38728.23,15862.71,66844.18,25.46
2020-10-19T20:00+02:00,-2665.9,36439.01,19165.27,63374.12,25.46
2020-10-19T21:00+02:00,-2214.14,32240.68,22159.23,58979.34,25.46
2020-10-19T22:00+02:00,-4518.41,28775.96,24509.12,55443.96,25.46
2020-10-19T23:00+02:00,-3860.69,25345.6,25479.22,52050.94,25.46
2020-10-20T00:00+02:00,-6060.07,23418.65,25787.8,48983.3,25.46
2020-10-20T01:00+02:00,-4874.51,21829.88,25817.93,47254.21,25.46
2020-10-20T02:00+02:00,-4194.95,20928.96,26453.11,46367.57,25.46
2020-10-20T03:00+02:00,-2021.02,19834.79,27195.23,47382.67,25.46
2020-10-20T04:00+02:00,-2214.56,20087.91,27963.12,49135.65,25.46
2020-10-20T05:00+02:00,-4982.12,23382.46,28647.36,53000.38,25.46
2020-10-20T06:00+02:00,-5392.34,26741.01,30767.52,60145.81,25.46
2020-10-20T07:00+02:00,-7193.54,29531.57,32480.43,66424.17,25.46
2020-10-20T08:00+02:00,-8096.74,30070.05,34360.54,68830.2,25.46
2020-10-20T09:00+02:00,-9632.1,29651.49,36675.53,69301.21,25.46
2020-10-20T10:00+02:00,-9608.43,29590.22,37973.89,68742.8,25.46
2020-10-20T11:00+02:00,-7700.56,30119.08,39570.68,70587.53,25.46
2020-10-20T12:00+02:00,-5790.76,29361.92,39125.97,70536.46,25.46
2020-10-20T13:00+02:00,-6262.4,29992.9,37657.27,68893.41,25.46
2020-10-20T14:00+02:00,-5635.61,30624.57,35561.67,67526.15,25.46
2020-10-20T15:00+02:00,-5731.95,31389.84,33210.06,66449.39,25.46
2020-10-20T16:00+02:00,-3561.11,31565.83,30342.36,65881.65,25.46
2020-10-20T17:00+02:00,-3629.38,31773.09,28310.89,66366.44,25.46
2020-10-20T18:00+02:00,-4012.39,32178.56,28121.86,68451.6,25.46
2020-10-20T19:00+02:00,-4571.79,32392.82,28562.71,68213.77,25.46
2020-10-20T20:00+02:00,-4668.33,31483.05,29404.89,64210.95,25.46
2020-10-20T21:00+02:00,-5042.18,28597.71,29279.09,60390.14,25.46
2020-10-20T22:00+02:00,-4239.84,25619.01,28332.14,56984.74,25.46
2020-10-20T23:00+02:00,-3998.19,24128.81,27025.33,52626.75,25.46
2020-10-21T00:00+02:00,-4243.72,21876.6,26154.91,49461,25.46
2020-10-21T01:00+02:00,-3348.86,21210.36,25432.89,47804.23,25.46
2020-10-21T02:00+02:00,-2354.46,20319.37,24227.84,46964.62,25.46
2020-10-21T03:00+02:00,-267.8,19844.04,23487.04,47241.24,25.46
2020-10-21T04:00+02:00,-457.3,21299.76,22771.7,48378.99,25.46
2020-10-21T05:00+02:00,-1604.29,24063.92,22253.64,51518.09,25.46
2020-10-21T06:00+02:00,-2194.08,28462.87,22500.75,57890.6,25.46
2020-10-21T07:00+02:00,-1281.36,30272.25,22633.1,64402.31,25.46
2020-10-21T08:00+02:00,-1721.9,30833.93,24238.49,67684.3,25.46
2020-10-21T09:00+02:00,-3173.15,31293.26,27203.91,68696.02,25.46
2020-10-21T10:00+02:00,-6180.49,31203.29,29960.37,69787.87,25.46
2020-10-21T11:00+02:00,-4384.77,30738.67,32826.77,70692.34,25.46
2020-10-21T12:00+02:00,-4131.88,29232.24,35916.23,70549.45,25.46
2020-10-21T13:00+02:00,-5291.2,27888.42,37963.3,69363.29,25.46
2020-10-21T14:00+02:00,-6393.36,26526.52,40164.2,67404.81,25.46
2020-10-21T15:00+02:00,-5063.72,24689.94,41093.52,66788.82,25.46
2020-10-21T16:00+02:00,-6317.61,24304.65,41037.81,65970.45,25.46
2020-10-21T17:00+02:00,-7700.65,25571.6,41612.84,67265.78,25.46
2020-10-21T18:00+02:00,-8622.59,25908.66,44289.89,69861.59,25.46
2020-10-21T19:00+02:00,-7509.29,24005.28,46871.87,70720.42,25.46
2020-10-21T20:00+02:00,-8598.73,21307.81,47144.4,67541.3,25.46
2020-10-21T21:00+02:00,-7285.33,18076.86,47519.9,63224.5,25.46
2020-10-21T22:00+02:00,-7763.66,16217.35,46653.22,60131.95,25.46
2020-10-21T23:00+02:00,-9547.7,15493.31,46204.46,56122.63,25.46
2020-10-22T00:00+02:00,-10321.23,14429.43,45626.46,52799.55,25.46
2020-10-22T01:00+02:00,-10210.94,13681.51,44600.23,50940.04,25.46
2020-10-22T02:00+02:00,-10002.38,13938.92,42772.26,49833.08,25.46
2020-10-22T03:00+02:00,-9089.22,14189.97,41494.49,49414.97,25.46
2020-10-22T04:00+02:00,-7478.26,15090.54,39548.44,50451.4,25.46
2020-10-22T05:00+02:00,-8154.02,19126.45,37886.44,53255.64,25.46
2020-10-22T06:00+02:00,-7073.54,23814.86,37299.67,60691.7,25.46
2020-10-22T07:00+02:00,-6520.3,27572.01,36179.14,67099.73,25.46
2020-10-22T08:00+02:00,-6684.97,28332.37,35650.18,68515.3,25.46
2020-10-22T09:00+02:00,-7329.67,27932.55,37410.41,69058.44,25.46
2020-10-22T10:00+02:00,-7215.74,27493.22,40613.67,69241.7,25.46
2020-10-22T11:00+02:00,-8314.67,26856,44379.55,70563.07,25.46
2020-10-22T12:00+02:00,-8689.35,25702.46,45580.8,69884.92,25.46
2020-10-22T13:00+02:00,-9333.62,26061.44,44396.77,67828.96,25.46
2020-10-22T14:00+02:00,-8746.7,27288.05,41997.58,66713.75,25.46
2020-10-22T15:00+02:00,-7679.72,28225.92,38607.78,65940.77,25.46
2020-10-22T16:00+02:00,-5928.17,29304.08,32539.83,64687.9,25.46
2020-10-22T17:00+02:00,-4984.79,30080.79,28692.62,65018.91,25.46
2020-10-22T18:00+02:00,-4372.11,30424.19,30463.98,67860.77,25.46
2020-10-22T19:00+02:00,-5800.91,29765.07,33679.71,68627.17,25.46
2020-10-22T20:00+02:00,-6709.83,26903.16,36587.87,65618.28,25.46
2020-10-22T21:00+02:00,-7612.92,24355.57,36557.25,62004.06,25.46
2020-10-22T22:00+02:00,-7804.83,23256.93,34856.75,58653.74,25.46
2020-10-22T23:00+02:00,-6709.86,22225.85,32392.62,53596.36,25.46
2020-10-23T00:00+02:00,-7190.49,22889.28,30744.05,49897.68,25.46
2020-10-23T01:00+02:00,-6793.97,23047.42,29040.37,48428.17,25.46
2020-10-23T02:00+02:00,-6745.26,23523.31,27635.56,47326.61,25.46
2020-10-23T03:00+02:00,-6384.8,23913.78,26685.04,47466.6,25.46
2020-10-23T04:00+02:00,-5473.87,25189.49,25059.84,48736.77,25.46
2020-10-23T05:00+02:00,-5236.06,28246.74,23333.67,52436.13,25.46
2020-10-23T06:00+02:00,-4927.33,32681.84,21879.64,59163,25.46
2020-10-23T07:00+02:00,-4066.73,36333.57,20616.44,64735.45,25.46
2020-10-23T08:00+02:00,-4149.99,37135.79,19911.74,67273.48,25.46
2020-10-23T09:00+02:00,-4128.49,37778.1,20093.2,67737.34,25.46
2020-10-23T10:00+02:00,-5733.15,37947.63,20597.3,68143.5,25.46
2020-10-23T11:00+02:00,-4880.61,37945.1,21597.86,68883.52,25.06
2020-10-23T12:00+02:00,-2928.88,36910.06,22002.22,68744.7,24.92
2020-10-23T13:00+02:00,-2299.96,36546.15,21147.59,66932.75,24.92
2020-10-23T14:00+02:00,-2327.16,36727.41,19338.3,65036.89,24.92
2020-10-23T15:00+02:00,-1818.81,36560.19,18070.92,63824.13,24.92
2020-10-23T16:00+02:00,-629.15,36523.02,17418.39,63230.02,24.92
2020-10-23T17:00+02:00,-1755.83,36780.21,17135.01,63535.11,24.92
2020-10-23T18:00+02:00,-3911.65,37316.26,18457.06,65703.36,24.92
2020-10-23T19:00+02:00,-4492.78,36191.8,20379.44,64602.21,24.92
2020-10-23T20:00+02:00,-4312.68,32669.27,21492.04,60620.35,24.92
2020-10-23T21:00+02:00,-4594.72,29985.39,22640.04,56674.34,24.92
2020-10-23T22:00+02:00,-4523.97,27031.23,22945.5,53774.63,24.92
2020-10-23T23:00+02:00,-6287.54,24027.83,23550.23,49682.57,24.92
2020-10-24T00:00+02:00,-6217.66,20012.9,24806.68,46499.29,24.92
2020-10-24T01:00+02:00,-6263.7,17432.83,24686.07,44313.76,24.92
2020-10-24T02:00+02:00,-5187.78,15912.36,25443.74,43319.24,24.92
2020-10-24T03:00+02:00,-4414.98,14619.78,26194.16,43370.89,24.92
2020-10-24T04:00+02:00,-2403.63,14225.58,27355.57,44382.92,24.92
2020-10-24T05:00+02:00,-3228.7,14069.89,27561.1,45460.88,24.92
2020-10-24T06:00+02:00,-4162.54,14856.42,28422.52,47205.7,24.92
2020-10-24T07:00+02:00,-4509.66,16269.29,28986.14,50172.38,24.92
2020-10-24T08:00+02:00,-4501.52,17295.56,28959.47,53382.09,24.92
2020-10-24T09:00+02:00,-6164.97,17285.32,31961.45,56007.44,24.92
2020-10-24T10:00+02:00,-5519.62,16338,36594.29,58456.92,24.92
2020-10-24T11:00+02:00,-7884.72,14818.01,41184.25,59436.77,24.92
2020-10-24T12:00+02:00,-7627.41,13198.89,44549.2,59148.11,24.92
2020-10-24T13:00+02:00,-7195.82,11940.31,45218.51,57734.96,24.92
2020-10-24T14:00+02:00,-5839.79,11376.55,43118.12,55641.62,24.92
2020-10-24T15:00+02:00,-5051.59,11938.06,39241.29,54513.7,24.92
2020-10-24T16:00+02:00,-3125.6,13180.54,34211.97,53740.06,24.92
2020-10-24T17:00+02:00,-977.65,14504.55,30116.6,55297.87,24.92
2020-10-24T18:00+02:00,-998.09,15287.41,30571.8,58370.38,24.92
2020-10-24T19:00+02:00,-2359.56,15300.6,32639.43,58265.83,24.92
2020-10-24T20:00+02:00,-4456.61,14141.23,33729.72,54954.94,24.92
2020-10-24T21:00+02:00,-4865.45,12718.17,35190.6,51973.04,24.92
2020-10-24T22:00+02:00,-5789.15,11432.39,35804.15,50281.94,24.92
2020-10-24T23:00+02:00,-7349.17,10354.07,36550.05,47526.56,24.92
2020-10-25T00:00+02:00,-8900.85,9800.31,36571.59,44182.32,24.92
2020-10-25T01:00+02:00,-9170.42,9631.1,36960.79,42431.94,24.92
2020-10-25T02:00+02:00,-9833.58,9499.02,36793.5,41656.87,24.92
2020-10-25T02:00+01:00,-10361.11,9260.38,36803.9,41052.38,24.92
2020-10-25T03:00+01:00,-8876.58,9159.57,36732.89,41801.46,24.92
2020-10-25T04:00+01:00,-9626.58,9152.1,37690.6,42567.19,24.92
2020-10-25T05:00+01:00,-10167.62,9273.6,38435.04,43301.42,24.92
2020-10-25T06:00+01:00,-10515.28,9399.11,39969.66,44915.88,24.92
2020-10-25T07:00+01:00,-10992.1,9590.26,40836.66,47359.73,24.92
2020-10-25T08:00+01:00,-10649.74,9549.57,43467.43,50484.96,24.92
2020-10-25T09:00+01:00,-10778.46,9547.48,44598.19,52703.1,24.92
2020-10-25T10:00+01:00,-10954.21,10284.11,45036.64,53493.64,24.92
2020-10-25T11:00+01:00,-10001.67,10721.58,45456.48,54404.4,24.92
2020-10-25T12:00+01:00,-9501.67,10951.96,43888.83,53711.09,24.92
2020-10-25T13:00+01:00,-8255.99,11327.07,41159.72,51997.33,24.92
2020-10-25T14:00+01:00,-5105.9,11767.77,36010.15,50882.64,24.92
2020-10-25T15:00+01:00,-4965.73,14454.08,30349.46,50120.17,24.92
2020-10-25T16:00+01:00,-3231.87,15840,26151.39,51349.51,24.92
2020-10-25T17:00+01:00,-1247.62,17211.95,26687.91,55907.85,24.92
2020-10-25T18:00+01:00,-3929.92,18181.27,28128.34,57346.16,24.92
2020-10-25T19:00+01:00,-3605.07,18525.74,28036.58,55354.02,24.92
2020-10-25T20:00+01:00,-4983.29,18651.5,27191.17,52325.94,24.92
2020-10-25T21:00+01:00,-5010.21,18487.46,26552.99,50600.72,24.92
2020-10-25T22:00+01:00,-4285.52,17953.38,25273.16,49653.02,24.92
2020-10-25T23:00+01:00,-4082.25,14955.92,23559.58,46032.41,24.92
2020-10-26T00:00+01:00,-765.24,15837.47,21791.61,43781.06,24.92
2020-10-26T01:00+01:00,6.68,15836.15,20312.91,42639.88,24.92
2020-10-26T02:00+01:00,1952.05,15980.41,19228.94,41736.66,24.92
2020-10-26T03:00+01:00,2004.95,16453.38,19003.22,42235.4,24.92
2020-10-26T04:00+01:00,2870.26,17449.35,19337.37,44404.73,24.92
2020-10-26T05:00+01:00,1566.75,20818.56,19838.76,48539.47,24.92
2020-10-26T06:00+01:00,1332.45,25789.21,20502.36,57175.9,24.92
2020-10-26T07:00+01:00,1728.57,29067.13,20591,63116.08,24.92
2020-10-26T08:00+01:00,667.37,30786.72,21532.2,66212.92,24.92
2020-10-26T09:00+01:00,-507.12,31202.92,22653.61,67194.14,24.92
2020-10-26T10:00+01:00,1167,31506.89,23818.52,68280.46,24.92
2020-10-26T11:00+01:00,1590.46,31426.69,25862.47,69787.71,24.92
2020-10-26T12:00+01:00,1228.47,31364.64,25781.49,70035.36,24.92
2020-10-26T13:00+01:00,2830.78,31522.13,25340.81,68985.77,24.92
2020-10-26T14:00+01:00,2386.26,31551.21,24106.41,67554.91,24.92
2020-10-26T15:00+01:00,1659.01,31898.38,22454.48,66884.81,24.92
2020-10-26T16:00+01:00,1147.85,32261.32,22007.39,66551.6,24.92
2020-10-26T17:00+01:00,-943.96,32327.59,22815.99,68596.39,24.92
2020-10-26T18:00+01:00,-2290.52,32606.37,24992.99,68913.6,24.92
2020-10-26T19:00+01:00,-3186.83,31880.38,27719.08,67602.67,24.92
2020-10-26T20:00+01:00,-4538.79,29224.5,29784.3,63704.06,24.92
2020-10-26T21:00+01:00,-6620.92,27092.78,30156.44,60012.8,24.92
2020-10-26T22:00+01:00,-7834.33,25222.65,30072.74,56456.02,24.92
2020-10-26T23:00+01:00,-8079.43,23231.08,30724.7,53416.33,24.92
2020-10-27T00:00+01:00,-7174.99,20019.18,30970.93,50044.7,24.92
2020-10-27T01:00+01:00,-6812.68,19184.9,30982.4,48614.5,24.92
2020-10-27T02:00+01:00,-6038.46,18150.71,30679.83,48022.44,24.92
2020-10-27T03:00+01:00,-5763.56,18337.1,29132.37,48056.95,24.92
2020-10-27T04:00+01:00,-5447.17,20413.39,29921.56,49385.76,24.92
2020-10-27T05:00+01:00,-6463.68,23071.35,30152.8,53683.72,24.92
2020-10-27T06:00+01:00,-6858.92,26339.58,30438.45,60758.22,24.92
2020-10-27T07:00+01:00,-6952.54,27936.98,31075.25,65760.61,24.92
2020-10-27T08:00+01:00,-5814.9,28338.74,32870.39,67995.44,24.92
2020-10-27T09:00+01:00,-6586.86,27538.81,36446.83,68679.69,24.92
2020-10-27T10:00+01:00,-8431.99,26964.54,40662.25,69602.69,24.92
2020-10-27T11:00+01:00,-8144.8,26386.66,42395.72,70545.82,24.92
2020-10-27T12:00+01:00,-9294.37,25670.01,42164,70159.99,24.92
2020-10-27T13:00+01:00,-7489.26,25568.37,40472.78,68978.23,24.92
2020-10-27T14:00+01:00,-5738.28,25240.36,38823.14,67687.91,24.92
2020-10-27T15:00+01:00,-3499.51,25483.91,35933.2,67099.83,24.92
2020-10-27T16:00+01:00,-3845.95,26487.79,33604.11,66587.33,24.92
2020-10-27T17:00+01:00,-4204.64,27034.79,35096.46,70359.43,24.92
2020-10-27T18:00+01:00,-6761.96,27125.71,38113.79,71603.99,24.92
2020-10-27T19:00+01:00,-7719.83,25739.53,40941.26,70224.5,24.92
2020-10-27T20:00+01:00,-8830.74,22914.81,42633.9,66141.91,24.92
2020-10-27T21:00+01:00,-8778.74,19555.56,43528.09,62706.26,24.92
2020-10-27T22:00+01:00,-8774.12,17308.31,43364.98,59240.4,24.92
2020-10-27T23:00+01:00,-10534.1,15619.44,43635.04,55692.3,24.92
2020-10-28T00:00+01:00,-9818.59,13846.85,43506.45,52425.55,24.92
2020-10-28T01:00+01:00,-10812.73,13240.86,42957.4,50656.85,24.92
2020-10-28T02:00+01:00,-10686.08,13062.94,41760.24,49774.54,24.92
2020-10-28T03:00+01:00,-9711.26,13608.11,40343.72,50187.22,24.92
2020-10-28T04:00+01:00,-8468.71,14873.4,37916.26,51445.95,24.92
2020-10-28T05:00+01:00,-7321.63,17923.89,35908.46,54297.76,24.92
2020-10-28T06:00+01:00,-6972.41,22683.56,34491.35,62146.12,24.92
2020-10-28T07:00+01:00,-6182.01,25313.2,33787.19,67209.6,24.92
2020-10-28T08:00+01:00,-4615.81,26700.32,33679.1,69675.68,24.92
2020-10-28T09:00+01:00,-5745.93,26767.85,34672.94,69839.18,24.92
2020-10-28T10:00+01:00,-5201.63,26514.61,38314.36,70008.44,24.92
2020-10-28T11:00+01:00,-5681.98,25726.96,41808.6,70964.08,24.92
2020-10-28T12:00+01:00,-6820.12,25070.73,43989.58,70928.98,24.92
2020-10-28T13:00+01:00,-7630.41,25096.81,43729.79,69439.6,24.92
2020-10-28T14:00+01:00,-7253.02,25366.26,40908.4,68130.89,24.92
2020-10-28T15:00+01:00,-5192.28,25900.67,36651.25,67039,24.92
2020-10-28T16:00+01:00,-4927.36,26645.5,33144.37,66330.16,24.92
2020-10-28T17:00+01:00,-4565.68,26785.02,33869.97,70149.02,24.92
2020-10-28T18:00+01:00,-5215.76,26836.63,35856.58,71173.69,24.92
2020-10-28T19:00+01:00,-6610.07,26533.06,37288.88,69555.26,24.92
2020-10-28T20:00+01:00,-6478.47,24390.07,37894.69,65725.05,24.92
2020-10-28T21:00+01:00,-6615.21,22020,37558.48,61808.27,24.92
2020-10-28T22:00+01:00,-8324.5,19918.92,37559.44,58022.44,24.92
2020-10-28T23:00+01:00,-8600.41,16908.73,38390.49,53996.69,24.92
2020-10-29T00:00+01:00,-8960.48,14616.67,37898.03,51212.08,24.92
2020-10-29T01:00+01:00,-9878.66,14244.87,38362.5,49575.98,24.92
2020-10-29T02:00+01:00,-10187.42,14386.31,38439.65,48786.01,24.92
2020-10-29T03:00+01:00,-10008.74,14480.15,39301.68,49280.02,24.92
2020-10-29T04:00+01:00,-8769.58,14989.27,39116.27,51201.24,24.92
2020-10-29T05:00+01:00,-9402.88,16916.09,38996.07,54750.75,24.92
2020-10-29T06:00+01:00,-9157.21,21153.05,39503.04,62245.1,24.92
2020-10-29T07:00+01:00,-9194.49,25142.5,39088.5,66721.17,24.92
2020-10-29T08:00+01:00,-8761.22,25474.99,39996.13,68874.85,24.92
2020-10-29T09:00+01:00,-9196.28,25744.74,43316.33,70110.24,24.92
2020-10-29T10:00+01:00,-9239.35,24950.78,47128.97,71819.05,24.92
2020-10-29T11:00+01:00,-8733.65,23730.62,49193.38,73224.77,24.92
2020-10-29T12:00+01:00,-8821.64,23506.82,48418.05,72429.22,24.92
2020-10-29T13:00+01:00,-7572.68,24219.08,44937.91,71284.78,24.92
2020-10-29T14:00+01:00,-7007.16,25740.58,39364.64,69274.07,24.92
2020-10-29T15:00+01:00,-5458.98,27280.77,33344.55,68066.95,24.92
2020-10-29T16:00+01:00,-2886.52,28123.51,29608.74,68109.1,24.92
2020-10-29T17:00+01:00,-933.78,28417.12,29233.83,71143.28,24.92
2020-10-29T18:00+01:00,-2259.21,28268.24,29317.06,70936.68,24.92
2020-10-29T19:00+01:00,-4046.46,27944.19,30293.31,69159.99,24.92
2020-10-29T20:00+01:00,-4754.06,26405.21,31339.66,65312.1,24.92
2020-10-29T21:00+01:00,-6632.51,24351.74,32038.74,61340.98,24.92
2020-10-29T22:00+01:00,-7623.42,21877.64,32002.57,58083.69,24.92
2020-10-29T23:00+01:00,-7709.22,18326.52,31732.37,53481.47,24.92
2020-10-30T00:00+01:00,-4385.92,15963.13,32165.04,50147.11,24.92
2020-10-30T01:00+01:00,-4779.24,15433.59,32493.18,48506.65,24.92
2020-10-30T02:00+01:00,-4826.66,14907.52,32843.62,47516.2,24.92
2020-10-30T03:00+01:00,-5825.67,15061.04,33802.62,47929.66,24.92
2020-10-30T04:00+01:00,-4562.81,15145.09,34391.06,49389.06,24.92
2020-10-30T05:00+01:00,-3609.26,16568.82,35180.01,52857.83,24.92
2020-10-30T06:00+01:00,-5409.66,21589.72,37227.69,59924.6,24.92
2020-10-30T07:00+01:00,-5240.78,24606.43,38204.51,65691.76,24.92
2020-10-30T08:00+01:00,-4855.36,25047.31,39522.12,68416.67,24.92
2020-10-30T09:00+01:00,-6045.95,25016.68,41227.8,69164.88,24.92
2020-10-30T10:00+01:00,-5292.88,24720.3,42583.85,70305.49,24.92
2020-10-30T11:00+01:00,-5322.65,24677.95,43657.81,70983.17,23.82
2020-10-30T12:00+01:00,-5590.66,24313,44136.17,70218.35,23.45
2020-10-30T13:00+01:00,-5991.21,24255.89,43003.58,68522.29,23.45
2020-10-30T14:00+01:00,-5586.89,24136.08,40582.04,67000.18,23.45
2020-10-30T15:00+01:00,-4685.44,24409.98,37823.53,65676.24,23.45
2020-10-30T16:00+01:00,-4443.24,25329.54,35347.41,65463.11,23.45
2020-10-30T17:00+01:00,-3384.54,25823.95,33412.28,67850.76,23.45
2020-10-30T18:00+01:00,-3802.42,25533.66,32094.3,67655.28,23.45
2020-10-30T19:00+01:00,-4573.9,24913.68,30954.95,65223.86,23.45
2020-10-30T20:00+01:00,-3965.54,24405.42,29544.1,60837.9,23.45
2020-10-30T21:00+01:00,-3842.73,23658.94,27379.62,56821.52,23.45
2020-10-30T22:00+01:00,-4316.26,22691.37,25014.35,53085.13,23.45
2020-10-30T23:00+01:00,-4447.24,22004.81,23358.52,49136.03,23.45
2020-10-31T00:00+01:00,-5003.41,20616.49,21203.27,45738.96,23.45
2020-10-31T01:00+01:00,-3919.89,20109.37,19042,43428.55,23.45
2020-10-31T02:00+01:00,-2184.38,19786.1,17077.97,41746.52,23.45
2020-10-31T03:00+01:00,365.84,20285.67,15444.86,41075.54,23.45
2020-10-31T04:00+01:00,2686.38,19883.9,13783,41515.86,23.45
2020-10-31T05:00+01:00,2580.62,20392.68,12578.26,41894.53,23.45
2020-10-31T06:00+01:00,2083.94,20888.24,11997.66,43033.01,23.45
2020-10-31T07:00+01:00,3233.59,21652.4,12594.87,45838.71,23.45
2020-10-31T08:00+01:00,3105.52,21720.61,15498.95,49723.18,23.45
2020-10-31T09:00+01:00,1965.64,21824.93,20202.77,52178.47,23.45
2020-10-31T10:00+01:00,1253.67,20839.54,24529.71,54003.53,23.45
2020-10-31T11:00+01:00,-27.7,19868.77,27790.83,55450.84,23.45
2020-10-31T12:00+01:00,-3036.01,20110.68,29925.46,54912.84,23.45
2020-10-31T13:00+01:00,-2498.23,18812.62,30122.37,53035.12,23.45
2020-10-31T14:00+01:00,-1536.08,18610.33,28529.33,51430.35,23.45
2020-10-31T15:00+01:00,-938.27,19536.34,25612.22,51434.47,23.45
2020-10-31T16:00+01:00,-806.9,20327.62,24171.03,51727.84,23.45
2020-10-31T17:00+01:00,-3318.77,20624.33,26961.96,56308.85,23.45
2020-10-31T18:00+01:00,-4177.99,20317.46,30768.78,57930.85,23.45
2020-10-31T19:00+01:00,-6212.13,19895.89,33102.57,56213.1,23.45
2020-10-31T20:00+01:00,-6084.07,18507.28,34064.69,53563.48,23.45
2020-10-31T21:00+01:00,-6472.2,15944.87,34612.9,50974.8,23.45
2020-10-31T22:00+01:00,-6918.35,14951.25,33412.42,49254.72,23.45
2020-10-31T23:00+01:00,-6629.09,13120.92,32107.94,46092.14,23.45
2020-11-01T00:00+01:00,-5147.67,10926.22,30783.89,43042.73,23.45
2020-11-01T01:00+01:00,-3784.61,10148.58,28874.54,41100.08,23.45
2020-11-01T02:00+01:00,-2630.18,9832.89,27651.86,40426.19,23.45
2020-11-01T03:00+01:00,930.44,9773.89,26795.87,40287.38,23.45
2020-11-01T04:00+01:00,1977.18,9748.98,25168.28,40787.06,23.45
2020-11-01T05:00+01:00,2347.54,9799.09,23505.39,40442.68,23.45
2020-11-01T06:00+01:00,1592.04,9847.62,24238.9,40637.13,23.45
2020-11-01T07:00+01:00,1954.46,9713.35,25854.59,42965.43,23.45
2020-11-01T08:00+01:00,1189.83,9938.72,27314.25,46146.41,23.45
2020-11-01T09:00+01:00,542.46,10186.4,29190.43,48917.23,23.45
2020-11-01T10:00+01:00,2230.66,10234.16,31698.56,51938.23,23.45
2020-11-01T11:00+01:00,1607.26,10348.4,35394.02,55107.71,23.45
2020-11-01T12:00+01:00,104.72,10588.83,38057.31,55055.24,23.45
2020-11-01T13:00+01:00,-1571.57,10280.28,38189.19,53525.87,23.45
2020-11-01T14:00+01:00,-1498.7,10129.82,37430.29,51960.31,23.45
2020-11-01T15:00+01:00,-2494.29,10280.5,37328.04,52257.36,23.45
2020-11-01T16:00+01:00,-3934.02,11080.86,38474.29,53412.91,23.45
2020-11-01T17:00+01:00,-4312.27,12521.91,40770.44,58249.52,23.45
2020-11-01T18:00+01:00,-6023.04,12618.14,41808.08,59019.59,23.45
2020-11-01T19:00+01:00,-5935.96,12152.96,41549.85,56997.6,23.45
2020-11-01T20:00+01:00,-6509.86,11480.3,41395.75,54008.16,23.45
2020-11-01T21:00+01:00,-5336.52,10747.35,40386.84,51903.07,23.45
2020-11-01T22:00+01:00,-5893.33,10592.44,39614.64,51132.62,23.45
2020-11-01T23:00+01:00,-7760.83,10092.37,40292.29,47783.61,23.45
2020-11-02T00:00+01:00,-7297.64,9834.49,41217.66,45903.78,23.45
2020-11-02T01:00+01:00,-8788.19,9983.54,41758.25,45176.53,23.45
2020-11-02T02:00+01:00,-8275.34,9962.24,41125.36,44731.27,23.45
2020-11-02T03:00+01:00,-6018.3,9987.89,38940.32,45249.84,23.45
2020-11-02T04:00+01:00,-7353.02,10307.38,41890.65,47159.5,23.45
2020-11-02T05:00+01:00,-6592.48,10869.03,44782.96,51461.53,23.45
2020-11-02T06:00+01:00,-5034.74,12838.44,46244.6,59913.95,23.45
2020-11-02T07:00+01:00,-5473.31,15486.97,46009.24,66006.42,23.45
2020-11-02T08:00+01:00,-7141.12,17095.02,46664.18,68686.61,23.45
2020-11-02T09:00+01:00,-7333.27,17839.85,48951.74,69387.07,23.45
2020-11-02T10:00+01:00,-6939.24,17669.57,52208.72,70572.71,23.45
2020-11-02T11:00+01:00,-6371.54,17222.97,54501.72,71754.77,23.45
2020-11-02T12:00+01:00,-7008.03,16703.11,54721.83,71583.11,23.45
2020-11-02T13:00+01:00,-6885.96,16996.31,53504.74,70349.67,23.45
2020-11-02T14:00+01:00,-5736.74,17236.02,50534.99,69151.51,23.45
2020-11-02T15:00+01:00,-6185.09,18222.12,46573.94,67616.04,23.45
2020-11-02T16:00+01:00,-5142.94,19170.09,43562.17,67236.68,23.45
2020-11-02T17:00+01:00,-5475.07,19705.85,43410.18,71101.49,23.45
2020-11-02T18:00+01:00,-6407.39,20066.83,44004.42,71118.19,23.45
2020-11-02T19:00+01:00,-6788.05,20257.46,44109.28,69220.91,23.45
2020-11-02T20:00+01:00,-7901.11,19395.2,43006.06,64570.39,23.45
2020-11-02T21:00+01:00,-8016.57,18947.93,41660.46,60704.95,23.45
2020-11-02T22:00+01:00,-8524.17,18515.51,38721.12,56525.27,23.45
2020-11-02T23:00+01:00,-8621.73,17039.85,37796.84,52458.3,23.45
2020-11-03T00:00+01:00,-5890.68,15775.28,36300.7,49798.9,23.45
2020-11-03T01:00+01:00,-5826.18,15183.14,34670.36,48137.69,23.45
2020-11-03T02:00+01:00,-3946.38,14663.36,33432.82,47169.45,23.45
2020-11-03T03:00+01:00,-2727.93,15353.57,32344.49,47246.61,23.45
2020-11-03T04:00+01:00,-3027.83,17846.72,32251.39,49105.19,23.45
2020-11-03T05:00+01:00,-3681.9,21017.83,31616.27,53336.82,23.45
2020-11-03T06:00+01:00,-2624.15,24700.69,31264.71,60766.34,23.45
2020-11-03T07:00+01:00,-2419.87,28110.64,29611.57,65895.65,23.45
2020-11-03T08:00+01:00,-4377.46,30175.82,29184.38,68193.31,23.45
2020-11-03T09:00+01:00,-2856.61,29724.15,30119.07,68350.97,23.45
2020-11-03T10:00+01:00,-2025.49,29700.56,31727.72,69132.32,23.45
2020-11-03T11:00+01:00,-2068.64,29280.53,31231.18,70167.21,23.45
2020-11-03T12:00+01:00,-1820.48,29428.09,29850.56,69682.55,23.45
2020-11-03T13:00+01:00,-161.17,30370.73,26902.44,68270.14,23.45
2020-11-03T14:00+01:00,796.33,30596.63,25588.57,67245.1,23.45
2020-11-03T15:00+01:00,1887.23,31309.57,23150.22,66909.64,23.45
2020-11-03T16:00+01:00,775.55,32117.02,22860.68,66863.54,23.45
2020-11-03T17:00+01:00,-915.06,31971.65,25667.42,70174.32,23.45
2020-11-03T18:00+01:00,-2852.95,31545.94,28370.96,70096.66,23.45
2020-11-03T19:00+01:00,-4611.66,31293.78,29708.69,68033.32,23.45
2020-11-03T20:00+01:00,-6062.14,30388.85,30546.64,64088.1,23.45
2020-11-03T21:00+01:00,-6864.51,28014.66,30674.71,59980.46,23.45
2020-11-03T22:00+01:00,-7213.04,26209.84,30864.84,56998.32,23.45
2020-11-03T23:00+01:00,-7033.78,24481.14,31280.18,53465.43,23.45
2020-11-04T00:00+01:00,-6323.89,22345.53,31329.6,50302.96,23.45
2020-11-04T01:00+01:00,-5803.82,21571.37,31273.93,49151.18,23.45
2020-11-04T02:00+01:00,-5553.65,21138.35,30733.67,48952.58,23.45
2020-11-04T03:00+01:00,-4706.8,21229.47,29436.95,49073.25,23.45
2020-11-04T04:00+01:00,-4119.83,23069.94,28530.63,50728.62,23.45
2020-11-04T05:00+01:00,-5268,27241.83,27853.73,54638.57,23.45
2020-11-04T06:00+01:00,-4959.81,31690.86,27041.59,62456.85,23.45
2020-11-04T07:00+01:00,-4313.97,33886.59,26713.55,67115.96,23.45
2020-11-04T08:00+01:00,-4511.92,34566.58,27562.82,69249.87,23.45
2020-11-04T09:00+01:00,-6889.42,35284.45,29647.51,69282.65,23.45
2020-11-04T10:00+01:00,-7154.55,35602.26,31012.78,69783.91,23.45
2020-11-04T11:00+01:00,-7608.86,35848.34,31681.43,70679.72,23.45
2020-11-04T12:00+01:00,-7362.46,36077.88,31143.23,70154.74,23.45
2020-11-04T13:00+01:00,-5996.11,36445.42,29218.9,69086.96,23.45
2020-11-04T14:00+01:00,-4516,36478.75,26283.78,67844.36,23.45
2020-11-04T15:00+01:00,-2531.74,36816.43,21941.29,67050.6,23.45
2020-11-04T16:00+01:00,-1251.34,37369.9,18363.76,66408.52,23.45
2020-11-04T17:00+01:00,-1754.91,37892.75,19188.79,70131.63,23.45
2020-11-04T18:00+01:00,-2353.34,37847.53,20763.02,70571.58,23.45
2020-11-04T19:00+01:00,-4331.52,37100.93,21826.22,69165.1,23.45
2020-11-04T20:00+01:00,-5312.08,35907.3,22236.16,64985.82,23.45
2020-11-04T21:00+01:00,-5793.31,34206.64,22618.93,61035.6,23.45
2020-11-04T22:00+01:00,-6133.72,31359.84,22599.81,57984.66,23.45
2020-11-04T23:00+01:00,-5521.29,29176.14,22222.42,53821.58,23.45
2020-11-05T00:00+01:00,-4745.48,27838.76,22321.95,51305.46,23.45
2020-11-05T01:00+01:00,-4808.99,26924.75,22077.24,50452.63,23.45
2020-11-05T02:00+01:00,-4381.8,26506.52,21623.56,49373.82,23.45
2020-11-05T03:00+01:00,-3153.9,26151.3,21750.64,50209.61,23.45
2020-11-05T04:00+01:00,-2714.22,26757.66,22154.99,51336.52,23.45
2020-11-05T05:00+01:00,-2993.62,28667.97,22835.84,55011.74,23.45
2020-11-05T06:00+01:00,-5266.83,32735.06,23558.94,61623.98,23.45
2020-11-05T07:00+01:00,-5092.8,35339.97,24250.22,66962.62,23.45
2020-11-05T08:00+01:00,-6784.56,35419.6,27067.83,69120.09,23.45
2020-11-05T09:00+01:00,-7210.46,35485.54,30006.79,69056.11,23.45
2020-11-05T10:00+01:00,-8740.67,35071.54,32983.69,69428.97,23.45
2020-11-05T11:00+01:00,-7912.1,33544.02,35564.85,70495.9,23.45
2020-11-05T12:00+01:00,-8179.33,33245.67,36078.4,69791.05,23.45
2020-11-05T13:00+01:00,-7422.43,33251.26,35591.64,68990.05,23.45
2020-11-05T14:00+01:00,-5943.33,33178.68,32559.27,68259.55,23.45
2020-11-05T15:00+01:00,-3763.74,34459.4,27183.24,67000.69,23.45
2020-11-05T16:00+01:00,-2191.64,35649.64,22615.51,66660.16,23.45
2020-11-05T17:00+01:00,-2412.67,36471.18,22180.94,70584.97,23.45
2020-11-05T18:00+01:00,-2719.66,36761.57,21829.35,70722.39,23.45
2020-11-05T19:00+01:00,-2761.67,36370.73,21731.66,68983.05,23.45
2020-11-05T20:00+01:00,-3239.56,35257.82,21564.87,65221.26,23.45
2020-11-05T21:00+01:00,-4183.88,33411.82,20922.04,61274.44,23.45
2020-11-05T22:00+01:00,-4518.56,31831.75,20251.78,58228.28,23.45
2020-11-05T23:00+01:00,-4187.99,29572.38,19686.1,54582.98,23.45
2020-11-06T00:00+01:00,-3813.23,28088.6,19018.1,51432.76,23.45
2020-11-06T01:00+01:00,-2863.29,27699.16,18336.75,49795.6,23.45
2020-11-06T02:00+01:00,-2104.24,27064.87,17929.24,48910.94,23.45
2020-11-06T03:00+01:00,-444.87,26491.34,17697.82,49428.6,23.45
2020-11-06T04:00+01:00,-915.55,26959.34,17128.14,50752.06,23.45
2020-11-06T05:00+01:00,-447.57,29458.39,16309.03,53980.85,23.45
2020-11-06T06:00+01:00,-705.85,33663.98,15695.71,60707.84,23.45
2020-11-06T07:00+01:00,-16.07,35949.56,15394.37,65775.2,23.45
2020-11-06T08:00+01:00,-1354,36504.64,17641.61,67827.4,23.45
2020-11-06T09:00+01:00,-2373.72,36697.3,20703,68091.67,23.45
2020-11-06T10:00+01:00,-2890.9,36387.44,22842.93,68118.62,23.45
2020-11-06T11:00+01:00,-3363.52,36500.73,24139.29,67838.89,24.76
2020-11-06T12:00+01:00,-3212.7,36387.52,24283.07,67078.75,25.2
2020-11-06T13:00+01:00,-1789.32,35633.09,22625.89,65432.79,25.2
2020-11-06T14:00+01:00,-1117.08,36064.5,19252.32,63974.15,25.2
2020-11-06T15:00+01:00,1435.16,37134.27,14766.35,63103.35,25.2
2020-11-06T16:00+01:00,2723.57,37841.11,11894.02,63837.2,25.2
2020-11-06T17:00+01:00,3347.54,37932.19,12871.42,67920.56,25.2
2020-11-06T18:00+01:00,1786.81,37970.08,14154.14,67530.52,25.2
2020-11-06T19:00+01:00,1377.86,37513.92,14931.24,65332.22,25.2
2020-11-06T20:00+01:00,338.39,35164.31,15576.69,61092.6,25.2
2020-11-06T21:00+01:00,-202.82,32021.66,16323.42,56894.66,25.2
2020-11-06T22:00+01:00,-1590.54,30354.94,16413.14,53541.83,25.2
2020-11-06T23:00+01:00,-3234.21,28317.5,16695.91,49972.1,25.2
2020-11-07T00:00+01:00,-2030.36,25461.55,16808.86,46964.64,25.2
2020-11-07T01:00+01:00,-1270.14,24398.4,17018.19,45353.95,25.2
2020-11-07T02:00+01:00,118.14,23821.05,17442.78,44663.56,25.2
2020-11-07T03:00+01:00,692.87,23299.31,17709.73,44761.88,25.2
2020-11-07T04:00+01:00,649.39,23397.57,17823.65,44777.9,25.2
2020-11-07T05:00+01:00,457.27,23427.69,18158.92,45144.48,25.2
2020-11-07T06:00+01:00,-1320.26,24332.89,18000.63,46274.47,25.2
2020-11-07T07:00+01:00,-1612.52,25180.68,18273.76,48973.32,25.2
2020-11-07T08:00+01:00,-2199.7,25933.54,20578.9,52714.6,25.2
2020-11-07T09:00+01:00,-3696.04,25886.95,24006.78,55078.55,25.2
2020-11-07T10:00+01:00,-4943.24,25739.06,26668.27,56239,25.2
2020-11-07T11:00+01:00,-4808.24,25552.77,28085.21,57079.43,25.2
2020-11-07T12:00+01:00,-5647.7,25542.16,27173.43,56145.95,25.2
2020-11-07T13:00+01:00,-4612.66,25615.14,24401.8,54317.4,25.2
2020-11-07T14:00+01:00,-1807.06,26682.83,19543.18,52737.88,25.2
2020-11-07T15:00+01:00,773.28,28276.19,13957.21,51768.9,25.2
2020-11-07T16:00+01:00,3248.14,29775.26,11005.38,53519.99,25.2
2020-11-07T17:00+01:00,2393.08,30387.84,11694.34,58737.84,25.2
2020-11-07T18:00+01:00,3089.69,30551.87,12680.4,59823.04,25.2
2020-11-07T19:00+01:00,1997.85,30395.34,13055.63,57429.1,25.2
2020-11-07T20:00+01:00,-1072.84,30146.77,12752.27,53308.6,25.2
2020-11-07T21:00+01:00,-229.95,29484.37,12055.85,50315.02,25.2
2020-11-07T22:00+01:00,661.42,28550.29,11230.87,48636.58,25.2
2020-11-07T23:00+01:00,413.74,26415.78,11010,45596.82,25.2
2020-11-08T00:00+01:00,-118.09,24846.06,10862.84,42450.56,25.2
2020-11-08T01:00+01:00,1022.42,23890.58,10873.82,40737.97,25.2
2020-11-08T02:00+01:00,2528.23,23070.71,11028.49,39966.74,25.2
2020-11-08T03:00+01:00,1985.16,22995.68,11362.35,39738.7,25.2
2020-11-08T04:00+01:00,1373.68,23277.79,11833.84,40113.4,25.2
2020-11-08T05:00+01:00,534.44,23641.55,12333.34,40721.62,25.2
2020-11-08T06:00+01:00,-229.29,23742.55,12613.96,41066.28,25.2
2020-11-08T07:00+01:00,-971.93,24043.61,13307.16,42689.36,25.2
2020-11-08T08:00+01:00,-2629.62,24526.57,16789.13,45845.64,25.2
2020-11-08T09:00+01:00,-4509.9,24597.81,20875.65,48850.79,25.2
2020-11-08T10:00+01:00,-5371.19,24793.13,23540.21,50748.1,25.2
2020-11-08T11:00+01:00,-4526.19,24991.41,24574.46,52731.34,25.2
2020-11-08T12:00+01:00,-4542.81,25542.36,23913.71,52299.46,25.2
2020-11-08T13:00+01:00,-2883.2,25561.46,21591.55,50384.14,25.2
2020-11-08T14:00+01:00,-1456.29,26624.38,17577.99,49165.04,25.2
2020-11-08T15:00+01:00,-621.69,28397.46,13316.45,48964.8,25.2
2020-11-08T16:00+01:00,835.87,29543.35,12031.66,50725.93,25.2
2020-11-08T17:00+01:00,499.68,30012.44,13437.57,56128.5,25.2
2020-11-08T18:00+01:00,-1382.21,30289.75,14516.03,57041.71,25.2
2020-11-08T19:00+01:00,-2237.8,30462.66,14735.5,54771.34,25.2
2020-11-08T20:00+01:00,-3234.28,30484.2,14395.34,51945.63,25.2
2020-11-08T21:00+01:00,-2234.99,30170.36,13849.03,49729.4,25.2
2020-11-08T22:00+01:00,-1696.92,29524.4,13125.46,49109.32,25.2
2020-11-08T23:00+01:00,-2577.03,28783.43,12648.75,46449.71,25.2
2020-11-09T00:00+01:00,-935.43,27526.44,12056.84,44264.81,25.2
2020-11-09T01:00+01:00,-15.03,26932.92,11662.78,42545.11,25.2
2020-11-09T02:00+01:00,940.8,26649.62,11447.37,42228.91,25.2
2020-11-09T03:00+01:00,1770.49,26279.56,11345.98,42571.2,25.2
2020-11-09T04:00+01:00,1879.68,27614,11263.55,44786.32,25.2
2020-11-09T05:00+01:00,451.64,31599.14,11392.93,49113.89,25.2
2020-11-09T06:00+01:00,-672.37,37151.97,11556.18,58349.17,25.2
2020-11-09T07:00+01:00,-1264.61,40146.28,11665.55,64286.57,25.2
2020-11-09T08:00+01:00,-2240.2,41588.2,13438.44,66544.04,25.2
2020-11-09T09:00+01:00,-1796.05,41809.98,16002.61,66948.63,25.2
2020-11-09T10:00+01:00,-2635.28,41803.58,18259.39,67459.35,25.2
2020-11-09T11:00+01:00,-3018.17,41693.52,19799.77,68491.92,25.2
2020-11-09T12:00+01:00,-4181.83,41275.12,20199.09,67905.5,25.2
2020-11-09T13:00+01:00,-3723.18,41452.11,19052.03,67047.23,25.2
2020-11-09T14:00+01:00,-2179.02,41442.82,16528.58,65978.76,25.2
2020-11-09T15:00+01:00,-683.72,42014.71,13516.7,65239.55,25.2
2020-11-09T16:00+01:00,-1537.15,42166.3,11675.11,65821.92,25.2
2020-11-09T17:00+01:00,179.7,42916.44,12292.39,69682.7,25.2
2020-11-09T18:00+01:00,-1859.68,43570.53,12912.39,69467.26,25.2
2020-11-09T19:00+01:00,-2471.97,43463.68,12995.2,66873.59,25.2
2020-11-09T20:00+01:00,-805.04,41773.19,12751.74,63281.94,25.2
2020-11-09T21:00+01:00,-2067.34,39436.87,13110.64,59423.56,25.2
2020-11-09T22:00+01:00,-3959.68,37946.77,13162.59,56336.96,25.2
2020-11-09T23:00+01:00,-3373.62,35644.24,12812.06,52382.22,25.2
2020-11-10T00:00+01:00,-2037.85,33499.88,12520.59,49244.61,25.2
2020-11-10T01:00+01:00,-937.16,32289.94,12340.14,47756.62,25.2
2020-11-10T02:00+01:00,10.43,31492.24,11856.2,46915.15,25.2
2020-11-10T03:00+01:00,657.48,31537.98,11422.89,47249.41,25.2
2020-11-10T04:00+01:00,305.8,32771.57,11334.15,48665.52,25.2
2020-11-10T05:00+01:00,-397.23,36036.62,11431.8,52198.03,25.2
2020-11-10T06:00+01:00,-841.98,40830.67,11467.22,60358.24,25.2
2020-11-10T07:00+01:00,-513.23,43463.72,11646.7,65943.24,25.2
2020-11-10T08:00+01:00,-1625.28,44166.4,12985.01,68098.51,25.2
2020-11-10T09:00+01:00,-2104.56,43961.58,14838.7,68711.5,25.2
2020-11-10T10:00+01:00,-1682.08,44052.54,16218.94,69562.53,25.2
2020-11-10T11:00+01:00,-920.44,43780.91,16846.32,70356.74,25.2
2020-11-10T12:00+01:00,-983.54,43704.36,16957.08,69954.19,25.2
2020-11-10T13:00+01:00,-759.99,43653.25,15917.14,69042.67,25.2
2020-11-10T14:00+01:00,-563.66,43765.69,14101.6,67707.73,25.2
2020-11-10T15:00+01:00,-427.76,44460.47,11933.07,67234.77,25.2
2020-11-10T16:00+01:00,-650.61,44903.93,11089.66,67798.04,25.2
2020-11-10T17:00+01:00,-653.4,44955.53,11282.45,70168.48,25.2
2020-11-10T18:00+01:00,-444.45,44331.24,11436.49,69594.44,25.2
2020-11-10T19:00+01:00,-533.47,43822.92,11199.37,67793.64,25.2
2020-11-10T20:00+01:00,-983.59,42661.77,10732.17,63610.23,25.2
2020-11-10T21:00+01:00,-1681.2,41092.89,10362.91,59201.21,25.2
2020-11-10T22:00+01:00,-2112.79,39577.13,10152.58,55999.32,25.2
2020-11-10T23:00+01:00,-1153.02,37162.96,9650.21,52051.59,25.2
2020-11-11T00:00+01:00,-554.46,34835.78,9287.29,48960.84,25.2
2020-11-11T01:00+01:00,-446.87,34095.58,8998.66,47553.95,25.2
2020-11-11T02:00+01:00,325.37,33306.52,8825.93,46744.34,25.2
2020-11-11T03:00+01:00,1744.86,33064.35,8645.64,46939.87,25.2
2020-11-11T04:00+01:00,3430.1,33462.74,8720.47,48522.82,25.2
2020-11-11T05:00+01:00,1892.54,36263.66,8782,51972.56,25.2
2020-11-11T06:00+01:00,1626.88,40454.51,8895.16,59675.93,25.2
2020-11-11T07:00+01:00,2582.13,42317.25,9178.29,65809.37,25.2
2020-11-11T08:00+01:00,2020,43107.46,10065.73,68409.52,25.2
2020-11-11T09:00+01:00,3159.65,43230.34,11212.21,69120.34,25.2
2020-11-11T10:00+01:00,3368.54,43413.31,12445.8,69772.18,25.2
2020-11-11T11:00+01:00,3761.63,43454.96,13195.5,70814.21,25.2
2020-11-11T12:00+01:00,3484.8,43528.94,13328.08,70505.32,25.2
2020-11-11T13:00+01:00,3222.27,43413.02,12702.57,69428.32,25.2
2020-11-11T14:00+01:00,2578.83,43582.4,11783.64,68027.32,25.2
2020-11-11T15:00+01:00,2507.8,43957.53,10362.63,67556.12,25.2
2020-11-11T16:00+01:00,1240.63,44213.3,9970.07,68120.95,25.2
2020-11-11T17:00+01:00,2021.08,44152.68,10554.35,70762.75,25.2
2020-11-11T18:00+01:00,1604.74,43572.12,11788.94,70411.76,25.2
2020-11-11T19:00+01:00,966.24,42535.41,12644.68,68346.07,25.2
2020-11-11T20:00+01:00,77.5,40007.82,13642.2,64200.92,25.2
2020-11-11T21:00+01:00,256.52,35754.06,14733.61,60311.33,25.2
2020-11-11T22:00+01:00,-652.1,33008.43,16136.79,56810.9,25.2
2020-11-11T23:00+01:00,-259.22,29770.75,17074.07,53110.46,25.2
2020-11-12T00:00+01:00,1486.71,25504.4,17883.26,50140.05,25.2
2020-11-12T01:00+01:00,1561.5,24633.4,18192.98,48251.86,25.2
2020-11-12T02:00+01:00,1249.97,23735.3,18889.62,47410.6,25.2
2020-11-12T03:00+01:00,2063.1,23240.09,19789.83,47871.53,25.2
2020-11-12T04:00+01:00,1773.21,23766.71,20748.08,49435.65,25.2
2020-11-12T05:00+01:00,353.41,26087.03,21753.17,53111.38,25.2
2020-11-12T06:00+01:00,-1934.67,31542.21,22965.82,60914.71,25.2
2020-11-12T07:00+01:00,-3599.02,35571.16,24321.54,66566.75,25.2
2020-11-12T08:00+01:00,-3975.67,35856.7,25912.44,69557.39,25.2
2020-11-12T09:00+01:00,-5533.58,35916.33,27355.84,70245.49,25.2
2020-11-12T10:00+01:00,-5372.43,35444.02,29540.71,70615.82,25.2
2020-11-12T11:00+01:00,-5189.12,34914.61,31126.43,71268.59,25.2
2020-11-12T12:00+01:00,-5757.28,34970.86,30902.67,70704.42,25.2
2020-11-12T13:00+01:00,-5989.45,35423.56,29339.2,69675.97,25.2
2020-11-12T14:00+01:00,-5089.94,35811.39,26520.36,68296.95,25.2
2020-11-12T15:00+01:00,-2472.13,36451.88,22962.3,67573.76,25.2
2020-11-12T16:00+01:00,-1897.89,36701.34,21646.9,67884.16,25.2
2020-11-12T17:00+01:00,-172.79,36845.52,23043.76,71238.86,25.2
2020-11-12T18:00+01:00,-3867.18,37093.18,23384.27,70427.01,25.2
2020-11-12T19:00+01:00,-5034.58,37021,23467.3,68697.2,25.2
2020-11-12T20:00+01:00,-6332.25,36653.86,22782.09,64860.32,25.2
2020-11-12T21:00+01:00,-6963.48,35491.1,22291.77,60958.25,25.2
2020-11-12T22:00+01:00,-6858.86,34314.68,20962.75,57463.47,25.2
2020-11-12T23:00+01:00,-5243.06,31354.96,19265.08,53264.08,25.2
2020-11-13T00:00+01:00,-3924.13,29380.37,18275.67,49739.04,25.2
2020-11-13T01:00+01:00,-3999.89,28305.13,17761.27,48015.42,25.2
2020-11-13T02:00+01:00,-2664.42,27665.05,17494.92,47226.74,25.2
2020-11-13T03:00+01:00,-874.96,27556.9,17270.57,47493.31,25.2
2020-11-13T04:00+01:00,-707.98,27919.52,17810.7,49192.34,25.2
2020-11-13T05:00+01:00,-2069.96,29391.96,18710.98,52004.76,25.2
2020-11-13T06:00+01:00,-2336.33,33905.53,19611.19,59932.51,25.2
2020-11-13T07:00+01:00,-1796.84,36435.71,19985.48,65539.94,25.2
2020-11-13T08:00+01:00,-3286.61,36602.65,21813.56,67693.23,25.2
2020-11-13T09:00+01:00,-5569.2,36522.26,24657.5,68010.33,25.2
2020-11-13T10:00+01:00,-5761.97,35659.36,27285.43,68193.85,25.2
2020-11-13T11:00+01:00,-6618.92,35459.77,29034.05,68680.46,26.03
2020-11-13T12:00+01:00,-6900.35,35109.48,29363.72,68184.37,26.31
2020-11-13T13:00+01:00,-7155.07,35288.46,27714.53,67109.63,26.31
2020-11-13T14:00+01:00,-6557.33,35444.55,24918.13,65221.52,26.31
2020-11-13T15:00+01:00,-4847.55,35627.52,22428.4,64837.74,26.31
2020-11-13T16:00+01:00,-5067.62,35823.51,22586.14,66051.81,26.31
2020-11-13T17:00+01:00,-4783.19,36433.66,24415.24,69085.89,26.31
2020-11-13T18:00+01:00,-6562.2,36594.91,25709.58,68935.67,26.31
2020-11-13T19:00+01:00,-8462.02,36427.6,25914.17,66504.5,26.31
2020-11-13T20:00+01:00,-9188.3,35127.75,24929,62238.69,26.31
2020-11-13T21:00+01:00,-8270.94,32600.79,23674.71,58169.94,26.31
2020-11-13T22:00+01:00,-8449.29,31087.62,21961.13,54965.72,26.31
2020-11-13T23:00+01:00,-8270.43,28752.63,21101.43,51022.84,26.31
2020-11-14T00:00+01:00,-5559.53,25112.98,20157.07,47151.31,26.31
2020-11-14T01:00+01:00,-5899.09,24453.64,18861.27,45208.38,26.31
2020-11-14T02:00+01:00,-5008.76,23901.01,17447.76,43623.6,26.31
2020-11-14T03:00+01:00,-3157.7,23550.78,16474.49,43080.08,26.31
2020-11-14T04:00+01:00,-1788.86,23485.51,16498.9,43372.14,26.31
2020-11-14T05:00+01:00,-2582.25,23916.8,16189.79,44032.3,26.31
2020-11-14T06:00+01:00,-2681.08,24426.32,15932.81,45881.26,26.31
2020-11-14T07:00+01:00,-2651.69,25684.21,17094.97,48848.73,26.31
2020-11-14T08:00+01:00,-2325.46,26070.44,19841.75,52324.43,26.31
2020-11-14T09:00+01:00,-3842.97,25807.63,23865.55,55257.68,26.31
2020-11-14T10:00+01:00,-4725.62,25331.33,26794.3,56445.2,26.31
2020-11-14T11:00+01:00,-6248.05,24756.71,28649.13,57211.45,26.31
2020-11-14T12:00+01:00,-6751.44,24074.02,29572.58,56390.35,26.31
2020-11-14T13:00+01:00,-5905.95,22928.1,27340.31,54331.66,26.31
2020-11-14T14:00+01:00,-4914.57,22955.92,24202.11,52638.29,26.31
2020-11-14T15:00+01:00,-2661.54,24113.79,21205.79,52232.85,26.31
2020-11-14T16:00+01:00,-1606.32,24570.95,20325.17,54409.78,26.31
2020-11-14T17:00+01:00,-343.76,24736.62,23382.7,59742.66,26.31
2020-11-14T18:00+01:00,-2582.27,24781.49,27236.78,60604.81,26.31
2020-11-14T19:00+01:00,-6608.12,23985.14,30240.01,58857.17,26.31
2020-11-14T20:00+01:00,-7477.85,21437.62,31796.09,54909.54,26.31
2020-11-14T21:00+01:00,-6488.04,17650.98,33333.7,51764.3,26.31
2020-11-14T22:00+01:00,-6558.08,15422.93,33750.63,49876.45,26.31
2020-11-14T23:00+01:00,-6739.87,12999.57,34593.03,47007.86,26.31
2020-11-15T00:00+01:00,-7100.39,11080.48,34629.06,43943.44,26.31
2020-11-15T01:00+01:00,-8549.32,11003.56,34539.51,42343.99,26.31
2020-11-15T02:00+01:00,-8544.97,10743.4,34660.95,41589.7,26.31
2020-11-15T03:00+01:00,-7191.94,10873.86,34302.82,41792.24,26.31
2020-11-15T04:00+01:00,-6326.68,10854.1,34347.63,41989.22,26.31
2020-11-15T05:00+01:00,-5590.99,10919.04,34277.92,42373.49,26.31
2020-11-15T06:00+01:00,-5462.99,10892.56,34663.68,42823.82,26.31
2020-11-15T07:00+01:00,-4416.38,10651.3,35023.85,44716.09,26.31
2020-11-15T08:00+01:00,-4065.48,10788.47,37434.08,47804.25,26.31
2020-11-15T09:00+01:00,-6719.41,10964.71,40749.67,50644.68,26.31
2020-11-15T10:00+01:00,-7369.6,10990.84,43642.74,52535.5,26.31
2020-11-15T11:00+01:00,-8589.94,10954.02,45783.39,54672.42,26.31
2020-11-15T12:00+01:00,-8774.12,10937.2,45440.63,54043.9,26.31
2020-11-15T13:00+01:00,-8698.01,10890.4,44133.63,51620.62,26.31
2020-11-15T14:00+01:00,-8013.92,10964.49,41788.51,50792.77,26.31
2020-11-15T15:00+01:00,-7380.58,11295.89,39985.12,51597.74,26.31
2020-11-15T16:00+01:00,-7470.99,11726.53,42268.27,54748.9,26.31
2020-11-15T17:00+01:00,-7241.47,11797.29,45421.93,59764.82,26.31
2020-11-15T18:00+01:00,-9310.37,11971.83,46380.9,60441.45,26.31
2020-11-15T19:00+01:00,-9488.15,12023.06,46214.14,58329.64,26.31
2020-11-15T20:00+01:00,-10444.31,11863.21,44593.38,55818.26,26.31
2020-11-15T21:00+01:00,-8470.3,11850.21,42860.3,53755.16,26.31
2020-11-15T22:00+01:00,-8165.46,11729.77,40218.93,52688.82,26.31
2020-11-15T23:00+01:00,-9025.86,11580.29,39458,49466.37,26.31
2020-11-16T00:00+01:00,-10987.05,11663.8,39195.16,46545.82,26.31
2020-11-16T01:00+01:00,-10899.98,11571.39,38200.94,44879.1,26.31
2020-11-16T02:00+01:00,-9659.93,11297.96,37497.88,44786.33,26.31
2020-11-16T03:00+01:00,-7472.07,11132.52,37484.55,45395.34,26.31
2020-11-16T04:00+01:00,-6235.27,11604.87,37752.82,47298.32,26.31
2020-11-16T05:00+01:00,-4406.73,13176.38,38869.15,51635.66,26.31
2020-11-16T06:00+01:00,-3719.34,17269.12,40409.25,60755.16,26.31
2020-11-16T07:00+01:00,-4057.34,20641.99,40362.8,67208.09,26.31
2020-11-16T08:00+01:00,-6400.94,23333.85,40577.81,69213.73,26.31
2020-11-16T09:00+01:00,-5617.17,23770.33,41977.59,69753.6,26.31
2020-11-16T10:00+01:00,-6840.02,23501.09,44372.83,70261.85,26.31
2020-11-16T11:00+01:00,-5678.97,23339.81,46116.4,72068.19,26.31
2020-11-16T12:00+01:00,-6813.06,23420.24,45509.01,71945.12,26.31
2020-11-16T13:00+01:00,-6586.57,24442.44,42646.93,70309.74,26.31
2020-11-16T14:00+01:00,-5094.93,25502.12,38647.02,69058.35,26.31
2020-11-16T15:00+01:00,-4306.18,26685.02,34402.45,68305.67,26.31
2020-11-16T16:00+01:00,-3148.24,27515.17,32467.23,68928.34,26.31
2020-11-16T17:00+01:00,-1781.63,28451.46,32378.68,71761.46,26.31
2020-11-16T18:00+01:00,-3271.44,28681.11,32311.65,70832.05,26.31
2020-11-16T19:00+01:00,-4473.79,28598.36,32326.34,68882.83,26.31
2020-11-16T20:00+01:00,-5637.68,27485.17,32158.68,64717.9,26.31
2020-11-16T21:00+01:00,-6371.29,26454.53,32339,61122.56,26.31
2020-11-16T22:00+01:00,-7238.3,25314.12,31713.28,58069.19,26.31
2020-11-16T23:00+01:00,-7829.23,23298.6,30793.9,53746.72,26.31
2020-11-17T00:00+01:00,-5039.94,21702.93,30107.71,50780.77,26.31
2020-11-17T01:00+01:00,-5851.68,21342.51,30080.63,49067.69,26.31
2020-11-17T02:00+01:00,-5246.4,20123.48,29604.78,48189.35,26.31
2020-11-17T03:00+01:00,-4818.84,19947.74,28528.55,48065.87,26.31
2020-11-17T04:00+01:00,-3060.21,20744.8,28357.92,49982.12,26.31
2020-11-17T05:00+01:00,-3060.1,23735.36,28926.59,54147.9,26.31
2020-11-17T06:00+01:00,-3938.07,26911.26,30864.04,61939.62,26.31
2020-11-17T07:00+01:00,-5021.59,28638.49,32217.25,67687.64,26.31
2020-11-17T08:00+01:00,-6219.53,29482.72,34148.44,70086.18,26.31
2020-11-17T09:00+01:00,-7161.27,29930.07,36974.98,70506.22,26.31
2020-11-17T10:00+01:00,-7274.94,29752.72,40080.94,71551.13,26.31
2020-11-17T11:00+01:00,-7398.87,29354.23,41703.21,72975.46,26.31
2020-11-17T12:00+01:00,-6811.66,28922.69,41458.7,72281.71,26.31
2020-11-17T13:00+01:00,-7338.16,29760.8,40460.18,71968.16,26.31
2020-11-17T14:00+01:00,-6554.2,29789.12,38260.77,71163.5,26.31
2020-11-17T15:00+01:00,-5449.69,29955.67,35136.42,70725.17,26.31
2020-11-17T16:00+01:00,-5712.43,30395.5,33971.18,71176.96,26.31
2020-11-17T17:00+01:00,-4349.51,31016.17,33922.69,73464.42,26.31
2020-11-17T18:00+01:00,-5794.5,31200.47,33708.56,72208.89,26.31
2020-11-17T19:00+01:00,-6971.48,30887.11,33436.61,70057.54,26.31
2020-11-17T20:00+01:00,-7072.82,30072.17,33355.31,66247.72,26.31
2020-11-17T21:00+01:00,-7928.89,28893.6,32310.4,62454.37,26.31
2020-11-17T22:00+01:00,-9204.07,28602.91,30507.27,58670.86,26.31
2020-11-17T23:00+01:00,-8832.83,26819.75,29178,54710.77,26.31
2020-11-18T00:00+01:00,-6015.66,23782.13,28082,50978.64,26.31
2020-11-18T01:00+01:00,-6109.5,22855.08,27081.68,48628.1,26.31
2020-11-18T02:00+01:00,-5378.14,22418.96,26298.03,47990.52,26.31
2020-11-18T03:00+01:00,-4194.38,22178.28,25812.76,48234.96,26.31
2020-11-18T04:00+01:00,-1780.11,22039.32,25509.78,49724.85,26.31
2020-11-18T05:00+01:00,-2149.05,24284.35,25013.72,53474.02,26.31
2020-11-18T06:00+01:00,-2953.15,28323.64,25205.31,60816.79,26.31
2020-11-18T07:00+01:00,-2575.18,30041.62,25772.97,66479.81,26.31
2020-11-18T08:00+01:00,-3153.32,29745.15,27926.5,68640.54,26.31
2020-11-18T09:00+01:00,-4773.25,29274.75,31493.62,68829.69,26.31
2020-11-18T10:00+01:00,-4553.95,28686.48,34627.72,69079.99,26.31
2020-11-18T11:00+01:00,-5168.32,27971.75,37801.49,70413.25,26.31
2020-11-18T12:00+01:00,-5255.01,26645.57,38547.14,69550.08,26.31
2020-11-18T13:00+01:00,-4736.88,27124.11,36447.3,68115.41,26.31
2020-11-18T14:00+01:00,-4229.73,27831.09,32871.67,67080.62,26.31
2020-11-18T15:00+01:00,-1528.35,28539.09,28752.43,66889.75,26.31
2020-11-18T16:00+01:00,-1343.04,29084.58,29125.59,67762.21,26.31
2020-11-18T17:00+01:00,-2899.98,29746.18,33210.49,72239.13,26.31
2020-11-18T18:00+01:00,-6552.6,29934.9,36739.94,72437.15,26.31
2020-11-18T19:00+01:00,-7183.24,28616.25,38968.41,70782.3,26.31
2020-11-18T20:00+01:00,-7843.56,25434.33,40249.1,66724.83,26.31
2020-11-18T21:00+01:00,-7196.73,21423.96,41000.15,62739.86,26.31
2020-11-18T22:00+01:00,-7960.02,19388.02,40507.47,59502.29,26.31
2020-11-18T23:00+01:00,-7992.35,17650.45,40993.5,55873.59,26.31
2020-11-19T00:00+01:00,-7784.1,15432.45,41058.24,52897.28,26.31
2020-11-19T01:00+01:00,-8994.82,14696.85,41354.41,50749.65,26.31
2020-11-19T02:00+01:00,-8344.64,14492.11,41351.87,49772.75,26.31
2020-11-19T03:00+01:00,-7437.93,14376.82,40588.5,50055.02,26.31
2020-11-19T04:00+01:00,-6711.68,14575.72,40418.39,51547.55,26.31
2020-11-19T05:00+01:00,-6737.14,15953.84,41169.3,55410.26,26.31
2020-11-19T06:00+01:00,-5952.26,19663.37,42545.74,63202.81,26.31
2020-11-19T07:00+01:00,-5775.21,21714.01,43351.39,69555.54,26.31
2020-11-19T08:00+01:00,-7078.28,22320.38,44294.61,71247.18,26.31
2020-11-19T09:00+01:00,-7522.93,22945.81,45804.5,72274.84,26.31
2020-11-19T10:00+01:00,-7231.43,22699.24,46992.44,73240.61,26.31
2020-11-19T11:00+01:00,-7349.18,22744.61,47920.42,74636.05,26.31
2020-11-19T12:00+01:00,-6974.57,23003.74,47824.52,74513.3,26.31
2020-11-19T13:00+01:00,-5472.89,23065.97,46606.61,73225.29,26.31
2020-11-19T14:00+01:00,-4826.77,23089.3,44018.01,71974.87,26.31
2020-11-19T15:00+01:00,-4118,24282.21,40755.23,71003.68,26.31
2020-11-19T16:00+01:00,-2209.77,24870.99,39846.31,71718.44,26.31
2020-11-19T17:00+01:00,-1994.68,25565.55,39903.41,74453.91,26.31
2020-11-19T18:00+01:00,-3683.26,25884.55,38414.7,72908.3,26.31
2020-11-19T19:00+01:00,-5222.7,25728.8,35962.48,70569.87,26.31
2020-11-19T20:00+01:00,-4548.04,25698.4,33190.12,66406.97,26.31
2020-11-19T21:00+01:00,-3741.79,24945.36,31979.65,62449.29,26.31
2020-11-19T22:00+01:00,-5364.58,24058.57,31764.85,59307.58,26.31
2020-11-19T23:00+01:00,-6641.93,22700.77,32557.7,55586.83,26.31
2020-11-20T00:00+01:00,-7045.87,21773.01,32955.71,52715.34,26.31
2020-11-20T01:00+01:00,-7079.68,21689.52,31570.01,50491.96,26.31
2020-11-20T02:00+01:00,-7028.18,22626.6,29664.72,49659.54,26.31
2020-11-20T03:00+01:00,-5055.31,23553.82,28472.63,50107.7,26.31
2020-11-20T04:00+01:00,-3378.74,24025.37,27061.65,51560.17,26.31
2020-11-20T05:00+01:00,-4022.53,26182.65,25329.18,54889.66,26.31
2020-11-20T06:00+01:00,-3992.1,31134.79,24241.91,61954.01,26.31
2020-11-20T07:00+01:00,-4543.18,34440.22,23251.09,67717.56,26.31
2020-11-20T08:00+01:00,-3865.08,35343.4,22992.83,69960.18,26.31
2020-11-20T09:00+01:00,-5904.09,35925.4,23962.96,70104.89,26.31
2020-11-20T10:00+01:00,-5481.66,35935.9,25419.16,70304.38,26.31
2020-11-20T11:00+01:00,-5172.36,36382.08,25289.51,70641.99,26.68
2020-11-20T12:00+01:00,-3465.02,36427.46,23821.88,69640.16,26.8
2020-11-20T13:00+01:00,-1432.21,36396.05,21762.09,68039.24,26.8
2020-11-20T14:00+01:00,980.26,35863.62,19069.28,66685.23,26.8
2020-11-20T15:00+01:00,2057.11,36365.38,16043.09,65852.58,26.8
2020-11-20T16:00+01:00,2419.01,36544.03,15701.64,67201.36,26.8
2020-11-20T17:00+01:00,2766.33,36593.69,17323.9,70295.74,26.8
2020-11-20T18:00+01:00,265.36,36308.47,18704.64,69187.94,26.8
2020-11-20T19:00+01:00,-1942.1,35431.77,20534.43,67536.69,26.8
2020-11-20T20:00+01:00,-4845.95,34323.91,22534.96,63291.99,26.8
2020-11-20T21:00+01:00,-5343.04,31557.63,23472.98,59554.06,26.8
2020-11-20T22:00+01:00,-6232.44,29797.15,23724.82,56559.22,26.8
2020-11-20T23:00+01:00,-7164.56,27096.15,24433.71,52724.04,26.8
2020-11-21T00:00+01:00,-5691.89,23326.69,25518.53,50233.25,26.8
2020-11-21T01:00+01:00,-5725.96,20495.12,26898.72,48616.12,26.8
2020-11-21T02:00+01:00,-5655.12,18193.6,27972.73,47852.77,26.8
2020-11-21T03:00+01:00,-6024.77,17941.25,29179.17,47707.24,26.8
2020-11-21T04:00+01:00,-5690.48,17928.82,30450.28,48077.06,26.8
2020-11-21T05:00+01:00,-6774.88,18178.86,32378.19,48682.94,26.8
2020-11-21T06:00+01:00,-8068.76,17573.33,34170.97,49913.66,26.8
2020-11-21T07:00+01:00,-8111.77,18594.15,35645.78,53102.37,26.8
2020-11-21T08:00+01:00,-8434.07,19082.56,38584.59,56748.52,26.8
2020-11-21T09:00+01:00,-8521.28,18717.74,42443.73,59860.98,26.8
2020-11-21T10:00+01:00,-9360.42,17814.78,45130.35,61195.82,26.8
2020-11-21T11:00+01:00,-9235.59,17291.05,46719.32,62005.4,26.8
2020-11-21T12:00+01:00,-8999.56,17190.36,46623.06,61182.3,26.8
2020-11-21T13:00+01:00,-7393.13,16888.37,45356.7,59840.38,26.8
2020-11-21T14:00+01:00,-7886.79,17450.44,42617.77,58375.54,26.8
2020-11-21T15:00+01:00,-7480.99,18619.19,39265.78,58540.33,26.8
2020-11-21T16:00+01:00,-6888.49,19762.1,37541.26,60215.43,26.8
2020-11-21T17:00+01:00,-6914.64,20354.17,38474.92,63783.08,26.8
2020-11-21T18:00+01:00,-7906.26,20231.55,39451,63829.38,26.8
2020-11-21T19:00+01:00,-8380.81,20175.68,39556.35,61501.9,26.8
2020-11-21T20:00+01:00,-9019.07,18457.05,39126.35,57655.04,26.8
2020-11-21T21:00+01:00,-8244.31,16709.74,38642.33,55064.86,26.8
2020-11-21T22:00+01:00,-8794.88,17271.25,37481.93,53328.52,26.8
2020-11-21T23:00+01:00,-8837.46,15972.83,36555.62,51226.06,26.8
2020-11-22T00:00+01:00,-9116.65,15611.57,35329.19,47945.79,26.8
2020-11-22T01:00+01:00,-8683.92,15695.22,34761.04,46064.4,26.8
2020-11-22T02:00+01:00,-8243.35,14965.75,34576.4,44784.29,26.8
2020-11-22T03:00+01:00,-7868.54,14714.1,35047.73,44783.49,26.8
2020-11-22T04:00+01:00,-8700.26,14630.01,35201.23,44817.41,26.8
2020-11-22T05:00+01:00,-8819.22,14483.96,35401.78,45097.29,26.8
2020-11-22T06:00+01:00,-9224.87,14692.91,36801.92,45581,26.8
2020-11-22T07:00+01:00,-9110.12,15020.51,36785.13,47220.13,26.8
2020-11-22T08:00+01:00,-9360.69,15658.54,38022.94,50085.44,26.8
2020-11-22T09:00+01:00,-8453.44,15858.39,40890.49,53381.33,26.8
2020-11-22T10:00+01:00,-8259.25,16578.9,42372.89,56012.1,26.8
2020-11-22T11:00+01:00,-8019.67,17259.24,43244.74,58905.41,26.8
2020-11-22T12:00+01:00,-7844.17,17581.88,42368.61,58542.44,26.8
2020-11-22T13:00+01:00,-8180.31,18744.61,39275.45,56205.24,26.8
2020-11-22T14:00+01:00,-7638.05,20343.37,33868.93,54630.09,26.8
2020-11-22T15:00+01:00,-6405.46,23909.47,28395.96,54002.81,26.8
2020-11-22T16:00+01:00,-6750.24,26771.59,25611.56,56359.08,26.8
2020-11-22T17:00+01:00,-5874.54,28490.52,25233.24,59972.12,26.8
2020-11-22T18:00+01:00,-7234.13,29104.54,25805.21,60265.25,26.8
2020-11-22T19:00+01:00,-9794.7,29725.03,26483.77,58522.71,26.8
2020-11-22T20:00+01:00,-12928.21,29588.48,27317.87,56253.52,26.8
2020-11-22T21:00+01:00,-12188.92,29095.68,27685.3,54103.18,26.8
2020-11-22T22:00+01:00,-11663.04,29112.19,28255.24,53622.47,26.8
2020-11-22T23:00+01:00,-10820.61,27006.91,27877.07,50869.06,26.8
2020-11-23T00:00+01:00,-10123.7,24324.1,27795.71,47712.33,26.8
2020-11-23T01:00+01:00,-10085.96,23436.52,28409.57,46325.9,26.8
2020-11-23T02:00+01:00,-10166.93,22778.73,29107.5,46106.98,26.8
2020-11-23T03:00+01:00,-9887.82,22903.93,29494.29,46929.34,26.8
2020-11-23T04:00+01:00,-9925.3,23670.81,29454.82,48586.94,26.8
2020-11-23T05:00+01:00,-10124.33,27030.06,29272.68,52669.55,26.8
2020-11-23T06:00+01:00,-12463.31,32819.79,29543.28,61468.72,26.8
2020-11-23T07:00+01:00,-11024.3,36747.88,29879.22,68472.54,26.8
2020-11-23T08:00+01:00,-10828.04,37515.98,29981.23,71010.26,26.8
2020-11-23T09:00+01:00,-10371.42,37874.86,30411.32,71494.05,26.8
2020-11-23T10:00+01:00,-10237.17,38210.27,31662.21,71683.28,26.8
2020-11-23T11:00+01:00,-9370.08,37792.79,32943.15,72754.05,26.8
2020-11-23T12:00+01:00,-9270.44,37513.47,32669.69,72398.73,26.8
2020-11-23T13:00+01:00,-8859.39,37962.69,30521.08,71690.2,26.8
2020-11-23T14:00+01:00,-6310.69,38114.36,26983.3,70285.85,26.8
2020-11-23T15:00+01:00,-5369.06,39543.8,23021.05,69637.87,26.8
2020-11-23T16:00+01:00,-6651.38,40032.19,22377.42,69922.58,26.8
2020-11-23T17:00+01:00,-7069.76,41627.76,24163.28,72755.05,26.8
2020-11-23T18:00+01:00,-8962.95,41415.06,25732.89,72447.18,26.8
2020-11-23T19:00+01:00,-8983.4,40679.07,26538.75,71160.9,26.8
2020-11-23T20:00+01:00,-9261.42,38771.9,26452.33,67757.48,26.8
2020-11-23T21:00+01:00,-9612.09,36768.97,25993.65,63933.74,26.8
2020-11-23T22:00+01:00,-10406.6,35344.44,24497.42,60972.34,26.8
2020-11-23T23:00+01:00,-9242.64,33496.66,23916.91,56425.09,26.8
2020-11-24T00:00+01:00,-9107.44,31869.11,23746.53,53284.74,26.8
2020-11-24T01:00+01:00,-11096.22,32070.57,23774.6,51596.87,26.8
2020-11-24T02:00+01:00,-10227.46,31357.53,24882.66,51505.41,26.8
2020-11-24T03:00+01:00,-9308.42,30997.06,26076.49,52638.05,26.8
2020-11-24T04:00+01:00,-8827.74,31187.28,26133.32,53855.84,26.8
2020-11-24T05:00+01:00,-8121.09,32592.77,26142.46,56968.29,26.8
2020-11-24T06:00+01:00,-8223.66,36280.5,26884.83,64747.96,26.8
2020-11-24T07:00+01:00,-7576.63,39080.21,27388.36,70596.88,26.8
2020-11-24T08:00+01:00,-8812.16,39323.97,27913.47,72406.95,26.8
2020-11-24T09:00+01:00,-8776.23,39327.65,27983.95,72767.84,26.8
2020-11-24T10:00+01:00,-7229.84,38804.13,28616.79,73053.06,26.8
2020-11-24T11:00+01:00,-6654.57,38797.47,29377.5,73376.46,26.8
2020-11-24T12:00+01:00,-6182.5,38869.68,28970.99,72898.68,26.8
2020-11-24T13:00+01:00,-5840.14,39213.77,27016.31,71681.83,26.8
2020-11-24T14:00+01:00,-5241.67,39982.33,24216.9,70334.24,26.8
2020-11-24T15:00+01:00,-2197.87,40247.31,21594.8,69971.76,26.8
2020-11-24T16:00+01:00,-4235.4,41391.7,21045.98,70760.65,26.8
2020-11-24T17:00+01:00,-5054.16,42404.33,22164.3,73272.32,26.8
2020-11-24T18:00+01:00,-5083.29,42495.38,22427.94,72539.05,26.8
2020-11-24T19:00+01:00,-6312.91,41391.69,22562.97,70518.69,26.8
2020-11-24T20:00+01:00,-6531.93,40118.62,22468.26,67378.63,26.8
2020-11-24T21:00+01:00,-7921.88,38849.09,22074.27,63453.37,26.8
2020-11-24T22:00+01:00,-8815.27,36734.53,21847.71,60394.08,26.8
2020-11-24T23:00+01:00,-8169.68,34435.3,21755.79,56698.58,26.8
2020-11-25T00:00+01:00,-8029.07,33077.61,22109.72,53453.32,26.8
2020-11-25T01:00+01:00,-7425.74,32010.82,21756.67,51223.6,26.8
2020-11-25T02:00+01:00,-7914.08,31313.7,21784.7,50305.5,26.8
2020-11-25T03:00+01:00,-7194.16,31466.42,21556.26,51010.74,26.8
2020-11-25T04:00+01:00,-7380.13,32965.42,21327.19,52006.81,26.8
2020-11-25T05:00+01:00,-6200.74,35130.83,21020.74,55645.52,26.8
2020-11-25T06:00+01:00,-8002.19,39695.26,21505.25,63421.62,26.8
2020-11-25T07:00+01:00,-5862.14,43349.77,20674.67,69629.44,26.8
2020-11-25T08:00+01:00,-6841.44,44169.07,21281.38,71589.61,26.8
2020-11-25T09:00+01:00,-8205.66,43860.45,21933.3,71971.85,26.8
2020-11-25T10:00+01:00,-7304.82,43479.96,23095.76,71879.66,26.8
2020-11-25T11:00+01:00,-5886.9,43610.51,23390.14,72411.35,26.8
2020-11-25T12:00+01:00,-6487.24,43759.38,23045.14,71898.26,26.8
2020-11-25T13:00+01:00,-5938.28,43247.72,21242.54,70651.42,26.8
2020-11-25T14:00+01:00,-4748.8,43590.55,18656.98,69751.52,26.8
2020-11-25T15:00+01:00,-3517.33,44134.96,16748.3,69703.08,26.8
2020-11-25T16:00+01:00,-4088.18,44960.18,17955.64,71183.03,26.8
2020-11-25T17:00+01:00,-4318.86,45822.21,20332.6,74039.61,26.8
2020-11-25T18:00+01:00,-6788.79,45548.43,22221.95,73858.74,26.8
2020-11-25T19:00+01:00,-8425.46,44791.6,22229.77,71752.29,26.8
2020-11-25T20:00+01:00,-9606.63,42706.52,21506.85,67295.73,26.8
2020-11-25T21:00+01:00,-9930.67,41147,20902.29,63653.48,26.8
2020-11-25T22:00+01:00,-9134.75,39401.21,20253.4,60225.75,26.8
2020-11-25T23:00+01:00,-9639.43,37701.81,20008.04,56350.3,26.8
2020-11-26T00:00+01:00,-9431.07,37027.56,19715.06,53545.13,26.8
2020-11-26T01:00+01:00,-9206.56,35819.65,19451.36,51862.3,26.8
2020-11-26T02:00+01:00,-8922.47,34701.39,19674.63,51203.21,26.8
2020-11-26T03:00+01:00,-8098.51,34561.46,19397.98,51454.68,26.8
2020-11-26T04:00+01:00,-6537.11,35685.92,18791.47,52956.74,26.8
2020-11-26T05:00+01:00,-6543.05,38279.78,18923.58,56664.52,26.8
2020-11-26T06:00+01:00,-7007.15,42261.3,18849.2,64346.86,26.8
2020-11-26T07:00+01:00,-5881.6,44340.79,18369.51,69231.17,26.8
2020-11-26T08:00+01:00,-5217.13,44976.58,18329.08,71069.38,26.8
2020-11-26T09:00+01:00,-7136.96,45215.64,18428.55,71500.2,26.8
2020-11-26T10:00+01:00,-7050.61,44967.36,19033.3,72151.25,26.8
2020-11-26T11:00+01:00,-5848.09,44945.41,19378.11,72500.91,26.8
2020-11-26T12:00+01:00,-3469.41,44874.43,19055.39,72350.4,26.8
2020-11-26T13:00+01:00,-3838.52,44899.87,18020.96,71624.97,26.8
2020-11-26T14:00+01:00,-2124.18,45205.72,15896.72,70294.19,26.8
2020-11-26T15:00+01:00,-2583.77,45826.59,13581.03,69712.79,26.8
2020-11-26T16:00+01:00,-1011.62,46553.04,12252.23,70551.3,26.8
2020-11-26T17:00+01:00,-336.95,46543.54,11932.92,72639.58,26.8
2020-11-26T18:00+01:00,-1088.52,46732.4,11691.6,71730.72,26.8
2020-11-26T19:00+01:00,439.28,45870.34,11207.28,69825.45,26.8
2020-11-26T20:00+01:00,-392.99,44752.18,10593.84,65915.26,26.8
2020-11-26T21:00+01:00,-2404.36,44334.73,10275.39,62745.36,26.8
2020-11-26T22:00+01:00,-3089.24,43134.96,9969.14,59747.15,26.8
2020-11-26T23:00+01:00,-3382.95,42083.66,9642.65,55982.35,26.8
2020-11-27T00:00+01:00,-2051.35,39736.51,9309.02,52786.9,26.8
2020-11-27T01:00+01:00,-2683.91,38593.24,8993.11,50664.69,26.8
2020-11-27T02:00+01:00,-2449.73,38120.7,8686.95,49730.89,26.8
2020-11-27T03:00+01:00,-1927.53,38102.46,8500.09,49965.99,26.8
2020-11-27T04:00+01:00,-368.72,38258.53,8236.35,51296.07,26.8
2020-11-27T05:00+01:00,-77.34,40210.19,8072.2,54624.5,26.8
2020-11-27T06:00+01:00,264.95,43042.54,8073.44,61625.03,26.8
2020-11-27T07:00+01:00,1308.18,45674.28,8176.18,67384.73,26.8
2020-11-27T08:00+01:00,889.43,46335.69,8966.19,69412.56,26.8
2020-11-27T09:00+01:00,134.14,46356.94,10899.41,69645.96,26.8
2020-11-27T10:00+01:00,-792.03,46469.29,12995.58,70377.91,26.8
2020-11-27T11:00+01:00,-3104.66,46567.63,14656.37,70713.68,27.87
2020-11-27T12:00+01:00,-3202.93,46330.55,15577.45,69966,28.23
2020-11-27T13:00+01:00,-3646,46304.03,15141.59,68167.65,28.23
2020-11-27T14:00+01:00,-3153.13,46238.78,12957.58,66653.5,28.23
2020-11-27T15:00+01:00,-2458.73,46608.79,10505.76,66277.79,28.23
2020-11-27T16:00+01:00,-1907.23,46946.35,10207.43,67929.53,28.23
2020-11-27T17:00+01:00,-1952.73,47047.2,11332.16,69955.43,28.23
2020-11-27T18:00+01:00,-3201.46,47079.91,12230.39,69266.75,28.23
2020-11-27T19:00+01:00,-4346.84,46794.08,12613.95,67911.39,28.23
2020-11-27T20:00+01:00,-6197.91,45839.38,12817.44,63910.59,28.23
2020-11-27T21:00+01:00,-6692.09,43814.89,12974.89,60201.24,28.23
2020-11-27T22:00+01:00,-7211.71,42383.33,13068.96,57363.02,28.23
2020-11-27T23:00+01:00,-7841.08,39811.56,12907.18,53770.34,28.23
2020-11-28T00:00+01:00,-7124.63,36935.81,12699.68,50536.68,28.23
2020-11-28T01:00+01:00,-6351.44,35274.19,12206.34,48484.51,28.23
2020-11-28T02:00+01:00,-5443.74,34181.08,11930.75,47548.71,28.23
2020-11-28T03:00+01:00,-4074.24,33589.61,11827.4,47364.41,28.23
2020-11-28T04:00+01:00,-3846.19,33911,11839.63,47517.39,28.23
2020-11-28T05:00+01:00,-4775.27,34654.16,11992.77,47768.7,28.23
2020-11-28T06:00+01:00,-6505.38,35560.39,11885.89,49161.53,28.23
2020-11-28T07:00+01:00,-6344.15,36575.86,12373.81,52129.43,28.23
2020-11-28T08:00+01:00,-4812.6,37011.81,13565.15,55338.96,28.23
2020-11-28T09:00+01:00,-5269.85,37394.33,15820.05,58370.28,28.23
2020-11-28T10:00+01:00,-5155.09,37140.55,17848.95,59692.14,28.23
2020-11-28T11:00+01:00,-5453.35,36963.24,18964.08,60669.87,28.23
2020-11-28T12:00+01:00,-5989.59,36513.35,19388.75,60190.96,28.23
2020-11-28T13:00+01:00,-7200.17,36678.31,18302.73,58553.09,28.23
2020-11-28T14:00+01:00,-5830.52,36600.35,16086.51,57312.54,28.23
2020-11-28T15:00+01:00,-4585.39,36669.3,14828.01,57443.34,28.23
2020-11-28T16:00+01:00,-4164.96,36737.57,15286.01,60093.24,28.23
2020-11-28T17:00+01:00,-2897.78,36803.44,16676.61,63014.13,28.23
2020-11-28T18:00+01:00,-3431.59,36565.67,18219.05,63201.42,28.23
2020-11-28T19:00+01:00,-6223.36,36550.71,18452.92,60916.1,28.23
2020-11-28T20:00+01:00,-7648.09,35781.88,18049.84,57051.27,28.23
2020-11-28T21:00+01:00,-7444.99,34001.8,17667.27,54495.68,28.23
2020-11-28T22:00+01:00,-7301.8,32826.4,16965.89,53577.79,28.23
2020-11-28T23:00+01:00,-7123.24,32366.61,16056.55,50457.07,28.23
2020-11-29T00:00+01:00,-6756.66,30835.33,14795.94,47465.36,28.23
2020-11-29T01:00+01:00,-6136.07,30279.75,14129.36,45582.26,28.23
2020-11-29T02:00+01:00,-4489.98,29110.42,13511.5,44351.33,28.23
2020-11-29T03:00+01:00,-3600.85,28518.01,13156.7,43805.63,28.23
2020-11-29T04:00+01:00,-2648.35,28590.55,12931,43854.5,28.23
2020-11-29T05:00+01:00,-3638.45,29416.51,12884.75,44165.05,28.23
2020-11-29T06:00+01:00,-5145.91,29880.19,12994.13,44422.12,28.23
2020-11-29T07:00+01:00,-5804.3,30637.19,13382.14,46299.83,28.23
2020-11-29T08:00+01:00,-5932.37,31422.38,14383.28,49087.14,28.23
2020-11-29T09:00+01:00,-6158.48,32309.89,16359.5,52412.74,28.23
2020-11-29T10:00+01:00,-6108.8,32610.8,18192.51,54828.58,28.23
2020-11-29T11:00+01:00,-5996.59,33213.81,19192.5,56959.2,28.23
2020-11-29T12:00+01:00,-6864.13,33619.18,19011.55,57023.44,28.23
2020-11-29T13:00+01:00,-6834.18,33864.23,17171.66,55034.97,28.23
2020-11-29T14:00+01:00,-5333.42,33882.9,14044.81,53348.52,28.23
2020-11-29T15:00+01:00,-3496.68,34652.47,10770.51,53426.5,28.23
2020-11-29T16:00+01:00,-631.67,35218.75,9454.74,56230.22,28.23
2020-11-29T17:00+01:00,-141.79,35418.3,9873.33,60119.22,28.23
2020-11-29T18:00+01:00,-1124.63,35501.89,9819.25,60217.26,28.23
2020-11-29T19:00+01:00,-1748.09,35748.75,9572.7,58747.12,28.23
2020-11-29T20:00+01:00,-2247.91,36255.14,9473.25,56266.87,28.23
2020-11-29T21:00+01:00,-1854.97,36285.15,9226.2,54508.22,28.23
2020-11-29T22:00+01:00,-2797.95,36314.2,9178.9,54155.06,28.23
2020-11-29T23:00+01:00,-4739.42,35447.83,9023.07,51205.8,28.23
2020-11-30T00:00+01:00,-3048.71,34410.89,8965.34,49220,28.23
2020-11-30T01:00+01:00,-4129.75,34109.19,9053.21,47808.54,28.23
2020-11-30T02:00+01:00,-3024.9,33420.87,9349.05,47283.73,28.23
2020-11-30T03:00+01:00,-2597.63,33702.59,9819.7,47802.95,28.23
2020-11-30T04:00+01:00,-1913.24,34863.72,10390.51,49603.19,28.23
2020-11-30T05:00+01:00,-3876.15,37998.22,11152.97,53529.04,28.23
2020-11-30T06:00+01:00,-3124,41375.87,11875.19,62128.22,28.23
2020-11-30T07:00+01:00,-3257.75,44092.64,13042.24,68300.19,28.23
2020-11-30T08:00+01:00,-4310.04,44807.89,15197.78,70335.79,28.23
2020-11-30T09:00+01:00,-7444.32,44638.09,19473.11,70726.89,28.23
2020-11-30T10:00+01:00,-8594.13,43966.44,23751.11,72111.77,28.23
2020-11-30T11:00+01:00,-9255.58,43476.44,27049.84,72801.92,28.23
2020-11-30T12:00+01:00,-9220.75,42970.9,28550.46,72802.54,28.23
2020-11-30T13:00+01:00,-9536.05,42903.6,27888.84,72512.32,28.23
2020-11-30T14:00+01:00,-8889.19,42930.18,25449.57,71424.77,28.23
2020-11-30T15:00+01:00,-7149.96,43151.42,23486,71517.55,28.23
2020-11-30T16:00+01:00,-7266.57,43238.04,23842.81,73050.26,28.23
2020-11-30T17:00+01:00,-8474.86,43104.52,26404.35,75683.38,28.23
2020-11-30T18:00+01:00,-10855.03,42809.33,27726.3,74814.91,28.23
2020-11-30T19:00+01:00,-9321.6,40782.73,28708.38,73101.02,28.23
2020-11-30T20:00+01:00,-9503.52,37754.96,28878.58,69003.9,28.23
2020-11-30T21:00+01:00,-10521.13,36277.99,28722.67,65453.3,28.23
2020-11-30T22:00+01:00,-10685.01,34906.48,27488.42,63238.25,28.23
2020-11-30T23:00+01:00,-9276.43,32965.03,26827.8,59156.24,28.23
2020-12-01T00:00+01:00,-7773.32,30822.92,24891.23,55253.16,28.23
2020-12-01T01:00+01:00,-7462.43,30562.28,22155.62,52973.75,28.23
2020-12-01T02:00+01:00,-6941.83,30604.8,21112.66,51521.86,28.23
2020-12-01T03:00+01:00,-5240.72,30643.67,19988.72,51712.98,28.23
2020-12-01T04:00+01:00,-5583.08,31520.86,19110.06,53348.89,28.23
2020-12-01T05:00+01:00,-6061.95,34335.62,18531.63,56280.4,28.23
2020-12-01T06:00+01:00,-4925.8,39524.18,17952.22,63870.12,28.23
2020-12-01T07:00+01:00,-3786.95,44078.44,16843.87,69715.35,28.23
2020-12-01T08:00+01:00,-4053.29,45288.46,16476.68,71802.4,28.23
2020-12-01T09:00+01:00,-2007.14,45408.6,16146.1,72686.37,28.23
2020-12-01T10:00+01:00,-1622.51,45611.75,15422.28,73156.65,28.23
2020-12-01T11:00+01:00,-76.86,45312.1,14788.1,73468.39,28.23
2020-12-01T12:00+01:00,1116.29,45635.29,14373.55,73271.55,28.23
2020-12-01T13:00+01:00,2216.07,45712.59,13799.63,72563.46,28.23
2020-12-01T14:00+01:00,1897.28,45627.9,12411.18,71649.35,28.23
2020-12-01T15:00+01:00,1972.03,45838.52,11745.85,71237.97,28.23
2020-12-01T16:00+01:00,329.04,46491.97,12047.79,72072.82,28.23
2020-12-01T17:00+01:00,480.72,46847.89,11878.33,73393.11,28.23
2020-12-01T18:00+01:00,-55.67,46970.53,11570.08,72413.13,28.23
2020-12-01T19:00+01:00,-696.02,46586.1,11330.81,70164.07,28.23
2020-12-01T20:00+01:00,-1468.82,45798.73,10963.35,66405.38,28.23
2020-12-01T21:00+01:00,-2540.06,44727.65,10507.53,63029.16,28.23
2020-12-01T22:00+01:00,-3139.9,43090.86,10180.81,60179.33,28.23
2020-12-01T23:00+01:00,-4696.99,41975.15,10096.67,56461.3,28.23
2020-12-02T00:00+01:00,-4925.08,41472.29,9813.45,53522.76,28.23
2020-12-02T01:00+01:00,-4460.94,40777.02,9503.2,51541.09,28.23
2020-12-02T02:00+01:00,-3830.94,39571.47,9634.35,50742.44,28.23
2020-12-02T03:00+01:00,-2750.4,39059.28,9458.86,51205.1,28.23
2020-12-02T04:00+01:00,-2940.14,39854.68,9323.78,52433,28.23
2020-12-02T05:00+01:00,-3176.99,42199.03,9371.85,55593.59,28.23
2020-12-02T06:00+01:00,-498.67,44205.49,9426.2,62967.56,28.23
2020-12-02T07:00+01:00,2547.33,45341.34,9536.92,68652.65,28.23
2020-12-02T08:00+01:00,2128.94,45950.37,10231.25,71150.2,28.23
2020-12-02T09:00+01:00,1014.72,46266.88,11464.48,71783.65,28.23
2020-12-02T10:00+01:00,-1634.51,46168.2,13005.94,72755.05,28.23
2020-12-02T11:00+01:00,-1153.19,46354.24,13642.39,73551.26,28.23
2020-12-02T12:00+01:00,198.1,46559.9,13380.64,72916.63,28.23
2020-12-02T13:00+01:00,510.2,46556.27,12611.98,72769.9,28.23
2020-12-02T14:00+01:00,1940.2,46013.77,11253.22,72181.5,28.23
2020-12-02T15:00+01:00,2320.13,46032.7,10509.98,72096.51,28.23
2020-12-02T16:00+01:00,2832.4,46079.28,11208.15,73140.82,28.23
2020-12-02T17:00+01:00,1239.84,47045.62,12394.96,73992.44,28.23
2020-12-02T18:00+01:00,-826.54,47181.53,13284.96,72715.75,28.23
2020-12-02T19:00+01:00,-1704.9,46557,14030.24,71048.24,28.23
2020-12-02T20:00+01:00,-3561.88,45205.9,14838.31,67507.07,28.23
2020-12-02T21:00+01:00,-6187.93,43792.42,15759.84,64408.22,28.23
2020-12-02T22:00+01:00,-7062.66,41675.5,16713.18,61752.52,28.23
2020-12-02T23:00+01:00,-8073.47,38551.47,17925.65,58131.85,28.23
2020-12-03T00:00+01:00,-6462.88,34688.72,18987.12,55546.46,28.23
2020-12-03T01:00+01:00,-7267.65,33372.84,19534.94,53416.62,28.23
2020-12-03T02:00+01:00,-8157.97,33166.76,19909.15,52735.94,28.23
2020-12-03T03:00+01:00,-7866.52,33091.01,20357.49,52913,28.23
2020-12-03T04:00+01:00,-7911.45,33557.59,20567.01,54428.07,28.23
2020-12-03T05:00+01:00,-8283.88,35619.19,20602.36,57909.89,28.23
2020-12-03T06:00+01:00,-8177.5,38855.69,20556.27,64806.76,28.23
2020-12-03T07:00+01:00,-7895.13,41628.78,21201.53,71004.5,28.23
2020-12-03T08:00+01:00,-7034.87,43158.54,22231.6,73829.65,28.23
2020-12-03T09:00+01:00,-7947.74,43466.77,23769.77,74830.34,28.23
2020-12-03T10:00+01:00,-8086.69,43264.36,25022.44,75646.53,28.23
2020-12-03T11:00+01:00,-7169.93,42790.03,26646.28,76494.53,28.23
2020-12-03T12:00+01:00,-5862.31,42376.63,27779.74,76584.38,28.23
2020-12-03T13:00+01:00,-6610.28,41746.11,27909.69,75898.73,28.23
2020-12-03T14:00+01:00,-6807.41,40486.4,27335.84,74958.38,28.23
2020-12-03T15:00+01:00,-6468.2,39863.78,28449.97,75161.66,28.23
2020-12-03T16:00+01:00,-7076.38,39062.52,31299.51,76572.5,28.23
2020-12-03T17:00+01:00,-9614.36,38432.85,34188.03,78599.24,28.23
2020-12-03T18:00+01:00,-9020.14,36609.4,36160.8,77977.5,28.23
2020-12-03T19:00+01:00,-8269.8,34170.72,36716.22,75662.85,28.23
2020-12-03T20:00+01:00,-7294.06,30473.83,37225.06,70438.41,28.23
2020-12-03T21:00+01:00,-7242.13,27673.15,37423.65,66468.87,28.23
2020-12-03T22:00+01:00,-6951.91,26670.9,36835.09,63798.85,28.23
2020-12-03T23:00+01:00,-7512.67,24589.01,37206.02,60083.33,28.23
2020-12-04T00:00+01:00,-8936.33,22115.29,37157.45,56970,28.23
2020-12-04T01:00+01:00,-9227.05,21729.64,37600.79,54994.35,28.23
2020-12-04T02:00+01:00,-8678.68,20730.84,38426.11,54586.26,28.23
2020-12-04T03:00+01:00,-8194.54,20534,38988.35,55021.53,28.23
2020-12-04T04:00+01:00,-8142.48,21034.15,39129.53,55967.74,28.23
2020-12-04T05:00+01:00,-8251.7,23239.82,38876.72,58656.76,28.23
2020-12-04T06:00+01:00,-8930.55,28220.25,39186.61,65691.93,28.23
2020-12-04T07:00+01:00,-6850.84,31389.88,38214.4,72246.04,28.23
2020-12-04T08:00+01:00,-7106.63,33904.43,37816.6,74806.46,28.23
2020-12-04T09:00+01:00,-6742.74,34814.79,37139.23,74781.82,28.23
2020-12-04T10:00+01:00,-6430.42,35234.91,35987.92,74359.01,28.23
2020-12-04T11:00+01:00,-6995.47,35866.19,35917,74598.01,29.56
2020-12-04T12:00+01:00,-6247.4,36037.23,35017.74,73937.03,30
2020-12-04T13:00+01:00,-5926.09,36197.22,33171.29,71978.64,30
2020-12-04T14:00+01:00,-5352.16,36013.37,31134.95,70710.55,30
2020-12-04T15:00+01:00,-6285.47,36412.02,29109.04,70537.59,30
2020-12-04T16:00+01:00,-6946.29,37499,28771.58,72284.06,30
2020-12-04T17:00+01:00,-7021.21,38025.68,27878.49,73854.78,30
2020-12-04T18:00+01:00,-7067,38265.63,26343.61,72598.67,30
2020-12-04T19:00+01:00,-5988.93,38753.26,24377.31,69544.95,30
2020-12-04T20:00+01:00,-5332.5,37962.31,22064.75,65201.25,30
2020-12-04T21:00+01:00,-4894.38,36858.53,20514.49,61189.73,30
2020-12-04T22:00+01:00,-4503.03,35856.99,19450.67,58857.27,30
2020-12-04T23:00+01:00,-5243.62,34571.37,17976.5,55172.73,30
2020-12-05T00:00+01:00,-7015.5,32437.27,16939.04,50919.27,30
2020-12-05T01:00+01:00,-6755.33,31798.03,17052.05,49656.94,30
2020-12-05T02:00+01:00,-7827.87,31855.74,16529,48577.48,30
2020-12-05T03:00+01:00,-6551.67,32026.9,16298.16,48170.57,30
2020-12-05T04:00+01:00,-6185.79,32176.02,16324.03,48282.5,30
2020-12-05T05:00+01:00,-6622.12,32267.85,16517.67,48471.64,30
2020-12-05T06:00+01:00,-5279.28,32700.67,16473.8,49334.16,30
2020-12-05T07:00+01:00,-7166.04,33420.01,17585.08,52963.01,30
2020-12-05T08:00+01:00,-6379.71,33554.69,20260.77,56923.08,30
2020-12-05T09:00+01:00,-8351.07,34709.99,22201.08,59322.63,30
2020-12-05T10:00+01:00,-9306.76,35646.97,22920.62,60311.63,30
2020-12-05T11:00+01:00,-8341.93,36524.26,22796.69,61736.7,30
2020-12-05T12:00+01:00,-7997.92,37449.09,20809.98,60954.02,30
2020-12-05T13:00+01:00,-6711.82,37894.08,19165.06,59425.55,30
2020-12-05T14:00+01:00,-6292.57,37462.42,18124.34,58209.98,30
2020-12-05T15:00+01:00,-6717.94,38029.21,17089.1,58530.25,30
2020-12-05T16:00+01:00,-7039.4,38714.68,17547.02,60689.56,30
2020-12-05T17:00+01:00,-6248.09,38935.75,17959.43,63113.12,30
2020-12-05T18:00+01:00,-5679.33,38513.72,18104.9,62676.26,30
2020-12-05T19:00+01:00,-6072.33,37424.04,18564.9,60424.82,30
2020-12-05T20:00+01:00,-7068.34,35965.52,17866.53,56391.28,30
2020-12-05T21:00+01:00,-6262.71,34607.38,16806.06,53577.4,30
2020-12-05T22:00+01:00,-4841.24,33742.99,15181.48,52009.47,30
2020-12-05T23:00+01:00,-4337.98,32694.47,14964.27,49386.18,30
2020-12-06T00:00+01:00,-6885.2,31401.39,15116.4,46494.1,30
2020-12-06T01:00+01:00,-7772.46,31036.51,14471.08,44779.44,30
2020-12-06T02:00+01:00,-6354.35,30025.99,14308.56,43827.7,30
2020-12-06T03:00+01:00,-5736.41,29468.57,14417.05,43503.39,30
2020-12-06T04:00+01:00,-4934.25,29104.34,15152.75,43824.38,30
2020-12-06T05:00+01:00,-6384.37,29526.05,15994.52,43812.17,30
2020-12-06T06:00+01:00,-7578.17,30007.98,16574.73,43535.34,30
2020-12-06T07:00+01:00,-8833.52,31537.77,17384.07,45832,30
2020-12-06T08:00+01:00,-9421.16,32407.58,18493.14,49653.71,30
2020-12-06T09:00+01:00,-9476.83,33754.58,19303.4,52976.21,30
2020-12-06T10:00+01:00,-7638.16,34154.59,19845.41,55255.13,30
2020-12-06T11:00+01:00,-7716.23,35319.13,19284.23,58114.65,30
2020-12-06T12:00+01:00,-7296.24,35498.93,19049.39,58138.76,30
2020-12-06T13:00+01:00,-5991.82,34095.67,18852.82,56075.75,30
2020-12-06T14:00+01:00,-6695.06,33911.4,17825.53,55082.19,30
2020-12-06T15:00+01:00,-6831.8,34820.16,17362.6,55317.93,30
2020-12-06T16:00+01:00,-7278.42,35578.76,18601.3,58073.96,30
2020-12-06T17:00+01:00,-7037.02,36397.33,19328.48,61070.27,30
2020-12-06T18:00+01:00,-7615.38,37103.39,19126.61,61257.54,30
2020-12-06T19:00+01:00,-7082.11,36649.49,19172.28,59600.51,30
2020-12-06T20:00+01:00,-7662.16,35800.74,18185.03,56925.51,30
2020-12-06T21:00+01:00,-7833.82,35293.74,17767.92,55177.06,30
2020-12-06T22:00+01:00,-6907.96,34046.2,17322.62,54806.18,30
2020-12-06T23:00+01:00,-6182.66,32567.99,17778.18,52282.11,30
2020-12-07T00:00+01:00,-6902.29,30202.92,17799.3,49655.57,30
2020-12-07T01:00+01:00,-7745.88,29141.93,18143.01,47975.24,30
2020-12-07T02:00+01:00,-6767.9,28539.06,19118.08,47697.04,30
2020-12-07T03:00+01:00,-5774.23,27721.44,19876.54,48266.94,30
2020-12-07T04:00+01:00,-6301.81,29463.36,20697.11,50393.13,30
2020-12-07T05:00+01:00,-8187.26,33822.9,22004.45,54642.78,30
2020-12-07T06:00+01:00,-8688.4,37669.43,23550.48,63404.31,30
2020-12-07T07:00+01:00,-6935.27,40702.63,24561.22,70754.58,30
2020-12-07T08:00+01:00,-7855.58,41469.81,25996.25,73035.88,30
2020-12-07T09:00+01:00,-7393.18,41927.64,27162.37,73414.12,30
2020-12-07T10:00+01:00,-8702.14,42221.53,28518.74,74225.69,30
2020-12-07T11:00+01:00,-8077.27,41970.32,29993.95,75245.74,30
2020-12-07T12:00+01:00,-8054.69,41287.29,30627.01,75174.64,30
2020-12-07T13:00+01:00,-7968.53,41516.54,29509.14,74321.72,30
2020-12-07T14:00+01:00,-7579.63,42215.64,27134.36,73035.24,30
2020-12-07T15:00+01:00,-7325.46,42928.21,25164.35,72683.55,30
2020-12-07T16:00+01:00,-7248.45,43411.58,24054.83,73703.58,30
2020-12-07T17:00+01:00,-5990.33,43808.11,23031.38,75242.36,30
2020-12-07T18:00+01:00,-5817.97,43719.82,22253.58,74402.01,30
2020-12-07T19:00+01:00,-6123.15,42946.89,21033.25,72256.38,30
2020-12-07T20:00+01:00,-5784.66,41673.85,19759.52,67764.72,30
2020-12-07T21:00+01:00,-5782.91,40027.79,18772.56,63825.2,30
2020-12-07T22:00+01:00,-5529.08,38413.43,17360.36,60583.53,30
2020-12-07T23:00+01:00,-5215.41,36462.59,15983.46,55934.28,30
2020-12-08T00:00+01:00,-4577.97,35300.7,14988.27,52418.38,30
2020-12-08T01:00+01:00,-3885.88,35184.72,14045.52,50676.57,30
2020-12-08T02:00+01:00,-2675.01,34301.95,13403.53,49579.37,30
2020-12-08T03:00+01:00,-585.14,33390.83,13293.77,50143.95,30
2020-12-08T04:00+01:00,125.16,33971.03,13155.09,51525.67,30
2020-12-08T05:00+01:00,-2431.97,37097.7,13337.12,54901.22,30
2020-12-08T06:00+01:00,-3499.28,42786.46,13458.29,62361.26,30
2020-12-08T07:00+01:00,-1420.52,46127.73,13879.47,68763.73,30
2020-12-08T08:00+01:00,-1862.72,47031.56,14181.33,71450.98,30
2020-12-08T09:00+01:00,-2553.49,46902.64,15727.57,71628.57,30
2020-12-08T10:00+01:00,-2262.54,46319.2,17587.87,71919.86,30
2020-12-08T11:00+01:00,-2449.57,46020.83,18928.13,72540.84,30
2020-12-08T12:00+01:00,-3201.24,46323.57,18909.45,71995.79,30
2020-12-08T13:00+01:00,-3134.63,46713.49,17414.54,70775.49,30
2020-12-08T14:00+01:00,-2105.42,47070.21,14798.03,70032.16,30
2020-12-08T15:00+01:00,-848.63,46956.9,12937.56,70334.37,30
2020-12-08T16:00+01:00,-1343.15,47201.63,13955.13,72359.54,30
2020-12-08T17:00+01:00,-1575.05,47550.58,15272.97,74016.92,30
2020-12-08T18:00+01:00,-3201.28,47198.03,16290.66,73738.21,30
2020-12-08T19:00+01:00,-3918.68,47087.71,16108.52,71450,30
2020-12-08T20:00+01:00,-5139.15,45910.42,14972.18,67009.11,30
2020-12-08T21:00+01:00,-5215.4,44466.33,13955.85,63132.52,30
2020-12-08T22:00+01:00,-4732.83,42383.13,13106.03,59888.2,30
2020-12-08T23:00+01:00,-4450.86,40551.04,12743.77,56117.96,30
2020-12-09T00:00+01:00,-5965.3,40020.83,12080.69,53278.42,30
2020-12-09T01:00+01:00,-5442.28,39220.09,12175.98,51467.49,30
2020-12-09T02:00+01:00,-4229.66,37615.55,12417.74,50518.58,30
2020-12-09T03:00+01:00,-3273.89,36874.74,12474.53,50808.62,30
2020-12-09T04:00+01:00,-3376.48,37642.19,12759.47,52205.96,30
2020-12-09T05:00+01:00,-4432.03,40283.5,12465.37,55926.71,30
2020-12-09T06:00+01:00,-4942.52,45221.77,12488.75,63205.22,30
2020-12-09T07:00+01:00,-2106.26,47634.59,12470.67,70078.95,30
2020-12-09T08:00+01:00,352.98,48086.01,12248.28,72188.72,30
2020-12-09T09:00+01:00,-1480.55,48705.77,12316.1,72705.31,30
2020-12-09T10:00+01:00,-1621.53,49072.06,12504.08,73755.99,30
2020-12-09T11:00+01:00,1159.66,48918.99,12324.14,74751.15,30
2020-12-09T12:00+01:00,847.61,49083.17,12458.18,74565.17,30
2020-12-09T13:00+01:00,112.92,48838.6,12275.92,73599.76,30
2020-12-09T14:00+01:00,864.36,48641.14,11615.36,72665.76,30
2020-12-09T15:00+01:00,-110.18,48765.95,11194.76,72271.4,30
2020-12-09T16:00+01:00,-296.22,48815.93,11163,73069.6,30
2020-12-09T17:00+01:00,-697.12,48703.11,11644.92,74408.57,30
2020-12-09T18:00+01:00,-391.87,48221.85,12094.33,73490.73,30
2020-12-09T19:00+01:00,-1640.59,47965.12,12443.88,71438.53,30
2020-12-09T20:00+01:00,-3014.44,46764.1,12833.61,67341.76,30
2020-12-09T21:00+01:00,-3973.2,44369.81,12566.47,63657.02,30
2020-12-09T22:00+01:00,-2176.93,42144.14,12261.48,60618.03,30
2020-12-09T23:00+01:00,-3123.1,40777.08,12323.67,57164.2,30
2020-12-10T00:00+01:00,-2792.58,38071.42,12366.95,53897.1,30
2020-12-10T01:00+01:00,-1820.43,36382.21,11936.85,51434.96,30
2020-12-10T02:00+01:00,-2553.53,35566.47,11441.86,50518.22,30
2020-12-10T03:00+01:00,-1993.5,35953.09,11256.49,50770.9,30
2020-12-10T04:00+01:00,-868.34,36685.4,11253.46,52342.84,30
2020-12-10T05:00+01:00,-526.15,39462.07,10963.13,56134.23,30
2020-12-10T06:00+01:00,-1225.73,43743.78,10736.27,63380.08,30
2020-12-10T07:00+01:00,1312.66,46105.95,10553.34,70049.6,30
2020-12-10T08:00+01:00,1847.91,46712.84,10470.41,72342.97,30
2020-12-10T09:00+01:00,975.58,46903.53,10732.11,72608.55,30
2020-12-10T10:00+01:00,2480.85,47032.34,11225.03,72694.14,30
2020-12-10T11:00+01:00,1774.63,47099.3,11251.08,73591.8,30
2020-12-10T12:00+01:00,1347.63,47007.07,11067.84,74132.04,30
2020-12-10T13:00+01:00,2013.61,47066.86,10486.34,73542.08,30
2020-12-10T14:00+01:00,2169.16,47418.83,9786.85,72075.17,30
2020-12-10T15:00+01:00,2296.74,47761.53,9430.14,72132.21,30
2020-12-10T16:00+01:00,1972.08,47908.63,9509.23,72898.2,30
2020-12-10T17:00+01:00,2267.19,47939.64,9937.37,74360.53,30
2020-12-10T18:00+01:00,2406.9,47472.4,10607.06,73652.86,30
2020-12-10T19:00+01:00,1964.06,46973.63,11279.87,71541.5,30
2020-12-10T20:00+01:00,-414.31,45842.2,11790.12,67664.62,30
2020-12-10T21:00+01:00,-1640.1,43598.47,12152.86,64286.74,30
2020-12-10T22:00+01:00,-1296.87,40671.79,12683.16,61054.88,30
2020-12-10T23:00+01:00,299.24,37835.57,13419.45,57114.78,30
2020-12-11T00:00+01:00,-697.81,34127.62,13996.9,54340.5,30
2020-12-11T01:00+01:00,-947.76,32840.51,15083.67,53051.73,30
2020-12-11T02:00+01:00,-1497.79,32577.14,16199.34,52234.2,30
2020-12-11T03:00+01:00,-1959.55,31776.38,17666.76,52464.37,30
2020-12-11T04:00+01:00,-2341.58,32032.49,19193.43,53704.68,30
2020-12-11T05:00+01:00,-3619.98,33797.61,20464.6,56807.26,30
2020-12-11T06:00+01:00,-5176.84,36347.6,22156.06,63653.79,30
2020-12-11T07:00+01:00,-6351.91,38898.96,23687.96,70505.59,30
2020-12-11T08:00+01:00,-6301.19,39550.85,25230.81,72946.9,30
2020-12-11T09:00+01:00,-7220.62,39385.44,27183.76,73485.31,30
2020-12-11T10:00+01:00,-7653.81,39899.82,28822.71,74175.56,30
2020-12-11T11:00+01:00,-7455.35,40206.4,29059.5,74158.75,30.34
2020-12-11T12:00+01:00,-5459.57,39834.43,29145.18,73654.7,30.45
2020-12-11T13:00+01:00,-6764.37,39676.32,28627.09,72280.11,30.45
2020-12-11T14:00+01:00,-7647.52,39552.41,28248.24,71185.68,30.45
2020-12-11T15:00+01:00,-8391.78,39387.2,28287.05,71259.49,30.45
2020-12-11T16:00+01:00,-8347.07,39372.21,29364.77,72956.58,30.45
2020-12-11T17:00+01:00,-8420.15,39495.96,29873.35,74728.84,30.45
2020-12-11T18:00+01:00,-7455.4,39451.44,29772.7,74000.57,30.45
2020-12-11T19:00+01:00,-8161.08,38771.45,29071.16,71133.13,30.45
2020-12-11T20:00+01:00,-7462.36,36213.51,27853.99,66560.18,30.45
2020-12-11T21:00+01:00,-7723.46,34659.92,27116.08,62893.09,30.45
2020-12-11T22:00+01:00,-8007.02,32978.42,26064.08,60133.8,30.45
2020-12-11T23:00+01:00,-8682.4,31413.17,25601.64,56233.3,30.45
2020-12-12T00:00+01:00,-7220.92,28509.43,25315.01,53098.34,30.45
2020-12-12T01:00+01:00,-8393.46,28203.44,24482.87,50338.76,30.45
2020-12-12T02:00+01:00,-8368.86,28332.02,23652.63,48717.91,30.45
2020-12-12T03:00+01:00,-6827.34,28177.95,22875.54,48197.68,30.45
2020-12-12T04:00+01:00,-6218.32,28341.31,22544.36,48844.93,30.45
2020-12-12T05:00+01:00,-6341.5,29203.04,22093.72,49513.16,30.45
2020-12-12T06:00+01:00,-7329.26,30405.16,21468.52,50830.98,30.45
2020-12-12T07:00+01:00,-7180.97,31563.87,20341.05,53566.82,30.45
2020-12-12T08:00+01:00,-5755.67,33723.27,19613.59,56462.98,30.45
2020-12-12T09:00+01:00,-4128.06,34442.93,19359.96,59419.19,30.45
2020-12-12T10:00+01:00,-3030.08,34968.01,18972.16,60928.99,30.45
2020-12-12T11:00+01:00,-2283.24,35183.74,18426.72,62001.54,30.45
2020-12-12T12:00+01:00,-2471.21,35336.16,16967.51,61503.82,30.45
2020-12-12T13:00+01:00,-690.47,35464.66,15073.09,59975.98,30.45
2020-12-12T14:00+01:00,-795.62,35447.58,13507.11,59061.87,30.45
2020-12-12T15:00+01:00,596.79,35416.38,12279.92,59047.69,30.45
2020-12-12T16:00+01:00,1353.05,35390.66,12248.34,61174.63,30.45
2020-12-12T17:00+01:00,482.84,35523.4,12514.52,63196.78,30.45
2020-12-12T18:00+01:00,63.83,35624.11,12470.1,62950.01,30.45
2020-12-12T19:00+01:00,-1372.98,35484.74,12353.81,60844.88,30.45
2020-12-12T20:00+01:00,-2791.23,35241.15,11896.42,57097.49,30.45
2020-12-12T21:00+01:00,-2412.13,34619.23,11435.01,54200.09,30.45
2020-12-12T22:00+01:00,-1976.88,33643.5,11055.81,52528.2,30.45
2020-12-12T23:00+01:00,-1921.1,30589.36,10837.4,48813,30.45
2020-12-13T00:00+01:00,-2626.23,28382.91,10663.97,45500.39,30.45
2020-12-13T01:00+01:00,-3094.71,27416.35,10808.52,43472.8,30.45
2020-12-13T02:00+01:00,-2438.73,26611,11036.9,42713,30.45
2020-12-13T03:00+01:00,-1218.12,25831.32,11028.76,42417.05,30.45
2020-12-13T04:00+01:00,-975.3,25720.39,11042.27,42394.99,30.45
2020-12-13T05:00+01:00,-2510.51,26921.66,11178.85,42596.03,30.45
2020-12-13T06:00+01:00,-4327.98,27779.92,11424.69,42774.13,30.45
2020-12-13T07:00+01:00,-5416.92,28860.98,11403.27,45134.48,30.45
2020-12-13T08:00+01:00,-4541.02,30762.85,11559.9,47864.61,30.45
2020-12-13T09:00+01:00,-2964.91,31788.39,12267.38,51128.29,30.45
2020-12-13T10:00+01:00,-2115.72,31649.94,13256.19,53772.45,30.45
2020-12-13T11:00+01:00,-135.72,31787.31,13979.45,56406.34,30.45
2020-12-13T12:00+01:00,238.28,32009.59,14223.59,56599.88,30.45
2020-12-13T13:00+01:00,-158.15,31985.15,13844.18,54971.2,30.45
2020-12-13T14:00+01:00,-138.83,31985.05,12504.46,53753.81,30.45
2020-12-13T15:00+01:00,103.51,31988.74,11940.82,53753.93,30.45
2020-12-13T16:00+01:00,199.54,32064.41,12855.51,55772.58,30.45
2020-12-13T17:00+01:00,501.19,32337.46,14173.4,59041.6,30.45
2020-12-13T18:00+01:00,-342.01,32019.84,16481.47,59631.86,30.45
2020-12-13T19:00+01:00,-2515.35,31934.03,18758.75,58295.6,30.45
2020-12-13T20:00+01:00,-4858.44,30780.31,20625.9,56025.01,30.45
2020-12-13T21:00+01:00,-4901.22,28861.97,21765.55,54731.52,30.45
2020-12-13T22:00+01:00,-5122.03,27936.28,22863.16,54426.06,30.45
2020-12-13T23:00+01:00,-5091.43,25206.32,23982.2,51040.88,30.45
2020-12-14T00:00+01:00,-6307.4,22910.72,25078.8,47784.07,30.45
2020-12-14T01:00+01:00,-5862.59,20743.05,26823.49,46439.72,30.45
2020-12-14T02:00+01:00,-4620.26,19380.06,28424.37,46358.04,30.45
2020-12-14T03:00+01:00,-3771.21,18624.73,29438.23,47068.15,30.45
2020-12-14T04:00+01:00,-4259.28,19600.97,30150.38,49206.14,30.45
2020-12-14T05:00+01:00,-4682.07,22175.59,30967.39,52704.9,30.45
2020-12-14T06:00+01:00,-6890.01,27971.21,32384.14,61517.07,30.45
2020-12-14T07:00+01:00,-7226.32,31749.95,32925.9,68511.14,30.45
2020-12-14T08:00+01:00,-7759.65,33083.3,33494.24,71231.89,30.45
2020-12-14T09:00+01:00,-8027.2,33811.79,34997.8,71335.14,30.45
2020-12-14T10:00+01:00,-8501.33,33839.02,37161.63,72184.36,30.45
2020-12-14T11:00+01:00,-8478,33368.61,38550.06,72749.1,30.45
2020-12-14T12:00+01:00,-8274.88,32817.85,37962.9,72545.79,30.45
2020-12-14T13:00+01:00,-7689.57,33277.18,35555.35,71629.11,30.45
2020-12-14T14:00+01:00,-6517.2,34225.35,31497.1,70255.62,30.45
2020-12-14T15:00+01:00,-5161.39,35159.82,28296.21,69776.04,30.45
2020-12-14T16:00+01:00,-4527.12,35338.35,27940.35,70912.96,30.45
2020-12-14T17:00+01:00,-4936.2,35358.06,28677.06,73160.44,30.45
2020-12-14T18:00+01:00,-5475.13,35032.95,28465.52,72535.23,30.45
2020-12-14T19:00+01:00,-4989.11,34841.07,27640.46,69922,30.45
2020-12-14T20:00+01:00,-5610.68,33591.48,26783.7,65532.34,30.45
2020-12-14T21:00+01:00,-6970.79,32272.43,26107.35,61373.36,30.45
2020-12-14T22:00+01:00,-6530.76,30567.02,25450.69,58637.74,30.45
2020-12-14T23:00+01:00,-6522.68,28639.25,24098.28,54293.56,30.45
2020-12-15T00:00+01:00,-7363.08,27009.77,24178.45,50827.95,30.45
2020-12-15T01:00+01:00,-6349.15,25946.19,25165.3,49580.94,30.45
2020-12-15T02:00+01:00,-7439.78,25686.76,24941.3,48746.06,30.45
2020-12-15T03:00+01:00,-7279.3,26219.09,24716.51,48969.18,30.45
2020-12-15T04:00+01:00,-6122.44,26827.4,24310.51,50715.07,30.45
2020-12-15T05:00+01:00,-6063.63,29273.13,24838.68,54696.33,30.45
2020-12-15T06:00+01:00,-6139.7,34032.17,25182.86,62625.83,30.45
2020-12-15T07:00+01:00,-4781.5,37850.08,24774.31,69537.68,30.45
2020-12-15T08:00+01:00,-5810.76,39806.49,23682.91,71911.08,30.45
2020-12-15T09:00+01:00,-7258.49,40249.16,23360.21,71696.78,30.45
2020-12-15T10:00+01:00,-6052.78,40682,22798.27,72701.32,30.45
2020-12-15T11:00+01:00,-4083.63,40975.42,21860.71,73565.69,30.45
2020-12-15T12:00+01:00,-2341.33,40760.63,20503.86,73371.96,30.45
2020-12-15T13:00+01:00,-1360.7,40881.52,18535.86,72384.22,30.45
2020-12-15T14:00+01:00,-46.92,41138.25,17005.48,71093.07,30.45
2020-12-15T15:00+01:00,-301.36,41495.58,16601.66,71158.19,30.45
2020-12-15T16:00+01:00,-3141.12,41692.73,17187.23,71932.68,30.45
2020-12-15T17:00+01:00,-3173.41,41978.61,18384.1,72669.04,30.45
2020-12-15T18:00+01:00,-3429.84,41954.8,19033.62,72135.67,30.45
2020-12-15T19:00+01:00,-3022.04,41548.83,18871.67,70222.86,30.45
2020-12-15T20:00+01:00,-4078.99,39789.57,18513.8,66021.78,30.45
2020-12-15T21:00+01:00,-3224.49,37340.68,18389.46,62080.28,30.45
2020-12-15T22:00+01:00,-3960.23,35664.94,18138.67,58629.68,30.45
2020-12-15T23:00+01:00,-4169.62,33033.48,16712.97,54208.74,30.45
2020-12-16T00:00+01:00,-4156.95,31850.25,15406.97,50755.6,30.45
2020-12-16T01:00+01:00,-3064.95,31406.35,13881.11,48714.41,30.45
2020-12-16T02:00+01:00,-1991.98,30734.28,12858.21,47527.26,30.45
2020-12-16T03:00+01:00,-348.67,30307.88,11878.86,47998.51,30.45
2020-12-16T04:00+01:00,1095.52,31025.04,11146.28,49020.29,30.45
2020-12-16T05:00+01:00,1238.81,33855.58,11010.1,52259.12,30.45
2020-12-16T06:00+01:00,-10.75,37707.14,12150.99,59900.46,30.45
2020-12-16T07:00+01:00,-1504.66,39804.89,13777.7,66415.5,30.45
2020-12-16T08:00+01:00,-1116.82,40636.76,15474.1,69080.84,30.45
2020-12-16T09:00+01:00,-2473.98,40300.44,18178.02,69744,30.45
2020-12-16T10:00+01:00,-3588.18,39934.5,20477.73,70362.94,30.45
2020-12-16T11:00+01:00,-4326.84,39612.6,22267.03,71051.22,30.45
2020-12-16T12:00+01:00,-3962.07,39520.86,22278.51,70412.17,30.45
2020-12-16T13:00+01:00,-3655.28,39981.47,21382.22,69555.62,30.45
2020-12-16T14:00+01:00,-2802.75,39962.45,18738.91,68388.89,30.45
2020-12-16T15:00+01:00,-3304.37,39870.15,17674.43,68074.72,30.45
2020-12-16T16:00+01:00,-4090.37,39788.58,19656.3,69520.68,30.45
2020-12-16T17:00+01:00,-6641.9,40020.08,22442.59,72000.37,30.45
2020-12-16T18:00+01:00,-4375.56,39549.92,25555.21,71861.67,30.45
2020-12-16T19:00+01:00,-4763.05,36971.6,27542.29,70113.66,30.45
2020-12-16T20:00+01:00,-6329.45,33708.01,28823.17,66203.94,30.45
2020-12-16T21:00+01:00,-6661.25,30142.24,29734.7,62605.71,30.45
2020-12-16T22:00+01:00,-6587.04,27854.15,29738.14,59668.64,30.45
2020-12-16T23:00+01:00,-6571.59,24830.46,29713.8,54896.57,30.45
2020-12-17T00:00+01:00,-7014.09,22872.15,29674.41,51593.53,30.45
2020-12-17T01:00+01:00,-7086.59,21956.16,29882.02,49965.89,30.45
2020-12-17T02:00+01:00,-7511.36,21603.14,30022.93,49219.41,30.45
2020-12-17T03:00+01:00,-6916.6,21164.6,30267.15,49824.04,30.45
2020-12-17T04:00+01:00,-5995.78,21787.66,30773.59,51340.58,30.45
2020-12-17T05:00+01:00,-5967.68,24015.81,30415.08,54188.76,30.45
2020-12-17T06:00+01:00,-5907.33,28386.98,29662.84,60003.62,30.45
2020-12-17T07:00+01:00,-7118.67,31875.96,30006.79,66486.56,30.45
2020-12-17T08:00+01:00,-7394.68,33381.78,30803.11,69647.23,30.45
2020-12-17T09:00+01:00,-6661.76,32721.43,32273.8,70000.29,30.45
2020-12-17T10:00+01:00,-6354.23,32280.55,33529.28,70589.5,30.45
2020-12-17T11:00+01:00,-5864.77,31620.18,35122,71422.41,30.45
2020-12-17T12:00+01:00,-5491.59,31137.01,35829.67,71274.98,30.45
2020-12-17T13:00+01:00,-5719.29,31115.84,34565.01,69747.31,30.45
2020-12-17T14:00+01:00,-5352.8,32313.55,32167.18,68967.87,30.45
2020-12-17T15:00+01:00,-5085.75,32612.08,30270.84,68826.15,30.45
2020-12-17T16:00+01:00,-6543.35,33000.76,29715.81,69937.58,30.45
2020-12-17T17:00+01:00,-6680.16,33321.79,29618.59,71701.8,30.45
2020-12-17T18:00+01:00,-5785.22,33457.06,29921.68,71338.9,30.45
2020-12-17T19:00+01:00,-5318.8,32775.25,30521.51,69410.05,30.45
2020-12-17T20:00+01:00,-5844.49,31063.71,30074.99,65800.09,30.45
2020-12-17T21:00+01:00,-5475.64,29350.22,29608.65,61849.28,30.45
2020-12-17T22:00+01:00,-5680.84,27591.6,29243.86,59325.44,30.45
2020-12-17T23:00+01:00,-5515.52,25072.31,28911.88,55052.09,30.45
2020-12-18T00:00+01:00,-5985.22,22497.98,28652.92,51983.26,30.45
2020-12-18T01:00+01:00,-5067.04,21368.76,27743.61,50160.41,30.45
2020-12-18T02:00+01:00,-5471.5,21683.31,26952.83,49395.83,30.45
2020-12-18T03:00+01:00,-3441.18,21851.94,26600.08,49608.27,30.45
2020-12-18T04:00+01:00,-3011.17,22594.79,26079.62,50790.94,30.45
2020-12-18T05:00+01:00,-3068.65,24472.08,25849.73,53466.71,30.45
2020-12-18T06:00+01:00,-3128.88,27273.37,26505.62,59694.44,30.45
2020-12-18T07:00+01:00,-4638.32,30145.6,27423.19,65149.51,30.45
2020-12-18T08:00+01:00,-5578.94,31677.22,27821.68,67186.57,30.45
2020-12-18T09:00+01:00,-5523.9,31826.58,29566.1,67292.09,30.45
2020-12-18T10:00+01:00,-5435.06,31611.51,31966.12,67665.58,30.45
2020-12-18T11:00+01:00,-5101.96,30091.4,34510.62,67577.74,30.45
2020-12-18T12:00+01:00,-4606.41,28615.87,35123.9,66824.3,30.45
2020-12-18T13:00+01:00,-4542.88,28508.07,32661.6,64976.7,30.45
2020-12-18T14:00+01:00,-4177.07,29168.7,28509.63,63118.86,30.45
2020-12-18T15:00+01:00,-2713.93,29378.35,25755.98,63166.81,30.45
2020-12-18T16:00+01:00,-3417.85,29120.58,27703.6,65881.24,30.45
2020-12-18T17:00+01:00,-5343.34,29117.55,30948.14,69528.45,30.45
2020-12-18T18:00+01:00,-4730.69,28660.48,32348.31,68989.95,30.45
2020-12-18T19:00+01:00,-4667.46,27400.7,32605.01,66646.82,30.45
2020-12-18T20:00+01:00,-4785.58,24997.84,31685.91,62181.89,30.45
2020-12-18T21:00+01:00,-4927.9,22583.8,31197.33,58688.17,30.45
2020-12-18T22:00+01:00,-4003.97,20782.57,29778.24,55812.07,30.45
2020-12-18T23:00+01:00,-4938.38,19045.68,29815.29,52046.71,30.45
2020-12-19T00:00+01:00,-5713.23,18014.25,29120.99,48861.77,30.45
2020-12-19T01:00+01:00,-6016.53,17761.59,28963.94,46927.42,30.45
2020-12-19T02:00+01:00,-5882.66,17004.92,28978.98,46244.27,30.45
2020-12-19T03:00+01:00,-4413.89,16797.48,29092.16,46139.22,30.45
2020-12-19T04:00+01:00,-2802.89,16716.12,28943.97,46619.78,30.45
2020-12-19T05:00+01:00,-2956.58,17076.62,29289.01,46721.38,30.45
2020-12-19T06:00+01:00,-3581.3,17229.55,30404.75,47745.18,30.45
2020-12-19T07:00+01:00,-5195.36,17859.05,31108.41,50529.75,30.45
2020-12-19T08:00+01:00,-5347.94,18645.98,32187.89,53578.78,30.45
2020-12-19T09:00+01:00,-7067.12,19446.08,34475.47,56260.55,30.45
2020-12-19T10:00+01:00,-7252.54,18894.47,36431.81,57498.89,30.45
2020-12-19T11:00+01:00,-8029.67,19237.47,38057.74,58494.57,30.45
2020-12-19T12:00+01:00,-9411.54,19731,38354.39,57913.97,30.45
2020-12-19T13:00+01:00,-8650.04,19602.68,36159.88,56416.48,30.45
2020-12-19T14:00+01:00,-7862.28,19897.44,33283.09,55525.14,30.45
2020-12-19T15:00+01:00,-5941.1,20401.73,32443.55,56198.48,30.45
2020-12-19T16:00+01:00,-5541.19,20904.37,34076.68,59504.37,30.45
2020-12-19T17:00+01:00,-7064.62,20770.73,35808.54,62631.87,30.45
2020-12-19T18:00+01:00,-8241.17,20398.3,35534.54,62671.63,30.45
2020-12-19T19:00+01:00,-6029.68,19734.39,34770.41,60317.88,30.45
2020-12-19T20:00+01:00,-4586.41,18529.84,32981.32,56057.03,30.45
2020-12-19T21:00+01:00,-5013.31,18347.4,31337.37,53315.15,30.45
2020-12-19T22:00+01:00,-6218.88,19170.11,29844.05,51929.76,30.45
2020-12-19T23:00+01:00,-6802.05,19030.45,28534.01,48864.52,30.45
2020-12-20T00:00+01:00,-6093.5,17351.66,27344.81,45339.74,30.45
2020-12-20T01:00+01:00,-6853.61,18085.39,26440,43421.02,30.45
2020-12-20T02:00+01:00,-6789.98,18207.38,25940.32,42566.72,30.45
2020-12-20T03:00+01:00,-5257.86,17845.29,25428.74,41911.76,30.45
2020-12-20T04:00+01:00,-3497.83,17316.47,25163.29,41967.14,30.45
2020-12-20T05:00+01:00,-3531.92,17537.7,24847.43,42131.52,30.45
2020-12-20T06:00+01:00,-5942.65,17669.66,24874.21,42041.1,30.45
2020-12-20T07:00+01:00,-5170.03,17713.22,24499.43,44143.46,30.45
2020-12-20T08:00+01:00,-5319.35,19368.68,24478.82,46922.6,30.45
2020-12-20T09:00+01:00,-4511.3,20710.85,25255.51,50313.82,30.45
2020-12-20T10:00+01:00,-4075.83,21594.83,25532.33,52720.14,30.45
2020-12-20T11:00+01:00,-4496,22268.3,25600.71,55131.36,30.45
2020-12-20T12:00+01:00,-3472.38,22350.59,24421.93,55150.12,30.45
2020-12-20T13:00+01:00,-1749.39,22206.85,23295.8,53491.57,30.45
2020-12-20T14:00+01:00,-1989.86,22250.76,21952.76,52042.07,30.45
2020-12-20T15:00+01:00,-1639.56,22191.23,21020.64,52349.48,30.45
2020-12-20T16:00+01:00,-1438.39,22362.44,21593.27,54656.52,30.45
2020-12-20T17:00+01:00,-2437.1,22460.2,23258.89,57649.36,30.45
2020-12-20T18:00+01:00,-2931.19,22516.43,24428.92,57683.81,30.45
2020-12-20T19:00+01:00,-3833.88,22504.52,24914.01,56326.06,30.45
2020-12-20T20:00+01:00,-4976.2,22222.61,25142.45,53781.83,30.45
2020-12-20T21:00+01:00,-4907.66,21662.66,25882.52,51975.89,30.45
2020-12-20T22:00+01:00,-5306.46,21384.16,25802.18,51336.81,30.45
2020-12-20T23:00+01:00,-6570.43,20157.75,25487.59,48598.21,30.45
2020-12-21T00:00+01:00,-6391.57,19388.91,25865.08,45379.16,30.45
2020-12-21T01:00+01:00,-5513.36,18507.82,26001.51,43500.83,30.45
2020-12-21T02:00+01:00,-4897.3,17890.36,25860.42,43144.49,30.45
2020-12-21T03:00+01:00,-3508.42,17368.1,25457.57,43263.08,30.45
2020-12-21T04:00+01:00,-3476.51,18253.35,24926.47,44657.88,30.45
2020-12-21T05:00+01:00,-2424.13,19848.96,24924.73,47272.56,30.45
2020-12-21T06:00+01:00,-2415.59,22446.58,25810.9,52683.96,30.45
2020-12-21T07:00+01:00,-2466.14,23287.12,26048.57,58111.68,30.45
2020-12-21T08:00+01:00,-1433.24,23979.85,26756.48,61364.8,30.45
2020-12-21T09:00+01:00,-1485.75,24225.36,27859.4,62246.44,30.45
2020-12-21T10:00+01:00,-1826.56,24308.06,28628.17,62975.22,30.45
2020-12-21T11:00+01:00,-1319.82,24336.75,29351.41,63845.92,30.45
2020-12-21T12:00+01:00,-700.9,24338.04,28890.18,63692.18,30.45
2020-12-21T13:00+01:00,-220.94,24338.93,27685.54,62620.1,30.45
2020-12-21T14:00+01:00,-184.92,24245.92,26612.88,61982.93,30.45
2020-12-21T15:00+01:00,-346.59,23798.69,28579.02,62762.56,30.45
2020-12-21T16:00+01:00,-1450.89,22819.46,33218.66,64802.09,30.45
2020-12-21T17:00+01:00,-4715.68,22328.95,37324.76,66591.47,30.45
2020-12-21T18:00+01:00,-5826.58,21624.39,38984.21,66169.2,30.45
2020-12-21T19:00+01:00,-5862.9,20047.01,40170.45,64262.93,30.45
2020-12-21T20:00+01:00,-5805.25,16865.85,40911.78,61545.28,30.45
2020-12-21T21:00+01:00,-5997.98,14402.78,41644.75,58425.74,30.45
2020-12-21T22:00+01:00,-7254.87,13947.59,41177.81,55838.44,30.45
2020-12-21T23:00+01:00,-9262.61,12868.73,42195.75,52438.56,30.45
2020-12-22T00:00+01:00,-11833.69,12128.15,42735.73,49639.9,30.45
2020-12-22T01:00+01:00,-12628.49,11825.46,43312.69,47716.95,30.45
2020-12-22T02:00+01:00,-11675.1,11783.86,42132.02,46848.99,30.45
2020-12-22T03:00+01:00,-10987.57,11770.98,41804.1,46986.24,30.45
2020-12-22T04:00+01:00,-12325.13,11968.87,43924.02,48215.17,30.45
2020-12-22T05:00+01:00,-12341.24,12141.83,45267.11,50898.86,30.45
2020-12-22T06:00+01:00,-11104.43,12954.78,46331.05,55465.42,30.45
2020-12-22T07:00+01:00,-9767.77,13771.67,47309.97,60391.49,30.45
2020-12-22T08:00+01:00,-9222.86,14613.28,47759.08,63981.57,30.45
2020-12-22T09:00+01:00,-7737.16,15045.6,48176.13,64748.88,30.45
2020-12-22T10:00+01:00,-6508.29,15109.66,49068.11,65171.98,30.45
2020-12-22T11:00+01:00,-7275.72,15156.66,50342.07,66117.23,30.45
2020-12-22T12:00+01:00,-7934.41,15637.65,50186.33,65929.87,30.45
2020-12-22T13:00+01:00,-7102.52,16181.01,46942.65,64433.15,30.45
2020-12-22T14:00+01:00,-5054.35,17165.55,42758.88,62942.73,30.45
2020-12-22T15:00+01:00,-4309.56,19576.22,37618.94,62659.83,30.45
2020-12-22T16:00+01:00,-4229.14,22307.38,33055.54,63713.52,30.45
2020-12-22T17:00+01:00,-4172.71,24185.58,28764.84,64583.38,30.45
2020-12-22T18:00+01:00,-530.23,25017.94,25201.9,63742.46,30.45
2020-12-22T19:00+01:00,-1083.44,25028.86,21954.9,61314.91,30.45
2020-12-22T20:00+01:00,196.24,24822.55,20062.94,57402.36,30.45
2020-12-22T21:00+01:00,4.29,23935.17,18491.37,53634.94,30.45
2020-12-22T22:00+01:00,-319.79,23460.86,17480.54,51306.79,30.45
2020-12-22T23:00+01:00,-2140.86,22171.93,16750.54,47380.24,30.45
2020-12-23T00:00+01:00,-1940.42,20558.69,16139.2,43826.56,30.45
2020-12-23T01:00+01:00,-1410.88,20040.57,15196.01,41909.56,30.45
2020-12-23T02:00+01:00,-839.31,20186.07,14074.95,40934.26,30.45
2020-12-23T03:00+01:00,-118.11,20012.69,13608.37,40931.95,30.45
2020-12-23T04:00+01:00,832.12,20991.37,13143.89,41879.17,30.45
2020-12-23T05:00+01:00,418.61,23064.48,12283.02,44238.06,30.45
2020-12-23T06:00+01:00,1113.2,25574.25,11523.14,48271.32,30.45
2020-12-23T07:00+01:00,1876.17,26790.87,11687.36,53231.24,30.45
2020-12-23T08:00+01:00,1761.2,27122.52,12670.99,56458.94,30.45
2020-12-23T09:00+01:00,496.83,27279.15,14422.85,57878.04,30.45
2020-12-23T10:00+01:00,-257.05,27488.82,16453.63,59337.38,30.45
2020-12-23T11:00+01:00,-201.68,27791.88,17702.78,60427.2,30.45
2020-12-23T12:00+01:00,914.51,27873.91,17851.06,60167.77,30.45
2020-12-23T13:00+01:00,1240.62,28126.08,17931.4,58860.71,30.45
2020-12-23T14:00+01:00,-18.92,27849.24,18407.93,57734.73,30.45
2020-12-23T15:00+01:00,-1939.51,27188.34,19484.04,58079.42,30.45
2020-12-23T16:00+01:00,-1996.19,27084.14,21681.78,59768.9,30.45
2020-12-23T17:00+01:00,-1321.04,26892.53,25077.16,61157.09,30.45
2020-12-23T18:00+01:00,-2906.15,26004.04,28172.16,61643.39,30.45
2020-12-23T19:00+01:00,-6325.49,23973.89,30301.39,60101.91,30.45
2020-12-23T20:00+01:00,-7209.96,20154.99,31881.74,56542.26,30.45
2020-12-23T21:00+01:00,-6488.47,16957.81,32696.49,53224.9,30.45
2020-12-23T22:00+01:00,-6942.78,15064.79,32575.98,50605.55,30.45
2020-12-23T23:00+01:00,-7414.17,12369.31,32569.88,47340.94,30.45
2020-12-24T00:00+01:00,-8341.57,10464.39,32979.27,43768.69,30.45
2020-12-24T01:00+01:00,-8765.8,10340.73,32861.79,41588.88,30.45
2020-12-24T02:00+01:00,-8619.59,10305.25,33479.02,40331.22,30.45
2020-12-24T03:00+01:00,-8724.34,10229.81,34571.02,40498.39,30.45
2020-12-24T04:00+01:00,-8997.59,10308.5,34696.74,41607.67,30.45
2020-12-24T05:00+01:00,-9196.59,10428.48,34994.67,42386.41,30.45
2020-12-24T06:00+01:00,-9105.54,10663.25,34399.19,42971.82,30.45
2020-12-24T07:00+01:00,-7835.17,11261.01,33454.81,45875.19,30.45
2020-12-24T08:00+01:00,-6089.74,12243.32,32373.03,48980.03,30.45
2020-12-24T09:00+01:00,-4111.69,13120.91,33117.19,52092.84,30.45
2020-12-24T10:00+01:00,-3729.45,13538.34,34981.15,53675.02,30.45
2020-12-24T11:00+01:00,-3922.4,13432.94,35537.5,54853.43,30.45
2020-12-24T12:00+01:00,-4348.13,13648.49,34553.85,55018.54,30.45
2020-12-24T13:00+01:00,-3757.79,13677.38,32999.72,54131.07,30.45
2020-12-24T14:00+01:00,-3966.08,14036.96,30617.02,52936.3,30.45
2020-12-24T15:00+01:00,-1976.59,14119.96,28411.84,52195.51,30.45
2020-12-24T16:00+01:00,-1237.83,14392.49,27226.59,53897.88,30.45
2020-12-24T17:00+01:00,259.26,14594.59,26963.37,55216.36,30.45
2020-12-24T18:00+01:00,415.43,14455.42,26605.47,53511.91,30.45
2020-12-24T19:00+01:00,-2938.14,14379.6,25791.38,50245.03,30.45
2020-12-24T20:00+01:00,-2571.02,14202.03,24932.8,48075.25,30.45
2020-12-24T21:00+01:00,-2165.15,14025.79,24574.06,46968.18,30.45
2020-12-24T22:00+01:00,694.42,13753.06,24226.1,46328.85,30.45
2020-12-24T23:00+01:00,-205.32,12701.58,23956.82,44053.26,30.45
2020-12-25T00:00+01:00,-111.38,11147.24,22816.32,41471.84,30.45
2020-12-25T01:00+01:00,44.12,10633.08,22536.62,39916.61,30.45
2020-12-25T02:00+01:00,831.7,10494.25,22285.94,38756.8,30.45
2020-12-25T03:00+01:00,434.98,10385.31,22079.5,38739.9,30.45
2020-12-25T04:00+01:00,62.02,10511.14,21862.31,38839.2,30.45
2020-12-25T05:00+01:00,-199.91,10878.21,21660.48,38947.38,30.45
2020-12-25T06:00+01:00,-283.67,10998.11,21093.69,38990.52,30.45
2020-12-25T07:00+01:00,379.28,11337.84,20213.01,40649.63,30.45
2020-12-25T08:00+01:00,2478.11,12523.64,19303.03,43121.49,30.45
2020-12-25T09:00+01:00,2416.56,13756.87,19178.08,46991.26,30.45
2020-12-25T10:00+01:00,2357.56,14986.02,19944.3,49637.46,30.45
2020-12-25T11:00+01:00,4112.27,15396.39,20710.7,52153.39,30.45
2020-12-25T12:00+01:00,4231.38,15402.25,21126.46,51709.61,30.45
2020-12-25T13:00+01:00,4937.06,14807.65,19780.28,48669.67,30.45
2020-12-25T14:00+01:00,3250.96,15214.98,17703.44,47333.8,30.45
2020-12-25T15:00+01:00,3738.82,16124.27,15735.08,47459.39,30.45
2020-12-25T16:00+01:00,1381.26,17191.01,15654.71,49307.63,30.45
2020-12-25T17:00+01:00,2856.29,17782.81,16359.56,51423.7,30.45
2020-12-25T18:00+01:00,2471.1,18031.96,17188.43,51766.5,30.45
2020-12-25T19:00+01:00,1121,18090.37,16610.8,50859.09,30.45
2020-12-25T20:00+01:00,-173.54,17980.08,16566.41,49154.98,30.45
2020-12-25T21:00+01:00,2015.62,17610.95,15552,47575.66,30.45
2020-12-25T22:00+01:00,1722.9,17449.74,14547.24,47144.58,30.45
2020-12-25T23:00+01:00,1551.27,16322.86,14966.98,44370.78,30.45
2020-12-26T00:00+01:00,2487.32,13584.39,15754,41798.17,30.45
2020-12-26T01:00+01:00,1678.24,11626.84,16907.66,39906.12,30.45
2020-12-26T02:00+01:00,845.03,11174.69,17844.83,38741.59,30.45
2020-12-26T03:00+01:00,561.41,10532.85,18670.17,38566.77,30.45
2020-12-26T04:00+01:00,-426.68,10419.95,20239.23,39095.88,30.45
2020-12-26T05:00+01:00,-1426.07,10480.46,21967.63,39318.25,30.45
2020-12-26T06:00+01:00,-3765,10522.05,23565.77,39032.38,30.45
2020-12-26T07:00+01:00,-4414.52,10548.03,24214.29,40270.59,30.45
2020-12-26T08:00+01:00,-3565.12,11247.48,25545.53,43089.41,30.45
2020-12-26T09:00+01:00,-2579.8,11537.97,28981.54,46992.4,30.45
2020-12-26T10:00+01:00,-4520.78,11503.62,32575.97,50045.7,30.45
2020-12-26T11:00+01:00,-4400.23,11602.76,35290.62,52768.06,30.45
2020-12-26T12:00+01:00,-5302.38,11240.55,36392.96,52521.37,30.45
2020-12-26T13:00+01:00,-5895.21,10905.84,36716.1,50389.58,30.45
2020-12-26T14:00+01:00,-6500.92,10956.55,36768.21,49337.1,30.45
2020-12-26T15:00+01:00,-6564.9,11532.26,36267.72,49773.27,30.45
2020-12-26T16:00+01:00,-6938.83,11995.95,37525.84,52241.28,30.45
2020-12-26T17:00+01:00,-7007.67,12358.81,39484.15,55036.12,30.45
2020-12-26T18:00+01:00,-7882.79,12553.49,41004.5,55812.02,30.45
2020-12-26T19:00+01:00,-10347.05,12570.83,41959.38,54795.86,30.45
2020-12-26T20:00+01:00,-12011.44,11885.57,43004.22,53021.95,30.45
2020-12-26T21:00+01:00,-12794.23,11126.9,43929.18,52358.69,30.45
2020-12-26T22:00+01:00,-12251.34,10567.41,43665.74,51987.72,30.45
2020-12-26T23:00+01:00,-13275.04,10375.09,42374.87,49603.64,30.45
2020-12-27T00:00+01:00,-13903.7,9822.89,42701.08,46587.22,30.45
2020-12-27T01:00+01:00,-13656.48,9652.08,41950.13,44581.14,30.45
2020-12-27T02:00+01:00,-13726.16,9664.89,41748.17,43407.2,30.45
2020-12-27T03:00+01:00,-12708.86,9659.89,40840.77,43220.75,30.45
2020-12-27T04:00+01:00,-13217.64,9693.94,41293.89,43218.45,30.45
2020-12-27T05:00+01:00,-13019,9798.12,40626.06,43391.03,30.45
2020-12-27T06:00+01:00,-13352.35,9872.59,41315.07,43241.62,30.45
2020-12-27T07:00+01:00,-14645.87,9935.75,42992.45,45101.24,30.45
2020-12-27T08:00+01:00,-13390.17,9979.31,44459.8,47617.55,30.45
2020-12-27T09:00+01:00,-12857.17,9939.47,46791.29,51409.52,30.45
2020-12-27T10:00+01:00,-12960.06,9709.54,49447.25,53993.95,30.45
2020-12-27T11:00+01:00,-13135.86,9721.02,51444.16,56573.87,30.45
2020-12-27T12:00+01:00,-12605.59,9707.17,51880.12,57476.64,30.45
2020-12-27T13:00+01:00,-13212.07,9716.54,51567.09,56190.4,30.45
2020-12-27T14:00+01:00,-12946.36,9772.93,50091.04,55065.5,30.45
2020-12-27T15:00+01:00,-12562.73,9819.06,49045.88,55158.3,30.45
2020-12-27T16:00+01:00,-11039.26,9921.64,48885.81,57349.04,30.45
2020-12-27T17:00+01:00,-11212.73,10064.06,48978.12,60117.9,30.45
2020-12-27T18:00+01:00,-10956.18,9975.15,49570.78,59963.54,30.45
2020-12-27T19:00+01:00,-11816.91,10105.95,48414.97,58037.34,30.45
2020-12-27T20:00+01:00,-12133.99,10041.1,46481.18,55499.57,30.45
2020-12-27T21:00+01:00,-12833.31,10040.15,44281.5,53424.31,30.45
2020-12-27T22:00+01:00,-11079.55,10061.61,41059.17,52168.6,30.45
2020-12-27T23:00+01:00,-10946.02,9947.55,38467.03,48806.33,30.45
2020-12-28T00:00+01:00,-9597.08,10225.92,35988.35,46041.22,30.45
2020-12-28T01:00+01:00,-8689.11,10477.46,33683.9,43592.97,30.45
2020-12-28T02:00+01:00,-8196.2,10768.48,31051.58,42351.84,30.45
2020-12-28T03:00+01:00,-7087.62,11178.64,29005.38,41776.49,30.45
2020-12-28T04:00+01:00,-4977.53,12024.9,26590.08,42680.56,30.45
2020-12-28T05:00+01:00,-3639.96,13261.98,24817.61,44358.15,30.45
2020-12-28T06:00+01:00,-3754.52,16757.03,23426.86,46932.42,30.45
2020-12-28T07:00+01:00,-2786.47,20409.61,21779.96,50224.52,30.45
2020-12-28T08:00+01:00,-1916.17,22654.81,20695.97,53233.27,30.45
2020-12-28T09:00+01:00,-1689.95,23857.35,20850.33,55220.77,30.45
2020-12-28T10:00+01:00,-1154.78,24508.47,21032.48,56699.46,30.45
2020-12-28T11:00+01:00,-603.71,24994.96,21019.81,57974.58,30.45
2020-12-28T12:00+01:00,305.76,24832.29,20108.45,58184.18,30.45
2020-12-28T13:00+01:00,2490.39,24538.52,18593.3,56868.3,30.45
2020-12-28T14:00+01:00,3563.46,24657.93,16982.59,55447.56,30.45
2020-12-28T15:00+01:00,3388.36,24793.06,16088.67,55628.17,30.45
2020-12-28T16:00+01:00,2839.58,24835.89,16236.42,57504.19,30.45
2020-12-28T17:00+01:00,3010.24,24957.51,17333.73,59366.15,30.45
2020-12-28T18:00+01:00,2225.23,25207.41,17500,59229.15,30.45
2020-12-28T19:00+01:00,1399.43,25380.91,16819.83,57480.9,30.45
2020-12-28T20:00+01:00,1598.97,24489.18,15929.5,54550.67,30.45
2020-12-28T21:00+01:00,2941.26,22714.98,15081.44,51581.68,30.45
2020-12-28T22:00+01:00,2442.27,21504.03,14364.68,49320.64,30.45
2020-12-28T23:00+01:00,1108.24,20371.57,14056.55,46145.27,30.45
2020-12-29T00:00+01:00,2128.76,18754.2,14082.2,43785.09,30.45
2020-12-29T01:00+01:00,2871.86,18564.93,14113.34,41972.98,30.45
2020-12-29T02:00+01:00,2806.31,18329.96,14661.2,41339.22,30.45
2020-12-29T03:00+01:00,3646.46,17291.87,15656.84,40978.65,30.45
2020-12-29T04:00+01:00,3893.07,17533.01,16527.86,41826.19,30.45
2020-12-29T05:00+01:00,2440.03,18819.52,17494.92,43501.42,30.45
2020-12-29T06:00+01:00,-965.83,20911.31,18499.17,45856.85,30.45
2020-12-29T07:00+01:00,-1652.82,22596.61,19233.2,49206.43,30.45
2020-12-29T08:00+01:00,-1464.76,23483.65,19824.48,52149.88,30.45
2020-12-29T09:00+01:00,-3185.04,23685.87,20790.95,54130.2,30.45
2020-12-29T10:00+01:00,-3012.62,23791.33,22273.48,55798,30.45
2020-12-29T11:00+01:00,-1545.13,23938.45,24533.8,57116.25,30.45
2020-12-29T12:00+01:00,-2219.14,23205.22,25543.7,57749.96,30.45
2020-12-29T13:00+01:00,-1686.58,22778.4,25275.01,56983.69,30.45
2020-12-29T14:00+01:00,-981.96,22758.36,24200.63,55868.17,30.45
2020-12-29T15:00+01:00,-687.92,22918.77,22518.66,55519.66,30.45
2020-12-29T16:00+01:00,-2008.43,23497.21,22111.39,57865.12,30.45
2020-12-29T17:00+01:00,-1867.51,23869,23281.31,60340.65,30.45
2020-12-29T18:00+01:00,-2000.56,23863.39,24872.12,60911.38,30.45
2020-12-29T19:00+01:00,-1647.15,23603.59,25382.49,59234.92,30.45
2020-12-29T20:00+01:00,-3858.19,22583.21,26210.72,56559.33,30.45
2020-12-29T21:00+01:00,-5069.05,21236.64,26425.51,53720.06,30.45
2020-12-29T22:00+01:00,-6213.88,20533.83,26786.38,51610.73,30.45
2020-12-29T23:00+01:00,-4452.1,18947.25,26631.33,49156.39,30.45
2020-12-30T00:00+01:00,-5244.2,17084.83,26511.87,46090.8,30.45
2020-12-30T01:00+01:00,-4435.44,16080.05,27207.86,44083.13,30.45
2020-12-30T02:00+01:00,-3615.35,15308.33,27626.11,43577.57,30.45
2020-12-30T03:00+01:00,-3230.81,14972.74,27853.23,43387.24,30.45
2020-12-30T04:00+01:00,-4165.12,15655.54,27787.67,44112.48,30.45
2020-12-30T05:00+01:00,-5393.03,17817.86,27584.93,45536.36,30.45
2020-12-30T06:00+01:00,-7229.54,19795.32,27895.22,47941.89,30.45
2020-12-30T07:00+01:00,-7873.23,21981.07,27192.72,51240.66,30.45
2020-12-30T08:00+01:00,-6734.91,22960.15,27143.75,54012.89,30.45
2020-12-30T09:00+01:00,-6852.36,23494.43,28562.76,55719.63,30.45
2020-12-30T10:00+01:00,-7049.6,23640,30507.86,56549.1,30.45
2020-12-30T11:00+01:00,-6300.49,23517.12,31770.3,57653.17,30.45
2020-12-30T12:00+01:00,-6513.07,23462.07,32048.59,57586.29,30.45
2020-12-30T13:00+01:00,-6533.24,23546.66,29961.92,56693.9,30.45
2020-12-30T14:00+01:00,-5615.1,23852.71,27105.15,56357.3,30.45
2020-12-30T15:00+01:00,-4736.08,24036.17,25556.58,56504.35,30.45
2020-12-30T16:00+01:00,-4945.52,24250.93,25810.45,58147.48,30.45
2020-12-30T17:00+01:00,-5885.78,24591.48,27368.41,61056.41,30.45
2020-12-30T18:00+01:00,-5992.29,24631.43,28177.51,61033.18,30.45
2020-12-30T19:00+01:00,-5655.53,24156.15,28378.29,59227.24,30.45
2020-12-30T20:00+01:00,-6305.94,22199.81,28856.95,55495.98,30.45
2020-12-30T21:00+01:00,-6455.17,20450.32,29141.14,52412.14,30.45
2020-12-30T22:00+01:00,-6552.31,20154.79,28479.75,50762.28,30.45
2020-12-30T23:00+01:00,-7357.31,19651.4,27940.15,47878.97,30.45
2020-12-31T00:00+01:00,-7193.48,17537.06,27337,44842.25,30.45
2020-12-31T01:00+01:00,-5839.29,16574.07,27069.44,42526.21,30.45
2020-12-31T02:00+01:00,-5426.84,15991.68,26461.16,41656.62,30.45
2020-12-31T03:00+01:00,-4216.6,15963.65,25625.62,41100.08,30.45
2020-12-31T04:00+01:00,-2973.56,16164.83,24595.79,41644.48,30.45
2020-12-31T05:00+01:00,-2914.19,17180.24,23690.81,42322.29,30.45
2020-12-31T06:00+01:00,-4687.52,18425.28,22976.57,42672.98,30.45
2020-12-31T07:00+01:00,-6570.32,20853.31,22557.83,44647.19,30.45
2020-12-31T08:00+01:00,-7703.52,23345.95,23442.77,47754.46,30.45
2020-12-31T09:00+01:00,-8164.45,24048.35,25775.12,50848.28,30.45
2020-12-31T10:00+01:00,-6921.02,23478.31,28505.48,52802.57,30.45
2020-12-31T11:00+01:00,-5760.87,23139.99,29562.17,54103.57,30.45
2020-12-31T12:00+01:00,-5332.08,23060.55,28560.41,54508.87,30.45
2020-12-31T13:00+01:00,-5376.34,24187.39,26067.02,53242.34,30.45
2020-12-31T14:00+01:00,-4559.73,25065.19,21809.62,52067.33,30.45
2020-12-31T15:00+01:00,-3734.49,25786.98,18347.78,51958.55,30.45
2020-12-31T16:00+01:00,-2717.05,25943.42,17453,54483.87,30.45
2020-12-31T17:00+01:00,-3121.67,26196.68,17781.34,57561.04,30.45
2020-12-31T18:00+01:00,-3280.05,26403.91,17260.34,58040.13,30.45
2020-12-31T19:00+01:00,-3365.65,26546.8,16072.16,55177.29,30.45
2020-12-31T20:00+01:00,-3100.91,26527.43,15119.9,51094.66,30.45
2020-12-31T21:00+01:00,-2442.12,25937.22,14141.31,48684.22,30.45
2020-12-31T22:00+01:00,-1841.86,25232.98,12994.47,47464.26,30.45
2020-12-31T23:00+01:00,-999.59,24303.61,12061.82,45230.77,30.45