Date (GMT+1),Cross border electricity trading,Non-Renewable,Renewable,Load,"CO2 Emission Allowances, Auction DE"
2021-01-01 00:00:00,-349.29,23155.89,11220.99,44569.45,30.45
2021-01-01 01:00:00,-1013.02,22509.22,10818.58,42806.09,30.45
2021-01-01 02:00:00,-1942.94,22587.6,10369.41,41049.73,30.45
2021-01-01 03:00:00,-95.2,22754.5,9954.22,40233.94,30.45
2021-01-01 04:00:00,1331.98,22608.1,9614.67,40210.66,30.45
2021-01-01 05:00:00,-331.97,23044.34,9427.51,39579.97,30.45
2021-01-01 06:00:00,-1910.46,23545.38,9430.68,38959.31,30.45
2021-01-01 07:00:00,-1709.14,23161.96,9341.15,39475.79,30.45
2021-01-01 08:00:00,-1168.79,23628.49,9693.92,40596.46,30.45
2021-01-01 09:00:00,-852.83,23824.17,10891.79,42974.21,30.45
2021-01-01 10:00:00,-394.71,23757.39,12674.64,45558.9,30.45
2021-01-01 11:00:00,568.5,23953.47,13841.66,48030.6,30.45
2021-01-01 12:00:00,46.24,24013.13,14247.61,49219.16,30.45
2021-01-01 13:00:00,576.73,23960.23,13566.52,48364.0,30.45
2021-01-01 14:00:00,1330.58,24040.01,11968.77,47410.63,30.45
2021-01-01 15:00:00,2121.91,24769.73,10235.85,47699.24,30.45
2021-01-01 16:00:00,2804.7,25450.24,10118.13,49532.18,30.45
2021-01-01 17:00:00,3029.6,26017.11,10843.68,53116.54,30.45
2021-01-01 18:00:00,2353.08,26020.11,11428.36,53819.24,30.45
2021-01-01 19:00:00,483.39,26079.0,11839.51,52784.54,30.45
2021-01-01 20:00:00,585.34,25816.74,12035.44,50494.72,30.45
2021-01-01 21:00:00,-130.94,25360.92,12162.58,48730.22,30.45
2021-01-01 22:00:00,-319.86,24758.57,12578.68,48094.6,30.45
2021-01-01 23:00:00,-386.97,23563.24,12191.14,45632.4,30.45
2021-01-02 00:00:00,475.98,22738.92,11841.7,42834.28,30.45
2021-01-02 01:00:00,146.61,22313.1,11605.96,41009.91,30.45
2021-01-02 02:00:00,930.05,21729.77,11542.99,40016.42,30.45
2021-01-02 03:00:00,584.99,21535.21,11372.69,39869.15,30.45
2021-01-02 04:00:00,715.35,22060.82,11165.82,40546.68,30.45
2021-01-02 05:00:00,-473.09,22680.91,10822.42,40974.67,30.45
2021-01-02 06:00:00,-1253.41,23459.21,10730.76,42243.1,30.45
2021-01-02 07:00:00,-1104.49,24597.62,10570.51,44090.96,30.45
2021-01-02 08:00:00,653.06,26139.64,10351.72,46218.69,30.45
2021-01-02 09:00:00,17.95,27479.9,10809.43,49193.76,30.45
2021-01-02 10:00:00,13.28,28195.25,11535.52,51534.51,30.45
2021-01-02 11:00:00,683.64,28489.23,12294.64,53585.0,30.45
2021-01-02 12:00:00,2380.66,28372.62,12403.47,54506.06,30.45
2021-01-02 13:00:00,2528.47,28392.2,11513.97,53621.38,30.45
2021-01-02 14:00:00,2396.95,28319.39,10283.3,52669.28,30.45
2021-01-02 15:00:00,4120.91,28222.31,9383.21,52721.12,30.45
2021-01-02 16:00:00,4325.85,28602.14,9322.78,54501.22,30.45
2021-01-02 17:00:00,2842.74,28906.73,9998.04,57632.64,30.45
2021-01-02 18:00:00,2233.11,28990.72,10987.72,58018.89,30.45
2021-01-02 19:00:00,841.88,28914.9,11704.69,56093.98,30.45
2021-01-02 20:00:00,-809.27,28672.75,12123.61,52660.77,30.45
2021-01-02 21:00:00,-1106.29,28157.63,12685.9,50284.09,30.45
2021-01-02 22:00:00,-1415.67,27067.73,13585.36,49459.79,30.45
2021-01-02 23:00:00,-2127.54,25134.65,14913.86,47476.26,30.45
2021-01-03 00:00:00,-3729.59,22837.86,16109.87,44472.44,30.45
2021-01-03 01:00:00,-4203.79,21216.64,16971.18,42439.01,30.45
2021-01-03 02:00:00,-4540.64,19990.79,18291.24,41293.5,30.45
2021-01-03 03:00:00,-3066.48,19052.08,19343.86,41350.06,30.45
2021-01-03 04:00:00,-2721.47,18023.63,20421.93,41852.19,30.45
2021-01-03 05:00:00,-4085.53,17611.18,22408.13,42443.26,30.45
2021-01-03 06:00:00,-6087.16,17719.82,23979.68,42406.48,30.45
2021-01-03 07:00:00,-8209.93,18403.01,25148.18,43735.73,30.45
2021-01-03 08:00:00,-10136.18,19946.55,25831.81,46670.46,30.45
2021-01-03 09:00:00,-7497.27,20969.18,26827.32,50067.24,30.45
2021-01-03 10:00:00,-7224.33,21684.74,28224.08,52859.84,30.45
2021-01-03 11:00:00,-6291.76,22501.08,29235.69,56155.48,30.45
2021-01-03 12:00:00,-6968.1,22704.16,29466.4,56799.41,30.45
2021-01-03 13:00:00,-6227.67,22305.08,29063.36,55864.55,30.45
2021-01-03 14:00:00,-7120.09,21775.02,29017.08,54737.78,30.45
2021-01-03 15:00:00,-5108.78,21865.11,28084.97,55037.2,30.45
2021-01-03 16:00:00,-5643.19,22250.76,28295.43,56355.83,30.45
2021-01-03 17:00:00,-5353.05,23023.14,28220.78,59484.62,30.45
2021-01-03 18:00:00,-6349.09,23309.4,28117.48,59418.49,30.45
2021-01-03 19:00:00,-5635.5,23449.88,27584.63,57491.23,30.45
2021-01-03 20:00:00,-5825.59,22853.02,27042.38,55125.72,30.45
2021-01-03 21:00:00,-4600.73,22145.77,25975.19,53521.85,30.45
2021-01-03 22:00:00,-4023.58,21882.46,24903.31,52582.55,30.45
2021-01-03 23:00:00,-3476.89,21077.94,24484.12,50162.05,30.45
2021-01-04 00:00:00,-5425.36,21262.31,24148.05,47664.81,30.45
2021-01-04 01:00:00,-4947.31,22143.09,23628.73,46006.06,30.45
2021-01-04 02:00:00,-5442.66,22782.76,23486.25,45800.24,30.45
2021-01-04 03:00:00,-5529.22,23126.43,23238.6,45794.74,30.45
2021-01-04 04:00:00,-4606.8,23269.11,22987.36,47027.13,30.45
2021-01-04 05:00:00,-4478.75,24520.13,22658.62,49610.98,30.45
2021-01-04 06:00:00,-6315.3,29014.18,22759.88,55236.29,30.45
2021-01-04 07:00:00,-5483.7,32801.71,22755.02,61480.98,30.45
2021-01-04 08:00:00,-5085.29,34118.41,23472.88,65082.06,30.45
2021-01-04 09:00:00,-4757.59,34902.05,23304.22,67169.35,30.45
2021-01-04 10:00:00,-5984.28,35851.09,24008.07,68520.61,30.45
2021-01-04 11:00:00,-2774.91,36437.84,24389.58,70311.14,30.45
2021-01-04 12:00:00,-5698.07,35881.07,24654.71,70973.62,30.45
2021-01-04 13:00:00,-3548.57,36096.34,24095.46,70251.0,30.45
2021-01-04 14:00:00,-4153.75,36259.95,23988.6,69244.44,30.45
2021-01-04 15:00:00,-2583.68,36817.16,23544.13,69012.86,30.45
2021-01-04 16:00:00,-5262.38,37469.64,23682.42,69889.85,30.45
2021-01-04 17:00:00,-3842.39,37644.05,23726.1,71774.37,30.45
2021-01-04 18:00:00,-4788.85,37636.92,23592.44,71300.27,30.45
2021-01-04 19:00:00,-5003.14,37421.17,23339.88,69328.99,30.45
2021-01-04 20:00:00,-7102.71,37221.33,22965.11,65845.94,30.45
2021-01-04 21:00:00,-6708.12,35989.14,22389.46,62576.98,30.45
2021-01-04 22:00:00,-7909.21,35044.59,21973.22,59978.61,30.45
2021-01-04 23:00:00,-8307.71,33931.14,21946.71,56478.21,30.45
2021-01-05 00:00:00,-4972.78,30010.04,21927.37,52489.11,30.45
2021-01-05 01:00:00,-5233.46,29397.73,21686.57,51016.35,30.45
2021-01-05 02:00:00,-5545.37,28899.12,21381.74,49971.29,30.45
2021-01-05 03:00:00,-5083.09,29103.63,21355.64,50299.44,30.45
2021-01-05 04:00:00,-5130.28,29510.19,21303.38,50979.32,30.45
2021-01-05 05:00:00,-5491.79,31562.07,21280.63,53508.33,30.45
2021-01-05 06:00:00,-6963.5,34505.08,21621.62,58907.1,30.45
2021-01-05 07:00:00,-5833.25,36828.41,21426.48,63943.62,30.45
2021-01-05 08:00:00,-6734.85,38078.15,21629.17,67088.19,30.45
2021-01-05 09:00:00,-4658.31,38478.4,21867.5,68746.71,30.45
2021-01-05 10:00:00,-5592.78,38481.43,22944.64,69790.37,30.45
2021-01-05 11:00:00,-4959.62,38808.45,23339.38,71344.84,30.45
2021-01-05 12:00:00,-5788.77,38900.45,23715.68,71665.72,30.45
2021-01-05 13:00:00,-4565.64,38985.24,23789.27,70738.8,30.45
2021-01-05 14:00:00,-6056.98,39278.5,23945.35,69791.1,30.45
2021-01-05 15:00:00,-6593.12,39377.94,23569.36,69341.61,30.45
2021-01-05 16:00:00,-8169.75,39347.67,23478.73,70068.5,30.45
2021-01-05 17:00:00,-7013.28,39406.58,23636.42,71768.09,30.45
2021-01-05 18:00:00,-6434.22,39268.03,23438.24,71259.91,30.45
2021-01-05 19:00:00,-5304.6,38444.01,23247.76,69230.06,30.45
2021-01-05 20:00:00,-7227.17,37488.98,22993.82,65948.83,30.45
2021-01-05 21:00:00,-7277.81,35878.73,22846.79,62883.01,30.45
2021-01-05 22:00:00,-7694.88,34598.66,22270.33,60580.3,30.45
2021-01-05 23:00:00,-7912.26,32332.6,22046.52,56779.76,30.45
2021-01-06 00:00:00,-5512.09,29653.7,21520.16,53309.75,30.45
2021-01-06 01:00:00,-5553.92,29109.67,21070.81,50958.98,30.45
2021-01-06 02:00:00,-5261.03,28966.19,20889.45,49973.79,30.45
2021-01-06 03:00:00,-4636.32,28945.71,20648.08,50013.72,30.45
2021-01-06 04:00:00,-4522.76,29565.57,19924.86,50776.3,30.45
2021-01-06 05:00:00,-6229.39,30643.36,19016.05,51908.69,30.45
2021-01-06 06:00:00,-6527.56,33169.53,18764.91,55726.58,30.45
2021-01-06 07:00:00,-4229.3,35271.14,18123.79,59763.33,30.45
2021-01-06 08:00:00,-4536.66,37856.55,18034.94,63076.33,30.45
2021-01-06 09:00:00,-3961.24,38616.94,17547.54,64528.28,30.45
2021-01-06 10:00:00,-3738.84,39440.23,16675.13,65846.98,30.45
2021-01-06 11:00:00,-2091.24,40300.29,16308.53,67817.57,30.45
2021-01-06 12:00:00,-1284.43,40442.62,16406.18,67517.22,30.45
2021-01-06 13:00:00,-1049.71,40571.75,15932.41,66231.84,30.45
2021-01-06 14:00:00,-1909.17,40565.29,15374.05,65864.88,30.45
2021-01-06 15:00:00,-2428.59,40813.19,14669.39,64927.11,30.45
2021-01-06 16:00:00,-2980.11,40797.53,14656.96,65447.52,30.45
2021-01-06 17:00:00,-2238.69,40739.63,14821.82,67834.89,30.45
2021-01-06 18:00:00,-1772.03,40593.35,14638.3,67923.97,30.45
2021-01-06 19:00:00,-1737.19,40628.3,14069.03,66017.7,30.45
2021-01-06 20:00:00,-3433.29,40358.99,13614.26,62859.04,30.45
2021-01-06 21:00:00,-4441.77,39625.97,13543.12,60308.05,30.45
2021-01-06 22:00:00,-4255.74,38355.69,13600.02,58882.22,30.45
2021-01-06 23:00:00,-4462.73,36275.66,13438.7,55617.59,30.45
2021-01-07 00:00:00,-4060.19,34479.32,13050.8,52749.9,30.45
2021-01-07 01:00:00,-4323.18,33908.95,12964.66,50957.23,30.45
2021-01-07 02:00:00,-3998.72,33168.25,13001.24,50545.87,30.45
2021-01-07 03:00:00,-3206.18,32658.04,13214.22,50470.04,30.45
2021-01-07 04:00:00,-2867.36,33214.78,13383.11,51464.15,30.45
2021-01-07 05:00:00,-3936.05,35956.57,13545.61,54368.7,30.45
2021-01-07 06:00:00,-5142.61,39824.39,13541.64,59677.76,30.45
2021-01-07 07:00:00,-3557.92,41606.84,13379.02,64567.94,30.45
2021-01-07 08:00:00,-2394.43,42543.67,13439.94,67727.5,30.45
2021-01-07 09:00:00,-2032.12,42580.01,13590.22,68877.89,30.45
2021-01-07 10:00:00,-1493.55,42576.29,14106.07,70015.89,30.45
2021-01-07 11:00:00,-1486.48,42616.53,14693.32,71635.1,30.45
2021-01-07 12:00:00,-342.29,42580.44,14855.82,72173.85,30.45
2021-01-07 13:00:00,337.65,42597.51,14453.87,70951.74,30.45
2021-01-07 14:00:00,338.24,42268.46,13456.7,69612.66,30.45
2021-01-07 15:00:00,367.64,42480.78,12555.11,69048.6,30.45
2021-01-07 16:00:00,396.45,42447.69,12682.14,69355.55,30.45
2021-01-07 17:00:00,294.7,42446.74,13210.91,71669.48,30.45
2021-01-07 18:00:00,222.22,42087.07,13929.56,71255.16,30.45
2021-01-07 19:00:00,-1443.28,41852.45,14121.11,69161.58,30.45
2021-01-07 20:00:00,-1362.25,40909.52,13838.84,65823.2,30.45
2021-01-07 21:00:00,-1665.18,39688.83,13594.92,63099.58,30.45
2021-01-07 22:00:00,-3039.3,39276.15,13361.52,61066.22,30.45
2021-01-07 23:00:00,-4034.74,38364.66,13400.96,57113.15,30.45
2021-01-08 00:00:00,-2687.9,36570.31,13380.72,54104.15,30.45
2021-01-08 01:00:00,-2894.24,35386.1,13090.4,52220.06,30.45
2021-01-08 02:00:00,-3147.82,34971.02,12944.02,50893.55,30.45
2021-01-08 03:00:00,-2730.75,34853.27,12959.32,50902.6,30.45
2021-01-08 04:00:00,-2148.48,34966.79,12915.54,52039.13,30.45
2021-01-08 05:00:00,-2480.16,37206.02,12797.14,54374.67,30.45
2021-01-08 06:00:00,-2325.63,40413.41,12693.26,59661.84,30.45
2021-01-08 07:00:00,-369.68,41677.86,12881.67,64697.77,30.45
2021-01-08 08:00:00,-712.4,42945.98,12942.35,67423.04,30.45
2021-01-08 09:00:00,-2416.62,43392.75,12889.23,68802.48,30.45
2021-01-08 10:00:00,-1906.34,43391.2,13361.63,70060.06,30.45
2021-01-08 11:00:00,-1450.72,43000.63,13753.68,70878.37,30.45
2021-01-08 12:00:00,91.75,43003.62,13738.4,70716.47,30.45
2021-01-08 13:00:00,384.17,42759.04,13338.54,68963.79,30.45
2021-01-08 14:00:00,617.02,42312.42,12637.55,67465.18,30.45
2021-01-08 15:00:00,-178.09,42472.18,12124.46,66977.04,30.45
2021-01-08 16:00:00,-1021.76,42969.22,11944.76,67767.78,30.45
2021-01-08 17:00:00,-569.84,43064.7,12569.22,70081.91,30.45
2021-01-08 18:00:00,-699.76,43173.53,12615.18,69623.72,30.45
2021-01-08 19:00:00,-570.41,42956.1,12397.64,67556.74,30.45
2021-01-08 20:00:00,-1224.7,41416.85,12005.51,63780.74,30.45
2021-01-08 21:00:00,-2214.83,40175.51,11976.9,60699.45,30.45
2021-01-08 22:00:00,-3384.91,39585.25,11790.36,58540.8,30.45
2021-01-08 23:00:00,-3176.03,36960.95,11700.74,55384.7,30.45
2021-01-09 00:00:00,-4349.03,34410.39,11472.73,52108.63,30.45
2021-01-09 01:00:00,-4513.65,33766.77,11335.62,50334.1,30.45
2021-01-09 02:00:00,-4222.67,33766.82,11249.22,49123.18,30.45
2021-01-09 03:00:00,-3726.31,33916.38,11185.47,48659.38,30.45
2021-01-09 04:00:00,-3760.44,33923.68,11128.83,48686.01,30.45
2021-01-09 05:00:00,-4635.17,34001.21,11051.88,48685.35,30.45
2021-01-09 06:00:00,-5941.7,34573.71,10870.32,49066.7,30.45
2021-01-09 07:00:00,-6040.33,36329.2,10558.85,51240.43,30.45
2021-01-09 08:00:00,-5755.64,38419.89,10518.15,54296.73,30.45
2021-01-09 09:00:00,-4015.72,38924.77,10808.61,57331.85,30.45
2021-01-09 10:00:00,-3842.09,39050.69,11683.62,59181.7,30.45
2021-01-09 11:00:00,-2844.76,39111.91,12425.72,60728.65,30.45
2021-01-09 12:00:00,-2852.59,39212.22,12639.55,60909.84,30.45
2021-01-09 13:00:00,-3417.42,39133.82,12202.66,59607.48,30.45
2021-01-09 14:00:00,-3473.69,39067.77,11160.29,58552.74,30.45
2021-01-09 15:00:00,-2763.77,39388.1,9798.55,58153.67,30.45
2021-01-09 16:00:00,-2777.98,39489.82,9038.31,59483.78,30.45
2021-01-09 17:00:00,-2735.69,39437.19,9186.73,62756.44,30.45
2021-01-09 18:00:00,-1619.25,39303.63,9243.99,63010.6,30.45
2021-01-09 19:00:00,-1884.6,39530.32,9100.03,60830.49,30.45
2021-01-09 20:00:00,-2625.46,39070.02,9087.76,57520.37,30.45
2021-01-09 21:00:00,-3576.98,38150.74,9089.8,55034.36,30.45
2021-01-09 22:00:00,-2942.54,37162.51,9204.7,54017.33,30.45
2021-01-09 23:00:00,-3789.94,35569.17,9450.56,51650.72,30.45
2021-01-10 00:00:00,-3384.99,33108.65,9966.88,48876.05,30.45
2021-01-10 01:00:00,-3990.63,31252.16,10404.42,46785.22,30.45
2021-01-10 02:00:00,-4390.75,30380.87,11152.26,45643.77,30.45
2021-01-10 03:00:00,-4011.27,30104.77,11585.46,45054.26,30.45
2021-01-10 04:00:00,-4174.17,30012.21,12239.29,45497.33,30.45
2021-01-10 05:00:00,-4795.93,30147.71,12634.79,45505.91,30.45
2021-01-10 06:00:00,-5481.79,29901.02,13319.16,45043.46,30.45
2021-01-10 07:00:00,-6492.85,30583.02,14041.93,46513.56,30.45
2021-01-10 08:00:00,-7179.67,31406.35,15068.64,49430.58,30.45
2021-01-10 09:00:00,-7343.94,32428.35,16963.38,53296.96,30.45
2021-01-10 10:00:00,-7452.02,32510.96,19929.77,55994.45,30.45
2021-01-10 11:00:00,-6540.57,32498.61,22444.84,58725.49,30.45
2021-01-10 12:00:00,-7102.26,32036.09,24396.35,58873.77,30.45
2021-01-10 13:00:00,-8340.34,31328.23,25089.62,57291.69,30.45
2021-01-10 14:00:00,-8232.47,31137.08,23781.65,55977.72,30.45
2021-01-10 15:00:00,-7966.64,31921.42,21475.79,55990.72,30.45
2021-01-10 16:00:00,-6079.09,32776.92,20215.74,57931.52,30.45
2021-01-10 17:00:00,-7536.43,33366.26,21605.68,62572.94,30.45
2021-01-10 18:00:00,-6462.88,33188.72,21849.1,63646.2,30.45
2021-01-10 19:00:00,-6184.07,32820.69,22099.82,62344.95,30.45
2021-01-10 20:00:00,-6544.12,32462.98,21983.05,59726.33,30.45
2021-01-10 21:00:00,-6560.23,31581.46,21502.7,58347.72,30.45
2021-01-10 22:00:00,-6505.37,31203.83,20984.2,58357.15,30.45
2021-01-10 23:00:00,-4708.93,28714.43,21693.43,55299.85,30.45
2021-01-11 00:00:00,-4920.59,27330.59,22640.53,53267.91,30.45
2021-01-11 01:00:00,-6062.75,26630.02,24724.2,52065.26,30.45
2021-01-11 02:00:00,-6139.64,26001.01,25733.22,51669.64,30.45
2021-01-11 03:00:00,-6496.81,25720.4,26487.01,51378.47,30.45
2021-01-11 04:00:00,-5492.95,26513.82,27509.62,52819.64,30.45
2021-01-11 05:00:00,-5523.37,28204.92,28485.74,56466.88,30.45
2021-01-11 06:00:00,-5785.25,31085.3,29695.61,63861.59,30.45
2021-01-11 07:00:00,-4506.08,32182.9,30756.6,70680.95,30.45
2021-01-11 08:00:00,-6565.42,32902.52,32093.7,74039.94,30.45
2021-01-11 09:00:00,-6059.19,33391.61,33616.54,74800.95,30.45
2021-01-11 10:00:00,-7422.16,33416.79,35765.14,75633.25,30.45
2021-01-11 11:00:00,-5613.38,33775.73,37151.85,76917.48,30.45
2021-01-11 12:00:00,-6797.3,33879.17,37927.59,76965.67,30.45
2021-01-11 13:00:00,-6610.45,33775.3,38218.49,76008.47,30.45
2021-01-11 14:00:00,-6830.14,33688.9,37800.75,74863.47,30.45
2021-01-11 15:00:00,-7295.89,33745.29,37303.11,74659.48,30.45
2021-01-11 16:00:00,-8498.22,33699.49,37611.63,75326.02,30.45
2021-01-11 17:00:00,-8237.32,33705.9,38814.92,77649.48,30.45
2021-01-11 18:00:00,-7765.4,32805.31,40172.8,77172.56,30.45
2021-01-11 19:00:00,-8013.33,31342.49,40643.66,75533.98,30.45
2021-01-11 20:00:00,-8802.78,28557.58,41738.74,71749.21,30.45
2021-01-11 21:00:00,-7823.14,24535.81,42549.31,68409.12,30.45
2021-01-11 22:00:00,-8023.38,22631.26,42026.42,65873.18,30.45
2021-01-11 23:00:00,-9375.0,21223.05,42731.97,62404.9,30.45
2021-01-12 00:00:00,-10252.14,18928.51,43921.6,59534.26,30.45
2021-01-12 01:00:00,-11054.84,18620.38,44377.81,57942.02,30.45
2021-01-12 02:00:00,-11685.96,18662.01,42782.59,56757.86,30.45
2021-01-12 03:00:00,-10813.15,19010.42,41387.86,56731.02,30.45
2021-01-12 04:00:00,-9997.14,20147.24,39635.61,57986.22,30.45
2021-01-12 05:00:00,-9165.13,22747.03,38543.6,60801.72,30.45
2021-01-12 06:00:00,-8730.56,27228.61,37423.66,66671.8,30.45
2021-01-12 07:00:00,-7757.21,30627.48,35593.35,72427.78,30.45
2021-01-12 08:00:00,-7548.27,31923.19,34017.02,74940.21,30.45
2021-01-12 09:00:00,-6381.51,32168.4,33221.78,74957.66,30.45
2021-01-12 10:00:00,-6294.47,32504.61,33513.24,75326.32,30.45
2021-01-12 11:00:00,-6089.37,33505.34,34005.15,76466.2,30.45
2021-01-12 12:00:00,-4833.07,33521.36,35330.87,76358.04,30.45
2021-01-12 13:00:00,-3857.71,32997.43,36477.36,75073.97,30.45
2021-01-12 14:00:00,-5563.96,32944.86,35721.0,73437.56,30.45
2021-01-12 15:00:00,-6458.39,33813.76,34563.32,72176.64,30.45
2021-01-12 16:00:00,-7912.52,34415.48,34564.6,72105.84,30.45
2021-01-12 17:00:00,-7988.9,34332.35,35110.13,75063.85,30.45
2021-01-12 18:00:00,-7591.76,33201.58,36084.05,74728.24,30.45
2021-01-12 19:00:00,-7409.32,32412.24,36625.88,73391.4,30.45
2021-01-12 20:00:00,-7839.52,30589.24,36819.53,69895.17,30.45
2021-01-12 21:00:00,-8696.1,28915.03,36877.36,66829.61,30.45
2021-01-12 22:00:00,-8643.9,27701.86,36151.78,64139.46,30.45
2021-01-12 23:00:00,-7200.74,25687.84,36111.48,60805.29,30.45
2021-01-13 00:00:00,-7309.46,23493.07,36122.94,58572.96,30.45
2021-01-13 01:00:00,-7260.55,22391.68,35586.38,56985.4,30.45
2021-01-13 02:00:00,-7287.86,22158.93,36031.37,56115.48,30.45
2021-01-13 03:00:00,-7075.53,22305.03,36718.52,56322.98,30.45
2021-01-13 04:00:00,-8215.54,23331.34,37045.05,57181.03,30.45
2021-01-13 05:00:00,-8084.26,25412.51,37528.29,59990.77,30.45
2021-01-13 06:00:00,-9050.26,28288.09,38235.93,65706.09,30.45
2021-01-13 07:00:00,-6310.51,29084.53,39355.66,71847.9,30.45
2021-01-13 08:00:00,-8751.5,29587.88,40222.36,74593.06,30.45
2021-01-13 09:00:00,-8643.56,29661.38,41875.53,75210.47,30.45
2021-01-13 10:00:00,-8898.45,29539.83,45139.57,75738.72,30.45
2021-01-13 11:00:00,-8608.04,28562.31,47948.31,77520.47,30.45
2021-01-13 12:00:00,-10313.79,27786.81,49544.22,77440.09,30.45
2021-01-13 13:00:00,-9811.95,27201.13,50260.61,76035.42,30.45
2021-01-13 14:00:00,-10342.51,27186.85,49595.65,74763.16,30.45
2021-01-13 15:00:00,-9585.45,27448.57,47189.41,74005.26,30.45
2021-01-13 16:00:00,-9169.55,27990.75,46281.03,73973.2,30.45
2021-01-13 17:00:00,-8623.77,28165.65,45715.31,76626.74,30.45
2021-01-13 18:00:00,-8590.05,27276.52,44558.58,75451.52,30.45
2021-01-13 19:00:00,-7158.97,27222.17,43421.35,73769.4,30.45
2021-01-13 20:00:00,-8993.95,26839.84,42412.36,69776.7,30.45
2021-01-13 21:00:00,-8718.68,26389.35,41002.27,66364.26,30.45
2021-01-13 22:00:00,-9152.45,26051.69,39768.14,64322.82,30.45
2021-01-13 23:00:00,-9870.94,24903.06,40661.62,61248.71,30.45
2021-01-14 00:00:00,-9092.66,22002.74,41045.61,58644.63,30.45
2021-01-14 01:00:00,-10433.25,21127.88,40322.12,56531.3,30.45
2021-01-14 02:00:00,-10499.98,21157.17,38695.28,55727.28,30.45
2021-01-14 03:00:00,-9196.43,22246.74,36850.21,55975.58,30.45
2021-01-14 04:00:00,-9039.42,25825.45,33743.45,56646.34,30.45
2021-01-14 05:00:00,-8844.49,29918.92,30891.04,58983.07,30.45
2021-01-14 06:00:00,-7229.93,34716.52,27818.06,65087.4,30.45
2021-01-14 07:00:00,-5595.28,39139.6,24526.18,70866.45,30.45
2021-01-14 08:00:00,-4087.33,40156.19,21258.49,73202.38,30.45
2021-01-14 09:00:00,-2876.73,41141.01,19091.48,73622.19,30.45
2021-01-14 10:00:00,-736.69,41349.32,18078.65,74221.82,30.45
2021-01-14 11:00:00,983.44,40866.02,17448.41,75347.58,30.45
2021-01-14 12:00:00,2428.34,41083.44,16685.0,75388.86,30.45
2021-01-14 13:00:00,3091.05,41239.63,15603.95,74066.72,30.45
2021-01-14 14:00:00,2220.46,41413.45,14291.93,72573.68,30.45
2021-01-14 15:00:00,1842.73,41987.59,13201.25,71772.79,30.45
2021-01-14 16:00:00,1838.15,42374.18,13087.11,71734.89,30.45
2021-01-14 17:00:00,2260.14,42267.9,14256.84,74127.71,30.45
2021-01-14 18:00:00,703.02,42135.36,14774.14,73572.78,30.45
2021-01-14 19:00:00,423.13,41876.47,14390.0,71668.32,30.45
2021-01-14 20:00:00,354.45,40602.21,14048.44,67822.69,30.45
2021-01-14 21:00:00,263.93,38982.02,14185.53,64869.32,30.45
2021-01-14 22:00:00,-568.43,37515.0,14143.59,62300.88,30.45
2021-01-14 23:00:00,-291.76,35644.26,14315.91,59296.92,30.45
2021-01-15 00:00:00,-1208.92,34327.93,14727.47,56614.16,30.45
2021-01-15 01:00:00,-2119.41,33932.69,14889.31,54757.53,30.45
2021-01-15 02:00:00,-1786.97,33364.67,15077.23,53626.09,30.45
2021-01-15 03:00:00,-1731.67,33375.98,15378.81,53823.66,30.45
2021-01-15 04:00:00,-1001.78,33419.69,15376.68,54809.23,30.45
2021-01-15 05:00:00,-3074.67,35860.13,16310.99,57725.14,30.45
2021-01-15 06:00:00,-2949.92,39067.02,16672.06,63522.01,30.45
2021-01-15 07:00:00,-1374.8,41658.58,15980.76,69446.65,30.45
2021-01-15 08:00:00,-821.48,42708.6,16017.6,72521.74,30.45
2021-01-15 09:00:00,-2955.1,43605.23,16523.76,73346.5,30.45
2021-01-15 10:00:00,-2676.39,43806.18,17323.06,73567.33,30.45
2021-01-15 11:00:00,-4303.53,43358.42,18277.63,74267.88,30.45
2021-01-15 12:00:00,-3661.68,43673.1,18695.86,73968.78,30.45
2021-01-15 13:00:00,-1087.52,43111.67,18500.35,72213.82,30.45
2021-01-15 14:00:00,-3040.93,43171.45,17515.35,70866.06,30.45
2021-01-15 15:00:00,-3167.62,43641.51,15807.35,69988.36,30.45
2021-01-15 16:00:00,-3863.63,44147.88,14589.04,70248.8,30.45
2021-01-15 17:00:00,-1092.39,44194.43,13913.73,73007.65,30.45
2021-01-15 18:00:00,-1699.74,44023.14,13368.23,72830.42,30.45
2021-01-15 19:00:00,-1478.72,43667.66,12896.91,70302.09,30.45
2021-01-15 20:00:00,-2755.75,42917.7,12094.18,66101.2,30.45
2021-01-15 21:00:00,-2492.23,41364.05,11394.26,62625.88,30.45
2021-01-15 22:00:00,-2557.35,40089.33,11171.88,60602.7,30.45
2021-01-15 23:00:00,-2614.88,37440.75,11026.12,57797.47,30.45
2021-01-16 00:00:00,-1925.39,34484.44,10979.92,54836.48,30.45
2021-01-16 01:00:00,-1652.17,33874.35,11102.0,52616.2,30.45
2021-01-16 02:00:00,-1554.84,33523.5,11022.76,51163.22,30.45
2021-01-16 03:00:00,-1601.21,33391.29,10977.09,50553.89,30.45
2021-01-16 04:00:00,-1708.72,33221.82,11147.08,50374.42,30.45
2021-01-16 05:00:00,-2636.09,33187.59,11343.7,50353.88,30.45
2021-01-16 06:00:00,-3627.51,33712.85,11397.87,50956.3,30.45
2021-01-16 07:00:00,-3918.98,35085.82,11544.92,53691.93,30.45
2021-01-16 08:00:00,-3269.15,36728.54,12028.22,56995.1,30.45
2021-01-16 09:00:00,-3529.24,37390.33,13057.51,60326.9,30.45
2021-01-16 10:00:00,-4085.29,37498.34,14678.89,62453.49,30.45
2021-01-16 11:00:00,-3652.23,37547.79,16630.37,63976.77,30.45
2021-01-16 12:00:00,-4239.19,37278.58,18722.61,64020.73,30.45
2021-01-16 13:00:00,-5802.42,36832.73,19337.13,62463.42,30.45
2021-01-16 14:00:00,-6567.91,36647.73,18773.16,61203.24,30.45
2021-01-16 15:00:00,-5810.66,36858.88,17875.52,60862.16,30.45
2021-01-16 16:00:00,-5681.18,37169.18,17556.43,62016.86,30.45
2021-01-16 17:00:00,-5159.23,37708.18,17755.42,65609.61,30.45
2021-01-16 18:00:00,-4711.22,37932.0,18525.07,66130.87,30.45
2021-01-16 19:00:00,-5351.17,38133.86,18008.34,63645.8,30.45
2021-01-16 20:00:00,-6493.43,37028.64,17562.56,60134.82,30.45
2021-01-16 21:00:00,-5147.4,34636.35,17301.67,57088.45,30.45
2021-01-16 22:00:00,-3953.37,33112.19,16524.76,56420.42,30.45
2021-01-16 23:00:00,-2698.13,31845.89,15669.88,53881.53,30.45
2021-01-17 00:00:00,-4062.56,30671.44,14700.75,51237.54,30.45
2021-01-17 01:00:00,-3620.21,29650.91,13793.27,49164.66,30.45
2021-01-17 02:00:00,-3167.18,29215.32,13194.29,47823.05,30.45
2021-01-17 03:00:00,-1817.51,29135.12,12779.35,47280.55,30.45
2021-01-17 04:00:00,-1139.25,28742.56,12604.25,47321.65,30.45
2021-01-17 05:00:00,-2123.18,28810.25,12575.94,46819.83,30.45
2021-01-17 06:00:00,-3299.86,29102.38,12631.8,46270.04,30.45
2021-01-17 07:00:00,-3840.85,30152.96,12574.56,47814.13,30.45
2021-01-17 08:00:00,-5349.55,32645.25,12680.4,50842.45,30.45
2021-01-17 09:00:00,-5112.64,34666.19,13244.69,55033.73,30.45
2021-01-17 10:00:00,-4562.95,35675.34,13615.03,57835.02,30.45
2021-01-17 11:00:00,-2434.02,36127.06,13899.77,60244.68,30.45
2021-01-17 12:00:00,-2435.05,36150.88,13986.01,60366.62,30.45
2021-01-17 13:00:00,-3724.33,36269.98,13466.34,58392.48,30.45
2021-01-17 14:00:00,-3602.03,36053.37,12063.06,56579.04,30.45
2021-01-17 15:00:00,-3709.59,36072.24,10947.56,56475.39,30.45
2021-01-17 16:00:00,-2196.24,36144.81,10335.95,57655.6,30.45
2021-01-17 17:00:00,-1337.04,36331.03,11002.06,61629.5,30.45
2021-01-17 18:00:00,-1607.32,36174.74,11823.79,62443.4,30.45
2021-01-17 19:00:00,-2944.81,35933.85,13094.57,60921.88,30.45
2021-01-17 20:00:00,-3549.1,35527.33,14153.37,58582.66,30.45
2021-01-17 21:00:00,-5783.84,34895.75,15044.77,57039.61,30.45
2021-01-17 22:00:00,-5105.9,34375.6,16028.22,57207.09,30.45
2021-01-17 23:00:00,-6311.32,32909.03,16855.48,54526.44,30.45
2021-01-18 00:00:00,-6597.54,31634.57,17129.54,52059.88,30.45
2021-01-18 01:00:00,-5508.44,31464.95,17371.97,50756.54,30.45
2021-01-18 02:00:00,-6107.99,31550.9,17284.85,49691.38,30.45
2021-01-18 03:00:00,-5688.7,31493.03,17256.99,49562.36,30.45
2021-01-18 04:00:00,-5426.68,31581.37,17568.55,51054.44,30.45
2021-01-18 05:00:00,-6673.4,32890.75,18886.9,54765.93,30.45
2021-01-18 06:00:00,-6597.03,35790.74,20680.76,62082.84,30.45
2021-01-18 07:00:00,-6317.38,37580.23,22520.82,69012.41,30.45
2021-01-18 08:00:00,-6035.21,38205.12,24163.39,72354.18,30.45
2021-01-18 09:00:00,-8345.88,38653.8,25919.96,73313.18,30.45
2021-01-18 10:00:00,-8278.09,38774.04,27808.32,74155.08,30.45
2021-01-18 11:00:00,-7546.4,38818.35,30462.63,75450.14,30.45
2021-01-18 12:00:00,-8161.67,38379.76,32652.34,75988.94,30.45
2021-01-18 13:00:00,-8876.53,38213.49,33833.22,74806.0,30.45
2021-01-18 14:00:00,-9774.16,37260.5,34721.25,73711.36,30.45
2021-01-18 15:00:00,-10163.59,37091.09,34880.03,73088.7,30.45
2021-01-18 16:00:00,-10545.66,36202.51,35484.8,73622.83,30.45
2021-01-18 17:00:00,-12153.82,36353.38,36463.86,75769.74,30.45
2021-01-18 18:00:00,-12440.31,36367.75,37566.04,75496.86,30.45
2021-01-18 19:00:00,-11758.17,34601.72,38178.38,73244.84,30.45
2021-01-18 20:00:00,-11363.3,31168.88,38182.65,69458.46,30.45
2021-01-18 21:00:00,-12187.12,29495.51,38002.47,65888.39,30.45
2021-01-18 22:00:00,-11654.29,28175.21,37223.56,63143.42,30.45
2021-01-18 23:00:00,-12468.91,26369.71,37364.96,59438.92,30.45
2021-01-19 00:00:00,-13003.58,24527.93,37205.24,56528.6,30.45
2021-01-19 01:00:00,-13031.49,23944.81,36874.5,54722.9,30.45
2021-01-19 02:00:00,-13378.96,23917.67,36654.8,53834.54,30.45
2021-01-19 03:00:00,-13367.97,24633.18,36851.03,54095.39,30.45
2021-01-19 04:00:00,-13941.41,24428.92,37663.73,55731.88,30.45
2021-01-19 05:00:00,-15119.68,24982.12,38699.62,58880.22,30.45
2021-01-19 06:00:00,-13839.23,27430.53,40100.48,64840.79,30.45
2021-01-19 07:00:00,-13014.65,29885.95,41236.97,71391.91,30.45
2021-01-19 08:00:00,-12570.39,30746.3,41825.33,74685.04,30.45
2021-01-19 09:00:00,-12270.38,30566.27,42294.7,75217.68,30.45
2021-01-19 10:00:00,-12971.11,30688.68,43469.15,76437.16,30.45
2021-01-19 11:00:00,-12394.06,30852.57,43662.01,77731.55,30.45
2021-01-19 12:00:00,-10820.44,32161.69,42731.89,77800.87,30.45
2021-01-19 13:00:00,-10895.06,32695.8,40569.29,76328.86,30.45
2021-01-19 14:00:00,-11251.02,32963.1,38950.72,75066.31,30.45
2021-01-19 15:00:00,-11018.44,32951.47,37791.57,74054.63,30.45
2021-01-19 16:00:00,-11467.41,33366.3,37401.82,73318.72,30.45
2021-01-19 17:00:00,-12063.17,33087.29,38219.38,75092.6,30.45
2021-01-19 18:00:00,-10924.51,32633.78,39132.71,74672.66,30.45
2021-01-19 19:00:00,-11311.32,31175.04,40577.15,72533.84,30.45
2021-01-19 20:00:00,-13017.95,27904.52,42100.69,68962.19,30.45
2021-01-19 21:00:00,-13433.61,24080.9,43782.02,66287.9,30.45
2021-01-19 22:00:00,-13255.69,22068.03,43841.64,63907.32,30.45
2021-01-19 23:00:00,-13708.26,19114.68,44494.1,60062.45,30.45
2021-01-20 00:00:00,-13373.57,17548.66,44094.3,56955.74,30.45
2021-01-20 01:00:00,-14311.91,18005.6,43606.74,54996.21,30.45
2021-01-20 02:00:00,-14106.24,18040.1,43204.66,54294.04,30.45
2021-01-20 03:00:00,-13221.67,18400.42,43061.68,54528.63,30.45
2021-01-20 04:00:00,-11932.92,18706.55,43135.02,55981.94,30.45
2021-01-20 05:00:00,-12589.05,20075.18,43681.83,59141.3,30.45
2021-01-20 06:00:00,-10493.6,22074.22,44719.35,65346.22,30.45
2021-01-20 07:00:00,-8455.15,24371.18,44570.72,71795.97,30.45
2021-01-20 08:00:00,-7615.62,25130.54,44424.79,74295.72,30.45
2021-01-20 09:00:00,-7112.73,25053.26,45793.31,74499.73,30.45
2021-01-20 10:00:00,-7446.46,24867.66,47468.73,74967.94,30.45
2021-01-20 11:00:00,-7838.75,25037.82,49696.76,75526.2,30.45
2021-01-20 12:00:00,-8015.64,24703.47,50073.84,75925.42,30.45
2021-01-20 13:00:00,-8021.55,24489.74,48863.16,74298.46,30.45
2021-01-20 14:00:00,-7148.23,24533.12,45752.73,72693.71,30.45
2021-01-20 15:00:00,-5455.41,24211.61,42739.04,71763.84,30.45
2021-01-20 16:00:00,-5349.79,24026.41,41673.95,71339.78,30.45
2021-01-20 17:00:00,-3862.73,23800.78,43278.89,74892.87,30.45
2021-01-20 18:00:00,-6984.28,24387.14,44883.21,75114.41,30.45
2021-01-20 19:00:00,-6872.06,23202.47,45027.56,73997.42,30.45
2021-01-20 20:00:00,-7865.37,21774.98,45324.94,70044.8,30.45
2021-01-20 21:00:00,-8160.24,19694.84,45184.02,66818.42,30.45
2021-01-20 22:00:00,-10115.15,18428.65,44670.35,64136.92,30.45
2021-01-20 23:00:00,-10730.74,17330.02,45160.94,60667.48,30.45
2021-01-21 00:00:00,-11470.94,16090.21,45833.11,57569.44,30.45
2021-01-21 01:00:00,-13165.42,15923.22,46524.85,55640.7,30.45
2021-01-21 02:00:00,-13745.78,15677.37,47501.35,54761.65,30.45
2021-01-21 03:00:00,-13875.78,15470.59,48111.84,54989.83,30.45
2021-01-21 04:00:00,-13175.55,15391.98,48659.92,56453.46,30.45
2021-01-21 05:00:00,-12807.28,15432.3,50433.04,59650.62,30.45
2021-01-21 06:00:00,-10798.43,15662.94,51940.99,66219.24,30.45
2021-01-21 07:00:00,-10401.39,17918.79,51483.05,72444.54,30.45
2021-01-21 08:00:00,-8923.71,20661.52,49597.79,74991.7,30.45
2021-01-21 09:00:00,-9175.33,21023.6,50196.97,75059.6,30.45
2021-01-21 10:00:00,-9991.92,20962.02,53379.62,74717.45,30.45
2021-01-21 11:00:00,-7972.99,20183.54,54352.88,75892.72,30.45
2021-01-21 12:00:00,-9256.55,20131.63,53704.37,75595.37,30.45
2021-01-21 13:00:00,-7578.92,20321.44,51416.9,73650.24,30.45
2021-01-21 14:00:00,-6659.37,20988.63,47754.26,72150.0,30.45
2021-01-21 15:00:00,-5124.83,21856.92,43721.54,71648.32,30.45
2021-01-21 16:00:00,-4836.04,22709.4,42672.03,71591.84,30.45
2021-01-21 17:00:00,-3714.74,22899.43,42773.28,75040.57,30.45
2021-01-21 18:00:00,-5669.01,22895.44,42277.93,74800.95,30.45
2021-01-21 19:00:00,-6391.21,23003.18,42492.29,72581.28,30.45
2021-01-21 20:00:00,-6167.59,21762.6,42238.98,68952.37,30.45
2021-01-21 21:00:00,-5925.89,19333.78,42085.85,65524.52,30.45
2021-01-21 22:00:00,-6284.39,17716.7,42341.5,62781.1,30.45
2021-01-21 23:00:00,-7233.14,15600.14,44035.98,59322.78,30.45
2021-01-22 00:00:00,-9837.85,14414.47,45645.2,57090.08,30.45
2021-01-22 01:00:00,-12085.13,14231.09,45958.13,55064.1,30.45
2021-01-22 02:00:00,-14177.96,14270.81,46671.6,54222.68,30.45
2021-01-22 03:00:00,-13739.18,14451.38,46749.25,54669.74,30.45
2021-01-22 04:00:00,-13329.52,14915.16,47379.69,56484.03,30.45
2021-01-22 05:00:00,-11448.16,15961.54,46969.01,59255.25,30.45
2021-01-22 06:00:00,-10794.56,19910.67,45559.07,64812.84,30.45
2021-01-22 07:00:00,-8077.23,24225.51,42644.49,70846.06,30.45
2021-01-22 08:00:00,-6284.18,25544.83,39338.58,73283.63,30.45
2021-01-22 09:00:00,-5159.76,27313.58,37805.68,72640.86,30.45
2021-01-22 10:00:00,-5760.16,28495.23,37966.26,72561.94,30.45
2021-01-22 11:00:00,-6250.05,30990.03,37766.08,73465.64,30.45
2021-01-22 12:00:00,-6563.01,32139.15,37681.94,72670.16,30.45
2021-01-22 13:00:00,-4763.59,32334.04,36566.83,70889.4,30.45
2021-01-22 14:00:00,-4936.11,32985.39,33519.2,69086.46,30.45
2021-01-22 15:00:00,-3764.02,34017.65,28970.71,68454.24,30.45
2021-01-22 16:00:00,-2836.91,34503.53,25893.42,68425.05,30.45
2021-01-22 17:00:00,-1645.66,34948.52,25018.08,71588.0,30.45
2021-01-22 18:00:00,-3005.34,35161.9,25780.01,71878.75,30.45
2021-01-22 19:00:00,-2545.49,34239.38,26070.43,69761.31,30.45
2021-01-22 20:00:00,-4606.02,33509.98,25852.99,66020.32,30.45
2021-01-22 21:00:00,-5027.8,32260.65,24927.36,62426.5,30.45
2021-01-22 22:00:00,-4846.55,31316.86,23830.46,59901.87,30.45
2021-01-22 23:00:00,-5455.6,29721.26,22352.42,56316.41,30.45
2021-01-23 00:00:00,-3381.17,27883.28,21273.04,53171.51,30.45
2021-01-23 01:00:00,-2841.77,27366.95,19873.52,51447.53,30.45
2021-01-23 02:00:00,-1903.67,26774.26,18080.43,49960.46,30.45
2021-01-23 03:00:00,-310.37,26759.8,17395.77,49124.78,30.45
2021-01-23 04:00:00,605.18,26275.36,16857.29,48840.12,30.45
2021-01-23 05:00:00,-657.09,26747.89,17097.68,48996.4,30.45
2021-01-23 06:00:00,-2832.45,27575.38,18192.07,49637.1,30.45
2021-01-23 07:00:00,-4493.55,28623.26,19311.61,52403.48,30.45
2021-01-23 08:00:00,-4541.58,29775.9,21167.63,56039.59,30.45
2021-01-23 09:00:00,-5251.77,30373.82,22977.16,59307.68,30.45
2021-01-23 10:00:00,-4562.03,30506.95,24942.83,61172.46,30.45
2021-01-23 11:00:00,-3222.86,30440.64,25554.29,62639.39,30.45
2021-01-23 12:00:00,-3449.41,30831.52,25330.67,62415.28,30.45
2021-01-23 13:00:00,-3420.55,30747.13,23413.42,60511.69,30.45
2021-01-23 14:00:00,-2861.54,31375.52,20297.62,58745.54,30.45
2021-01-23 15:00:00,-826.3,32129.41,16300.51,57927.45,30.45
2021-01-23 16:00:00,-637.26,33254.03,13887.59,57998.41,30.45
2021-01-23 17:00:00,-112.66,33849.97,14241.13,61906.38,30.45
2021-01-23 18:00:00,-472.29,33902.25,15213.76,63039.08,30.45
2021-01-23 19:00:00,-2036.33,33594.67,15172.59,60889.85,30.45
2021-01-23 20:00:00,-2422.47,33263.82,14127.49,57160.73,30.45
2021-01-23 21:00:00,-2173.77,32858.92,13032.65,54629.33,30.45
2021-01-23 22:00:00,-1087.02,32000.78,12484.05,53410.88,30.45
2021-01-23 23:00:00,-2202.31,30361.7,12274.32,50397.68,30.45
2021-01-24 00:00:00,-1960.95,28729.64,12266.93,47550.33,30.45
2021-01-24 01:00:00,-1905.35,27513.59,13143.64,45451.85,30.45
2021-01-24 02:00:00,-1513.81,25836.41,14038.88,45063.16,30.45
2021-01-24 03:00:00,-929.86,24926.58,14810.78,44977.0,30.45
2021-01-24 04:00:00,-1579.27,25093.93,15210.9,45003.33,30.45
2021-01-24 05:00:00,-2815.34,25769.39,15980.16,45180.14,30.45
2021-01-24 06:00:00,-5188.09,26207.39,16764.25,44812.5,30.45
2021-01-24 07:00:00,-7581.51,27479.2,17071.14,46175.57,30.45
2021-01-24 08:00:00,-7823.98,29339.57,17487.66,49014.37,30.45
2021-01-24 09:00:00,-6136.41,30980.62,18969.13,52892.4,30.45
2021-01-24 10:00:00,-6281.85,32035.11,20477.32,55697.42,30.45
2021-01-24 11:00:00,-6401.2,32377.25,21072.7,58393.56,30.45
2021-01-24 12:00:00,-5194.71,32136.5,20712.73,58661.25,30.45
2021-01-24 13:00:00,-5365.49,31945.13,19977.15,56693.01,30.45
2021-01-24 14:00:00,-3945.8,31680.57,18381.34,55111.24,30.45
2021-01-24 15:00:00,-2898.15,32060.04,16047.03,54797.88,30.45
2021-01-24 16:00:00,-1587.65,33100.61,13977.17,55353.61,30.45
2021-01-24 17:00:00,-591.22,33823.42,13254.23,59679.41,30.45
2021-01-24 18:00:00,215.27,33945.83,13184.69,61234.3,30.45
2021-01-24 19:00:00,-897.61,33951.6,12822.04,59087.9,30.45
2021-01-24 20:00:00,-1043.75,33509.17,12613.13,56289.44,30.45
2021-01-24 21:00:00,-1483.14,33373.93,12661.35,54871.27,30.45
2021-01-24 22:00:00,-508.67,33106.04,12515.78,55059.02,30.45
2021-01-24 23:00:00,-714.61,32352.99,12413.4,53069.38,30.45
2021-01-25 00:00:00,-565.65,31541.04,12138.47,51008.63,30.45
2021-01-25 01:00:00,-1654.43,31478.5,11663.91,49494.3,30.45
2021-01-25 02:00:00,-658.74,31491.3,11118.45,48919.42,30.45
2021-01-25 03:00:00,355.95,31836.3,10619.12,48844.97,30.45
2021-01-25 04:00:00,1326.5,32611.35,10688.71,50378.14,30.45
2021-01-25 05:00:00,-1154.32,35921.54,10506.29,53768.02,30.45
2021-01-25 06:00:00,269.23,39202.36,9926.82,61047.72,30.45
2021-01-25 07:00:00,3863.84,41258.33,10009.79,68261.75,30.45
2021-01-25 08:00:00,4651.51,42365.42,10158.48,70981.74,30.45
2021-01-25 09:00:00,3200.48,43300.97,11322.25,71462.98,30.45
2021-01-25 10:00:00,2507.27,43232.12,12739.37,72215.74,30.45
2021-01-25 11:00:00,3283.02,42897.5,14406.94,73284.89,30.45
2021-01-25 12:00:00,2921.31,43148.91,15445.8,73339.26,30.45
2021-01-25 13:00:00,2064.55,42654.14,16078.86,72000.11,30.45
2021-01-25 14:00:00,2128.21,42693.8,15708.36,70784.9,30.45
2021-01-25 15:00:00,1931.09,43091.75,14503.45,70225.86,30.45
2021-01-25 16:00:00,1264.05,43321.4,14086.32,69573.85,30.45
2021-01-25 17:00:00,156.05,43610.18,16011.79,72587.6,30.45
2021-01-25 18:00:00,-2199.77,43712.12,18300.35,73303.15,30.45
2021-01-25 19:00:00,-3814.23,43142.99,19222.08,71619.73,30.45
2021-01-25 20:00:00,-5127.2,41658.19,19617.03,68218.25,30.45
2021-01-25 21:00:00,-6252.62,40344.44,19746.74,65213.72,30.45
2021-01-25 22:00:00,-5303.36,38315.51,19280.21,63104.01,30.45
2021-01-25 23:00:00,-4369.93,35837.3,19221.8,59768.02,30.45
2021-01-26 00:00:00,-4191.22,32826.67,19345.44,57762.07,30.45
2021-01-26 01:00:00,-4408.29,31760.63,19970.57,55762.32,30.45
2021-01-26 02:00:00,-4773.17,31143.15,20524.83,54311.99,30.45
2021-01-26 03:00:00,-5283.81,31098.3,21265.72,54355.54,30.45
2021-01-26 04:00:00,-6203.07,31590.63,21953.03,55801.23,30.45
2021-01-26 05:00:00,-7764.4,34770.52,22351.89,58592.9,30.45
2021-01-26 06:00:00,-9318.07,38928.01,23131.45,64191.99,30.45
2021-01-26 07:00:00,-6893.86,40681.21,22601.69,70346.3,30.45
2021-01-26 08:00:00,-5980.21,41194.95,21622.69,73097.36,30.45
2021-01-26 09:00:00,-5667.8,41201.31,21835.32,73429.28,30.45
2021-01-26 10:00:00,-3532.42,41059.93,22834.77,74149.83,30.45
2021-01-26 11:00:00,-3246.7,41057.51,24311.02,75340.74,30.45
2021-01-26 12:00:00,-3943.24,40894.74,24752.17,75179.6,30.45
2021-01-26 13:00:00,-4786.19,40956.16,24089.58,73832.81,30.45
2021-01-26 14:00:00,-5027.34,40970.99,22839.05,72295.46,30.45
2021-01-26 15:00:00,-3538.62,41072.44,21601.64,71339.03,30.45
2021-01-26 16:00:00,-4858.58,41135.88,21380.54,71147.42,30.45
2021-01-26 17:00:00,-4901.6,40913.56,22348.5,74094.22,30.45
2021-01-26 18:00:00,-4595.98,40854.37,23022.33,75055.58,30.45
2021-01-26 19:00:00,-5026.76,40753.06,22965.45,72833.06,30.45
2021-01-26 20:00:00,-7298.34,40293.66,23339.99,69533.31,30.45
2021-01-26 21:00:00,-6435.3,37808.31,23587.79,66358.03,30.45
2021-01-26 22:00:00,-4881.27,34143.66,23508.02,63904.32,30.45
2021-01-26 23:00:00,-4044.29,31381.49,22612.33,59863.36,30.45
2021-01-27 00:00:00,-4831.43,30298.52,22069.97,57320.33,30.45
2021-01-27 01:00:00,-3127.06,29456.16,21977.97,55235.14,30.45
2021-01-27 02:00:00,-3082.37,28832.43,22778.96,54271.16,30.45
2021-01-27 03:00:00,-2661.08,28312.11,23246.87,54776.16,30.45
2021-01-27 04:00:00,-4557.34,29184.35,24002.45,56033.6,30.45
2021-01-27 05:00:00,-6259.34,32134.25,23538.36,58720.9,30.45
2021-01-27 06:00:00,-7405.89,36692.95,22863.16,64696.63,30.45
2021-01-27 07:00:00,-5642.48,40300.32,22196.74,71137.88,30.45
2021-01-27 08:00:00,-6167.98,41689.43,22619.76,73812.27,30.45
2021-01-27 09:00:00,-5545.84,41389.89,23709.74,74996.29,30.45
2021-01-27 10:00:00,-5476.09,41149.64,24736.52,75277.45,30.45
2021-01-27 11:00:00,-5049.84,41533.99,25260.08,76392.83,30.45
2021-01-27 12:00:00,-4591.06,41740.26,24957.11,76223.35,30.45
2021-01-27 13:00:00,-4230.65,41627.7,23060.93,74609.47,30.45
2021-01-27 14:00:00,-3776.02,41482.61,20799.39,73069.46,30.45
2021-01-27 15:00:00,-2073.01,41238.65,19030.61,71855.66,30.45
2021-01-27 16:00:00,-1977.66,40842.59,18422.17,71167.31,30.45
2021-01-27 17:00:00,-4027.91,41005.91,19266.04,73893.6,30.45
2021-01-27 18:00:00,-3466.45,41113.2,19933.16,73951.02,30.45
2021-01-27 19:00:00,-3435.64,40979.87,20495.27,72217.09,30.45
2021-01-27 20:00:00,-6125.71,40792.89,20542.32,68482.0,30.45
2021-01-27 21:00:00,-7641.42,39994.57,21121.07,64904.75,30.45
2021-01-27 22:00:00,-7231.29,37790.21,21564.67,62931.14,30.45
2021-01-27 23:00:00,-7421.73,35564.24,21640.85,59691.89,30.45
2021-01-28 00:00:00,-9130.99,32631.67,21690.27,56661.24,30.45
2021-01-28 01:00:00,-7960.68,31566.41,21072.16,53995.58,30.45
2021-01-28 02:00:00,-5814.7,30736.62,20283.82,52982.3,30.45
2021-01-28 03:00:00,-3783.63,30181.34,19455.72,53483.1,30.45
2021-01-28 04:00:00,-3247.01,30756.96,18994.44,54798.42,30.45
2021-01-28 05:00:00,-3066.13,32846.41,18188.16,57488.91,30.45
2021-01-28 06:00:00,-2872.33,37273.59,17344.5,64513.07,30.45
2021-01-28 07:00:00,-1480.72,40103.56,16751.59,70078.69,30.45
2021-01-28 08:00:00,-456.38,40602.44,16808.55,72738.05,30.45
2021-01-28 09:00:00,-712.87,40584.36,18268.86,73754.33,30.45
2021-01-28 10:00:00,-1545.45,40581.31,19866.96,74793.89,30.45
2021-01-28 11:00:00,-990.78,40455.12,20947.58,75983.49,30.45
2021-01-28 12:00:00,-613.44,40474.1,21262.65,75955.63,30.45
2021-01-28 13:00:00,3.17,40281.44,21366.27,74333.96,30.45
2021-01-28 14:00:00,-653.94,38990.41,20975.58,72642.11,30.45
2021-01-28 15:00:00,-1970.98,38608.93,19471.01,71861.21,30.45
2021-01-28 16:00:00,-2066.86,39173.27,18387.44,71259.14,30.45
2021-01-28 17:00:00,-1388.37,39195.62,19121.82,73850.34,30.45
2021-01-28 18:00:00,-2673.66,39146.09,20454.85,74289.72,30.45
2021-01-28 19:00:00,-1325.94,37354.59,20984.76,72076.97,30.45
2021-01-28 20:00:00,-4488.98,37209.13,20331.63,68140.43,30.45
2021-01-28 21:00:00,-3481.34,35107.09,18984.47,64271.11,30.45
2021-01-28 22:00:00,-1559.94,32502.46,18165.17,62058.44,30.45
2021-01-28 23:00:00,-432.49,28768.69,19290.95,58413.28,30.45
2021-01-29 00:00:00,-843.33,25433.11,20107.9,55487.33,30.45
2021-01-29 01:00:00,-1986.3,24640.2,20761.98,53360.65,30.45
2021-01-29 02:00:00,-2421.14,24502.46,21541.39,52187.74,30.45
2021-01-29 03:00:00,-1786.04,23983.96,23247.72,52173.51,30.45
2021-01-29 04:00:00,-2791.29,24220.3,25059.74,53731.84,30.45
2021-01-29 05:00:00,-4230.36,25944.65,27558.59,56831.92,30.45
2021-01-29 06:00:00,-6112.48,28749.1,30336.39,63017.98,30.45
2021-01-29 07:00:00,-7916.76,31367.07,32302.11,69003.06,30.45
2021-01-29 08:00:00,-9382.85,31783.19,34144.4,72313.48,30.45
2021-01-29 09:00:00,-9771.61,31744.36,36246.82,72557.38,30.45
2021-01-29 10:00:00,-8892.89,31370.52,38580.88,73302.58,30.45
2021-01-29 11:00:00,-8149.23,30226.43,40709.07,74529.93,32.74
2021-01-29 12:00:00,-9720.81,29795.83,41652.3,73958.27,33.51
2021-01-29 13:00:00,-8772.74,28950.77,41473.81,72151.63,33.51
2021-01-29 14:00:00,-9212.86,28673.08,39888.47,70338.37,33.51
2021-01-29 15:00:00,-8169.47,28858.37,36871.21,69759.62,33.51
2021-01-29 16:00:00,-7377.05,29910.47,34185.29,68910.9,33.51
2021-01-29 17:00:00,-6665.54,30536.96,32384.95,71155.02,33.51
2021-01-29 18:00:00,-6663.63,30529.82,32206.86,71440.8,33.51
2021-01-29 19:00:00,-5997.52,30310.64,31941.0,69458.02,33.51
2021-01-29 20:00:00,-6722.38,28797.56,32407.2,66022.54,33.51
2021-01-29 21:00:00,-9345.79,27931.7,32828.53,62642.35,33.51
2021-01-29 22:00:00,-9612.45,26766.55,31250.34,60472.17,33.51
2021-01-29 23:00:00,-9172.59,25274.52,30144.01,56942.87,33.51
2021-01-30 00:00:00,-6897.96,23330.99,28693.87,53931.28,33.51
2021-01-30 01:00:00,-6927.85,22511.69,27514.53,52030.65,33.51
2021-01-30 02:00:00,-6873.28,22223.42,25915.2,50728.2,33.51
2021-01-30 03:00:00,-5097.03,22020.94,24298.25,49765.53,33.51
2021-01-30 04:00:00,-3214.4,22442.08,22385.56,49807.54,33.51
2021-01-30 05:00:00,-2959.06,23286.75,20594.81,49711.32,33.51
2021-01-30 06:00:00,-1835.72,24491.17,18853.18,50069.36,33.51
2021-01-30 07:00:00,-2506.18,26231.75,17376.95,52159.14,33.51
2021-01-30 08:00:00,-638.99,28401.45,16190.42,55381.34,33.51
2021-01-30 09:00:00,175.37,29648.03,15768.21,58210.3,33.51
2021-01-30 10:00:00,496.34,29961.46,16154.0,60088.18,33.51
2021-01-30 11:00:00,2781.45,30042.1,16783.22,61536.12,33.51
2021-01-30 12:00:00,3551.14,29559.7,16442.12,61457.85,33.51
2021-01-30 13:00:00,3620.36,29392.44,15338.04,60066.05,33.51
2021-01-30 14:00:00,3524.92,28638.08,14481.28,58452.05,33.51
2021-01-30 15:00:00,3295.75,28969.93,13592.84,58065.46,33.51
2021-01-30 16:00:00,3461.09,28993.9,12994.62,58469.99,33.51
2021-01-30 17:00:00,2692.33,29302.93,13611.71,62431.58,33.51
2021-01-30 18:00:00,3574.22,29451.43,13956.73,64304.05,33.51
2021-01-30 19:00:00,1942.13,29648.21,13987.18,62380.71,33.51
2021-01-30 20:00:00,2280.04,29162.02,14000.41,58533.3,33.51
2021-01-30 21:00:00,2146.39,28082.58,14718.02,56408.58,33.51
2021-01-30 22:00:00,1512.27,26891.67,15458.6,55528.14,33.51
2021-01-30 23:00:00,414.07,25501.61,16140.36,53400.56,33.51
2021-01-31 00:00:00,82.52,23862.73,15961.46,50838.55,33.51
2021-01-31 01:00:00,501.7,23740.16,15666.42,49038.38,33.51
2021-01-31 02:00:00,767.96,23213.34,15761.5,47886.94,33.51
2021-01-31 03:00:00,1633.13,22421.45,15562.24,47343.82,33.51
2021-01-31 04:00:00,1320.68,22539.56,15492.93,47126.8,33.51
2021-01-31 05:00:00,-49.4,22753.89,15978.04,46670.87,33.51
2021-01-31 06:00:00,-2225.82,23639.22,15999.36,46637.82,33.51
2021-01-31 07:00:00,-3487.12,24508.23,16848.34,48711.42,33.51
2021-01-31 08:00:00,-2826.03,24883.55,17493.52,52069.88,33.51
2021-01-31 09:00:00,-1947.98,25367.06,18695.56,55439.86,33.51
2021-01-31 10:00:00,-282.24,25751.59,20079.11,57755.23,33.51
2021-01-31 11:00:00,743.17,25636.77,21178.87,59848.05,33.51
2021-01-31 12:00:00,-84.23,25497.66,21479.45,58973.54,33.51
2021-01-31 13:00:00,-382.74,25146.11,20589.68,56525.88,33.51
2021-01-31 14:00:00,1567.2,25288.84,18336.71,55011.14,33.51
2021-01-31 15:00:00,3177.25,25958.05,15045.83,54659.32,33.51
2021-01-31 16:00:00,2878.9,27878.75,12720.26,55746.26,33.51
2021-01-31 17:00:00,3432.08,28980.26,13530.98,60075.66,33.51
2021-01-31 18:00:00,3024.14,29579.18,15422.32,62353.34,33.51
2021-01-31 19:00:00,357.54,29542.03,16948.04,60755.28,33.51
2021-01-31 20:00:00,-2117.65,29117.16,17918.93,58201.15,33.51
2021-01-31 21:00:00,-1071.65,27612.07,18694.04,56318.44,33.51
2021-01-31 22:00:00,-891.33,26317.74,19119.29,57045.12,33.51
2021-01-31 23:00:00,-1815.93,25447.61,19704.29,54189.46,33.51
2021-02-01 00:00:00,-3293.27,24879.93,20225.91,52061.5,33.51
2021-02-01 01:00:00,-3482.59,24296.64,20605.37,50195.36,33.51
2021-02-01 02:00:00,-2878.05,23971.03,21094.31,49345.15,33.51
2021-02-01 03:00:00,-3291.0,24041.8,21691.47,49715.42,33.51
2021-02-01 04:00:00,-4073.6,25269.53,22529.69,51562.89,33.51
2021-02-01 05:00:00,-6703.34,28010.85,23209.28,55048.55,33.51
2021-02-01 06:00:00,-7531.41,32506.18,23853.74,62848.55,33.51
2021-02-01 07:00:00,-6895.66,37096.23,24276.29,69346.95,33.51
2021-02-01 08:00:00,-4902.94,38326.42,24201.8,72476.01,33.51
2021-02-01 09:00:00,-5185.11,38743.19,24015.83,72701.36,33.51
2021-02-01 10:00:00,-3548.28,38730.63,23389.38,73293.61,33.51
2021-02-01 11:00:00,-1747.84,38830.97,22838.79,74021.42,33.51
2021-02-01 12:00:00,-200.88,39321.41,21585.68,74143.01,33.51
2021-02-01 13:00:00,129.5,39368.95,19802.65,72948.97,33.51
2021-02-01 14:00:00,1398.72,39421.57,17715.1,71568.57,33.51
2021-02-01 15:00:00,1462.81,39315.58,16095.69,70834.7,33.51
2021-02-01 16:00:00,1247.68,39253.01,14769.01,70376.55,33.51
2021-02-01 17:00:00,2401.27,39423.25,14394.83,72507.99,33.51
2021-02-01 18:00:00,2144.69,39457.15,14002.68,73240.76,33.51
2021-02-01 19:00:00,2765.22,38769.25,13421.29,71466.4,33.51
2021-02-01 20:00:00,1378.5,38283.75,12976.62,67853.12,33.51
2021-02-01 21:00:00,1257.76,37854.87,12796.8,64429.74,33.51
2021-02-01 22:00:00,740.78,36546.98,12770.47,61838.9,33.51
2021-02-01 23:00:00,959.89,33492.11,12925.29,58159.33,33.51
2021-02-02 00:00:00,-670.01,32129.4,13263.94,54373.94,33.51
2021-02-02 01:00:00,721.43,30333.33,13739.32,52177.5,33.51
2021-02-02 02:00:00,1616.77,29174.17,13835.86,51697.18,33.51
2021-02-02 03:00:00,1634.32,29140.79,13656.01,51463.98,33.51
2021-02-02 04:00:00,1505.46,30104.54,13782.26,52816.87,33.51
2021-02-02 05:00:00,-47.33,32808.76,13337.35,56205.02,33.51
2021-02-02 06:00:00,1065.57,36222.45,13076.29,62581.16,33.51
2021-02-02 07:00:00,2586.25,38596.09,12984.28,69049.63,33.51
2021-02-02 08:00:00,2176.9,39000.19,13794.52,71879.12,33.51
2021-02-02 09:00:00,2568.2,38946.66,15126.36,72492.47,33.51
2021-02-02 10:00:00,2785.47,39091.15,16651.67,73345.26,33.51
2021-02-02 11:00:00,2638.68,39158.08,18008.1,74754.83,33.51
2021-02-02 12:00:00,2173.21,38756.87,18870.33,74986.08,33.51
2021-02-02 13:00:00,1598.11,38545.85,19028.21,73754.95,33.51
2021-02-02 14:00:00,1250.41,38370.09,19244.67,72249.09,33.51
2021-02-02 15:00:00,615.13,38521.45,19266.21,71564.22,33.51
2021-02-02 16:00:00,-123.95,38708.32,19279.64,70753.42,33.51
2021-02-02 17:00:00,-183.1,38935.7,20858.74,72933.05,33.51
2021-02-02 18:00:00,-1473.54,38839.27,22462.11,73766.08,33.51
2021-02-02 19:00:00,-2964.73,38093.73,23341.52,71825.82,33.51
2021-02-02 20:00:00,-2854.1,34220.66,24593.64,68347.76,33.51
2021-02-02 21:00:00,-1444.07,29605.19,25254.62,64473.42,33.51
2021-02-02 22:00:00,-1754.04,27405.39,26441.8,61250.22,33.51
2021-02-02 23:00:00,-3508.67,24544.51,26823.72,57467.04,33.51
2021-02-03 00:00:00,-1958.12,21110.85,27612.76,53756.34,33.51
2021-02-03 01:00:00,-2277.37,19218.53,27940.52,52083.83,33.51
2021-02-03 02:00:00,-2647.17,18765.23,28161.01,51237.55,33.51
2021-02-03 03:00:00,-2130.87,18745.18,28680.89,51440.04,33.51
2021-02-03 04:00:00,-2989.64,19894.14,29223.9,52865.31,33.51
2021-02-03 05:00:00,-3488.99,21943.41,30145.93,56418.8,33.51
2021-02-03 06:00:00,-4265.5,26568.85,30526.42,63469.92,33.51
2021-02-03 07:00:00,-5442.38,31783.88,30677.46,69643.8,33.51
2021-02-03 08:00:00,-6465.74,32606.09,29666.07,72951.64,33.51
2021-02-03 09:00:00,-6694.59,32915.74,29629.73,73655.54,33.51
2021-02-03 10:00:00,-3998.52,32904.69,29696.27,74230.76,33.51
2021-02-03 11:00:00,-1200.51,33052.84,29145.16,75795.1,33.51
2021-02-03 12:00:00,-1162.34,32873.08,29123.41,75591.72,33.51
2021-02-03 13:00:00,375.37,32483.97,30190.56,74878.42,33.51
2021-02-03 14:00:00,-1985.19,31453.78,32164.94,73325.66,33.51
2021-02-03 15:00:00,-3113.42,30587.0,32884.85,72271.82,33.51
2021-02-03 16:00:00,-5764.58,30859.77,33650.01,71773.61,33.51
2021-02-03 17:00:00,-6353.09,31663.87,34433.82,74592.18,33.51
2021-02-03 18:00:00,-8419.68,32063.83,35980.92,75392.61,33.51
2021-02-03 19:00:00,-8095.27,30755.91,36671.05,73803.92,33.51
2021-02-03 20:00:00,-8458.0,27668.91,37143.79,70119.27,33.51
2021-02-03 21:00:00,-8253.97,24370.14,37891.18,66207.99,33.51
2021-02-03 22:00:00,-8571.92,22536.03,37490.15,63257.56,33.51
2021-02-03 23:00:00,-10351.16,21114.59,36843.05,58933.64,33.51
2021-02-04 00:00:00,-10677.34,19839.7,36113.52,55504.22,33.51
2021-02-04 01:00:00,-9478.93,19148.24,35702.09,53282.66,33.51
2021-02-04 02:00:00,-8379.9,18646.35,34924.28,52275.92,33.51
2021-02-04 03:00:00,-7403.13,18697.85,33589.17,52675.82,33.51
2021-02-04 04:00:00,-6747.27,20035.69,32435.44,53783.35,33.51
2021-02-04 05:00:00,-7239.17,22685.91,31715.27,56695.72,33.51
2021-02-04 06:00:00,-6832.1,28155.44,30787.7,63666.92,33.51
2021-02-04 07:00:00,-7055.82,32607.62,28924.11,69720.71,33.51
2021-02-04 08:00:00,-6153.86,34709.92,28053.23,72114.76,33.51
2021-02-04 09:00:00,-5721.66,34541.6,29104.06,72142.47,33.51
2021-02-04 10:00:00,-7079.52,34571.52,30658.42,71944.87,33.51
2021-02-04 11:00:00,-7268.62,35499.43,31228.42,72985.08,33.51
2021-02-04 12:00:00,-6734.92,35746.04,30275.89,72162.25,33.51
2021-02-04 13:00:00,-5929.66,35881.62,27645.55,70266.92,33.51
2021-02-04 14:00:00,-3554.58,36028.21,23504.69,68194.89,33.51
2021-02-04 15:00:00,-788.63,36691.23,18806.22,67503.86,33.51
2021-02-04 16:00:00,1362.36,36857.05,14908.48,67090.9,33.51
2021-02-04 17:00:00,3329.53,37640.95,14248.42,69851.41,33.51
2021-02-04 18:00:00,3326.73,37960.03,15459.78,71541.19,33.51
2021-02-04 19:00:00,2576.11,37456.75,16299.85,70079.29,33.51
2021-02-04 20:00:00,-957.54,36751.51,16600.23,66464.35,33.51
2021-02-04 21:00:00,-1772.56,35170.62,17130.23,62838.37,33.51
2021-02-04 22:00:00,-1838.66,32631.49,17426.27,59864.4,33.51
2021-02-04 23:00:00,-2731.1,30145.34,18234.57,56483.4,33.51
2021-02-05 00:00:00,-2060.84,28069.73,19136.64,53185.74,33.51
2021-02-05 01:00:00,-1409.03,26272.26,19724.64,51519.66,33.51
2021-02-05 02:00:00,-1619.7,25310.65,20039.68,51003.21,33.51
2021-02-05 03:00:00,-1240.68,25107.44,20285.99,51405.73,33.51
2021-02-05 04:00:00,-889.45,25496.51,20834.3,52879.86,33.51
2021-02-05 05:00:00,-1882.53,26597.17,21639.27,55761.39,33.51
2021-02-05 06:00:00,-4744.04,31209.96,22628.78,61611.27,33.51
2021-02-05 07:00:00,-3128.26,32767.38,23997.39,67916.6,33.51
2021-02-05 08:00:00,-3522.02,33066.9,25547.54,70389.02,33.51
2021-02-05 09:00:00,-5482.67,33185.74,27609.7,71125.93,33.51
2021-02-05 10:00:00,-5710.14,32910.42,29316.42,71964.71,33.51
2021-02-05 11:00:00,-4264.89,32434.83,30301.57,72945.16,36.58
2021-02-05 12:00:00,-4142.47,32257.11,30851.86,71960.0,37.61
2021-02-05 13:00:00,-3940.23,31723.32,30503.19,70483.6,37.61
2021-02-05 14:00:00,-3702.93,31091.96,28964.2,69049.42,37.61
2021-02-05 15:00:00,-3235.52,31602.95,27419.65,67930.17,37.61
2021-02-05 16:00:00,-3423.54,31602.26,26475.65,67768.0,37.61
2021-02-05 17:00:00,-2896.11,31805.51,26837.01,70109.43,37.61
2021-02-05 18:00:00,-3779.1,31979.2,27134.6,71220.16,37.61
2021-02-05 19:00:00,-5820.74,32249.23,27188.55,69169.22,37.61
2021-02-05 20:00:00,-6158.09,31335.1,27402.45,65676.99,37.61
2021-02-05 21:00:00,-6399.95,28810.97,27202.93,62115.73,37.61
2021-02-05 22:00:00,-4011.88,26137.5,26952.86,59640.8,37.61
2021-02-05 23:00:00,-4269.0,22706.22,27699.05,56527.86,37.61
2021-02-06 00:00:00,-4310.81,19357.25,27910.15,52611.95,37.61
2021-02-06 01:00:00,-4647.67,17308.96,28179.43,50493.72,37.61
2021-02-06 02:00:00,-5310.63,16009.5,28621.5,49463.98,37.61
2021-02-06 03:00:00,-4045.41,15630.45,28981.05,49510.51,37.61
2021-02-06 04:00:00,-3746.69,15720.37,29510.92,50004.27,37.61
2021-02-06 05:00:00,-5010.8,15748.75,30154.79,50267.44,37.61
2021-02-06 06:00:00,-5876.83,15884.47,31644.21,51015.48,37.61
2021-02-06 07:00:00,-7300.11,16508.28,33061.38,53573.85,37.61
2021-02-06 08:00:00,-8235.04,18271.39,34293.17,57332.0,37.61
2021-02-06 09:00:00,-8588.66,18499.64,36325.86,60455.68,37.61
2021-02-06 10:00:00,-8658.26,18590.33,38479.86,62367.51,37.61
2021-02-06 11:00:00,-9196.6,19113.06,40431.44,64063.03,37.61
2021-02-06 12:00:00,-9203.78,18967.02,40883.67,63923.3,37.61
2021-02-06 13:00:00,-9100.35,18687.99,40650.1,62128.68,37.61
2021-02-06 14:00:00,-8863.44,18180.42,40332.4,60858.12,37.61
2021-02-06 15:00:00,-8893.66,18136.97,40462.47,60815.1,37.61
2021-02-06 16:00:00,-8143.88,18142.25,41238.27,61094.52,37.61
2021-02-06 17:00:00,-7633.21,17594.96,43325.64,64199.33,37.61
2021-02-06 18:00:00,-8965.33,17609.04,45055.85,66014.75,37.61
2021-02-06 19:00:00,-11308.89,17124.55,45387.32,64150.2,37.61
2021-02-06 20:00:00,-11777.43,16135.06,44612.78,60399.19,37.61
2021-02-06 21:00:00,-12978.41,15530.28,44403.86,57951.61,37.61
2021-02-06 22:00:00,-12227.63,15144.71,43233.34,56839.06,37.61
2021-02-06 23:00:00,-12372.89,14715.77,43602.34,54296.81,37.61
2021-02-07 00:00:00,-12375.14,14181.97,40526.85,51755.44,37.61
2021-02-07 01:00:00,-12908.47,14170.33,40481.77,49829.4,37.61
2021-02-07 02:00:00,-12824.9,14196.32,40527.75,48811.19,37.61
2021-02-07 03:00:00,-12446.26,14083.26,39604.94,48242.91,37.61
2021-02-07 04:00:00,-12021.26,14175.73,39581.38,48386.63,37.61
2021-02-07 05:00:00,-12534.72,14255.38,39619.85,48262.43,37.61
2021-02-07 06:00:00,-12998.0,14381.47,39851.94,47604.72,37.61
2021-02-07 07:00:00,-13370.94,14461.94,40077.68,49688.98,37.61
2021-02-07 08:00:00,-12550.14,14888.69,40006.31,53051.0,37.61
2021-02-07 09:00:00,-12360.0,15080.92,42345.0,56806.08,37.61
2021-02-07 10:00:00,-11498.94,15775.93,43161.21,59494.06,37.61
2021-02-07 11:00:00,-10835.72,16820.71,43454.41,62859.7,37.61
2021-02-07 12:00:00,-11203.79,17042.45,42993.04,63085.29,37.61
2021-02-07 13:00:00,-10566.84,16705.92,42284.21,61208.46,37.61
2021-02-07 14:00:00,-10075.16,16159.54,41413.9,59837.69,37.61
2021-02-07 15:00:00,-10117.24,16262.96,40550.07,59344.76,37.61
2021-02-07 16:00:00,-9944.5,17024.81,39566.3,59382.95,37.61
2021-02-07 17:00:00,-9191.04,17779.67,39467.25,62595.7,37.61
2021-02-07 18:00:00,-9869.83,19140.84,39576.89,65024.54,37.61
2021-02-07 19:00:00,-10862.56,19230.51,39323.54,63175.45,37.61
2021-02-07 20:00:00,-10598.0,18420.88,39158.13,60579.18,37.61
2021-02-07 21:00:00,-9935.02,17638.68,39115.0,58954.26,37.61
2021-02-07 22:00:00,-8367.39,17341.98,37654.91,59149.83,37.61
2021-02-07 23:00:00,-9534.45,17174.62,36809.69,56594.3,37.61
2021-02-08 00:00:00,-9162.74,17359.06,35922.62,54978.8,37.61
2021-02-08 01:00:00,-8618.34,18056.26,34914.54,53418.32,37.61
2021-02-08 02:00:00,-8389.82,18576.34,34446.05,53056.59,37.61
2021-02-08 03:00:00,-7647.63,19035.74,33564.55,53194.8,37.61
2021-02-08 04:00:00,-7260.72,20324.23,32960.43,54529.78,37.61
2021-02-08 05:00:00,-8688.79,22884.44,32649.0,57231.82,37.61
2021-02-08 06:00:00,-8163.25,26249.05,33108.44,63280.63,37.61
2021-02-08 07:00:00,-5683.85,30531.39,32385.54,69255.21,37.61
2021-02-08 08:00:00,-7380.76,33369.48,32825.24,72281.27,37.61
2021-02-08 09:00:00,-7973.23,34646.01,33123.41,73464.98,37.61
2021-02-08 10:00:00,-7263.94,35376.14,33700.27,74086.44,37.61
2021-02-08 11:00:00,-6431.73,35443.69,34287.72,75250.54,37.61
2021-02-08 12:00:00,-4071.45,35298.56,33891.56,75540.72,37.61
2021-02-08 13:00:00,-5634.52,35168.5,32989.36,74030.78,37.61
2021-02-08 14:00:00,-3928.6,35433.51,31136.3,72866.43,37.61
2021-02-08 15:00:00,-3123.76,35768.73,28645.8,71950.04,37.61
2021-02-08 16:00:00,-2897.11,37031.25,26998.94,70983.27,37.61
2021-02-08 17:00:00,-3516.87,37268.41,26717.26,72546.98,37.61
2021-02-08 18:00:00,-2695.53,37663.75,26086.92,74403.28,37.61
2021-02-08 19:00:00,-3244.23,37658.72,25261.94,72691.92,37.61
2021-02-08 20:00:00,-3079.97,37115.16,23806.46,68987.46,37.61
2021-02-08 21:00:00,-2349.25,36112.84,22514.47,65840.38,37.61
2021-02-08 22:00:00,-1839.3,35194.94,21069.02,63863.48,37.61
2021-02-08 23:00:00,-3141.47,34504.96,20693.05,60936.22,37.61
2021-02-09 00:00:00,-1981.57,32399.73,20496.84,58668.96,37.61
2021-02-09 01:00:00,-489.67,31935.67,20432.84,57313.07,37.61
2021-02-09 02:00:00,-1326.01,32012.84,20369.9,56296.63,37.61
2021-02-09 03:00:00,-1471.54,31698.86,20510.81,56231.27,37.61
2021-02-09 04:00:00,-2269.95,32274.33,20721.92,57038.3,37.61
2021-02-09 05:00:00,-3200.73,33809.16,20591.37,59238.22,37.61
2021-02-09 06:00:00,-3631.3,37443.04,20558.94,64378.74,37.61
2021-02-09 07:00:00,-2676.41,39828.72,20732.3,70183.45,37.61
2021-02-09 08:00:00,-2198.16,40923.39,20941.57,73207.12,37.61
2021-02-09 09:00:00,-3543.84,41333.56,20906.83,74442.85,37.61
2021-02-09 10:00:00,-2874.31,40929.83,21238.1,75186.4,37.61
2021-02-09 11:00:00,-1248.13,40765.41,21224.82,76209.05,37.61
2021-02-09 12:00:00,475.4,41309.2,20772.72,76364.08,37.61
2021-02-09 13:00:00,267.7,42175.14,20044.19,75307.3,37.61
2021-02-09 14:00:00,843.29,42552.47,18610.46,74256.22,37.61
2021-02-09 15:00:00,230.44,42121.36,17394.25,73049.66,37.61
2021-02-09 16:00:00,196.21,42289.85,16069.51,71842.1,37.61
2021-02-09 17:00:00,90.16,42880.88,15662.57,73277.3,37.61
2021-02-09 18:00:00,10.49,43061.4,15917.3,75616.68,37.61
2021-02-09 19:00:00,188.19,42767.05,16336.31,74210.51,37.61
2021-02-09 20:00:00,1196.89,41228.93,16408.5,70738.52,37.61
2021-02-09 21:00:00,-680.9,39661.6,16393.22,67639.67,37.61
2021-02-09 22:00:00,-304.59,38263.53,16113.28,65589.02,37.61
2021-02-09 23:00:00,-594.42,36731.66,15581.98,62554.78,37.61
2021-02-10 00:00:00,270.12,34617.63,15091.74,59905.48,37.61
2021-02-10 01:00:00,1538.41,33932.71,14444.3,58173.66,37.61
2021-02-10 02:00:00,1826.32,33782.82,14465.98,56979.24,37.61
2021-02-10 03:00:00,1693.19,33296.57,14727.45,56912.87,37.61
2021-02-10 04:00:00,664.42,33785.19,15615.81,57618.59,37.61
2021-02-10 05:00:00,-33.15,35196.07,16349.28,60175.13,37.61
2021-02-10 06:00:00,-2063.28,38672.8,17488.8,65928.99,37.61
2021-02-10 07:00:00,528.6,40477.48,18289.47,72040.08,37.61
2021-02-10 08:00:00,-703.24,41558.03,18487.41,74365.89,37.61
2021-02-10 09:00:00,-1685.59,41811.57,18580.68,75265.82,37.61
2021-02-10 10:00:00,-1261.84,42008.4,19004.39,75734.26,37.61
2021-02-10 11:00:00,150.14,41878.51,19280.82,76413.75,37.61
2021-02-10 12:00:00,-1120.47,41922.59,19573.47,76343.12,37.61
2021-02-10 13:00:00,-197.12,42326.09,19319.41,75283.41,37.61
2021-02-10 14:00:00,-238.47,42277.53,19199.21,74171.3,37.61
2021-02-10 15:00:00,-1066.34,42458.9,18378.55,72626.84,37.61
2021-02-10 16:00:00,-1997.32,42459.12,17752.41,71568.58,37.61
2021-02-10 17:00:00,-1802.93,42579.1,18330.2,73526.39,37.61
2021-02-10 18:00:00,-2885.64,42499.62,19429.28,75873.28,37.61
2021-02-10 19:00:00,-985.3,42337.64,19558.22,74769.22,37.61
2021-02-10 20:00:00,-3254.37,41979.14,19071.09,70970.0,37.61
2021-02-10 21:00:00,-3093.8,40681.57,18220.6,67910.4,37.61
2021-02-10 22:00:00,-2247.14,39693.41,17271.93,66119.89,37.61
2021-02-10 23:00:00,-1714.62,38693.51,16113.19,63301.06,37.61
2021-02-11 00:00:00,213.46,36608.87,15311.09,60978.92,37.61
2021-02-11 01:00:00,13.76,35735.06,14721.8,59214.16,37.61
2021-02-11 02:00:00,-105.95,35336.18,14361.78,57838.53,37.61
2021-02-11 03:00:00,1381.11,34629.48,14367.95,58010.8,37.61
2021-02-11 04:00:00,1533.3,34842.13,14251.12,59009.34,37.61
2021-02-11 05:00:00,-388.92,37299.62,13990.64,60865.96,37.61
2021-02-11 06:00:00,910.98,39481.68,13934.87,66056.5,37.61
2021-02-11 07:00:00,3978.52,40929.82,13643.79,71720.86,37.61
2021-02-11 08:00:00,2702.94,41600.74,13540.14,74141.34,37.61
2021-02-11 09:00:00,2679.15,41838.5,13681.83,74567.86,37.61
2021-02-11 10:00:00,4534.19,41769.4,13775.49,74824.67,37.61
2021-02-11 11:00:00,4971.13,41969.47,14724.28,75341.06,37.61
2021-02-11 12:00:00,5139.49,41370.57,15442.45,74684.71,37.61
2021-02-11 13:00:00,4204.95,41171.31,15562.82,73031.45,37.61
2021-02-11 14:00:00,2853.9,41019.08,15375.79,71496.34,37.61
2021-02-11 15:00:00,4007.4,40765.33,14350.46,71103.23,37.61
2021-02-11 16:00:00,3279.67,41187.78,12810.13,70201.04,37.61
2021-02-11 17:00:00,3299.46,41619.94,12318.98,72413.95,37.61
2021-02-11 18:00:00,2868.91,42241.99,13442.15,75395.02,37.61
2021-02-11 19:00:00,3831.72,41573.19,14559.85,74549.34,37.61
2021-02-11 20:00:00,1057.72,40806.82,15359.47,71054.77,37.61
2021-02-11 21:00:00,-884.64,40058.09,15900.88,67945.37,37.61
2021-02-11 22:00:00,-813.78,38685.49,16403.87,65982.12,37.61
2021-02-11 23:00:00,-1012.62,37294.4,16647.42,63268.67,37.61
2021-02-12 00:00:00,-776.61,35548.69,16807.46,60612.41,37.61
2021-02-12 01:00:00,-923.15,34722.96,17272.18,58880.94,37.61
2021-02-12 02:00:00,-457.59,34176.97,17513.45,57686.98,37.61
2021-02-12 03:00:00,-968.61,33772.94,18042.4,57686.68,37.61
2021-02-12 04:00:00,-968.86,33428.8,18900.73,58555.49,37.61
2021-02-12 05:00:00,-2488.35,34694.79,19839.67,60977.32,37.61
2021-02-12 06:00:00,-4331.55,38064.02,20627.83,66077.8,37.61
2021-02-12 07:00:00,-2055.0,39723.26,20857.66,71290.24,37.61
2021-02-12 08:00:00,-2851.82,40221.69,21575.32,73906.58,37.61
2021-02-12 09:00:00,-3058.95,40193.42,22823.62,74165.61,37.61
2021-02-12 10:00:00,-3082.54,39715.5,23512.91,73513.45,37.61
2021-02-12 11:00:00,-2756.81,39174.36,24365.12,73466.04,37.75
2021-02-12 12:00:00,-3037.83,38721.6,25791.85,73291.46,37.8
2021-02-12 13:00:00,-3533.32,36921.47,26948.92,71454.26,37.8
2021-02-12 14:00:00,-4700.31,37107.08,26417.39,69888.95,37.8
2021-02-12 15:00:00,-4270.05,37738.06,24769.56,69441.83,37.8
2021-02-12 16:00:00,-4330.51,39161.31,21849.53,69064.3,37.8
2021-02-12 17:00:00,-3863.55,40276.55,20838.98,71373.18,37.8
2021-02-12 18:00:00,-3609.78,40442.56,22325.8,74394.9,37.8
2021-02-12 19:00:00,-4772.59,39804.04,23463.1,73081.62,37.8
2021-02-12 20:00:00,-5354.43,37754.55,23983.42,69559.86,37.8
2021-02-12 21:00:00,-5524.24,36232.99,23845.14,66373.57,37.8
2021-02-12 22:00:00,-5593.47,35636.76,22856.68,64367.46,37.8
2021-02-12 23:00:00,-3515.47,33438.85,21832.48,61602.29,37.8
2021-02-13 00:00:00,-4933.2,32002.99,20798.19,59262.61,37.8
2021-02-13 01:00:00,-4729.74,32009.72,19778.83,57417.37,37.8
2021-02-13 02:00:00,-3448.64,31985.82,18772.95,55647.38,37.8
2021-02-13 03:00:00,-3122.76,31811.98,17860.26,54967.32,37.8
2021-02-13 04:00:00,-3007.6,31780.21,17236.75,54477.95,37.8
2021-02-13 05:00:00,-3579.02,32049.45,16898.74,54167.34,37.8
2021-02-13 06:00:00,-5645.94,32580.6,16863.47,54445.04,37.8
2021-02-13 07:00:00,-5380.3,33710.66,16755.1,56683.38,37.8
2021-02-13 08:00:00,-5298.36,34871.11,17794.73,59912.47,37.8
2021-02-13 09:00:00,-6843.86,35412.14,19844.58,62078.63,37.8
2021-02-13 10:00:00,-6552.81,35427.35,21367.64,63001.94,37.8
2021-02-13 11:00:00,-6204.15,35378.3,22406.0,63587.47,37.8
2021-02-13 12:00:00,-6531.83,34795.87,22956.35,62590.92,37.8
2021-02-13 13:00:00,-6314.56,33768.87,22710.07,60595.64,37.8
2021-02-13 14:00:00,-6219.7,33704.05,21321.34,58730.65,37.8
2021-02-13 15:00:00,-4160.3,33886.23,18873.23,58216.06,37.8
2021-02-13 16:00:00,-2612.65,34572.76,15852.53,58801.97,37.8
2021-02-13 17:00:00,-1157.9,34948.93,14812.05,62771.02,37.8
2021-02-13 18:00:00,-1550.32,35047.47,16735.8,67052.23,37.8
2021-02-13 19:00:00,-2358.61,34904.22,18759.6,65671.71,37.8
2021-02-13 20:00:00,-3850.22,33979.2,19993.26,62354.31,37.8
2021-02-13 21:00:00,-4754.49,32910.01,19961.03,59931.44,37.8
2021-02-13 22:00:00,-4610.72,31933.0,19521.78,59583.5,37.8
2021-02-13 23:00:00,-5411.64,30352.02,19872.64,57561.63,37.8
2021-02-14 00:00:00,-3775.62,27467.22,20745.03,55521.52,37.8
2021-02-14 01:00:00,-4106.69,25811.68,21015.94,54031.05,37.8
2021-02-14 02:00:00,-4339.36,25084.85,20463.68,52759.14,37.8
2021-02-14 03:00:00,-3853.98,24843.08,20187.58,51844.09,37.8
2021-02-14 04:00:00,-3247.38,24680.22,20096.61,51124.29,37.8
2021-02-14 05:00:00,-3661.05,24555.25,19749.27,50825.83,37.8
2021-02-14 06:00:00,-5682.57,24793.25,20389.85,50173.95,37.8
2021-02-14 07:00:00,-6813.44,25608.96,21250.1,51773.94,37.8
2021-02-14 08:00:00,-7337.13,26897.1,23584.88,55096.53,37.8
2021-02-14 09:00:00,-8474.99,27516.38,26692.49,57913.28,37.8
2021-02-14 10:00:00,-8361.81,27342.9,29473.72,59334.42,37.8
2021-02-14 11:00:00,-6949.94,26828.92,30364.25,60679.8,37.8
2021-02-14 12:00:00,-7639.3,26105.88,30440.88,59470.19,37.8
2021-02-14 13:00:00,-5801.94,24593.58,30586.86,57111.1,37.8
2021-02-14 14:00:00,-5270.48,23807.62,29494.15,55876.01,37.8
2021-02-14 15:00:00,-5073.94,24850.07,27143.19,55391.13,37.8
2021-02-14 16:00:00,-7535.1,27585.99,24811.98,56675.21,37.8
2021-02-14 17:00:00,-7249.0,30003.83,25575.72,60511.19,37.8
2021-02-14 18:00:00,-7086.9,30405.81,28436.29,65119.74,37.8
2021-02-14 19:00:00,-8727.77,29496.91,30548.97,64076.12,37.8
2021-02-14 20:00:00,-9765.6,28064.01,31558.81,61860.78,37.8
2021-02-14 21:00:00,-10184.23,26948.85,31982.16,60484.82,37.8
2021-02-14 22:00:00,-8746.6,26903.22,31832.14,60418.84,37.8
2021-02-14 23:00:00,-8003.12,25258.45,32249.42,58625.72,37.8
2021-02-15 00:00:00,-9507.09,23321.96,32663.27,56084.57,37.8
2021-02-15 01:00:00,-9644.35,22783.84,33396.83,54940.11,37.8
2021-02-15 02:00:00,-10504.76,22835.05,34060.79,54326.69,37.8
2021-02-15 03:00:00,-10552.42,22687.24,34427.82,54341.3,37.8
2021-02-15 04:00:00,-10505.39,23098.94,35051.97,55675.2,37.8
2021-02-15 05:00:00,-10477.62,25354.1,35424.41,59020.86,37.8
2021-02-15 06:00:00,-12093.17,29076.29,37013.06,65282.54,37.8
2021-02-15 07:00:00,-11119.17,32029.61,37452.29,70547.7,37.8
2021-02-15 08:00:00,-11926.72,33015.14,39259.41,73948.73,37.8
2021-02-15 09:00:00,-11463.04,32284.5,40428.47,74766.84,37.8
2021-02-15 10:00:00,-10535.53,32924.15,40613.18,75459.5,37.8
2021-02-15 11:00:00,-9869.89,33978.5,39773.83,76937.36,37.8
2021-02-15 12:00:00,-8268.84,34484.9,37528.59,77131.68,37.8
2021-02-15 13:00:00,-8467.46,34563.3,36176.92,76335.84,37.8
2021-02-15 14:00:00,-7276.7,34701.98,33601.41,75331.03,37.8
2021-02-15 15:00:00,-7276.43,35463.58,30656.05,74148.4,37.8
2021-02-15 16:00:00,-7192.52,36143.95,28369.7,73285.15,37.8
2021-02-15 17:00:00,-6703.4,36454.94,28410.71,75446.06,37.8
2021-02-15 18:00:00,-5982.76,36469.96,28921.13,77309.89,37.8
2021-02-15 19:00:00,-7067.66,36390.89,27174.97,75154.82,37.8
2021-02-15 20:00:00,-6835.89,35841.78,25572.47,71216.31,37.8
2021-02-15 21:00:00,-5460.7,34492.62,24348.19,67405.63,37.8
2021-02-15 22:00:00,-5464.71,33537.76,23138.99,64952.65,37.8
2021-02-15 23:00:00,-4009.46,31408.18,21884.13,61094.08,37.8
2021-02-16 00:00:00,-2737.25,28167.15,20751.51,58052.16,37.8
2021-02-16 01:00:00,-287.48,27078.49,19607.0,55789.23,37.8
2021-02-16 02:00:00,1225.57,26356.8,18901.43,54812.69,37.8
2021-02-16 03:00:00,1366.04,25629.88,18297.55,54511.16,37.8
2021-02-16 04:00:00,1408.98,26264.03,18493.68,54692.95,37.8
2021-02-16 05:00:00,629.54,27882.73,18497.18,57605.41,37.8
2021-02-16 06:00:00,-950.56,32005.49,18553.52,63060.49,37.8
2021-02-16 07:00:00,-2540.39,34895.45,20194.86,68797.83,37.8
2021-02-16 08:00:00,-1378.82,35365.72,20508.44,71552.01,37.8
2021-02-16 09:00:00,-2362.0,35408.3,22053.38,71761.37,37.8
2021-02-16 10:00:00,-2192.39,35131.88,24586.81,72693.52,37.8
2021-02-16 11:00:00,-2586.71,35256.68,26671.38,73909.54,37.8
2021-02-16 12:00:00,-4408.72,35477.01,28513.15,73329.62,37.8
2021-02-16 13:00:00,-4214.89,34889.36,29139.01,71632.8,37.8
2021-02-16 14:00:00,-5186.71,34578.8,28916.57,70509.36,37.8
2021-02-16 15:00:00,-3507.63,33975.41,27661.6,69916.7,37.8
2021-02-16 16:00:00,-3839.41,33685.78,27107.46,68908.52,37.8
2021-02-16 17:00:00,-4049.51,33806.95,27168.29,70172.11,37.8
2021-02-16 18:00:00,-4827.87,33885.05,29426.87,72986.58,37.8
2021-02-16 19:00:00,-5916.97,33497.8,31354.79,71801.82,37.8
2021-02-16 20:00:00,-8242.81,32777.32,31730.33,68413.82,37.8
2021-02-16 21:00:00,-8054.41,30368.57,32575.02,65664.8,37.8
2021-02-16 22:00:00,-7124.55,27299.02,32809.0,62928.93,37.8
2021-02-16 23:00:00,-8012.48,24686.34,33777.12,59303.12,37.8
2021-02-17 00:00:00,-9317.16,21759.74,35594.7,56660.82,37.8
2021-02-17 01:00:00,-9777.16,19591.72,37806.67,55332.6,37.8
2021-02-17 02:00:00,-10131.91,18656.88,38502.78,54430.95,37.8
2021-02-17 03:00:00,-11367.29,18097.26,39184.23,54199.67,37.8
2021-02-17 04:00:00,-11410.48,18397.22,39258.85,55744.8,37.8
2021-02-17 05:00:00,-8835.0,19549.2,38823.41,58724.67,37.8
2021-02-17 06:00:00,-8470.35,22462.2,39311.35,64689.0,37.8
2021-02-17 07:00:00,-9180.43,26116.49,38834.18,69595.09,37.8
2021-02-17 08:00:00,-10332.28,28404.46,38274.01,72215.65,37.8
2021-02-17 09:00:00,-11297.37,28693.43,39092.91,72627.9,37.8
2021-02-17 10:00:00,-8966.3,27289.7,41762.43,73498.77,37.8
2021-02-17 11:00:00,-9169.91,26130.51,43291.91,74814.19,37.8
2021-02-17 12:00:00,-8531.53,25418.48,44029.02,74968.12,37.8
2021-02-17 13:00:00,-7608.94,24647.88,42426.51,73157.16,37.8
2021-02-17 14:00:00,-6415.78,25086.16,39114.27,71311.54,37.8
2021-02-17 15:00:00,-4116.41,26668.95,34212.96,69983.82,37.8
2021-02-17 16:00:00,-2875.9,28799.93,29304.92,68661.92,37.8
2021-02-17 17:00:00,-1960.21,30235.02,26607.42,70332.41,37.8
2021-02-17 18:00:00,-2175.7,30780.26,26943.4,72756.05,37.8
2021-02-17 19:00:00,-2934.75,30811.45,27470.77,71219.54,37.8
2021-02-17 20:00:00,-3744.03,29718.58,27141.95,67322.84,37.8
2021-02-17 21:00:00,-2321.1,27108.64,27061.69,63787.74,37.8
2021-02-17 22:00:00,-1909.95,25865.62,26053.24,61032.12,37.8
2021-02-17 23:00:00,-1748.44,23399.62,25632.66,57302.98,37.8
2021-02-18 00:00:00,-1674.22,22220.23,24950.19,54573.74,37.8
2021-02-18 01:00:00,-1973.76,21689.67,24714.46,52388.64,37.8
2021-02-18 02:00:00,-2098.3,20993.98,24356.5,51766.32,37.8
2021-02-18 03:00:00,747.39,20414.67,23885.03,52496.43,37.8
2021-02-18 04:00:00,1130.79,20983.57,23672.44,53265.68,37.8
2021-02-18 05:00:00,2194.21,21872.06,24193.68,56641.07,37.8
2021-02-18 06:00:00,2482.81,24754.75,25822.84,63029.14,37.8
2021-02-18 07:00:00,1340.4,26655.93,27095.02,68053.86,37.8
2021-02-18 08:00:00,-527.69,26794.99,30785.71,70299.0,37.8
2021-02-18 09:00:00,-3401.27,26339.16,35548.64,70719.58,37.8
2021-02-18 10:00:00,-5849.47,25189.9,39648.94,71619.9,37.8
2021-02-18 11:00:00,-6844.96,24612.81,42141.54,72223.97,37.8
2021-02-18 12:00:00,-6207.7,23507.75,43243.34,71996.55,37.8
2021-02-18 13:00:00,-5964.12,22660.23,42781.22,71038.06,37.8
2021-02-18 14:00:00,-6266.1,23219.0,41027.54,69594.33,37.8
2021-02-18 15:00:00,-4844.42,23098.47,38987.65,68813.66,37.8
2021-02-18 16:00:00,-4953.92,23330.16,39045.67,68882.52,37.8
2021-02-18 17:00:00,-7068.71,24921.57,40992.54,71258.13,37.8
2021-02-18 18:00:00,-9146.53,25788.1,43054.34,74152.4,37.8
2021-02-18 19:00:00,-10476.97,25775.6,43037.2,72610.77,37.8
2021-02-18 20:00:00,-10559.36,25329.58,42604.07,68635.83,37.8
2021-02-18 21:00:00,-10490.2,23627.11,40624.76,64990.2,37.8
2021-02-18 22:00:00,-9953.78,23087.88,39536.34,62313.63,37.8
2021-02-18 23:00:00,-9084.02,20824.31,39598.43,58574.66,37.8
2021-02-19 00:00:00,-9923.83,19234.14,38954.33,55590.91,37.8
2021-02-19 01:00:00,-10849.74,19272.52,37966.82,53291.01,37.8
2021-02-19 02:00:00,-9926.71,19163.63,37043.78,52739.11,37.8
2021-02-19 03:00:00,-8560.68,18573.92,36234.52,53260.14,37.8
2021-02-19 04:00:00,-8470.05,19501.58,35601.52,54604.56,37.8
2021-02-19 05:00:00,-7900.77,21550.38,34619.19,57310.64,37.8
2021-02-19 06:00:00,-5863.72,25178.21,33757.79,63713.32,37.8
2021-02-19 07:00:00,-4556.09,27387.19,32003.88,68579.12,37.8
2021-02-19 08:00:00,-4724.46,28124.15,32380.37,70982.86,37.8
2021-02-19 09:00:00,-4693.8,28029.01,35110.07,71505.79,37.8
2021-02-19 10:00:00,-6747.82,27062.98,38185.09,71150.02,37.8
2021-02-19 11:00:00,-6620.38,26774.23,39375.02,71251.34,38.22
2021-02-19 12:00:00,-6070.46,25555.05,40172.11,70566.49,38.36
2021-02-19 13:00:00,-5918.44,24412.19,39285.34,68655.63,38.36
2021-02-19 14:00:00,-4280.5,23773.29,35847.9,66562.51,38.36
2021-02-19 15:00:00,-858.95,24416.39,29481.4,65083.98,38.36
2021-02-19 16:00:00,2249.08,25763.34,22380.21,63885.98,38.36
2021-02-19 17:00:00,3097.48,26799.22,19808.18,65676.45,38.36
2021-02-19 18:00:00,2888.25,27326.03,22365.38,68903.34,38.36
2021-02-19 19:00:00,1268.85,26765.93,24989.11,67883.5,38.36
2021-02-19 20:00:00,105.74,25084.1,26589.69,64136.89,38.36
2021-02-19 21:00:00,-771.84,22901.3,27163.66,60788.24,38.36
2021-02-19 22:00:00,-2900.6,22048.65,26919.16,58250.56,38.36
2021-02-19 23:00:00,-2574.78,19852.98,26932.26,54602.04,38.36
2021-02-20 00:00:00,-1719.38,16260.53,26470.81,51200.2,38.36
2021-02-20 01:00:00,-3523.22,15407.91,25969.52,48670.68,38.36
2021-02-20 02:00:00,-3068.35,14145.31,25953.55,47565.57,38.36
2021-02-20 03:00:00,-1718.46,13581.97,26353.04,47633.6,38.36
2021-02-20 04:00:00,-1263.3,13296.75,26847.95,48135.48,38.36
2021-02-20 05:00:00,-3533.83,13458.03,27303.62,48527.72,38.36
2021-02-20 06:00:00,-3858.14,13694.31,27974.46,49655.66,38.36
2021-02-20 07:00:00,-2851.25,14182.95,28812.15,52219.72,38.36
2021-02-20 08:00:00,-3990.64,14423.47,32806.23,55726.49,38.36
2021-02-20 09:00:00,-6427.9,14013.91,37584.75,57994.74,38.36
2021-02-20 10:00:00,-7680.48,12783.4,40617.72,59048.96,38.36
2021-02-20 11:00:00,-8625.29,12574.75,42290.96,59191.14,38.36
2021-02-20 12:00:00,-9247.24,12267.45,43644.59,58273.93,38.36
2021-02-20 13:00:00,-7688.82,12240.53,42761.88,56207.45,38.36
2021-02-20 14:00:00,-5973.71,12095.3,39163.32,53873.37,38.36
2021-02-20 15:00:00,-3418.64,12436.72,33599.23,52587.85,38.36
2021-02-20 16:00:00,-1159.37,14415.72,27573.9,53104.16,38.36
2021-02-20 17:00:00,239.89,16352.52,27614.62,56469.63,38.36
2021-02-20 18:00:00,-757.68,16773.18,32777.15,61970.34,38.36
2021-02-20 19:00:00,-4323.47,16071.68,35768.95,61126.46,38.36
2021-02-20 20:00:00,-6147.11,13758.78,36252.18,57800.77,38.36
2021-02-20 21:00:00,-7345.38,12891.23,36542.53,54913.18,38.36
2021-02-20 22:00:00,-7016.6,12635.53,35933.19,53527.67,38.36
2021-02-20 23:00:00,-7959.86,12609.77,35872.38,50707.62,38.36
2021-02-21 00:00:00,-8111.76,11028.74,35061.98,47930.41,38.36
2021-02-21 01:00:00,-8677.89,11023.18,34254.4,45658.38,38.36
2021-02-21 02:00:00,-8747.71,10920.43,33418.45,44796.05,38.36
2021-02-21 03:00:00,-7416.36,10781.98,32479.51,44723.44,38.36
2021-02-21 04:00:00,-5288.22,10865.65,30874.13,44809.06,38.36
2021-02-21 05:00:00,-4925.52,11216.54,30057.64,44939.04,38.36
2021-02-21 06:00:00,-4665.1,11090.77,29911.15,44896.77,38.36
2021-02-21 07:00:00,-5073.92,11624.53,29808.83,46433.06,38.36
2021-02-21 08:00:00,-6601.2,12155.43,32309.97,49501.92,38.36
2021-02-21 09:00:00,-7703.9,12319.64,35902.75,51776.43,38.36
2021-02-21 10:00:00,-8620.83,12317.91,36948.57,52834.37,38.36
2021-02-21 11:00:00,-8091.12,13115.1,38024.14,53649.56,38.36
2021-02-21 12:00:00,-7392.57,12421.96,38660.6,52523.43,38.36
2021-02-21 13:00:00,-5621.46,12024.96,36693.29,49540.8,38.36
2021-02-21 14:00:00,-4228.82,12276.1,32526.4,46976.62,38.36
2021-02-21 15:00:00,-691.26,13230.28,26454.24,46598.12,38.36
2021-02-21 16:00:00,1998.01,16169.36,19724.58,47632.14,38.36
2021-02-21 17:00:00,2823.94,19406.54,15995.63,51357.14,38.36
2021-02-21 18:00:00,1626.98,20966.13,17911.63,57069.34,38.36
2021-02-21 19:00:00,32.5,21464.91,19344.32,56414.22,38.36
2021-02-21 20:00:00,-634.26,21137.02,19769.72,54107.3,38.36
2021-02-21 21:00:00,-522.52,20667.35,19970.44,52098.62,38.36
2021-02-21 22:00:00,393.48,20054.57,19991.11,51350.64,38.36
2021-02-21 23:00:00,-26.4,19241.49,20204.63,48698.03,38.36
2021-02-22 00:00:00,-263.61,17879.61,19742.04,46363.05,38.36
2021-02-22 01:00:00,-1192.26,17872.37,19820.09,45233.27,38.36
2021-02-22 02:00:00,-671.26,17749.17,20351.0,44796.3,38.36
2021-02-22 03:00:00,-1233.97,18054.42,20325.32,45743.62,38.36
2021-02-22 04:00:00,-708.86,19082.99,20725.79,47757.56,38.36
2021-02-22 05:00:00,-1326.63,21019.72,21348.12,51752.08,38.36
2021-02-22 06:00:00,136.91,24571.21,21815.54,59828.9,38.36
2021-02-22 07:00:00,1082.91,26655.7,22495.82,65571.86,38.36
2021-02-22 08:00:00,1171.95,26959.86,25686.19,68421.18,38.36
2021-02-22 09:00:00,-2364.83,27027.03,30444.69,68587.46,38.36
2021-02-22 10:00:00,-3543.08,26145.92,34714.8,68539.7,38.36
2021-02-22 11:00:00,-4180.36,25725.66,36972.07,69447.16,38.36
2021-02-22 12:00:00,-4548.16,25388.87,38213.66,68993.45,38.36
2021-02-22 13:00:00,-3492.01,24822.86,36811.69,67402.48,38.36
2021-02-22 14:00:00,-2183.26,24999.67,33557.57,65684.54,38.36
2021-02-22 15:00:00,-24.13,26420.89,28433.9,64399.43,38.36
2021-02-22 16:00:00,2621.6,27347.03,22654.96,63613.82,38.36
2021-02-22 17:00:00,3184.89,28589.61,19964.71,65362.29,38.36
2021-02-22 18:00:00,4417.08,29018.41,22202.1,69378.95,38.36
2021-02-22 19:00:00,2157.05,28581.57,25203.8,69357.45,38.36
2021-02-22 20:00:00,260.12,27472.03,26166.62,65507.22,38.36
2021-02-22 21:00:00,-588.38,25638.85,26438.59,61836.94,38.36
2021-02-22 22:00:00,-2452.97,24621.58,26565.11,58966.7,38.36
2021-02-22 23:00:00,-2801.95,22981.53,26558.22,55367.1,38.36
2021-02-23 00:00:00,-4957.11,20974.85,24972.21,51968.76,38.36
2021-02-23 01:00:00,-2911.18,20437.24,23307.5,50088.18,38.36
2021-02-23 02:00:00,-434.86,19493.17,21405.19,49483.16,38.36
2021-02-23 03:00:00,1371.2,19183.51,20799.71,49639.01,38.36
2021-02-23 04:00:00,2185.5,19345.12,20637.05,51448.98,38.36
2021-02-23 05:00:00,1551.72,20757.05,20931.71,54751.6,38.36
2021-02-23 06:00:00,1714.45,23723.42,22700.92,62115.36,38.36
2021-02-23 07:00:00,2910.28,24711.42,24840.99,67248.35,38.36
2021-02-23 08:00:00,545.2,24849.98,29411.65,69952.56,38.36
2021-02-23 09:00:00,-2913.83,24255.95,34016.52,70226.55,38.36
2021-02-23 10:00:00,-2699.7,22995.47,37379.02,69717.59,38.36
2021-02-23 11:00:00,-2714.03,21351.49,40041.69,69984.72,38.36
2021-02-23 12:00:00,-2235.01,18944.19,41736.17,69067.1,38.36
2021-02-23 13:00:00,-2294.43,17499.6,41661.62,67252.95,38.36
2021-02-23 14:00:00,-958.18,17639.0,39228.56,65473.37,38.36
2021-02-23 15:00:00,1561.21,19320.13,33319.69,64460.21,38.36
2021-02-23 16:00:00,3322.88,22787.32,26229.58,63335.08,38.36
2021-02-23 17:00:00,3838.23,25242.08,22897.92,65179.48,38.36
2021-02-23 18:00:00,3938.8,26169.19,24932.73,69226.14,38.36
2021-02-23 19:00:00,1214.07,26116.06,27361.5,69351.52,38.36
2021-02-23 20:00:00,-567.52,24227.6,29799.45,66222.91,38.36
2021-02-23 21:00:00,-231.08,21135.34,30819.3,62327.98,38.36
2021-02-23 22:00:00,139.17,18170.77,30882.15,58662.79,38.36
2021-02-23 23:00:00,-302.07,15399.6,31756.68,54454.0,38.36
2021-02-24 00:00:00,-650.89,12999.13,32550.66,51512.22,38.36
2021-02-24 01:00:00,-1809.6,12879.49,33040.23,50443.1,38.36
2021-02-24 02:00:00,-2398.83,12741.82,32971.61,49974.3,38.36
2021-02-24 03:00:00,-1694.54,12717.96,32419.59,50637.65,38.36
2021-02-24 04:00:00,-238.87,13141.75,31488.28,52378.32,38.36
2021-02-24 05:00:00,739.06,14458.92,31572.44,55590.63,38.36
2021-02-24 06:00:00,1875.84,17897.57,32192.95,63093.58,38.36
2021-02-24 07:00:00,657.46,20309.3,33488.47,68016.05,38.36
2021-02-24 08:00:00,-2671.69,20862.78,36756.94,70612.28,38.36
2021-02-24 09:00:00,-4274.83,20520.94,40938.41,70241.39,38.36
2021-02-24 10:00:00,-3864.14,18955.79,43878.67,69789.09,38.36
2021-02-24 11:00:00,-3457.82,17706.23,46244.47,70039.58,38.36
2021-02-24 12:00:00,-3103.06,16809.45,47602.21,69572.82,38.36
2021-02-24 13:00:00,-3268.7,16619.65,46747.26,67851.01,38.36
2021-02-24 14:00:00,-1725.23,16756.09,42472.48,65840.9,38.36
2021-02-24 15:00:00,940.49,18851.09,35490.83,64402.52,38.36
2021-02-24 16:00:00,4302.18,21490.63,28328.59,63648.68,38.36
2021-02-24 17:00:00,4216.68,22301.57,24670.87,65385.39,38.36
2021-02-24 18:00:00,4208.71,22495.0,26626.93,69583.74,38.36
2021-02-24 19:00:00,3489.44,22162.36,28572.68,69204.68,38.36
2021-02-24 20:00:00,-42.36,21459.23,29603.77,65492.2,38.36
2021-02-24 21:00:00,-1070.54,20708.7,30267.82,62317.69,38.36
2021-02-24 22:00:00,-655.54,19098.0,29728.74,59008.38,38.36
2021-02-24 23:00:00,-1347.76,17082.62,29429.51,54695.96,38.36
2021-02-25 00:00:00,-1185.14,15595.67,30070.77,51510.87,38.36
2021-02-25 01:00:00,-350.46,14665.51,29668.0,50391.36,38.36
2021-02-25 02:00:00,-43.93,14364.59,29122.78,49583.24,38.36
2021-02-25 03:00:00,1108.15,14632.73,28525.77,49929.32,38.36
2021-02-25 04:00:00,2374.22,15475.97,28594.88,51699.22,38.36
2021-02-25 05:00:00,2175.34,17433.21,28932.48,55337.07,38.36
2021-02-25 06:00:00,1029.69,20708.19,29637.09,62204.25,38.36
2021-02-25 07:00:00,926.54,23014.43,30875.0,66855.24,38.36
2021-02-25 08:00:00,-1620.96,23524.82,34534.09,69122.12,38.36
2021-02-25 09:00:00,-4986.74,23647.52,38671.9,68868.95,38.36
2021-02-25 10:00:00,-5888.13,22889.79,41652.2,69032.11,38.36
2021-02-25 11:00:00,-6017.9,21980.78,44154.22,69400.8,38.36
2021-02-25 12:00:00,-7147.3,21310.7,45204.01,68554.84,38.36
2021-02-25 13:00:00,-6242.84,21112.29,43908.83,66813.34,38.36
2021-02-25 14:00:00,-4168.34,21171.32,39250.35,65384.18,38.36
2021-02-25 15:00:00,-596.44,22410.94,32154.17,64250.64,38.36
2021-02-25 16:00:00,4039.57,23705.79,23279.91,63463.39,38.36
2021-02-25 17:00:00,7476.41,24894.93,18069.88,65086.38,38.36
2021-02-25 18:00:00,7316.26,25539.31,17802.86,68847.47,38.36
2021-02-25 19:00:00,7181.35,25530.63,19023.76,68393.13,38.36
2021-02-25 20:00:00,6715.09,24769.03,19497.02,64873.85,38.36
2021-02-25 21:00:00,3898.29,24601.25,18746.7,61160.47,38.36
2021-02-25 22:00:00,2638.6,24080.4,17781.39,58011.4,38.36
2021-02-25 23:00:00,1924.2,22993.95,17426.79,53936.69,38.36
2021-02-26 00:00:00,1994.05,21682.66,17158.53,50750.63,38.36
2021-02-26 01:00:00,1903.01,21071.17,17279.62,49055.94,38.36
2021-02-26 02:00:00,2827.82,20177.06,17791.64,48604.64,38.36
2021-02-26 03:00:00,3315.83,19917.25,17932.76,49225.82,38.36
2021-02-26 04:00:00,3597.74,20548.98,18196.1,50967.74,38.36
2021-02-26 05:00:00,3610.39,21978.1,18733.94,54109.06,38.36
2021-02-26 06:00:00,6027.75,24296.25,18679.77,60606.39,38.36
2021-02-26 07:00:00,6132.54,25266.78,19628.16,65691.95,38.36
2021-02-26 08:00:00,3963.86,25295.91,23343.75,68371.79,38.36
2021-02-26 09:00:00,2136.46,25182.27,27262.43,69161.33,38.36
2021-02-26 10:00:00,1205.11,24198.56,31524.28,69643.67,38.36
2021-02-26 11:00:00,-1065.44,23519.6,35667.83,70542.38,37.72
2021-02-26 12:00:00,-1470.76,21798.0,37162.07,70637.01,37.51
2021-02-26 13:00:00,-1989.58,21149.71,36077.91,68728.1,37.51
2021-02-26 14:00:00,-857.37,21321.95,33270.99,67051.94,37.51
2021-02-26 15:00:00,1566.41,21888.65,29226.77,65667.23,37.51
2021-02-26 16:00:00,3218.68,23240.7,25147.11,64801.43,37.51
2021-02-26 17:00:00,5425.25,24291.35,22374.57,66034.35,37.51
2021-02-26 18:00:00,5053.48,25289.14,22769.26,68680.36,37.51
2021-02-26 19:00:00,2356.28,25645.91,23800.81,67731.56,37.51
2021-02-26 20:00:00,698.85,25057.94,24588.27,64172.76,37.51
2021-02-26 21:00:00,-952.52,23882.19,24372.35,60693.68,37.51
2021-02-26 22:00:00,-1790.55,22648.23,23337.3,58077.8,37.51
2021-02-26 23:00:00,-2407.22,21912.86,22469.42,54294.0,37.51
2021-02-27 00:00:00,-2807.94,20997.28,21996.63,51274.41,37.51
2021-02-27 01:00:00,-1505.49,19559.03,21433.65,49504.71,37.51
2021-02-27 02:00:00,-333.75,18573.05,20864.92,48499.85,37.51
2021-02-27 03:00:00,496.77,18356.62,19412.74,47499.46,37.51
2021-02-27 04:00:00,923.77,19027.36,17775.66,47059.61,37.51
2021-02-27 05:00:00,1041.51,19684.47,16969.83,47160.78,37.51
2021-02-27 06:00:00,382.46,21118.01,16321.94,48449.77,37.51
2021-02-27 07:00:00,691.45,22287.08,16407.09,50597.94,37.51
2021-02-27 08:00:00,760.79,22070.52,18673.13,53879.31,37.51
2021-02-27 09:00:00,-306.71,22086.41,21641.32,56394.81,37.51
2021-02-27 10:00:00,578.83,21401.05,24768.19,57677.68,37.51
2021-02-27 11:00:00,-93.72,20409.91,26519.43,58638.92,37.51
2021-02-27 12:00:00,-630.42,19509.68,27082.5,57622.96,37.51
2021-02-27 13:00:00,1199.64,18306.83,27294.91,55891.48,37.51
2021-02-27 14:00:00,2241.22,17526.38,25871.47,54031.62,37.51
2021-02-27 15:00:00,3125.39,18473.74,22419.13,53271.49,37.51
2021-02-27 16:00:00,4148.46,20889.12,17663.76,53164.36,37.51
2021-02-27 17:00:00,4825.85,23678.54,13713.28,55404.99,37.51
2021-02-27 18:00:00,5790.78,24867.82,13923.31,59421.72,37.51
2021-02-27 19:00:00,4304.12,24300.26,15006.77,58763.66,37.51
2021-02-27 20:00:00,3733.83,23290.48,15564.93,55370.34,37.51
2021-02-27 21:00:00,2994.83,22422.99,15854.14,52910.95,37.51
2021-02-27 22:00:00,2532.53,21613.83,15724.91,51738.04,37.51
2021-02-27 23:00:00,1332.0,20385.31,15431.93,48815.15,37.51
2021-02-28 00:00:00,586.72,18891.24,14977.34,46079.41,37.51
2021-02-28 01:00:00,-0.13,18567.01,14823.35,44320.6,37.51
2021-02-28 02:00:00,-357.86,18430.99,14877.53,43201.34,37.51
2021-02-28 03:00:00,1411.27,18169.72,14747.25,43452.91,37.51
2021-02-28 04:00:00,2312.54,18022.55,14673.9,43607.65,37.51
2021-02-28 05:00:00,1280.48,18408.94,14648.4,43690.48,37.51
2021-02-28 06:00:00,831.17,18867.32,14318.03,43836.81,37.51
2021-02-28 07:00:00,-255.63,19060.34,15435.8,45470.48,37.51
2021-02-28 08:00:00,-973.08,19034.5,20278.48,48992.12,37.51
2021-02-28 09:00:00,-2840.77,18285.43,25674.44,51872.01,37.51
2021-02-28 10:00:00,-2414.87,16338.36,30590.44,53818.72,37.51
2021-02-28 11:00:00,-2261.28,15573.11,33245.79,55805.25,37.51
2021-02-28 12:00:00,-2872.67,14922.72,34064.5,54675.47,37.51
2021-02-28 13:00:00,-1508.38,13755.72,33225.61,51963.14,37.51
2021-02-28 14:00:00,141.8,13543.19,30319.14,49985.4,37.51
2021-02-28 15:00:00,423.84,15170.58,25267.09,48857.51,37.51
2021-02-28 16:00:00,2778.04,19035.79,18383.68,49612.58,37.51
2021-02-28 17:00:00,3290.52,23623.56,12784.96,52936.48,37.51
2021-02-28 18:00:00,5257.02,25288.01,12448.17,57352.34,37.51
2021-02-28 19:00:00,5147.77,25385.57,13075.2,57567.95,37.51
2021-02-28 20:00:00,2406.66,25828.39,13176.19,54613.36,37.51
2021-02-28 21:00:00,3334.65,25522.79,12889.77,52578.59,37.51
2021-02-28 22:00:00,3909.44,24512.85,12448.1,52205.74,37.51
2021-02-28 23:00:00,1828.34,23822.59,11870.63,49708.14,37.51
2021-03-01 00:00:00,3365.35,21603.98,11348.61,47361.2,37.51
2021-03-01 01:00:00,2711.94,22138.5,11022.94,46142.2,37.51
2021-03-01 02:00:00,4503.16,22012.19,10807.78,45924.73,37.51
2021-03-01 03:00:00,3847.39,22953.17,10440.84,46413.08,37.51
2021-03-01 04:00:00,3943.57,25156.57,10409.98,48248.38,37.51
2021-03-01 05:00:00,2973.58,27779.18,10470.32,52167.96,37.51
2021-03-01 06:00:00,4430.43,29970.74,10620.53,60177.78,37.51
2021-03-01 07:00:00,4108.16,31350.23,11944.74,65827.51,37.51
2021-03-01 08:00:00,2889.78,31938.12,16248.65,68541.36,37.51
2021-03-01 09:00:00,84.08,32208.42,20820.95,69110.38,37.51
2021-03-01 10:00:00,-2237.63,31823.49,24833.76,69722.7,37.51
2021-03-01 11:00:00,-2490.73,31188.17,27990.39,70072.73,37.51
2021-03-01 12:00:00,-1117.17,29111.15,30364.31,69960.27,37.51
2021-03-01 13:00:00,-1353.15,27873.83,31093.35,68277.11,37.51
2021-03-01 14:00:00,-892.76,28095.0,29339.66,66494.04,37.51
2021-03-01 15:00:00,1416.21,28911.44,24529.67,65219.93,37.51
2021-03-01 16:00:00,3117.29,30830.93,17665.15,64420.42,37.51
2021-03-01 17:00:00,7009.5,32140.06,11960.4,66137.41,37.51
2021-03-01 18:00:00,6245.17,33237.74,12116.48,69757.31,37.51
2021-03-01 19:00:00,4187.61,33566.56,13725.49,69765.34,37.51
2021-03-01 20:00:00,2901.24,32494.01,14487.09,65947.08,37.51
2021-03-01 21:00:00,2250.57,31865.47,14606.82,62390.12,37.51
2021-03-01 22:00:00,1056.38,30992.49,14725.65,59219.03,37.51
2021-03-01 23:00:00,1394.06,29374.71,14619.9,55462.52,37.51
2021-03-02 00:00:00,-209.18,28525.56,14296.1,52351.01,37.51
2021-03-02 01:00:00,1190.4,28319.15,13928.61,50854.18,37.51
2021-03-02 02:00:00,947.94,28162.04,13500.87,49884.7,37.51
2021-03-02 03:00:00,1744.93,28282.93,13015.36,50415.79,37.51
2021-03-02 04:00:00,2465.07,28686.5,12818.41,52007.7,37.51
2021-03-02 05:00:00,1000.73,30707.24,12539.68,55363.78,37.51
2021-03-02 06:00:00,3369.49,32833.62,12298.37,62118.48,37.51
2021-03-02 07:00:00,2912.34,33908.54,13572.37,66742.73,37.51
2021-03-02 08:00:00,-66.04,33935.49,18785.71,69019.69,37.51
2021-03-02 09:00:00,-3462.35,33300.46,24796.41,69378.36,37.51
2021-03-02 10:00:00,-6064.71,32480.47,29503.98,69662.98,37.51
2021-03-02 11:00:00,-6598.42,31052.96,33027.04,69748.59,37.51
2021-03-02 12:00:00,-5732.9,29098.55,35010.68,68898.27,37.51
2021-03-02 13:00:00,-5693.89,28550.06,35225.63,67297.22,37.51
2021-03-02 14:00:00,-4449.78,28508.15,31969.2,65430.7,37.51
2021-03-02 15:00:00,-2622.27,29968.74,25765.36,64268.72,37.51
2021-03-02 16:00:00,709.62,32526.84,17797.06,62980.75,37.51
2021-03-02 17:00:00,4103.01,34603.97,11462.63,64661.33,37.51
2021-03-02 18:00:00,3651.1,35670.63,11030.69,68478.91,37.51
2021-03-02 19:00:00,2992.53,35906.82,12160.64,68683.11,37.51
2021-03-02 20:00:00,1064.24,35454.39,12649.4,65056.46,37.51
2021-03-02 21:00:00,642.5,35010.44,12709.15,61258.97,37.51
2021-03-02 22:00:00,-743.6,34679.16,12089.32,58186.88,37.51
2021-03-02 23:00:00,-1968.97,34017.34,11506.05,54641.68,37.51
2021-03-03 00:00:00,-2491.07,31754.19,11025.98,51522.41,37.51
2021-03-03 01:00:00,-532.05,30239.42,10735.09,49990.26,37.51
2021-03-03 02:00:00,336.17,29888.2,10614.03,49316.41,37.51
2021-03-03 03:00:00,671.2,29964.76,10725.93,49870.77,37.51
2021-03-03 04:00:00,684.6,30868.85,11089.8,51748.64,37.51
2021-03-03 05:00:00,-755.27,33121.53,11531.5,55379.94,37.51
2021-03-03 06:00:00,2184.86,34830.94,11858.79,62318.41,37.51
2021-03-03 07:00:00,1798.78,35558.02,13267.34,67512.32,37.51
2021-03-03 08:00:00,-1219.67,36011.11,17897.39,70176.06,37.51
2021-03-03 09:00:00,-4202.25,35986.58,22646.01,70010.5,37.51
2021-03-03 10:00:00,-5033.31,35511.41,25729.09,69874.96,37.51
2021-03-03 11:00:00,-5026.31,34477.72,27438.28,70118.02,37.51
2021-03-03 12:00:00,-4668.08,34034.79,28111.49,69455.45,37.51
2021-03-03 13:00:00,-2563.97,33393.74,27544.5,68203.77,37.51
2021-03-03 14:00:00,-2221.0,33703.71,25536.53,66841.26,37.51
2021-03-03 15:00:00,-74.59,33687.23,22060.97,65736.85,37.51
2021-03-03 16:00:00,1907.99,33506.7,18187.5,64796.64,37.51
2021-03-03 17:00:00,1552.06,33834.01,16319.96,66223.01,37.51
2021-03-03 18:00:00,2166.62,34431.57,18214.79,69746.21,37.51
2021-03-03 19:00:00,676.1,34380.69,19974.57,69869.04,37.51
2021-03-03 20:00:00,-1795.07,33853.75,20630.45,66307.37,37.51
2021-03-03 21:00:00,-2012.55,32007.11,20702.51,62855.44,37.51
2021-03-03 22:00:00,-3624.82,31173.25,20316.82,59775.61,37.51
2021-03-03 23:00:00,-4999.4,30373.01,20105.62,55864.21,37.51
2021-03-04 00:00:00,-4103.66,28386.01,19731.03,52688.44,37.51
2021-03-04 01:00:00,-3605.42,27600.53,19390.98,51218.82,37.51
2021-03-04 02:00:00,-2647.18,27155.65,18907.71,50309.49,37.51
2021-03-04 03:00:00,-1086.31,26350.89,18597.55,50684.74,37.51
2021-03-04 04:00:00,-207.79,27072.97,18395.39,51730.56,37.51
2021-03-04 05:00:00,-650.45,29417.72,17721.01,54953.54,37.51
2021-03-04 06:00:00,672.34,31930.06,17185.2,61158.71,37.51
2021-03-04 07:00:00,1542.41,33512.04,17166.78,66454.59,37.51
2021-03-04 08:00:00,-183.32,33929.31,19305.67,69088.2,37.51
2021-03-04 09:00:00,-148.46,33786.4,22084.75,69336.18,37.51
2021-03-04 10:00:00,-335.5,33355.94,24791.14,69918.73,37.51
2021-03-04 11:00:00,-1645.59,33339.81,25775.43,70952.69,37.51
2021-03-04 12:00:00,-2271.61,33489.5,26040.41,70764.42,37.51
2021-03-04 13:00:00,-840.22,33427.41,25551.43,69420.22,37.51
2021-03-04 14:00:00,264.26,33255.44,23879.4,68793.7,37.51
2021-03-04 15:00:00,603.55,33426.31,21957.57,68200.07,37.51
2021-03-04 16:00:00,2717.76,33424.2,19504.64,67391.25,37.51
2021-03-04 17:00:00,4224.35,33720.83,17811.83,67801.19,37.51
2021-03-04 18:00:00,2660.73,33536.89,17723.85,70052.16,37.51
2021-03-04 19:00:00,1146.24,33272.3,18943.14,69390.27,37.51
2021-03-04 20:00:00,225.13,33079.43,20168.39,65862.62,37.51
2021-03-04 21:00:00,-2123.93,32166.78,21142.57,62323.34,37.51
2021-03-04 22:00:00,-2818.51,31538.16,20865.15,59350.03,37.51
2021-03-04 23:00:00,-3666.76,30069.78,20788.8,55492.21,37.51
2021-03-05 00:00:00,-3631.05,28126.86,19679.7,52716.48,37.51
2021-03-05 01:00:00,-2709.84,27601.29,18935.19,51185.25,37.51
2021-03-05 02:00:00,-2290.93,27244.94,18369.5,50177.19,37.51
2021-03-05 03:00:00,-1166.1,27248.13,17175.6,50321.19,37.51
2021-03-05 04:00:00,-179.74,27774.84,16167.54,51500.94,37.51
2021-03-05 05:00:00,-827.5,29627.99,15835.28,55134.26,37.51
2021-03-05 06:00:00,1676.4,31862.58,15527.52,61548.97,37.51
2021-03-05 07:00:00,3413.76,33190.76,15519.94,66597.11,37.51
2021-03-05 08:00:00,1790.71,33460.65,18170.42,69368.1,37.51
2021-03-05 09:00:00,-224.06,33238.15,22352.27,70347.24,37.51
2021-03-05 10:00:00,-2852.06,32676.37,27312.08,70845.52,37.51
2021-03-05 11:00:00,-3476.79,31384.12,30816.19,71608.86,37.94
2021-03-05 12:00:00,-4171.28,30105.01,31379.24,70784.1,38.08
2021-03-05 13:00:00,-4139.04,29726.27,30262.94,69063.68,38.08
2021-03-05 14:00:00,-2907.41,29164.32,28109.84,67572.0,38.08
2021-03-05 15:00:00,-2031.14,30148.74,25432.23,66319.16,38.08
2021-03-05 16:00:00,1459.61,30978.23,20923.74,65697.94,38.08
2021-03-05 17:00:00,4474.05,32253.0,15518.74,66200.48,38.08
2021-03-05 18:00:00,3833.07,32902.56,14335.27,68979.49,38.08
2021-03-05 19:00:00,3909.97,32934.39,15084.29,68980.95,38.08
2021-03-05 20:00:00,2587.74,32494.58,15530.83,64728.49,38.08
2021-03-05 21:00:00,1045.5,31804.04,15200.71,60650.33,38.08
2021-03-05 22:00:00,888.78,30688.01,14729.18,58086.94,38.08
2021-03-05 23:00:00,-323.13,28513.87,14491.73,54632.36,38.08
2021-03-06 00:00:00,-1155.04,26311.92,14195.16,51828.3,38.08
2021-03-06 01:00:00,-1175.27,25468.39,14781.83,49845.29,38.08
2021-03-06 02:00:00,-1559.15,24295.71,15851.46,48938.94,38.08
2021-03-06 03:00:00,-1321.27,23410.2,16760.92,48702.4,38.08
2021-03-06 04:00:00,-2017.39,23074.2,17749.9,48940.39,38.08
2021-03-06 05:00:00,-4321.65,23977.77,18051.86,49044.9,38.08
2021-03-06 06:00:00,-6653.19,25381.61,18457.92,49836.89,38.08
2021-03-06 07:00:00,-7582.41,25836.56,20871.32,52371.14,38.08
2021-03-06 08:00:00,-9798.73,25691.66,26658.92,55772.22,38.08
2021-03-06 09:00:00,-12198.95,24945.36,32600.54,58206.82,38.08
2021-03-06 10:00:00,-13954.23,23117.7,38653.2,59492.16,38.08
2021-03-06 11:00:00,-13105.79,21283.95,42098.26,60402.0,38.08
2021-03-06 12:00:00,-13075.96,20284.21,43116.05,59697.78,38.08
2021-03-06 13:00:00,-12938.81,20036.09,42042.58,57617.3,38.08
2021-03-06 14:00:00,-10259.34,19584.79,39042.18,56104.47,38.08
2021-03-06 15:00:00,-8583.49,20704.93,33842.58,54734.6,38.08
2021-03-06 16:00:00,-5545.8,22655.92,27048.14,54507.59,38.08
2021-03-06 17:00:00,-1694.38,25785.25,21057.38,56941.6,38.08
2021-03-06 18:00:00,-371.71,26828.69,20056.26,60812.32,38.08
2021-03-06 19:00:00,-1668.92,26845.82,21118.99,60889.35,38.08
2021-03-06 20:00:00,-6250.81,26836.33,22317.43,57640.02,38.08
2021-03-06 21:00:00,-6717.26,26641.71,22563.68,55337.43,38.08
2021-03-06 22:00:00,-7414.78,26627.19,22733.5,54253.03,38.08
2021-03-06 23:00:00,-7620.66,26001.94,22629.31,51870.8,38.08
2021-03-07 00:00:00,-6884.18,23319.04,23143.89,49142.24,38.08
2021-03-07 01:00:00,-7563.89,21987.92,23236.12,47555.35,38.08
2021-03-07 02:00:00,-7967.13,21847.54,22877.8,46272.38,38.08
2021-03-07 03:00:00,-6755.42,21772.85,22340.89,45925.04,38.08
2021-03-07 04:00:00,-5927.72,21950.31,22198.98,46285.76,38.08
2021-03-07 05:00:00,-7058.02,22179.75,22887.18,46559.22,38.08
2021-03-07 06:00:00,-8030.51,21998.15,22824.6,46222.16,38.08
2021-03-07 07:00:00,-9301.7,22075.18,24771.63,47477.79,38.08
2021-03-07 08:00:00,-10297.62,21797.53,30598.69,51007.55,38.08
2021-03-07 09:00:00,-10800.5,20005.23,37505.14,54624.19,38.08
2021-03-07 10:00:00,-12345.78,18393.73,42190.03,56647.91,38.08
2021-03-07 11:00:00,-12826.01,17814.46,44725.0,58735.39,38.08
2021-03-07 12:00:00,-12685.03,17568.6,45887.25,58317.91,38.08
2021-03-07 13:00:00,-12247.32,16972.44,44739.36,55633.14,38.08
2021-03-07 14:00:00,-12808.91,17444.41,41531.83,53551.36,38.08
2021-03-07 15:00:00,-10163.98,19123.35,36204.93,51528.34,38.08
2021-03-07 16:00:00,-7562.16,22311.64,29312.19,52087.05,38.08
2021-03-07 17:00:00,-6034.58,26447.71,23150.8,55282.87,38.08
2021-03-07 18:00:00,-3872.73,28710.84,20087.48,59031.31,38.08
2021-03-07 19:00:00,-5209.24,29286.29,19325.11,58895.64,38.08
2021-03-07 20:00:00,-6871.1,29308.97,18721.38,55647.4,38.08
2021-03-07 21:00:00,-5968.48,29062.86,18047.63,54205.33,38.08
2021-03-07 22:00:00,-5093.33,29209.39,16963.11,53832.9,38.08
2021-03-07 23:00:00,-5013.87,28942.19,15892.67,51152.96,38.08
2021-03-08 00:00:00,-4146.22,28146.74,14553.51,49001.81,38.08
2021-03-08 01:00:00,-3618.49,27415.91,13196.34,47580.41,38.08
2021-03-08 02:00:00,-3059.4,27928.77,12211.88,46891.02,38.08
2021-03-08 03:00:00,-1233.83,28499.79,11656.22,47604.62,38.08
2021-03-08 04:00:00,-706.1,29915.06,11080.14,49304.95,38.08
2021-03-08 05:00:00,-1844.39,31609.58,10763.65,52612.23,38.08
2021-03-08 06:00:00,1719.66,34553.12,10400.28,60034.51,38.08
2021-03-08 07:00:00,168.52,36264.3,12241.19,65410.55,38.08
2021-03-08 08:00:00,-2113.73,36942.9,17461.72,68534.05,38.08
2021-03-08 09:00:00,-4924.67,36547.02,22916.68,69753.37,38.08
2021-03-08 10:00:00,-8365.37,36015.12,27782.1,70138.2,38.08
2021-03-08 11:00:00,-9347.05,35574.55,31197.82,70722.92,38.08
2021-03-08 12:00:00,-9733.69,35284.78,31917.07,70418.53,38.08
2021-03-08 13:00:00,-9515.7,35247.39,30459.09,69010.04,38.08
2021-03-08 14:00:00,-7491.88,35542.15,26681.93,67504.9,38.08
2021-03-08 15:00:00,-3826.62,35891.6,21401.19,66545.98,38.08
2021-03-08 16:00:00,-10.58,36556.8,15695.66,65359.62,38.08
2021-03-08 17:00:00,1825.06,38303.88,11236.02,66346.95,38.08
2021-03-08 18:00:00,4347.99,39431.69,10551.81,69792.1,38.08
2021-03-08 19:00:00,2396.89,39441.3,11979.89,70012.18,38.08
2021-03-08 20:00:00,-123.18,38166.14,12915.33,65879.16,38.08
2021-03-08 21:00:00,-1515.41,36807.97,13495.9,62296.93,38.08
2021-03-08 22:00:00,-2240.93,35372.75,13770.51,59977.98,38.08
2021-03-08 23:00:00,-3534.0,34319.99,13806.24,57418.66,38.08
2021-03-09 00:00:00,-3555.41,33573.91,13923.45,52992.64,38.08
2021-03-09 01:00:00,-2332.1,32333.4,14246.19,51644.6,38.08
2021-03-09 02:00:00,-1536.33,31462.11,14258.09,50813.65,38.08
2021-03-09 03:00:00,-1288.57,31650.65,13491.54,51353.7,38.08
2021-03-09 04:00:00,-1140.97,33127.88,13002.58,52671.59,38.08
2021-03-09 05:00:00,-1283.32,35366.63,12768.69,55941.37,38.08
2021-03-09 06:00:00,-191.19,38159.98,13178.01,62911.01,38.08
2021-03-09 07:00:00,-1572.19,39738.17,14910.47,67896.55,38.08
2021-03-09 08:00:00,-3127.86,39787.79,18558.0,70795.56,38.08
2021-03-09 09:00:00,-4750.62,38956.16,22656.82,71736.95,38.08
2021-03-09 10:00:00,-5579.28,38481.57,26013.89,72282.55,38.08
2021-03-09 11:00:00,-6487.09,38102.98,27980.24,73300.48,38.08
2021-03-09 12:00:00,-5941.49,37828.14,27790.06,73407.68,38.08
2021-03-09 13:00:00,-4246.89,37594.76,25607.43,71672.62,38.08
2021-03-09 14:00:00,-2151.98,37206.66,21948.58,70155.55,38.08
2021-03-09 15:00:00,-808.67,38144.37,17811.32,69225.54,38.08
2021-03-09 16:00:00,1672.51,38926.23,13538.04,67905.58,38.08
2021-03-09 17:00:00,4541.47,39748.56,10277.34,69002.65,38.08
2021-03-09 18:00:00,4009.48,40499.24,9667.79,71328.02,38.08
2021-03-09 19:00:00,3481.95,40674.96,9878.96,70987.5,38.08
2021-03-09 20:00:00,570.14,40319.46,10132.42,66950.78,38.08
2021-03-09 21:00:00,1066.65,39233.55,10051.96,62722.53,38.08
2021-03-09 22:00:00,230.06,37998.7,9850.39,59489.48,38.08
2021-03-09 23:00:00,-1537.22,36376.67,9839.83,55713.05,38.08
2021-03-10 00:00:00,-1750.84,33922.31,10134.18,52746.22,38.08
2021-03-10 01:00:00,-2043.55,33240.25,10152.93,50667.87,38.08
2021-03-10 02:00:00,-1186.47,33129.61,10157.14,50062.19,38.08
2021-03-10 03:00:00,-178.37,33134.54,10444.08,50559.51,38.08
2021-03-10 04:00:00,1083.84,33256.64,11096.54,52219.91,38.08
2021-03-10 05:00:00,-12.8,34035.68,11988.52,55849.15,38.08
2021-03-10 06:00:00,1894.43,34650.03,13026.16,62486.92,38.08
2021-03-10 07:00:00,2205.05,34849.63,15743.67,67394.08,38.08
2021-03-10 08:00:00,133.06,34698.18,19568.39,70367.98,38.08
2021-03-10 09:00:00,-1752.33,34402.53,24181.65,70798.7,38.08
2021-03-10 10:00:00,-1821.06,33864.07,28218.49,71271.17,38.08
2021-03-10 11:00:00,-2294.76,32072.22,31926.15,71917.6,38.08
2021-03-10 12:00:00,-3434.35,29813.94,34311.16,71427.56,38.08
2021-03-10 13:00:00,-3065.99,27638.29,35385.25,69987.99,38.08
2021-03-10 14:00:00,-111.51,25901.74,34776.51,69158.43,38.08
2021-03-10 15:00:00,-1504.53,26493.92,32352.68,68220.94,38.08
2021-03-10 16:00:00,-892.35,27516.59,28775.0,67086.42,38.08
2021-03-10 17:00:00,631.99,28207.03,27342.13,68325.02,38.08
2021-03-10 18:00:00,361.75,28368.45,29770.15,71618.82,38.08
2021-03-10 19:00:00,-1162.65,27507.6,34015.17,72319.13,38.08
2021-03-10 20:00:00,-2852.06,23722.78,37957.97,68926.46,38.08
2021-03-10 21:00:00,-4583.71,20261.48,40949.58,65653.95,38.08
2021-03-10 22:00:00,-4995.06,17403.06,41783.64,62863.03,38.08
2021-03-10 23:00:00,-8492.76,15964.68,43164.38,59319.76,38.08
2021-03-11 00:00:00,-6879.32,12064.81,43897.65,56216.3,38.08
2021-03-11 01:00:00,-7336.31,11739.5,45051.2,54427.45,38.08
2021-03-11 02:00:00,-8103.45,11702.11,45737.91,53332.8,38.08
2021-03-11 03:00:00,-9331.18,11619.19,46432.03,53695.28,38.08
2021-03-11 04:00:00,-8227.82,11689.84,47103.74,55273.69,38.08
2021-03-11 05:00:00,-8676.12,11971.87,48710.89,59024.01,38.08
2021-03-11 06:00:00,-6823.98,12523.71,50810.77,65470.9,38.08
2021-03-11 07:00:00,-7229.32,13853.4,50664.25,70998.74,38.08
2021-03-11 08:00:00,-6186.37,13916.14,51294.56,73968.98,38.08
2021-03-11 09:00:00,-5225.22,13762.22,52876.56,74385.82,38.08
2021-03-11 10:00:00,-6900.5,13812.8,55582.29,75175.66,38.08
2021-03-11 11:00:00,-5878.5,13625.35,58772.03,76240.85,38.08
2021-03-11 12:00:00,-6029.55,13432.11,61391.75,76323.49,38.08
2021-03-11 13:00:00,-8139.18,13288.97,61480.39,74454.84,38.08
2021-03-11 14:00:00,-9006.45,13308.91,60162.49,72940.76,38.08
2021-03-11 15:00:00,-7212.16,13409.54,58739.28,71773.31,38.08
2021-03-11 16:00:00,-6619.09,13507.48,55960.05,70958.1,38.08
2021-03-11 17:00:00,-6010.81,14223.6,51475.47,71863.32,38.08
2021-03-11 18:00:00,-5370.05,15379.53,50289.3,74131.37,38.08
2021-03-11 19:00:00,-4542.7,14956.01,49216.84,73677.42,38.08
2021-03-11 20:00:00,-6163.71,14235.76,47191.25,69343.54,38.08
2021-03-11 21:00:00,-5344.15,12965.84,46311.87,65077.79,38.08
2021-03-11 22:00:00,-5021.19,12236.54,45455.06,62130.53,38.08
2021-03-11 23:00:00,-8193.57,11576.17,46457.42,58716.68,38.08
2021-03-12 00:00:00,-10180.82,10508.22,46803.22,56247.31,38.08
2021-03-12 01:00:00,-11198.92,10486.98,46919.08,54037.68,38.08
2021-03-12 02:00:00,-11423.9,10446.82,47063.27,52921.19,38.08
2021-03-12 03:00:00,-11361.21,10466.71,47656.67,53734.57,38.08
2021-03-12 04:00:00,-10523.08,10463.04,47711.84,55300.33,38.08
2021-03-12 05:00:00,-10252.44,10966.67,48038.81,58525.29,38.08
2021-03-12 06:00:00,-7846.82,12374.94,48996.62,64573.03,38.08
2021-03-12 07:00:00,-6762.14,13104.07,49694.24,69390.98,38.08
2021-03-12 08:00:00,-8689.78,12842.67,54727.81,71946.22,38.08
2021-03-12 09:00:00,-11009.74,11896.6,60853.04,72421.62,38.08
2021-03-12 10:00:00,-12193.72,11296.08,64686.78,73418.49,38.08
2021-03-12 11:00:00,-12347.17,10781.65,66465.89,74221.06,40.66
2021-03-12 12:00:00,-12846.14,10740.01,66719.71,73338.24,41.52
2021-03-12 13:00:00,-12307.84,10756.59,65361.44,71317.97,41.52
2021-03-12 14:00:00,-11264.26,10818.78,62191.13,69506.33,41.52
2021-03-12 15:00:00,-9755.14,11307.3,58227.53,68681.38,41.52
2021-03-12 16:00:00,-6564.92,11786.34,51539.37,67857.08,41.52
2021-03-12 17:00:00,-4679.8,12721.71,46193.64,68603.28,41.52
2021-03-12 18:00:00,-3267.75,13595.48,45110.99,70652.62,41.52
2021-03-12 19:00:00,-6000.29,13742.98,46389.07,70644.48,41.52
2021-03-12 20:00:00,-7830.68,12902.05,47431.82,66295.54,41.52
2021-03-12 21:00:00,-10042.72,12158.65,47390.7,62805.18,41.52
2021-03-12 22:00:00,-11175.01,11784.34,45624.53,59815.79,41.52
2021-03-12 23:00:00,-11346.28,11207.72,45303.81,56007.22,41.52
2021-03-13 00:00:00,-12350.82,10493.85,44097.42,52915.08,41.52
2021-03-13 01:00:00,-12254.98,10171.14,43263.01,50945.3,41.52
2021-03-13 02:00:00,-12349.29,9982.01,43016.42,50200.96,41.52
2021-03-13 03:00:00,-12394.38,9972.22,42635.23,50012.37,41.52
2021-03-13 04:00:00,-12486.71,10016.98,42413.31,50128.7,41.52
2021-03-13 05:00:00,-11789.73,10016.12,42923.66,50374.76,41.52
2021-03-13 06:00:00,-12753.22,10030.15,45151.42,51274.76,41.52
2021-03-13 07:00:00,-12795.98,10169.03,48094.03,53611.2,41.52
2021-03-13 08:00:00,-12451.23,10283.88,52562.21,57826.39,41.52
2021-03-13 09:00:00,-12516.64,10229.74,57030.37,61784.19,41.52
2021-03-13 10:00:00,-12351.94,10177.8,59164.05,64213.79,41.52
2021-03-13 11:00:00,-12187.11,10106.26,60980.14,65554.65,41.52
2021-03-13 12:00:00,-11982.6,10047.81,61319.57,64995.22,41.52
2021-03-13 13:00:00,-11258.85,9903.94,58624.75,63181.2,41.52
2021-03-13 14:00:00,-12204.01,9849.47,57692.75,61458.21,41.52
2021-03-13 15:00:00,-11908.67,9872.18,56313.93,60692.23,41.52
2021-03-13 16:00:00,-12926.91,9887.72,54071.06,60239.85,41.52
2021-03-13 17:00:00,-13023.57,10226.75,52243.79,60948.34,41.52
2021-03-13 18:00:00,-11941.79,10764.92,51419.91,63378.03,41.52
2021-03-13 19:00:00,-14168.92,10765.97,52159.97,63725.0,41.52
2021-03-13 20:00:00,-14695.24,10291.51,51707.97,60340.22,41.52
2021-03-13 21:00:00,-15266.52,10205.61,51943.05,57641.42,41.52
2021-03-13 22:00:00,-15637.26,10164.56,50202.92,56366.83,41.52
2021-03-13 23:00:00,-15698.15,10082.97,47351.86,53760.59,41.52
2021-03-14 00:00:00,-15058.46,9270.11,46787.4,50773.14,41.52
2021-03-14 01:00:00,-14658.98,8959.11,46032.41,48737.08,41.52
2021-03-14 02:00:00,-15262.71,8908.37,45778.56,47829.89,41.52
2021-03-14 03:00:00,-14947.62,8839.92,44781.6,47321.0,41.52
2021-03-14 04:00:00,-13795.57,8835.52,43241.99,47704.2,41.52
2021-03-14 05:00:00,-12517.17,8756.22,41541.43,47385.43,41.52
2021-03-14 06:00:00,-11650.57,8928.15,40496.83,46689.69,41.52
2021-03-14 07:00:00,-12729.47,9114.41,41879.24,48535.62,41.52
2021-03-14 08:00:00,-13615.84,9164.09,43670.25,52076.59,41.52
2021-03-14 09:00:00,-13314.56,9521.46,45597.66,55007.52,41.52
2021-03-14 10:00:00,-12026.04,9566.62,47930.23,57577.02,41.52
2021-03-14 11:00:00,-10288.05,9421.89,49067.04,60388.22,41.52
2021-03-14 12:00:00,-11055.12,9275.57,49383.95,59967.02,41.52
2021-03-14 13:00:00,-10449.29,9306.67,48435.06,57128.57,41.52
2021-03-14 14:00:00,-9382.94,9230.27,47190.75,55405.4,41.52
2021-03-14 15:00:00,-8368.03,9253.5,44112.76,54268.29,41.52
2021-03-14 16:00:00,-7062.14,9757.21,39149.07,53799.02,41.52
2021-03-14 17:00:00,-2924.84,12083.96,33836.85,55539.7,41.52
2021-03-14 18:00:00,-800.32,13907.57,32128.85,58618.21,41.52
2021-03-14 19:00:00,-813.97,14078.37,31991.0,59444.2,41.52
2021-03-14 20:00:00,-3466.72,14072.75,32255.07,57581.73,41.52
2021-03-14 21:00:00,-3125.27,14140.36,32212.59,55730.38,41.52
2021-03-14 22:00:00,-1700.46,13838.61,31264.1,55399.65,41.52
2021-03-14 23:00:00,-2360.11,13235.57,30678.71,52111.62,41.52
2021-03-15 00:00:00,-1242.67,12218.69,30040.66,50010.83,41.52
2021-03-15 01:00:00,14.16,11899.97,29733.46,48793.72,41.52
2021-03-15 02:00:00,-769.31,11960.88,29895.08,48190.7,41.52
2021-03-15 03:00:00,562.91,12046.56,30350.81,48619.13,41.52
2021-03-15 04:00:00,-116.68,13405.99,30628.38,50375.86,41.52
2021-03-15 05:00:00,-2450.4,15748.73,30810.71,53915.04,41.52
2021-03-15 06:00:00,-1519.77,18747.63,31425.22,61430.66,41.52
2021-03-15 07:00:00,-1010.64,20231.52,32681.31,66721.65,41.52
2021-03-15 08:00:00,-1016.32,20880.52,35906.13,70155.91,41.52
2021-03-15 09:00:00,-612.56,21149.98,38962.93,71250.04,41.52
2021-03-15 10:00:00,-2795.11,21520.36,41735.43,72478.54,41.52
2021-03-15 11:00:00,-2978.76,21745.98,44321.6,73528.7,41.52
2021-03-15 12:00:00,-3619.7,21103.03,46921.39,73406.5,41.52
2021-03-15 13:00:00,-5866.88,20430.86,48177.22,72373.84,41.52
2021-03-15 14:00:00,-6724.96,19835.91,48498.21,70454.96,41.52
2021-03-15 15:00:00,-5932.44,19491.76,46496.85,69165.27,41.52
2021-03-15 16:00:00,-4325.94,19977.24,42791.68,68047.19,41.52
2021-03-15 17:00:00,-2727.85,21537.51,38907.67,68665.76,41.52
2021-03-15 18:00:00,-1899.03,22415.12,36997.65,70343.46,41.52
2021-03-15 19:00:00,-2776.95,22430.69,36753.24,70685.05,41.52
2021-03-15 20:00:00,-5578.03,22515.58,36919.55,66936.78,41.52
2021-03-15 21:00:00,-5831.0,21944.35,36498.96,63296.18,41.52
2021-03-15 22:00:00,-6269.79,21251.26,34936.21,60520.5,41.52
2021-03-15 23:00:00,-6445.46,20104.6,34353.86,56798.28,41.52
2021-03-16 00:00:00,-5186.42,19172.64,33755.26,54185.07,41.52
2021-03-16 01:00:00,-5676.19,18854.36,33033.91,52344.0,41.52
2021-03-16 02:00:00,-5588.16,19034.25,32144.95,51649.63,41.52
2021-03-16 03:00:00,-4777.19,19161.94,31929.97,52253.99,41.52
2021-03-16 04:00:00,-5282.82,20236.76,31364.83,54056.96,41.52
2021-03-16 05:00:00,-6708.61,22565.81,30382.51,57227.02,41.52
2021-03-16 06:00:00,-4542.44,25186.65,30210.59,63409.13,41.52
2021-03-16 07:00:00,-4458.62,27274.29,29701.07,68436.72,41.52
2021-03-16 08:00:00,-6304.87,28195.37,31329.9,71345.89,41.52
2021-03-16 09:00:00,-5561.4,28503.73,34273.34,71804.94,41.52
2021-03-16 10:00:00,-4729.5,28610.57,36238.48,72410.82,41.52
2021-03-16 11:00:00,-4774.27,28980.95,36859.61,73799.7,41.52
2021-03-16 12:00:00,-6010.98,28971.05,36976.09,72855.66,41.52
2021-03-16 13:00:00,-5083.22,28746.08,36118.06,71694.82,41.52
2021-03-16 14:00:00,-4024.21,28795.01,34104.85,70256.66,41.52
2021-03-16 15:00:00,-3258.66,29382.22,30629.86,68858.69,41.52
2021-03-16 16:00:00,-75.64,29933.83,25827.25,67420.99,41.52
2021-03-16 17:00:00,2773.89,30457.34,20378.96,67644.44,41.52
2021-03-16 18:00:00,2993.18,31005.4,17812.26,69562.46,41.52
2021-03-16 19:00:00,5552.03,30934.45,17402.55,70250.27,41.52
2021-03-16 20:00:00,4148.99,30663.03,16485.31,66310.82,41.52
2021-03-16 21:00:00,4540.0,29680.05,16370.11,62775.02,41.52
2021-03-16 22:00:00,4087.06,28308.88,15982.62,59861.63,41.52
2021-03-16 23:00:00,4208.46,26216.99,15653.1,55868.12,41.52
2021-03-17 00:00:00,4464.39,24954.38,15518.46,52987.8,41.52
2021-03-17 01:00:00,5110.94,23867.7,15842.53,51178.07,41.52
2021-03-17 02:00:00,5230.42,23193.3,16613.61,50826.37,41.52
2021-03-17 03:00:00,4663.8,23394.56,17121.25,51160.19,41.52
2021-03-17 04:00:00,4431.44,24563.81,16999.84,52792.52,41.52
2021-03-17 05:00:00,2911.65,27106.12,16971.61,56316.62,41.52
2021-03-17 06:00:00,2900.08,30326.59,16946.95,62504.14,41.52
2021-03-17 07:00:00,3459.63,32036.56,17634.51,67053.74,41.52
2021-03-17 08:00:00,2639.13,32499.02,19267.53,69808.49,41.52
2021-03-17 09:00:00,2836.15,32639.31,21437.9,70365.08,41.52
2021-03-17 10:00:00,3388.56,32314.7,23358.87,71265.97,41.52
2021-03-17 11:00:00,3459.07,32441.72,24655.08,71787.49,41.52
2021-03-17 12:00:00,3519.33,32048.59,25334.64,71666.24,41.52
2021-03-17 13:00:00,1699.01,31978.98,25500.19,70442.1,41.52
2021-03-17 14:00:00,2047.79,31551.64,25047.17,69073.57,41.52
2021-03-17 15:00:00,2993.1,31238.34,23470.61,68433.3,41.52
2021-03-17 16:00:00,4361.35,32089.94,19562.8,67139.79,41.52
2021-03-17 17:00:00,5506.17,33733.35,15065.3,67275.74,41.52
2021-03-17 18:00:00,7198.04,34343.84,12475.17,69040.86,41.52
2021-03-17 19:00:00,6886.72,34633.07,12267.88,70110.48,41.52
2021-03-17 20:00:00,4321.6,34453.23,11959.73,65960.97,41.52
2021-03-17 21:00:00,5073.7,33301.62,11769.59,62290.4,41.52
2021-03-17 22:00:00,4318.29,32425.83,11490.68,59622.05,41.52
2021-03-17 23:00:00,3405.76,31360.17,10847.64,56094.46,41.52
2021-03-18 00:00:00,3389.4,30102.77,10307.64,53577.68,41.52
2021-03-18 01:00:00,4162.42,28935.42,9890.28,51592.2,41.52
2021-03-18 02:00:00,4637.46,28775.54,9570.25,50677.85,41.52
2021-03-18 03:00:00,5658.93,28730.67,9563.92,51090.5,41.52
2021-03-18 04:00:00,5832.7,29772.69,9509.15,52291.69,41.52
2021-03-18 05:00:00,5376.99,31780.89,9132.71,55595.94,41.52
2021-03-18 06:00:00,6623.46,34212.84,9307.16,61627.64,41.52
2021-03-18 07:00:00,6520.38,35086.18,11321.17,66647.22,41.52
2021-03-18 08:00:00,3939.35,35878.26,15318.58,69264.76,41.52
2021-03-18 09:00:00,2873.52,35323.88,19986.37,69615.54,41.52
2021-03-18 10:00:00,115.14,34990.49,23094.09,70178.76,41.52
2021-03-18 11:00:00,-455.91,34786.82,24267.6,70975.6,41.52
2021-03-18 12:00:00,-1088.48,35059.07,24507.35,70837.08,41.52
2021-03-18 13:00:00,-1021.84,34808.99,24699.31,69613.53,41.52
2021-03-18 14:00:00,164.06,34697.74,23559.43,68563.96,41.52
2021-03-18 15:00:00,1024.59,34584.28,21016.6,68122.75,41.52
2021-03-18 16:00:00,2874.05,34661.14,17092.41,67230.34,41.52
2021-03-18 17:00:00,4941.43,35301.07,13778.85,67546.5,41.52
2021-03-18 18:00:00,5566.74,35656.57,12577.97,69841.33,41.52
2021-03-18 19:00:00,5837.46,35617.66,12782.9,70656.47,41.52
2021-03-18 20:00:00,3908.27,35160.51,13374.73,66772.02,41.52
2021-03-18 21:00:00,3289.69,33402.27,13869.53,63024.38,41.52
2021-03-18 22:00:00,3426.0,31665.94,14165.66,60391.86,41.52
2021-03-18 23:00:00,2469.35,29480.14,14630.56,56779.12,41.52
2021-03-19 00:00:00,1007.35,28328.59,14508.16,53817.05,41.52
2021-03-19 01:00:00,825.37,27297.95,14263.06,51742.87,41.52
2021-03-19 02:00:00,848.27,27077.27,14264.97,51164.09,41.52
2021-03-19 03:00:00,2580.47,26851.51,14530.22,51649.23,41.52
2021-03-19 04:00:00,3067.8,27180.63,15033.03,53609.36,41.52
2021-03-19 05:00:00,1759.32,28353.28,15844.03,56996.11,41.52
2021-03-19 06:00:00,3361.3,29647.07,16760.73,62782.58,41.52
2021-03-19 07:00:00,2547.22,30220.94,18550.96,68009.53,41.52
2021-03-19 08:00:00,37.8,30543.46,22093.45,70840.81,41.52
2021-03-19 09:00:00,-252.53,30364.99,26484.03,71402.69,41.52
2021-03-19 10:00:00,-182.73,28093.69,32295.27,72111.58,41.52
2021-03-19 11:00:00,-1004.92,25245.87,36592.47,72549.91,41.81
2021-03-19 12:00:00,-1213.97,23549.55,38316.23,71926.05,41.91
2021-03-19 13:00:00,-1258.32,22589.23,38856.63,70994.72,41.91
2021-03-19 14:00:00,-1466.57,22395.79,38582.71,69399.76,41.91
2021-03-19 15:00:00,-739.07,22779.69,35594.7,68156.13,41.91
2021-03-19 16:00:00,-2116.6,25645.5,31250.38,66942.08,41.91
2021-03-19 17:00:00,-890.24,28303.22,25254.05,67325.87,41.91
2021-03-19 18:00:00,1051.72,29537.96,20782.32,68891.04,41.91
2021-03-19 19:00:00,1964.24,29770.68,19470.95,69431.6,41.91
2021-03-19 20:00:00,1708.29,29476.99,18253.2,65338.04,41.91
2021-03-19 21:00:00,2091.32,29038.69,16793.12,61095.68,41.91
2021-03-19 22:00:00,2064.45,28794.62,15293.24,58047.92,41.91
2021-03-19 23:00:00,2600.83,28189.55,13738.25,54837.15,41.91
2021-03-20 00:00:00,1776.74,27495.36,12591.88,51687.95,41.91
2021-03-20 01:00:00,2375.73,27049.59,11942.23,49726.23,41.91
2021-03-20 02:00:00,2637.57,26385.29,11842.24,48713.5,41.91
2021-03-20 03:00:00,2832.93,25486.06,12221.89,48977.27,41.91
2021-03-20 04:00:00,3019.62,25406.11,12576.17,48735.12,41.91
2021-03-20 05:00:00,2193.9,25464.78,13072.69,49066.72,41.91
2021-03-20 06:00:00,756.73,25590.91,13844.91,49419.37,41.91
2021-03-20 07:00:00,-940.11,25706.43,16993.07,52133.07,41.91
2021-03-20 08:00:00,-3404.39,25688.42,22644.53,55733.9,41.91
2021-03-20 09:00:00,-4370.8,24540.39,28469.58,58646.96,41.91
2021-03-20 10:00:00,-5736.56,22367.36,32880.93,59750.29,41.91
2021-03-20 11:00:00,-6097.24,21842.76,36127.76,60762.41,41.91
2021-03-20 12:00:00,-5939.44,20366.15,38559.73,60690.79,41.91
2021-03-20 13:00:00,-4652.5,18344.04,39174.45,58819.92,41.91
2021-03-20 14:00:00,-4649.48,17748.6,37652.76,57331.99,41.91
2021-03-20 15:00:00,-3667.45,18184.36,34062.68,56769.89,41.91
2021-03-20 16:00:00,-1003.75,19716.79,29610.09,57076.95,41.91
2021-03-20 17:00:00,240.14,23194.46,26030.19,58547.25,41.91
2021-03-20 18:00:00,-507.53,24422.2,25113.05,61165.26,41.91
2021-03-20 19:00:00,-3253.66,24715.48,26789.37,61776.88,41.91
2021-03-20 20:00:00,-3762.96,23948.98,27917.03,58384.03,41.91
2021-03-20 21:00:00,-4002.57,22537.93,29227.08,55537.61,41.91
2021-03-20 22:00:00,-5087.39,21487.79,30810.6,54498.36,41.91
2021-03-20 23:00:00,-6997.82,20210.58,31759.87,52159.11,41.91
2021-03-21 00:00:00,-6649.64,17362.69,32177.36,49329.77,41.91
2021-03-21 01:00:00,-7480.82,16353.37,32897.41,47141.91,41.91
2021-03-21 02:00:00,-7945.83,15636.01,32793.43,46109.52,41.91
2021-03-21 03:00:00,-7640.55,15878.21,33079.21,45723.24,41.91
2021-03-21 04:00:00,-6937.48,15455.83,33671.22,45734.69,41.91
2021-03-21 05:00:00,-7416.4,15617.49,34807.66,46027.58,41.91
2021-03-21 06:00:00,-8814.31,15181.67,36506.25,46297.8,41.91
2021-03-21 07:00:00,-9767.66,15473.19,37727.43,47976.56,41.91
2021-03-21 08:00:00,-9801.18,15710.4,39905.21,51372.74,41.91
2021-03-21 09:00:00,-10576.83,15912.85,41874.81,54169.84,41.91
2021-03-21 10:00:00,-10052.59,16427.73,43802.2,56865.08,41.91
2021-03-21 11:00:00,-9902.81,16778.87,45629.28,59128.89,41.91
2021-03-21 12:00:00,-10189.16,16672.78,46691.09,58700.16,41.91
2021-03-21 13:00:00,-8990.16,15012.51,47155.62,56902.92,41.91
2021-03-21 14:00:00,-9282.88,14627.84,46412.01,55347.6,41.91
2021-03-21 15:00:00,-8693.51,14432.9,45014.78,54874.98,41.91
2021-03-21 16:00:00,-8399.13,15101.14,41767.52,54427.18,41.91
2021-03-21 17:00:00,-7768.31,18093.79,37769.96,55757.19,41.91
2021-03-21 18:00:00,-7354.73,22706.3,34258.97,58586.14,41.91
2021-03-21 19:00:00,-7323.52,23342.75,33005.3,59823.33,41.91
2021-03-21 20:00:00,-7635.73,23472.67,31673.06,56849.91,41.91
2021-03-21 21:00:00,-6195.34,22825.95,29602.16,54938.02,41.91
2021-03-21 22:00:00,-4724.75,22379.18,27796.34,54529.92,41.91
2021-03-21 23:00:00,-4772.13,21469.76,26445.67,51581.04,41.91
2021-03-22 00:00:00,-5810.49,20724.67,25119.59,49095.84,41.91
2021-03-22 01:00:00,-5721.44,20953.49,24289.73,47873.44,41.91
2021-03-22 02:00:00,-5298.78,21555.21,23115.83,47264.66,41.91
2021-03-22 03:00:00,-4247.67,22109.87,21945.95,47535.85,41.91
2021-03-22 04:00:00,-3885.84,24112.5,20701.35,49247.71,41.91
2021-03-22 05:00:00,-2887.63,27442.6,19860.2,52952.51,41.91
2021-03-22 06:00:00,-1528.17,30894.87,18835.84,60063.11,41.91
2021-03-22 07:00:00,-1674.71,32626.9,18892.83,65474.75,41.91
2021-03-22 08:00:00,-587.18,33227.16,20334.79,68443.37,41.91
2021-03-22 09:00:00,-667.28,33317.3,23231.35,69251.88,41.91
2021-03-22 10:00:00,439.34,32704.15,25427.73,70553.46,41.91
2021-03-22 11:00:00,247.2,32355.78,26627.23,71980.25,41.91
2021-03-22 12:00:00,-70.74,32622.03,27249.18,71800.77,41.91
2021-03-22 13:00:00,764.4,32145.68,26921.23,70951.15,41.91
2021-03-22 14:00:00,38.29,32090.57,25981.92,69606.17,41.91
2021-03-22 15:00:00,1072.09,32267.97,24273.59,68897.24,41.91
2021-03-22 16:00:00,2472.04,32755.36,21439.99,67439.04,41.91
2021-03-22 17:00:00,2484.72,34255.34,18198.21,67741.65,41.91
2021-03-22 18:00:00,2377.32,35102.84,16317.3,69266.48,41.91
2021-03-22 19:00:00,2795.41,35300.8,17132.18,70589.96,41.91
2021-03-22 20:00:00,-337.65,34849.88,17262.48,66488.01,41.91
2021-03-22 21:00:00,-1407.64,34228.27,16980.46,63138.56,41.91
2021-03-22 22:00:00,-1317.89,32539.31,16841.66,60630.23,41.91
2021-03-22 23:00:00,-2170.94,30366.54,17051.37,56863.38,41.91
2021-03-23 00:00:00,-2852.34,30196.87,16712.65,53720.74,41.91
2021-03-23 01:00:00,-2442.06,29838.18,16120.95,51613.68,41.91
2021-03-23 02:00:00,-2273.16,29729.35,16050.59,50745.64,41.91
2021-03-23 03:00:00,-1237.81,30029.79,15953.51,51056.88,41.91
2021-03-23 04:00:00,-369.52,30801.82,15024.7,52698.15,41.91
2021-03-23 05:00:00,-634.37,33116.83,14208.42,55598.88,41.91
2021-03-23 06:00:00,1577.92,34915.32,14431.99,62042.07,41.91
2021-03-23 07:00:00,1620.19,36749.95,15784.03,67189.82,41.91
2021-03-23 08:00:00,959.95,37046.49,17825.04,69626.1,41.91
2021-03-23 09:00:00,80.59,37147.55,19973.29,69640.52,41.91
2021-03-23 10:00:00,802.48,36711.74,22132.63,70057.64,41.91
2021-03-23 11:00:00,1720.88,36427.93,23340.4,71025.41,41.91
2021-03-23 12:00:00,1055.27,35985.79,23439.06,71305.15,41.91
2021-03-23 13:00:00,660.42,35796.48,22564.71,70269.3,41.91
2021-03-23 14:00:00,928.43,35448.34,21502.7,68345.49,41.91
2021-03-23 15:00:00,2094.3,35308.62,19772.25,67431.74,41.91
2021-03-23 16:00:00,3266.1,36043.97,17465.62,66437.19,41.91
2021-03-23 17:00:00,4153.47,37174.66,14269.18,66624.22,41.91
2021-03-23 18:00:00,5323.02,37705.71,12427.96,68363.78,41.91
2021-03-23 19:00:00,3600.69,37925.48,12830.74,70040.27,41.91
2021-03-23 20:00:00,1186.81,37636.24,13177.49,66099.84,41.91
2021-03-23 21:00:00,-4.73,36481.17,14119.39,62856.78,41.91
2021-03-23 22:00:00,410.21,34373.65,14799.72,60108.9,41.91
2021-03-23 23:00:00,-1343.71,32024.92,15524.65,56214.03,41.91
2021-03-24 00:00:00,-1514.93,29542.52,16090.45,53118.28,41.91
2021-03-24 01:00:00,-814.08,28005.85,16029.94,51142.17,41.91
2021-03-24 02:00:00,246.65,27480.29,16507.83,50448.03,41.91
2021-03-24 03:00:00,803.86,27200.18,17172.43,51217.91,41.91
2021-03-24 04:00:00,163.27,28408.88,17418.98,52958.11,41.91
2021-03-24 05:00:00,-2465.29,31993.41,17615.36,56161.87,41.91
2021-03-24 06:00:00,-1402.0,34032.96,18593.78,62339.39,41.91
2021-03-24 07:00:00,-1949.12,34860.35,21960.39,66830.24,41.91
2021-03-24 08:00:00,-4467.47,34229.49,26570.95,69019.73,41.91
2021-03-24 09:00:00,-5366.49,31860.66,31797.52,69098.26,41.91
2021-03-24 10:00:00,-4918.65,27209.84,37513.6,68996.48,41.91
2021-03-24 11:00:00,-4830.85,25119.14,42696.96,70128.04,41.91
2021-03-24 12:00:00,-5191.83,24087.69,44401.67,69461.14,41.91
2021-03-24 13:00:00,-5798.64,23654.54,44235.29,68174.34,41.91
2021-03-24 14:00:00,-5628.54,24218.37,41272.36,66860.92,41.91
2021-03-24 15:00:00,-3795.83,25831.76,34876.06,65233.35,41.91
2021-03-24 16:00:00,-1394.07,29397.77,25991.53,63418.36,41.91
2021-03-24 17:00:00,2723.53,33212.66,18076.7,64288.43,41.91
2021-03-24 18:00:00,4146.2,34339.85,14673.08,67011.78,41.91
2021-03-24 19:00:00,4025.56,34339.16,14989.99,69237.7,41.91
2021-03-24 20:00:00,1724.77,34286.13,14700.53,65231.61,41.91
2021-03-24 21:00:00,153.52,34336.03,14695.4,61733.1,41.91
2021-03-24 22:00:00,409.7,33530.64,14576.48,59173.36,41.91
2021-03-24 23:00:00,-1224.49,32419.07,14074.13,55380.78,41.91
2021-03-25 00:00:00,-3742.12,31666.89,13457.57,52161.1,41.91
2021-03-25 01:00:00,-4166.8,31575.05,12807.37,50055.9,41.91
2021-03-25 02:00:00,-3250.34,31631.03,12260.81,49302.26,41.91
2021-03-25 03:00:00,-1393.98,31902.47,11328.1,50081.69,41.91
2021-03-25 04:00:00,-663.62,32738.05,10879.91,51355.28,41.91
2021-03-25 05:00:00,-458.64,34314.17,11031.98,55053.99,41.91
2021-03-25 06:00:00,1728.42,35157.17,12173.94,60455.88,41.91
2021-03-25 07:00:00,53.04,35444.42,16834.61,64964.85,41.91
2021-03-25 08:00:00,-3149.89,35351.49,22820.8,67503.57,41.91
2021-03-25 09:00:00,-5101.58,33447.91,28629.02,68021.93,41.91
2021-03-25 10:00:00,-6842.09,30767.76,33428.5,68294.0,41.91
2021-03-25 11:00:00,-5459.28,28716.5,36682.04,68229.89,41.91
2021-03-25 12:00:00,-4730.69,27919.04,37537.14,67800.19,41.91
2021-03-25 13:00:00,-3864.37,27862.56,36015.21,66783.86,41.91
2021-03-25 14:00:00,-2364.73,28583.0,32339.79,65686.19,41.91
2021-03-25 15:00:00,-1004.31,29804.04,26456.18,64745.9,41.91
2021-03-25 16:00:00,730.11,32181.03,20412.45,63706.96,41.91
2021-03-25 17:00:00,4915.06,33516.05,15317.08,64568.3,41.91
2021-03-25 18:00:00,6701.02,34280.64,12693.09,66176.41,41.91
2021-03-25 19:00:00,5322.68,34576.27,13323.19,67864.99,41.91
2021-03-25 20:00:00,3295.03,34531.18,14161.36,64209.28,41.91
2021-03-25 21:00:00,2037.3,34098.11,14990.6,60540.76,41.91
2021-03-25 22:00:00,919.09,32576.82,15773.46,57660.08,41.91
2021-03-25 23:00:00,-479.35,29942.66,16641.82,53847.7,41.91
2021-03-26 00:00:00,-52.45,26334.12,17637.46,50620.74,41.91
2021-03-26 01:00:00,-145.07,23759.6,18859.66,48697.57,41.91
2021-03-26 02:00:00,-509.22,23176.7,19671.11,48382.64,41.91
2021-03-26 03:00:00,414.99,23074.11,20888.24,48968.94,41.91
2021-03-26 04:00:00,258.89,22941.58,21518.88,50851.71,41.91
2021-03-26 05:00:00,-590.88,24483.5,22631.14,54562.2,41.91
2021-03-26 06:00:00,-356.89,26025.78,24216.79,60246.13,41.91
2021-03-26 07:00:00,-1487.6,26606.02,27741.1,64694.16,41.91
2021-03-26 08:00:00,-4560.2,27343.99,32819.79,67077.96,41.91
2021-03-26 09:00:00,-4422.74,24474.34,39189.47,67231.86,41.91
2021-03-26 10:00:00,-4812.68,19460.63,46544.72,67334.98,41.91
2021-03-26 11:00:00,-3866.51,16742.56,50699.61,68557.86,41.12
2021-03-26 12:00:00,-2392.49,15777.74,51211.4,67275.14,40.86
2021-03-26 13:00:00,-3602.96,15914.99,49248.91,65065.0,40.86
2021-03-26 14:00:00,-2079.31,16408.05,45239.12,63256.37,40.86
2021-03-26 15:00:00,-273.81,18002.12,40335.69,62547.38,40.86
2021-03-26 16:00:00,390.12,20309.52,33306.12,61650.46,40.86
2021-03-26 17:00:00,3342.2,22805.9,26281.45,61864.6,40.86
2021-03-26 18:00:00,4055.79,23518.2,22866.2,63913.72,40.86
2021-03-26 19:00:00,5082.69,23826.83,23858.61,65714.37,40.86
2021-03-26 20:00:00,1085.86,22956.61,25618.59,62647.0,40.86
2021-03-26 21:00:00,-201.35,21326.79,27611.21,59214.56,40.86
2021-03-26 22:00:00,-1001.9,19550.51,29217.8,56084.43,40.86
2021-03-26 23:00:00,-2928.18,17784.08,30178.48,52499.38,40.86
2021-03-27 00:00:00,-4685.18,14944.06,31491.09,49291.0,40.86
2021-03-27 01:00:00,-5046.48,12804.35,32633.37,47512.1,40.86
2021-03-27 02:00:00,-5976.32,11738.41,33251.35,46692.65,40.86
2021-03-27 03:00:00,-7086.48,10891.88,34909.72,46575.72,40.86
2021-03-27 04:00:00,-7491.42,10685.01,37944.0,47913.54,40.86
2021-03-27 05:00:00,-9252.63,10251.57,39989.93,48928.18,40.86
2021-03-27 06:00:00,-11896.14,10364.34,42130.55,49749.97,40.86
2021-03-27 07:00:00,-13442.92,10356.91,45201.83,53083.1,40.86
2021-03-27 08:00:00,-14204.54,10256.9,49885.1,56421.09,40.86
2021-03-27 09:00:00,-14673.61,10230.27,55582.42,59814.42,40.86
2021-03-27 10:00:00,-14964.0,10155.61,59781.25,62223.25,40.86
2021-03-27 11:00:00,-14232.86,9879.68,61020.44,63465.43,40.86
2021-03-27 12:00:00,-11488.4,9876.47,57908.25,62229.56,40.86
2021-03-27 13:00:00,-14691.79,9812.78,57947.14,59922.7,40.86
2021-03-27 14:00:00,-14375.61,9859.48,56478.71,58309.16,40.86
2021-03-27 15:00:00,-14064.79,10156.28,53860.7,57818.41,40.86
2021-03-27 16:00:00,-11046.54,11359.0,46359.48,56366.52,40.86
2021-03-27 17:00:00,-5429.86,14120.56,38572.47,57686.14,40.86
2021-03-27 18:00:00,-3058.84,15543.22,34038.14,59229.16,40.86
2021-03-27 19:00:00,-612.61,15568.96,31558.29,59870.15,40.86
2021-03-27 20:00:00,-3617.06,15802.98,31312.8,56935.56,40.86
2021-03-27 21:00:00,-3391.49,15202.81,30899.79,54149.48,40.86
2021-03-27 22:00:00,-4162.88,14710.41,30246.41,52612.59,40.86
2021-03-27 23:00:00,-5749.09,14499.34,30698.76,49767.56,40.86
2021-03-28 00:00:00,-6220.4,13714.39,30390.52,46521.62,40.86
2021-03-28 01:00:00,-6330.02,12413.33,30383.34,44822.02,40.86
2021-03-28 03:00:00,-5874.55,12157.64,30831.4,44440.52,40.86
2021-03-28 04:00:00,-5684.86,11989.62,30980.62,44182.15,40.86
2021-03-28 05:00:00,-4767.14,11659.82,31247.57,44411.11,40.86
2021-03-28 06:00:00,-5599.8,11653.51,31628.82,43927.6,40.86
2021-03-28 07:00:00,-6785.64,11659.15,32659.1,44877.88,40.86
2021-03-28 08:00:00,-7809.7,11315.73,36616.16,48028.12,40.86
2021-03-28 09:00:00,-9336.78,11091.87,41201.72,51063.06,40.86
2021-03-28 10:00:00,-10789.34,10442.15,47592.96,53332.55,40.86
2021-03-28 11:00:00,-12378.11,9840.34,54471.95,55634.36,40.86
2021-03-28 12:00:00,-14948.66,9665.1,57410.27,55738.63,40.86
2021-03-28 13:00:00,-14097.51,9558.9,54596.66,54424.09,40.86
2021-03-28 14:00:00,-14442.77,9521.3,52672.95,52354.16,40.86
2021-03-28 15:00:00,-13673.43,9568.79,50580.38,51316.37,40.86
2021-03-28 16:00:00,-13493.3,9764.48,49919.29,51155.63,40.86
2021-03-28 17:00:00,-10020.82,10069.51,45159.76,52724.8,40.86
2021-03-28 18:00:00,-6150.92,11805.23,38214.99,54402.7,40.86
2021-03-28 19:00:00,-5886.22,14303.18,33889.63,55728.36,40.86
2021-03-28 20:00:00,-6172.28,15200.86,33348.55,55468.14,40.86
2021-03-28 21:00:00,-4107.42,14973.74,33157.24,54015.58,40.86
2021-03-28 22:00:00,-3199.09,14504.82,32951.05,53557.92,40.86
2021-03-28 23:00:00,-3273.07,13507.75,33207.46,50743.56,40.86
2021-03-29 00:00:00,-4329.44,12174.66,33178.12,48059.53,40.86
2021-03-29 01:00:00,-4468.63,11775.19,33432.74,45877.0,40.86
2021-03-29 02:00:00,-4376.2,11516.98,33996.86,45389.12,40.86
2021-03-29 03:00:00,-5348.52,11692.75,33956.87,45864.59,40.86
2021-03-29 04:00:00,-4570.48,12749.55,33914.13,47508.79,40.86
2021-03-29 05:00:00,-3434.51,14146.35,33944.88,51563.09,40.86
2021-03-29 06:00:00,-1358.72,16550.11,34864.33,58926.01,40.86
2021-03-29 07:00:00,-474.98,17515.55,35826.08,64038.1,40.86
2021-03-29 08:00:00,-3674.19,17725.5,39371.4,66970.78,40.86
2021-03-29 09:00:00,-3459.08,17232.82,44257.74,67947.75,40.86
2021-03-29 10:00:00,-4237.05,15863.58,49844.81,68349.11,40.86
2021-03-29 11:00:00,-5815.3,14732.55,55458.58,69680.95,40.86
2021-03-29 12:00:00,-6639.71,13229.26,59296.07,69703.6,40.86
2021-03-29 13:00:00,-9544.11,12501.63,60944.27,68280.85,40.86
2021-03-29 14:00:00,-10124.49,12124.95,59708.52,66207.09,40.86
2021-03-29 15:00:00,-7538.11,12152.84,55881.4,64699.81,40.86
2021-03-29 16:00:00,-4880.58,13227.14,49248.27,63562.8,40.86
2021-03-29 17:00:00,-906.44,15519.7,40242.11,62674.66,40.86
2021-03-29 18:00:00,2720.58,18664.07,31384.79,62728.8,40.86
2021-03-29 19:00:00,4857.8,20527.65,26340.94,64108.08,40.86
2021-03-29 20:00:00,3845.02,21713.33,26192.45,64111.13,40.86
2021-03-29 21:00:00,2477.39,21617.05,26955.42,60661.9,40.86
2021-03-29 22:00:00,2244.89,21183.19,26474.89,57640.77,40.86
2021-03-29 23:00:00,-1272.77,20583.36,25626.42,53456.02,40.86
2021-03-30 00:00:00,77.99,18598.46,24780.84,50215.29,40.86
2021-03-30 01:00:00,477.35,18603.35,23995.22,48011.65,40.86
2021-03-30 02:00:00,2262.24,18106.37,23712.14,47325.45,40.86
2021-03-30 03:00:00,2573.96,17739.89,23200.35,48301.34,40.86
2021-03-30 04:00:00,2831.16,18940.06,22421.86,49673.37,40.86
2021-03-30 05:00:00,3180.24,20905.15,20956.02,53103.75,40.86
2021-03-30 06:00:00,4589.99,23373.56,19987.17,59645.11,40.86
2021-03-30 07:00:00,3464.46,24423.94,20941.67,64247.72,40.86
2021-03-30 08:00:00,2952.16,24566.18,25464.81,67107.68,40.86
2021-03-30 09:00:00,819.32,23780.65,31040.54,67678.71,40.86
2021-03-30 10:00:00,-3901.92,23262.14,36881.64,67439.4,40.86
2021-03-30 11:00:00,-4965.26,21893.3,41305.88,68032.63,40.86
2021-03-30 12:00:00,-3323.92,19823.08,44420.78,67702.03,40.86
2021-03-30 13:00:00,-3665.76,18320.39,45431.93,66047.25,40.86
2021-03-30 14:00:00,-2896.66,18068.92,43662.47,64150.37,40.86
2021-03-30 15:00:00,-984.62,18564.08,39686.3,63144.12,40.86
2021-03-30 16:00:00,1692.47,19623.02,33684.5,61901.24,40.86
2021-03-30 17:00:00,4283.23,22386.51,25086.46,61689.32,40.86
2021-03-30 18:00:00,8425.5,25386.51,16910.74,62297.38,40.86
2021-03-30 19:00:00,10641.14,26509.77,12011.62,63110.22,40.86
2021-03-30 20:00:00,10155.26,26670.92,11248.0,62975.03,40.86
2021-03-30 21:00:00,7429.34,27026.67,11270.14,59551.86,40.86
2021-03-30 22:00:00,7051.83,26722.52,11233.6,56106.44,40.86
2021-03-30 23:00:00,5362.2,25418.33,10892.27,52198.11,40.86
2021-03-31 00:00:00,3676.48,25045.16,10927.47,49296.88,40.86
2021-03-31 01:00:00,4143.82,24016.1,10804.3,47040.63,40.86
2021-03-31 02:00:00,5102.69,22713.8,10484.94,45583.02,40.86
2021-03-31 03:00:00,6268.3,22855.27,10430.58,45989.04,40.86
2021-03-31 04:00:00,7017.31,23263.47,10370.87,47490.54,40.86
2021-03-31 05:00:00,7440.53,25132.37,10506.3,51361.59,40.86
2021-03-31 06:00:00,9555.02,26663.86,11077.3,57872.91,40.86
2021-03-31 07:00:00,9655.09,27364.16,12783.92,62307.72,40.86
2021-03-31 08:00:00,6673.68,27168.65,18857.76,65131.59,40.86
2021-03-31 09:00:00,1634.2,26508.16,26255.92,65972.08,40.86
2021-03-31 10:00:00,-1678.17,24892.44,32041.87,66559.18,40.86
2021-03-31 11:00:00,-3051.17,23017.62,36304.5,66971.5,40.86
2021-03-31 12:00:00,-2024.24,21451.3,38706.83,66274.05,40.86
2021-03-31 13:00:00,-1460.5,20178.93,39157.92,64825.75,40.86
2021-03-31 14:00:00,569.19,19290.87,37856.52,63017.19,40.86
2021-03-31 15:00:00,2103.92,19511.35,34427.95,61615.25,40.86
2021-03-31 16:00:00,2940.68,21333.4,28751.81,60123.64,40.86
2021-03-31 17:00:00,5506.7,24017.7,21290.0,60015.15,40.86
2021-03-31 18:00:00,10181.76,26104.27,13743.87,60351.69,40.86
2021-03-31 19:00:00,11904.56,26770.63,9560.53,61466.23,40.86
2021-03-31 20:00:00,11059.73,27185.13,9261.7,61925.96,40.86
2021-03-31 21:00:00,9793.17,27002.39,9322.52,58713.1,40.86
2021-03-31 22:00:00,7764.87,26326.26,9507.71,55156.18,40.86
2021-03-31 23:00:00,6933.16,24832.15,9521.84,50988.07,40.86
2021-04-01 00:00:00,6461.32,22853.53,9062.3,47558.61,40.86
2021-04-01 01:00:00,5555.73,21965.18,10157.33,45263.96,40.86
2021-04-01 02:00:00,4964.64,20966.24,11996.57,44494.02,40.86
2021-04-01 03:00:00,5853.76,20470.84,14273.37,44711.64,40.86
2021-04-01 04:00:00,5211.93,20943.12,16070.63,46455.64,40.86
2021-04-01 05:00:00,3605.53,21813.0,16716.69,49604.26,40.86
2021-04-01 06:00:00,5911.74,22570.91,17451.82,56051.89,40.86
2021-04-01 07:00:00,6043.78,22954.6,19709.91,60651.02,40.86
2021-04-01 08:00:00,5143.61,22978.65,25040.24,63774.12,40.86
2021-04-01 09:00:00,1765.78,22756.81,31043.15,64790.05,40.86
2021-04-01 10:00:00,-547.05,21151.23,36698.77,66029.72,40.86
2021-04-01 11:00:00,-1511.08,19009.42,41980.97,67037.22,40.86
2021-04-01 12:00:00,-2598.26,16736.78,46006.47,66505.66,40.86
2021-04-01 13:00:00,-4354.91,15580.18,48463.49,65092.56,40.86
2021-04-01 14:00:00,-3832.45,14820.27,48449.74,63738.32,40.86
2021-04-01 15:00:00,-3233.02,14927.82,45140.06,62306.49,40.86
2021-04-01 16:00:00,-1147.29,16117.42,40972.6,61322.48,40.86
2021-04-01 17:00:00,471.66,17747.12,35761.0,61274.13,40.86
2021-04-01 18:00:00,1357.14,19637.41,30121.78,61194.78,40.86
2021-04-01 19:00:00,1524.33,20965.38,26194.8,61125.92,40.86
2021-04-01 20:00:00,2336.26,21087.13,25052.38,60357.8,40.86
2021-04-01 21:00:00,773.86,20832.51,23801.54,56952.02,40.86
2021-04-01 22:00:00,96.97,20274.67,21692.97,53271.44,40.86
2021-04-01 23:00:00,841.05,18560.67,20081.37,49214.11,40.86
2021-04-02 00:00:00,1956.11,16439.65,19305.86,45691.86,40.86
2021-04-02 01:00:00,2781.93,15076.66,18643.36,43678.35,40.86
2021-04-02 02:00:00,2387.89,14393.68,18380.41,42407.04,40.86
2021-04-02 03:00:00,3979.36,13607.84,18013.49,42112.38,40.86
2021-04-02 04:00:00,3244.06,13648.83,17869.08,42360.25,40.86
2021-04-02 05:00:00,1046.26,14618.47,17732.0,41810.77,40.86
2021-04-02 06:00:00,-803.6,14912.12,18168.41,41996.64,40.86
2021-04-02 07:00:00,-1972.2,15058.79,20043.91,43337.03,40.86
2021-04-02 08:00:00,-5114.27,15208.98,24198.53,46855.63,40.86
2021-04-02 09:00:00,-6782.32,14936.7,30483.3,50526.39,40.86
2021-04-02 10:00:00,-6424.86,13580.27,36838.45,53637.35,40.86
2021-04-02 11:00:00,-5839.03,12040.73,41884.35,55499.27,40.86
2021-04-02 12:00:00,-9398.07,11348.85,46593.28,55623.78,40.86
2021-04-02 13:00:00,-12453.65,9848.21,50090.12,53782.56,40.86
2021-04-02 14:00:00,-14488.25,8944.64,52526.67,51830.42,40.86
2021-04-02 15:00:00,-13663.14,8603.2,52233.05,50981.7,40.86
2021-04-02 16:00:00,-12621.86,8666.85,49294.11,50386.38,40.86
2021-04-02 17:00:00,-8984.01,9493.57,44199.15,51013.0,40.86
2021-04-02 18:00:00,-5535.27,11296.49,38019.03,52526.39,40.86
2021-04-02 19:00:00,-3855.03,12285.77,33544.81,53255.12,40.86
2021-04-02 20:00:00,-3179.09,12628.75,32142.42,52864.39,40.86
2021-04-02 21:00:00,-2632.2,12504.83,31166.67,50661.54,40.86
2021-04-02 22:00:00,-2799.28,12460.15,29869.69,49177.06,40.86
2021-04-02 23:00:00,-3259.6,11939.78,28623.08,46212.9,40.86
2021-04-03 00:00:00,-1803.98,11230.33,27365.95,44091.84,40.86
2021-04-03 01:00:00,-1403.88,10128.31,25755.67,42087.85,40.86
2021-04-03 02:00:00,-1034.54,10121.17,24314.95,41093.24,40.86
2021-04-03 03:00:00,806.49,10060.8,23647.21,41223.24,40.86
2021-04-03 04:00:00,1732.22,10013.93,23093.37,41677.5,40.86
2021-04-03 05:00:00,1941.67,10169.67,22102.34,42753.0,40.86
2021-04-03 06:00:00,2751.16,10683.55,21513.97,44078.45,40.86
2021-04-03 07:00:00,3819.05,11121.3,21487.5,46011.63,40.86
2021-04-03 08:00:00,4180.8,11323.13,24086.14,49307.29,40.86
2021-04-03 09:00:00,3940.01,11027.02,29083.59,52053.95,40.86
2021-04-03 10:00:00,1076.17,10527.68,34584.9,54244.64,40.86
2021-04-03 11:00:00,-4264.95,9982.62,40693.18,55492.29,40.86
2021-04-03 12:00:00,-6641.54,9596.41,43530.86,55152.1,40.86
2021-04-03 13:00:00,-6503.68,9158.27,42783.48,53720.31,40.86
2021-04-03 14:00:00,-5756.77,9163.58,42494.08,52037.97,40.86
2021-04-03 15:00:00,-2947.75,9364.21,40755.78,51563.79,40.86
2021-04-03 16:00:00,-780.94,9605.22,37571.5,50906.27,40.86
2021-04-03 17:00:00,507.07,10423.78,33066.87,51653.5,40.86
2021-04-03 18:00:00,4298.12,11812.85,26780.98,52507.83,40.86
2021-04-03 19:00:00,5961.51,11915.67,21224.88,52562.3,40.86
2021-04-03 20:00:00,6297.52,12152.21,19631.26,52272.51,40.86
2021-04-03 21:00:00,6931.59,12020.53,18741.39,50052.13,40.86
2021-04-03 22:00:00,7668.36,11867.18,17068.84,48380.85,40.86
2021-04-03 23:00:00,7312.63,11726.58,15228.53,45219.61,40.86
2021-04-04 00:00:00,7612.34,11156.23,13677.85,42436.58,40.86
2021-04-04 01:00:00,7248.25,10958.54,12730.37,40239.99,40.86
2021-04-04 02:00:00,7161.41,10980.85,12546.13,39320.9,40.86
2021-04-04 03:00:00,7968.16,10955.78,12664.76,39344.51,40.86
2021-04-04 04:00:00,5662.79,11307.4,13064.45,39408.24,40.86
2021-04-04 05:00:00,6063.03,11161.91,13826.86,39779.33,40.86
2021-04-04 06:00:00,6325.95,11169.8,14526.53,39922.78,40.86
2021-04-04 07:00:00,4128.62,11126.94,16535.57,41308.73,40.86
2021-04-04 08:00:00,673.12,10956.14,22112.92,44925.98,40.86
2021-04-04 09:00:00,-1549.64,10034.84,29096.79,48299.77,40.86
2021-04-04 10:00:00,-5168.62,9726.43,35577.23,50558.9,40.86
2021-04-04 11:00:00,-5934.57,9381.32,39522.57,52311.7,40.86
2021-04-04 12:00:00,-6963.25,9260.75,41752.18,51302.87,40.86
2021-04-04 13:00:00,-7931.12,8803.78,43853.04,49486.02,40.86
2021-04-04 14:00:00,-10233.14,8823.85,45082.56,47730.99,40.86
2021-04-04 15:00:00,-11236.01,8754.89,45178.17,46847.54,40.86
2021-04-04 16:00:00,-9294.53,8691.56,42368.12,46140.21,40.86
2021-04-04 17:00:00,-5764.2,8970.21,38460.0,47152.12,40.86
2021-04-04 18:00:00,-3440.68,10078.39,33013.87,48694.61,40.86
2021-04-04 19:00:00,-2867.83,10744.91,28261.66,49132.86,40.86
2021-04-04 20:00:00,-3078.59,11419.53,28330.26,50494.2,40.86
2021-04-04 21:00:00,-3333.47,11239.58,29372.34,49338.87,40.86
2021-04-04 22:00:00,-4550.86,11484.05,30413.6,48109.27,40.86
2021-04-04 23:00:00,-6118.46,11063.3,32553.01,45683.76,40.86
2021-04-05 00:00:00,-8535.24,9976.12,34575.25,43945.81,40.86
2021-04-05 01:00:00,-10273.04,9739.93,35642.35,42352.04,40.86
2021-04-05 02:00:00,-11320.08,9455.62,36124.69,41992.74,40.86
2021-04-05 03:00:00,-12727.34,9291.13,38362.6,42215.32,40.86
2021-04-05 04:00:00,-12558.74,9161.76,39326.53,42470.72,40.86
2021-04-05 05:00:00,-12648.29,9260.05,40313.36,43221.25,40.86
2021-04-05 06:00:00,-13179.98,9299.58,40714.84,43803.07,40.86
2021-04-05 07:00:00,-11848.26,9286.73,40134.7,45038.67,40.86
2021-04-05 08:00:00,-11772.4,9004.73,43642.61,47918.08,40.86
2021-04-05 09:00:00,-12988.9,8952.83,48145.13,51529.41,40.86
2021-04-05 10:00:00,-13135.46,9052.4,50619.61,54072.12,40.86
2021-04-05 11:00:00,-13651.12,9055.84,53875.11,56476.1,40.86
2021-04-05 12:00:00,-13397.88,9009.2,54769.81,56527.65,40.86
2021-04-05 13:00:00,-13648.66,9043.11,53375.16,54800.71,40.86
2021-04-05 14:00:00,-13783.16,8944.4,52602.44,53784.68,40.86
2021-04-05 15:00:00,-14050.62,8960.94,52120.33,53187.96,40.86
2021-04-05 16:00:00,-12592.96,9132.01,50600.4,52785.66,40.86
2021-04-05 17:00:00,-12253.03,9309.68,48684.37,54321.38,40.86
2021-04-05 18:00:00,-12318.98,9718.02,47882.23,56224.98,40.86
2021-04-05 19:00:00,-9893.28,10228.23,42998.22,55881.84,40.86
2021-04-05 20:00:00,-7700.02,10304.21,39744.17,55510.95,40.86
2021-04-05 21:00:00,-7307.82,10436.46,37925.7,54606.71,40.86
2021-04-05 22:00:00,-5551.96,10468.75,37810.43,54070.28,40.86
2021-04-05 23:00:00,-6898.84,10000.58,37325.42,52030.72,40.86
2021-04-06 00:00:00,-7487.42,10111.24,36840.19,49299.03,40.86
2021-04-06 01:00:00,-8014.5,10166.95,36522.22,47920.22,40.86
2021-04-06 02:00:00,-6920.04,9852.33,36992.17,47344.61,40.86
2021-04-06 03:00:00,-6893.08,10048.61,36655.76,47588.0,40.86
2021-04-06 04:00:00,-7264.52,11211.89,35792.15,48738.61,40.86
2021-04-06 05:00:00,-4677.82,13285.08,34909.69,52791.06,40.86
2021-04-06 06:00:00,-3069.93,15032.65,34658.42,59077.26,40.86
2021-04-06 07:00:00,-2008.87,15593.43,35006.1,63821.44,40.86
2021-04-06 08:00:00,-2997.57,16555.61,37171.36,67855.23,40.86
2021-04-06 09:00:00,-4316.65,18437.55,40369.47,69896.77,40.86
2021-04-06 10:00:00,-1708.72,18084.22,44853.04,72285.19,40.86
2021-04-06 11:00:00,-4739.31,17810.37,49445.83,73833.72,40.86
2021-04-06 12:00:00,-5471.14,17157.43,52949.63,73806.26,40.86
2021-04-06 13:00:00,-6250.33,16046.74,54371.91,71955.73,40.86
2021-04-06 14:00:00,-5714.06,15334.43,55162.22,70844.26,40.86
2021-04-06 15:00:00,-3863.52,14804.0,53431.34,70205.02,40.86
2021-04-06 16:00:00,-4347.28,15419.08,50498.77,67852.0,40.86
2021-04-06 17:00:00,-4746.1,17905.27,45448.93,67690.86,40.86
2021-04-06 18:00:00,-2281.4,19121.2,39115.64,67776.54,40.86
2021-04-06 19:00:00,-985.84,19784.01,34834.3,66968.01,40.86
2021-04-06 20:00:00,-156.69,19836.86,33070.55,66070.67,40.86
2021-04-06 21:00:00,-449.3,19703.85,32775.6,62997.47,40.86
2021-04-06 22:00:00,-2297.25,19462.5,32505.37,60352.34,40.86
2021-04-06 23:00:00,-2568.82,18461.72,32433.17,56998.32,40.86
2021-04-07 00:00:00,-991.89,16502.02,31761.71,54609.86,40.86
2021-04-07 01:00:00,-1942.55,16115.09,31417.47,52483.38,40.86
2021-04-07 02:00:00,-1729.04,16850.6,30963.18,51298.4,40.86
2021-04-07 03:00:00,-234.62,17260.45,30535.47,51665.6,40.86
2021-04-07 04:00:00,-742.62,18516.58,29487.58,53397.24,40.86
2021-04-07 05:00:00,-303.67,20516.83,29482.49,56640.13,40.86
2021-04-07 06:00:00,-175.46,22417.98,30090.35,62543.92,40.86
2021-04-07 07:00:00,-1309.98,23310.06,30944.58,67191.75,40.86
2021-04-07 08:00:00,-3322.47,23759.26,34553.34,70658.87,40.86
2021-04-07 09:00:00,-6158.63,23527.53,39376.05,72756.86,40.86
2021-04-07 10:00:00,-5920.14,23182.13,44988.72,74619.77,40.86
2021-04-07 11:00:00,-6870.79,22412.91,49351.12,76851.67,40.86
2021-04-07 12:00:00,-6092.74,20607.47,52083.28,76515.69,40.86
2021-04-07 13:00:00,-5762.21,18661.93,53703.64,75168.07,40.86
2021-04-07 14:00:00,-5563.64,18146.93,53831.03,73621.77,40.86
2021-04-07 15:00:00,-5077.98,17796.39,52218.75,72061.54,40.86
2021-04-07 16:00:00,-5630.11,18225.11,49952.58,70196.55,40.86
2021-04-07 17:00:00,-6344.67,19263.8,47162.76,69440.86,40.86
2021-04-07 18:00:00,-5419.26,20905.69,44611.11,69420.04,40.86
2021-04-07 19:00:00,-5145.55,21260.83,41716.05,68956.15,40.86
2021-04-07 20:00:00,-4695.3,20802.13,41286.94,67687.61,40.86
2021-04-07 21:00:00,-4208.14,20010.83,40306.93,64858.55,40.86
2021-04-07 22:00:00,-5003.66,19378.24,39043.31,62164.88,40.86
2021-04-07 23:00:00,-3476.36,17800.0,38805.05,58843.76,40.86
2021-04-08 00:00:00,-3719.06,16492.58,37812.59,55927.0,40.86
2021-04-08 01:00:00,-4779.57,17204.91,36933.68,53852.96,40.86
2021-04-08 02:00:00,-4199.13,16944.22,36525.92,52769.65,40.86
2021-04-08 03:00:00,-4535.8,17379.54,35107.63,52543.35,40.86
2021-04-08 04:00:00,-4855.86,19292.24,34443.03,53841.34,40.86
2021-04-08 05:00:00,-4235.66,21362.19,32730.19,56943.25,40.86
2021-04-08 06:00:00,-4572.41,24214.25,32015.07,62377.52,40.86
2021-04-08 07:00:00,-4143.12,25260.82,31030.05,66434.79,40.86
2021-04-08 08:00:00,-4018.55,25642.83,32699.54,69445.41,40.86
2021-04-08 09:00:00,-4807.53,25473.59,36607.98,70482.76,40.86
2021-04-08 10:00:00,-5481.42,24266.23,41990.7,71347.02,40.86
2021-04-08 11:00:00,-5446.11,24238.89,44695.75,72973.48,40.86
2021-04-08 12:00:00,-6428.06,24461.38,44891.88,72157.33,40.86
2021-04-08 13:00:00,-5990.91,23610.65,45258.83,70150.84,40.86
2021-04-08 14:00:00,-6143.26,22845.01,45926.48,68588.76,40.86
2021-04-08 15:00:00,-5603.13,22396.69,45101.71,67298.24,40.86
2021-04-08 16:00:00,-5513.67,22009.69,42596.84,65670.98,40.86
2021-04-08 17:00:00,-2702.25,22287.52,38117.46,65728.96,40.86
2021-04-08 18:00:00,359.21,23682.65,30955.2,65570.04,40.86
2021-04-08 19:00:00,950.43,24900.49,25996.39,65274.62,40.86
2021-04-08 20:00:00,740.46,25113.74,25688.49,65005.08,40.86
2021-04-08 21:00:00,-795.66,24706.99,27992.65,62806.41,40.86
2021-04-08 22:00:00,-2111.6,23647.16,29714.61,60599.72,40.86
2021-04-08 23:00:00,-3533.84,21593.16,30884.44,57422.6,40.86
2021-04-09 00:00:00,-3241.55,19331.69,32104.01,54667.08,40.86
2021-04-09 01:00:00,-2385.44,18513.37,33108.62,53054.19,40.86
2021-04-09 02:00:00,-3249.31,18502.82,33848.42,52197.59,40.86
2021-04-09 03:00:00,-3236.91,18274.57,34614.05,52767.9,40.86
2021-04-09 04:00:00,-3409.33,18284.97,35172.36,54555.15,40.86
2021-04-09 05:00:00,-3869.08,19423.15,35430.17,57389.3,40.86
2021-04-09 06:00:00,-4656.5,21006.46,36394.47,62726.38,40.86
2021-04-09 07:00:00,-4553.38,22267.33,37961.64,66742.67,40.86
2021-04-09 08:00:00,-5685.05,22377.49,40737.67,69468.62,40.86
2021-04-09 09:00:00,-4874.6,20707.32,44110.5,69983.89,40.86
2021-04-09 10:00:00,-5654.19,18557.38,48839.02,70363.56,40.86
2021-04-09 11:00:00,-5564.41,17225.26,53709.33,71908.22,42.6
2021-04-09 12:00:00,-5473.65,16064.77,55886.5,71132.82,43.18
2021-04-09 13:00:00,-7236.04,16184.61,55454.51,69333.46,43.18
2021-04-09 14:00:00,-9038.47,16754.93,51862.87,67020.66,43.18
2021-04-09 15:00:00,-7166.33,18191.31,46350.06,64970.68,43.18
2021-04-09 16:00:00,-5394.33,21065.18,39872.5,63939.2,43.18
2021-04-09 17:00:00,-2550.52,23796.02,31461.26,63376.01,43.18
2021-04-09 18:00:00,1049.29,26010.43,23112.52,63002.95,43.18
2021-04-09 19:00:00,4875.38,26774.09,17250.69,62712.68,43.18
2021-04-09 20:00:00,3839.14,26738.97,15275.4,61951.21,43.18
2021-04-09 21:00:00,2476.35,26536.59,14439.29,58890.06,43.18
2021-04-09 22:00:00,2794.68,26255.61,13584.91,55874.93,43.18
2021-04-09 23:00:00,1435.6,25869.82,13089.4,52369.25,43.18
2021-04-10 00:00:00,-498.96,24956.82,12922.12,48662.52,43.18
2021-04-10 01:00:00,458.45,23442.26,13099.61,46314.57,43.18
2021-04-10 02:00:00,-643.42,22941.3,13365.91,45313.88,43.18
2021-04-10 03:00:00,-366.53,22828.0,13888.45,45040.62,43.18
2021-04-10 04:00:00,142.53,22988.11,13764.96,45023.41,43.18
2021-04-10 05:00:00,-779.49,23404.92,13498.41,45517.31,43.18
2021-04-10 06:00:00,18.9,23469.12,13293.83,46493.16,43.18
2021-04-10 07:00:00,1014.35,23221.3,14166.09,48612.21,43.18
2021-04-10 08:00:00,1844.49,23315.01,16426.0,52108.63,43.18
2021-04-10 09:00:00,2338.54,23187.72,19272.57,55091.47,43.18
2021-04-10 10:00:00,1362.45,22975.27,21451.37,57420.72,43.18
2021-04-10 11:00:00,643.86,22858.68,23601.94,58705.21,43.18
2021-04-10 12:00:00,-36.24,23137.18,25318.39,58371.66,43.18
2021-04-10 13:00:00,-1166.34,23161.45,26031.49,56251.93,43.18
2021-04-10 14:00:00,-1156.92,22669.66,25904.09,54477.34,43.18
2021-04-10 15:00:00,-1426.37,22615.58,24972.75,53807.18,43.18
2021-04-10 16:00:00,-1079.16,23050.44,22791.6,53151.8,43.18
2021-04-10 17:00:00,697.69,23662.82,19675.49,53751.98,43.18
2021-04-10 18:00:00,2010.7,24623.82,16949.52,54830.87,43.18
2021-04-10 19:00:00,337.32,24787.93,16266.13,54772.04,43.18
2021-04-10 20:00:00,-2296.71,24665.65,18880.87,54430.39,43.18
2021-04-10 21:00:00,-3136.22,24091.11,21700.24,52588.3,43.18
2021-04-10 22:00:00,-5385.36,23204.82,23408.75,51208.48,43.18
2021-04-10 23:00:00,-6458.18,20557.17,24839.11,48977.4,43.18
2021-04-11 00:00:00,-7831.78,18130.45,25971.59,46056.05,43.18
2021-04-11 01:00:00,-8088.53,17343.03,26834.08,43895.2,43.18
2021-04-11 02:00:00,-6289.94,17215.25,27268.41,42803.66,43.18
2021-04-11 03:00:00,-5787.71,16791.1,27326.29,43315.51,43.18
2021-04-11 04:00:00,-6037.2,16890.19,27221.65,43494.64,43.18
2021-04-11 05:00:00,-5810.25,16687.2,26335.17,43916.47,43.18
2021-04-11 06:00:00,-6064.0,17052.06,25917.96,43758.41,43.18
2021-04-11 07:00:00,-5099.93,17164.86,26977.29,44887.84,43.18
2021-04-11 08:00:00,-5271.51,17087.47,29830.18,48276.03,43.18
2021-04-11 09:00:00,-6205.14,16959.63,34752.37,52074.9,43.18
2021-04-11 10:00:00,-6730.75,15511.67,38532.74,54168.04,43.18
2021-04-11 11:00:00,-8057.21,15229.6,41267.72,56276.31,43.18
2021-04-11 12:00:00,-8168.4,14796.68,42017.23,56015.93,43.18
2021-04-11 13:00:00,-7854.0,14353.16,41344.92,53519.74,43.18
2021-04-11 14:00:00,-6495.7,14149.81,39593.99,51586.2,43.18
2021-04-11 15:00:00,-4032.76,14263.87,36994.43,50736.09,43.18
2021-04-11 16:00:00,-2523.27,14112.33,33368.57,50774.16,43.18
2021-04-11 17:00:00,-2070.79,16301.75,30838.97,52082.02,43.18
2021-04-11 18:00:00,-1630.11,19150.52,29009.6,53843.91,43.18
2021-04-11 19:00:00,-2578.35,20158.22,26838.4,54680.97,43.18
2021-04-11 20:00:00,-3745.3,20647.89,26271.42,54553.55,43.18
2021-04-11 21:00:00,-4124.82,20745.8,26226.02,53677.51,43.18
2021-04-11 22:00:00,-3547.64,20076.47,25715.76,53449.0,43.18
2021-04-11 23:00:00,-4255.5,20188.03,24391.78,50252.88,43.18
2021-04-12 00:00:00,-2811.79,20776.45,22910.9,47198.79,43.18
2021-04-12 01:00:00,-3077.05,21294.46,21779.51,45829.84,43.18
2021-04-12 02:00:00,-3151.45,22059.87,21053.03,45740.52,43.18
2021-04-12 03:00:00,-3348.09,22979.4,20824.42,46157.32,43.18
2021-04-12 04:00:00,-3216.84,24712.71,20178.03,47981.08,43.18
2021-04-12 05:00:00,-3631.09,27205.62,20050.26,52362.68,43.18
2021-04-12 06:00:00,-2507.66,31236.52,20162.93,59195.85,43.18
2021-04-12 07:00:00,-1768.98,33392.71,19829.83,64708.2,43.18
2021-04-12 08:00:00,-1545.72,34836.47,20822.92,67835.71,43.18
2021-04-12 09:00:00,-12.4,34299.44,23564.22,69141.59,43.18
2021-04-12 10:00:00,-3.98,32837.53,26480.29,70322.42,43.18
2021-04-12 11:00:00,-2192.25,33573.2,29005.36,70924.4,43.18
2021-04-12 12:00:00,-2692.55,32947.93,31333.57,71124.71,43.18
2021-04-12 13:00:00,-3628.6,32072.73,33377.24,69945.04,43.18
2021-04-12 14:00:00,-2879.64,30521.56,34887.43,68826.12,43.18
2021-04-12 15:00:00,-3108.43,30110.66,34072.57,67753.74,43.18
2021-04-12 16:00:00,-3670.25,30334.27,32754.02,66048.54,43.18
2021-04-12 17:00:00,-3330.59,31663.57,29399.75,66480.46,43.18
2021-04-12 18:00:00,-1620.02,33559.79,24969.49,66006.37,43.18
2021-04-12 19:00:00,-975.57,34852.8,20064.1,65603.4,43.18
2021-04-12 20:00:00,-1729.45,34838.36,19151.05,64900.18,43.18
2021-04-12 21:00:00,-3142.65,33391.24,19370.38,62613.69,43.18
2021-04-12 22:00:00,-3645.29,31884.57,21010.39,60238.27,43.18
2021-04-12 23:00:00,-3327.78,28675.54,22187.64,56506.25,43.18
2021-04-13 00:00:00,-3589.18,27413.84,23412.99,53990.05,43.18
2021-04-13 01:00:00,-3541.05,25744.81,24027.55,52446.5,43.18
2021-04-13 02:00:00,-3638.73,24954.62,23820.22,51728.01,43.18
2021-04-13 03:00:00,-3397.13,25727.39,24216.98,52167.76,43.18
2021-04-13 04:00:00,-3527.47,26818.6,23855.78,53556.07,43.18
2021-04-13 05:00:00,-4603.03,28628.02,23977.58,57026.76,43.18
2021-04-13 06:00:00,-4048.81,31224.55,24426.46,63005.72,43.18
2021-04-13 07:00:00,-2622.94,32262.68,24887.25,67767.72,43.18
2021-04-13 08:00:00,-3655.78,32767.59,28777.4,69908.04,43.18
2021-04-13 09:00:00,-4141.8,30130.95,34990.7,70218.45,43.18
2021-04-13 10:00:00,-5365.24,27270.43,39329.27,71335.57,43.18
2021-04-13 11:00:00,-5385.93,28072.22,41071.79,72099.02,43.18
2021-04-13 12:00:00,-4842.77,27201.39,42395.21,71704.56,43.18
2021-04-13 13:00:00,-5127.44,26163.48,42953.62,69977.81,43.18
2021-04-13 14:00:00,-5852.64,25302.38,42893.13,68513.11,43.18
2021-04-13 15:00:00,-5794.74,25228.95,41779.68,66869.05,43.18
2021-04-13 16:00:00,-5793.53,25765.39,38614.67,66081.7,43.18
2021-04-13 17:00:00,-6096.55,29192.8,33336.77,65652.93,43.18
2021-04-13 18:00:00,-2409.26,31838.23,27243.92,66302.44,43.18
2021-04-13 19:00:00,-1045.1,33375.52,22339.83,66506.37,43.18
2021-04-13 20:00:00,-2157.21,33744.87,19714.26,65400.91,43.18
2021-04-13 21:00:00,-1689.53,33124.49,19021.48,62717.42,43.18
2021-04-13 22:00:00,-2562.41,32119.51,18637.21,59655.12,43.18
2021-04-13 23:00:00,-3905.82,30215.3,18190.82,56010.3,43.18
2021-04-14 00:00:00,-2059.69,29441.78,17853.65,53361.16,43.18
2021-04-14 01:00:00,-1916.26,28628.35,17713.58,51765.81,43.18
2021-04-14 02:00:00,-2879.8,28903.48,17324.48,50955.13,43.18
2021-04-14 03:00:00,-2609.62,29008.48,16988.89,51507.16,43.18
2021-04-14 04:00:00,-2337.78,29673.54,16671.62,52965.21,43.18
2021-04-14 05:00:00,-1434.61,30663.04,16202.29,56505.26,43.18
2021-04-14 06:00:00,-595.05,32791.52,16061.44,62458.56,43.18
2021-04-14 07:00:00,-909.91,34289.59,17424.17,66415.19,43.18
2021-04-14 08:00:00,-2972.83,34402.42,22134.8,68735.4,43.18
2021-04-14 09:00:00,-6776.93,34023.85,28460.84,69015.86,43.18
2021-04-14 10:00:00,-7657.88,32473.42,32168.29,69458.46,43.18
2021-04-14 11:00:00,-6866.69,31538.5,32130.74,70891.7,43.18
2021-04-14 12:00:00,-6120.2,31972.54,32245.1,70152.26,43.18
2021-04-14 13:00:00,-5510.96,31204.1,33458.07,69083.73,43.18
2021-04-14 14:00:00,-3771.54,30093.42,33244.26,67548.84,43.18
2021-04-14 15:00:00,-4944.3,29795.91,32090.28,66419.82,43.18
2021-04-14 16:00:00,-4158.32,30885.04,28959.55,65078.1,43.18
2021-04-14 17:00:00,-3247.73,32278.39,24832.41,65106.0,43.18
2021-04-14 18:00:00,1272.28,33852.87,19473.34,65125.2,43.18
2021-04-14 19:00:00,3147.1,34282.18,14864.99,65527.04,43.18
2021-04-14 20:00:00,3989.09,34450.52,13123.7,64871.84,43.18
2021-04-14 21:00:00,1718.98,34395.19,12850.67,62723.03,43.18
2021-04-14 22:00:00,2317.33,33745.02,12864.3,60097.96,43.18
2021-04-14 23:00:00,238.86,32777.74,12683.26,56181.4,43.18
2021-04-15 00:00:00,-1200.68,32253.88,12345.67,53051.8,43.18
2021-04-15 01:00:00,-1454.23,31278.98,12298.57,50972.67,43.18
2021-04-15 02:00:00,-1196.28,31155.03,12060.68,50654.21,43.18
2021-04-15 03:00:00,-531.46,31506.65,11873.98,51297.64,43.18
2021-04-15 04:00:00,-547.09,32345.87,11775.07,52662.9,43.18
2021-04-15 05:00:00,275.22,33273.43,12025.5,55796.88,43.18
2021-04-15 06:00:00,2743.27,34823.19,12556.87,61693.33,43.18
2021-04-15 07:00:00,976.94,35875.79,15239.18,65983.36,43.18
2021-04-15 08:00:00,-582.64,35715.7,20079.96,68290.83,43.18
2021-04-15 09:00:00,-4509.81,34772.87,26458.56,69081.71,43.18
2021-04-15 10:00:00,-7077.6,33013.57,32910.7,70318.25,43.18
2021-04-15 11:00:00,-6582.38,31456.83,34575.56,71901.52,43.18
2021-04-15 12:00:00,-7954.57,31780.53,35316.19,70899.36,43.18
2021-04-15 13:00:00,-5320.44,30007.94,36281.55,69378.33,43.18
2021-04-15 14:00:00,-4064.16,27532.87,36513.45,68325.55,43.18
2021-04-15 15:00:00,-3191.09,27063.34,34965.95,67352.33,43.18
2021-04-15 16:00:00,-3586.92,28952.39,32149.11,65379.18,43.18
2021-04-15 17:00:00,-4690.47,31567.11,28253.41,65959.1,43.18
2021-04-15 18:00:00,-2835.29,33328.02,23212.49,66147.94,43.18
2021-04-15 19:00:00,-663.32,33993.38,19084.06,66557.07,43.18
2021-04-15 20:00:00,-1738.44,34482.47,17492.82,65705.99,43.18
2021-04-15 21:00:00,-3682.6,34266.03,18080.98,63124.34,43.18
2021-04-15 22:00:00,-3746.94,32928.08,18780.16,60224.83,43.18
2021-04-15 23:00:00,-3979.69,30793.43,18990.65,56612.12,43.18
2021-04-16 00:00:00,-5430.66,29122.64,18062.88,53473.08,43.18
2021-04-16 01:00:00,-6343.33,28304.64,17507.5,51584.09,43.18
2021-04-16 02:00:00,-6385.22,28253.07,17245.65,51223.77,43.18
2021-04-16 03:00:00,-6255.76,28395.34,16959.88,51292.51,43.18
2021-04-16 04:00:00,-5647.84,28803.62,16655.63,52743.58,43.18
2021-04-16 05:00:00,-4549.54,30214.37,16552.08,56236.0,43.18
2021-04-16 06:00:00,-3042.39,32691.91,16669.0,61975.94,43.18
2021-04-16 07:00:00,-2703.86,33674.38,18437.46,66320.85,43.18
2021-04-16 08:00:00,-3744.2,33463.44,22226.18,69011.02,43.18
2021-04-16 09:00:00,-4896.56,33011.96,27345.11,70094.54,43.18
2021-04-16 10:00:00,-5300.18,31730.38,31995.47,71365.84,43.18
2021-04-16 11:00:00,-5836.67,30220.38,34537.32,72062.75,44.17
2021-04-16 12:00:00,-5173.68,29064.59,35223.16,71125.0,44.5
2021-04-16 13:00:00,-4332.58,28463.1,34574.01,69350.84,44.5
2021-04-16 14:00:00,-3360.94,27845.25,33326.03,66665.69,44.5
2021-04-16 15:00:00,-2603.29,27542.29,31096.6,64893.92,44.5
2021-04-16 16:00:00,-2450.58,28159.22,28251.74,63879.68,44.5
2021-04-16 17:00:00,-2678.01,30399.47,24419.02,64021.25,44.5
2021-04-16 18:00:00,-1068.49,31784.55,20634.16,64349.9,44.5
2021-04-16 19:00:00,-259.47,32342.92,17303.99,63694.52,44.5
2021-04-16 20:00:00,-1482.34,32413.13,16279.73,62551.15,44.5
2021-04-16 21:00:00,-2592.12,32511.11,16461.0,59899.59,44.5
2021-04-16 22:00:00,-3535.08,32111.09,16091.68,57447.66,44.5
2021-04-16 23:00:00,-3947.31,30358.53,16237.96,54313.46,44.5
2021-04-17 00:00:00,-5366.47,28865.47,15949.49,51033.26,44.5
2021-04-17 01:00:00,-5206.36,27215.94,15346.19,48964.51,44.5
2021-04-17 02:00:00,-5657.76,26669.82,14757.18,47756.35,44.5
2021-04-17 03:00:00,-5226.44,26769.73,14589.35,47162.35,44.5
2021-04-17 04:00:00,-5281.14,27111.54,14837.43,47541.38,44.5
2021-04-17 05:00:00,-5410.03,27454.64,15068.51,47845.01,44.5
2021-04-17 06:00:00,-5869.75,27984.39,15210.46,48383.27,44.5
2021-04-17 07:00:00,-6538.16,28163.95,16768.11,50773.81,44.5
2021-04-17 08:00:00,-6110.72,27953.76,19249.97,53774.93,44.5
2021-04-17 09:00:00,-5564.22,27460.15,23121.35,56278.08,44.5
2021-04-17 10:00:00,-5663.51,25939.43,27535.3,57758.2,44.5
2021-04-17 11:00:00,-5561.49,23937.47,30589.69,59006.16,44.5
2021-04-17 12:00:00,-5549.95,22472.5,31386.17,58942.74,44.5
2021-04-17 13:00:00,-3222.31,20181.67,31603.43,57128.31,44.5
2021-04-17 14:00:00,-2552.51,19775.42,30843.49,55139.77,44.5
2021-04-17 15:00:00,-2212.08,20057.13,28168.57,53993.63,44.5
2021-04-17 16:00:00,-2602.34,22314.13,25031.62,53250.25,44.5
2021-04-17 17:00:00,-2534.91,24975.28,21222.31,54381.82,44.5
2021-04-17 18:00:00,-923.46,26856.55,17233.26,55570.75,44.5
2021-04-17 19:00:00,-1520.94,27877.54,14543.64,55716.8,44.5
2021-04-17 20:00:00,-2873.63,28759.22,13509.36,54471.6,44.5
2021-04-17 21:00:00,-3786.43,28518.73,13389.53,52418.12,44.5
2021-04-17 22:00:00,-3390.4,28387.09,13084.91,50604.43,44.5
2021-04-17 23:00:00,-3251.55,27937.9,12880.63,47593.76,44.5
2021-04-18 00:00:00,-3939.57,26956.96,12310.25,44728.82,44.5
2021-04-18 01:00:00,-6217.39,26593.65,11431.51,42742.93,44.5
2021-04-18 02:00:00,-5692.52,25996.18,10930.5,41682.34,44.5
2021-04-18 03:00:00,-5101.64,26009.77,10265.53,41660.82,44.5
2021-04-18 04:00:00,-5075.14,26448.2,9926.49,41861.32,44.5
2021-04-18 05:00:00,-4433.73,26171.95,9812.76,41931.05,44.5
2021-04-18 06:00:00,-5412.81,26261.52,9940.28,41218.57,44.5
2021-04-18 07:00:00,-5545.36,26416.48,11199.16,42890.06,44.5
2021-04-18 08:00:00,-4920.97,26800.89,13424.65,46036.86,44.5
2021-04-18 09:00:00,-4614.22,26980.26,16252.49,49309.4,44.5
2021-04-18 10:00:00,-4686.8,26748.95,19191.79,51734.48,44.5
2021-04-18 11:00:00,-3748.74,26346.38,21651.14,54219.27,44.5
2021-04-18 12:00:00,-4226.19,25771.69,23684.62,53894.71,44.5
2021-04-18 13:00:00,-3988.07,23637.32,24244.93,52046.63,44.5
2021-04-18 14:00:00,-3400.96,22076.32,23602.27,50723.24,44.5
2021-04-18 15:00:00,-3700.68,22866.42,22149.41,49520.23,44.5
2021-04-18 16:00:00,-3297.08,24271.82,19655.01,49390.63,44.5
2021-04-18 17:00:00,-2935.68,26965.95,16584.1,50897.31,44.5
2021-04-18 18:00:00,-2106.84,29249.98,13623.19,52838.22,44.5
2021-04-18 19:00:00,-1828.15,30222.05,11844.3,53030.26,44.5
2021-04-18 20:00:00,-3565.57,30536.97,11182.84,52547.02,44.5
2021-04-18 21:00:00,-4206.54,29918.76,11304.72,51469.44,44.5
2021-04-18 22:00:00,-3460.84,29546.13,11489.97,50923.7,44.5
2021-04-18 23:00:00,-4889.96,29553.24,11682.25,48185.37,44.5
2021-04-19 00:00:00,-3876.52,28785.16,11122.35,45675.46,44.5
2021-04-19 01:00:00,-4391.8,28564.38,10564.09,44289.05,44.5
2021-04-19 02:00:00,-3996.87,28424.2,9922.91,43532.36,44.5
2021-04-19 03:00:00,-3131.84,28634.96,9801.91,44479.93,44.5
2021-04-19 04:00:00,-2350.42,28862.37,9694.54,46621.07,44.5
2021-04-19 05:00:00,-1871.07,30438.04,9613.02,50810.6,44.5
2021-04-19 06:00:00,1612.23,32404.96,9882.29,58012.69,44.5
2021-04-19 07:00:00,2206.14,33442.86,11435.8,63651.38,44.5
2021-04-19 08:00:00,2046.0,33736.45,13949.82,66373.22,44.5
2021-04-19 09:00:00,699.9,34135.12,17205.42,67368.61,44.5
2021-04-19 10:00:00,-1219.99,33218.97,20582.88,68933.42,44.5
2021-04-19 11:00:00,-182.37,32044.79,23156.72,70286.72,44.5
2021-04-19 12:00:00,-519.48,31390.58,25093.42,69687.69,44.5
2021-04-19 13:00:00,-1601.89,31145.18,26717.89,68577.58,44.5
2021-04-19 14:00:00,-2918.49,30396.75,27182.19,67168.97,44.5
2021-04-19 15:00:00,-2815.88,30367.8,26012.3,66134.8,44.5
2021-04-19 16:00:00,-1916.89,30894.3,23145.96,64311.86,44.5
2021-04-19 17:00:00,-445.87,31745.9,19822.84,64205.28,44.5
2021-04-19 18:00:00,2258.28,32585.26,15659.56,64454.18,44.5
2021-04-19 19:00:00,3362.72,33343.39,12559.93,64753.18,44.5
2021-04-19 20:00:00,2324.65,33294.11,11884.34,63826.63,44.5
2021-04-19 21:00:00,35.22,33172.31,12515.27,61763.96,44.5
2021-04-19 22:00:00,-1846.8,32078.88,12628.69,58534.48,44.5
2021-04-19 23:00:00,-2869.31,30679.6,12697.51,54426.26,44.5
2021-04-20 00:00:00,-1129.08,31255.2,12198.37,51593.39,44.5
2021-04-20 01:00:00,-1280.56,30552.09,11566.03,49842.94,44.5
2021-04-20 02:00:00,-1129.82,30369.78,10853.78,49058.41,44.5
2021-04-20 03:00:00,-1364.27,30879.73,10248.64,49145.73,44.5
2021-04-20 04:00:00,-1180.69,32079.26,9788.76,50701.9,44.5
2021-04-20 05:00:00,383.37,33131.55,9658.14,54262.59,44.5
2021-04-20 06:00:00,2538.17,34328.92,9858.33,59872.65,44.5
2021-04-20 07:00:00,2865.18,34683.52,12349.92,64540.69,44.5
2021-04-20 08:00:00,826.1,34378.75,16653.28,66835.24,44.5
2021-04-20 09:00:00,-1418.74,33126.8,22347.37,67495.47,44.5
2021-04-20 10:00:00,-3190.44,31199.38,28284.0,68092.16,44.5
2021-04-20 11:00:00,-3677.25,29280.81,32480.03,69387.37,44.5
2021-04-20 12:00:00,-3997.02,28068.52,34680.75,68910.31,44.5
2021-04-20 13:00:00,-4803.57,27147.88,34805.54,67597.6,44.5
2021-04-20 14:00:00,-5107.82,27076.72,33617.87,65735.48,44.5
2021-04-20 15:00:00,-5714.3,28025.81,31279.3,64157.57,44.5
2021-04-20 16:00:00,-4719.58,29210.95,27272.56,62923.15,44.5
2021-04-20 17:00:00,-2833.48,31395.96,22266.7,62707.59,44.5
2021-04-20 18:00:00,810.55,32589.83,16620.41,62812.38,44.5
2021-04-20 19:00:00,1368.23,34108.39,12146.49,62937.52,44.5
2021-04-20 20:00:00,1758.46,34331.87,10835.99,62262.31,44.5
2021-04-20 21:00:00,426.48,33478.66,11229.03,60507.27,44.5
2021-04-20 22:00:00,-646.4,33332.13,11118.64,57186.47,44.5
2021-04-20 23:00:00,-1406.19,32233.25,10524.3,53227.62,44.5
2021-04-21 00:00:00,-1966.67,30747.11,9976.25,49784.34,44.5
2021-04-21 01:00:00,-1210.7,29536.66,9646.4,47937.95,44.5
2021-04-21 02:00:00,-1349.66,29121.78,9789.53,47590.74,44.5
2021-04-21 03:00:00,-835.73,29058.59,10095.11,48240.24,44.5
2021-04-21 04:00:00,-1001.43,29662.56,10372.61,49921.8,44.5
2021-04-21 05:00:00,-784.66,31330.22,11384.79,53153.99,44.5
2021-04-21 06:00:00,-12.16,33228.47,13021.99,59566.23,44.5
2021-04-21 07:00:00,127.51,33467.84,17809.82,64555.42,44.5
2021-04-21 08:00:00,-4135.3,32615.73,24844.34,66805.97,44.5
2021-04-21 09:00:00,-6442.12,29511.25,32456.0,67466.34,44.5
2021-04-21 10:00:00,-7502.32,24575.31,40499.33,67764.32,44.5
2021-04-21 11:00:00,-6690.49,20970.98,45873.84,68594.9,44.5
2021-04-21 12:00:00,-5227.22,17768.51,47362.35,68099.05,44.5
2021-04-21 13:00:00,-4677.28,16953.97,47311.02,66876.21,44.5
2021-04-21 14:00:00,-3962.21,16983.07,46001.42,65333.32,44.5
2021-04-21 15:00:00,-4417.02,17663.29,44574.43,64490.61,44.5
2021-04-21 16:00:00,-3227.56,18606.04,41752.57,63505.76,44.5
2021-04-21 17:00:00,-3021.45,20151.19,38260.7,63659.88,44.5
2021-04-21 18:00:00,-2343.08,22126.98,35274.7,64290.18,44.5
2021-04-21 19:00:00,-1247.94,23610.74,31769.55,64718.06,44.5
2021-04-21 20:00:00,-3362.91,24385.68,30584.39,63946.36,44.5
2021-04-21 21:00:00,-3446.32,23598.51,30805.07,62054.63,44.5
2021-04-21 22:00:00,-3600.74,22138.61,29667.63,58993.84,44.5
2021-04-21 23:00:00,-3859.43,20684.24,28806.32,54796.56,44.5
2021-04-22 00:00:00,-4030.24,18910.45,27634.54,51179.56,44.5
2021-04-22 01:00:00,-3622.66,18162.33,27005.93,49019.96,44.5
2021-04-22 02:00:00,-3307.19,18243.72,26645.57,48341.06,44.5
2021-04-22 03:00:00,-2975.16,19006.78,26714.63,49299.83,44.5
2021-04-22 04:00:00,-3361.32,20056.69,26976.53,50997.14,44.5
2021-04-22 05:00:00,-3322.55,21463.1,27001.27,54276.75,44.5
2021-04-22 06:00:00,-2874.59,22958.54,27616.89,59893.85,44.5
2021-04-22 07:00:00,-635.74,23105.81,30035.82,64675.78,44.5
2021-04-22 08:00:00,-2089.24,22433.36,35710.1,67667.95,44.5
2021-04-22 09:00:00,-4830.18,20500.28,42433.93,68468.19,44.5
2021-04-22 10:00:00,-4706.67,18203.19,46305.04,68423.02,44.5
2021-04-22 11:00:00,-4539.26,16439.32,49474.47,69194.6,44.5
2021-04-22 12:00:00,-5394.51,15611.26,51780.07,69176.96,44.5
2021-04-22 13:00:00,-6894.3,14451.63,52883.56,67479.62,44.5
2021-04-22 14:00:00,-7129.51,14186.71,53752.77,66433.08,44.5
2021-04-22 15:00:00,-6474.61,13994.88,52950.27,66000.74,44.5
2021-04-22 16:00:00,-7068.37,14194.74,50835.01,65109.64,44.5
2021-04-22 17:00:00,-5503.24,15883.07,45539.12,64638.64,44.5
2021-04-22 18:00:00,-3899.22,19956.26,37964.69,64819.8,44.5
2021-04-22 19:00:00,-767.96,22680.24,31395.58,64628.67,44.5
2021-04-22 20:00:00,-60.82,23643.82,27989.98,63573.82,44.5
2021-04-22 21:00:00,-2185.12,23916.27,27257.35,61595.83,44.5
2021-04-22 22:00:00,-2848.34,23347.42,26819.94,58355.97,44.5
2021-04-22 23:00:00,-1645.24,21185.04,26241.71,54585.69,44.5
2021-04-23 00:00:00,-2146.51,19353.84,25163.49,51172.44,44.5
2021-04-23 01:00:00,-2089.74,19013.31,24087.06,49644.87,44.5
2021-04-23 02:00:00,-1683.45,19252.49,23356.04,49113.89,44.5
2021-04-23 03:00:00,-2072.74,19955.9,22455.96,49362.27,44.5
2021-04-23 04:00:00,-374.47,20504.28,22069.48,51032.52,44.5
2021-04-23 05:00:00,759.44,21930.74,21624.04,54030.88,44.5
2021-04-23 06:00:00,3215.42,23476.12,21515.25,59156.3,44.5
2021-04-23 07:00:00,2496.13,24055.88,23883.09,63354.54,44.5
2021-04-23 08:00:00,60.54,24231.0,30397.75,66211.78,44.5
2021-04-23 09:00:00,-4787.76,23212.78,36817.1,66994.45,44.5
2021-04-23 10:00:00,-7434.84,22121.93,41477.72,67129.02,44.5
2021-04-23 11:00:00,-6910.55,20206.27,46173.25,67828.12,45.93
2021-04-23 12:00:00,-7526.52,17953.83,49164.57,66666.84,46.41
2021-04-23 13:00:00,-7657.66,15923.21,50322.14,65062.78,46.41
2021-04-23 14:00:00,-7036.98,14651.28,49619.93,63240.12,46.41
2021-04-23 15:00:00,-5145.77,14313.53,46591.46,61853.58,46.41
2021-04-23 16:00:00,-4344.08,15224.34,41507.1,60810.52,46.41
2021-04-23 17:00:00,-1448.13,18338.51,34199.45,60355.45,46.41
2021-04-23 18:00:00,4277.12,20884.77,25689.38,60260.0,46.41
2021-04-23 19:00:00,5813.03,22511.72,18775.93,59987.74,46.41
2021-04-23 20:00:00,5074.97,23022.19,16045.92,58827.31,46.41
2021-04-23 21:00:00,4070.55,23190.75,15991.78,56689.06,46.41
2021-04-23 22:00:00,3477.48,22815.24,16408.43,53878.44,46.41
2021-04-23 23:00:00,1742.56,21898.9,16443.54,50441.17,46.41
2021-04-24 00:00:00,659.8,20515.73,16135.93,47721.18,46.41
2021-04-24 01:00:00,305.16,19687.16,16083.39,46137.6,46.41
2021-04-24 02:00:00,1563.48,18476.0,16420.35,45157.98,46.41
2021-04-24 03:00:00,973.68,18541.71,16323.88,44748.18,46.41
2021-04-24 04:00:00,971.64,18260.42,16717.39,45002.39,46.41
2021-04-24 05:00:00,1493.27,17814.23,16849.97,45513.78,46.41
2021-04-24 06:00:00,1131.01,17921.42,17050.06,45797.38,46.41
2021-04-24 07:00:00,409.02,18054.43,19499.2,48156.66,46.41
2021-04-24 08:00:00,-2340.17,17887.93,24036.51,51448.6,46.41
2021-04-24 09:00:00,-4297.91,16791.49,30821.44,54156.05,46.41
2021-04-24 10:00:00,-5265.98,14076.85,37157.63,55187.13,46.41
2021-04-24 11:00:00,-5339.46,12417.66,40885.3,55935.49,46.41
2021-04-24 12:00:00,-6228.36,11491.47,42244.45,55010.28,46.41
2021-04-24 13:00:00,-6527.93,10845.43,42900.14,53040.54,46.41
2021-04-24 14:00:00,-6998.86,10600.6,42216.48,51685.9,46.41
2021-04-24 15:00:00,-7292.96,10613.7,40659.0,50823.74,46.41
2021-04-24 16:00:00,-4873.43,11006.89,37586.95,50355.55,46.41
2021-04-24 17:00:00,-1499.3,12258.09,32678.33,51415.9,46.41
2021-04-24 18:00:00,-338.73,15738.63,26914.53,52733.08,46.41
2021-04-24 19:00:00,1026.71,17023.99,22062.55,53222.95,46.41
2021-04-24 20:00:00,-291.89,17753.82,19815.85,52052.08,46.41
2021-04-24 21:00:00,1082.1,16957.33,20083.27,51150.28,46.41
2021-04-24 22:00:00,537.49,16628.48,19917.3,49058.45,46.41
2021-04-24 23:00:00,628.72,15635.13,19162.6,46030.8,46.41
2021-04-25 00:00:00,519.44,14226.41,18619.7,43011.31,46.41
2021-04-25 01:00:00,-65.89,13400.08,17678.6,41216.37,46.41
2021-04-25 02:00:00,637.14,13002.39,16729.64,40280.23,46.41
2021-04-25 03:00:00,1206.28,13101.8,16250.51,40078.62,46.41
2021-04-25 04:00:00,1533.93,13016.37,15893.88,40278.64,46.41
2021-04-25 05:00:00,1990.24,12978.19,15575.72,39933.68,46.41
2021-04-25 06:00:00,1067.98,13001.08,16148.39,39743.09,46.41
2021-04-25 07:00:00,-10.88,13058.0,18371.83,41393.2,46.41
2021-04-25 08:00:00,-1759.87,12921.96,23147.81,45050.89,46.41
2021-04-25 09:00:00,-3123.95,11960.2,30307.71,48691.68,46.41
2021-04-25 10:00:00,-5485.1,10996.11,36802.81,50665.43,46.41
2021-04-25 11:00:00,-6843.52,10740.45,40474.11,52416.95,46.41
2021-04-25 12:00:00,-9248.65,10752.61,42008.75,51510.13,46.41
2021-04-25 13:00:00,-9406.6,10664.79,42801.9,49620.18,46.41
2021-04-25 14:00:00,-8859.9,10587.93,41902.36,48113.35,46.41
2021-04-25 15:00:00,-8035.67,10618.07,40006.78,47395.02,46.41
2021-04-25 16:00:00,-6508.11,10715.29,37112.09,47054.08,46.41
2021-04-25 17:00:00,-2259.31,11645.69,31751.39,48669.77,46.41
2021-04-25 18:00:00,1655.69,14476.08,24592.16,51120.3,46.41
2021-04-25 19:00:00,2800.1,18347.77,18608.9,51043.97,46.41
2021-04-25 20:00:00,1902.5,19462.21,16580.72,50788.18,46.41
2021-04-25 21:00:00,3068.03,19199.55,17834.21,50750.06,46.41
2021-04-25 22:00:00,2758.31,18949.19,18219.93,50668.08,46.41
2021-04-25 23:00:00,485.62,18744.55,17552.27,47555.5,46.41
2021-04-26 00:00:00,1786.06,18277.2,16380.23,44768.48,46.41
2021-04-26 01:00:00,2801.37,17868.07,15047.64,43275.77,46.41
2021-04-26 02:00:00,3266.87,18264.1,13909.07,42772.5,46.41
2021-04-26 03:00:00,4368.93,18848.27,13441.0,43316.38,46.41
2021-04-26 04:00:00,5734.84,19739.79,12941.56,45520.92,46.41
2021-04-26 05:00:00,3120.35,23390.45,12406.35,49351.64,46.41
2021-04-26 06:00:00,5167.22,25928.53,13076.73,55893.75,46.41
2021-04-26 07:00:00,3423.2,27159.14,16651.84,61525.06,46.41
2021-04-26 08:00:00,442.29,27084.54,22665.26,64587.27,46.41
2021-04-26 09:00:00,-3684.3,25956.55,30560.18,65414.03,46.41
2021-04-26 10:00:00,-5886.04,23752.49,36648.37,65554.34,46.41
2021-04-26 11:00:00,-5928.57,22157.9,39848.56,66316.72,46.41
2021-04-26 12:00:00,-5234.02,20616.82,41209.38,66103.63,46.41
2021-04-26 13:00:00,-4947.81,19722.27,41440.18,64817.27,46.41
2021-04-26 14:00:00,-4346.94,19390.06,40397.63,63045.59,46.41
2021-04-26 15:00:00,-4179.18,20180.51,37324.66,62004.25,46.41
2021-04-26 16:00:00,-2541.27,21864.81,32601.05,60572.33,46.41
2021-04-26 17:00:00,-1348.33,25125.28,25991.67,60672.06,46.41
2021-04-26 18:00:00,1661.08,27545.94,18872.91,61294.97,46.41
2021-04-26 19:00:00,5394.27,28129.22,14166.09,61871.37,46.41
2021-04-26 20:00:00,4262.32,28385.39,14071.76,61271.87,46.41
2021-04-26 21:00:00,1002.95,28151.98,17012.68,59850.96,46.41
2021-04-26 22:00:00,-1058.33,27064.91,18816.48,57140.59,46.41
2021-04-26 23:00:00,-2376.32,24528.73,19915.57,53076.29,46.41
2021-04-27 00:00:00,-3122.25,22968.82,20212.9,49599.22,46.41
2021-04-27 01:00:00,-3317.84,22044.58,20145.38,47983.43,46.41
2021-04-27 02:00:00,-3019.95,21921.85,20053.06,47250.75,46.41
2021-04-27 03:00:00,-2351.13,21925.25,20459.99,48027.15,46.41
2021-04-27 04:00:00,-3025.8,22713.15,20690.83,49267.2,46.41
2021-04-27 05:00:00,-3269.12,24735.09,20648.56,52238.02,46.41
2021-04-27 06:00:00,-2937.08,27612.05,20896.25,58092.72,46.41
2021-04-27 07:00:00,-3247.59,29080.51,23257.97,62760.72,46.41
2021-04-27 08:00:00,-4442.64,29187.22,26851.49,65311.96,46.41
2021-04-27 09:00:00,-9301.32,27898.78,34769.56,65915.09,46.41
2021-04-27 10:00:00,-10923.07,23405.67,43466.3,66426.27,46.41
2021-04-27 11:00:00,-11395.37,20773.08,47878.77,66948.34,46.41
2021-04-27 12:00:00,-10765.34,19618.32,49672.3,66418.13,46.41
2021-04-27 13:00:00,-10571.82,18266.5,49893.02,64885.95,46.41
2021-04-27 14:00:00,-9903.35,17525.34,48382.6,63291.06,46.41
2021-04-27 15:00:00,-8667.28,17726.71,44658.19,62094.44,46.41
2021-04-27 16:00:00,-6905.14,19932.03,39044.59,60278.31,46.41
2021-04-27 17:00:00,-5509.42,24421.51,31660.03,60364.13,46.41
2021-04-27 18:00:00,-2222.36,27318.11,23917.19,60729.17,46.41
2021-04-27 19:00:00,-220.35,28484.04,18536.49,61000.45,46.41
2021-04-27 20:00:00,-656.88,28656.69,18667.9,60517.73,46.41
2021-04-27 21:00:00,-3918.83,28196.64,22798.28,59371.43,46.41
2021-04-27 22:00:00,-4177.94,25778.34,25658.03,57069.83,46.41
2021-04-27 23:00:00,-6403.41,23531.95,26303.04,52827.07,46.41
2021-04-28 00:00:00,-6728.57,22259.51,25024.16,49265.68,46.41
2021-04-28 01:00:00,-5833.97,22515.59,23127.26,47059.42,46.41
2021-04-28 02:00:00,-4363.48,22690.85,21150.14,46226.88,46.41
2021-04-28 03:00:00,-1593.93,22566.05,19602.1,47046.08,46.41
2021-04-28 04:00:00,-900.81,23312.25,18458.66,48756.93,46.41
2021-04-28 05:00:00,-1462.5,26291.92,17422.38,52015.45,46.41
2021-04-28 06:00:00,-1448.3,28991.85,17540.09,57583.56,46.41
2021-04-28 07:00:00,-30.91,29640.37,20069.33,62284.49,46.41
2021-04-28 08:00:00,-2284.32,29408.46,23727.19,64477.86,46.41
2021-04-28 09:00:00,-7165.72,28495.29,30240.91,64907.77,46.41
2021-04-28 10:00:00,-9448.07,26259.66,37379.08,65429.78,46.41
2021-04-28 11:00:00,-8718.9,23046.27,43249.06,66344.26,46.41
2021-04-28 12:00:00,-8123.3,20754.0,45436.38,66421.97,46.41
2021-04-28 13:00:00,-8255.81,20134.35,44695.49,65050.34,46.41
2021-04-28 14:00:00,-7087.34,19994.75,42042.45,63332.99,46.41
2021-04-28 15:00:00,-4942.81,20851.06,38086.48,62282.14,46.41
2021-04-28 16:00:00,-4401.93,22912.02,33262.1,61456.79,46.41
2021-04-28 17:00:00,-1727.45,25394.47,27408.97,62067.55,46.41
2021-04-28 18:00:00,-104.53,26816.86,23102.04,62247.14,46.41
2021-04-28 19:00:00,1117.32,27202.28,20660.58,62641.7,46.41
2021-04-28 20:00:00,-211.45,27021.03,21234.56,62012.16,46.41
2021-04-28 21:00:00,-2330.47,26524.53,22826.01,60367.41,46.41
2021-04-28 22:00:00,-4227.78,25416.82,23558.14,57249.96,46.41
2021-04-28 23:00:00,-4108.9,23937.14,22963.07,52998.8,46.41
2021-04-29 00:00:00,-3372.04,22949.16,22397.55,49364.3,46.41
2021-04-29 01:00:00,-2426.59,22203.75,21223.85,47219.27,46.41
2021-04-29 02:00:00,-2049.79,21986.04,19617.17,46427.77,46.41
2021-04-29 03:00:00,-2041.92,22144.52,18714.74,46061.38,46.41
2021-04-29 04:00:00,-1247.92,22883.54,18221.8,47498.23,46.41
2021-04-29 05:00:00,-1812.73,24956.28,18563.88,51103.37,46.41
2021-04-29 06:00:00,-678.43,26873.79,19918.34,57277.17,46.41
2021-04-29 07:00:00,-558.4,27539.21,21433.08,62755.41,46.41
2021-04-29 08:00:00,-1150.03,27813.37,24134.43,65709.91,46.41
2021-04-29 09:00:00,-1560.7,27609.83,27419.67,66267.16,46.41
2021-04-29 10:00:00,-3652.32,26963.18,32228.31,67008.21,46.41
2021-04-29 11:00:00,-6280.85,26988.94,36714.42,68809.12,46.41
2021-04-29 12:00:00,-6959.52,25734.86,40811.96,68268.99,46.41
2021-04-29 13:00:00,-7219.85,22911.77,42774.98,67319.92,46.41
2021-04-29 14:00:00,-7402.26,21455.06,43497.72,66767.46,46.41
2021-04-29 15:00:00,-7235.72,21215.05,42896.25,65671.2,46.41
2021-04-29 16:00:00,-6351.3,21746.16,40203.83,65089.0,46.41
2021-04-29 17:00:00,-6042.96,24401.48,36203.33,65193.66,46.41
2021-04-29 18:00:00,-5614.93,26957.09,31821.07,65250.81,46.41
2021-04-29 19:00:00,-4495.86,27758.43,27406.38,63820.4,46.41
2021-04-29 20:00:00,-3777.57,27903.57,25570.2,62788.16,46.41
2021-04-29 21:00:00,-4945.18,27027.84,25601.44,61426.1,46.41
2021-04-29 22:00:00,-5342.71,26380.33,25022.8,58032.99,46.41
2021-04-29 23:00:00,-5781.27,25103.73,24289.62,53761.49,46.41
2021-04-30 00:00:00,-3829.58,23257.52,23474.86,50498.01,46.41
2021-04-30 01:00:00,-3473.07,22895.07,22527.43,49064.24,46.41
2021-04-30 02:00:00,-3172.62,23170.61,21231.4,48515.15,46.41
2021-04-30 03:00:00,-2527.38,23714.68,19919.61,49073.98,46.41
2021-04-30 04:00:00,-1135.8,24739.21,18395.07,50359.85,46.41
2021-04-30 05:00:00,-188.81,26219.08,16516.96,52936.28,46.41
2021-04-30 06:00:00,1225.2,29097.8,15316.82,58805.82,46.41
2021-04-30 07:00:00,1393.88,30742.29,16080.56,63968.17,46.41
2021-04-30 08:00:00,1475.43,31046.28,18028.03,66528.62,46.41
2021-04-30 09:00:00,89.5,30917.73,21613.39,66997.07,46.41
2021-04-30 10:00:00,-605.43,30756.71,24595.77,67505.36,46.41
2021-04-30 11:00:00,-404.9,30285.83,26141.68,67967.87,47.36
2021-04-30 12:00:00,-107.8,29659.02,26219.42,66776.93,47.68
2021-04-30 13:00:00,226.12,29191.44,25158.1,64912.94,47.68
2021-04-30 14:00:00,628.2,29027.22,23535.28,63026.88,47.68
2021-04-30 15:00:00,1449.18,29406.16,20845.68,62363.27,47.68
2021-04-30 16:00:00,2352.17,29631.64,18165.68,60900.7,47.68
2021-04-30 17:00:00,3857.07,29911.49,15186.74,60482.82,47.68
2021-04-30 18:00:00,4998.0,30357.65,12361.07,60423.1,47.68
2021-04-30 19:00:00,6377.44,30503.58,10226.67,59898.53,47.68
2021-04-30 20:00:00,6369.15,30191.99,9327.18,58399.72,47.68
2021-04-30 21:00:00,4474.18,30004.95,9617.53,55862.18,47.68
2021-04-30 22:00:00,2843.33,29344.49,9661.14,52508.02,47.68
2021-04-30 23:00:00,1547.75,27710.41,9793.62,48617.84,47.68
2021-05-01 00:00:00,2106.74,23450.33,9711.58,45024.01,47.68
2021-05-01 01:00:00,1232.27,22559.48,9678.14,42871.46,47.68
2021-05-01 02:00:00,1058.03,21598.46,9548.74,41643.11,47.68
2021-05-01 03:00:00,3019.79,20223.03,9699.79,41281.68,47.68
2021-05-01 04:00:00,5492.84,17887.45,10068.49,41315.77,47.68
2021-05-01 05:00:00,5364.1,17224.13,10313.18,40766.54,47.68
2021-05-01 06:00:00,4131.04,16888.39,11230.12,40119.9,47.68
2021-05-01 07:00:00,2750.42,17003.09,13411.68,41755.99,47.68
2021-05-01 08:00:00,2686.37,17327.02,16301.52,45157.82,47.68
2021-05-01 09:00:00,1848.9,17120.83,20573.8,48655.08,47.68
2021-05-01 10:00:00,1061.86,16334.13,24898.23,51004.56,47.68
2021-05-01 11:00:00,1397.48,16032.35,26561.48,52647.68,47.68
2021-05-01 12:00:00,1631.79,15922.16,26325.54,51975.7,47.68
2021-05-01 13:00:00,3113.33,15224.38,25694.9,49690.54,47.68
2021-05-01 14:00:00,3134.42,14754.0,24702.04,48229.58,47.68
2021-05-01 15:00:00,3569.56,14551.44,23251.88,47495.67,47.68
2021-05-01 16:00:00,4451.45,14808.78,20210.53,46956.44,47.68
2021-05-01 17:00:00,5656.09,16089.44,17400.17,48265.68,47.68
2021-05-01 18:00:00,5812.34,17465.27,14876.21,50104.18,47.68
2021-05-01 19:00:00,6382.92,18133.02,12943.98,50094.29,47.68
2021-05-01 20:00:00,6111.12,18308.41,12309.3,49462.42,47.68
2021-05-01 21:00:00,4081.16,18307.33,13166.35,48742.83,47.68
2021-05-01 22:00:00,2961.97,17784.65,13879.7,47344.18,47.68
2021-05-01 23:00:00,2581.95,16837.82,14086.97,44057.71,47.68
2021-05-02 00:00:00,881.06,16692.79,14407.97,41301.47,47.68
2021-05-02 01:00:00,723.46,15945.7,14436.73,39732.48,47.68
2021-05-02 02:00:00,-210.27,15601.19,15255.44,38675.23,47.68
2021-05-02 03:00:00,-4.31,14994.39,15595.78,38559.24,47.68
2021-05-02 04:00:00,390.13,14501.96,15855.39,39186.21,47.68
2021-05-02 05:00:00,-156.22,14594.33,16270.35,39687.28,47.68
2021-05-02 06:00:00,-1402.16,14601.24,16931.35,39641.9,47.68
2021-05-02 07:00:00,-965.35,14761.48,18766.37,41396.01,47.68
2021-05-02 08:00:00,-671.44,14672.24,22101.17,44966.7,47.68
2021-05-02 09:00:00,-1511.32,14396.42,26277.57,48329.52,47.68
2021-05-02 10:00:00,-1363.69,13869.41,29491.64,51065.5,47.68
2021-05-02 11:00:00,-810.73,13556.7,32148.46,53355.24,47.68
2021-05-02 12:00:00,-1891.75,12742.41,34458.96,53474.3,47.68
2021-05-02 13:00:00,-4695.64,12113.85,37016.03,51880.15,47.68
2021-05-02 14:00:00,-6216.88,11390.24,39155.23,50127.87,47.68
2021-05-02 15:00:00,-6787.24,10685.76,40904.75,49514.98,47.68
2021-05-02 16:00:00,-6874.07,10892.36,40003.33,49147.74,47.68
2021-05-02 17:00:00,-7111.81,13125.76,36706.56,50208.16,47.68
2021-05-02 18:00:00,-3799.78,15535.06,32416.25,51782.86,47.68
2021-05-02 19:00:00,-1181.77,16696.0,27101.34,51851.7,47.68
2021-05-02 20:00:00,-1030.36,17744.22,24247.37,51362.09,47.68
2021-05-02 21:00:00,-194.84,17739.18,23113.99,51485.2,47.68
2021-05-02 22:00:00,484.78,18230.27,22676.25,50636.16,47.68
2021-05-02 23:00:00,252.48,17140.34,22754.36,47900.97,47.68
2021-05-03 00:00:00,-1924.14,17325.65,23265.33,45662.58,47.68
2021-05-03 01:00:00,-1823.93,16693.9,23557.41,44720.12,47.68
2021-05-03 02:00:00,-1917.28,16276.38,22873.51,44457.94,47.68
2021-05-03 03:00:00,-1470.78,17074.53,22474.08,45076.03,47.68
2021-05-03 04:00:00,250.0,17151.97,21912.65,46710.34,47.68
2021-05-03 05:00:00,1938.34,18817.53,21177.74,50453.06,47.68
2021-05-03 06:00:00,4514.96,20212.12,21464.51,56909.89,47.68
2021-05-03 07:00:00,4195.24,21057.41,23793.55,61931.17,47.68
2021-05-03 08:00:00,2210.72,20609.08,29910.69,65492.39,47.68
2021-05-03 09:00:00,-2005.87,19402.91,37197.65,66792.05,47.68
2021-05-03 10:00:00,-4339.3,18204.12,41905.59,67101.88,47.68
2021-05-03 11:00:00,-5300.57,18130.75,44448.87,67672.61,47.68
2021-05-03 12:00:00,-5954.81,17611.78,46100.16,68390.97,47.68
2021-05-03 13:00:00,-5638.56,16500.9,46278.78,68082.84,47.68
2021-05-03 14:00:00,-4568.85,15875.24,45456.18,66542.16,47.68
2021-05-03 15:00:00,-3577.74,15459.87,42654.87,65297.88,47.68
2021-05-03 16:00:00,-3324.47,16134.14,38497.48,63099.02,47.68
2021-05-03 17:00:00,497.25,17708.05,33092.86,62926.3,47.68
2021-05-03 18:00:00,5873.98,19005.56,26502.62,63021.44,47.68
2021-05-03 19:00:00,8879.86,20203.24,20669.94,62576.44,47.68
2021-05-03 20:00:00,9402.41,20607.0,17204.18,61318.04,47.68
2021-05-03 21:00:00,6249.34,20755.74,20172.33,59798.13,47.68
2021-05-03 22:00:00,3212.06,19327.15,24011.51,57539.79,47.68
2021-05-03 23:00:00,-1448.84,16818.39,29032.37,53538.79,47.68
2021-05-04 00:00:00,-1962.22,12638.98,33301.41,50709.39,47.68
2021-05-04 01:00:00,-4009.7,10970.03,36984.36,49276.13,47.68
2021-05-04 02:00:00,-4811.97,10373.65,38511.8,49198.44,47.68
2021-05-04 03:00:00,-5626.44,9939.28,39791.88,49693.92,47.68
2021-05-04 04:00:00,-6677.7,9959.21,42406.54,51488.59,47.68
2021-05-04 05:00:00,-8446.62,10152.92,45244.44,55241.2,47.68
2021-05-04 06:00:00,-9114.76,10846.96,49044.45,61340.73,47.68
2021-05-04 07:00:00,-8338.93,11235.49,51839.77,66400.82,47.68
2021-05-04 08:00:00,-9641.79,11822.48,55125.81,69263.4,47.68
2021-05-04 09:00:00,-10607.7,11499.21,58344.05,70425.92,47.68
2021-05-04 10:00:00,-11913.69,11245.99,62203.68,71288.3,47.68
2021-05-04 11:00:00,-11560.27,11066.39,64542.5,72548.81,47.68
2021-05-04 12:00:00,-11053.62,10760.93,64555.54,72663.36,47.68
2021-05-04 13:00:00,-11360.56,10541.89,63352.97,71691.54,47.68
2021-05-04 14:00:00,-11490.2,10471.41,61878.38,70377.0,47.68
2021-05-04 15:00:00,-11154.84,10455.28,60669.2,69510.82,47.68
2021-05-04 16:00:00,-10822.46,10413.55,59448.32,67992.39,47.68
2021-05-04 17:00:00,-11548.34,11004.63,57243.94,67674.07,47.68
2021-05-04 18:00:00,-10199.15,11988.04,52900.16,67333.84,47.68
2021-05-04 19:00:00,-8213.38,13393.25,48648.95,66498.9,47.68
2021-05-04 20:00:00,-6551.78,13468.99,45583.73,64720.61,47.68
2021-05-04 21:00:00,-6699.71,13385.5,44709.04,62563.12,47.68
2021-05-04 22:00:00,-7124.79,12375.57,42851.51,59935.13,47.68
2021-05-04 23:00:00,-9214.32,11090.62,42186.01,55702.51,47.68
2021-05-05 00:00:00,-10892.12,10845.87,41650.66,52482.96,47.68
2021-05-05 01:00:00,-10731.4,11363.31,40763.22,51212.58,47.68
2021-05-05 02:00:00,-11313.31,11519.92,40146.11,50118.23,47.68
2021-05-05 03:00:00,-11216.23,12142.59,39203.13,50639.9,47.68
2021-05-05 04:00:00,-9124.55,12669.05,38542.31,51864.67,47.68
2021-05-05 05:00:00,-6204.63,13165.53,38415.93,55006.99,47.68
2021-05-05 06:00:00,-4606.03,13722.44,38936.27,60937.5,47.68
2021-05-05 07:00:00,-2610.58,14177.22,42020.9,66156.17,47.68
2021-05-05 08:00:00,-3001.13,13789.72,47925.65,69353.7,47.68
2021-05-05 09:00:00,-5999.7,12919.57,53548.14,70786.17,47.68
2021-05-05 10:00:00,-11473.55,12332.79,58228.11,71196.65,47.68
2021-05-05 11:00:00,-12757.23,11736.24,61333.34,72929.98,47.68
2021-05-05 12:00:00,-15149.36,10913.54,63546.2,72122.1,47.68
2021-05-05 13:00:00,-14445.86,10782.82,64530.34,70499.6,47.68
2021-05-05 14:00:00,-13602.39,10157.88,64089.02,69532.54,47.68
2021-05-05 15:00:00,-13595.88,10342.06,63327.63,68261.21,47.68
2021-05-05 16:00:00,-12810.88,10925.47,60544.95,67163.81,47.68
2021-05-05 17:00:00,-10934.64,12352.46,56530.18,66791.6,47.68
2021-05-05 18:00:00,-6549.86,13851.04,49751.85,67058.7,47.68
2021-05-05 19:00:00,-4847.84,16421.85,41748.44,66400.44,47.68
2021-05-05 20:00:00,-3425.2,17202.7,35782.05,64646.8,47.68
2021-05-05 21:00:00,-1178.11,17203.55,33716.22,62597.3,47.68
2021-05-05 22:00:00,234.2,16646.75,32450.45,59583.2,47.68
2021-05-05 23:00:00,-2309.14,15925.89,32721.08,55768.22,47.68
2021-05-06 00:00:00,-5366.22,16325.1,31482.96,53062.02,47.68
2021-05-06 01:00:00,-5236.34,16497.65,30689.14,51209.88,47.68
2021-05-06 02:00:00,-4009.69,16638.25,30595.41,50491.25,47.68
2021-05-06 03:00:00,-4355.1,16954.93,30639.45,51145.95,47.68
2021-05-06 04:00:00,-4692.33,18240.86,29825.89,52031.12,47.68
2021-05-06 05:00:00,-3060.2,19483.84,29314.68,55312.86,47.68
2021-05-06 06:00:00,-1516.17,20785.96,30050.28,61330.85,47.68
2021-05-06 07:00:00,-892.45,21409.95,32001.68,66834.28,47.68
2021-05-06 08:00:00,-3038.07,21688.9,35529.39,68990.2,47.68
2021-05-06 09:00:00,-3689.16,21376.09,39605.63,69395.18,47.68
2021-05-06 10:00:00,-4877.59,21461.0,41199.13,70325.74,47.68
2021-05-06 11:00:00,-3874.5,21650.84,40987.16,71155.41,47.68
2021-05-06 12:00:00,-280.74,21435.58,40294.82,71486.08,47.68
2021-05-06 13:00:00,-704.44,21484.3,39092.97,70465.65,47.68
2021-05-06 14:00:00,299.32,22157.85,36140.76,68535.43,47.68
2021-05-06 15:00:00,3033.76,22676.25,32178.91,67203.81,47.68
2021-05-06 16:00:00,5348.84,23020.18,27492.85,65925.54,47.68
2021-05-06 17:00:00,7661.44,24527.8,22483.29,65254.82,47.68
2021-05-06 18:00:00,9519.0,25464.7,17763.52,64701.14,47.68
2021-05-06 19:00:00,11070.1,25922.83,14203.01,63772.52,47.68
2021-05-06 20:00:00,10562.18,25764.05,12038.45,62199.11,47.68
2021-05-06 21:00:00,9365.71,25187.24,11823.86,59896.16,47.68
2021-05-06 22:00:00,8703.46,23852.24,12190.49,56747.35,47.68
2021-05-06 23:00:00,6827.13,22687.35,12367.19,52843.97,47.68
2021-05-07 00:00:00,5306.2,22070.83,12261.38,49209.36,47.68
2021-05-07 01:00:00,3896.25,21496.69,12926.25,47018.57,47.68
2021-05-07 02:00:00,3780.97,20824.75,14136.49,46738.28,47.68
2021-05-07 03:00:00,3816.43,20553.01,14679.25,47592.7,47.68
2021-05-07 04:00:00,3581.52,21094.67,15198.18,49108.56,47.68
2021-05-07 05:00:00,3889.06,22501.68,16101.94,52242.72,47.68
2021-05-07 06:00:00,6275.5,23568.09,17663.43,57958.76,47.68
2021-05-07 07:00:00,6257.57,24307.21,19888.78,63210.06,47.68
2021-05-07 08:00:00,4264.47,24528.2,23338.58,66264.28,47.68
2021-05-07 09:00:00,2207.66,24240.84,28594.23,66884.99,47.68
2021-05-07 10:00:00,-1585.77,23609.64,35386.98,68062.77,47.68
2021-05-07 11:00:00,-4380.68,21992.65,42064.16,69445.38,49.02
2021-05-07 12:00:00,-8743.84,19878.77,47274.11,69134.51,49.46
2021-05-07 13:00:00,-10773.7,17289.65,51398.0,67002.01,49.46
2021-05-07 14:00:00,-11946.33,15749.06,52705.39,64942.63,49.46
2021-05-07 15:00:00,-12858.53,15811.75,52718.35,63786.56,49.46
2021-05-07 16:00:00,-11221.65,16241.66,50554.03,63068.42,49.46
2021-05-07 17:00:00,-9182.0,17557.65,45729.01,62745.55,49.46
2021-05-07 18:00:00,-3752.61,19634.4,38470.41,62611.22,49.46
2021-05-07 19:00:00,1932.26,20217.68,30326.28,61881.46,49.46
2021-05-07 20:00:00,4476.9,20309.53,24294.92,59967.03,49.46
2021-05-07 21:00:00,3540.14,20362.12,22336.51,58098.99,49.46
2021-05-07 22:00:00,3040.14,19920.05,21751.99,55598.95,49.46
2021-05-07 23:00:00,2175.98,18620.22,21233.9,51930.74,49.46
2021-05-08 00:00:00,900.4,17368.09,21173.64,48719.96,49.46
2021-05-08 01:00:00,645.58,16675.18,20372.8,47232.7,49.46
2021-05-08 02:00:00,478.47,16643.11,19687.43,45935.18,49.46
2021-05-08 03:00:00,2264.26,16495.68,18683.87,45955.4,49.46
2021-05-08 04:00:00,4044.78,15795.05,17731.73,46110.55,49.46
2021-05-08 05:00:00,5088.11,15292.3,17190.63,46165.38,49.46
2021-05-08 06:00:00,3613.93,15165.95,17884.9,46487.44,49.46
2021-05-08 07:00:00,2661.61,15066.89,21697.87,48446.4,49.46
2021-05-08 08:00:00,641.74,13749.11,27671.93,52256.48,49.46
2021-05-08 09:00:00,-2656.54,12489.57,34690.5,54866.38,49.46
2021-05-08 10:00:00,-4486.37,10910.17,40047.76,56060.18,49.46
2021-05-08 11:00:00,-5799.95,10696.59,43390.33,55566.84,49.46
2021-05-08 12:00:00,-4638.05,9929.43,45241.36,55396.24,49.46
2021-05-08 13:00:00,-5832.15,9658.08,45700.97,54385.67,49.46
2021-05-08 14:00:00,-6214.8,9632.08,44310.42,52736.46,49.46
2021-05-08 15:00:00,-4778.05,9646.23,41863.8,51668.72,49.46
2021-05-08 16:00:00,-2111.79,9774.12,37232.94,50786.41,49.46
2021-05-08 17:00:00,125.53,10283.19,33271.69,51191.36,49.46
2021-05-08 18:00:00,4035.64,10532.1,29219.77,53119.6,49.46
2021-05-08 19:00:00,3682.3,11595.35,25775.73,52909.69,49.46
2021-05-08 20:00:00,1664.97,12340.22,25018.89,51867.91,49.46
2021-05-08 21:00:00,-770.19,12527.3,27920.61,51095.46,49.46
2021-05-08 22:00:00,-114.63,11438.9,30060.3,50137.41,49.46
2021-05-08 23:00:00,-1824.14,9890.64,31247.82,47047.63,49.46
2021-05-09 00:00:00,-5415.09,8858.23,32445.74,43957.51,49.46
2021-05-09 01:00:00,-6574.58,8778.39,32610.77,42134.89,49.46
2021-05-09 02:00:00,-7561.58,8910.29,32551.06,41283.37,49.46
2021-05-09 03:00:00,-7251.34,8753.77,31895.89,41092.03,49.46
2021-05-09 04:00:00,-7258.45,8658.12,31319.3,41468.94,49.46
2021-05-09 05:00:00,-5704.72,8646.13,31242.53,41646.45,49.46
2021-05-09 06:00:00,-5695.23,8536.01,31697.63,41460.68,49.46
2021-05-09 07:00:00,-7704.12,8561.36,35384.88,43819.63,49.46
2021-05-09 08:00:00,-8963.53,8459.99,39413.21,47460.39,49.46
2021-05-09 09:00:00,-10742.91,8423.0,45667.79,50047.83,49.46
2021-05-09 10:00:00,-11326.9,8397.03,49135.42,51146.86,49.46
2021-05-09 11:00:00,-13517.51,8237.17,53566.68,52137.61,49.46
2021-05-09 12:00:00,-13860.53,8042.18,54154.38,51844.12,49.46
2021-05-09 13:00:00,-13608.95,8003.34,51054.59,49477.4,49.46
2021-05-09 14:00:00,-12555.32,7864.52,48237.55,47215.32,49.46
2021-05-09 15:00:00,-11346.32,7824.12,45713.82,46283.12,49.46
2021-05-09 16:00:00,-10989.2,8092.7,44706.56,46119.3,49.46
2021-05-09 17:00:00,-4958.46,8265.08,39149.36,47710.68,49.46
2021-05-09 18:00:00,-657.44,8465.44,35767.54,48814.85,49.46
2021-05-09 19:00:00,181.51,9161.22,31725.04,49774.06,49.46
2021-05-09 20:00:00,892.04,9246.94,30452.32,50393.93,49.46
2021-05-09 21:00:00,860.21,9258.87,31520.99,51442.11,49.46
2021-05-09 22:00:00,-88.32,9319.89,31941.65,51525.94,49.46
2021-05-09 23:00:00,1087.94,8810.6,31743.85,48446.79,49.46
2021-05-10 00:00:00,103.04,8464.96,30077.28,46159.1,49.46
2021-05-10 01:00:00,490.27,8503.42,28692.98,44295.55,49.46
2021-05-10 02:00:00,-1246.6,8765.57,25719.69,43343.14,49.46
2021-05-10 03:00:00,-113.43,9689.4,24046.07,43049.7,49.46
2021-05-10 04:00:00,1700.65,10045.17,23526.84,44478.16,49.46
2021-05-10 05:00:00,2894.2,11598.21,24842.18,47988.48,49.46
2021-05-10 06:00:00,4761.35,13441.26,28321.23,55982.78,49.46
2021-05-10 07:00:00,3549.01,14271.53,33699.76,62460.63,49.46
2021-05-10 08:00:00,-131.82,15215.45,38434.79,64981.34,49.46
2021-05-10 09:00:00,-4402.63,15016.27,44002.89,65660.96,49.46
2021-05-10 10:00:00,-6479.7,14463.53,49427.67,66466.96,49.46
2021-05-10 11:00:00,-7095.44,13750.25,52932.56,68196.13,49.46
2021-05-10 12:00:00,-5847.18,13219.38,53587.43,67713.73,49.46
2021-05-10 13:00:00,-4909.65,13339.36,52141.17,66272.02,49.46
2021-05-10 14:00:00,-1979.94,14027.33,48515.07,64956.54,49.46
2021-05-10 15:00:00,1586.63,14699.83,44694.52,64288.18,49.46
2021-05-10 16:00:00,3470.88,15658.88,38308.13,62765.54,49.46
2021-05-10 17:00:00,5632.96,18466.86,29792.4,62076.16,49.46
2021-05-10 18:00:00,8570.36,20912.7,21505.04,61730.62,49.46
2021-05-10 19:00:00,10727.03,21830.6,16374.08,61239.07,49.46
2021-05-10 20:00:00,11779.75,22032.87,13991.73,59685.28,49.46
2021-05-10 21:00:00,10842.17,21801.0,14213.44,57996.76,49.46
2021-05-10 22:00:00,7946.71,21479.37,14386.86,55026.9,49.46
2021-05-10 23:00:00,5940.9,20661.49,14315.48,50433.08,49.46
2021-05-11 00:00:00,7964.95,18700.03,14340.98,47195.7,49.46
2021-05-11 01:00:00,7055.0,18064.34,15174.71,45371.83,49.46
2021-05-11 02:00:00,6864.24,17822.65,15793.9,44798.27,49.46
2021-05-11 03:00:00,7322.05,17645.86,16016.44,45191.99,49.46
2021-05-11 04:00:00,7910.28,17897.51,15462.83,46509.43,49.46
2021-05-11 05:00:00,7580.89,19922.9,15239.81,49562.02,49.46
2021-05-11 06:00:00,8257.05,22644.83,15931.38,56307.91,49.46
2021-05-11 07:00:00,8436.59,23562.31,18571.02,61789.5,49.46
2021-05-11 08:00:00,7914.91,24266.87,21616.8,65051.7,49.46
2021-05-11 09:00:00,4468.83,24591.93,24108.96,65477.63,49.46
2021-05-11 10:00:00,5118.93,24359.06,27344.22,66079.52,49.46
2021-05-11 11:00:00,6011.39,23624.81,29793.72,67720.14,49.46
2021-05-11 12:00:00,5391.65,23152.63,29228.66,67732.21,49.46
2021-05-11 13:00:00,6239.2,22954.65,28165.9,65962.94,49.46
2021-05-11 14:00:00,7723.08,22376.39,26652.06,64324.72,49.46
2021-05-11 15:00:00,8646.69,22290.84,24010.54,63423.77,49.46
2021-05-11 16:00:00,11339.68,22294.04,21773.29,62758.95,49.46
2021-05-11 17:00:00,11223.2,22934.22,19835.11,62760.26,49.46
2021-05-11 18:00:00,11470.87,23626.33,18311.42,62959.16,49.46
2021-05-11 19:00:00,11641.44,23458.54,17696.25,62473.02,49.46
2021-05-11 20:00:00,9941.7,23306.15,17333.7,60960.6,49.46
2021-05-11 21:00:00,7295.22,23388.65,16911.3,58716.56,49.46
2021-05-11 22:00:00,5538.5,23106.79,16574.51,54912.0,49.46
2021-05-11 23:00:00,4489.19,21659.98,16506.67,50487.46,49.46
2021-05-12 00:00:00,4349.67,19084.94,16900.2,48970.01,49.46
2021-05-12 01:00:00,5652.09,17306.09,16390.14,46871.0,49.46
2021-05-12 02:00:00,6678.98,16824.1,15987.24,45428.99,49.46
2021-05-12 03:00:00,8064.76,16248.92,15776.73,45217.4,49.46
2021-05-12 04:00:00,8648.88,16835.24,15923.27,46768.89,49.46
2021-05-12 05:00:00,7579.54,19465.1,16281.27,49840.41,49.46
2021-05-12 06:00:00,7508.25,22219.29,16977.89,56314.45,49.46
2021-05-12 07:00:00,7419.03,23423.43,18184.83,61875.03,49.46
2021-05-12 08:00:00,8479.63,23519.81,19869.11,65165.06,49.46
2021-05-12 09:00:00,8150.35,23380.57,22426.73,65862.17,49.46
2021-05-12 10:00:00,8662.36,22737.35,25420.45,66470.89,49.46
2021-05-12 11:00:00,7775.79,22604.98,27500.35,67632.58,49.46
2021-05-12 12:00:00,6594.45,22708.05,28250.84,67330.35,49.46
2021-05-12 13:00:00,6652.72,21535.92,27605.94,65971.83,49.46
2021-05-12 14:00:00,6899.18,21699.66,26252.57,64131.82,49.46
2021-05-12 15:00:00,7890.29,21949.02,24468.15,62906.08,49.46
2021-05-12 16:00:00,7555.47,22280.34,22305.83,61263.39,49.46
2021-05-12 17:00:00,9405.55,22469.8,19678.21,61270.4,49.46
2021-05-12 18:00:00,10710.59,22740.83,17659.33,61199.77,49.46
2021-05-12 19:00:00,10752.26,22961.46,15445.65,60769.74,49.46
2021-05-12 20:00:00,10266.82,23062.4,14109.19,59293.48,49.46
2021-05-12 21:00:00,8732.36,22927.06,13736.99,57160.9,49.46
2021-05-12 22:00:00,7229.91,22054.92,13446.15,54118.94,49.46
2021-05-12 23:00:00,5870.63,20335.88,12752.34,49957.53,49.46
2021-05-13 00:00:00,6989.95,17248.72,12432.27,46191.05,49.46
2021-05-13 01:00:00,8002.62,15295.18,12131.71,44028.28,49.46
2021-05-13 02:00:00,8869.41,13822.07,12008.62,42634.14,49.46
2021-05-13 03:00:00,9645.37,13208.46,12074.63,42089.48,49.46
2021-05-13 04:00:00,10065.37,12916.35,12152.86,42017.98,49.46
2021-05-13 05:00:00,7339.6,12986.46,12726.85,41617.3,49.46
2021-05-13 06:00:00,5690.7,13084.05,13660.84,41300.07,49.46
2021-05-13 07:00:00,5203.85,13113.47,15885.4,43447.61,49.46
2021-05-13 08:00:00,4872.1,13094.92,19184.06,46803.31,49.46
2021-05-13 09:00:00,5709.74,12927.36,23413.26,49389.14,49.46
2021-05-13 10:00:00,5628.66,11916.39,27603.69,51140.18,49.46
2021-05-13 11:00:00,4649.78,11707.41,29145.29,53358.08,49.46
2021-05-13 12:00:00,3265.13,11808.02,28623.75,52783.12,49.46
2021-05-13 13:00:00,3503.28,12071.59,27768.95,50356.23,49.46
2021-05-13 14:00:00,4757.17,11806.84,27118.29,48717.69,49.46
2021-05-13 15:00:00,5568.53,11530.63,26095.72,47912.66,49.46
2021-05-13 16:00:00,6354.02,11674.34,24651.01,47756.32,49.46
2021-05-13 17:00:00,7281.38,12470.15,22150.12,49026.85,49.46
2021-05-13 18:00:00,7817.66,13657.83,19114.16,49911.66,49.46
2021-05-13 19:00:00,7876.67,14512.6,16284.62,49433.63,49.46
2021-05-13 20:00:00,8111.37,14651.93,14489.1,48329.78,49.46
2021-05-13 21:00:00,8071.06,14816.07,13620.98,48638.81,49.46
2021-05-13 22:00:00,7574.41,14616.22,13530.0,47363.09,49.46
2021-05-13 23:00:00,6649.49,14214.5,13693.55,44282.84,49.46
2021-05-14 00:00:00,7087.73,13328.99,13906.9,42284.51,49.46
2021-05-14 01:00:00,6726.72,12942.09,14028.39,40641.38,49.46
2021-05-14 02:00:00,6439.68,12475.8,14118.96,39778.95,49.46
2021-05-14 03:00:00,6541.74,12583.84,14141.81,39767.1,49.46
2021-05-14 04:00:00,7200.23,12986.97,14288.9,41424.79,49.46
2021-05-14 05:00:00,7129.1,13890.32,14323.16,43572.44,49.46
2021-05-14 06:00:00,7946.68,14925.29,15327.84,47883.22,49.46
2021-05-14 07:00:00,7355.55,15380.28,18259.53,51669.84,49.46
2021-05-14 08:00:00,6940.56,15376.01,22251.41,55263.33,49.46
2021-05-14 09:00:00,4461.04,15247.58,27349.19,56664.83,49.46
2021-05-14 10:00:00,2798.82,14600.77,31106.08,57410.32,49.46
2021-05-14 11:00:00,1820.09,14222.65,32693.07,58940.74,49.46
2021-05-14 12:00:00,991.32,14204.67,33532.19,58808.44,49.46
2021-05-14 13:00:00,1769.56,13846.61,34657.31,57152.93,49.46
2021-05-14 14:00:00,2435.93,12972.7,35261.79,56121.39,49.46
2021-05-14 15:00:00,2387.16,12962.41,33349.35,55092.48,49.46
2021-05-14 16:00:00,3935.32,13131.1,30141.57,54235.95,49.46
2021-05-14 17:00:00,5243.68,14264.45,25696.18,53963.35,49.46
2021-05-14 18:00:00,9325.96,15123.38,20871.4,54416.88,49.46
2021-05-14 19:00:00,11493.66,15628.26,16154.03,54026.94,49.46
2021-05-14 20:00:00,11078.61,15682.75,13348.31,52145.13,49.46
2021-05-14 21:00:00,11340.86,15700.47,12928.58,51276.4,49.46
2021-05-14 22:00:00,9284.9,15614.51,13063.5,49543.45,49.46
2021-05-14 23:00:00,7658.24,15025.57,13320.67,46227.09,49.46
2021-05-15 00:00:00,6954.05,14125.88,13888.98,43515.68,49.46
2021-05-15 01:00:00,5302.4,13678.41,14742.4,41769.36,49.46
2021-05-15 02:00:00,4720.65,13159.75,15169.21,40702.68,49.46
2021-05-15 03:00:00,5779.01,12503.79,15187.27,40456.67,49.46
2021-05-15 04:00:00,6381.39,12402.06,15019.23,41124.68,49.46
2021-05-15 05:00:00,5696.92,12677.84,15119.53,41521.72,49.46
2021-05-15 06:00:00,5163.76,12893.4,16305.17,43292.33,49.46
2021-05-15 07:00:00,4377.38,13159.85,18833.05,46414.29,49.46
2021-05-15 08:00:00,2353.35,13374.94,22768.24,49700.7,49.46
2021-05-15 09:00:00,1582.5,13480.33,26951.71,52381.24,49.46
2021-05-15 10:00:00,1185.88,13111.46,30687.31,53814.55,49.46
2021-05-15 11:00:00,115.78,12643.67,34047.14,54917.31,49.46
2021-05-15 12:00:00,492.57,11553.12,35838.24,54915.18,49.46
2021-05-15 13:00:00,516.32,10137.37,36741.95,53061.01,49.46
2021-05-15 14:00:00,1141.62,9790.36,36343.6,51796.71,49.46
2021-05-15 15:00:00,1440.76,9813.22,33623.51,50956.52,49.46
2021-05-15 16:00:00,2418.59,11097.75,29292.78,50372.78,49.46
2021-05-15 17:00:00,6082.03,12358.07,24536.75,50922.98,49.46
2021-05-15 18:00:00,7466.67,13541.19,20685.72,51774.12,49.46
2021-05-15 19:00:00,9551.89,13790.91,17012.38,51210.94,49.46
2021-05-15 20:00:00,8178.87,13807.67,15592.45,49302.91,49.46
2021-05-15 21:00:00,7645.13,13624.92,16281.85,48447.01,49.46
2021-05-15 22:00:00,3923.5,14003.57,17533.3,47195.45,49.46
2021-05-15 23:00:00,3274.48,13149.99,18204.76,44437.93,49.46
2021-05-16 00:00:00,4142.83,10666.01,18349.48,41974.18,49.46
2021-05-16 01:00:00,4487.28,9889.27,18278.58,40086.49,49.46
2021-05-16 02:00:00,4824.35,9827.56,18300.52,39312.46,49.46
2021-05-16 03:00:00,4745.21,9881.9,17803.9,39245.83,49.46
2021-05-16 04:00:00,4456.43,9839.8,17324.14,39150.86,49.46
2021-05-16 05:00:00,4394.61,9927.43,17124.04,38907.29,49.46
2021-05-16 06:00:00,4309.92,9869.2,18059.51,39092.01,49.46
2021-05-16 07:00:00,3796.44,9880.95,20179.91,40859.03,49.46
2021-05-16 08:00:00,2957.67,10010.93,24273.63,44048.35,49.46
2021-05-16 09:00:00,2174.82,10084.79,30654.19,47643.06,49.46
2021-05-16 10:00:00,-1269.78,10275.56,35460.58,49960.36,49.46
2021-05-16 11:00:00,-2736.1,10282.84,38684.62,51984.71,49.46
2021-05-16 12:00:00,-3411.7,10469.94,40327.36,51417.91,49.46
2021-05-16 13:00:00,-5284.97,10359.66,40892.46,49838.24,49.46
2021-05-16 14:00:00,-5704.46,10315.94,38852.57,48336.97,49.46
2021-05-16 15:00:00,-4316.68,10479.07,35426.58,47311.38,49.46
2021-05-16 16:00:00,-11.7,10563.41,30573.33,46941.74,49.46
2021-05-16 17:00:00,4096.31,11884.78,24988.49,48160.71,49.46
2021-05-16 18:00:00,6354.07,14299.97,20040.9,49414.1,49.46
2021-05-16 19:00:00,9341.24,14959.63,15077.83,49971.44,49.46
2021-05-16 20:00:00,9872.05,15083.99,12538.42,48859.03,49.46
2021-05-16 21:00:00,10567.39,15113.1,12405.67,48624.0,49.46
2021-05-16 22:00:00,9677.35,14950.54,13373.41,48391.16,49.46
2021-05-16 23:00:00,6966.6,14596.25,14011.75,45731.55,49.46
2021-05-17 00:00:00,6444.0,13527.2,14690.11,43038.58,49.46
2021-05-17 01:00:00,7100.63,12810.2,15498.05,41776.94,49.46
2021-05-17 02:00:00,7788.75,12596.33,15789.33,41114.39,49.46
2021-05-17 03:00:00,7731.27,12703.58,16007.14,41857.5,49.46
2021-05-17 04:00:00,8540.69,13323.9,16140.26,43855.14,49.46
2021-05-17 05:00:00,9188.44,14082.41,16075.37,47375.57,49.46
2021-05-17 06:00:00,9616.42,17294.17,17137.9,54466.19,49.46
2021-05-17 07:00:00,9958.2,18315.67,19173.61,60024.1,49.46
2021-05-17 08:00:00,8726.26,18527.39,23500.1,63375.93,49.46
2021-05-17 09:00:00,7792.08,18250.64,27939.2,65156.04,49.46
2021-05-17 10:00:00,5260.76,18207.27,32157.43,66046.33,49.46
2021-05-17 11:00:00,5543.01,17574.87,35285.05,66908.37,49.46
2021-05-17 12:00:00,3200.56,16839.07,37586.22,66217.58,49.46
2021-05-17 13:00:00,2567.28,15684.96,38184.67,65289.98,49.46
2021-05-17 14:00:00,2083.94,15171.89,37749.16,63905.82,49.46
2021-05-17 15:00:00,2704.44,15283.9,36614.01,62985.54,49.46
2021-05-17 16:00:00,4346.45,15340.54,32892.41,62121.49,49.46
2021-05-17 17:00:00,5154.82,16412.77,28843.5,61696.58,49.46
2021-05-17 18:00:00,8402.16,17900.75,24464.32,61581.31,49.46
2021-05-17 19:00:00,10436.15,18705.48,19936.25,61015.95,49.46
2021-05-17 20:00:00,9593.33,18371.87,17680.41,58525.25,49.46
2021-05-17 21:00:00,9643.54,18125.87,17836.33,57193.28,49.46
2021-05-17 22:00:00,8353.42,17657.51,18068.43,54634.39,49.46
2021-05-17 23:00:00,5392.4,16407.29,18525.33,50489.48,49.46
2021-05-18 00:00:00,4532.88,15304.71,18724.63,47316.66,49.46
2021-05-18 01:00:00,3925.22,15076.11,18700.36,45692.54,49.46
2021-05-18 02:00:00,3814.43,14955.61,18421.68,44912.48,49.46
2021-05-18 03:00:00,5530.11,14673.48,18060.44,45382.9,49.46
2021-05-18 04:00:00,5455.16,15187.76,17905.79,47125.78,49.46
2021-05-18 05:00:00,6197.21,16546.22,17456.66,50133.5,49.46
2021-05-18 06:00:00,8783.55,18465.0,17812.4,56541.66,49.46
2021-05-18 07:00:00,8262.6,19902.67,19583.0,62061.02,49.46
2021-05-18 08:00:00,6800.76,20285.3,22267.37,64952.13,49.46
2021-05-18 09:00:00,7298.02,20176.24,26270.0,65878.6,49.46
2021-05-18 10:00:00,6604.14,19350.65,29658.3,67114.33,49.46
2021-05-18 11:00:00,4445.67,18913.07,32788.99,68179.61,49.46
2021-05-18 12:00:00,3732.48,18344.8,34807.98,68041.91,49.46
2021-05-18 13:00:00,3064.81,17797.2,35909.88,66761.53,49.46
2021-05-18 14:00:00,3513.21,17425.41,36768.85,65187.98,49.46
2021-05-18 15:00:00,3751.87,17178.63,34462.7,64255.72,49.46
2021-05-18 16:00:00,5113.56,17533.0,30968.31,62920.24,49.46
2021-05-18 17:00:00,7279.22,18554.11,25864.17,62401.34,49.46
2021-05-18 18:00:00,9730.72,19846.57,20491.44,61900.0,49.46
2021-05-18 19:00:00,11828.42,20855.07,15361.66,61083.27,49.46
2021-05-18 20:00:00,11580.71,20955.48,12411.38,58922.46,49.46
2021-05-18 21:00:00,11924.96,20658.57,11842.71,57386.86,49.46
2021-05-18 22:00:00,11141.79,20330.91,11899.87,55294.96,49.46
2021-05-18 23:00:00,9114.29,19316.84,12237.31,50803.92,49.46
2021-05-19 00:00:00,7693.54,18699.27,12677.72,47241.54,49.46
2021-05-19 01:00:00,7082.57,18230.67,13184.5,46163.53,49.46
2021-05-19 02:00:00,7050.17,17826.08,13535.32,45651.59,49.46
2021-05-19 03:00:00,7885.4,17740.24,13518.72,46081.36,49.46
2021-05-19 04:00:00,8480.65,18336.82,12974.31,47200.17,49.46
2021-05-19 05:00:00,8828.43,19510.5,12612.98,50219.64,49.46
2021-05-19 06:00:00,11179.21,21012.19,13936.33,56402.64,49.46
2021-05-19 07:00:00,10602.99,21868.05,16576.85,61248.35,49.46
2021-05-19 08:00:00,9154.42,21774.78,20336.24,64258.79,49.46
2021-05-19 09:00:00,7513.59,21385.11,24841.97,64823.96,49.46
2021-05-19 10:00:00,4415.73,20913.53,29689.47,65286.5,49.46
2021-05-19 11:00:00,3417.6,19939.94,33989.55,66675.81,49.46
2021-05-19 12:00:00,1698.89,19187.28,36491.07,66952.03,49.46
2021-05-19 13:00:00,558.65,18578.99,37131.51,65405.69,49.46
2021-05-19 14:00:00,2650.73,17309.98,37142.0,64156.04,49.46
2021-05-19 15:00:00,3967.47,16495.77,34942.85,63523.52,49.46
2021-05-19 16:00:00,5296.42,17161.58,30946.33,62400.47,49.46
2021-05-19 17:00:00,7547.38,18544.12,26710.28,62146.93,49.46
2021-05-19 18:00:00,9194.0,20019.01,21483.68,62116.62,49.46
2021-05-19 19:00:00,12779.86,20560.88,16043.05,61482.29,49.46
2021-05-19 20:00:00,12283.56,20519.02,13344.45,59103.56,49.46
2021-05-19 21:00:00,11674.25,20457.97,12825.4,57496.98,49.46
2021-05-19 22:00:00,10134.92,20322.57,13086.07,55092.85,49.46
2021-05-19 23:00:00,7725.95,19264.08,13624.84,51107.98,49.46
2021-05-20 00:00:00,6625.03,18028.87,13573.35,48013.14,49.46
2021-05-20 01:00:00,6836.96,17679.78,13744.9,46209.74,49.46
2021-05-20 02:00:00,7113.38,17254.24,13986.66,45302.76,49.46
2021-05-20 03:00:00,8051.44,16781.29,14389.1,46089.18,49.46
2021-05-20 04:00:00,7317.26,17671.88,14607.42,47316.57,49.46
2021-05-20 05:00:00,8322.68,18672.84,14479.01,50127.04,49.46
2021-05-20 06:00:00,9172.66,20418.75,14968.51,56333.98,49.46
2021-05-20 07:00:00,9931.32,21097.01,17119.04,61624.01,49.46
2021-05-20 08:00:00,9306.74,21268.99,20763.67,64496.57,49.46
2021-05-20 09:00:00,5976.89,21208.31,25466.38,65644.48,49.46
2021-05-20 10:00:00,3217.89,20374.05,30773.88,66202.97,49.46
2021-05-20 11:00:00,2745.18,19164.19,34909.29,67160.96,49.46
2021-05-20 12:00:00,1410.89,17782.28,38600.98,66688.35,49.46
2021-05-20 13:00:00,627.18,15857.52,40587.1,65625.92,49.46
2021-05-20 14:00:00,-294.25,15375.45,41193.18,64626.18,49.46
2021-05-20 15:00:00,609.21,15352.36,39165.26,63809.27,49.46
2021-05-20 16:00:00,2507.57,15668.45,34972.0,61985.44,49.46
2021-05-20 17:00:00,5349.1,16237.71,28952.86,61572.59,49.46
2021-05-20 18:00:00,9168.59,18356.96,22434.46,61267.48,49.46
2021-05-20 19:00:00,11883.73,19292.3,16666.76,61013.03,49.46
2021-05-20 20:00:00,10856.68,19305.42,14850.4,58869.67,49.46
2021-05-20 21:00:00,9343.38,19048.68,16411.08,57471.08,49.46
2021-05-20 22:00:00,6828.71,18019.66,19816.54,55095.86,49.46
2021-05-20 23:00:00,4527.23,14810.63,22954.03,51532.69,49.46
2021-05-21 00:00:00,2941.33,11437.3,25606.3,48211.96,49.46
2021-05-21 01:00:00,1453.17,9069.73,28753.73,46734.56,49.46
2021-05-21 02:00:00,-1246.94,8900.15,30552.14,46011.63,49.46
2021-05-21 03:00:00,-1605.07,9073.35,31667.52,46338.32,49.46
2021-05-21 04:00:00,-687.06,9184.19,32508.34,48299.33,49.46
2021-05-21 05:00:00,523.26,9397.65,32971.39,50886.21,49.46
2021-05-21 06:00:00,3048.89,10034.07,34778.6,57489.57,49.46
2021-05-21 07:00:00,4067.37,10375.59,36764.53,62501.22,49.46
2021-05-21 08:00:00,1270.91,10845.17,41835.09,65358.6,49.46
2021-05-21 09:00:00,-1352.53,9817.09,48741.59,66925.46,49.46
2021-05-21 10:00:00,-6852.53,9491.88,54171.27,68150.8,49.46
2021-05-21 11:00:00,-8203.62,9409.13,57280.96,69239.08,51.9
2021-05-21 12:00:00,-9081.02,9179.44,59673.53,68643.0,52.71
2021-05-21 13:00:00,-9832.92,8952.63,60714.49,67279.66,52.71
2021-05-21 14:00:00,-10575.76,8876.5,60245.7,66203.34,52.71
2021-05-21 15:00:00,-8839.07,8800.53,58151.37,64737.91,52.71
2021-05-21 16:00:00,-7820.02,8883.84,54942.4,63421.26,52.71
2021-05-21 17:00:00,-5189.9,9131.71,50012.23,62919.84,52.71
2021-05-21 18:00:00,-19.63,9564.16,43231.46,62447.26,52.71
2021-05-21 19:00:00,4301.62,9857.94,36522.48,61420.64,52.71
2021-05-21 20:00:00,4940.62,10003.94,30695.14,58427.12,52.71
2021-05-21 21:00:00,3758.67,10563.28,28639.99,56388.46,52.71
2021-05-21 22:00:00,2486.44,10660.58,29620.74,54007.46,52.71
2021-05-21 23:00:00,-537.45,9627.15,30858.44,50191.78,52.71
2021-05-22 00:00:00,-4400.16,8921.47,33071.59,47434.99,52.71
2021-05-22 01:00:00,-6568.26,8141.19,34473.42,46049.87,52.71
2021-05-22 02:00:00,-7590.45,7872.23,35109.37,44604.33,52.71
2021-05-22 03:00:00,-8449.6,7920.45,37311.64,44684.57,52.71
2021-05-22 04:00:00,-8093.65,7867.58,36758.44,45183.71,52.71
2021-05-22 05:00:00,-9652.49,7864.2,37286.65,44976.14,52.71
2021-05-22 06:00:00,-11042.77,7796.75,39252.59,46272.69,52.71
2021-05-22 07:00:00,-11688.36,7828.07,43640.74,49277.5,52.71
2021-05-22 08:00:00,-12674.32,7847.22,49710.74,53456.84,52.71
2021-05-22 09:00:00,-13626.4,7678.95,54596.45,56793.72,52.71
2021-05-22 10:00:00,-14143.2,7803.45,57818.61,58667.11,52.71
2021-05-22 11:00:00,-13473.44,7530.15,58808.82,59350.47,52.71
2021-05-22 12:00:00,-14268.48,7427.32,59031.15,58612.47,52.71
2021-05-22 13:00:00,-13442.28,7334.02,56160.96,56162.1,52.71
2021-05-22 14:00:00,-13748.7,7336.59,54363.72,54932.15,52.71
2021-05-22 15:00:00,-13726.26,7301.93,52895.37,53902.42,52.71
2021-05-22 16:00:00,-13514.5,7336.23,52199.76,53265.38,52.71
2021-05-22 17:00:00,-13060.9,7684.11,51112.56,53629.8,52.71
2021-05-22 18:00:00,-12162.2,7741.53,49721.08,53620.51,52.71
2021-05-22 19:00:00,-9811.22,7966.58,43335.52,52886.59,52.71
2021-05-22 20:00:00,-7970.45,8343.49,37936.74,51259.02,52.71
2021-05-22 21:00:00,-6903.15,8654.44,35051.79,50141.87,52.71
2021-05-22 22:00:00,-6449.36,8634.55,34024.93,49139.27,52.71
2021-05-22 23:00:00,-6578.52,8185.04,33533.47,45972.94,52.71
2021-05-23 00:00:00,-7413.88,7794.7,31954.57,43080.66,52.71
2021-05-23 01:00:00,-8327.25,7871.67,30784.86,40475.85,52.71
2021-05-23 02:00:00,-7421.34,7757.25,30814.68,39516.54,52.71
2021-05-23 03:00:00,-6523.12,7722.25,30127.57,39376.31,52.71
2021-05-23 04:00:00,-5734.0,7726.56,29620.5,39622.2,52.71
2021-05-23 05:00:00,-5496.3,8029.23,29288.99,39275.43,52.71
2021-05-23 06:00:00,-5713.44,7969.22,29828.41,39129.28,52.71
2021-05-23 07:00:00,-7983.71,8006.29,30713.56,41072.95,52.71
2021-05-23 08:00:00,-8090.64,8194.3,34830.61,44800.94,52.71
2021-05-23 09:00:00,-7526.56,8065.58,39962.11,48172.58,52.71
2021-05-23 10:00:00,-9829.7,8077.95,44819.8,50490.04,52.71
2021-05-23 11:00:00,-10435.62,7904.4,47941.3,53016.37,52.71
2021-05-23 12:00:00,-12381.23,7760.95,50005.85,52417.98,52.71
2021-05-23 13:00:00,-12858.91,7685.66,49975.0,50014.81,52.71
2021-05-23 14:00:00,-12896.26,7698.38,48193.42,48367.67,52.71
2021-05-23 15:00:00,-11195.89,7701.92,44807.35,46989.24,52.71
2021-05-23 16:00:00,-9812.68,7974.8,42416.07,46812.76,52.71
2021-05-23 17:00:00,-6016.94,8221.72,37361.16,46845.72,52.71
2021-05-23 18:00:00,-1283.25,9207.3,29718.51,47336.46,52.71
2021-05-23 19:00:00,3172.69,10776.37,21452.94,46991.23,52.71
2021-05-23 20:00:00,5934.16,11322.25,15583.04,45949.6,52.71
2021-05-23 21:00:00,5845.49,11718.08,14676.78,45643.1,52.71
2021-05-23 22:00:00,5076.86,11346.32,16481.5,45357.66,52.71
2021-05-23 23:00:00,2661.28,9832.74,19362.68,43016.61,52.71
2021-05-24 00:00:00,604.7,8495.83,21883.76,40274.95,52.71
2021-05-24 01:00:00,-2068.44,8019.81,24668.97,38675.96,52.71
2021-05-24 02:00:00,-3803.27,8001.51,26241.63,38092.98,52.71
2021-05-24 03:00:00,-6240.09,7998.53,27438.54,37831.6,52.71
2021-05-24 04:00:00,-6268.01,8035.71,28987.62,38665.38,52.71
2021-05-24 05:00:00,-7799.88,8080.61,29667.04,38564.42,52.71
2021-05-24 06:00:00,-8839.17,8032.13,31587.7,38751.26,52.71
2021-05-24 07:00:00,-10783.79,8134.27,33542.21,40797.38,52.71
2021-05-24 08:00:00,-12479.36,8192.57,37233.03,43728.28,52.71
2021-05-24 09:00:00,-13844.66,8206.82,43328.51,46764.5,52.71
2021-05-24 10:00:00,-14715.3,8095.54,49760.04,50836.88,52.71
2021-05-24 11:00:00,-14880.57,7930.87,52495.2,52696.47,52.71
2021-05-24 12:00:00,-15005.25,7983.12,53326.6,52585.66,52.71
2021-05-24 13:00:00,-14285.24,7972.55,51203.62,50050.38,52.71
2021-05-24 14:00:00,-12573.71,8057.73,47189.57,48879.36,52.71
2021-05-24 15:00:00,-9156.63,8221.2,41818.86,48227.4,52.71
2021-05-24 16:00:00,-6191.02,8591.76,36704.35,47941.41,52.71
2021-05-24 17:00:00,-2230.55,9992.42,32267.01,49061.83,52.71
2021-05-24 18:00:00,318.86,11430.78,27673.56,50272.9,52.71
2021-05-24 19:00:00,-142.58,12837.17,23851.8,50416.26,52.71
2021-05-24 20:00:00,614.29,13436.83,21282.67,49422.02,52.71
2021-05-24 21:00:00,628.37,13404.18,20888.9,49310.07,52.71
2021-05-24 22:00:00,922.6,13419.45,21343.15,49045.73,52.71
2021-05-24 23:00:00,-485.57,12430.86,21869.62,45573.08,52.71
2021-05-25 00:00:00,223.53,11514.19,22358.2,43160.58,52.71
2021-05-25 01:00:00,-1174.33,11266.59,23010.25,42153.92,52.71
2021-05-25 02:00:00,-1918.77,11081.77,22889.75,41628.87,52.71
2021-05-25 03:00:00,-2071.72,11444.66,23437.61,41743.5,52.71
2021-05-25 04:00:00,-2218.12,11667.36,24368.34,43413.12,52.71
2021-05-25 05:00:00,-1415.59,12490.53,25208.39,46651.3,52.71
2021-05-25 06:00:00,-1472.57,14760.71,27549.13,54132.68,52.71
2021-05-25 07:00:00,-2241.69,15834.73,31714.77,59772.38,52.71
2021-05-25 08:00:00,-4548.53,16191.68,36560.04,63468.33,52.71
2021-05-25 09:00:00,-7071.08,16437.75,40994.58,65019.91,52.71
2021-05-25 10:00:00,-8032.83,16106.14,45261.56,66072.19,52.71
2021-05-25 11:00:00,-7720.44,15373.05,48832.31,67404.66,52.71
2021-05-25 12:00:00,-8286.31,14111.42,51156.9,67585.49,52.71
2021-05-25 13:00:00,-9309.48,12837.73,53239.25,67075.86,52.71
2021-05-25 14:00:00,-9650.78,12483.69,53375.69,66485.6,52.71
2021-05-25 15:00:00,-10113.82,12599.98,51258.35,64426.62,52.71
2021-05-25 16:00:00,-7758.44,12970.04,48038.13,63269.78,52.71
2021-05-25 17:00:00,-6145.22,14348.95,43955.68,63534.01,52.71
2021-05-25 18:00:00,-2801.3,15471.78,37986.64,63112.22,52.71
2021-05-25 19:00:00,-1633.81,16625.72,32926.34,62187.09,52.71
2021-05-25 20:00:00,-1119.31,16888.32,29862.26,60137.98,52.71
2021-05-25 21:00:00,-2038.18,16650.24,29114.87,58034.78,52.71
2021-05-25 22:00:00,-2753.06,16531.5,29417.68,55981.84,52.71
2021-05-25 23:00:00,-5398.84,15934.89,29616.62,52597.47,52.71
2021-05-26 00:00:00,-4217.83,14663.82,29049.39,49261.22,52.71
2021-05-26 01:00:00,-3908.15,14200.76,28756.02,47684.22,52.71
2021-05-26 02:00:00,-2801.32,13579.98,28227.94,47303.91,52.71
2021-05-26 03:00:00,-1869.03,13476.64,27929.44,47514.37,52.71
2021-05-26 04:00:00,-1065.97,13989.06,27581.66,48705.91,52.71
2021-05-26 05:00:00,-325.6,15760.17,28093.37,51540.89,52.71
2021-05-26 06:00:00,-62.19,17423.85,30142.01,57874.32,52.71
2021-05-26 07:00:00,-1184.43,18251.81,33837.36,62969.93,52.71
2021-05-26 08:00:00,-2883.25,18674.95,38015.47,66400.62,52.71
2021-05-26 09:00:00,-4855.35,18557.56,42194.39,67592.87,52.71
2021-05-26 10:00:00,-4711.46,18337.4,42380.25,68321.43,52.71
2021-05-26 11:00:00,-3928.01,18328.37,43163.94,69581.53,52.71
2021-05-26 12:00:00,-2556.66,17727.45,44090.67,69489.28,52.71
2021-05-26 13:00:00,-2726.23,16487.17,44999.85,68833.97,52.71
2021-05-26 14:00:00,-2688.46,15464.89,44991.49,67174.46,52.71
2021-05-26 15:00:00,-3559.58,15335.85,45102.03,65129.15,52.71
2021-05-26 16:00:00,-3056.91,15622.24,43404.59,64290.38,52.71
2021-05-26 17:00:00,-4528.97,17690.34,41127.63,63546.76,52.71
2021-05-26 18:00:00,-3092.03,18582.5,38089.13,63147.88,52.71
2021-05-26 19:00:00,-2095.07,18711.9,34473.95,62793.74,52.71
2021-05-26 20:00:00,-2204.52,18625.73,31875.05,60382.03,52.71
2021-05-26 21:00:00,-3313.81,18524.75,31587.16,58646.93,52.71
2021-05-26 22:00:00,-4373.75,17980.97,31805.22,56583.45,52.71
2021-05-26 23:00:00,-5425.67,16198.95,32193.9,52878.76,52.71
2021-05-27 00:00:00,-4874.53,14530.33,32642.16,50436.27,52.71
2021-05-27 01:00:00,-5123.08,14166.12,32424.97,48386.91,52.71
2021-05-27 02:00:00,-5261.8,14078.88,32235.29,47480.63,52.71
2021-05-27 03:00:00,-4993.34,14074.74,32060.13,47528.83,52.71
2021-05-27 04:00:00,-4153.14,14689.87,32041.93,48775.14,52.71
2021-05-27 05:00:00,-4211.62,16476.65,31588.63,51946.15,52.71
2021-05-27 06:00:00,-4751.21,19834.42,31702.13,57790.75,52.71
2021-05-27 07:00:00,-4487.73,21889.01,33066.71,62310.66,52.71
2021-05-27 08:00:00,-5362.44,23266.17,35074.06,65560.51,52.71
2021-05-27 09:00:00,-7373.08,23331.64,37282.08,66844.86,52.71
2021-05-27 10:00:00,-7812.07,23140.87,39340.32,67695.75,52.71
2021-05-27 11:00:00,-6440.62,22439.72,41344.57,68646.42,52.71
2021-05-27 12:00:00,-6756.9,22078.27,43049.49,68465.37,52.71
2021-05-27 13:00:00,-7760.9,21090.8,43894.63,67206.46,52.71
2021-05-27 14:00:00,-6811.08,20521.94,43348.38,66332.5,52.71
2021-05-27 15:00:00,-5926.21,20662.4,41463.33,65086.27,52.71
2021-05-27 16:00:00,-5097.33,21285.75,37668.49,63592.6,52.71
2021-05-27 17:00:00,-3691.7,22540.33,33586.0,63378.61,52.71
2021-05-27 18:00:00,-996.27,23047.44,29173.19,62705.31,52.71
2021-05-27 19:00:00,2161.26,23151.83,24492.06,61538.9,52.71
2021-05-27 20:00:00,2490.93,23112.96,20562.51,59130.79,52.71
2021-05-27 21:00:00,2697.28,22987.11,18944.18,57012.01,52.71
2021-05-27 22:00:00,1804.15,22755.72,18560.02,54994.58,52.71
2021-05-27 23:00:00,135.73,22006.54,18197.81,50946.2,52.71
2021-05-28 00:00:00,-873.75,21142.71,17589.61,47617.14,52.71
2021-05-28 01:00:00,-539.92,20772.2,16904.4,45832.14,52.71
2021-05-28 02:00:00,391.4,20555.99,16267.85,45033.97,52.71
2021-05-28 03:00:00,2172.68,20185.95,15532.8,45273.13,52.71
2021-05-28 04:00:00,2635.46,20945.06,15240.87,46896.74,52.71
2021-05-28 05:00:00,2777.66,21831.86,15355.69,49641.65,52.71
2021-05-28 06:00:00,4709.53,23259.8,16330.31,55497.27,52.71
2021-05-28 07:00:00,4673.54,24017.22,18961.85,60635.7,52.71
2021-05-28 08:00:00,3130.13,24036.55,23636.25,63261.27,52.71
2021-05-28 09:00:00,56.45,23342.25,28861.93,64422.78,52.71
2021-05-28 10:00:00,-3153.55,22825.64,33299.22,64749.39,52.71
2021-05-28 11:00:00,-2762.34,22378.93,35557.88,65713.88,51.49
2021-05-28 12:00:00,-3054.5,21210.11,36754.93,65494.2,51.08
2021-05-28 13:00:00,-1842.55,19392.09,37733.56,63586.0,51.08
2021-05-28 14:00:00,-2663.2,19422.23,37815.6,61793.01,51.08
2021-05-28 15:00:00,-2801.73,19514.63,36467.13,60523.68,51.08
2021-05-28 16:00:00,-3144.68,20607.0,33781.86,59546.92,51.08
2021-05-28 17:00:00,-1054.64,21853.4,29019.33,59244.27,51.08
2021-05-28 18:00:00,1356.48,22900.55,22975.54,59061.47,51.08
2021-05-28 19:00:00,5188.05,23461.47,17358.65,58520.34,51.08
2021-05-28 20:00:00,5688.09,23518.23,14190.4,56499.95,51.08
2021-05-28 21:00:00,4897.04,23490.23,12735.56,54598.88,51.08
2021-05-28 22:00:00,4227.47,23315.98,12606.43,52742.47,51.08
2021-05-28 23:00:00,2819.93,22404.06,12638.91,48991.82,51.08
2021-05-29 00:00:00,2308.45,20984.87,12645.3,46095.55,51.08
2021-05-29 01:00:00,2297.1,19867.32,12799.98,44161.75,51.08
2021-05-29 02:00:00,2996.88,18400.37,12967.86,43260.53,51.08
2021-05-29 03:00:00,3027.68,17240.64,13310.37,43221.96,51.08
2021-05-29 04:00:00,3231.84,17089.38,13392.59,43270.21,51.08
2021-05-29 05:00:00,2818.91,17169.92,13194.95,43257.52,51.08
2021-05-29 06:00:00,2396.53,17261.55,14622.43,44668.39,51.08
2021-05-29 07:00:00,1976.44,16984.34,18005.23,47747.76,51.08
2021-05-29 08:00:00,-360.48,17112.36,23177.73,51635.34,51.08
2021-05-29 09:00:00,-3069.06,16796.32,28355.6,54021.33,51.08
2021-05-29 10:00:00,-2552.8,15368.1,32693.58,55072.9,51.08
2021-05-29 11:00:00,-3191.74,14095.99,35870.68,55403.73,51.08
2021-05-29 12:00:00,-3364.27,12333.88,37076.31,54806.7,51.08
2021-05-29 13:00:00,-5216.04,11261.94,38223.67,52278.43,51.08
2021-05-29 14:00:00,-4788.42,10416.4,38894.73,50489.81,51.08
2021-05-29 15:00:00,-4918.22,10231.42,38747.37,49594.35,51.08
2021-05-29 16:00:00,-4351.79,10682.02,36623.73,49432.17,51.08
2021-05-29 17:00:00,-3010.14,12130.65,31680.43,49718.48,51.08
2021-05-29 18:00:00,-370.36,14658.05,25642.09,50236.78,51.08
2021-05-29 19:00:00,2582.09,15727.09,19252.21,50022.28,51.08
2021-05-29 20:00:00,3045.88,16036.7,15634.65,48712.07,51.08
2021-05-29 21:00:00,3163.06,16100.45,14921.75,47624.23,51.08
2021-05-29 22:00:00,3178.06,16134.73,15509.52,46900.48,51.08
2021-05-29 23:00:00,1784.13,15874.0,15461.07,43946.57,51.08
2021-05-30 00:00:00,1827.5,14844.97,15093.79,41199.59,51.08
2021-05-30 01:00:00,3070.93,12784.39,14857.69,39246.42,51.08
2021-05-30 02:00:00,4044.39,11350.97,14540.14,38253.54,51.08
2021-05-30 03:00:00,5156.32,10478.92,14197.72,38221.47,51.08
2021-05-30 04:00:00,6032.46,10442.61,13367.71,38316.02,51.08
2021-05-30 05:00:00,6426.92,10412.83,13117.26,38120.16,51.08
2021-05-30 06:00:00,5706.05,10328.56,14868.74,38824.02,51.08
2021-05-30 07:00:00,3789.5,10312.5,18740.38,41108.96,51.08
2021-05-30 08:00:00,863.6,10137.93,25422.12,44551.66,51.08
2021-05-30 09:00:00,-4211.46,9737.56,32988.82,47364.96,51.08
2021-05-30 10:00:00,-7978.43,9559.41,38726.76,49299.61,51.08
2021-05-30 11:00:00,-8395.22,9520.72,42563.6,50623.66,51.08
2021-05-30 12:00:00,-8971.95,9522.33,44591.27,50073.5,51.08
2021-05-30 13:00:00,-9175.74,9468.21,43999.85,48001.97,51.08
2021-05-30 14:00:00,-10425.51,9490.38,43577.25,46162.74,51.08
2021-05-30 15:00:00,-8259.54,9503.13,41111.62,45147.84,51.08
2021-05-30 16:00:00,-6660.53,9630.45,37591.84,45122.96,51.08
2021-05-30 17:00:00,-3081.52,10301.14,31857.81,46274.08,51.08
2021-05-30 18:00:00,1103.75,13015.12,24559.0,47696.84,51.08
2021-05-30 19:00:00,3716.99,15048.58,17772.05,47832.27,51.08
2021-05-30 20:00:00,5541.74,15793.89,13792.91,47668.14,51.08
2021-05-30 21:00:00,5227.38,15882.35,13410.76,47636.14,51.08
2021-05-30 22:00:00,5606.72,15878.96,14306.92,47916.88,51.08
2021-05-30 23:00:00,3906.51,15737.69,14786.7,45002.12,51.08
2021-05-31 00:00:00,4505.97,14543.09,14650.64,42552.48,51.08
2021-05-31 01:00:00,3847.71,14550.75,14022.48,40940.52,51.08
2021-05-31 02:00:00,4198.97,15033.41,13223.38,40037.22,51.08
2021-05-31 03:00:00,5229.38,15342.38,12328.73,40355.25,51.08
2021-05-31 04:00:00,5903.26,16260.0,11674.53,41830.55,51.08
2021-05-31 05:00:00,7236.76,17862.38,11288.21,45279.81,51.08
2021-05-31 06:00:00,7419.24,19774.55,13143.03,52604.44,51.08
2021-05-31 07:00:00,5850.95,20143.43,18134.33,57906.37,51.08
2021-05-31 08:00:00,3285.37,20020.63,25015.53,61957.58,51.08
2021-05-31 09:00:00,-822.49,19483.49,32764.86,62583.56,51.08
2021-05-31 10:00:00,-4022.81,17929.64,39063.29,63291.05,51.08
2021-05-31 11:00:00,-5680.62,17515.92,42903.69,64410.72,51.08
2021-05-31 12:00:00,-6223.09,16613.03,44210.14,63928.02,51.08
2021-05-31 13:00:00,-5930.05,15883.92,44436.98,62826.58,51.08
2021-05-31 14:00:00,-3598.61,15232.33,43458.48,61449.87,51.08
2021-05-31 15:00:00,-2582.15,15270.28,40868.84,60371.25,51.08
2021-05-31 16:00:00,-1653.45,16095.8,36579.69,59041.12,51.08
2021-05-31 17:00:00,700.47,18316.38,30485.21,58864.39,51.08
2021-05-31 18:00:00,5342.39,19575.05,23532.68,59092.16,51.08
2021-05-31 19:00:00,8608.99,20177.19,17140.04,59061.44,51.08
2021-05-31 20:00:00,9878.47,20205.27,13737.62,57547.1,51.08
2021-05-31 21:00:00,8619.98,20137.06,13533.6,55675.13,51.08
2021-05-31 22:00:00,7193.52,20028.02,14466.98,53219.09,51.08
2021-05-31 23:00:00,5076.43,19443.88,14829.19,49727.83,51.08
2021-06-01 00:00:00,3482.5,18092.96,14820.04,47225.84,51.08
2021-06-01 01:00:00,4255.93,17286.59,14484.61,45189.3,51.08
2021-06-01 02:00:00,5020.92,16911.85,14189.41,43997.8,51.08
2021-06-01 03:00:00,5869.59,16984.18,13539.97,43918.0,51.08
2021-06-01 04:00:00,6101.94,17224.04,13033.25,45251.18,51.08
2021-06-01 05:00:00,6737.0,18188.98,12870.09,48137.02,51.08
2021-06-01 06:00:00,8380.92,19007.68,14668.4,54522.99,51.08
2021-06-01 07:00:00,6547.39,19329.57,19106.27,59753.9,51.08
2021-06-01 08:00:00,4043.64,19220.31,25150.81,62769.98,51.08
2021-06-01 09:00:00,-320.85,18881.31,32175.51,63437.1,51.08
2021-06-01 10:00:00,-2728.89,18046.93,38429.91,64246.88,51.08
2021-06-01 11:00:00,-4157.82,16748.28,42595.94,65023.02,51.08
2021-06-01 12:00:00,-4509.29,15319.42,44400.28,64815.8,51.08
2021-06-01 13:00:00,-3681.52,14332.09,44569.93,63259.1,51.08
2021-06-01 14:00:00,-2291.1,13847.06,43167.79,61912.98,51.08
2021-06-01 15:00:00,-1207.32,14188.6,40693.21,61348.23,51.08
2021-06-01 16:00:00,-393.84,15313.77,36740.26,60163.74,51.08
2021-06-01 17:00:00,1275.79,17464.68,30716.73,60067.31,51.08
2021-06-01 18:00:00,3785.62,19114.3,24475.76,59849.41,51.08
2021-06-01 19:00:00,8129.52,19449.48,19027.08,59282.48,51.08
2021-06-01 20:00:00,7723.29,19484.68,15785.21,57860.48,51.08
2021-06-01 21:00:00,7508.42,19481.2,15506.92,56000.73,51.08
2021-06-01 22:00:00,6223.63,19238.11,16535.6,53651.52,51.08
2021-06-01 23:00:00,3765.93,18554.69,17278.41,49779.78,51.08
2021-06-02 00:00:00,5166.2,16809.91,17273.7,46732.68,51.08
2021-06-02 01:00:00,5531.27,15579.73,17015.54,44900.48,51.08
2021-06-02 02:00:00,6750.58,14922.19,16666.58,44406.55,51.08
2021-06-02 03:00:00,7100.72,14996.95,16194.98,44440.98,51.08
2021-06-02 04:00:00,7169.18,15730.69,15850.49,45284.83,51.08
2021-06-02 05:00:00,7626.27,15655.24,16560.95,47973.74,51.08
2021-06-02 06:00:00,7788.78,17421.02,19228.46,54497.27,51.08
2021-06-02 07:00:00,6199.07,18075.39,23789.69,60100.59,51.08
2021-06-02 08:00:00,2868.7,17896.9,30825.24,62841.24,51.08
2021-06-02 09:00:00,-1065.1,16491.04,38044.06,64096.12,51.08
2021-06-02 10:00:00,-5467.25,15745.03,44200.71,64874.84,51.08
2021-06-02 11:00:00,-6555.69,14585.58,48418.59,65650.88,51.08
2021-06-02 12:00:00,-6235.35,13666.83,50537.19,65534.88,51.08
2021-06-02 13:00:00,-5083.55,12970.5,50921.1,64439.2,51.08
2021-06-02 14:00:00,-5328.12,13078.35,49271.77,63445.31,51.08
2021-06-02 15:00:00,-3981.21,13323.05,45946.71,62564.44,51.08
2021-06-02 16:00:00,-1967.08,13701.99,41560.42,61695.68,51.08
2021-06-02 17:00:00,-90.72,15877.07,35732.5,62045.73,51.08
2021-06-02 18:00:00,2388.67,18044.46,29651.95,61739.22,51.08
2021-06-02 19:00:00,4379.4,18449.49,24604.05,60651.2,51.08
2021-06-02 20:00:00,4327.97,18480.16,22418.39,58410.72,51.08
2021-06-02 21:00:00,2874.22,18326.95,24171.88,56394.57,51.08
2021-06-02 22:00:00,185.99,17703.07,26295.66,54939.15,51.08
2021-06-02 23:00:00,-2367.08,16297.25,26941.7,51510.97,51.08
2021-06-03 00:00:00,-1498.05,14219.42,26940.22,48473.72,51.08
2021-06-03 01:00:00,-1429.26,13819.96,26011.5,46441.25,51.08
2021-06-03 02:00:00,-1195.6,13845.37,25269.67,45220.33,51.08
2021-06-03 03:00:00,-138.66,13784.56,23902.13,44648.37,51.08
2021-06-03 04:00:00,347.74,13845.97,22908.3,44312.4,51.08
2021-06-03 05:00:00,818.44,14157.58,22315.71,44467.62,51.08
2021-06-03 06:00:00,-749.93,15069.28,23208.85,46077.18,51.08
2021-06-03 07:00:00,-3313.01,16553.8,25338.5,49154.52,51.08
2021-06-03 08:00:00,-5887.52,16557.59,29278.37,52068.04,51.08
2021-06-03 09:00:00,-7298.67,16181.69,34660.81,54201.28,51.08
2021-06-03 10:00:00,-6285.92,14564.51,40304.11,56609.31,51.08
2021-06-03 11:00:00,-8051.82,14024.7,44052.43,58240.71,51.08
2021-06-03 12:00:00,-8225.09,14273.75,44162.78,57583.6,51.08
2021-06-03 13:00:00,-9525.2,15020.2,42869.4,55895.05,51.08
2021-06-03 14:00:00,-7568.02,15567.52,40187.36,55017.28,51.08
2021-06-03 15:00:00,-4964.93,16123.92,35761.89,54103.19,51.08
2021-06-03 16:00:00,-3936.04,16832.77,32694.58,53689.16,51.08
2021-06-03 17:00:00,-428.31,17307.63,29242.51,54661.08,51.08
2021-06-03 18:00:00,2158.78,17818.14,25590.33,55685.89,51.08
2021-06-03 19:00:00,2829.52,18250.09,22682.05,54954.59,51.08
2021-06-03 20:00:00,2298.62,18482.23,19712.31,53225.29,51.08
2021-06-03 21:00:00,1586.88,18216.92,18273.98,51804.25,51.08
2021-06-03 22:00:00,2114.84,18225.83,18549.35,50725.48,51.08
2021-06-03 23:00:00,1859.87,17646.35,17865.44,47553.79,51.08
2021-06-04 00:00:00,2086.9,17189.41,17017.85,45008.74,51.08
2021-06-04 01:00:00,3864.19,16542.01,16099.48,43219.16,51.08
2021-06-04 02:00:00,4532.76,15861.27,15141.97,42361.16,51.08
2021-06-04 03:00:00,4752.5,16183.09,13833.89,41760.73,51.08
2021-06-04 04:00:00,6767.79,16542.15,12765.85,42761.37,51.08
2021-06-04 05:00:00,6462.38,17029.14,12362.82,44832.79,51.08
2021-06-04 06:00:00,6784.52,18874.62,13379.32,50239.66,51.08
2021-06-04 07:00:00,6120.82,19772.64,15822.83,55038.11,51.08
2021-06-04 08:00:00,5067.57,20070.4,19131.97,57809.72,51.08
2021-06-04 09:00:00,3063.52,19778.71,23838.1,59254.08,51.08
2021-06-04 10:00:00,1931.46,19338.86,28493.12,60653.37,51.08
2021-06-04 11:00:00,-651.68,19361.11,32600.5,62097.91,49.93
2021-06-04 12:00:00,-2863.4,18798.29,34653.63,61876.5,49.55
2021-06-04 13:00:00,-4116.81,18960.36,34244.4,60755.31,49.55
2021-06-04 14:00:00,-2516.85,18731.19,31787.48,59528.72,49.55
2021-06-04 15:00:00,-1304.28,18916.77,29022.85,57769.65,49.55
2021-06-04 16:00:00,1659.12,19303.72,26259.19,57539.78,49.55
2021-06-04 17:00:00,4927.09,19404.66,22789.32,57731.99,49.55
2021-06-04 18:00:00,6147.3,19598.59,19041.39,57497.89,49.55
2021-06-04 19:00:00,8330.51,19654.23,15505.69,56329.73,49.55
2021-06-04 20:00:00,8265.14,19804.97,13154.56,53869.34,49.55
2021-06-04 21:00:00,7453.92,19446.8,12858.33,51773.22,49.55
2021-06-04 22:00:00,4894.97,19077.78,13161.41,50133.42,49.55
2021-06-04 23:00:00,4457.94,17921.39,13039.17,46557.68,49.55
2021-06-05 00:00:00,5091.8,16557.56,12894.95,43655.46,49.55
2021-06-05 01:00:00,4853.6,16201.29,12510.63,41999.0,49.55
2021-06-05 02:00:00,4318.0,16007.77,12472.36,40519.11,49.55
2021-06-05 03:00:00,4961.86,15737.71,12522.77,39822.27,49.55
2021-06-05 04:00:00,5093.81,15704.35,12382.64,39743.3,49.55
2021-06-05 05:00:00,5037.33,15582.47,12752.26,40103.17,49.55
2021-06-05 06:00:00,4113.14,16018.13,14295.14,42235.75,49.55
2021-06-05 07:00:00,3278.62,16345.15,16805.19,45659.16,49.55
2021-06-05 08:00:00,2025.48,16715.91,20777.25,49558.52,49.55
2021-06-05 09:00:00,397.22,16903.27,25016.31,52508.56,49.55
2021-06-05 10:00:00,-775.99,16773.25,28312.78,54433.47,49.55
2021-06-05 11:00:00,-2012.57,16748.38,30564.71,55467.86,49.55
2021-06-05 12:00:00,-3353.71,16395.73,32262.78,54691.97,49.55
2021-06-05 13:00:00,-1814.88,16055.23,32919.89,53372.2,49.55
2021-06-05 14:00:00,-2137.05,15245.33,31799.74,52058.14,49.55
2021-06-05 15:00:00,-3033.08,15636.43,29894.41,50983.99,49.55
2021-06-05 16:00:00,-300.63,15789.56,27703.07,50636.6,49.55
2021-06-05 17:00:00,907.3,16346.63,23837.38,51160.22,49.55
2021-06-05 18:00:00,4297.27,16733.92,20360.86,51434.94,49.55
2021-06-05 19:00:00,3275.9,16933.48,17354.48,50484.18,49.55
2021-06-05 20:00:00,2757.14,16934.42,15632.66,48430.27,49.55
2021-06-05 21:00:00,2551.1,16852.14,14675.96,47216.59,49.55
2021-06-05 22:00:00,2628.36,16779.16,14333.74,46044.34,49.55
2021-06-05 23:00:00,2034.81,16504.33,14098.35,42884.22,49.55
2021-06-06 00:00:00,2762.7,15656.79,13639.42,40309.65,49.55
2021-06-06 01:00:00,1370.21,15828.45,13395.11,38053.26,49.55
2021-06-06 02:00:00,1906.15,15217.26,13370.15,37427.92,49.55
2021-06-06 03:00:00,2108.83,14850.65,13174.26,36927.52,49.55
2021-06-06 04:00:00,2962.48,14371.75,13161.44,36656.32,49.55
2021-06-06 05:00:00,3372.74,14133.96,13631.58,36618.72,49.55
2021-06-06 06:00:00,2972.61,14050.07,14597.27,37676.42,49.55
2021-06-06 07:00:00,2815.51,13952.7,16150.67,39887.82,49.55
2021-06-06 08:00:00,4136.05,13927.85,18155.11,43141.04,49.55
2021-06-06 09:00:00,3350.59,14314.08,20695.25,46591.93,49.55
2021-06-06 10:00:00,4033.79,14468.33,22861.65,49168.06,49.55
2021-06-06 11:00:00,5041.5,14527.39,24571.39,51411.03,49.55
2021-06-06 12:00:00,4016.05,14407.23,25928.91,51528.08,49.55
2021-06-06 13:00:00,2571.27,14163.91,26358.01,49646.21,49.55
2021-06-06 14:00:00,1759.27,13970.16,26218.66,48425.75,49.55
2021-06-06 15:00:00,2358.31,13964.07,25108.55,47485.9,49.55
2021-06-06 16:00:00,3560.98,14443.27,23317.22,47333.45,49.55
2021-06-06 17:00:00,4677.89,15360.01,21032.52,48720.95,49.55
2021-06-06 18:00:00,5281.33,16943.53,18588.3,49777.99,49.55
2021-06-06 19:00:00,5895.99,17916.41,16401.02,49339.43,49.55
2021-06-06 20:00:00,4745.6,18312.76,14547.49,48336.47,49.55
2021-06-06 21:00:00,3977.33,18474.96,13956.28,47497.81,49.55
2021-06-06 22:00:00,4519.02,18528.65,13599.81,47589.28,49.55
2021-06-06 23:00:00,3992.95,18316.54,12915.77,44718.36,49.55
2021-06-07 00:00:00,3697.55,17855.25,12282.87,42137.66,49.55
2021-06-07 01:00:00,2893.23,17883.69,11787.57,40660.21,49.55
2021-06-07 02:00:00,4989.45,17871.25,11336.46,40046.21,49.55
2021-06-07 03:00:00,5641.36,18103.14,10768.54,40213.61,49.55
2021-06-07 04:00:00,6110.02,18969.43,10634.4,41915.38,49.55
2021-06-07 05:00:00,6206.1,20534.06,10823.13,45457.55,49.55
2021-06-07 06:00:00,6533.4,22690.29,12238.66,53424.51,49.55
2021-06-07 07:00:00,6419.44,24108.91,14802.38,59189.32,49.55
2021-06-07 08:00:00,5392.6,24585.75,18447.2,62675.79,49.55
2021-06-07 09:00:00,4205.02,24398.47,22536.68,64128.75,49.55
2021-06-07 10:00:00,2001.09,24480.84,26181.89,65691.41,49.55
2021-06-07 11:00:00,1694.2,24190.61,28804.36,67139.12,49.55
2021-06-07 12:00:00,1298.96,23865.71,29982.08,66951.98,49.55
2021-06-07 13:00:00,-252.28,23741.67,30672.93,65731.24,49.55
2021-06-07 14:00:00,-360.96,23614.66,30407.2,64302.59,49.55
2021-06-07 15:00:00,273.87,23590.71,29071.59,62978.02,49.55
2021-06-07 16:00:00,1400.96,23323.03,26681.22,61413.94,49.55
2021-06-07 17:00:00,3116.75,23459.89,23417.04,61543.95,49.55
2021-06-07 18:00:00,5413.02,23727.28,19722.56,61484.51,49.55
2021-06-07 19:00:00,7288.08,23929.31,16267.82,60692.14,49.55
2021-06-07 20:00:00,7150.34,23723.33,13989.22,58228.0,49.55
2021-06-07 21:00:00,6407.69,23879.59,13372.11,55708.36,49.55
2021-06-07 22:00:00,5082.1,23702.9,13213.3,53421.39,49.55
2021-06-07 23:00:00,3268.42,22736.29,12885.06,49422.38,49.55
2021-06-08 00:00:00,2251.1,22076.83,12500.48,46669.0,49.55
2021-06-08 01:00:00,2864.59,21863.7,11968.59,44659.36,49.55
2021-06-08 02:00:00,3293.2,21873.85,11529.55,43782.74,49.55
2021-06-08 03:00:00,4115.61,22239.55,11101.96,44179.61,49.55
2021-06-08 04:00:00,4821.67,22406.83,10775.93,45237.34,49.55
2021-06-08 05:00:00,5502.88,22862.15,11030.14,47869.98,49.55
2021-06-08 06:00:00,6907.64,24392.44,12515.16,55012.61,49.55
2021-06-08 07:00:00,5719.68,25300.19,15518.52,60280.13,49.55
2021-06-08 08:00:00,3509.41,25495.49,19792.74,63638.46,49.55
2021-06-08 09:00:00,873.01,25434.01,24691.21,64568.28,49.55
2021-06-08 10:00:00,-380.06,25048.65,29285.55,65801.28,49.55
2021-06-08 11:00:00,-1171.21,24724.47,32741.19,67228.48,49.55
2021-06-08 12:00:00,-2403.42,24277.08,34425.54,66764.64,49.55
2021-06-08 13:00:00,-3013.25,24373.96,34055.25,65995.3,49.55
2021-06-08 14:00:00,-2200.91,24032.49,33215.09,64662.11,49.55
2021-06-08 15:00:00,-1779.83,23951.9,31457.03,63694.82,49.55
2021-06-08 16:00:00,-1068.61,24368.93,28188.53,62871.58,49.55
2021-06-08 17:00:00,1180.25,24779.74,24147.25,62521.04,49.55
2021-06-08 18:00:00,4662.02,25118.71,19698.76,62140.55,49.55
2021-06-08 19:00:00,5093.93,25655.05,15515.43,61142.51,49.55
2021-06-08 20:00:00,4320.94,25820.39,12792.6,58720.81,49.55
2021-06-08 21:00:00,4854.84,25527.59,11735.69,56469.17,49.55
2021-06-08 22:00:00,4061.81,25203.58,11689.09,54183.41,49.55
2021-06-08 23:00:00,3124.42,24057.72,11464.79,50295.85,49.55
2021-06-09 00:00:00,3584.04,22400.74,10837.64,47242.88,49.55
2021-06-09 01:00:00,4591.97,21791.08,10455.26,45449.16,49.55
2021-06-09 02:00:00,5364.61,21468.16,10084.59,44592.84,49.55
2021-06-09 03:00:00,5669.84,21739.5,9653.48,44520.5,49.55
2021-06-09 04:00:00,7115.29,21834.13,9126.51,45562.5,49.55
2021-06-09 05:00:00,6771.74,22470.55,9351.76,48122.93,49.55
2021-06-09 06:00:00,7647.31,23525.03,11779.41,54927.26,49.55
2021-06-09 07:00:00,6142.66,24497.99,16022.48,60719.31,49.55
2021-06-09 08:00:00,3382.69,25000.81,21675.85,63932.62,49.55
2021-06-09 09:00:00,4.24,24743.09,28004.06,65050.39,49.55
2021-06-09 10:00:00,-2908.36,24512.5,32999.33,66509.39,49.55
2021-06-09 11:00:00,-4567.8,24331.35,36106.1,67747.6,49.55
2021-06-09 12:00:00,-5573.6,23781.09,37670.16,67552.07,49.55
2021-06-09 13:00:00,-4421.49,23268.87,36793.46,66647.0,49.55
2021-06-09 14:00:00,-4084.11,23760.84,34575.37,65427.72,49.55
2021-06-09 15:00:00,-2639.7,23920.33,31251.43,64046.94,49.55
2021-06-09 16:00:00,-456.68,23820.76,27491.4,62594.49,49.55
2021-06-09 17:00:00,2869.48,24086.96,23186.32,62634.96,49.55
2021-06-09 18:00:00,6158.14,24433.48,18748.29,62263.38,49.55
2021-06-09 19:00:00,7866.88,24949.76,14489.33,61326.58,49.55
2021-06-09 20:00:00,7676.12,24957.73,11542.9,59107.43,49.55
2021-06-09 21:00:00,7461.78,24908.64,10339.0,56619.7,49.55
2021-06-09 22:00:00,6161.67,24782.55,9998.35,54368.64,49.55
2021-06-09 23:00:00,5412.04,24124.91,9725.15,50436.54,49.55
2021-06-10 00:00:00,5347.24,22887.77,9597.84,47465.8,49.55
2021-06-10 01:00:00,6284.32,22103.08,9443.59,45523.73,49.55
2021-06-10 02:00:00,6484.8,21825.69,9312.85,44651.62,49.55
2021-06-10 03:00:00,6191.01,21715.4,9308.96,44838.82,49.55
2021-06-10 04:00:00,6986.01,21772.34,9144.25,45483.62,49.55
2021-06-10 05:00:00,7490.28,22537.26,9374.68,48057.5,49.55
2021-06-10 06:00:00,7480.49,24303.66,11788.13,55036.87,49.55
2021-06-10 07:00:00,6977.48,25047.8,16539.53,60518.18,49.55
2021-06-10 08:00:00,2668.16,25006.5,22699.21,63754.14,49.55
2021-06-10 09:00:00,-1836.33,24731.53,29292.62,64708.53,49.55
2021-06-10 10:00:00,-3339.75,23855.03,34774.78,66380.42,49.55
2021-06-10 11:00:00,-4795.5,23789.6,37559.83,67566.34,49.55
2021-06-10 12:00:00,-4069.25,23615.39,36661.18,67226.56,49.55
2021-06-10 13:00:00,-5140.12,22660.88,38632.01,66322.8,49.55
2021-06-10 14:00:00,-4989.67,22661.11,37843.71,64992.09,49.55
2021-06-10 15:00:00,-3863.35,22798.44,35308.62,64099.71,49.55
2021-06-10 16:00:00,-3192.16,23553.12,31406.14,63141.72,49.55
2021-06-10 17:00:00,21.32,24099.81,26194.66,62973.19,49.55
2021-06-10 18:00:00,3757.66,24557.5,20824.27,62298.32,49.55
2021-06-10 19:00:00,6916.23,24575.28,15604.95,61516.3,49.55
2021-06-10 20:00:00,7778.21,24212.07,12412.99,59111.81,49.55
2021-06-10 21:00:00,8163.65,23842.57,10710.22,56590.18,49.55
2021-06-10 22:00:00,8105.74,23749.17,10120.35,54204.17,49.55
2021-06-10 23:00:00,6313.27,22921.75,10089.13,50312.14,49.55
2021-06-11 00:00:00,5342.88,22273.7,10156.43,47690.9,49.55
2021-06-11 01:00:00,5696.69,21692.27,9667.49,45871.64,49.55
2021-06-11 02:00:00,6528.47,21121.97,9225.6,44994.08,49.55
2021-06-11 03:00:00,6477.14,21141.36,9286.04,44848.46,49.55
2021-06-11 04:00:00,7175.76,21149.36,9710.24,45657.75,49.55
2021-06-11 05:00:00,7824.36,21565.39,10550.25,48283.85,49.55
2021-06-11 06:00:00,8745.45,22457.21,13463.7,55140.5,49.55
2021-06-11 07:00:00,6383.86,22696.77,18410.2,60738.87,49.55
2021-06-11 08:00:00,2968.17,22707.57,25013.13,63931.62,49.55
2021-06-11 09:00:00,-1899.91,22571.12,32650.02,65345.27,49.55
2021-06-11 10:00:00,-6040.2,22091.02,38759.81,66220.07,49.55
2021-06-11 11:00:00,-7064.5,21453.35,42290.55,67179.88,52.23
2021-06-11 12:00:00,-7793.06,21085.12,43339.39,66449.56,53.12
2021-06-11 13:00:00,-8096.24,20720.52,42616.91,65152.48,53.12
2021-06-11 14:00:00,-6639.28,20469.82,41516.83,63724.07,53.12
2021-06-11 15:00:00,-4774.02,20274.46,39709.66,62664.14,53.12
2021-06-11 16:00:00,-3205.41,20394.97,37021.97,61846.98,53.12
2021-06-11 17:00:00,-486.68,20965.93,32567.26,61870.89,53.12
2021-06-11 18:00:00,3367.09,21327.96,27090.43,61291.54,53.12
2021-06-11 19:00:00,5825.45,22060.35,20910.89,60161.94,53.12
2021-06-11 20:00:00,6697.83,22054.04,16233.99,57527.43,53.12
2021-06-11 21:00:00,7483.13,21781.26,14582.39,54993.94,53.12
2021-06-11 22:00:00,6361.62,21570.16,14038.17,53152.21,53.12
2021-06-11 23:00:00,4865.34,20589.22,14147.49,49658.56,53.12
2021-06-12 00:00:00,4936.84,18951.03,13984.45,46042.45,53.12
2021-06-12 01:00:00,5141.94,17667.43,14049.97,44011.52,53.12
2021-06-12 02:00:00,5491.97,16401.21,14467.04,42814.09,53.12
2021-06-12 03:00:00,4091.48,16065.91,14859.95,42100.54,53.12
2021-06-12 04:00:00,4106.42,15939.53,15154.21,41720.3,53.12
2021-06-12 05:00:00,3549.47,15627.72,16585.36,41868.96,53.12
2021-06-12 06:00:00,2823.57,14874.13,19247.97,44382.79,53.12
2021-06-12 07:00:00,1698.15,14882.34,22941.13,47171.3,53.12
2021-06-12 08:00:00,-425.88,14659.21,28658.58,51161.88,53.12
2021-06-12 09:00:00,-2952.47,13150.16,36223.79,54246.92,53.12
2021-06-12 10:00:00,-4692.76,10067.42,44306.71,56163.0,53.12
2021-06-12 11:00:00,-7865.25,9016.56,50360.1,57421.92,53.12
2021-06-12 12:00:00,-11484.09,8630.55,54301.82,56673.74,53.12
2021-06-12 13:00:00,-13374.95,8485.98,55478.56,55741.33,53.12
2021-06-12 14:00:00,-13633.36,8397.81,56366.4,54451.04,53.12
2021-06-12 15:00:00,-13429.99,8409.75,56430.36,54094.38,53.12
2021-06-12 16:00:00,-12870.59,8458.6,55072.86,53750.56,53.12
2021-06-12 17:00:00,-11356.9,8520.97,52484.33,54571.9,53.12
2021-06-12 18:00:00,-8634.52,8533.84,48539.55,54686.27,53.12
2021-06-12 19:00:00,-6229.64,8807.54,41923.81,53475.71,53.12
2021-06-12 20:00:00,-4228.8,9403.05,35940.83,51481.05,53.12
2021-06-12 21:00:00,-2981.83,9615.47,32568.33,49538.93,53.12
2021-06-12 22:00:00,-2344.53,8982.01,30680.97,48905.22,53.12
2021-06-12 23:00:00,-1990.94,8577.94,29611.82,45693.4,53.12
2021-06-13 00:00:00,-1835.98,8610.11,28867.71,42827.68,53.12
2021-06-13 01:00:00,-2039.71,8701.09,27633.82,40901.64,53.12
2021-06-13 02:00:00,-2146.9,8587.69,26655.2,39656.25,53.12
2021-06-13 03:00:00,-1472.29,8591.56,26128.24,39305.57,53.12
2021-06-13 04:00:00,166.59,8597.08,25432.48,38912.94,53.12
2021-06-13 05:00:00,-42.34,8625.85,24916.98,38714.46,53.12
2021-06-13 06:00:00,-1046.52,8561.76,25742.89,39509.9,53.12
2021-06-13 07:00:00,-2933.8,8654.05,28479.29,41845.04,53.12
2021-06-13 08:00:00,-4709.22,8541.71,34336.26,45365.2,53.12
2021-06-13 09:00:00,-7623.7,8669.02,39829.99,48013.37,53.12
2021-06-13 10:00:00,-6992.24,8397.61,44656.58,50482.18,53.12
2021-06-13 11:00:00,-8356.72,8365.44,48562.22,52046.31,53.12
2021-06-13 12:00:00,-9776.51,8382.77,49775.54,51490.56,53.12
2021-06-13 13:00:00,-10730.59,8357.52,49419.44,49281.67,53.12
2021-06-13 14:00:00,-11502.69,8387.0,48227.48,47710.8,53.12
2021-06-13 15:00:00,-11179.78,8429.07,46335.94,47162.26,53.12
2021-06-13 16:00:00,-9521.84,9038.94,43301.47,46674.4,53.12
2021-06-13 17:00:00,-3604.24,9983.93,36303.76,47812.36,53.12
2021-06-13 18:00:00,1021.52,12083.18,28080.42,49086.62,53.12
2021-06-13 19:00:00,5484.12,13795.42,20123.16,49311.84,53.12
2021-06-13 20:00:00,8035.76,14496.62,14950.1,48891.33,53.12
2021-06-13 21:00:00,7306.81,14821.6,12938.44,47985.96,53.12
2021-06-13 22:00:00,8741.72,14853.96,12661.12,48358.69,53.12
2021-06-13 23:00:00,8823.52,15372.88,12367.23,45268.04,53.12
2021-06-14 00:00:00,7947.18,15335.97,12307.17,42648.42,53.12
2021-06-14 01:00:00,7734.25,14867.31,12041.11,40923.04,53.12
2021-06-14 02:00:00,8721.26,14796.13,11985.48,40170.17,53.12
2021-06-14 03:00:00,9045.79,15192.36,12478.19,40139.31,53.12
2021-06-14 04:00:00,8715.75,15768.04,13515.11,41410.36,53.12
2021-06-14 05:00:00,9140.03,16462.69,14996.31,44756.36,53.12
2021-06-14 06:00:00,9785.96,17671.4,18561.95,52670.08,53.12
2021-06-14 07:00:00,6701.58,18596.54,23742.1,58518.47,53.12
2021-06-14 08:00:00,2707.08,18599.85,30913.85,62767.0,53.12
2021-06-14 09:00:00,-2023.28,18236.59,38908.32,63819.54,53.12
2021-06-14 10:00:00,-5538.26,17601.02,44969.02,65078.97,53.12
2021-06-14 11:00:00,-6310.53,16898.46,48870.3,66088.38,53.12
2021-06-14 12:00:00,-5773.1,15763.03,50869.95,65850.48,53.12
2021-06-14 13:00:00,-5391.76,15167.37,50793.23,65311.37,53.12
2021-06-14 14:00:00,-5435.75,16090.95,48876.81,63861.09,53.12
2021-06-14 15:00:00,-5047.73,17026.61,45504.41,62933.26,53.12
2021-06-14 16:00:00,-3293.17,18376.12,39802.69,62066.28,53.12
2021-06-14 17:00:00,275.59,20137.27,32525.55,62005.93,53.12
2021-06-14 18:00:00,6265.25,21502.15,24157.92,62150.02,53.12
2021-06-14 19:00:00,10429.68,22282.12,17274.89,61317.14,53.12
2021-06-14 20:00:00,9712.39,22732.12,13717.59,59141.9,53.12
2021-06-14 21:00:00,8351.36,23078.37,12853.39,57151.48,53.12
2021-06-14 22:00:00,6237.07,23134.95,13282.54,54819.16,53.12
2021-06-14 23:00:00,4875.62,22580.49,13005.71,50984.47,53.12
2021-06-15 00:00:00,3812.71,22131.86,12593.42,47675.49,53.12
2021-06-15 01:00:00,5634.64,21227.11,12153.09,46021.22,53.12
2021-06-15 02:00:00,5771.92,21179.37,11750.68,45093.05,53.12
2021-06-15 03:00:00,7026.68,21132.84,11257.39,45261.36,53.12
2021-06-15 04:00:00,7421.22,21494.16,11015.13,46094.29,53.12
2021-06-15 05:00:00,8119.84,22044.38,11260.12,48774.82,53.12
2021-06-15 06:00:00,8764.64,23277.15,13591.11,55704.28,53.12
2021-06-15 07:00:00,7369.42,23840.39,17899.05,61388.97,53.12
2021-06-15 08:00:00,4129.89,24419.67,23477.87,64618.05,53.12
2021-06-15 09:00:00,1041.0,24640.75,28932.03,65568.13,53.12
2021-06-15 10:00:00,-2235.42,24589.26,33908.07,66209.08,53.12
2021-06-15 11:00:00,-2528.99,24167.96,37484.71,67475.3,53.12
2021-06-15 12:00:00,-4293.45,23320.14,40102.54,67563.51,53.12
2021-06-15 13:00:00,-4277.28,22417.17,40662.01,66361.64,53.12
2021-06-15 14:00:00,-4086.49,22196.3,39576.71,65209.97,53.12
2021-06-15 15:00:00,-1614.03,22372.51,36889.37,64377.18,53.12
2021-06-15 16:00:00,-671.36,23042.31,33347.18,63266.0,53.12
2021-06-15 17:00:00,692.7,24154.28,27987.42,63297.79,53.12
2021-06-15 18:00:00,4418.36,24929.35,21776.44,62952.65,53.12
2021-06-15 19:00:00,6756.34,25251.73,15988.09,61852.52,53.12
2021-06-15 20:00:00,7470.4,25726.46,12767.84,59912.85,53.12
2021-06-15 21:00:00,5504.66,25731.79,12025.0,57079.52,53.12
2021-06-15 22:00:00,4656.19,25217.78,12248.84,55062.9,53.12
2021-06-15 23:00:00,3820.51,24496.13,12325.71,51610.18,53.12
2021-06-16 00:00:00,2768.82,23266.72,12442.44,48444.25,53.12
2021-06-16 01:00:00,2629.7,22504.27,12630.37,46234.1,53.12
2021-06-16 02:00:00,3259.24,22457.34,12704.22,45518.0,53.12
2021-06-16 03:00:00,5195.06,22010.74,12782.56,45585.4,53.12
2021-06-16 04:00:00,5158.12,22258.41,12999.02,46102.55,53.12
2021-06-16 05:00:00,4727.0,22819.34,13849.41,48767.73,53.12
2021-06-16 06:00:00,5633.32,24413.56,16225.58,56071.64,53.12
2021-06-16 07:00:00,4310.38,25101.32,19606.15,61095.9,53.12
2021-06-16 08:00:00,655.74,25492.74,25083.77,64263.05,53.12
2021-06-16 09:00:00,-3661.94,25705.66,31359.9,65374.61,53.12
2021-06-16 10:00:00,-6180.62,25175.75,36922.3,66517.46,53.12
2021-06-16 11:00:00,-7416.08,24764.47,40884.11,67955.83,53.12
2021-06-16 12:00:00,-8677.49,24491.79,42781.35,67699.26,53.12
2021-06-16 13:00:00,-7924.2,24305.06,42725.26,66870.86,53.12
2021-06-16 14:00:00,-7863.01,24607.79,41002.58,65694.63,53.12
2021-06-16 15:00:00,-6958.27,24888.01,38066.2,65029.04,53.12
2021-06-16 16:00:00,-5055.24,25223.77,33637.29,63982.6,53.12
2021-06-16 17:00:00,-178.58,25652.07,27868.66,63796.01,53.12
2021-06-16 18:00:00,3216.52,26227.61,22033.89,63617.24,53.12
2021-06-16 19:00:00,4190.82,26441.38,17479.69,62948.96,53.12
2021-06-16 20:00:00,3123.9,26461.15,15517.39,60894.21,53.12
2021-06-16 21:00:00,2129.89,26576.29,16633.98,58674.0,53.12
2021-06-16 22:00:00,-404.22,26361.07,19277.76,56955.56,53.12
2021-06-16 23:00:00,-2394.29,24877.58,21180.25,53269.81,53.12
2021-06-17 00:00:00,-1194.68,22681.97,21493.94,50264.88,53.12
2021-06-17 01:00:00,-674.06,21597.91,21698.6,48760.38,53.12
2021-06-17 02:00:00,475.85,20616.4,21852.93,47412.25,53.12
2021-06-17 03:00:00,707.36,20011.78,21883.02,47120.72,53.12
2021-06-17 04:00:00,1600.14,19731.0,21686.22,47917.22,53.12
2021-06-17 05:00:00,1341.67,20920.41,21651.42,50489.56,53.12
2021-06-17 06:00:00,1430.19,23070.22,22724.83,57488.74,53.12
2021-06-17 07:00:00,845.79,24031.77,25116.07,62967.52,53.12
2021-06-17 08:00:00,-2332.94,23940.04,29085.5,66263.39,53.12
2021-06-17 09:00:00,-4646.7,24003.12,34176.96,67348.12,53.12
2021-06-17 10:00:00,-6491.3,23846.28,39072.44,69208.33,53.12
2021-06-17 11:00:00,-8155.31,23441.5,43981.35,70615.51,53.12
2021-06-17 12:00:00,-7614.77,21821.24,47740.72,70517.5,53.12
2021-06-17 13:00:00,-6713.16,20701.55,49859.48,70141.75,53.12
2021-06-17 14:00:00,-6254.67,19661.73,49168.34,69428.27,53.12
2021-06-17 15:00:00,-6344.53,20702.61,46572.68,68222.12,53.12
2021-06-17 16:00:00,-6876.73,22042.2,42240.45,67262.95,53.12
2021-06-17 17:00:00,-3652.46,23585.98,36171.27,67127.77,53.12
2021-06-17 18:00:00,1455.22,24336.65,28662.1,65789.47,53.12
2021-06-17 19:00:00,4476.19,25137.31,22158.29,64505.24,53.12
2021-06-17 20:00:00,3502.98,25484.86,17978.72,62382.46,53.12
2021-06-17 21:00:00,2217.47,25467.34,18589.71,60205.06,53.12
2021-06-17 22:00:00,1206.02,24999.35,18910.47,58175.61,53.12
2021-06-17 23:00:00,-208.3,23666.75,18529.11,54354.85,53.12
2021-06-18 00:00:00,1769.25,22701.22,16925.51,51025.54,53.12
2021-06-18 01:00:00,2730.28,22091.63,15558.85,48919.98,53.12
2021-06-18 02:00:00,3992.2,21760.76,14384.31,47506.45,53.12
2021-06-18 03:00:00,5788.36,21847.05,13737.28,47676.86,53.12
2021-06-18 04:00:00,6338.96,22073.3,13430.18,48112.58,53.12
2021-06-18 05:00:00,7285.89,22559.03,14152.29,50373.72,53.12
2021-06-18 06:00:00,6492.95,24170.74,16389.3,57233.33,53.12
2021-06-18 07:00:00,4884.05,25077.59,19735.04,63131.76,53.12
2021-06-18 08:00:00,1304.2,25385.16,25152.2,66953.75,53.12
2021-06-18 09:00:00,-3060.19,25114.57,31874.3,68324.89,53.12
2021-06-18 10:00:00,-5167.83,24684.38,38669.19,69917.05,53.12
2021-06-18 11:00:00,-7402.56,24268.11,42918.23,70488.57,51.91
2021-06-18 12:00:00,-8069.54,23715.78,44165.06,69761.03,51.51
2021-06-18 13:00:00,-7097.89,23286.84,43834.08,68503.37,51.51
2021-06-18 14:00:00,-6590.26,23358.19,42745.66,66875.55,51.51
2021-06-18 15:00:00,-5443.16,23415.49,40033.16,65857.4,51.51
2021-06-18 16:00:00,-3697.42,23765.35,36303.74,64858.05,51.51
2021-06-18 17:00:00,-1750.15,24584.27,31772.7,64192.98,51.51
2021-06-18 18:00:00,1372.14,25123.42,26026.37,63598.78,51.51
2021-06-18 19:00:00,3050.77,25311.07,21371.47,62631.01,51.51
2021-06-18 20:00:00,2223.07,25143.13,18866.51,60439.99,51.51
2021-06-18 21:00:00,627.88,25136.64,17976.38,57684.68,51.51
2021-06-18 22:00:00,-929.24,24596.21,19695.5,56274.75,51.51
2021-06-18 23:00:00,-1531.31,23637.43,19048.21,53469.54,51.51
2021-06-19 00:00:00,1462.92,21082.38,17930.87,50476.19,51.51
2021-06-19 01:00:00,285.7,20361.97,16969.79,47232.06,51.51
2021-06-19 02:00:00,1069.65,20011.41,16062.8,45401.8,51.51
2021-06-19 03:00:00,1328.71,19928.69,16462.73,44908.52,51.51
2021-06-19 04:00:00,1565.01,19620.39,16984.12,44894.12,51.51
2021-06-19 05:00:00,715.58,19502.65,17620.14,44432.06,51.51
2021-06-19 06:00:00,-317.04,19105.93,19911.81,46771.54,51.51
2021-06-19 07:00:00,-688.81,19169.96,23026.43,50134.5,51.51
2021-06-19 08:00:00,-4195.87,18654.86,28964.22,54163.64,51.51
2021-06-19 09:00:00,-5365.7,17673.92,36011.01,57036.68,51.51
2021-06-19 10:00:00,-6747.59,16283.06,41548.6,58621.68,51.51
2021-06-19 11:00:00,-7044.84,15750.43,44305.69,59396.92,51.51
2021-06-19 12:00:00,-7163.5,15237.67,45052.38,58297.53,51.51
2021-06-19 13:00:00,-7893.7,15169.74,43855.53,56716.59,51.51
2021-06-19 14:00:00,-6554.16,15954.08,40969.98,55035.2,51.51
2021-06-19 15:00:00,-5161.27,16638.48,37007.6,54316.35,51.51
2021-06-19 16:00:00,-2649.54,17665.31,32262.46,53929.7,51.51
2021-06-19 17:00:00,76.73,18637.16,26826.1,54511.82,51.51
2021-06-19 18:00:00,3599.95,19368.6,21115.86,53965.2,51.51
2021-06-19 19:00:00,5711.25,19619.17,16441.56,52580.41,51.51
2021-06-19 20:00:00,5501.84,19748.62,13966.05,51301.96,51.51
2021-06-19 21:00:00,4202.59,20072.93,13621.46,49652.9,51.51
2021-06-19 22:00:00,2271.67,20135.68,15077.17,48712.41,51.51
2021-06-19 23:00:00,1444.46,19210.09,16830.71,45993.13,51.51
2021-06-20 00:00:00,1834.89,16419.8,17518.41,44320.72,51.51
2021-06-20 01:00:00,-384.79,15530.77,19633.43,42207.65,51.51
2021-06-20 02:00:00,75.73,13927.3,21671.12,41408.07,51.51
2021-06-20 03:00:00,-1478.36,12639.77,22694.06,40989.36,51.51
2021-06-20 04:00:00,-2993.85,12113.29,23751.44,39920.46,51.51
2021-06-20 05:00:00,-1896.32,11624.98,26138.23,40206.25,51.51
2021-06-20 06:00:00,-3793.2,11484.27,29125.8,42154.24,51.51
2021-06-20 07:00:00,-6104.24,11604.99,31444.78,44537.84,51.51
2021-06-20 08:00:00,-7500.9,11978.7,33576.8,46746.55,51.51
2021-06-20 09:00:00,-6979.96,11782.11,37452.04,49060.74,51.51
2021-06-20 10:00:00,-8948.17,11596.48,42419.64,51634.5,51.51
2021-06-20 11:00:00,-8180.94,11118.15,46381.12,54151.66,51.51
2021-06-20 12:00:00,-10691.48,10793.4,49113.09,53904.26,51.51
2021-06-20 13:00:00,-10435.57,10768.79,48099.79,52253.72,51.51
2021-06-20 14:00:00,-10360.66,10468.11,45203.89,50093.64,51.51
2021-06-20 15:00:00,-7046.95,10528.57,39570.91,49046.28,51.51
2021-06-20 16:00:00,-2847.65,12745.94,32366.3,49196.19,51.51
2021-06-20 17:00:00,568.15,15887.38,24760.72,50483.88,51.51
2021-06-20 18:00:00,4066.96,17921.3,18983.21,51048.06,51.51
2021-06-20 19:00:00,5615.65,19222.95,14933.0,50900.19,51.51
2021-06-20 20:00:00,5701.14,20104.48,12874.29,50148.82,51.51
2021-06-20 21:00:00,5528.47,20381.17,12590.0,49130.09,51.51
2021-06-20 22:00:00,5819.04,20470.36,13943.63,48820.8,51.51
2021-06-20 23:00:00,4329.87,19732.18,16385.51,47224.72,51.51
2021-06-21 00:00:00,1959.16,19166.87,17619.35,45277.04,51.51
2021-06-21 01:00:00,1312.79,19063.23,17682.38,42759.34,51.51
2021-06-21 02:00:00,1338.18,19065.45,17637.89,42244.49,51.51
2021-06-21 03:00:00,2457.51,18235.1,18581.35,43326.62,51.51
2021-06-21 04:00:00,2020.92,18459.96,19254.24,44889.49,51.51
2021-06-21 05:00:00,1346.59,19985.91,19110.94,47290.06,51.51
2021-06-21 06:00:00,2990.78,20908.48,21262.84,55424.73,51.51
2021-06-21 07:00:00,3109.26,22131.18,25369.31,61255.94,51.51
2021-06-21 08:00:00,253.79,22631.72,31921.05,65697.99,51.51
2021-06-21 09:00:00,-5604.12,23079.39,37985.9,67836.92,51.51
2021-06-21 10:00:00,-7864.7,22826.14,42909.12,69169.6,51.51
2021-06-21 11:00:00,-9096.62,22545.15,45682.24,70323.3,51.51
2021-06-21 12:00:00,-10537.8,22521.44,46097.38,69645.72,51.51
2021-06-21 13:00:00,-9999.42,22580.68,45871.55,68639.2,51.51
2021-06-21 14:00:00,-9548.36,22507.75,44763.4,67527.76,51.51
2021-06-21 15:00:00,-7582.48,22070.61,43019.36,66165.96,51.51
2021-06-21 16:00:00,-5782.53,22221.03,39997.75,65069.47,51.51
2021-06-21 17:00:00,-3018.48,22773.83,35538.97,64868.28,51.51
2021-06-21 18:00:00,62.51,22995.04,30167.74,64618.07,51.51
2021-06-21 19:00:00,2851.95,23433.43,24963.4,63447.82,51.51
2021-06-21 20:00:00,5037.64,23157.29,22523.52,61749.77,51.51
2021-06-21 21:00:00,3205.28,23104.82,22351.74,59322.37,51.51
2021-06-21 22:00:00,1403.69,23420.36,21222.24,56543.48,51.51
2021-06-21 23:00:00,-73.81,22820.12,19606.24,52721.92,51.51
2021-06-22 00:00:00,817.97,21529.19,18603.08,49672.7,51.51
2021-06-22 01:00:00,2590.19,20816.26,17671.9,47799.78,51.51
2021-06-22 02:00:00,2475.34,20609.59,17350.67,47250.9,51.51
2021-06-22 03:00:00,2273.32,21008.91,16561.09,47029.48,51.51
2021-06-22 04:00:00,3073.66,21360.81,16558.14,47758.67,51.51
2021-06-22 05:00:00,3234.45,22413.99,16736.38,50063.26,51.51
2021-06-22 06:00:00,4182.4,24508.4,18378.39,56838.16,51.51
2021-06-22 07:00:00,4473.01,25977.16,21224.76,62288.49,51.51
2021-06-22 08:00:00,1183.93,25838.67,25285.91,65380.12,51.51
2021-06-22 09:00:00,551.29,25468.56,29257.32,66987.72,51.51
2021-06-22 10:00:00,-1559.35,25730.08,31583.31,67918.69,51.51
2021-06-22 11:00:00,-2951.3,26202.55,32817.72,69080.8,51.51
2021-06-22 12:00:00,-2433.52,26171.14,32692.68,68674.72,51.51
2021-06-22 13:00:00,-2733.93,26014.26,32557.09,67790.46,51.51
2021-06-22 14:00:00,-2589.77,25858.66,31576.3,66299.76,51.51
2021-06-22 15:00:00,-1702.21,25951.67,30256.37,64927.7,51.51
2021-06-22 16:00:00,-1222.88,26270.51,27740.26,63951.86,51.51
2021-06-22 17:00:00,1113.33,26410.74,25006.71,63831.89,51.51
2021-06-22 18:00:00,2024.86,26765.56,21586.99,63116.92,51.51
2021-06-22 19:00:00,3340.77,26865.35,17837.08,62200.48,51.51
2021-06-22 20:00:00,4303.48,26731.19,14952.1,60005.46,51.51
2021-06-22 21:00:00,3637.68,26660.22,13573.37,57609.29,51.51
2021-06-22 22:00:00,2553.86,26454.17,13632.73,55037.38,51.51
2021-06-22 23:00:00,2128.74,26010.96,13081.87,51418.82,51.51
2021-06-23 00:00:00,2483.42,24603.81,12517.12,48430.36,51.51
2021-06-23 01:00:00,4029.59,23840.41,11900.55,46409.57,51.51
2021-06-23 02:00:00,4374.41,23484.81,11152.52,45517.31,51.51
2021-06-23 03:00:00,4277.53,23705.3,10961.85,45520.59,51.51
2021-06-23 04:00:00,5200.35,24414.24,10749.88,46455.94,51.51
2021-06-23 05:00:00,5079.84,25520.62,11005.16,49135.89,51.51
2021-06-23 06:00:00,4711.22,27381.42,12444.13,55742.71,51.51
2021-06-23 07:00:00,4442.05,27868.5,14999.33,60673.31,51.51
2021-06-23 08:00:00,3452.34,28280.82,18571.15,64019.32,51.51
2021-06-23 09:00:00,973.87,28324.03,22301.75,65146.92,51.51
2021-06-23 10:00:00,60.92,28125.18,25647.49,66493.81,51.51
2021-06-23 11:00:00,-384.12,27988.73,27828.05,67503.34,51.51
2021-06-23 12:00:00,-974.57,27646.1,29177.37,66631.04,51.51
2021-06-23 13:00:00,-3095.15,27316.5,30154.55,65647.32,51.51
2021-06-23 14:00:00,-2052.14,26957.26,29932.87,64302.86,51.51
2021-06-23 15:00:00,-2073.87,26609.7,28774.36,62939.38,51.51
2021-06-23 16:00:00,-1034.36,26744.23,26314.22,61519.03,51.51
2021-06-23 17:00:00,1610.7,26998.86,22791.71,61279.72,51.51
2021-06-23 18:00:00,3987.95,27430.44,18522.56,61099.47,51.51
2021-06-23 19:00:00,4713.47,27476.95,14778.97,59978.09,51.51
2021-06-23 20:00:00,4429.67,27486.93,12805.11,57630.34,51.51
2021-06-23 21:00:00,3801.22,27141.2,12388.69,54989.64,51.51
2021-06-23 22:00:00,3824.34,26900.75,12692.0,53346.28,51.51
2021-06-23 23:00:00,1084.38,26424.12,12567.07,50562.28,51.51
2021-06-24 00:00:00,1838.9,25184.26,11686.17,47360.77,51.51
2021-06-24 01:00:00,2890.22,24860.58,11094.94,45988.04,51.51
2021-06-24 02:00:00,3698.44,24332.74,10395.98,44610.86,51.51
2021-06-24 03:00:00,3720.22,24022.45,10341.5,44439.29,51.51
2021-06-24 04:00:00,4832.2,23881.63,10276.69,45608.7,51.51
2021-06-24 05:00:00,5000.16,24838.83,10349.05,48077.18,51.51
2021-06-24 06:00:00,6802.4,26135.92,11657.11,54651.57,51.51
2021-06-24 07:00:00,6848.2,26779.71,14081.83,59929.53,51.51
2021-06-24 08:00:00,4867.75,27025.52,17359.97,62929.71,51.51
2021-06-24 09:00:00,4291.86,27023.88,20659.82,64168.98,51.51
2021-06-24 10:00:00,2915.01,27161.59,23198.25,65379.59,51.51
2021-06-24 11:00:00,2738.77,27224.45,25357.25,66684.08,51.51
2021-06-24 12:00:00,1069.25,27246.18,26642.34,66094.45,51.51
2021-06-24 13:00:00,411.43,27187.46,27204.64,65170.7,51.51
2021-06-24 14:00:00,1052.32,26656.85,26076.43,64238.58,51.51
2021-06-24 15:00:00,1769.3,26554.74,24710.26,63271.12,51.51
2021-06-24 16:00:00,3230.84,26271.74,22265.5,62219.15,51.51
2021-06-24 17:00:00,5396.91,26522.98,18601.7,62145.42,51.51
2021-06-24 18:00:00,6993.83,26785.23,15375.16,61720.51,51.51
2021-06-24 19:00:00,7326.78,26999.74,12828.39,60750.28,51.51
2021-06-24 20:00:00,6650.59,27159.38,10858.4,58161.57,51.51
2021-06-24 21:00:00,6303.7,27013.31,9725.51,55486.22,51.51
2021-06-24 22:00:00,6142.63,26797.53,9392.45,53367.15,51.51
2021-06-24 23:00:00,3850.31,26225.05,9296.14,49923.97,51.51
2021-06-25 00:00:00,3950.06,24710.55,9097.93,47077.6,51.51
2021-06-25 01:00:00,4303.23,23753.23,8983.52,45577.81,51.51
2021-06-25 02:00:00,5740.59,23153.26,9060.8,44573.9,51.51
2021-06-25 03:00:00,6582.96,23113.75,9199.89,44889.08,51.51
2021-06-25 04:00:00,7093.26,23443.9,9477.08,46100.36,51.51
2021-06-25 05:00:00,6477.35,24584.84,10079.83,48284.39,51.51
2021-06-25 06:00:00,7451.67,26103.46,11920.9,54912.58,51.51
2021-06-25 07:00:00,7756.32,27046.69,14510.05,60607.7,51.51
2021-06-25 08:00:00,5690.23,27183.77,18198.36,63445.0,51.51
2021-06-25 09:00:00,3716.59,26970.14,22037.59,64519.89,51.51
2021-06-25 10:00:00,1766.07,26903.19,25866.96,65563.97,51.51
2021-06-25 11:00:00,992.97,26298.29,28428.88,66568.33,54.64
2021-06-25 12:00:00,-923.69,25349.53,30546.44,65896.8,55.69
2021-06-25 13:00:00,-2234.19,24583.29,31323.7,64371.64,55.69
2021-06-25 14:00:00,-1861.04,24438.21,30334.91,62535.66,55.69
2021-06-25 15:00:00,-1494.24,24586.02,28392.33,61074.46,55.69
2021-06-25 16:00:00,-481.18,24928.37,25685.85,60083.53,55.69
2021-06-25 17:00:00,1803.92,25640.82,22062.62,60026.79,55.69
2021-06-25 18:00:00,3393.62,25934.43,18245.94,59535.83,55.69
2021-06-25 19:00:00,5831.02,25997.69,13747.73,58204.92,55.69
2021-06-25 20:00:00,6695.01,26069.01,10624.55,55674.86,55.69
2021-06-25 21:00:00,7159.65,25710.47,9014.74,53183.01,55.69
2021-06-25 22:00:00,5771.27,24809.01,8769.18,51429.38,55.69
2021-06-25 23:00:00,4515.4,23944.53,8504.18,47799.25,55.69
2021-06-26 00:00:00,6488.41,21442.8,8310.12,45152.63,55.69
2021-06-26 01:00:00,6481.19,20105.51,8295.25,43159.38,55.69
2021-06-26 02:00:00,6428.31,19021.71,8277.19,41692.4,55.69
2021-06-26 03:00:00,6501.64,19030.62,8122.07,41181.25,55.69
2021-06-26 04:00:00,6327.48,19227.64,8031.18,40822.78,55.69
2021-06-26 05:00:00,5952.24,19333.92,8396.0,40818.6,55.69
2021-06-26 06:00:00,5789.62,19447.73,10648.41,43038.98,55.69
2021-06-26 07:00:00,4450.38,19454.73,15041.98,46356.98,55.69
2021-06-26 08:00:00,2284.08,19234.89,20820.7,50237.71,55.69
2021-06-26 09:00:00,-1223.33,18888.47,26938.34,52875.08,55.69
2021-06-26 10:00:00,-3232.01,18433.98,31820.9,54260.4,55.69
2021-06-26 11:00:00,-6097.85,18565.21,35007.11,55286.32,55.69
2021-06-26 12:00:00,-5938.37,17531.13,36021.55,55105.52,55.69
2021-06-26 13:00:00,-4978.18,16525.52,35325.48,53674.85,55.69
2021-06-26 14:00:00,-4464.76,16364.98,34251.26,52378.68,55.69
2021-06-26 15:00:00,-2695.47,16623.62,32139.06,51345.97,55.69
2021-06-26 16:00:00,-2106.65,17407.96,29449.9,50770.22,55.69
2021-06-26 17:00:00,-340.97,18626.8,25288.56,51112.68,55.69
2021-06-26 18:00:00,2781.92,19723.97,20045.47,51177.78,55.69
2021-06-26 19:00:00,3587.57,20349.76,14889.94,50169.93,55.69
2021-06-26 20:00:00,4884.61,20535.83,11714.85,48498.82,55.69
2021-06-26 21:00:00,4504.27,20619.16,10665.11,46893.09,55.69
2021-06-26 22:00:00,3841.9,20494.62,11278.54,46359.07,55.69
2021-06-26 23:00:00,2751.96,19772.45,12015.55,43652.73,55.69
2021-06-27 00:00:00,2685.49,18525.53,12285.72,41046.47,55.69
2021-06-27 01:00:00,2641.43,17087.74,12605.55,39126.75,55.69
2021-06-27 02:00:00,3551.52,15733.96,12430.28,38281.46,55.69
2021-06-27 03:00:00,3717.46,15203.25,12076.97,38080.66,55.69
2021-06-27 04:00:00,4006.2,15293.77,11734.86,37803.12,55.69
2021-06-27 05:00:00,4815.24,15073.93,11902.66,37120.31,55.69
2021-06-27 06:00:00,3705.84,14764.84,14046.46,38002.87,55.69
2021-06-27 07:00:00,2565.41,14434.07,17994.56,40757.51,55.69
2021-06-27 08:00:00,1131.78,13800.98,23134.24,44093.03,55.69
2021-06-27 09:00:00,-1702.58,12898.09,29077.48,46760.62,55.69
2021-06-27 10:00:00,-3975.25,12318.03,34197.51,48640.38,55.69
2021-06-27 11:00:00,-4899.37,12300.18,37941.73,50249.09,55.69
2021-06-27 12:00:00,-6142.15,11961.2,39660.28,49915.28,55.69
2021-06-27 13:00:00,-6788.09,10876.25,39929.94,48457.37,55.69
2021-06-27 14:00:00,-5632.48,10704.43,38555.91,47164.44,55.69
2021-06-27 15:00:00,-2343.5,10670.65,35264.2,46733.24,55.69
2021-06-27 16:00:00,-480.14,12073.27,31245.5,47095.4,55.69
2021-06-27 17:00:00,-571.64,16196.25,26256.82,47850.9,55.69
2021-06-27 18:00:00,1747.79,18897.04,20483.01,49550.99,55.69
2021-06-27 19:00:00,4344.89,19955.64,14915.23,49470.68,55.69
2021-06-27 20:00:00,4128.21,20163.86,13364.26,48493.12,55.69
2021-06-27 21:00:00,4955.55,20282.43,12475.13,47812.81,55.69
2021-06-27 22:00:00,5160.43,20183.14,12266.42,48449.28,55.69
2021-06-27 23:00:00,4339.17,20006.42,11788.7,45922.44,55.69
2021-06-28 00:00:00,4223.52,19671.86,11806.93,43264.01,55.69
2021-06-28 01:00:00,4707.16,19391.28,11772.29,41615.86,55.69
2021-06-28 02:00:00,4475.55,19546.56,11929.93,41333.89,55.69
2021-06-28 03:00:00,3898.36,19631.07,12286.25,41915.75,55.69
2021-06-28 04:00:00,4289.23,20063.11,12151.11,43569.17,55.69
2021-06-28 05:00:00,4553.04,21178.93,12086.28,46868.07,55.69
2021-06-28 06:00:00,5935.48,23198.51,13583.12,54821.7,55.69
2021-06-28 07:00:00,4354.23,25076.69,17158.94,60698.74,55.69
2021-06-28 08:00:00,2351.68,25722.0,22549.59,64528.92,55.69
2021-06-28 09:00:00,-704.91,25784.44,29079.17,66348.75,55.69
2021-06-28 10:00:00,-3902.32,25477.57,34269.13,68236.7,55.69
2021-06-28 11:00:00,-6425.12,25121.71,37747.61,69327.42,55.69
2021-06-28 12:00:00,-7233.64,24599.33,39210.01,69009.03,55.69
2021-06-28 13:00:00,-7073.29,24515.89,38672.97,68045.67,55.69
2021-06-28 14:00:00,-5871.26,24557.64,36902.73,67589.39,55.69
2021-06-28 15:00:00,-3918.62,24314.81,34518.61,66613.86,55.69
2021-06-28 16:00:00,-2455.45,24754.37,31384.45,65578.13,55.69
2021-06-28 17:00:00,-749.52,26085.34,26918.9,65226.31,55.69
2021-06-28 18:00:00,2226.17,26529.03,21553.04,64907.25,55.69
2021-06-28 19:00:00,3315.72,26607.26,17537.57,64074.16,55.69
2021-06-28 20:00:00,4326.59,26675.63,15832.51,61523.36,55.69
2021-06-28 21:00:00,3809.28,26458.69,16530.69,59462.06,55.69
2021-06-28 22:00:00,2081.03,25721.34,18026.52,57316.65,55.69
2021-06-28 23:00:00,97.67,24576.06,18241.63,53671.91,55.69
2021-06-29 00:00:00,-1123.55,23264.7,18453.63,49777.91,55.69
2021-06-29 01:00:00,-805.9,22751.03,17864.02,48090.3,55.69
2021-06-29 02:00:00,358.54,22097.86,17649.63,47404.41,55.69
2021-06-29 03:00:00,1256.49,21552.9,17593.89,47333.67,55.69
2021-06-29 04:00:00,2438.29,21949.13,17054.49,48472.36,55.69
2021-06-29 05:00:00,3050.34,22496.75,17660.68,50542.42,55.69
2021-06-29 06:00:00,3524.73,24293.8,19074.67,57125.18,55.69
2021-06-29 07:00:00,3313.15,25792.58,20056.76,62399.41,55.69
2021-06-29 08:00:00,2784.05,26503.03,21392.46,65281.1,55.69
2021-06-29 09:00:00,1086.32,26873.1,25014.44,66354.53,55.69
2021-06-29 10:00:00,704.03,26066.1,29773.02,67822.7,55.69
2021-06-29 11:00:00,-1187.53,25541.56,34000.73,69177.29,55.69
2021-06-29 12:00:00,-2965.86,25279.92,35317.89,68793.14,55.69
2021-06-29 13:00:00,-3989.71,25053.29,36037.6,67901.03,55.69
2021-06-29 14:00:00,-3563.78,24823.59,34613.77,67040.61,55.69
2021-06-29 15:00:00,-2091.31,25044.67,30981.33,65894.46,55.69
2021-06-29 16:00:00,87.05,25520.21,27824.58,65073.05,55.69
2021-06-29 17:00:00,1083.54,26107.55,24512.44,64789.37,55.69
2021-06-29 18:00:00,3322.45,26553.1,21417.71,62836.51,55.69
2021-06-29 19:00:00,4254.11,26310.66,18646.52,60356.42,55.69
2021-06-29 20:00:00,4146.85,26120.79,16647.27,58183.56,55.69
2021-06-29 21:00:00,2804.62,26294.78,15705.42,55780.18,55.69
2021-06-29 22:00:00,2271.51,25658.07,15452.32,54116.31,55.69
2021-06-29 23:00:00,2395.94,24243.22,15015.61,50807.85,55.69
2021-06-30 00:00:00,3706.96,22727.08,14958.12,48239.91,55.69
2021-06-30 01:00:00,3798.75,21804.81,14572.09,46644.09,55.69
2021-06-30 02:00:00,4302.63,21476.94,14212.91,45409.19,55.69
2021-06-30 03:00:00,4732.5,21436.85,14643.67,45584.07,55.69
2021-06-30 04:00:00,5274.23,21279.33,15587.08,46776.71,55.69
2021-06-30 05:00:00,5103.86,21854.02,16647.35,49407.89,55.69
2021-06-30 06:00:00,3643.25,24660.98,18157.29,55821.03,55.69
2021-06-30 07:00:00,4200.22,25641.52,19765.98,60835.81,55.69
2021-06-30 08:00:00,3242.68,25868.2,22401.27,64370.43,55.69
2021-06-30 09:00:00,2065.63,25692.48,25177.98,65403.54,55.69
2021-06-30 10:00:00,454.13,25808.86,28397.03,66844.87,55.69
2021-06-30 11:00:00,670.51,25533.73,30412.44,68361.55,55.69
2021-06-30 12:00:00,-609.45,24920.83,31017.1,68202.26,55.69
2021-06-30 13:00:00,-2481.71,24907.97,31293.39,66842.5,55.69
2021-06-30 14:00:00,-245.39,24333.12,31183.68,66830.48,55.69
2021-06-30 15:00:00,-96.38,24334.0,30942.08,66276.84,55.69
2021-06-30 16:00:00,-711.33,24311.46,29212.22,64796.14,55.69
2021-06-30 17:00:00,463.27,24869.03,26556.12,64205.51,55.69
2021-06-30 18:00:00,2405.86,25191.18,23338.99,63829.69,55.69
2021-06-30 19:00:00,4719.16,25144.22,20365.9,62728.92,55.69
2021-06-30 20:00:00,4140.68,25117.16,18205.31,60176.42,55.69
2021-06-30 21:00:00,2919.3,24830.95,17553.51,57614.52,55.69
2021-06-30 22:00:00,1284.37,24052.74,17530.81,54956.71,55.69
2021-06-30 23:00:00,-1166.85,23291.46,18074.42,51448.83,55.69
2021-07-01 00:00:00,-16.56,20643.81,18756.12,49111.8,55.69
2021-07-01 01:00:00,734.39,19054.53,19405.84,47602.94,55.69
2021-07-01 02:00:00,1216.8,18456.11,19925.51,46747.88,55.69
2021-07-01 03:00:00,384.76,18766.84,20264.07,47043.53,55.69
2021-07-01 04:00:00,2062.02,18692.66,20900.76,48199.3,55.69
2021-07-01 05:00:00,910.72,19619.61,22421.03,50923.18,55.69
2021-07-01 06:00:00,2233.4,21517.42,23623.89,58279.21,55.69
2021-07-01 07:00:00,681.51,23127.05,25275.89,63537.3,55.69
2021-07-01 08:00:00,1082.68,23568.26,26319.09,66879.72,55.69
2021-07-01 09:00:00,911.96,23776.51,27573.33,67782.76,55.69
2021-07-01 10:00:00,2500.72,23723.02,29306.6,69452.43,55.69
2021-07-01 11:00:00,2401.82,23883.62,30854.38,70964.32,55.69
2021-07-01 12:00:00,1115.81,23761.32,32366.16,70897.72,55.69
2021-07-01 13:00:00,-685.32,23777.22,32602.96,69582.94,55.69
2021-07-01 14:00:00,-1908.36,23658.01,32180.28,67906.22,55.69
2021-07-01 15:00:00,-1019.17,23719.22,30752.05,66783.6,55.69
2021-07-01 16:00:00,-328.79,23992.73,28383.24,65419.66,55.69
2021-07-01 17:00:00,1887.21,24270.63,25131.59,65160.34,55.69
2021-07-01 18:00:00,3214.23,24771.49,21785.74,64267.16,55.69
2021-07-01 19:00:00,4756.03,24912.24,18632.23,62725.56,55.69
2021-07-01 20:00:00,4838.51,24737.93,15983.09,59673.02,55.69
2021-07-01 21:00:00,4072.9,24424.4,14637.75,56947.97,55.69
2021-07-01 22:00:00,3985.13,23925.68,14009.08,54517.72,55.69
2021-07-01 23:00:00,1962.56,23255.66,13811.73,50779.7,55.69
2021-07-02 00:00:00,2234.46,22248.69,13640.49,48118.94,55.69
2021-07-02 01:00:00,2212.76,21787.22,13497.04,46500.09,55.69
2021-07-02 02:00:00,2697.55,21538.98,13415.04,45806.61,55.69
2021-07-02 03:00:00,3373.91,21438.16,13334.04,46023.5,55.69
2021-07-02 04:00:00,4322.86,21418.97,13492.25,47163.72,55.69
2021-07-02 05:00:00,3635.2,22324.49,13669.96,48958.94,55.69
2021-07-02 06:00:00,5809.48,23605.24,14488.41,55375.54,55.69
2021-07-02 07:00:00,5831.95,24331.48,16964.77,60774.09,55.69
2021-07-02 08:00:00,5304.87,24679.97,20403.64,63984.9,55.69
2021-07-02 09:00:00,1887.65,24738.39,24784.49,65070.82,55.69
2021-07-02 10:00:00,164.6,24335.62,28346.39,66353.72,55.69
2021-07-02 11:00:00,-1388.95,23904.62,31220.34,67312.85,56.76
2021-07-02 12:00:00,-3882.78,23572.57,33665.21,66572.26,57.11
2021-07-02 13:00:00,-5480.47,23201.38,35478.39,64913.86,57.11
2021-07-02 14:00:00,-5798.42,22553.38,35845.53,63554.82,57.11
2021-07-02 15:00:00,-4886.25,22261.29,34883.25,62378.22,57.11
2021-07-02 16:00:00,-4388.11,22305.64,32715.34,61531.74,57.11
2021-07-02 17:00:00,-1457.14,22780.53,28928.56,61508.49,57.11
2021-07-02 18:00:00,2139.3,23135.95,23464.63,60497.79,57.11
2021-07-02 19:00:00,4801.47,23468.69,17619.92,58610.42,57.11
2021-07-02 20:00:00,5440.65,23664.82,13273.1,55885.91,57.11
2021-07-02 21:00:00,5689.7,23479.6,11987.91,53576.28,57.11
2021-07-02 22:00:00,5270.5,23283.16,12091.67,52033.46,57.11
2021-07-02 23:00:00,2552.44,23015.15,11924.62,48442.98,57.11
2021-07-03 00:00:00,3751.55,20737.7,11715.6,45729.66,57.11
2021-07-03 01:00:00,3501.5,19887.54,11405.59,43605.83,57.11
2021-07-03 02:00:00,3941.68,19098.61,11149.85,42157.03,57.11
2021-07-03 03:00:00,4388.28,18556.49,10746.81,41518.43,57.11
2021-07-03 04:00:00,4424.26,18550.52,10240.16,41292.57,57.11
2021-07-03 05:00:00,4206.03,18770.59,10257.51,41288.11,57.11
2021-07-03 06:00:00,4169.64,18834.3,12243.37,43124.73,57.11
2021-07-03 07:00:00,2391.12,18943.99,16432.73,46360.49,57.11
2021-07-03 08:00:00,-76.44,18797.11,22597.08,50158.04,57.11
2021-07-03 09:00:00,-3994.33,18603.09,29241.56,53068.69,57.11
2021-07-03 10:00:00,-8090.99,18770.92,34249.46,54647.98,57.11
2021-07-03 11:00:00,-9001.23,18792.13,36985.93,55521.08,57.11
2021-07-03 12:00:00,-9221.65,18233.55,38287.54,54947.94,57.11
2021-07-03 13:00:00,-9884.15,17821.72,38572.84,53436.53,57.11
2021-07-03 14:00:00,-10470.37,18034.49,36743.75,52045.19,57.11
2021-07-03 15:00:00,-8702.78,18453.68,33407.15,50939.7,57.11
2021-07-03 16:00:00,-5065.27,18852.51,29082.87,50648.58,57.11
2021-07-03 17:00:00,-1635.76,20017.18,23664.98,51441.98,57.11
2021-07-03 18:00:00,2452.35,20897.94,17925.88,51546.67,57.11
2021-07-03 19:00:00,4643.32,21230.4,13042.05,50464.33,57.11
2021-07-03 20:00:00,5377.92,21245.71,10186.53,48547.48,57.11
2021-07-03 21:00:00,5496.53,21262.7,9078.76,47001.52,57.11
2021-07-03 22:00:00,5677.98,21229.83,9069.47,46078.82,57.11
2021-07-03 23:00:00,3793.62,20838.31,9357.8,43504.3,57.11
2021-07-04 00:00:00,2498.21,19905.42,9623.05,40825.24,57.11
2021-07-04 01:00:00,2154.43,19074.91,9473.76,38801.46,57.11
2021-07-04 02:00:00,2025.13,18465.25,9217.58,37543.42,57.11
2021-07-04 03:00:00,2176.22,18333.18,8943.57,37003.31,57.11
2021-07-04 04:00:00,2741.91,18643.79,8882.45,37112.84,57.11
2021-07-04 05:00:00,2925.26,18849.57,9340.11,36913.82,57.11
2021-07-04 06:00:00,2514.0,18871.43,10746.62,37808.7,57.11
2021-07-04 07:00:00,1448.86,18942.46,13826.55,40293.72,57.11
2021-07-04 08:00:00,726.21,18669.95,18271.28,43759.04,57.11
2021-07-04 09:00:00,-1215.13,18265.22,23754.12,47046.98,57.11
2021-07-04 10:00:00,-3328.7,17881.97,27873.93,49475.74,57.11
2021-07-04 11:00:00,-3645.04,17559.74,30322.38,51275.1,57.11
2021-07-04 12:00:00,-4991.97,17690.6,30650.16,50618.94,57.11
2021-07-04 13:00:00,-3556.41,17143.06,30862.85,49360.79,57.11
2021-07-04 14:00:00,-2499.84,16627.74,30027.47,48228.73,57.11
2021-07-04 15:00:00,-680.74,16417.91,28220.82,47575.17,57.11
2021-07-04 16:00:00,-29.67,16899.31,25499.5,47590.08,57.11
2021-07-04 17:00:00,1458.51,18330.05,21710.61,48870.74,57.11
2021-07-04 18:00:00,4120.54,19684.74,17737.78,50385.96,57.11
2021-07-04 19:00:00,4569.58,20508.82,15609.82,49965.3,57.11
2021-07-04 20:00:00,4622.94,20977.86,13513.16,48922.25,57.11
2021-07-04 21:00:00,2283.35,21230.12,12966.84,47788.59,57.11
2021-07-04 22:00:00,1671.99,21534.62,13699.62,48292.18,57.11
2021-07-04 23:00:00,80.54,21170.21,14347.31,45269.76,57.11
2021-07-05 00:00:00,269.53,19905.67,14649.05,43217.28,57.11
2021-07-05 01:00:00,-94.89,19279.38,14485.57,41793.93,57.11
2021-07-05 02:00:00,48.41,19159.56,14176.78,40889.53,57.11
2021-07-05 03:00:00,2154.58,18923.18,14136.4,41045.68,57.11
2021-07-05 04:00:00,3879.12,18956.94,13931.0,42442.17,57.11
2021-07-05 05:00:00,4288.46,19747.96,14107.74,45561.7,57.11
2021-07-05 06:00:00,6966.04,21637.41,15143.74,53702.25,57.11
2021-07-05 07:00:00,6092.77,23404.33,17043.11,59739.41,57.11
2021-07-05 08:00:00,4791.16,23976.88,20426.87,62973.47,57.11
2021-07-05 09:00:00,3227.57,24078.5,24039.18,64713.99,57.11
2021-07-05 10:00:00,2773.42,24047.73,26735.58,65983.01,57.11
2021-07-05 11:00:00,2350.89,24168.96,28903.98,66747.12,57.11
2021-07-05 12:00:00,1441.78,23698.91,30821.31,67445.08,57.11
2021-07-05 13:00:00,318.34,23153.03,32502.71,67188.41,57.11
2021-07-05 14:00:00,-833.35,22788.32,32346.81,66471.29,57.11
2021-07-05 15:00:00,-755.05,23074.06,30503.18,64263.52,57.11
2021-07-05 16:00:00,234.09,22947.33,29245.77,63162.22,57.11
2021-07-05 17:00:00,2837.65,23098.76,25512.4,62475.29,57.11
2021-07-05 18:00:00,3878.51,23848.85,20500.05,62226.02,57.11
2021-07-05 19:00:00,6049.99,24502.97,15430.08,61301.04,57.11
2021-07-05 20:00:00,7029.08,24550.84,12070.96,58812.58,57.11
2021-07-05 21:00:00,6320.19,24404.56,10921.09,56462.1,57.11
2021-07-05 22:00:00,6254.62,24219.96,11110.58,54686.97,57.11
2021-07-05 23:00:00,3429.81,22828.38,12493.58,51107.37,57.11
2021-07-06 00:00:00,5409.91,19783.12,14409.6,47783.53,57.11
2021-07-06 01:00:00,3293.31,18698.43,16350.53,46006.8,57.11
2021-07-06 02:00:00,2753.89,17304.73,18315.12,45186.95,57.11
2021-07-06 03:00:00,2026.74,16760.33,20265.72,45537.74,57.11
2021-07-06 04:00:00,1403.54,16951.16,22004.93,46747.42,57.11
2021-07-06 05:00:00,1823.92,17378.5,24546.13,49864.55,57.11
2021-07-06 06:00:00,2009.7,18576.93,28101.48,57052.15,57.11
2021-07-06 07:00:00,2137.45,19374.91,32139.16,62673.87,57.11
2021-07-06 08:00:00,-567.09,19744.49,36945.9,66318.96,57.11
2021-07-06 09:00:00,-4204.06,19360.89,42442.01,68080.42,57.11
2021-07-06 10:00:00,-4769.59,18130.22,46879.99,69088.79,57.11
2021-07-06 11:00:00,-2772.99,17400.42,49995.33,69876.58,57.11
2021-07-06 12:00:00,-2616.67,16109.73,51833.27,69413.35,57.11
2021-07-06 13:00:00,-2128.51,15252.36,50661.05,68292.8,57.11
2021-07-06 14:00:00,-935.99,15159.01,48937.28,67493.0,57.11
2021-07-06 15:00:00,-1017.13,15952.86,46107.02,66743.8,57.11
2021-07-06 16:00:00,-987.59,17305.95,42281.75,65816.2,57.11
2021-07-06 17:00:00,-219.88,18363.56,37523.21,65001.87,57.11
2021-07-06 18:00:00,1272.86,19662.94,32846.33,64635.12,57.11
2021-07-06 19:00:00,4297.02,20848.5,28572.03,63326.15,57.11
2021-07-06 20:00:00,4913.3,20868.79,25101.02,60647.95,57.11
2021-07-06 21:00:00,4181.92,20735.39,24153.17,58173.7,57.11
2021-07-06 22:00:00,1450.61,20518.48,23963.32,55926.04,57.11
2021-07-06 23:00:00,-66.48,19724.8,23807.28,52536.85,57.11
2021-07-07 00:00:00,1223.04,18054.37,22421.46,49194.81,57.11
2021-07-07 01:00:00,-83.29,17836.37,21331.63,47577.72,57.11
2021-07-07 02:00:00,1779.75,17424.68,20682.9,46651.29,57.11
2021-07-07 03:00:00,2690.52,17383.67,19867.96,46607.34,57.11
2021-07-07 04:00:00,3559.06,17571.03,18533.65,47254.46,57.11
2021-07-07 05:00:00,4126.38,18586.0,17933.52,49443.29,57.11
2021-07-07 06:00:00,6417.68,21360.73,17803.05,56206.18,57.11
2021-07-07 07:00:00,6361.62,23830.01,18649.18,61974.62,57.11
2021-07-07 08:00:00,6363.67,24070.58,19825.94,65014.13,57.11
2021-07-07 09:00:00,5314.05,24466.75,22595.14,65513.35,57.11
2021-07-07 10:00:00,4512.2,24151.18,26153.77,67166.14,57.11
2021-07-07 11:00:00,2691.64,24145.87,28931.85,68518.58,57.11
2021-07-07 12:00:00,462.42,24087.92,31276.01,68666.77,57.11
2021-07-07 13:00:00,-1917.1,23714.94,33084.86,67621.91,57.11
2021-07-07 14:00:00,-1992.64,22632.22,33904.59,66109.3,57.11
2021-07-07 15:00:00,-1627.05,22074.55,33048.57,64899.17,57.11
2021-07-07 16:00:00,-822.85,22236.5,30042.55,63145.67,57.11
2021-07-07 17:00:00,1301.36,23032.3,25971.85,62674.62,57.11
2021-07-07 18:00:00,4691.65,24021.01,20643.47,61988.49,57.11
2021-07-07 19:00:00,6944.46,24308.58,15264.14,60978.4,57.11
2021-07-07 20:00:00,7915.34,24487.89,11661.99,58657.85,57.11
2021-07-07 21:00:00,7705.6,24370.7,10707.36,56550.71,57.11
2021-07-07 22:00:00,6383.95,24301.71,11157.49,54537.03,57.11
2021-07-07 23:00:00,3704.28,23825.39,11347.17,51203.69,57.11
2021-07-08 00:00:00,2095.58,23052.7,11515.52,48213.36,57.11
2021-07-08 01:00:00,3134.22,22259.22,11339.7,46425.68,57.11
2021-07-08 02:00:00,3729.24,21738.77,11415.42,45784.49,57.11
2021-07-08 03:00:00,3897.95,21892.92,11156.21,45858.1,57.11
2021-07-08 04:00:00,4134.35,22109.61,10933.38,46757.3,57.11
2021-07-08 05:00:00,4900.01,22696.52,10845.84,49023.06,57.11
2021-07-08 06:00:00,7738.16,23986.48,11652.47,55328.51,57.11
2021-07-08 07:00:00,8746.52,24861.12,13656.92,60595.08,57.11
2021-07-08 08:00:00,7929.52,24997.73,16234.04,63616.8,57.11
2021-07-08 09:00:00,6934.18,24974.37,19052.4,64761.47,57.11
2021-07-08 10:00:00,6418.98,24926.27,21469.34,66238.61,57.11
2021-07-08 11:00:00,6374.81,25005.04,22930.53,67281.73,57.11
2021-07-08 12:00:00,5322.03,25082.7,23384.73,67509.96,57.11
2021-07-08 13:00:00,4244.6,25230.97,22526.14,66463.49,57.11
2021-07-08 14:00:00,3599.42,25299.52,21900.12,65436.83,57.11
2021-07-08 15:00:00,4440.42,25466.25,20409.31,64002.83,57.11
2021-07-08 16:00:00,4180.88,25240.44,19687.28,62858.8,57.11
2021-07-08 17:00:00,6588.63,24935.39,18582.41,63234.29,57.11
2021-07-08 18:00:00,6083.7,24986.34,16424.63,62368.48,57.11
2021-07-08 19:00:00,6034.11,25176.01,14208.61,60818.53,57.11
2021-07-08 20:00:00,6628.61,25233.2,12023.12,58501.62,57.11
2021-07-08 21:00:00,5585.38,24847.44,10899.45,56153.46,57.11
2021-07-08 22:00:00,4968.29,24481.53,10388.3,53445.39,57.11
2021-07-08 23:00:00,3828.27,24116.3,10210.09,49781.13,57.11
2021-07-09 00:00:00,3437.91,22769.48,10720.55,47224.36,57.11
2021-07-09 01:00:00,3496.61,21772.72,11415.36,45775.69,57.11
2021-07-09 02:00:00,4401.77,20921.55,11829.67,45313.99,57.11
2021-07-09 03:00:00,4370.67,20952.64,11945.92,45023.24,57.11
2021-07-09 04:00:00,4392.2,21283.15,12060.81,45837.38,57.11
2021-07-09 05:00:00,4413.86,22262.06,12859.07,48762.69,57.11
2021-07-09 06:00:00,6672.13,23309.83,14284.94,55458.34,57.11
2021-07-09 07:00:00,6295.41,23784.09,15749.8,60492.37,57.11
2021-07-09 08:00:00,6561.69,23948.64,17501.79,63906.81,57.11
2021-07-09 09:00:00,7677.18,23707.98,20299.96,65360.71,57.11
2021-07-09 10:00:00,6373.48,23488.22,23939.31,66645.18,57.11
2021-07-09 11:00:00,5736.3,22937.87,26225.82,67892.48,54.66
2021-07-09 12:00:00,2357.12,22994.32,28664.96,67174.4,53.85
2021-07-09 13:00:00,1521.25,22483.75,30768.88,65710.03,53.85
2021-07-09 14:00:00,-241.82,21991.4,31305.76,63996.8,53.85
2021-07-09 15:00:00,-222.35,21499.06,30580.43,63654.38,53.85
2021-07-09 16:00:00,-545.28,21630.89,28996.37,62619.8,53.85
2021-07-09 17:00:00,814.3,21920.83,26713.27,62756.13,53.85
2021-07-09 18:00:00,2651.11,22239.82,23315.03,61865.03,53.85
2021-07-09 19:00:00,2950.83,22601.25,19318.48,59991.81,53.85
2021-07-09 20:00:00,2964.41,22539.32,16755.22,57244.96,53.85
2021-07-09 21:00:00,2083.85,22177.3,15773.2,54958.67,53.85
2021-07-09 22:00:00,434.62,22106.63,15782.4,53021.2,53.85
2021-07-09 23:00:00,-1570.67,21518.98,16281.97,49997.52,53.85
2021-07-10 00:00:00,-179.63,19183.23,16260.7,46738.26,53.85
2021-07-10 01:00:00,-327.06,18082.61,16521.48,44249.57,53.85
2021-07-10 02:00:00,-929.04,17658.38,16110.26,42617.86,53.85
2021-07-10 03:00:00,-1017.76,17382.15,15955.51,42053.83,53.85
2021-07-10 04:00:00,-403.35,17166.62,15963.88,42164.44,53.85
2021-07-10 05:00:00,195.02,16792.47,16489.69,42521.64,53.85
2021-07-10 06:00:00,200.21,17094.83,17593.49,44205.74,53.85
2021-07-10 07:00:00,-999.93,17907.46,19725.84,47193.22,53.85
2021-07-10 08:00:00,-3337.28,18063.2,24061.73,51025.69,53.85
2021-07-10 09:00:00,-5662.02,17991.39,30027.36,53928.81,53.85
2021-07-10 10:00:00,-8727.18,17380.87,35588.46,55889.92,53.85
2021-07-10 11:00:00,-8674.11,16692.7,38932.43,57296.1,53.85
2021-07-10 12:00:00,-9792.81,16346.45,39924.71,57103.0,53.85
2021-07-10 13:00:00,-9484.28,16033.33,39440.6,54632.99,53.85
2021-07-10 14:00:00,-9263.83,16220.4,37430.62,52936.98,53.85
2021-07-10 15:00:00,-8275.98,16704.54,34097.83,52025.01,53.85
2021-07-10 16:00:00,-7043.88,17257.44,29755.22,51190.89,53.85
2021-07-10 17:00:00,-2378.08,18078.97,24201.66,51434.14,53.85
2021-07-10 18:00:00,1514.1,18838.24,18537.81,51131.18,53.85
2021-07-10 19:00:00,4124.07,19101.95,13456.97,49784.6,53.85
2021-07-10 20:00:00,5739.82,19404.87,10858.2,47719.76,53.85
2021-07-10 21:00:00,3725.11,19530.02,10260.43,46571.5,53.85
2021-07-10 22:00:00,2928.56,19534.74,10399.16,45737.21,53.85
2021-07-10 23:00:00,668.8,19315.41,10676.03,43262.0,53.85
2021-07-11 00:00:00,1207.03,18410.29,11246.5,40806.32,53.85
2021-07-11 01:00:00,283.72,17658.8,11638.23,38872.44,53.85
2021-07-11 02:00:00,-469.94,17015.16,11705.22,38010.4,53.85
2021-07-11 03:00:00,-585.71,16904.35,11550.99,37325.65,53.85
2021-07-11 04:00:00,349.62,16722.29,11464.41,37140.43,53.85
2021-07-11 05:00:00,561.02,16621.83,11919.65,37307.27,53.85
2021-07-11 06:00:00,296.11,16682.52,12856.48,38300.62,53.85
2021-07-11 07:00:00,-568.24,17060.53,14346.36,40213.61,53.85
2021-07-11 08:00:00,-1278.66,17149.1,17035.92,43194.77,53.85
2021-07-11 09:00:00,-1599.63,16855.85,21126.28,46499.08,53.85
2021-07-11 10:00:00,-2437.33,16374.96,25355.38,49077.54,53.85
2021-07-11 11:00:00,-3942.98,16633.51,28078.9,51247.52,53.85
2021-07-11 12:00:00,-5101.94,16603.06,29304.08,50986.94,53.85
2021-07-11 13:00:00,-5059.57,16478.34,29380.48,49359.03,53.85
2021-07-11 14:00:00,-4174.18,15983.69,29300.49,48144.87,53.85
2021-07-11 15:00:00,-4068.12,15436.73,29326.05,47456.53,53.85
2021-07-11 16:00:00,-4930.66,15514.04,28888.23,47570.9,53.85
2021-07-11 17:00:00,-4943.81,17000.54,25833.64,48388.15,53.85
2021-07-11 18:00:00,-1786.22,17786.45,21343.01,49569.05,53.85
2021-07-11 19:00:00,-77.94,18599.76,16601.01,49464.28,53.85
2021-07-11 20:00:00,2218.12,19268.36,13566.04,48993.02,53.85
2021-07-11 21:00:00,2321.43,19671.32,12865.68,48673.38,53.85
2021-07-11 22:00:00,715.77,19761.33,13661.59,48971.93,53.85
2021-07-11 23:00:00,-484.72,19575.48,13843.94,46866.88,53.85
2021-07-12 00:00:00,-450.41,19339.89,13565.84,44840.32,53.85
2021-07-12 01:00:00,-294.3,18858.43,13283.04,42285.56,53.85
2021-07-12 02:00:00,-420.36,18350.37,13256.24,41525.86,53.85
2021-07-12 03:00:00,500.53,18498.59,12900.54,41756.06,53.85
2021-07-12 04:00:00,993.12,19092.14,12742.8,43023.09,53.85
2021-07-12 05:00:00,2716.25,19615.72,12747.07,45865.63,53.85
2021-07-12 06:00:00,4795.24,21053.57,14200.94,53348.28,53.85
2021-07-12 07:00:00,4441.5,22112.1,17378.19,59411.89,53.85
2021-07-12 08:00:00,2785.96,22632.82,22007.15,63146.54,53.85
2021-07-12 09:00:00,-917.12,22780.91,27995.68,64549.48,53.85
2021-07-12 10:00:00,-3871.29,22347.52,33529.48,66619.2,53.85
2021-07-12 11:00:00,-5635.42,22012.28,37116.98,68391.9,53.85
2021-07-12 12:00:00,-7132.71,22001.73,38646.96,68081.47,53.85
2021-07-12 13:00:00,-6925.07,21404.73,38977.06,67581.04,53.85
2021-07-12 14:00:00,-7045.22,21532.68,37213.18,66658.38,53.85
2021-07-12 15:00:00,-6242.94,21775.73,34336.44,65578.56,53.85
2021-07-12 16:00:00,-3606.32,22192.11,30474.37,64172.38,53.85
2021-07-12 17:00:00,631.42,22496.21,25756.97,64108.03,53.85
2021-07-12 18:00:00,3820.08,22894.95,20967.08,63816.43,53.85
2021-07-12 19:00:00,6529.88,23038.47,16811.0,62765.9,53.85
2021-07-12 20:00:00,7182.98,23113.68,14066.71,60506.28,53.85
2021-07-12 21:00:00,6402.39,23153.71,13260.0,58347.16,53.85
2021-07-12 22:00:00,4030.13,23047.39,13173.84,55885.42,53.85
2021-07-12 23:00:00,3963.81,21867.58,12820.5,52339.81,53.85
2021-07-13 00:00:00,2474.76,20930.24,12042.53,48572.12,53.85
2021-07-13 01:00:00,3622.44,20315.41,11301.22,46851.66,53.85
2021-07-13 02:00:00,4497.33,19865.2,10559.7,45947.73,53.85
2021-07-13 03:00:00,4942.5,19971.38,9922.15,46031.94,53.85
2021-07-13 04:00:00,5813.28,20391.53,9355.08,46743.14,53.85
2021-07-13 05:00:00,6438.33,21196.14,9980.48,49480.12,53.85
2021-07-13 06:00:00,7948.24,23378.26,11626.37,56337.24,53.85
2021-07-13 07:00:00,8092.06,24268.3,14766.27,61743.12,53.85
2021-07-13 08:00:00,6117.05,24544.9,18068.03,65337.8,53.85
2021-07-13 09:00:00,3194.53,24576.7,21972.37,66785.08,53.85
2021-07-13 10:00:00,1963.73,24546.9,25140.67,68183.54,53.85
2021-07-13 11:00:00,2637.77,24618.16,27353.5,69579.89,53.85
2021-07-13 12:00:00,1745.96,24507.64,28045.97,69347.86,53.85
2021-07-13 13:00:00,1845.92,24510.39,27297.69,68227.24,53.85
2021-07-13 14:00:00,2828.2,24261.46,26288.75,66908.31,53.85
2021-07-13 15:00:00,2484.8,24192.31,25861.57,66132.76,53.85
2021-07-13 16:00:00,3773.6,23781.01,23766.06,65526.8,53.85
2021-07-13 17:00:00,4570.31,24075.26,21817.53,64465.36,53.85
2021-07-13 18:00:00,6589.81,24006.79,18864.31,63581.68,53.85
2021-07-13 19:00:00,7452.63,24393.93,16483.3,62619.06,53.85
2021-07-13 20:00:00,6623.02,24127.45,15139.95,60046.52,53.85
2021-07-13 21:00:00,4562.68,24053.56,15249.46,57860.44,53.85
2021-07-13 22:00:00,2560.81,23288.82,15498.99,55159.74,53.85
2021-07-13 23:00:00,2115.64,21382.19,15192.99,51506.53,53.85
2021-07-14 00:00:00,2860.15,20349.44,14192.5,48878.73,53.85
2021-07-14 01:00:00,3482.74,20119.42,13780.31,47154.91,53.85
2021-07-14 02:00:00,4820.83,19312.74,13289.26,46374.99,53.85
2021-07-14 03:00:00,4663.38,19403.44,13030.93,46233.03,53.85
2021-07-14 04:00:00,4335.44,19969.47,13042.51,46865.87,53.85
2021-07-14 05:00:00,4660.73,20707.5,13582.08,49589.09,53.85
2021-07-14 06:00:00,6353.44,22854.26,14473.75,56151.13,53.85
2021-07-14 07:00:00,7161.41,23857.62,16328.22,61329.3,53.85
2021-07-14 08:00:00,6249.41,24023.62,18155.54,64693.6,53.85
2021-07-14 09:00:00,6240.56,24073.06,19362.65,66147.19,53.85
2021-07-14 10:00:00,7089.41,23796.92,21064.22,67250.24,53.85
2021-07-14 11:00:00,6390.55,23928.87,24028.83,68808.57,53.85
2021-07-14 12:00:00,7039.07,23607.73,27062.68,68877.56,53.85
2021-07-14 13:00:00,5345.33,21914.59,30864.51,69159.78,53.85
2021-07-14 14:00:00,2046.44,21114.21,34003.05,67449.87,53.85
2021-07-14 15:00:00,1025.99,21191.77,33978.94,66062.68,53.85
2021-07-14 16:00:00,146.83,21301.51,32542.85,64394.56,53.85
2021-07-14 17:00:00,338.74,21983.3,30166.68,64641.78,53.85
2021-07-14 18:00:00,2784.69,22431.67,26030.02,64231.4,53.85
2021-07-14 19:00:00,3809.09,23084.51,22293.49,62357.35,53.85
2021-07-14 20:00:00,4065.9,23276.18,19571.66,59572.37,53.85
2021-07-14 21:00:00,3949.91,22424.14,17492.17,57202.36,53.85
2021-07-14 22:00:00,3881.97,22072.65,16493.66,54446.31,53.85
2021-07-14 23:00:00,4589.2,19616.0,15959.74,50627.8,53.85
2021-07-15 00:00:00,4337.7,18192.26,15670.4,47467.58,53.85
2021-07-15 01:00:00,5296.3,17872.6,14907.4,45530.12,53.85
2021-07-15 02:00:00,5718.31,17409.39,14513.78,44626.01,53.85
2021-07-15 03:00:00,5664.17,17100.51,14413.58,44553.53,53.85
2021-07-15 04:00:00,6450.9,17488.97,14804.48,45425.93,53.85
2021-07-15 05:00:00,7732.08,18152.08,15081.32,48606.48,53.85
2021-07-15 06:00:00,8891.33,19939.44,16287.59,55000.86,53.85
2021-07-15 07:00:00,7457.62,21050.54,18827.61,60169.0,53.85
2021-07-15 08:00:00,7920.84,21142.59,22185.43,63406.77,53.85
2021-07-15 09:00:00,6041.94,20970.75,26395.8,64837.54,53.85
2021-07-15 10:00:00,3034.49,20872.18,30288.1,65859.49,53.85
2021-07-15 11:00:00,2692.27,20176.16,32768.5,67786.12,53.85
2021-07-15 12:00:00,1072.53,20282.62,33399.56,67291.66,53.85
2021-07-15 13:00:00,200.61,20222.46,33682.87,65864.0,53.85
2021-07-15 14:00:00,-1025.24,20232.42,33911.87,64360.4,53.85
2021-07-15 15:00:00,530.81,19531.54,33026.84,63700.64,53.85
2021-07-15 16:00:00,167.41,19786.82,31076.03,62612.51,53.85
2021-07-15 17:00:00,1880.84,20284.62,28121.05,62695.54,53.85
2021-07-15 18:00:00,6066.98,20202.35,24450.1,63292.64,53.85
2021-07-15 19:00:00,7562.42,20644.02,21033.06,61639.48,53.85
2021-07-15 20:00:00,7592.87,20670.13,18760.98,59364.18,53.85
2021-07-15 21:00:00,6809.42,20644.52,17675.62,57095.74,53.85
2021-07-15 22:00:00,4563.6,20435.89,17273.5,54653.82,53.85
2021-07-15 23:00:00,3666.69,19450.27,16896.36,50880.21,53.85
2021-07-16 00:00:00,5021.19,17533.41,16166.75,48102.1,53.85
2021-07-16 01:00:00,4774.72,17073.37,15666.05,46091.8,53.85
2021-07-16 02:00:00,5441.5,16628.15,14999.7,44829.38,53.85
2021-07-16 03:00:00,5644.07,16357.49,14723.51,44876.37,53.85
2021-07-16 04:00:00,5293.75,16952.39,14735.72,45897.33,53.85
2021-07-16 05:00:00,6696.07,17721.21,14995.75,48846.37,53.85
2021-07-16 06:00:00,8152.99,19418.75,15990.15,54649.96,53.85
2021-07-16 07:00:00,8641.26,20068.98,18744.31,59919.2,53.85
2021-07-16 08:00:00,8388.49,20410.17,22037.25,63220.17,53.85
2021-07-16 09:00:00,6633.69,20569.05,25770.68,64730.06,53.85
2021-07-16 10:00:00,3416.42,20612.19,29491.36,65995.52,53.85
2021-07-16 11:00:00,2424.51,20442.5,32325.95,67175.33,53.46
2021-07-16 12:00:00,900.83,19792.52,34437.72,66761.24,53.33
2021-07-16 13:00:00,-490.22,19412.42,36138.76,65425.84,53.33
2021-07-16 14:00:00,-2311.23,18820.99,36461.69,63660.86,53.33
2021-07-16 15:00:00,-1543.95,18425.22,34967.3,62482.59,53.33
2021-07-16 16:00:00,-357.11,18536.04,33074.67,61529.66,53.33
2021-07-16 17:00:00,2108.57,18853.27,30307.59,62256.67,53.33
2021-07-16 18:00:00,4151.61,19409.67,26357.44,61803.46,53.33
2021-07-16 19:00:00,5740.87,19613.51,22201.3,59989.08,53.33
2021-07-16 20:00:00,5564.87,19517.74,19720.1,57126.58,53.33
2021-07-16 21:00:00,4176.29,19472.21,18850.55,54566.8,53.33
2021-07-16 22:00:00,1404.16,19132.21,19247.35,52577.81,53.33
2021-07-16 23:00:00,-45.08,18416.82,19518.52,49279.68,53.33
2021-07-17 00:00:00,2053.58,15527.34,19009.07,45659.93,53.33
2021-07-17 01:00:00,1265.1,14431.83,19426.2,43327.58,53.33
2021-07-17 02:00:00,2584.22,12719.68,19003.85,41967.69,53.33
2021-07-17 03:00:00,2330.3,12280.52,19258.57,41543.65,53.33
2021-07-17 04:00:00,2771.44,12067.86,19452.65,41486.32,53.33
2021-07-17 05:00:00,3311.2,12054.89,19325.64,41733.08,53.33
2021-07-17 06:00:00,3594.03,11874.26,19647.81,43222.32,53.33
2021-07-17 07:00:00,5125.75,11996.77,20714.93,46419.02,53.33
2021-07-17 08:00:00,4272.62,12228.3,23079.97,50404.8,53.33
2021-07-17 09:00:00,4157.01,12069.32,25303.48,53295.91,53.33
2021-07-17 10:00:00,3357.98,11712.67,28946.64,55163.78,53.33
2021-07-17 11:00:00,2450.6,11592.12,32546.88,56313.67,53.33
2021-07-17 12:00:00,-793.16,11277.32,36034.62,55700.72,53.33
2021-07-17 13:00:00,-1980.48,10281.41,39182.78,54524.48,53.33
2021-07-17 14:00:00,-3836.93,9418.94,40788.98,53306.79,53.33
2021-07-17 15:00:00,-4764.92,8981.07,40887.9,52941.34,53.33
2021-07-17 16:00:00,-4244.65,9553.29,39770.72,52592.68,53.33
2021-07-17 17:00:00,-1888.96,10716.12,37031.53,52937.89,53.33
2021-07-17 18:00:00,-539.38,11885.4,32569.76,53125.44,53.33
2021-07-17 19:00:00,447.19,12135.83,27182.37,52037.08,53.33
2021-07-17 20:00:00,1772.46,12125.19,22499.01,50031.21,53.33
2021-07-17 21:00:00,1658.89,12218.98,21981.52,48492.94,53.33
2021-07-17 22:00:00,1155.03,12174.47,22634.49,47417.24,53.33
2021-07-17 23:00:00,-438.77,11694.03,23433.56,44991.76,53.33
2021-07-18 00:00:00,-868.98,10963.65,22759.93,42653.18,53.33
2021-07-18 01:00:00,-1228.53,10425.7,21726.54,40526.91,53.33
2021-07-18 02:00:00,185.97,9359.03,20147.63,39504.9,53.33
2021-07-18 03:00:00,2063.74,8970.86,19299.0,39193.54,53.33
2021-07-18 04:00:00,2796.04,8814.58,18627.96,39193.66,53.33
2021-07-18 05:00:00,3364.29,8765.13,17870.64,38598.97,53.33
2021-07-18 06:00:00,3871.56,8865.22,17661.98,38887.64,53.33
2021-07-18 07:00:00,2769.93,9289.35,19319.23,41182.87,53.33
2021-07-18 08:00:00,1643.72,8665.56,23706.25,44745.29,53.33
2021-07-18 09:00:00,-1585.98,8335.87,29113.46,47379.65,53.33
2021-07-18 10:00:00,-2911.2,8218.18,34396.28,49605.28,53.33
2021-07-18 11:00:00,-4675.36,8148.81,39338.53,51481.78,53.33
2021-07-18 12:00:00,-7326.18,8031.22,42805.73,51144.16,53.33
2021-07-18 13:00:00,-8434.21,8010.58,44071.28,49556.27,53.33
2021-07-18 14:00:00,-8068.41,8061.08,43730.58,48175.46,53.33
2021-07-18 15:00:00,-8973.6,8064.44,42888.62,47652.43,53.33
2021-07-18 16:00:00,-6981.32,8084.95,40944.96,48026.21,53.33
2021-07-18 17:00:00,-4959.7,8323.19,38339.24,49423.98,53.33
2021-07-18 18:00:00,-2426.63,10138.68,32982.5,50021.12,53.33
2021-07-18 19:00:00,832.37,11965.28,26624.3,49928.17,53.33
2021-07-18 20:00:00,3182.66,12822.75,22001.03,49420.89,53.33
2021-07-18 21:00:00,3946.05,13181.25,20109.36,48905.68,53.33
2021-07-18 22:00:00,3292.41,13162.17,19615.64,48789.74,53.33
2021-07-18 23:00:00,2875.18,13093.97,18951.86,46162.8,53.33
2021-07-19 00:00:00,3110.93,12826.82,18171.55,44103.69,53.33
2021-07-19 01:00:00,3121.19,12684.77,17409.51,42325.9,53.33
2021-07-19 02:00:00,3070.45,12695.37,17017.42,41761.52,53.33
2021-07-19 03:00:00,3465.64,12879.99,15954.9,41799.67,53.33
2021-07-19 04:00:00,4231.04,13388.31,14926.73,42878.38,53.33
2021-07-19 05:00:00,6114.77,14511.79,14677.78,45833.3,53.33
2021-07-19 06:00:00,8918.93,16589.19,15469.82,53255.12,53.33
2021-07-19 07:00:00,8534.62,17982.2,18455.69,58898.29,53.33
2021-07-19 08:00:00,6852.44,18611.2,22942.85,62749.78,53.33
2021-07-19 09:00:00,3209.67,18626.38,28373.06,64539.02,53.33
2021-07-19 10:00:00,505.58,18559.65,32277.54,65860.55,53.33
2021-07-19 11:00:00,-647.28,18631.7,34306.24,66465.7,53.33
2021-07-19 12:00:00,-2075.8,18568.48,35945.59,65990.0,53.33
2021-07-19 13:00:00,-1634.13,18113.46,36678.0,65226.56,53.33
2021-07-19 14:00:00,-1246.52,17609.51,36183.65,63995.92,53.33
2021-07-19 15:00:00,-717.89,17719.78,34373.8,63017.41,53.33
2021-07-19 16:00:00,-60.7,18454.51,31279.35,62145.07,53.33
2021-07-19 17:00:00,2725.93,18949.31,27100.07,61960.69,53.33
2021-07-19 18:00:00,7148.98,19184.56,22311.61,61841.3,53.33
2021-07-19 19:00:00,8929.82,19439.47,17621.09,60579.07,53.33
2021-07-19 20:00:00,9402.27,19738.77,14074.21,58177.6,53.33
2021-07-19 21:00:00,8952.38,19814.32,13178.29,56135.39,53.33
2021-07-19 22:00:00,7515.81,19736.13,12856.84,53914.37,53.33
2021-07-19 23:00:00,5155.15,19172.58,12302.91,50448.77,53.33
2021-07-20 00:00:00,5902.44,18427.67,11676.28,47947.04,53.33
2021-07-20 01:00:00,5793.73,18219.02,11122.03,46197.69,53.33
2021-07-20 02:00:00,6939.29,17132.85,10467.61,45260.16,53.33
2021-07-20 03:00:00,7072.95,17663.01,9698.38,44656.68,53.33
2021-07-20 04:00:00,8017.58,18277.98,9505.57,46102.34,53.33
2021-07-20 05:00:00,8689.13,19152.83,9823.24,48893.06,53.33
2021-07-20 06:00:00,9488.94,19999.05,11435.97,54786.96,53.33
2021-07-20 07:00:00,10117.96,20190.38,14618.87,60248.46,53.33
2021-07-20 08:00:00,8681.64,20272.03,20104.97,63596.24,53.33
2021-07-20 09:00:00,5242.39,19653.74,26533.12,64904.76,53.33
2021-07-20 10:00:00,1416.61,19217.08,31171.28,66045.16,53.33
2021-07-20 11:00:00,230.34,19198.73,33237.93,67031.98,53.33
2021-07-20 12:00:00,-1486.35,19165.46,34993.57,66264.45,53.33
2021-07-20 13:00:00,-1184.85,18667.67,36462.85,65448.95,53.33
2021-07-20 14:00:00,-2078.88,18113.57,37370.37,64500.36,53.33
2021-07-20 15:00:00,-2772.78,18196.77,36797.47,63761.15,53.33
2021-07-20 16:00:00,-2026.15,18448.59,34061.46,63092.35,53.33
2021-07-20 17:00:00,69.24,18845.16,29215.36,62440.72,53.33
2021-07-20 18:00:00,4608.62,19460.54,22976.74,62120.9,53.33
2021-07-20 19:00:00,7798.9,20202.89,17198.15,61070.15,53.33
2021-07-20 20:00:00,9461.58,20174.39,13405.92,58944.46,53.33
2021-07-20 21:00:00,8173.33,20197.37,12321.29,56894.29,53.33
2021-07-20 22:00:00,6082.65,20096.74,12418.68,54262.85,53.33
2021-07-20 23:00:00,3907.02,19613.33,12457.09,50740.99,53.33
2021-07-21 00:00:00,4356.58,18778.15,12619.12,47692.68,53.33
2021-07-21 01:00:00,3604.38,18648.02,12327.87,45826.76,53.33
2021-07-21 02:00:00,4621.5,18140.49,12177.29,44879.12,53.33
2021-07-21 03:00:00,5277.36,17864.93,11831.01,44832.38,53.33
2021-07-21 04:00:00,6680.05,17822.63,11689.74,45659.0,53.33
2021-07-21 05:00:00,7406.74,18761.14,11600.7,48574.03,53.33
2021-07-21 06:00:00,9609.49,19822.46,12870.19,54553.38,53.33
2021-07-21 07:00:00,9270.34,20504.56,15956.7,59558.49,53.33
2021-07-21 08:00:00,5700.07,20761.64,20912.3,62791.24,53.33
2021-07-21 09:00:00,2384.62,20718.79,26231.83,63962.45,53.33
2021-07-21 10:00:00,371.91,20481.23,30648.96,65290.35,53.33
2021-07-21 11:00:00,-680.21,20411.63,33460.49,66420.78,53.33
2021-07-21 12:00:00,-2093.45,19858.33,34811.2,65922.94,53.33
2021-07-21 13:00:00,-2155.87,19206.28,35163.07,64035.5,53.33
2021-07-21 14:00:00,-1222.42,18718.65,34775.93,63029.17,53.33
2021-07-21 15:00:00,-1467.83,18975.07,32744.89,62298.85,53.33
2021-07-21 16:00:00,34.62,19482.79,29549.54,61418.65,53.33
2021-07-21 17:00:00,3257.45,20349.16,24695.63,61272.76,53.33
2021-07-21 18:00:00,7122.59,20858.08,19313.67,60883.02,53.33
2021-07-21 19:00:00,9762.26,21059.37,14249.16,59855.76,53.33
2021-07-21 20:00:00,10753.73,20877.72,11090.98,57849.96,53.33
2021-07-21 21:00:00,9524.28,20701.2,10276.41,55762.14,53.33
2021-07-21 22:00:00,7824.0,20506.71,10190.01,53424.88,53.33
2021-07-21 23:00:00,6761.22,19990.25,10120.85,49490.88,53.33
2021-07-22 00:00:00,5917.47,19415.45,9836.05,46989.46,53.33
2021-07-22 01:00:00,5390.84,18957.4,9446.45,44775.83,53.33
2021-07-22 02:00:00,6064.52,18400.48,9104.68,43663.98,53.33
2021-07-22 03:00:00,6039.79,18651.2,9088.71,43699.89,53.33
2021-07-22 04:00:00,6912.91,18805.67,9135.4,45081.17,53.33
2021-07-22 05:00:00,6747.36,19875.8,9472.44,47760.76,53.33
2021-07-22 06:00:00,9527.24,20805.52,11123.48,53944.05,53.33
2021-07-22 07:00:00,10350.59,21190.86,14301.69,59110.89,53.33
2021-07-22 08:00:00,6659.0,21625.92,19314.32,62429.0,53.33
2021-07-22 09:00:00,2587.07,21703.67,25048.7,63853.52,53.33
2021-07-22 10:00:00,456.95,20476.25,30027.25,65123.84,53.33
2021-07-22 11:00:00,-168.52,19897.97,33500.47,66611.23,53.33
2021-07-22 12:00:00,-2612.2,19805.89,35202.38,66069.54,53.33
2021-07-22 13:00:00,-2158.32,19939.24,35625.12,65041.46,53.33
2021-07-22 14:00:00,-2111.18,19828.08,34719.75,64030.76,53.33
2021-07-22 15:00:00,-1697.47,20142.64,32897.48,63344.81,53.33
2021-07-22 16:00:00,-891.13,20688.62,29425.89,62585.74,53.33
2021-07-22 17:00:00,1937.86,21200.63,25370.02,62459.13,53.33
2021-07-22 18:00:00,5444.49,21546.16,20303.5,61745.66,53.33
2021-07-22 19:00:00,7463.83,21874.36,15639.19,60445.37,53.33
2021-07-22 20:00:00,8996.36,21683.23,12635.49,58146.26,53.33
2021-07-22 21:00:00,7156.47,21723.36,11811.12,56425.12,53.33
2021-07-22 22:00:00,4761.26,21445.94,11851.38,53875.11,53.33
2021-07-22 23:00:00,4860.0,20442.34,11249.02,49973.56,53.33
2021-07-23 00:00:00,5778.82,19725.47,10751.19,47161.4,53.33
2021-07-23 01:00:00,5698.65,19340.89,10295.34,45612.6,53.33
2021-07-23 02:00:00,6530.64,18594.65,10068.67,44379.54,53.33
2021-07-23 03:00:00,7029.71,18588.97,9732.61,44747.73,53.33
2021-07-23 04:00:00,7313.51,19042.75,9617.29,45624.6,53.33
2021-07-23 05:00:00,7959.18,19710.19,9802.05,48186.3,53.33
2021-07-23 06:00:00,9888.08,20938.74,11187.67,53990.1,53.33
2021-07-23 07:00:00,8378.04,21462.89,14721.48,58883.05,53.33
2021-07-23 08:00:00,4918.25,21766.93,20202.07,62423.4,53.33
2021-07-23 09:00:00,1583.19,21364.6,26079.04,63761.17,53.33
2021-07-23 10:00:00,-897.64,20771.05,31196.53,64961.61,53.33
2021-07-23 11:00:00,-2728.56,20209.17,34736.15,65782.74,50.93
2021-07-23 12:00:00,-4059.72,19950.8,36126.76,65133.67,50.13
2021-07-23 13:00:00,-4179.74,19479.07,35856.05,64014.91,50.13
2021-07-23 14:00:00,-3158.35,19006.61,34868.21,62077.04,50.13
2021-07-23 15:00:00,-1820.74,18947.61,32796.47,61198.88,50.13
2021-07-23 16:00:00,-279.54,19454.73,29379.18,60227.44,50.13
2021-07-23 17:00:00,2267.36,20476.6,24422.99,60151.84,50.13
2021-07-23 18:00:00,5762.56,21815.76,18397.42,59491.68,50.13
2021-07-23 19:00:00,8478.6,22273.91,13257.5,58107.36,50.13
2021-07-23 20:00:00,7959.56,21968.13,10998.4,55819.57,50.13
2021-07-23 21:00:00,6220.67,21651.64,11301.59,53787.3,50.13
2021-07-23 22:00:00,4471.98,21176.05,12564.78,51610.38,50.13
2021-07-23 23:00:00,2518.88,19664.06,13480.04,47916.77,50.13
2021-07-24 00:00:00,4437.51,17093.69,14080.52,44596.46,50.13
2021-07-24 01:00:00,3165.43,15886.15,14192.79,42653.62,50.13
2021-07-24 02:00:00,2258.32,15047.96,14283.88,41009.36,50.13
2021-07-24 03:00:00,1846.95,14790.87,14528.42,40297.34,50.13
2021-07-24 04:00:00,2880.72,14311.05,14566.35,40559.75,50.13
2021-07-24 05:00:00,2597.16,14271.04,15223.87,40734.33,50.13
2021-07-24 06:00:00,2634.44,14375.66,17191.77,43107.38,50.13
2021-07-24 07:00:00,2293.61,14502.73,20109.25,45909.82,50.13
2021-07-24 08:00:00,1257.99,14786.14,23603.76,49142.88,50.13
2021-07-24 09:00:00,-1230.18,14900.68,27980.99,52581.4,50.13
2021-07-24 10:00:00,-3649.29,14640.43,32456.98,54276.68,50.13
2021-07-24 11:00:00,-5238.52,14256.46,36903.7,55417.59,50.13
2021-07-24 12:00:00,-5886.79,14093.48,38184.44,55466.46,50.13
2021-07-24 13:00:00,-7120.28,14262.26,37005.33,53813.3,50.13
2021-07-24 14:00:00,-5734.17,14231.01,35068.11,52428.15,50.13
2021-07-24 15:00:00,-3711.74,14274.87,32004.72,51821.74,50.13
2021-07-24 16:00:00,-2039.95,14608.81,28350.64,51935.06,50.13
2021-07-24 17:00:00,1753.49,15000.34,25240.75,52401.91,50.13
2021-07-24 18:00:00,3942.43,15471.96,22057.38,52853.95,50.13
2021-07-24 19:00:00,3448.65,15642.68,20578.43,52117.44,50.13
2021-07-24 20:00:00,2498.41,15761.81,20467.95,50241.07,50.13
2021-07-24 21:00:00,-99.94,15717.9,20985.54,49523.58,50.13
2021-07-24 22:00:00,-1974.25,15449.42,21469.17,48111.38,50.13
2021-07-24 23:00:00,-3235.77,15079.04,21301.14,44873.32,50.13
2021-07-25 00:00:00,-2438.85,14696.99,20242.66,43080.64,50.13
2021-07-25 01:00:00,-2610.77,14117.15,19223.23,40662.37,50.13
2021-07-25 02:00:00,-1773.31,13842.24,18692.7,39229.56,50.13
2021-07-25 03:00:00,106.66,13132.24,18298.86,38868.01,50.13
2021-07-25 04:00:00,515.29,12626.9,17560.71,38657.57,50.13
2021-07-25 05:00:00,642.79,12582.87,17871.53,38749.3,50.13
2021-07-25 06:00:00,599.66,12485.06,18815.78,39433.77,50.13
2021-07-25 07:00:00,358.29,12386.43,20964.64,41554.12,50.13
2021-07-25 08:00:00,-272.52,12740.07,23803.27,44554.51,50.13
2021-07-25 09:00:00,-1733.71,12457.72,28466.05,47450.01,50.13
2021-07-25 10:00:00,-2744.92,11899.61,33192.6,49611.12,50.13
2021-07-25 11:00:00,-4684.54,11247.34,36775.8,51694.89,50.13
2021-07-25 12:00:00,-6251.05,10762.26,37943.45,52233.98,50.13
2021-07-25 13:00:00,-5515.93,10444.77,37673.07,50636.56,50.13
2021-07-25 14:00:00,-4331.62,10479.79,35932.95,49433.6,50.13
2021-07-25 15:00:00,-2735.32,11270.3,32853.46,48573.93,50.13
2021-07-25 16:00:00,-1538.61,12929.53,28534.68,48224.34,50.13
2021-07-25 17:00:00,-860.69,15623.49,24375.27,49348.77,50.13
2021-07-25 18:00:00,2068.12,17134.09,19711.02,50388.15,50.13
2021-07-25 19:00:00,5509.55,17733.05,15658.78,50396.71,50.13
2021-07-25 20:00:00,5326.14,18082.36,13192.89,49305.28,50.13
2021-07-25 21:00:00,5594.51,18215.97,12203.06,49002.73,50.13
2021-07-25 22:00:00,5680.14,18198.86,11962.01,48169.39,50.13
2021-07-25 23:00:00,3819.44,18033.36,11569.32,45065.08,50.13
2021-07-26 00:00:00,4048.5,17517.48,10990.62,42534.2,50.13
2021-07-26 01:00:00,4691.82,16885.23,11094.24,41268.75,50.13
2021-07-26 02:00:00,5162.12,16501.46,10560.28,40257.26,50.13
2021-07-26 03:00:00,4930.19,16731.51,10493.78,40143.94,50.13
2021-07-26 04:00:00,5128.77,17331.81,10639.25,42116.24,50.13
2021-07-26 05:00:00,5537.58,18640.57,10912.57,45424.94,50.13
2021-07-26 06:00:00,7256.85,20735.15,12245.03,52607.51,50.13
2021-07-26 07:00:00,7018.42,22091.83,15162.85,58475.87,50.13
2021-07-26 08:00:00,5534.56,22439.93,19044.45,62167.47,50.13
2021-07-26 09:00:00,3467.41,22288.76,23551.55,63368.08,50.13
2021-07-26 10:00:00,847.81,22350.08,28386.96,64949.72,50.13
2021-07-26 11:00:00,-843.71,22147.49,32431.4,66812.08,50.13
2021-07-26 12:00:00,-2537.36,21853.65,34492.4,66820.89,50.13
2021-07-26 13:00:00,-2739.7,21601.77,35074.66,65904.7,50.13
2021-07-26 14:00:00,-3326.21,21537.01,34068.15,64651.8,50.13
2021-07-26 15:00:00,-2086.78,21277.61,31827.87,64164.88,50.13
2021-07-26 16:00:00,-760.0,21978.06,27608.78,63307.23,50.13
2021-07-26 17:00:00,1923.26,22277.86,23514.47,62997.16,50.13
2021-07-26 18:00:00,4368.96,22640.2,19443.37,62729.5,50.13
2021-07-26 19:00:00,6882.58,23219.68,15886.46,61023.58,50.13
2021-07-26 20:00:00,7186.13,23296.22,12998.99,58449.75,50.13
2021-07-26 21:00:00,6443.66,23134.1,12504.77,56428.75,50.13
2021-07-26 22:00:00,4652.7,22699.07,12733.93,53665.94,50.13
2021-07-26 23:00:00,2441.63,21497.92,13302.76,49790.23,50.13
2021-07-27 00:00:00,1936.41,20410.48,13149.22,47140.83,50.13
2021-07-27 01:00:00,1476.44,19708.99,13679.45,45741.29,50.13
2021-07-27 02:00:00,1768.52,19033.83,13991.16,44643.73,50.13
2021-07-27 03:00:00,1124.75,18949.58,14352.65,44597.12,50.13
2021-07-27 04:00:00,1921.02,19134.96,14299.13,45497.74,50.13
2021-07-27 05:00:00,2054.54,20370.84,14437.8,48042.98,50.13
2021-07-27 06:00:00,3976.82,21768.02,15758.45,53832.63,50.13
2021-07-27 07:00:00,4283.23,22361.76,18357.64,58911.88,50.13
2021-07-27 08:00:00,2642.29,22516.6,23141.02,62566.96,50.13
2021-07-27 09:00:00,116.46,22294.91,29108.46,64123.85,50.13
2021-07-27 10:00:00,-3849.68,22116.84,35068.72,65221.49,50.13
2021-07-27 11:00:00,-6053.66,21683.44,38945.52,67568.79,50.13
2021-07-27 12:00:00,-7844.62,21438.31,40337.67,67098.92,50.13
2021-07-27 13:00:00,-8410.02,20987.09,40107.25,66499.84,50.13
2021-07-27 14:00:00,-7416.3,20578.31,38484.84,65092.89,50.13
2021-07-27 15:00:00,-4879.95,20126.98,36336.38,64271.54,50.13
2021-07-27 16:00:00,-2103.31,19979.98,32368.21,63477.16,50.13
2021-07-27 17:00:00,1792.36,20724.46,26783.31,62637.54,50.13
2021-07-27 18:00:00,4493.03,21465.42,20791.33,61747.79,50.13
2021-07-27 19:00:00,5050.79,22221.09,16065.96,60105.74,50.13
2021-07-27 20:00:00,6307.19,22557.21,13478.86,57427.54,50.13
2021-07-27 21:00:00,6315.64,22063.03,13082.43,55980.29,50.13
2021-07-27 22:00:00,4348.1,21766.92,13048.73,53039.8,50.13
2021-07-27 23:00:00,3288.11,20271.46,13772.62,49539.53,50.13
2021-07-28 00:00:00,3848.22,18260.68,14305.44,46447.96,50.13
2021-07-28 01:00:00,2733.71,17744.36,14343.0,44397.71,50.13
2021-07-28 02:00:00,2579.05,17075.92,14755.46,42914.76,50.13
2021-07-28 03:00:00,2322.24,17074.88,14767.52,43099.35,50.13
2021-07-28 04:00:00,2491.44,17480.4,15319.03,44116.26,50.13
2021-07-28 05:00:00,3602.65,17743.85,16430.02,47214.6,50.13
2021-07-28 06:00:00,5083.73,18543.5,18219.18,53363.21,50.13
2021-07-28 07:00:00,5073.95,19067.9,21092.41,58763.16,50.13
2021-07-28 08:00:00,3748.64,19038.03,25276.55,62562.54,50.13
2021-07-28 09:00:00,1998.26,18589.25,30800.51,64511.26,50.13
2021-07-28 10:00:00,208.64,18617.06,35045.03,66091.57,50.13
2021-07-28 11:00:00,-1468.95,18100.02,38655.11,67559.48,50.13
2021-07-28 12:00:00,-1807.52,17315.08,41104.59,66709.64,50.13
2021-07-28 13:00:00,-1144.42,15782.77,41920.75,65727.08,50.13
2021-07-28 14:00:00,-1673.67,15142.38,42729.92,64364.07,50.13
2021-07-28 15:00:00,-2256.29,14628.08,42546.95,63524.51,50.13
2021-07-28 16:00:00,-1771.33,14213.83,41266.74,62635.27,50.13
2021-07-28 17:00:00,-1935.32,15149.69,39643.06,62490.3,50.13
2021-07-28 18:00:00,-227.64,16109.19,35619.74,61689.52,50.13
2021-07-28 19:00:00,2218.39,16721.14,29950.59,60997.84,50.13
2021-07-28 20:00:00,2780.01,17090.83,26056.93,58555.56,50.13
2021-07-28 21:00:00,1356.52,16950.44,25475.27,56469.15,50.13
2021-07-28 22:00:00,-630.46,16136.41,26911.35,53373.97,50.13
2021-07-28 23:00:00,-2376.93,13961.82,28424.22,49461.1,50.13
2021-07-29 00:00:00,-2149.09,11478.38,29299.11,47449.86,50.13
2021-07-29 01:00:00,-908.54,9500.66,30226.61,45847.11,50.13
2021-07-29 02:00:00,-1143.34,9033.61,31287.79,44919.99,50.13
2021-07-29 03:00:00,-2353.14,8853.37,31557.49,44780.34,50.13
2021-07-29 04:00:00,-2595.61,8910.01,31661.85,45892.88,50.13
2021-07-29 05:00:00,-976.25,9663.14,32984.9,49025.48,50.13
2021-07-29 06:00:00,171.02,10611.5,34815.54,54811.76,50.13
2021-07-29 07:00:00,667.99,11451.25,38347.24,59601.45,50.13
2021-07-29 08:00:00,-2153.51,10995.92,44946.79,63602.91,50.13
2021-07-29 09:00:00,-6553.72,9403.04,53912.21,65706.15,50.13
2021-07-29 10:00:00,-8833.21,9140.23,59093.55,67584.28,50.13
2021-07-29 11:00:00,-9357.99,9151.04,61698.35,68835.3,50.13
2021-07-29 12:00:00,-9962.51,8973.7,62740.3,68257.03,50.13
2021-07-29 13:00:00,-9675.22,8764.13,62389.22,66713.6,50.13
2021-07-29 14:00:00,-10289.05,8524.09,61252.88,65690.44,50.13
2021-07-29 15:00:00,-9206.03,8265.68,59007.88,64309.16,50.13
2021-07-29 16:00:00,-8415.6,8434.37,56859.55,62564.02,50.13
2021-07-29 17:00:00,-6571.75,9547.61,52509.8,62343.0,50.13
2021-07-29 18:00:00,-3986.93,11118.66,44898.52,61924.3,50.13
2021-07-29 19:00:00,1516.19,11841.95,35589.87,60851.88,50.13
2021-07-29 20:00:00,2671.92,12452.87,28160.22,57347.52,50.13
2021-07-29 21:00:00,5490.48,12646.2,25635.8,55655.35,50.13
2021-07-29 22:00:00,4535.1,12422.46,25366.42,53347.46,50.13
2021-07-29 23:00:00,1187.34,12262.34,25945.39,49490.84,50.13
2021-07-30 00:00:00,-1701.27,12522.96,25376.41,46653.61,50.13
2021-07-30 01:00:00,-935.37,12702.72,25726.46,45142.23,50.13
2021-07-30 02:00:00,-471.91,12693.02,26027.19,44516.77,50.13
2021-07-30 03:00:00,-990.48,12965.26,26007.46,44420.62,50.13
2021-07-30 04:00:00,-0.54,12794.91,26354.44,45305.11,50.13
2021-07-30 05:00:00,384.88,13206.99,26674.12,47835.7,50.13
2021-07-30 06:00:00,3742.12,13461.64,26994.39,52897.18,50.13
2021-07-30 07:00:00,5459.54,13707.28,29222.85,57802.79,50.13
2021-07-30 08:00:00,3617.51,13589.13,33541.72,61157.82,50.13
2021-07-30 09:00:00,-1284.02,13322.53,40984.13,63191.4,50.13
2021-07-30 10:00:00,-4340.88,12325.18,48392.59,64738.94,50.13
2021-07-30 11:00:00,-6064.2,10735.87,53282.12,65755.61,52.28
2021-07-30 12:00:00,-7095.71,10122.0,53775.53,65381.19,53.0
2021-07-30 13:00:00,-6600.11,9924.55,52842.18,63770.72,53.0
2021-07-30 14:00:00,-5338.04,9990.66,50202.28,62494.25,53.0
2021-07-30 15:00:00,-3213.23,10132.45,46998.62,61596.22,53.0
2021-07-30 16:00:00,-748.82,10834.26,41207.13,60822.64,53.0
2021-07-30 17:00:00,2185.27,13224.24,33944.77,60169.31,53.0
2021-07-30 18:00:00,7254.94,14254.64,26138.75,59451.69,53.0
2021-07-30 19:00:00,9123.58,15085.75,19845.83,57602.76,53.0
2021-07-30 20:00:00,9027.1,15009.3,16768.93,55060.24,53.0
2021-07-30 21:00:00,8022.09,14650.01,16576.22,52596.96,53.0
2021-07-30 22:00:00,6618.66,14024.15,16443.45,50144.78,53.0
2021-07-30 23:00:00,4195.25,13297.08,17130.44,46808.68,53.0
2021-07-31 00:00:00,3655.76,11719.47,18829.36,44016.34,53.0
2021-07-31 01:00:00,1964.66,9643.22,22065.5,42140.65,53.0
2021-07-31 02:00:00,-384.28,8272.45,25514.47,41581.13,53.0
2021-07-31 03:00:00,-3007.86,8036.75,28365.91,41697.89,53.0
2021-07-31 04:00:00,-3895.38,7902.35,30330.84,41875.21,53.0
2021-07-31 05:00:00,-4546.56,7875.17,31052.97,42048.53,53.0
2021-07-31 06:00:00,-4837.85,8089.76,32710.03,43371.51,53.0
2021-07-31 07:00:00,-6120.04,7952.25,36419.28,46336.3,53.0
2021-07-31 08:00:00,-9528.75,7876.21,44791.33,51233.74,53.0
2021-07-31 09:00:00,-14323.14,7844.6,53594.72,54623.94,53.0
2021-07-31 10:00:00,-15401.49,7885.33,57007.75,56160.64,53.0
2021-07-31 11:00:00,-14983.61,7735.26,57599.83,57327.1,53.0
2021-07-31 12:00:00,-14335.89,7690.08,57310.16,56865.91,53.0
2021-07-31 13:00:00,-14137.51,7658.87,55487.39,55002.98,53.0
2021-07-31 14:00:00,-13211.97,7644.53,54268.98,53674.23,53.0
2021-07-31 15:00:00,-12922.98,7589.84,52359.84,53244.37,53.0
2021-07-31 16:00:00,-12871.72,7742.83,51158.37,52844.17,53.0
2021-07-31 17:00:00,-11125.76,8036.87,47152.39,53576.63,53.0
2021-07-31 18:00:00,-5162.05,8702.97,39338.33,53064.76,53.0
2021-07-31 19:00:00,220.82,9483.95,31790.07,51999.65,53.0
2021-07-31 20:00:00,1239.06,10220.52,24915.42,49537.75,53.0
2021-07-31 21:00:00,1410.46,10896.86,22131.5,48320.16,53.0
2021-07-31 22:00:00,2694.41,10863.24,21766.1,46709.96,53.0
2021-07-31 23:00:00,2625.09,9847.65,21751.99,44259.1,53.0
2021-08-01 00:00:00,1488.89,9742.2,20340.51,41226.06,53.0
2021-08-01 01:00:00,1600.27,9751.79,19060.68,39469.81,53.0
2021-08-01 02:00:00,2396.29,9887.34,17992.36,38455.39,53.0
2021-08-01 03:00:00,2940.8,9864.58,16994.48,37962.08,53.0
2021-08-01 04:00:00,3495.46,10018.02,15823.2,37309.0,53.0
2021-08-01 05:00:00,3513.29,10287.45,15336.96,37254.26,53.0
2021-08-01 06:00:00,3896.55,10434.27,15537.87,37626.54,53.0
2021-08-01 07:00:00,3997.87,11193.34,16157.5,40038.79,53.0
2021-08-01 08:00:00,4724.71,11151.52,18131.41,42910.23,53.0
2021-08-01 09:00:00,5089.63,11029.86,21465.69,45575.87,53.0
2021-08-01 10:00:00,5169.12,10568.34,25216.7,47945.19,53.0
2021-08-01 11:00:00,4368.66,10154.66,28380.7,49951.8,53.0
2021-08-01 12:00:00,1594.38,9721.72,30737.42,49369.54,53.0
2021-08-01 13:00:00,250.15,9083.06,33266.83,47990.24,53.0
2021-08-01 14:00:00,-1140.38,8785.63,33930.6,46672.66,53.0
2021-08-01 15:00:00,-1718.34,8808.55,33092.69,46382.82,53.0
2021-08-01 16:00:00,-1616.91,9280.61,31343.56,46277.19,53.0
2021-08-01 17:00:00,524.12,10510.56,27967.99,47513.08,53.0
2021-08-01 18:00:00,2537.14,12607.45,24669.83,48030.72,53.0
2021-08-01 19:00:00,4576.03,13633.43,21113.79,47474.78,53.0
2021-08-01 20:00:00,4295.76,14206.06,18215.83,46825.54,53.0
2021-08-01 21:00:00,3278.61,14806.34,17901.51,46776.47,53.0
2021-08-01 22:00:00,2970.25,14917.64,18109.38,45696.27,53.0
2021-08-01 23:00:00,848.98,14558.71,18783.63,43219.0,53.0
2021-08-02 00:00:00,1064.05,13163.59,19356.06,41352.34,53.0
2021-08-02 01:00:00,1075.66,12405.99,20544.48,40247.83,53.0
2021-08-02 02:00:00,1349.58,11146.8,20756.17,39793.75,53.0
2021-08-02 03:00:00,804.75,10892.48,20799.46,39683.19,53.0
2021-08-02 04:00:00,1452.84,11631.88,20433.77,41189.94,53.0
2021-08-02 05:00:00,2602.94,13153.4,20356.06,44769.32,53.0
2021-08-02 06:00:00,3959.51,15523.39,20953.21,50792.27,53.0
2021-08-02 07:00:00,5527.23,16054.31,22774.72,56335.94,53.0
2021-08-02 08:00:00,5097.29,16219.9,25993.4,60171.35,53.0
2021-08-02 09:00:00,1908.06,16105.49,31909.1,62241.28,53.0
2021-08-02 10:00:00,1023.78,15968.84,37149.1,63658.94,53.0
2021-08-02 11:00:00,-1937.33,15458.78,41467.22,64957.22,53.0
2021-08-02 12:00:00,-2786.38,15267.25,43723.15,65228.14,53.0
2021-08-02 13:00:00,-3578.97,15379.04,43690.58,64061.07,53.0
2021-08-02 14:00:00,-4550.36,15744.81,42777.44,62419.19,53.0
2021-08-02 15:00:00,-2440.72,15640.07,41404.94,61789.51,53.0
2021-08-02 16:00:00,-1544.17,15910.38,37157.35,60380.81,53.0
2021-08-02 17:00:00,-523.95,17820.35,31492.06,59683.1,53.0
2021-08-02 18:00:00,3732.04,19007.14,24993.75,59117.84,53.0
2021-08-02 19:00:00,6683.35,19756.12,18428.97,57464.22,53.0
2021-08-02 20:00:00,8048.94,19731.27,14279.06,54808.18,53.0
2021-08-02 21:00:00,7516.52,19591.1,12905.42,53272.19,53.0
2021-08-02 22:00:00,6180.83,19346.89,12592.48,50278.05,53.0
2021-08-02 23:00:00,6532.8,18563.81,12334.95,46724.16,53.0
2021-08-03 00:00:00,6056.23,17843.05,11559.67,44279.58,53.0
2021-08-03 01:00:00,4663.34,17956.05,11131.05,42636.37,53.0
2021-08-03 02:00:00,5751.22,17795.05,10930.04,41930.06,53.0
2021-08-03 03:00:00,6167.45,17929.56,10565.85,42193.99,53.0
2021-08-03 04:00:00,6598.74,18494.32,10418.92,43414.9,53.0
2021-08-03 05:00:00,7278.29,19115.47,10256.66,46382.86,53.0
2021-08-03 06:00:00,9286.74,20439.22,11310.52,52227.66,53.0
2021-08-03 07:00:00,8730.62,21609.52,14265.5,57081.66,53.0
2021-08-03 08:00:00,6606.96,22434.14,18792.09,60862.09,53.0
2021-08-03 09:00:00,3642.04,22229.4,23384.86,62800.12,53.0
2021-08-03 10:00:00,2923.26,21776.61,26625.15,64327.36,53.0
2021-08-03 11:00:00,2835.06,21755.95,28098.25,65696.34,53.0
2021-08-03 12:00:00,3405.56,21436.89,28965.56,64839.47,53.0
2021-08-03 13:00:00,3852.09,20883.57,29042.81,63864.01,53.0
2021-08-03 14:00:00,2885.52,20603.28,28975.11,62743.87,53.0
2021-08-03 15:00:00,3385.5,20540.11,27553.27,61709.68,53.0
2021-08-03 16:00:00,2787.53,21400.95,24051.62,60426.94,53.0
2021-08-03 17:00:00,5092.18,22491.54,19917.89,59708.32,53.0
2021-08-03 18:00:00,7134.42,23009.0,16239.07,59353.76,53.0
2021-08-03 19:00:00,9013.56,22910.12,12966.23,58254.92,53.0
2021-08-03 20:00:00,8605.78,22863.11,10990.73,55841.26,53.0
2021-08-03 21:00:00,6770.02,22709.0,10515.51,54067.42,53.0
2021-08-03 22:00:00,5283.49,21931.28,10492.27,50657.99,53.0
2021-08-03 23:00:00,4819.1,20663.31,10628.07,47247.52,53.0
2021-08-04 00:00:00,4490.04,19856.53,10478.43,44787.85,53.0
2021-08-04 01:00:00,4525.69,19502.33,10325.71,43212.19,53.0
2021-08-04 02:00:00,5369.5,18731.96,10087.79,42182.1,53.0
2021-08-04 03:00:00,5635.15,18483.02,9806.38,42043.76,53.0
2021-08-04 04:00:00,6198.2,19107.4,9532.09,42954.04,53.0
2021-08-04 05:00:00,7592.13,20133.08,9467.96,46125.0,53.0
2021-08-04 06:00:00,8002.02,22068.01,10527.35,51575.43,53.0
2021-08-04 07:00:00,6396.04,23019.13,13102.61,56630.74,53.0
2021-08-04 08:00:00,5715.45,22888.08,16641.07,59899.66,53.0
2021-08-04 09:00:00,4390.65,22862.23,21159.64,61041.8,53.0
2021-08-04 10:00:00,2714.03,22335.62,24975.21,62272.27,53.0
2021-08-04 11:00:00,1406.3,22095.94,27419.52,63770.72,53.0
2021-08-04 12:00:00,414.43,21879.07,28367.0,63389.36,53.0
2021-08-04 13:00:00,777.8,21585.37,28094.77,62088.36,53.0
2021-08-04 14:00:00,1295.86,21442.23,27077.79,60960.59,53.0
2021-08-04 15:00:00,2168.75,21388.86,24887.3,59892.74,53.0
2021-08-04 16:00:00,3183.32,22067.23,22023.08,59039.23,53.0
2021-08-04 17:00:00,3947.82,23119.81,18737.97,58892.32,53.0
2021-08-04 18:00:00,5937.05,23573.68,15889.96,58887.68,53.0
2021-08-04 19:00:00,6779.4,24070.83,13215.65,57755.55,53.0
2021-08-04 20:00:00,6587.29,23667.99,11360.79,55593.78,53.0
2021-08-04 21:00:00,5524.62,23616.84,11053.12,54003.16,53.0
2021-08-04 22:00:00,4631.35,22441.65,11181.91,50955.37,53.0
2021-08-04 23:00:00,5159.1,20449.44,10775.82,47295.01,53.0
2021-08-05 00:00:00,4041.87,19606.74,10654.05,44498.9,53.0
2021-08-05 01:00:00,4264.15,19374.44,10160.97,42732.31,53.0
2021-08-05 02:00:00,5063.42,18981.17,10264.0,42061.9,53.0
2021-08-05 03:00:00,5326.35,18776.85,10370.72,42183.94,53.0
2021-08-05 04:00:00,4997.99,19358.97,10617.57,43045.02,53.0
2021-08-05 05:00:00,6162.09,20035.24,10781.16,45892.1,53.0
2021-08-05 06:00:00,6613.96,21661.44,11616.57,51482.23,53.0
2021-08-05 07:00:00,5466.42,22823.24,13865.59,56244.46,53.0
2021-08-05 08:00:00,5179.41,23040.84,16827.13,59816.7,53.0
2021-08-05 09:00:00,3721.48,22726.97,21013.99,61397.64,53.0
2021-08-05 10:00:00,2543.77,21941.32,25705.88,62944.38,53.0
2021-08-05 11:00:00,1536.14,21508.17,29229.79,64720.82,53.0
2021-08-05 12:00:00,511.1,21110.06,30914.13,64494.48,53.0
2021-08-05 13:00:00,-47.32,20201.94,31707.16,63071.16,53.0
2021-08-05 14:00:00,-137.3,19634.96,31546.02,62212.93,53.0
2021-08-05 15:00:00,502.76,19376.66,30357.66,61536.32,53.0
2021-08-05 16:00:00,1399.98,19513.74,27996.85,61128.38,53.0
2021-08-05 17:00:00,3355.5,20552.62,24360.22,60946.8,53.0
2021-08-05 18:00:00,5035.07,21358.1,20926.54,60468.15,53.0
2021-08-05 19:00:00,6156.57,21498.81,17071.21,59254.8,53.0
2021-08-05 20:00:00,5893.18,21557.66,15438.61,56991.27,53.0
2021-08-05 21:00:00,5614.75,20935.77,15912.67,55477.79,53.0
2021-08-05 22:00:00,4244.2,19645.55,15852.82,52023.3,53.0
2021-08-05 23:00:00,4575.8,17161.87,17258.53,47561.51,53.0
2021-08-06 00:00:00,5210.1,14400.45,17941.39,44827.01,53.0
2021-08-06 01:00:00,4150.06,13752.44,18289.36,43218.03,53.0
2021-08-06 02:00:00,3577.65,13653.86,18345.36,42515.29,53.0
2021-08-06 03:00:00,2770.5,13948.96,18265.97,42801.9,53.0
2021-08-06 04:00:00,2851.58,14770.68,18182.1,43607.19,53.0
2021-08-06 05:00:00,4565.36,15306.43,18732.4,46526.54,53.0
2021-08-06 06:00:00,5209.16,16562.79,20343.36,51824.59,53.0
2021-08-06 07:00:00,6736.29,16867.79,23116.64,56906.94,53.0
2021-08-06 08:00:00,5235.14,16894.04,26461.78,60586.24,53.0
2021-08-06 09:00:00,2783.19,16733.46,30440.81,61644.05,53.0
2021-08-06 10:00:00,1335.97,16670.37,34928.22,63076.22,53.0
2021-08-06 11:00:00,871.1,14741.54,40041.25,64156.46,55.79
2021-08-06 12:00:00,-604.73,13124.82,44035.61,63737.35,56.72
2021-08-06 13:00:00,-1337.5,12244.46,45397.12,62628.01,56.72
2021-08-06 14:00:00,-2076.72,11533.77,44282.89,61447.55,56.72
2021-08-06 15:00:00,-1943.32,12314.38,42553.76,60516.33,56.72
2021-08-06 16:00:00,61.19,13144.13,39309.69,59910.11,56.72
2021-08-06 17:00:00,2433.2,14053.33,34580.71,59555.56,56.72
2021-08-06 18:00:00,3659.61,15513.58,28539.0,58252.11,56.72
2021-08-06 19:00:00,7363.38,15756.24,22439.31,56724.82,56.72
2021-08-06 20:00:00,6690.2,15946.7,18888.58,53748.54,56.72
2021-08-06 21:00:00,5636.62,15919.54,18367.63,52035.35,56.72
2021-08-06 22:00:00,3437.69,15776.7,19225.6,49262.86,56.72
2021-08-06 23:00:00,1099.17,15516.17,19888.82,45914.85,56.72
2021-08-07 00:00:00,1392.98,13734.89,19879.88,43388.37,56.72
2021-08-07 01:00:00,730.45,12923.84,20158.47,41573.17,56.72
2021-08-07 02:00:00,729.13,12468.1,19929.6,40398.21,56.72
2021-08-07 03:00:00,1290.16,12346.66,18990.5,39695.62,56.72
2021-08-07 04:00:00,2078.14,12359.51,18039.58,39337.79,56.72
2021-08-07 05:00:00,2665.8,12747.92,18096.59,40159.02,56.72
2021-08-07 06:00:00,2379.21,12446.71,18602.01,41678.04,56.72
2021-08-07 07:00:00,2701.14,12254.91,20917.27,44062.77,56.72
2021-08-07 08:00:00,1958.44,12310.38,24856.49,47641.75,56.72
2021-08-07 09:00:00,496.77,12139.94,29224.79,50556.96,56.72
2021-08-07 10:00:00,-1378.35,11824.06,33348.5,52524.06,56.72
2021-08-07 11:00:00,-2748.56,11494.98,35802.11,53681.26,56.72
2021-08-07 12:00:00,-2166.43,11204.07,35725.47,53853.2,56.72
2021-08-07 13:00:00,-1545.44,11346.99,35133.45,52329.77,56.72
2021-08-07 14:00:00,-1016.7,11464.84,33089.01,51051.27,56.72
2021-08-07 15:00:00,-702.76,11816.18,29929.52,50151.57,56.72
2021-08-07 16:00:00,397.12,12607.76,27128.78,49858.34,56.72
2021-08-07 17:00:00,1571.36,13094.11,24295.57,50487.15,56.72
2021-08-07 18:00:00,2745.93,13434.67,21843.21,50643.24,56.72
2021-08-07 19:00:00,4026.7,13252.39,20065.44,49725.46,56.72
2021-08-07 20:00:00,2552.58,12836.66,20095.26,48238.8,56.72
2021-08-07 21:00:00,95.28,12707.95,21268.38,47221.68,56.72
2021-08-07 22:00:00,-1956.86,12124.62,21763.24,45319.9,56.72
2021-08-07 23:00:00,-2447.92,10490.05,22815.25,42087.77,56.72
2021-08-08 00:00:00,-1864.58,8841.32,23080.77,39568.7,56.72
2021-08-08 01:00:00,-2232.43,8392.87,24723.59,38862.57,56.72
2021-08-08 02:00:00,-3490.55,8229.08,26111.6,38238.41,56.72
2021-08-08 03:00:00,-4516.88,8243.55,26716.18,37751.1,56.72
2021-08-08 04:00:00,-5320.92,8158.17,27819.87,37946.6,56.72
2021-08-08 05:00:00,-5173.12,8105.53,28752.81,38655.62,56.72
2021-08-08 06:00:00,-6090.28,8013.28,29622.02,39110.81,56.72
2021-08-08 07:00:00,-5119.09,7935.4,30895.6,41114.63,56.72
2021-08-08 08:00:00,-8573.64,7878.56,36907.97,44362.62,56.72
2021-08-08 09:00:00,-10953.39,7855.5,43830.46,47591.71,56.72
2021-08-08 10:00:00,-12611.62,7687.61,48538.69,50272.67,56.72
2021-08-08 11:00:00,-12691.12,7732.9,51034.79,52599.29,56.72
2021-08-08 12:00:00,-12113.24,7564.34,50107.94,52432.42,56.72
2021-08-08 13:00:00,-10609.71,7489.09,47768.1,50364.72,56.72
2021-08-08 14:00:00,-8872.66,7462.88,45151.32,48423.07,56.72
2021-08-08 15:00:00,-8103.31,7460.15,42418.58,48039.31,56.72
2021-08-08 16:00:00,-6707.28,7536.92,41731.86,48136.92,56.72
2021-08-08 17:00:00,-7196.29,7734.73,40116.7,49305.28,56.72
2021-08-08 18:00:00,-5897.79,8722.24,35558.03,49147.1,56.72
2021-08-08 19:00:00,-865.1,9836.08,28954.98,48240.13,56.72
2021-08-08 20:00:00,79.87,10067.19,25757.05,47269.46,56.72
2021-08-08 21:00:00,-295.7,9797.27,26380.53,46846.42,56.72
2021-08-08 22:00:00,-2210.95,9869.5,27198.55,45371.18,56.72
2021-08-08 23:00:00,-4648.3,9439.2,27995.39,42901.93,56.72
2021-08-09 00:00:00,-4724.1,8709.58,28305.92,40764.65,56.72
2021-08-09 01:00:00,-4156.9,8855.35,28769.67,39591.43,56.72
2021-08-09 02:00:00,-4532.77,8930.99,28597.16,39144.86,56.72
2021-08-09 03:00:00,-3954.99,9183.44,28197.61,39309.42,56.72
2021-08-09 04:00:00,-3647.05,9722.31,27371.23,40599.43,56.72
2021-08-09 05:00:00,-2976.62,10779.43,26464.78,44136.69,56.72
2021-08-09 06:00:00,1028.13,13681.71,26405.37,50268.04,56.72
2021-08-09 07:00:00,2698.76,14592.61,27509.98,55160.74,56.72
2021-08-09 08:00:00,1998.15,14763.05,31081.87,58598.56,56.72
2021-08-09 09:00:00,-2020.4,14760.97,36517.43,60556.4,56.72
2021-08-09 10:00:00,-5220.7,14639.43,41968.89,61784.7,56.72
2021-08-09 11:00:00,-6701.8,13945.93,46893.8,63158.9,56.72
2021-08-09 12:00:00,-6329.62,12545.97,49346.78,63669.75,56.72
2021-08-09 13:00:00,-7476.45,12062.98,49235.87,62540.84,56.72
2021-08-09 14:00:00,-6040.4,12207.6,46477.34,61330.74,56.72
2021-08-09 15:00:00,-4128.42,12805.33,42182.42,59721.66,56.72
2021-08-09 16:00:00,-2680.85,14680.82,37146.18,58451.77,56.72
2021-08-09 17:00:00,826.92,15814.19,31413.84,58137.2,56.72
2021-08-09 18:00:00,5079.3,16144.2,25117.88,58082.97,56.72
2021-08-09 19:00:00,7044.09,16694.07,19678.81,57057.73,56.72
2021-08-09 20:00:00,7823.85,17080.36,17282.65,54956.88,56.72
2021-08-09 21:00:00,6591.36,17214.77,17455.09,53545.74,56.72
2021-08-09 22:00:00,4338.02,17080.37,17855.18,50372.54,56.72
2021-08-09 23:00:00,1784.99,16550.86,18688.67,46468.13,56.72
2021-08-10 00:00:00,1385.12,16345.14,18313.66,43952.27,56.72
2021-08-10 01:00:00,1833.1,16143.15,18245.25,42569.66,56.72
2021-08-10 02:00:00,1566.13,16114.12,17976.9,41766.48,56.72
2021-08-10 03:00:00,2115.34,15980.42,17510.51,41766.6,56.72
2021-08-10 04:00:00,2592.01,16535.53,16853.23,42564.78,56.72
2021-08-10 05:00:00,4763.36,16841.06,16278.01,45627.43,56.72
2021-08-10 06:00:00,6979.56,17509.48,16969.47,51180.22,56.72
2021-08-10 07:00:00,6192.5,18019.79,19669.68,56101.93,56.72
2021-08-10 08:00:00,5320.72,18278.07,22594.89,59131.03,56.72
2021-08-10 09:00:00,3527.49,18296.04,26979.69,60432.45,56.72
2021-08-10 10:00:00,671.2,18234.35,31510.85,61723.38,56.72
2021-08-10 11:00:00,-1284.57,18305.23,36284.97,63091.76,56.72
2021-08-10 12:00:00,-3013.31,18121.01,40072.83,63252.77,56.72
2021-08-10 13:00:00,-4920.52,17716.49,41274.08,62752.94,56.72
2021-08-10 14:00:00,-5905.55,17345.1,41385.61,61274.09,56.72
2021-08-10 15:00:00,-4691.86,17502.45,38802.31,60574.19,56.72
2021-08-10 16:00:00,-3673.16,18147.16,35078.76,59981.89,56.72
2021-08-10 17:00:00,279.44,19216.83,28947.91,59526.95,56.72
2021-08-10 18:00:00,4206.28,20434.34,22442.32,59322.72,56.72
2021-08-10 19:00:00,6053.63,21251.5,16543.46,58298.62,56.72
2021-08-10 20:00:00,6192.81,21211.98,13334.52,55982.45,56.72
2021-08-10 21:00:00,6104.44,20989.84,12446.23,54224.32,56.72
2021-08-10 22:00:00,4539.41,20993.05,12212.66,50738.57,56.72
2021-08-10 23:00:00,3673.87,20406.72,11912.11,46910.09,56.72
2021-08-11 00:00:00,3633.83,19608.98,11396.97,44190.5,56.72
2021-08-11 01:00:00,2862.36,19331.85,11412.44,42626.94,56.72
2021-08-11 02:00:00,3580.94,18897.95,11684.41,42224.39,56.72
2021-08-11 03:00:00,4508.61,18564.45,11782.32,42332.24,56.72
2021-08-11 04:00:00,4964.84,19003.55,11575.74,43359.1,56.72
2021-08-11 05:00:00,6266.85,19254.63,11167.76,45811.5,56.72
2021-08-11 06:00:00,9517.42,19929.12,11696.99,51620.0,56.72
2021-08-11 07:00:00,7605.72,20443.33,14844.94,56386.18,56.72
2021-08-11 08:00:00,6747.72,20198.22,20159.23,59904.95,56.72
2021-08-11 09:00:00,2047.96,19990.72,26886.27,61399.62,56.72
2021-08-11 10:00:00,-471.06,19313.21,32868.58,62747.3,56.72
2021-08-11 11:00:00,-1954.03,18687.96,36589.29,64174.35,56.72
2021-08-11 12:00:00,-3592.49,18579.61,37883.77,63380.16,56.72
2021-08-11 13:00:00,-1747.08,18169.93,38260.99,62748.05,56.72
2021-08-11 14:00:00,-1714.92,17664.43,37388.94,61463.02,56.72
2021-08-11 15:00:00,-1006.43,18057.89,34993.63,60516.2,56.72
2021-08-11 16:00:00,1479.11,18057.04,31047.35,59688.71,56.72
2021-08-11 17:00:00,3908.08,19537.79,25095.74,59376.34,56.72
2021-08-11 18:00:00,6163.03,21289.27,18468.31,59007.85,56.72
2021-08-11 19:00:00,8907.04,21574.15,12770.26,57780.36,56.72
2021-08-11 20:00:00,9082.44,21559.36,9988.45,55927.89,56.72
2021-08-11 21:00:00,7945.6,21646.82,9438.19,54489.9,56.72
2021-08-11 22:00:00,5980.12,21611.35,9402.51,51034.85,56.72
2021-08-11 23:00:00,5483.53,20786.26,9239.65,47077.1,56.72
2021-08-12 00:00:00,6628.0,19271.6,9096.28,44118.76,56.72
2021-08-12 01:00:00,5992.02,18704.92,9286.44,42693.51,56.72
2021-08-12 02:00:00,6102.24,18509.78,9686.44,41648.36,56.72
2021-08-12 03:00:00,6158.6,18339.51,10102.81,41429.57,56.72
2021-08-12 04:00:00,6502.43,18463.76,10513.04,42413.66,56.72
2021-08-12 05:00:00,6823.28,18983.28,10951.37,45627.94,56.72
2021-08-12 06:00:00,9976.01,19901.31,12222.27,51672.92,56.72
2021-08-12 07:00:00,7632.38,20918.29,16343.83,56470.11,56.72
2021-08-12 08:00:00,4403.66,21015.72,22178.63,59797.8,56.72
2021-08-12 09:00:00,808.3,20823.03,28162.17,61313.88,56.72
2021-08-12 10:00:00,-1692.11,20198.49,34121.78,63094.54,56.72
2021-08-12 11:00:00,-3762.02,19345.94,38095.93,64584.98,56.72
2021-08-12 12:00:00,-4465.92,19253.31,39409.68,64104.95,56.72
2021-08-12 13:00:00,-4234.49,19045.46,39008.97,63148.03,56.72
2021-08-12 14:00:00,-2711.27,19081.12,37118.17,62187.01,56.72
2021-08-12 15:00:00,-2128.78,19067.54,34098.84,60651.44,56.72
2021-08-12 16:00:00,-43.88,19874.71,30109.28,59640.02,56.72
2021-08-12 17:00:00,2725.21,20991.43,24605.77,59499.49,56.72
2021-08-12 18:00:00,7053.2,21893.56,18201.0,59351.07,56.72
2021-08-12 19:00:00,9207.28,22086.33,12940.84,58340.59,56.72
2021-08-12 20:00:00,8501.72,22126.19,10768.03,56475.14,56.72
2021-08-12 21:00:00,7510.38,22086.73,10951.91,55150.23,56.72
2021-08-12 22:00:00,5664.18,21660.64,11333.18,51695.22,56.72
2021-08-12 23:00:00,4976.93,20479.13,11551.32,48060.22,56.72
2021-08-13 00:00:00,5281.76,18781.94,11845.31,45551.17,56.72
2021-08-13 01:00:00,5622.04,17792.39,11220.26,44003.98,56.72
2021-08-13 02:00:00,4840.25,17630.96,10961.09,42647.38,56.72
2021-08-13 03:00:00,6079.55,17560.65,10533.73,42974.43,56.72
2021-08-13 04:00:00,7147.24,17840.04,10792.87,43820.96,56.72
2021-08-13 05:00:00,6976.07,18889.4,11542.41,46816.02,56.72
2021-08-13 06:00:00,9099.84,19841.69,13046.82,52763.1,56.72
2021-08-13 07:00:00,7258.12,20090.67,16857.78,57840.85,56.72
2021-08-13 08:00:00,4862.67,20594.04,22328.13,60785.58,56.72
2021-08-13 09:00:00,498.33,20827.14,28294.37,62495.96,56.72
2021-08-13 10:00:00,-2649.72,20077.54,34998.52,63760.91,56.72
2021-08-13 11:00:00,-5180.06,19319.02,40449.35,64724.96,55.88
2021-08-13 12:00:00,-7900.75,18558.53,45228.37,64536.17,55.6
2021-08-13 13:00:00,-7588.3,17561.98,47690.4,63176.35,55.6
2021-08-13 14:00:00,-8853.79,17258.99,47693.74,61778.01,55.6
2021-08-13 15:00:00,-8226.89,17073.29,45846.7,60751.95,55.6
2021-08-13 16:00:00,-6415.14,17354.8,42426.83,60021.79,55.6
2021-08-13 17:00:00,-5100.12,18746.42,36683.88,59857.68,55.6
2021-08-13 18:00:00,-2253.85,20287.53,30391.96,58865.0,55.6
2021-08-13 19:00:00,643.28,20632.34,25091.95,57337.36,55.6
2021-08-13 20:00:00,969.16,20699.17,21750.92,55504.87,55.6
2021-08-13 21:00:00,759.88,20432.07,20585.89,54410.29,55.6
2021-08-13 22:00:00,235.1,19773.0,20326.55,51481.25,55.6
2021-08-13 23:00:00,-371.43,18064.91,20556.35,48277.59,55.6
2021-08-14 00:00:00,-1031.57,16669.34,19567.42,44522.59,55.6
2021-08-14 01:00:00,349.67,15441.52,18479.6,42817.3,55.6
2021-08-14 02:00:00,613.14,15048.52,17636.35,41598.67,55.6
2021-08-14 03:00:00,1244.99,14646.51,17165.43,41012.63,55.6
2021-08-14 04:00:00,1639.33,14347.76,17041.55,41133.73,55.6
2021-08-14 05:00:00,833.62,14748.8,16969.54,41388.38,55.6
2021-08-14 06:00:00,1617.46,14449.21,17533.51,42526.14,55.6
2021-08-14 07:00:00,1432.23,14446.82,20940.97,45209.81,55.6
2021-08-14 08:00:00,-1101.29,14101.44,26659.57,49198.36,55.6
2021-08-14 09:00:00,-5233.22,13528.19,34244.09,52155.6,55.6
2021-08-14 10:00:00,-8289.12,12440.34,42642.74,54414.26,55.6
2021-08-14 11:00:00,-11117.5,10851.79,49538.65,55624.56,55.6
2021-08-14 12:00:00,-13218.27,9788.63,53204.82,54763.57,55.6
2021-08-14 13:00:00,-13798.48,9210.89,54217.34,53177.68,55.6
2021-08-14 14:00:00,-13597.74,8921.7,53407.94,52166.44,55.6
2021-08-14 15:00:00,-14007.02,9300.21,51568.55,51664.84,55.6
2021-08-14 16:00:00,-12461.38,10101.35,47399.91,51197.78,55.6
2021-08-14 17:00:00,-8549.68,12650.83,40864.96,51785.54,55.6
2021-08-14 18:00:00,-4591.9,14535.46,32427.74,51681.15,55.6
2021-08-14 19:00:00,-1739.76,14755.77,24366.76,50452.93,55.6
2021-08-14 20:00:00,569.55,14888.47,19597.75,48233.57,55.6
2021-08-14 21:00:00,3332.62,14852.68,18767.38,48469.5,55.6
2021-08-14 22:00:00,1953.0,14863.87,18133.36,46654.16,55.6
2021-08-14 23:00:00,55.89,14872.37,17216.37,43676.48,55.6
2021-08-15 00:00:00,1638.94,14610.45,16065.13,40888.45,55.6
2021-08-15 01:00:00,817.43,14618.7,15502.28,39163.86,55.6
2021-08-15 02:00:00,507.92,14435.95,15396.76,38232.1,55.6
2021-08-15 03:00:00,234.25,14271.55,15850.95,37929.04,55.6
2021-08-15 04:00:00,1247.68,13821.83,15760.94,37897.06,55.6
2021-08-15 05:00:00,1413.78,13536.47,15683.47,38287.61,55.6
2021-08-15 06:00:00,1523.39,13315.34,15679.68,38184.89,55.6
2021-08-15 07:00:00,1198.4,13323.23,18254.48,40282.58,55.6
2021-08-15 08:00:00,-165.29,13145.77,23018.94,43911.02,55.6
2021-08-15 09:00:00,-3663.74,12970.06,28988.44,47128.08,55.6
2021-08-15 10:00:00,-5917.98,12644.71,34294.28,48997.12,55.6
2021-08-15 11:00:00,-6454.75,11678.38,38183.4,51013.46,55.6
2021-08-15 12:00:00,-7536.02,10982.78,40434.73,50325.7,55.6
2021-08-15 13:00:00,-7538.23,9766.37,40946.39,48980.6,55.6
2021-08-15 14:00:00,-7520.98,9675.07,39507.54,47926.55,55.6
2021-08-15 15:00:00,-4963.46,10032.05,36047.52,47620.38,55.6
2021-08-15 16:00:00,-3593.35,11624.04,32678.26,47156.4,55.6
2021-08-15 17:00:00,-1767.32,13563.68,28630.58,47683.02,55.6
2021-08-15 18:00:00,2152.34,15029.26,23485.61,49160.78,55.6
2021-08-15 19:00:00,3915.65,15790.33,19339.21,48625.0,55.6
2021-08-15 20:00:00,5382.37,16104.22,17242.54,48153.52,55.6
2021-08-15 21:00:00,4038.12,16243.98,17202.34,48223.1,55.6
2021-08-15 22:00:00,705.13,16395.09,18213.99,46419.91,55.6
2021-08-15 23:00:00,-545.25,16168.63,18463.35,44331.75,55.6
2021-08-16 00:00:00,-1669.84,15997.79,19059.66,42414.26,55.6
2021-08-16 01:00:00,-2682.3,15611.6,19438.33,41073.34,55.6
2021-08-16 02:00:00,-3262.51,15304.26,19757.0,40599.85,55.6
2021-08-16 03:00:00,-3220.98,15008.27,20840.89,40499.6,55.6
2021-08-16 04:00:00,-2864.85,14969.75,21596.67,42058.12,55.6
2021-08-16 05:00:00,-1278.91,15349.79,23120.17,45799.91,55.6
2021-08-16 06:00:00,1561.65,15701.94,24636.35,52720.93,55.6
2021-08-16 07:00:00,1807.06,16126.64,27723.31,57761.94,55.6
2021-08-16 08:00:00,-1017.22,16223.44,33903.94,61852.7,55.6
2021-08-16 09:00:00,-4015.51,16044.49,42246.3,64547.98,55.6
2021-08-16 10:00:00,-8678.88,15624.46,48730.58,66266.67,55.6
2021-08-16 11:00:00,-8886.96,14051.32,52777.43,68133.22,55.6
2021-08-16 12:00:00,-10378.47,12977.49,55166.21,67476.76,55.6
2021-08-16 13:00:00,-9794.33,12418.56,55477.26,66165.11,55.6
2021-08-16 14:00:00,-9489.96,12369.03,55110.58,64894.69,55.6
2021-08-16 15:00:00,-9228.56,12622.3,51424.39,63599.19,55.6
2021-08-16 16:00:00,-9323.25,13778.37,48831.93,62651.48,55.6
2021-08-16 17:00:00,-7139.97,14764.3,45289.93,62488.58,55.6
2021-08-16 18:00:00,-6136.79,15751.18,42371.52,62086.12,55.6
2021-08-16 19:00:00,-4748.4,15744.39,39741.08,61367.95,55.6
2021-08-16 20:00:00,-5789.55,15687.44,37770.42,59035.08,55.6
2021-08-16 21:00:00,-6791.27,15316.71,37964.86,56973.92,55.6
2021-08-16 22:00:00,-9825.09,14581.66,37952.36,53757.92,55.6
2021-08-16 23:00:00,-10942.52,12208.49,39296.87,50272.11,55.6
2021-08-17 00:00:00,-11734.1,11042.51,40512.16,48034.94,55.6
2021-08-17 01:00:00,-10808.63,10472.8,40803.48,46567.46,55.6
2021-08-17 02:00:00,-11501.92,10381.53,40578.71,45622.48,55.6
2021-08-17 03:00:00,-10816.94,10232.49,40688.95,45438.64,55.6
2021-08-17 04:00:00,-11160.19,10374.28,40976.4,46575.2,55.6
2021-08-17 05:00:00,-9937.36,10655.15,41238.79,49721.58,55.6
2021-08-17 06:00:00,-7930.08,11620.69,41185.97,55090.36,55.6
2021-08-17 07:00:00,-7578.09,13324.73,41858.85,59795.86,55.6
2021-08-17 08:00:00,-8947.69,13333.24,45301.85,62938.34,55.6
2021-08-17 09:00:00,-8959.28,13256.19,49366.23,64574.36,55.6
2021-08-17 10:00:00,-10539.43,13356.48,53716.56,66066.64,55.6
2021-08-17 11:00:00,-9228.62,12963.05,56506.04,67928.77,55.6
2021-08-17 12:00:00,-8748.83,12515.25,57589.27,67558.26,55.6
2021-08-17 13:00:00,-8890.4,12255.69,57345.99,66780.94,55.6
2021-08-17 14:00:00,-8517.51,12257.16,54954.34,64627.65,55.6
2021-08-17 15:00:00,-7954.09,12863.35,51448.73,63663.54,55.6
2021-08-17 16:00:00,-6709.94,14499.18,46941.54,62793.36,55.6
2021-08-17 17:00:00,-2980.07,16212.94,41498.86,63024.04,55.6
2021-08-17 18:00:00,1140.5,16268.87,36193.14,63052.29,55.6
2021-08-17 19:00:00,3560.3,16146.33,31127.61,61228.31,55.6
2021-08-17 20:00:00,4025.15,16052.64,28950.38,59130.1,55.6
2021-08-17 21:00:00,3644.54,15930.72,28287.56,57263.65,55.6
2021-08-17 22:00:00,946.43,15917.74,27912.96,53461.83,55.6
2021-08-17 23:00:00,-462.24,14781.29,27788.18,49862.5,55.6
2021-08-18 00:00:00,-1438.98,13664.18,27558.26,46938.88,55.6
2021-08-18 01:00:00,-1476.69,13032.82,27885.02,45224.85,55.6
2021-08-18 02:00:00,-2348.95,12367.83,27444.47,44451.06,55.6
2021-08-18 03:00:00,-2209.34,12626.78,27861.96,44712.81,55.6
2021-08-18 04:00:00,-909.41,12477.61,28085.28,46014.51,55.6
2021-08-18 05:00:00,596.24,13846.84,28631.47,49187.1,55.6
2021-08-18 06:00:00,2152.38,15647.17,29166.71,55101.6,55.6
2021-08-18 07:00:00,3395.05,16384.26,30274.67,60211.89,55.6
2021-08-18 08:00:00,2524.19,16792.65,32900.28,63632.91,55.6
2021-08-18 09:00:00,808.3,17136.79,36409.91,65010.88,55.6
2021-08-18 10:00:00,-889.71,17136.31,39827.64,66371.4,55.6
2021-08-18 11:00:00,-2088.41,17006.12,42629.95,67631.38,55.6
2021-08-18 12:00:00,-3682.71,16748.48,44607.56,67205.32,55.6
2021-08-18 13:00:00,-6126.47,16671.4,45962.32,65874.04,55.6
2021-08-18 14:00:00,-7213.56,16686.98,46551.84,64794.03,55.6
2021-08-18 15:00:00,-7562.07,16576.4,45221.3,63992.61,55.6
2021-08-18 16:00:00,-7113.88,16673.72,43240.61,62206.38,55.6
2021-08-18 17:00:00,-3912.66,17041.67,39826.4,62337.34,55.6
2021-08-18 18:00:00,-1205.11,17549.77,35003.85,61727.85,55.6
2021-08-18 19:00:00,1338.82,17878.76,31471.42,61003.64,55.6
2021-08-18 20:00:00,2302.91,17507.22,29645.09,59525.09,55.6
2021-08-18 21:00:00,6.93,17089.46,30131.87,57211.77,55.6
2021-08-18 22:00:00,-1810.57,16154.32,30771.36,53753.54,55.6
2021-08-18 23:00:00,-4043.44,15475.86,31093.96,50216.42,55.6
2021-08-19 00:00:00,-4054.25,14868.3,30754.76,47413.95,55.6
2021-08-19 01:00:00,-4852.78,14502.1,30580.76,45892.3,55.6
2021-08-19 02:00:00,-4841.28,14243.3,29666.2,44857.91,55.6
2021-08-19 03:00:00,-3796.54,14083.71,28640.86,45179.08,55.6
2021-08-19 04:00:00,-2614.35,14673.01,27243.2,45785.17,55.6
2021-08-19 05:00:00,-1428.91,16328.93,25725.12,48581.7,55.6
2021-08-19 06:00:00,2357.96,18133.69,24906.4,54472.37,55.6
2021-08-19 07:00:00,4441.93,19461.88,24694.06,59841.65,55.6
2021-08-19 08:00:00,3157.19,20257.62,25960.04,63577.88,55.6
2021-08-19 09:00:00,1255.25,21168.61,27992.28,64690.08,55.6
2021-08-19 10:00:00,294.85,21517.78,30909.9,65913.89,55.6
2021-08-19 11:00:00,320.93,21894.4,33131.12,67044.07,55.6
2021-08-19 12:00:00,-1629.61,22122.5,34350.07,66688.98,55.6
2021-08-19 13:00:00,-1159.91,22161.86,34559.19,65567.92,55.6
2021-08-19 14:00:00,-1338.56,21812.21,33384.69,64506.64,55.6
2021-08-19 15:00:00,-1815.92,22420.67,31751.91,62924.5,55.6
2021-08-19 16:00:00,902.0,22208.26,29195.47,62794.54,55.6
2021-08-19 17:00:00,993.66,23168.83,25548.04,62185.94,55.6
2021-08-19 18:00:00,3372.67,23915.56,20607.34,61410.51,55.6
2021-08-19 19:00:00,5256.39,24330.38,16384.63,60296.9,55.6
2021-08-19 20:00:00,5500.49,24587.46,14211.41,58538.5,55.6
2021-08-19 21:00:00,3992.67,24527.71,13435.38,56290.94,55.6
2021-08-19 22:00:00,3690.05,23284.01,12763.93,52280.5,55.6
2021-08-19 23:00:00,2485.42,21831.77,12537.81,48432.52,55.6
2021-08-20 00:00:00,2347.36,21024.89,12280.59,45895.85,55.6
2021-08-20 01:00:00,3442.03,20445.63,12131.09,44489.68,55.6
2021-08-20 02:00:00,4117.27,19758.78,11812.71,43331.9,55.6
2021-08-20 03:00:00,4852.18,19603.51,11455.09,43047.1,55.6
2021-08-20 04:00:00,5119.41,19963.23,11333.0,44119.29,55.6
2021-08-20 05:00:00,5005.87,21022.92,11558.89,47394.85,55.6
2021-08-20 06:00:00,7505.74,22666.35,12147.35,53655.52,55.6
2021-08-20 07:00:00,6908.91,23568.9,13846.18,58264.86,55.6
2021-08-20 08:00:00,6565.42,23718.2,16408.28,61508.23,55.6
2021-08-20 09:00:00,4627.22,23788.48,20496.9,62818.0,55.6
2021-08-20 10:00:00,3087.7,23549.69,25355.4,64278.05,55.6
2021-08-20 11:00:00,307.56,23210.28,29426.71,64733.2,54.7
2021-08-20 12:00:00,-1406.52,22476.77,31923.72,63882.46,54.4
2021-08-20 13:00:00,-2727.47,21586.49,33454.63,62693.13,54.4
2021-08-20 14:00:00,-4608.36,21549.52,33371.64,61235.18,54.4
2021-08-20 15:00:00,-5046.41,22022.35,31514.56,59730.16,54.4
2021-08-20 16:00:00,-2789.73,22362.74,28311.9,58932.9,54.4
2021-08-20 17:00:00,470.87,23259.49,23567.64,58805.5,54.4
2021-08-20 18:00:00,4290.23,23833.54,17301.92,58228.02,54.4
2021-08-20 19:00:00,5755.69,24088.55,12141.79,56796.61,54.4
2021-08-20 20:00:00,5594.78,23901.59,9948.87,55032.41,54.4
2021-08-20 21:00:00,4198.41,23623.21,9772.23,53691.82,54.4
2021-08-20 22:00:00,3934.44,22720.82,9604.99,50119.66,54.4
2021-08-20 23:00:00,3714.0,21425.5,9509.8,46337.69,54.4
2021-08-21 00:00:00,3961.82,20086.43,9204.21,43611.06,54.4
2021-08-21 01:00:00,3680.45,18994.01,8877.92,41211.88,54.4
2021-08-21 02:00:00,3077.55,18587.38,8726.51,39841.16,54.4
2021-08-21 03:00:00,3323.99,18251.33,8602.73,39219.84,54.4
2021-08-21 04:00:00,4147.1,18181.48,8501.55,39436.25,54.4
2021-08-21 05:00:00,3717.02,18507.7,8607.77,40028.9,54.4
2021-08-21 06:00:00,4776.42,18536.74,9129.4,41693.79,54.4
2021-08-21 07:00:00,4236.09,18607.63,12240.16,44413.71,54.4
2021-08-21 08:00:00,1933.25,18682.61,17645.46,48045.86,54.4
2021-08-21 09:00:00,-1989.95,18384.05,24127.36,51020.34,54.4
2021-08-21 10:00:00,-4994.76,17715.67,29906.09,52981.94,54.4
2021-08-21 11:00:00,-7363.6,17300.84,34261.46,53556.62,54.4
2021-08-21 12:00:00,-7834.36,17032.04,36334.79,53221.86,54.4
2021-08-21 13:00:00,-8529.74,17021.03,35888.62,51323.32,54.4
2021-08-21 14:00:00,-8099.98,17064.73,33968.38,50044.45,54.4
2021-08-21 15:00:00,-6497.51,17215.68,30898.11,49437.36,54.4
2021-08-21 16:00:00,-4332.48,17660.66,26405.09,49255.34,54.4
2021-08-21 17:00:00,245.22,18334.7,20799.89,49617.8,54.4
2021-08-21 18:00:00,3764.33,19028.82,15044.55,49681.78,54.4
2021-08-21 19:00:00,4825.72,19550.93,11087.95,48927.54,54.4
2021-08-21 20:00:00,3953.41,19850.42,10220.31,47922.57,54.4
2021-08-21 21:00:00,2682.3,19737.07,11433.59,47086.39,54.4
2021-08-21 22:00:00,596.51,19354.21,13077.26,44763.83,54.4
2021-08-21 23:00:00,-1825.73,18525.82,14356.58,42140.4,54.4
2021-08-22 00:00:00,-2122.17,16984.78,15238.21,39351.83,54.4
2021-08-22 01:00:00,-3043.97,16210.68,15840.43,37885.06,54.4
2021-08-22 02:00:00,-2911.81,15593.67,16576.9,37302.07,54.4
2021-08-22 03:00:00,-3477.06,15426.03,17453.55,36729.58,54.4
2021-08-22 04:00:00,-3771.85,15569.51,17453.91,37187.12,54.4
2021-08-22 05:00:00,-2691.21,15695.55,17239.41,37508.02,54.4
2021-08-22 06:00:00,-3178.94,15544.66,17905.37,38031.61,54.4
2021-08-22 07:00:00,-3170.24,15470.44,19258.39,39866.72,54.4
2021-08-22 08:00:00,-3374.29,15371.3,21652.99,42675.84,54.4
2021-08-22 09:00:00,-3227.66,15298.8,23706.87,45499.8,54.4
2021-08-22 10:00:00,-3757.86,15383.6,26439.17,47740.95,54.4
2021-08-22 11:00:00,-2431.17,15230.13,29306.94,50057.77,54.4
2021-08-22 12:00:00,-3843.33,15259.61,30536.46,50034.29,54.4
2021-08-22 13:00:00,-4679.28,15454.21,30134.11,48408.0,54.4
2021-08-22 14:00:00,-3856.94,15241.18,30204.55,47797.29,54.4
2021-08-22 15:00:00,-3076.8,15222.4,28528.48,47343.88,54.4
2021-08-22 16:00:00,-1595.81,15448.48,26676.2,47211.32,54.4
2021-08-22 17:00:00,-748.04,16058.34,24398.91,48525.0,54.4
2021-08-22 18:00:00,1217.39,16515.62,21731.72,49331.22,54.4
2021-08-22 19:00:00,1640.82,16816.82,18812.84,49385.16,54.4
2021-08-22 20:00:00,1534.11,16997.68,17163.89,48697.84,54.4
2021-08-22 21:00:00,1552.53,17224.95,16575.4,48008.88,54.4
2021-08-22 22:00:00,1073.85,17121.68,16478.39,45967.34,54.4
2021-08-22 23:00:00,-145.01,16741.05,16707.86,43204.1,54.4
2021-08-23 00:00:00,98.86,16150.78,15996.85,41199.53,54.4
2021-08-23 01:00:00,126.02,16383.83,15769.24,39607.01,54.4
2021-08-23 02:00:00,341.18,16463.62,15587.74,39141.7,54.4
2021-08-23 03:00:00,124.24,16478.93,15987.19,39762.12,54.4
2021-08-23 04:00:00,-116.71,16959.89,16595.43,40813.56,54.4
2021-08-23 05:00:00,353.33,18124.39,17440.12,44978.79,54.4
2021-08-23 06:00:00,2930.1,19429.11,18649.44,52503.49,54.4
2021-08-23 07:00:00,2410.55,20838.18,20411.52,58095.55,54.4
2021-08-23 08:00:00,470.84,21858.83,23546.23,62123.08,54.4
2021-08-23 09:00:00,-1731.38,22485.1,26988.72,63941.57,54.4
2021-08-23 10:00:00,-3078.07,22604.45,30706.18,65609.85,54.4
2021-08-23 11:00:00,-3570.7,22705.34,33788.86,67281.62,54.4
2021-08-23 12:00:00,-4451.38,22504.98,35957.14,66769.01,54.4
2021-08-23 13:00:00,-5694.06,22245.93,37551.91,65981.35,54.4
2021-08-23 14:00:00,-6350.34,21520.01,36965.53,64301.51,54.4
2021-08-23 15:00:00,-5891.76,21592.64,35350.6,63188.26,54.4
2021-08-23 16:00:00,-6265.83,22005.95,32882.32,61878.82,54.4
2021-08-23 17:00:00,-3027.69,22317.24,29613.53,61912.31,54.4
2021-08-23 18:00:00,-447.45,22573.33,25569.34,61859.06,54.4
2021-08-23 19:00:00,1416.67,22588.41,21837.14,60894.72,54.4
2021-08-23 20:00:00,-63.4,22554.69,20673.46,59297.57,54.4
2021-08-23 21:00:00,-401.89,22419.0,21308.64,57354.69,54.4
2021-08-23 22:00:00,-1731.95,21623.73,21076.3,53560.77,54.4
2021-08-23 23:00:00,-3018.44,20319.64,20833.76,49840.29,54.4
2021-08-24 00:00:00,-2352.45,19034.59,20328.24,46781.84,54.4
2021-08-24 01:00:00,-1009.0,18241.57,19742.43,44860.09,54.4
2021-08-24 02:00:00,-1269.25,18217.41,18756.3,44070.44,54.4
2021-08-24 03:00:00,-860.94,18376.87,18057.21,43857.29,54.4
2021-08-24 04:00:00,-34.87,18783.22,17793.89,45176.82,54.4
2021-08-24 05:00:00,-27.46,19932.13,17728.01,48196.87,54.4
2021-08-24 06:00:00,2946.34,21808.29,17773.69,54820.26,54.4
2021-08-24 07:00:00,1622.85,23210.25,18758.21,59143.23,54.4
2021-08-24 08:00:00,173.04,23198.36,21244.48,61978.7,54.4
2021-08-24 09:00:00,-1872.73,23012.73,25461.72,63235.95,54.4
2021-08-24 10:00:00,-2561.48,22856.97,30742.34,64461.42,54.4
2021-08-24 11:00:00,-3746.94,22301.86,34696.46,65476.33,54.4
2021-08-24 12:00:00,-5072.19,21667.98,36346.61,65451.34,54.4
2021-08-24 13:00:00,-4625.41,21116.56,36353.1,64891.67,54.4
2021-08-24 14:00:00,-4626.6,20895.42,35374.87,62999.57,54.4
2021-08-24 15:00:00,-4457.36,21129.97,33290.72,62058.61,54.4
2021-08-24 16:00:00,-2637.1,21739.41,30316.49,61177.23,54.4
2021-08-24 17:00:00,-504.04,22892.26,25605.82,60838.02,54.4
2021-08-24 18:00:00,3320.27,23254.87,19682.89,60304.02,54.4
2021-08-24 19:00:00,4499.25,23731.1,15076.95,59607.9,54.4
2021-08-24 20:00:00,4643.67,23789.86,13934.69,58169.67,54.4
2021-08-24 21:00:00,4301.76,23289.26,14706.07,56457.72,54.4
2021-08-24 22:00:00,2369.72,22487.1,15343.7,52793.65,54.4
2021-08-24 23:00:00,1555.02,20831.6,15170.73,48773.75,54.4
2021-08-25 00:00:00,1717.92,19274.84,13999.52,45929.1,54.4
2021-08-25 01:00:00,2581.61,18698.22,13053.19,43894.22,54.4
2021-08-25 02:00:00,3179.43,18668.74,12585.69,42887.3,54.4
2021-08-25 03:00:00,2917.03,18813.6,12500.9,43114.9,54.4
2021-08-25 04:00:00,2318.19,19265.29,12725.08,44118.54,54.4
2021-08-25 05:00:00,3529.17,20085.37,13876.38,47841.52,54.4
2021-08-25 06:00:00,6909.05,21084.8,15753.97,55086.3,54.4
2021-08-25 07:00:00,4909.96,21379.66,19730.19,59728.66,54.4
2021-08-25 08:00:00,1612.75,21454.25,25843.88,63338.08,54.4
2021-08-25 09:00:00,-3646.8,21266.95,33461.1,64522.46,54.4
2021-08-25 10:00:00,-6288.36,20240.84,40289.08,65466.64,54.4
2021-08-25 11:00:00,-7686.41,18562.41,45976.37,66532.39,54.4
2021-08-25 12:00:00,-8372.39,16935.46,49817.69,66041.71,54.4
2021-08-25 13:00:00,-10684.34,16200.77,52076.28,65171.33,54.4
2021-08-25 14:00:00,-11371.54,15616.83,53466.61,64083.68,54.4
2021-08-25 15:00:00,-11014.24,15494.22,52392.98,63404.44,54.4
2021-08-25 16:00:00,-9904.73,15781.39,48112.81,62631.38,54.4
2021-08-25 17:00:00,-7065.43,16855.07,43156.79,62634.37,54.4
2021-08-25 18:00:00,-4159.47,18333.97,36660.51,61977.74,54.4
2021-08-25 19:00:00,-879.1,18180.71,31652.01,61542.18,54.4
2021-08-25 20:00:00,-587.83,18310.52,30334.63,60419.04,54.4
2021-08-25 21:00:00,-1764.85,17951.23,29630.53,57286.4,54.4
2021-08-25 22:00:00,-3507.33,17321.04,29085.68,52843.08,54.4
2021-08-25 23:00:00,-4387.81,16443.61,28984.21,50022.92,54.4
2021-08-26 00:00:00,-5166.37,15956.33,28303.88,47324.55,54.4
2021-08-26 01:00:00,-6209.92,15870.98,28068.19,45692.8,54.4
2021-08-26 02:00:00,-5507.79,16047.77,26739.52,44464.46,54.4
2021-08-26 03:00:00,-4189.0,16285.48,25029.2,44497.3,54.4
2021-08-26 04:00:00,-2758.23,16849.36,23307.78,45058.94,54.4
2021-08-26 05:00:00,-97.14,17584.84,21833.48,48386.39,54.4
2021-08-26 06:00:00,3205.58,19534.69,20665.38,54778.61,54.4
2021-08-26 07:00:00,4013.95,20833.3,21572.13,59272.78,54.4
2021-08-26 08:00:00,4112.19,21055.29,23326.76,62715.24,54.4
2021-08-26 09:00:00,672.95,21261.74,27151.04,64123.5,54.4
2021-08-26 10:00:00,1125.29,21134.03,31595.18,65987.41,54.4
2021-08-26 11:00:00,-1054.45,20991.49,35620.81,67502.15,54.4
2021-08-26 12:00:00,-3289.87,20615.95,38754.07,66988.28,54.4
2021-08-26 13:00:00,-4990.49,20011.8,42133.05,65793.52,54.4
2021-08-26 14:00:00,-6798.13,19270.71,42602.78,64552.89,54.4
2021-08-26 15:00:00,-6333.23,18733.64,42086.81,63513.99,54.4
2021-08-26 16:00:00,-5886.7,19050.03,39619.25,62416.13,54.4
2021-08-26 17:00:00,-3118.22,20009.44,35738.41,61728.22,54.4
2021-08-26 18:00:00,248.8,20543.2,30416.79,61261.81,54.4
2021-08-26 19:00:00,1668.91,20841.83,25852.38,60473.4,54.4
2021-08-26 20:00:00,312.79,20831.74,24053.44,59116.7,54.4
2021-08-26 21:00:00,838.77,20551.68,23713.55,56553.26,54.4
2021-08-26 22:00:00,-722.47,19877.08,23432.83,53058.19,54.4
2021-08-26 23:00:00,-2969.92,19205.5,23266.56,48894.67,54.4
2021-08-27 00:00:00,-2599.76,18463.62,22970.95,46213.1,54.4
2021-08-27 01:00:00,-1909.82,17980.29,22951.1,45013.8,54.4
2021-08-27 02:00:00,-1932.64,17653.42,22957.21,44022.96,54.4
2021-08-27 03:00:00,-2176.99,17788.2,22920.26,43836.2,54.4
2021-08-27 04:00:00,-1138.42,17548.24,23140.35,45154.72,54.4
2021-08-27 05:00:00,-13.73,18168.28,23351.83,48705.19,54.4
2021-08-27 06:00:00,771.3,20332.43,24299.18,54638.02,54.4
2021-08-27 07:00:00,870.39,21080.61,26226.5,59423.48,54.4
2021-08-27 08:00:00,-1146.96,21492.49,29235.56,62598.16,54.4
2021-08-27 09:00:00,-2051.64,21406.62,32727.78,64178.26,54.4
2021-08-27 10:00:00,-3688.27,21448.98,36071.25,65423.43,54.4
2021-08-27 11:00:00,-4138.93,21097.88,38097.5,66251.56,56.73
2021-08-27 12:00:00,-4629.35,20280.0,38926.2,65229.46,57.51
2021-08-27 13:00:00,-4240.86,19818.84,39649.03,63639.19,57.51
2021-08-27 14:00:00,-4956.67,19117.91,39946.39,61798.44,57.51
2021-08-27 15:00:00,-4453.55,19002.1,38893.84,60605.44,57.51
2021-08-27 16:00:00,-2489.73,18846.75,36025.38,60242.82,57.51
2021-08-27 17:00:00,-504.06,19218.64,32006.26,59925.66,57.51
2021-08-27 18:00:00,2383.2,19353.66,26914.78,60190.99,57.51
2021-08-27 19:00:00,2703.18,19745.75,22374.62,58661.24,57.51
2021-08-27 20:00:00,2862.36,19618.96,20931.78,56972.49,57.51
2021-08-27 21:00:00,2248.36,19502.82,20854.72,54140.85,57.51
2021-08-27 22:00:00,951.49,18876.59,20287.57,50887.14,57.51
2021-08-27 23:00:00,-579.93,17706.39,19771.81,46962.66,57.51
2021-08-28 00:00:00,-547.41,16296.4,19219.64,44304.26,57.51
2021-08-28 01:00:00,-593.02,15512.27,18840.59,42418.94,57.51
2021-08-28 02:00:00,-805.0,15049.08,18854.31,40768.14,57.51
2021-08-28 03:00:00,-543.56,15101.15,18957.89,40498.61,57.51
2021-08-28 04:00:00,-794.62,15159.7,19116.01,40493.04,57.51
2021-08-28 05:00:00,-143.65,15192.16,19713.23,41566.45,57.51
2021-08-28 06:00:00,-930.57,15231.41,20709.66,43564.02,57.51
2021-08-28 07:00:00,-92.44,15520.41,21969.14,46132.31,57.51
2021-08-28 08:00:00,1545.73,15505.24,24366.03,50062.15,57.51
2021-08-28 09:00:00,366.63,15486.46,27301.33,52781.65,57.51
2021-08-28 10:00:00,195.14,15370.72,30243.34,54386.05,57.51
2021-08-28 11:00:00,-1434.4,15242.57,32627.94,55383.66,57.51
2021-08-28 12:00:00,-2316.61,15018.56,33693.95,54622.45,57.51
2021-08-28 13:00:00,-3661.77,14852.47,33688.99,53207.94,57.51
2021-08-28 14:00:00,-3956.49,14762.01,33277.0,51842.44,57.51
2021-08-28 15:00:00,-3632.1,14947.91,31222.75,50777.07,57.51
2021-08-28 16:00:00,-2019.85,15154.59,28729.67,50140.65,57.51
2021-08-28 17:00:00,107.55,15437.86,25731.68,50652.67,57.51
2021-08-28 18:00:00,2986.37,15748.07,22338.17,51063.67,57.51
2021-08-28 19:00:00,4748.76,15860.85,19515.29,50496.03,57.51
2021-08-28 20:00:00,3546.23,16001.29,18473.43,49453.77,57.51
2021-08-28 21:00:00,2848.35,16008.55,18429.18,47563.58,57.51
2021-08-28 22:00:00,1751.33,15854.01,18371.53,45136.69,57.51
2021-08-28 23:00:00,-134.02,15618.73,18299.08,42359.44,57.51
2021-08-29 00:00:00,-1404.83,15266.58,18291.41,40238.53,57.51
2021-08-29 01:00:00,-2976.99,15126.91,18085.27,38595.32,57.51
2021-08-29 02:00:00,-2360.26,14962.19,17974.65,37483.79,57.51
2021-08-29 03:00:00,-2407.36,15014.45,17887.05,37214.83,57.51
2021-08-29 04:00:00,-2210.96,15108.78,17965.88,37508.3,57.51
2021-08-29 05:00:00,-2653.88,15098.73,18610.39,38426.8,57.51
2021-08-29 06:00:00,-1942.16,14944.2,18898.57,39160.38,57.51
2021-08-29 07:00:00,-2258.27,15097.66,19414.69,40804.17,57.51
2021-08-29 08:00:00,-1890.47,15509.04,20738.74,43498.94,57.51
2021-08-29 09:00:00,-12.87,15639.32,22212.2,46910.91,57.51
2021-08-29 10:00:00,-906.24,15746.08,24038.03,49433.46,57.51
2021-08-29 11:00:00,-122.14,16047.93,25978.16,51788.55,57.51
2021-08-29 12:00:00,-719.99,16139.28,28107.24,51891.37,57.51
2021-08-29 13:00:00,-2314.76,15980.05,29350.63,50883.08,57.51
2021-08-29 14:00:00,-4124.18,16016.13,28355.99,49745.25,57.51
2021-08-29 15:00:00,-3913.15,16603.38,26806.89,48907.74,57.51
2021-08-29 16:00:00,-1986.52,16758.58,25356.82,48852.04,57.51
2021-08-29 17:00:00,-1233.49,17128.26,23663.77,50030.64,57.51
2021-08-29 18:00:00,298.54,17779.42,21790.72,51127.81,57.51
2021-08-29 19:00:00,598.67,18002.32,20342.46,51040.26,57.51
2021-08-29 20:00:00,672.12,18047.36,19895.71,50914.92,57.51
2021-08-29 21:00:00,-2512.74,18135.33,19971.54,49166.0,57.51
2021-08-29 22:00:00,-2775.14,18116.03,19893.33,47683.28,57.51
2021-08-29 23:00:00,-4022.0,17910.47,19696.56,44711.22,57.51
2021-08-30 00:00:00,-3600.25,17524.54,19480.68,42393.45,57.51
2021-08-30 01:00:00,-2190.78,17437.25,18988.76,41344.61,57.51
2021-08-30 02:00:00,-2030.25,17517.24,18844.07,40506.98,57.51
2021-08-30 03:00:00,-2721.04,17738.1,18861.59,40724.22,57.51
2021-08-30 04:00:00,-1740.32,17837.1,19061.86,42605.4,57.51
2021-08-30 05:00:00,-758.33,18980.43,19579.09,46913.44,57.51
2021-08-30 06:00:00,2489.2,20329.2,20126.23,54818.41,57.51
2021-08-30 07:00:00,2630.5,21419.16,20872.69,61049.77,57.51
2021-08-30 08:00:00,1955.86,22104.46,22594.54,64599.05,57.51
2021-08-30 09:00:00,1544.7,22617.91,24799.55,65680.97,57.51
2021-08-30 10:00:00,430.12,22654.56,27920.05,67319.97,57.51
2021-08-30 11:00:00,134.01,22678.34,30595.71,68231.87,57.51
2021-08-30 12:00:00,-2294.13,22637.23,32511.36,68117.44,57.51
2021-08-30 13:00:00,-2866.14,22918.05,33088.79,67129.05,57.51
2021-08-30 14:00:00,-3125.23,22978.11,32766.0,65909.99,57.51
2021-08-30 15:00:00,-3354.44,22878.92,31784.9,64174.98,57.51
2021-08-30 16:00:00,-2350.7,23079.46,29662.99,62865.47,57.51
2021-08-30 17:00:00,-143.75,23151.02,26782.05,62960.87,57.51
2021-08-30 18:00:00,2161.25,23252.4,22887.83,62771.34,57.51
2021-08-30 19:00:00,3174.86,23598.23,19777.68,61885.54,57.51
2021-08-30 20:00:00,2204.96,23752.65,18983.94,60710.75,57.51
2021-08-30 21:00:00,984.59,23174.39,19370.98,57721.2,57.51
2021-08-30 22:00:00,-364.97,22474.5,19249.93,53645.84,57.51
2021-08-30 23:00:00,-1476.94,21065.22,19148.57,50115.91,57.51
2021-08-31 00:00:00,-1409.67,20478.57,18908.64,47282.85,57.51
2021-08-31 01:00:00,-1103.67,20003.97,18937.07,46072.52,57.51
2021-08-31 02:00:00,-1431.34,19507.89,18709.49,45007.67,57.51
2021-08-31 03:00:00,-1202.15,19638.48,18256.93,44640.88,57.51
2021-08-31 04:00:00,-426.64,19968.33,18219.59,45969.13,57.51
2021-08-31 05:00:00,-560.83,21239.88,18754.65,49773.55,57.51
2021-08-31 06:00:00,3158.66,22948.29,18822.99,57238.19,57.51
2021-08-31 07:00:00,2809.45,24361.51,19865.7,61873.56,57.51
2021-08-31 08:00:00,1582.18,25107.11,21812.66,65330.8,57.51
2021-08-31 09:00:00,-605.04,25067.58,24969.03,66464.74,57.51
2021-08-31 10:00:00,-1407.69,25141.19,28681.07,67381.97,57.51
2021-08-31 11:00:00,-3562.5,24998.83,32451.51,68432.32,57.51
2021-08-31 12:00:00,-5717.9,24827.78,34514.42,67778.41,57.51
2021-08-31 13:00:00,-6583.06,24673.78,35678.27,67178.37,57.51
2021-08-31 14:00:00,-6076.64,23806.9,36134.66,65766.23,57.51
2021-08-31 15:00:00,-5598.73,23436.36,35819.78,64194.09,57.51
2021-08-31 16:00:00,-4487.82,23464.42,33764.16,62586.14,57.51
2021-08-31 17:00:00,-2182.26,23505.29,29799.88,62457.28,57.51
2021-08-31 18:00:00,1289.03,23917.66,24067.26,62160.74,57.51
2021-08-31 19:00:00,2849.92,24252.74,19077.61,61204.16,57.51
2021-08-31 20:00:00,3632.34,24383.77,17399.7,60604.8,57.51
2021-08-31 21:00:00,2554.06,24200.74,17269.05,57881.25,57.51
2021-08-31 22:00:00,909.19,23249.66,16856.34,54155.74,57.51
2021-08-31 23:00:00,481.83,22169.68,15918.3,50163.81,57.51
2021-09-01 00:00:00,1653.7,21889.93,14978.42,47119.32,57.51
2021-09-01 01:00:00,2285.42,21423.17,14391.97,45484.97,57.51
2021-09-01 02:00:00,2072.66,21712.87,14188.39,44194.91,57.51
2021-09-01 03:00:00,1680.83,21728.4,14225.45,44506.72,57.51
2021-09-01 04:00:00,2082.02,21890.15,14009.01,45575.09,57.51
2021-09-01 05:00:00,3005.64,23218.04,13470.16,48749.44,57.51
2021-09-01 06:00:00,5379.91,26011.25,13140.44,55997.38,57.51
2021-09-01 07:00:00,4586.51,27045.17,14762.89,60575.25,57.51
2021-09-01 08:00:00,1973.91,27326.19,18345.22,63495.35,57.51
2021-09-01 09:00:00,37.32,27382.77,22987.47,64679.89,57.51
2021-09-01 10:00:00,-2498.24,27292.35,27873.73,65979.02,57.51
2021-09-01 11:00:00,-3536.4,26934.58,31674.28,67357.01,57.51
2021-09-01 12:00:00,-4632.32,25806.97,34372.53,66790.28,57.51
2021-09-01 13:00:00,-4851.98,24803.32,35599.21,65258.98,57.51
2021-09-01 14:00:00,-5214.94,24793.46,35170.14,64048.02,57.51
2021-09-01 15:00:00,-4451.0,24609.44,32939.81,62839.53,57.51
2021-09-01 16:00:00,-2822.46,24909.86,28965.34,61416.91,57.51
2021-09-01 17:00:00,232.27,25981.74,23559.06,61251.61,57.51
2021-09-01 18:00:00,3981.97,26623.31,17072.23,61166.42,57.51
2021-09-01 19:00:00,6118.9,27028.74,12794.98,61095.3,57.51
2021-09-01 20:00:00,5998.44,27178.41,13112.09,60756.28,57.51
2021-09-01 21:00:00,4065.67,26736.52,14286.65,58081.36,57.51
2021-09-01 22:00:00,2427.57,25167.88,14727.41,53848.65,57.51
2021-09-01 23:00:00,2072.18,23182.28,14651.94,49861.34,57.51
2021-09-02 00:00:00,414.87,22724.39,14309.87,46766.33,57.51
2021-09-02 01:00:00,1568.08,22125.99,13530.05,45130.47,57.51
2021-09-02 02:00:00,1044.66,22334.73,12579.25,43923.94,57.51
2021-09-02 03:00:00,1587.54,22480.84,11964.43,43823.47,57.51
2021-09-02 04:00:00,1949.48,22887.71,11665.34,44820.23,57.51
2021-09-02 05:00:00,3090.57,24163.57,11526.86,48269.92,57.51
2021-09-02 06:00:00,5857.93,25977.3,11565.35,55636.68,57.51
2021-09-02 07:00:00,5635.87,27108.35,13489.03,59933.26,57.51
2021-09-02 08:00:00,1591.41,27577.62,18422.42,62739.79,57.51
2021-09-02 09:00:00,-1457.8,27495.83,23916.13,63641.27,57.51
2021-09-02 10:00:00,-4415.61,26877.19,29465.13,64516.15,57.51
2021-09-02 11:00:00,-6425.0,25429.17,33916.03,65170.92,57.51
2021-09-02 12:00:00,-7952.4,24811.82,36427.53,64477.38,57.51
2021-09-02 13:00:00,-7478.22,23724.98,37373.42,64041.23,57.51
2021-09-02 14:00:00,-7895.57,23813.64,36589.13,62888.27,57.51
2021-09-02 15:00:00,-7225.81,23577.28,33849.13,61605.29,57.51
2021-09-02 16:00:00,-4970.7,24545.53,29129.68,60433.92,57.51
2021-09-02 17:00:00,-711.06,26159.78,22689.44,60351.77,57.51
2021-09-02 18:00:00,4429.94,27044.42,15765.15,60160.91,57.51
2021-09-02 19:00:00,5726.16,27397.61,11576.91,59953.3,57.51
2021-09-02 20:00:00,4828.46,27400.21,11852.93,59981.06,57.51
2021-09-02 21:00:00,4021.34,26827.7,12986.05,57157.84,57.51
2021-09-02 22:00:00,2340.03,25647.79,13302.67,52949.41,57.51
2021-09-02 23:00:00,1121.75,23915.15,13070.9,48854.7,57.51
2021-09-03 00:00:00,1832.85,22250.75,12637.8,46370.42,57.51
2021-09-03 01:00:00,1974.41,21958.93,12284.22,44870.75,57.51
2021-09-03 02:00:00,1776.53,21578.24,12077.77,44349.6,57.51
2021-09-03 03:00:00,1885.53,21569.0,12419.48,44480.0,57.51
2021-09-03 04:00:00,2496.81,21793.45,13016.02,45605.41,57.51
2021-09-03 05:00:00,2376.3,22951.65,13754.89,49162.26,57.51
2021-09-03 06:00:00,4473.2,24832.13,14886.92,56149.8,57.51
2021-09-03 07:00:00,2803.85,26030.67,17824.95,60784.81,57.51
2021-09-03 08:00:00,-933.15,25989.08,23548.16,63839.68,57.51
2021-09-03 09:00:00,-4828.9,25132.58,29926.89,64819.88,57.51
2021-09-03 10:00:00,-7899.51,24046.98,36196.89,65755.06,57.51
2021-09-03 11:00:00,-10156.64,22705.29,40849.7,65882.34,60.32
2021-09-03 12:00:00,-11483.51,21860.54,43374.14,64847.63,61.25
2021-09-03 13:00:00,-12598.55,21521.3,44014.38,63278.2,61.25
2021-09-03 14:00:00,-11405.21,21060.5,42620.17,61774.82,61.25
2021-09-03 15:00:00,-10660.42,20987.12,39100.17,60504.02,61.25
2021-09-03 16:00:00,-8004.15,21884.69,33481.08,59194.5,61.25
2021-09-03 17:00:00,-4175.73,24040.02,26293.32,58906.1,61.25
2021-09-03 18:00:00,1255.75,25385.48,18487.69,58243.74,61.25
2021-09-03 19:00:00,2880.66,25850.16,13921.9,57730.68,61.25
2021-09-03 20:00:00,2039.47,25773.34,13482.93,57239.92,61.25
2021-09-03 21:00:00,1223.85,25788.27,13531.88,54336.1,61.25
2021-09-03 22:00:00,-281.33,25275.87,12819.21,50439.66,61.25
2021-09-03 23:00:00,-889.17,24394.68,11911.54,46747.34,61.25
2021-09-04 00:00:00,-241.46,22613.79,11335.15,44432.73,61.25
2021-09-04 01:00:00,352.83,21739.92,10859.69,42418.84,61.25
2021-09-04 02:00:00,315.56,21136.23,10448.77,41311.1,61.25
2021-09-04 03:00:00,445.42,21114.99,10038.97,40710.4,61.25
2021-09-04 04:00:00,526.08,21131.59,9903.57,40960.98,61.25
2021-09-04 05:00:00,-51.62,21703.57,9986.63,41692.84,61.25
2021-09-04 06:00:00,1598.65,21683.7,10118.17,43249.81,61.25
2021-09-04 07:00:00,1597.98,21928.61,12148.55,45739.94,61.25
2021-09-04 08:00:00,-722.0,21885.75,16879.69,49592.48,61.25
2021-09-04 09:00:00,-3750.46,21859.11,22927.66,52524.08,61.25
2021-09-04 10:00:00,-8015.86,21178.67,28054.19,53877.05,61.25
2021-09-04 11:00:00,-8763.06,20755.58,31350.04,54131.54,61.25
2021-09-04 12:00:00,-8998.1,20407.67,33720.83,53435.51,61.25
2021-09-04 13:00:00,-10716.2,19838.83,34787.72,51518.67,61.25
2021-09-04 14:00:00,-11017.22,19543.06,34570.49,50085.06,61.25
2021-09-04 15:00:00,-9076.58,19120.71,32719.52,50111.43,61.25
2021-09-04 16:00:00,-7164.76,19597.47,28457.7,49597.68,61.25
2021-09-04 17:00:00,-3549.16,21210.98,22262.77,50016.19,61.25
2021-09-04 18:00:00,-219.77,22585.82,15804.65,50641.88,61.25
2021-09-04 19:00:00,921.58,22875.41,11868.02,50594.3,61.25
2021-09-04 20:00:00,-428.7,22924.29,12309.55,50765.76,61.25
2021-09-04 21:00:00,-712.34,22775.41,13345.6,48505.98,61.25
2021-09-04 22:00:00,-2789.59,22325.29,13922.41,45772.56,61.25
2021-09-04 23:00:00,-2710.3,20293.33,14416.22,42796.07,61.25
2021-09-05 00:00:00,-2316.81,18466.87,14630.7,40086.6,61.25
2021-09-05 01:00:00,-1645.84,17249.2,14941.8,38644.86,61.25
2021-09-05 02:00:00,-2173.4,16780.74,14888.44,37960.76,61.25
2021-09-05 03:00:00,-1987.8,16909.01,14663.27,37600.64,61.25
2021-09-05 04:00:00,-980.0,16985.79,14477.14,37702.25,61.25
2021-09-05 05:00:00,-1001.41,17108.92,14116.93,38089.85,61.25
2021-09-05 06:00:00,-1051.71,17506.77,14115.23,38428.91,61.25
2021-09-05 07:00:00,-1638.92,17624.39,15798.09,39885.49,61.25
2021-09-05 08:00:00,-2639.96,17354.94,20213.27,43447.07,61.25
2021-09-05 09:00:00,-4834.28,17243.47,26116.23,46655.67,61.25
2021-09-05 10:00:00,-7224.57,16976.63,32304.56,48892.24,61.25
2021-09-05 11:00:00,-10167.11,16666.86,36671.48,49948.08,61.25
2021-09-05 12:00:00,-12147.62,16180.18,39154.05,49735.96,61.25
2021-09-05 13:00:00,-11018.38,14258.77,39448.4,48054.12,61.25
2021-09-05 14:00:00,-9276.54,13111.56,37834.97,46584.58,61.25
2021-09-05 15:00:00,-8879.26,14092.47,34858.32,45946.74,61.25
2021-09-05 16:00:00,-8164.61,17454.16,29600.24,45915.44,61.25
2021-09-05 17:00:00,-4420.94,20152.66,22669.11,47064.72,61.25
2021-09-05 18:00:00,-25.2,22844.76,15570.17,48538.25,61.25
2021-09-05 19:00:00,1455.94,23824.7,11987.7,49141.0,61.25
2021-09-05 20:00:00,79.2,23964.74,12301.79,50424.9,61.25
2021-09-05 21:00:00,-1049.96,24006.3,12826.78,48728.66,61.25
2021-09-05 22:00:00,-1931.45,23664.93,12413.98,46936.87,61.25
2021-09-05 23:00:00,-2315.76,22991.25,11750.58,44117.62,61.25
2021-09-06 00:00:00,-1887.55,23168.12,11073.24,42258.22,61.25
2021-09-06 01:00:00,-2064.13,23139.96,10584.61,41170.2,61.25
2021-09-06 02:00:00,-877.04,23161.55,9842.11,40400.53,61.25
2021-09-06 03:00:00,-839.9,23377.09,9269.32,40296.91,61.25
2021-09-06 04:00:00,-392.66,23900.99,8860.98,41539.27,61.25
2021-09-06 05:00:00,1070.37,25127.68,8713.13,45522.34,61.25
2021-09-06 06:00:00,5626.55,26351.29,8820.61,53504.97,61.25
2021-09-06 07:00:00,4822.26,27074.01,11083.49,58013.09,61.25
2021-09-06 08:00:00,1734.89,26903.48,16822.36,61485.61,61.25
2021-09-06 09:00:00,-2051.19,26835.38,24043.46,62712.09,61.25
2021-09-06 10:00:00,-5711.88,26680.68,30825.94,63910.68,61.25
2021-09-06 11:00:00,-7598.0,25743.33,35484.05,65199.88,61.25
2021-09-06 12:00:00,-8856.34,25038.42,37753.96,64745.8,61.25
2021-09-06 13:00:00,-8503.22,25052.98,37384.36,63802.9,61.25
2021-09-06 14:00:00,-7479.08,25282.6,34768.63,62794.23,61.25
2021-09-06 15:00:00,-6513.1,26248.42,30696.24,61252.86,61.25
2021-09-06 16:00:00,-3726.52,26944.73,25288.88,59772.56,61.25
2021-09-06 17:00:00,272.64,27822.66,18757.8,59697.92,61.25
2021-09-06 18:00:00,4646.45,28183.49,12908.21,59703.4,61.25
2021-09-06 19:00:00,5530.06,28757.37,9725.14,59336.26,61.25
2021-09-06 20:00:00,4784.62,28841.23,9031.87,58970.64,61.25
2021-09-06 21:00:00,4176.96,28570.13,8867.84,55694.44,61.25
2021-09-06 22:00:00,2625.76,28108.41,8767.37,51507.68,61.25
2021-09-06 23:00:00,872.34,27367.96,8569.92,47968.16,61.25
2021-09-07 00:00:00,1657.86,26403.35,8321.08,45488.76,61.25
2021-09-07 01:00:00,2029.05,26007.54,8211.85,43801.76,61.25
2021-09-07 02:00:00,2278.01,25825.39,8111.18,43299.09,61.25
2021-09-07 03:00:00,2045.96,25726.89,8071.46,43389.88,61.25
2021-09-07 04:00:00,3209.55,26007.24,8156.87,44522.36,61.25
2021-09-07 05:00:00,3587.01,26854.42,8233.99,48274.42,61.25
2021-09-07 06:00:00,6855.95,28194.94,8703.81,55862.5,61.25
2021-09-07 07:00:00,5647.05,28581.21,10561.66,60355.36,61.25
2021-09-07 08:00:00,4653.97,28431.55,14220.71,63340.2,61.25
2021-09-07 09:00:00,945.12,28412.99,19922.26,64176.73,61.25
2021-09-07 10:00:00,-1272.46,27931.3,26624.36,65192.23,61.25
2021-09-07 11:00:00,-4486.16,27405.65,31472.3,66090.8,61.25
2021-09-07 12:00:00,-6561.73,26931.55,33913.79,65250.06,61.25
2021-09-07 13:00:00,-6139.69,26957.7,33812.21,64194.05,61.25
2021-09-07 14:00:00,-5146.15,26816.18,32115.19,63268.37,61.25
2021-09-07 15:00:00,-5129.58,26645.73,28834.55,61953.92,61.25
2021-09-07 16:00:00,-2735.36,27670.42,24258.63,60777.76,61.25
2021-09-07 17:00:00,1809.04,28566.62,18359.06,60729.53,61.25
2021-09-07 18:00:00,5047.47,28843.54,12639.53,60650.17,61.25
2021-09-07 19:00:00,5937.39,28874.25,9943.13,60399.0,61.25
2021-09-07 20:00:00,4960.4,28851.55,9928.26,60265.3,61.25
2021-09-07 21:00:00,2941.4,29006.14,10510.12,56537.56,61.25
2021-09-07 22:00:00,946.08,28659.67,11132.89,52340.54,61.25
2021-09-07 23:00:00,-714.91,27185.66,11509.7,48583.22,61.25
2021-09-08 00:00:00,180.08,26036.8,11778.55,45873.65,61.25
2021-09-08 01:00:00,638.49,25579.1,11871.63,44801.24,61.25
2021-09-08 02:00:00,10.63,25205.32,11768.0,43951.98,61.25
2021-09-08 03:00:00,551.9,25244.88,11564.11,44185.05,61.25
2021-09-08 04:00:00,1254.3,25653.37,11347.75,45245.98,61.25
2021-09-08 05:00:00,1686.65,27018.73,11163.61,48743.72,61.25
2021-09-08 06:00:00,4449.85,28523.72,11470.35,56294.94,61.25
2021-09-08 07:00:00,3368.18,29096.9,14038.3,60586.87,61.25
2021-09-08 08:00:00,569.86,28816.65,19928.24,63459.76,61.25
2021-09-08 09:00:00,-4268.7,28627.17,26078.64,64418.01,61.25
2021-09-08 10:00:00,-7121.71,28063.76,31732.63,65417.44,61.25
2021-09-08 11:00:00,-8483.03,26888.36,36746.5,66287.73,61.25
2021-09-08 12:00:00,-8994.32,25465.86,39741.22,66063.03,61.25
2021-09-08 13:00:00,-10268.67,25123.51,40176.82,65342.4,61.25
2021-09-08 14:00:00,-10719.44,25508.49,38573.77,63886.3,61.25
2021-09-08 15:00:00,-8774.84,25898.27,34858.22,62656.57,61.25
2021-09-08 16:00:00,-6847.29,27027.79,29347.43,61311.91,61.25
2021-09-08 17:00:00,-1961.66,28056.95,22561.23,61196.25,61.25
2021-09-08 18:00:00,2998.9,28268.96,15944.87,61375.81,61.25
2021-09-08 19:00:00,4412.28,28527.34,13587.6,61068.74,61.25
2021-09-08 20:00:00,775.98,28626.12,15796.13,60979.68,61.25
2021-09-08 21:00:00,-1877.96,28576.32,17575.32,57656.92,61.25
2021-09-08 22:00:00,-4494.4,28151.03,18006.27,53673.57,61.25
2021-09-08 23:00:00,-4693.9,26842.89,17958.6,49950.53,61.25
2021-09-09 00:00:00,-5440.14,25911.11,16842.19,46867.39,61.25
2021-09-09 01:00:00,-5232.69,25809.63,15711.06,45380.21,61.25
2021-09-09 02:00:00,-4082.95,25777.89,14512.39,44343.26,61.25
2021-09-09 03:00:00,-2302.04,25571.19,13923.91,44519.1,61.25
2021-09-09 04:00:00,-1757.43,25919.45,13640.39,45439.4,61.25
2021-09-09 05:00:00,-1485.55,27053.85,13699.61,49080.16,61.25
2021-09-09 06:00:00,-237.12,28725.63,14183.78,56278.44,61.25
2021-09-09 07:00:00,-842.87,29194.02,16600.02,60688.34,61.25
2021-09-09 08:00:00,-1604.52,29128.27,21380.52,63279.47,61.25
2021-09-09 09:00:00,-4352.46,29122.89,26211.99,64124.32,61.25
2021-09-09 10:00:00,-7302.47,28693.36,31108.47,65448.34,61.25
2021-09-09 11:00:00,-8841.9,28117.22,35262.19,66580.81,61.25
2021-09-09 12:00:00,-9076.76,27318.95,37799.45,66791.47,61.25
2021-09-09 13:00:00,-9275.37,27394.16,38393.56,65431.98,61.25
2021-09-09 14:00:00,-8699.92,27166.23,36700.83,64575.44,61.25
2021-09-09 15:00:00,-8167.91,27714.75,32891.55,63589.36,61.25
2021-09-09 16:00:00,-5967.3,28221.55,27198.02,62542.57,61.25
2021-09-09 17:00:00,-18.87,28607.98,20291.85,62529.9,61.25
2021-09-09 18:00:00,4164.33,29010.99,14360.12,62418.8,61.25
2021-09-09 19:00:00,4504.45,29330.36,12201.69,61949.56,61.25
2021-09-09 20:00:00,3815.79,29109.69,12853.15,61234.49,61.25
2021-09-09 21:00:00,1882.15,28929.19,13643.78,57961.17,61.25
2021-09-09 22:00:00,-1184.64,28714.16,14078.59,53834.82,61.25
2021-09-09 23:00:00,-3445.27,28245.91,13929.73,50070.88,61.25
2021-09-10 00:00:00,-3295.54,27369.86,13721.56,47334.12,61.25
2021-09-10 01:00:00,-2325.07,27428.88,13139.87,45685.12,61.25
2021-09-10 02:00:00,-1895.83,27496.1,12594.32,44850.52,61.25
2021-09-10 03:00:00,-1614.4,27565.25,12089.23,44603.46,61.25
2021-09-10 04:00:00,-1141.15,27553.47,11841.6,45867.21,61.25
2021-09-10 05:00:00,-349.31,28489.09,11740.95,49464.16,61.25
2021-09-10 06:00:00,2727.06,29534.11,11811.31,56518.41,61.25
2021-09-10 07:00:00,2588.75,30091.67,13407.93,60979.76,61.25
2021-09-10 08:00:00,2508.16,30040.14,17365.26,64269.92,61.25
2021-09-10 09:00:00,-974.84,30184.31,21781.41,65374.88,61.25
2021-09-10 10:00:00,-3439.26,30227.97,26402.66,66267.1,61.25
2021-09-10 11:00:00,-5544.65,30443.16,30254.9,66986.98,61.7
2021-09-10 12:00:00,-6702.54,29980.88,32383.16,66296.48,61.85
2021-09-10 13:00:00,-7536.96,29385.15,32635.35,64692.37,61.85
2021-09-10 14:00:00,-6975.86,28478.69,31087.37,62447.88,61.85
2021-09-10 15:00:00,-6099.57,29841.1,27498.67,61250.4,61.85
2021-09-10 16:00:00,-4176.72,30572.38,22902.47,60470.16,61.85
2021-09-10 17:00:00,711.86,30654.53,17539.26,60709.11,61.85
2021-09-10 18:00:00,3183.39,30837.31,12816.06,60332.74,61.85
2021-09-10 19:00:00,4126.15,30896.76,10440.15,59824.34,61.85
2021-09-10 20:00:00,2078.97,31040.37,10320.6,58404.19,61.85
2021-09-10 21:00:00,817.53,31044.7,10461.42,54419.03,61.85
2021-09-10 22:00:00,-2808.02,30638.58,11017.44,50727.65,61.85
2021-09-10 23:00:00,-4505.32,28914.9,11392.52,47003.81,61.85
2021-09-11 00:00:00,-4432.2,26810.61,11556.9,43687.99,61.85
2021-09-11 01:00:00,-4011.86,25659.32,11829.32,41850.09,61.85
2021-09-11 02:00:00,-4336.9,25054.06,12415.9,41104.26,61.85
2021-09-11 03:00:00,-4195.49,24630.87,12820.89,40919.75,61.85
2021-09-11 04:00:00,-4584.28,24641.01,12670.3,40700.89,61.85
2021-09-11 05:00:00,-5048.0,25353.24,12905.19,41283.01,61.85
2021-09-11 06:00:00,-4248.51,25771.91,13401.46,43290.43,61.85
2021-09-11 07:00:00,-4007.49,26238.93,14731.06,45725.08,61.85
2021-09-11 08:00:00,-3635.16,26195.09,17033.22,49554.13,61.85
2021-09-11 09:00:00,-4017.53,26269.87,20140.74,52236.84,61.85
2021-09-11 10:00:00,-5787.47,26107.29,24037.95,53619.37,61.85
2021-09-11 11:00:00,-7908.66,25884.31,27853.69,55030.33,61.85
2021-09-11 12:00:00,-9909.28,25120.41,30879.33,54962.68,61.85
2021-09-11 13:00:00,-9676.27,24413.54,31868.1,53872.0,61.85
2021-09-11 14:00:00,-11394.59,24468.13,31489.29,52632.05,61.85
2021-09-11 15:00:00,-10728.01,24510.95,29616.88,52039.66,61.85
2021-09-11 16:00:00,-8913.44,24843.98,26321.86,51166.44,61.85
2021-09-11 17:00:00,-6819.26,26159.43,21502.08,51350.31,61.85
2021-09-11 18:00:00,-3570.68,26901.02,16677.7,51738.58,61.85
2021-09-11 19:00:00,-2311.42,27028.97,13638.92,51468.16,61.85
2021-09-11 20:00:00,-2950.31,27285.01,13274.31,50769.42,61.85
2021-09-11 21:00:00,-4080.78,27116.62,13327.84,47710.94,61.85
2021-09-11 22:00:00,-5520.12,26047.35,13612.46,45390.21,61.85
2021-09-11 23:00:00,-5922.18,24428.81,14050.01,42617.54,61.85
2021-09-12 00:00:00,-5385.45,22473.23,14138.31,39990.47,61.85
2021-09-12 01:00:00,-5222.94,21427.98,14238.79,39025.82,61.85
2021-09-12 02:00:00,-3995.4,21141.8,14232.7,38442.06,61.85
2021-09-12 03:00:00,-4239.47,21157.65,14118.98,38024.96,61.85
2021-09-12 04:00:00,-3808.29,21157.79,13781.33,37905.84,61.85
2021-09-12 05:00:00,-3648.78,21172.35,13883.35,38198.33,61.85
2021-09-12 06:00:00,-2823.14,21338.0,14016.49,39769.5,61.85
2021-09-12 07:00:00,-3231.89,21527.8,15360.89,40992.32,61.85
2021-09-12 08:00:00,-4164.96,21560.47,18659.58,44073.52,61.85
2021-09-12 09:00:00,-5085.31,21277.72,23797.07,47475.18,61.85
2021-09-12 10:00:00,-7832.28,20545.74,30146.49,50107.95,61.85
2021-09-12 11:00:00,-8022.93,18680.03,35242.49,51935.23,61.85
2021-09-12 12:00:00,-10873.81,17711.92,37717.19,51617.36,61.85
2021-09-12 13:00:00,-11081.63,15973.91,38120.69,49272.46,61.85
2021-09-12 14:00:00,-10957.92,15759.27,36836.63,47986.81,61.85
2021-09-12 15:00:00,-9986.26,16765.29,33805.99,47392.88,61.85
2021-09-12 16:00:00,-9248.04,19668.2,29927.98,47620.91,61.85
2021-09-12 17:00:00,-7129.42,22615.3,24166.54,48852.38,61.85
2021-09-12 18:00:00,-4260.78,25400.46,17668.71,50019.45,61.85
2021-09-12 19:00:00,-3096.78,26654.85,14466.4,50640.13,61.85
2021-09-12 20:00:00,-3425.58,26924.67,14021.37,51192.52,61.85
2021-09-12 21:00:00,-3509.26,26811.78,13999.93,48952.23,61.85
2021-09-12 22:00:00,-3986.98,26891.77,13847.09,47253.09,61.85
2021-09-12 23:00:00,-4471.58,25922.32,13910.92,44594.84,61.85
2021-09-13 00:00:00,-4314.11,24837.73,13959.38,43131.43,61.85
2021-09-13 01:00:00,-3619.75,24380.24,14136.35,42132.56,61.85
2021-09-13 02:00:00,-4068.8,24660.77,13680.76,41385.64,61.85
2021-09-13 03:00:00,-4222.97,25071.58,13118.89,41264.24,61.85
2021-09-13 04:00:00,-3202.54,25454.81,12178.9,42112.81,61.85
2021-09-13 05:00:00,-2085.53,26793.07,11615.71,45773.3,61.85
2021-09-13 06:00:00,1315.7,29218.01,11588.03,54331.97,61.85
2021-09-13 07:00:00,489.04,30569.5,12952.69,59211.82,61.85
2021-09-13 08:00:00,-771.97,30788.91,16671.84,61964.78,61.85
2021-09-13 09:00:00,-4001.78,30984.57,22132.91,63397.7,61.85
2021-09-13 10:00:00,-8154.61,31078.94,27929.51,64536.9,61.85
2021-09-13 11:00:00,-9320.08,30891.66,31654.75,65658.72,61.85
2021-09-13 12:00:00,-10373.53,29787.05,32908.27,65108.62,61.85
2021-09-13 13:00:00,-10181.16,30032.7,32183.56,64024.82,61.85
2021-09-13 14:00:00,-9840.91,30084.64,30314.15,62409.14,61.85
2021-09-13 15:00:00,-7915.42,30655.97,27262.75,61869.78,61.85
2021-09-13 16:00:00,-5670.92,31047.55,22596.89,60383.02,61.85
2021-09-13 17:00:00,-1198.01,30732.5,16871.65,60447.07,61.85
2021-09-13 18:00:00,3141.69,30880.09,11503.17,60598.78,61.85
2021-09-13 19:00:00,4363.46,31044.78,9177.24,60823.68,61.85
2021-09-13 20:00:00,3513.87,31005.72,9365.31,60110.44,61.85
2021-09-13 21:00:00,2202.26,30673.4,9626.73,56373.42,61.85
2021-09-13 22:00:00,346.3,30716.82,9452.95,52507.06,61.85
2021-09-13 23:00:00,-234.09,29231.95,9519.88,48629.06,61.85
2021-09-14 00:00:00,-2398.82,27789.28,9730.71,45857.51,61.85
2021-09-14 01:00:00,-1145.59,27479.13,9971.03,44322.42,61.85
2021-09-14 02:00:00,-418.61,27048.08,9993.42,43741.35,61.85
2021-09-14 03:00:00,-174.2,26729.33,9659.15,43722.9,61.85
2021-09-14 04:00:00,-671.22,26990.54,9472.44,44671.8,61.85
2021-09-14 05:00:00,821.57,27960.86,9660.8,48379.26,61.85
2021-09-14 06:00:00,5873.62,28555.82,10120.52,56345.66,61.85
2021-09-14 07:00:00,3957.34,29175.15,12114.65,60250.07,61.85
2021-09-14 08:00:00,2186.92,29173.34,17256.98,63151.93,61.85
2021-09-14 09:00:00,-947.95,28939.98,23292.35,64398.66,61.85
2021-09-14 10:00:00,-5418.82,28063.6,29366.76,65643.18,61.85
2021-09-14 11:00:00,-8105.18,27457.5,33645.68,66198.54,61.85
2021-09-14 12:00:00,-8520.33,27009.26,35699.5,66089.1,61.85
2021-09-14 13:00:00,-8939.58,27223.76,34947.33,65802.42,61.85
2021-09-14 14:00:00,-8709.5,28204.48,33219.49,64205.46,61.85
2021-09-14 15:00:00,-6612.38,29139.13,29390.27,63391.77,61.85
2021-09-14 16:00:00,-4561.8,29870.06,24155.08,61991.16,61.85
2021-09-14 17:00:00,-878.25,30643.21,18345.11,61695.32,61.85
2021-09-14 18:00:00,2601.19,31043.77,13655.07,61740.54,61.85
2021-09-14 19:00:00,1673.93,31075.9,13508.16,62586.56,61.85
2021-09-14 20:00:00,-283.99,30786.96,16089.86,61850.95,61.85
2021-09-14 21:00:00,-3703.06,30242.97,18572.51,57894.04,61.85
2021-09-14 22:00:00,-6896.62,29538.71,19719.05,53797.32,61.85
2021-09-14 23:00:00,-8673.12,28024.88,19259.78,49922.28,61.85
2021-09-15 00:00:00,-7447.3,26977.45,17634.0,46811.8,61.85
2021-09-15 01:00:00,-6437.89,26819.32,16916.63,45011.24,61.85
2021-09-15 02:00:00,-4978.67,26413.75,16548.43,44492.24,61.85
2021-09-15 03:00:00,-4404.34,26414.39,16158.88,44337.41,61.85
2021-09-15 04:00:00,-4375.07,26842.79,15285.92,45550.22,61.85
2021-09-15 05:00:00,-2292.33,27918.62,15044.76,49535.86,61.85
2021-09-15 06:00:00,1643.51,29171.82,15463.14,57586.22,61.85
2021-09-15 07:00:00,3546.49,29651.85,16638.86,62605.07,61.85
2021-09-15 08:00:00,3025.41,29775.75,18541.44,65781.11,61.85
2021-09-15 09:00:00,3222.86,29741.3,20119.03,66554.26,61.85
2021-09-15 10:00:00,3357.97,29816.08,21746.53,68075.63,61.85
2021-09-15 11:00:00,3873.27,29525.64,22726.97,69289.3,61.85
2021-09-15 12:00:00,3677.64,29251.09,22805.69,68724.53,61.85
2021-09-15 13:00:00,4018.55,29072.4,22976.7,67776.06,61.85
2021-09-15 14:00:00,3657.16,29046.44,22678.67,66501.58,61.85
2021-09-15 15:00:00,2728.59,29434.24,21405.33,65295.31,61.85
2021-09-15 16:00:00,3058.79,29641.26,19825.41,64198.97,61.85
2021-09-15 17:00:00,3735.21,29817.75,18904.69,64721.22,61.85
2021-09-15 18:00:00,2795.95,29724.5,17866.21,64559.04,61.85
2021-09-15 19:00:00,1433.78,29777.53,18032.99,64641.51,61.85
2021-09-15 20:00:00,241.17,29869.41,18752.97,62950.78,61.85
2021-09-15 21:00:00,-3396.47,29730.06,19371.51,58721.24,61.85
2021-09-15 22:00:00,-4913.82,28753.42,20168.96,54879.16,61.85
2021-09-15 23:00:00,-4380.96,27047.84,19914.19,51399.31,61.85
2021-09-16 00:00:00,-8059.89,27196.66,19146.17,48013.06,61.85
2021-09-16 01:00:00,-9014.1,27358.18,19354.72,45890.68,61.85
2021-09-16 02:00:00,-8462.15,27179.92,19571.21,45268.68,61.85
2021-09-16 03:00:00,-6840.54,26809.17,19773.34,45532.38,61.85
2021-09-16 04:00:00,-6539.76,26948.83,20435.74,46572.89,61.85
2021-09-16 05:00:00,-7264.53,27886.15,21097.62,50048.56,61.85
2021-09-16 06:00:00,-3880.14,29656.02,21318.91,58241.42,61.85
2021-09-16 07:00:00,-5209.82,30663.56,22350.06,62452.89,61.85
2021-09-16 08:00:00,-4623.66,30614.25,23876.69,65561.02,61.85
2021-09-16 09:00:00,-6335.61,30669.56,27104.77,66797.94,61.85
2021-09-16 10:00:00,-6693.6,29792.85,30892.87,68221.47,61.85
2021-09-16 11:00:00,-7344.75,29080.15,33857.95,69198.98,61.85
2021-09-16 12:00:00,-8503.32,28859.17,35268.88,68892.63,61.85
2021-09-16 13:00:00,-8168.17,28946.34,35667.14,68034.12,61.85
2021-09-16 14:00:00,-8320.86,28719.23,35186.28,66360.85,61.85
2021-09-16 15:00:00,-8235.74,29157.21,33895.85,65414.34,61.85
2021-09-16 16:00:00,-8361.98,29485.05,31116.99,64315.38,61.85
2021-09-16 17:00:00,-5283.05,29800.8,27525.29,64095.08,61.85
2021-09-16 18:00:00,-2523.65,29989.94,23854.24,63594.28,61.85
2021-09-16 19:00:00,-2299.97,30410.14,21845.31,63723.28,61.85
2021-09-16 20:00:00,-3218.19,30370.82,21196.05,62290.24,61.85
2021-09-16 21:00:00,-4789.67,29737.58,20361.24,57982.8,61.85
2021-09-16 22:00:00,-6865.41,28985.81,19511.37,53055.7,61.85
2021-09-16 23:00:00,-7721.77,27716.14,18912.68,49326.48,61.85
2021-09-17 00:00:00,-6032.93,26657.3,18258.09,47336.75,61.85
2021-09-17 01:00:00,-4798.9,26659.91,17632.55,45469.37,61.85
2021-09-17 02:00:00,-5049.53,26603.46,17263.28,44648.84,61.85
2021-09-17 03:00:00,-3934.47,26346.11,16702.25,45109.64,61.85
2021-09-17 04:00:00,-3184.94,26763.47,16378.33,45725.44,61.85
2021-09-17 05:00:00,-1199.52,27075.6,15908.4,49435.08,61.85
2021-09-17 06:00:00,993.53,29255.88,15490.8,56856.48,61.85
2021-09-17 07:00:00,2487.96,30198.49,15405.41,61402.16,61.85
2021-09-17 08:00:00,1018.25,30224.21,17616.06,64551.14,61.85
2021-09-17 09:00:00,-1305.93,30255.96,20957.52,65535.2,61.85
2021-09-17 10:00:00,-3071.27,30111.36,25193.62,66299.03,61.85
2021-09-17 11:00:00,-3609.51,30251.1,27838.19,66808.71,60.16
2021-09-17 12:00:00,-5045.72,29748.52,29270.89,66206.23,59.6
2021-09-17 13:00:00,-5919.28,29539.66,28747.14,64403.16,59.6
2021-09-17 14:00:00,-6312.5,29550.1,27553.29,62594.54,59.6
2021-09-17 15:00:00,-4292.64,29617.28,25437.29,61247.37,59.6
2021-09-17 16:00:00,-2220.16,29540.75,22056.68,60208.37,59.6
2021-09-17 17:00:00,248.07,30114.7,17787.22,60185.77,59.6
2021-09-17 18:00:00,3252.12,30427.88,13452.01,60282.99,59.6
2021-09-17 19:00:00,4283.19,30476.27,11452.61,60817.78,59.6
2021-09-17 20:00:00,3147.58,30090.91,11454.75,59758.63,59.6
2021-09-17 21:00:00,1052.48,29222.29,11182.31,55339.46,59.6
2021-09-17 22:00:00,-1107.11,28751.02,10854.07,51280.62,59.6
2021-09-17 23:00:00,-2006.65,27498.32,10332.77,47403.74,59.6
2021-09-18 00:00:00,-1502.09,26322.05,10011.2,44872.82,59.6
2021-09-18 01:00:00,-2288.28,25958.14,9938.76,43038.66,59.6
2021-09-18 02:00:00,-2965.16,25517.03,9900.77,41993.98,59.6
2021-09-18 03:00:00,-2321.07,25284.48,10023.13,41526.67,59.6
2021-09-18 04:00:00,-2578.54,25274.63,10032.81,41741.85,59.6
2021-09-18 05:00:00,-2002.36,25395.84,10207.63,42607.8,59.6
2021-09-18 06:00:00,-1173.33,25789.17,10625.2,44873.3,59.6
2021-09-18 07:00:00,-814.18,25879.08,11914.88,47353.87,59.6
2021-09-18 08:00:00,-1507.14,25806.91,15648.12,50855.01,59.6
2021-09-18 09:00:00,-3808.1,25508.82,20827.68,53786.12,59.6
2021-09-18 10:00:00,-6286.85,25119.56,26145.81,55439.43,59.6
2021-09-18 11:00:00,-7586.8,24400.19,29336.05,56063.37,59.6
2021-09-18 12:00:00,-8261.16,23868.76,30036.83,55188.93,59.6
2021-09-18 13:00:00,-8235.91,23135.75,29818.17,53656.05,59.6
2021-09-18 14:00:00,-8076.78,22949.89,28129.05,52270.96,59.6
2021-09-18 15:00:00,-8330.1,24184.54,25676.6,51047.18,59.6
2021-09-18 16:00:00,-6333.95,25301.06,22046.71,50583.54,59.6
2021-09-18 17:00:00,-3891.23,26217.0,18273.8,51794.99,59.6
2021-09-18 18:00:00,-1263.2,26600.06,14212.28,52615.58,59.6
2021-09-18 19:00:00,-871.18,26555.28,13160.82,53326.11,59.6
2021-09-18 20:00:00,-3520.58,26465.43,14242.67,52239.46,59.6
2021-09-18 21:00:00,-5463.92,26352.18,15599.92,48665.15,59.6
2021-09-18 22:00:00,-6830.72,25716.36,16523.21,45813.98,59.6
2021-09-18 23:00:00,-7488.67,24266.26,17393.62,43133.12,59.6
2021-09-19 00:00:00,-6938.12,21587.43,17871.24,40342.2,59.6
2021-09-19 01:00:00,-6987.21,20398.95,18390.59,39093.1,59.6
2021-09-19 02:00:00,-6508.76,20079.5,18600.61,38303.15,59.6
2021-09-19 03:00:00,-6093.91,19733.51,18321.16,37722.57,59.6
2021-09-19 04:00:00,-5932.32,19136.28,18492.1,37651.66,59.6
2021-09-19 05:00:00,-5720.22,19335.17,18318.01,38397.0,59.6
2021-09-19 06:00:00,-6704.35,20239.74,18218.32,39466.96,59.6
2021-09-19 07:00:00,-7023.76,20542.08,19286.64,40995.19,59.6
2021-09-19 08:00:00,-7889.15,20876.74,22055.13,44400.29,59.6
2021-09-19 09:00:00,-10124.25,22002.72,25249.0,47774.97,59.6
2021-09-19 10:00:00,-11402.45,22472.29,28718.66,49849.3,59.6
2021-09-19 11:00:00,-9609.44,22506.67,31139.77,51924.58,59.6
2021-09-19 12:00:00,-9917.13,22311.47,31074.66,51384.94,59.6
2021-09-19 13:00:00,-9015.71,21909.6,28814.33,49513.7,59.6
2021-09-19 14:00:00,-6813.95,21859.94,26365.83,47954.99,59.6
2021-09-19 15:00:00,-5681.67,21964.65,23980.77,47251.4,59.6
2021-09-19 16:00:00,-4802.71,22871.63,20747.26,46995.83,59.6
2021-09-19 17:00:00,-4223.18,24208.52,17731.14,48802.98,59.6
2021-09-19 18:00:00,-18.49,24783.92,14938.74,50586.98,59.6
2021-09-19 19:00:00,-1435.58,24955.08,13978.02,51138.62,59.6
2021-09-19 20:00:00,-2220.94,25023.21,14217.81,50735.52,59.6
2021-09-19 21:00:00,-2039.65,25134.46,14336.85,48103.79,59.6
2021-09-19 22:00:00,-2809.72,25080.01,13611.37,46129.14,59.6
2021-09-19 23:00:00,-4319.7,24867.66,12814.64,43049.4,59.6
2021-09-20 00:00:00,-3014.07,24018.64,11748.24,40671.91,59.6
2021-09-20 01:00:00,-3535.66,24382.05,11003.73,40110.64,59.6
2021-09-20 02:00:00,-1831.77,23637.38,10577.53,40009.47,59.6
2021-09-20 03:00:00,-1879.67,24072.84,10549.08,40275.7,59.6
2021-09-20 04:00:00,-1030.0,24874.69,11005.19,42134.81,59.6
2021-09-20 05:00:00,-562.73,26205.97,11504.94,46605.71,59.6
2021-09-20 06:00:00,2599.82,28876.58,11808.99,55123.48,59.6
2021-09-20 07:00:00,3078.22,30443.59,12268.44,60473.16,59.6
2021-09-20 08:00:00,2229.28,30829.54,13755.94,63354.9,59.6
2021-09-20 09:00:00,1219.22,30849.95,15633.25,64306.42,59.6
2021-09-20 10:00:00,1849.37,30639.0,18859.39,65262.22,59.6
2021-09-20 11:00:00,729.67,30509.97,22182.3,66137.25,59.6
2021-09-20 12:00:00,-444.29,30276.37,22926.82,65980.2,59.6
2021-09-20 13:00:00,-1010.64,30504.77,22461.24,64685.61,59.6
2021-09-20 14:00:00,-620.36,30099.77,21430.86,63176.54,59.6
2021-09-20 15:00:00,-160.27,29919.64,18963.96,61820.62,59.6
2021-09-20 16:00:00,781.59,30363.46,16383.0,60559.44,59.6
2021-09-20 17:00:00,3780.1,30459.91,13198.96,60939.77,59.6
2021-09-20 18:00:00,4985.84,30715.51,10541.85,61257.89,59.6
2021-09-20 19:00:00,5054.8,30960.48,9638.67,62356.37,59.6
2021-09-20 20:00:00,3824.7,31198.24,9530.68,60620.37,59.6
2021-09-20 21:00:00,1971.46,31197.48,9287.57,56186.19,59.6
2021-09-20 22:00:00,440.5,30419.75,8985.69,52271.51,59.6
2021-09-20 23:00:00,247.7,28588.74,8522.97,48519.38,59.6
2021-09-21 00:00:00,1252.38,27516.22,8338.74,44650.55,59.6
2021-09-21 01:00:00,1411.55,27106.34,8343.7,43126.66,59.6
2021-09-21 02:00:00,1462.95,26731.03,8729.57,42435.3,59.6
2021-09-21 03:00:00,1396.22,26623.91,9556.64,42976.32,59.6
2021-09-21 04:00:00,1668.66,26970.36,10319.44,44467.16,59.6
2021-09-21 05:00:00,2721.47,27620.62,11086.63,48386.3,59.6
2021-09-21 06:00:00,4698.17,29073.33,12207.82,56571.16,59.6
2021-09-21 07:00:00,4322.52,29815.25,13545.2,61615.38,59.6
2021-09-21 08:00:00,2802.08,29904.56,16220.56,64280.87,59.6
2021-09-21 09:00:00,690.43,29878.29,20597.78,65332.0,59.6
2021-09-21 10:00:00,-1189.97,29398.14,25968.47,65991.2,59.6
2021-09-21 11:00:00,-4193.69,28568.0,31606.62,67036.78,59.6
2021-09-21 12:00:00,-5484.44,28579.37,33957.14,66857.25,59.6
2021-09-21 13:00:00,-6825.6,27591.69,33978.81,66387.76,59.6
2021-09-21 14:00:00,-6294.82,27621.07,33220.78,64628.25,59.6
2021-09-21 15:00:00,-4598.41,27540.36,30915.72,63868.23,59.6
2021-09-21 16:00:00,-4099.39,28198.58,26734.7,62409.12,59.6
2021-09-21 17:00:00,-2465.19,29454.33,21971.19,62551.71,59.6
2021-09-21 18:00:00,574.17,30434.85,17857.19,62599.3,59.6
2021-09-21 19:00:00,1150.07,30713.12,16611.35,63644.48,59.6
2021-09-21 20:00:00,-501.4,30960.78,17016.45,62327.46,59.6
2021-09-21 21:00:00,-2862.78,30380.48,17675.43,58342.57,59.6
2021-09-21 22:00:00,-4599.71,29437.0,18250.58,54691.23,59.6
2021-09-21 23:00:00,-4929.8,28066.2,18277.47,50427.9,59.6
2021-09-22 00:00:00,-4375.26,26752.17,17590.1,47689.45,59.6
2021-09-22 01:00:00,-5020.72,26136.92,17217.79,46168.02,59.6
2021-09-22 02:00:00,-4781.18,25405.6,16481.91,45147.6,59.6
2021-09-22 03:00:00,-3519.35,25341.07,15571.06,45186.28,59.6
2021-09-22 04:00:00,-3525.6,26993.6,14884.08,46322.36,59.6
2021-09-22 05:00:00,-2864.52,28348.38,14285.78,49846.24,59.6
2021-09-22 06:00:00,1097.3,29978.38,13555.83,57435.54,59.6
2021-09-22 07:00:00,2954.95,30599.58,13794.79,61943.79,59.6
2021-09-22 08:00:00,2451.76,30542.59,16593.66,64314.13,59.6
2021-09-22 09:00:00,-838.6,30032.54,20692.53,64561.59,59.6
2021-09-22 10:00:00,-2683.53,29745.44,25253.16,65765.15,59.6
2021-09-22 11:00:00,-3496.68,29379.36,29449.29,66555.41,59.6
2021-09-22 12:00:00,-4613.42,28640.73,32344.89,65955.0,59.6
2021-09-22 13:00:00,-5211.94,28367.0,33650.25,65293.75,59.6
2021-09-22 14:00:00,-4957.17,27588.25,33559.32,63790.56,59.6
2021-09-22 15:00:00,-5474.58,28324.86,31656.56,62482.98,59.6
2021-09-22 16:00:00,-5069.87,28898.81,28128.22,61237.28,59.6
2021-09-22 17:00:00,-2157.6,29293.74,22839.29,61570.94,59.6
2021-09-22 18:00:00,1874.92,29583.4,17996.34,62282.98,59.6
2021-09-22 19:00:00,2058.62,29606.88,18238.03,64099.01,59.6
2021-09-22 20:00:00,529.46,29551.08,19787.82,62837.44,59.6
2021-09-22 21:00:00,-3585.3,29339.0,21143.4,58373.53,59.6
2021-09-22 22:00:00,-4232.97,27386.9,21729.44,54281.72,59.6
2021-09-22 23:00:00,-5220.84,25179.11,22433.58,50442.41,59.6
2021-09-23 00:00:00,-4247.9,21877.92,22299.46,47897.26,59.6
2021-09-23 01:00:00,-5120.36,20992.05,22820.44,46410.36,59.6
2021-09-23 02:00:00,-4494.18,19854.25,23910.4,46046.2,59.6
2021-09-23 03:00:00,-4219.51,18989.49,24973.91,46172.63,59.6
2021-09-23 04:00:00,-4103.93,18919.93,26493.47,47862.43,59.6
2021-09-23 05:00:00,-3935.46,20728.3,28432.77,51585.55,59.6
2021-09-23 06:00:00,-3079.14,23000.68,30433.95,59028.03,59.6
2021-09-23 07:00:00,-4033.98,23268.08,31859.31,64002.54,59.6
2021-09-23 08:00:00,-5194.57,23089.51,35987.17,66552.19,59.6
2021-09-23 09:00:00,-5712.71,21391.49,41753.1,67506.85,59.6
2021-09-23 10:00:00,-7704.26,18982.75,49142.03,68209.53,59.6
2021-09-23 11:00:00,-9467.06,15764.02,55889.32,69325.42,59.6
2021-09-23 12:00:00,-10122.39,13698.07,59559.6,68953.68,59.6
2021-09-23 13:00:00,-10676.27,13573.85,59585.89,68368.54,59.6
2021-09-23 14:00:00,-10921.1,13443.67,58016.84,66791.91,59.6
2021-09-23 15:00:00,-10471.54,13478.79,56488.37,66075.49,59.6
2021-09-23 16:00:00,-9945.48,14701.44,51731.56,65070.1,59.6
2021-09-23 17:00:00,-7552.42,17572.68,45877.02,65191.4,59.6
2021-09-23 18:00:00,-4902.94,19020.24,41199.4,65746.32,59.6
2021-09-23 19:00:00,-4469.07,19007.74,40581.23,66590.62,59.6
2021-09-23 20:00:00,-2105.28,18541.1,40494.65,64729.12,59.6
2021-09-23 21:00:00,-4115.76,17992.34,39886.19,60391.32,59.6
2021-09-23 22:00:00,-4869.82,17700.4,37363.63,56501.06,59.6
2021-09-23 23:00:00,-5407.3,16977.65,35568.2,52327.24,59.6
2021-09-24 00:00:00,-6693.12,18167.99,33876.89,49750.78,59.6
2021-09-24 01:00:00,-5564.1,17143.8,32845.32,48103.38,59.6
2021-09-24 02:00:00,-5823.63,17159.63,31821.87,46850.61,59.6
2021-09-24 03:00:00,-5408.7,17043.91,30628.21,46916.72,59.6
2021-09-24 04:00:00,-5137.3,17622.62,29086.87,47884.12,59.6
2021-09-24 05:00:00,-5114.09,20309.78,27692.63,51565.11,59.6
2021-09-24 06:00:00,-3278.0,22101.44,26182.25,59117.14,59.6
2021-09-24 07:00:00,-510.15,22451.63,26206.55,63901.92,59.6
2021-09-24 08:00:00,679.08,22830.6,28737.87,66671.18,59.6
2021-09-24 09:00:00,-2548.64,22620.68,32788.3,67891.57,59.6
2021-09-24 10:00:00,-6143.1,22550.95,36994.31,68861.52,59.6
2021-09-24 11:00:00,-7543.4,21916.0,39774.59,68689.86,60.83
2021-09-24 12:00:00,-6828.7,22023.96,42098.04,67911.2,61.24
2021-09-24 13:00:00,-6043.64,22418.7,42456.46,66883.33,61.24
2021-09-24 14:00:00,-6042.42,22192.48,41732.6,64893.56,61.24
2021-09-24 15:00:00,-4984.4,22267.34,39477.18,63369.21,61.24
2021-09-24 16:00:00,-4713.2,22957.4,35576.02,62236.0,61.24
2021-09-24 17:00:00,-3441.41,23669.89,30792.96,62381.03,61.24
2021-09-24 18:00:00,74.55,23847.68,26253.42,62653.74,61.24
2021-09-24 19:00:00,1965.88,23843.61,25466.5,63406.17,61.24
2021-09-24 20:00:00,-1866.83,23848.45,26610.08,61387.34,61.24
2021-09-24 21:00:00,-3770.74,23716.24,26973.61,57049.1,61.24
2021-09-24 22:00:00,-5085.75,23277.85,27059.03,53403.12,61.24
2021-09-24 23:00:00,-5403.47,22335.67,26381.21,50143.22,61.24
2021-09-25 00:00:00,-4583.91,21989.62,25381.84,47706.3,61.24
2021-09-25 01:00:00,-4636.21,22326.35,24124.06,45693.75,61.24
2021-09-25 02:00:00,-4547.11,22148.87,22970.39,44456.4,61.24
2021-09-25 03:00:00,-4009.36,21735.95,21521.6,44123.8,61.24
2021-09-25 04:00:00,-4255.91,22407.85,19553.85,44120.22,61.24
2021-09-25 05:00:00,-4287.22,22625.95,17523.58,44934.08,61.24
2021-09-25 06:00:00,-3378.27,23196.86,16599.82,46876.52,61.24
2021-09-25 07:00:00,-2341.96,24373.32,16693.5,49161.73,61.24
2021-09-25 08:00:00,-2621.69,24736.17,19343.5,52875.3,61.24
2021-09-25 09:00:00,-3279.76,24643.19,23593.94,55163.03,61.24
2021-09-25 10:00:00,-5403.7,23805.93,27916.08,56455.97,61.24
2021-09-25 11:00:00,-6342.37,22991.95,31096.95,56680.67,61.24
2021-09-25 12:00:00,-7082.95,22702.24,32328.29,55733.23,61.24
2021-09-25 13:00:00,-7278.13,22489.03,31879.97,53956.78,61.24
2021-09-25 14:00:00,-6953.46,22362.11,30071.05,52341.8,61.24
2021-09-25 15:00:00,-6252.48,23147.38,26174.9,51141.98,61.24
2021-09-25 16:00:00,-3313.16,24055.03,20206.75,50164.66,61.24
2021-09-25 17:00:00,1474.76,25095.35,13737.24,50875.66,61.24
2021-09-25 18:00:00,5109.44,25497.35,8876.73,51744.06,61.24
2021-09-25 19:00:00,5924.5,25841.63,7665.2,53022.25,61.24
2021-09-25 20:00:00,3486.76,26273.89,7778.16,51357.03,61.24
2021-09-25 21:00:00,1031.19,26695.03,8081.77,48280.82,61.24
2021-09-25 22:00:00,-243.06,26618.75,8486.24,45605.81,61.24
2021-09-25 23:00:00,-1323.01,25700.66,8898.73,42746.07,61.24
2021-09-26 00:00:00,-2295.85,24605.05,9349.51,40426.02,61.24
2021-09-26 01:00:00,-3152.17,24275.22,10078.18,39037.74,61.24
2021-09-26 02:00:00,-3970.11,23382.9,10771.61,38284.22,61.24
2021-09-26 03:00:00,-2924.87,22729.0,11356.69,37628.22,61.24
2021-09-26 04:00:00,-2439.82,22376.77,12210.76,38051.27,61.24
2021-09-26 05:00:00,-2213.22,22419.84,12808.26,38684.59,61.24
2021-09-26 06:00:00,-3018.92,22784.38,13490.74,39852.62,61.24
2021-09-26 07:00:00,-3139.05,22812.82,14649.86,41860.95,61.24
2021-09-26 08:00:00,-3164.0,22708.26,18329.76,45132.62,61.24
2021-09-26 09:00:00,-3903.34,22388.69,22579.53,48350.27,61.24
2021-09-26 10:00:00,-6486.5,22534.36,27065.71,50758.84,61.24
2021-09-26 11:00:00,-7577.55,22412.42,30432.65,53115.97,61.24
2021-09-26 12:00:00,-8518.16,22131.12,31835.5,52821.98,61.24
2021-09-26 13:00:00,-7294.53,20699.85,30949.93,51091.98,61.24
2021-09-26 14:00:00,-6190.72,20653.12,29182.31,49759.26,61.24
2021-09-26 15:00:00,-3468.28,21063.05,24767.57,49118.44,61.24
2021-09-26 16:00:00,-1190.1,22970.21,19405.67,48563.78,61.24
2021-09-26 17:00:00,2272.54,24482.32,14611.45,50101.28,61.24
2021-09-26 18:00:00,4030.35,25092.29,11841.14,51776.25,61.24
2021-09-26 19:00:00,3070.14,25563.51,11813.24,53452.98,61.24
2021-09-26 20:00:00,1124.92,25562.96,12705.95,52131.62,61.24
2021-09-26 21:00:00,277.12,25595.44,13110.39,49901.51,61.24
2021-09-26 22:00:00,-936.45,25381.41,13075.25,47947.39,61.24
2021-09-26 23:00:00,-1711.67,24802.1,12719.94,45229.24,61.24
2021-09-27 00:00:00,-1943.54,24659.08,12521.61,43314.69,61.24
2021-09-27 01:00:00,-1597.78,24623.01,12684.09,42158.7,61.24
2021-09-27 02:00:00,-2205.49,24041.58,12964.93,41808.06,61.24
2021-09-27 03:00:00,-51.32,23234.94,12682.45,42078.83,61.24
2021-09-27 04:00:00,1611.1,23342.8,12371.8,43624.0,61.24
2021-09-27 05:00:00,1834.36,25766.44,12102.67,47721.88,61.24
2021-09-27 06:00:00,4088.34,28253.21,12666.21,56675.43,61.24
2021-09-27 07:00:00,3985.17,29824.27,13587.75,62223.35,61.24
2021-09-27 08:00:00,3917.48,30169.2,16540.28,65089.96,61.24
2021-09-27 09:00:00,1470.7,30376.35,20758.29,65856.4,61.24
2021-09-27 10:00:00,-86.99,30203.82,25690.08,66546.49,61.24
2021-09-27 11:00:00,-1763.59,29322.13,30307.95,67871.32,61.24
2021-09-27 12:00:00,-4502.35,28783.95,33912.84,67688.9,61.24
2021-09-27 13:00:00,-5351.38,28096.22,35400.24,67051.03,61.24
2021-09-27 14:00:00,-4836.71,28003.54,34471.5,66430.92,61.24
2021-09-27 15:00:00,-4447.2,28466.05,31674.96,65050.25,61.24
2021-09-27 16:00:00,-3988.96,29402.0,27477.53,63672.26,61.24
2021-09-27 17:00:00,-267.29,30574.86,24612.68,63976.74,61.24
2021-09-27 18:00:00,110.5,30891.91,23064.71,64447.38,61.24
2021-09-27 19:00:00,-887.4,30921.7,23072.95,65623.79,61.24
2021-09-27 20:00:00,-2315.45,30764.76,22134.52,62665.36,61.24
2021-09-27 21:00:00,-3565.6,30121.93,21752.23,58296.92,61.24
2021-09-27 22:00:00,-3399.72,28170.34,19752.24,53741.74,61.24
2021-09-27 23:00:00,-2624.16,26012.65,19262.63,49899.94,61.24
2021-09-28 00:00:00,-1062.99,24777.21,18006.86,47589.43,61.24
2021-09-28 01:00:00,-1587.15,24790.73,17315.95,46068.5,61.24
2021-09-28 02:00:00,-647.36,24430.44,16996.65,45443.51,61.24
2021-09-28 03:00:00,41.53,24421.83,15657.89,45116.85,61.24
2021-09-28 04:00:00,1241.28,24991.93,14525.78,46309.97,61.24
2021-09-28 05:00:00,1170.82,27524.7,13940.06,49777.53,61.24
2021-09-28 06:00:00,3169.68,30668.46,14024.75,57535.41,61.24
2021-09-28 07:00:00,2828.22,32268.59,14470.03,62756.76,61.24
2021-09-28 08:00:00,2176.83,32350.07,16586.32,65198.38,61.24
2021-09-28 09:00:00,403.28,32337.86,19519.39,65648.58,61.24
2021-09-28 10:00:00,-152.06,31757.64,22609.31,66355.3,61.24
2021-09-28 11:00:00,-837.18,31585.6,25297.25,67294.26,61.24
2021-09-28 12:00:00,-2329.69,30877.69,27015.99,66620.35,61.24
2021-09-28 13:00:00,-1882.25,30718.05,27536.07,65587.44,61.24
2021-09-28 14:00:00,-1475.15,30881.94,25956.59,64097.86,61.24
2021-09-28 15:00:00,-716.17,31092.41,22595.67,62934.86,61.24
2021-09-28 16:00:00,1399.37,32051.0,18316.34,61511.66,61.24
2021-09-28 17:00:00,5043.44,32122.68,13415.34,62075.08,61.24
2021-09-28 18:00:00,5831.52,32159.62,9955.89,62609.57,61.24
2021-09-28 19:00:00,6988.38,32116.65,9665.23,64139.9,61.24
2021-09-28 20:00:00,6509.21,31483.26,10548.18,61968.0,61.24
2021-09-28 21:00:00,2778.96,30980.35,11994.78,57509.5,61.24
2021-09-28 22:00:00,-210.74,29867.16,13474.75,53029.24,61.24
2021-09-28 23:00:00,-596.37,26903.33,14783.1,49109.57,61.24
2021-09-29 00:00:00,183.73,24695.14,15547.36,46885.96,61.24
2021-09-29 01:00:00,78.69,23511.84,16382.08,45614.32,61.24
2021-09-29 02:00:00,477.54,22285.33,17156.86,44452.59,61.24
2021-09-29 03:00:00,1270.75,21400.23,17923.77,44608.28,61.24
2021-09-29 04:00:00,997.41,21716.32,18674.95,45927.81,61.24
2021-09-29 05:00:00,969.82,24666.94,19618.34,50162.75,61.24
2021-09-29 06:00:00,877.82,28707.65,21058.69,57756.67,61.24
2021-09-29 07:00:00,-799.72,29963.94,22489.53,63268.53,61.24
2021-09-29 08:00:00,-1300.39,30236.01,25090.27,65908.7,61.24
2021-09-29 09:00:00,-2225.8,29849.24,27580.24,66753.06,61.24
2021-09-29 10:00:00,-3158.39,29724.1,29581.4,67819.59,61.24
2021-09-29 11:00:00,-3935.77,29145.52,33271.37,68955.23,61.24
2021-09-29 12:00:00,-4488.93,27069.54,35767.51,68928.69,61.24
2021-09-29 13:00:00,-4279.04,25188.32,37638.45,67630.36,61.24
2021-09-29 14:00:00,-4037.64,23709.08,40002.53,66907.13,61.24
2021-09-29 15:00:00,-5115.64,22719.5,39202.29,66352.72,61.24
2021-09-29 16:00:00,-5346.88,23069.14,38067.37,65164.77,61.24
2021-09-29 17:00:00,-4949.63,23932.3,36561.28,66579.66,61.24
2021-09-29 18:00:00,-6967.52,25144.32,33896.26,66489.42,61.24
2021-09-29 19:00:00,-6333.12,25673.55,34570.01,67689.33,61.24
2021-09-29 20:00:00,-6960.9,24166.79,36043.99,65347.96,61.24
2021-09-29 21:00:00,-7769.25,21417.92,38087.47,61395.75,61.24
2021-09-29 22:00:00,-7143.76,18842.11,38049.5,56988.93,61.24
2021-09-29 23:00:00,-8639.06,17535.15,38250.5,53198.44,61.24
2021-09-30 00:00:00,-10095.08,15411.15,39005.06,49808.58,61.24
2021-09-30 01:00:00,-10230.51,14469.49,39119.05,48308.52,61.24
2021-09-30 02:00:00,-10259.77,14097.1,39486.85,47714.22,61.24
2021-09-30 03:00:00,-10333.17,14311.9,39029.86,48131.1,61.24
2021-09-30 04:00:00,-9907.67,14922.73,38987.45,49152.84,61.24
2021-09-30 05:00:00,-8732.48,16688.72,38743.59,53300.08,61.24
2021-09-30 06:00:00,-8031.04,20788.04,38200.68,60832.08,61.24
2021-09-30 07:00:00,-5719.12,23110.1,37374.06,65348.44,61.24
2021-09-30 08:00:00,-7003.35,23550.39,39533.63,67556.31,61.24
2021-09-30 09:00:00,-8939.32,22713.97,44722.87,68039.33,61.24
2021-09-30 10:00:00,-10352.43,21215.8,50125.39,68866.68,61.24
2021-09-30 11:00:00,-12247.85,21310.66,53593.59,68576.28,61.24
2021-09-30 12:00:00,-12565.1,19898.75,55451.77,67576.02,61.24
2021-09-30 13:00:00,-11751.81,19033.29,54834.05,66640.14,61.24
2021-09-30 14:00:00,-11343.39,19035.68,51281.4,65425.4,61.24
2021-09-30 15:00:00,-8338.28,20397.88,45715.53,64438.78,61.24
2021-09-30 16:00:00,-5683.35,22726.5,38727.38,63666.81,61.24
2021-09-30 17:00:00,-1878.98,25271.5,30587.19,63703.24,61.24
2021-09-30 18:00:00,525.91,26097.68,25142.05,64360.49,61.24
2021-09-30 19:00:00,1656.64,26747.33,25923.43,66121.56,61.24
2021-09-30 20:00:00,-624.06,25591.4,27455.12,63682.74,61.24
2021-09-30 21:00:00,-2874.37,24414.38,28698.99,59506.52,61.24
2021-09-30 22:00:00,-3296.34,21605.74,29150.18,55653.32,61.24
2021-09-30 23:00:00,-4054.72,19652.84,29880.45,52069.4,61.24
2021-10-01 00:00:00,-4904.81,18662.01,30857.82,49105.67,61.24
2021-10-01 01:00:00,-5030.46,17600.88,31582.73,47415.18,61.24
2021-10-01 02:00:00,-3107.12,15770.72,32468.17,47036.14,61.24
2021-10-01 03:00:00,-1186.35,14695.42,32771.74,47510.44,61.24
2021-10-01 04:00:00,-2288.53,15712.51,32992.61,48798.57,61.24
2021-10-01 05:00:00,-2847.16,18533.73,33315.93,52429.15,61.24
2021-10-01 06:00:00,-3233.11,21867.73,34306.89,60358.05,61.24
2021-10-01 07:00:00,-3632.05,23769.66,34900.08,65472.79,61.24
2021-10-01 08:00:00,-4450.12,23451.13,38016.9,67782.35,61.24
2021-10-01 09:00:00,-4769.88,21642.66,42299.08,67439.06,61.24
2021-10-01 10:00:00,-6138.74,20177.97,47762.13,68018.73,61.24
2021-10-01 11:00:00,-7957.85,17903.74,52704.47,67900.39,61.84
2021-10-01 12:00:00,-8383.69,15774.21,55597.54,67285.37,62.04
2021-10-01 13:00:00,-8330.82,14014.32,56305.83,66017.15,62.04
2021-10-01 14:00:00,-8431.72,14095.37,54551.9,64326.34,62.04
2021-10-01 15:00:00,-7143.12,16058.94,48403.17,63078.14,62.04
2021-10-01 16:00:00,-5888.58,21039.79,39935.65,62174.89,62.04
2021-10-01 17:00:00,-3993.98,24125.48,31416.01,62490.52,62.04
2021-10-01 18:00:00,-671.22,24411.04,27398.62,62978.22,62.04
2021-10-01 19:00:00,-313.11,24079.33,29082.55,64861.82,62.04
2021-10-01 20:00:00,-4225.76,23409.81,30853.79,62235.21,62.04
2021-10-01 21:00:00,-4571.29,21951.87,30685.53,58073.25,62.04
2021-10-01 22:00:00,-5201.25,20910.82,28747.49,53926.78,62.04
2021-10-01 23:00:00,-6062.5,20487.09,27361.51,50022.77,62.04
2021-10-02 00:00:00,-6360.88,20129.97,25748.17,47149.29,62.04
2021-10-02 01:00:00,-5017.22,20057.84,23983.13,45181.78,62.04
2021-10-02 02:00:00,-3572.6,19463.06,21464.16,44179.8,62.04
2021-10-02 03:00:00,-2316.51,19291.91,19134.55,43488.53,62.04
2021-10-02 04:00:00,-1647.65,19890.64,17557.06,43035.52,62.04
2021-10-02 05:00:00,-1038.11,20386.16,16744.97,43634.18,62.04
2021-10-02 06:00:00,-1539.63,21280.88,16453.38,45923.06,62.04
2021-10-02 07:00:00,40.27,21548.66,16623.19,48668.61,62.04
2021-10-02 08:00:00,-560.6,21193.35,19270.53,52149.69,62.04
2021-10-02 09:00:00,-1662.87,20561.91,22759.95,54595.93,62.04
2021-10-02 10:00:00,-2035.7,19660.32,28112.47,55788.2,62.04
2021-10-02 11:00:00,-3387.83,18205.82,34387.94,56086.46,62.04
2021-10-02 12:00:00,-6440.98,17061.07,38629.75,55046.96,62.04
2021-10-02 13:00:00,-7338.79,15857.53,40687.28,53570.02,62.04
2021-10-02 14:00:00,-7413.98,14693.57,39022.92,52254.32,62.04
2021-10-02 15:00:00,-4551.38,15194.41,35872.55,51440.16,62.04
2021-10-02 16:00:00,-1393.59,16011.82,31300.04,51477.28,62.04
2021-10-02 17:00:00,-89.78,17996.81,27592.04,52688.84,62.04
2021-10-02 18:00:00,-129.11,17873.47,28329.14,54826.89,62.04
2021-10-02 19:00:00,-5037.48,16829.38,34555.8,56906.72,62.04
2021-10-02 20:00:00,-6673.42,14061.8,38501.85,55047.42,62.04
2021-10-02 21:00:00,-6745.89,11149.13,39686.68,52024.98,62.04
2021-10-02 22:00:00,-8048.56,10082.32,39772.26,50152.5,62.04
2021-10-02 23:00:00,-9492.13,9965.96,40051.66,47783.61,62.04
2021-10-03 00:00:00,-9835.55,9630.58,39690.27,45098.68,62.04
2021-10-03 01:00:00,-10263.56,9472.02,38476.42,43240.79,62.04
2021-10-03 02:00:00,-9804.3,9485.38,37138.69,41950.18,62.04
2021-10-03 03:00:00,-10536.42,9481.77,37131.59,41843.85,62.04
2021-10-03 04:00:00,-10298.31,9153.25,37664.26,41886.71,62.04
2021-10-03 05:00:00,-10523.12,9175.12,37954.24,42630.25,62.04
2021-10-03 06:00:00,-11554.72,9233.11,39925.43,44070.78,62.04
2021-10-03 07:00:00,-9491.07,9238.41,39368.2,45913.22,62.04
2021-10-03 08:00:00,-9724.98,9223.22,43633.48,49575.12,62.04
2021-10-03 09:00:00,-9249.87,9290.95,46706.3,52629.3,62.04
2021-10-03 10:00:00,-9060.86,9386.52,47808.19,54026.58,62.04
2021-10-03 11:00:00,-8574.78,9360.96,48313.03,55918.43,62.04
2021-10-03 12:00:00,-8625.96,9378.96,48380.45,55847.08,62.04
2021-10-03 13:00:00,-7337.39,9326.39,47154.13,54217.16,62.04
2021-10-03 14:00:00,-7347.31,9412.76,45902.34,52636.05,62.04
2021-10-03 15:00:00,-7133.58,9405.19,43180.09,51669.67,62.04
2021-10-03 16:00:00,-5668.96,10899.52,40869.42,51345.9,62.04
2021-10-03 17:00:00,-3483.79,13302.61,37493.2,53511.12,62.04
2021-10-03 18:00:00,-2956.84,14580.99,36108.09,55603.8,62.04
2021-10-03 19:00:00,-4734.94,16034.81,35445.29,57102.4,62.04
2021-10-03 20:00:00,-2948.84,16073.62,33365.56,54086.5,62.04
2021-10-03 21:00:00,-1631.47,15164.55,31886.45,51456.92,62.04
2021-10-03 22:00:00,-3568.9,14353.16,30976.62,50063.66,62.04
2021-10-03 23:00:00,-3582.33,13995.03,29702.77,47112.47,62.04
2021-10-04 00:00:00,-3226.78,13852.79,27733.33,44702.84,62.04
2021-10-04 01:00:00,-252.66,13337.98,25442.17,42935.33,62.04
2021-10-04 02:00:00,1055.95,13147.11,23534.37,41537.7,62.04
2021-10-04 03:00:00,2294.95,14393.99,22022.48,42005.83,62.04
2021-10-04 04:00:00,1687.73,16199.97,21106.29,43362.01,62.04
2021-10-04 05:00:00,587.86,20232.37,20168.03,47447.76,62.04
2021-10-04 06:00:00,3160.84,25115.34,20187.45,56835.18,62.04
2021-10-04 07:00:00,3069.33,27002.26,20066.2,62528.9,62.04
2021-10-04 08:00:00,4025.75,27797.93,21576.67,65454.59,62.04
2021-10-04 09:00:00,3140.33,28249.94,23729.89,66487.36,62.04
2021-10-04 10:00:00,2536.99,28109.3,24532.18,67823.61,62.04
2021-10-04 11:00:00,3062.99,28028.46,24725.41,68065.09,62.04
2021-10-04 12:00:00,3088.47,28083.2,26010.88,67456.83,62.04
2021-10-04 13:00:00,2782.92,27846.29,28429.41,66604.92,62.04
2021-10-04 14:00:00,1284.81,27508.79,29475.23,65324.12,62.04
2021-10-04 15:00:00,380.74,27124.89,28658.57,64461.06,62.04
2021-10-04 16:00:00,752.46,27443.26,25510.24,62891.94,62.04
2021-10-04 17:00:00,5077.23,27801.3,21274.82,63174.52,62.04
2021-10-04 18:00:00,6569.16,28066.12,19474.31,64170.35,62.04
2021-10-04 19:00:00,6025.48,28046.77,20267.54,66103.74,62.04
2021-10-04 20:00:00,2046.08,27933.27,21296.67,62609.62,62.04
2021-10-04 21:00:00,822.12,27049.66,21547.1,58519.96,62.04
2021-10-04 22:00:00,-739.22,25903.22,21043.36,54414.11,62.04
2021-10-04 23:00:00,-753.05,24359.51,20603.32,50386.6,62.04
2021-10-05 00:00:00,927.68,22258.21,19516.97,47414.87,62.04
2021-10-05 01:00:00,2469.88,21299.81,18583.8,45990.17,62.04
2021-10-05 02:00:00,3558.73,20082.19,18020.33,45024.52,62.04
2021-10-05 03:00:00,4742.17,20139.18,17403.3,45294.71,62.04
2021-10-05 04:00:00,5901.21,20315.86,16984.8,46723.28,62.04
2021-10-05 05:00:00,6395.05,22017.13,17352.0,50678.21,62.04
2021-10-05 06:00:00,5583.43,25159.82,17880.72,58688.25,62.04
2021-10-05 07:00:00,5496.37,26254.72,18533.14,64145.54,62.04
2021-10-05 08:00:00,7040.58,26315.12,19594.86,66960.39,62.04
2021-10-05 09:00:00,6735.24,26294.6,21047.77,67485.71,62.04
2021-10-05 10:00:00,7565.66,26295.6,22855.19,68065.28,62.04
2021-10-05 11:00:00,6236.37,26284.94,25757.31,69188.0,62.04
2021-10-05 12:00:00,4614.65,25918.3,28829.56,68861.15,62.04
2021-10-05 13:00:00,2546.59,25483.9,29993.93,67860.06,62.04
2021-10-05 14:00:00,1663.16,25500.26,30412.15,67126.89,62.04
2021-10-05 15:00:00,1996.52,25586.41,29610.05,66818.61,62.04
2021-10-05 16:00:00,1410.62,25661.74,28439.96,65812.99,62.04
2021-10-05 17:00:00,3031.81,25758.22,27090.39,66203.37,62.04
2021-10-05 18:00:00,1623.04,25933.93,26451.4,66947.65,62.04
2021-10-05 19:00:00,-519.48,26072.91,28336.89,67737.83,62.04
2021-10-05 20:00:00,-1275.07,25483.62,29499.44,64612.75,62.04
2021-10-05 21:00:00,-2976.93,23893.68,28838.9,60067.32,62.04
2021-10-05 22:00:00,-3121.24,22367.14,28286.25,55388.48,62.04
2021-10-05 23:00:00,-2976.53,20497.5,29245.05,51885.92,62.04
2021-10-06 00:00:00,-2378.74,18486.92,28950.35,49380.33,62.04
2021-10-06 01:00:00,-2342.75,17250.89,28463.86,47456.95,62.04
2021-10-06 02:00:00,-2435.18,16182.87,28376.65,47089.02,62.04
2021-10-06 03:00:00,-183.92,15244.09,28721.04,47149.61,62.04
2021-10-06 04:00:00,-747.39,16429.02,28897.58,48623.77,62.04
2021-10-06 05:00:00,-1151.21,19166.28,29655.76,52461.93,62.04
2021-10-06 06:00:00,0.7,22668.01,29882.46,59820.25,62.04
2021-10-06 07:00:00,408.71,25169.5,28937.83,65316.55,62.04
2021-10-06 08:00:00,244.14,25802.87,29368.07,67506.8,62.04
2021-10-06 09:00:00,-969.99,25637.18,31631.09,67964.5,62.04
2021-10-06 10:00:00,-2940.47,25669.68,35786.66,69004.6,62.04
2021-10-06 11:00:00,-2618.03,25456.54,37270.63,70229.31,62.04
2021-10-06 12:00:00,-2969.04,25553.77,35812.22,69101.83,62.04
2021-10-06 13:00:00,-407.58,25377.25,34252.8,67842.28,62.04
2021-10-06 14:00:00,1111.07,25444.84,31713.07,66142.09,62.04
2021-10-06 15:00:00,2538.51,25971.09,28237.82,65194.42,62.04
2021-10-06 16:00:00,3369.4,27018.12,23316.0,63639.45,62.04
2021-10-06 17:00:00,6878.64,27897.7,17908.57,63581.98,62.04
2021-10-06 18:00:00,10016.84,28614.88,14320.19,64578.1,62.04
2021-10-06 19:00:00,10852.26,28881.1,13790.07,65881.73,62.04
2021-10-06 20:00:00,8664.58,28722.15,13391.62,62285.21,62.04
2021-10-06 21:00:00,7482.37,28234.83,13038.89,58098.18,62.04
2021-10-06 22:00:00,4854.6,27910.93,12126.57,54270.57,62.04
2021-10-06 23:00:00,3293.36,27547.17,11006.71,50150.28,62.04
2021-10-07 00:00:00,2152.34,27711.91,10171.08,47514.03,62.04
2021-10-07 01:00:00,2577.85,27790.27,9599.83,45706.75,62.04
2021-10-07 02:00:00,3445.04,27468.6,8996.15,44952.23,62.04
2021-10-07 03:00:00,3179.77,27769.72,8374.46,44908.92,62.04
2021-10-07 04:00:00,4172.12,28751.06,7899.46,46471.33,62.04
2021-10-07 05:00:00,4415.63,30307.64,7678.47,50503.25,62.04
2021-10-07 06:00:00,8150.58,31879.49,7683.62,58473.86,62.04
2021-10-07 07:00:00,9884.44,32695.53,7966.35,64151.96,62.04
2021-10-07 08:00:00,10043.5,32663.63,10490.23,66053.13,62.04
2021-10-07 09:00:00,6053.35,32545.48,15250.16,66509.75,62.04
2021-10-07 10:00:00,2830.38,32541.65,20068.05,67329.74,62.04
2021-10-07 11:00:00,1863.96,32171.05,23727.78,68115.66,62.04
2021-10-07 12:00:00,2.24,31976.39,25838.03,67451.09,62.04
2021-10-07 13:00:00,-749.69,32005.12,25892.73,66195.04,62.04
2021-10-07 14:00:00,586.89,31806.68,24072.71,65250.98,62.04
2021-10-07 15:00:00,2223.29,31848.71,20579.15,63998.14,62.04
2021-10-07 16:00:00,4700.13,32372.69,16426.67,62713.9,62.04
2021-10-07 17:00:00,7133.39,32758.66,11939.13,63451.86,62.04
2021-10-07 18:00:00,8593.31,33468.37,9149.8,64353.21,62.04
2021-10-07 19:00:00,8269.45,33500.12,9121.68,65934.58,62.04
2021-10-07 20:00:00,5953.52,32965.05,9621.66,62450.68,62.04
2021-10-07 21:00:00,5027.53,32070.31,10213.17,58094.85,62.04
2021-10-07 22:00:00,2508.11,31407.75,10641.35,53741.25,62.04
2021-10-07 23:00:00,424.79,30190.92,10922.03,50126.49,62.04
2021-10-08 00:00:00,188.88,28694.11,11166.06,47507.77,62.04
2021-10-08 01:00:00,20.44,28281.07,11474.61,45540.89,62.04
2021-10-08 02:00:00,-342.52,27862.85,11565.83,44787.89,62.04
2021-10-08 03:00:00,461.76,27692.64,11300.88,45032.75,62.04
2021-10-08 04:00:00,1471.16,28224.94,11124.51,46626.32,62.04
2021-10-08 05:00:00,1829.37,29394.78,11058.82,50023.55,62.04
2021-10-08 06:00:00,6061.87,31105.65,11085.11,57860.54,62.04
2021-10-08 07:00:00,6105.29,32116.98,11596.02,63001.77,62.04
2021-10-08 08:00:00,4656.72,32348.41,13382.05,65294.44,62.04
2021-10-08 09:00:00,2945.0,32256.82,16991.44,65768.96,62.04
2021-10-08 10:00:00,2743.31,31642.67,21401.48,66461.41,62.04
2021-10-08 11:00:00,479.44,30481.18,25768.41,66810.28,60.45
2021-10-08 12:00:00,-2027.29,29564.75,29183.35,65899.17,59.92
2021-10-08 13:00:00,-3038.69,28779.92,30399.14,63904.88,59.92
2021-10-08 14:00:00,-3186.26,28343.33,29326.15,62370.0,59.92
2021-10-08 15:00:00,-2216.92,28919.71,26369.67,61268.19,59.92
2021-10-08 16:00:00,-266.71,29514.49,21789.84,60030.37,59.92
2021-10-08 17:00:00,3482.1,30656.56,16616.69,60743.97,59.92
2021-10-08 18:00:00,5537.46,30853.53,14957.85,62063.54,59.92
2021-10-08 19:00:00,1710.99,30972.69,17820.07,63637.6,59.92
2021-10-08 20:00:00,-507.02,30307.61,20738.11,60600.2,59.92
2021-10-08 21:00:00,-3155.52,28470.67,21992.56,56933.59,59.92
2021-10-08 22:00:00,-5201.18,26638.32,21753.51,53447.28,59.92
2021-10-08 23:00:00,-4479.97,24405.67,21085.42,49447.74,59.92
2021-10-09 00:00:00,-2378.22,20946.51,19918.5,46007.22,59.92
2021-10-09 01:00:00,-2063.34,20450.36,18884.63,44039.94,59.92
2021-10-09 02:00:00,-1984.51,20508.65,17722.04,43168.09,59.92
2021-10-09 03:00:00,-1463.45,20953.24,16776.04,43070.38,59.92
2021-10-09 04:00:00,-422.95,21343.7,16236.32,43411.94,59.92
2021-10-09 05:00:00,-723.68,21683.58,16460.57,44229.16,59.92
2021-10-09 06:00:00,-560.14,22000.49,16972.76,45915.76,59.92
2021-10-09 07:00:00,-1344.39,22839.04,17738.25,48493.92,59.92
2021-10-09 08:00:00,-2289.67,22835.18,21473.02,52393.13,59.92
2021-10-09 09:00:00,-4602.29,22858.09,26077.69,54437.2,59.92
2021-10-09 10:00:00,-6319.89,22134.73,31121.23,55413.74,59.92
2021-10-09 11:00:00,-7161.94,20983.42,37162.62,56039.78,59.92
2021-10-09 12:00:00,-9644.54,19326.3,41414.0,55373.57,59.92
2021-10-09 13:00:00,-11694.51,19084.72,41543.68,53360.58,59.92
2021-10-09 14:00:00,-10545.86,19092.0,38499.76,51613.28,59.92
2021-10-09 15:00:00,-6669.27,20056.48,33382.03,50444.63,59.92
2021-10-09 16:00:00,-3821.01,22302.05,26314.17,49872.32,59.92
2021-10-09 17:00:00,-335.97,24310.95,18766.63,51903.67,59.92
2021-10-09 18:00:00,476.33,24667.07,16510.7,54126.6,59.92
2021-10-09 19:00:00,-744.17,24677.98,20666.95,56288.6,59.92
2021-10-09 20:00:00,-2706.84,23678.91,23724.83,54082.37,59.92
2021-10-09 21:00:00,-3110.32,22106.42,24582.57,51152.88,59.92
2021-10-09 22:00:00,-3254.16,20903.36,24164.97,49583.26,59.92
2021-10-09 23:00:00,-4421.25,20570.84,23015.71,46379.54,59.92
2021-10-10 00:00:00,-5044.83,20195.82,21114.7,43875.78,59.92
2021-10-10 01:00:00,-4430.74,20550.73,18549.66,42387.18,59.92
2021-10-10 02:00:00,-2918.76,20999.09,16623.56,41446.74,59.92
2021-10-10 03:00:00,-1634.42,21425.26,14894.63,41098.69,59.92
2021-10-10 04:00:00,-165.17,21550.67,13423.3,41165.35,59.92
2021-10-10 05:00:00,-794.89,22267.85,12645.2,41244.62,59.92
2021-10-10 06:00:00,-1282.06,23318.53,12007.39,41465.75,59.92
2021-10-10 07:00:00,-530.83,23637.32,11760.84,43338.18,59.92
2021-10-10 08:00:00,-2539.92,23777.83,15545.9,46506.22,59.92
2021-10-10 09:00:00,-4461.09,23367.36,21973.66,49562.02,59.92
2021-10-10 10:00:00,-5672.76,22336.87,27381.8,51226.24,59.92
2021-10-10 11:00:00,-5757.6,21576.85,31747.55,53025.32,59.92
2021-10-10 12:00:00,-6437.92,20623.13,34475.05,52386.24,59.92
2021-10-10 13:00:00,-8028.37,20035.62,35094.2,49974.56,59.92
2021-10-10 14:00:00,-6538.1,19620.86,32731.04,48170.45,59.92
2021-10-10 15:00:00,-3409.12,19725.85,27760.58,47668.92,59.92
2021-10-10 16:00:00,-1672.94,21544.3,20911.07,47723.11,59.92
2021-10-10 17:00:00,2112.92,24090.69,13493.79,49932.4,59.92
2021-10-10 18:00:00,4883.18,25359.75,10779.85,53214.1,59.92
2021-10-10 19:00:00,4710.72,25454.83,12518.33,55960.34,59.92
2021-10-10 20:00:00,1065.95,25608.04,14594.11,54060.55,59.92
2021-10-10 21:00:00,563.46,24889.67,16153.99,52465.85,59.92
2021-10-10 22:00:00,-390.01,25002.17,16097.38,50971.71,59.92
2021-10-10 23:00:00,-1297.72,24432.15,16543.09,48237.21,59.92
2021-10-11 00:00:00,-1367.2,23117.16,16901.65,45505.07,59.92
2021-10-11 01:00:00,-2125.26,22882.99,17911.99,44072.38,59.92
2021-10-11 02:00:00,-1844.2,22545.55,18339.74,43985.98,59.92
2021-10-11 03:00:00,-1713.03,22467.0,18482.62,44326.12,59.92
2021-10-11 04:00:00,-2020.61,23441.24,18693.03,45716.46,59.92
2021-10-11 05:00:00,-2061.12,25892.75,18368.64,49969.91,59.92
2021-10-11 06:00:00,1595.5,28092.11,18575.26,58364.95,59.92
2021-10-11 07:00:00,4652.86,29092.77,19108.53,64481.92,59.92
2021-10-11 08:00:00,3527.95,29269.57,21551.84,67059.0,59.92
2021-10-11 09:00:00,-376.99,29533.19,25557.48,68038.2,59.92
2021-10-11 10:00:00,-1564.58,29501.23,29243.31,68693.1,59.92
2021-10-11 11:00:00,-3995.22,29489.83,33902.98,69416.05,59.92
2021-10-11 12:00:00,-6043.69,29131.34,37479.4,69556.12,59.92
2021-10-11 13:00:00,-5907.49,28225.7,39026.21,68865.24,59.92
2021-10-11 14:00:00,-5898.89,27286.16,37737.23,67442.07,59.92
2021-10-11 15:00:00,-5645.15,28113.96,34957.72,66049.56,59.92
2021-10-11 16:00:00,-4504.03,29278.75,30411.21,65099.52,59.92
2021-10-11 17:00:00,-1169.57,29882.76,26438.45,65792.86,59.92
2021-10-11 18:00:00,2683.13,30187.67,24505.01,67530.77,59.92
2021-10-11 19:00:00,4.37,30230.77,25534.17,68676.3,59.92
2021-10-11 20:00:00,-2505.81,30119.8,26411.6,65628.85,59.92
2021-10-11 21:00:00,-4455.57,29296.08,26784.84,61609.05,59.92
2021-10-11 22:00:00,-4432.85,27068.83,26039.67,57567.81,59.92
2021-10-11 23:00:00,-6173.01,25208.17,25744.9,53263.64,59.92
2021-10-12 00:00:00,-4499.38,23776.81,25810.7,50898.28,59.92
2021-10-12 01:00:00,-5339.48,23559.33,25099.77,49287.11,59.92
2021-10-12 02:00:00,-5232.49,23054.59,24805.15,48685.74,59.92
2021-10-12 03:00:00,-5113.76,23271.0,24848.42,48882.0,59.92
2021-10-12 04:00:00,-4641.84,24116.55,25144.92,49970.22,59.92
2021-10-12 05:00:00,-4458.85,26391.72,25491.37,53808.01,59.92
2021-10-12 06:00:00,-2837.32,28972.27,25545.75,61405.42,59.92
2021-10-12 07:00:00,-2276.65,31130.54,25733.05,67412.8,59.92
2021-10-12 08:00:00,-2271.33,31924.99,25508.26,69335.56,59.92
2021-10-12 09:00:00,-3034.84,32242.61,26365.25,70124.28,59.92
2021-10-12 10:00:00,-2526.76,32262.68,28030.32,70963.16,59.92
2021-10-12 11:00:00,-3147.61,32138.65,30275.18,71944.33,59.92
2021-10-12 12:00:00,-3616.49,31387.26,32100.08,72014.86,59.92
2021-10-12 13:00:00,-3850.99,30630.07,32752.0,70902.49,59.92
2021-10-12 14:00:00,-4323.01,30512.92,32738.16,69563.38,59.92
2021-10-12 15:00:00,-4275.62,30649.3,31093.45,67955.42,59.92
2021-10-12 16:00:00,-3519.89,31388.08,28040.73,66729.66,59.92
2021-10-12 17:00:00,-866.29,31707.19,23323.97,67427.11,59.92
2021-10-12 18:00:00,-485.48,32334.72,21365.04,68071.69,59.92
2021-10-12 19:00:00,-179.14,32526.44,21139.52,68939.05,59.92
2021-10-12 20:00:00,-2385.94,32436.0,20958.57,65225.96,59.92
2021-10-12 21:00:00,-4049.74,31793.18,20659.98,61287.62,59.92
2021-10-12 22:00:00,-5143.21,30530.95,19639.84,57529.24,59.92
2021-10-12 23:00:00,-5345.87,29267.04,19124.54,53601.88,59.92
2021-10-13 00:00:00,-5187.78,28214.57,18272.53,50474.63,59.92
2021-10-13 01:00:00,-5128.13,28163.25,17230.76,48705.6,59.92
2021-10-13 02:00:00,-4724.86,28169.86,16530.21,48026.88,59.92
2021-10-13 03:00:00,-3844.54,27820.23,16618.5,48680.06,59.92
2021-10-13 04:00:00,-2379.88,27997.63,16466.89,50307.9,59.92
2021-10-13 05:00:00,-2592.2,30109.5,16559.69,53730.22,59.92
2021-10-13 06:00:00,-739.13,32587.64,16922.17,61248.54,59.92
2021-10-13 07:00:00,2406.06,33899.25,17581.51,66954.87,59.92
2021-10-13 08:00:00,1706.2,34362.94,18660.32,68879.08,59.92
2021-10-13 09:00:00,640.76,34460.04,20898.67,69204.89,59.92
2021-10-13 10:00:00,-606.38,34449.92,23682.65,69557.76,59.92
2021-10-13 11:00:00,-2259.57,34328.22,27057.2,70056.92,59.92
2021-10-13 12:00:00,-3391.94,33624.68,29648.38,69496.43,59.92
2021-10-13 13:00:00,-4337.47,33164.49,30337.99,68673.56,59.92
2021-10-13 14:00:00,-5032.73,33354.82,28771.96,66878.94,59.92
2021-10-13 15:00:00,-3290.22,33503.4,26279.08,66252.0,59.04
2021-10-13 16:00:00,-1499.14,33805.99,22179.18,65205.1,58.75
2021-10-13 17:00:00,241.71,34720.21,17503.9,65565.76,58.75
2021-10-13 18:00:00,2330.52,35162.39,16400.8,67504.62,58.75
2021-10-13 19:00:00,1344.09,35070.1,18190.64,68874.8,58.75
2021-10-13 20:00:00,-147.12,33728.46,19322.91,65890.87,58.75
2021-10-13 21:00:00,-2813.7,32480.82,20436.58,61890.4,58.75
2021-10-13 22:00:00,-3664.97,30581.97,20819.2,58379.35,58.75
2021-10-13 23:00:00,-3381.48,27689.08,20361.06,53802.92,58.75
2021-10-14 00:00:00,-4275.21,26568.85,19405.77,50735.28,58.75
2021-10-14 01:00:00,-4818.96,26055.66,19357.99,48752.99,58.75
2021-10-14 02:00:00,-5480.56,25546.52,20129.12,48410.37,58.75
2021-10-14 03:00:00,-5234.7,24866.02,21035.23,48956.35,58.75
2021-10-14 04:00:00,-5499.64,25371.12,20849.76,50754.94,58.75
2021-10-14 05:00:00,-5054.55,27670.45,21201.19,54115.33,58.75
2021-10-14 06:00:00,-3234.3,30670.78,21748.51,61553.11,58.75
2021-10-14 07:00:00,-1359.76,32503.93,22572.59,67302.4,58.75
2021-10-14 08:00:00,-212.89,32815.15,23088.18,69319.36,58.75
2021-10-14 09:00:00,-1726.11,32846.51,25113.25,70303.38,58.75
2021-10-14 10:00:00,-2249.06,32786.72,28299.37,71690.04,58.75
2021-10-14 11:00:00,-2545.5,31819.88,31549.22,72950.5,58.75
2021-10-14 12:00:00,-3126.0,30115.23,33796.76,71934.64,58.75
2021-10-14 13:00:00,-5040.13,29227.88,34746.5,70885.96,58.75
2021-10-14 14:00:00,-5165.34,28917.17,34408.59,68890.48,58.75
2021-10-14 15:00:00,-5192.69,29030.83,33894.53,68472.24,58.75
2021-10-14 16:00:00,-5123.15,29607.46,31799.48,67444.64,58.75
2021-10-14 17:00:00,-4796.6,30669.25,29101.19,67769.85,58.75
2021-10-14 18:00:00,-4937.68,31542.71,28584.05,69576.75,58.75
2021-10-14 19:00:00,-5211.93,31626.15,29871.28,70471.2,58.75
2021-10-14 20:00:00,-5704.66,29766.89,30797.45,66642.81,58.75
2021-10-14 21:00:00,-5837.3,26557.86,31691.22,62319.38,58.75
2021-10-14 22:00:00,-5523.27,24029.05,31509.78,58335.54,58.75
2021-10-14 23:00:00,-6209.46,21717.39,32122.97,54850.99,58.75
2021-10-15 00:00:00,-6574.84,19347.56,32783.63,52379.84,58.75
2021-10-15 01:00:00,-7781.75,19056.25,32977.98,50902.56,58.75
2021-10-15 02:00:00,-7995.07,18594.03,33045.54,50206.66,58.75
2021-10-15 03:00:00,-8238.08,18459.31,33575.44,50675.06,58.75
2021-10-15 04:00:00,-8054.73,18877.61,34717.58,51981.25,58.75
2021-10-15 05:00:00,-8079.35,20604.71,34915.65,54993.24,58.75
2021-10-15 06:00:00,-4964.53,22849.22,36616.41,62378.64,58.75
2021-10-15 07:00:00,-3719.25,25073.49,37594.54,68546.9,58.75
2021-10-15 08:00:00,-4504.73,25135.19,39939.09,71291.21,58.75
2021-10-15 09:00:00,-5036.74,23738.73,43366.95,71757.61,58.75
2021-10-15 10:00:00,-6354.41,22313.43,45820.58,72479.16,58.75
2021-10-15 11:00:00,-7270.83,21795.3,48083.29,72726.07,60.44
2021-10-15 12:00:00,-7845.32,21108.34,49175.94,71208.74,61.01
2021-10-15 13:00:00,-7049.57,20545.08,47317.72,69062.17,61.01
2021-10-15 14:00:00,-7361.04,21334.46,43910.04,66871.3,61.01
2021-10-15 15:00:00,-6891.16,23868.77,39101.78,65715.39,61.01
2021-10-15 16:00:00,-5531.6,25734.74,33380.45,64655.18,61.01
2021-10-15 17:00:00,-2460.24,27766.1,26341.73,64741.25,61.01
2021-10-15 18:00:00,1695.37,27888.67,23204.18,66104.4,61.01
2021-10-15 19:00:00,790.72,27870.03,23361.89,67338.66,61.01
2021-10-15 20:00:00,-1989.0,27687.83,22813.0,63426.44,61.01
2021-10-15 21:00:00,-2896.87,27291.88,22445.89,59805.69,61.01
2021-10-15 22:00:00,-2907.63,26535.28,21177.43,56319.82,61.01
2021-10-15 23:00:00,-3826.46,25440.35,19918.58,52471.41,61.01
2021-10-16 00:00:00,-3505.78,24986.67,18567.91,49595.75,61.01
2021-10-16 01:00:00,-3515.1,25274.31,17561.6,47927.86,61.01
2021-10-16 02:00:00,-3414.52,25356.9,16774.97,46716.53,61.01
2021-10-16 03:00:00,-3435.83,25275.05,16525.55,46902.14,61.01
2021-10-16 04:00:00,-3353.32,25978.73,16145.48,46906.76,61.01
2021-10-16 05:00:00,-3497.18,26206.95,16015.68,47214.73,61.01
2021-10-16 06:00:00,-4107.17,26692.86,15820.51,48940.2,61.01
2021-10-16 07:00:00,-2898.25,27201.09,15471.96,51800.36,61.01
2021-10-16 08:00:00,-3154.95,26981.69,17211.77,54686.4,61.01
2021-10-16 09:00:00,-2736.69,27121.31,20284.84,56964.87,61.01
2021-10-16 10:00:00,-4861.2,26776.3,24371.36,58607.32,61.01
2021-10-16 11:00:00,-4335.12,25627.83,28133.91,59053.25,61.01
2021-10-16 12:00:00,-5303.12,23722.29,30877.43,58623.38,61.01
2021-10-16 13:00:00,-6290.24,23273.01,31772.6,56770.48,61.01
2021-10-16 14:00:00,-6390.64,23191.35,29690.98,55058.88,61.01
2021-10-16 15:00:00,-5505.15,23705.7,26399.09,54265.44,61.01
2021-10-16 16:00:00,-3760.28,26025.56,21577.79,53724.13,61.01
2021-10-16 17:00:00,-869.15,27224.23,16955.95,55338.56,61.01
2021-10-16 18:00:00,2415.12,27481.14,13999.87,57904.94,61.01
2021-10-16 19:00:00,7.8,28004.34,15300.38,58276.97,61.01
2021-10-16 20:00:00,-1782.83,28257.49,16618.33,55081.94,61.01
2021-10-16 21:00:00,-2673.76,27652.62,17451.41,53001.88,61.01
2021-10-16 22:00:00,-4458.42,27401.44,17565.14,50874.41,61.01
2021-10-16 23:00:00,-4723.46,25572.41,18448.24,48159.52,61.01
2021-10-17 00:00:00,-4941.92,23777.19,18959.41,46134.61,61.01
2021-10-17 01:00:00,-4777.49,23167.35,18927.03,44336.25,61.01
2021-10-17 02:00:00,-4696.6,22951.6,18149.02,43268.64,61.01
2021-10-17 03:00:00,-4648.0,22897.13,16929.05,42885.86,61.01
2021-10-17 04:00:00,-4082.03,23892.72,15802.88,42600.8,61.01
2021-10-17 05:00:00,-4577.8,24602.36,15477.83,42720.66,61.01
2021-10-17 06:00:00,-4630.77,24775.03,15295.79,43620.24,61.01
2021-10-17 07:00:00,-4222.9,24980.08,15609.23,45690.66,61.01
2021-10-17 08:00:00,-4634.41,25856.89,16369.67,48340.3,61.01
2021-10-17 09:00:00,-5068.4,26382.69,18563.62,51443.12,61.01
2021-10-17 10:00:00,-5905.14,26291.46,20860.83,53056.77,61.01
2021-10-17 11:00:00,-5742.32,26216.43,23130.15,54919.81,61.01
2021-10-17 12:00:00,-5746.98,25815.16,25028.94,54537.0,61.01
2021-10-17 13:00:00,-6374.58,25154.34,25968.47,52811.08,61.01
2021-10-17 14:00:00,-5749.36,24650.19,24931.47,51289.03,61.01
2021-10-17 15:00:00,-4669.75,25399.04,22061.25,49895.93,61.01
2021-10-17 16:00:00,-4070.96,26174.95,18539.31,50050.26,61.01
2021-10-17 17:00:00,-3102.65,26739.4,15708.78,52351.14,61.01
2021-10-17 18:00:00,-3040.18,26917.77,14969.56,55716.2,61.01
2021-10-17 19:00:00,-3183.67,27083.88,16012.79,56089.63,61.01
2021-10-17 20:00:00,-4230.6,27023.65,17204.54,54181.13,61.01
2021-10-17 21:00:00,-4595.5,26774.59,17239.82,51928.28,61.01
2021-10-17 22:00:00,-5239.24,26189.22,16869.46,50815.49,61.01
2021-10-17 23:00:00,-4889.04,25320.92,16345.64,48403.84,61.01
2021-10-18 00:00:00,-5168.01,24764.42,16404.49,45896.25,61.01
2021-10-18 01:00:00,-5306.67,24891.84,16812.8,44419.45,61.01
2021-10-18 02:00:00,-4836.96,24453.24,16501.49,43965.39,61.01
2021-10-18 03:00:00,-4262.18,24531.39,16281.26,44623.06,61.01
2021-10-18 04:00:00,-3498.38,25486.47,16268.81,46565.36,61.01
2021-10-18 05:00:00,-2736.63,26971.37,16052.52,49874.0,61.01
2021-10-18 06:00:00,-35.89,29007.17,16053.8,57885.3,61.01
2021-10-18 07:00:00,2213.84,30345.01,16410.09,63960.42,61.01
2021-10-18 08:00:00,490.8,31063.38,17885.72,66585.16,61.01
2021-10-18 09:00:00,-1948.56,31791.89,21040.46,67548.16,61.01
2021-10-18 10:00:00,-2572.65,31590.12,23559.55,68632.39,61.01
2021-10-18 11:00:00,-2779.5,31465.14,25756.36,69194.06,61.01
2021-10-18 12:00:00,-4528.62,31107.84,28896.39,68530.42,61.01
2021-10-18 13:00:00,-5035.73,30886.77,29792.71,67451.37,61.01
2021-10-18 14:00:00,-4657.86,30277.76,29497.19,65653.21,61.01
2021-10-18 15:00:00,-3140.5,30330.27,25485.17,64971.88,61.01
2021-10-18 16:00:00,-885.65,30754.26,20235.1,63956.05,61.01
2021-10-18 17:00:00,1783.18,31306.76,16118.93,64116.49,61.01
2021-10-18 18:00:00,2132.26,31496.67,16056.96,66630.51,61.01
2021-10-18 19:00:00,1387.19,31338.83,18439.51,67614.11,61.01
2021-10-18 20:00:00,-1169.94,30385.84,21110.09,64544.54,61.01
2021-10-18 21:00:00,-1483.81,27655.91,22557.74,61306.4,61.01
2021-10-18 22:00:00,-3483.7,26136.79,22860.38,57463.53,61.01
2021-10-18 23:00:00,-4392.85,25348.46,22182.04,53002.26,61.01
2021-10-19 00:00:00,-5665.05,24078.72,22234.56,50121.4,61.01
2021-10-19 01:00:00,-4042.32,23197.89,21793.34,48688.48,61.01
2021-10-19 02:00:00,-4291.56,23109.46,21302.72,47874.62,61.01
2021-10-19 03:00:00,-4224.62,23137.24,21353.76,48100.39,61.01
2021-10-19 04:00:00,-3612.91,23635.73,22029.36,49659.07,61.01
2021-10-19 05:00:00,-4015.16,25234.73,22394.31,53047.27,61.01
2021-10-19 06:00:00,-4126.79,27543.41,23532.03,60200.92,61.01
2021-10-19 07:00:00,-4173.59,29081.3,24689.76,66303.49,61.01
2021-10-19 08:00:00,-4117.27,29581.8,26238.22,69017.12,61.01
2021-10-19 09:00:00,-4355.0,29715.15,28307.0,69810.54,61.01
2021-10-19 10:00:00,-4312.88,29956.14,29526.04,71057.05,61.01
2021-10-19 11:00:00,-3301.42,30073.9,31431.68,72178.22,61.01
2021-10-19 12:00:00,-2852.06,29436.25,33052.65,71514.39,61.01
2021-10-19 13:00:00,-3454.62,28967.06,33641.24,70798.96,61.01
2021-10-19 14:00:00,-3100.39,28199.31,33643.82,69559.05,61.01
2021-10-19 15:00:00,-4648.41,28111.75,33199.05,68453.01,61.01
2021-10-19 16:00:00,-5572.25,28378.36,32702.12,67513.79,61.01
2021-10-19 17:00:00,-6321.83,28498.11,32562.18,68178.69,61.01
2021-10-19 18:00:00,-6829.09,28255.22,33986.64,70177.06,61.01
2021-10-19 19:00:00,-6313.7,26635.36,35998.0,70890.23,61.01
2021-10-19 20:00:00,-6155.01,23672.48,37552.47,66840.23,61.01
2021-10-19 21:00:00,-5964.95,21031.52,39410.33,63208.73,61.01
2021-10-19 22:00:00,-7447.5,18753.95,39315.71,59296.54,61.01
2021-10-19 23:00:00,-7587.02,16048.55,39310.87,55167.21,61.01
2021-10-20 00:00:00,-5484.05,12629.33,39456.97,52289.8,61.01
2021-10-20 01:00:00,-5546.8,11883.13,38608.08,50544.27,61.01
2021-10-20 02:00:00,-6033.86,11834.13,38827.64,49889.1,61.01
2021-10-20 03:00:00,-4604.58,11099.87,38533.4,49848.9,61.01
2021-10-20 04:00:00,-3880.12,11117.37,38573.04,51394.47,61.01
2021-10-20 05:00:00,-3537.38,12054.07,40423.91,55500.73,61.01
2021-10-20 06:00:00,-4573.71,15016.8,43553.4,62970.93,61.01
2021-10-20 07:00:00,-5193.65,16130.48,43883.19,68599.24,61.01
2021-10-20 08:00:00,-5487.92,16683.98,45396.71,70698.37,61.01
2021-10-20 09:00:00,-6717.68,16513.38,50072.32,71020.88,61.01
2021-10-20 10:00:00,-8858.05,16093.11,54987.58,71744.16,61.01
2021-10-20 11:00:00,-9042.43,15239.93,58810.33,72635.92,61.01
2021-10-20 12:00:00,-9648.91,13464.15,60465.24,72756.69,61.01
2021-10-20 13:00:00,-9821.11,13343.85,59136.74,72096.08,61.01
2021-10-20 14:00:00,-9419.1,14105.09,56631.95,70449.98,61.01
2021-10-20 15:00:00,-9033.13,15930.39,54778.0,69999.18,61.01
2021-10-20 16:00:00,-9369.98,16444.58,51426.6,68817.47,61.01
2021-10-20 17:00:00,-7538.8,16610.89,48934.42,69946.93,61.01
2021-10-20 18:00:00,-6171.74,16460.91,47066.58,71919.58,61.01
2021-10-20 19:00:00,-6166.23,16402.7,46124.62,71444.64,61.01
2021-10-20 20:00:00,-7213.68,16135.0,46005.63,67066.88,61.01
2021-10-20 21:00:00,-7769.35,15802.56,45319.87,63218.77,61.01
2021-10-20 22:00:00,-7784.35,15341.88,42701.48,59746.98,61.01
2021-10-20 23:00:00,-7413.42,14462.93,40706.22,55738.84,61.01
2021-10-21 00:00:00,-6362.22,13955.09,39118.98,52531.35,61.01
2021-10-21 01:00:00,-5114.66,13100.92,38438.58,50254.82,61.01
2021-10-21 02:00:00,-4918.09,12230.03,36644.24,49603.49,61.01
2021-10-21 03:00:00,-4086.59,12088.79,35771.04,50037.01,61.01
2021-10-21 04:00:00,-3646.71,12224.36,37836.54,51728.45,61.01
2021-10-21 05:00:00,-3843.13,12773.8,41423.56,55723.24,61.01
2021-10-21 06:00:00,-8410.79,15002.21,47057.87,63575.11,61.01
2021-10-21 07:00:00,-8952.58,15793.28,49465.5,70061.06,61.01
2021-10-21 08:00:00,-9594.93,15941.46,50354.2,73066.91,61.01
2021-10-21 09:00:00,-8527.47,15909.35,52879.09,73195.12,61.01
2021-10-21 10:00:00,-9423.13,15708.01,56567.48,73628.39,61.01
2021-10-21 11:00:00,-10224.9,15398.15,60670.74,74627.8,61.01
2021-10-21 12:00:00,-10632.17,13656.35,63143.0,74424.95,61.01
2021-10-21 13:00:00,-9968.62,12084.25,63752.63,73234.2,61.01
2021-10-21 14:00:00,-9286.85,11643.39,63178.22,71869.04,61.01
2021-10-21 15:00:00,-8573.94,11996.67,59731.62,70871.82,61.01
2021-10-21 16:00:00,-8793.35,14093.85,54391.32,68974.55,61.01
2021-10-21 17:00:00,-8053.59,16163.55,48885.86,69258.6,61.01
2021-10-21 18:00:00,-5873.63,16576.22,46659.97,70854.0,61.01
2021-10-21 19:00:00,-5223.34,17127.61,43752.17,70356.54,61.01
2021-10-21 20:00:00,-5157.63,16575.15,41357.5,66673.98,61.01
2021-10-21 21:00:00,-5145.23,16921.96,40589.99,62944.6,61.01
2021-10-21 22:00:00,-4359.83,16984.47,38775.54,59695.7,61.01
2021-10-21 23:00:00,-5404.86,16456.95,37871.03,55900.8,61.01
2021-10-22 00:00:00,-4585.84,15541.82,37215.96,52994.23,61.01
2021-10-22 01:00:00,-5811.08,15211.88,36989.75,51663.18,61.01
2021-10-22 02:00:00,-5320.44,14440.73,37376.83,50796.96,61.01
2021-10-22 03:00:00,-5317.6,14370.27,37891.55,51128.74,61.01
2021-10-22 04:00:00,-4279.36,14841.0,38549.47,52672.75,61.01
2021-10-22 05:00:00,-4566.56,15581.32,39667.96,55740.24,61.01
2021-10-22 06:00:00,-3946.36,16623.44,42247.66,62382.48,61.01
2021-10-22 07:00:00,-3676.95,17778.65,43294.17,68214.98,61.01
2021-10-22 08:00:00,-5398.63,18308.26,44956.28,71157.84,61.01
2021-10-22 09:00:00,-7053.06,17843.06,49323.15,71908.11,61.01
2021-10-22 10:00:00,-9012.78,16815.87,55877.01,72705.08,61.01
2021-10-22 11:00:00,-10182.86,15057.54,60673.29,72781.36,59.88
2021-10-22 12:00:00,-9949.61,13131.35,62679.74,72605.08,59.5
2021-10-22 13:00:00,-8988.83,12458.87,61290.5,70976.77,59.5
2021-10-22 14:00:00,-9183.08,12532.2,59751.6,69347.78,59.5
2021-10-22 15:00:00,-8432.58,12981.78,56436.95,68038.76,59.5
2021-10-22 16:00:00,-8616.25,15448.45,52004.51,67450.68,59.5
2021-10-22 17:00:00,-6425.72,17350.48,46117.05,67530.46,59.5
2021-10-22 18:00:00,-4584.72,17973.64,43490.26,69311.79,59.5
2021-10-22 19:00:00,-4256.29,17895.59,42568.32,68697.75,59.5
2021-10-22 20:00:00,-4245.26,17868.8,41318.13,64941.19,59.5
2021-10-22 21:00:00,-4731.0,17560.24,40062.75,61242.23,59.5
2021-10-22 22:00:00,-5540.39,17327.19,38355.33,58010.6,59.5
2021-10-22 23:00:00,-4483.49,16139.86,37366.15,54456.09,59.5
2021-10-23 00:00:00,-7356.19,16523.77,36654.01,50995.0,59.5
2021-10-23 01:00:00,-7459.3,16950.7,35400.73,49280.4,59.5
2021-10-23 02:00:00,-6895.78,17031.75,34586.48,48155.94,59.5
2021-10-23 03:00:00,-6502.42,17514.21,33968.59,47822.91,59.5
2021-10-23 04:00:00,-6820.09,18132.9,32773.18,48607.6,59.5
2021-10-23 05:00:00,-7334.39,19423.06,30323.21,49091.16,59.5
2021-10-23 06:00:00,-6046.29,19533.73,28500.4,50639.41,59.5
2021-10-23 07:00:00,-4930.92,20901.46,26478.11,52629.62,59.5
2021-10-23 08:00:00,-3675.1,21586.15,26647.63,55718.83,59.5
2021-10-23 09:00:00,-5055.84,21846.66,29189.65,58606.3,59.5
2021-10-23 10:00:00,-6350.0,21720.57,32989.5,59730.88,59.5
2021-10-23 11:00:00,-7794.82,21287.66,36293.15,60154.18,59.5
2021-10-23 12:00:00,-8683.82,20743.64,36215.62,59131.6,59.5
2021-10-23 13:00:00,-7938.48,21164.62,33298.13,56913.08,59.5
2021-10-23 14:00:00,-7231.71,22556.11,29275.89,55158.97,59.5
2021-10-23 15:00:00,-4715.65,23446.15,24556.1,53819.26,59.5
2021-10-23 16:00:00,-2124.71,24493.38,19516.22,53710.18,59.5
2021-10-23 17:00:00,425.76,25996.5,14956.24,55256.22,59.5
2021-10-23 18:00:00,670.99,27118.59,13657.56,57828.5,59.5
2021-10-23 19:00:00,-422.62,27289.71,14617.16,58017.73,59.5
2021-10-23 20:00:00,-2977.82,27134.75,15750.82,54828.5,59.5
2021-10-23 21:00:00,-4875.67,25920.03,16212.93,52112.91,59.5
2021-10-23 22:00:00,-5516.72,25171.0,16995.74,50167.39,59.5
2021-10-23 23:00:00,-5666.68,23804.38,18071.5,47481.18,59.5
2021-10-24 00:00:00,-5675.3,20074.7,18524.92,44975.26,59.5
2021-10-24 01:00:00,-5017.84,19275.47,18910.48,42441.4,59.5
2021-10-24 02:00:00,-5273.24,18869.76,19314.12,41785.6,59.5
2021-10-24 03:00:00,-3789.0,18830.09,20240.28,41858.2,59.5
2021-10-24 04:00:00,-3172.09,19021.81,20657.49,42200.62,59.5
2021-10-24 05:00:00,-3717.69,18839.15,21182.32,42092.36,59.5
2021-10-24 06:00:00,-5605.84,18626.76,22092.69,42944.74,59.5
2021-10-24 07:00:00,-5519.32,18204.47,22668.2,44537.47,59.5
2021-10-24 08:00:00,-6227.89,18542.53,25094.04,47519.9,59.5
2021-10-24 09:00:00,-7120.1,18215.07,31484.15,51001.97,59.5
2021-10-24 10:00:00,-9188.46,17675.15,36160.66,53425.55,59.5
2021-10-24 11:00:00,-10122.04,17148.12,39322.97,54696.92,59.5
2021-10-24 12:00:00,-10181.29,15793.55,41988.11,53797.68,59.5
2021-10-24 13:00:00,-11480.37,13859.6,42548.25,51799.02,59.5
2021-10-24 14:00:00,-10074.64,13154.14,39394.31,50206.84,59.5
2021-10-24 15:00:00,-7264.9,15042.56,33973.96,49605.13,59.5
2021-10-24 16:00:00,-5547.99,17681.7,26688.69,49556.58,59.5
2021-10-24 17:00:00,-4392.46,20635.98,20508.59,52350.26,59.5
2021-10-24 18:00:00,-4571.54,21853.05,22800.32,57845.42,59.5
2021-10-24 19:00:00,-5770.39,21538.61,27265.55,58879.43,59.5
2021-10-24 20:00:00,-5462.24,19934.6,29364.16,56250.1,59.5
2021-10-24 21:00:00,-5994.74,19052.52,30171.39,54479.7,59.5
2021-10-24 22:00:00,-5586.06,18473.87,30009.95,53969.12,59.5
2021-10-24 23:00:00,-5754.21,18296.89,29320.29,51442.2,59.5
2021-10-25 00:00:00,-7219.26,19731.85,28187.92,48928.25,59.5
2021-10-25 01:00:00,-6526.44,20181.49,26662.63,46665.94,59.5
2021-10-25 02:00:00,-5785.93,20361.5,25341.5,46216.6,59.5
2021-10-25 03:00:00,-5131.17,20636.69,24256.3,46756.74,59.5
2021-10-25 04:00:00,-4365.72,20591.28,23870.12,48708.76,59.5
2021-10-25 05:00:00,-5659.54,22383.85,24026.85,52699.97,59.5
2021-10-25 06:00:00,-4331.1,25958.69,24537.66,61098.74,59.5
2021-10-25 07:00:00,-2462.49,28448.01,24528.65,67059.36,59.5
2021-10-25 08:00:00,-2653.42,28766.39,25479.31,69704.19,59.5
2021-10-25 09:00:00,-3550.96,28779.39,28100.68,70143.24,59.5
2021-10-25 10:00:00,-5016.96,28872.69,30788.24,69824.77,59.5
2021-10-25 11:00:00,-4926.62,28865.83,32237.44,70056.0,59.5
2021-10-25 12:00:00,-5306.2,29071.7,32416.24,68719.36,59.5
2021-10-25 13:00:00,-5410.87,29072.48,31520.29,67643.97,59.5
2021-10-25 14:00:00,-4558.82,29186.4,29076.95,66258.17,59.5
2021-10-25 15:00:00,-2070.32,29800.11,25311.51,65448.79,59.5
2021-10-25 16:00:00,-14.55,30295.33,21461.94,64630.54,59.5
2021-10-25 17:00:00,-114.57,30792.31,18878.68,65900.08,59.5
2021-10-25 18:00:00,-58.65,31000.36,19512.78,68606.25,59.5
2021-10-25 19:00:00,-1273.55,31110.1,20956.6,68532.0,59.5
2021-10-25 20:00:00,-1705.12,30531.14,22412.73,65071.92,59.5
2021-10-25 21:00:00,-1916.18,28977.85,22914.52,61952.88,59.5
2021-10-25 22:00:00,-4185.08,28218.43,22089.22,58422.1,59.5
2021-10-25 23:00:00,-4876.28,27106.61,22340.64,54500.07,59.5
2021-10-26 00:00:00,-4473.03,25559.08,21210.37,52009.84,59.5
2021-10-26 01:00:00,-5687.48,25298.2,21328.5,49282.0,59.5
2021-10-26 02:00:00,-5558.35,25037.26,21132.2,48734.24,59.5
2021-10-26 03:00:00,-4972.34,24957.89,20703.03,49194.95,59.5
2021-10-26 04:00:00,-4867.64,25587.65,20064.74,50287.84,59.5
2021-10-26 05:00:00,-4464.79,27009.26,19923.46,53605.13,59.5
2021-10-26 06:00:00,-2310.32,28672.2,20209.34,61595.29,59.5
2021-10-26 07:00:00,-1339.84,29739.39,21006.03,67422.11,59.5
2021-10-26 08:00:00,-769.22,30003.21,22061.11,69916.3,59.5
2021-10-26 09:00:00,-2156.95,30061.47,24058.54,70405.45,59.5
2021-10-26 10:00:00,-2877.38,29918.41,26640.63,71028.58,59.5
2021-10-26 11:00:00,-1974.6,29578.42,30943.92,71716.77,59.5
2021-10-26 12:00:00,-3409.51,27747.41,34391.05,71803.58,59.5
2021-10-26 13:00:00,-3984.24,26891.22,35248.39,70934.83,59.5
2021-10-26 14:00:00,-4402.13,26792.77,34428.07,70118.82,59.5
2021-10-26 15:00:00,-4873.7,27833.14,31132.57,68003.41,59.5
2021-10-26 16:00:00,-2179.59,27812.55,27761.31,67179.3,59.5
2021-10-26 17:00:00,-1259.02,28528.36,24600.47,67725.03,59.5
2021-10-26 18:00:00,-2178.21,28872.28,25230.94,69699.17,59.5
2021-10-26 19:00:00,-2673.72,28237.57,27773.92,69826.78,59.5
2021-10-26 20:00:00,-4964.98,27229.94,29694.83,66738.51,59.5
2021-10-26 21:00:00,-4737.95,24751.44,31439.69,63508.02,59.5
2021-10-26 22:00:00,-5017.64,22278.51,31249.89,60317.88,59.5
2021-10-26 23:00:00,-6091.48,21219.4,31601.74,56280.84,59.5
2021-10-27 00:00:00,-5531.24,19953.97,30714.06,52866.53,59.5
2021-10-27 01:00:00,-5927.38,19442.49,30492.41,50922.46,59.5
2021-10-27 02:00:00,-5152.85,18984.47,29820.96,49612.48,59.5
2021-10-27 03:00:00,-4309.61,19024.44,29176.82,50135.76,59.5
2021-10-27 04:00:00,-3793.3,20203.97,28563.21,51951.76,59.5
2021-10-27 05:00:00,-3364.9,22121.27,28263.09,55506.86,59.5
2021-10-27 06:00:00,-3503.9,24876.28,28853.03,62946.58,59.5
2021-10-27 07:00:00,-2499.28,25825.66,28875.26,69422.07,59.5
2021-10-27 08:00:00,-2175.98,25981.93,30058.97,71616.75,59.5
2021-10-27 09:00:00,-1036.35,25748.01,32604.98,72084.36,59.5
2021-10-27 10:00:00,-4446.66,25696.64,35819.89,72808.04,59.5
2021-10-27 11:00:00,-4651.7,25539.38,38362.15,73098.77,59.5
2021-10-27 12:00:00,-4821.46,25302.28,39537.16,72041.61,59.5
2021-10-27 13:00:00,-4620.77,25433.14,39927.37,70538.21,59.5
2021-10-27 14:00:00,-4525.01,25913.22,38352.71,69039.85,59.5
2021-10-27 15:00:00,-2609.83,26346.85,35166.3,68213.1,59.5
2021-10-27 16:00:00,-3426.64,27071.79,30849.66,66944.79,59.5
2021-10-27 17:00:00,-1489.74,28118.1,26560.0,67855.93,59.5
2021-10-27 18:00:00,-131.54,28670.23,25413.4,70530.54,59.5
2021-10-27 19:00:00,-1215.03,28611.31,25566.04,70259.76,59.5
2021-10-27 20:00:00,-2431.24,28538.65,25728.62,66566.8,59.5
2021-10-27 21:00:00,-2455.5,27779.79,25024.57,62831.89,59.5
2021-10-27 22:00:00,-2891.0,26449.61,24060.98,59418.41,59.5
2021-10-27 23:00:00,-3017.67,25581.84,23729.64,55488.69,59.5
2021-10-28 00:00:00,-3526.51,25686.73,23397.37,52321.26,59.5
2021-10-28 01:00:00,-3657.86,25389.9,22758.26,51043.36,59.5
2021-10-28 02:00:00,-3834.53,25620.37,22235.52,50216.25,59.5
2021-10-28 03:00:00,-3277.53,25532.78,21423.64,50566.28,59.5
2021-10-28 04:00:00,-2018.9,25632.97,21127.86,51483.12,59.5
2021-10-28 05:00:00,-1965.78,26832.22,20994.06,54477.87,59.5
2021-10-28 06:00:00,104.55,28641.83,21855.4,61757.43,59.5
2021-10-28 07:00:00,967.11,29353.34,22343.96,67857.44,59.5
2021-10-28 08:00:00,1136.81,29177.16,23663.73,70086.24,59.5
2021-10-28 09:00:00,-1922.07,29015.24,26495.17,70270.06,59.5
2021-10-28 10:00:00,-2790.12,28329.05,29329.34,69913.11,59.5
2021-10-28 11:00:00,-2388.92,27845.55,31427.12,70152.0,59.5
2021-10-28 12:00:00,-3200.1,27154.36,33627.39,69140.39,59.5
2021-10-28 13:00:00,-3497.52,26826.06,34596.46,68113.97,59.5
2021-10-28 14:00:00,-3047.45,26824.67,32991.49,66441.49,59.5
2021-10-28 15:00:00,-2296.56,27378.57,29202.74,65257.19,59.5
2021-10-28 16:00:00,-328.04,27949.06,24080.67,64226.7,59.5
2021-10-28 17:00:00,548.35,28335.0,21512.48,65905.16,59.5
2021-10-28 18:00:00,-1755.99,28201.04,26032.76,69743.25,59.5
2021-10-28 19:00:00,-3423.09,27478.59,29652.13,70886.9,59.5
2021-10-28 20:00:00,-3923.92,26305.76,31002.48,67113.42,59.5
2021-10-28 21:00:00,-2886.75,24479.39,31188.32,63873.25,59.5
2021-10-28 22:00:00,-3534.58,23272.95,30242.35,60371.1,59.5
2021-10-28 23:00:00,-3078.3,21421.03,29388.85,56153.21,59.5
2021-10-29 00:00:00,-2322.79,21065.47,28428.34,53333.19,59.5
2021-10-29 01:00:00,-3030.24,20467.29,27499.97,51088.44,59.5
2021-10-29 02:00:00,-2858.55,20023.1,26963.49,49833.83,59.5
2021-10-29 03:00:00,-2314.49,20052.52,27174.79,50468.04,59.5
2021-10-29 04:00:00,-956.81,20411.74,27455.12,52151.69,59.5
2021-10-29 05:00:00,-1148.51,20765.4,27209.58,55207.87,59.5
2021-10-29 06:00:00,-1178.1,22736.45,27219.95,61469.82,59.5
2021-10-29 07:00:00,-2998.37,24755.83,27268.39,67257.21,59.5
2021-10-29 08:00:00,-1652.52,25456.91,28300.17,70065.04,59.5
2021-10-29 09:00:00,-2331.06,25741.56,31325.95,70585.67,59.5
2021-10-29 10:00:00,-3724.23,25406.32,33976.06,70575.28,59.5
2021-10-29 11:00:00,-2686.31,24807.06,36165.51,69933.43,59.42
2021-10-29 12:00:00,-3054.13,23831.15,37632.6,68686.54,59.4
2021-10-29 13:00:00,-3889.78,23532.34,38326.38,66806.4,59.4
2021-10-29 14:00:00,-3704.18,23607.48,37335.28,64722.13,59.4
2021-10-29 15:00:00,-3650.13,24217.46,34802.78,63463.33,59.4
2021-10-29 16:00:00,-3835.1,24792.45,31047.05,63376.55,59.4
2021-10-29 17:00:00,-4183.38,25217.43,28750.83,64712.07,59.4
2021-10-29 18:00:00,-4473.87,25144.51,31126.38,68126.08,59.4
2021-10-29 19:00:00,-4501.99,24598.79,32820.23,67865.48,59.4
2021-10-29 20:00:00,-4952.92,23500.58,33317.1,63757.18,59.4
2021-10-29 21:00:00,-4497.41,21753.76,32786.44,60017.93,59.4
2021-10-29 22:00:00,-6052.76,20904.93,31056.28,56379.09,59.4
2021-10-29 23:00:00,-6011.7,19603.11,29777.35,52550.08,59.4
2021-10-30 00:00:00,-4997.37,19057.27,28712.39,49636.74,59.4
2021-10-30 01:00:00,-4668.73,18980.05,27535.38,47874.1,59.4
2021-10-30 02:00:00,-3888.75,18121.24,26952.99,46314.62,59.4
2021-10-30 03:00:00,-2632.24,16450.83,26488.76,46173.17,59.4
2021-10-30 04:00:00,-42.57,15324.76,24826.31,45882.04,59.4
2021-10-30 05:00:00,738.25,15827.85,23238.25,46017.58,59.4
2021-10-30 06:00:00,-229.3,17058.89,23195.34,47424.06,59.4
2021-10-30 07:00:00,-97.48,18083.86,23622.94,50559.72,59.4
2021-10-30 08:00:00,-1652.62,18765.26,25590.88,54175.6,59.4
2021-10-30 09:00:00,-4020.96,18832.91,30086.7,56802.83,59.4
2021-10-30 10:00:00,-5235.55,18782.01,34174.55,58365.38,59.4
2021-10-30 11:00:00,-6394.93,18743.15,36567.14,58985.45,59.4
2021-10-30 12:00:00,-6608.98,18585.15,37680.07,58909.4,59.4
2021-10-30 13:00:00,-7105.77,18563.18,36439.43,57498.14,59.4
2021-10-30 14:00:00,-6693.35,18823.5,33993.74,55898.03,59.4
2021-10-30 15:00:00,-6001.63,19186.02,32478.55,55196.49,59.4
2021-10-30 16:00:00,-4854.77,19333.99,31139.57,55888.64,59.4
2021-10-30 17:00:00,-5500.97,19962.45,31001.54,58624.13,59.4
2021-10-30 18:00:00,-6038.61,20252.09,31966.58,61629.33,59.4
2021-10-30 19:00:00,-6278.21,19571.2,32278.33,60035.02,59.4
2021-10-30 20:00:00,-6490.63,18452.96,32155.42,56636.45,59.4
2021-10-30 21:00:00,-5970.81,17787.52,31915.6,53210.79,59.4
2021-10-30 22:00:00,-6679.91,17107.14,30600.47,50937.95,59.4
2021-10-30 23:00:00,-6889.04,16408.9,29573.88,47806.0,59.4
2021-10-31 00:00:00,-6826.79,14931.91,28057.06,45159.49,59.4
2021-10-31 01:00:00,-6838.25,14779.15,27053.08,43008.28,59.4
2021-10-31 02:00:00,-4914.74,14345.08,25412.64,41807.5,59.4
2021-10-31 02:00:00,-3524.09,13909.81,23764.93,41221.01,59.4
2021-10-31 03:00:00,-3648.46,14223.79,22467.2,41140.88,59.4
2021-10-31 04:00:00,-2954.6,14336.85,21394.73,41328.14,59.4
2021-10-31 05:00:00,-2291.57,14357.5,20429.58,41541.23,59.4
2021-10-31 06:00:00,-2804.55,14461.7,20220.21,42872.96,59.4
2021-10-31 07:00:00,-2787.83,14749.38,21043.33,45151.97,59.4
2021-10-31 08:00:00,-2634.65,14653.78,25302.63,48192.32,59.4
2021-10-31 09:00:00,-2991.3,13757.29,29956.54,50534.02,59.4
2021-10-31 10:00:00,-4574.25,13126.58,33463.78,52056.07,59.4
2021-10-31 11:00:00,-5206.14,12790.08,35823.14,53192.25,59.4
2021-10-31 12:00:00,-5313.4,12495.04,37456.24,52674.16,59.4
2021-10-31 13:00:00,-6630.78,11652.3,37461.29,51640.35,59.4
2021-10-31 14:00:00,-5417.51,11570.67,34890.87,50543.8,59.4
2021-10-31 15:00:00,-5567.65,12877.84,32728.2,50013.62,59.4
2021-10-31 16:00:00,-5926.63,14708.03,33357.71,51637.2,59.4
2021-10-31 17:00:00,-7839.08,15452.99,37789.72,56888.94,59.4
2021-10-31 18:00:00,-8985.35,14948.11,40467.61,58050.62,59.4
2021-10-31 19:00:00,-8725.7,13828.11,40410.6,56484.46,59.4
2021-10-31 20:00:00,-8285.48,12397.01,40716.23,54410.38,59.4
2021-10-31 21:00:00,-7720.85,11547.36,39643.12,52971.24,59.4
2021-10-31 22:00:00,-7183.44,11174.73,38376.53,51833.22,59.4
2021-10-31 23:00:00,-6734.4,10528.92,36154.76,48622.17,59.4
2021-11-01 00:00:00,-5179.43,11892.31,34074.48,45825.19,59.4
2021-11-01 01:00:00,-2740.74,11503.67,31636.2,44131.72,59.4
2021-11-01 02:00:00,-2406.81,11350.54,29855.07,43208.25,59.4
2021-11-01 03:00:00,-672.68,11282.64,29416.28,43211.68,59.4
2021-11-01 04:00:00,-209.33,11377.45,28828.47,44070.84,59.4
2021-11-01 05:00:00,724.62,11667.52,29611.9,46041.2,59.4
2021-11-01 06:00:00,196.64,13542.61,30164.36,49882.1,59.4
2021-11-01 07:00:00,-3864.51,15748.12,31416.1,53040.92,59.4
2021-11-01 08:00:00,-3907.96,17142.47,32864.36,56118.88,59.4
2021-11-01 09:00:00,-3085.5,16675.58,34697.62,57901.27,59.4
2021-11-01 10:00:00,-1871.56,16901.26,36202.65,59934.31,59.4
2021-11-01 11:00:00,-1213.49,16884.47,36483.54,61038.15,59.4
2021-11-01 12:00:00,-1711.21,17260.71,35437.04,60736.01,59.4
2021-11-01 13:00:00,-248.23,18069.11,33427.86,59189.46,59.4
2021-11-01 14:00:00,-29.99,18798.29,30377.94,57962.83,59.4
2021-11-01 15:00:00,237.92,20124.81,26996.22,57719.2,59.4
2021-11-01 16:00:00,192.38,21565.96,24184.91,58394.3,59.4
2021-11-01 17:00:00,-578.99,22944.5,24274.72,62292.55,59.4
2021-11-01 18:00:00,-1738.79,23622.96,25617.55,62908.55,59.4
2021-11-01 19:00:00,-1458.75,23294.31,25713.67,61261.21,59.4
2021-11-01 20:00:00,-5012.64,23292.56,25471.66,57884.42,59.4
2021-11-01 21:00:00,-3931.06,22964.56,24204.77,55189.3,59.4
2021-11-01 22:00:00,-3575.11,22743.14,23391.87,52830.32,59.4
2021-11-01 23:00:00,-3482.81,21704.17,22444.28,49688.83,59.4
2021-11-02 00:00:00,-406.54,22150.23,20131.6,46877.97,59.4
2021-11-02 01:00:00,-1755.36,22828.79,18879.65,45465.5,59.4
2021-11-02 02:00:00,-1296.42,23077.11,17714.06,44800.43,59.4
2021-11-02 03:00:00,477.72,23429.74,16580.57,45609.98,59.4
2021-11-02 04:00:00,1615.98,24091.32,15578.71,47192.96,59.4
2021-11-02 05:00:00,1416.43,26967.61,14792.43,51259.86,59.4
2021-11-02 06:00:00,3630.74,30135.68,14365.67,59177.62,59.4
2021-11-02 07:00:00,5420.08,32024.28,14092.63,64668.87,59.4
2021-11-02 08:00:00,5055.19,32868.84,16090.01,66937.04,59.4
2021-11-02 09:00:00,2644.25,33252.93,18914.03,67215.38,59.4
2021-11-02 10:00:00,1967.96,33850.13,21010.31,67956.09,59.4
2021-11-02 11:00:00,2311.6,33714.64,22362.25,68753.09,59.4
2021-11-02 12:00:00,1889.09,33908.0,22249.08,68284.25,59.4
2021-11-02 13:00:00,3369.28,33851.93,20393.62,66954.51,59.4
2021-11-02 14:00:00,3635.44,33836.84,18041.95,65948.14,59.4
2021-11-02 15:00:00,4888.37,34063.26,14691.33,65666.6,59.4
2021-11-02 16:00:00,4817.44,34431.87,12249.14,66048.72,59.4
2021-11-02 17:00:00,4883.96,34967.09,12224.38,69386.74,59.4
2021-11-02 18:00:00,5864.79,35331.63,12662.93,69492.16,59.4
2021-11-02 19:00:00,4138.07,35065.67,12962.2,67354.6,59.4
2021-11-02 20:00:00,1335.38,34899.25,12946.32,63165.91,59.4
2021-11-02 21:00:00,1663.97,34350.56,12953.23,59768.55,59.4
2021-11-02 22:00:00,-22.48,33801.08,12402.29,56277.43,59.4
2021-11-02 23:00:00,-1538.59,33190.37,12033.71,52253.25,59.4
2021-11-03 00:00:00,-1541.75,32957.69,11596.57,49726.27,59.4
2021-11-03 01:00:00,-2149.5,32852.5,10996.48,48011.81,59.4
2021-11-03 02:00:00,-1253.76,32417.88,10671.58,47299.78,59.4
2021-11-03 03:00:00,-351.2,32019.54,10938.35,47829.01,59.4
2021-11-03 04:00:00,809.78,32357.64,11138.75,49562.14,59.4
2021-11-03 05:00:00,586.91,33550.96,11146.94,53042.17,59.4
2021-11-03 06:00:00,3671.11,34365.62,11473.85,60546.37,59.4
2021-11-03 07:00:00,4088.2,35273.48,12469.81,65711.9,59.4
2021-11-03 08:00:00,3410.3,35711.34,14681.76,67886.53,59.4
2021-11-03 09:00:00,819.05,36099.52,17566.1,68289.05,59.4
2021-11-03 10:00:00,1381.09,36280.98,19051.65,69130.09,59.4
2021-11-03 11:00:00,1961.63,36428.67,19017.24,70332.39,59.4
2021-11-03 12:00:00,2462.1,36386.77,17886.91,69536.09,59.4
2021-11-03 13:00:00,4912.18,36068.96,15609.85,68770.18,59.4
2021-11-03 14:00:00,5867.59,36038.35,13522.93,67705.64,59.4
2021-11-03 15:00:00,5664.5,36157.38,11818.55,67142.01,59.4
2021-11-03 16:00:00,5980.74,36231.07,11029.3,67256.24,59.4
2021-11-03 17:00:00,7808.17,36405.67,11635.62,70044.24,59.4
2021-11-03 18:00:00,5739.82,36338.92,11812.41,69737.89,59.4
2021-11-03 19:00:00,4485.57,36261.29,11767.79,67601.97,59.4
2021-11-03 20:00:00,3790.8,35569.46,11092.52,63711.76,59.4
2021-11-03 21:00:00,2837.32,35051.8,10474.26,59997.3,59.4
2021-11-03 22:00:00,598.37,34804.2,9905.96,56431.12,59.4
2021-11-03 23:00:00,-1315.65,34119.17,9706.14,52288.05,59.4
2021-11-04 00:00:00,-385.37,33148.15,9374.13,49439.88,59.4
2021-11-04 01:00:00,202.3,32112.14,9552.77,48338.39,59.4
2021-11-04 02:00:00,253.01,31781.47,9753.13,47398.11,59.4
2021-11-04 03:00:00,529.38,31348.07,10261.14,48173.23,59.4
2021-11-04 04:00:00,327.98,31957.04,10868.68,49739.34,59.4
2021-11-04 05:00:00,1245.4,33038.94,11719.01,53249.23,59.4
2021-11-04 06:00:00,3392.97,34542.97,12948.97,61073.88,59.4
2021-11-04 07:00:00,3380.96,35088.63,14798.77,67011.91,59.4
2021-11-04 08:00:00,1725.99,35465.38,16392.25,69725.29,59.4
2021-11-04 09:00:00,688.37,35349.82,18491.17,71060.12,59.4
2021-11-04 10:00:00,1764.47,35175.14,20620.36,72480.2,59.4
2021-11-04 11:00:00,1178.54,35157.32,23608.53,73665.16,59.4
2021-11-04 12:00:00,749.41,34113.0,26570.44,73760.03,59.4
2021-11-04 13:00:00,-1622.73,33753.08,29054.36,73032.78,59.4
2021-11-04 14:00:00,-2598.73,33300.85,30784.17,72544.77,59.4
2021-11-04 15:00:00,-3411.48,33109.94,31646.91,72633.54,59.4
2021-11-04 16:00:00,-4612.64,32732.84,32204.36,72846.65,59.4
2021-11-04 17:00:00,-6328.91,33056.26,33217.0,75079.13,59.4
2021-11-04 18:00:00,-5982.02,32348.52,33576.01,74770.7,59.4
2021-11-04 19:00:00,-5412.71,30378.72,33369.94,73149.09,59.4
2021-11-04 20:00:00,-4422.97,27703.25,33022.5,69412.06,59.4
2021-11-04 21:00:00,-4119.15,25881.35,31427.14,65209.94,59.4
2021-11-04 22:00:00,-4490.5,25790.86,29229.19,61747.51,59.4
2021-11-04 23:00:00,-4425.93,24675.6,28129.02,57768.3,59.4
2021-11-05 00:00:00,-4963.19,24209.47,27166.16,54050.54,59.4
2021-11-05 01:00:00,-4764.06,24646.62,26222.06,52124.98,59.4
2021-11-05 02:00:00,-4672.33,24591.36,25147.19,51038.96,59.4
2021-11-05 03:00:00,-4241.2,24981.26,24211.19,51577.99,59.4
2021-11-05 04:00:00,-4035.66,26386.42,23560.23,53166.55,59.4
2021-11-05 05:00:00,-3732.86,28302.02,22744.1,56372.0,59.4
2021-11-05 06:00:00,-3326.26,32299.44,22320.69,63243.65,59.4
2021-11-05 07:00:00,-2926.34,34350.71,22434.57,68647.81,59.4
2021-11-05 08:00:00,-2317.42,34381.55,23896.59,71468.76,59.4
2021-11-05 09:00:00,-2316.17,34141.38,25673.39,72241.32,59.4
2021-11-05 10:00:00,-2554.31,34289.49,27044.62,72536.55,59.4
2021-11-05 11:00:00,-2825.84,34553.57,27694.74,72740.86,60.64
2021-11-05 12:00:00,-2992.53,33772.07,28961.42,71407.22,61.05
2021-11-05 13:00:00,-3932.55,32951.65,28184.16,69760.68,61.05
2021-11-05 14:00:00,-4476.92,32431.1,26790.4,68193.6,61.05
2021-11-05 15:00:00,-3397.09,32656.22,24488.57,67828.09,61.05
2021-11-05 16:00:00,-3570.99,33025.16,24805.07,68728.47,61.05
2021-11-05 17:00:00,-4087.86,33166.7,25725.34,71784.4,61.05
2021-11-05 18:00:00,-3431.27,32290.65,27029.09,71713.67,61.05
2021-11-05 19:00:00,-4678.96,31281.92,27897.75,69414.5,61.05
2021-11-05 20:00:00,-4734.14,29083.42,28279.36,65422.9,61.05
2021-11-05 21:00:00,-4199.98,26975.99,28833.52,61935.05,61.05
2021-11-05 22:00:00,-3926.63,24324.19,28812.45,58256.93,61.05
2021-11-05 23:00:00,-4834.82,22360.44,28972.11,54047.25,61.05
2021-11-06 00:00:00,-6051.29,20680.55,29474.64,52260.66,61.05
2021-11-06 01:00:00,-6815.7,20390.23,29511.27,49979.57,61.05
2021-11-06 02:00:00,-6944.52,20275.43,29212.91,48539.9,61.05
2021-11-06 03:00:00,-6457.08,20172.07,28891.58,47848.59,61.05
2021-11-06 04:00:00,-6883.91,20298.27,28608.33,48069.46,61.05
2021-11-06 05:00:00,-7671.88,20887.9,28821.87,48879.45,61.05
2021-11-06 06:00:00,-8022.91,21088.13,29628.3,50388.11,61.05
2021-11-06 07:00:00,-6793.48,21353.21,30303.02,53528.01,61.05
2021-11-06 08:00:00,-7647.33,22013.63,32592.73,56790.11,61.05
2021-11-06 09:00:00,-7930.74,21755.19,35942.42,59235.08,61.05
2021-11-06 10:00:00,-6884.14,20287.51,39002.39,60570.88,61.05
2021-11-06 11:00:00,-7175.45,19815.97,40711.14,60457.36,61.05
2021-11-06 12:00:00,-6886.15,19540.66,41647.22,59805.37,61.05
2021-11-06 13:00:00,-6475.73,19371.23,41072.62,58580.82,61.05
2021-11-06 14:00:00,-5979.81,19269.16,38679.86,57113.04,61.05
2021-11-06 15:00:00,-5682.35,20134.91,35103.06,56957.66,61.05
2021-11-06 16:00:00,-5398.2,21398.52,32984.79,58697.79,61.05
2021-11-06 17:00:00,-5658.08,21886.75,34933.93,62616.25,61.05
2021-11-06 18:00:00,-5161.29,21464.73,37249.18,63560.32,61.05
2021-11-06 19:00:00,-7346.26,20749.98,38449.04,61877.64,61.05
2021-11-06 20:00:00,-7857.52,18130.6,39085.19,58410.7,61.05
2021-11-06 21:00:00,-8598.22,16115.85,38925.11,55452.17,61.05
2021-11-06 22:00:00,-7583.77,15698.86,37518.09,53836.8,61.05
2021-11-06 23:00:00,-7746.72,14100.4,37672.24,50638.48,61.05
2021-11-07 00:00:00,-7668.38,13336.33,38905.7,48626.35,61.05
2021-11-07 01:00:00,-8933.83,12896.59,39868.14,46887.84,61.05
2021-11-07 02:00:00,-9568.89,12788.17,40109.99,45787.52,61.05
2021-11-07 03:00:00,-9852.62,12818.48,39998.57,45758.6,61.05
2021-11-07 04:00:00,-9983.47,12873.06,40521.0,46294.02,61.05
2021-11-07 05:00:00,-9936.5,12867.23,41132.25,46217.84,61.05
2021-11-07 06:00:00,-10896.51,12882.03,41607.35,46781.52,61.05
2021-11-07 07:00:00,-11131.99,12814.76,42485.86,48808.94,61.05
2021-11-07 08:00:00,-9786.65,12743.5,44043.13,51371.31,61.05
2021-11-07 09:00:00,-8894.0,12694.74,46721.91,54844.56,61.05
2021-11-07 10:00:00,-9588.22,12801.94,48497.11,57371.26,61.05
2021-11-07 11:00:00,-9301.97,13048.59,50087.17,59675.85,61.05
2021-11-07 12:00:00,-9690.36,13156.48,49670.65,59406.49,61.05
2021-11-07 13:00:00,-10546.59,13138.56,48308.58,56881.86,61.05
2021-11-07 14:00:00,-9267.84,13300.26,45353.04,55429.6,61.05
2021-11-07 15:00:00,-8315.87,15178.47,41564.58,55201.92,61.05
2021-11-07 16:00:00,-8655.26,18331.39,39540.29,56305.23,61.05
2021-11-07 17:00:00,-7892.32,19221.79,39773.22,60049.58,61.05
2021-11-07 18:00:00,-8732.75,19286.98,39996.17,61004.99,61.05
2021-11-07 19:00:00,-9342.38,18950.14,39770.06,59625.14,61.05
2021-11-07 20:00:00,-9923.21,18604.65,39368.97,56967.64,61.05
2021-11-07 21:00:00,-10109.99,18389.87,38175.85,54753.33,61.05
2021-11-07 22:00:00,-9633.98,17970.95,36751.17,53700.7,61.05
2021-11-07 23:00:00,-9169.19,17458.71,35557.3,50907.18,61.05
2021-11-08 00:00:00,-7360.9,16436.62,33854.21,47968.48,61.05
2021-11-08 01:00:00,-8290.42,16240.84,32431.23,46784.51,61.05
2021-11-08 02:00:00,-7789.41,16362.24,30410.67,46199.05,61.05
2021-11-08 03:00:00,-6927.6,17844.03,28427.07,46441.46,61.05
2021-11-08 04:00:00,-6880.06,20327.64,26632.97,48161.13,61.05
2021-11-08 05:00:00,-6255.38,24413.29,25049.12,52178.49,61.05
2021-11-08 06:00:00,-4762.73,30214.6,24015.01,61765.64,61.05
2021-11-08 07:00:00,-4369.93,34035.89,22949.46,67393.82,61.05
2021-11-08 08:00:00,-4270.61,35389.94,23601.73,69607.65,61.05
2021-11-08 09:00:00,-4463.06,35476.78,26735.0,70950.72,61.05
2021-11-08 10:00:00,-4582.21,34765.44,29163.88,71159.92,61.05
2021-11-08 11:00:00,-4498.04,34918.99,29995.2,71364.02,61.05
2021-11-08 12:00:00,-5007.45,36520.77,28987.46,70622.22,61.05
2021-11-08 13:00:00,-3853.52,36715.4,26250.99,70530.32,61.05
2021-11-08 14:00:00,-3536.85,37104.44,22229.71,69236.38,61.05
2021-11-08 15:00:00,-459.98,37782.91,17340.62,68476.14,61.05
2021-11-08 16:00:00,1172.61,37701.57,13889.8,68588.42,61.05
2021-11-08 17:00:00,2864.21,38031.34,13249.15,71397.85,61.05
2021-11-08 18:00:00,4100.34,37824.99,12842.41,71107.47,61.05
2021-11-08 19:00:00,2052.43,38057.36,12326.92,68887.26,61.05
2021-11-08 20:00:00,687.42,37406.2,11546.87,65381.12,61.05
2021-11-08 21:00:00,1236.57,36664.42,11198.21,61654.55,61.05
2021-11-08 22:00:00,-509.1,35784.31,10810.52,58177.67,61.05
2021-11-08 23:00:00,-1229.99,33997.05,10588.19,54215.63,61.05
2021-11-09 00:00:00,-3806.56,33460.18,11068.28,51542.14,61.05
2021-11-09 01:00:00,-2714.38,33382.21,12076.6,50203.91,61.05
2021-11-09 02:00:00,-2520.66,32923.08,12919.41,49834.52,61.05
2021-11-09 03:00:00,-3064.09,33185.69,14317.65,49948.2,61.05
2021-11-09 04:00:00,-3255.29,33229.13,15511.38,51965.5,61.05
2021-11-09 05:00:00,-4281.39,33905.61,17023.37,55719.92,61.05
2021-11-09 06:00:00,-2180.66,36064.89,18403.51,63109.33,61.05
2021-11-09 07:00:00,-3325.82,36833.99,19987.89,68505.32,61.05
2021-11-09 08:00:00,-4413.42,36947.25,23852.63,70828.79,61.05
2021-11-09 09:00:00,-5566.72,36536.03,29425.75,71271.65,61.05
2021-11-09 10:00:00,-7018.5,34810.54,35130.37,71896.61,61.05
2021-11-09 11:00:00,-7409.85,32562.99,40223.01,72236.66,61.05
2021-11-09 12:00:00,-8194.52,31020.47,41941.93,71396.46,61.05
2021-11-09 13:00:00,-8343.39,31026.22,39594.84,70160.01,61.05
2021-11-09 14:00:00,-7253.61,32822.88,33621.98,68720.38,61.05
2021-11-09 15:00:00,-5400.7,36030.27,26054.86,68666.84,61.05
2021-11-09 16:00:00,-4017.14,37552.08,22230.05,69358.65,61.05
2021-11-09 17:00:00,-4254.08,37680.94,24504.58,73423.54,61.05
2021-11-09 18:00:00,-5243.71,37660.63,26359.37,73948.05,61.05
2021-11-09 19:00:00,-5168.16,36883.24,27064.95,72656.73,61.05
2021-11-09 20:00:00,-5175.26,34570.37,26128.33,68912.51,61.05
2021-11-09 21:00:00,-4067.59,32829.59,24527.1,64886.0,61.05
2021-11-09 22:00:00,-4711.3,31743.48,23379.13,61465.97,61.05
2021-11-09 23:00:00,-4729.04,30309.17,23562.61,57757.34,61.05
2021-11-10 00:00:00,-3094.38,28139.99,23830.52,54612.67,61.05
2021-11-10 01:00:00,-3549.02,27030.73,23655.97,52882.57,61.05
2021-11-10 02:00:00,-3133.59,27048.3,22200.97,52267.44,61.05
2021-11-10 03:00:00,-2574.98,28222.94,20545.23,52349.74,61.05
2021-11-10 04:00:00,-2144.76,30419.3,19455.13,53579.43,61.05
2021-11-10 05:00:00,-3725.16,33097.86,18813.03,57429.14,61.05
2021-11-10 06:00:00,-1826.0,36856.47,17980.1,64677.9,61.05
2021-11-10 07:00:00,-631.35,37921.0,17905.41,69855.77,61.05
2021-11-10 08:00:00,-1112.85,37760.9,20981.52,72309.12,61.05
2021-11-10 09:00:00,-2806.02,37432.94,24304.82,72001.36,61.05
2021-11-10 10:00:00,-2234.61,37048.17,26028.1,72561.28,61.05
2021-11-10 11:00:00,-1889.69,37479.75,26366.47,73479.6,61.05
2021-11-10 12:00:00,-1426.7,37622.11,24406.11,72489.28,61.05
2021-11-10 13:00:00,228.29,38135.25,21107.75,71249.85,61.05
2021-11-10 14:00:00,2157.62,38604.23,17032.31,70162.89,61.05
2021-11-10 15:00:00,3612.52,39009.39,12498.19,69600.68,61.05
2021-11-10 16:00:00,4460.13,39370.05,9958.14,70132.15,61.05
2021-11-10 17:00:00,4503.95,39894.26,10174.77,73017.89,61.05
2021-11-10 18:00:00,5243.02,40046.7,10174.96,72542.43,61.05
2021-11-10 19:00:00,4060.65,39556.72,10357.45,70638.08,61.05
2021-11-10 20:00:00,3324.91,38920.82,10301.39,66843.94,61.05
2021-11-10 21:00:00,2186.78,38041.88,9955.2,63029.28,61.05
2021-11-10 22:00:00,1528.36,37089.9,9390.19,59780.55,61.05
2021-11-10 23:00:00,-744.47,36749.14,9087.54,55576.12,61.05
2021-11-11 00:00:00,360.26,35319.0,8927.02,51056.52,61.05
2021-11-11 01:00:00,553.67,34506.67,9028.69,49344.83,61.05
2021-11-11 02:00:00,-220.68,34167.49,9143.8,48473.56,61.05
2021-11-11 03:00:00,913.34,34123.25,9095.34,49280.32,61.05
2021-11-11 04:00:00,2297.42,34299.46,9293.81,50551.84,61.05
2021-11-11 05:00:00,2191.3,35291.14,9655.63,53776.26,61.05
2021-11-11 06:00:00,4300.17,37404.95,10096.83,61491.28,61.05
2021-11-11 07:00:00,6980.97,38255.16,10886.05,67040.06,61.05
2021-11-11 08:00:00,5200.54,38590.76,14320.94,69389.64,61.05
2021-11-11 09:00:00,1542.32,38632.48,18873.02,69305.14,61.05
2021-11-11 10:00:00,-732.32,38720.09,22339.31,69980.08,61.05
2021-11-11 11:00:00,-1785.43,38648.89,24365.07,70713.86,61.05
2021-11-11 12:00:00,-1610.68,38581.21,24520.91,70170.6,61.05
2021-11-11 13:00:00,76.46,38752.94,22637.18,69422.62,61.05
2021-11-11 14:00:00,997.02,38536.34,19296.79,68282.92,61.05
2021-11-11 15:00:00,4023.69,38723.57,14344.51,67698.17,61.05
2021-11-11 16:00:00,6491.33,38977.69,11178.77,68024.24,61.05
2021-11-11 17:00:00,6408.52,39874.57,10731.45,70350.17,61.05
2021-11-11 18:00:00,6845.3,39855.71,10179.28,69968.08,61.05
2021-11-11 19:00:00,5219.35,39351.53,10019.94,68257.06,61.05
2021-11-11 20:00:00,3767.13,38758.86,9921.37,64820.92,61.05
2021-11-11 21:00:00,2517.65,38132.45,9909.12,60878.65,61.05
2021-11-11 22:00:00,914.61,37501.02,9750.99,57257.61,61.05
2021-11-11 23:00:00,-641.6,36222.31,9620.37,53432.79,61.05
2021-11-12 00:00:00,-1930.52,35107.6,9659.07,50277.06,61.05
2021-11-12 01:00:00,-1972.01,34483.9,9698.35,48215.18,61.05
2021-11-12 02:00:00,-2246.95,34232.53,9786.13,47541.15,61.05
2021-11-12 03:00:00,-1268.64,34268.72,9984.86,47741.46,61.05
2021-11-12 04:00:00,-980.52,34505.05,9957.83,49482.23,61.05
2021-11-12 05:00:00,-1129.86,35820.92,10710.62,52780.03,61.05
2021-11-12 06:00:00,1259.32,37104.19,12293.52,60299.56,61.05
2021-11-12 07:00:00,1963.93,38089.66,14451.87,65819.47,61.05
2021-11-12 08:00:00,1082.09,38325.38,16446.5,68537.25,61.05
2021-11-12 09:00:00,-142.79,38120.19,18861.15,69121.99,61.05
2021-11-12 10:00:00,244.69,37939.31,21149.89,69725.28,61.05
2021-11-12 11:00:00,-560.06,37492.33,22463.14,70086.94,62.91
2021-11-12 12:00:00,-1674.13,37301.43,23249.18,69018.21,63.53
2021-11-12 13:00:00,-2033.59,36952.01,23565.74,68186.83,63.53
2021-11-12 14:00:00,-2254.9,36835.01,22085.43,66861.45,63.53
2021-11-12 15:00:00,-1196.38,36937.1,20921.93,66551.3,63.53
2021-11-12 16:00:00,-2241.71,37001.37,21070.25,67554.8,63.53
2021-11-12 17:00:00,-3234.43,37520.93,22907.39,69654.45,63.53
2021-11-12 18:00:00,-4331.6,36573.83,25609.76,69593.24,63.53
2021-11-12 19:00:00,-4894.98,35177.9,26249.74,68484.44,63.53
2021-11-12 20:00:00,-7186.46,33347.78,27136.25,64548.34,63.53
2021-11-12 21:00:00,-5678.27,31367.07,26998.21,60750.6,63.53
2021-11-12 22:00:00,-5797.79,30362.18,25716.2,57335.52,63.53
2021-11-12 23:00:00,-5519.32,28915.87,24606.71,53122.5,63.53
2021-11-13 00:00:00,-6586.2,27773.0,23970.15,51211.23,63.53
2021-11-13 01:00:00,-6901.56,27175.16,23404.05,49349.51,63.53
2021-11-13 02:00:00,-7945.71,26656.1,23272.53,48216.67,63.53
2021-11-13 03:00:00,-7515.36,26107.98,22063.23,47803.05,63.53
2021-11-13 04:00:00,-8303.88,26289.56,21378.14,48136.12,63.53
2021-11-13 05:00:00,-7657.32,26638.12,20451.73,48810.02,63.53
2021-11-13 06:00:00,-8990.2,28418.55,18765.6,50389.71,63.53
2021-11-13 07:00:00,-9125.14,30297.14,17767.49,53252.19,63.53
2021-11-13 08:00:00,-6710.28,32249.74,17572.26,56328.1,63.53
2021-11-13 09:00:00,-6310.63,33450.19,17937.15,59360.38,63.53
2021-11-13 10:00:00,-4456.87,34072.07,17585.97,60901.68,63.53
2021-11-13 11:00:00,-2958.2,34300.71,16803.42,61753.74,63.53
2021-11-13 12:00:00,-1733.7,34295.76,15394.45,61314.02,63.53
2021-11-13 13:00:00,-1482.37,34270.35,13984.81,59253.9,63.53
2021-11-13 14:00:00,-539.8,34570.53,12076.35,57858.65,63.53
2021-11-13 15:00:00,481.3,34708.72,10137.03,57566.18,63.53
2021-11-13 16:00:00,912.28,34867.37,9336.97,58787.54,63.53
2021-11-13 17:00:00,2221.81,35048.94,9338.23,61312.42,63.53
2021-11-13 18:00:00,1403.11,35105.98,9312.78,61015.58,63.53
2021-11-13 19:00:00,-135.23,35047.77,9110.93,58806.82,63.53
2021-11-13 20:00:00,-1750.52,34608.78,9006.21,55249.42,63.53
2021-11-13 21:00:00,-1491.94,33989.26,9010.9,52556.98,63.53
2021-11-13 22:00:00,-2244.1,33103.64,8831.15,51004.2,63.53
2021-11-13 23:00:00,-3400.39,31888.72,8848.69,47936.77,63.53
2021-11-14 00:00:00,-4125.85,30134.22,9294.63,43248.96,63.53
2021-11-14 01:00:00,-4787.73,29399.51,9945.14,41808.28,63.53
2021-11-14 02:00:00,-4796.34,28740.97,10517.19,40874.1,63.53
2021-11-14 03:00:00,-5436.12,28816.15,11310.42,40265.74,63.53
2021-11-14 04:00:00,-5446.72,28310.26,11595.48,40533.38,63.53
2021-11-14 05:00:00,-5319.2,28398.34,11777.2,40799.24,63.53
2021-11-14 06:00:00,-4767.56,28679.52,12171.33,41414.39,63.53
2021-11-14 07:00:00,-5556.59,28813.23,12532.54,43715.18,63.53
2021-11-14 08:00:00,-4614.53,29619.06,13041.08,46558.61,63.53
2021-11-14 09:00:00,-3570.79,30626.3,13984.86,49633.48,63.53
2021-11-14 10:00:00,-2901.12,31166.35,15133.25,51888.82,63.53
2021-11-14 11:00:00,-2384.06,31821.2,15805.94,53954.72,63.53
2021-11-14 12:00:00,-2440.6,32025.24,15928.31,54181.02,63.53
2021-11-14 13:00:00,-3131.81,32234.8,15667.88,53007.58,63.53
2021-11-14 14:00:00,-3266.83,32356.45,14928.58,51507.19,63.53
2021-11-14 15:00:00,-4046.83,32624.96,14620.41,51754.75,63.53
2021-11-14 16:00:00,-3592.63,32575.43,15303.35,53629.16,63.53
2021-11-14 17:00:00,-3528.27,32698.27,16680.04,57338.51,63.53
2021-11-14 18:00:00,-5255.86,32894.69,16875.31,57687.83,63.53
2021-11-14 19:00:00,-5082.31,32867.2,16743.37,56026.93,63.53
2021-11-14 20:00:00,-6078.05,32166.85,16392.79,53886.99,63.53
2021-11-14 21:00:00,-6030.03,31433.87,15802.23,51782.23,63.53
2021-11-14 22:00:00,-6746.1,31094.18,15329.59,50592.18,63.53
2021-11-14 23:00:00,-6778.31,30645.64,15095.08,48042.13,63.53
2021-11-15 00:00:00,-6849.6,30206.8,15188.93,45763.26,63.53
2021-11-15 01:00:00,-7005.12,30060.48,15639.48,44350.34,63.53
2021-11-15 02:00:00,-7031.28,29667.44,15291.8,43847.29,63.53
2021-11-15 03:00:00,-6884.16,29820.27,14986.07,44098.59,63.53
2021-11-15 04:00:00,-5362.8,30647.55,15013.49,46753.8,63.53
2021-11-15 05:00:00,-3305.37,32552.35,14880.38,50916.39,63.53
2021-11-15 06:00:00,573.56,35453.32,14698.07,58910.03,63.53
2021-11-15 07:00:00,1427.86,37115.07,14616.1,64897.97,63.53
2021-11-15 08:00:00,1453.46,37459.27,14677.53,67738.72,63.53
2021-11-15 09:00:00,901.98,38143.89,14883.24,68496.52,63.53
2021-11-15 10:00:00,2469.51,38614.73,15267.34,69189.73,63.53
2021-11-15 11:00:00,1674.42,39131.95,15741.93,70458.22,63.53
2021-11-15 12:00:00,2293.97,39140.19,15910.06,70585.7,63.53
2021-11-15 13:00:00,4260.26,38808.19,15354.6,69920.61,63.53
2021-11-15 14:00:00,2581.31,39215.85,14718.94,68784.8,63.53
2021-11-15 15:00:00,2382.38,39461.52,13498.91,68424.6,63.53
2021-11-15 16:00:00,2311.08,39466.89,13026.18,68384.89,63.53
2021-11-15 17:00:00,3310.36,39517.4,12998.43,70069.84,63.53
2021-11-15 18:00:00,4498.82,39552.9,12635.88,69037.95,63.53
2021-11-15 19:00:00,3186.3,39224.96,12227.22,67076.69,63.53
2021-11-15 20:00:00,2531.36,38563.76,11232.83,63448.15,63.53
2021-11-15 21:00:00,1933.62,37863.91,10617.4,59719.56,63.53
2021-11-15 22:00:00,1514.93,36756.7,10266.89,56372.71,63.53
2021-11-15 23:00:00,227.65,36174.91,9830.58,52810.2,63.53
2021-11-16 00:00:00,-247.04,35051.53,9593.6,49393.92,63.53
2021-11-16 01:00:00,979.69,33614.17,9269.04,47811.35,63.53
2021-11-16 02:00:00,660.12,33391.31,8958.67,46997.68,63.53
2021-11-16 03:00:00,1370.62,33624.21,8650.97,47799.86,63.53
2021-11-16 04:00:00,2092.98,34381.73,8201.15,49145.35,63.53
2021-11-16 05:00:00,3843.38,35407.8,8089.24,52500.96,63.53
2021-11-16 06:00:00,5167.23,37352.59,8256.63,59853.68,63.53
2021-11-16 07:00:00,7838.2,38102.85,8318.55,65541.91,63.53
2021-11-16 08:00:00,8972.51,38788.31,8551.7,68363.57,63.53
2021-11-16 09:00:00,8572.38,39256.6,9234.7,69142.98,63.53
2021-11-16 10:00:00,8849.19,39525.73,9913.93,69969.66,63.53
2021-11-16 11:00:00,7993.36,39759.44,10357.98,70801.38,63.53
2021-11-16 12:00:00,7465.28,39826.3,9965.37,70859.16,63.53
2021-11-16 13:00:00,7027.29,40283.54,9561.01,70012.22,63.53
2021-11-16 14:00:00,7638.26,40618.72,8826.93,68790.64,63.53
2021-11-16 15:00:00,7767.35,40510.41,8364.1,68487.07,63.53
2021-11-16 16:00:00,7540.69,40982.16,8323.37,68825.36,63.53
2021-11-16 17:00:00,8343.97,40981.56,8385.08,70260.94,63.53
2021-11-16 18:00:00,7190.72,40823.54,8591.37,69608.6,63.53
2021-11-16 19:00:00,5284.69,40782.13,8869.56,67337.25,63.53
2021-11-16 20:00:00,4121.91,39695.01,8745.63,63490.74,63.53
2021-11-16 21:00:00,2784.52,39187.05,8848.09,60082.89,63.53
2021-11-16 22:00:00,1543.65,37879.2,9438.35,56874.44,63.53
2021-11-16 23:00:00,-759.94,36361.9,10317.45,53410.43,63.53
2021-11-17 00:00:00,-2886.55,34966.0,11112.42,49795.22,63.53
2021-11-17 01:00:00,-2907.88,33898.1,12630.85,48268.95,63.53
2021-11-17 02:00:00,-3353.22,33058.22,14151.82,47840.39,63.53
2021-11-17 03:00:00,-3989.87,32944.07,15841.72,48446.74,63.53
2021-11-17 04:00:00,-4414.46,33240.38,16880.1,49877.02,63.53
2021-11-17 05:00:00,-4355.39,33802.07,18018.58,53329.61,63.53
2021-11-17 06:00:00,-3349.89,35219.13,18751.63,60612.8,63.53
2021-11-17 07:00:00,-3791.61,36464.93,20531.33,66007.29,63.53
2021-11-17 08:00:00,-2166.9,36357.62,21725.52,68915.73,63.53
2021-11-17 09:00:00,-3562.33,36454.41,23017.3,69670.85,63.53
2021-11-17 10:00:00,-3689.99,36304.57,24692.96,70873.56,63.53
2021-11-17 11:00:00,-2494.52,35991.93,25606.03,71771.31,63.53
2021-11-17 12:00:00,-1315.1,36141.15,25831.01,71831.11,63.53
2021-11-17 13:00:00,-2088.27,36623.87,26663.97,71289.69,63.53
2021-11-17 14:00:00,-3595.16,36285.51,27183.08,70787.77,63.53
2021-11-17 15:00:00,-5048.25,36505.7,27238.41,70050.58,63.53
2021-11-17 16:00:00,-4541.23,35997.41,28005.98,71449.88,63.53
2021-11-17 17:00:00,-5072.82,36755.62,29206.29,73090.43,63.53
2021-11-17 18:00:00,-5128.71,36091.23,30242.36,72832.41,63.53
2021-11-17 19:00:00,-5649.07,34364.5,29969.76,70369.54,63.53
2021-11-17 20:00:00,-5261.22,32516.34,29723.56,66231.65,63.53
2021-11-17 21:00:00,-5039.48,30337.2,29452.56,62465.16,63.53
2021-11-17 22:00:00,-5546.61,28921.88,29836.99,59131.1,63.53
2021-11-17 23:00:00,-5548.86,26938.14,30341.63,54955.63,63.53
2021-11-18 00:00:00,-7374.71,24983.06,31498.69,52703.78,63.53
2021-11-18 01:00:00,-6658.57,23538.27,31225.5,50936.36,63.53
2021-11-18 02:00:00,-6612.16,23110.03,30415.19,49931.28,63.53
2021-11-18 03:00:00,-6706.24,24821.19,30436.77,50163.46,63.53
2021-11-18 04:00:00,-6464.28,26126.84,30741.44,51551.12,63.53
2021-11-18 05:00:00,-6707.62,27105.06,30796.54,55403.53,63.53
2021-11-18 06:00:00,-7458.02,29417.46,31100.43,62950.94,63.53
2021-11-18 07:00:00,-6662.16,30642.23,31614.31,68476.15,63.53
2021-11-18 08:00:00,-6597.74,31236.87,32843.23,70836.16,63.53
2021-11-18 09:00:00,-5379.68,31746.86,35054.19,71780.56,63.53
2021-11-18 10:00:00,-5747.58,31348.51,37342.91,72224.01,63.53
2021-11-18 11:00:00,-5570.15,31031.43,40185.72,72924.92,63.53
2021-11-18 12:00:00,-5839.52,29613.14,42000.85,72505.14,63.53
2021-11-18 13:00:00,-6844.23,29017.26,41636.44,71376.98,63.53
2021-11-18 14:00:00,-6668.04,28654.62,40503.35,70171.12,63.53
2021-11-18 15:00:00,-6566.44,28848.3,39028.72,69121.04,63.53
2021-11-18 16:00:00,-6534.37,28898.16,39172.56,70512.95,63.53
2021-11-18 17:00:00,-6946.96,28774.23,40584.09,72935.66,63.53
2021-11-18 18:00:00,-6853.69,28351.07,42083.33,72455.6,63.53
2021-11-18 19:00:00,-7980.15,27469.52,42450.26,70686.05,63.53
2021-11-18 20:00:00,-6596.98,25012.07,42334.05,67002.9,63.53
2021-11-18 21:00:00,-6050.32,23436.93,42055.81,62931.24,63.53
2021-11-18 22:00:00,-6236.9,22275.48,40432.09,59652.3,63.53
2021-11-18 23:00:00,-7491.12,21268.12,39809.29,55366.14,63.53
2021-11-19 00:00:00,-8325.62,19784.53,39070.33,52560.67,63.53
2021-11-19 01:00:00,-7835.6,18522.88,38271.47,50615.42,63.53
2021-11-19 02:00:00,-7367.04,18936.06,37403.31,49739.81,63.53
2021-11-19 03:00:00,-6823.98,19446.75,36995.71,49909.46,63.53
2021-11-19 04:00:00,-6945.86,20895.52,36816.41,51381.3,63.53
2021-11-19 05:00:00,-6216.95,22470.05,36286.18,54770.63,63.53
2021-11-19 06:00:00,-5104.16,25238.91,36345.13,61743.97,63.53
2021-11-19 07:00:00,-4891.0,27930.09,36409.36,67206.8,63.53
2021-11-19 08:00:00,-5606.6,28542.05,37653.04,70152.7,63.53
2021-11-19 09:00:00,-6324.65,28923.76,39781.89,70872.15,63.53
2021-11-19 10:00:00,-5834.76,28842.07,41699.83,71949.05,63.53
2021-11-19 11:00:00,-6268.44,28580.33,42752.77,72497.64,67.79
2021-11-19 12:00:00,-6940.6,28259.69,42862.37,71771.03,69.21
2021-11-19 13:00:00,-6701.03,28233.49,41755.03,70317.13,69.21
2021-11-19 14:00:00,-6654.1,28634.97,39083.95,68356.74,69.21
2021-11-19 15:00:00,-6323.31,28890.86,35009.27,67458.54,69.21
2021-11-19 16:00:00,-6201.56,28800.54,33755.24,68269.78,69.21
2021-11-19 17:00:00,-5425.26,28476.83,34450.46,70393.21,69.21
2021-11-19 18:00:00,-6252.47,28394.66,34782.53,69277.5,69.21
2021-11-19 19:00:00,-5004.35,28517.43,34290.43,67011.17,69.21
2021-11-19 20:00:00,-4935.27,27313.82,33269.67,62808.68,69.21
2021-11-19 21:00:00,-4135.43,26215.99,31928.3,59010.78,69.21
2021-11-19 22:00:00,-4224.93,25680.89,30156.11,56135.89,69.21
2021-11-19 23:00:00,-4560.22,24734.17,28985.1,51929.23,69.21
2021-11-20 00:00:00,-6435.04,23440.57,27995.13,51626.68,69.21
2021-11-20 01:00:00,-6215.7,23641.07,27216.05,49666.96,69.21
2021-11-20 02:00:00,-5788.75,23438.35,26118.63,48631.57,69.21
2021-11-20 03:00:00,-5380.55,23225.88,25864.44,48605.58,69.21
2021-11-20 04:00:00,-5496.99,23408.38,25228.71,48503.38,69.21
2021-11-20 05:00:00,-6322.76,24206.83,25002.34,48677.21,69.21
2021-11-20 06:00:00,-6558.37,24933.4,25707.4,50317.98,69.21
2021-11-20 07:00:00,-6899.69,25390.79,26356.31,53765.5,69.21
2021-11-20 08:00:00,-7095.09,26084.91,27371.97,56592.0,69.21
2021-11-20 09:00:00,-7017.26,26640.53,29004.42,59384.96,69.21
2021-11-20 10:00:00,-6622.66,26577.77,31007.33,60960.39,69.21
2021-11-20 11:00:00,-5981.49,25980.65,32014.23,61897.88,69.21
2021-11-20 12:00:00,-6025.23,25757.29,32523.9,61404.69,69.21
2021-11-20 13:00:00,-5661.06,25588.92,32113.1,60139.98,69.21
2021-11-20 14:00:00,-7852.72,25857.55,31377.38,59455.44,69.21
2021-11-20 15:00:00,-5929.91,26173.74,29939.21,59371.91,69.21
2021-11-20 16:00:00,-5635.57,26782.08,28893.77,60889.98,69.21
2021-11-20 17:00:00,-7072.81,27333.21,29185.95,63597.69,69.21
2021-11-20 18:00:00,-7067.52,27219.38,29517.15,62988.9,69.21
2021-11-20 19:00:00,-4566.52,26288.39,29811.2,60832.23,69.21
2021-11-20 20:00:00,-5187.09,24700.65,29366.78,57511.95,69.21
2021-11-20 21:00:00,-5643.21,23976.63,29391.06,55222.71,69.21
2021-11-20 22:00:00,-5446.93,23456.57,29464.63,53477.83,69.21
2021-11-20 23:00:00,-6664.17,22856.13,29837.03,50398.8,69.21
2021-11-21 00:00:00,-7366.29,22576.2,28930.72,48924.86,69.21
2021-11-21 01:00:00,-6832.56,22519.77,28219.33,47086.78,69.21
2021-11-21 02:00:00,-6394.61,21998.85,26419.66,45925.53,69.21
2021-11-21 03:00:00,-7071.26,22603.83,25101.63,45420.8,69.21
2021-11-21 04:00:00,-7362.65,23086.48,24617.65,45876.52,69.21
2021-11-21 05:00:00,-7620.95,22900.18,24201.09,46079.22,69.21
2021-11-21 06:00:00,-8065.15,23248.84,23440.0,46060.86,69.21
2021-11-21 07:00:00,-7311.45,24162.2,22450.4,48315.11,69.21
2021-11-21 08:00:00,-8191.13,26239.75,21256.44,50899.46,69.21
2021-11-21 09:00:00,-8425.04,27864.47,21695.59,53916.51,69.21
2021-11-21 10:00:00,-7576.29,28355.53,22661.24,56155.94,69.21
2021-11-21 11:00:00,-6596.1,29107.05,23494.49,58726.48,69.21
2021-11-21 12:00:00,-7034.09,29480.89,23028.06,58459.05,69.21
2021-11-21 13:00:00,-7542.29,29991.59,21571.18,56349.09,69.21
2021-11-21 14:00:00,-7727.07,30290.29,18962.85,54891.96,69.21
2021-11-21 15:00:00,-6020.15,30861.65,17111.48,54945.59,69.21
2021-11-21 16:00:00,-4668.97,31467.67,17486.57,57260.84,69.21
2021-11-21 17:00:00,-5030.87,31763.49,18353.56,60569.04,69.21
2021-11-21 18:00:00,-6454.56,31768.55,19418.87,60573.67,69.21
2021-11-21 19:00:00,-6693.1,31721.24,20250.57,59042.62,69.21
2021-11-21 20:00:00,-8055.39,31510.2,20530.46,56500.52,69.21
2021-11-21 21:00:00,-7434.67,29969.4,20784.47,54964.66,69.21
2021-11-21 22:00:00,-7104.25,29600.05,20183.02,54181.96,69.21
2021-11-21 23:00:00,-7361.76,29307.08,19525.61,51211.27,69.21
2021-11-22 00:00:00,-6699.18,27590.25,18763.74,49373.52,69.21
2021-11-22 01:00:00,-6616.7,27704.4,18466.79,47557.84,69.21
2021-11-22 02:00:00,-6406.56,27797.76,17909.03,46988.23,69.21
2021-11-22 03:00:00,-6640.04,28026.81,17811.06,47437.73,69.21
2021-11-22 04:00:00,-6681.16,29007.94,17572.4,49378.27,69.21
2021-11-22 05:00:00,-6588.25,30959.95,17394.41,53407.45,69.21
2021-11-22 06:00:00,-2689.74,33036.44,17604.52,61574.58,69.21
2021-11-22 07:00:00,-599.46,34874.59,18146.89,68395.5,69.21
2021-11-22 08:00:00,-1019.76,36115.47,18626.46,70801.26,69.21
2021-11-22 09:00:00,-1059.83,36582.71,19615.71,71176.32,69.21
2021-11-22 10:00:00,-1321.37,36670.27,22271.76,72013.13,69.21
2021-11-22 11:00:00,304.58,35550.56,24281.93,72837.49,69.21
2021-11-22 12:00:00,494.83,35129.6,24855.27,73257.8,69.21
2021-11-22 13:00:00,561.72,35164.87,23775.33,72559.64,69.21
2021-11-22 14:00:00,105.17,35947.92,20707.02,71038.45,69.21
2021-11-22 15:00:00,698.1,36597.51,17630.09,70171.09,69.21
2021-11-22 16:00:00,50.23,36910.29,17178.33,70505.79,69.21
2021-11-22 17:00:00,-188.94,36907.13,19033.97,73054.88,69.21
2021-11-22 18:00:00,-2737.29,36533.97,20358.06,72762.61,69.21
2021-11-22 19:00:00,-2728.93,35700.79,22132.93,71768.94,69.21
2021-11-22 20:00:00,-4449.19,34852.07,23711.06,68396.76,69.21
2021-11-22 21:00:00,-7524.14,34253.72,24895.65,65219.98,69.21
2021-11-22 22:00:00,-7160.1,32381.63,25628.91,62339.3,69.21
2021-11-22 23:00:00,-7599.06,30080.36,25945.23,59007.54,69.21
2021-11-23 00:00:00,-7553.53,28454.78,26792.07,56179.57,69.21
2021-11-23 01:00:00,-8324.6,28411.75,27020.96,54068.6,69.21
2021-11-23 02:00:00,-7695.89,27645.53,27319.71,53059.91,69.21
2021-11-23 03:00:00,-7555.27,27848.51,26204.68,53261.72,69.21
2021-11-23 04:00:00,-7744.02,28626.94,25607.63,54711.84,69.21
2021-11-23 05:00:00,-5794.26,29111.96,25112.13,58001.04,69.21
2021-11-23 06:00:00,-3982.16,32392.42,24080.93,64917.03,69.21
2021-11-23 07:00:00,-2728.78,35845.95,22464.51,69464.31,69.21
2021-11-23 08:00:00,-2698.73,36594.78,22228.13,71012.15,69.21
2021-11-23 09:00:00,-3578.18,37034.62,23878.65,70925.71,69.21
2021-11-23 10:00:00,-3221.98,37096.63,25662.11,71267.98,69.21
2021-11-23 11:00:00,-2922.68,36865.81,27380.79,72210.55,69.21
2021-11-23 12:00:00,-2199.22,36690.76,27257.67,71880.8,69.21
2021-11-23 13:00:00,-2561.62,36964.29,25268.71,71043.13,69.21
2021-11-23 14:00:00,-575.53,37100.14,21696.74,69884.1,69.21
2021-11-23 15:00:00,14.36,37335.77,17810.55,69495.07,69.21
2021-11-23 16:00:00,217.45,37215.65,16323.19,70358.46,69.21
2021-11-23 17:00:00,529.6,37650.99,16725.34,72345.94,69.21
2021-11-23 18:00:00,-442.08,37750.74,16688.63,72006.56,69.21
2021-11-23 19:00:00,-854.58,37354.99,16453.69,70510.23,69.21
2021-11-23 20:00:00,-898.78,36786.29,16460.69,66719.04,69.21
2021-11-23 21:00:00,-1703.23,36070.01,15965.5,63027.6,69.21
2021-11-23 22:00:00,-2547.66,35361.47,16099.11,59657.96,69.21
2021-11-23 23:00:00,-4651.7,34342.1,16092.76,55887.8,69.21
2021-11-24 00:00:00,-5038.14,34866.45,16436.3,53217.83,69.21
2021-11-24 01:00:00,-5213.41,34507.54,16115.32,51552.09,69.21
2021-11-24 02:00:00,-4870.16,33973.34,15747.48,50733.66,69.21
2021-11-24 03:00:00,-4179.21,34143.62,15382.09,50551.32,69.21
2021-11-24 04:00:00,-4094.0,35555.58,14964.39,51989.77,69.21
2021-11-24 05:00:00,-3548.31,37418.69,14552.25,55289.0,69.21
2021-11-24 06:00:00,-587.63,38708.32,14294.26,62408.66,69.21
2021-11-24 07:00:00,1656.21,39638.57,14423.56,67926.36,69.21
2021-11-24 08:00:00,-745.81,40250.65,15833.82,70183.5,69.21
2021-11-24 09:00:00,-1754.95,40380.47,18208.65,70890.82,69.21
2021-11-24 10:00:00,-1533.09,40395.38,20374.21,71462.19,69.21
2021-11-24 11:00:00,-1936.2,40599.64,21990.14,72072.42,69.21
2021-11-24 12:00:00,-3220.48,40711.41,22437.39,71952.12,69.21
2021-11-24 13:00:00,-2672.34,40901.08,21205.1,71063.02,69.21
2021-11-24 14:00:00,-2362.93,41521.89,19198.46,70217.17,69.21
2021-11-24 15:00:00,-1158.66,41760.99,16936.63,70056.18,69.21
2021-11-24 16:00:00,-432.62,41688.64,15889.02,70847.89,69.21
2021-11-24 17:00:00,-312.88,42057.02,16079.82,72519.34,69.21
2021-11-24 18:00:00,-1055.75,41835.6,16480.19,72161.94,69.21
2021-11-24 19:00:00,135.1,40755.4,16819.98,70655.22,69.21
2021-11-24 20:00:00,13.04,40005.06,16909.31,67078.8,69.21
2021-11-24 21:00:00,-2128.74,39294.84,16578.88,63806.79,69.21
2021-11-24 22:00:00,-2707.35,39282.54,15947.51,60708.97,69.21
2021-11-24 23:00:00,-4122.0,38236.04,15394.45,57029.61,69.21
2021-11-25 00:00:00,-3826.15,36136.7,15115.75,54798.32,69.21
2021-11-25 01:00:00,-2952.72,34791.4,14674.96,53460.76,69.21
2021-11-25 02:00:00,-1726.38,33838.33,14214.86,52630.11,69.21
2021-11-25 03:00:00,-1771.72,33742.82,13560.21,52744.22,69.21
2021-11-25 04:00:00,-1804.2,34747.97,13455.44,53535.67,69.21
2021-11-25 05:00:00,-1862.35,36320.65,14215.21,57174.06,69.21
2021-11-25 06:00:00,-1297.71,38815.69,15381.54,64453.9,69.21
2021-11-25 07:00:00,-2041.77,39857.09,16512.19,69800.64,69.21
2021-11-25 08:00:00,-1793.02,40116.22,18028.86,72594.34,69.21
2021-11-25 09:00:00,-2382.98,40050.39,19956.91,73323.9,69.21
2021-11-25 10:00:00,-3207.57,40094.64,21099.8,73979.35,69.21
2021-11-25 11:00:00,-3568.61,40300.94,21962.81,74921.58,69.21
2021-11-25 12:00:00,-4346.4,40456.72,23260.04,74908.86,69.21
2021-11-25 13:00:00,-4396.7,40485.94,24030.59,74495.54,69.21
2021-11-25 14:00:00,-4747.04,40396.73,23914.48,73616.17,69.21
2021-11-25 15:00:00,-5151.68,40514.81,23408.08,73332.73,69.21
2021-11-25 16:00:00,-4892.67,40587.26,24312.41,74228.03,69.21
2021-11-25 17:00:00,-4997.04,40519.78,25207.58,76040.22,69.21
2021-11-25 18:00:00,-5599.28,40145.65,25821.16,75126.14,69.21
2021-11-25 19:00:00,-5532.04,39127.67,25011.98,72995.54,69.21
2021-11-25 20:00:00,-5217.76,37267.3,23928.39,68643.83,69.21
2021-11-25 21:00:00,-4919.6,35450.78,22541.63,64803.6,69.21
2021-11-25 22:00:00,-5641.27,34613.76,22118.29,61241.91,69.21
2021-11-25 23:00:00,-5978.74,33172.08,20745.8,57563.2,69.21
2021-11-26 00:00:00,-5071.48,32170.76,19978.26,54769.76,69.21
2021-11-26 01:00:00,-5238.63,31992.15,18822.88,52845.7,69.21
2021-11-26 02:00:00,-4669.06,31920.19,17557.51,51979.38,69.21
2021-11-26 03:00:00,-4138.9,32023.56,16898.84,52396.62,69.21
2021-11-26 04:00:00,-2493.28,31779.84,16548.35,54020.47,69.21
2021-11-26 05:00:00,-3324.37,33279.89,16515.34,56962.3,69.21
2021-11-26 06:00:00,-4200.1,37009.79,17084.73,63770.39,69.21
2021-11-26 07:00:00,-5335.72,38977.22,18956.17,69872.35,69.21
2021-11-26 08:00:00,-5783.38,39801.94,21088.53,72636.82,69.21
2021-11-26 09:00:00,-6669.38,39894.54,23920.79,73660.0,69.21
2021-11-26 10:00:00,-6595.61,39631.39,26201.71,73993.94,69.21
2021-11-26 11:00:00,-5738.59,39017.33,27975.82,74685.09,71.26
2021-11-26 12:00:00,-5772.38,38329.13,28833.35,74256.43,71.95
2021-11-26 13:00:00,-6248.51,37597.78,28964.11,72584.94,71.95
2021-11-26 14:00:00,-6278.73,37002.73,28813.45,71113.07,71.95
2021-11-26 15:00:00,-6298.64,36902.52,28892.66,70373.97,71.95
2021-11-26 16:00:00,-7112.67,37130.82,30195.87,71974.44,71.95
2021-11-26 17:00:00,-9389.99,37197.5,32134.81,73489.9,71.95
2021-11-26 18:00:00,-8984.36,36387.87,33188.51,72322.56,71.95
2021-11-26 19:00:00,-9261.97,34723.96,33145.81,70798.66,71.95
2021-11-26 20:00:00,-9371.69,32414.18,32098.92,67218.5,71.95
2021-11-26 21:00:00,-8207.33,31523.75,30597.26,63499.4,71.95
2021-11-26 22:00:00,-6716.11,31004.19,28516.53,60801.46,71.95
2021-11-26 23:00:00,-6308.25,30066.04,27083.11,56933.8,71.95
2021-11-27 00:00:00,-9108.36,28855.27,25640.68,53743.29,71.95
2021-11-27 01:00:00,-10182.84,29130.25,24430.49,50957.63,71.95
2021-11-27 02:00:00,-10065.92,29049.03,23562.34,50007.83,71.95
2021-11-27 03:00:00,-10125.9,29214.66,22552.76,49432.24,71.95
2021-11-27 04:00:00,-9734.08,29554.29,21885.44,49526.9,71.95
2021-11-27 05:00:00,-10442.1,30267.19,21558.67,50045.56,71.95
2021-11-27 06:00:00,-10627.96,31560.48,21292.74,51320.22,71.95
2021-11-27 07:00:00,-10298.12,33078.56,20594.93,54140.64,71.95
2021-11-27 08:00:00,-9196.78,35110.07,20480.9,57787.28,71.95
2021-11-27 09:00:00,-9333.37,36509.13,21482.3,60611.96,71.95
2021-11-27 10:00:00,-8238.33,37222.86,21448.55,62285.56,71.95
2021-11-27 11:00:00,-6755.01,37459.67,20751.75,63287.54,71.95
2021-11-27 12:00:00,-6867.04,37517.93,19834.91,62899.68,71.95
2021-11-27 13:00:00,-6398.34,37223.25,18245.73,61035.31,71.95
2021-11-27 14:00:00,-5867.38,37522.19,16194.68,60139.52,71.95
2021-11-27 15:00:00,-4667.37,37471.73,14595.67,60129.66,71.95
2021-11-27 16:00:00,-4045.17,37543.97,13904.35,62190.26,71.95
2021-11-27 17:00:00,-6177.06,37726.24,14448.19,64247.52,71.95
2021-11-27 18:00:00,-5830.59,37726.7,15028.23,64168.16,71.95
2021-11-27 19:00:00,-5332.03,37626.62,15273.43,62407.14,71.95
2021-11-27 20:00:00,-6963.11,37294.75,15021.82,58910.62,71.95
2021-11-27 21:00:00,-7726.17,35877.75,14885.77,56337.16,71.95
2021-11-27 22:00:00,-7269.3,35374.09,14184.7,54634.31,71.95
2021-11-27 23:00:00,-6638.65,33504.04,13271.17,52057.97,71.95
2021-11-28 00:00:00,-5846.17,31642.85,12695.29,48751.2,71.95
2021-11-28 01:00:00,-5926.76,31585.2,12632.27,46966.94,71.95
2021-11-28 02:00:00,-4855.85,31423.96,12503.55,46143.18,71.95
2021-11-28 03:00:00,-5408.21,31389.01,12570.71,45632.8,71.95
2021-11-28 04:00:00,-4678.87,31369.37,12199.18,45538.62,71.95
2021-11-28 05:00:00,-5496.78,31683.35,12253.81,45613.22,71.95
2021-11-28 06:00:00,-5969.49,32062.04,12679.8,45642.3,71.95
2021-11-28 07:00:00,-6999.79,32693.38,12069.01,47648.13,71.95
2021-11-28 08:00:00,-5994.34,33323.25,13393.51,51102.3,71.95
2021-11-28 09:00:00,-5347.77,33690.67,14095.8,54526.94,71.95
2021-11-28 10:00:00,-5055.85,34280.03,15624.78,56704.15,71.95
2021-11-28 11:00:00,-3833.49,34472.8,17340.53,59433.66,71.95
2021-11-28 12:00:00,-3807.98,34143.41,17669.22,59499.02,71.95
2021-11-28 13:00:00,-4676.64,34084.69,16806.08,57931.77,71.95
2021-11-28 14:00:00,-5312.19,34649.34,14971.51,56667.11,71.95
2021-11-28 15:00:00,-5080.7,34931.61,13487.67,56788.18,71.95
2021-11-28 16:00:00,-3557.06,34767.91,13564.66,58706.98,71.95
2021-11-28 17:00:00,-4158.67,34837.88,14157.93,61381.49,71.95
2021-11-28 18:00:00,-3603.5,34449.14,14221.32,61576.68,71.95
2021-11-28 19:00:00,-4259.93,34223.91,14273.74,60189.12,71.95
2021-11-28 20:00:00,-5052.31,34332.3,14391.6,57777.45,71.95
2021-11-28 21:00:00,-5867.56,34400.25,14658.88,55910.14,71.95
2021-11-28 22:00:00,-5781.3,34318.79,14790.73,55383.55,71.95
2021-11-28 23:00:00,-5625.78,33503.03,14421.27,52724.17,71.95
2021-11-29 00:00:00,-4430.68,32493.64,14232.09,50630.88,71.95
2021-11-29 01:00:00,-4337.18,32524.88,14050.31,49088.85,71.95
2021-11-29 02:00:00,-4155.31,32297.06,13337.07,48373.38,71.95
2021-11-29 03:00:00,-3451.65,32377.27,13811.63,49219.67,71.95
2021-11-29 04:00:00,-4106.77,32999.96,13982.89,50866.37,71.95
2021-11-29 05:00:00,-5406.86,35521.4,14427.6,54572.63,71.95
2021-11-29 06:00:00,-3631.59,37803.58,15660.17,63171.37,71.95
2021-11-29 07:00:00,-1145.84,39709.5,16632.28,69828.69,71.95
2021-11-29 08:00:00,-1388.9,40274.1,17682.72,72744.95,71.95
2021-11-29 09:00:00,-2129.32,40270.36,18994.28,73879.22,71.95
2021-11-29 10:00:00,-2770.55,40301.6,19675.24,74450.23,71.95
2021-11-29 11:00:00,-1209.43,40067.27,20079.21,75033.26,71.95
2021-11-29 12:00:00,-621.59,39941.51,20088.45,75057.45,71.95
2021-11-29 13:00:00,-527.48,40146.81,19063.11,74500.55,71.95
2021-11-29 14:00:00,-1577.15,40115.4,17655.5,73412.22,71.95
2021-11-29 15:00:00,-847.19,40296.88,16594.05,73068.14,71.95
2021-11-29 16:00:00,-1344.8,40478.79,16503.06,74297.06,71.95
2021-11-29 17:00:00,-438.05,40740.08,16273.63,75690.19,71.95
2021-11-29 18:00:00,-1611.64,40690.92,16324.06,74416.41,71.95
2021-11-29 19:00:00,-1749.57,40447.67,16515.2,72205.8,71.95
2021-11-29 20:00:00,-2068.19,39042.71,18194.53,68732.96,71.95
2021-11-29 21:00:00,-3302.23,35087.54,21850.07,66295.65,71.95
2021-11-29 22:00:00,-4960.85,32248.71,25334.54,63648.03,71.95
2021-11-29 23:00:00,-7187.31,29004.43,28505.08,59523.37,71.95
2021-11-30 00:00:00,-8570.39,25195.99,31336.81,56045.64,71.95
2021-11-30 01:00:00,-9303.51,23240.05,34742.04,54768.36,71.95
2021-11-30 02:00:00,-10867.09,21155.19,38861.89,54123.94,71.95
2021-11-30 03:00:00,-11034.88,19501.04,42292.89,55134.87,71.95
2021-11-30 04:00:00,-9996.01,18403.33,44392.98,57513.53,71.95
2021-11-30 05:00:00,-11062.5,19151.86,47465.85,61470.78,71.95
2021-11-30 06:00:00,-10686.63,20372.17,51636.39,69443.7,71.95
2021-11-30 07:00:00,-9856.22,22643.56,52463.21,75512.84,71.95
2021-11-30 08:00:00,-9244.48,23825.58,51021.35,78186.24,71.95
2021-11-30 09:00:00,-9111.51,25679.48,51133.67,78696.08,71.95
2021-11-30 10:00:00,-9153.88,26133.51,52831.39,80106.09,71.95
2021-11-30 11:00:00,-9204.76,26751.28,53962.05,81319.46,71.95
2021-11-30 12:00:00,-9639.98,26796.87,54267.8,80965.75,71.95
2021-11-30 13:00:00,-10281.15,26221.13,53841.25,80224.94,71.95
2021-11-30 14:00:00,-11567.44,26767.69,52169.69,78904.74,71.95
2021-11-30 15:00:00,-12815.89,27716.82,50245.14,77807.33,71.95
2021-11-30 16:00:00,-11978.28,28066.05,47979.46,77816.98,71.95
2021-11-30 17:00:00,-13843.21,29286.62,44641.02,78507.5,71.95
2021-11-30 18:00:00,-11812.89,29400.43,40318.34,76987.12,71.95
2021-11-30 19:00:00,-10608.25,29400.63,34580.31,73764.89,71.95
2021-11-30 20:00:00,-8841.51,29386.25,29814.61,69393.8,71.95
2021-11-30 21:00:00,-6924.66,28196.09,27278.53,65439.21,71.95
2021-11-30 22:00:00,-5691.43,27792.43,25650.51,62055.26,71.95
2021-11-30 23:00:00,-6880.77,26562.28,25445.14,57695.32,71.95
2021-12-01 00:00:00,-9283.03,25174.8,28152.78,55023.86,71.95
2021-12-01 01:00:00,-10267.17,23010.79,31415.02,53240.68,71.95
2021-12-01 02:00:00,-11570.39,22147.47,34483.66,52715.03,71.95
2021-12-01 03:00:00,-10986.47,21213.54,37519.64,53419.1,71.95
2021-12-01 04:00:00,-11640.6,20675.42,40061.1,55355.98,71.95
2021-12-01 05:00:00,-13794.46,21808.62,44101.86,59333.96,71.95
2021-12-01 06:00:00,-11969.38,22524.03,47363.34,67205.88,71.95
2021-12-01 07:00:00,-10661.88,22494.41,49619.06,73604.02,71.95
2021-12-01 08:00:00,-10146.36,21612.53,51563.72,76831.5,71.95
2021-12-01 09:00:00,-10103.61,21295.69,53909.54,77390.78,71.95
2021-12-01 10:00:00,-10249.68,21257.23,56119.69,78577.96,71.95
2021-12-01 11:00:00,-10195.88,21178.86,57470.56,79570.75,71.95
2021-12-01 12:00:00,-9590.05,20981.52,56582.44,78904.64,71.95
2021-12-01 13:00:00,-10324.72,21567.33,55268.97,78156.87,71.95
2021-12-01 14:00:00,-10250.72,22644.59,53990.33,77577.07,71.95
2021-12-01 15:00:00,-10444.2,22959.73,53140.48,77117.32,71.95
2021-12-01 16:00:00,-10382.33,22928.46,52608.95,77613.07,71.95
2021-12-01 17:00:00,-10724.97,23047.59,52260.91,79136.47,71.95
2021-12-01 18:00:00,-10368.64,22304.92,51431.67,77807.59,71.95
2021-12-01 19:00:00,-9552.98,21644.14,50480.3,74430.23,71.95
2021-12-01 20:00:00,-10016.73,20769.21,50058.73,70358.61,71.95
2021-12-01 21:00:00,-9872.9,20216.59,48667.3,66133.15,71.95
2021-12-01 22:00:00,-10419.99,19712.76,46299.86,62903.08,71.95
2021-12-01 23:00:00,-11723.13,18843.89,45449.0,58702.43,71.95
2021-12-02 00:00:00,-10706.72,17506.15,43717.04,56314.8,71.95
2021-12-02 01:00:00,-10072.05,17123.78,42367.59,54525.66,71.95
2021-12-02 02:00:00,-9058.04,17464.73,40054.91,53950.88,71.95
2021-12-02 03:00:00,-8699.75,19999.05,37979.1,54187.88,71.95
2021-12-02 04:00:00,-9180.14,22448.4,35321.32,56323.16,71.95
2021-12-02 05:00:00,-9946.21,25527.32,32757.47,59684.75,71.95
2021-12-02 06:00:00,-6907.76,28989.63,31348.58,67480.31,71.95
2021-12-02 07:00:00,-2365.47,31900.29,29990.12,73382.54,71.95
2021-12-02 08:00:00,-4160.84,34661.82,29529.56,76614.64,71.95
2021-12-02 09:00:00,-5192.56,35919.46,30088.52,77568.5,71.95
2021-12-02 10:00:00,-4688.43,35686.81,31386.11,77930.06,71.95
2021-12-02 11:00:00,-4576.91,35613.18,31266.07,78476.0,71.95
2021-12-02 12:00:00,-4271.02,36038.99,29676.47,78282.88,71.95
2021-12-02 13:00:00,-3496.82,36211.71,26896.44,77448.72,71.95
2021-12-02 14:00:00,-3023.43,36835.4,23612.05,76133.62,71.95
2021-12-02 15:00:00,-1286.31,37832.28,20492.03,75426.65,71.95
2021-12-02 16:00:00,-966.59,38386.6,20185.92,76521.56,71.95
2021-12-02 17:00:00,-827.03,38865.09,20646.73,78085.59,71.95
2021-12-02 18:00:00,-2311.48,39124.01,20830.72,77425.1,71.95
2021-12-02 19:00:00,-3406.23,38652.73,21983.38,74929.05,71.95
2021-12-02 20:00:00,-4529.72,36626.88,23701.45,70989.13,71.95
2021-12-02 21:00:00,-4393.13,33796.46,23111.93,66834.28,71.95
2021-12-02 22:00:00,-5259.03,31258.61,23995.68,63895.61,71.95
2021-12-02 23:00:00,-4380.42,28683.75,25680.1,60331.85,71.95
2021-12-03 00:00:00,-3985.86,27005.7,26650.64,57983.65,71.95
2021-12-03 01:00:00,-5358.61,26493.92,28187.05,56089.16,71.95
2021-12-03 02:00:00,-6168.82,24934.61,28898.27,55684.78,71.95
2021-12-03 03:00:00,-6971.4,24338.3,30654.75,56194.54,71.95
2021-12-03 04:00:00,-7284.4,24799.33,31490.36,57391.86,71.95
2021-12-03 05:00:00,-6461.77,25748.33,33203.3,60689.49,71.95
2021-12-03 06:00:00,-7104.37,27666.66,34175.99,67729.74,71.95
2021-12-03 07:00:00,-6407.88,28194.43,34809.4,73489.45,71.95
2021-12-03 08:00:00,-6336.07,27958.19,37815.6,76873.08,71.95
2021-12-03 09:00:00,-8486.93,27753.29,40951.2,76958.64,71.95
2021-12-03 10:00:00,-9976.76,26855.47,44724.35,77154.97,71.95
2021-12-03 11:00:00,-10075.1,26490.93,48421.6,77832.31,77.06
2021-12-03 12:00:00,-10433.02,26056.75,49992.66,77601.9,78.76
2021-12-03 13:00:00,-10269.06,25572.03,49155.38,75990.45,78.76
2021-12-03 14:00:00,-10019.91,25789.82,47398.78,74700.46,78.76
2021-12-03 15:00:00,-9072.92,25888.55,45480.41,74686.55,78.76
2021-12-03 16:00:00,-8834.52,26348.2,45758.11,76467.12,78.76
2021-12-03 17:00:00,-9746.14,26769.68,46895.73,78626.04,78.76
2021-12-03 18:00:00,-9039.96,26058.03,47980.93,78112.68,78.76
2021-12-03 19:00:00,-9436.45,25108.86,47132.42,75493.54,78.76
2021-12-03 20:00:00,-10397.62,24217.47,45343.26,71068.66,78.76
2021-12-03 21:00:00,-11225.25,24179.65,42180.22,67059.56,78.76
2021-12-03 22:00:00,-9950.28,24202.25,37401.01,63492.0,78.76
2021-12-03 23:00:00,-8879.39,24913.02,33545.28,59661.65,78.76
2021-12-04 00:00:00,-7321.85,25098.5,29786.91,57159.54,78.76
2021-12-04 01:00:00,-6469.54,24932.07,26231.77,54252.23,78.76
2021-12-04 02:00:00,-6818.33,25640.18,23044.45,52329.48,78.76
2021-12-04 03:00:00,-5205.31,26479.77,20382.8,51662.18,78.76
2021-12-04 04:00:00,-3954.49,26973.04,18139.01,51272.13,78.76
2021-12-04 05:00:00,-3374.0,27443.7,16646.43,51509.05,78.76
2021-12-04 06:00:00,-4401.22,29010.97,15267.26,52448.84,78.76
2021-12-04 07:00:00,-3240.75,30140.72,14536.51,55145.66,78.76
2021-12-04 08:00:00,-1884.32,30937.96,14293.99,58706.48,78.76
2021-12-04 09:00:00,-840.73,31437.69,14568.1,61288.74,78.76
2021-12-04 10:00:00,1015.37,31235.22,15105.4,62999.6,78.76
2021-12-04 11:00:00,1669.48,30865.45,15819.64,64176.5,78.76
2021-12-04 12:00:00,3467.85,30659.51,16461.65,63961.58,78.76
2021-12-04 13:00:00,1480.76,30853.61,15983.9,62418.92,78.76
2021-12-04 14:00:00,1582.55,30835.4,15573.49,61007.54,78.76
2021-12-04 15:00:00,-531.07,30954.11,16833.72,61208.71,78.76
2021-12-04 16:00:00,-906.3,31147.14,18764.37,62985.04,78.76
2021-12-04 17:00:00,-2499.36,31505.46,20733.26,65122.56,78.76
2021-12-04 18:00:00,-4347.68,31452.37,22173.92,65041.19,78.76
2021-12-04 19:00:00,-5260.46,30155.59,23157.88,63167.53,78.76
2021-12-04 20:00:00,-5093.84,28726.03,24125.3,59736.96,78.76
2021-12-04 21:00:00,-5686.38,27505.55,24334.25,57001.52,78.76
2021-12-04 22:00:00,-5996.95,27397.85,23924.28,56086.62,78.76
2021-12-04 23:00:00,-5829.63,26414.53,24112.49,53008.24,78.76
2021-12-05 00:00:00,-5675.59,24594.08,24984.96,50387.15,78.76
2021-12-05 01:00:00,-5680.46,23571.83,25758.47,48658.61,78.76
2021-12-05 02:00:00,-6427.58,22714.36,25841.75,47301.33,78.76
2021-12-05 03:00:00,-6658.61,23198.53,25027.58,46831.6,78.76
2021-12-05 04:00:00,-6002.67,23171.48,23681.25,47219.41,78.76
2021-12-05 05:00:00,-5943.37,23567.77,22275.73,47498.15,78.76
2021-12-05 06:00:00,-5990.05,24594.83,21910.96,47463.94,78.76
2021-12-05 07:00:00,-5678.48,25846.47,21805.63,49232.67,78.76
2021-12-05 08:00:00,-5864.84,27290.83,22101.89,52561.28,78.76
2021-12-05 09:00:00,-6536.83,28396.05,23198.94,55692.8,78.76
2021-12-05 10:00:00,-6227.05,29463.57,24561.03,57936.98,78.76
2021-12-05 11:00:00,-6571.72,30274.69,24902.67,60270.06,78.76
2021-12-05 12:00:00,-5751.05,30751.23,23887.17,60245.98,78.76
2021-12-05 13:00:00,-5302.36,31174.7,21765.91,58369.7,78.76
2021-12-05 14:00:00,-4786.59,31385.43,19416.63,57632.69,78.76
2021-12-05 15:00:00,-3425.3,31742.73,17732.47,57717.03,78.76
2021-12-05 16:00:00,-3962.46,32348.65,17561.41,59802.32,78.76
2021-12-05 17:00:00,-4974.51,32528.92,18115.14,62630.32,78.76
2021-12-05 18:00:00,-4707.9,32349.97,18697.6,62708.45,78.76
2021-12-05 19:00:00,-4030.78,32032.87,18960.16,61498.01,78.76
2021-12-05 20:00:00,-4213.53,31862.1,18378.78,58728.22,78.76
2021-12-05 21:00:00,-3834.36,31352.38,17673.02,57005.62,78.76
2021-12-05 22:00:00,-3464.83,31211.97,17168.16,56259.41,78.76
2021-12-05 23:00:00,-3886.05,30229.91,16956.96,53327.23,78.76
2021-12-06 00:00:00,-4122.63,29807.11,16896.01,51438.82,78.76
2021-12-06 01:00:00,-3765.47,30048.34,15881.42,49969.62,78.76
2021-12-06 02:00:00,-3590.28,30178.35,15553.0,49542.18,78.76
2021-12-06 03:00:00,-3368.87,30345.66,15023.9,50547.93,78.76
2021-12-06 04:00:00,-3782.8,31685.96,14831.39,52283.05,78.76
2021-12-06 05:00:00,-4306.48,33736.6,15103.73,56116.96,78.76
2021-12-06 06:00:00,-1781.66,36879.17,15201.21,63825.74,78.76
2021-12-06 07:00:00,272.76,39718.88,15333.06,69463.18,78.76
2021-12-06 08:00:00,-1138.68,40239.23,16324.04,72656.6,78.76
2021-12-06 09:00:00,-2178.03,40279.22,17450.73,72891.52,78.76
2021-12-06 10:00:00,-1558.98,39742.9,19102.56,73214.64,78.76
2021-12-06 11:00:00,-870.62,39780.25,20453.3,74046.42,78.76
2021-12-06 12:00:00,-603.22,39731.93,20567.88,74127.44,78.76
2021-12-06 13:00:00,-127.87,39612.56,20176.57,73478.76,78.76
2021-12-06 14:00:00,68.91,39466.8,19349.08,72729.4,78.76
2021-12-06 15:00:00,1087.26,39049.02,19118.69,73068.57,78.76
2021-12-06 16:00:00,542.14,38895.72,20497.1,74213.35,78.76
2021-12-06 17:00:00,-1328.0,39053.05,22471.49,75886.03,78.76
2021-12-06 18:00:00,-1737.56,38468.24,24355.12,75371.9,78.76
2021-12-06 19:00:00,-3441.7,37260.58,26020.71,73530.39,78.76
2021-12-06 20:00:00,-5000.57,34858.76,27258.06,69892.85,78.76
2021-12-06 21:00:00,-6447.48,33217.06,27419.72,66493.79,78.76
2021-12-06 22:00:00,-6828.04,32365.41,27459.59,62917.06,78.76
2021-12-06 23:00:00,-8398.2,30966.43,28428.12,59646.36,78.76
2021-12-07 00:00:00,-9362.93,28467.03,29985.75,56468.89,78.76
2021-12-07 01:00:00,-10367.0,27734.33,30734.9,54621.02,78.76
2021-12-07 02:00:00,-10622.35,26924.2,30541.53,53759.25,78.76
2021-12-07 03:00:00,-10347.14,27517.32,28940.61,54091.38,78.76
2021-12-07 04:00:00,-10156.38,29881.15,27406.31,55507.17,78.76
2021-12-07 05:00:00,-10059.54,32713.18,26450.72,58577.8,78.76
2021-12-07 06:00:00,-9175.23,37135.36,26431.52,66019.15,78.76
2021-12-07 07:00:00,-8201.0,40044.63,26507.75,72067.13,78.76
2021-12-07 08:00:00,-8613.65,40830.0,25774.46,74504.88,78.76
2021-12-07 09:00:00,-8181.71,41046.98,25166.1,75398.62,78.76
2021-12-07 10:00:00,-7457.64,40939.84,25127.32,75948.48,78.76
2021-12-07 11:00:00,-6811.64,40976.75,25931.18,76402.06,78.76
2021-12-07 12:00:00,-4867.42,40704.0,26748.8,75960.16,78.76
2021-12-07 13:00:00,-4069.24,40593.79,25391.59,75006.06,78.76
2021-12-07 14:00:00,-4583.57,40480.84,22597.65,74229.36,78.76
2021-12-07 15:00:00,-3144.02,40074.63,20934.43,73553.89,78.76
2021-12-07 16:00:00,-3806.19,40172.4,21923.67,74805.6,78.76
2021-12-07 17:00:00,-5829.28,39664.59,26112.27,77178.99,78.76
2021-12-07 18:00:00,-6384.92,38185.1,30088.37,77290.23,78.76
2021-12-07 19:00:00,-7164.59,35179.69,33139.01,75328.29,78.76
2021-12-07 20:00:00,-9877.08,32121.8,35508.52,71230.69,78.76
2021-12-07 21:00:00,-10400.06,29101.2,37713.36,67799.05,78.76
2021-12-07 22:00:00,-10600.56,26363.6,38937.12,64692.98,78.76
2021-12-07 23:00:00,-10940.84,23633.34,40471.35,61162.71,78.76
2021-12-08 00:00:00,-8583.34,20294.99,40945.97,57156.74,78.76
2021-12-08 01:00:00,-10275.75,19771.95,41444.12,55680.66,78.76
2021-12-08 02:00:00,-8693.16,19147.83,40296.05,54880.12,78.76
2021-12-08 03:00:00,-8583.77,19459.86,39946.33,55206.95,78.76
2021-12-08 04:00:00,-9315.55,20492.29,41172.54,56548.18,78.76
2021-12-08 05:00:00,-6856.22,21651.79,39945.34,59744.14,78.76
2021-12-08 06:00:00,-7428.62,27376.96,39886.61,67383.84,78.76
2021-12-08 07:00:00,-6636.13,31720.58,38037.03,73947.69,78.76
2021-12-08 08:00:00,-6489.2,33707.8,36687.06,76539.12,78.76
2021-12-08 09:00:00,-5276.76,34193.88,35694.01,76953.2,78.76
2021-12-08 10:00:00,-3874.57,34783.31,34370.02,77711.54,78.76
2021-12-08 11:00:00,-2518.04,35368.6,32719.24,78572.02,78.76
2021-12-08 12:00:00,-2865.32,36608.7,31212.85,77776.71,78.76
2021-12-08 13:00:00,-2969.8,37316.32,29331.44,77003.68,78.76
2021-12-08 14:00:00,-3576.26,37998.76,27354.79,75779.46,78.76
2021-12-08 15:00:00,-4005.19,38542.52,25234.64,75186.55,78.76
2021-12-08 16:00:00,-3729.76,38631.38,24097.08,76078.13,78.76
2021-12-08 17:00:00,-2525.45,38734.08,23919.81,78039.21,78.76
2021-12-08 18:00:00,-2610.12,38852.62,23449.88,76931.38,78.76
2021-12-08 19:00:00,-2692.31,38298.4,22751.38,74781.41,78.76
2021-12-08 20:00:00,-2881.93,37536.77,21752.03,70515.48,78.76
2021-12-08 21:00:00,-2673.64,36309.15,20125.95,65661.2,78.76
2021-12-08 22:00:00,-3437.51,34899.75,18718.19,61659.09,78.76
2021-12-08 23:00:00,-3562.32,34463.42,17872.16,57126.26,78.76
2021-12-09 00:00:00,-4288.32,34263.81,17436.82,54673.45,78.76
2021-12-09 01:00:00,-4817.49,34565.81,17548.09,53216.51,78.76
2021-12-09 02:00:00,-4248.98,34006.95,16624.88,52486.2,78.76
2021-12-09 03:00:00,-4285.98,34326.24,15914.72,52511.38,78.76
2021-12-09 04:00:00,-3141.26,34879.45,15812.41,54225.48,78.76
2021-12-09 05:00:00,-3523.48,35756.68,15853.74,57467.57,78.76
2021-12-09 06:00:00,-1955.42,38441.21,16004.4,64801.46,78.76
2021-12-09 07:00:00,734.78,40447.35,16139.38,70773.98,78.76
2021-12-09 08:00:00,969.12,41775.12,16382.86,73503.65,78.76
2021-12-09 09:00:00,-876.0,42041.35,16821.98,73780.29,78.76
2021-12-09 10:00:00,-1074.31,42023.15,17209.46,74286.59,78.76
2021-12-09 11:00:00,433.4,42014.68,17362.35,75006.54,78.76
2021-12-09 12:00:00,2016.47,42359.09,17305.46,75015.88,78.76
2021-12-09 13:00:00,833.98,42368.53,17219.22,74613.06,78.76
2021-12-09 14:00:00,824.64,42465.28,16164.28,73477.7,78.76
2021-12-09 15:00:00,122.85,42845.37,15674.47,73119.59,78.76
2021-12-09 16:00:00,-1582.34,43028.73,16192.71,74262.13,78.76
2021-12-09 17:00:00,-1197.89,43120.47,16684.43,75748.45,78.76
2021-12-09 18:00:00,-1320.14,42823.03,17161.21,74660.11,78.76
2021-12-09 19:00:00,-747.44,41931.41,17844.64,72848.59,78.76
2021-12-09 20:00:00,-2290.79,40246.06,18650.36,68971.9,78.76
2021-12-09 21:00:00,-3296.56,38585.37,19100.31,65020.31,78.76
2021-12-09 22:00:00,-3923.11,36829.38,19316.07,61620.5,78.76
2021-12-09 23:00:00,-4271.57,34424.79,18914.06,57596.09,78.76
2021-12-10 00:00:00,-2941.81,32683.44,18009.99,54688.6,78.76
2021-12-10 01:00:00,-2432.94,31427.18,17630.71,53225.01,78.76
2021-12-10 02:00:00,-2570.59,31193.04,17522.28,52251.65,78.76
2021-12-10 03:00:00,-794.22,30260.48,17173.61,53017.26,78.76
2021-12-10 04:00:00,-375.61,30840.66,17102.94,54405.89,78.76
2021-12-10 05:00:00,-994.12,32564.61,17240.36,57394.5,78.76
2021-12-10 06:00:00,-285.94,35900.56,18270.37,64194.88,78.76
2021-12-10 07:00:00,-199.77,38533.98,19434.87,70543.15,78.76
2021-12-10 08:00:00,-1428.67,39264.9,20510.52,73212.18,78.76
2021-12-10 09:00:00,-2587.4,39605.42,21332.24,73506.77,78.76
2021-12-10 10:00:00,-988.99,40303.34,21536.52,73939.17,78.76
2021-12-10 11:00:00,-447.83,40539.52,20922.71,74017.1,79.56
2021-12-10 12:00:00,118.02,40536.68,19026.85,73564.17,79.83
2021-12-10 13:00:00,2219.56,40382.54,16566.33,72290.91,79.83
2021-12-10 14:00:00,2862.63,40832.7,14003.32,71067.2,79.83
2021-12-10 15:00:00,3611.91,40790.59,12252.18,70740.8,79.83
2021-12-10 16:00:00,4833.25,40583.22,12349.86,72003.18,79.83
2021-12-10 17:00:00,4408.14,40570.57,12688.76,73550.12,79.83
2021-12-10 18:00:00,3180.75,40370.53,12392.48,72415.58,79.83
2021-12-10 19:00:00,3373.41,39536.79,11798.06,69785.91,79.83
2021-12-10 20:00:00,2952.1,38039.62,10990.6,65664.02,79.83
2021-12-10 21:00:00,1998.39,36796.31,10272.65,62073.48,79.83
2021-12-10 22:00:00,562.74,36107.99,9721.24,59179.89,79.83
2021-12-10 23:00:00,435.36,34209.34,9384.88,55464.09,79.83
2021-12-11 00:00:00,1284.48,31720.96,9262.28,52369.65,79.83
2021-12-11 01:00:00,1647.92,31786.72,9261.39,50777.1,79.83
2021-12-11 02:00:00,1482.65,30751.1,9294.99,49476.76,79.83
2021-12-11 03:00:00,1688.72,30849.21,9519.08,49084.26,79.83
2021-12-11 04:00:00,1134.02,31327.72,9870.81,49127.0,79.83
2021-12-11 05:00:00,-144.48,31471.51,10080.06,49337.59,79.83
2021-12-11 06:00:00,-3453.55,32808.77,10381.17,50644.27,79.83
2021-12-11 07:00:00,-3013.75,34458.48,11118.67,53965.56,79.83
2021-12-11 08:00:00,-1728.06,34917.17,12107.43,57572.08,79.83
2021-12-11 09:00:00,-2012.21,35138.49,14061.21,60660.06,79.83
2021-12-11 10:00:00,-3079.78,35346.82,17032.55,62308.44,79.83
2021-12-11 11:00:00,-2953.73,35337.66,18955.9,63567.67,79.83
2021-12-11 12:00:00,-3346.8,34968.06,20168.73,63540.5,79.83
2021-12-11 13:00:00,-3841.84,34171.36,19804.12,62473.66,79.83
2021-12-11 14:00:00,-4189.01,34530.33,18372.97,61375.14,79.83
2021-12-11 15:00:00,-3947.83,35215.71,17065.28,61577.11,79.83
2021-12-11 16:00:00,-3018.5,35421.94,17025.88,63418.33,79.83
2021-12-11 17:00:00,-3865.62,35484.44,17335.57,65741.77,79.83
2021-12-11 18:00:00,-3540.72,35489.72,18033.07,65770.22,79.83
2021-12-11 19:00:00,-3586.13,34589.89,18121.45,63209.89,79.83
2021-12-11 20:00:00,-4816.04,32847.97,18722.3,59649.22,79.83
2021-12-11 21:00:00,-5842.46,30945.61,19543.5,57001.25,79.83
2021-12-11 22:00:00,-5552.69,29050.62,20120.24,55506.76,79.83
2021-12-11 23:00:00,-5169.77,26781.62,21642.68,53049.82,79.83
2021-12-12 00:00:00,-5137.12,24943.74,23454.98,50159.12,79.83
2021-12-12 01:00:00,-5143.47,23424.16,24670.27,48237.8,79.83
2021-12-12 02:00:00,-6672.18,22680.18,25287.41,47069.84,79.83
2021-12-12 03:00:00,-7349.08,22410.15,25847.98,46607.84,79.83
2021-12-12 04:00:00,-7911.26,21803.38,26636.14,46461.68,79.83
2021-12-12 05:00:00,-9417.09,22134.24,27621.44,46484.37,79.83
2021-12-12 06:00:00,-10789.9,21674.02,29259.15,46886.97,79.83
2021-12-12 07:00:00,-10719.12,21527.54,31177.8,49463.9,79.83
2021-12-12 08:00:00,-9752.03,21883.14,32452.24,52839.15,79.83
2021-12-12 09:00:00,-8592.99,23408.95,33662.58,56816.23,79.83
2021-12-12 10:00:00,-8422.24,24847.88,34233.84,59401.68,79.83
2021-12-12 11:00:00,-8123.63,25373.23,33930.33,62147.16,79.83
2021-12-12 12:00:00,-8294.32,25907.66,32185.53,62043.33,79.83
2021-12-12 13:00:00,-8738.1,27061.32,29913.94,60164.81,79.83
2021-12-12 14:00:00,-8804.21,28222.91,27374.14,58629.5,79.83
2021-12-12 15:00:00,-9549.26,29516.68,24815.88,58471.41,79.83
2021-12-12 16:00:00,-8058.21,30099.76,23880.1,60294.4,79.83
2021-12-12 17:00:00,-6775.43,30362.58,23088.29,62768.25,79.83
2021-12-12 18:00:00,-6865.62,30414.36,22002.58,62450.86,79.83
2021-12-12 19:00:00,-6328.06,30116.1,21056.76,60863.8,79.83
2021-12-12 20:00:00,-6236.08,30019.33,20512.47,58106.84,79.83
2021-12-12 21:00:00,-6341.55,29811.82,19991.58,56300.11,79.83
2021-12-12 22:00:00,-5174.86,29387.78,19264.36,55831.23,79.83
2021-12-12 23:00:00,-5865.2,27953.88,18793.47,52359.41,79.83
2021-12-13 00:00:00,-6653.04,26933.26,18772.63,49526.14,79.83
2021-12-13 01:00:00,-6812.63,26688.84,18783.91,47954.52,79.83
2021-12-13 02:00:00,-5670.95,26643.99,18970.94,47455.2,79.83
2021-12-13 03:00:00,-5370.19,27001.92,19141.26,47847.34,79.83
2021-12-13 04:00:00,-5510.88,27869.16,19075.53,49640.23,79.83
2021-12-13 05:00:00,-5560.66,30057.18,19549.61,53881.37,79.83
2021-12-13 06:00:00,-3290.38,32970.52,19829.01,62006.82,79.83
2021-12-13 07:00:00,-974.03,36195.02,19464.23,68273.32,79.83
2021-12-13 08:00:00,-920.17,36820.69,19643.4,71185.31,79.83
2021-12-13 09:00:00,-1038.94,36288.43,20351.31,71528.86,79.83
2021-12-13 10:00:00,397.3,36195.0,21511.39,72392.76,79.83
2021-12-13 11:00:00,1237.64,36112.26,22816.38,72873.29,79.83
2021-12-13 12:00:00,1292.07,36145.02,22881.1,72032.65,79.83
2021-12-13 13:00:00,1288.89,36693.49,21555.42,72656.77,79.83
2021-12-13 14:00:00,460.94,36793.23,19992.49,71362.6,79.83
2021-12-13 15:00:00,-96.0,37212.7,18412.39,70976.0,79.83
2021-12-13 16:00:00,-714.8,37746.95,18527.58,72059.43,79.83
2021-12-13 17:00:00,-272.05,37425.3,18863.79,73435.18,79.83
2021-12-13 18:00:00,-777.75,37437.04,19170.32,72661.6,79.83
2021-12-13 19:00:00,189.35,36515.1,19527.24,70908.65,79.83
2021-12-13 20:00:00,-1978.46,35975.3,20534.05,67179.33,79.83
2021-12-13 21:00:00,-2482.84,35376.45,20987.03,63638.59,79.83
2021-12-13 22:00:00,-5072.22,34302.43,21212.56,60453.59,79.83
2021-12-13 23:00:00,-5897.87,32108.19,21848.84,56674.55,79.83
2021-12-14 00:00:00,-5229.28,29940.81,22489.18,53705.04,79.83
2021-12-14 01:00:00,-6190.7,29424.59,22953.4,52256.21,79.83
2021-12-14 02:00:00,-6104.8,29259.74,22271.03,51384.26,79.83
2021-12-14 03:00:00,-5913.29,29458.13,21729.83,51541.42,79.83
2021-12-14 04:00:00,-5408.27,30318.55,21909.59,53413.47,79.83
2021-12-14 05:00:00,-4169.28,31382.58,21716.68,56963.78,79.83
2021-12-14 06:00:00,-4018.32,34991.02,20983.94,64109.27,79.83
2021-12-14 07:00:00,-2225.37,36770.76,20119.04,70792.41,79.83
2021-12-14 08:00:00,-1066.18,37205.76,18965.57,73555.2,79.83
2021-12-14 09:00:00,-568.65,37216.33,18206.65,73552.27,79.83
2021-12-14 10:00:00,993.6,37693.17,18054.86,73847.63,79.83
2021-12-14 11:00:00,1779.77,38403.78,17643.7,74186.41,79.83
2021-12-14 12:00:00,2430.8,38988.52,16316.61,73266.89,79.83
2021-12-14 13:00:00,3732.14,38981.25,15070.24,72489.88,79.83
2021-12-14 14:00:00,4185.39,38837.45,13758.76,71389.16,79.83
2021-12-14 15:00:00,4156.92,38518.06,12961.27,70993.87,79.83
2021-12-14 16:00:00,3284.93,38268.02,13437.62,72045.65,79.83
2021-12-14 17:00:00,3954.22,38254.8,14457.69,73292.7,79.83
2021-12-14 18:00:00,2740.28,38082.45,15284.4,72287.17,79.83
2021-12-14 19:00:00,1993.13,37717.3,15715.05,70236.66,79.83
2021-12-14 20:00:00,701.98,36699.85,16155.04,66254.14,79.83
2021-12-14 21:00:00,-1081.36,35822.84,17456.71,63044.02,79.83
2021-12-14 22:00:00,-1817.3,33666.86,19125.57,60047.78,79.83
2021-12-14 23:00:00,-2295.69,31064.65,20594.73,56199.63,79.83
2021-12-15 00:00:00,-3426.32,28817.79,21524.83,53848.22,79.83
2021-12-15 01:00:00,-4334.94,28290.98,21688.63,51378.47,79.83
2021-12-15 02:00:00,-4309.04,27647.98,22229.23,50816.42,79.83
2021-12-15 03:00:00,-4045.67,27430.06,22409.97,51337.7,79.83
2021-12-15 04:00:00,-4268.61,28389.03,22712.07,52484.34,79.83
2021-12-15 05:00:00,-3474.03,30227.82,23520.8,56247.72,79.83
2021-12-15 06:00:00,-2535.79,33037.02,24499.6,63561.34,79.83
2021-12-15 07:00:00,-1302.05,34703.69,25350.06,70185.34,79.83
2021-12-15 08:00:00,105.55,35059.67,25651.82,73234.55,79.83
2021-12-15 09:00:00,-1591.64,35051.83,26383.39,73452.8,79.83
2021-12-15 10:00:00,-2478.47,34939.94,27235.52,73978.99,79.83
2021-12-15 11:00:00,-1115.06,34458.49,27893.27,74725.12,79.83
2021-12-15 12:00:00,-205.19,33915.25,27804.11,74393.56,79.83
2021-12-15 13:00:00,750.69,34215.4,26764.92,73642.42,79.83
2021-12-15 14:00:00,1657.45,34345.51,25442.57,72759.06,79.83
2021-12-15 15:00:00,76.35,35082.86,24184.06,72392.2,79.83
2021-12-15 16:00:00,-1084.07,36019.54,24353.88,73447.72,79.83
2021-12-15 17:00:00,-1199.62,36196.5,24303.86,74678.5,79.83
2021-12-15 18:00:00,-1578.26,35861.51,24079.57,73628.5,79.83
2021-12-15 19:00:00,-1358.86,35314.38,23739.72,71637.66,79.83
2021-12-15 20:00:00,-2601.57,34519.53,23422.02,67746.59,79.83
2021-12-15 21:00:00,-3625.35,32908.0,23351.56,64032.5,79.83
2021-12-15 22:00:00,-3831.04,31627.36,23055.49,60874.25,79.83
2021-12-15 23:00:00,-4376.06,30704.33,22541.11,57058.05,79.83
2021-12-16 00:00:00,-5054.45,29088.08,21937.27,53274.9,79.83
2021-12-16 01:00:00,-5149.92,29001.65,21417.83,51263.44,79.83
2021-12-16 02:00:00,-3976.86,28453.81,19933.19,50509.13,79.83
2021-12-16 03:00:00,-3799.32,28816.06,18586.17,50305.48,79.83
2021-12-16 04:00:00,-2553.89,29572.94,17547.74,51595.4,79.83
2021-12-16 05:00:00,-813.28,30850.43,16940.11,55468.91,79.83
2021-12-16 06:00:00,2068.75,33548.08,16454.12,62852.01,79.83
2021-12-16 07:00:00,3481.82,35251.9,16120.75,69275.18,79.83
2021-12-16 08:00:00,3639.15,36009.25,15585.23,71709.06,79.83
2021-12-16 09:00:00,4153.53,36146.11,15461.0,71980.18,79.83
2021-12-16 10:00:00,4804.3,36706.22,16093.67,72254.59,79.83
2021-12-16 11:00:00,5662.95,37101.5,16862.45,73239.92,79.83
2021-12-16 12:00:00,6187.66,37062.23,17240.05,73149.84,79.83
2021-12-16 13:00:00,4878.38,37040.66,17119.2,72301.31,79.83
2021-12-16 14:00:00,4479.66,37294.84,16166.3,71207.99,79.83
2021-12-16 15:00:00,4203.52,37416.98,14721.53,70759.04,79.83
2021-12-16 16:00:00,3008.1,37990.97,14662.36,71665.22,79.83
2021-12-16 17:00:00,1184.07,39356.27,15411.29,73288.34,79.83
2021-12-16 18:00:00,1863.78,39151.7,15726.24,73004.2,79.83
2021-12-16 19:00:00,2599.6,38589.8,15719.36,71222.71,79.83
2021-12-16 20:00:00,962.61,37452.33,15877.02,67480.5,79.83
2021-12-16 21:00:00,-616.88,36277.98,15998.36,63917.07,79.83
2021-12-16 22:00:00,-1219.45,34963.74,16093.94,60776.35,79.83
2021-12-16 23:00:00,-1669.93,33188.59,16297.96,57074.28,79.83
2021-12-17 00:00:00,-3626.21,31583.76,16395.42,53443.86,79.83
2021-12-17 01:00:00,-3457.58,30795.07,16232.95,51421.04,79.83
2021-12-17 02:00:00,-2427.6,30048.39,15943.98,50789.0,79.83
2021-12-17 03:00:00,-1940.5,29892.78,15227.36,50985.51,79.83
2021-12-17 04:00:00,-896.07,30613.52,14766.71,51900.24,79.83
2021-12-17 05:00:00,54.56,32233.35,14151.54,54671.17,79.83
2021-12-17 06:00:00,1738.57,35501.92,14006.45,61591.81,79.83
2021-12-17 07:00:00,3055.2,37110.47,14033.16,68011.54,79.83
2021-12-17 08:00:00,2140.74,37579.54,14422.77,70618.55,79.83
2021-12-17 09:00:00,1222.79,38081.42,15868.79,69905.81,79.83
2021-12-17 10:00:00,2063.06,37869.76,17547.83,70740.76,79.83
2021-12-17 11:00:00,1916.39,37640.08,18476.22,71329.93,81.64
2021-12-17 12:00:00,3568.65,37599.38,18229.66,70769.72,82.25
2021-12-17 13:00:00,2659.58,37636.4,17294.8,69482.13,82.25
2021-12-17 14:00:00,3014.16,37528.73,15737.81,67998.92,82.25
2021-12-17 15:00:00,2488.96,37838.39,14055.28,67603.17,82.25
2021-12-17 16:00:00,2000.53,38124.19,13580.63,68729.77,82.25
2021-12-17 17:00:00,1411.17,38245.87,14048.18,70467.39,82.25
2021-12-17 18:00:00,1928.47,37942.97,14265.24,69612.49,82.25
2021-12-17 19:00:00,3302.22,36620.85,14429.24,67726.18,82.25
2021-12-17 20:00:00,1840.93,35334.47,14104.88,63556.76,82.25
2021-12-17 21:00:00,113.09,34446.32,13359.21,59901.59,82.25
2021-12-17 22:00:00,-357.64,33293.6,12550.47,56938.56,82.25
2021-12-17 23:00:00,-645.71,30980.03,12142.12,53506.56,82.25
2021-12-18 00:00:00,-1269.2,29229.95,11963.31,50970.67,82.25
2021-12-18 01:00:00,-1382.66,28805.75,12208.34,49242.16,82.25
2021-12-18 02:00:00,-1591.85,28186.42,12395.07,48546.86,82.25
2021-12-18 03:00:00,-1917.26,27945.53,12885.99,48432.06,82.25
2021-12-18 04:00:00,-2222.39,28070.0,13391.94,47992.05,82.25
2021-12-18 05:00:00,-2581.92,27967.34,13695.01,48599.34,82.25
2021-12-18 06:00:00,-4228.0,29628.76,14492.58,50221.38,82.25
2021-12-18 07:00:00,-5041.55,31044.91,15700.48,53627.37,82.25
2021-12-18 08:00:00,-4211.88,32119.1,17011.29,57561.29,82.25
2021-12-18 09:00:00,-4235.54,32346.76,18827.71,60860.84,82.25
2021-12-18 10:00:00,-3984.58,31972.4,21101.9,62972.57,82.25
2021-12-18 11:00:00,-4034.43,31456.22,22915.46,64344.36,82.25
2021-12-18 12:00:00,-4438.24,31144.37,23926.92,63926.62,82.25
2021-12-18 13:00:00,-5039.06,30801.29,24049.09,62497.66,82.25
2021-12-18 14:00:00,-4510.2,31050.88,23631.51,61424.82,82.25
2021-12-18 15:00:00,-4802.38,31253.58,23349.03,61437.74,82.25
2021-12-18 16:00:00,-5092.95,31494.69,24013.65,63221.67,82.25
2021-12-18 17:00:00,-5267.48,31482.05,25090.75,65441.57,82.25
2021-12-18 18:00:00,-5132.64,30853.6,26557.24,65191.31,82.25
2021-12-18 19:00:00,-4802.94,29209.78,27311.64,62854.47,82.25
2021-12-18 20:00:00,-6159.81,27124.91,27541.32,58927.24,82.25
2021-12-18 21:00:00,-5308.42,24931.24,28775.21,55987.18,82.25
2021-12-18 22:00:00,-4738.45,23625.32,29851.6,54780.36,82.25
2021-12-18 23:00:00,-4560.61,20244.83,31618.66,51992.14,82.25
2021-12-19 00:00:00,-6500.45,20075.28,32714.53,49441.92,82.25
2021-12-19 01:00:00,-6983.96,18582.57,33621.89,47587.46,82.25
2021-12-19 02:00:00,-7082.93,17440.7,33969.22,46725.24,82.25
2021-12-19 03:00:00,-7389.46,16934.58,34300.67,46415.46,82.25
2021-12-19 04:00:00,-7523.55,17691.46,34590.63,46578.58,82.25
2021-12-19 05:00:00,-7884.99,17943.9,34185.51,46650.74,82.25
2021-12-19 06:00:00,-8242.74,18306.26,34119.16,46745.97,82.25
2021-12-19 07:00:00,-8013.28,20288.51,33824.86,48528.08,82.25
2021-12-19 08:00:00,-7338.43,22192.2,33899.57,51877.1,82.25
2021-12-19 09:00:00,-7992.46,23538.54,35501.23,55571.39,82.25
2021-12-19 10:00:00,-8281.1,23687.32,37601.4,58128.74,82.25
2021-12-19 11:00:00,-7910.57,23491.17,39054.9,60950.58,82.25
2021-12-19 12:00:00,-8385.1,23150.75,39647.62,60881.1,82.25
2021-12-19 13:00:00,-8720.78,23327.06,38828.19,58525.4,82.25
2021-12-19 14:00:00,-9042.29,24324.84,36860.74,57694.8,82.25
2021-12-19 15:00:00,-9601.9,25046.81,35228.12,57863.3,82.25
2021-12-19 16:00:00,-7698.59,26054.81,33807.63,59565.55,82.25
2021-12-19 17:00:00,-6431.32,27228.18,32961.41,62179.18,82.25
2021-12-19 18:00:00,-6308.48,27657.04,30581.68,62413.23,82.25
2021-12-19 19:00:00,-5773.28,27949.65,28222.31,60934.76,82.25
2021-12-19 20:00:00,-6334.74,28075.42,25752.15,58454.66,82.25
2021-12-19 21:00:00,-6249.43,27738.09,23891.48,56382.94,82.25
2021-12-19 22:00:00,-5791.7,27438.77,22517.66,55980.54,82.25
2021-12-19 23:00:00,-6182.74,27275.5,21702.14,52179.46,82.25
2021-12-20 00:00:00,-6195.82,27126.56,20924.86,49570.68,82.25
2021-12-20 01:00:00,-5967.24,27076.93,20429.17,47998.01,82.25
2021-12-20 02:00:00,-6589.33,27414.71,19682.32,47466.31,82.25
2021-12-20 03:00:00,-7661.51,28093.69,18837.68,47966.04,82.25
2021-12-20 04:00:00,-6770.15,28548.07,17944.0,49456.49,82.25
2021-12-20 05:00:00,-6265.56,29770.32,17419.36,52788.74,82.25
2021-12-20 06:00:00,-5148.03,33883.82,17294.25,60517.59,82.25
2021-12-20 07:00:00,-2599.99,37149.0,16754.69,66869.66,82.25
2021-12-20 08:00:00,-990.05,38437.06,16693.89,69627.98,82.25
2021-12-20 09:00:00,-1881.8,39084.22,19154.93,69960.65,82.25
2021-12-20 10:00:00,-3156.29,39671.14,22020.1,69385.45,82.25
2021-12-20 11:00:00,-3330.86,39926.95,24163.98,69484.54,82.25
2021-12-20 12:00:00,-3273.13,39392.48,24473.44,69078.36,82.25
2021-12-20 13:00:00,-3253.92,39528.72,21896.39,68027.28,82.25
2021-12-20 14:00:00,-2125.78,40286.93,17598.35,66569.31,82.25
2021-12-20 15:00:00,-256.53,41536.83,12521.53,66231.54,82.25
2021-12-20 16:00:00,-233.61,42220.46,10934.28,67964.13,82.25
2021-12-20 17:00:00,-215.53,42518.82,11356.65,70440.9,82.25
2021-12-20 18:00:00,-1030.14,42304.55,11386.44,69891.0,82.25
2021-12-20 19:00:00,-916.53,41822.95,11120.2,68525.86,82.25
2021-12-20 20:00:00,-787.34,41460.69,10882.22,64769.03,82.25
2021-12-20 21:00:00,-939.63,40264.76,10423.15,60998.62,82.25
2021-12-20 22:00:00,-1291.34,39718.75,10044.77,58181.96,82.25
2021-12-20 23:00:00,-1581.63,38913.04,9972.46,55017.27,82.25
2021-12-21 00:00:00,-2708.13,37985.42,9688.59,52059.22,82.25
2021-12-21 01:00:00,-3890.96,38108.97,9465.41,50338.64,82.25
2021-12-21 02:00:00,-3660.96,37853.19,9367.71,49940.6,82.25
2021-12-21 03:00:00,-3710.32,37906.96,9247.46,50224.94,82.25
2021-12-21 04:00:00,-3449.43,38185.15,9222.73,51057.23,82.25
2021-12-21 05:00:00,-2630.09,39158.73,9232.34,53907.87,82.25
2021-12-21 06:00:00,-66.4,40247.34,9276.09,60116.57,82.25
2021-12-21 07:00:00,-372.63,41866.41,9675.45,65890.66,82.25
2021-12-21 08:00:00,1282.25,42142.78,10168.37,68704.81,82.25
2021-12-21 09:00:00,-1539.16,42182.3,13353.23,69060.91,82.25
2021-12-21 10:00:00,-3180.09,41752.61,17500.25,68729.87,82.25
2021-12-21 11:00:00,-4051.82,41567.23,20592.39,68697.13,82.25
2021-12-21 12:00:00,-4831.73,41093.37,21455.95,68168.74,82.25
2021-12-21 13:00:00,-3509.56,41006.78,19624.44,67198.04,82.25
2021-12-21 14:00:00,-3004.45,41439.63,15555.96,65975.42,82.25
2021-12-21 15:00:00,-892.44,41815.41,11276.43,65958.67,82.25
2021-12-21 16:00:00,499.27,42018.94,9685.29,67399.33,82.25
2021-12-21 17:00:00,610.05,42501.65,10245.59,69516.03,82.25
2021-12-21 18:00:00,16.38,42088.88,10629.86,68892.0,82.25
2021-12-21 19:00:00,-439.28,41383.11,10720.37,67422.59,82.25
2021-12-21 20:00:00,-446.95,41026.51,10676.93,64158.38,82.25
2021-12-21 21:00:00,-1309.83,40214.46,10655.2,60629.5,82.25
2021-12-21 22:00:00,-2533.22,38884.39,10736.78,58157.89,82.25
2021-12-21 23:00:00,-3049.3,37607.68,11036.91,55124.3,82.25
2021-12-22 00:00:00,-3643.23,36476.29,11547.55,52769.15,82.25
2021-12-22 01:00:00,-4048.52,36055.97,11753.47,51400.49,82.25
2021-12-22 02:00:00,-4181.26,35844.76,12009.67,51010.34,82.25
2021-12-22 03:00:00,-4243.27,35708.43,12331.39,51213.86,82.25
2021-12-22 04:00:00,-4469.75,36202.48,12641.26,51840.2,82.25
2021-12-22 05:00:00,-4628.08,37403.64,12844.14,54646.76,82.25
2021-12-22 06:00:00,-3135.77,38471.84,13306.4,60256.03,82.25
2021-12-22 07:00:00,-1600.51,39630.26,14092.5,65918.39,82.25
2021-12-22 08:00:00,-3684.8,40178.87,15177.2,68741.72,82.25
2021-12-22 09:00:00,-5746.96,40071.94,18937.93,69075.95,82.25
2021-12-22 10:00:00,-5544.79,39515.15,23516.14,69160.15,82.25
2021-12-22 11:00:00,-6963.76,39484.46,25994.34,69410.55,82.25
2021-12-22 12:00:00,-6772.06,39452.8,25871.21,69183.52,82.25
2021-12-22 13:00:00,-5524.87,39457.32,22774.22,67409.46,82.25
2021-12-22 14:00:00,-3680.75,40229.02,17993.98,65920.68,82.25
2021-12-22 15:00:00,-1990.52,40632.51,13562.21,65675.48,82.25
2021-12-22 16:00:00,-1963.63,41026.67,12824.05,67845.47,82.25
2021-12-22 17:00:00,-2927.13,41197.85,14023.38,69981.03,82.25
2021-12-22 18:00:00,-4033.18,41070.21,14775.27,69366.98,82.25
2021-12-22 19:00:00,-3025.24,40753.31,16014.11,67622.29,82.25
2021-12-22 20:00:00,-3213.25,39391.14,16824.89,64729.92,82.25
2021-12-22 21:00:00,-5538.21,38310.22,17139.16,62330.97,82.25
2021-12-22 22:00:00,-5868.54,36049.65,16902.91,59217.75,82.25
2021-12-22 23:00:00,-4702.27,34257.39,16695.69,55534.97,82.25
2021-12-23 00:00:00,-6275.88,32875.43,16359.78,52365.64,82.25
2021-12-23 01:00:00,-6733.04,32692.68,16007.09,50382.61,82.25
2021-12-23 02:00:00,-6155.96,32299.72,15728.25,49650.98,82.25
2021-12-23 03:00:00,-5970.63,31997.99,15953.17,49591.15,82.25
2021-12-23 04:00:00,-6154.39,31901.26,17128.12,50465.35,82.25
2021-12-23 05:00:00,-6845.72,32211.15,17807.84,52331.34,82.25
2021-12-23 06:00:00,-7017.99,33163.11,19190.18,56924.84,82.25
2021-12-23 07:00:00,-7704.96,34211.47,19566.92,62045.6,82.25
2021-12-23 08:00:00,-8893.73,35062.11,20705.48,65725.99,82.25
2021-12-23 09:00:00,-8809.64,35168.63,22703.59,66806.78,82.25
2021-12-23 10:00:00,-8923.63,35300.76,24791.21,67481.32,82.25
2021-12-23 11:00:00,-9187.7,35176.45,26351.95,67960.73,82.25
2021-12-23 12:00:00,-7439.46,34490.44,27367.37,67380.6,82.25
2021-12-23 13:00:00,-7553.92,34114.96,27044.41,66248.74,82.25
2021-12-23 14:00:00,-8106.05,33983.11,25874.1,65483.78,82.25
2021-12-23 15:00:00,-8639.62,34054.53,25424.96,65210.1,82.25
2021-12-23 16:00:00,-7923.88,34089.96,27042.47,66686.58,82.25
2021-12-23 17:00:00,-7244.9,34295.84,28818.4,68423.61,82.25
2021-12-23 18:00:00,-9871.64,33449.0,30682.56,67451.58,82.25
2021-12-23 19:00:00,-10875.56,31954.8,31601.44,65581.95,82.25
2021-12-23 20:00:00,-11941.24,29857.74,32076.19,61449.01,82.25
2021-12-23 21:00:00,-12270.48,27498.8,33400.17,58355.48,82.25
2021-12-23 22:00:00,-12814.42,26214.39,33297.94,56022.14,82.25
2021-12-23 23:00:00,-13363.14,24075.36,33705.37,52699.16,82.25
2021-12-24 00:00:00,-13929.77,22155.0,33402.28,48585.22,82.25
2021-12-24 01:00:00,-13276.63,21684.97,32239.15,46149.83,82.25
2021-12-24 02:00:00,-12981.9,21592.2,31085.78,44665.28,82.25
2021-12-24 03:00:00,-13180.03,21760.08,30428.37,43935.88,82.25
2021-12-24 04:00:00,-12240.3,22122.28,30055.93,44416.33,82.25
2021-12-24 05:00:00,-11644.81,22527.19,29765.02,45186.86,82.25
2021-12-24 06:00:00,-10842.73,22481.44,29619.12,46363.03,82.25
2021-12-24 07:00:00,-10857.82,23709.94,29347.82,49367.22,82.25
2021-12-24 08:00:00,-9429.72,24770.01,29406.05,53240.04,82.25
2021-12-24 09:00:00,-7693.59,25066.6,29829.88,56752.72,82.25
2021-12-24 10:00:00,-6059.27,25084.78,30377.24,58614.92,82.25
2021-12-24 11:00:00,-6532.46,24974.23,32112.56,59596.42,82.25
2021-12-24 12:00:00,-7252.29,25071.01,32826.87,59739.65,82.25
2021-12-24 13:00:00,-7632.47,24846.43,32326.88,58690.9,82.25
2021-12-24 14:00:00,-8796.07,24681.87,31473.92,57343.91,82.25
2021-12-24 15:00:00,-8536.07,24740.66,30733.9,56763.9,82.25
2021-12-24 16:00:00,-9654.62,25103.0,30205.56,58394.11,82.25
2021-12-24 17:00:00,-7825.22,25215.76,28520.96,59485.7,82.25
2021-12-24 18:00:00,-5886.0,25044.47,25872.81,57286.44,82.25
2021-12-24 19:00:00,-5245.67,24598.6,23701.02,53782.12,82.25
2021-12-24 20:00:00,-6016.7,24640.88,22025.6,50640.08,82.25
2021-12-24 21:00:00,-5720.99,24785.98,20122.53,49171.21,82.25
2021-12-24 22:00:00,-4638.1,25533.68,18365.74,48416.73,82.25
2021-12-24 23:00:00,-3205.49,25127.19,17065.42,46127.5,82.25
2021-12-25 00:00:00,-5169.1,24550.54,16009.85,43710.52,82.25
2021-12-25 01:00:00,-6258.36,24405.75,15280.74,41509.03,82.25
2021-12-25 02:00:00,-5694.74,23625.64,15069.58,40377.9,82.25
2021-12-25 03:00:00,-4443.84,23101.3,14853.56,40438.01,82.25
2021-12-25 04:00:00,-3876.88,22827.14,15075.96,40864.59,82.25
2021-12-25 05:00:00,-4188.08,22985.4,15323.64,40957.19,82.25
2021-12-25 06:00:00,-7132.77,24177.17,15643.03,40917.32,82.25
2021-12-25 07:00:00,-7048.8,24314.1,15961.18,42994.21,82.25
2021-12-25 08:00:00,-5618.54,24624.63,16597.12,46732.26,82.25
2021-12-25 09:00:00,-3245.61,24761.14,18120.87,50977.94,82.25
2021-12-25 10:00:00,-1646.33,25088.44,19218.56,53302.96,82.25
2021-12-25 11:00:00,308.19,25613.29,19953.73,54839.57,82.25
2021-12-25 12:00:00,1.44,25544.21,19876.24,54018.15,82.25
2021-12-25 13:00:00,-1047.77,25613.7,18544.81,51689.68,82.25
2021-12-25 14:00:00,-1442.25,25693.17,16203.5,50329.87,82.25
2021-12-25 15:00:00,205.83,25872.31,14079.17,50102.58,82.25
2021-12-25 16:00:00,-1129.93,26269.65,14048.85,51789.38,82.25
2021-12-25 17:00:00,-214.11,26718.69,14807.25,54381.59,82.25
2021-12-25 18:00:00,325.73,26785.44,15197.32,54752.3,82.25
2021-12-25 19:00:00,-688.73,26677.58,15382.55,53642.84,82.25
2021-12-25 20:00:00,-2567.04,26557.09,15484.56,51880.4,82.25
2021-12-25 21:00:00,-1703.0,26081.95,15952.92,50860.21,82.25
2021-12-25 22:00:00,-2254.33,25688.9,15857.36,50398.83,82.25
2021-12-25 23:00:00,-3736.91,25155.06,15812.52,47964.72,82.25
2021-12-26 00:00:00,-5988.81,25146.22,15903.42,45346.2,82.25
2021-12-26 01:00:00,-5971.92,24912.41,15960.48,44051.76,82.25
2021-12-26 02:00:00,-5564.16,24806.22,16259.76,43100.58,82.25
2021-12-26 03:00:00,-5581.01,25013.1,16701.11,42820.47,82.25
2021-12-26 04:00:00,-5461.11,25274.47,17043.75,42798.87,82.25
2021-12-26 05:00:00,-5310.94,24876.5,17545.55,42735.44,82.25
2021-12-26 06:00:00,-6582.0,24604.7,18360.82,42580.18,82.25
2021-12-26 07:00:00,-7506.54,25259.15,19127.04,44013.59,82.25
2021-12-26 08:00:00,-7787.28,25595.01,20213.06,46958.32,82.25
2021-12-26 09:00:00,-7239.33,25589.41,21904.86,50687.39,82.25
2021-12-26 10:00:00,-6199.1,25765.95,23509.63,52761.97,82.25
2021-12-26 11:00:00,-4351.3,25905.16,24152.68,54750.13,82.25
2021-12-26 12:00:00,-4386.14,25789.88,24328.64,54228.72,82.25
2021-12-26 13:00:00,-6547.73,25970.15,23484.33,52171.28,82.25
2021-12-26 14:00:00,-6947.81,26346.87,21803.96,51056.58,82.25
2021-12-26 15:00:00,-8548.65,26922.79,21505.96,50667.48,82.25
2021-12-26 16:00:00,-10090.02,27149.97,23788.8,52813.24,82.25
2021-12-26 17:00:00,-10955.44,26821.96,26292.18,55882.52,82.25
2021-12-26 18:00:00,-11297.79,26624.64,27658.05,56523.83,82.25
2021-12-26 19:00:00,-12022.51,26554.71,28498.17,55494.67,82.25
2021-12-26 20:00:00,-12370.22,26193.54,28394.47,53744.78,82.25
2021-12-26 21:00:00,-12806.19,26179.88,28188.2,52606.29,82.25
2021-12-26 22:00:00,-11539.99,25938.76,27267.06,52086.88,82.25
2021-12-26 23:00:00,-10603.61,24903.74,26352.87,49837.53,82.25
2021-12-27 00:00:00,-10621.7,23189.76,25663.08,46682.02,82.25
2021-12-27 01:00:00,-9713.81,22483.16,25369.99,44757.98,82.25
2021-12-27 02:00:00,-9190.28,22105.28,24907.6,43949.26,82.25
2021-12-27 03:00:00,-8759.9,21989.53,24835.86,44202.25,82.25
2021-12-27 04:00:00,-7852.2,22204.63,24072.02,45352.72,82.25
2021-12-27 05:00:00,-9804.09,24335.05,24001.04,47218.98,82.25
2021-12-27 06:00:00,-9420.32,25596.15,23776.69,50059.96,82.25
2021-12-27 07:00:00,-8814.62,26727.7,23503.01,54272.78,82.25
2021-12-27 08:00:00,-7650.92,27234.91,23679.55,58006.58,82.25
2021-12-27 09:00:00,-7410.09,27541.35,24752.55,60484.92,82.25
2021-12-27 10:00:00,-7323.29,27987.29,26162.0,61615.3,82.25
2021-12-27 11:00:00,-8033.51,28581.25,27308.69,62556.16,82.25
2021-12-27 12:00:00,-7330.95,28557.86,26581.3,63017.0,82.25
2021-12-27 13:00:00,-6859.66,28699.66,24561.07,61801.81,82.25
2021-12-27 14:00:00,-4722.85,28545.97,22775.41,60883.77,82.25
2021-12-27 15:00:00,-3190.58,28604.51,22073.57,61245.02,82.25
2021-12-27 16:00:00,-4215.74,28694.99,22990.12,63066.94,82.25
2021-12-27 17:00:00,-6946.06,28748.24,24419.85,65098.04,82.25
2021-12-27 18:00:00,-5998.33,28670.63,25398.05,65070.08,82.25
2021-12-27 19:00:00,-7401.42,28366.46,26190.75,63274.65,82.25
2021-12-27 20:00:00,-7807.18,26621.16,27230.37,59390.37,82.25
2021-12-27 21:00:00,-7847.21,24349.77,28138.4,56728.37,82.25
2021-12-27 22:00:00,-9225.21,23429.46,28658.21,54907.12,82.25
2021-12-27 23:00:00,-7746.53,20396.28,28889.94,51138.35,82.25
2021-12-28 00:00:00,-6511.97,17548.85,28579.98,47659.72,82.25
2021-12-28 01:00:00,-5226.06,16058.25,28253.08,45681.89,82.25
2021-12-28 02:00:00,-5074.18,15911.09,28035.84,45020.46,82.25
2021-12-28 03:00:00,-5237.76,15871.33,27946.13,45396.78,82.25
2021-12-28 04:00:00,-4304.18,16098.41,27648.15,46354.66,82.25
2021-12-28 05:00:00,-4005.56,16500.57,27668.86,47767.98,82.25
2021-12-28 06:00:00,-6810.25,19975.33,27432.44,50965.7,82.25
2021-12-28 07:00:00,-10621.32,24520.99,27552.33,54602.62,82.25
2021-12-28 08:00:00,-9420.29,26130.35,28450.73,57825.02,82.25
2021-12-28 09:00:00,-11056.14,26431.97,30931.54,59889.9,82.25
2021-12-28 10:00:00,-12878.46,26197.94,33359.07,61176.36,82.25
2021-12-28 11:00:00,-12615.48,26261.41,34741.32,62676.16,82.25
2021-12-28 12:00:00,-11454.3,26404.08,35558.11,63124.13,82.25
2021-12-28 13:00:00,-10597.5,26154.64,34790.69,62291.53,82.25
2021-12-28 14:00:00,-9434.03,25523.93,33692.71,61680.58,82.25
2021-12-28 15:00:00,-8131.52,25428.85,33333.76,61627.26,82.25
2021-12-28 16:00:00,-8568.66,25989.06,33506.39,63603.62,82.25
2021-12-28 17:00:00,-10309.22,26959.08,32854.18,65120.08,82.25
2021-12-28 18:00:00,-11336.19,27324.72,30884.48,64546.07,82.25
2021-12-28 19:00:00,-9203.72,26914.65,28538.47,62293.06,82.25
2021-12-28 20:00:00,-10008.34,26547.18,26702.17,58222.48,82.25
2021-12-28 21:00:00,-9958.02,26461.54,25511.5,55032.12,82.25
2021-12-28 22:00:00,-8110.5,26254.84,24002.25,52785.83,82.25
2021-12-28 23:00:00,-8088.75,25851.27,22969.56,49117.19,82.25
2021-12-29 00:00:00,-8832.1,25015.29,22147.97,45316.54,82.25
2021-12-29 01:00:00,-8792.15,24611.82,21844.6,43724.6,82.25
2021-12-29 02:00:00,-7275.01,23845.06,21666.66,43061.15,82.25
2021-12-29 03:00:00,-7114.89,23207.07,21702.79,43138.26,82.25
2021-12-29 04:00:00,-7461.27,23925.23,21607.17,44025.82,82.25
2021-12-29 05:00:00,-8644.72,25454.46,20945.94,45247.2,82.25
2021-12-29 06:00:00,-8079.63,26515.72,20643.64,47244.65,82.25
2021-12-29 07:00:00,-7011.73,27815.5,19816.11,50676.65,82.25
2021-12-29 08:00:00,-6071.98,28968.08,19147.72,54066.94,82.25
2021-12-29 09:00:00,-6374.68,29461.39,19333.23,55947.04,82.25
2021-12-29 10:00:00,-6857.52,29567.14,19776.7,57154.98,82.25
2021-12-29 11:00:00,-5517.83,29582.52,19576.22,58487.54,82.25
2021-12-29 12:00:00,-3658.12,29479.16,19594.01,58561.46,82.25
2021-12-29 13:00:00,-1315.36,29334.07,18875.77,57657.4,82.25
2021-12-29 14:00:00,-590.66,28910.1,17451.61,56761.05,82.25
2021-12-29 15:00:00,-14.84,28792.11,16840.1,56728.64,82.25
2021-12-29 16:00:00,-126.63,28791.8,18582.02,58403.4,82.25
2021-12-29 17:00:00,-1940.53,28718.89,20965.04,60493.06,82.25
2021-12-29 18:00:00,-4414.76,28309.81,23172.15,60526.42,82.25
2021-12-29 19:00:00,-5650.7,27828.06,25583.11,58646.36,82.25
2021-12-29 20:00:00,-9539.06,26636.33,27919.69,55433.02,82.25
2021-12-29 21:00:00,-11458.66,24800.96,29784.72,52815.13,82.25
2021-12-29 22:00:00,-12792.04,23087.77,31081.38,51250.8,82.25
2021-12-29 23:00:00,-12179.18,19488.42,32634.57,48184.88,82.25
2021-12-30 00:00:00,-9953.3,14660.78,33910.96,44947.36,82.25
2021-12-30 01:00:00,-8579.96,12966.31,34102.59,43304.83,82.25
2021-12-30 02:00:00,-9369.17,12462.17,34812.54,42659.98,82.25
2021-12-30 03:00:00,-7364.49,12271.39,33257.32,42079.5,82.25
2021-12-30 04:00:00,-7551.04,12423.2,33401.22,43497.31,82.25
2021-12-30 05:00:00,-8018.48,12772.9,35242.51,45384.23,82.25
2021-12-30 06:00:00,-6349.25,13110.88,36472.15,47987.67,82.25
2021-12-30 07:00:00,-9210.94,15676.66,37951.6,51907.33,82.25
2021-12-30 08:00:00,-10382.32,16139.91,39228.42,55806.3,82.25
2021-12-30 09:00:00,-11396.86,15761.9,41111.92,57879.21,82.25
2021-12-30 10:00:00,-12565.83,15457.42,43750.02,59104.15,82.25
2021-12-30 11:00:00,-13445.17,15504.17,45870.94,60553.67,82.25
2021-12-30 12:00:00,-11997.17,14788.95,46782.72,60723.24,82.25
2021-12-30 13:00:00,-11643.61,13729.92,46715.22,59564.57,82.25
2021-12-30 14:00:00,-12017.62,13658.33,46563.09,58889.54,82.25
2021-12-30 15:00:00,-11429.03,13755.89,45764.1,58893.65,82.25
2021-12-30 16:00:00,-11535.0,14157.06,45629.26,60764.68,82.25
2021-12-30 17:00:00,-12116.38,14632.27,46403.01,63292.86,82.25
2021-12-30 18:00:00,-12520.43,14789.01,45762.25,63110.56,82.25
2021-12-30 19:00:00,-10629.47,14191.8,45177.32,61174.94,82.25
2021-12-30 20:00:00,-8892.02,12762.62,43721.5,57563.88,82.25
2021-12-30 21:00:00,-10613.58,11546.18,43560.73,54339.61,82.25
2021-12-30 22:00:00,-12135.34,11458.94,42689.99,52232.91,82.25
2021-12-30 23:00:00,-11804.86,11342.37,41227.68,49380.16,82.25
2021-12-31 00:00:00,-12757.75,10422.22,41334.65,46027.23,82.25
2021-12-31 01:00:00,-11614.58,10095.81,39175.78,43679.69,82.25
2021-12-31 02:00:00,-10959.16,9758.08,37644.74,42277.73,82.25
2021-12-31 03:00:00,-9856.91,9714.19,36487.31,41903.42,82.25
2021-12-31 04:00:00,-9935.62,9772.2,37356.98,43014.63,82.25
2021-12-31 05:00:00,-10932.96,9870.05,38746.78,44249.67,82.25
2021-12-31 06:00:00,-10832.87,9878.69,38593.89,45274.68,82.25
2021-12-31 07:00:00,-10732.29,10109.91,38445.89,47255.59,82.25
2021-12-31 08:00:00,-11223.89,10202.36,40285.06,50355.23,82.25
2021-12-31 09:00:00,-12025.02,10401.57,44063.71,53229.42,82.25
2021-12-31 10:00:00,-11425.68,10252.1,46734.32,55215.36,82.25
2021-12-31 11:00:00,-11679.38,10226.38,49034.76,56349.87,82.25
2021-12-31 12:00:00,-11848.96,10243.72,48843.19,56429.68,82.25
2021-12-31 13:00:00,-11858.43,10293.14,47896.79,55128.25,82.25
2021-12-31 14:00:00,-11022.1,10129.49,46885.62,53666.38,82.25
2021-12-31 15:00:00,-11711.44,10200.98,45321.76,53832.03,82.25
2021-12-31 16:00:00,-13589.75,10095.2,45904.77,55700.58,82.25
2021-12-31 17:00:00,-12765.22,10511.44,46425.37,58442.48,82.25
2021-12-31 18:00:00,-11687.89,10487.36,46193.33,58528.61,82.25
2021-12-31 19:00:00,-11872.55,10084.54,45614.7,55785.64,82.25
2021-12-31 20:00:00,-10357.76,9993.92,43660.33,51849.12,82.25
2021-12-31 21:00:00,-9116.25,9972.16,40877.14,48751.66,82.25
2021-12-31 22:00:00,-10530.61,9944.67,39861.08,47461.38,82.25
2021-12-31 23:00:00,-9494.99,9762.98,38815.51,45616.79,82.25
