Date (GMT+1),Cross border electricity trading,Non-Renewable,Renewable,Load,"CO2 Emission Allowances, Auction DE"
2022-01-01T00:00+01:00,-8719.0575,10048.87567,37925.62925,43915.4825,82.25
2022-01-01T01:00+01:00,-8777.2075,9965.494404,36577.31399,41535.6575,82.25
2022-01-01T02:00+01:00,-8268.455,9884.360137,35178.97934,40480.79,82.25
2022-01-01T03:00+01:00,-6620.03,9887.520441,33922.69936,39563.8,82.25
2022-01-01T04:00+01:00,-5429.4325,9922.148708,32695.45353,39338.085,82.25
2022-01-01T05:00+01:00,-4825.605,10162.75158,30660.31686,38826.52,82.25
2022-01-01T06:00+01:00,-4558.85,10293.86523,30342.06345,38412.9375,82.25
2022-01-01T07:00+01:00,-3582.9075,10608.76847,29560.98035,39076.245,82.25
2022-01-01T08:00+01:00,-2330.9925,10927.20018,28003.48037,40299.12,82.25
2022-01-01T09:00+01:00,-1491.5475,11103.71288,29087.6169,42510.1375,82.25
2022-01-01T10:00+01:00,-814.265,11369.72854,30174.30807,44382.0075,82.25
2022-01-01T11:00+01:00,1270.8425,11506.52162,31035.42073,46731.8625,82.25
2022-01-01T12:00+01:00,1251.5125,11760.83997,31521.89378,47313.9925,82.25
2022-01-01T13:00+01:00,1957.4825,11406.20274,29579.38755,46391.1325,82.25
2022-01-01T14:00+01:00,1669.725,12358.93907,26714.14341,45728.525,82.25
2022-01-01T15:00+01:00,1649.5925,14279.46106,23976.46676,45683.2075,82.25
2022-01-01T16:00+01:00,843.705,15375.42871,23958.83068,47903.7375,82.25
2022-01-01T17:00+01:00,246.4825,15888.4057,25959.87692,51620.855,82.25
2022-01-01T18:00+01:00,-2308.33,16241.19971,27996.63887,52595.2675,82.25
2022-01-01T19:00+01:00,-4249.8325,15708.96128,29944.62594,51619.9975,82.25
2022-01-01T20:00+01:00,-4943.28,14479.02109,31025.74175,49682.96,82.25
2022-01-01T21:00+01:00,-3862.4975,13334.80079,31584.83988,48052.1325,82.25
2022-01-01T22:00+01:00,-4030.1425,12900.65732,32015.33607,47476.9025,82.25
2022-01-01T23:00+01:00,-4482.1325,11455.08471,32388.05679,44871.6275,82.25
2022-01-02T00:00+01:00,-3864.2175,10338.59542,32395.74193,42672.0225,82.25
2022-01-02T01:00+01:00,-4760.3825,10267.34701,32183.85818,41482.84,82.25
2022-01-02T02:00+01:00,-4410.3125,10090.7652,31402.63121,40765.44,82.25
2022-01-02T03:00+01:00,-5671.93,10030.2983,31734.12903,40536.72,82.25
2022-01-02T04:00+01:00,-4938.8075,10008.7655,30662.97503,40713.1625,82.25
2022-01-02T05:00+01:00,-4589.2225,10044.31453,30996.72438,40746.44,82.25
2022-01-02T06:00+01:00,-5529.57,10067.36568,31462.92287,40397.6025,82.25
2022-01-02T07:00+01:00,-7324.4325,10137.32021,32492.99618,42253.445,82.25
2022-01-02T08:00+01:00,-7700.3625,10220.2442,35109.61,45417.6125,82.25
2022-01-02T09:00+01:00,-7608.3125,10187.02897,37655.21546,48343.5225,82.25
2022-01-02T10:00+01:00,-9160.8225,10203.95753,41871.99511,50583.2625,82.25
2022-01-02T11:00+01:00,-9989.1275,10065.87963,45533.25699,53644.9675,82.25
2022-01-02T12:00+01:00,-11167.32,10164.64737,47814.11677,54537.7225,82.25
2022-01-02T13:00+01:00,-10338.6825,10146.28854,47362.64894,53332.975,82.25
2022-01-02T14:00+01:00,-10990.54,10088.1466,47047.08954,52692.79,82.25
2022-01-02T15:00+01:00,-11270.19,10146.85868,46615.12936,53243.2825,82.25
2022-01-02T16:00+01:00,-10184.8975,10195.75378,46995.28511,55537.8325,82.25
2022-01-02T17:00+01:00,-9278.405,10408.87379,48210.80895,58597.8325,82.25
2022-01-02T18:00+01:00,-10414.535,10419.09395,48838.6442,58764.0575,82.25
2022-01-02T19:00+01:00,-11484.91,10295.22651,47802.79964,57357.1625,82.25
2022-01-02T20:00+01:00,-11770.465,10283.40735,47005.74764,54792.425,82.25
2022-01-02T21:00+01:00,-10890.615,10034.14221,45221.59353,52467.8475,82.25
2022-01-02T22:00+01:00,-10173.49,10083.40863,42795.58011,50934.8025,82.25
2022-01-02T23:00+01:00,-10123.475,9932.876551,41961.08078,47873.2925,82.25
2022-01-03T00:00+01:00,-10189.0225,10205.57997,41092.2561,45380.845,82.25
2022-01-03T01:00+01:00,-8837.8925,10387.13303,38839.78621,43637.105,82.25
2022-01-03T02:00+01:00,-7728.3425,10263.43195,38118.98316,42570.835,82.25
2022-01-03T03:00+01:00,-7420.8825,10304.83897,37237.00227,43103.63,82.25
2022-01-03T04:00+01:00,-7746.925,10452.89966,38930.66408,44570.775,82.25
2022-01-03T05:00+01:00,-9724.4475,10984.41934,43055.90002,48363.7025,82.25
2022-01-03T06:00+01:00,-11278.9425,12424.78039,48333.44949,55413.7975,82.25
2022-01-03T07:00+01:00,-11060.185,14369.77999,49665.86933,61592.3825,82.25
2022-01-03T08:00+01:00,-9625.505,16806.60302,48937.10697,65070.5725,82.25
2022-01-03T09:00+01:00,-11842.595,18211.43146,49824.63944,66481.6225,82.25
2022-01-03T10:00+01:00,-12343.69,18940.52388,51848.1241,67914.945,82.25
2022-01-03T11:00+01:00,-11232.635,18852.54999,53975.5981,69499.6125,82.25
2022-01-03T12:00+01:00,-10998.93,18742.59573,54086.57161,70128.4275,82.25
2022-01-03T13:00+01:00,-10085.805,18977.63281,52139.42985,69323.23,82.25
2022-01-03T14:00+01:00,-9307.1825,19489.3587,49605.32511,68297.8075,82.25
2022-01-03T15:00+01:00,-9390.4425,20722.50307,46129.73066,67348.5225,82.25
2022-01-03T16:00+01:00,-9517.4625,21943.07111,44742.14459,68033.3975,82.25
2022-01-03T17:00+01:00,-10579.8975,22483.22529,44210.01244,70411,82.25
2022-01-03T18:00+01:00,-10857.8275,22696.68312,44225.61518,70161.2775,82.25
2022-01-03T19:00+01:00,-9793.3975,22673.49996,42809.49096,68168.4725,82.25
2022-01-03T20:00+01:00,-10379.5575,22802.56423,40501.96387,64127.9975,82.25
2022-01-03T21:00+01:00,-9944.2475,22764.60318,38814.6752,60337.1875,82.25
2022-01-03T22:00+01:00,-8685.925,22647.30395,36687.92699,57506.9525,82.25
2022-01-03T23:00+01:00,-9758.01,22361.73593,34656.71114,53757.92,82.25
2022-01-04T00:00+01:00,-10928.615,22752.28836,33121.55203,50713.32,82.25
2022-01-04T01:00+01:00,-8902.905,22388.16873,31624.05545,48451.0225,82.25
2022-01-04T02:00+01:00,-6629.015,21414.91495,29471.68315,47652.5625,82.25
2022-01-04T03:00+01:00,-5972.3125,21849.24109,27718.04249,48124.99,82.25
2022-01-04T04:00+01:00,-5104.8275,23389.44704,25506.11839,49426.3825,82.25
2022-01-04T05:00+01:00,-3809.59,25222.5036,24283.67627,52156.2075,82.25
2022-01-04T06:00+01:00,-3772.0025,28819.51692,23928.32592,57668.37,82.25
2022-01-04T07:00+01:00,-2796.715,31498.05681,23626.26318,62601.9825,82.25
2022-01-04T08:00+01:00,-3516.0625,33158.12077,22972.88994,66083.4625,82.25
2022-01-04T09:00+01:00,-3991.9175,34159.91996,22386.26878,67461.665,82.25
2022-01-04T10:00+01:00,-4086.8175,34475.5815,23867.48102,68263.04,82.25
2022-01-04T11:00+01:00,-2729.1075,34731.02988,24885.41197,69485.6125,82.25
2022-01-04T12:00+01:00,-3745.4275,34877.86826,26532.43013,69784.9025,82.25
2022-01-04T13:00+01:00,-3067.9475,34791.0666,27577.3046,68721.9525,82.25
2022-01-04T14:00+01:00,-3366.7125,34331.37183,27049.03854,68153.725,82.25
2022-01-04T15:00+01:00,-3854.1725,34264.47587,27299.18878,67884.705,82.25
2022-01-04T16:00+01:00,-5294.81,34364.16264,27644.43996,68696.5175,82.25
2022-01-04T17:00+01:00,-6148.96,34657.64038,28472.35148,70143.9375,82.25
2022-01-04T18:00+01:00,-6305.4325,34492.47178,28488.66388,69828.0375,82.25
2022-01-04T19:00+01:00,-6326.86,34009.18676,28987.49696,68386.83,82.25
2022-01-04T20:00+01:00,-8583.1975,32688.67847,29098.57006,64660.215,82.25
2022-01-04T21:00+01:00,-8103.0825,31184.29078,28788.87894,61535.115,82.25
2022-01-04T22:00+01:00,-9933.895,30681.95642,28668.79864,58599.8775,82.25
2022-01-04T23:00+01:00,-10532.7225,29429.88619,29171.86153,55069.075,82.25
2022-01-05T00:00+01:00,-8950.03,26242.24808,29997.28756,52439.8625,82.25
2022-01-05T01:00+01:00,-8628.7325,24586.67689,31508.41422,50498.8625,82.25
2022-01-05T02:00+01:00,-8463.2675,22972.25589,33694.10706,49587.0475,82.25
2022-01-05T03:00+01:00,-8703.6925,21381.55859,35847.96349,50585.3725,82.25
2022-01-05T04:00+01:00,-9536.1675,22080.86279,37194.82589,52199.58,82.25
2022-01-05T05:00+01:00,-11724.6675,24017.59935,39025.21044,55493.03,82.25
2022-01-05T06:00+01:00,-13557.615,25622.41722,41397.47167,61376.865,82.25
2022-01-05T07:00+01:00,-13498.625,26965.18669,43207.37552,66948.77,82.25
2022-01-05T08:00+01:00,-13415.2175,26607.73006,44841.73617,70247.3475,82.25
2022-01-05T09:00+01:00,-14443.5575,25929.40812,47274.77421,71695.6525,82.25
2022-01-05T10:00+01:00,-14216.03,25426.77203,51187.77774,72799.03,82.25
2022-01-05T11:00+01:00,-14985.645,25299.66301,54383.29417,74394.36,82.25
2022-01-05T12:00+01:00,-14379.2025,24273.87669,56052.86171,74218.455,82.25
2022-01-05T13:00+01:00,-14245.35,23707.74193,55563.70663,73495.0825,82.25
2022-01-05T14:00+01:00,-14647.905,24525.74893,52897.42072,72026.435,82.25
2022-01-05T15:00+01:00,-14011.465,25469.41235,49503.08317,71227.0225,82.25
2022-01-05T16:00+01:00,-14168.755,26463.46346,46810.58563,71845.525,82.25
2022-01-05T17:00+01:00,-12294.755,26969.35291,44982.14697,73821.495,82.25
2022-01-05T18:00+01:00,-10941.9825,26995.50597,44492.25043,73405.345,82.25
2022-01-05T19:00+01:00,-9700.83,26494.60296,43698.25918,71413.77,82.25
2022-01-05T20:00+01:00,-10165.8275,24963.00177,42042.79615,67465.6025,82.25
2022-01-05T21:00+01:00,-8688.7875,24130.96259,40067.68659,64118.7625,82.25
2022-01-05T22:00+01:00,-9124.0625,24349.37118,38452.18387,60974.21,82.25
2022-01-05T23:00+01:00,-9246.45,23233.8887,37252.67758,57447.8125,82.25
2022-01-06T00:00+01:00,-8613.36,22016.21205,35804.51127,54764.3675,82.25
2022-01-06T01:00+01:00,-9345.2925,22823.11976,33852.99619,53626.8475,82.25
2022-01-06T02:00+01:00,-9956.2475,24719.07272,32277.14354,52556.2825,82.25
2022-01-06T03:00+01:00,-9194.9575,25391.1723,30070.78475,52061.7875,82.25
2022-01-06T04:00+01:00,-8742.57,26881.39871,28147.26769,52685.4175,82.25
2022-01-06T05:00+01:00,-7773.0675,28400.03358,26166.75882,54316.865,82.25
2022-01-06T06:00+01:00,-6725.705,30812.81187,23775.08954,57963.55,82.25
2022-01-06T07:00+01:00,-5702.52,33341.81061,21170.35775,62351.9425,82.25
2022-01-06T08:00+01:00,-4422.9325,34294.75462,19476.92649,64526.415,82.25
2022-01-06T09:00+01:00,-3265.1975,34196.02423,20544.89586,65555.4125,82.25
2022-01-06T10:00+01:00,-2782.925,33848.36827,23164.93203,66025.2375,82.25
2022-01-06T11:00+01:00,-2047.305,33569.23097,25649.32585,66573.4325,82.25
2022-01-06T12:00+01:00,-1188.4175,33538.7295,26537.69836,65925.305,82.25
2022-01-06T13:00+01:00,-1163.8475,33445.01693,25338.94594,64509.8,82.25
2022-01-06T14:00+01:00,106.0175,33784.34064,21185.02154,63136.0125,82.25
2022-01-06T15:00+01:00,1184.32,34417.49385,16318.39045,62669.1525,82.25
2022-01-06T16:00+01:00,2328.635,34697.85718,15524.46656,63913.725,82.25
2022-01-06T17:00+01:00,1059.52,34774.27581,19257.05708,67678.1825,82.25
2022-01-06T18:00+01:00,-722.2825,34413.8939,22511.03266,68116.07,82.25
2022-01-06T19:00+01:00,-3188.865,33784.24866,25771.92199,67094.06,82.25
2022-01-06T20:00+01:00,-4520.7625,32049.74464,28363.16041,64595.4075,82.25
2022-01-06T21:00+01:00,-5675.9475,29722.89442,29694.91001,61740.8825,82.25
2022-01-06T22:00+01:00,-7061.115,29029.75735,30002.38841,59928.64,82.25
2022-01-06T23:00+01:00,-7015.045,28162.15477,30867.01712,57179.5575,82.25
2022-01-07T00:00+01:00,-7883.765,26509.97078,31753.72445,53891.15,82.25
2022-01-07T01:00+01:00,-8200.8375,25442.6334,32648.6272,52322.385,82.25
2022-01-07T02:00+01:00,-9992.125,24897.29582,33993.22426,51408.9525,82.25
2022-01-07T03:00+01:00,-9591.8275,24370.85782,35137.77335,51583.89,82.25
2022-01-07T04:00+01:00,-10858.0925,24776.26005,35851.07507,53277.83,82.25
2022-01-07T05:00+01:00,-11995.93,26737.5495,36602.57751,56067.89,82.25
2022-01-07T06:00+01:00,-13070.8825,29387.72585,38779.21087,61409.9925,82.25
2022-01-07T07:00+01:00,-12397.8625,30775.02611,40091.33527,66607.5775,82.25
2022-01-07T08:00+01:00,-11685.34,31517.80913,40689.51208,69762.27,82.25
2022-01-07T09:00+01:00,-11808.695,31967.49707,41281.68957,71572.0375,82.25
2022-01-07T10:00+01:00,-11382.5325,32039.81283,42079.37196,72304.2475,82.25
2022-01-07T11:00+01:00,-10347.4875,32274.39273,42684.39804,73102.3725,82.25
2022-01-07T12:00+01:00,-10061.6075,32608.16414,41545.81148,73274.745,82.25
2022-01-07T13:00+01:00,-10247.0375,32937.27474,39472.4524,71416.3975,82.25
2022-01-07T14:00+01:00,-7761.2725,32821.43385,36321.30876,70541.8225,82.25
2022-01-07T15:00+01:00,-8767.3975,32986.7338,33496.47329,69986.73,82.25
2022-01-07T16:00+01:00,-7810.055,33017.0991,32137.75517,70188.51,82.25
2022-01-07T17:00+01:00,-7910.8925,32932.81405,31951.96029,71712.75,82.25
2022-01-07T18:00+01:00,-8868.845,33041.94564,30561.70113,70679.495,82.25
2022-01-07T19:00+01:00,-9588.2925,32599.29088,29840.46316,68373.755,82.25
2022-01-07T20:00+01:00,-9584.8225,31708.84588,29125.90734,64625.585,82.25
2022-01-07T21:00+01:00,-8962.3125,31703.94648,28289.59298,61533.0975,82.25
2022-01-07T22:00+01:00,-7879.505,31105.502,27015.73738,59053.325,82.25
2022-01-07T23:00+01:00,-7421.5775,29509.15745,25628.47461,55817.125,82.25
2022-01-08T00:00+01:00,-7774.95,28898.48211,25176.15596,52693.7825,82.25
2022-01-08T01:00+01:00,-8783.67,28956.90306,24495.84047,50531.7125,82.25
2022-01-08T02:00+01:00,-8733.13,28919.79184,24059.46948,49607.22,82.25
2022-01-08T03:00+01:00,-8401.7725,28711.81216,23838.05126,49542.4175,82.25
2022-01-08T04:00+01:00,-9222.095,29021.52109,22784.49509,49076.79,82.25
2022-01-08T05:00+01:00,-9867.865,29267.86732,23266.81785,49137.655,82.25
2022-01-08T06:00+01:00,-10741.7125,29644.98304,23645.17626,50275.965,82.25
2022-01-08T07:00+01:00,-10140.43,29867.22594,23833.89095,52478.035,82.25
2022-01-08T08:00+01:00,-10214.0975,30172.79317,25355.84226,55737.795,82.25
2022-01-08T09:00+01:00,-9665.9575,30318.10608,26922.32593,59557.6425,82.25
2022-01-08T10:00+01:00,-10174.15,29784.41305,28835.51462,61401.5125,82.25
2022-01-08T11:00+01:00,-9618.1925,29878.68263,31559.44929,62936.6875,82.25
2022-01-08T12:00+01:00,-9594.9075,29756.55764,33928.39885,63096.5,82.25
2022-01-08T13:00+01:00,-11133.695,29484.84871,35570.63758,62069.52,82.25
2022-01-08T14:00+01:00,-11056.8425,29246.51947,35473.53779,61146.4325,82.25
2022-01-08T15:00+01:00,-11344.3175,29188.27157,34312.90664,61383.6025,82.25
2022-01-08T16:00+01:00,-10559.415,28900.06131,35519.90421,63065.865,82.25
2022-01-08T17:00+01:00,-11724.9,28602.7016,38176.30293,66684.5375,82.25
2022-01-08T18:00+01:00,-12933.61,28074.14983,40479.88105,66972.295,82.25
2022-01-08T19:00+01:00,-14382.125,26008.50361,42120.19373,64999.8025,82.25
2022-01-08T20:00+01:00,-15481.255,23244.91956,43250.14218,61902.7825,82.25
2022-01-08T21:00+01:00,-15236.17,21487.58067,43928.16351,59118.65,82.25
2022-01-08T22:00+01:00,-14653.775,20983.39976,43307.625,57796.6225,82.25
2022-01-08T23:00+01:00,-13213.5075,18888.06842,42929.75883,55009.8675,82.25
2022-01-09T00:00+01:00,-13370.2325,17410.56172,42123.03603,51914.75,82.25
2022-01-09T01:00+01:00,-12022.1525,16862.05786,40683.66381,49845.14,82.25
2022-01-09T02:00+01:00,-10910.385,15786.18436,38541.19062,48556.2925,82.25
2022-01-09T03:00+01:00,-8806.0875,15057.56018,37428.08749,47791.9925,82.25
2022-01-09T04:00+01:00,-7290.7675,15554.08458,36317.22069,48110.6175,82.25
2022-01-09T05:00+01:00,-6945.27,15934.69819,35313.89679,47800.105,82.25
2022-01-09T06:00+01:00,-9060.8425,17384.86848,36492.17383,47636.305,82.25
2022-01-09T07:00+01:00,-10294.815,19425.86792,36626.06075,49467.2525,82.25
2022-01-09T08:00+01:00,-12791.44,22356.62938,36329.53181,52225.7075,82.25
2022-01-09T09:00+01:00,-12881.0425,25597.16611,36313.91566,56078.6325,82.25
2022-01-09T10:00+01:00,-12609.8325,26778.19988,36636.49831,58455.805,82.25
2022-01-09T11:00+01:00,-11848.9675,27365.65968,37181.45573,60550.1225,82.25
2022-01-09T12:00+01:00,-11395.53,27376.73965,35910.21073,60478.4525,82.25
2022-01-09T13:00+01:00,-10716.9125,27632.75753,33905.92466,58535.165,82.25
2022-01-09T14:00+01:00,-9764.81,28137.53216,30604.05193,57184.05,82.25
2022-01-09T15:00+01:00,-8810.705,29679.16007,27270.03599,56608.0075,82.25
2022-01-09T16:00+01:00,-7314.6225,31189.55288,25113.66776,58159.8475,82.25
2022-01-09T17:00+01:00,-5800.4575,32365.03987,23752.5679,61580.18,82.25
2022-01-09T18:00+01:00,-5171.46,33253.72677,22536.21209,62196.655,82.25
2022-01-09T19:00+01:00,-4369.9375,33941.28396,21467.96753,60316.095,82.25
2022-01-09T20:00+01:00,-5421.845,34158.795,20534.86035,57628.58,82.25
2022-01-09T21:00+01:00,-6332.505,34275.99154,19337.27386,55441.3375,82.25
2022-01-09T22:00+01:00,-4200.085,34122.56856,17929.30329,54540.21,82.25
2022-01-09T23:00+01:00,-4705.735,33888.39975,16749.24849,51787.095,82.25
2022-01-10T00:00+01:00,-4373.745,34248.80815,15191.50832,49764.575,82.25
2022-01-10T01:00+01:00,-4101.3375,34476.9938,13960.83432,48278.0525,82.25
2022-01-10T02:00+01:00,-2687.1375,34735.91991,12872.56599,47959.68,82.25
2022-01-10T03:00+01:00,-1159.825,34924.91166,11899.54692,48291.235,82.25
2022-01-10T04:00+01:00,-783.465,35260.97797,11239.40618,49757.4875,82.25
2022-01-10T05:00+01:00,1389.075,36075.56698,10902.54208,53655.4625,82.25
2022-01-10T06:00+01:00,5514.0425,37429.4203,10747.66716,61564.1775,82.25
2022-01-10T07:00+01:00,8039.89,39355.26374,10755.96974,68049.7825,82.25
2022-01-10T08:00+01:00,7967.3875,40363.45849,10980.46588,71608.52,82.25
2022-01-10T09:00+01:00,7329.835,40660.56963,12133.46024,71868.0625,82.25
2022-01-10T10:00+01:00,8333.965,40461.50898,13950.0942,72100.195,82.25
2022-01-10T11:00+01:00,7161.9725,40611.02076,15538.84698,72512.4775,82.25
2022-01-10T12:00+01:00,7608.1225,40506.53883,15972.19097,72629.8125,82.25
2022-01-10T13:00+01:00,8031.695,40683.835,15298.15862,71828.045,82.25
2022-01-10T14:00+01:00,8392.015,40787.20789,13414.2076,70646.1675,82.25
2022-01-10T15:00+01:00,8739.625,41011.64289,11085.419,70225.4275,82.25
2022-01-10T16:00+01:00,9396.0325,41252.7583,9759.547048,70503.88,82.25
2022-01-10T17:00+01:00,10864.1675,41100.08629,9674.087424,73158.9875,82.25
2022-01-10T18:00+01:00,9247.035,41073.92121,10029.5646,73017.05,82.25
2022-01-10T19:00+01:00,10488.2275,40547.52198,10273.99574,71270.54,82.25
2022-01-10T20:00+01:00,8088.9425,39275.91436,10242.31172,67250.0975,82.25
2022-01-10T21:00+01:00,6182.8075,38357.37467,10245.18233,63507.1775,82.25
2022-01-10T22:00+01:00,5658.1425,37989.25213,10258.29947,60594.54,82.25
2022-01-10T23:00+01:00,2656.9925,37573.89793,10463.10541,57059.265,82.25
2022-01-11T00:00+01:00,3887.4825,36903.20733,10921.08448,55215.67,82.25
2022-01-11T01:00+01:00,2467.4525,36425.85925,11154.69624,53613.77,82.25
2022-01-11T02:00+01:00,2526.38,36146.56928,11194.77542,53135.055,82.25
2022-01-11T03:00+01:00,1745.8625,36800.20185,11660.92626,53178.1575,82.25
2022-01-11T04:00+01:00,2444.2975,36738.6521,11960.28446,54362.1725,82.25
2022-01-11T05:00+01:00,3275.9875,37505.78996,12429.38195,57401.535,82.25
2022-01-11T06:00+01:00,4592.84,39197.77227,13301.09959,63815.3925,82.25
2022-01-11T07:00+01:00,4976.9775,39988.38404,14413.9388,69720.6825,82.25
2022-01-11T08:00+01:00,3494.8875,40255.4933,15780.79763,72431.1975,82.25
2022-01-11T09:00+01:00,2710.465,40189.81446,17865.10441,72713.9625,82.25
2022-01-11T10:00+01:00,1577.9675,40082.46461,21777.8569,73075.95,82.25
2022-01-11T11:00+01:00,1650.01,39651.56721,25095.23821,73804.825,82.25
2022-01-11T12:00+01:00,800.4225,39229.30592,25962.46587,73434.58,82.25
2022-01-11T13:00+01:00,303.55,39705.84419,23992.66134,71948.99,82.25
2022-01-11T14:00+01:00,904.9875,39739.04547,21118.67383,70744.8025,82.25
2022-01-11T15:00+01:00,2650.3175,39953.73729,17719.53068,70381.9325,82.25
2022-01-11T16:00+01:00,2705.7525,40550.95969,16072.50923,70857.7025,82.25
2022-01-11T17:00+01:00,3080.3025,41095.42822,16308.9832,73547.7125,82.25
2022-01-11T18:00+01:00,1545.3925,41288.96318,16289.88293,73326.3225,82.25
2022-01-11T19:00+01:00,2003.545,40858.14664,15950.11392,71651.8075,82.25
2022-01-11T20:00+01:00,1643.1175,40307.07013,15521.34236,67754.1375,82.25
2022-01-11T21:00+01:00,1825.7075,39274.52597,14598.7841,64208.04,82.25
2022-01-11T22:00+01:00,1724.23,38828.74505,13653.87755,61322.7425,82.25
2022-01-11T23:00+01:00,736.5875,38015.57867,13194.64913,57714.835,82.25
2022-01-12T00:00+01:00,-2039.36,37940.34888,12910.55031,55109.5325,82.25
2022-01-12T01:00+01:00,-153.475,37290.27487,12411.47948,53750.46,82.25
2022-01-12T02:00+01:00,308.575,36960.5345,12261.33208,52930.21,82.25
2022-01-12T03:00+01:00,548.1225,37098.95682,12002.56202,53275.9925,82.25
2022-01-12T04:00+01:00,1620.775,37433.6751,11695.11164,54461.0825,82.25
2022-01-12T05:00+01:00,1990.8875,38446.5103,11517.73124,56882.66,82.25
2022-01-12T06:00+01:00,3005.0625,39794.76216,11377.59041,63720.9725,82.25
2022-01-12T07:00+01:00,4235.83,40395.03627,11410.70973,69926.2625,82.25
2022-01-12T08:00+01:00,4509.7675,40917.81077,12028.35212,72301.7775,82.25
2022-01-12T09:00+01:00,3296.8925,41191.81811,14277.62819,72723.6375,82.25
2022-01-12T10:00+01:00,2596.8775,40841.3284,17615.33916,73462.45,82.25
2022-01-12T11:00+01:00,1982.6975,40505.23005,20802.99379,73558.545,82.25
2022-01-12T12:00+01:00,2651.36,40528.32187,22872.15608,73081.765,82.25
2022-01-12T13:00+01:00,2296.575,40049.61082,22583.29598,72308.1675,82.25
2022-01-12T14:00+01:00,2463.6025,40176.23352,20599.55899,71296.76,82.25
2022-01-12T15:00+01:00,2131.385,40212.54591,18193.88199,71208.3325,82.25
2022-01-12T16:00+01:00,798.115,40810.56581,17523.23261,71746.85,82.25
2022-01-12T17:00+01:00,1139.8325,40813.04718,18495.42253,74691.795,82.25
2022-01-12T18:00+01:00,100.82,40436.75604,19190.96934,74306.9625,82.25
2022-01-12T19:00+01:00,144.55,39687.23885,19955.7602,72789.3825,82.25
2022-01-12T20:00+01:00,-1452.065,39026.38483,21164.05812,69103.4275,82.25
2022-01-12T21:00+01:00,-5041.4475,38521.88123,22248.51001,65657.675,82.25
2022-01-12T22:00+01:00,-6505.33,37068.54979,22279.22538,62597.6125,82.25
2022-01-12T23:00+01:00,-5671.635,35064.22027,22837.62735,59247.58,82.25
2022-01-13T00:00+01:00,-7009.6775,33075.8491,23895.16206,56763.2525,82.25
2022-01-13T01:00+01:00,-7345.8025,32424.69778,25216.30595,55206.9925,82.25
2022-01-13T02:00+01:00,-7645.5725,32056.81103,26474.29609,54635.14,82.25
2022-01-13T03:00+01:00,-7798.2175,31783.01944,27340.83091,55390.67,82.25
2022-01-13T04:00+01:00,-7871.175,32111.21533,27871.95766,56281.175,82.25
2022-01-13T05:00+01:00,-8067.63,33173.36754,28481.26508,59456.86,82.25
2022-01-13T06:00+01:00,-7551.8375,35305.41175,29200.9684,66805.9,82.25
2022-01-13T07:00+01:00,-6237.5475,37200.21562,29363.48606,72946.2925,82.25
2022-01-13T08:00+01:00,-6260.8025,37343.43829,29386.56041,75639.17,82.25
2022-01-13T09:00+01:00,-6742.86,37288.62801,31096.80619,75839.5625,82.25
2022-01-13T10:00+01:00,-6174.99,36836.33862,34347.74544,75756.39,82.25
2022-01-13T11:00+01:00,-7396.46,36560.04785,37401.11949,75980.22,82.25
2022-01-13T12:00+01:00,-7958.8475,36127.88437,39243.99727,75738.6225,82.25
2022-01-13T13:00+01:00,-7959.4525,35676.21496,39080.31434,74623.6925,82.25
2022-01-13T14:00+01:00,-7375.8925,35478.792,37008.83256,73642.4575,82.25
2022-01-13T15:00+01:00,-6192.8675,36160.03425,33510.31155,73175.0925,82.25
2022-01-13T16:00+01:00,-5296.07,36675.79122,30859.31057,73011.175,82.25
2022-01-13T17:00+01:00,-5958.2025,36827.29932,30541.62623,75839.7225,82.25
2022-01-13T18:00+01:00,-5718.315,36759.50452,30768.83539,75882.51,82.25
2022-01-13T19:00+01:00,-5981.485,36710.08043,30981.38845,74122.815,82.25
2022-01-13T20:00+01:00,-6321.6625,34787.29398,31486.18564,70348.215,82.25
2022-01-13T21:00+01:00,-7042.93,33138.42482,31444.31996,66710.9025,82.25
2022-01-13T22:00+01:00,-7321.1775,32274.2404,31655.94371,64046.0625,82.25
2022-01-13T23:00+01:00,-8104.0525,30559.36699,32551.49065,60633.8425,82.25
2022-01-14T00:00+01:00,-7237.3725,30352.52629,32514.00928,57827.99,82.25
2022-01-14T01:00+01:00,-6734.0375,29270.10311,32249.80443,55650.615,82.25
2022-01-14T02:00+01:00,-7158.1475,28135.89129,32049.21262,55091.105,82.25
2022-01-14T03:00+01:00,-7009.615,28059.85398,32058.98579,55588.895,82.25
2022-01-14T04:00+01:00,-6835.12,28973.85963,32119.13573,57035.1525,82.25
2022-01-14T05:00+01:00,-8008.1075,31401.41715,32402.89078,59995.8375,82.25
2022-01-14T06:00+01:00,-8497.1675,34862.66696,32789.75623,66879.195,82.25
2022-01-14T07:00+01:00,-6663.1275,36838.56976,32185.75855,72628.835,82.25
2022-01-14T08:00+01:00,-5358.43,36853.47589,32629.04979,75570.455,82.25
2022-01-14T09:00+01:00,-5715.4925,36856.99286,34560.2282,75555.6725,82.25
2022-01-14T10:00+01:00,-6996.2925,36569.79229,37189.46386,75158.485,82.25
2022-01-14T11:00+01:00,-7528.3425,36450.8774,38603.80831,75242.0575,81.7025
2022-01-14T12:00+01:00,-7394.7675,36885.85063,38523.7701,74688.0125,81.52
2022-01-14T13:00+01:00,-7797.4275,37418.67416,36836.18456,72935.4925,81.52
2022-01-14T14:00+01:00,-7471.3225,37726.17702,33496.3782,71182.2825,81.52
2022-01-14T15:00+01:00,-4666.2125,38703.31102,27857.61534,70479.9475,81.52
2022-01-14T16:00+01:00,-2821.515,39408.32469,23872.00324,71104.9175,81.52
2022-01-14T17:00+01:00,-471.4125,40047.87337,22309.11548,73303.0975,81.52
2022-01-14T18:00+01:00,-411.0275,40726.12953,19938.6435,72838.305,81.52
2022-01-14T19:00+01:00,-537.43,40599.23661,17814.00576,70666.12,81.52
2022-01-14T20:00+01:00,-124.5175,40233.21469,16194.74233,66433.9525,81.52
2022-01-14T21:00+01:00,-118.02,39922.60709,14504.16819,62480.96,81.52
2022-01-14T22:00+01:00,-1299.8725,39569.55587,13142.42457,59302.3425,81.52
2022-01-14T23:00+01:00,-2915.78,38710.62756,12467.93719,56253.38,81.52
2022-01-15T00:00+01:00,-2713.1125,36473.14082,12446.16722,53739.6875,81.52
2022-01-15T01:00+01:00,-2727.3075,35233.41686,12329.95874,52076.7675,81.52
2022-01-15T02:00+01:00,-2788.5225,34686.87288,12185.93132,51137.68,81.52
2022-01-15T03:00+01:00,-2413.955,34104.78534,11832.94764,50075.595,81.52
2022-01-15T04:00+01:00,-1983.4925,34490.65151,11409.92235,50241.635,81.52
2022-01-15T05:00+01:00,-3205.58,34968.85878,11254.86008,49934.1325,81.52
2022-01-15T06:00+01:00,-3690.1125,35805.10442,11143.48762,50246.4275,81.52
2022-01-15T07:00+01:00,-1995.7075,37098.747,10796.46418,53092.2525,81.52
2022-01-15T08:00+01:00,-37.2275,37599.99524,10860.70654,56432.06,81.52
2022-01-15T09:00+01:00,608.39,37926.29488,12529.86337,59395.3425,81.52
2022-01-15T10:00+01:00,-60.1775,37999.11591,15243.75146,61114.1825,81.52
2022-01-15T11:00+01:00,-458.6925,37981.17093,17174.65759,62062.6625,81.52
2022-01-15T12:00+01:00,-921.7925,37926.20721,17331.64775,61699.015,81.52
2022-01-15T13:00+01:00,-1461.23,37801.41761,16455.97428,60134.9825,81.52
2022-01-15T14:00+01:00,-475.305,37987.56326,14165.51263,58742.8825,81.52
2022-01-15T15:00+01:00,1438.3375,38122.24424,11633.96694,58369.9,81.52
2022-01-15T16:00+01:00,3185.1175,38175.75424,10133.28253,59679.9375,81.52
2022-01-15T17:00+01:00,2790.8825,38387.58237,10220.61318,62712.335,81.52
2022-01-15T18:00+01:00,1768.7625,38355.34405,10673.03657,63285.3825,81.52
2022-01-15T19:00+01:00,-287.2575,38115.9412,11551.5679,61200.16,81.52
2022-01-15T20:00+01:00,-1837.915,37399.82902,12337.40682,57714.665,81.52
2022-01-15T21:00+01:00,-2726.555,36467.557,13242.103,55607.1575,81.52
2022-01-15T22:00+01:00,-3262.2475,35599.90087,13804.57243,54415.955,81.52
2022-01-15T23:00+01:00,-3536.5975,33302.82228,13943.54596,51608.2975,81.52
2022-01-16T00:00+01:00,-5019.3825,31353.24329,14308.38153,48891.29,81.52
2022-01-16T01:00+01:00,-6575.0875,30295.74766,14946.61035,47268.66,81.52
2022-01-16T02:00+01:00,-7417.95,29829.41084,15938.78398,46388.6575,81.52
2022-01-16T03:00+01:00,-8362.8925,29459.06049,17217.21746,45927.74,81.52
2022-01-16T04:00+01:00,-8885.2825,28984.19248,18717.03564,46411.79,81.52
2022-01-16T05:00+01:00,-9964.9225,28896.81069,19791.36407,46475.36,81.52
2022-01-16T06:00+01:00,-8991.8875,28036.09108,20517.26544,47392.4175,81.52
2022-01-16T07:00+01:00,-9386.4625,27995.50362,22172.7674,49409.885,81.52
2022-01-16T08:00+01:00,-8893.9175,28022.48643,25544.30407,52613.6375,81.52
2022-01-16T09:00+01:00,-8332.3375,28104.99159,28897.32609,56745.135,81.52
2022-01-16T10:00+01:00,-9340.6025,27998.3592,32236.81342,59412.64,81.52
2022-01-16T11:00+01:00,-9101.09,27929.12173,35077.76877,62025.3425,81.52
2022-01-16T12:00+01:00,-8326.405,26830.06259,38166.93243,62753.5075,81.52
2022-01-16T13:00+01:00,-9201.3575,26260.83396,37915.12218,61891.225,81.52
2022-01-16T14:00+01:00,-10140.24,26372.27828,37210.5017,60919.4075,81.52
2022-01-16T15:00+01:00,-10074.99,26374.09048,35977.42373,60477.98,81.52
2022-01-16T16:00+01:00,-9443.4675,26430.90499,35525.35937,61701.76,81.52
2022-01-16T17:00+01:00,-7508.7225,26454.80025,36431.77477,65136.1325,81.52
2022-01-16T18:00+01:00,-6055.5,26486.95362,37322.75903,65653.01,81.52
2022-01-16T19:00+01:00,-6801.5875,26055.28346,37196.99399,64112.7225,81.52
2022-01-16T20:00+01:00,-8067.77,25455.14158,36318.62495,60043.7,81.52
2022-01-16T21:00+01:00,-7350.55,24729.90573,37443.97045,58777.125,81.52
2022-01-16T22:00+01:00,-7961.91,24399.77286,37424.43398,58151.06,81.52
2022-01-16T23:00+01:00,-9240.8375,23260.49052,38192.43631,55343.53,81.52
2022-01-17T00:00+01:00,-8414.1925,21140.18622,38873.0143,53270.1675,81.52
2022-01-17T01:00+01:00,-8624.2475,19429.81706,39791.46614,51879.5725,81.52
2022-01-17T02:00+01:00,-8705.155,17960.24284,40440.84787,51399.7925,81.52
2022-01-17T03:00+01:00,-8612.3625,17254.3141,41351.44953,51822.575,81.52
2022-01-17T04:00+01:00,-8961.15,18606.83753,41948.34569,53327.675,81.52
2022-01-17T05:00+01:00,-8730.22,22048.71749,41714.45726,57056.9475,81.52
2022-01-17T06:00+01:00,-8550.8375,25961.50383,42770.2594,64883.685,81.52
2022-01-17T07:00+01:00,-7989.45,28333.15411,43383.46006,71644.355,81.52
2022-01-17T08:00+01:00,-8141.16,29666.8358,43467.11779,75298.315,81.52
2022-01-17T09:00+01:00,-7990.56,29837.70309,44910.49775,76475.4475,81.52
2022-01-17T10:00+01:00,-8253.7675,29845.91125,46730.73448,77616.6375,81.52
2022-01-17T11:00+01:00,-8339.275,29876.08348,48123.42684,77595.49,81.52
2022-01-17T12:00+01:00,-8089.97,29659.52334,48372.4799,77353.715,81.52
2022-01-17T13:00+01:00,-8023.0825,29646.15661,47301.44222,76389.495,81.52
2022-01-17T14:00+01:00,-7657.1575,30085.46027,45099.09231,75206.8525,81.52
2022-01-17T15:00+01:00,-6266.9125,31510.66802,41309.61369,74538.46,81.52
2022-01-17T16:00+01:00,-6532.0175,33251.63632,38314.50592,73728.11,81.52
2022-01-17T17:00+01:00,-6052.8725,35404.95888,36539.7969,76218.775,81.52
2022-01-17T18:00+01:00,-4295.2425,36394.97063,34112.95358,76019.27,81.52
2022-01-17T19:00+01:00,-3722.6625,36631.84544,31169.16086,74226.675,81.52
2022-01-17T20:00+01:00,-4165.34,36152.73445,28368.74994,69900.9475,81.52
2022-01-17T21:00+01:00,-3615.9725,35600.3415,26156.86221,65593.2425,81.52
2022-01-17T22:00+01:00,-3840.8875,35323.62303,24000.45559,62255.7075,81.52
2022-01-17T23:00+01:00,-4236.645,34205.30833,23059.09733,58412.6575,81.52
2022-01-18T00:00+01:00,-5947.2225,34157.29057,22355.12598,55552.26,81.52
2022-01-18T01:00+01:00,-5283.8925,34124.69043,21497.82115,54063.3025,81.52
2022-01-18T02:00+01:00,-5701.09,33846.6542,20194.90873,52475.635,81.52
2022-01-18T03:00+01:00,-4599.1325,34530.6271,19047.99368,52474.995,81.52
2022-01-18T04:00+01:00,-4178.78,35551.65026,18449.63481,54096.31,81.52
2022-01-18T05:00+01:00,-4295.9575,37540.00883,17646.63598,56957.8075,81.52
2022-01-18T06:00+01:00,202.2625,40414.39392,15785.68171,64046.6525,81.52
2022-01-18T07:00+01:00,1663.4975,42543.59272,14114.03662,69969.745,81.52
2022-01-18T08:00+01:00,2153,42773.68251,13155.00315,71893.555,81.52
2022-01-18T09:00+01:00,2929.4125,42963.64895,14286.72344,71858.6525,81.52
2022-01-18T10:00+01:00,2954.88,43065.74843,16983.85143,72197.7875,81.52
2022-01-18T11:00+01:00,1555.3825,43029.32369,20037.90082,72340.6825,81.52
2022-01-18T12:00+01:00,1834.59,42577.17494,21176.67506,72575.785,81.52
2022-01-18T13:00+01:00,2119.1225,42492.0598,20394.63466,72159.4625,81.52
2022-01-18T14:00+01:00,1250.56,42513.60051,18850.51671,71201.3875,81.52
2022-01-18T15:00+01:00,1091.0175,42811.84581,16889.64962,70750.295,81.52
2022-01-18T16:00+01:00,628.245,42929.65574,15275.38973,70716.3825,81.52
2022-01-18T17:00+01:00,-176.8125,43325.77203,15945.5897,73582.545,81.52
2022-01-18T18:00+01:00,421.4575,43131.35129,16411.42341,73401.0325,81.52
2022-01-18T19:00+01:00,-287.8,42266.41534,17198.18298,71364.295,81.52
2022-01-18T20:00+01:00,-1345.05,40993.80266,17979.42177,67774.555,81.52
2022-01-18T21:00+01:00,-4016.5375,40517.17406,19947.99331,64851.9225,81.52
2022-01-18T22:00+01:00,-5694.14,38857.63157,21307.76517,62530.6675,81.52
2022-01-18T23:00+01:00,-5904.365,36345.49798,22032.8763,58942.175,81.52
2022-01-19T00:00+01:00,-6627.5825,34832.73278,22681.82748,56133.8375,81.52
2022-01-19T01:00+01:00,-7349.14,34513.67888,23321.9654,55460.4675,81.52
2022-01-19T02:00+01:00,-7102.3875,34217.57285,23426.47769,54405.46,81.52
2022-01-19T03:00+01:00,-6931.5075,34451.40195,23328.37339,54514.035,81.52
2022-01-19T04:00+01:00,-7241.7,34999.45651,23171.02962,55439.41,81.52
2022-01-19T05:00+01:00,-7192.4575,36182.21097,24287.56821,58947.465,81.52
2022-01-19T06:00+01:00,-6398.59,38485.1338,24746.82376,65817.42,81.52
2022-01-19T07:00+01:00,-4796.7175,38581.83251,26764.91485,71932.945,81.52
2022-01-19T08:00+01:00,-5839.3525,39006.86829,28567.16481,74515.655,81.52
2022-01-19T09:00+01:00,-7099.51,38367.77476,33259.17236,75427.025,81.52
2022-01-19T10:00+01:00,-8516.47,37366.50614,36835.19578,75534.3,81.52
2022-01-19T11:00+01:00,-8701.405,36711.34384,40377.83627,75762.3325,81.52
2022-01-19T12:00+01:00,-8974.325,35310.03514,43064.99857,76264.8975,81.52
2022-01-19T13:00+01:00,-9694.6875,34707.77376,43103.54655,75868.7325,81.52
2022-01-19T14:00+01:00,-10436.62,33874.24514,42690.84566,74994.485,81.52
2022-01-19T15:00+01:00,-10091.73,33171.95806,41266.56466,74727.2325,81.52
2022-01-19T16:00+01:00,-9392.7875,32539.72875,40828.33279,75081.3275,81.52
2022-01-19T17:00+01:00,-8977.1175,32385.17476,42766.56279,77814.6625,81.52
2022-01-19T18:00+01:00,-9124.2125,31447.69324,44278.70985,77426.735,81.52
2022-01-19T19:00+01:00,-9210.35,29679.11327,45151.51338,75568.2425,81.52
2022-01-19T20:00+01:00,-10148.7675,26699.29012,46871.64029,71684.79,81.52
2022-01-19T21:00+01:00,-9869.8875,24508.76457,46979.10396,67540.3325,81.52
2022-01-19T22:00+01:00,-10103.965,23354.24315,44756.26052,64875.315,81.52
2022-01-19T23:00+01:00,-11206.83,22370.56263,43971.46946,61247.7,81.52
2022-01-20T00:00+01:00,-10083.8725,21013.87923,43576.67893,58217.0325,81.52
2022-01-20T01:00+01:00,-9572.04,19734.67839,43490.32085,56613.89,81.52
2022-01-20T02:00+01:00,-8660.93,18966.38162,42764.18674,55672.815,81.52
2022-01-20T03:00+01:00,-9114.6775,19343.89915,42973.01264,55788.325,81.52
2022-01-20T04:00+01:00,-8403.565,19905.25573,43876.66755,57475.4425,81.52
2022-01-20T05:00+01:00,-8894.8575,21803.03123,44278.26701,60228.015,81.52
2022-01-20T06:00+01:00,-8913.6725,25019.8676,45025.2592,67189.9875,81.52
2022-01-20T07:00+01:00,-9064.605,28171.02947,44183.61548,73448.9025,81.52
2022-01-20T08:00+01:00,-8089.7525,29323.52289,43278.93314,76403.835,81.52
2022-01-20T09:00+01:00,-7545.51,29350.74463,44578.43988,77336.4975,81.52
2022-01-20T10:00+01:00,-9127.27,29909.62224,47258.75264,77380.2975,81.52
2022-01-20T11:00+01:00,-9222.4875,29283.67704,50449.45282,77711.9225,81.52
2022-01-20T12:00+01:00,-9170.865,28178.35015,51986.04522,76990.765,81.52
2022-01-20T13:00+01:00,-9164.18,27837.74329,50339.17545,75432.4475,81.52
2022-01-20T14:00+01:00,-8761.0325,28925.60229,47757.0144,75531.515,81.52
2022-01-20T15:00+01:00,-8377.6975,30111.71221,43522.39341,75069.8325,81.52
2022-01-20T16:00+01:00,-8585.3075,31206.15093,40993.20246,74928.0525,81.52
2022-01-20T17:00+01:00,-9335.4375,32538.01188,39708.01356,77492.01,81.52
2022-01-20T18:00+01:00,-9185.1925,33093.31006,40140.22019,77598.68,81.52
2022-01-20T19:00+01:00,-8277.0025,32973.82637,40105.2001,76385.1475,81.52
2022-01-20T20:00+01:00,-7458.535,32091.74301,39693.77491,72197.9,81.52
2022-01-20T21:00+01:00,-7578.89,30365.72268,37706.7462,68222.125,81.52
2022-01-20T22:00+01:00,-7657.4825,29566.53959,36389.81446,65634.92,81.52
2022-01-20T23:00+01:00,-7354.8575,28842.05285,35657.95105,62434.5325,81.52
2022-01-21T00:00+01:00,-8447.5475,27811.35022,34697.35973,59818.4275,81.52
2022-01-21T01:00+01:00,-8952.7325,27698.21664,33844.62927,58164.4775,81.52
2022-01-21T02:00+01:00,-8331.455,27706.59362,33702.65862,57126.81,81.52
2022-01-21T03:00+01:00,-7980.6075,27937.01296,33403.93447,57367.41,81.52
2022-01-21T04:00+01:00,-7708.4075,28417.89333,32569.60627,58416.2075,81.52
2022-01-21T05:00+01:00,-8237.785,30970.42153,32910.26653,61127.6325,81.52
2022-01-21T06:00+01:00,-7182.18,32917.52284,32872.82758,67129.735,81.52
2022-01-21T07:00+01:00,-6035.1875,35059.98436,32533.85712,73252.7625,81.52
2022-01-21T08:00+01:00,-6113.835,35767.19698,32651.60506,75744.9,81.52
2022-01-21T09:00+01:00,-7176.2775,36370.12457,33348.64118,75813.645,81.52
2022-01-21T10:00+01:00,-7517.705,36411.43844,35633.67597,75913.11,81.52
2022-01-21T11:00+01:00,-6403.7125,35603.9253,38224.34798,76333.71,83.4025
2022-01-21T12:00+01:00,-6700.935,35378.81566,39804.36007,75900.8525,84.03
2022-01-21T13:00+01:00,-7063.9925,35252.54,39916.91045,74669.1175,84.03
2022-01-21T14:00+01:00,-7016.8675,35331.83302,37642.40633,73299.9525,84.03
2022-01-21T15:00+01:00,-7368.8,35299.5056,33998.6554,72480.7925,84.03
2022-01-21T16:00+01:00,-7528.875,35454.01486,32678.10883,72820.6525,84.03
2022-01-21T17:00+01:00,-6400.295,35369.37787,34620.32625,75487.5325,84.03
2022-01-21T18:00+01:00,-6158.395,34364.10482,36026.24762,74952.93,84.03
2022-01-21T19:00+01:00,-6685.9175,33646.37927,36914.60408,72761.445,84.03
2022-01-21T20:00+01:00,-7769.005,30640.01449,37560.9038,68722.755,84.03
2022-01-21T21:00+01:00,-8500.7175,27987.65545,37710.92402,65102.93,84.03
2022-01-21T22:00+01:00,-8753.4425,27145.3969,37003.0937,62830.7275,84.03
2022-01-21T23:00+01:00,-9504.415,25985.30788,36776.89166,59986.0575,84.03
2022-01-22T00:00+01:00,-10308.885,25146.4823,35859.84157,56104.8125,84.03
2022-01-22T01:00+01:00,-10549.3575,24783.00388,35103.15228,54354.5625,84.03
2022-01-22T02:00+01:00,-10290.8425,24665.9218,33856.64195,52888.285,84.03
2022-01-22T03:00+01:00,-10036.0425,25214.66455,32229.6001,52079.4825,84.03
2022-01-22T04:00+01:00,-9477.96,25428.55589,30348.10168,51695.125,84.03
2022-01-22T05:00+01:00,-8935.3925,25891.73287,27604.08337,51195.21,84.03
2022-01-22T06:00+01:00,-8067.195,27653.65751,26445.17978,52200.88,84.03
2022-01-22T07:00+01:00,-7115.31,29705.05635,24516.4318,54076.1575,84.03
2022-01-22T08:00+01:00,-6819.6125,33218.35728,22825.14496,57687.35,84.03
2022-01-22T09:00+01:00,-4566.785,34439.93699,21885.41896,60343.1,84.03
2022-01-22T10:00+01:00,-2517.425,34462.71965,22220.81297,62009.475,84.03
2022-01-22T11:00+01:00,-2141.675,34468.50317,22711.55675,63160.6775,84.03
2022-01-22T12:00+01:00,-1358.2475,34498.89851,22851.66405,63001.1975,84.03
2022-01-22T13:00+01:00,-2050.415,34643.6133,22280.76974,61586.835,84.03
2022-01-22T14:00+01:00,-2305.265,34801.79921,20776.67761,60438.76,84.03
2022-01-22T15:00+01:00,-1891.17,35229.18846,18853.94613,59706.9625,84.03
2022-01-22T16:00+01:00,-962.9,35798.89692,17817.22125,60248.2475,84.03
2022-01-22T17:00+01:00,-725.0225,36571.36498,18020.87307,63311.8075,84.03
2022-01-22T18:00+01:00,-2350.5,36876.84872,18251.31433,63785.7925,84.03
2022-01-22T19:00+01:00,-3211.7725,37015.28139,17996.35203,61777.445,84.03
2022-01-22T20:00+01:00,-4965.0975,36894.21429,17674.25385,57922.2375,84.03
2022-01-22T21:00+01:00,-6579.2675,36761.73156,17373.70516,55178.525,84.03
2022-01-22T22:00+01:00,-5966.7975,35848.38308,17150.64359,53924.3075,84.03
2022-01-22T23:00+01:00,-5862.905,34234.26133,16846.42534,50933.54,84.03
2022-01-23T00:00+01:00,-6162.2425,32936.72092,16369.16892,48660.045,84.03
2022-01-23T01:00+01:00,-6062.15,32497.22188,16188.22518,46785.12,84.03
2022-01-23T02:00+01:00,-5961.5825,32124.30387,15524.09419,45754.34,84.03
2022-01-23T03:00+01:00,-6762.8775,32542.53433,15313.58558,45669.7925,84.03
2022-01-23T04:00+01:00,-6602.0275,32751.00013,15077.81292,45723.405,84.03
2022-01-23T05:00+01:00,-6110.7525,32765.03156,14892.89391,45473.9325,84.03
2022-01-23T06:00+01:00,-6580.955,32765.42927,14631.35287,45532.6425,84.03
2022-01-23T07:00+01:00,-6409.755,33257.08926,14062.08436,47481.6525,84.03
2022-01-23T08:00+01:00,-6458.6275,35068.21539,14133.52868,50289.1275,84.03
2022-01-23T09:00+01:00,-4573.71,36101.63525,15402.783,53544.635,84.03
2022-01-23T10:00+01:00,-3637.69,36449.53334,17079.18843,56136.1525,84.03
2022-01-23T11:00+01:00,-2845.5225,36802.66255,18789.76643,58460.655,84.03
2022-01-23T12:00+01:00,-3477.1175,36367.92548,19222.35797,58536.8925,84.03
2022-01-23T13:00+01:00,-4280.4675,36638.5842,18183.65616,56950.56,84.03
2022-01-23T14:00+01:00,-4365.5575,36937.66111,16367.84518,55426.7675,84.03
2022-01-23T15:00+01:00,-4131.52,37455.45491,13993.83951,54976.94,84.03
2022-01-23T16:00+01:00,-3309.4575,37863.48837,11943.59892,55770.075,84.03
2022-01-23T17:00+01:00,-42.625,37812.97458,11496.44367,59515.03,84.03
2022-01-23T18:00+01:00,554.4925,37557.48656,11244.63778,60760.5475,84.03
2022-01-23T19:00+01:00,-1410.885,37744.79171,11413.44368,59157.5625,84.03
2022-01-23T20:00+01:00,-1381.525,37904.79442,11658.34944,56772.0725,84.03
2022-01-23T21:00+01:00,-3031.755,37736.9524,12083.66803,54973.945,84.03
2022-01-23T22:00+01:00,-3339.855,37308.9555,12212.59856,54676.3525,84.03
2022-01-23T23:00+01:00,-4071.25,35518.8311,12228.56517,51818.8825,84.03
2022-01-24T00:00+01:00,-4560.21,34865.56171,12429.44907,49574.27,84.03
2022-01-24T01:00+01:00,-5445.8375,34924.26538,12834.27276,48279.355,84.03
2022-01-24T02:00+01:00,-5386.7325,34629.95916,13275.21762,47817.94,84.03
2022-01-24T03:00+01:00,-4202.26,34596.92432,13499.84928,48326.6425,84.03
2022-01-24T04:00+01:00,-4415.115,35489.12005,13568.63359,49803.25,84.03
2022-01-24T05:00+01:00,-3327.1775,37512.09791,13318.78066,53719.2525,84.03
2022-01-24T06:00+01:00,886.71,38965.73394,13176.06359,61949.545,84.03
2022-01-24T07:00+01:00,2293,39966.2813,13443.89686,68729.61,84.03
2022-01-24T08:00+01:00,3926.78,40484.96787,14113.55273,71872.8975,84.03
2022-01-24T09:00+01:00,2182.6975,40935.06183,16580.26139,72656.0425,84.03
2022-01-24T10:00+01:00,1936.025,40832.29409,19173.92242,72994.18,84.03
2022-01-24T11:00+01:00,1960.7525,40830.32786,20840.77772,73596.04,84.03
2022-01-24T12:00+01:00,1609.895,40731.81989,21881.83198,73580.5925,84.03
2022-01-24T13:00+01:00,2448.065,40574.5364,21342.4325,72996.0075,84.03
2022-01-24T14:00+01:00,3522.8675,40489.32255,19033.6192,71606.1675,84.03
2022-01-24T15:00+01:00,4879.0625,40694.22931,15786.38566,70811.055,84.03
2022-01-24T16:00+01:00,3343.8425,40977.30932,13203.14143,70590.305,84.03
2022-01-24T17:00+01:00,3835.67,41788.34643,12505.67943,73043.8425,84.03
2022-01-24T18:00+01:00,3984.3625,41880.9087,12334.03761,73469.0325,84.03
2022-01-24T19:00+01:00,4520.4625,41440.86024,12274.26496,71491.095,84.03
2022-01-24T20:00+01:00,4844.4125,39735.0322,11777.16645,67535.0875,84.03
2022-01-24T21:00+01:00,3589.6675,38821.1921,11565.28661,63713.9375,84.03
2022-01-24T22:00+01:00,2240.18,38950.70048,11497.46691,61069.685,84.03
2022-01-24T23:00+01:00,407.5875,38792.4123,11686.87831,57721.555,84.03
2022-01-25T00:00+01:00,-1575.1475,39129.37414,11982.90907,55370.5875,84.03
2022-01-25T01:00+01:00,-2742.945,39131.327,12342.34095,53606.9725,84.03
2022-01-25T02:00+01:00,-2523.56,38730.93665,12656.87554,53049.6525,84.03
2022-01-25T03:00+01:00,-1473.78,38749.70238,12833.87455,53540.26,84.03
2022-01-25T04:00+01:00,-1022.905,39088.76068,12851.22498,55001.2525,84.03
2022-01-25T05:00+01:00,357.085,39389.09632,12678.28896,58304.065,84.03
2022-01-25T06:00+01:00,3223.9325,39675.44984,12787.16957,64841.9175,84.03
2022-01-25T07:00+01:00,4120.6525,40862.08952,12624.81828,70609.04,84.03
2022-01-25T08:00+01:00,4946.695,41503.11128,12845.63076,73380.7675,84.03
2022-01-25T09:00+01:00,4140.645,41383.91527,14366.88059,73626.15,84.03
2022-01-25T10:00+01:00,3273.5725,41349.98939,16298.42816,74270.905,84.03
2022-01-25T11:00+01:00,3862.7475,41325.18548,18057.82326,75063.5975,84.03
2022-01-25T12:00+01:00,3964.3075,40781.4971,19405.79795,74940.0575,84.03
2022-01-25T13:00+01:00,4060.2975,40514.75951,19566.5721,73932.5775,84.03
2022-01-25T14:00+01:00,3639.0375,40470.37243,18393.32209,72503.27,84.03
2022-01-25T15:00+01:00,4917.8125,40611.17826,16282.12402,71829.87,84.03
2022-01-25T16:00+01:00,3755.365,41431.16323,14646.06876,71226.9025,84.03
2022-01-25T17:00+01:00,4065.6825,42004.88398,14139.43313,73496.4725,84.03
2022-01-25T18:00+01:00,5588.075,42054.94621,13860.76192,73912.395,84.03
2022-01-25T19:00+01:00,4056.785,41598.88292,13922.07656,72044.81,84.03
2022-01-25T20:00+01:00,3248.5025,41148.01577,13778.17975,67921.9675,84.03
2022-01-25T21:00+01:00,1821.095,40272.66815,14009.8119,64355.0875,84.03
2022-01-25T22:00+01:00,655.0375,39193.92445,14315.83942,61592.8125,84.03
2022-01-25T23:00+01:00,-2085.4175,38859.11761,15508.5371,58279.0075,84.03
2022-01-26T00:00+01:00,-5495.845,37872.42942,16643.29666,56008.2425,84.03
2022-01-26T01:00+01:00,-6514.115,37146.14819,17281.28094,54491.805,84.03
2022-01-26T02:00+01:00,-6728.4,36653.65059,18383.4756,54064.6425,84.03
2022-01-26T03:00+01:00,-6196.065,36567.99941,19549.60543,54612.5525,84.03
2022-01-26T04:00+01:00,-6934.76,36987.23031,20219.43857,55791.8325,84.03
2022-01-26T05:00+01:00,-5875.9075,37601.22329,21382.06593,58844.835,84.03
2022-01-26T06:00+01:00,-3797.6475,38650.87779,22750.49413,66191.93,84.03
2022-01-26T07:00+01:00,-3719.09,39451.68928,23595.1131,71965.01,84.03
2022-01-26T08:00+01:00,-2956.28,40256.31128,24165.52906,74811.4125,84.03
2022-01-26T09:00+01:00,-3282.285,39897.16381,25608.04205,75329.475,84.03
2022-01-26T10:00+01:00,-3795.275,39363.57284,28098.06207,76180.3375,84.03
2022-01-26T11:00+01:00,-4710.5625,39074.82548,30151.07351,77371.38,84.03
2022-01-26T12:00+01:00,-4088.6575,38946.01318,31463.41389,77418.795,84.03
2022-01-26T13:00+01:00,-3271.395,38270.34126,32457.53278,76770.8925,84.03
2022-01-26T14:00+01:00,-4666.4275,38007.72266,32547.62423,75686.1475,84.03
2022-01-26T15:00+01:00,-5007.61,37887.25026,32346.67156,74909.03,84.03
2022-01-26T16:00+01:00,-5112.0725,38184.42084,31232.05295,74222.04,84.03
2022-01-26T17:00+01:00,-4684.675,37947.16834,32076.80577,76326.8275,84.03
2022-01-26T18:00+01:00,-5428.565,37719.41592,33160.52513,76320.1525,84.03
2022-01-26T19:00+01:00,-5714.6275,36710.05469,33789.54373,74257.02,84.03
2022-01-26T20:00+01:00,-7427.09,34644.48239,34223.42751,70425.4825,84.03
2022-01-26T21:00+01:00,-7505.58,31819.8636,34382.42504,66229.8975,84.03
2022-01-26T22:00+01:00,-7818.0675,29962.26829,34030.9281,63116.4975,84.03
2022-01-26T23:00+01:00,-7073.9125,26983.7817,35058.51118,60082.0225,84.03
2022-01-27T00:00+01:00,-8851.6925,25531.0935,36484.49826,57637.385,84.03
2022-01-27T01:00+01:00,-8944.7625,24562.49923,37427.28731,56468.725,84.03
2022-01-27T02:00+01:00,-8903.9475,23692.91125,38321.18136,56176.75,84.03
2022-01-27T03:00+01:00,-9240.0275,23723.23853,39142.17204,55785.5875,84.03
2022-01-27T04:00+01:00,-9681.0675,24439.60491,39807.55373,57135.645,84.03
2022-01-27T05:00+01:00,-9137.0325,25266.29389,40630.1974,60110.845,84.03
2022-01-27T06:00+01:00,-7842.6725,25557.64311,41709.89211,67092.155,84.03
2022-01-27T07:00+01:00,-8436.62,27628.31452,42020.18211,73131.515,84.03
2022-01-27T08:00+01:00,-6693.9475,29580.39717,42376.87294,75518.725,84.03
2022-01-27T09:00+01:00,-7642.8625,29560.85004,44201.67079,76252.375,84.03
2022-01-27T10:00+01:00,-7530.0675,29265.8327,46946.50208,77120.8875,84.03
2022-01-27T11:00+01:00,-8098.4625,29196.88559,49125.48233,78152.2225,84.03
2022-01-27T12:00+01:00,-8939.6,29410.54554,49939.61494,77532.1675,84.03
2022-01-27T13:00+01:00,-9282.8625,29287.34771,48996.21708,76248.1625,84.03
2022-01-27T14:00+01:00,-9031.2475,29083.76174,47517.74228,74763.99,84.03
2022-01-27T15:00+01:00,-8364.7525,29053.07381,45216.51894,74434.08,84.03
2022-01-27T16:00+01:00,-8076.0625,28577.59378,43991.0705,74425.17,84.03
2022-01-27T17:00+01:00,-7213.6375,28880.49108,44730.0491,76955.1025,84.03
2022-01-27T18:00+01:00,-6104.0525,28455.62398,44566.77373,77041.2175,84.03
2022-01-27T19:00+01:00,-5800.73,27362.24335,45191.45291,75029.0025,84.03
2022-01-27T20:00+01:00,-5918.785,24898.46253,46250.06728,71080.69,84.03
2022-01-27T21:00+01:00,-7716.0825,24168.37726,46991.84039,67076.915,84.03
2022-01-27T22:00+01:00,-7349.6375,23259.51101,45878.09601,64006.1625,84.03
2022-01-27T23:00+01:00,-7543.105,22074.56117,45034.76117,60580.3875,84.03
2022-01-28T00:00+01:00,-6718.3775,19785.38854,44786.65136,58014.1925,84.03
2022-01-28T01:00+01:00,-7774.155,18921.35908,44797.43613,56146.9325,84.03
2022-01-28T02:00+01:00,-7634.3,18643.85257,44453.84959,55185.385,84.03
2022-01-28T03:00+01:00,-7247.485,18853.50435,43992.15659,55403.5125,84.03
2022-01-28T04:00+01:00,-8156.9075,20193.40315,43686.11625,56727.7875,84.03
2022-01-28T05:00+01:00,-8140.4625,22754.60132,43039.36102,60403.1525,84.03
2022-01-28T06:00+01:00,-7862.99,25948.19777,42578.5733,67552.5225,84.03
2022-01-28T07:00+01:00,-6802.9975,29501.50166,41018.39554,73549.4725,84.03
2022-01-28T08:00+01:00,-5892.695,30747.56267,39944.66577,75658.2875,84.03
2022-01-28T09:00+01:00,-6408.21,31493.80322,41255.30111,75865.5825,84.03
2022-01-28T10:00+01:00,-6774.785,31383.8147,43826.75307,75975.3625,84.03
2022-01-28T11:00+01:00,-7415.0725,31908.94569,42870.07753,76041.5075,87.945
2022-01-28T12:00+01:00,-6879.3325,32523.76079,41954.76478,74971.755,89.25
2022-01-28T13:00+01:00,-6393.49,32370.03215,40454.2682,72842.565,89.25
2022-01-28T14:00+01:00,-5524.7625,32314.17918,36140.9132,71763.04,89.25
2022-01-28T15:00+01:00,-3557.9775,32778.89727,30268.14528,70562.7225,89.25
2022-01-28T16:00+01:00,-1431.615,33229.43853,24969.7688,70013.405,89.25
2022-01-28T17:00+01:00,-518.6425,33413.78406,24367.76454,72514.8575,89.25
2022-01-28T18:00+01:00,-1375.755,33484.23116,26191.41854,73254.9775,89.25
2022-01-28T19:00+01:00,-1665.1675,33058.82661,27621.73379,71789.86,89.25
2022-01-28T20:00+01:00,-5586.7125,31875.24416,29052.77928,67360.47,89.25
2022-01-28T21:00+01:00,-7257.7075,30045.12971,30616.26647,63650.72,89.25
2022-01-28T22:00+01:00,-6359.1425,27652.0448,31902.02555,61254.0875,89.25
2022-01-28T23:00+01:00,-6322.195,24295.10409,33692.22174,58210.1625,89.25
2022-01-29T00:00+01:00,-6789.8425,21351.72907,35209.36792,55081.48,89.25
2022-01-29T01:00+01:00,-8593.985,20486.64558,37318.23629,53047.715,89.25
2022-01-29T02:00+01:00,-8911.0525,18338.82362,38927.45859,51782.7875,89.25
2022-01-29T03:00+01:00,-7355.5875,16963.0822,40174.35285,51062.6525,89.25
2022-01-29T04:00+01:00,-6534.2675,15977.66849,41102.96607,51076.4925,89.25
2022-01-29T05:00+01:00,-6773.46,16012.12384,42456.85684,51886.97,89.25
2022-01-29T06:00+01:00,-6435.2875,16217.09364,44226.33779,53045.295,89.25
2022-01-29T07:00+01:00,-8980.7,16872.64629,45955.88896,55921.27,89.25
2022-01-29T08:00+01:00,-8592.7975,17066.7562,47029.41961,59721.6775,89.25
2022-01-29T09:00+01:00,-10634.33,17992.41419,48989.72094,63329.09,89.25
2022-01-29T10:00+01:00,-10025.415,17721.24661,51588.0234,65456.1575,89.25
2022-01-29T11:00+01:00,-11335.875,18235.13543,52833.35068,66743.245,89.25
2022-01-29T12:00+01:00,-10707.015,17708.22894,53462.9334,65846.4575,89.25
2022-01-29T13:00+01:00,-10795.565,17682.02332,53881.77384,64606.2525,89.25
2022-01-29T14:00+01:00,-13121.7975,17866.81949,53344.87387,63693.2425,89.25
2022-01-29T15:00+01:00,-13534.03,17852.23456,50264.0972,62365.57,89.25
2022-01-29T16:00+01:00,-14572.0325,18211.29466,50002.34427,62164.06,89.25
2022-01-29T17:00+01:00,-14623.58,18738.45994,49746.77594,65772.0625,89.25
2022-01-29T18:00+01:00,-15012.125,18162.77899,50501.48886,66202.4225,89.25
2022-01-29T19:00+01:00,-14147.83,17620.32159,49968.15215,63464.1475,89.25
2022-01-29T20:00+01:00,-13081.315,15706.03568,49334.3838,59653.7375,89.25
2022-01-29T21:00+01:00,-12645.5625,15145.1781,48708.42687,56547.2825,89.25
2022-01-29T22:00+01:00,-14543.8875,15210.75689,48134.98021,55729.7825,89.25
2022-01-29T23:00+01:00,-14090.095,15007.08567,46828.69746,52771.175,89.25
2022-01-30T00:00+01:00,-12533.4525,14011.27556,44226.80636,50071.305,89.25
2022-01-30T01:00+01:00,-12129.225,13623.44392,43063.85678,47687.4525,89.25
2022-01-30T02:00+01:00,-11669.34,13437.17968,42901.81639,46541.4475,89.25
2022-01-30T03:00+01:00,-11738.8975,13382.93598,42632.97783,46171.1775,89.25
2022-01-30T04:00+01:00,-11769.7675,13332.16133,42185.51699,46231.43,89.25
2022-01-30T05:00+01:00,-11786.67,13440.04701,42741.34272,46693.0625,89.25
2022-01-30T06:00+01:00,-12290.9675,13540.17239,43382.63282,47259.165,89.25
2022-01-30T07:00+01:00,-12757.7325,13745.74044,44067.62227,48488.9425,89.25
2022-01-30T08:00+01:00,-12585.515,13939.79604,46231.44553,51013.725,89.25
2022-01-30T09:00+01:00,-12447.7725,13680.91324,50326.89546,54482.1025,89.25
2022-01-30T10:00+01:00,-12301.7575,14193.71469,54317.47898,56701.5875,89.25
2022-01-30T11:00+01:00,-11793.9425,14447.29923,57287.81429,58371.94,89.25
2022-01-30T12:00+01:00,-11737.3825,14471.12769,57680.61024,58797.1025,89.25
2022-01-30T13:00+01:00,-11544.9475,14376.70541,56402.64297,57322.2075,89.25
2022-01-30T14:00+01:00,-10934.2125,15019.52913,52430.21797,55395.025,89.25
2022-01-30T15:00+01:00,-9670.35,16195.71332,47564.06525,54800.655,89.25
2022-01-30T16:00+01:00,-8611.99,19000.54199,41294.69721,55377.02,89.25
2022-01-30T17:00+01:00,-9149.5725,24052.09146,37891.88496,60032.5275,89.25
2022-01-30T18:00+01:00,-8194.7575,25983.89048,35576.05575,62703.5,89.25
2022-01-30T19:00+01:00,-8625.3575,27023.33163,33440.70419,60611.0525,89.25
2022-01-30T20:00+01:00,-7870.95,26510.33375,31004.18267,58004.3925,89.25
2022-01-30T21:00+01:00,-6978.61,26611.84603,28738.69236,56343.7025,89.25
2022-01-30T22:00+01:00,-5027.3125,26540.249,27407.94332,56384.3575,89.25
2022-01-30T23:00+01:00,-5920.2425,25804.0894,27541.05014,53938.19,89.25
2022-01-31T00:00+01:00,-6238.5175,25019.19743,28094.06176,52401.29,89.25
2022-01-31T01:00+01:00,-7542.7525,24243.25012,30069.10535,50804.765,89.25
2022-01-31T02:00+01:00,-8638.84,23627.55623,31147.69172,50574.6175,89.25
2022-01-31T03:00+01:00,-8058.58,23685.059,30263.49494,50711.6725,89.25
2022-01-31T04:00+01:00,-8505.56,24740.5108,29214.02593,52595.93,89.25
2022-01-31T05:00+01:00,-8635.95,26269.4645,29783.00246,56120.6375,89.25
2022-01-31T06:00+01:00,-4526.7125,28215.13919,30057.56943,63738.4025,89.25
2022-01-31T07:00+01:00,-2136.6875,30831.68802,28796.56133,70253.3125,89.25
2022-01-31T08:00+01:00,-2684.0225,32360.50095,27548.52663,73654.8,89.25
2022-01-31T09:00+01:00,-2095.2625,32615.90837,27920.52171,75209.69,89.25
2022-01-31T10:00+01:00,-98.4725,32762.14776,28759.84616,75883.9875,89.25
2022-01-31T11:00+01:00,542.8475,32533.9688,29782.05924,76562.835,89.25
2022-01-31T12:00+01:00,1419.3175,32546.26173,30252.42689,76893.5975,89.25
2022-01-31T13:00+01:00,1007.105,32804.41333,29460.38705,76352.055,89.25
2022-01-31T14:00+01:00,1022.955,32851.4619,28374.24865,74831.2125,89.25
2022-01-31T15:00+01:00,1565.785,32930.17566,27062.25029,73933.6825,89.25
2022-01-31T16:00+01:00,1963.0125,33069.54965,25971.6487,73656.285,89.25
2022-01-31T17:00+01:00,938.7525,33271.36713,26359.95406,76485.96,89.25
2022-01-31T18:00+01:00,-249.73,32896.98622,27320.28104,77428.6275,89.25
2022-01-31T19:00+01:00,615.2175,32733.93332,27575.84566,75122.7175,89.25
2022-01-31T20:00+01:00,-2891.5075,32290.75222,27917.37402,71475.7125,89.25
2022-01-31T21:00+01:00,-5645.8975,31148.98004,29296.60712,67969.5475,89.25
2022-01-31T22:00+01:00,-7374.45,30348.77902,29134.42418,65425.9575,89.25
2022-01-31T23:00+01:00,-8587.035,28634.2415,29948.45142,62182.505,89.25
2022-02-01T00:00+01:00,-7200.8125,27714.17818,29215.67818,56414.1575,89.25
2022-02-01T01:00+01:00,-8085.545,27452.86014,29038.09861,55244.99,89.25
2022-02-01T02:00+01:00,-7688.62,26898.67733,29164.13717,54654.2225,89.25
2022-02-01T03:00+01:00,-6863.66,26655.02688,28779.24477,54699.94,89.25
2022-02-01T04:00+01:00,-6384.31,26470.6456,30268.82822,55606.395,89.25
2022-02-01T05:00+01:00,-7676.9425,27261.8782,32330.25627,58861.91,89.25
2022-02-01T06:00+01:00,-7893.2075,29396.53282,35229.38126,65800.1075,89.25
2022-02-01T07:00+01:00,-7708.5275,30290.95086,37290.26434,72264.3625,89.25
2022-02-01T08:00+01:00,-8201.4325,29403.00923,39599.74518,75537.125,89.25
2022-02-01T09:00+01:00,-8789.315,28030.92333,42728.54025,76736.4,89.25
2022-02-01T10:00+01:00,-8315.235,26964.85086,46016.91399,77600.0975,89.25
2022-02-01T11:00+01:00,-8346.865,25957.39332,47756.31557,78545.9475,89.25
2022-02-01T12:00+01:00,-8429.195,25772.33696,49275.96252,78680.3525,89.25
2022-02-01T13:00+01:00,-8998.7575,24532.21627,51238.14207,78453.2325,89.25
2022-02-01T14:00+01:00,-9886.6525,23752.59502,51858.62797,78366.8225,89.25
2022-02-01T15:00+01:00,-10126.7175,23469.30471,51537.61452,77420.9425,89.25
2022-02-01T16:00+01:00,-10196.5075,22805.75014,51459.79312,76591.9725,89.25
2022-02-01T17:00+01:00,-9569.18,23509.36059,52129.59913,77567.6725,89.25
2022-02-01T18:00+01:00,-9648.1025,23460.90147,51961.16436,77893.065,89.25
2022-02-01T19:00+01:00,-10441.9125,23083.23418,51298.70495,75786.085,89.25
2022-02-01T20:00+01:00,-9225.71,21146.11744,50561.7347,71378.8325,89.25
2022-02-01T21:00+01:00,-9527.3625,19790.38211,49785.87855,66787.5925,89.25
2022-02-01T22:00+01:00,-9569.2025,19449.97619,47732.04627,63891.5025,89.25
2022-02-01T23:00+01:00,-9887.8225,18506.04661,47456.22504,60651.43,89.25
2022-02-02T00:00+01:00,-10625.35,16981.12023,49383.92408,57457.1625,89.25
2022-02-02T01:00+01:00,-10954.26,16741.68688,48272.15995,55072.605,89.25
2022-02-02T02:00+01:00,-11036.97,16613.75279,47062.95244,54300.535,89.25
2022-02-02T03:00+01:00,-10957.3875,16318.39396,47073.05499,54966.895,89.25
2022-02-02T04:00+01:00,-11048.6975,16419.44479,48034.47476,56139.355,89.25
2022-02-02T05:00+01:00,-11079.255,17747.33294,48311.91966,58939.3,89.25
2022-02-02T06:00+01:00,-11565.2725,21112.52515,51248.36927,66100.235,89.25
2022-02-02T07:00+01:00,-9894.47,24021.38197,50984.15453,71777.525,89.25
2022-02-02T08:00+01:00,-10024.28,25738.45258,49701.50425,73903.6525,89.25
2022-02-02T09:00+01:00,-9957.02,25253.35754,50633.69379,74421.6025,89.25
2022-02-02T10:00+01:00,-10855.3175,25086.15163,52795.28704,74714.3875,89.25
2022-02-02T11:00+01:00,-11398.015,25184.0778,54761.63158,75606.975,89.25
2022-02-02T12:00+01:00,-10653.63,24576.91112,55042.85573,75291.515,89.25
2022-02-02T13:00+01:00,-10606.41,24642.43622,53530.63675,74006.82,89.25
2022-02-02T14:00+01:00,-9507.0625,25792.01648,48477.26837,73163.8125,89.25
2022-02-02T15:00+01:00,-7235.7625,28121.63756,41828.02337,72621.1825,89.25
2022-02-02T16:00+01:00,-5361.5925,31493.75132,32969.199,71140.22,89.25
2022-02-02T17:00+01:00,-3376.3475,33804.52893,27595.22177,73027.5125,89.25
2022-02-02T18:00+01:00,-1613.8,34468.08658,25089.98427,74109.7125,89.25
2022-02-02T19:00+01:00,-1893.835,34309.40702,23548.53167,72171.0375,89.25
2022-02-02T20:00+01:00,-1866.505,34271.54352,22643.53795,68118.455,89.25
2022-02-02T21:00+01:00,-1206.905,33283.71334,22735.14364,64510.365,89.25
2022-02-02T22:00+01:00,-1945.51,31837.7987,22995.56394,61487.8975,89.25
2022-02-02T23:00+01:00,-2675.785,30617.30387,23257.87001,58441.455,89.25
2022-02-03T00:00+01:00,-4512.1525,28743.01352,23414.46337,55517.2275,89.25
2022-02-03T01:00+01:00,-5496.545,28279.58836,23016.57283,53778.99,89.25
2022-02-03T02:00+01:00,-5779.37,28416.44487,23232.79015,53061.4725,89.25
2022-02-03T03:00+01:00,-5535.795,28173.20856,23984.8546,53101.6075,89.25
2022-02-03T04:00+01:00,-5635.1425,28711.4783,24351.85719,54836.3575,89.25
2022-02-03T05:00+01:00,-6365.8825,30444.42368,24591.03757,57734.3525,89.25
2022-02-03T06:00+01:00,-5463.3825,33438.30529,25726.88512,64517.595,89.25
2022-02-03T07:00+01:00,-4295.2875,34510.31365,27948.55515,70498.3375,89.25
2022-02-03T08:00+01:00,-4427.3175,34613.47676,30080.82464,73339.1525,89.25
2022-02-03T09:00+01:00,-6933.2925,35538.59912,31443.1203,73500.175,89.25
2022-02-03T10:00+01:00,-6485.9075,35746.82093,33549.09844,73799.4675,89.25
2022-02-03T11:00+01:00,-4200.715,34782.44935,34737.53628,74929.38,89.25
2022-02-03T12:00+01:00,-4099.8175,34693.7416,34360.93618,74919.1625,89.25
2022-02-03T13:00+01:00,-3925.3325,35699.28008,32203.23586,73321.015,89.25
2022-02-03T14:00+01:00,-2528.2375,35606.23435,29395.57372,72250.385,89.25
2022-02-03T15:00+01:00,-1307.64,35459.15634,27288.9384,71788.7575,89.25
2022-02-03T16:00+01:00,-1308.2575,35558.37873,25235.0257,71230.685,89.25
2022-02-03T17:00+01:00,-2080.865,35979.43343,24402.60915,73084.53,89.25
2022-02-03T18:00+01:00,-2502.0975,35853.87143,24822.92801,73847.805,89.25
2022-02-03T19:00+01:00,-1629.5325,35262.52193,25477.89926,72241.2175,89.25
2022-02-03T20:00+01:00,-2835.87,34528.42228,25723.85967,68331.8725,89.25
2022-02-03T21:00+01:00,-4596.985,33362.34299,25295.16168,64486.23,89.25
2022-02-03T22:00+01:00,-5135.3025,31534.04202,25466.20671,61097.9475,89.25
2022-02-03T23:00+01:00,-5103.445,28219.2957,26200.77961,57608.125,89.25
2022-02-04T00:00+01:00,-6589.3575,25925.95203,26393.63272,53551.375,89.25
2022-02-04T01:00+01:00,-6955.095,25603.6555,27055.50415,52026.45,89.25
2022-02-04T02:00+01:00,-6805.415,25099.81563,27190.12203,51533.51,89.25
2022-02-04T03:00+01:00,-5931.94,25184.45684,27624.8253,52063.2175,89.25
2022-02-04T04:00+01:00,-5942.1025,25551.45923,28486.68515,53249.3325,89.25
2022-02-04T05:00+01:00,-6545.8425,26685.87347,29680.07138,56434.72,89.25
2022-02-04T06:00+01:00,-6501.6625,28261.37237,32418.67937,63709.6975,89.25
2022-02-04T07:00+01:00,-6859.7275,28879.18366,34449.33983,69807.355,89.25
2022-02-04T08:00+01:00,-7053.135,28581.97504,36565.1524,72303.0475,89.25
2022-02-04T09:00+01:00,-8114.81,28126.06857,39626.8554,73227.615,89.25
2022-02-04T10:00+01:00,-8523.045,27669.0172,42541.51067,73334.32,89.25
2022-02-04T11:00+01:00,-8341.24,27037.48669,46384.84161,74539.7375,93.3
2022-02-04T12:00+01:00,-8215.2125,25138.87556,49323.07054,75014.9425,94.65
2022-02-04T13:00+01:00,-9705,24069.58972,50191.06254,73121.9875,94.65
2022-02-04T14:00+01:00,-9818.4375,23501.29827,49312.74972,71692.345,94.65
2022-02-04T15:00+01:00,-9625.3425,23970.91166,47089.07439,71078.455,94.65
2022-02-04T16:00+01:00,-8457.4025,24188.59629,45133.6321,71161.1175,94.65
2022-02-04T17:00+01:00,-8556.0575,24905.31311,45437.87985,73376.77,94.65
2022-02-04T18:00+01:00,-8711.54,23834.20612,45966.159,74416.2275,94.65
2022-02-04T19:00+01:00,-8400.5325,22943.30394,45979.9372,71728.075,94.65
2022-02-04T20:00+01:00,-8759.76,20822.06255,47208.1049,67484.86,94.65
2022-02-04T21:00+01:00,-10113.99,19107.80211,47791.34442,64019.6525,94.65
2022-02-04T22:00+01:00,-10846.4375,18100.43712,46923.18387,61113.9475,94.65
2022-02-04T23:00+01:00,-10800.1525,16124.15473,46172.6838,57881.9075,94.65
2022-02-05T00:00+01:00,-11452.535,15095.17127,45287.84814,54462.8325,94.65
2022-02-05T01:00+01:00,-10982.37,13975.09065,44430.58907,52788.02,94.65
2022-02-05T02:00+01:00,-10563.8825,13580.67628,43778.80664,52159.9875,94.65
2022-02-05T03:00+01:00,-9847.8625,13518.58853,43523.01831,51979.505,94.65
2022-02-05T04:00+01:00,-9165.465,13723.99327,43371.30454,51639.235,94.65
2022-02-05T05:00+01:00,-8802.67,14066.61427,43429.40711,51779.1975,94.65
2022-02-05T06:00+01:00,-10445.2075,14496.34774,43598.6951,52781.205,94.65
2022-02-05T07:00+01:00,-11532.885,15997.78507,43852.05396,55703.695,94.65
2022-02-05T08:00+01:00,-11124.0875,17070.40271,44608.27387,59120.09,94.65
2022-02-05T09:00+01:00,-12091.225,17493.59735,48692.78359,61893.2975,94.65
2022-02-05T10:00+01:00,-11094.075,16502.38697,53134.95304,63150.54,94.65
2022-02-05T11:00+01:00,-11487.25,15274.18583,58128.42236,64752.6975,94.65
2022-02-05T12:00+01:00,-11524.62,14273.58913,59367.92059,63645.69,94.65
2022-02-05T13:00+01:00,-11538.71,13237.70651,58451.65566,62004.43,94.65
2022-02-05T14:00+01:00,-10440.78,12956.79503,56025.59345,59963.945,94.65
2022-02-05T15:00+01:00,-10371.5475,13884.94461,51049.58738,58959.12,94.65
2022-02-05T16:00+01:00,-11012.4675,15669.97661,46982.62557,59878.495,94.65
2022-02-05T17:00+01:00,-10046.415,16442.49444,46004.72826,63428.65,94.65
2022-02-05T18:00+01:00,-9557.5975,15918.6941,48521.20536,65639.12,94.65
2022-02-05T19:00+01:00,-10725.895,14504.49134,49808.45557,63958.1,94.65
2022-02-05T20:00+01:00,-10965.83,13077.95883,50208.64351,60165.6325,94.65
2022-02-05T21:00+01:00,-11137.3925,12561.19433,49576.46892,57688.75,94.65
2022-02-05T22:00+01:00,-11654.9025,12458.4443,48987.50466,56536.785,94.65
2022-02-05T23:00+01:00,-13340.4225,12209.85113,48790.38317,53728.695,94.65
2022-02-06T00:00+01:00,-13774.78,12020.88847,49282.49212,51796.835,94.65
2022-02-06T01:00+01:00,-13854.055,12093.16791,48254.82534,49809.6075,94.65
2022-02-06T02:00+01:00,-14044.165,12019.21315,47331.14636,48839.9975,94.65
2022-02-06T03:00+01:00,-13544.2575,11885.89793,46384.26991,48465.8575,94.65
2022-02-06T04:00+01:00,-13210.9125,11822.96262,45938.01529,48179.8925,94.65
2022-02-06T05:00+01:00,-14131.6875,11887.57877,46244.93787,48593.565,94.65
2022-02-06T06:00+01:00,-14214.6225,11913.35653,46330.22074,48599.3525,94.65
2022-02-06T07:00+01:00,-14328.3775,11779.69714,47359.74111,50611.685,94.65
2022-02-06T08:00+01:00,-14635.7025,11687.55478,50482.30807,53193.37,94.65
2022-02-06T09:00+01:00,-13152.5825,11464.17883,52618.56263,56816.2075,94.65
2022-02-06T10:00+01:00,-12484.85,11442.85983,54439.57218,59248.2325,94.65
2022-02-06T11:00+01:00,-11191.25,11408.4979,54806.3787,62155.21,94.65
2022-02-06T12:00+01:00,-12633.535,11623.69135,54321.00331,62310.5775,94.65
2022-02-06T13:00+01:00,-13176.96,11775.34154,51798.08292,60849.2975,94.65
2022-02-06T14:00+01:00,-12277.19,11688.38808,50234.44531,60077.4875,94.65
2022-02-06T15:00+01:00,-11795.2475,11651.9699,49880.33438,59881.1425,94.65
2022-02-06T16:00+01:00,-11930.0125,12112.59241,48165.31117,59879.125,94.65
2022-02-06T17:00+01:00,-14279.1675,13679.94444,48659.99278,62450.4375,94.65
2022-02-06T18:00+01:00,-13005.625,14273.22871,48532.97227,64227.12,94.65
2022-02-06T19:00+01:00,-13933.44,14407.92749,47830.09931,62409.4925,94.65
2022-02-06T20:00+01:00,-13504.32,13339.82351,45849.33275,59925.455,94.65
2022-02-06T21:00+01:00,-13361.9875,13185.43503,43312.57532,57649.6275,94.65
2022-02-06T22:00+01:00,-11751.2875,13198.29677,42901.38111,57198.32,94.65
2022-02-06T23:00+01:00,-11634.815,13171.08336,43290.33713,54362.685,94.65
2022-02-07T00:00+01:00,-9502.4625,12344.16763,43760.70525,52253.6625,94.65
2022-02-07T01:00+01:00,-9375.9825,11954.06973,44912.2161,51316.815,94.65
2022-02-07T02:00+01:00,-8887.735,11791.446,44567.0476,51367.405,94.65
2022-02-07T03:00+01:00,-9519.515,11742.90494,45670.51784,51798.3775,94.65
2022-02-07T04:00+01:00,-7974.39,12350.89589,45899.19921,53974.355,94.65
2022-02-07T05:00+01:00,-8552.735,13848.10055,46452.61389,57571.57,94.65
2022-02-07T06:00+01:00,-8240.8125,17239.126,47735.90521,65183.1,94.65
2022-02-07T07:00+01:00,-7649.0625,19345.49485,47314.35751,71354.5725,94.65
2022-02-07T08:00+01:00,-7604.635,21023.08024,46080.93556,74092.51,94.65
2022-02-07T09:00+01:00,-7355.3475,21764.26374,48753.75696,74610.55,94.65
2022-02-07T10:00+01:00,-6820.3325,21072.98274,53017.98959,74803.09,94.65
2022-02-07T11:00+01:00,-7536.665,21431.62892,54588.91162,75163.4525,94.65
2022-02-07T12:00+01:00,-8107.5225,21494.35373,55060.57621,75155.1125,94.65
2022-02-07T13:00+01:00,-7666.035,22481.5736,54876.64633,73613.5175,94.65
2022-02-07T14:00+01:00,-7521.445,22947.17666,53626.92851,71654.38,94.65
2022-02-07T15:00+01:00,-7132.1925,23881.91456,49164.56731,69764.3725,94.65
2022-02-07T16:00+01:00,-6245.2975,25555.41973,44655.6855,69581.74,94.65
2022-02-07T17:00+01:00,-4636.0575,27183.79662,41613.05009,72387.8025,94.65
2022-02-07T18:00+01:00,-5480.5,27968.55348,40536.79095,74398.575,94.65
2022-02-07T19:00+01:00,-5580.74,27935.99926,39474.14043,72949.6325,94.65
2022-02-07T20:00+01:00,-5671.545,27023.10919,38750.79727,68903.7475,94.65
2022-02-07T21:00+01:00,-6504.755,25609.28544,38393.03046,65557.7325,94.65
2022-02-07T22:00+01:00,-6602.8475,23680.38157,38732.57364,63077.67,94.65
2022-02-07T23:00+01:00,-7227.805,21836.67212,37492.07106,59121.16,94.65
2022-02-08T00:00+01:00,-8272.3275,22774.54699,38071.47529,56836.9,94.65
2022-02-08T01:00+01:00,-8703.31,22874.16539,38184.63374,55230.85,94.65
2022-02-08T02:00+01:00,-8726.315,22108.43609,39098.00403,54354.3275,94.65
2022-02-08T03:00+01:00,-8324.445,21689.47926,39581.00158,55000.0525,94.65
2022-02-08T04:00+01:00,-7892.56,21533.96936,40583.26634,56309.425,94.65
2022-02-08T05:00+01:00,-8031.9,23253.40574,41443.04987,59517.3825,94.65
2022-02-08T06:00+01:00,-9566.645,26333.88995,43446.45927,66174.0475,94.65
2022-02-08T07:00+01:00,-6513.98,26982.71195,45057.93005,71656.085,94.65
2022-02-08T08:00+01:00,-7752.24,27454.00663,46287.74884,74078.5275,94.65
2022-02-08T09:00+01:00,-7746.415,27074.57332,48339.15639,74905.505,94.65
2022-02-08T10:00+01:00,-7733.545,25677.19995,50626.71789,75622.9075,94.65
2022-02-08T11:00+01:00,-7679.8075,25630.54773,52168.36637,76869.9125,94.65
2022-02-08T12:00+01:00,-7620.0225,25300.6971,52748.77729,76577.555,94.65
2022-02-08T13:00+01:00,-7406.625,25231.83446,52040.07494,75299.435,94.65
2022-02-08T14:00+01:00,-6771.9925,25434.60747,49916.71784,73634.755,94.65
2022-02-08T15:00+01:00,-6251.745,26040.8502,46309.60126,72583.5775,94.65
2022-02-08T16:00+01:00,-5189.59,26745.77192,42010.24953,72056.5875,94.65
2022-02-08T17:00+01:00,-5162.925,27235.74464,39737.37503,73623.8475,94.65
2022-02-08T18:00+01:00,-4565.92,27372.46976,39762.8085,74511.61,94.65
2022-02-08T19:00+01:00,-4868.75,27375.2544,39178.58853,73315.5125,94.65
2022-02-08T20:00+01:00,-5757.025,26836.05874,38292.16743,69623.36,94.65
2022-02-08T21:00+01:00,-6462.715,25817.81466,37080.97802,65714.785,94.65
2022-02-08T22:00+01:00,-6687.545,25662.03529,36346.75879,62345.46,94.65
2022-02-08T23:00+01:00,-6025.6825,24240.88131,36228.97699,58664.8725,94.65
2022-02-09T00:00+01:00,-6139.455,22407.60476,35895.74033,55957.0525,94.65
2022-02-09T01:00+01:00,-6309.95,22107.12081,35505.66066,53999.935,94.65
2022-02-09T02:00+01:00,-5903.495,22044.48084,35210.41317,52835.4825,94.65
2022-02-09T03:00+01:00,-4525.665,21813.53997,35479.91518,53346.405,94.65
2022-02-09T04:00+01:00,-4787.1975,22979.49808,35129.08456,55032.2825,94.65
2022-02-09T05:00+01:00,-6431.7225,24322.57379,35305.67842,57854.635,94.65
2022-02-09T06:00+01:00,-6967.22,27386.18961,37443.81609,65490.2,94.65
2022-02-09T07:00+01:00,-5712.98,29265.2345,38011.60575,71815.2475,94.65
2022-02-09T08:00+01:00,-5547.6775,29527.41448,39835.74082,73882.4075,94.65
2022-02-09T09:00+01:00,-6656.345,29693.41827,42890.601,74337.12,94.65
2022-02-09T10:00+01:00,-7776.5875,28747.89769,46112.47171,74517.1625,94.65
2022-02-09T11:00+01:00,-8268.495,27977.4687,48774.74686,75142.9175,94.65
2022-02-09T12:00+01:00,-8090.2525,27375.14191,50166.8032,74334.71,94.65
2022-02-09T13:00+01:00,-7906.0475,27973.49044,49416.05746,73126.025,94.65
2022-02-09T14:00+01:00,-7216.63,28227.07375,46216.82325,71557.32,94.65
2022-02-09T15:00+01:00,-6460.9875,29981.0711,40321.19283,70217.305,94.65
2022-02-09T16:00+01:00,-3516.1975,31791.62375,32981.99892,69244.22,94.65
2022-02-09T17:00+01:00,-3238.1975,33188.80556,28984.88704,71486.0525,94.65
2022-02-09T18:00+01:00,-1157.2175,33464.80383,27149.1816,73294.4775,94.65
2022-02-09T19:00+01:00,-2072.9275,33932.95406,26070.71117,71698.0125,94.65
2022-02-09T20:00+01:00,-3869.71,33900.29664,24367.43306,67471.0375,94.65
2022-02-09T21:00+01:00,-4689.735,33750.03199,22548.01535,63700.5425,94.65
2022-02-09T22:00+01:00,-3741.1225,33130.48615,21396.38517,60568.1025,94.65
2022-02-09T23:00+01:00,-4452.8775,32345.18163,20521.12357,56858.445,94.65
2022-02-10T00:00+01:00,-4612.6,30958.48453,19917.37101,54159.4925,94.65
2022-02-10T01:00+01:00,-4685.825,30261.27362,19447.26094,52306.5575,94.65
2022-02-10T02:00+01:00,-4653.335,30071.32213,18965.25788,51570.2,94.65
2022-02-10T03:00+01:00,-4334.87,30016.45618,18742.86822,52046.7575,94.65
2022-02-10T04:00+01:00,-3404.825,30326.55398,18973.40045,53354.3325,94.65
2022-02-10T05:00+01:00,-2294.06,30694.96153,20366.28506,56349.7425,94.65
2022-02-10T06:00+01:00,-892.755,32469.0315,21852.21231,63525.6375,94.65
2022-02-10T07:00+01:00,-444.8075,33593.21989,23238.27512,69281.66,94.65
2022-02-10T08:00+01:00,-2318.1875,33643.20056,26797.12646,71676.92,94.65
2022-02-10T09:00+01:00,-5223.96,33613.83511,31899.75096,71832.6025,94.65
2022-02-10T10:00+01:00,-5071.52,33106.40737,36176.80242,73013.7475,94.65
2022-02-10T11:00+01:00,-5699.7725,32907.35669,39297.15149,73663.8275,94.65
2022-02-10T12:00+01:00,-6101.3225,32426.97114,40534.31973,73900.0125,94.65
2022-02-10T13:00+01:00,-7056.8425,33006.72636,38317.27611,72690.705,94.65
2022-02-10T14:00+01:00,-5356.595,33947.07254,34471.78456,71105.3175,94.65
2022-02-10T15:00+01:00,-2664.6025,33784.72803,31673.7897,70614.3625,94.65
2022-02-10T16:00+01:00,-2189.795,34386.0204,28420.33573,70131.3375,94.65
2022-02-10T17:00+01:00,-1780.5075,34747.332,26351.52058,71754.7125,94.65
2022-02-10T18:00+01:00,-1925.0675,35068.66233,26056.5444,73636.83,94.65
2022-02-10T19:00+01:00,-2228.7225,35149.76152,25829.0629,71776.15,94.65
2022-02-10T20:00+01:00,-4270.4575,34833.97221,25950.77712,67945.92,94.65
2022-02-10T21:00+01:00,-4689.7525,33202.90519,25597.07226,64175.3025,94.65
2022-02-10T22:00+01:00,-5568.3325,32328.39709,24646.17628,60934.4725,94.65
2022-02-10T23:00+01:00,-6112.355,30626.62346,24172.73632,56888.26,94.65
2022-02-11T00:00+01:00,-5095.07,28736.82977,24950.2397,55016.23,94.65
2022-02-11T01:00+01:00,-4748.085,27842.11885,25677.40758,53239.7975,94.65
2022-02-11T02:00+01:00,-4733.305,27042.228,25574.41268,52718.425,94.65
2022-02-11T03:00+01:00,-5240.6675,27050.9385,25863.88977,52993.495,94.65
2022-02-11T04:00+01:00,-5157.825,27326.94161,27013.69009,54461.3875,94.65
2022-02-11T05:00+01:00,-5165.045,28320.3855,28160.15679,57796.4825,94.65
2022-02-11T06:00+01:00,-4842.9675,30608.09609,30109.8612,64787.165,94.65
2022-02-11T07:00+01:00,-3608.825,31792.04119,31691.86542,70704.9125,94.65
2022-02-11T08:00+01:00,-5833.5275,32656.58796,33447.71137,73132.4225,94.65
2022-02-11T09:00+01:00,-6186.3825,32183.01711,37839.18596,74279.425,94.65
2022-02-11T10:00+01:00,-6934.0125,30483.34964,43565.84036,74802.8,94.65
2022-02-11T11:00+01:00,-7450.38,29102.83048,47816.50143,75720.63,91.1475
2022-02-11T12:00+01:00,-8399.5575,28529.93743,49979.51669,74950.1375,89.98
2022-02-11T13:00+01:00,-6991.95,27841.40235,47457.34511,73581.235,89.98
2022-02-11T14:00+01:00,-7580.9625,28366.99123,43862.50488,71554.205,89.98
2022-02-11T15:00+01:00,-5138.5175,29760.25946,38096.11466,70543.7225,89.98
2022-02-11T16:00+01:00,-2867.005,32133.91092,31224.0911,69965.5325,89.98
2022-02-11T17:00+01:00,-3693.225,35133.65585,25812.07562,71472.6525,89.98
2022-02-11T18:00+01:00,-3044.6375,36274.52531,23161.11692,73262.06,89.98
2022-02-11T19:00+01:00,-1633.4425,36524.43075,20313.10332,71554.375,89.98
2022-02-11T20:00+01:00,-1714.5075,36464.83639,17648.71816,66899.475,89.98
2022-02-11T21:00+01:00,-539.105,36223.0512,15555.93689,63045.3125,89.98
2022-02-11T22:00+01:00,480.035,35458.67687,13752.06874,59862.9925,89.98
2022-02-11T23:00+01:00,151.24,34338.48121,12935.30143,56395.435,89.98
2022-02-12T00:00+01:00,-1481.8275,32668.60274,13162.84667,53343.415,89.98
2022-02-12T01:00+01:00,-2274.775,31294.43898,14778.02777,52089.38,89.98
2022-02-12T02:00+01:00,-4110.43,30607.92839,15962.69043,51232.63,89.98
2022-02-12T03:00+01:00,-5280.57,30808.16093,17121.84637,50598.255,89.98
2022-02-12T04:00+01:00,-6443.21,30802.86196,18771.32854,50628.77,89.98
2022-02-12T05:00+01:00,-7553.7275,30883.40471,20438.21475,50893.3625,89.98
2022-02-12T06:00+01:00,-8610.4925,31124.82893,22283.40237,52206.02,89.98
2022-02-12T07:00+01:00,-8387.0225,31001.63561,24510.19144,55024.665,89.98
2022-02-12T08:00+01:00,-8415.2,29911.49471,29560.26912,59140.8325,89.98
2022-02-12T09:00+01:00,-8406.4,26418.76609,37795.42844,61971.445,89.98
2022-02-12T10:00+01:00,-10568.305,23800.98491,44507.32567,62913.945,89.98
2022-02-12T11:00+01:00,-12810.7525,23131.98923,49107.53011,62508.3875,89.98
2022-02-12T12:00+01:00,-10949.6525,20578.51086,52178.07209,61497.255,89.98
2022-02-12T13:00+01:00,-11031.9825,19107.41651,51965.81253,59683.3325,89.98
2022-02-12T14:00+01:00,-10102.4275,19322.26104,48126.14002,58085.555,89.98
2022-02-12T15:00+01:00,-9821.7875,23267.95011,39551.46107,56999.045,89.98
2022-02-12T16:00+01:00,-9305.7875,27816.875,30246.22603,58068.8025,89.98
2022-02-12T17:00+01:00,-7155.6175,28908.18565,27683.06017,61875.715,89.98
2022-02-12T18:00+01:00,-6710.42,28758.67019,31067.73025,65467.8625,89.98
2022-02-12T19:00+01:00,-8677.65,28101.53122,33969.64657,63838.92,89.98
2022-02-12T20:00+01:00,-9151.2675,26732.04207,35091.48373,60356.595,89.98
2022-02-12T21:00+01:00,-8058.1025,24369.22198,36112.58619,57630.355,89.98
2022-02-12T22:00+01:00,-7341.345,22713.0468,35135.53853,56343.1225,89.98
2022-02-12T23:00+01:00,-7922.4375,22110.908,35021.07346,53762.0775,89.98
2022-02-13T00:00+01:00,-8951.91,20657.53568,34854.97526,51003.145,89.98
2022-02-13T01:00+01:00,-9798.9225,19908.89883,34891.80415,49491.8575,89.98
2022-02-13T02:00+01:00,-9175.36,19431.26896,34050.17996,48242.23,89.98
2022-02-13T03:00+01:00,-9727.17,19691.32211,33795.1629,47673.07,89.98
2022-02-13T04:00+01:00,-9340.535,19819.80533,33948.70142,47629.3925,89.98
2022-02-13T05:00+01:00,-9610.6775,19245.46882,34771.73976,47266.27,89.98
2022-02-13T06:00+01:00,-10595.0975,18757.76156,35871.80754,47727.84,89.98
2022-02-13T07:00+01:00,-9325.6675,17468.27771,36932.46529,49600.38,89.98
2022-02-13T08:00+01:00,-9703.625,15711.44975,40765.01396,52880.9125,89.98
2022-02-13T09:00+01:00,-10416.62,14186.13869,47487.24477,55671.9725,89.98
2022-02-13T10:00+01:00,-11175.035,14198.01468,53405.32387,57118.37,89.98
2022-02-13T11:00+01:00,-10843.0025,14214.57722,56914.31334,58813.375,89.98
2022-02-13T12:00+01:00,-11468.6275,14379.25357,57378.80725,57697.32,89.98
2022-02-13T13:00+01:00,-12502.2925,14361.68415,55991.2569,55354.26,89.98
2022-02-13T14:00+01:00,-11004.3975,13707.17895,51713.38352,53524.36,89.98
2022-02-13T15:00+01:00,-8136.8275,14039.1816,44678.32881,52751.8375,89.98
2022-02-13T16:00+01:00,-7269.1,16945.49867,37958.33773,53421.13,89.98
2022-02-13T17:00+01:00,-9639.0125,19768.42313,37924.81044,58226.8125,89.98
2022-02-13T18:00+01:00,-11075.4125,19928.52171,42574.35947,63089.33,89.98
2022-02-13T19:00+01:00,-11587.1075,18603.29818,45800.63326,61958.89,89.98
2022-02-13T20:00+01:00,-12108.7125,17816.39598,46895.34987,59280.8925,89.98
2022-02-13T21:00+01:00,-12098.2675,16826.20061,47604.10002,57498.4325,89.98
2022-02-13T22:00+01:00,-12136.66,16616.94196,46018.90091,57473.5475,89.98
2022-02-13T23:00+01:00,-11975.78,16038.002,45345.72811,55066.105,89.98
2022-02-14T00:00+01:00,-8799.5225,15098.01575,44035.54724,52524.04,89.98
2022-02-14T01:00+01:00,-9112.6625,14650.13258,44304.96401,51079.47,89.98
2022-02-14T02:00+01:00,-9326.1875,14837.12275,43757.54909,50537.8,89.98
2022-02-14T03:00+01:00,-8594.0525,14819.92198,43659.70719,50906.29,89.98
2022-02-14T04:00+01:00,-8054.145,15224.15462,44261.9942,52550.53,89.98
2022-02-14T05:00+01:00,-8321.575,17384.21605,44830.74041,56390.0225,89.98
2022-02-14T06:00+01:00,-8145.28,21189.37035,46241.86109,64430.2325,89.98
2022-02-14T07:00+01:00,-7754.3025,23794.12135,46401.02881,69916.91,89.98
2022-02-14T08:00+01:00,-9522.0725,24801.74877,49715.11862,72936.0625,89.98
2022-02-14T09:00+01:00,-12247.455,23097.99613,55427.68263,73406.5725,89.98
2022-02-14T10:00+01:00,-13563.4475,22317.94102,58775.39581,73633.345,89.98
2022-02-14T11:00+01:00,-12364.7,21814.76445,60035.74115,74458.5875,89.98
2022-02-14T12:00+01:00,-12404.995,22444.24437,58064.56195,74363.3575,89.98
2022-02-14T13:00+01:00,-11520.7925,24508.40377,53807.68518,72726.6475,89.98
2022-02-14T14:00+01:00,-10553.7125,26390.71367,47963.69821,71213.4925,89.98
2022-02-14T15:00+01:00,-7483.45,28347.5369,40921.27925,70381.375,89.98
2022-02-14T16:00+01:00,-6236.855,29687.72078,35763.55333,69649.08,89.98
2022-02-14T17:00+01:00,-5289.555,30213.9068,33932.77408,71488.545,89.98
2022-02-14T18:00+01:00,-5890.3325,30752.93813,34322.43967,73712.4825,89.98
2022-02-14T19:00+01:00,-6478.5925,30588.12874,34728.47218,72199.33,89.98
2022-02-14T20:00+01:00,-8432.9275,29934.47825,34739.23943,68181.4225,89.98
2022-02-14T21:00+01:00,-6975.6075,27689.60046,34670.83424,64289.575,89.98
2022-02-14T22:00+01:00,-7625.84,26857.35639,33992.12685,61076.8075,89.98
2022-02-14T23:00+01:00,-7736.0875,25117.58371,33848.7129,57393.08,89.98
2022-02-15T00:00+01:00,-7687.0025,25179.39197,33667.59533,55075.0825,89.98
2022-02-15T01:00+01:00,-8751.55,24962.22838,32961.86106,53643.5825,89.98
2022-02-15T02:00+01:00,-8422.8475,25736.49845,32235.5897,52596.96,89.98
2022-02-15T03:00+01:00,-8251.06,25867.63234,31440.20917,53095.5775,89.98
2022-02-15T04:00+01:00,-8549.1125,27208.04206,30239.7572,54718.305,89.98
2022-02-15T05:00+01:00,-7682.1775,28928.39636,28442.32929,57760.88,89.98
2022-02-15T06:00+01:00,-4609.2075,31129.57361,27988.14549,64695.4725,89.98
2022-02-15T07:00+01:00,-2279.97,32595.40924,27202.05241,70698.82,89.98
2022-02-15T08:00+01:00,-2702.7675,33100.04039,27665.86463,73369.9625,89.98
2022-02-15T09:00+01:00,-1752.3725,32950.88056,29619.01219,73633.97,89.98
2022-02-15T10:00+01:00,-2894.6625,32221.62291,33596.19611,74130.6725,89.98
2022-02-15T11:00+01:00,-5851.05,32034.43041,37869.27213,75205.8225,89.98
2022-02-15T12:00+01:00,-7396.695,31567.50907,39868.244,74546.04,89.98
2022-02-15T13:00+01:00,-7247.9625,31326.93301,40767.39627,72856.0675,89.98
2022-02-15T14:00+01:00,-7202.4375,30912.09734,40548.01289,71204.19,89.98
2022-02-15T15:00+01:00,-5596.275,31028.38082,38549.43546,70776.1,89.98
2022-02-15T16:00+01:00,-4576.075,31010.30191,36070.13475,69811.5875,89.98
2022-02-15T17:00+01:00,-5191.1725,31119.69944,35857.88548,71740.995,89.98
2022-02-15T18:00+01:00,-8749.3075,30289.774,40222.75651,74575.735,89.98
2022-02-15T19:00+01:00,-8165.5975,27962.25547,45529.89949,74588.1275,89.98
2022-02-15T20:00+01:00,-8721.18,24327.01925,48056.0642,70422.1425,89.98
2022-02-15T21:00+01:00,-8587.4075,21853.11859,49156.18619,66692.01,89.98
2022-02-15T22:00+01:00,-10572.405,20757.32961,47608.14382,63576.3925,89.98
2022-02-15T23:00+01:00,-10799.175,19245.53307,46933.72348,59861.82,89.98
2022-02-16T00:00+01:00,-9032.5775,17523.56536,45527.71931,56406.14,89.98
2022-02-16T01:00+01:00,-9823.9325,17066.04613,44148.61382,54691.505,89.98
2022-02-16T02:00+01:00,-9691.315,16395.15343,41752.00369,53275.215,89.98
2022-02-16T03:00+01:00,-8167.98,16998.77042,41162.85709,53455.14,89.98
2022-02-16T04:00+01:00,-5735.01,17052.2951,40410.844,55160.4175,89.98
2022-02-16T05:00+01:00,-6044.795,17419.93922,40823.80109,58478.045,89.98
2022-02-16T06:00+01:00,-9184.955,20369.92351,43614.7933,64998.185,89.98
2022-02-16T07:00+01:00,-9073.4925,22542.41737,46134.88138,70835.8,89.98
2022-02-16T08:00+01:00,-11683.315,23299.64714,49426.1618,73773.56,89.98
2022-02-16T09:00+01:00,-12398.245,23667.55345,53284.43555,75118.02,89.98
2022-02-16T10:00+01:00,-13984.775,23881.96056,55784.23382,74967.8825,89.98
2022-02-16T11:00+01:00,-13427.71,23622.84121,56518.78862,75641.8425,89.98
2022-02-16T12:00+01:00,-11366.4175,24023.53042,55997.32562,75188.275,89.98
2022-02-16T13:00+01:00,-11015.92,24535.81916,55589.19221,74208.005,89.98
2022-02-16T14:00+01:00,-11139.1225,24071.34817,53834.45297,73128.43,89.98
2022-02-16T15:00+01:00,-10065.09,23590.81752,52277.48803,72445.4,89.98
2022-02-16T16:00+01:00,-10289.785,23754.41659,50781.85409,71248.6325,89.98
2022-02-16T17:00+01:00,-9304.2775,23963.58875,50776.75589,72371.425,89.98
2022-02-16T18:00+01:00,-7663.2225,23398.65402,51799.40949,74670.2475,89.98
2022-02-16T19:00+01:00,-7772.5475,22220.73132,52123.66185,73218.555,89.98
2022-02-16T20:00+01:00,-7977.9125,19850.84329,52105.36907,68948.65,89.98
2022-02-16T21:00+01:00,-9013.515,18345.24853,51729.05017,65189.8875,89.98
2022-02-16T22:00+01:00,-8406.955,17427.03072,50544.78842,62350.5125,89.98
2022-02-16T23:00+01:00,-9587.4475,15402.50348,51201.40072,58634.93,89.98
2022-02-17T00:00+01:00,-9349.515,14048.45874,49670.80503,56448.925,89.98
2022-02-17T01:00+01:00,-10968.8675,13524.77498,49348.66177,54075.66,89.98
2022-02-17T02:00+01:00,-10140.535,13381.95674,47421.7926,52974.3875,89.98
2022-02-17T03:00+01:00,-8573.155,13377.17762,45225.69789,53198.275,89.98
2022-02-17T04:00+01:00,-6604.7525,13530.02971,43737.25725,54464.67,89.98
2022-02-17T05:00+01:00,-5154.53,14711.20139,43468.54349,57740.5775,89.98
2022-02-17T06:00+01:00,-6643.0475,16923.79703,46536.36516,64393.9,89.98
2022-02-17T07:00+01:00,-5928.675,18151.26482,49954.74588,70064.07,89.98
2022-02-17T08:00+01:00,-7916.96,18041.96573,53365.32913,73010.66,89.98
2022-02-17T09:00+01:00,-9548.545,17231.42752,58178.331,73957.66,89.98
2022-02-17T10:00+01:00,-9531.12,15838.53307,61999.09528,74096.6675,89.98
2022-02-17T11:00+01:00,-9021.715,14547.70535,64110.25544,74110.42,89.98
2022-02-17T12:00+01:00,-9375.2925,14267.63933,66014.53333,74138.64,89.98
2022-02-17T13:00+01:00,-9257.21,14430.99423,65582.08609,72748.205,89.98
2022-02-17T14:00+01:00,-10260.8025,14700.0293,63728.12596,71427.2475,89.98
2022-02-17T15:00+01:00,-9133.93,15523.04786,60234.63431,70701.1275,89.98
2022-02-17T16:00+01:00,-8277.42,16309.98498,55719.98603,69760.93,89.98
2022-02-17T17:00+01:00,-8618.965,18070.01691,52721.00825,71482.4425,89.98
2022-02-17T18:00+01:00,-6593.4175,18409.87885,51919.56756,74292.9725,89.98
2022-02-17T19:00+01:00,-6284.87,18281.13358,51186.98156,72832.07,89.98
2022-02-17T20:00+01:00,-7683.0325,17954.48752,50430.53229,69039.5,89.98
2022-02-17T21:00+01:00,-7479.86,16803.60624,49131.44012,65353.8875,89.98
2022-02-17T22:00+01:00,-7658.6525,16839.15206,46441.63033,61659.085,89.98
2022-02-17T23:00+01:00,-7429.7275,16428.90747,45747.2332,58342.955,89.98
2022-02-18T00:00+01:00,-6349.47,14755.7922,44696.94648,54969.0025,89.98
2022-02-18T01:00+01:00,-6072.51,14785.16326,41782.18336,53129.51,89.98
2022-02-18T02:00+01:00,-4292.47,14856.70674,39319.33145,52271.6825,89.98
2022-02-18T03:00+01:00,-3946.1925,16824.4881,36562.54331,51528.4025,89.98
2022-02-18T04:00+01:00,-1975.6425,18474.17836,33729.55328,52862.34,89.98
2022-02-18T05:00+01:00,-2389.13,19517.18419,31746.12273,55788.8425,89.98
2022-02-18T06:00+01:00,-910.635,21087.82089,31575.71228,62560.9625,89.98
2022-02-18T07:00+01:00,480.1975,22111.31755,32285.54548,68127.73,89.98
2022-02-18T08:00+01:00,325.6325,21780.63554,34743.99777,70463.1975,89.98
2022-02-18T09:00+01:00,-1787.12,21993.42479,37882.765,71363.5325,89.98
2022-02-18T10:00+01:00,-2464.055,22342.37255,43408.29214,72413.37,89.98
2022-02-18T11:00+01:00,-3665.9075,21493.22844,47130.04253,73009.075,88.2325
2022-02-18T12:00+01:00,-6278.4375,21632.08604,51226.8814,72389.59,87.65
2022-02-18T13:00+01:00,-7372.9525,20254.60748,54357.34184,71262.9825,87.65
2022-02-18T14:00+01:00,-8830.8025,19020.67093,55544.20213,69759.9125,87.65
2022-02-18T15:00+01:00,-9763.66,18988.48697,55019.64365,69140.405,87.65
2022-02-18T16:00+01:00,-9818.8175,19908.60719,53010.66955,68066.12,87.65
2022-02-18T17:00+01:00,-9098.175,20785.20572,51225.13659,69423.975,87.65
2022-02-18T18:00+01:00,-6042.8925,21034.76979,49564.7657,70988.095,87.65
2022-02-18T19:00+01:00,-5935.31,21355.73998,46867.65369,69037.15,87.65
2022-02-18T20:00+01:00,-6318.4725,21190.39281,45076.82337,64869.8725,87.65
2022-02-18T21:00+01:00,-6121.5225,19037.35341,44218.62045,61564.2375,87.65
2022-02-18T22:00+01:00,-7016.13,16933.03505,42695.3564,58799.8325,87.65
2022-02-18T23:00+01:00,-7210.0375,15033.15663,42468.20186,54737.0475,87.65
2022-02-19T00:00+01:00,-8589.4675,13086.86375,42976.71868,52217.9525,87.65
2022-02-19T01:00+01:00,-9906.955,12507.22029,43101.53507,50300.5025,87.65
2022-02-19T02:00+01:00,-10006.7475,12265.45984,43247.70916,49877.3675,87.65
2022-02-19T03:00+01:00,-9218.0825,12170.758,44141.13657,50518.8825,87.65
2022-02-19T04:00+01:00,-9803.75,12433.03288,45617.95212,50776.3875,87.65
2022-02-19T05:00+01:00,-11371.495,12825.37517,46784.31036,50697.6625,87.65
2022-02-19T06:00+01:00,-11506.375,13041.52937,47932.91311,51630.855,87.65
2022-02-19T07:00+01:00,-11364.15,13314.69443,49615.63032,53843.2975,87.65
2022-02-19T08:00+01:00,-12346.9075,13381.80021,53609.13115,57850.125,87.65
2022-02-19T09:00+01:00,-12693.08,13436.48302,59778.20503,60519.22,87.65
2022-02-19T10:00+01:00,-13261.1475,13212.14136,63489.90096,62609.62,87.65
2022-02-19T11:00+01:00,-12910.5975,13163.47442,64623.34758,63559.6425,87.65
2022-02-19T12:00+01:00,-13044.9525,13249.51391,63245.11132,62647.745,87.65
2022-02-19T13:00+01:00,-12932.165,13248.38376,60496.14033,60656.6875,87.65
2022-02-19T14:00+01:00,-13524.2325,13325.40512,59037.36146,60039.0225,87.65
2022-02-19T15:00+01:00,-12897.445,13132.54753,56807.83575,58857.845,87.65
2022-02-19T16:00+01:00,-11164.8075,13605.43832,49835.59915,57956.97,87.65
2022-02-19T17:00+01:00,-7865.005,15936.91381,43015.31162,60059.9675,87.65
2022-02-19T18:00+01:00,-6530.4175,17498.29677,40920.59617,63263.68,87.65
2022-02-19T19:00+01:00,-6131.1325,16768.9718,41283.7155,62055.7125,87.65
2022-02-19T20:00+01:00,-8363.26,15119.96965,42920.66456,58649.0375,87.65
2022-02-19T21:00+01:00,-10568.5,14602.72065,41364.1924,56328.18,87.65
2022-02-19T22:00+01:00,-9955.1875,14217.03203,38934.91046,55197.4925,87.65
2022-02-19T23:00+01:00,-10862.21,14637.25255,37059.27506,52321.2775,87.65
2022-02-20T00:00+01:00,-10544.1825,14550.34482,35362.49649,49353.87,87.65
2022-02-20T01:00+01:00,-11449.725,14518.52295,34643.73303,46827.6875,87.65
2022-02-20T02:00+01:00,-10891.0075,14459.43715,34021.83409,45713.735,87.65
2022-02-20T03:00+01:00,-10222.105,14236.30571,34029.55759,45429.29,87.65
2022-02-20T04:00+01:00,-7716.485,13260.93606,33275.45768,45639.8775,87.65
2022-02-20T05:00+01:00,-6256.5475,12175.33589,33126.81115,45637.665,87.65
2022-02-20T06:00+01:00,-8838.5625,12297.04811,35663.6355,45578.53,87.65
2022-02-20T07:00+01:00,-10093.7875,12261.73291,38613.77209,46913.0325,87.65
2022-02-20T08:00+01:00,-11382.66,12360.93879,42668.66359,50582.3775,87.65
2022-02-20T09:00+01:00,-13932.3125,12276.23438,47611.73157,54283.09,87.65
2022-02-20T10:00+01:00,-13844.215,12422.75136,51100.60059,56834.86,87.65
2022-02-20T11:00+01:00,-13771.185,12527.87622,55068.37462,59653.2575,87.65
2022-02-20T12:00+01:00,-14388.955,12093.71491,57303.73665,59659.3075,87.65
2022-02-20T13:00+01:00,-14558.33,12124.11054,57816.20409,58232.9925,87.65
2022-02-20T14:00+01:00,-13935.9375,12239.26072,56550.25598,57561.475,87.65
2022-02-20T15:00+01:00,-13411.6275,12434.73621,55041.65428,57455.975,87.65
2022-02-20T16:00+01:00,-12320.455,12309.93617,53387.32807,57434.93,87.65
2022-02-20T17:00+01:00,-13638.74,12411.85271,54035.93621,59671.4875,87.65
2022-02-20T18:00+01:00,-13262.9325,12744.37286,54201.23034,62605.7525,87.65
2022-02-20T19:00+01:00,-13351.275,12769.34794,54135.69056,61156.665,87.65
2022-02-20T20:00+01:00,-14093.2,12982.80294,54006.53973,57863.5775,87.65
2022-02-20T21:00+01:00,-13711.36,12959.15825,53087.4817,55827.395,87.65
2022-02-20T22:00+01:00,-14241.98,13276.75694,52114.45229,55015.395,87.65
2022-02-20T23:00+01:00,-15217.52,13345.84268,51101.43606,52612.4275,87.65
2022-02-21T00:00+01:00,-14822.115,12466.17306,49856.621,50695.945,87.65
2022-02-21T01:00+01:00,-14240.2125,12003.64,48546.28362,49982.105,87.65
2022-02-21T02:00+01:00,-14383.4125,12284.635,48666.90943,49781.67,87.65
2022-02-21T03:00+01:00,-12960.265,12366.45634,48388.95939,50570.4925,87.65
2022-02-21T04:00+01:00,-12542.315,12801.91035,49579.31416,52714.0225,87.65
2022-02-21T05:00+01:00,-11095.975,13491.60609,49986.39208,56173.07,87.65
2022-02-21T06:00+01:00,-9808.6,14887.94562,51698.06391,63466.4325,87.65
2022-02-21T07:00+01:00,-9401.1075,16678.05826,52278.9024,69239.36,87.65
2022-02-21T08:00+01:00,-9326.75,17366.60136,54067.00495,71974.8825,87.65
2022-02-21T09:00+01:00,-10650.9475,16952.42496,58834.13655,73084.09,87.65
2022-02-21T10:00+01:00,-11738.545,16745.84003,62009.70654,73791.58,87.65
2022-02-21T11:00+01:00,-11373.9275,17178.32338,62052.13281,74067.3725,87.65
2022-02-21T12:00+01:00,-10329.015,18096.10611,62870.85407,74124.5075,87.65
2022-02-21T13:00+01:00,-8910.6075,18106.31997,61572.52892,73688.245,87.65
2022-02-21T14:00+01:00,-8844.3825,19043.46294,56993.32148,72837.075,87.65
2022-02-21T15:00+01:00,-6636.0675,19530.25317,53020.1877,72257.1975,87.65
2022-02-21T16:00+01:00,-6360.0175,20412.61538,50452.00561,71310.2775,87.65
2022-02-21T17:00+01:00,-6771.7175,21062.37928,48734.47181,72416.83,87.65
2022-02-21T18:00+01:00,-6319.1175,20567.09353,48048.90794,74793.47,87.65
2022-02-21T19:00+01:00,-6963.4225,20510.43993,47514.13948,73320.53,87.65
2022-02-21T20:00+01:00,-7867.7,19690.22448,47869.28737,69172.6525,87.65
2022-02-21T21:00+01:00,-9698.9075,18615.92853,48049.54098,65406.0575,87.65
2022-02-21T22:00+01:00,-10022.3425,18467.39692,46664.7181,62596.5775,87.65
2022-02-21T23:00+01:00,-10188.66,17703.29881,46670.26711,59072.37,87.65
2022-02-22T00:00+01:00,-8884.4425,16597.20301,45908.53921,56357.115,87.65
2022-02-22T01:00+01:00,-8730.9825,16079.4385,44863.41225,54670.7525,87.65
2022-02-22T02:00+01:00,-8988.0425,15690.44884,45002.58644,53828.5675,87.65
2022-02-22T03:00+01:00,-8427.905,16708.3702,44085.47466,54202.25,87.65
2022-02-22T04:00+01:00,-8303.4625,17895.49361,43267.9872,56004.2325,87.65
2022-02-22T05:00+01:00,-9028.74,19643.13225,42635.70283,59031.2425,87.65
2022-02-22T06:00+01:00,-9627.7675,21992.80835,41822.58025,65240.8025,87.65
2022-02-22T07:00+01:00,-8149.355,25553.96823,38595.17294,69344.3875,87.65
2022-02-22T08:00+01:00,-6801.41,27803.66874,38097.54173,71450.2,87.65
2022-02-22T09:00+01:00,-8915.42,28032.40545,41447.75192,71776.55,87.65
2022-02-22T10:00+01:00,-9196.485,27669.94476,44891.18265,72400.0775,87.65
2022-02-22T11:00+01:00,-9871.6175,27812.87616,48359.78401,73070.13,87.65
2022-02-22T12:00+01:00,-10871.51,27623.13182,50625.47739,73005.55,87.65
2022-02-22T13:00+01:00,-11151.58,27235.98226,50516.2109,72607.2325,87.65
2022-02-22T14:00+01:00,-10702.15,27410.70094,47565.82211,70946.32,87.65
2022-02-22T15:00+01:00,-9185.225,27626.72154,43604.23958,70174.0375,87.65
2022-02-22T16:00+01:00,-8823.9425,28340.83416,43259.20912,70209.8725,87.65
2022-02-22T17:00+01:00,-10797.6925,28461.37469,44784.62451,72113.7825,87.65
2022-02-22T18:00+01:00,-11931.45,28125.48543,47270.05674,74666.34,87.65
2022-02-22T19:00+01:00,-12015.16,26871.51904,49892.26357,73676.055,87.65
2022-02-22T20:00+01:00,-12646.6175,23951.55079,50912.22448,69735.9725,87.65
2022-02-22T21:00+01:00,-13354.88,21770.2738,50665.45696,66410.2825,87.65
2022-02-22T22:00+01:00,-13054.1725,20988.24285,49150.24523,63460.0175,87.65
2022-02-22T23:00+01:00,-12238.4075,19538.38059,48405.43229,59238.155,87.65
2022-02-23T00:00+01:00,-12545.985,18900.62612,47546.4027,55387.6325,87.65
2022-02-23T01:00+01:00,-11190.555,19079.14961,45664.29721,53142.0775,87.65
2022-02-23T02:00+01:00,-10429.54,19662.94482,43140.49433,52662.6975,87.65
2022-02-23T03:00+01:00,-9533.0775,20600.22577,42169.07033,52819.8275,87.65
2022-02-23T04:00+01:00,-9204.08,22846.85073,40687.69637,54565.8175,87.65
2022-02-23T05:00+01:00,-9022.2075,24393.45886,39043.12079,57187.265,87.65
2022-02-23T06:00+01:00,-8214.865,26777.40093,38715.69557,64953.6475,87.65
2022-02-23T07:00+01:00,-6600.9225,27658.53122,38122.55338,70027.4325,87.65
2022-02-23T08:00+01:00,-7301.1125,27824.26898,40488.09492,72230.18,87.65
2022-02-23T09:00+01:00,-8531.4425,27120.27988,46794.81468,71258.78,87.65
2022-02-23T10:00+01:00,-11510.8425,26128.31752,52187.62942,70561.2775,87.65
2022-02-23T11:00+01:00,-12414.3475,25509.95551,56476.99757,70565.505,87.65
2022-02-23T12:00+01:00,-12103.5275,23756.04066,59118.20939,70731.085,87.65
2022-02-23T13:00+01:00,-12644.9975,23445.10329,58910.27596,69892.6175,87.65
2022-02-23T14:00+01:00,-11942.155,24202.83722,54276.89407,68736.21,87.65
2022-02-23T15:00+01:00,-10968.7475,26949.02013,46411.25285,67046.865,87.65
2022-02-23T16:00+01:00,-6752.3825,29824.10149,34715.41211,66710.6775,87.65
2022-02-23T17:00+01:00,-4524.0325,31547.62118,26253.99511,68165.67,87.65
2022-02-23T18:00+01:00,-2989.2925,32298.54016,27029.26291,72344.7525,87.65
2022-02-23T19:00+01:00,-4280.63,31955.96531,29390.40779,71907.9,87.65
2022-02-23T20:00+01:00,-7330.4325,31388.7211,31518.12226,68719.3875,87.65
2022-02-23T21:00+01:00,-10148.5625,30427.12192,32658.33714,65410.4925,87.65
2022-02-23T22:00+01:00,-10195.1125,29287.16344,33204.07866,61916.1,87.65
2022-02-23T23:00+01:00,-8394.81,27359.42503,34234.89754,58636.8625,87.65
2022-02-24T00:00+01:00,-9158.3275,25834.29044,34713.72789,56309.645,87.65
2022-02-24T01:00+01:00,-9322.2125,25839.59801,34940.12436,54535.6975,87.65
2022-02-24T02:00+01:00,-10068.4025,25699.39014,35630.34272,53876.4075,87.65
2022-02-24T03:00+01:00,-8568.7375,25598.98261,35673.22692,54056.4875,87.65
2022-02-24T04:00+01:00,-7540.5075,25627.49693,36162.4716,55370.4175,87.65
2022-02-24T05:00+01:00,-9231.9375,27175.7163,36145.40979,58445.93,87.65
2022-02-24T06:00+01:00,-8531.055,29213.1814,36626.89841,65914.9225,87.65
2022-02-24T07:00+01:00,-8532.9,29858.89747,36346.24426,70658.0475,87.65
2022-02-24T08:00+01:00,-7266.605,29535.42762,38973.84658,72410.235,87.65
2022-02-24T09:00+01:00,-7688.3625,28599.25498,42121.77258,71870.17,87.65
2022-02-24T10:00+01:00,-8170.875,27332.45688,47042.85378,72368.14,87.65
2022-02-24T11:00+01:00,-8897.3125,25195.54922,51305.72385,73794.26,87.65
2022-02-24T12:00+01:00,-11603.5125,23704.53186,54951.45369,73488.6275,87.65
2022-02-24T13:00+01:00,-12828.2725,22931.80968,55435.29362,72525.245,87.65
2022-02-24T14:00+01:00,-13091.5075,23199.83234,54223.60228,70994.2725,87.65
2022-02-24T15:00+01:00,-12221.1375,24003.6044,52164.11487,70892.935,87.65
2022-02-24T16:00+01:00,-11534.46,24597.16028,48827.35409,70442.7075,87.65
2022-02-24T17:00+01:00,-12206.9625,26856.83532,46699.15901,71789.2325,87.65
2022-02-24T18:00+01:00,-11205.9825,27435.63219,47096.82249,73898.5675,87.65
2022-02-24T19:00+01:00,-11105.0075,26234.17595,48155.67964,73545.0725,87.65
2022-02-24T20:00+01:00,-11543.345,24462.70237,47842.36533,70552.0475,87.65
2022-02-24T21:00+01:00,-10502.05,23858.81138,46219.92213,66223.0525,87.65
2022-02-24T22:00+01:00,-10540.38,24339.26048,43755.78897,63616.09,87.65
2022-02-24T23:00+01:00,-10999.6675,23475.39027,42210.97739,59807.34,87.65
2022-02-25T00:00+01:00,-9643.705,22157.85303,42173.27444,56926.705,87.65
2022-02-25T01:00+01:00,-10088.3775,21732.22901,42339.04069,54778.675,87.65
2022-02-25T02:00+01:00,-10814.91,21697.06279,42301.61508,54116.885,87.65
2022-02-25T03:00+01:00,-11166.9475,21583.80231,42802.2998,54585.86,87.65
2022-02-25T04:00+01:00,-10363.13,21927.76755,42744.09399,56222.8225,87.65
2022-02-25T05:00+01:00,-11322.4975,22469.47168,42993.56012,58941.35,87.65
2022-02-25T06:00+01:00,-9916.6825,23782.30421,44913.10904,65647.02,87.65
2022-02-25T07:00+01:00,-8744.83,24948.45474,46050.756,70681.14,87.65
2022-02-25T08:00+01:00,-10718.6075,24579.90855,50914.84133,73339.3875,87.65
2022-02-25T09:00+01:00,-13156.0375,22849.43945,57956.23298,74089.85,87.65
2022-02-25T10:00+01:00,-14468.8725,21711.57174,62308.806,74373.6525,87.65
2022-02-25T11:00+01:00,-14598.7325,21963.95678,62536.95339,74721.8025,87.0875
2022-02-25T12:00+01:00,-13419.38,21858.70903,61237.87588,74155.42,86.9
2022-02-25T13:00+01:00,-11988.9475,22901.71922,59050.27833,72750.0875,86.9
2022-02-25T14:00+01:00,-10845.9425,23984.20898,54362.66395,71313.105,86.9
2022-02-25T15:00+01:00,-10417.0475,25635.95337,49989.63484,70555.3825,86.9
2022-02-25T16:00+01:00,-8955.68,27689.25328,43226.75019,69011.0675,86.9
2022-02-25T17:00+01:00,-7332.8925,28776.1349,38841.76479,69353.3325,86.9
2022-02-25T18:00+01:00,-6110.585,29494.16582,37412.9295,71265.9575,86.9
2022-02-25T19:00+01:00,-6909.89,29608.43354,36255.36832,69923.77,86.9
2022-02-25T20:00+01:00,-8064.405,29139.91824,36170.79569,65735.225,86.9
2022-02-25T21:00+01:00,-8882.8225,28534.54489,36024.96668,62431.505,86.9
2022-02-25T22:00+01:00,-7534.9725,27953.12887,33567.76524,60239.3825,86.9
2022-02-25T23:00+01:00,-8171.8,27441.0431,32186.25593,56775.71,86.9
2022-02-26T00:00+01:00,-7498.165,27230.76682,30732.92572,54142.1625,86.9
2022-02-26T01:00+01:00,-7822.865,28076.00459,27867.54753,51325.2775,86.9
2022-02-26T02:00+01:00,-7967.4425,27963.12917,25119.56144,49343.7,86.9
2022-02-26T03:00+01:00,-8144.995,28486.34293,22610.56393,48595.6,86.9
2022-02-26T04:00+01:00,-8373.3275,29288.37826,20121.07199,48912.995,86.9
2022-02-26T05:00+01:00,-7536.9725,30123.36574,18273.52872,49216.0375,86.9
2022-02-26T06:00+01:00,-6676.185,31699.51022,16820.00473,49994.965,86.9
2022-02-26T07:00+01:00,-6292.0125,32394.24592,15506.07584,52372.8475,86.9
2022-02-26T08:00+01:00,-6145.475,32348.87073,16691.25247,55718.01,86.9
2022-02-26T09:00+01:00,-3505.755,31861.15432,20001.95519,58087.8825,86.9
2022-02-26T10:00+01:00,-3578.855,31563.22335,24758.45633,59356.0775,86.9
2022-02-26T11:00+01:00,-4495.0625,31193.58162,28188.0438,59691.1125,86.9
2022-02-26T12:00+01:00,-6934.7125,31054.42425,30063.38696,58762.645,86.9
2022-02-26T13:00+01:00,-6684.99,30036.55667,29375.36061,56908.8775,86.9
2022-02-26T14:00+01:00,-6172.9625,30016.33106,26485.60457,54927.1175,86.9
2022-02-26T15:00+01:00,-4162.3,30828.26953,21486.13758,53768.4825,86.9
2022-02-26T16:00+01:00,-724.475,31953.79011,15050.29371,53692.04,86.9
2022-02-26T17:00+01:00,1869.935,33208.30205,10331.30229,55980.755,86.9
2022-02-26T18:00+01:00,2157.5175,33422.47531,10344.00881,59916.86,86.9
2022-02-26T19:00+01:00,-317.6525,33312.02902,11786.9825,59445.4075,86.9
2022-02-26T20:00+01:00,-2860.485,33027.70244,13051.16596,56392.0525,86.9
2022-02-26T21:00+01:00,-3473.065,32289.86167,14801.07513,53912.7525,86.9
2022-02-26T22:00+01:00,-4870.5125,31350.73194,16909.65899,52646.83,86.9
2022-02-26T23:00+01:00,-6757.3125,30390.51519,18739.86405,50628.81,86.9
2022-02-27T00:00+01:00,-6933.7325,28744.07968,19751.6866,48759.67,86.9
2022-02-27T01:00+01:00,-8609.2725,27969.27376,20484.22197,46941.2,86.9
2022-02-27T02:00+01:00,-7084.7025,26311.93679,20644.35737,46437.225,86.9
2022-02-27T03:00+00:00,-7323.805,26385.31215,19862.2641,46042.6725,86.9
2022-02-27T04:00+01:00,-7210.9125,26600.12887,19803.89807,46101.1,86.9
2022-02-27T05:00+01:00,-8571.38,26956.74663,19984.03834,46098.365,86.9
2022-02-27T06:00+01:00,-9728.465,27166.40564,20802.07719,45984.355,86.9
2022-02-27T07:00+01:00,-9830.7,27135.61632,22408.62214,47765.9975,86.9
2022-02-27T08:00+01:00,-10762.35,26919.17709,28310.38195,51241.675,86.9
2022-02-27T09:00+01:00,-11745.62,25785.21967,36070.26294,54020.855,86.9
2022-02-27T10:00+01:00,-12303.435,24373.30647,42552.49142,55396.235,86.9
2022-02-27T11:00+01:00,-13750.2975,23134.91004,47771.04707,56305.955,86.9
2022-02-27T12:00+01:00,-13936.9375,20962.30136,50203.48541,55586.9975,86.9
2022-02-27T13:00+01:00,-12947.4275,19168.87895,48482.52471,53049.02,86.9
2022-02-27T14:00+01:00,-11246.33,19085.45404,44518.96294,51044.5375,86.9
2022-02-27T15:00+01:00,-10526.1475,21473.56282,38119.40954,50876.2775,86.9
2022-02-27T16:00+01:00,-9076.595,24785.35702,28842.80534,51424.215,86.9
2022-02-27T17:00+01:00,-7559.105,27890.7438,22071.13999,53700.2175,86.9
2022-02-27T18:00+01:00,-8597.7825,29621.98844,23242.55,58154.16,86.9
2022-02-27T19:00+01:00,-9760.68,29583.14633,26182.16063,58619.545,86.9
2022-02-27T20:00+01:00,-10727,28635.8942,27541.98179,56478.6175,86.9
2022-02-27T21:00+01:00,-9835.825,28086.37536,27694.40755,55069.7725,86.9
2022-02-27T22:00+01:00,-9322.2125,28012.24817,26490.2762,54800.365,86.9
2022-02-27T23:00+01:00,-9709.0675,27476.586,25451.97263,52270.535,86.9
2022-02-28T00:00+01:00,-7647.89,28504.94264,24261.16945,50106.375,86.9
2022-02-28T01:00+01:00,-8288.8225,28700.69798,23144.0578,48821.91,86.9
2022-02-28T02:00+01:00,-8741.52,29025.56925,22018.46894,48309.79,86.9
2022-02-28T03:00+01:00,-7757.24,29367.80602,20806.62238,48542.3325,86.9
2022-02-28T04:00+01:00,-6787.235,29733.87969,20012.48274,49991.565,86.9
2022-02-28T05:00+01:00,-5366.08,30858.60363,19512.79143,53399.0825,86.9
2022-02-28T06:00+01:00,-1628.995,32002.44478,19550.20466,60555.055,86.9
2022-02-28T07:00+01:00,-1592.44,32844.73046,20532.71446,65359.27,86.9
2022-02-28T08:00+01:00,-4476.5875,33414.28572,26460.45933,68261.7325,86.9
2022-02-28T09:00+01:00,-8347.3325,33003.74126,32529.458,68747.1075,86.9
2022-02-28T10:00+01:00,-8638.1475,31931.85981,37880.2317,68882.9325,86.9
2022-02-28T11:00+01:00,-9292.285,31092.38571,43377.78237,68935.2,86.9
2022-02-28T12:00+01:00,-9681.93,30179.5652,46530.74618,68216.2725,86.9
2022-02-28T13:00+01:00,-9327.2075,29637.91438,46468.72779,67325.39,86.9
2022-02-28T14:00+01:00,-9200.205,29892.01177,43569.94731,65728.16,86.9
2022-02-28T15:00+01:00,-7492.2325,31110.92838,37137.30013,65113.4875,86.9
2022-02-28T16:00+01:00,-4489.265,32665.03235,28717.29271,64191.9875,86.9
2022-02-28T17:00+01:00,-2803.065,33329.20639,22689.53497,66021.6375,86.9
2022-02-28T18:00+01:00,-3950.7225,33679.64125,24735.48743,69856.9775,86.9
2022-02-28T19:00+01:00,-5314.1725,33624.75825,28763.40311,70379.61,86.9
2022-02-28T20:00+01:00,-6554.0675,32613.46895,31030.75294,67301.5125,86.9
2022-02-28T21:00+01:00,-5691.4575,30727.48008,32156.15632,64908.81,86.9
2022-02-28T22:00+01:00,-6277.735,30047.42013,31878.43156,62251.21,86.9
2022-02-28T23:00+01:00,-5963.1175,29365.92681,31021.69506,59188.9675,86.9
2022-03-01T00:00+01:00,-8002.585,29774.62409,30103.94291,56102.3425,86.9
2022-03-01T01:00+01:00,-7120.09,30040.5007,28635.76677,54960.0525,86.9
2022-03-01T02:00+01:00,-6151.655,29954.09728,27094.06515,54554.4675,86.9
2022-03-01T03:00+01:00,-5628.9075,30650.52798,24822.55935,54360.55,86.9
2022-03-01T04:00+01:00,-6173.23,31316.17209,23410.80968,54937.9075,86.9
2022-03-01T05:00+01:00,-5762.9975,32640.09204,22624.01002,58064.795,86.9
2022-03-01T06:00+01:00,-2209.5075,33970.67396,22430.1996,64968.0775,86.9
2022-03-01T07:00+01:00,-2596.91,34616.40775,23380.71111,69373.445,86.9
2022-03-01T08:00+01:00,-3638.0675,34944.42013,27648.83643,71540.25,86.9
2022-03-01T09:00+01:00,-6669.735,34465.69947,31878.63163,71173.98,86.9
2022-03-01T10:00+01:00,-7609.9875,34405.57864,35796.71607,71826.175,86.9
2022-03-01T11:00+01:00,-10078.205,33724.45553,37690.91147,71533.07,86.9
2022-03-01T12:00+01:00,-9182.1875,33752.72774,37550.36667,71129.095,86.9
2022-03-01T13:00+01:00,-7658.615,33994.03145,34548.86285,69048.17,86.9
2022-03-01T14:00+01:00,-6485.6725,35457.78983,29216.83324,67246.435,86.9
2022-03-01T15:00+01:00,-2655.52,37326.16416,22238.38046,65703.8425,86.9
2022-03-01T16:00+01:00,2967.095,37663.87281,14960.1302,65177.1975,86.9
2022-03-01T17:00+01:00,7262.16,37975.29351,10210.15975,66573.0175,86.9
2022-03-01T18:00+01:00,7580.9925,38496.952,10095.35445,69963.195,86.9
2022-03-01T19:00+01:00,5573.955,38619.05074,10736.26036,69418.92,86.9
2022-03-01T20:00+01:00,4566.14,38029.55871,11053.79325,65665.125,86.9
2022-03-01T21:00+01:00,3391.27,37616.85866,11063.90693,62354.0225,86.9
2022-03-01T22:00+01:00,2686.92,37311.11952,10249.09242,59571.985,86.9
2022-03-01T23:00+01:00,1042.1625,37003.00803,9781.161013,56141.7825,86.9
2022-03-02T00:00+01:00,791.3725,36784.47132,9210.741533,53568.28,86.9
2022-03-02T01:00+01:00,1810.3175,36196.49746,8988.75,51824.9225,86.9
2022-03-02T02:00+01:00,1644.185,35986.17741,9015.613933,51578.665,86.9
2022-03-02T03:00+01:00,2285.6925,36038.47508,9350.790633,52007.9475,86.9
2022-03-02T04:00+01:00,2840.4775,36260.33068,9511.971734,53144.9525,86.9
2022-03-02T05:00+01:00,3029.795,36672.55903,9835.101404,56542.9475,86.9
2022-03-02T06:00+01:00,4959.115,37627.49612,10483.79274,62837.915,86.9
2022-03-02T07:00+01:00,6025.3575,37938.98068,12079.58227,67504.2075,86.9
2022-03-02T08:00+01:00,4227.965,37939.43658,16010.96012,69947.73,86.9
2022-03-02T09:00+01:00,551.7125,37927.73061,21069.97776,70245.2,86.9
2022-03-02T10:00+01:00,-1876.9425,37280.65843,25373.20975,70501.8,86.9
2022-03-02T11:00+01:00,-3838.5425,36405.54911,28829.97106,70902.815,86.9
2022-03-02T12:00+01:00,-3952.8125,35847.47199,29691.87559,70475.6575,86.9
2022-03-02T13:00+01:00,-3850.2725,35955.49494,28553.14064,69424.99,86.9
2022-03-02T14:00+01:00,-2347.5075,36005.80568,25942.01131,67593.1875,86.9
2022-03-02T15:00+01:00,1064.4325,35993.23745,21328.86997,66171.43,86.9
2022-03-02T16:00+01:00,4886.9225,36273.42709,15665.66803,65159.4825,86.9
2022-03-02T17:00+01:00,8764.87,36954.93533,11143.49524,66995.92,86.9
2022-03-02T18:00+01:00,8016.4725,37770.47227,11126.6201,70308.42,86.9
2022-03-02T19:00+01:00,7056.7525,37792.73202,11971.55972,70096.8325,86.9
2022-03-02T20:00+01:00,5327.925,37815.77328,12274.75035,66516.7225,86.9
2022-03-02T21:00+01:00,3537.5125,37729.52366,12039.41597,62985.0625,86.9
2022-03-02T22:00+01:00,2671.215,37170.97981,11396.99402,59808.3275,86.9
2022-03-02T23:00+01:00,593.72,36727.09614,11083.30866,56459.0525,86.9
2022-03-03T00:00+01:00,-300.255,34987.80535,10655.01404,53655.4275,86.9
2022-03-03T01:00+01:00,129.76,34561.39005,10150.91365,52020.865,86.9
2022-03-03T02:00+01:00,134.59,34753.82813,9970.175494,51624.21,86.9
2022-03-03T03:00+01:00,345.9025,34721.17285,10497.95507,52077.8825,86.9
2022-03-03T04:00+01:00,498.66,34714.75673,11084.96454,53572.04,86.9
2022-03-03T05:00+01:00,1678.3025,35061.2541,11510.76731,56616.215,86.9
2022-03-03T06:00+01:00,5057.93,35335.98303,11746.85317,63581.91,86.9
2022-03-03T07:00+01:00,5562.235,35701.74877,13951.99334,68351.56,86.9
2022-03-03T08:00+01:00,1698.9675,35518.75868,20865.4468,70225.2125,86.9
2022-03-03T09:00+01:00,-3597.0375,35447.17862,27716.30616,70415.3925,86.9
2022-03-03T10:00+01:00,-8290.5225,34634.30214,32237.35157,70244.5825,86.9
2022-03-03T11:00+01:00,-8598.925,33779.38281,35939.22845,69818.58,86.9
2022-03-03T12:00+01:00,-7055.245,33203.10905,37555.86019,69640.44,86.9
2022-03-03T13:00+01:00,-8153.66,33595.73506,36812.08643,68149.4825,86.9
2022-03-03T14:00+01:00,-7002,33475.67561,34157.86211,66672.9175,86.9
2022-03-03T15:00+01:00,-4518.9025,34099.06104,28888.34093,65983.0425,86.9
2022-03-03T16:00+01:00,-843.7975,35281.34174,21676.38112,65034.525,86.9
2022-03-03T17:00+01:00,4172.84,35387.59232,15936.36571,66694.89,86.9
2022-03-03T18:00+01:00,3659.0325,36062.71919,16695.25021,70023.1525,86.9
2022-03-03T19:00+01:00,1563.0725,36128.8326,18841.80559,70192.4925,86.9
2022-03-03T20:00+01:00,317.4475,35957.77468,19572.96908,66323.6,86.9
2022-03-03T21:00+01:00,-1565.8925,35508.94834,19345.86416,62407.3475,86.9
2022-03-03T22:00+01:00,-2088.2775,34734.50448,18621.25001,60001.93,86.9
2022-03-03T23:00+01:00,-2336.1075,33422.68059,17874.11869,56189.8375,86.9
2022-03-04T00:00+01:00,-3488.2425,32749.10049,16743.25842,53639.225,86.9
2022-03-04T01:00+01:00,-2095.56,32594.58128,15579.18954,52373.7,86.9
2022-03-04T02:00+01:00,-1205.88,32504.02775,14659.43853,51453.165,86.9
2022-03-04T03:00+01:00,525.7875,32586.65917,13617.69712,52053.2125,86.9
2022-03-04T04:00+01:00,1233.44,33091.68428,13246.19698,53586.41,86.9
2022-03-04T05:00+01:00,988.3325,34282.66613,13207.81853,56534.6825,86.9
2022-03-04T06:00+01:00,3721.975,35905.58959,13396.60214,62529.6425,86.9
2022-03-04T07:00+01:00,4314.0125,36289.69847,15032.36153,67847.115,86.9
2022-03-04T08:00+01:00,1236.6325,36494.73817,19834.5329,70207.16,86.9
2022-03-04T09:00+01:00,-2571.78,36375.20623,25412.56677,70595.15,86.9
2022-03-04T10:00+01:00,-4322.625,35304.50036,30718.98298,70743.71,86.9
2022-03-04T11:00+01:00,-5353.0275,34016.69058,34237.47458,71107.4375,72.14
2022-03-04T12:00+01:00,-4689.9825,33031.40407,35326.88944,70514.6725,67.22
2022-03-04T13:00+01:00,-4648.28,32707.59404,34086.58342,68517.185,67.22
2022-03-04T14:00+01:00,-4795.945,32783.6287,30896.64866,66317.7625,67.22
2022-03-04T15:00+01:00,-3034.065,33373.87681,26342.75609,65251.17,67.22
2022-03-04T16:00+01:00,-439.74,35000.70231,21261.33298,64957.2325,67.22
2022-03-04T17:00+01:00,1558.575,36172.72277,17132.91777,66433.8875,67.22
2022-03-04T18:00+01:00,971.7575,36457.36221,17636.25461,68976.38,67.22
2022-03-04T19:00+01:00,-217.13,36194.11667,19408.01301,68858.045,67.22
2022-03-04T20:00+01:00,-1571.35,35432.14316,20130.20257,64701.8575,67.22
2022-03-04T21:00+01:00,-2884.025,34774.23674,19946.8854,61410.2425,67.22
2022-03-04T22:00+01:00,-3422.595,33760.29002,19439.48446,58527.3275,67.22
2022-03-04T23:00+01:00,-4200.4525,32448.7946,19459.04132,55729.245,67.22
2022-03-05T00:00+01:00,-4830.1075,31745.8112,19184.52601,53650.2975,67.22
2022-03-05T01:00+01:00,-5991.0825,31398.4244,18590.2268,51708.08,67.22
2022-03-05T02:00+01:00,-5964.9525,31280.74769,17828.99119,50302.515,67.22
2022-03-05T03:00+01:00,-4499.3725,31295.74822,16655.41252,49949.38,67.22
2022-03-05T04:00+01:00,-4016.52,31463.27698,15792.61085,50333.655,67.22
2022-03-05T05:00+01:00,-4784.1,31737.30435,15507.07626,50177.0075,67.22
2022-03-05T06:00+01:00,-4894.51,31969.87873,15468.44109,51005.6575,67.22
2022-03-05T07:00+01:00,-4969.4225,32000.18931,16929.47846,53497.3425,67.22
2022-03-05T08:00+01:00,-7391.285,31772.85657,22930.68153,56848.525,67.22
2022-03-05T09:00+01:00,-10016.5175,31035.48759,29382.06949,59315.495,67.22
2022-03-05T10:00+01:00,-11680.5375,30200.35027,35300.92471,60827.4,67.22
2022-03-05T11:00+01:00,-12374.1225,30117.45856,36533.2988,60982.5725,67.22
2022-03-05T12:00+01:00,-11787.455,29823.46811,34513.32333,59180.6225,67.22
2022-03-05T13:00+01:00,-9211.565,29983.53786,31026.23838,56717.725,67.22
2022-03-05T14:00+01:00,-7054.0125,29981.4827,26695.21984,55137.2075,67.22
2022-03-05T15:00+01:00,-6066.0675,30601.61995,22108.60209,54451.03,67.22
2022-03-05T16:00+01:00,-1750.8075,31538.05797,17278.17676,54544.695,67.22
2022-03-05T17:00+01:00,529.79,32965.90777,13872.40578,56817.6475,67.22
2022-03-05T18:00+01:00,-521.5625,33546.52051,14342.78474,60272.695,67.22
2022-03-05T19:00+01:00,-2155.255,33395.38626,15459.71871,60392.4025,67.22
2022-03-05T20:00+01:00,-4278.53,33353.02204,15530.17094,56938.06,67.22
2022-03-05T21:00+01:00,-3383.785,33164.98246,14828.27441,54417.0625,67.22
2022-03-05T22:00+01:00,-2928.595,32778.1826,13789.6358,53140.115,67.22
2022-03-05T23:00+01:00,-2679.8725,31964.77629,13218.36469,50535.3625,67.22
2022-03-06T00:00+01:00,-3858.7,30745.94434,12438.92896,47655.2925,67.22
2022-03-06T01:00+01:00,-4106.3175,30503.50946,11944.72985,45871.155,67.22
2022-03-06T02:00+01:00,-3675.095,30271.44411,11834.58624,45068.1025,67.22
2022-03-06T03:00+01:00,-3235.285,30190.50009,11811.34725,44665.5625,67.22
2022-03-06T04:00+01:00,-3024.575,30216.25928,11826.56665,45009.9625,67.22
2022-03-06T05:00+01:00,-4494.0775,30591.31679,12062.23802,45105.055,67.22
2022-03-06T06:00+01:00,-5313.095,30466.48181,12166.90457,45174.17,67.22
2022-03-06T07:00+01:00,-5426.295,30748.47436,13093.18625,46956.385,67.22
2022-03-06T08:00+01:00,-7021.3925,30664.05312,16667.23191,50333.1525,67.22
2022-03-06T09:00+01:00,-3003.4475,30244.44024,21295.90045,53695.3575,67.22
2022-03-06T10:00+01:00,-7354.115,30154.97084,25692.55443,54538.1825,67.22
2022-03-06T11:00+01:00,-6386.1575,29653.97959,27242.6662,56383.6475,67.22
2022-03-06T12:00+01:00,-6570.2325,29644.83464,27504.30851,56063.335,67.22
2022-03-06T13:00+01:00,-5337.69,29533.99752,26491.63858,54626.665,67.22
2022-03-06T14:00+01:00,-4680.505,29785.55472,24672.46942,53518.1375,67.22
2022-03-06T15:00+01:00,-4462.4225,30550.04145,21852.56671,53144.45,67.22
2022-03-06T16:00+01:00,-3913.54,31928.04984,17878.46989,53643.5875,67.22
2022-03-06T17:00+01:00,-1487.4525,33425.22755,14681.81631,55277.2775,67.22
2022-03-06T18:00+01:00,1108.32,34007.09113,13937.62909,58579.3775,67.22
2022-03-06T19:00+01:00,-769.7825,34254.10614,13699.32142,58783.4025,67.22
2022-03-06T20:00+01:00,-1726.8475,34344.729,13255.38548,56151.115,67.22
2022-03-06T21:00+01:00,-2389.84,34429.76267,12990.70548,54064.395,67.22
2022-03-06T22:00+01:00,-2103.9825,33849.19463,12324.00237,53875.5775,67.22
2022-03-06T23:00+01:00,-2955.12,33101.90978,11961.63462,51327.46,67.22
2022-03-07T00:00+01:00,-2472.7975,32250.46334,11430.25972,49268.0775,67.22
2022-03-07T01:00+01:00,-3221.4325,32232.95946,10901.87047,47908.215,67.22
2022-03-07T02:00+01:00,-2885.835,32209.06896,10647.85981,47403.2875,67.22
2022-03-07T03:00+01:00,-2063.84,32294.08011,10831.0039,47993.425,67.22
2022-03-07T04:00+01:00,-1241.32,32347.01804,11367.32389,49745.82,67.22
2022-03-07T05:00+01:00,-571.91,32963.76922,12139.32313,53581.7675,67.22
2022-03-07T06:00+01:00,1169.6675,35090.71819,12926.37429,61370.3575,67.22
2022-03-07T07:00+01:00,1216.9675,35991.82448,14558.88699,66648.5725,67.22
2022-03-07T08:00+01:00,-961.2475,36299.2424,19610.47756,68987.0575,67.22
2022-03-07T09:00+01:00,-2110.025,35542.45033,26799.93487,68612.175,67.22
2022-03-07T10:00+01:00,-6704.38,34444.03953,33554.15441,69304.9375,67.22
2022-03-07T11:00+01:00,-7693.655,33553.78387,37434.43173,70557.2825,67.22
2022-03-07T12:00+01:00,-7629.7925,32749.77066,39584.45776,70751.1375,67.22
2022-03-07T13:00+01:00,-6714.685,32214.49475,38628.34494,70115.775,67.22
2022-03-07T14:00+01:00,-6030.27,32124.41559,35506.95095,68366.2525,67.22
2022-03-07T15:00+01:00,-4767.4175,32769.71203,30343.98765,66930.0625,67.22
2022-03-07T16:00+01:00,-2132.2725,34720.66017,22470.94884,65761.01,67.22
2022-03-07T17:00+01:00,3309.16,36780.35195,14599.448,66554.3975,67.22
2022-03-07T18:00+01:00,5561.6025,37208.15839,13040.23476,69652.7,67.22
2022-03-07T19:00+01:00,3358.25,37376.98648,14840.66966,69927.0025,67.22
2022-03-07T20:00+01:00,737.62,37332.4146,15783.55954,66329.2225,67.22
2022-03-07T21:00+01:00,-177.455,36692.05435,16075.11512,62829.96,67.22
2022-03-07T22:00+01:00,-870.3025,35376.19403,16244.36384,60031.23,67.22
2022-03-07T23:00+01:00,-1352.225,33910.68034,15577.9579,56861.7625,67.22
2022-03-08T00:00+01:00,-2656.6425,33566.90439,15168.013,53712.12,67.22
2022-03-08T01:00+01:00,-2669.02,33457.67085,14978.18374,52270.665,67.22
2022-03-08T02:00+01:00,-1924.0175,33263.33384,14569.33349,51993.18,67.22
2022-03-08T03:00+01:00,-870.655,33071.076,14155.16918,52000.935,67.22
2022-03-08T04:00+01:00,-839.555,33503.03616,14380.67944,53287.9475,67.22
2022-03-08T05:00+01:00,-234.825,33803.80778,14680.55957,56408.94,67.22
2022-03-08T06:00+01:00,2901.9925,34349.44918,15820.22116,62594.195,67.22
2022-03-08T07:00+01:00,85.5225,34507.48548,19253.27654,66888.15,67.22
2022-03-08T08:00+01:00,-2534.94,33850.6531,26818.10306,69398.33,67.22
2022-03-08T09:00+01:00,-6729.1,32179.10495,33897.28214,69457.0225,67.22
2022-03-08T10:00+01:00,-7137.325,30069.98696,39922.15848,69187.8775,67.22
2022-03-08T11:00+01:00,-8226.79,28931.42995,44491.20013,69665.48,67.22
2022-03-08T12:00+01:00,-8603.46,27150.42897,46031.49633,69425.89,67.22
2022-03-08T13:00+01:00,-8141.92,26701.34287,44706.14189,69113.54,67.22
2022-03-08T14:00+01:00,-7357.05,27125.85704,41411.12769,67195.2725,67.22
2022-03-08T15:00+01:00,-5207.4425,28432.56481,35775.07761,65899.19,67.22
2022-03-08T16:00+01:00,-2342.72,31104.72471,27551.58066,64760.96,67.22
2022-03-08T17:00+01:00,1489.9475,33954.55009,19933.90537,66154.145,67.22
2022-03-08T18:00+01:00,1248.1125,34673.59537,18883.52798,69458.5825,67.22
2022-03-08T19:00+01:00,-604.3175,34759.25309,21871.89359,70124.1475,67.22
2022-03-08T20:00+01:00,-2942.17,34444.13014,23049.3961,66403.005,67.22
2022-03-08T21:00+01:00,-3958.5525,33867.51092,23212.85905,62839.8825,67.22
2022-03-08T22:00+01:00,-4144.25,32365.36675,22505.45344,59294.945,67.22
2022-03-08T23:00+01:00,-4370.3,31161.51933,20957.25949,55621.1175,67.22
2022-03-09T00:00+01:00,-4679.68,31074.37121,20053.40626,52666.6975,67.22
2022-03-09T01:00+01:00,-2933.53,30776.78996,18318.26541,51429.78,67.22
2022-03-09T02:00+01:00,-1732.0775,30806.97866,15962.8124,51101.4625,67.22
2022-03-09T03:00+01:00,660.7175,31064.28881,14551.57086,51580.8875,67.22
2022-03-09T04:00+01:00,1347.555,31613.66039,14022.93774,52583.45,67.22
2022-03-09T05:00+01:00,1064.6125,32752.2275,14003.54809,56167.9925,67.22
2022-03-09T06:00+01:00,2456.49,34449.68281,14444.4466,63302.65,67.22
2022-03-09T07:00+01:00,2948.6225,34792.67726,17746.84722,67030.435,67.22
2022-03-09T08:00+01:00,-1711.0825,34750.32802,25635.94821,69210.285,67.22
2022-03-09T09:00+01:00,-6463.6225,33421.62388,31934.37035,69432.555,67.22
2022-03-09T10:00+01:00,-7046.7125,31552.76179,36243.89081,68881.23,67.22
2022-03-09T11:00+01:00,-6951.1725,31035.57859,39384.91594,68738.5125,67.22
2022-03-09T12:00+01:00,-6101.7525,30056.73263,40595.84275,68397.5025,67.22
2022-03-09T13:00+01:00,-5821.3575,30067.7753,39624.18206,67167.1,67.22
2022-03-09T14:00+01:00,-4071.2925,30111.78192,36399.75054,65645.7075,67.22
2022-03-09T15:00+01:00,-2602.7575,30910.89039,30191.46885,64260.9975,67.22
2022-03-09T16:00+01:00,528.48,32863.00017,21869.35044,63222.29,67.22
2022-03-09T17:00+01:00,5427.1225,34444.24482,14770.31931,64498.2975,67.22
2022-03-09T18:00+01:00,5968.1875,35090.85164,15202.88477,68144.1725,67.22
2022-03-09T19:00+01:00,2644.6725,35233.46889,17869.03466,69178.425,67.22
2022-03-09T20:00+01:00,-726.34,34854.90523,19893.15234,65984.125,67.22
2022-03-09T21:00+01:00,-625.36,33021.10717,20952.26267,62023.5125,67.22
2022-03-09T22:00+01:00,-1244.1275,31796.84171,21176.01172,59079.8025,67.22
2022-03-09T23:00+01:00,-3197.5925,31404.61774,20592.73839,55631.82,67.22
2022-03-10T00:00+01:00,-4405.6425,31034.90192,19535.26255,52615.755,67.22
2022-03-10T01:00+01:00,-4597.8425,30618.23469,19258.64263,50839.545,67.22
2022-03-10T02:00+01:00,-4197.4175,30823.44104,19288.51929,50401.7425,67.22
2022-03-10T03:00+01:00,-2492.1625,30489.47823,19224.36078,51138.56,67.22
2022-03-10T04:00+01:00,-2354.895,30939.72413,19301.61404,52989.2625,67.22
2022-03-10T05:00+01:00,-3140.1075,32537.49812,19600.22244,56297.345,67.22
2022-03-10T06:00+01:00,-732.0125,33283.5924,20517.10423,63211.55,67.22
2022-03-10T07:00+01:00,-2765.5,33590.16295,24248.89925,67574.2775,67.22
2022-03-10T08:00+01:00,-7645.1525,33530.52351,31419.86367,69551.3725,67.22
2022-03-10T09:00+01:00,-7874.0375,32079.49709,36425.12952,68830.185,67.22
2022-03-10T10:00+01:00,-8159.84,29718.53064,41376.7191,69052.6875,67.22
2022-03-10T11:00+01:00,-9260.2125,27732.40019,46367.80622,69292.7925,67.22
2022-03-10T12:00+01:00,-10637.35,26489.14691,48015.24993,68562.535,67.22
2022-03-10T13:00+01:00,-11838.7575,25499.31652,48971.55564,67231.9575,67.22
2022-03-10T14:00+01:00,-11999.1475,25509.60214,47093.6382,65682.49,67.22
2022-03-10T15:00+01:00,-11080.6425,26543.42222,43483.39823,64589.495,67.22
2022-03-10T16:00+01:00,-8404.13,27878.92108,37538.52656,64082.015,67.22
2022-03-10T17:00+01:00,-5356.035,29406.22903,31514.638,65739.685,67.22
2022-03-10T18:00+01:00,-5880.2675,29847.0055,34462.43606,69317.3,67.22
2022-03-10T19:00+01:00,-7177.675,29858.50157,38566.9091,70205.4975,67.22
2022-03-10T20:00+01:00,-8177.5,28357.59742,39108.77306,66916.3075,67.22
2022-03-10T21:00+01:00,-10044.5025,26780.45605,39746.31187,62882.8975,67.22
2022-03-10T22:00+01:00,-9913.2725,26021.7906,38050.13928,60151.7825,67.22
2022-03-10T23:00+01:00,-9815.3375,24930.68248,37569.41605,56345.0525,67.22
2022-03-11T00:00+01:00,-9252.6625,23500.00322,37871.60824,54791.98,67.22
2022-03-11T01:00+01:00,-9509.1375,23330.33411,37363.71618,53429.635,67.22
2022-03-11T02:00+01:00,-8184.5875,23304.64286,36741.27496,52704.965,67.22
2022-03-11T03:00+01:00,-7674.69,22796.6289,36757.29532,53013.695,67.22
2022-03-11T04:00+01:00,-8434.82,23172.85449,36820.2301,54075.48,67.22
2022-03-11T05:00+01:00,-8415.2225,23409.3058,37570.66766,57326.215,67.22
2022-03-11T06:00+01:00,-6861.2225,24237.7832,39219.59432,64084.82,67.22
2022-03-11T07:00+01:00,-9727.2075,25018.4774,41413.81461,68511.6375,67.22
2022-03-11T08:00+01:00,-10568.2725,24689.80293,47368.21779,71159.46,67.22
2022-03-11T09:00+01:00,-10627.7625,22789.40338,53517.6422,70359.9325,67.22
2022-03-11T10:00+01:00,-11230.9775,20620.77455,59163.1784,69869.08,67.22
2022-03-11T11:00+01:00,-12992.2875,19225.80782,63671.95018,69980.6,74.18
2022-03-11T12:00+01:00,-12894.355,18389.71948,63640.21292,69297.18,76.5
2022-03-11T13:00+01:00,-12536.5925,18273.98097,61174.84249,68136.09,76.5
2022-03-11T14:00+01:00,-11114.925,18157.7719,57140.56505,65788.16,76.5
2022-03-11T15:00+01:00,-10324.5425,18737.40185,54201.09128,65344.48,76.5
2022-03-11T16:00+01:00,-8205.275,20708.49283,49730.7516,64744.025,76.5
2022-03-11T17:00+01:00,-8229.2675,23665.95682,42661.56595,66477.5575,76.5
2022-03-11T18:00+01:00,-8584.4825,24421.29508,42215.14289,69108.375,76.5
2022-03-11T19:00+01:00,-7801.8475,23901.56919,43622.58351,69589.6425,76.5
2022-03-11T20:00+01:00,-7356.41,23109.44834,43078.18901,65417.0025,76.5
2022-03-11T21:00+01:00,-7539.5375,22425.01992,42124.32552,61302.7625,76.5
2022-03-11T22:00+01:00,-7797.3775,21780.74367,39705.07496,58015.135,76.5
2022-03-11T23:00+01:00,-7837.4075,21291.67384,38194.68325,55439.7675,76.5
2022-03-12T00:00+01:00,-8308.76,20146.3159,37199.58471,52252.6125,76.5
2022-03-12T01:00+01:00,-8192.7625,20014.9252,36646.0528,50169.705,76.5
2022-03-12T02:00+01:00,-7969.335,19721.00305,35818.97623,49532.8,76.5
2022-03-12T03:00+01:00,-7924.555,19590.59526,35015.2732,48874.1675,76.5
2022-03-12T04:00+01:00,-6838.645,19745.02906,34082.32716,48877.705,76.5
2022-03-12T05:00+01:00,-7704.2375,20011.20527,33413.932,49395.415,76.5
2022-03-12T06:00+01:00,-9955.05,20598.03543,34207.0636,50461.795,76.5
2022-03-12T07:00+01:00,-10059.285,20423.66093,35028.65784,53372.0925,76.5
2022-03-12T08:00+01:00,-9663.565,20262.30366,39421.41161,56481.835,76.5
2022-03-12T09:00+01:00,-9360.865,20165.2387,44608.4298,58354.0625,76.5
2022-03-12T10:00+01:00,-9266.2925,19276.79906,48219.50488,59664.4725,76.5
2022-03-12T11:00+01:00,-9268.3,18483.18863,49917.712,59703.475,76.5
2022-03-12T12:00+01:00,-10081.1475,18811.51224,49228.6788,58140.54,76.5
2022-03-12T13:00+01:00,-9180.31,19068.2116,45645.79968,55935.04,76.5
2022-03-12T14:00+01:00,-8725.3,19806.5815,40824.09145,54748.065,76.5
2022-03-12T15:00+01:00,-8574.08,21643.40464,35125.78784,53205.3725,76.5
2022-03-12T16:00+01:00,-6335.6325,23602.67739,27965.32883,53089.71,76.5
2022-03-12T17:00+01:00,-2530.5425,24724.86398,22713.57969,55875.8325,76.5
2022-03-12T18:00+01:00,-2417.8825,25296.48373,24857.13895,59408.045,76.5
2022-03-12T19:00+01:00,-5747.3225,24865.71981,29297.79639,60012.815,76.5
2022-03-12T20:00+01:00,-8371.955,24065.44408,32136.00225,56599.8175,76.5
2022-03-12T21:00+01:00,-9241.34,23761.07926,32745.7729,54014.18,76.5
2022-03-12T22:00+01:00,-8727.32,23753.94135,31038.4987,52202.67,76.5
2022-03-12T23:00+01:00,-9294.5925,22976.08643,29948.92231,49319.345,76.5
2022-03-13T00:00+01:00,-9623.9175,22372.84421,28212.14076,46737.73,76.5
2022-03-13T01:00+01:00,-9177.195,21561.46891,27080.92929,44994.41,76.5
2022-03-13T02:00+01:00,-8799.63,21406.84584,26714.2622,44733.9275,76.5
2022-03-13T03:00+01:00,-9025.9425,20989.45605,26558.58411,44446.0675,76.5
2022-03-13T04:00+01:00,-8375.025,20976.93057,26791.39595,45192.715,76.5
2022-03-13T05:00+01:00,-7844.2575,20962.66115,26912.45778,45615.72,76.5
2022-03-13T06:00+01:00,-7783.08,20643.21863,27102.5543,45076.825,76.5
2022-03-13T07:00+01:00,-8409.815,20087.03094,29842.98166,46709.24,76.5
2022-03-13T08:00+01:00,-7986.7925,18794.25471,34682.89686,50135.8825,76.5
2022-03-13T09:00+01:00,-7534.3325,17685.84045,39555.05109,52485.555,76.5
2022-03-13T10:00+01:00,-7706.8775,16940.90569,43736.0893,53626.8975,76.5
2022-03-13T11:00+01:00,-8316.9225,15594.70168,47079.31151,55024.9,76.5
2022-03-13T12:00+01:00,-9494.7525,15074.57101,47713.8054,53516.1175,76.5
2022-03-13T13:00+01:00,-10866.7025,15030.94996,46212.91264,51210.295,76.5
2022-03-13T14:00+01:00,-11449.4925,15559.92896,44556.28158,49378.0825,76.5
2022-03-13T15:00+01:00,-8694.495,16148.31689,40313.57169,48764.2275,76.5
2022-03-13T16:00+01:00,-8458.24,19661.39778,35331.46955,50105.92,76.5
2022-03-13T17:00+01:00,-7907.175,24236.38208,29680.13142,53508.41,76.5
2022-03-13T18:00+01:00,-7210.565,25890.7761,29596.79976,56822.785,76.5
2022-03-13T19:00+01:00,-7125.8625,26222.17836,31364.29708,57492.5125,76.5
2022-03-13T20:00+01:00,-7894.485,25741.66113,32049.9543,54933.1925,76.5
2022-03-13T21:00+01:00,-8005.125,25673.27333,31813.39177,53048.625,76.5
2022-03-13T22:00+01:00,-7191.395,25671.21118,29947.77029,52746.215,76.5
2022-03-13T23:00+01:00,-7215.195,25697.51845,27927.36732,50689.595,76.5
2022-03-14T00:00+01:00,-7191.28,26275.62281,26341.16492,48423.735,76.5
2022-03-14T01:00+01:00,-7354.92,25625.57815,25610.37988,46645.01,76.5
2022-03-14T02:00+01:00,-8207.795,25816.64309,24366.41451,45573.8275,76.5
2022-03-14T03:00+01:00,-7930.7725,26599.09577,23119.30464,46852.165,76.5
2022-03-14T04:00+01:00,-6964.6,28254.64977,22544.66377,48831.8475,76.5
2022-03-14T05:00+01:00,-7210.4125,31488.21716,22475.69652,52958.175,76.5
2022-03-14T06:00+01:00,-4347.245,35475.69891,23112.56192,60770.785,76.5
2022-03-14T07:00+01:00,-2372.1525,35846.73387,24682.81574,66875.1875,76.5
2022-03-14T08:00+01:00,-2832.8125,35321.47386,26921.37528,69837.355,76.5
2022-03-14T09:00+01:00,-4120.92,34653.43967,29623.91246,69582.8575,76.5
2022-03-14T10:00+01:00,-4394.33,32969.52965,32375.70726,70247.435,76.5
2022-03-14T11:00+01:00,-4446.2625,32571.46709,33917.16386,70543.37,76.5
2022-03-14T12:00+01:00,-4747.84,32323.17429,33172.53349,70104.745,76.5
2022-03-14T13:00+01:00,-4296.6625,32970.07232,32058.75358,68323.73,76.5
2022-03-14T14:00+01:00,-2775.8625,33407.55256,30019.22232,67139.7425,76.5
2022-03-14T15:00+01:00,-1051.89,34309.69661,26068.03083,65761.53,76.5
2022-03-14T16:00+01:00,1427.58,35604.99783,21040.81412,64510.9775,76.5
2022-03-14T17:00+01:00,2899.7175,37625.01423,15741.78374,65250.445,76.5
2022-03-14T18:00+01:00,3213.96,38105.75674,13722.95583,67557.26,76.5
2022-03-14T19:00+01:00,2574.775,38285.4592,14132.73331,67903.545,76.5
2022-03-14T20:00+01:00,-314.0525,38154.6333,15119.71305,64106.265,76.5
2022-03-14T21:00+01:00,-891.2275,37058.69285,15813.25334,60793.405,76.5
2022-03-14T22:00+01:00,-1862.375,36009.30954,15549.88913,57769.115,76.5
2022-03-14T23:00+01:00,-2329.575,35082.3387,14668.24528,54488.6625,76.5
2022-03-15T00:00+01:00,-2827.43,33410.54316,13884.68647,50770.9425,76.5
2022-03-15T01:00+01:00,-2097.805,32690.15336,12789.71943,49259.98,76.5
2022-03-15T02:00+01:00,-457.9925,32762.47208,12031.93224,48678.5475,76.5
2022-03-15T03:00+01:00,1570.97,32851.23653,11624.05799,49710.575,76.5
2022-03-15T04:00+01:00,2680.5425,33065.89209,10918.95809,51120.9675,76.5
2022-03-15T05:00+01:00,2947.0875,34248.9926,10686.22788,54331.8775,76.5
2022-03-15T06:00+01:00,4400.3375,36941.84013,10796.19113,60777.99,76.5
2022-03-15T07:00+01:00,5438.9725,37499.57232,11788.45775,65543.625,76.5
2022-03-15T08:00+01:00,5052.4375,37868.85253,14884.49879,68511.2475,76.5
2022-03-15T09:00+01:00,3289.84,37960.89627,17438.05861,68940.7025,76.5
2022-03-15T10:00+01:00,3853.57,37839.16266,19311.53828,69969.9125,76.5
2022-03-15T11:00+01:00,5008.41,37421.03015,19891.57657,71029.915,76.5
2022-03-15T12:00+01:00,5769.53,37157.10411,19023.12886,70483.3575,76.5
2022-03-15T13:00+01:00,6576.595,37134.69083,16817.03811,69265.6775,76.5
2022-03-15T14:00+01:00,7574.9875,37295.32676,14475.76049,67670.3975,76.5
2022-03-15T15:00+01:00,9163.86,37554.8245,12554.40326,67038.1925,76.5
2022-03-15T16:00+01:00,9490.865,37742.40064,11033.40442,66214.0425,76.5
2022-03-15T17:00+01:00,8322.8575,38218.87851,10206.02707,66740.8325,76.5
2022-03-15T18:00+01:00,7674.2025,38677.66009,10536.53937,68372.5625,76.5
2022-03-15T19:00+01:00,5817.385,38614.303,11429.92221,68021.555,76.5
2022-03-15T20:00+01:00,3892.445,37888.61421,11967.1138,64295.1325,76.5
2022-03-15T21:00+01:00,2920.0425,37536.97176,12190.37016,60500.7425,76.5
2022-03-15T22:00+01:00,1012.8375,36876.17472,11866.58891,57475.73,76.5
2022-03-15T23:00+01:00,-489.6125,35638.859,11471.13342,53759.375,76.5
2022-03-16T00:00+01:00,-1531.5925,34532.25374,11043.28821,50656.8825,76.5
2022-03-16T01:00+01:00,-2454.785,34151.62721,10926.62999,48905.54,76.5
2022-03-16T02:00+01:00,-1399.3325,33532.9549,11156.27754,48320.025,76.5
2022-03-16T03:00+01:00,-1295.325,33641.77121,11574.07155,48864.29,76.5
2022-03-16T04:00+01:00,-642.7,33870.68071,12147.39593,50957.2075,76.5
2022-03-16T05:00+01:00,104.7625,34401.88133,13301.87634,54231.835,76.5
2022-03-16T06:00+01:00,3027.8825,35332.61469,14831.38784,60870.28,76.5
2022-03-16T07:00+01:00,2743.4025,35836.19576,17995.05549,65906.7275,76.5
2022-03-16T08:00+01:00,-1064.4025,35881.79883,22942.19529,68316.88,76.5
2022-03-16T09:00+01:00,-3869.74,35759.67616,27566.77836,68539.35,76.5
2022-03-16T10:00+01:00,-6049.505,34720.82809,31993.07505,68613.3075,76.5
2022-03-16T11:00+01:00,-7783.575,33204.45017,36001.09638,69221.28,76.5
2022-03-16T12:00+01:00,-6784.5275,31612.82962,38269.08609,69325.1075,76.5
2022-03-16T13:00+01:00,-7103.075,31043.18148,37628.02339,68476.8225,76.5
2022-03-16T14:00+01:00,-6809.72,31107.59181,34857.86889,67331.34,76.5
2022-03-16T15:00+01:00,-6332.845,31672.75609,30962.81695,66116.495,76.5
2022-03-16T16:00+01:00,-3700.7375,32752.45172,27319.81314,64987.1725,76.5
2022-03-16T17:00+01:00,-1762.4775,33457.65881,25106.28674,65778.8875,76.5
2022-03-16T18:00+01:00,-3679.29,33665.35066,27861.56532,68754.39,76.5
2022-03-16T19:00+01:00,-5456.69,33219.28457,31120.31006,69773.285,76.5
2022-03-16T20:00+01:00,-6935.2275,31852.31076,32879.60316,66363.4175,76.5
2022-03-16T21:00+01:00,-6574.8625,29748.75016,33185.57832,62834.995,76.5
2022-03-16T22:00+01:00,-7077.665,28740.81482,31497.35356,59989.445,76.5
2022-03-16T23:00+01:00,-7626,27727.92427,31490.13719,56401.0675,76.5
2022-03-17T00:00+01:00,-7844.8025,25721.95088,32699.01295,53319.8425,76.5
2022-03-17T01:00+01:00,-8433.6275,25179.93879,32309.49479,51754.92,76.5
2022-03-17T02:00+01:00,-8311.25,25204.25856,31759.527,50851.82,76.5
2022-03-17T03:00+01:00,-7717.39,25010.7217,31151.32389,51182.3025,76.5
2022-03-17T04:00+01:00,-8134.85,26462.27188,31224.11591,51955.695,76.5
2022-03-17T05:00+01:00,-7317.595,27860.90636,31113.66379,54727.0275,76.5
2022-03-17T06:00+01:00,-6284.5125,30100.95913,31995.15949,61653.1325,76.5
2022-03-17T07:00+01:00,-5524.915,31667.99203,32367.39233,66749.83,76.5
2022-03-17T08:00+01:00,-5155.435,31145.70353,32630.25634,69389.32,76.5
2022-03-17T09:00+01:00,-4778.955,31561.41768,32434.36817,70439.0875,76.5
2022-03-17T10:00+01:00,-4350.61,32295.35925,32990.367,70979.865,76.5
2022-03-17T11:00+01:00,-3952.575,32054.78377,33188.39432,71598.925,76.5
2022-03-17T12:00+01:00,-2581.44,32367.61481,33442.73784,71684.62,76.5
2022-03-17T13:00+01:00,-1764.0025,32178.27176,32644.76007,70599.9125,76.5
2022-03-17T14:00+01:00,-1134.2275,32208.45567,30174.5538,69146.2575,76.5
2022-03-17T15:00+01:00,-943.1675,33023.43791,26857.17407,68220.375,76.5
2022-03-17T16:00+01:00,43.21,33999.81474,23074.87695,67296.4675,76.5
2022-03-17T17:00+01:00,1855.765,34819.70445,19405.87799,67992.79,76.5
2022-03-17T18:00+01:00,2144.88,35158.93855,18010.81463,69324.48,76.5
2022-03-17T19:00+01:00,1155.3875,35612.81355,18140.10918,69325.56,76.5
2022-03-17T20:00+01:00,-1348.9675,35548.75663,18433.22557,65339.03,76.5
2022-03-17T21:00+01:00,-2039.5075,34791.87252,18420.34173,61741.7225,76.5
2022-03-17T22:00+01:00,-1853.8125,32612.79955,18541.12598,58489.65,76.5
2022-03-17T23:00+01:00,-3200.9925,30898.65877,17859.17882,54308.0425,76.5
2022-03-18T00:00+01:00,-4310.66,30252.86125,18445.13066,51303.685,76.5
2022-03-18T01:00+01:00,-4838.13,29662.59747,18443.67594,49777.965,76.5
2022-03-18T02:00+01:00,-4641.09,29760.85467,18485.15943,49243.795,76.5
2022-03-18T03:00+01:00,-3425.07,29897.14067,17882.51194,49845.45,76.5
2022-03-18T04:00+01:00,-2605.2875,30496.69269,16814.87172,50761.37,76.5
2022-03-18T05:00+01:00,-1354.4125,32511.11807,16191.93764,54042.465,76.5
2022-03-18T06:00+01:00,-115.7325,34866.98103,15847.9608,60283.4375,76.5
2022-03-18T07:00+01:00,348.96,35009.82501,17668.59842,65368.4725,76.5
2022-03-18T08:00+01:00,155.56,34321.17786,21883.98739,67758.0575,76.5
2022-03-18T09:00+01:00,-1924.4475,33157.66613,27427.82305,68050.415,76.5
2022-03-18T10:00+01:00,-2798.6175,30291.4264,32845.96501,68902.4975,76.5
2022-03-18T11:00+01:00,-4485.4675,28646.82961,36982.36707,69431.7825,78.5325
2022-03-18T12:00+01:00,-5546.5175,27365.05016,39110.65425,68328.4825,79.21
2022-03-18T13:00+01:00,-5766.03,26393.4088,39098.29056,66356.305,79.21
2022-03-18T14:00+01:00,-5857.3175,26326.76715,37098.00839,64373.3425,79.21
2022-03-18T15:00+01:00,-5934.56,27679.48588,33349.49885,63447.3825,79.21
2022-03-18T16:00+01:00,-2800.4275,29507.27202,27111.96652,62396.705,79.21
2022-03-18T17:00+01:00,236.5175,31651.80975,21382.11386,63595.3775,79.21
2022-03-18T18:00+01:00,1585.9525,31720.24066,20480.0053,65837.13,79.21
2022-03-18T19:00+01:00,-992.64,31886.32118,23255.78031,67220.9325,79.21
2022-03-18T20:00+01:00,-3230.2225,30830.35984,24555.47909,63500.445,79.21
2022-03-18T21:00+01:00,-4306.1075,29136.5677,25144.05684,59511.5825,79.21
2022-03-18T22:00+01:00,-5231.125,27673.97733,24915.68348,56796.85,79.21
2022-03-18T23:00+01:00,-4796.1875,25638.01665,24708.33872,53219.4475,79.21
2022-03-19T00:00+01:00,-7891.005,25049.69699,24949.8347,50727.3325,79.21
2022-03-19T01:00+01:00,-9330.2,24528.66741,25436.98444,48444.33,79.21
2022-03-19T02:00+01:00,-9841.77,23560.57878,25377.53711,47275.08,79.21
2022-03-19T03:00+01:00,-9070.0875,23207.09513,25561.03607,47591.755,79.21
2022-03-19T04:00+01:00,-8668.9,22950.78305,25501.88402,48200.4575,79.21
2022-03-19T05:00+01:00,-9326.8775,22939.10712,25757.40952,48813.9825,79.21
2022-03-19T06:00+01:00,-10287.195,23248.20205,26802.26228,49712.515,79.21
2022-03-19T07:00+01:00,-11436.3875,23108.41567,29746.41756,53013.28,79.21
2022-03-19T08:00+01:00,-13093.74,21880.04893,33973.28391,55081.2175,79.21
2022-03-19T09:00+01:00,-12051.4225,21265.94941,39497.18856,56143.255,79.21
2022-03-19T10:00+01:00,-12104.3525,18443.46124,46366.37227,57455.9775,79.21
2022-03-19T11:00+01:00,-12732.2325,15620.34845,52129.17888,58707.1,79.21
2022-03-19T12:00+01:00,-13370.455,15013.4258,54078.25845,58004.1,79.21
2022-03-19T13:00+01:00,-13918.7075,14883.33679,52037.40073,56497.235,79.21
2022-03-19T14:00+01:00,-14226.6475,14911.71946,50553.85372,55252.355,79.21
2022-03-19T15:00+01:00,-12425.9025,15201.04521,48706.46162,55337.4925,79.21
2022-03-19T16:00+01:00,-11869.3675,16315.34597,46608.7832,55401.9675,79.21
2022-03-19T17:00+01:00,-13774.1175,19055.08351,41409.99897,56937.2025,79.21
2022-03-19T18:00+01:00,-14060.455,21151.78979,38325.95844,59672.715,79.21
2022-03-19T19:00+01:00,-13758.105,21030.37462,38283.20563,60851.71,79.21
2022-03-19T20:00+01:00,-13961.43,19881.27713,38173.9278,57622.31,79.21
2022-03-19T21:00+01:00,-13650.27,19018.33539,38008.47965,54991.6575,79.21
2022-03-19T22:00+01:00,-13543.065,18794.58818,37177.99966,53587.4,79.21
2022-03-19T23:00+01:00,-13624.265,18220.76363,36349.44256,50214.32,79.21
2022-03-20T00:00+01:00,-13004.0975,16438.29662,36839.24113,47039.49,79.21
2022-03-20T01:00+01:00,-11662.2925,15081.91971,36195.94999,45010.1875,79.21
2022-03-20T02:00+01:00,-12180.9675,14969.12015,35945.72392,43973.9975,79.21
2022-03-20T03:00+01:00,-11017.47,14596.2685,35626.15814,43960.065,79.21
2022-03-20T04:00+01:00,-11307.495,14356.94076,36380.29411,44254.595,79.21
2022-03-20T05:00+01:00,-11910.71,14245.38546,37143.83924,44699.6775,79.21
2022-03-20T06:00+01:00,-12439.4525,14109.60727,38164.6297,44697.1225,79.21
2022-03-20T07:00+01:00,-13066.355,13913.17853,41100.46847,46703.875,79.21
2022-03-20T08:00+01:00,-15124.8175,13552.14675,47249.94259,50463.9625,79.21
2022-03-20T09:00+01:00,-15670.635,13154.94841,51507.82099,53791.91,79.21
2022-03-20T10:00+01:00,-15167.325,12837.38965,54601.12446,55538.5925,79.21
2022-03-20T11:00+01:00,-14785.825,12873.90709,55911.04823,56523.9625,79.21
2022-03-20T12:00+01:00,-14476.1625,13023.88624,54382.75065,55804.515,79.21
2022-03-20T13:00+01:00,-15003.185,13155.5493,52621.09824,53767.0275,79.21
2022-03-20T14:00+01:00,-14380.3375,13286.7576,50035.90079,51958.1925,79.21
2022-03-20T15:00+01:00,-13667.175,13865.4601,47778.28011,51602.72,79.21
2022-03-20T16:00+01:00,-11508.635,15250.06501,44350.29913,51464.8775,79.21
2022-03-20T17:00+01:00,-9382.7525,18906.35122,38217.36981,53150.8375,79.21
2022-03-20T18:00+01:00,-10136.0125,22547.74432,35999.18462,56983.3675,79.21
2022-03-20T19:00+01:00,-9046.3375,22990.66218,36369.17188,59028.885,79.21
2022-03-20T20:00+01:00,-8612.4175,23258.92832,35788.06697,56383.8925,79.21
2022-03-20T21:00+01:00,-8563.8125,22794.27565,34028.40662,54145.5075,79.21
2022-03-20T22:00+01:00,-8787.4175,23136.72367,31878.88209,52846.8375,79.21
2022-03-20T23:00+01:00,-8148.18,22645.63181,30194.08118,49772.09,79.21
2022-03-21T00:00+01:00,-6948,22730.02569,28873.12682,48421.13,79.21
2022-03-21T01:00+01:00,-6692.95,23266.29855,27674.35019,47382.34,79.21
2022-03-21T02:00+01:00,-6352.74,23838.53262,26836.53014,46932.075,79.21
2022-03-21T03:00+01:00,-5957.2975,24295.58948,26000.66003,47513.65,79.21
2022-03-21T04:00+01:00,-6232.225,26189.68519,24753.21734,49093.5775,79.21
2022-03-21T05:00+01:00,-5505.1825,28763.24925,23621.57842,52594.5125,79.21
2022-03-21T06:00+01:00,-3077.0425,31481.4756,23410.66415,60347.4375,79.21
2022-03-21T07:00+01:00,-4888.275,32122.69308,26000.18744,65541.955,79.21
2022-03-21T08:00+01:00,-7507.015,31393.52726,30229.04621,67415.59,79.21
2022-03-21T09:00+01:00,-7804.4725,29986.068,35492.3408,67360.965,79.21
2022-03-21T10:00+01:00,-8881.3,27902.72391,39434.82706,67175.4925,79.21
2022-03-21T11:00+01:00,-9136.6075,27277.47322,41152.81636,67281.4075,79.21
2022-03-21T12:00+01:00,-7674.8925,27038.3169,41850.81438,67002.5325,79.21
2022-03-21T13:00+01:00,-6189.28,26702.80249,40392.98209,66239.3125,79.21
2022-03-21T14:00+01:00,-6238.12,27606.80672,36260.15123,64375.015,79.21
2022-03-21T15:00+01:00,-2844.165,30027.62599,30555.63917,63874.7775,79.21
2022-03-21T16:00+01:00,-293.8575,32326.23681,22862.50609,62662.815,79.21
2022-03-21T17:00+01:00,3079.1475,35018.03577,15581.61005,63268.74,79.21
2022-03-21T18:00+01:00,4062.2825,35715.15811,14082.48744,65394.21,79.21
2022-03-21T19:00+01:00,1593.3175,36046.49851,16765.63173,67205.6525,79.21
2022-03-21T20:00+01:00,-2752.485,36089.53558,18408.2758,64180.0275,79.21
2022-03-21T21:00+01:00,-3936.875,35625.96813,19121.4993,60669.9375,79.21
2022-03-21T22:00+01:00,-5997.665,35562.52304,19071.18525,57230.64,79.21
2022-03-21T23:00+01:00,-5606.4775,33756.33562,18767.70279,53644.8925,79.21
2022-03-22T00:00+01:00,-5089.64,32825.12907,17617.53195,51606.1525,79.21
2022-03-22T01:00+01:00,-4963.9325,32679.96315,16369.50303,49834.9925,79.21
2022-03-22T02:00+01:00,-4114.8375,32622.3921,15043.08751,49219.6475,79.21
2022-03-22T03:00+01:00,-1761.7,32084.02979,13906.53369,49434.15,79.21
2022-03-22T04:00+01:00,-76.1475,32321.72135,13093.00782,51037.5925,79.21
2022-03-22T05:00+01:00,18.455,33940.13445,12486.73581,54101.12,79.21
2022-03-22T06:00+01:00,2182.0225,35492.50828,12967.62286,60345.35,79.21
2022-03-22T07:00+01:00,608.63,35601.66171,18220.88212,65193.645,79.21
2022-03-22T08:00+01:00,-3557.415,35749.16923,25295.10484,67845.775,79.21
2022-03-22T09:00+01:00,-7622.8775,33893.41485,30987.66394,67685.875,79.21
2022-03-22T10:00+01:00,-7072.46,31790.42538,36049.80826,67075.8575,79.21
2022-03-22T11:00+01:00,-6806.785,29944.46518,38735.373,66716.845,79.21
2022-03-22T12:00+01:00,-6179.9375,29282.43736,39299.68068,66126.7375,79.21
2022-03-22T13:00+01:00,-5833.1475,29296.95836,37689.3908,64673.3775,79.21
2022-03-22T14:00+01:00,-4534.37,29939.30407,34212.21297,63490.4525,79.21
2022-03-22T15:00+01:00,-1856.8975,30774.86667,28499.44226,62598.54,79.21
2022-03-22T16:00+01:00,1763.11,32668.03362,20407.54993,61297.8325,79.21
2022-03-22T17:00+01:00,6309.1925,34897.7048,12783.90607,62261.5425,79.21
2022-03-22T18:00+01:00,8094.0125,35769.96591,9869.008386,65017.8275,79.21
2022-03-22T19:00+01:00,6461.46,35936.74644,10795.66574,66863.645,79.21
2022-03-22T20:00+01:00,5112.7575,35828.8239,10891.18613,62993.91,79.21
2022-03-22T21:00+01:00,3975.7675,35806.82403,11104.72884,59404.54,79.21
2022-03-22T22:00+01:00,2107.8525,36021.59244,10901.52202,55923.19,79.21
2022-03-22T23:00+01:00,253.2625,34718.69569,10421.17693,51783.345,79.21
2022-03-23T00:00+01:00,-1161.785,34063.96058,9909.608645,49273.0175,79.21
2022-03-23T01:00+01:00,-1984.6275,34234.265,9424.301464,47761.8175,79.21
2022-03-23T02:00+01:00,-2068.7225,34514.75267,8936.046846,47222.01,79.21
2022-03-23T03:00+01:00,-1382.9,34707.22863,8788.435391,47798.0925,79.21
2022-03-23T04:00+01:00,-482.3025,35125.92135,8911.286669,49651.3525,79.21
2022-03-23T05:00+01:00,1253.3225,36139.71683,8883.174693,53275.315,79.21
2022-03-23T06:00+01:00,4460.735,36908.66833,9844.122625,59686.1825,79.21
2022-03-23T07:00+01:00,1736,36932.19903,15353.81016,64199.94,79.21
2022-03-23T08:00+01:00,-2320.075,36083.26389,23506.59993,66864.28,79.21
2022-03-23T09:00+01:00,-6587.88,34225.94669,30509.42492,66923.395,79.21
2022-03-23T10:00+01:00,-6290.8425,31602.9896,35010.68269,67000.375,79.21
2022-03-23T11:00+01:00,-8036.1025,31138.59406,38070.95227,66874.4625,79.21
2022-03-23T12:00+01:00,-7030.8425,30091.91494,38812.47021,66332.5675,79.21
2022-03-23T13:00+01:00,-6558.4575,29921.40198,37210.46065,64849.475,79.21
2022-03-23T14:00+01:00,-5323.72,30371.6442,33701.37799,63983.85,79.21
2022-03-23T15:00+01:00,-3938.06,32011.63468,27912.44864,62549.1625,79.21
2022-03-23T16:00+01:00,-414.455,35384.18214,20346.1517,61687.39,79.21
2022-03-23T17:00+01:00,3494.2075,37096.1183,13191.12418,62531.575,79.21
2022-03-23T18:00+01:00,5648.175,37518.75149,10561.54236,65165.0325,79.21
2022-03-23T19:00+01:00,4657.1575,37708.49333,11755.50461,67005.44,79.21
2022-03-23T20:00+01:00,2618.8975,37308.0797,12601.75393,63678.51,79.21
2022-03-23T21:00+01:00,1365.9775,36801.25774,12826.05096,59746.015,79.21
2022-03-23T22:00+01:00,464.0425,36409.8505,12474.98804,56334.8,79.21
2022-03-23T23:00+01:00,-1457.4875,35605.45133,11853.73292,52255.75,79.21
2022-03-24T00:00+01:00,-3707.435,35718.17821,10889.95788,49427.49,79.21
2022-03-24T01:00+01:00,-3468.0675,34638.47395,10034.48691,47910.915,79.21
2022-03-24T02:00+01:00,-3414.23,34504.10404,9334.113298,47245.6925,79.21
2022-03-24T03:00+01:00,-2247.5725,34819.67403,8722.324585,47809.54,79.21
2022-03-24T04:00+01:00,-171.37,35146.03246,8284.092641,49395.345,79.21
2022-03-24T05:00+01:00,2320.39,35517.49642,8027.349053,53036.94,79.21
2022-03-24T06:00+01:00,3296.925,36720.43717,9006.484479,59252.8175,79.21
2022-03-24T07:00+01:00,1275.165,36973.79027,14422.89757,63887.705,79.21
2022-03-24T08:00+01:00,-2292.1175,36776.22574,22413.07521,66454.125,79.21
2022-03-24T09:00+01:00,-6467.24,35221.14124,29566.79812,66400.0025,79.21
2022-03-24T10:00+01:00,-6898.8775,32258.80089,34674.08615,66383.4475,79.21
2022-03-24T11:00+01:00,-7686.975,30537.70386,37623.88155,66807.0425,79.21
2022-03-24T12:00+01:00,-7012.665,29609.12853,38240.97665,66048.575,79.21
2022-03-24T13:00+01:00,-6554.4725,29271.8845,36615.23946,64586.41,79.21
2022-03-24T14:00+01:00,-5525.815,30311.81517,32998.16191,63501.37,79.21
2022-03-24T15:00+01:00,-4582.8125,31648.88403,27084.37946,61968.16,79.21
2022-03-24T16:00+01:00,-594.26,34229.26236,19348.72045,61027.18,79.21
2022-03-24T17:00+01:00,4837.375,36319.18912,12188.26161,62269.1775,79.21
2022-03-24T18:00+01:00,5988.28,37161.81177,9690.754878,64577.2275,79.21
2022-03-24T19:00+01:00,6102.2725,37183.94352,10777.56699,66802.0825,79.21
2022-03-24T20:00+01:00,3012.9925,36918.11786,11607.91461,63190.8325,79.21
2022-03-24T21:00+01:00,3155.6475,36045.71384,11834.97806,59492.5375,79.21
2022-03-24T22:00+01:00,1403.0675,35553.87662,11470.55765,55827.685,79.21
2022-03-24T23:00+01:00,-953.225,34307.97845,10887.65506,51792.6525,79.21
2022-03-25T00:00+01:00,-915.935,33200.97078,10135.08818,48821.01,79.21
2022-03-25T01:00+01:00,-1242.895,32654.09104,9725.034728,47207.6575,79.21
2022-03-25T02:00+01:00,-517.575,32181.28087,9234.209144,46807.775,79.21
2022-03-25T03:00+01:00,196.6775,32180.34109,9017.462851,47347.9675,79.21
2022-03-25T04:00+01:00,469.8525,32802.27052,8954.87701,48840.195,79.21
2022-03-25T05:00+01:00,2633,33376.21997,9193.625989,52553.1075,79.21
2022-03-25T06:00+01:00,3903.8025,35132.83638,10714.55882,58807.435,79.21
2022-03-25T07:00+01:00,-560.65,35522.2343,16415.96755,63541.4075,79.21
2022-03-25T08:00+01:00,-2766.055,34670.55327,24080.96532,65843.4075,79.21
2022-03-25T09:00+01:00,-4833.375,31538.67762,30581.21549,65842.1425,79.21
2022-03-25T10:00+01:00,-4933.5125,28522.97094,36061.00213,65992.6625,79.21
2022-03-25T11:00+01:00,-6029.45,27375.88198,39790.79886,66524.6,78.6775
2022-03-25T12:00+01:00,-5261.555,25908.83175,41184.73271,65684.64,78.5
2022-03-25T13:00+01:00,-5591.8175,25181.71537,39938.44803,64354.6825,78.5
2022-03-25T14:00+01:00,-4975.7,25622.50225,36136.08326,62406.8425,78.5
2022-03-25T15:00+01:00,-4472.6325,28044.08008,30375.23902,60890.8825,78.5
2022-03-25T16:00+01:00,-1164.53,30409.38999,22869.4636,60344.9325,78.5
2022-03-25T17:00+01:00,3086.09,33538.16138,15804.2572,61285.2175,78.5
2022-03-25T18:00+01:00,1988.1375,35010.74053,13727.12168,63221.175,78.5
2022-03-25T19:00+01:00,400.7725,35673.97648,15916.26647,64989.9075,78.5
2022-03-25T20:00+01:00,-1492.3675,34852.93364,17384.96481,61513.805,78.5
2022-03-25T21:00+01:00,-2590.525,33022.69295,18609.79229,57751.6375,78.5
2022-03-25T22:00+01:00,-4461.4825,31807.12539,18839.96812,55001.66,78.5
2022-03-25T23:00+01:00,-4590.6175,29846.36136,18518.2675,51640.15,78.5
2022-03-26T00:00+01:00,-6509.16,28342.20596,17730.95495,48306.96,78.5
2022-03-26T01:00+01:00,-7005.6125,27934.72406,17559.66952,46569.6775,78.5
2022-03-26T02:00+01:00,-6008.03,27279.74075,17878.83503,45741.56,78.5
2022-03-26T03:00+01:00,-6461.7325,26755.55175,18539.92418,45750.6825,78.5
2022-03-26T04:00+01:00,-6807.5125,26827.76978,19720.02739,46504.64,78.5
2022-03-26T05:00+01:00,-7618.16,27025.31863,21173.2756,47228.2875,78.5
2022-03-26T06:00+01:00,-7951.595,26461.66882,23669.9492,48101.6,78.5
2022-03-26T07:00+01:00,-10065.8575,25906.49575,27940.08042,50968.145,78.5
2022-03-26T08:00+01:00,-10430.7875,23910.64421,33367.86422,53940.675,78.5
2022-03-26T09:00+01:00,-11505.805,22997.96995,38910.79333,55627.6,78.5
2022-03-26T10:00+01:00,-11746.7375,21466.27734,44123.55417,57146.2025,78.5
2022-03-26T11:00+01:00,-12903.3175,20324.58353,46682.29473,57118.7175,78.5
2022-03-26T12:00+01:00,-13265.4,19802.92538,47040.20537,55770.77,78.5
2022-03-26T13:00+01:00,-12078.7325,19112.59735,45095.11966,53843.1925,78.5
2022-03-26T14:00+01:00,-10919.9175,19742.50791,41136.70774,52295.5625,78.5
2022-03-26T15:00+01:00,-10473.3075,22463.08274,35708.8602,51422.9825,78.5
2022-03-26T16:00+01:00,-9216.0675,26164.7065,28032.66746,51569.5975,78.5
2022-03-26T17:00+01:00,-4627.36,28832.31507,20009.28915,53083.165,78.5
2022-03-26T18:00+01:00,-3760.7875,30655.78877,15755.40449,55077.195,78.5
2022-03-26T19:00+01:00,-3527.795,31171.6476,15598.42281,56409.115,78.5
2022-03-26T20:00+01:00,-4382.8475,30888.31053,15639.23333,53579.8675,78.5
2022-03-26T21:00+01:00,-4508.495,30712.52084,15233.37658,50809.5725,78.5
2022-03-26T22:00+01:00,-3704.6475,30377.04647,14412.92206,48553.9875,78.5
2022-03-26T23:00+01:00,-3981.5775,29098.78516,13470.28163,45659.2275,78.5
2022-03-27T00:00+01:00,-4447.865,27665.01442,12391.35805,42738.845,78.5
2022-03-27T01:00+01:00,-5121.2425,27668.45029,11559.91555,41475.12,78.5
2022-03-27T03:00+02:00,-5157.4075,27991.14624,10408.51211,40328.01,78.5
2022-03-27T04:00+02:00,-4389.2675,28426.58242,10208.25212,40368.6875,78.5
2022-03-27T05:00+02:00,-3584.8625,28612.66696,9866.069469,40928.5275,78.5
2022-03-27T06:00+02:00,-3651.5125,28415.74568,10118.34548,41466.885,78.5
2022-03-27T07:00+02:00,-3303.3425,28255.1064,11163.88068,42196.375,78.5
2022-03-27T08:00+02:00,-4172.9,27662.19458,15504.75963,44918.6325,78.5
2022-03-27T09:00+02:00,-5542.74,26185.37279,21764.94825,48276.04,78.5
2022-03-27T10:00+02:00,-9018.64,24906.49455,28261.96998,50021.41,78.5
2022-03-27T11:00+02:00,-10017.275,23636.36617,33882.01361,52290.8875,78.5
2022-03-27T12:00+02:00,-10506.84,21633.68583,37348.15089,52324.49,78.5
2022-03-27T13:00+02:00,-10014.7275,19669.30095,38624.28665,50280.875,78.5
2022-03-27T14:00+02:00,-9839.73,19285.55458,37942.64314,48638.085,78.5
2022-03-27T15:00+02:00,-8358.4675,19767.76489,35372.1465,47816.6625,78.5
2022-03-27T16:00+02:00,-8542.6825,22019.79204,30472.80732,47405.76,78.5
2022-03-27T17:00+02:00,-6419.55,26030.14637,23427.89725,48113.71,78.5
2022-03-27T18:00+02:00,-2793.9525,29840.04024,15743.55677,50563.57,78.5
2022-03-27T19:00+02:00,-55.455,31168.89107,12389.15378,52701.695,78.5
2022-03-27T20:00+02:00,-2040.085,31675.76087,13273.40482,53837.095,78.5
2022-03-27T21:00+02:00,-2860.4975,32128.83299,13658.83835,52004.6775,78.5
2022-03-27T22:00+02:00,-2439.4525,32090.64666,13241.39874,50628.005,78.5
2022-03-27T23:00+02:00,-2910.9225,30887.47974,13140.87317,48018.93,78.5
2022-03-28T00:00+02:00,-3166.815,30178.44016,12417.04721,45708.8375,78.5
2022-03-28T01:00+02:00,-4336.5075,30495.34606,11899.61891,44270.965,78.5
2022-03-28T02:00+02:00,-3984.955,30587.28239,11506.20101,43668.5225,78.5
2022-03-28T03:00+02:00,-3629.745,30912.49879,11482.45355,44647.325,78.5
2022-03-28T04:00+02:00,-2554.7875,30992.62672,11840.39223,46212.4375,78.5
2022-03-28T05:00+02:00,-457.73,32195.56814,11803.06445,50356.6725,78.5
2022-03-28T06:00+02:00,2489.905,33899.43102,11714.78411,58066.855,78.5
2022-03-28T07:00+02:00,3176.4525,34870.02101,12799.25594,63313.6275,78.5
2022-03-28T08:00+02:00,1816.7975,34594.30339,17528.30844,65807.0275,78.5
2022-03-28T09:00+02:00,-1875.81,34041.01916,24221.5893,66587.16,78.5
2022-03-28T10:00+02:00,-4155.95,32359.48638,30734.21608,67023.1075,78.5
2022-03-28T11:00+02:00,-5250.3475,30300.91159,36183.84695,67478.3075,78.5
2022-03-28T12:00+02:00,-5947.075,28943.93197,39975.70131,67109.135,78.5
2022-03-28T13:00+02:00,-7269.4725,27956.60047,42089.50786,66001.51,78.5
2022-03-28T14:00+02:00,-7386.56,26986.0942,42149.94413,65021.845,78.5
2022-03-28T15:00+02:00,-7737.1675,27352.14928,40088.91149,63794.7375,78.5
2022-03-28T16:00+02:00,-7218.3625,29111.56028,35798.41351,62307.6,78.5
2022-03-28T17:00+02:00,-5447.06,31937.02324,29582.03343,62571.905,78.5
2022-03-28T18:00+02:00,-1970.285,34703.13893,22218.46031,63696.0325,78.5
2022-03-28T19:00+02:00,-559.465,35406.79384,18787.80424,64816.47,78.5
2022-03-28T20:00+02:00,-1028.0375,35215.66329,18701.55739,64383.9575,78.5
2022-03-28T21:00+02:00,-1128.0925,34750.20797,18054.00544,60792.0525,78.5
2022-03-28T22:00+02:00,-2325.3725,34005.00835,17182.42099,57225.8975,78.5
2022-03-28T23:00+02:00,-4118.1725,33508.45851,16357.75548,53310.225,78.5
2022-03-29T00:00+02:00,-4819.7725,32225.83964,15447.19399,49827.0025,78.5
2022-03-29T01:00+02:00,-4433.9275,31866.36656,14485.81592,47795.105,78.5
2022-03-29T02:00+02:00,-3961.0825,31898.55564,14141.68829,47026.6325,78.5
2022-03-29T03:00+02:00,-3482.0175,32063.19217,14107.44914,47213.9075,78.5
2022-03-29T04:00+02:00,-2086.4925,32264.94673,13830.63173,48769.4125,78.5
2022-03-29T05:00+02:00,-1396.535,33323.09063,13783.56547,51836.15,78.5
2022-03-29T06:00+02:00,1347.635,35212.53767,13758.4958,59286.1375,78.5
2022-03-29T07:00+02:00,1086.3675,36404.92251,14167.30466,63825.77,78.5
2022-03-29T08:00+02:00,656.5775,36432.6898,16608.85939,66076.25,78.5
2022-03-29T09:00+02:00,-538.0425,36154.97858,21375.77436,66992.265,78.5
2022-03-29T10:00+02:00,-1015.105,35425.54239,26430.34332,68354.3775,78.5
2022-03-29T11:00+02:00,-3621.345,34749.4916,30537.00207,69175.9925,78.5
2022-03-29T12:00+02:00,-4567.175,33375.74498,34002.0187,68480.48,78.5
2022-03-29T13:00+02:00,-6255.1725,32560.66639,35378.89278,67972.105,78.5
2022-03-29T14:00+02:00,-6752.675,31870.37829,34797.75613,66632.9,78.5
2022-03-29T15:00+02:00,-5681.145,31373.13751,32318.61487,65866.015,78.5
2022-03-29T16:00+02:00,-4127.1025,32023.42245,28071.6412,63785.33,78.5
2022-03-29T17:00+02:00,-1942.335,34228.08297,22774.80825,63891.9575,78.5
2022-03-29T18:00+02:00,444.23,35640.43231,17276.2828,63938.395,78.5
2022-03-29T19:00+02:00,1425.8675,36123.26053,13796.91722,64032.435,78.5
2022-03-29T20:00+02:00,1678.0175,36443.79251,13182.65859,63613.23,78.5
2022-03-29T21:00+02:00,748.1175,36478.2148,13294.78082,60246.78,78.5
2022-03-29T22:00+02:00,-526.6675,35940.23505,13119.65869,56826.8775,78.5
2022-03-29T23:00+02:00,-2926.1575,35359.55811,12259.99393,52538.455,78.5
2022-03-30T00:00+02:00,-3238.7125,34986.61323,11419.69074,49050.0225,78.5
2022-03-30T01:00+02:00,-4016.315,34586.4568,10907.98636,47221.13,78.5
2022-03-30T02:00+02:00,-3505.5825,34536.65142,10040.36951,46005.8675,78.5
2022-03-30T03:00+02:00,-2418.515,34758.85684,9620.496999,46324.615,78.5
2022-03-30T04:00+02:00,-611.405,35010.13223,9699.618896,48101.585,78.5
2022-03-30T05:00+02:00,690.375,35666.60008,9458.99697,51683.62,78.5
2022-03-30T06:00+02:00,4110.855,36792.47713,9910.724951,58689.7875,78.5
2022-03-30T07:00+02:00,4708.77,37365.11316,10650.19077,63623.7625,78.5
2022-03-30T08:00+02:00,4493.3175,37597.47992,13027.56951,66608.1575,78.5
2022-03-30T09:00+02:00,2372.9125,37789.12345,15867.70789,67596.3375,78.5
2022-03-30T10:00+02:00,2214.465,37610.76693,18635.62635,68524.7175,78.5
2022-03-30T11:00+02:00,1923.525,37575.53259,20979.2862,69097.5875,78.5
2022-03-30T12:00+02:00,2165.3875,37465.70963,21289.28838,68573.7825,78.5
2022-03-30T13:00+02:00,1316.1875,37491.32519,21265.92262,67548.87,78.5
2022-03-30T14:00+02:00,330.1425,37344.39332,21146.81132,66019.815,78.5
2022-03-30T15:00+02:00,384.1175,37300.63752,19828.62377,65197.99,78.5
2022-03-30T16:00+02:00,453.5,37509.94959,18819.36668,64443.3875,78.5
2022-03-30T17:00+02:00,1621.9425,37500.72969,16894.37611,64833.1825,78.5
2022-03-30T18:00+02:00,1538.1375,37957.58858,15393.00874,65335.675,78.5
2022-03-30T19:00+02:00,1131.5525,38131.07797,14716.27059,66034.49,78.5
2022-03-30T20:00+02:00,1030.915,37961.57623,15311.45874,65138.5975,78.5
2022-03-30T21:00+02:00,-262.0575,36757.14271,16576.88563,61887.735,78.5
2022-03-30T22:00+02:00,-1911.3025,35386.87963,16622.04265,58568.035,78.5
2022-03-30T23:00+02:00,-2684.6375,33039.0286,16389.66101,54128.475,78.5
2022-03-31T00:00+02:00,-2634.37,30448.76076,17491.98688,50830.205,78.5
2022-03-31T01:00+02:00,-4453.6775,30573.63234,17972.77696,49253.8975,78.5
2022-03-31T02:00+02:00,-5048.215,30315.59892,18320.47563,48604.39,78.5
2022-03-31T03:00+02:00,-4196.6225,29796.95878,19657.81408,49128.2625,78.5
2022-03-31T04:00+02:00,-4143.45,29861.68916,20684.39462,50669.955,78.5
2022-03-31T05:00+02:00,-5068.6925,30255.91425,22375.54777,54056.765,78.5
2022-03-31T06:00+02:00,-3123.3175,31343.31521,24225.8663,60895.065,78.5
2022-03-31T07:00+02:00,-3935.11,32484.67684,24968.79391,65436.645,78.5
2022-03-31T08:00+02:00,-4934.3475,33522.02077,26978.77951,68471.7725,78.5
2022-03-31T09:00+02:00,-5139.7625,33318.93987,29664.20953,69494.935,78.5
2022-03-31T10:00+02:00,-5253.48,33564.2058,32759.08743,70756.105,78.5
2022-03-31T11:00+02:00,-5475.2375,33059.57522,35099.59125,71143.935,78.5
2022-03-31T12:00+02:00,-6399.9925,32479.82049,36884.89103,71280.2125,78.5
2022-03-31T13:00+02:00,-7437.1175,32336.1326,38292.70157,70309.41,78.5
2022-03-31T14:00+02:00,-8255.47,31772.76702,39602.97653,69241.8775,78.5
2022-03-31T15:00+02:00,-9157.76,31346.73612,38809.86433,68580.665,78.5
2022-03-31T16:00+02:00,-8864.1025,31432.17884,37714.79065,67759.0475,78.5
2022-03-31T17:00+02:00,-7749.5275,31291.4249,36225.06692,67888.67,78.5
2022-03-31T18:00+02:00,-5769.0975,31221.71494,35237.57097,68369.0375,78.5
2022-03-31T19:00+02:00,-6834.145,31472.72239,34975.63562,68455.5475,78.5
2022-03-31T20:00+02:00,-7931.685,30498.7278,35284.80819,67073.9275,78.5
2022-03-31T21:00+02:00,-9207.35,29154.97262,35450.0608,63963.8875,78.5
2022-03-31T22:00+02:00,-9380.9025,28114.15128,34569.45931,60983.475,78.5
2022-03-31T23:00+02:00,-10016.165,27026.83352,33466.1831,57827.5725,78.5
2022-04-01T00:00+02:00,-8707.1225,23892.59402,32900.25784,55158.7825,78.5
2022-04-01T01:00+02:00,-8562.685,23748.19025,32703.24427,53881.8225,78.5
2022-04-01T02:00+02:00,-7814.91,22168.71284,32358.63523,52920.625,78.5
2022-04-01T03:00+02:00,-7994.3925,22237.48899,31817.00909,52810.9925,78.5
2022-04-01T04:00+02:00,-7472.535,22812.60997,31875.18834,53858.63,78.5
2022-04-01T05:00+02:00,-7280.54,23830.07997,32530.41789,57287.1875,78.5
2022-04-01T06:00+02:00,-9240.5125,26168.8963,33803.67957,64275.325,78.5
2022-04-01T07:00+02:00,-8744.7175,27346.48421,34296.89999,69220.1275,78.5
2022-04-01T08:00+02:00,-7956.4125,27250.9947,35820.01513,72397.6125,78.5
2022-04-01T09:00+02:00,-8116.925,27234.19258,38447.97548,73431.3575,78.5
2022-04-01T10:00+02:00,-7513.68,27147.11318,41277.45486,75001.015,78.5
2022-04-01T11:00+02:00,-9085.9325,26950.205,43784.27657,75903.685,78.125
2022-04-01T12:00+02:00,-9275.4775,26751.73904,44771.50234,75643.0125,78
2022-04-01T13:00+02:00,-9555.655,25922.91228,44369.73458,73861.78,78
2022-04-01T14:00+02:00,-9396.835,25544.0555,44086.77301,71968.91,78
2022-04-01T15:00+02:00,-9246.7575,26378.81326,43679.86209,70407.4125,78
2022-04-01T16:00+02:00,-9377.5275,26375.44522,42175.54708,69001.885,78
2022-04-01T17:00+02:00,-8832.875,26744.28581,40500.66342,69596.66,78
2022-04-01T18:00+02:00,-7306.5025,27054.90812,38016.93735,69255.7675,78
2022-04-01T19:00+02:00,-6626.665,27233.61831,35805.48167,68696.3,78
2022-04-01T20:00+02:00,-6788.3875,27242.1465,35402.33463,66704.8675,78
2022-04-01T21:00+02:00,-8460.9675,26489.54404,35504.43778,63354.9075,78
2022-04-01T22:00+02:00,-7951.05,24939.93353,34379.3197,60708.435,78
2022-04-01T23:00+02:00,-8425.745,24035.71916,32770.07589,57481.58,78
2022-04-02T00:00+02:00,-6801.8,23297.30551,30855.98676,54442.415,78
2022-04-02T01:00+02:00,-7388.9975,23504.05557,29206.23894,52531.8375,78
2022-04-02T02:00+02:00,-7239.3075,23835.43371,27626.32836,51082.5725,78
2022-04-02T03:00+02:00,-7994.58,23953.80403,27146.32791,50162.4975,78
2022-04-02T04:00+02:00,-8001.3675,24041.78384,26999.55195,49549.2375,78
2022-04-02T05:00+02:00,-8780.3625,24073.91805,26900.70027,49502.7625,78
2022-04-02T06:00+02:00,-8860.78,24387.12951,27248.04385,49949.1975,78
2022-04-02T07:00+02:00,-8788.0925,25135.52807,27414.41499,52776.355,78
2022-04-02T08:00+02:00,-8575.8425,25832.84417,29060.18325,57380.075,78
2022-04-02T09:00+02:00,-9160.965,26616.59474,32820.55158,60233.2375,78
2022-04-02T10:00+02:00,-8665.61,24999.25661,36649.83751,62907.0475,78
2022-04-02T11:00+02:00,-7719.6375,24097.95872,38631.06259,63619.755,78
2022-04-02T12:00+02:00,-7326.475,24040.70085,38800.9312,62623.5025,78
2022-04-02T13:00+02:00,-6819.19,23788.30688,38781.53712,61212.08,78
2022-04-02T14:00+02:00,-5022.985,23075.42495,37411.98689,59079.625,78
2022-04-02T15:00+02:00,-5025.935,22914.30738,35434.19859,58200.8975,78
2022-04-02T16:00+02:00,-5832.7275,23300.84521,33034.89848,57155.945,78
2022-04-02T17:00+02:00,-6364.255,25363.45544,29783.01348,57681.4325,78
2022-04-02T18:00+02:00,-6696.4725,26467.16727,25301.45971,58654.5025,78
2022-04-02T19:00+02:00,-4534.0025,27300.2263,20938.66209,58499.215,78
2022-04-02T20:00+02:00,-3680.32,27380.13712,18704.94628,56782.755,78
2022-04-02T21:00+02:00,-3718.8775,27209.97158,17625.58574,54656.85,78
2022-04-02T22:00+02:00,-2642.9375,28021.28736,17298.63549,52773.4875,78
2022-04-02T23:00+02:00,-2049.17,27048.72947,16308.97846,49902.965,78
2022-04-03T00:00+02:00,-2041.2275,25173.13802,14683.61804,47382.2275,78
2022-04-03T01:00+02:00,-2576.4575,24821.90708,13749.45507,45320.8725,78
2022-04-03T02:00+02:00,-2314.4925,24546.61936,13540.48129,44312.6375,78
2022-04-03T03:00+02:00,-2523.815,24269.58912,13368.3869,44060.73,78
2022-04-03T04:00+02:00,-2788.86,24393.1128,13759.44777,44494.3125,78
2022-04-03T05:00+02:00,-3839.5475,24875.83412,14081.43969,44061.2375,78
2022-04-03T06:00+02:00,-3758.285,24728.46113,14294.13272,43841.8025,78
2022-04-03T07:00+02:00,-4589.3075,24898.40593,16035.95257,44984.6825,78
2022-04-03T08:00+02:00,-4955.17,25477.82021,18774.31034,48298.865,78
2022-04-03T09:00+02:00,-5094.8475,25085.97578,22276.07796,51148.425,78
2022-04-03T10:00+02:00,-5089.05,24875.38348,28192.42994,53509.345,78
2022-04-03T11:00+02:00,-4328.5775,23309.71471,32621.37233,56007.2875,78
2022-04-03T12:00+02:00,-5159.185,22068.23345,35096.70882,55559.375,78
2022-04-03T13:00+02:00,-5490,21174.21451,37007.17339,54166.415,78
2022-04-03T14:00+02:00,-7213.6975,20963.42133,37641.78678,53147.8025,78
2022-04-03T15:00+02:00,-8182.265,21685.94714,37442.22931,52323.745,78
2022-04-03T16:00+02:00,-7309.8175,22138.596,35779.18924,51932.23,78
2022-04-03T17:00+02:00,-6270.565,22821.93371,31667.92785,53696.305,78
2022-04-03T18:00+02:00,-4651.6375,24130.02529,26426.70121,54970.06,78
2022-04-03T19:00+02:00,-4022.6425,25756.31901,23394.4855,55640.6075,78
2022-04-03T20:00+02:00,-3739.07,25711.48559,23652.94662,55771.1375,78
2022-04-03T21:00+02:00,-3872.14,25174.21579,24833.81129,54948.1825,78
2022-04-03T22:00+02:00,-4587.855,24677.01032,26791.17349,54524.43,78
2022-04-03T23:00+02:00,-6253.7075,23630.73525,28872.83023,51481.11,78
2022-04-04T00:00+02:00,-7001.055,22419.17133,29347.33181,49104.2125,78
2022-04-04T01:00+02:00,-8099.695,21582.61068,30912.38853,47966.1775,78
2022-04-04T02:00+02:00,-8224.2,20699.59912,32105.50472,47868.5825,78
2022-04-04T03:00+02:00,-8403.9425,20090.82152,33511.40812,48705.6225,78
2022-04-04T04:00+02:00,-8637.09,20077.29552,34957.11735,50240.47,78
2022-04-04T05:00+02:00,-9678.835,21436.10234,36763.59724,54123.2925,78
2022-04-04T06:00+02:00,-9568.63,23012.08792,40695.51586,61799.6975,78
2022-04-04T07:00+02:00,-8848.9175,22440.57983,44323.20002,67128.7975,78
2022-04-04T08:00+02:00,-10046.9425,21651.1909,49917.50324,70025.9175,78
2022-04-04T09:00+02:00,-12915.41,20080.87005,56545.76193,70807.245,78
2022-04-04T10:00+02:00,-12334.585,18618.94501,60921.56327,71843.9375,78
2022-04-04T11:00+02:00,-12270.0875,16821.49568,64015.29156,73145.0625,78
2022-04-04T12:00+02:00,-12087.26,16671.65743,64369.90529,73285.735,78
2022-04-04T13:00+02:00,-12055.855,16512.18407,64309.47875,73153.1725,78
2022-04-04T14:00+02:00,-11690.39,16572.38969,62415.87421,71979.2625,78
2022-04-04T15:00+02:00,-12593.75,16717.41484,62174.17783,70860.1125,78
2022-04-04T16:00+02:00,-12472.53,16797.71882,60590.66534,69730.64,78
2022-04-04T17:00+02:00,-12281.0025,17432.65381,57183.07888,69342.4025,78
2022-04-04T18:00+02:00,-9846.405,17765.35994,53853.17581,69713.825,78
2022-04-04T19:00+02:00,-8984.505,17869.4673,51833.42496,70257.21,78
2022-04-04T20:00+02:00,-9240.39,17253.79666,51323.47259,67836.2975,78
2022-04-04T21:00+02:00,-9597.6375,16752.79846,49246.38696,64652.215,78
2022-04-04T22:00+02:00,-8521.545,16696.229,46105.8418,61302.8775,78
2022-04-04T23:00+02:00,-8485.68,15906.93707,44775.7451,58179.9275,78
2022-04-05T00:00+02:00,-9680.6275,15486.15905,44171.75828,55311.09,78
2022-04-05T01:00+02:00,-9797.34,14968.98787,43715.26815,53583.835,78
2022-04-05T02:00+02:00,-10008.5425,14707.60783,42837.04535,52234.8575,78
2022-04-05T03:00+02:00,-9543.285,14731.24237,41590.17078,52109.01,78
2022-04-05T04:00+02:00,-9659.645,16988.98129,39739.87567,53390.74,78
2022-04-05T05:00+02:00,-9799.77,20854.8449,37366.13729,56212.9325,78
2022-04-05T06:00+02:00,-8017.315,25101.8874,35807.08049,63023.645,78
2022-04-05T07:00+02:00,-5528.53,27817.08452,34101.28169,67813.7525,78
2022-04-05T08:00+02:00,-4454.1225,28559.39252,33131.34598,70335.885,78
2022-04-05T09:00+02:00,-4126.645,28748.98689,34081.62954,71549.1525,78
2022-04-05T10:00+02:00,-2695.025,29004.33468,34615.51082,72459.3125,78
2022-04-05T11:00+02:00,-2656.585,28792.86248,35433.34996,72734.25,78
2022-04-05T12:00+02:00,-1327.815,28556.81688,35811.68631,72139.7,78
2022-04-05T13:00+02:00,-1638.6825,28683.58583,36155.82885,71250.9125,78
2022-04-05T14:00+02:00,-2828.285,28711.04396,35856.47668,69438.7025,78
2022-04-05T15:00+02:00,-3493.535,29276.82273,33931.70973,68317.285,78
2022-04-05T16:00+02:00,-4382.4975,29938.09344,31244.12407,67203.895,78
2022-04-05T17:00+02:00,-3955.7575,30192.09602,28559.06315,66952.5325,78
2022-04-05T18:00+02:00,-3605.1325,30239.21515,26397.25551,67406.2825,78
2022-04-05T19:00+02:00,-3124.735,30076.72315,26049.11475,67791.995,78
2022-04-05T20:00+02:00,-3598.285,29645.95663,28222.67057,66073.095,78
2022-04-05T21:00+02:00,-5208.75,28559.19458,30169.04169,62926.66,78
2022-04-05T22:00+02:00,-7231.9225,27370.82664,30641.11914,59637.64,78
2022-04-05T23:00+02:00,-9542.9175,24842.29607,31402.04105,55888.2225,78
2022-04-06T00:00+02:00,-9970.145,22849.67216,31327.61322,51909.0225,78
2022-04-06T01:00+02:00,-11016.9525,22189.19089,31603.8401,49472.695,78
2022-04-06T02:00+02:00,-11599.5925,22076.41564,32602.18037,48731.96,78
2022-04-06T03:00+02:00,-12089.1575,22220.41563,33817.35424,48744.555,78
2022-04-06T04:00+02:00,-12101.035,22526.30247,35518.91977,50575.4125,78
2022-04-06T05:00+02:00,-11270.795,22661.72616,37284.31458,54120.3,78
2022-04-06T06:00+02:00,-12411.8925,23614.20546,39563.94612,60953.445,78
2022-04-06T07:00+02:00,-11623.585,24175.31006,41268.49945,65841.715,78
2022-04-06T08:00+02:00,-11366.735,24238.31833,44601.95159,69267.9675,78
2022-04-06T09:00+02:00,-12058.3475,23352.03017,49314.67855,70388.7625,78
2022-04-06T10:00+02:00,-12352.575,21738.75737,53532.72531,71959.575,78
2022-04-06T11:00+02:00,-12874.8925,21028.53748,57682.52871,72855.2225,78
2022-04-06T12:00+02:00,-12267.1875,19364.13163,60444.74959,73594.2575,78
2022-04-06T13:00+02:00,-12138.5675,17270.1685,61738.18008,72382.6875,78
2022-04-06T14:00+02:00,-11675.5725,15924.00771,61713.727,70822.9775,78
2022-04-06T15:00+02:00,-11823.6975,16017.72781,60697.57941,69456.88,78
2022-04-06T16:00+02:00,-11472.905,16747.56454,57051.76805,68074.9525,78
2022-04-06T17:00+02:00,-12114.995,19838.19296,51663.00206,67677.9325,78
2022-04-06T18:00+02:00,-10608.5975,21769.04566,45656.00621,67423.0025,78
2022-04-06T19:00+02:00,-8827.4625,21804.31062,41905.79191,68291.0825,78
2022-04-06T20:00+02:00,-9806.8025,21450.13421,41738.60643,66689.0925,78
2022-04-06T21:00+02:00,-10298.8675,20648.19609,43556.09005,64088.87,78
2022-04-06T22:00+02:00,-11670.59,19802.42932,44393.65401,60256.64,78
2022-04-06T23:00+02:00,-11146.86,15778.43318,45030.03402,56840.0925,78
2022-04-07T00:00+02:00,-11293.14,14209.19967,45192.28406,53531.7675,78
2022-04-07T01:00+02:00,-11558.8925,14402.95727,44459.3127,51489.6175,78
2022-04-07T02:00+02:00,-11915.6275,14574.10005,44003.01077,50725.195,78
2022-04-07T03:00+02:00,-11897.47,14854.46494,44192.56214,51507.225,78
2022-04-07T04:00+02:00,-13015.2,15323.96639,45091.23984,52903.33,78
2022-04-07T05:00+02:00,-14253.9575,16503.07546,46802.85328,55607.525,78
2022-04-07T06:00+02:00,-14165.715,18096.24719,49285.54878,62751.225,78
2022-04-07T07:00+02:00,-13863.725,18426.79565,51530.72789,67187.135,78
2022-04-07T08:00+02:00,-14246.9775,18567.09071,54825.96865,70520.99,78
2022-04-07T09:00+02:00,-14685.7025,17575.85964,58732.06249,71130.5875,78
2022-04-07T10:00+02:00,-14496.5475,17311.19645,60601.00937,72408.7875,78
2022-04-07T11:00+02:00,-14476.8225,17810.10228,61514.90685,73075.295,78
2022-04-07T12:00+02:00,-13025.6225,17622.76157,62036.22771,72840.4925,78
2022-04-07T13:00+02:00,-12422.7025,16526.13634,61585.74274,72013.57,78
2022-04-07T14:00+02:00,-12302.7675,15812.57228,60259.95561,71352.02,78
2022-04-07T15:00+02:00,-12416.1125,15831.06847,59710.71219,69935.0375,78
2022-04-07T16:00+02:00,-14264.7125,16480.01463,59494.05148,68419.81,78
2022-04-07T17:00+02:00,-14020.3675,16687.00219,57647.46138,68654.745,78
2022-04-07T18:00+02:00,-13985.07,17809.95217,54544.46751,68812.5925,78
2022-04-07T19:00+02:00,-13721.27,18234.04152,52081.95067,69157.3025,78
2022-04-07T20:00+02:00,-12471.375,17206.5558,51671.60837,67567.575,78
2022-04-07T21:00+02:00,-11832.1675,15913.17018,51099.54032,64066.555,78
2022-04-07T22:00+02:00,-11966.2475,15840.97688,49259.97563,60582.025,78
2022-04-07T23:00+02:00,-12368.2825,15789.42151,48702.41526,57646.6475,78
2022-04-08T00:00+02:00,-11367.6475,15735.47716,46727.78485,54785.2975,78
2022-04-08T01:00+02:00,-12574.1075,15093.96841,46926.55639,52888.2575,78
2022-04-08T02:00+02:00,-12828.63,15178.07041,46299.09529,51892.1525,78
2022-04-08T03:00+02:00,-12295.1375,15003.43476,46123.88759,52224.655,78
2022-04-08T04:00+02:00,-11456.9,14931.80599,45717.62658,53583.025,78
2022-04-08T05:00+02:00,-10768.87,16691.98563,44890.58766,56587.8475,78
2022-04-08T06:00+02:00,-9113.3675,20508.68613,45171.9582,62956.4225,78
2022-04-08T07:00+02:00,-7638.445,21454.18678,44036.6541,67266.225,78
2022-04-08T08:00+02:00,-7535.1425,22181.14444,45167.38262,69374.0625,78
2022-04-08T09:00+02:00,-7559.18,21596.56748,48122.0647,69956.5075,78
2022-04-08T10:00+02:00,-6787.1525,21847.63457,48792.52767,70754.355,78
2022-04-08T11:00+02:00,-6004.1725,22227.14252,47292.5255,69522.7375,79.6575
2022-04-08T12:00+02:00,-4381.865,22093.17757,44157.29891,69281.205,80.21
2022-04-08T13:00+02:00,-2653.1225,22765.74305,41586.33897,67889.925,80.21
2022-04-08T14:00+02:00,-1636.2975,23869.75288,38380.62913,66768.545,80.21
2022-04-08T15:00+02:00,-2508.545,25067.72985,34625.73811,64749.31,80.21
2022-04-08T16:00+02:00,-556.3,25790.16254,32016.27669,64580.7975,80.21
2022-04-08T17:00+02:00,1592.36,26384.95919,29813.35513,65193.035,80.21
2022-04-08T18:00+02:00,1064.795,27104.33941,26754.71164,64703.635,80.21
2022-04-08T19:00+02:00,2487.9725,27525.09907,24334.0812,64475.92,80.21
2022-04-08T20:00+02:00,1552.2525,27267.69769,24818.01451,62830.9225,80.21
2022-04-08T21:00+02:00,-1359.175,26993.26832,25154.68815,59604.19,80.21
2022-04-08T22:00+02:00,-2580.2475,25789.84102,25030.97659,57014.3125,80.21
2022-04-08T23:00+02:00,-3746.3875,23647.08329,25476.30497,53377.935,80.21
2022-04-09T00:00+02:00,-4751.61,22186.04019,26456.70728,50539.875,80.21
2022-04-09T01:00+02:00,-6763.05,21597.61449,28247.95939,48991.255,80.21
2022-04-09T02:00+02:00,-8076.49,20300.93846,30796.05502,48185.0075,80.21
2022-04-09T03:00+02:00,-9414.6875,18758.84683,32685.20463,48418.22,80.21
2022-04-09T04:00+02:00,-9048.3025,18201.39322,34261.33738,49270.5225,80.21
2022-04-09T05:00+02:00,-8865.98,18023.94731,35466.64252,49885.86,80.21
2022-04-09T06:00+02:00,-10124.05,18280.43674,36562.9168,50470.5925,80.21
2022-04-09T07:00+02:00,-10404.35,18103.19487,37374.38812,52859.9425,80.21
2022-04-09T08:00+02:00,-10028.5425,17764.43661,41978.91307,56473.3725,80.21
2022-04-09T09:00+02:00,-8425.7575,15472.55822,48145.55865,59762.7725,80.21
2022-04-09T10:00+02:00,-10486.0825,13280.79642,53567.27474,61649.93,80.21
2022-04-09T11:00+02:00,-12269.04,12893.3307,56722.70669,62137.6225,80.21
2022-04-09T12:00+02:00,-13197.1975,12818.49589,58402.01149,61259.51,80.21
2022-04-09T13:00+02:00,-12420.3025,12766.02268,56364.80665,59536.4425,80.21
2022-04-09T14:00+02:00,-12261.765,12759.71149,53786.86033,56978.9325,80.21
2022-04-09T15:00+02:00,-13076.125,13137.57476,53555.28536,56018.4525,80.21
2022-04-09T16:00+02:00,-12870.035,13486.90559,52607.39898,56090.885,80.21
2022-04-09T17:00+02:00,-11406.2125,14449.63672,49164.23644,56733.4875,80.21
2022-04-09T18:00+02:00,-8975.1025,17088.64931,43568.81177,57316.0425,80.21
2022-04-09T19:00+02:00,-6672.9325,18917.10782,35912.49136,56966.135,80.21
2022-04-09T20:00+02:00,-6936.4125,18745.9694,34471.27823,55586.24,80.21
2022-04-09T21:00+02:00,-6122.815,18226.01357,34013.74788,53805.2275,80.21
2022-04-09T22:00+02:00,-7125.39,18026.7685,33620.34113,52311.0325,80.21
2022-04-09T23:00+02:00,-6926.1775,16330.0222,33328.56914,49745.715,80.21
2022-04-10T00:00+02:00,-5130.1875,14885.26527,33604.66339,47473.9525,80.21
2022-04-10T01:00+02:00,-5891.5325,13890.07123,33633.11662,45384.0025,80.21
2022-04-10T02:00+02:00,-6279.855,13892.39942,33355.22127,44538.0975,80.21
2022-04-10T03:00+02:00,-6102.0075,13598.12116,33288.46611,44749.7875,80.21
2022-04-10T04:00+02:00,-5556.5475,13621.29067,32776.26364,45137.9875,80.21
2022-04-10T05:00+02:00,-5237.09,13576.03969,32111.64721,44832.1825,80.21
2022-04-10T06:00+02:00,-5018.41,13476.75523,32297.74145,44710.375,80.21
2022-04-10T07:00+02:00,-5472.835,13327.51157,32773.44145,46120.4725,80.21
2022-04-10T08:00+02:00,-5728.68,13121.04091,37224.71883,49609.3525,80.21
2022-04-10T09:00+02:00,-7693.2325,12875.21093,43842.33699,52657.7,80.21
2022-04-10T10:00+02:00,-9714.1025,12892.36875,48698.40673,54999.355,80.21
2022-04-10T11:00+02:00,-10229.595,13016.76448,51810.58721,56790.61,80.21
2022-04-10T12:00+02:00,-11203.19,12819.67532,52546.90774,56746.4725,80.21
2022-04-10T13:00+02:00,-10397.5575,13026.0384,50386.67963,54397.985,80.21
2022-04-10T14:00+02:00,-10357.585,13075.2186,48294.16567,52426.2775,80.21
2022-04-10T15:00+02:00,-8475.9575,13459.52204,45145.44388,51251.62,80.21
2022-04-10T16:00+02:00,-6697.27,13900.74856,42733.62224,51218.795,80.21
2022-04-10T17:00+02:00,-7252.5675,15641.60239,39209.71994,52449.555,80.21
2022-04-10T18:00+02:00,-4531.8675,20995.15093,31194.63283,53357.7825,80.21
2022-04-10T19:00+02:00,-1137.3425,24419.19782,23706.33088,54058.6725,80.21
2022-04-10T20:00+02:00,-416.195,25478.69163,21092.88455,54366.2575,80.21
2022-04-10T21:00+02:00,76.2675,25823.72976,20720.67994,53257.2625,80.21
2022-04-10T22:00+02:00,115.9675,26302.17336,19840.41013,52515.09,80.21
2022-04-10T23:00+02:00,-2544.3125,26381.0074,19143.07507,50092.8225,80.21
2022-04-11T00:00+02:00,-2767.835,26150.58053,17809.60489,47449.95,80.21
2022-04-11T01:00+02:00,-2669.0025,26239.41083,16637.95432,45974.3075,80.21
2022-04-11T02:00+02:00,-2415.225,26447.86724,16359.97952,45991.85,80.21
2022-04-11T03:00+02:00,-1947.405,26654.99022,15764.73218,46682.2375,80.21
2022-04-11T04:00+02:00,-1591.9125,27304.46822,15317.34797,48085.89,80.21
2022-04-11T05:00+02:00,-98.3125,28143.33237,14875.43644,51561.58,80.21
2022-04-11T06:00+02:00,3701.0925,29174.68239,15012.90867,58151.98,80.21
2022-04-11T07:00+02:00,4628.2625,29569.32033,17203.46355,62893.485,80.21
2022-04-11T08:00+02:00,2484.85,29867.20319,23143.54124,65593.35,80.21
2022-04-11T09:00+02:00,-1556.8475,29394.90905,30469.68389,66779.855,80.21
2022-04-11T10:00+02:00,-4738.7,27630.60076,37895.12283,67360.79,80.21
2022-04-11T11:00+02:00,-7281.8875,27051.25276,42993.50052,67108.8425,80.21
2022-04-11T12:00+02:00,-9412.8525,26514.12376,45400.30909,66644.4425,80.21
2022-04-11T13:00+02:00,-8729.585,25727.98824,45336.09193,65648.5775,80.21
2022-04-11T14:00+02:00,-7542.445,25584.53426,43763.62615,64215.9075,80.21
2022-04-11T15:00+02:00,-6322.0775,25634.35727,40158.46212,62730.715,80.21
2022-04-11T16:00+02:00,-5180.875,25973.62771,34249.73439,60707.6725,80.21
2022-04-11T17:00+02:00,-1243.8625,27336.54138,26546.56432,60704.66,80.21
2022-04-11T18:00+02:00,3174.6375,29021.82835,18156.30783,61069.2575,80.21
2022-04-11T19:00+02:00,6226.8325,29493.4877,13362.91161,62337.6625,80.21
2022-04-11T20:00+02:00,3703.5425,29711.2271,14357.60399,61700.8,80.21
2022-04-11T21:00+02:00,1667.895,29549.78444,17056.63123,59053.095,80.21
2022-04-11T22:00+02:00,-793.59,28404.91351,18955.30641,55937.1425,80.21
2022-04-11T23:00+02:00,-2645.01,27328.30736,20477.5318,52190.865,80.21
2022-04-12T00:00+02:00,-2650.9775,25384.30281,21826.49965,48790.6675,80.21
2022-04-12T01:00+02:00,-5825.645,25066.75533,23604.31794,47316.87,80.21
2022-04-12T02:00+02:00,-6174.825,24957.32903,24665.38014,46785.33,80.21
2022-04-12T03:00+02:00,-6049.0575,24966.04064,25189.92246,47449.295,80.21
2022-04-12T04:00+02:00,-6151.5275,25082.11649,25341.66045,48821.0575,80.21
2022-04-12T05:00+02:00,-6107.2125,25976.03168,24942.03192,52007.0675,80.21
2022-04-12T06:00+02:00,-4582.075,26798.74773,25723.0489,58064.1625,80.21
2022-04-12T07:00+02:00,-4939.6125,27075.93292,29039.37519,62571.8275,80.21
2022-04-12T08:00+02:00,-6545.8775,27059.79712,34377.82561,65032.7825,80.21
2022-04-12T09:00+02:00,-6939.4475,25997.79269,39076.91834,65617.2925,80.21
2022-04-12T10:00+02:00,-8516.8175,24303.08632,45356.78217,66442.215,80.21
2022-04-12T11:00+02:00,-10398.6725,23006.33515,51580.29846,67490.9175,80.21
2022-04-12T12:00+02:00,-12272.1025,20429.70771,56071.85571,67074.2025,80.21
2022-04-12T13:00+02:00,-13006.025,19295.54068,57661.7327,66081.365,80.21
2022-04-12T14:00+02:00,-13130.575,19089.79708,55425.67599,64946.33,80.21
2022-04-12T15:00+02:00,-11735.5675,20174.77237,51392.40428,63869.0575,80.21
2022-04-12T16:00+02:00,-10660.1725,22370.52823,44941.11652,61701.2425,80.21
2022-04-12T17:00+02:00,-8058.9725,24101.87436,38073.68527,61087.3925,80.21
2022-04-12T18:00+02:00,-4745.205,25837.62013,31813.8113,62030.125,80.21
2022-04-12T19:00+02:00,-4901.2925,26426.4942,29031.00272,63195.8325,80.21
2022-04-12T20:00+02:00,-5010.4475,26460.52036,29867.45112,62860.3025,80.21
2022-04-12T21:00+02:00,-6347.9275,25835.87493,30864.47041,60254.9825,80.21
2022-04-12T22:00+02:00,-7623.8925,25616.82592,30541.38764,56810.9625,80.21
2022-04-12T23:00+02:00,-6606.96,24927.8249,29525.93838,53509.73,80.21
2022-04-13T00:00+02:00,-8211.9975,24610.66622,29270.80382,50262.3375,80.21
2022-04-13T01:00+02:00,-7858,24805.81493,28172.22553,48389.6425,80.21
2022-04-13T02:00+02:00,-7281.9275,24410.79216,26664.16065,47433.935,80.21
2022-04-13T03:00+02:00,-6047.6075,24019.35488,25238.57852,47164.785,80.21
2022-04-13T04:00+02:00,-5887.0775,23789.54154,23356.40789,48163.03,80.21
2022-04-13T05:00+02:00,-2881.7125,25166.26138,21677.75693,51571.675,80.21
2022-04-13T06:00+02:00,754.52,26867.12681,20235.09969,57363.965,80.21
2022-04-13T07:00+02:00,480.8775,27383.38517,21541.89848,61620.155,80.21
2022-04-13T08:00+02:00,137.4675,27340.60158,24913.03905,64169.7175,80.21
2022-04-13T09:00+02:00,-912.1625,27489.80556,29394.39422,64452.6475,80.21
2022-04-13T10:00+02:00,-1321.55,26197.37169,34686.69888,64914.4025,80.21
2022-04-13T11:00+02:00,-1975.83,24894.76207,38565.87945,65298.5,80.21
2022-04-13T12:00+02:00,-3566.7725,24748.38185,40916.00895,65078.9725,80.21
2022-04-13T13:00+02:00,-3032.6625,24583.93044,41018.62519,64080,80.21
2022-04-13T14:00+02:00,-2290.775,24370.90042,39293.36115,62555.885,80.21
2022-04-13T15:00+02:00,456.395,24070.42353,35266.73874,61555.92,80.21
2022-04-13T16:00+02:00,1227.6525,25306.82519,29831.92046,59988.96,80.21
2022-04-13T17:00+02:00,3017.485,27470.00445,23084.21457,60614.4025,80.21
2022-04-13T18:00+02:00,6646.1875,28630.35038,16767.28416,61020.7075,80.21
2022-04-13T19:00+02:00,6544.8175,29365.7489,12726.58763,61337.4925,80.21
2022-04-13T20:00+02:00,7181.105,29368.30023,12223.9277,60244.5,80.21
2022-04-13T21:00+02:00,6170.06,29065.8534,12902.58769,57407.935,80.21
2022-04-13T22:00+02:00,4178.345,28943.38528,12917.97073,54172.6025,80.21
2022-04-13T23:00+02:00,1672.4075,28444.97172,13110.29505,49968.6925,80.21
2022-04-14T00:00+02:00,1394.9325,26888.91215,13449.35789,47096.45,80.21
2022-04-14T01:00+02:00,1055.3925,26123.27926,14120.64486,45681.02,80.21
2022-04-14T02:00+02:00,1195.1325,25772.92967,15044.63039,45247.8925,80.21
2022-04-14T03:00+02:00,1396.595,25771.26751,14991.03415,45443.9575,80.21
2022-04-14T04:00+02:00,2974.445,25684.47192,14790.40103,46788.505,80.21
2022-04-14T05:00+02:00,3279.8775,26466.06655,14734.82865,49908.785,80.21
2022-04-14T06:00+02:00,5190.5525,28344.48423,14997.74936,55448.58,80.21
2022-04-14T07:00+02:00,4577.9,28745.73574,16947.92233,60145.085,80.21
2022-04-14T08:00+02:00,3482.8725,28773.12695,20849.69222,63421.61,80.21
2022-04-14T09:00+02:00,926.7125,28434.87215,25895.13171,64501.2775,80.21
2022-04-14T10:00+02:00,1827.8775,26182.48265,31967.93475,65003.885,80.21
2022-04-14T11:00+02:00,1315.7525,24256.81637,36014.50604,65300.9525,80.21
2022-04-14T12:00+02:00,429,23413.48042,38164.34785,64876.495,80.21
2022-04-14T13:00+02:00,-1331.6825,23251.88299,38310.28367,63158.7725,80.21
2022-04-14T14:00+02:00,-1564.205,23434.50492,37249.39851,61909.9525,80.21
2022-04-14T15:00+02:00,493.7825,23464.7212,34888.44723,60937.16,80.21
2022-04-14T16:00+02:00,455.3875,23831.71693,31634.21678,59578.685,80.21
2022-04-14T17:00+02:00,1599.115,25699.22709,26430.78701,59862.48,80.21
2022-04-14T18:00+02:00,2893.2875,27672.49144,21227.50836,59566.6225,80.21
2022-04-14T19:00+02:00,4460.3725,28298.1374,17361.79619,59640.03,80.21
2022-04-14T20:00+02:00,3114.895,28398.26281,16202.32571,57918.235,80.21
2022-04-14T21:00+02:00,991.5575,28139.57413,16030.18818,55225.4225,80.21
2022-04-14T22:00+02:00,1526.1925,27322.90556,15651.35587,51372.955,80.21
2022-04-14T23:00+02:00,161.2225,25694.63441,14866.78882,47495.12,80.21
2022-04-15T00:00+02:00,-524.43,24252.49138,14258.76697,44327.0475,80.21
2022-04-15T01:00+02:00,-1958.9625,23277.26317,14517.31833,42365.855,80.21
2022-04-15T02:00+02:00,-2013.7,22521.72635,14387.05918,40952.11,80.21
2022-04-15T03:00+02:00,-1143.2525,22624.84022,14268.28584,40431.4725,80.21
2022-04-15T04:00+02:00,-886.9875,22204.85823,14755.56457,40995.63,80.21
2022-04-15T05:00+02:00,-1275.415,21926.6238,15067.88759,41207.6475,80.21
2022-04-15T06:00+02:00,-3226.6475,22450.51002,15909.95846,41198.5425,80.21
2022-04-15T07:00+02:00,-4241.0925,22677.00391,17661.51356,43319.6,80.21
2022-04-15T08:00+02:00,-4769.87,22533.91598,21296.16324,46538.81,80.21
2022-04-15T09:00+02:00,-5603.1925,21646.23517,25744.56913,49678.875,80.21
2022-04-15T10:00+02:00,-6233.9,20866.33743,30152.48474,51517.2975,80.21
2022-04-15T11:00+02:00,-6579.6525,20106.26909,33004.52514,53611.2675,80.21
2022-04-15T12:00+02:00,-8079.34,20005.47902,34050.29286,53222.67,80.21
2022-04-15T13:00+02:00,-9862.66,19984.70123,34765.79142,51349.2825,80.21
2022-04-15T14:00+02:00,-8761.8025,19927.37027,34375.70999,49205.1525,80.21
2022-04-15T15:00+02:00,-7685.545,19839.99916,32391.91654,48561.8225,80.21
2022-04-15T16:00+02:00,-7162.935,20235.34868,29446.5665,47719.2075,80.21
2022-04-15T17:00+02:00,-4923.8,21052.47155,25164.50479,48100.6225,80.21
2022-04-15T18:00+02:00,-2254.8525,22621.92874,20806.7138,49323.3725,80.21
2022-04-15T19:00+02:00,-172.3825,23210.96544,17601.63045,50125.7075,80.21
2022-04-15T20:00+02:00,-1205.8375,23154.99036,17120.00178,49889.255,80.21
2022-04-15T21:00+02:00,-696.21,22879.72598,17853.84136,48813.2925,80.21
2022-04-15T22:00+02:00,-490.445,22320.81399,18235.36124,47012.2875,80.21
2022-04-15T23:00+02:00,-666.4775,21334.71211,18482.90923,44539.375,80.21
2022-04-16T00:00+02:00,-3959.7575,20976.95347,18515.07359,41650.66,80.21
2022-04-16T01:00+02:00,-4614.05,20602.44311,18801.33524,40014.245,80.21
2022-04-16T02:00+02:00,-5815.1125,20293.44332,19289.92467,39440.89,80.21
2022-04-16T03:00+02:00,-5187.945,19823.76995,20251.41025,39547.9475,80.21
2022-04-16T04:00+02:00,-5313.0025,19863.40986,20744.57882,40367.3075,80.21
2022-04-16T05:00+02:00,-5329.2,20076.17794,21081.96449,41199.4925,80.21
2022-04-16T06:00+02:00,-5231.3,20131.74119,21560.5592,42625.3525,80.21
2022-04-16T07:00+02:00,-5558.085,20474.33052,22018.19717,45099.62,80.21
2022-04-16T08:00+02:00,-6055.7325,20778.67249,25010.18486,48157.6625,80.21
2022-04-16T09:00+02:00,-6569.4475,20407.71241,30885.61411,51061.93,80.21
2022-04-16T10:00+02:00,-9553.8425,19241.61869,38093.02958,52712.6625,80.21
2022-04-16T11:00+02:00,-11359.0125,18502.32971,43903.18341,53772.4575,80.21
2022-04-16T12:00+02:00,-12774.31,16595.78113,47408.94122,52717.9525,80.21
2022-04-16T13:00+02:00,-11885.2525,13823.86156,48757.89911,51464.46,80.21
2022-04-16T14:00+02:00,-10636.8325,13011.50775,47440.4948,50144.4775,80.21
2022-04-16T15:00+02:00,-9802.94,13019.38108,45561.63847,49214.3825,80.21
2022-04-16T16:00+02:00,-7318.765,14413.73045,40985.36656,48498.835,80.21
2022-04-16T17:00+02:00,-4764.8175,18075.95881,32755.20152,49205.8025,80.21
2022-04-16T18:00+02:00,-357.53,19622.21006,23251.69854,49889.99,80.21
2022-04-16T19:00+02:00,-143.5825,21283.5052,16620.04361,50112.045,80.21
2022-04-16T20:00+02:00,-783.99,21686.03078,16145.01484,49803.455,80.21
2022-04-16T21:00+02:00,-2902.5,21398.46492,18321.8894,48686.3425,80.21
2022-04-16T22:00+02:00,-3917.02,20975.81969,20222.88165,47352.8875,80.21
2022-04-16T23:00+02:00,-5350.725,20277.62603,21017.63999,44517.3275,80.21
2022-04-17T00:00+02:00,-5059.2525,19578.71641,20778.04732,41472.9275,80.21
2022-04-17T01:00+02:00,-6842.925,19491.77812,20344.03135,39375.6325,80.21
2022-04-17T02:00+02:00,-5294.5225,18640.00457,19794.46349,38396.51,80.21
2022-04-17T03:00+02:00,-4014.305,18233.26152,18732.48285,38520.1275,80.21
2022-04-17T04:00+02:00,-3559.5,18830.94362,17554.30567,38841.88,80.21
2022-04-17T05:00+02:00,-2627.6375,19159.41375,16471.88814,39258.31,80.21
2022-04-17T06:00+02:00,-2886.6125,19077.82727,15911.36342,38959.54,80.21
2022-04-17T07:00+02:00,-3476.445,18702.64491,18919.2079,40747.6425,80.21
2022-04-17T08:00+02:00,-5707.5075,18403.05461,25356.41682,44409.6675,80.21
2022-04-17T09:00+02:00,-8250.785,17490.70387,32647.93284,46585.175,80.21
2022-04-17T10:00+02:00,-8328,14649.61791,39388.93479,47592.8225,80.21
2022-04-17T11:00+02:00,-9011.63,13076.75336,44033.54442,48810.365,80.21
2022-04-17T12:00+02:00,-11244.3475,12168.48297,45891.9121,47632.765,80.21
2022-04-17T13:00+02:00,-12966.6625,12172.86429,45743.60259,45285.4925,80.21
2022-04-17T14:00+02:00,-12120.85,12095.59197,43504.12909,43415.315,80.21
2022-04-17T15:00+02:00,-10061.7775,11957.98111,40797.03174,42688.99,80.21
2022-04-17T16:00+02:00,-7273.1875,12480.06306,36161.408,42620.375,80.21
2022-04-17T17:00+02:00,-2619.48,13315.34783,29487.33699,43339.35,80.21
2022-04-17T18:00+02:00,-1416.5,17628.30075,21998.94205,44753.0975,80.21
2022-04-17T19:00+02:00,-87.46,19491.90664,16113.07926,45747.4325,80.21
2022-04-17T20:00+02:00,-1809.4875,20089.83226,16161.96164,46350.075,80.21
2022-04-17T21:00+02:00,-3471.345,19992.23227,18770.96012,45839.24,80.21
2022-04-17T22:00+02:00,-5419.925,19909.72941,20610.43609,44516.6225,80.21
2022-04-17T23:00+02:00,-6659.06,19294.72959,21685.74964,41991.1625,80.21
2022-04-18T00:00+02:00,-5625.98,19003.31789,21498.7451,39638.95,80.21
2022-04-18T01:00+02:00,-4959.5425,17294.25769,20960.50362,38056.9525,80.21
2022-04-18T02:00+02:00,-4413.49,16710.62778,20331.4958,37129.005,80.21
2022-04-18T03:00+02:00,-3418.0975,16692.01899,19166.03369,37248.6975,80.21
2022-04-18T04:00+02:00,-2487.165,17515.77056,17408.01165,37935.0675,80.21
2022-04-18T05:00+02:00,-3003.6275,18711.88472,15936.17969,38802.455,80.21
2022-04-18T06:00+02:00,-3156.7275,18763.09987,15610.47138,38897.165,80.21
2022-04-18T07:00+02:00,-4273.16,18742.96243,18972.7277,40336.445,80.21
2022-04-18T08:00+02:00,-7544.815,18490.00094,25658.37822,43586.385,80.21
2022-04-18T09:00+02:00,-9312.485,17748.02127,32885.38243,46284.465,80.21
2022-04-18T10:00+02:00,-11076.72,16210.48554,39664.5625,47664.4625,80.21
2022-04-18T11:00+02:00,-11696.245,14366.43298,44232.31844,48904.315,80.21
2022-04-18T12:00+02:00,-12040.5725,13586.60188,46620.44057,48148.7675,80.21
2022-04-18T13:00+02:00,-12074.115,13193.5613,45915.98177,46144.0175,80.21
2022-04-18T14:00+02:00,-11222.98,13025.19671,43707.87769,44543.8175,80.21
2022-04-18T15:00+02:00,-9285.1525,13268.03877,40183.7832,43613.37,80.21
2022-04-18T16:00+02:00,-7570.4375,15661.20643,34716.13045,43045.125,80.21
2022-04-18T17:00+02:00,-4511.29,19254.27838,26820.09175,44444.4925,80.21
2022-04-18T18:00+02:00,907.335,21114.46541,18810.28908,46143.485,80.21
2022-04-18T19:00+02:00,2317.44,22645.91403,13316.74757,47563.81,80.21
2022-04-18T20:00+02:00,2980.665,23122.6845,12663.17151,48186.7875,80.21
2022-04-18T21:00+02:00,2082.065,23267.62392,13512.89528,47611.625,80.21
2022-04-18T22:00+02:00,468.8275,23251.02261,13811.96802,46141.095,80.21
2022-04-18T23:00+02:00,-240.2525,22875.72484,13967.72885,43174.3625,80.21
2022-04-19T00:00+02:00,-991.1,22720.14183,13943.22009,41135.92,80.21
2022-04-19T01:00+02:00,-138.6575,21986.73944,13505.73376,39767,80.21
2022-04-19T02:00+02:00,444.7625,22029.52311,12610.92199,39286.0625,80.21
2022-04-19T03:00+02:00,857.91,22247.97425,12160.84783,39948.76,80.21
2022-04-19T04:00+02:00,2134.735,22691.11554,12727.35534,41909.165,80.21
2022-04-19T05:00+02:00,3820.835,24013.32592,13144.31468,46226.855,80.21
2022-04-19T06:00+02:00,3659.965,25741.8128,14232.30855,52757.4325,80.21
2022-04-19T07:00+02:00,2081.6675,26329.93023,17596.44806,57921.06,80.21
2022-04-19T08:00+02:00,1321.4275,26021.13232,23377.53996,61488.02,80.21
2022-04-19T09:00+02:00,-2156.665,25273.34883,31283.69293,62673.835,80.21
2022-04-19T10:00+02:00,-4274.4825,23192.92287,39315.73302,63799.12,80.21
2022-04-19T11:00+02:00,-7592.2625,21399.70173,45693.28987,65022.9475,80.21
2022-04-19T12:00+02:00,-10582.595,20911.97287,48937.00291,64221.815,80.21
2022-04-19T13:00+02:00,-10749.455,20440.34794,49196.98219,63186.09,80.21
2022-04-19T14:00+02:00,-11377.325,20470.11421,48298.74159,61691.61,80.21
2022-04-19T15:00+02:00,-10657.38,20646.60513,45269.56863,60783.96,80.21
2022-04-19T16:00+02:00,-9126.2475,22006.91107,40955.09837,59818.4475,80.21
2022-04-19T17:00+02:00,-5693.21,24020.29822,35454.38157,60365.155,80.21
2022-04-19T18:00+02:00,-1723.7025,25216.45259,28728.49547,60809.9425,80.21
2022-04-19T19:00+02:00,535.575,26238.91377,22960.67732,61413.845,80.21
2022-04-19T20:00+02:00,643.24,26258.96761,22089.1191,60600.555,80.21
2022-04-19T21:00+02:00,380.9125,25462.81324,23058.85539,58013.79,80.21
2022-04-19T22:00+02:00,-1597.37,25174.29484,22119.98103,54544.69,80.21
2022-04-19T23:00+02:00,-2992.4975,24267.73317,20747.22713,49848.025,80.21
2022-04-20T00:00+02:00,-1642.12,22575.33129,18973.43479,46853.775,80.21
2022-04-20T01:00+02:00,-292.6025,22106.79138,18052.34898,45381.825,80.21
2022-04-20T02:00+02:00,1224.325,21640.9983,17094.64421,44827.9975,80.21
2022-04-20T03:00+02:00,2221.5325,21886.00974,16535.63767,45569.4475,80.21
2022-04-20T04:00+02:00,2895.365,22136.74206,16127.93957,47004.5175,80.21
2022-04-20T05:00+02:00,3255.74,23283.80495,16050.37429,50803.3325,80.21
2022-04-20T06:00+02:00,4612.3025,24654.99754,16443.86249,56038.4525,80.21
2022-04-20T07:00+02:00,4678.8175,25234.10405,18908.83635,61203.57,80.21
2022-04-20T08:00+02:00,2407.52,25375.60761,23688.73879,64320.79,80.21
2022-04-20T09:00+02:00,-510.2225,25213.16776,30808.63133,64359.8175,80.21
2022-04-20T10:00+02:00,-3450.2675,23647.69871,38338.2958,64554.235,80.21
2022-04-20T11:00+02:00,-7258.8725,22192.74546,43969.98059,65566.755,80.21
2022-04-20T12:00+02:00,-9238.95,21129.29733,46301.20969,65275.39,80.21
2022-04-20T13:00+02:00,-8959.79,20836.20875,45960.84495,64175.385,80.21
2022-04-20T14:00+02:00,-8318.56,20551.16876,44568.83403,63095.89,80.21
2022-04-20T15:00+02:00,-7009.285,20587.35107,42165.92146,61114.505,80.21
2022-04-20T16:00+02:00,-4257.14,21113.5844,37820.104,60514.355,80.21
2022-04-20T17:00+02:00,-2016.175,22613.91829,32380.97764,61074.5775,80.21
2022-04-20T18:00+02:00,2683.25,24382.91198,25401.16939,61917.5425,80.21
2022-04-20T19:00+02:00,4610.5725,24988.146,19721.23484,62123.0775,80.21
2022-04-20T20:00+02:00,3954.775,24813.11703,18164.27366,61116.6475,80.21
2022-04-20T21:00+02:00,2952.37,24712.09426,19117.24392,58942.045,80.21
2022-04-20T22:00+02:00,2748.3625,24423.32744,19289.35602,55356.815,80.21
2022-04-20T23:00+02:00,92.975,23841.58233,19107.96513,51395.88,80.21
2022-04-21T00:00+02:00,728.3025,23604.3807,18597.21933,48615.6475,80.21
2022-04-21T01:00+02:00,204.095,23109.41916,17915.73735,47030.7675,80.21
2022-04-21T02:00+02:00,-180.7825,23148.49751,17182.3115,45798.0675,80.21
2022-04-21T03:00+02:00,1104.525,23160.18869,16668.48407,45823.3025,80.21
2022-04-21T04:00+02:00,1227.48,23475.37358,16437.38839,47235.6925,80.21
2022-04-21T05:00+02:00,3075.19,24480.78979,16371.05381,50910.54,80.21
2022-04-21T06:00+02:00,5270.8575,25287.50281,16268.21989,56549.765,80.21
2022-04-21T07:00+02:00,4661.8425,25751.43868,17603.83896,61347.2875,80.21
2022-04-21T08:00+02:00,6520.555,25562.07263,20639.58408,63982.635,80.21
2022-04-21T09:00+02:00,4295.77,25526.22737,25996.70663,65103.06,80.21
2022-04-21T10:00+02:00,1478.7675,24737.19611,32311.4739,66045.5075,80.21
2022-04-21T11:00+02:00,-1938.02,24118.33137,37176.38924,66899.02,80.21
2022-04-21T12:00+02:00,-2841.6175,23251.11639,39092.58626,66620.6525,80.21
2022-04-21T13:00+02:00,-2038.7875,22246.47157,39108.64956,65098.0075,80.21
2022-04-21T14:00+02:00,-2571.4675,22120.1648,37738.43781,63390.585,80.21
2022-04-21T15:00+02:00,-1277.81,22383.15383,35014.51785,62487.965,80.21
2022-04-21T16:00+02:00,-545.9875,22794.63863,32593.89545,62143.32,80.21
2022-04-21T17:00+02:00,2006.6225,23190.4897,29940.48339,63232.54,80.21
2022-04-21T18:00+02:00,5591.385,23451.24834,26367.09251,63438.8225,80.21
2022-04-21T19:00+02:00,5501.6275,24081.43546,23426.39022,63321.99,80.21
2022-04-21T20:00+02:00,4130.05,24375.09603,23286.75333,61734.7525,80.21
2022-04-21T21:00+02:00,1884.2425,24556.60051,24452.1063,59404.55,80.21
2022-04-21T22:00+02:00,-269.1125,23929.24217,24858.00636,55957.8075,80.21
2022-04-21T23:00+02:00,-3163.02,22912.41467,25544.07889,51680.14,80.21
2022-04-22T00:00+02:00,-4374.09,21726.61692,25705.02486,48806.795,80.21
2022-04-22T01:00+02:00,-4816.985,21232.71488,25306.34111,47026.4225,80.21
2022-04-22T02:00+02:00,-3508.3775,21487.16096,24318.09847,46250.8925,80.21
2022-04-22T03:00+02:00,-1962.315,21315.38447,24303.68314,46832.0275,80.21
2022-04-22T04:00+02:00,-1400.8925,21576.55241,24705.52144,47658.225,80.21
2022-04-22T05:00+02:00,-630.89,22551.66771,25049.20624,50900.9725,80.21
2022-04-22T06:00+02:00,1456.1425,23773.83449,25418.04924,56515.7375,80.21
2022-04-22T07:00+02:00,1780.75,23861.91521,27212.58173,61995.7875,80.21
2022-04-22T08:00+02:00,-1768.1825,23842.7021,31650.71987,64721.185,80.21
2022-04-22T09:00+02:00,-5920.9575,23518.72802,36957.35803,65079.28,80.21
2022-04-22T10:00+02:00,-8800.9825,22634.32761,43484.49766,65389.0075,80.21
2022-04-22T11:00+02:00,-9265.3375,20765.16119,49416.3963,66477.0925,85.6025
2022-04-22T12:00+02:00,-10049.17,19511.59886,53567.07109,66057.55,87.4
2022-04-22T13:00+02:00,-10295.165,18109.76023,55596.60348,65110.8,87.4
2022-04-22T14:00+02:00,-10209.42,16595.49355,55453.23671,63471.685,87.4
2022-04-22T15:00+02:00,-9801.855,17157.94249,52253.88567,62278.105,87.4
2022-04-22T16:00+02:00,-9821.53,19014.98381,48724.47602,61579.925,87.4
2022-04-22T17:00+02:00,-9544.33,19970.77591,45097.3742,61921.635,87.4
2022-04-22T18:00+02:00,-7977.515,20111.70565,40073.08395,62273.5175,87.4
2022-04-22T19:00+02:00,-5477.1525,20659.70368,35116.64864,61463.6825,87.4
2022-04-22T20:00+02:00,-6503.8975,21360.49007,32762.06204,59967.02,87.4
2022-04-22T21:00+02:00,-6711.705,21088.35669,32682.48758,57552.57,87.4
2022-04-22T22:00+02:00,-7723.72,20571.43789,32009.68934,54821.79,87.4
2022-04-22T23:00+02:00,-9442.6975,19928.57589,31615.56619,51139.945,87.4
2022-04-23T00:00+02:00,-10387.495,19790.82974,30878.99035,47550.035,87.4
2022-04-23T01:00+02:00,-11125.615,19336.30701,29988.23209,45462.5625,87.4
2022-04-23T02:00+02:00,-11531.395,19407.04587,29563.33997,44269.34,87.4
2022-04-23T03:00+02:00,-10853.315,19356.1094,28740.58431,43723.8175,87.4
2022-04-23T04:00+02:00,-10132.135,19394.07033,28239.77632,43621.6775,87.4
2022-04-23T05:00+02:00,-8725.2375,19244.12549,28263.60164,44373.8,87.4
2022-04-23T06:00+02:00,-8412.51,18953.3338,29025.4432,45417.2725,87.4
2022-04-23T07:00+02:00,-9365.6575,18636.77372,30531.44847,48349.59,87.4
2022-04-23T08:00+02:00,-10722.545,18149.0645,34315.87453,51508.815,87.4
2022-04-23T09:00+02:00,-11738.3075,17028.27528,41567.9563,54509.39,87.4
2022-04-23T10:00+02:00,-10935.06,13595.08414,49105.12722,56495.6,87.4
2022-04-23T11:00+02:00,-12888.5425,11719.53265,53443.24887,57060.6975,87.4
2022-04-23T12:00+02:00,-12078.505,11473.77672,54743.20008,56011.9675,87.4
2022-04-23T13:00+02:00,-11147.5375,11342.23495,53077.24157,54488.465,87.4
2022-04-23T14:00+02:00,-11915.6075,11318.0974,51398.72758,52866.33,87.4
2022-04-23T15:00+02:00,-11352.23,11398.54338,49874.53718,52007.8,87.4
2022-04-23T16:00+02:00,-11013.5325,12383.87216,47567.3315,51661.6225,87.4
2022-04-23T17:00+02:00,-11651.9675,16617.8012,43666.14568,53050.4025,87.4
2022-04-23T18:00+02:00,-12083.92,17858.32498,38456.81295,53989.37,87.4
2022-04-23T19:00+02:00,-10806.9725,18381.91247,32546.23217,53715.03,87.4
2022-04-23T20:00+02:00,-11636.6325,18650.81895,30788.93148,52445.1175,87.4
2022-04-23T21:00+02:00,-12791.07,18492.34961,32770.08134,51141.18,87.4
2022-04-23T22:00+02:00,-12757.2525,18672.56714,33811.19439,49289.2825,87.4
2022-04-23T23:00+02:00,-13464.8525,18207.01048,34150.32137,46763.7825,87.4
2022-04-24T00:00+02:00,-12876.275,17129.29082,33749.84198,43932.195,87.4
2022-04-24T01:00+02:00,-12670.0375,15634.31652,33244.92667,42371.825,87.4
2022-04-24T02:00+02:00,-12304.2325,15185.25132,32470.55399,41120.925,87.4
2022-04-24T03:00+02:00,-12168.56,14901.71368,31254.3062,40777.4575,87.4
2022-04-24T04:00+02:00,-10740.11,15066.8229,30656.85399,41064.355,87.4
2022-04-24T05:00+02:00,-9745.545,15148.4594,29327.74336,41261.08,87.4
2022-04-24T06:00+02:00,-9689.6625,15632.03876,28438.07371,41048.845,87.4
2022-04-24T07:00+02:00,-9078.0175,16707.78166,28914.28342,42996.3425,87.4
2022-04-24T08:00+02:00,-8200.6875,17098.96602,31946.54401,46696.835,87.4
2022-04-24T09:00+02:00,-6672.465,15761.43307,37217.45114,50286.66,87.4
2022-04-24T10:00+02:00,-5256.575,13285.82808,43038.78677,52520.0875,87.4
2022-04-24T11:00+02:00,-5892.04,12511.28147,47022.70954,54923.805,87.4
2022-04-24T12:00+02:00,-8281.995,12344.20439,48769.93045,54572.345,87.4
2022-04-24T13:00+02:00,-8754.015,12369.16578,46713.52291,52638.4675,87.4
2022-04-24T14:00+02:00,-7820.18,12467.15521,44241.30572,51555.98,87.4
2022-04-24T15:00+02:00,-6266.04,12826.66898,42161.55321,50727.2575,87.4
2022-04-24T16:00+02:00,-5293.855,15419.88235,38773.99423,50384.42,87.4
2022-04-24T17:00+02:00,-5896.5325,19174.52201,34856.07946,51501.17,87.4
2022-04-24T18:00+02:00,-3463.4075,20065.09447,30649.23793,52752.855,87.4
2022-04-24T19:00+02:00,-2025.4075,20976.16544,27137.62662,52802.0875,87.4
2022-04-24T20:00+02:00,-3469.6825,22064.29883,25207.9283,53099.12,87.4
2022-04-24T21:00+02:00,-2767.8675,22337.87277,23944.72373,52000.525,87.4
2022-04-24T22:00+02:00,-3111.4425,22545.1728,22524.89867,50206.3525,87.4
2022-04-24T23:00+02:00,-3161.01,22246.76729,21416.1613,46881.795,87.4
2022-04-25T00:00+02:00,-3642.6625,21645.01891,20459.96899,44566.9225,87.4
2022-04-25T01:00+02:00,-4651.765,22007.08101,19824.11158,42900.25,87.4
2022-04-25T02:00+02:00,-4245.53,22421.07791,18807.71305,42213.355,87.4
2022-04-25T03:00+02:00,-3029.2175,23219.89415,17167.80797,42582.32,87.4
2022-04-25T04:00+02:00,-2233.09,23956.86974,16154.19704,44241.985,87.4
2022-04-25T05:00+02:00,827.025,25609.54278,15914.94175,48766.5,87.4
2022-04-25T06:00+02:00,4591.8775,27472.51756,15744.48,56580.5275,87.4
2022-04-25T07:00+02:00,5581.3675,29158.51046,16625.16507,61769.23,87.4
2022-04-25T08:00+02:00,5451.24,29527.08728,19038.0307,64641.115,87.4
2022-04-25T09:00+02:00,4867.805,29595.92787,22160.36199,65574.7525,87.4
2022-04-25T10:00+02:00,3315.44,29384.03534,25077.31736,66112.015,87.4
2022-04-25T11:00+02:00,2110.5325,28890.02839,28370.75254,67021.48,87.4
2022-04-25T12:00+02:00,917.7775,28562.19745,30749.264,66711.6275,87.4
2022-04-25T13:00+02:00,303.265,28169.02882,31820.3753,65663.4975,87.4
2022-04-25T14:00+02:00,-694.2125,28051.77672,31864.52093,64466.8525,87.4
2022-04-25T15:00+02:00,-258.38,27622.13792,30525.97878,63381.7525,87.4
2022-04-25T16:00+02:00,720.92,27593.65075,27503.54479,61642.205,87.4
2022-04-25T17:00+02:00,788.3875,28934.27133,23333.7982,61350.6325,87.4
2022-04-25T18:00+02:00,4421.095,29714.71681,18564.8495,61606.295,87.4
2022-04-25T19:00+02:00,6283.415,30170.31614,15030.64744,61905.725,87.4
2022-04-25T20:00+02:00,5214.9175,30281.24159,13454.50575,60586.39,87.4
2022-04-25T21:00+02:00,3173.0225,30287.18298,13299.14055,58237.015,87.4
2022-04-25T22:00+02:00,2750.4275,29957.52897,12948.13919,54694.3125,87.4
2022-04-25T23:00+02:00,1348.185,29398.83058,12549.71929,50747.765,87.4
2022-04-26T00:00+02:00,384.345,28404.1109,12151.14078,47870.32,87.4
2022-04-26T01:00+02:00,842.0275,27714.26073,11564.78598,46265.9675,87.4
2022-04-26T02:00+02:00,2180.4,27181.12001,11320.76578,45700.2275,87.4
2022-04-26T03:00+02:00,2586.4825,27259.02244,10963.53137,46128.8225,87.4
2022-04-26T04:00+02:00,2729.33,27490.02023,10799.45916,47251.465,87.4
2022-04-26T05:00+02:00,3494.105,28806.96963,10896.58315,50585.7175,87.4
2022-04-26T06:00+02:00,7126.59,29988.26193,11682.84489,57373.7975,87.4
2022-04-26T07:00+02:00,6890.23,31054.86384,14369.78911,62495.4275,87.4
2022-04-26T08:00+02:00,6029.585,31196.77778,18301.72479,65668.215,87.4
2022-04-26T09:00+02:00,3029.17,30903.67132,22983.90135,66119.0275,87.4
2022-04-26T10:00+02:00,1635.3625,30576.905,26619.52428,66961.24,87.4
2022-04-26T11:00+02:00,1595.0425,29870.33458,28660.277,67830.19,87.4
2022-04-26T12:00+02:00,1647.4,29497.02739,28720.39621,67154.3275,87.4
2022-04-26T13:00+02:00,2421.27,29012.04963,28815.14989,65778.5025,87.4
2022-04-26T14:00+02:00,3523.9375,28351.44225,28417.11421,64574.0725,87.4
2022-04-26T15:00+02:00,3388.505,28013.26307,27486.82465,63831.9725,87.4
2022-04-26T16:00+02:00,3683.92,28127.14287,25472.26435,63088.29,87.4
2022-04-26T17:00+02:00,3346.3425,29824.85251,21954.95479,63349.2275,87.4
2022-04-26T18:00+02:00,5703.875,30738.62541,17741.80819,63159.435,87.4
2022-04-26T19:00+02:00,7887.0125,31056.18733,14011.44141,62791.48,87.4
2022-04-26T20:00+02:00,6908.805,31421.95355,12759.81284,61152.4325,87.4
2022-04-26T21:00+02:00,5090.1375,31445.72803,12897.437,58728.32,87.4
2022-04-26T22:00+02:00,3324.7225,30979.25639,12512.63456,55050,87.4
2022-04-26T23:00+02:00,1830.5775,30356.80066,12074.95353,50792.4925,87.4
2022-04-27T00:00+02:00,454.8525,29521.39545,11427.01591,47590.9575,87.4
2022-04-27T01:00+02:00,213.58,28686.71706,10842.00458,45810.08,87.4
2022-04-27T02:00+02:00,1293.485,28244.12578,10421.64387,45249.0275,87.4
2022-04-27T03:00+02:00,2065.2875,28156.57766,10139.92382,45541.6775,87.4
2022-04-27T04:00+02:00,3122.0275,28315.78641,10050.20995,47168.435,87.4
2022-04-27T05:00+02:00,3882.36,29635.97152,10037.46656,50219.1575,87.4
2022-04-27T06:00+02:00,6291.8725,31297.85399,10981.22725,56986.59,87.4
2022-04-27T07:00+02:00,5823.17,31675.10613,13806.9791,61811.31,87.4
2022-04-27T08:00+02:00,3401.4425,32074.11579,18724.39827,63970.5925,87.4
2022-04-27T09:00+02:00,441.6575,31564.15961,25292.52278,64777.61,87.4
2022-04-27T10:00+02:00,-2921.8525,30019.83877,30982.55034,65766.015,87.4
2022-04-27T11:00+02:00,-5272.095,29069.22673,35161.93383,66051.4325,87.4
2022-04-27T12:00+02:00,-6062.8475,27788.17906,36795.45619,65363.105,87.4
2022-04-27T13:00+02:00,-5135.635,26787.0575,35979.77367,64032.805,87.4
2022-04-27T14:00+02:00,-2601.0875,26434.09406,34683.04066,62706.62,87.4
2022-04-27T15:00+02:00,-1069.6725,25965.93639,32298.37336,62324.5575,87.4
2022-04-27T16:00+02:00,-401.495,26145.52779,28879.20932,60717.7675,87.4
2022-04-27T17:00+02:00,1780.655,27871.74132,23825.01685,60843.1875,87.4
2022-04-27T18:00+02:00,5570.505,29849.87217,18035.86165,61497.32,87.4
2022-04-27T19:00+02:00,8302.455,30670.32963,13041.38319,61733.56,87.4
2022-04-27T20:00+02:00,8267.3375,30777.30661,11122.23789,60933.17,87.4
2022-04-27T21:00+02:00,6242.7225,30744.39777,11558.49081,58872.745,87.4
2022-04-27T22:00+02:00,4244.88,30510.27621,12076.84987,55074.71,87.4
2022-04-27T23:00+02:00,2149.075,29445.60668,12226.82345,50965.04,87.4
2022-04-28T00:00+02:00,826.1225,28118.51642,11982.80691,47795.9025,87.4
2022-04-28T01:00+02:00,887.1625,27615.8671,11545.32754,45952.1625,87.4
2022-04-28T02:00+02:00,1231.8275,27533.8522,11015.92453,45424.43,87.4
2022-04-28T03:00+02:00,1722.9625,27515.9929,10779.85967,45629.69,87.4
2022-04-28T04:00+02:00,2778.64,27466.677,10942.60754,47025.5575,87.4
2022-04-28T05:00+02:00,3919.9375,28333.65553,11041.92511,50518.855,87.4
2022-04-28T06:00+02:00,5898.03,28992.0324,12005.39881,56839.56,87.4
2022-04-28T07:00+02:00,5211.575,29352.59846,16284.57816,61547.6025,87.4
2022-04-28T08:00+02:00,1444.205,29057.44133,23353.90271,64162.985,87.4
2022-04-28T09:00+02:00,-4975.2,28515.71104,31854.27661,64344.8225,87.4
2022-04-28T10:00+02:00,-7437.15,26367.6074,38560.19536,65108.4425,87.4
2022-04-28T11:00+02:00,-7684.27,24718.84091,41970.67994,65171.65,87.4
2022-04-28T12:00+02:00,-8278.6825,24417.81,43280.83388,64601.9325,87.4
2022-04-28T13:00+02:00,-8034.2925,24046.68011,44145.93688,63714.82,87.4
2022-04-28T14:00+02:00,-7858.3175,23686.97238,43968.66209,62705.8175,87.4
2022-04-28T15:00+02:00,-8329.34,23892.12951,41528.02829,61694.4775,87.4
2022-04-28T16:00+02:00,-6356.7175,24732.02534,37037.60152,60119.0875,87.4
2022-04-28T17:00+02:00,-2746.83,26224.98074,29664.60843,60299.45,87.4
2022-04-28T18:00+02:00,1299.34,28405.36423,21315.55531,60578.4475,87.4
2022-04-28T19:00+02:00,5749.4275,28868.79051,14882.77478,60625.4125,87.4
2022-04-28T20:00+02:00,5944.5275,28969.66671,13282.40478,59913.4525,87.4
2022-04-28T21:00+02:00,5437.2075,28747.4861,14194.30332,58205.1775,87.4
2022-04-28T22:00+02:00,3026.66,28591.21037,14252.95374,54820.71,87.4
2022-04-28T23:00+02:00,1177.3275,27624.65718,13743.29851,50814.7325,87.4
2022-04-29T00:00+02:00,714.2675,26993.82367,12931.65042,47446.195,87.4
2022-04-29T01:00+02:00,522.7525,26884.35084,12271.13452,45257.5,87.4
2022-04-29T02:00+02:00,1311.585,26829.44019,11614.61077,44361.205,87.4
2022-04-29T03:00+02:00,2103.3675,26786.48913,10847.77404,44572.39,87.4
2022-04-29T04:00+02:00,3302.935,26916.94751,10406.13577,46106,87.4
2022-04-29T05:00+02:00,4672.6025,28100.59972,10044.97069,49833.1325,87.4
2022-04-29T06:00+02:00,7211.985,29446.545,10998.15672,55983.515,87.4
2022-04-29T07:00+02:00,6452.055,29703.27955,15495.44624,60783.29,87.4
2022-04-29T08:00+02:00,2428.5625,29535.84374,21720.21793,63641.67,87.4
2022-04-29T09:00+02:00,-3518.7125,29477.59696,28522.53701,64524.1075,87.4
2022-04-29T10:00+02:00,-5339.7075,28786.99825,33880.87434,65140.06,87.4
2022-04-29T11:00+02:00,-6007.755,27071.53894,37969.70696,64836.0625,83.995
2022-04-29T12:00+02:00,-7855.62,26108.80576,40192.75354,64353.53,82.86
2022-04-29T13:00+02:00,-8258.92,25143.91373,40416.81603,62710.88,82.86
2022-04-29T14:00+02:00,-6868.955,24760.13953,38778.88112,61037.115,82.86
2022-04-29T15:00+02:00,-4956.49,24881.15141,35125.82527,59550,82.86
2022-04-29T16:00+02:00,-1926.4825,25329.91616,30220.26519,58559.6175,82.86
2022-04-29T17:00+02:00,1720.065,26556.66308,24669.25082,59193.1375,82.86
2022-04-29T18:00+02:00,4710.25,28410.05265,19882.02497,59735.875,82.86
2022-04-29T19:00+02:00,6332.185,28840.80101,16150.23043,59550.1725,82.86
2022-04-29T20:00+02:00,4559.4825,28941.56633,14361.21332,58382.555,82.86
2022-04-29T21:00+02:00,2494.0575,28751.09721,14609.48614,55815.68,82.86
2022-04-29T22:00+02:00,1129.7025,28034.20192,14814.17344,52310.135,82.86
2022-04-29T23:00+02:00,-1359.3925,27508.23086,14696.80095,48606.95,82.86
2022-04-30T00:00+02:00,-469.19,25323.79306,14357.43322,45462.71,82.86
2022-04-30T01:00+02:00,-522.48,24012.92274,14126.16336,43499.7925,82.86
2022-04-30T02:00+02:00,-1342.8575,23628.0378,14279.36211,42352.2525,82.86
2022-04-30T03:00+02:00,-932.065,23585.33168,14215.64891,42066.04,82.86
2022-04-30T04:00+02:00,-692,23622.50759,13792.80363,42387.805,82.86
2022-04-30T05:00+02:00,-547.2575,24087.00791,13373.18681,42797.9725,82.86
2022-04-30T06:00+02:00,74.6525,23926.02356,13559.90564,43822.8325,82.86
2022-04-30T07:00+02:00,685.655,23897.53555,15264.22749,46804.3225,82.86
2022-04-30T08:00+02:00,1274.9275,23881.41433,18629.57609,50499.165,82.86
2022-04-30T09:00+02:00,55.7225,23533.34535,23629.72276,53457.8825,82.86
2022-04-30T10:00+02:00,-1871.1375,22515.96402,28483.52953,55118.4475,82.86
2022-04-30T11:00+02:00,-3661.4075,21817.22498,31904.9956,55798.2775,82.86
2022-04-30T12:00+02:00,-4484.6425,21757.58459,32566.29173,55430.2525,82.86
2022-04-30T13:00+02:00,-3515.7975,21668.99344,31810.0891,53508.28,82.86
2022-04-30T14:00+02:00,-2201.1275,20897.34501,30537.84811,51681.4575,82.86
2022-04-30T15:00+02:00,-862.6375,20864.16701,27617.30655,50634.5975,82.86
2022-04-30T16:00+02:00,274.89,22017.51548,24060.86227,50162.9425,82.86
2022-04-30T17:00+02:00,1883.345,22687.80392,20458.62321,50542.4625,82.86
2022-04-30T18:00+02:00,4637.0625,23217.99322,16832.85925,51335.7875,82.86
2022-04-30T19:00+02:00,5477.1925,23622.72014,13377.51662,50975.755,82.86
2022-04-30T20:00+02:00,5269.2075,23552.88435,11979.29832,50013.8,82.86
2022-04-30T21:00+02:00,3573.06,23521.27036,12186.67207,48507.19,82.86
2022-04-30T22:00+02:00,2770.2675,23315.84984,12041.06967,46476.9675,82.86
2022-04-30T23:00+02:00,1526.36,22732.43915,11303.00252,43618.0975,82.86
2022-05-01T00:00+02:00,1489.655,21941.46663,10422.15072,40918.47,82.86
2022-05-01T01:00+02:00,1149.3825,21688.87138,10058.29987,38987.4975,82.86
2022-05-01T02:00+02:00,345.905,21503.05874,9722.746091,37714.915,82.86
2022-05-01T03:00+02:00,349.195,21968.855,9379.615135,37265.905,82.86
2022-05-01T04:00+02:00,670.8275,22034.01451,9195.385786,37745.225,82.86
2022-05-01T05:00+02:00,28.735,22404.70162,9148.270015,37453.205,82.86
2022-05-01T06:00+02:00,-1.725,22048.10352,9624.852807,37446.75,82.86
2022-05-01T07:00+02:00,-599.885,22200.6392,11874.07771,39316.545,82.86
2022-05-01T08:00+02:00,-731.225,22207.25217,15584.17129,42278.71,82.86
2022-05-01T09:00+02:00,-1214.3425,21937.15416,20551.78084,45448.9125,82.86
2022-05-01T10:00+02:00,-2377.02,21022.73504,25499.06384,47937.455,82.86
2022-05-01T11:00+02:00,-3561.7375,20422.99993,28826.55573,49539.1175,82.86
2022-05-01T12:00+02:00,-5641,19839.54762,29826.92458,49189.3325,82.86
2022-05-01T13:00+02:00,-5143.7125,19361.15083,29863.84007,47036.505,82.86
2022-05-01T14:00+02:00,-4913.0975,19212.1537,28710.15021,46052.445,82.86
2022-05-01T15:00+02:00,-3441.6275,19302.51097,26117.92593,45510.9575,82.86
2022-05-01T16:00+02:00,-2079.68,20336.07094,23069.57378,45405.7,82.86
2022-05-01T17:00+02:00,-360.7,22191.30513,19190.29817,46465.87,82.86
2022-05-01T18:00+02:00,3159.86,23375.24239,14940.51818,48134.785,82.86
2022-05-01T19:00+02:00,3993.28,24391.27986,11604.02558,48192.7975,82.86
2022-05-01T20:00+02:00,3912.33,24764.08501,10126.02038,47933.815,82.86
2022-05-01T21:00+02:00,3280.6425,24749.9097,10375.0923,47368.205,82.86
2022-05-01T22:00+02:00,2948.89,24505.6645,10560.67243,45882.22,82.86
2022-05-01T23:00+02:00,2187.835,23681.84346,10498.80777,42961.0825,82.86
2022-05-02T00:00+02:00,1729.315,23310.77664,9980.198915,40914.6175,82.86
2022-05-02T01:00+02:00,810.93,23330.42248,9845.782682,39554.5175,82.86
2022-05-02T02:00+02:00,290.9225,23548.79519,9597.390388,38787.38,82.86
2022-05-02T03:00+02:00,1051.63,23701.07314,9393.63472,39339.2425,82.86
2022-05-02T04:00+02:00,2060.86,24129.76618,9203.280524,41400.815,82.86
2022-05-02T05:00+02:00,5789.8425,24676.50434,9100.365021,45705.7475,82.86
2022-05-02T06:00+02:00,9018.2,26989.75391,10085.4681,53985.14,82.86
2022-05-02T07:00+02:00,8811.8975,27036.45607,14085.35455,59435.995,82.86
2022-05-02T08:00+02:00,6382.205,26480.06767,20069.20269,62420.0925,82.86
2022-05-02T09:00+02:00,1914.1425,25990.9884,27482.24229,63103.5575,82.86
2022-05-02T10:00+02:00,-771.425,24334.1093,34169.96991,63908.525,82.86
2022-05-02T11:00+02:00,-3181.5,23436.24762,38296.44069,64919.86,82.86
2022-05-02T12:00+02:00,-4010.7675,23344.5057,38824.31857,64889.925,82.86
2022-05-02T13:00+02:00,-4344.305,23353.03825,37658.72284,64018.29,82.86
2022-05-02T14:00+02:00,-3678.49,23471.33863,35714.72272,62603.9475,82.86
2022-05-02T15:00+02:00,-1011.88,23598.33178,32714.21914,61653.5225,82.86
2022-05-02T16:00+02:00,294.56,23919.06425,28494.36878,60375.8575,82.86
2022-05-02T17:00+02:00,2537.745,25484.72405,23492.87369,60144.28,82.86
2022-05-02T18:00+02:00,6070.4125,27163.51136,17919.05586,60806.9275,82.86
2022-05-02T19:00+02:00,9030.695,27882.48756,13421.17398,60795.4,82.86
2022-05-02T20:00+02:00,8312.66,28239.30579,11821.11881,59395.4325,82.86
2022-05-02T21:00+02:00,6367.2875,28116.37118,12672.16633,57918.955,82.86
2022-05-02T22:00+02:00,4090.1025,27615.47035,13195.50658,54418.715,82.86
2022-05-02T23:00+02:00,1979.5375,26552.88362,13176.51344,50221.89,82.86
2022-05-03T00:00+02:00,381.955,25684.1306,12511.17252,47476.4225,82.86
2022-05-03T01:00+02:00,-930.06,25945.10021,12030.22557,45377.9525,82.86
2022-05-03T02:00+02:00,-625.1625,25694.65418,11742.0191,44633.85,82.86
2022-05-03T03:00+02:00,398.3525,25532.41592,11969.55578,45058.3525,82.86
2022-05-03T04:00+02:00,1138.755,25703.5565,12282.59748,46828.115,82.86
2022-05-03T05:00+02:00,2271.5825,26745.86575,12701.02301,50168.0825,82.86
2022-05-03T06:00+02:00,3622.6625,28637.00627,14293.6472,57143.28,82.86
2022-05-03T07:00+02:00,3004.1875,29541.98528,17880.38423,61946.7,82.86
2022-05-03T08:00+02:00,4.4425,29718.71671,23014.89639,64352.315,82.86
2022-05-03T09:00+02:00,-4800.9125,29165.17032,29137.15011,64820.055,82.86
2022-05-03T10:00+02:00,-7426.58,27968.34861,34834.96842,65328.995,82.86
2022-05-03T11:00+02:00,-8043.1875,27022.95929,38852.73233,65823.9625,82.86
2022-05-03T12:00+02:00,-10122.8525,26981.70937,40542.5426,65394.7425,82.86
2022-05-03T13:00+02:00,-9574.6325,26427.3325,40302.11018,64701.18,82.86
2022-05-03T14:00+02:00,-9100.8575,26784.57483,38039.67418,63079.1775,82.86
2022-05-03T15:00+02:00,-7565.4725,26474.8341,35197.1405,61913.515,82.86
2022-05-03T16:00+02:00,-4322.9525,26586.14252,31352.22879,61074.46,82.86
2022-05-03T17:00+02:00,-2116.4775,27789.80689,25688.09577,61410.4025,82.86
2022-05-03T18:00+02:00,2401.48,28607.71559,19395.21283,61358.29,82.86
2022-05-03T19:00+02:00,5573.44,28883.00049,14519.43934,60864.4725,82.86
2022-05-03T20:00+02:00,6278.3925,28934.27018,12406.55011,59350.365,82.86
2022-05-03T21:00+02:00,5353.6375,28863.34484,12042.13648,57885.01,82.86
2022-05-03T22:00+02:00,3218.525,28711.5149,11543.81639,54092.6225,82.86
2022-05-03T23:00+02:00,1478.2225,28069.43001,10836.71783,49637.1725,82.86
2022-05-04T00:00+02:00,1823.135,27328.60163,10059.44392,46400.01,82.86
2022-05-04T01:00+02:00,1348.81,26929.41928,9404.899197,44920.375,82.86
2022-05-04T02:00+02:00,948.05,26921.65799,8998.969704,44172.495,82.86
2022-05-04T03:00+02:00,2000.8225,27034.14504,8709.118318,44273.68,82.86
2022-05-04T04:00+02:00,3164.4325,27235.19164,8554.823406,45647.685,82.86
2022-05-04T05:00+02:00,4726.495,28120.2423,8615.599008,49272.305,82.86
2022-05-04T06:00+02:00,7257.0675,28955.7268,9929.856757,56083.3575,82.86
2022-05-04T07:00+02:00,5826.245,29411.13719,13508.67369,60931.6025,82.86
2022-05-04T08:00+02:00,3187.83,29478.19443,19140.38824,63747.6925,82.86
2022-05-04T09:00+02:00,-1153.9225,29404.05322,25031.75321,64012.585,82.86
2022-05-04T10:00+02:00,-3294.575,28850.84916,30214.17457,64642.0325,82.86
2022-05-04T11:00+02:00,-4818.8125,27763.20074,34189.53251,65586.0625,82.86
2022-05-04T12:00+02:00,-5599.775,27255.67453,35072.68338,65409.23,82.86
2022-05-04T13:00+02:00,-5446.57,27307.29934,33667.17697,64493.0075,82.86
2022-05-04T14:00+02:00,-4455.99,27442.35971,31913.05964,63131.8975,82.86
2022-05-04T15:00+02:00,-2093.8825,27363.46139,29124.59602,62135.8975,82.86
2022-05-04T16:00+02:00,-673.8325,27490.11985,25416.12993,61231.4125,82.86
2022-05-04T17:00+02:00,1727.1525,28710.67847,20572.67606,61049.945,82.86
2022-05-04T18:00+02:00,5913.4125,29168.17063,15699.20998,61235.14,82.86
2022-05-04T19:00+02:00,8149.06,29367.6573,11926.07587,61194.295,82.86
2022-05-04T20:00+02:00,8268.9325,29409.04318,10362.28264,59364.71,82.86
2022-05-04T21:00+02:00,6846.5525,29555.28502,10343.45878,57836.045,82.86
2022-05-04T22:00+02:00,3897.165,29511.75375,10385.67073,54127.0125,82.86
2022-05-04T23:00+02:00,1833.725,28905.09655,9946.624702,49891.4075,82.86
2022-05-05T00:00+02:00,2329.845,27808.88462,9249.456316,46926.235,82.86
2022-05-05T01:00+02:00,2259.2525,27113.83713,8938.025573,44826.485,82.86
2022-05-05T02:00+02:00,2677.9575,26920.25709,8842.974034,44244.2825,82.86
2022-05-05T03:00+02:00,4319.2475,26680.07064,8717.411112,44427.8375,82.86
2022-05-05T04:00+02:00,5125.38,26690.18893,8876.30824,46272.8675,82.86
2022-05-05T05:00+02:00,5485.315,27286.21864,8941.973906,49731.905,82.86
2022-05-05T06:00+02:00,7588.58,28778.42026,10252.77321,56169.7775,82.86
2022-05-05T07:00+02:00,6957.32,29218.94925,13634.29902,60963.01,82.86
2022-05-05T08:00+02:00,5461.8875,29294.95809,18231.69671,63957.6925,82.86
2022-05-05T09:00+02:00,1452.855,29284.34019,23883.1396,64950.1825,82.86
2022-05-05T10:00+02:00,-907.4075,28259.99481,28671.45094,65530.005,82.86
2022-05-05T11:00+02:00,-1903.84,27360.8961,32289.6238,66397.9775,82.86
2022-05-05T12:00+02:00,-3003.0575,26805.27064,34189.78815,66387.26,82.86
2022-05-05T13:00+02:00,-2492.365,26394.0994,34005.93717,65582.775,82.86
2022-05-05T14:00+02:00,-2089.2425,26245.24155,32688.52243,64382.45,82.86
2022-05-05T15:00+02:00,-1074.215,26054.74953,30285.63725,63327.275,82.86
2022-05-05T16:00+02:00,-82.5675,26513.51245,26079.99182,61945.555,82.86
2022-05-05T17:00+02:00,2460.7375,27528.05337,21608.27964,61702.8525,82.86
2022-05-05T18:00+02:00,5852.755,28715.2436,16793.38031,61621.2075,82.86
2022-05-05T19:00+02:00,7828.3225,29081.79795,12883.49171,61267.53,82.86
2022-05-05T20:00+02:00,7623.31,29156.58066,10732.34288,59572.945,82.86
2022-05-05T21:00+02:00,7235.6975,29159.03738,10448.10489,57821.23,82.86
2022-05-05T22:00+02:00,4664.97,28668.40923,10436.88861,54211.295,82.86
2022-05-05T23:00+02:00,2576.1275,28130.69862,10273.21464,50297.235,82.86
2022-05-06T00:00+02:00,2965.085,26561.66593,9742.286569,47339.99,82.86
2022-05-06T01:00+02:00,2520.345,26182.17481,9495.60832,45415.8725,82.86
2022-05-06T02:00+02:00,2368.02,25948.91766,9435.342207,44545.9725,82.86
2022-05-06T03:00+02:00,2712.645,25943.4036,9427.012556,44658.1625,82.86
2022-05-06T04:00+02:00,4397.58,25810.04421,9514.701596,46398.515,82.86
2022-05-06T05:00+02:00,5679.57,26261.24113,9736.275176,49623.2825,82.86
2022-05-06T06:00+02:00,6677.515,28229.06724,11355.3216,56130.37,82.86
2022-05-06T07:00+02:00,5570.13,28630.73763,15083.53864,61268.3725,82.86
2022-05-06T08:00+02:00,2590.6475,28664.66374,20204.59047,64015.92,82.86
2022-05-06T09:00+02:00,-167.2475,28376.01147,25665.48708,64797.8125,82.86
2022-05-06T10:00+02:00,-2870.92,27382.40429,30873.16361,65255.385,82.86
2022-05-06T11:00+02:00,-2689.13,26207.64144,34203.41102,65822.055,88.7925
2022-05-06T12:00+02:00,-2159.9175,24936.47689,35044.32748,65355.8525,90.77
2022-05-06T13:00+02:00,-2676.0375,24465.00175,34310.06855,63402.5225,90.77
2022-05-06T14:00+02:00,-1821.65,24381.1141,32332.59428,61447.8175,90.77
2022-05-06T15:00+02:00,440.6075,24287.49848,29627.79308,60311.3625,90.77
2022-05-06T16:00+02:00,1888.12,24731.94361,26266.69044,59697.38,90.77
2022-05-06T17:00+02:00,3203.0375,26243.23346,21638.45955,60178.6975,90.77
2022-05-06T18:00+02:00,6299.4675,27544.73884,16486.00461,59787.225,90.77
2022-05-06T19:00+02:00,8486.8775,28212.05848,12339.30424,58676.635,90.77
2022-05-06T20:00+02:00,9536.595,28213.5844,9979.481169,56772.8725,90.77
2022-05-06T21:00+02:00,8103.84,27627.23643,9681.720505,55239.955,90.77
2022-05-06T22:00+02:00,7574.4775,26620.81441,9739.437426,52039.1775,90.77
2022-05-06T23:00+02:00,5634.72,25431.53717,9855.243223,48515.0425,90.77
2022-05-07T00:00+02:00,4511.1125,23387.70099,10184.78322,45832.7825,90.77
2022-05-07T01:00+02:00,4694.8875,22061.72118,10471.62302,43835.845,90.77
2022-05-07T02:00+02:00,5232.605,21130.11991,10141.61191,42169.175,90.77
2022-05-07T03:00+02:00,4603.2775,21188.00819,10082.79524,41786.8475,90.77
2022-05-07T04:00+02:00,5412.5375,21134.53957,9756.653288,42102.505,90.77
2022-05-07T05:00+02:00,5727.1325,21214.44613,9712.617107,42843.2975,90.77
2022-05-07T06:00+02:00,5410.98,21205.02028,10836.77289,44264.245,90.77
2022-05-07T07:00+02:00,3217.87,21324.64978,14623.74698,46936.945,90.77
2022-05-07T08:00+02:00,1950.7975,21278.48843,19915.72558,50848.5775,90.77
2022-05-07T09:00+02:00,-52.1525,20970.6929,25839.4945,53518.135,90.77
2022-05-07T10:00+02:00,-2850.5975,20433.82171,31173.66006,54417.2425,90.77
2022-05-07T11:00+02:00,-4290.9025,20050.25824,34110.05949,54875.92,90.77
2022-05-07T12:00+02:00,-4753.925,19322.17145,34631.86288,54242.3675,90.77
2022-05-07T13:00+02:00,-3751.8225,18959.62592,34374.31761,53092.5975,90.77
2022-05-07T14:00+02:00,-4822.6325,18645.38873,33510.78518,51398.0275,90.77
2022-05-07T15:00+02:00,-3709.7825,18671.10647,32470.15152,50767.6425,90.77
2022-05-07T16:00+02:00,-1469.355,18643.43036,30473.77969,50934.385,90.77
2022-05-07T17:00+02:00,10.3875,19392.03057,27023.67852,51559.3125,90.77
2022-05-07T18:00+02:00,2646.3625,20078.10996,22832.68982,52532.3625,90.77
2022-05-07T19:00+02:00,3311.17,20331.81448,18821.84405,52084.54,90.77
2022-05-07T20:00+02:00,4559.8675,20366.38789,15986.10886,50322.9425,90.77
2022-05-07T21:00+02:00,3356.995,20317.63063,15743.39949,49471.775,90.77
2022-05-07T22:00+02:00,2615.7675,20270.99631,16059.14436,47388.37,90.77
2022-05-07T23:00+02:00,1297.99,19861.59777,15873.67536,44448.2825,90.77
2022-05-08T00:00+02:00,569.46,19314.00447,15708.24352,41108.325,90.77
2022-05-08T01:00+02:00,-59.5225,18221.50347,15876.17467,39111.36,90.77
2022-05-08T02:00+02:00,-969.36,17917.21158,15831.97099,37876.01,90.77
2022-05-08T03:00+02:00,-732.2425,17617.17182,15568.47173,37180.21,90.77
2022-05-08T04:00+02:00,-118.905,17581.44793,15386.97057,37257.335,90.77
2022-05-08T05:00+02:00,-161.6475,17573.07313,15689.65558,37470.545,90.77
2022-05-08T06:00+02:00,-1119.22,17568.4311,16678.49135,38044.0775,90.77
2022-05-08T07:00+02:00,-1569.935,17532.47615,19130.49815,40540.01,90.77
2022-05-08T08:00+02:00,-2082.0325,17222.55437,23730.20549,44483.035,90.77
2022-05-08T09:00+02:00,-3724.9675,16668.56829,28676.57329,47131.5,90.77
2022-05-08T10:00+02:00,-6040.6875,16519.10347,33720.55763,48874.43,90.77
2022-05-08T11:00+02:00,-6743.165,16434.20257,37337.79003,50768.0725,90.77
2022-05-08T12:00+02:00,-7690.655,16122.99972,39206.23947,49738.89,90.77
2022-05-08T13:00+02:00,-7152.68,15255.68116,38535.35991,48110.2575,90.77
2022-05-08T14:00+02:00,-6750.3375,14556.11999,37152.13375,46912.285,90.77
2022-05-08T15:00+02:00,-5497.4525,15357.58657,35055.80026,45774.86,90.77
2022-05-08T16:00+02:00,-3447.1975,16245.57391,31338.05414,45176.8525,90.77
2022-05-08T17:00+02:00,83.8075,17843.16887,26168.42254,46670.695,90.77
2022-05-08T18:00+02:00,2555.375,19672.29367,20072.74329,48176.1725,90.77
2022-05-08T19:00+02:00,4319.255,21474.14922,14920.17199,48552.27,90.77
2022-05-08T20:00+02:00,4053.3825,22320.08145,12880.8965,48756.085,90.77
2022-05-08T21:00+02:00,3692.6775,22844.22207,13718.09455,49226.615,90.77
2022-05-08T22:00+02:00,2723.6425,23068.19046,14386.76439,48208.4825,90.77
2022-05-08T23:00+02:00,560.58,22647.16767,14492.68528,45236.565,90.77
2022-05-09T00:00+02:00,-336.335,22982.29604,14290.79319,42595.6975,90.77
2022-05-09T01:00+02:00,-528.9175,22681.21996,14141.1688,41315.9575,90.77
2022-05-09T02:00+02:00,-750.3925,22738.47806,13824.7842,40868.81,90.77
2022-05-09T03:00+02:00,226.225,22774.8323,13313.33475,41255.36,90.77
2022-05-09T04:00+02:00,1424.3575,23194.65329,12899.18955,42848.0525,90.77
2022-05-09T05:00+02:00,2524.3275,24118.93555,12978.32173,46632.7025,90.77
2022-05-09T06:00+02:00,5809.5875,25535.36895,14572.02758,54450.4375,90.77
2022-05-09T07:00+02:00,5094.4925,26189.41421,18559.34725,59827.47,90.77
2022-05-09T08:00+02:00,1673.1775,26379.3282,24441.94031,63164.3675,90.77
2022-05-09T09:00+02:00,-2420.35,25626.93547,31817.82381,63974.535,90.77
2022-05-09T10:00+02:00,-4167.4975,23515.47977,37958.19919,64672.0425,90.77
2022-05-09T11:00+02:00,-5263.505,22774.14511,41557.89866,65249.5675,90.77
2022-05-09T12:00+02:00,-5515.935,21861.68415,42779.8483,64891.05,90.77
2022-05-09T13:00+02:00,-4046.4375,21517.58789,42357.30366,64048.1475,90.77
2022-05-09T14:00+02:00,-3868.045,21721.6278,40315.88824,62774.0875,90.77
2022-05-09T15:00+02:00,-2321.0275,22123.96222,37137.27495,62138.3975,90.77
2022-05-09T16:00+02:00,-321.19,22913.28279,32768.73151,60856.0775,90.77
2022-05-09T17:00+02:00,1948.6525,24873.29581,26525.22458,60780.36,90.77
2022-05-09T18:00+02:00,5262.8825,26709.58205,19190.25781,61306.83,90.77
2022-05-09T19:00+02:00,7694.1675,27120.44572,13440.42158,61191.8375,90.77
2022-05-09T20:00+02:00,7957.195,27425.518,11726.58894,59818.45,90.77
2022-05-09T21:00+02:00,5602.795,27355.49199,13412.88905,58496.4125,90.77
2022-05-09T22:00+02:00,1195.2525,27047.43306,15734.11927,55439.9075,90.77
2022-05-09T23:00+02:00,-1774.7775,26057.7515,17809.43851,51346.815,90.77
2022-05-10T00:00+02:00,-2598.97,24065.11283,19121.20663,48691.1275,90.77
2022-05-10T01:00+02:00,-2671.7075,22336.40213,20279.03852,47048.8275,90.77
2022-05-10T02:00+02:00,-2401.8025,21570.64221,20502.65247,45702.49,90.77
2022-05-10T03:00+02:00,-1731.885,21705.0198,21375.77371,46021.01,90.77
2022-05-10T04:00+02:00,-1141.7175,22020.18051,21551.22106,47337.7525,90.77
2022-05-10T05:00+02:00,-409.82,22622.26154,21397.34072,50604.665,90.77
2022-05-10T06:00+02:00,2808.1175,24351.50096,22631.28646,57631.005,90.77
2022-05-10T07:00+02:00,1587.815,25021.8031,26464.66128,62660.635,90.77
2022-05-10T08:00+02:00,137.8675,24872.3735,30632.77442,65104.2275,90.77
2022-05-10T09:00+02:00,-2229.2825,23568.04732,36036.91479,65780.6125,90.77
2022-05-10T10:00+02:00,-4107.2875,22071.23613,42478.76548,66635.1875,90.77
2022-05-10T11:00+02:00,-6121.9225,21029.20326,48800.65439,68500.37,90.77
2022-05-10T12:00+02:00,-7451.5825,20483.11775,51499.01595,69253.225,90.77
2022-05-10T13:00+02:00,-7404.5325,20126.05421,51416.69379,68568.64,90.77
2022-05-10T14:00+02:00,-6558.2625,20609.93171,50159.80091,67734.5275,90.77
2022-05-10T15:00+02:00,-5652.165,21265.56482,46750.17829,66876.31,90.77
2022-05-10T16:00+02:00,-4451.5925,21473.19687,42132.76962,64319.625,90.77
2022-05-10T17:00+02:00,-579.6975,22420.9261,36202.59,64059.67,90.77
2022-05-10T18:00+02:00,2960.5175,23907.495,29687.15374,63454.9275,90.77
2022-05-10T19:00+02:00,3777.385,25114.24076,24000.59729,63131.8125,90.77
2022-05-10T20:00+02:00,4028.255,24810.77378,20652.53969,60751.07,90.77
2022-05-10T21:00+02:00,3584.685,24092.12551,19741.58149,58818.0325,90.77
2022-05-10T22:00+02:00,1691.845,23354.51409,19218.03019,55038.8975,90.77
2022-05-10T23:00+02:00,631.69,22333.36894,18648.62871,50822.7575,90.77
2022-05-11T00:00+02:00,-664.4475,22566.0633,17661.59537,46840.7275,90.77
2022-05-11T01:00+02:00,-325.2875,22702.50716,17127.54245,45334.09,90.77
2022-05-11T02:00+02:00,-124.2675,22622.21599,17130.69669,44457.185,90.77
2022-05-11T03:00+02:00,193.4375,22007.83825,17638.44503,44874.3425,90.77
2022-05-11T04:00+02:00,667.65,22043.66717,18226.01753,46093.3075,90.77
2022-05-11T05:00+02:00,2057.6925,22108.00897,19471.33326,49262.62,90.77
2022-05-11T06:00+02:00,5015.0425,22958.50208,22039.43168,56556.705,90.77
2022-05-11T07:00+02:00,3267.0425,23634.24673,26213.33885,62053.5975,90.77
2022-05-11T08:00+02:00,1341.5425,23138.12248,30968.49897,65171.7975,90.77
2022-05-11T09:00+02:00,-1990.255,21871.78549,38456.77831,65804.52,90.77
2022-05-11T10:00+02:00,-5199.53,19158.44589,47996.12059,66846.735,90.77
2022-05-11T11:00+02:00,-9323.1625,16560.03934,56489.6839,68459.9125,90.77
2022-05-11T12:00+02:00,-10106.805,13411.78313,63072.90441,68660.185,90.77
2022-05-11T13:00+02:00,-10746.1275,11819.5904,63982.21057,68482.7525,90.77
2022-05-11T14:00+02:00,-10619.1975,11954.11458,61630.83579,67259.78,90.77
2022-05-11T15:00+02:00,-9643.195,12119.41441,59704.14651,66438.675,90.77
2022-05-11T16:00+02:00,-7811.44,14169.51787,55750.25282,65273.2125,90.77
2022-05-11T17:00+02:00,-6564.3575,17333.94234,48422.57122,64751.5675,90.77
2022-05-11T18:00+02:00,-283.8675,19062.61284,37762.38166,63100.3975,90.77
2022-05-11T19:00+02:00,4134.98,20519.09588,28641.62833,61980.6275,90.77
2022-05-11T20:00+02:00,6141.4725,20940.70091,23830.27013,59567.5725,90.77
2022-05-11T21:00+02:00,4822.935,20671.69723,24532.22452,58317.715,90.77
2022-05-11T22:00+02:00,2777.005,20362.3916,25806.05125,55039.67,90.77
2022-05-11T23:00+02:00,-787.0925,19133.23028,27675.03997,50542.6075,90.77
2022-05-12T00:00+02:00,-3529.485,17249.56163,29605.2092,47131.24,90.77
2022-05-12T01:00+02:00,-4988.88,16885.29963,31415.7931,46290.4525,90.77
2022-05-12T02:00+02:00,-6098.01,16996.94622,32361.48258,45901.2675,90.77
2022-05-12T03:00+02:00,-6250.1975,17045.44657,32681.91164,46461.4225,90.77
2022-05-12T04:00+02:00,-5391.625,17305.31151,32125.41131,47643.75,90.77
2022-05-12T05:00+02:00,-3245.32,17618.99302,32032.43923,50559.455,90.77
2022-05-12T06:00+02:00,-1141.7325,18820.13259,32880.82858,57564.1925,90.77
2022-05-12T07:00+02:00,-1006.345,19504.01146,35032.08561,62156.105,90.77
2022-05-12T08:00+02:00,-2375.4475,19342.89698,38622.55099,64807.7525,90.77
2022-05-12T09:00+02:00,-4903.62,18872.42536,43258.16293,65272.065,90.77
2022-05-12T10:00+02:00,-5711.375,17250.74971,47437.98208,65438.215,90.77
2022-05-12T11:00+02:00,-5529.605,16965.69774,50773.421,66303.485,90.77
2022-05-12T12:00+02:00,-5715.3725,16562.55048,53277.56031,66068.7875,90.77
2022-05-12T13:00+02:00,-5261.19,16044.88331,54814.88069,66303.5975,90.77
2022-05-12T14:00+02:00,-5659.2375,16826.82393,54764.79665,65688.7775,90.77
2022-05-12T15:00+02:00,-5417.3925,17321.78515,50847.52701,64423.87,90.77
2022-05-12T16:00+02:00,-2660.8825,18070.0829,44934.34526,62800.03,90.77
2022-05-12T17:00+02:00,149.815,19537.74979,37430.66969,63029.5075,90.77
2022-05-12T18:00+02:00,3893.3675,22012.22165,29002.98895,62452.58,90.77
2022-05-12T19:00+02:00,9933.02,22831.21149,22385.31703,62215.5025,90.77
2022-05-12T20:00+02:00,12366.82,22680.87318,17563.16929,60219.78,90.77
2022-05-12T21:00+02:00,11409.8575,22615.51151,15373.36154,58487.39,90.77
2022-05-12T22:00+02:00,9505.6075,22428.8279,14923.8797,54682.565,90.77
2022-05-12T23:00+02:00,7198.6925,21626.3144,14959.26792,50513.9075,90.77
2022-05-13T00:00+02:00,5969.765,21408.45065,15056.48994,47970.6075,90.77
2022-05-13T01:00+02:00,5723.6825,20714.21115,15138.88471,46326.16,90.77
2022-05-13T02:00+02:00,4538.9275,20478.2569,15905.3601,45024.5475,90.77
2022-05-13T03:00+02:00,4252.6075,20207.57292,16860.53135,45056.1175,90.77
2022-05-13T04:00+02:00,4878.55,19839.04131,17552.83321,46150.565,90.77
2022-05-13T05:00+02:00,4937.705,19920.39508,19254.20761,49483.9325,90.77
2022-05-13T06:00+02:00,6943.5425,20672.39633,21598.74502,56420.2375,90.77
2022-05-13T07:00+02:00,7478.41,21079.61859,24456.84445,61778.9225,90.77
2022-05-13T08:00+02:00,6325.8575,20566.52186,29862.76096,64680.4775,90.77
2022-05-13T09:00+02:00,2314.345,19827.27988,36794.95106,65554.595,90.77
2022-05-13T10:00+02:00,-2720.5175,18002.41272,45222.87897,66732.36,90.77
2022-05-13T11:00+02:00,-6087.9925,16559.99175,51505.63823,67670.3775,89.255
2022-05-13T12:00+02:00,-8131.1525,15714.87315,54777.40774,67052.2575,88.75
2022-05-13T13:00+02:00,-8520.315,14762.36688,57781.87531,65681.37,88.75
2022-05-13T14:00+02:00,-8339.455,13573.37548,57312.39131,64397.83,88.75
2022-05-13T15:00+02:00,-7526.25,12853.79528,57053.76891,64502.0425,88.75
2022-05-13T16:00+02:00,-6229.1575,13777.72703,53179.18559,63305.6025,88.75
2022-05-13T17:00+02:00,-4443.505,16109.56077,46048.50636,62752.235,88.75
2022-05-13T18:00+02:00,283.3225,16845.77914,37984.87804,61644.16,88.75
2022-05-13T19:00+02:00,4444.2075,17392.18362,29294.37562,60714.35,88.75
2022-05-13T20:00+02:00,6604.9175,18041.72088,23796.12301,58022.48,88.75
2022-05-13T21:00+02:00,6755.9425,17964.71901,22448.11241,56358.575,88.75
2022-05-13T22:00+02:00,3835.8925,18124.68172,22818.49092,53169.145,88.75
2022-05-13T23:00+02:00,931.0275,17570.61461,23678.00207,49439.505,88.75
2022-05-14T00:00+02:00,593.6425,16818.03382,24210.47888,46365.3725,88.75
2022-05-14T01:00+02:00,-479.715,16333.56715,24479.11287,44476.1325,88.75
2022-05-14T02:00+02:00,-809.7725,16134.65235,24219.74875,42872.12,88.75
2022-05-14T03:00+02:00,87.1525,15862.64164,24345.02795,42681.5575,88.75
2022-05-14T04:00+02:00,593.235,15937.43286,24735.92671,43091.4775,88.75
2022-05-14T05:00+02:00,844.885,15687.88635,24467.54259,43414.2775,88.75
2022-05-14T06:00+02:00,783.7475,16096.91759,24474.74634,44762.2875,88.75
2022-05-14T07:00+02:00,112.7075,16593.15457,25967.96005,47537.1825,88.75
2022-05-14T08:00+02:00,-894.06,16550.81547,30909.59719,51071.8575,88.75
2022-05-14T09:00+02:00,-4591.375,16526.12484,37854.66139,53293.605,88.75
2022-05-14T10:00+02:00,-7331.26,16063.07899,45056.97204,55135.12,88.75
2022-05-14T11:00+02:00,-9109.6975,14535.78415,49685.03465,56064.205,88.75
2022-05-14T12:00+02:00,-9367.2525,13375.8314,51539.90712,55251.2725,88.75
2022-05-14T13:00+02:00,-9649.1325,12432.11101,50812.47134,53252.5075,88.75
2022-05-14T14:00+02:00,-9384.415,12362.17991,49026.45108,51652.8775,88.75
2022-05-14T15:00+02:00,-8933.37,13237.67923,46163.35214,50508.995,88.75
2022-05-14T16:00+02:00,-8130.955,15565.13771,41142.9419,50290.8375,88.75
2022-05-14T17:00+02:00,-3431.845,16535.48307,33904.29646,50448.745,88.75
2022-05-14T18:00+02:00,1352.6375,17997.16764,25743.64271,51023.6625,88.75
2022-05-14T19:00+02:00,4699.5025,18198.00412,18730.04221,50567.3325,88.75
2022-05-14T20:00+02:00,5239.13,18487.8447,14322.4962,48832.09,88.75
2022-05-14T21:00+02:00,5083.63,18693.31909,13350.03069,48084.4075,88.75
2022-05-14T22:00+02:00,3951.9075,18675.61132,13195.72518,46327.1,88.75
2022-05-14T23:00+02:00,3220.06,18511.34576,12911.93953,43223.775,88.75
2022-05-15T00:00+02:00,3874.96,18068.16496,12652.80435,41050.6275,88.75
2022-05-15T01:00+02:00,4198.28,17519.22067,12410.10279,39152.7375,88.75
2022-05-15T02:00+02:00,4130.78,17428.41079,11883.76245,37811.5175,88.75
2022-05-15T03:00+02:00,4811.1075,17135.73777,11405.71446,37324.3625,88.75
2022-05-15T04:00+02:00,5271.0275,17002.76034,10985.32842,37254.69,88.75
2022-05-15T05:00+02:00,5593.1575,16885.626,10783.4681,36920.1725,88.75
2022-05-15T06:00+02:00,4723.2875,16505.93864,12616.24499,37485.6125,88.75
2022-05-15T07:00+02:00,2870.765,15945.29949,17926.42879,40211.455,88.75
2022-05-15T08:00+02:00,9.0425,15365.68498,24798.66578,43893.4575,88.75
2022-05-15T09:00+02:00,-4221.375,15103.15687,31996.27038,47186.18,88.75
2022-05-15T10:00+02:00,-5563.9575,13674.89659,38105.90065,48940.09,88.75
2022-05-15T11:00+02:00,-5861.245,12564.54427,42168.37672,50234.5875,88.75
2022-05-15T12:00+02:00,-5765.07,11188.16549,44124.5428,49807.8025,88.75
2022-05-15T13:00+02:00,-7954.785,10932.59101,44395.80957,48245.855,88.75
2022-05-15T14:00+02:00,-7474.65,10870.20322,42900.10698,46550.6575,88.75
2022-05-15T15:00+02:00,-5680.1175,10904.93356,39968.16692,45552.085,88.75
2022-05-15T16:00+02:00,-2569.36,12050.09359,35336.01622,45397.24,88.75
2022-05-15T17:00+02:00,-594.0075,15803.48112,28813.99576,46466.65,88.75
2022-05-15T18:00+02:00,4202.495,17612.41281,21534.82379,48066.145,88.75
2022-05-15T19:00+02:00,6681.755,18582.66714,16422.08416,48687.415,88.75
2022-05-15T20:00+02:00,6243.1775,18816.32247,15411.26437,48414.66,88.75
2022-05-15T21:00+02:00,4838.7175,18745.00352,18070.85108,48423.6025,88.75
2022-05-15T22:00+02:00,2399.485,18787.28921,20421.26363,48068.3,88.75
2022-05-15T23:00+02:00,7.2375,18318.98234,21594.79315,45086.9775,88.75
2022-05-16T00:00+02:00,-1118.79,17900.60775,22074.00558,42961.0625,88.75
2022-05-16T01:00+02:00,-1613.4875,17957.19008,22207.43192,41415.13,88.75
2022-05-16T02:00+02:00,-2261.275,17878.10154,22639.02046,40677.3525,88.75
2022-05-16T03:00+02:00,-1515.9575,17841.33608,23365.76343,41497.8275,88.75
2022-05-16T04:00+02:00,-911.565,18247.59198,22606.13364,43471.7525,88.75
2022-05-16T05:00+02:00,280.3275,19741.97847,22522.37153,47015.0675,88.75
2022-05-16T06:00+02:00,2658.33,21342.92815,23787.29699,54602.715,88.75
2022-05-16T07:00+02:00,2991.275,22054.53267,25734.83705,60034.9575,88.75
2022-05-16T08:00+02:00,2296.1875,22227.33155,28594.73149,63333.175,88.75
2022-05-16T09:00+02:00,1677.5475,21721.64574,33208.56636,64931.0925,88.75
2022-05-16T10:00+02:00,373.96,20680.87562,37990.90169,66037.53,88.75
2022-05-16T11:00+02:00,-756.655,19735.1816,42181.65517,66839.8025,88.75
2022-05-16T12:00+02:00,-1882.3175,19121.68303,44132.36303,66592.1575,88.75
2022-05-16T13:00+02:00,-2141.7425,19281.52291,43841.35832,65816.7125,88.75
2022-05-16T14:00+02:00,-1255.3125,19819.21471,42161.50784,65042.44,88.75
2022-05-16T15:00+02:00,59.755,20023.57207,38519.81718,65208.1225,88.75
2022-05-16T16:00+02:00,1553.99,21339.08597,33820.99305,63329.685,88.75
2022-05-16T17:00+02:00,3793.8775,22702.95692,29040.82388,63500.695,88.75
2022-05-16T18:00+02:00,5755.645,23399.80201,25226.27961,62931.2275,88.75
2022-05-16T19:00+02:00,6528.9975,23451.10499,23261.34145,62531.2675,88.75
2022-05-16T20:00+02:00,6458.7675,23365.09528,21720.30728,60744.455,88.75
2022-05-16T21:00+02:00,5202.845,23287.99445,19975.32048,58725.0875,88.75
2022-05-16T22:00+02:00,3537.5025,23278.89238,18758.36046,54992.495,88.75
2022-05-16T23:00+02:00,2719.3,23713.40377,17194.46496,50710.945,88.75
2022-05-17T00:00+02:00,1775.45,23355.01109,15889.25326,47088.27,88.75
2022-05-17T01:00+02:00,2717.7075,22769.61421,15276.92611,45687.805,88.75
2022-05-17T02:00+02:00,2751.25,22558.99324,14964.40589,45108.69,88.75
2022-05-17T03:00+02:00,3988.7475,22553.60322,14874.41314,45391.0675,88.75
2022-05-17T04:00+02:00,5507.175,22266.37453,14297.77767,46606.79,88.75
2022-05-17T05:00+02:00,6611.36,23131.2647,13265.38662,49508.915,88.75
2022-05-17T06:00+02:00,8456.815,25091.76915,14199.99452,56207.445,88.75
2022-05-17T07:00+02:00,7579.555,26203.80141,16799.27047,61382.5125,88.75
2022-05-17T08:00+02:00,6045.9775,26707.34979,20910.04065,64286.2675,88.75
2022-05-17T09:00+02:00,4575.1825,26661.31665,25739.70886,65394.545,88.75
2022-05-17T10:00+02:00,2785.0175,26187.8642,30334.16106,66152.27,88.75
2022-05-17T11:00+02:00,1462.54,25564.61416,33802.99212,67437.07,88.75
2022-05-17T12:00+02:00,999.2725,24776.77705,35285.72906,67018.45,88.75
2022-05-17T13:00+02:00,1303.105,24141.38721,35577.59386,66649.5175,88.75
2022-05-17T14:00+02:00,1760.425,22987.05337,35201.8996,65555,88.75
2022-05-17T15:00+02:00,3067.2525,23049.81212,33833.81377,64418.225,88.75
2022-05-17T16:00+02:00,3249.175,23744.68944,30550.70123,63261.9825,88.75
2022-05-17T17:00+02:00,4638.7725,25155.67233,25888.9351,62833.86,88.75
2022-05-17T18:00+02:00,6622.78,26593.33082,20683.88242,62588.65,88.75
2022-05-17T19:00+02:00,7803.995,26701.17923,16342.6988,62192.7575,88.75
2022-05-17T20:00+02:00,6928.2725,26858.55351,14161.80593,60106.415,88.75
2022-05-17T21:00+02:00,5524.7075,26837.33452,15064.96518,58502.91,88.75
2022-05-17T22:00+02:00,2809.48,26853.87777,16573.00542,55362.92,88.75
2022-05-17T23:00+02:00,373.725,25211.19425,17986.70945,51426.325,88.75
2022-05-18T00:00+02:00,854.2375,23155.14615,19076.34178,48381.305,88.75
2022-05-18T01:00+02:00,1622.855,21818.17231,19976.1928,46887.475,88.75
2022-05-18T02:00+02:00,1872.6175,21292.17629,20820.02191,46220.81,88.75
2022-05-18T03:00+02:00,1545.01,21152.43155,21526.44114,46424.5925,88.75
2022-05-18T04:00+02:00,2427.855,20986.46345,22044.74112,47720.095,88.75
2022-05-18T05:00+02:00,2692.5575,21739.70795,22646.72003,50621.6775,88.75
2022-05-18T06:00+02:00,2398.06,23834.46502,24021.31999,57332.91,88.75
2022-05-18T07:00+02:00,3628.88,24378.6967,25992.25115,62188.305,88.75
2022-05-18T08:00+02:00,2024.74,24343.83046,30010.53841,65185.3,88.75
2022-05-18T09:00+02:00,96.525,23130.71511,35848.36969,65926.615,88.75
2022-05-18T10:00+02:00,-439.5575,21158.72652,41685.84153,67232.7825,88.75
2022-05-18T11:00+02:00,-1378.14,20261.26698,45191.97756,68146.4125,88.75
2022-05-18T12:00+02:00,-2789.3725,19951.65877,46392.54463,67543.64,88.75
2022-05-18T13:00+02:00,-2656.0425,20031.13773,45339.85502,66498.7625,88.75
2022-05-18T14:00+02:00,-1506.0025,19997.05813,42988.36949,65102.7425,88.75
2022-05-18T15:00+02:00,-239.6975,20220.12005,39149.74414,63949.25,88.75
2022-05-18T16:00+02:00,1396.365,21596.52985,34230.57758,62621.67,88.75
2022-05-18T17:00+02:00,2930.1075,24105.52618,28108.59906,62414.595,88.75
2022-05-18T18:00+02:00,7143.1725,24955.72704,21119.05135,62255.8825,88.75
2022-05-18T19:00+02:00,8732.1075,25213.73002,15914.99532,61777.595,88.75
2022-05-18T20:00+02:00,7339.37,25728.83897,14613.94584,59975.3975,88.75
2022-05-18T21:00+02:00,4870.0925,25876.29634,16937.95567,58522.9225,88.75
2022-05-18T22:00+02:00,2242.7,25229.14161,19611.61365,55565.7925,88.75
2022-05-18T23:00+02:00,-222.26,23852.54991,20851.23169,52048.6975,88.75
2022-05-19T00:00+02:00,-381.84,21752.10759,20833.02456,49685.7825,88.75
2022-05-19T01:00+02:00,-278.605,21228.30013,20358.56236,47511.7,88.75
2022-05-19T02:00+02:00,355.3875,20831.93014,19905.70061,46286.4825,88.75
2022-05-19T03:00+02:00,1067.9275,20831.36889,19561.45952,46414.7625,88.75
2022-05-19T04:00+02:00,2301.86,20569.55652,19447.67852,46918.96,88.75
2022-05-19T05:00+02:00,3717.1625,20830.81379,19802.23857,49784.435,88.75
2022-05-19T06:00+02:00,3615.9875,22550.23278,22171.84682,56940.6775,88.75
2022-05-19T07:00+02:00,2117.29,22646.49956,25905.33011,62304.56,88.75
2022-05-19T08:00+02:00,2600.0075,21484.1849,29932.86018,65289.965,88.75
2022-05-19T09:00+02:00,-406.5875,20276.29828,35389.22649,65811.7475,88.75
2022-05-19T10:00+02:00,-565.9675,18906.87071,39817.78643,66458.025,88.75
2022-05-19T11:00+02:00,-1234.82,18175.86502,42218.90975,66597.7425,88.75
2022-05-19T12:00+02:00,-2825.66,18325.5067,44233.40642,65879.8825,88.75
2022-05-19T13:00+02:00,-857.25,18093.8261,44444.79787,65148.88,88.75
2022-05-19T14:00+02:00,-1193.9425,17977.34125,42412.27463,63901.2775,88.75
2022-05-19T15:00+02:00,-783.1025,18239.85323,39399.56056,64020.595,88.75
2022-05-19T16:00+02:00,2491.2775,18485.69486,34841.04477,64204.535,88.75
2022-05-19T17:00+02:00,5451.57,20255.38315,30314.89073,64810.0025,88.75
2022-05-19T18:00+02:00,7887.7275,21505.35355,23494.12297,63803.74,88.75
2022-05-19T19:00+02:00,7925.2775,21794.37619,19580.4827,61933.675,88.75
2022-05-19T20:00+02:00,9364.81,21348.00866,19570.17919,60223.95,88.75
2022-05-19T21:00+02:00,6787.115,21563.65096,19281.00893,57799.5675,88.75
2022-05-19T22:00+02:00,3806.8775,21476.27649,20189.21696,54858.605,88.75
2022-05-19T23:00+02:00,1938.945,20915.43893,20326.17169,50697.04,88.75
2022-05-20T00:00+02:00,1286.51,20629.04529,20655.08083,48252.1575,88.75
2022-05-20T01:00+02:00,1045.56,20097.4768,21572.57921,47352.41,88.75
2022-05-20T02:00+02:00,1871.01,19822.28286,20853.13231,46978.55,88.75
2022-05-20T03:00+02:00,3479.4325,19691.44609,18771.89145,46582.6925,88.75
2022-05-20T04:00+02:00,5216.2675,19940.11965,16806.78807,46974.1475,88.75
2022-05-20T05:00+02:00,7721.595,20476.99991,14950.15394,49072.35,88.75
2022-05-20T06:00+02:00,9374.7725,21824.77409,15717.08189,55581.9075,88.75
2022-05-20T07:00+02:00,9562.1175,22059.51409,18613.11749,60868.73,88.75
2022-05-20T08:00+02:00,8556.695,22119.46357,23624.06236,63890.42,88.75
2022-05-20T09:00+02:00,5500.9325,21929.53797,29585.77894,65185.47,88.75
2022-05-20T10:00+02:00,3434.8225,20743.64262,35203.82264,66228.2525,88.75
2022-05-20T11:00+02:00,1388.175,19507.84893,39128.17359,67293.3275,83.05
2022-05-20T12:00+02:00,-747.09,19593.47046,40847.74964,66842.2275,81.15
2022-05-20T13:00+02:00,-1797.4175,19039.51491,41164.47105,65542.86,81.15
2022-05-20T14:00+02:00,-1507.735,18880.55531,39484.65054,64214.785,81.15
2022-05-20T15:00+02:00,-608.33,19328.10129,34953.4139,62956.5525,81.15
2022-05-20T16:00+02:00,3504.005,19504.89151,30202.05531,61193.0775,81.15
2022-05-20T17:00+02:00,7164.3525,20159.03942,27076.05368,60736.3725,81.15
2022-05-20T18:00+02:00,9970.6975,20878.06398,23966.00699,61023.3525,81.15
2022-05-20T19:00+02:00,7622.2325,20928.78298,24380.93526,60344.965,81.15
2022-05-20T20:00+02:00,4945.785,20078.11632,25732.53912,58429.945,81.15
2022-05-20T21:00+02:00,2177.39,18653.08002,28821.52044,56575.4,81.15
2022-05-20T22:00+02:00,-1084.23,17066.81185,31108.8979,53138.9175,81.15
2022-05-20T23:00+02:00,-3443.7125,15292.2255,34715.2891,48752.13,81.15
2022-05-21T00:00+02:00,-7314.7625,13354.39186,36939.53591,46771.415,81.15
2022-05-21T01:00+02:00,-8946.565,12177.60145,38074.88672,44909.015,81.15
2022-05-21T02:00+02:00,-9322.8425,11848.67944,37929.27822,44078.5875,81.15
2022-05-21T03:00+02:00,-9453.2875,11817.07095,37008.7382,43802.3425,81.15
2022-05-21T04:00+02:00,-7963.4175,11987.44504,35929.83649,43906.2875,81.15
2022-05-21T05:00+02:00,-6831.105,12209.89924,34619.27244,44260.445,81.15
2022-05-21T06:00+02:00,-7515.5825,13292.23865,34831.9417,46274.8125,81.15
2022-05-21T07:00+02:00,-8243.115,13686.99331,37934.16069,49651.5975,81.15
2022-05-21T08:00+02:00,-9056.3225,12232.78269,44339.62693,53640.0225,81.15
2022-05-21T09:00+02:00,-10622.195,10556.01489,50773.49909,56132.925,81.15
2022-05-21T10:00+02:00,-11616.8125,9867.231464,55632.86578,57323.9575,81.15
2022-05-21T11:00+02:00,-12166.785,9714.593468,58131.4942,57577.0075,81.15
2022-05-21T12:00+02:00,-12752.415,9523.297747,57860.34728,57230.375,81.15
2022-05-21T13:00+02:00,-11123.2725,9247.400533,54975.79489,55408.56,81.15
2022-05-21T14:00+02:00,-11590.9525,9329.061451,53656.30017,53634.9775,81.15
2022-05-21T15:00+02:00,-12224.025,9622.043873,53443.36025,52586.7125,81.15
2022-05-21T16:00+02:00,-11919.47,9762.236457,52153.72841,52098.6425,81.15
2022-05-21T17:00+02:00,-10382.6275,11953.32161,46695.25416,52597.4275,81.15
2022-05-21T18:00+02:00,-5691.1375,14354.17629,38142.32213,52316.7825,81.15
2022-05-21T19:00+02:00,321.2075,15402.26608,29495.26151,51544.4075,81.15
2022-05-21T20:00+02:00,1410.745,16173.66036,22610.4939,49070.28,81.15
2022-05-21T21:00+02:00,1370.7925,16934.03818,19014.04062,47637.2175,81.15
2022-05-21T22:00+02:00,1852.88,17202.00363,17247.98378,45882.6025,81.15
2022-05-21T23:00+02:00,1546.6625,17365.24162,16035.57711,42863.09,81.15
2022-05-22T00:00+02:00,2769.4875,17218.58883,14534.26375,39944.16,81.15
2022-05-22T01:00+02:00,3813.4225,17162.54283,13046.4343,38265.1375,81.15
2022-05-22T02:00+02:00,4174.74,17034.49127,12169.74208,35659.8775,81.15
2022-05-22T03:00+02:00,4665.8125,17161.71906,11649.8575,36457.06,81.15
2022-05-22T04:00+02:00,5455.825,17129.8131,11394.31339,36607.965,81.15
2022-05-22T05:00+02:00,5761.4975,16974.70192,11292.68252,36317.3075,81.15
2022-05-22T06:00+02:00,4252.765,17020.32385,12756.44371,36669.27,81.15
2022-05-22T07:00+02:00,2067.5175,16644.04786,16793.38786,38952.355,81.15
2022-05-22T08:00+02:00,-428.2325,16671.95289,23760.44463,42575.76,81.15
2022-05-22T09:00+02:00,-3354.1125,16357.75889,30834.95392,45502.5175,81.15
2022-05-22T10:00+02:00,-6422.1275,16501.36762,35573.14497,47594.69,81.15
2022-05-22T11:00+02:00,-6949.695,16399.6816,38566.18127,49360.2075,81.15
2022-05-22T12:00+02:00,-7014.0925,16125.10115,40346.53658,49428.995,81.15
2022-05-22T13:00+02:00,-9556.2325,15877.78677,40913.13155,47571.195,81.15
2022-05-22T14:00+02:00,-7689.37,15447.2163,39639.26643,46087.2975,81.15
2022-05-22T15:00+02:00,-7624.19,16160.21727,36730.47988,45630.93,81.15
2022-05-22T16:00+02:00,-3808.2775,16505.26644,31198.60912,45465.455,81.15
2022-05-22T17:00+02:00,79.9625,17622.07197,24605.37383,46260.705,81.15
2022-05-22T18:00+02:00,5451.205,19468.27194,18000.08504,47879.245,81.15
2022-05-22T19:00+02:00,6796.385,20811.52097,13546.15328,48207.12,81.15
2022-05-22T20:00+02:00,6188.1575,21426.5223,11788.99141,47931.6275,81.15
2022-05-22T21:00+02:00,3820.2675,21706.45531,13022.66546,47387.3375,81.15
2022-05-22T22:00+02:00,1723.4,21680.62524,15309.59241,47091.5375,81.15
2022-05-22T23:00+02:00,164.0975,20995.37058,17272.37254,44407.3625,81.15
2022-05-23T00:00+02:00,-980.97,19702.93408,19144.5823,41923.29,81.15
2022-05-23T01:00+02:00,-2428.93,18714.28646,20609.32116,40658.265,81.15
2022-05-23T02:00+02:00,-3283.1225,18560.26026,21555.85372,40178.83,81.15
2022-05-23T03:00+02:00,-2850.3525,18176.70615,21960.87659,40320.8375,81.15
2022-05-23T04:00+02:00,-2244.6875,18261.71767,21980.51771,41937.085,81.15
2022-05-23T05:00+02:00,-755.605,18759.32602,22268.1325,45202.285,81.15
2022-05-23T06:00+02:00,1806.2525,20112.38389,24357.53219,52532.7025,81.15
2022-05-23T07:00+02:00,1018.695,21387.25959,25905.53163,58542.3525,81.15
2022-05-23T08:00+02:00,536.1725,21786.06036,28940.11152,62353.0825,81.15
2022-05-23T09:00+02:00,-347.985,21638.40699,34734.80155,62938.2425,81.15
2022-05-23T10:00+02:00,-3081.84,20902.11524,40797.65518,64049.955,81.15
2022-05-23T11:00+02:00,-5191.93,19667.12476,47128.1024,66282.2325,81.15
2022-05-23T12:00+02:00,-7119.455,17919.3919,50711.6925,66998.2975,81.15
2022-05-23T13:00+02:00,-7736.455,17454.63077,50901.10981,65983.54,81.15
2022-05-23T14:00+02:00,-7617.585,17551.8245,50889.66664,64798.0875,81.15
2022-05-23T15:00+02:00,-6069.575,17725.02798,47888.37682,64450.7125,81.15
2022-05-23T16:00+02:00,-3951.4675,18567.08557,44390.43628,62367.0975,81.15
2022-05-23T17:00+02:00,-1805.3575,19085.58634,41112.69125,63214.9675,81.15
2022-05-23T18:00+02:00,-371.1625,20122.86817,37451.28395,64084.1525,81.15
2022-05-23T19:00+02:00,-1389.8125,20688.40513,35388.77854,62744.015,81.15
2022-05-23T20:00+02:00,-2111.4625,20551.14167,34527.57773,60124.9625,81.15
2022-05-23T21:00+02:00,-3636.7425,19939.78667,35648.06458,58357.0275,81.15
2022-05-23T22:00+02:00,-3900.0375,19050.86123,35509.19933,55630.7875,81.15
2022-05-23T23:00+02:00,-4052,16949.52387,35271.39567,52033.3325,81.15
2022-05-24T00:00+02:00,-4935.64,16514.61183,33725.98263,49368.9975,81.15
2022-05-24T01:00+02:00,-3303.9125,17330.93372,32542.79308,48404.985,81.15
2022-05-24T02:00+02:00,-2760.0075,17610.95079,30186.45656,47108.8875,81.15
2022-05-24T03:00+02:00,-2428.3125,17643.04702,29147.61806,46877.4375,81.15
2022-05-24T04:00+02:00,-404.9775,17485.06401,27886.49625,47346.595,81.15
2022-05-24T05:00+02:00,1091.875,17546.84776,26684.88266,49369.4,81.15
2022-05-24T06:00+02:00,3376.645,18649.88825,26698.47587,55494.72,81.15
2022-05-24T07:00+02:00,4277.595,19304.11358,26957.16311,61085.9825,81.15
2022-05-24T08:00+02:00,4018.975,19346.61788,28682.82083,64143.7575,81.15
2022-05-24T09:00+02:00,5808.1925,19041.59508,31166.01622,65131.2325,81.15
2022-05-24T10:00+02:00,3804.4025,18625.11867,35665.38471,66279.36,81.15
2022-05-24T11:00+02:00,1366.1825,18596.33069,39830.52017,67069.6775,81.15
2022-05-24T12:00+02:00,-307.06,18468.31436,43696.87385,66670.5725,81.15
2022-05-24T13:00+02:00,-2091.145,17907.37916,45634.26373,65655.895,81.15
2022-05-24T14:00+02:00,-2775.2175,17740.71185,46564.36479,64334.925,81.15
2022-05-24T15:00+02:00,-2814.795,17880.79916,45165.29689,63289.0875,81.15
2022-05-24T16:00+02:00,-2735.4975,18452.15905,42147.11221,61518.86,81.15
2022-05-24T17:00+02:00,-759.2575,19604.48766,37858.65952,61380.8375,81.15
2022-05-24T18:00+02:00,1260.065,21644.00883,31834.63286,61275.685,81.15
2022-05-24T19:00+02:00,2696.895,22508.07215,24791.16258,60747.6025,81.15
2022-05-24T20:00+02:00,5105.835,22378.56598,19424.50505,57384.29,81.15
2022-05-24T21:00+02:00,7122.38,22306.67516,17562.2769,55281.455,81.15
2022-05-24T22:00+02:00,6178.845,21869.27342,16699.26051,52465.7675,81.15
2022-05-24T23:00+02:00,4760.815,21541.71225,16593.49687,48546.3325,81.15
2022-05-25T00:00+02:00,3399.0025,20560.71591,16469.5015,45592.5525,81.15
2022-05-25T01:00+02:00,3528.43,20037.38096,15552.56852,43546.2,81.15
2022-05-25T02:00+02:00,4183.9125,19700.74865,14833.8176,42264.16,81.15
2022-05-25T03:00+02:00,5428.03,19302.90045,14528.38047,42541.915,81.15
2022-05-25T04:00+02:00,5971.465,19360.96831,14745.73066,43657.65,81.15
2022-05-25T05:00+02:00,7058.385,19888.7511,14931.6877,46400.185,81.15
2022-05-25T06:00+02:00,7822.41,21633.93235,16584.59449,53529.71,81.15
2022-05-25T07:00+02:00,7820.93,22088.55641,19245.6984,58482.09,81.15
2022-05-25T08:00+02:00,7052.065,21572.75993,24737.70744,61718.6425,81.15
2022-05-25T09:00+02:00,2781.075,20319.31632,32706.9798,62053.9225,81.15
2022-05-25T10:00+02:00,26.385,18344.87572,39964.61819,63438.015,81.15
2022-05-25T11:00+02:00,-1070.4175,17185.24495,45028.60606,64076.935,81.15
2022-05-25T12:00+02:00,-2682.355,16685.25618,48579.0638,64623.62,81.15
2022-05-25T13:00+02:00,-4036.63,16218.847,50600.73923,64527.2625,81.15
2022-05-25T14:00+02:00,-5449.395,15453.87471,50991.78774,62859.9425,81.15
2022-05-25T15:00+02:00,-5455.8825,15153.16572,50387.67913,62191,81.15
2022-05-25T16:00+02:00,-5146.9675,15623.23329,47689.17982,60955.415,81.15
2022-05-25T17:00+02:00,-4754.405,17117.23297,41980.67486,60099.815,81.15
2022-05-25T18:00+02:00,-457.675,17472.69854,36098.44875,59509.31,81.15
2022-05-25T19:00+02:00,2617.4725,18052.23537,30081.0645,58944.7925,81.15
2022-05-25T20:00+02:00,3319.0375,18120.60892,26663.98372,56748.2375,81.15
2022-05-25T21:00+02:00,1709.4775,18064.40837,26187.14022,54716.69,81.15
2022-05-25T22:00+02:00,-944.5125,17817.33206,27578.45283,51830.0975,81.15
2022-05-25T23:00+02:00,-3187.1725,16848.99522,29874.28494,48272.1325,81.15
2022-05-26T00:00+02:00,-7417.72,14902.16725,32198.0547,45943.0525,81.15
2022-05-26T01:00+02:00,-6997.01,13262.78714,33162.97167,44170.335,81.15
2022-05-26T02:00+02:00,-7689.575,12425.59711,33695.60326,43430.0475,81.15
2022-05-26T03:00+02:00,-7645.1175,12358.10378,33719.29343,42440.9525,81.15
2022-05-26T04:00+02:00,-7838.6575,12440.80391,33358.44947,41910.5925,81.15
2022-05-26T05:00+02:00,-8109.12,12833.59352,32295.39555,41347.3225,81.15
2022-05-26T06:00+02:00,-8472.6425,12595.83985,33004.91277,41283.03,81.15
2022-05-26T07:00+02:00,-9286.92,11782.8132,37009.20863,44252.0825,81.15
2022-05-26T08:00+02:00,-8507.2025,10365.72282,43062.79865,48114.52,81.15
2022-05-26T09:00+02:00,-10163.8025,10021.2776,47971.8446,50572.1725,81.15
2022-05-26T10:00+02:00,-11050.9375,9814.266371,49454.28801,52099.2325,81.15
2022-05-26T11:00+02:00,-10932.56,9659.330527,51383.51132,53338.86,81.15
2022-05-26T12:00+02:00,-12087.04,9356.405864,53301.41255,52719.69,81.15
2022-05-26T13:00+02:00,-11578.3525,9338.295547,50853.23199,50868.5625,81.15
2022-05-26T14:00+02:00,-9928.4425,9227.756137,48265.91804,49223.21,81.15
2022-05-26T15:00+02:00,-9609.095,9234.730794,46937.50461,48329.3725,81.15
2022-05-26T16:00+02:00,-9520.76,9258.103893,45476.53205,48305.2875,81.15
2022-05-26T17:00+02:00,-7893.3675,9599.472042,44310.13689,48666.2775,81.15
2022-05-26T18:00+02:00,-6929.23,11486.54085,40099.70991,49463.535,81.15
2022-05-26T19:00+02:00,-3980.47,12767.13408,33948.89604,49387.0775,81.15
2022-05-26T20:00+02:00,-3032.0025,12717.45238,29551.96774,48081.43,81.15
2022-05-26T21:00+02:00,-3189.22,11932.63035,29030.21959,47057.8725,81.15
2022-05-26T22:00+02:00,-3825.7575,11374.15556,31309.9835,45824.7675,81.15
2022-05-26T23:00+02:00,-6106.5675,10263.8357,33692.74358,44057.3775,81.15
2022-05-27T00:00+02:00,-8623.1725,10467.94836,34475.22526,42724.525,81.15
2022-05-27T01:00+02:00,-9210.81,10550.31445,34729.00363,41223.92,81.15
2022-05-27T02:00+02:00,-9504.8125,10414.07255,34457.07347,40478.765,81.15
2022-05-27T03:00+02:00,-9314.34,11610.85822,34419.36367,40786.5025,81.15
2022-05-27T04:00+02:00,-8581.8025,12225.81575,33679.87238,41683.3225,81.15
2022-05-27T05:00+02:00,-8097.875,12871.29884,32663.50919,43112.355,81.15
2022-05-27T06:00+02:00,-6986.4425,12602.88004,33977.88372,47924.9275,81.15
2022-05-27T07:00+02:00,-7211.8575,13100.53364,37766.62654,52368.25,81.15
2022-05-27T08:00+02:00,-5949.425,12195.8981,43689.78773,56205.3825,81.15
2022-05-27T09:00+02:00,-7167.605,10839.47668,48717.7593,57643.1225,81.15
2022-05-27T10:00+02:00,-6816.7025,10995.29814,52949.9225,58826.4,81.15
2022-05-27T11:00+02:00,-6839.275,10982.13452,55377.79938,60540.7475,81.15
2022-05-27T12:00+02:00,-10074.53,11163.10863,57642.03247,60872.75,81.15
2022-05-27T13:00+02:00,-10921.0175,11081.09469,57895.81275,59211.9325,81.15
2022-05-27T14:00+02:00,-9999.97,11022.86196,55256.61118,57890.8625,81.15
2022-05-27T15:00+02:00,-10955.8525,11147.74222,54106.70347,56593.125,81.15
2022-05-27T16:00+02:00,-11488.8625,11221.67631,54087.36132,56595.5925,81.15
2022-05-27T17:00+02:00,-10365.79,11415.33023,51574.9825,56561.0075,81.15
2022-05-27T18:00+02:00,-9520.19,11715.21278,50217.34518,55947.0625,81.15
2022-05-27T19:00+02:00,-8241.435,11844.88464,45779.99703,54989.1925,81.15
2022-05-27T20:00+02:00,-6982.1725,12103.28391,39863.27211,53358.6925,81.15
2022-05-27T21:00+02:00,-7048.19,12459.47837,38370.65681,51748.61,81.15
2022-05-27T22:00+02:00,-6940.5275,12937.32556,37047.35245,49085.4175,81.15
2022-05-27T23:00+02:00,-8914.3275,11622.84165,37260.22888,46058.3075,81.15
2022-05-28T00:00+02:00,-6527.1925,10805.3469,36076.50473,43554.475,81.15
2022-05-28T01:00+02:00,-7729.335,10887.99919,36032.13965,41868.6075,81.15
2022-05-28T02:00+02:00,-7453.6025,10941.37787,34688.11986,41068.95,81.15
2022-05-28T03:00+02:00,-7502.8975,10888.8375,34364.45375,40849.505,81.15
2022-05-28T04:00+02:00,-6962.53,10814.67328,34121.16839,40753.57,81.15
2022-05-28T05:00+02:00,-6932.44,10797.24506,34612.07602,41082.645,81.15
2022-05-28T06:00+02:00,-8206.12,10736.60181,37278.96053,43317.34,81.15
2022-05-28T07:00+02:00,-9647.7625,10627.3601,41426.09747,46006.31,81.15
2022-05-28T08:00+02:00,-11914.5525,10357.11692,46587.77948,49492.6275,81.15
2022-05-28T09:00+02:00,-13315.1825,10279.62048,51131.41827,52780.4175,81.15
2022-05-28T10:00+02:00,-12338.6775,9677.363836,53167.87215,54339.1075,81.15
2022-05-28T11:00+02:00,-11411.29,9632.375991,54525.8539,55223.05,81.15
2022-05-28T12:00+02:00,-11433.3725,9505.705452,53783.47534,54766.2025,81.15
2022-05-28T13:00+02:00,-10662.7,9463.217689,51928.55389,53252.3,81.15
2022-05-28T14:00+02:00,-10884.6275,9529.465723,50855.4459,51547.7575,81.15
2022-05-28T15:00+02:00,-10729.005,9790.280091,49869.84973,51069.52,81.15
2022-05-28T16:00+02:00,-11709.965,9880.942963,50377.15106,50923.6175,81.15
2022-05-28T17:00+02:00,-11639.3025,10938.89218,49144.91434,52461.425,81.15
2022-05-28T18:00+02:00,-9326.0125,13569.97235,43676.45031,52301.9675,81.15
2022-05-28T19:00+02:00,-6480.655,16120.53819,35755.72703,51326.11,81.15
2022-05-28T20:00+02:00,-4250.945,16415.90038,30162.77549,49345.025,81.15
2022-05-28T21:00+02:00,-4252.4925,16665.55825,27286.45558,47643.75,81.15
2022-05-28T22:00+02:00,-3446.8525,16779.0411,25569.91185,45917.3775,81.15
2022-05-28T23:00+02:00,-3005.8275,16992.21952,24820.33706,43524.3525,81.15
2022-05-29T00:00+02:00,-4112.5,16806.95416,24037.89514,41104.27,81.15
2022-05-29T01:00+02:00,-5017.29,16596.79403,22729.98399,39153.9075,81.15
2022-05-29T02:00+02:00,-4100.145,15851.56308,21925.63099,38237.33,81.15
2022-05-29T03:00+02:00,-3602.8925,16058.86501,21384.99799,37561.7175,81.15
2022-05-29T04:00+02:00,-3125.1825,16030.75582,20820.89771,37471.4775,81.15
2022-05-29T05:00+02:00,-3751.4975,16097.24679,20579.75752,37002.01,81.15
2022-05-29T06:00+02:00,-3938.34,15928.65026,21871.43651,37427.1075,81.15
2022-05-29T07:00+02:00,-5194.52,16185.18473,24253.648,39573.35,81.15
2022-05-29T08:00+02:00,-6065.2,15994.41811,28267.54623,41945.8225,81.15
2022-05-29T09:00+02:00,-7471.1775,15915.35073,32337.18861,44685.0675,81.15
2022-05-29T10:00+02:00,-7942.55,15896.6108,35566.77425,47039.895,81.15
2022-05-29T11:00+02:00,-7256.7075,15894.91784,36900.38681,49806.6975,81.15
2022-05-29T12:00+02:00,-9076.72,15892.41964,37705.72622,49253.03,81.15
2022-05-29T13:00+02:00,-9137.96,15887.02385,37886.88586,47995.2675,81.15
2022-05-29T14:00+02:00,-9533.825,15892.80433,37622.85385,47219.4675,81.15
2022-05-29T15:00+02:00,-9127.92,15982.26607,36496.82025,46396.1725,81.15
2022-05-29T16:00+02:00,-6893.6175,16285.25758,34243.92546,46664.975,81.15
2022-05-29T17:00+02:00,-4803.12,16781.69471,31079.13894,47575.38,81.15
2022-05-29T18:00+02:00,-145.3875,17860.75074,26318.45047,49333.345,81.15
2022-05-29T19:00+02:00,2933.68,19003.88223,21140.80749,49114.625,81.15
2022-05-29T20:00+02:00,3773.6475,19582.2233,16926.61011,47930.575,81.15
2022-05-29T21:00+02:00,2957.555,19896.38073,14913.30489,47235.2875,81.15
2022-05-29T22:00+02:00,3584.0375,20117.59994,13414.98832,46282.195,81.15
2022-05-29T23:00+02:00,4479.045,20014.45853,12396.70544,43677.245,81.15
2022-05-30T00:00+02:00,4842.9475,20296.4562,11546.65834,41865.3,81.15
2022-05-30T01:00+02:00,4611.23,20234.64511,11056.92736,40510.16,81.15
2022-05-30T02:00+02:00,5324.2275,20078.33514,10623.43026,39868.2575,81.15
2022-05-30T03:00+02:00,6014.8225,20040.36839,10381.95013,40342.3425,81.15
2022-05-30T04:00+02:00,6927.6175,20083.52696,10079.6119,41797.84,81.15
2022-05-30T05:00+02:00,8035.8525,20745.95973,10322.49912,45158.0575,81.15
2022-05-30T06:00+02:00,10462.755,21552.72066,12009.57518,52836.9625,81.15
2022-05-30T07:00+02:00,9453.3425,22178.73623,16002.72005,58263.76,81.15
2022-05-30T08:00+02:00,6692.9225,22403.32921,21949.45798,61706.0825,81.15
2022-05-30T09:00+02:00,2608.715,22754.88897,27988.80034,62856.1425,81.15
2022-05-30T10:00+02:00,-128.245,22873.20195,30993.91094,64273.8425,81.15
2022-05-30T11:00+02:00,-1312.4425,23152.70327,31936.85512,65158.4025,81.15
2022-05-30T12:00+02:00,1164.145,23196.66381,32679.37857,65189.1175,81.15
2022-05-30T13:00+02:00,-127.8225,23100.56584,33663.67927,64376.66,81.15
2022-05-30T14:00+02:00,-1049.2075,23042.27078,33398.58793,62991.3625,81.15
2022-05-30T15:00+02:00,-449.6325,22795.77898,31782.61607,61829.1475,81.15
2022-05-30T16:00+02:00,511.795,22923.10801,28939.5047,60384.575,81.15
2022-05-30T17:00+02:00,3502.2525,23177.6959,24914.41486,59901.11,81.15
2022-05-30T18:00+02:00,6387.7025,23424.3789,19418.2426,59476.035,81.15
2022-05-30T19:00+02:00,9895.9525,23620.51373,13814.94904,59049.145,81.15
2022-05-30T20:00+02:00,11026.98,23870.42747,10470.26052,57230.375,81.15
2022-05-30T21:00+02:00,10539.4775,24075.36335,9637.08067,55249.015,81.15
2022-05-30T22:00+02:00,8380.38,24220.90232,9947.769738,52906.1625,81.15
2022-05-30T23:00+02:00,5948.4375,24152.0606,10322.35672,48927.5425,81.15
2022-05-31T00:00+02:00,4340.4375,29881.21659,10622.69889,45844.4875,81.15
2022-05-31T01:00+02:00,4170.675,27709.8135,10875.49466,44173.9275,81.15
2022-05-31T02:00+02:00,4419.52,26914.76016,10779.425,43559.735,81.15
2022-05-31T03:00+02:00,5321.2775,26880.25546,10619.19111,43674.4625,81.15
2022-05-31T04:00+02:00,5945.7875,27245.16772,10376.93157,45038.225,81.15
2022-05-31T05:00+02:00,6515.255,28543.67816,10690.8443,47907,81.15
2022-05-31T06:00+02:00,7795.7325,30866.51161,13247.9798,54608.9675,81.15
2022-05-31T07:00+02:00,5924.555,31223.9739,17588.37293,59831.0475,81.15
2022-05-31T08:00+02:00,3209.33,31205.62345,23811.32247,62774.9175,81.15
2022-05-31T09:00+02:00,-423.725,31006.34772,30447.46857,63870.7,81.15
2022-05-31T10:00+02:00,-1955.6575,28659.41797,35061.94566,64679.0275,81.15
2022-05-31T11:00+02:00,-1373.505,27378.04126,37902.80421,65627.8175,81.15
2022-05-31T12:00+02:00,-1800.175,26860.87542,37923.19228,64897.3275,81.15
2022-05-31T13:00+02:00,-2033.9175,27509.17289,35817.81754,63854.655,81.15
2022-05-31T14:00+02:00,-421.6775,28750.76217,32693.49339,62585.72,81.15
2022-05-31T15:00+02:00,943.6225,28912.81379,29080.47075,61537.2825,81.15
2022-05-31T16:00+02:00,2183.83,30013.21403,25089.43387,59861.245,81.15
2022-05-31T17:00+02:00,4577.4675,32158.5372,21184.46841,60312.5975,81.15
2022-05-31T18:00+02:00,7284.5675,32829.8337,17763.24579,60102.4575,81.15
2022-05-31T19:00+02:00,8048.555,33024.35664,14534.11363,59476.9225,81.15
2022-05-31T20:00+02:00,8378.6575,33027.54198,11858.61359,57169.24,81.15
2022-05-31T21:00+02:00,7740.755,33117.53354,10951.35402,54943.235,81.15
2022-05-31T22:00+02:00,6034.6675,33073.00149,10529.04746,51984.3775,81.15
2022-05-31T23:00+02:00,4219.1125,32685.95549,9921.623575,48127.985,81.15
2022-06-01T00:00+02:00,3519.14,25208.95882,9693.908143,44108.18,81.15
2022-06-01T01:00+02:00,3193.965,24893.71057,10007.82334,42882.595,81.15
2022-06-01T02:00+02:00,4976.2075,23936.51114,10229.90067,42247.2125,81.15
2022-06-01T03:00+02:00,5356.3325,23858.57645,10871.20195,42718.55,81.15
2022-06-01T04:00+02:00,5129.4625,24020.59284,11520.25403,43610.96,81.15
2022-06-01T05:00+02:00,4495.9975,24584.5812,12681.78166,46625.0475,81.15
2022-06-01T06:00+02:00,5124.7375,25216.36393,15356.08044,53133.1225,81.15
2022-06-01T07:00+02:00,4380.6575,25424.79376,18951.50211,58146.1075,81.15
2022-06-01T08:00+02:00,676.8775,25531.60634,24399.17117,61117.11,81.15
2022-06-01T09:00+02:00,-2617.725,25336.17268,30863.0766,61679.9675,81.15
2022-06-01T10:00+02:00,-4566.7,24872.5277,35427.46881,62627.3175,81.15
2022-06-01T11:00+02:00,-6574.32,24801.19043,38639.07119,63943.585,81.15
2022-06-01T12:00+02:00,-7373.595,24257.75218,40705.78816,63010.485,81.15
2022-06-01T13:00+02:00,-6939.8775,23995.45926,42048.99374,63441.4275,81.15
2022-06-01T14:00+02:00,-6800.515,23817.12752,41796.26358,62997.5275,81.15
2022-06-01T15:00+02:00,-5522.5475,24072.02014,38769.67525,61577.2075,81.15
2022-06-01T16:00+02:00,-3650.0825,24349.0865,34521.6363,60403.0475,81.15
2022-06-01T17:00+02:00,-1737.935,25232.63329,29076.7846,60586.1,81.15
2022-06-01T18:00+02:00,1962.71,25734.46311,23640.30624,59999.335,81.15
2022-06-01T19:00+02:00,5260.335,25642.48365,18967.14855,59136.9575,81.15
2022-06-01T20:00+02:00,5616.47,25646.01506,16044.44862,56693.2975,81.15
2022-06-01T21:00+02:00,3833.585,25357.06885,14433.49652,54292.235,81.15
2022-06-01T22:00+02:00,1592.145,25173.589,14408.35585,51949.9475,81.15
2022-06-01T23:00+02:00,862.0975,24617.34911,15286.00404,47988.75,81.15
2022-06-02T00:00+02:00,528.24,23419.58014,16344.40778,45992.2775,81.15
2022-06-02T01:00+02:00,-608.8675,22079.67754,16878.92345,44205.25,81.15
2022-06-02T02:00+02:00,-1404.9825,21525.34752,17528.07599,43395.27,81.15
2022-06-02T03:00+02:00,-563.0975,21461.79895,18031.63932,43805.38,81.15
2022-06-02T04:00+02:00,-192.37,21454.81741,18447.54579,44991.5575,81.15
2022-06-02T05:00+02:00,524.6225,21731.98142,18850.07368,47232.57,81.15
2022-06-02T06:00+02:00,3029.445,22675.66132,20789.50944,53842.11,81.15
2022-06-02T07:00+02:00,2442.1275,22865.92304,25180.3056,58867.07,81.15
2022-06-02T08:00+02:00,-748.1175,22257.05502,31862.35061,61957.215,81.15
2022-06-02T09:00+02:00,-4804.765,21090.35583,38719.12217,62797.3275,81.15
2022-06-02T10:00+02:00,-7110.6,20211.52188,43873.25842,63563.3525,81.15
2022-06-02T11:00+02:00,-7314.13,19766.72094,46681.45136,64083.38,81.15
2022-06-02T12:00+02:00,-7947.7025,19934.52101,47622.22026,64294.1925,81.15
2022-06-02T13:00+02:00,-7400.99,19816.54209,47429.2953,64703.155,81.15
2022-06-02T14:00+02:00,-6444.1625,19457.11096,45356.17721,62868.265,81.15
2022-06-02T15:00+02:00,-5387.425,20004.82464,41779.42526,61343.4425,81.15
2022-06-02T16:00+02:00,-3510.99,21361.70914,37008.48996,60593.8775,81.15
2022-06-02T17:00+02:00,-709.64,23489.29901,30744.62284,60251.0275,81.15
2022-06-02T18:00+02:00,2282.1575,25288.81915,23626.17781,59678.1825,81.15
2022-06-02T19:00+02:00,6379.4075,25746.42622,16950.85618,58970.5025,81.15
2022-06-02T20:00+02:00,6497.62,25947.51024,13103.64203,56903.8425,81.15
2022-06-02T21:00+02:00,5226.8725,26033.76545,12470.97556,54589.1375,81.15
2022-06-02T22:00+02:00,3890.5275,25395.48654,13475.22949,52163.2,81.15
2022-06-02T23:00+02:00,2500.935,24407.85535,14215.72688,48070.0825,81.15
2022-06-03T00:00+02:00,1790.7775,22994.13378,14050.94353,45731.2,81.15
2022-06-03T01:00+02:00,2309.9325,22501.69589,13856.8411,43980.2625,81.15
2022-06-03T02:00+02:00,2599.2825,22323.42686,13510.13222,42977.395,81.15
2022-06-03T03:00+02:00,3826.47,22180.56776,13376.23438,43082.055,81.15
2022-06-03T04:00+02:00,5247.03,22185.33114,13079.76433,44064.1075,81.15
2022-06-03T05:00+02:00,5972.8275,22312.98961,13485.46155,46084.925,81.15
2022-06-03T06:00+02:00,6497.885,22516.80329,16205.9721,52636.075,81.15
2022-06-03T07:00+02:00,4238.42,22914.32439,20796.20736,58092.5175,81.15
2022-06-03T08:00+02:00,3286.565,22479.91756,26504.55377,61133.1775,81.15
2022-06-03T09:00+02:00,40.5525,21802.91616,33239.27434,61284.74,81.15
2022-06-03T10:00+02:00,-2733.1875,20687.85223,39353.93374,62516.73,81.15
2022-06-03T11:00+02:00,-3495.8775,20265.99708,43465.60753,64036.5525,81.15
2022-06-03T12:00+02:00,-4500.1575,19778.82343,44494.07724,64101.71,81.15
2022-06-03T13:00+02:00,-3279.6325,19190.77879,42855.51246,62688.48,81.15
2022-06-03T14:00+02:00,-1707.725,19623.04758,38879.1484,61311.775,81.15
2022-06-03T15:00+02:00,761.815,20842.87735,34167.02071,60134.9,81.15
2022-06-03T16:00+02:00,3377.8575,22084.15566,28787.8749,59554.4275,81.15
2022-06-03T17:00+02:00,5210.585,23299.0512,24308.91493,59295.3575,81.15
2022-06-03T18:00+02:00,6504.3725,23805.50957,21193.58214,58774.7175,81.15
2022-06-03T19:00+02:00,4956.175,24147.37083,18884.72206,57980.31,81.15
2022-06-03T20:00+02:00,3307.67,23550.96686,17920.84391,55719.0825,81.15
2022-06-03T21:00+02:00,2059.9425,23230.66219,18408.83747,52703.8825,81.15
2022-06-03T22:00+02:00,778.1225,22896.69778,18506.43693,50224.155,81.15
2022-06-03T23:00+02:00,-698.2925,22544.44651,17776.7603,46758.3275,81.15
2022-06-04T00:00+02:00,-358.4225,20783.51301,16613.87635,43603.25,81.15
2022-06-04T01:00+02:00,764.74,19823.26528,15983.35673,41563.2825,81.15
2022-06-04T02:00+02:00,989.825,19664.36204,15950.39676,40317.1375,81.15
2022-06-04T03:00+02:00,2116.835,19208.43567,15584.75406,39599.47,81.15
2022-06-04T04:00+02:00,2504.015,18799.24207,14785.12103,39750.13,81.15
2022-06-04T05:00+02:00,2511.81,18546.20634,14424.50664,39366.2375,81.15
2022-06-04T06:00+02:00,2451.585,18542.75929,16138.32129,40923.825,81.15
2022-06-04T07:00+02:00,2774.055,18182.07839,18692.14642,44064.305,81.15
2022-06-04T08:00+02:00,1053.805,17988.1208,22759.57923,48113.3275,81.15
2022-06-04T09:00+02:00,-1349.3375,17655.58202,27495.583,50315.2875,81.15
2022-06-04T10:00+02:00,-3311.755,17586.66474,31838.46062,51535.225,81.15
2022-06-04T11:00+02:00,-3310.9375,17562.03098,35442.28451,52897.0375,81.15
2022-06-04T12:00+02:00,-4420.835,17283.68091,37814.70836,52179.98,81.15
2022-06-04T13:00+02:00,-6592.64,17296.53844,38554.30028,50649.27,81.15
2022-06-04T14:00+02:00,-6160.0825,17091.99337,38366.45071,49316.4975,81.15
2022-06-04T15:00+02:00,-4512.0725,17168.05218,37198.77309,48720.78,81.15
2022-06-04T16:00+02:00,-3996.82,17052.85775,34444.46144,48203.135,81.15
2022-06-04T17:00+02:00,-2696.5075,18044.58409,29875.17239,47843.295,81.15
2022-06-04T18:00+02:00,1664.95,18658.32306,23292.29427,48144.045,81.15
2022-06-04T19:00+02:00,4334.225,19293.41258,17187.84718,47591.74,81.15
2022-06-04T20:00+02:00,3742.56,19459.55082,14287.04905,46186.6375,81.15
2022-06-04T21:00+02:00,2761.05,19575.53615,14517.71436,45045.435,81.15
2022-06-04T22:00+02:00,1596.72,19531.30959,16633.96333,43945.43,81.15
2022-06-04T23:00+02:00,758.1325,19006.36502,18040.10012,41100.615,81.15
2022-06-05T00:00+02:00,-855.5375,18134.17745,18234.95463,39475.44,81.15
2022-06-05T01:00+02:00,-1930.07,17950.56487,18168.27435,37976.77,81.15
2022-06-05T02:00+02:00,-3126.715,17922.58348,18048.17683,36373.1325,81.15
2022-06-05T03:00+02:00,-3440.855,17734.378,18832.1649,34980.9275,81.15
2022-06-05T04:00+02:00,-3614.8725,17520.3968,19327.50463,35010.1325,81.15
2022-06-05T05:00+02:00,-4553.91,17490.47144,20372.05411,35562.64,81.15
2022-06-05T06:00+02:00,-6201.5625,17492.18654,22417.10181,36369.985,81.15
2022-06-05T07:00+02:00,-6873.3625,17518.89081,23834.44982,38819.4725,81.15
2022-06-05T08:00+02:00,-8034.085,17873.38963,26716.04331,41528.155,81.15
2022-06-05T09:00+02:00,-9913.6975,17809.52033,30878.71483,44259.0475,81.15
2022-06-05T10:00+02:00,-11516.3475,17778.42874,35538.34781,45670.2775,81.15
2022-06-05T11:00+02:00,-10633.6025,17365.76897,39076.43147,47736.5925,81.15
2022-06-05T12:00+02:00,-12614.885,17120.83084,40870.79241,47853.8525,81.15
2022-06-05T13:00+02:00,-11254.635,16728.14153,40451.22485,46913.6,81.15
2022-06-05T14:00+02:00,-11266.2725,17072.21643,38658.25918,45548.7425,81.15
2022-06-05T15:00+02:00,-10743.0625,17709.17848,35696.7583,44231.0575,81.15
2022-06-05T16:00+02:00,-9102.845,18099.41105,32023.95884,43708.8575,81.15
2022-06-05T17:00+02:00,-6850.46,18415.09758,29803.2423,44268.9575,81.15
2022-06-05T18:00+02:00,-4540.845,18557.27434,27565.87345,45543.1425,81.15
2022-06-05T19:00+02:00,-5293.5975,18742.08149,26428.05517,44736.0025,81.15
2022-06-05T20:00+02:00,-7040.5825,18690.39342,25827.15131,43927.9275,81.15
2022-06-05T21:00+02:00,-8184.78,18471.76269,27385.44986,43858.965,81.15
2022-06-05T22:00+02:00,-9162.2,17908.88606,28243.81249,44461.1725,81.15
2022-06-05T23:00+02:00,-8790.2625,16882.26839,28879.3341,42057.86,81.15
2022-06-06T00:00+02:00,-10285.4375,16245.1087,29126.96172,39629.98,81.15
2022-06-06T01:00+02:00,-9962.28,15287.25073,29416.58294,38177.1075,81.15
2022-06-06T02:00+02:00,-8503.78,13627.29144,28840.15842,37331.3575,81.15
2022-06-06T03:00+02:00,-8424.73,12817.56235,29333.43728,36552.3825,81.15
2022-06-06T04:00+02:00,-7827.2525,13271.52707,29284.38991,37342.97,81.15
2022-06-06T05:00+02:00,-7581.3225,13380.71867,27561.86927,37638.6425,81.15
2022-06-06T06:00+02:00,-8075.0575,13706.1596,28523.15086,38944.0675,81.15
2022-06-06T07:00+02:00,-8889.675,14270.9399,31777.37778,40681.0825,81.15
2022-06-06T08:00+02:00,-8576.8325,13358.11741,36962.5055,43724.3175,81.15
2022-06-06T09:00+02:00,-9970.7975,11784.8466,43430.51618,46639.895,81.15
2022-06-06T10:00+02:00,-12562.39,11158.22597,48613.68366,49063.235,81.15
2022-06-06T11:00+02:00,-13626.235,10842.60704,51598.78866,51156.875,81.15
2022-06-06T12:00+02:00,-13877.4675,10807.54893,52787.03082,50035.17,81.15
2022-06-06T13:00+02:00,-13632.0525,10806.14076,51275.30335,48240.6675,81.15
2022-06-06T14:00+02:00,-12319.3025,10829.812,48764.43031,46484.645,81.15
2022-06-06T15:00+02:00,-11781.5925,11130.88347,47024.17362,46472.37,81.15
2022-06-06T16:00+02:00,-11382.11,12307.10227,43638.58351,45962.69,81.15
2022-06-06T17:00+02:00,-10646.8925,16391.78849,38342.16521,46598.9325,81.15
2022-06-06T18:00+02:00,-9601.54,19583.58368,32258.61639,46921.63,81.15
2022-06-06T19:00+02:00,-7887.285,21211.92075,27095.10541,47274.545,81.15
2022-06-06T20:00+02:00,-5121.4775,21756.19826,23555.16987,46681.38,81.15
2022-06-06T21:00+02:00,-4054.3025,21386.5399,22279.7835,45948.8425,81.15
2022-06-06T22:00+02:00,-4734.5375,21989.23015,21019.82191,45760.2875,81.15
2022-06-06T23:00+02:00,-5945.78,21900.70186,20254.19222,42662.0225,81.15
2022-06-07T00:00+02:00,-4618.555,21375.44257,19267.45584,39911.7975,81.15
2022-06-07T01:00+02:00,-3963.3775,20707.32442,18671.40717,38996.9475,81.15
2022-06-07T02:00+02:00,-3832.98,20565.90611,19497.53086,38629.305,81.15
2022-06-07T03:00+02:00,-3894.69,20546.70748,20344.64978,38610.3625,81.15
2022-06-07T04:00+02:00,-3249.2125,20663.41455,21610.38831,40178.305,81.15
2022-06-07T05:00+02:00,-2580.65,21073.43889,23051.6718,43707.0575,81.15
2022-06-07T06:00+02:00,-1523.8775,22951.22046,25195.03443,51512.655,81.15
2022-06-07T07:00+02:00,-582.6425,23141.58015,28302.83313,57354.4675,81.15
2022-06-07T08:00+02:00,-2922.46,23468.29731,33350.19504,60725.3725,81.15
2022-06-07T09:00+02:00,-6101.185,23617.45897,40251.26913,62156.685,81.15
2022-06-07T10:00+02:00,-7695.725,22495.66532,45360.0487,63701.25,81.15
2022-06-07T11:00+02:00,-8732.8075,21287.22028,48059.4397,65146.235,81.15
2022-06-07T12:00+02:00,-9533.9275,20957.89665,48698.2584,64775.49,81.15
2022-06-07T13:00+02:00,-9819.075,21169.38493,48298.82402,64082.4,81.15
2022-06-07T14:00+02:00,-8693.7225,20730.43464,46184.35883,63294.715,81.15
2022-06-07T15:00+02:00,-8131.68,21347.68251,43233.89194,61946.2475,81.15
2022-06-07T16:00+02:00,-6007.2,22006.91246,39670.37131,60271.33,81.15
2022-06-07T17:00+02:00,-2674.09,23233.94153,35071.094,60355.8525,81.15
2022-06-07T18:00+02:00,654.705,24213.74898,29098.62683,60425.4025,81.15
2022-06-07T19:00+02:00,3860.765,24226.50401,22506.47314,58860.0725,81.15
2022-06-07T20:00+02:00,5626.05,24225.70553,18184.6088,56511.27,81.15
2022-06-07T21:00+02:00,6499.2675,24077.66714,15745.53253,54243.6925,81.15
2022-06-07T22:00+02:00,5154.2975,23322.3168,14903.80525,51571.9375,81.15
2022-06-07T23:00+02:00,4336.6625,23185.56497,15113.52642,47685.9525,81.15
2022-06-08T00:00+02:00,2554.975,23009.79929,15015.34528,44744.12,81.15
2022-06-08T01:00+02:00,2586.27,22677.39673,14282.40516,43103.3575,81.15
2022-06-08T02:00+02:00,3395.075,22377.83593,13345.26678,42290.745,81.15
2022-06-08T03:00+02:00,3929.99,22635.91433,12917.56609,42461.3525,81.15
2022-06-08T04:00+02:00,6040.5875,22496.25174,12294.59865,43372.1525,81.15
2022-06-08T05:00+02:00,7182.785,22766.25107,12177.70016,45879.2175,81.15
2022-06-08T06:00+02:00,9221.6875,23361.67234,14419.2639,52484.59,81.15
2022-06-08T07:00+02:00,8831.225,23803.73242,18494.26796,57944.355,81.15
2022-06-08T08:00+02:00,4568.26,23909.25848,24580.95522,61020.135,81.15
2022-06-08T09:00+02:00,-150.625,24035.13431,31095.02245,61638.685,81.15
2022-06-08T10:00+02:00,-2039.195,23553.56764,35808.50024,62833.855,81.15
2022-06-08T11:00+02:00,-3245.7875,22850.28702,37967.90578,64526.1925,81.15
2022-06-08T12:00+02:00,-3854.655,23198.22514,37777.07921,64562.98,81.15
2022-06-08T13:00+02:00,-2204.2625,22953.34396,35582.42414,64118.6475,81.15
2022-06-08T14:00+02:00,274.2725,22550.23316,32894.44675,62842.4725,81.15
2022-06-08T15:00+02:00,2031.235,22680.67413,31107.84452,61668.3675,81.15
2022-06-08T16:00+02:00,4132.74,22609.88503,27268.46736,60736.915,81.15
2022-06-08T17:00+02:00,6298.9275,22580.39343,22895.83031,60751.3075,81.15
2022-06-08T18:00+02:00,9784.8225,22486.7619,19288.38746,60386.05,81.15
2022-06-08T19:00+02:00,10163.845,22859.66003,16482.817,59410.635,81.15
2022-06-08T20:00+02:00,9295.6675,22845.29862,14155.76837,56588.655,81.15
2022-06-08T21:00+02:00,9811.3575,22709.43809,13522.82864,54787.46,81.15
2022-06-08T22:00+02:00,7820.375,22565.5304,13627.95909,52126.0425,81.15
2022-06-08T23:00+02:00,5580.16,22173.2393,14185.74978,48088.805,81.15
2022-06-09T00:00+02:00,5087.3925,21963.809,13807.24002,45748.1675,81.15
2022-06-09T01:00+02:00,3957.6575,21553.96477,13760.78636,43914.6825,81.15
2022-06-09T02:00+02:00,4050.985,21335.85066,13763.95519,43281.825,81.15
2022-06-09T03:00+02:00,4293.235,21070.13961,13876.76534,43907.6825,81.15
2022-06-09T04:00+02:00,4653.4875,21075.14593,14448.69815,44625.89,81.15
2022-06-09T05:00+02:00,5419.43,21472.11194,14987.16769,47557.3575,81.15
2022-06-09T06:00+02:00,8259.985,21954.92047,16578.67183,53959.425,81.15
2022-06-09T07:00+02:00,8808.0375,22169.91579,19391.17717,59045.665,81.15
2022-06-09T08:00+02:00,8150.9175,22219.64497,23240.71167,62133.975,81.15
2022-06-09T09:00+02:00,5016.02,22449.10797,27612.18472,63060.585,81.15
2022-06-09T10:00+02:00,3320.44,22349.16107,31380.74478,63980.6725,81.15
2022-06-09T11:00+02:00,2017.12,22448.52019,34676.27267,64666.4275,81.15
2022-06-09T12:00+02:00,820.1525,22238.49745,36353.61456,64799.2025,81.15
2022-06-09T13:00+02:00,-643.75,21501.61794,37370.73244,64454.44,81.15
2022-06-09T14:00+02:00,-2664.05,21761.79103,38218.13273,62835.6175,81.15
2022-06-09T15:00+02:00,-1763.86,21671.09591,37847.13994,62049.4625,81.15
2022-06-09T16:00+02:00,-1495.9525,21386.19512,35977.74728,61265.0075,81.15
2022-06-09T17:00+02:00,0.2625,22419.5549,32711.86672,60926.765,81.15
2022-06-09T18:00+02:00,3379.5625,23167.25324,27903.31836,60298.7725,81.15
2022-06-09T19:00+02:00,5509.865,23840.48621,22097.00131,58916.2925,81.15
2022-06-09T20:00+02:00,6629.985,24177.4146,17494.90434,56837.9325,81.15
2022-06-09T21:00+02:00,7539.1725,24326.35987,15392.34423,54424.1025,81.15
2022-06-09T22:00+02:00,6158.7625,24562.61682,14514.66985,52203.465,81.15
2022-06-09T23:00+02:00,3382.13,23961.09803,14537.17045,48719.165,81.15
2022-06-10T00:00+02:00,3135.725,23331.78529,14383.86495,45957.01,81.15
2022-06-10T01:00+02:00,3222.2525,22158.08736,14834.43065,44239.585,81.15
2022-06-10T02:00+02:00,3769.2425,21452.63296,15155.32224,43796.245,81.15
2022-06-10T03:00+02:00,4007.7825,21376.03538,14979.65794,43929.9475,81.15
2022-06-10T04:00+02:00,5316.475,21630.44778,15120.33303,44662.75,81.15
2022-06-10T05:00+02:00,5615.645,21965.30844,15647.98434,46900.6675,81.15
2022-06-10T06:00+02:00,6378.06,23143.11823,18086.64374,53006.9275,81.15
2022-06-10T07:00+02:00,4763.76,23324.18988,22808.54583,58067.975,81.15
2022-06-10T08:00+02:00,1248.2775,23159.88423,29842.17149,61526.4925,81.15
2022-06-10T09:00+02:00,-2981.6325,22485.24461,38080.17147,62730.6975,81.15
2022-06-10T10:00+02:00,-5010.715,21280.52181,43828.84548,63602.8725,81.15
2022-06-10T11:00+02:00,-5837.6125,19982.98888,46868.79972,64173.5475,80.835
2022-06-10T12:00+02:00,-5580.04,19431.51329,46902.94082,63867.36,80.73
2022-06-10T13:00+02:00,-5456.8125,18837.80396,45949.79951,62539.9875,80.73
2022-06-10T14:00+02:00,-5131.2625,19018.33212,43462.00932,61317.4625,80.73
2022-06-10T15:00+02:00,-3126.0325,19570.17197,39990.55178,59928.85,80.73
2022-06-10T16:00+02:00,-1190.63,20918.33567,35762.828,58871.205,80.73
2022-06-10T17:00+02:00,1277.7025,22158.1811,29963.99005,58202.1325,80.73
2022-06-10T18:00+02:00,4043.95,23430.08406,23085.45985,57365.6725,80.73
2022-06-10T19:00+02:00,7363.2825,23796.65437,16117.99597,55934.86,80.73
2022-06-10T20:00+02:00,8324.2575,23791.65649,12254.60382,53514.7825,80.73
2022-06-10T21:00+02:00,8799.2475,23858.70889,10640.68989,51145.06,80.73
2022-06-10T22:00+02:00,7761.5225,23861.55653,10224.56002,49244.47,80.73
2022-06-10T23:00+02:00,5238.9575,23645.13334,10362.98882,45816.0425,80.73
2022-06-11T00:00+02:00,3023.79,23374.77675,10859.53727,43249.4425,80.73
2022-06-11T01:00+02:00,3527.385,22309.28078,11771.0371,41655.355,80.73
2022-06-11T02:00+02:00,3607.3625,21283.82845,12445.89317,40513.0275,80.73
2022-06-11T03:00+02:00,3652.095,20498.63227,13145.51962,40165.4225,80.73
2022-06-11T04:00+02:00,2731.2825,19838.77716,13470.89427,39794.27,80.73
2022-06-11T05:00+02:00,1901.7475,19996.10999,15252.75363,40001.535,80.73
2022-06-11T06:00+02:00,871.53,19509.51003,18236.96514,42203.9625,80.73
2022-06-11T07:00+02:00,-1170.3575,19344.16081,22150.80079,45057.7575,80.73
2022-06-11T08:00+02:00,-4216.545,19168.86846,29062.90157,48668.235,80.73
2022-06-11T09:00+02:00,-6715.28,18255.56845,36628.13975,51962.3075,80.73
2022-06-11T10:00+02:00,-6510.01,15911.57559,43006.75526,54157.395,80.73
2022-06-11T11:00+02:00,-5011.6575,12770.88365,46451.81713,55099.3775,80.73
2022-06-11T12:00+02:00,-4930.4925,11877.79316,47184.42292,54658.7425,80.73
2022-06-11T13:00+02:00,-4886.9425,11506.98653,46434.38408,53194.415,80.73
2022-06-11T14:00+02:00,-4905.4525,11442.09139,44714.4366,51549.695,80.73
2022-06-11T15:00+02:00,-4173.0075,11457.3481,43389.31625,51039.255,80.73
2022-06-11T16:00+02:00,-1590.78,11770.84785,39874.46524,50598.545,80.73
2022-06-11T17:00+02:00,32.915,14919.07356,34306.85951,50426.85,80.73
2022-06-11T18:00+02:00,587.28,18282.39703,26743.80531,49968.025,80.73
2022-06-11T19:00+02:00,2500.3675,20036.80204,19493.56681,49029.745,80.73
2022-06-11T20:00+02:00,2994.49,20634.48995,14768.11936,47205.9425,80.73
2022-06-11T21:00+02:00,2920.255,19956.99932,12751.61424,45761.3075,80.73
2022-06-11T22:00+02:00,3412.815,19638.35026,12029.97358,44961.335,80.73
2022-06-11T23:00+02:00,3442.6975,19795.77046,11721.52163,42513.0175,80.73
2022-06-12T00:00+02:00,3442.29,19201.96312,11626.71997,39890.9,80.73
2022-06-12T01:00+02:00,3143.8475,18632.78434,11812.39367,37977.9,80.73
2022-06-12T02:00+02:00,2004.79,18728.53939,11899.89713,36749.3225,80.73
2022-06-12T03:00+02:00,1873.7725,18841.50952,11958.35228,36189.6525,80.73
2022-06-12T04:00+02:00,1577.3425,18670.83659,12502.52471,36024.4625,80.73
2022-06-12T05:00+02:00,1620.205,18407.49488,13266.86877,35940.46,80.73
2022-06-12T06:00+02:00,986.12,17955.89805,15381.31779,37017.5175,80.73
2022-06-12T07:00+02:00,-544.6825,17570.96876,20108.33357,39520.6925,80.73
2022-06-12T08:00+02:00,-3108.25,17442.32472,26550.63335,42918.2825,80.73
2022-06-12T09:00+02:00,-6426.33,15837.63368,34636.68279,45704,80.73
2022-06-12T10:00+02:00,-7092.75,13539.80081,41397.00355,47713.38,80.73
2022-06-12T11:00+02:00,-8611.3725,12827.80298,45145.11891,49745.0225,80.73
2022-06-12T12:00+02:00,-9554.5675,11850.03197,47290.4709,49895.67,80.73
2022-06-12T13:00+02:00,-12409.635,11600.73089,47870.7811,48293.6275,80.73
2022-06-12T14:00+02:00,-12181.3825,11671.5663,47801.19863,46887.125,80.73
2022-06-12T15:00+02:00,-10855.0775,11875.41211,45935.43003,46623.2875,80.73
2022-06-12T16:00+02:00,-8936.35,13015.96514,43255.28041,47157.15,80.73
2022-06-12T17:00+02:00,-7295.2325,15910.6817,38009.20189,48167.45,80.73
2022-06-12T18:00+02:00,-3057.335,17854.81608,30664.7808,48729.0175,80.73
2022-06-12T19:00+02:00,-817.1575,19411.34952,23640.39646,48425.13,80.73
2022-06-12T20:00+02:00,707.8225,20323.66499,18945.53769,48098.8425,80.73
2022-06-12T21:00+02:00,1473.695,20347.72613,16557.3518,46978.7,80.73
2022-06-12T22:00+02:00,493.83,20446.54258,16108.29389,46735.68,80.73
2022-06-12T23:00+02:00,4.4625,20240.63557,16259.81489,44205.3275,80.73
2022-06-13T00:00+02:00,1379.75,19213.36238,15965.22819,42327.69,80.73
2022-06-13T01:00+02:00,882.8225,18742.73707,15346.47532,40901.615,80.73
2022-06-13T02:00+02:00,190.095,18898.99854,15683.83586,40217.0475,80.73
2022-06-13T03:00+02:00,1285.035,19212.32549,15515.29117,40641.5025,80.73
2022-06-13T04:00+02:00,2137.125,19393.40329,16332.69444,42135.6975,80.73
2022-06-13T05:00+02:00,2853.2825,19860.85234,16919.77012,44953.0075,80.73
2022-06-13T06:00+02:00,4229.57,20672.08215,18177.81167,51657.965,80.73
2022-06-13T07:00+02:00,3696.3675,21142.47777,22027.61969,56701.5275,80.73
2022-06-13T08:00+02:00,2015.8975,20956.49947,28009.14267,60134.3675,80.73
2022-06-13T09:00+02:00,-2548.555,20861.47926,36042.02807,61471.6875,80.73
2022-06-13T10:00+02:00,-5371.69,20313.07048,43368.44879,63490.75,80.73
2022-06-13T11:00+02:00,-7228.38,19590.5983,48845.20278,65744.7325,80.73
2022-06-13T12:00+02:00,-8881.22,18568.06684,53153.96086,65686.165,80.73
2022-06-13T13:00+02:00,-10537.0125,17912.32794,55395.19096,64985.99,80.73
2022-06-13T14:00+02:00,-10866.0625,16497.86716,55689.29222,63828.6925,80.73
2022-06-13T15:00+02:00,-10491.73,16697.34547,55019.70225,63100.6125,80.73
2022-06-13T16:00+02:00,-9478.105,17515.98772,50769.2427,61615.7375,80.73
2022-06-13T17:00+02:00,-7013.7725,18841.84082,45120.16629,61547.33,80.73
2022-06-13T18:00+02:00,-2698.4275,20386.8572,36893.49715,60828.5,80.73
2022-06-13T19:00+02:00,-144.9575,22376.59776,28039.99805,58576.7625,80.73
2022-06-13T20:00+02:00,1135.3875,23645.14082,21703.78439,56089.4325,80.73
2022-06-13T21:00+02:00,2568.9175,23913.6976,18339.62859,53597.935,80.73
2022-06-13T22:00+02:00,2400.1075,23844.69471,17595.09315,51924.5625,80.73
2022-06-13T23:00+02:00,2216.325,22894.77479,17389.64866,48333.415,80.73
2022-06-14T00:00+02:00,1349.4825,22140.33734,17165.61773,46234.305,80.73
2022-06-14T01:00+02:00,981.715,21268.19364,16961.82641,44713.0625,80.73
2022-06-14T02:00+02:00,1353.3175,21285.45563,16607.9128,43643.89,80.73
2022-06-14T03:00+02:00,2306.9525,21343.42247,15837.7369,44136.8575,80.73
2022-06-14T04:00+02:00,2669.9875,21907.53291,15079.02525,44753.75,80.73
2022-06-14T05:00+02:00,3550.38,22629.53825,14485.22535,46844.12,80.73
2022-06-14T06:00+02:00,4453.53,23626.91456,16002.78218,52991.3375,80.73
2022-06-14T07:00+02:00,2495.5175,23957.79925,20856.45718,57855.055,80.73
2022-06-14T08:00+02:00,100.8425,23363.71977,28117.77712,60907.8075,80.73
2022-06-14T09:00+02:00,-4649.0875,22310.79555,35602.53628,62113.7525,80.73
2022-06-14T10:00+02:00,-6004.96,21369.55192,39911.99362,62931.39,80.73
2022-06-14T11:00+02:00,-5882.5425,20970.82659,42413.53849,64354.9925,80.73
2022-06-14T12:00+02:00,-5392.71,20884.90586,44155.65851,64124.29,80.73
2022-06-14T13:00+02:00,-5602.055,20668.74283,45110.6101,63968.5275,80.73
2022-06-14T14:00+02:00,-6095.675,20197.02419,44661.21446,63043.945,80.73
2022-06-14T15:00+02:00,-5778.6875,20418.48609,41743.21504,61527.5075,80.73
2022-06-14T16:00+02:00,-4294.295,21896.25864,36778.62686,59422.42,80.73
2022-06-14T17:00+02:00,-2203.79,23817.80672,29881.67787,59049.3175,80.73
2022-06-14T18:00+02:00,1816.1475,24681.87107,22099.71834,58760.865,80.73
2022-06-14T19:00+02:00,6030.26,25186.89925,15199.55004,57928.155,80.73
2022-06-14T20:00+02:00,7823.275,25320.03516,11698.62054,55663.8225,80.73
2022-06-14T21:00+02:00,6986.705,25158.1156,10846.28928,53623.495,80.73
2022-06-14T22:00+02:00,4771.0175,25041.18205,11568.02333,51280.7625,80.73
2022-06-14T23:00+02:00,2556.1825,24818.65269,12381.81044,47354.665,80.73
2022-06-15T00:00+02:00,2587.1,23650.11189,12216.20739,44719.0625,80.73
2022-06-15T01:00+02:00,2439.9075,22968.06032,12403.47592,43171.5625,80.73
2022-06-15T02:00+02:00,3434.6425,22589.235,11892.79831,42553.77,80.73
2022-06-15T03:00+02:00,4625.3175,22558.74466,11415.55451,42630.4975,80.73
2022-06-15T04:00+02:00,4710.3725,22682.01242,11069.25006,43468.1875,80.73
2022-06-15T05:00+02:00,4938.515,23188.9947,11290.69179,45420.8575,80.73
2022-06-15T06:00+02:00,5417.55,23635.59375,13447.61111,51848.87,80.73
2022-06-15T07:00+02:00,3718.6825,23881.55827,18141.21791,56917.525,80.73
2022-06-15T08:00+02:00,406.4225,23836.03941,24817.53321,59934.655,80.73
2022-06-15T09:00+02:00,-2548.9325,23337.25473,32062.40968,60956.8275,80.73
2022-06-15T10:00+02:00,-4573.3025,22679.99868,37646.17805,62338.9925,80.73
2022-06-15T11:00+02:00,-5492.4675,21952.66362,41074.98068,63849.9425,80.73
2022-06-15T12:00+02:00,-6285.0625,21389.84896,43231.19048,63797.6225,80.73
2022-06-15T13:00+02:00,-6219.86,21017.75845,43699.79579,63238.5875,80.73
2022-06-15T14:00+02:00,-6106.0275,20981.64561,42369.99758,61886.2125,80.73
2022-06-15T15:00+02:00,-4455.185,21166.69736,39769.8102,60429.4125,80.73
2022-06-15T16:00+02:00,-3079.02,21930.10099,35448.48184,58779.055,80.73
2022-06-15T17:00+02:00,-855.065,22885.47692,29256.98059,58415.79,80.73
2022-06-15T18:00+02:00,2475.465,23770.18653,21961.24941,58052.27,80.73
2022-06-15T19:00+02:00,6910.01,24153.19614,15858.24363,57242.5525,80.73
2022-06-15T20:00+02:00,7236.4825,24683.14983,13050.05266,55328.1025,80.73
2022-06-15T21:00+02:00,4417.6425,24441.1179,12626.22223,53041.3975,80.73
2022-06-15T22:00+02:00,2759.9,24083.9912,13231.32593,50822.77,80.73
2022-06-15T23:00+02:00,1401.035,23712.69868,13226.20657,47518.28,80.73
2022-06-16T00:00+02:00,2090.195,22855.90099,12876.77837,44315.3925,80.73
2022-06-16T01:00+02:00,1608.5325,22521.70124,12062.47381,41883.525,80.73
2022-06-16T02:00+02:00,2312.8775,22102.45704,11356.78578,40400.945,80.73
2022-06-16T03:00+02:00,2830.4475,22088.99193,10843.91872,40047.3525,80.73
2022-06-16T04:00+02:00,3914.3225,22106.2649,10714.15958,40220.3525,80.73
2022-06-16T05:00+02:00,2290.815,22240.65639,11877.39157,40127.635,80.73
2022-06-16T06:00+02:00,1372.635,22742.01389,14244.64767,42715.2075,80.73
2022-06-16T07:00+02:00,-561.9325,22842.1849,18042.20938,46111.57,80.73
2022-06-16T08:00+02:00,-2251.43,22450.92801,23915.64083,49204.91,80.73
2022-06-16T09:00+02:00,-5269.1825,21528.48891,30833.18486,51178.07,80.73
2022-06-16T10:00+02:00,-7667.8,20782.67213,37073.11007,53074.9825,80.73
2022-06-16T11:00+02:00,-7873.915,19843.41698,41583.93205,55113.6325,80.73
2022-06-16T12:00+02:00,-9443.645,18813.31295,44029.40135,55019.805,80.73
2022-06-16T13:00+02:00,-11280.4075,18823.73631,45880.94624,53895.64,80.73
2022-06-16T14:00+02:00,-11865.9425,18151.08238,46506.55221,53078.1725,80.73
2022-06-16T15:00+02:00,-11236.02,17715.90677,45306.70264,52556.1925,80.73
2022-06-16T16:00+02:00,-9091.1225,17965.65606,41844.06276,52306.11,80.73
2022-06-16T17:00+02:00,-7648.875,19400.24284,36878.94298,52826.5475,80.73
2022-06-16T18:00+02:00,-4743.9775,20931.38871,29965.3831,53296.905,80.73
2022-06-16T19:00+02:00,-1178.295,22088.60533,21714.18264,52375.6875,80.73
2022-06-16T20:00+02:00,1774.975,22323.37199,16246.05703,50744.6025,80.73
2022-06-16T21:00+02:00,3103.055,22294.04247,14156.04381,49317.1225,80.73
2022-06-16T22:00+02:00,2824.46,22513.06623,13838.56796,48435.8275,80.73
2022-06-16T23:00+02:00,2063.425,22316.45847,14186.58546,45284.1575,80.73
2022-06-17T00:00+02:00,3551.6825,21506.85975,13182.57039,43243.9675,80.73
2022-06-17T01:00+02:00,3508.5975,21524.06897,12306.6476,41527.29,80.73
2022-06-17T02:00+02:00,3042.07,21888.94741,11227.94304,40284.0925,80.73
2022-06-17T03:00+02:00,4036.3425,21911.45254,10557.40843,40416.62,80.73
2022-06-17T04:00+02:00,4935.4,22046.35335,10074.72589,40961.1825,80.73
2022-06-17T05:00+02:00,6470.9225,22193.38835,10971.66957,42849.675,80.73
2022-06-17T06:00+02:00,6575.1,22459.67791,14131.76535,48072.235,80.73
2022-06-17T07:00+02:00,3090.14,22336.19442,19820.82731,52797.3225,80.73
2022-06-17T08:00+02:00,-396.065,22280.31307,26840.13588,56366.8275,80.73
2022-06-17T09:00+02:00,-3726.1,21808.55534,34644.80906,57653.83,80.73
2022-06-17T10:00+02:00,-5547.89,20346.58884,41375.77451,58846.2175,80.73
2022-06-17T11:00+02:00,-6102.5675,19275.67244,45266.19386,60364.28,82.4325
2022-06-17T12:00+02:00,-6658.615,18669.56189,46901.13963,60872.2425,83
2022-06-17T13:00+02:00,-7392.33,18149.6449,46377.14254,59921.8425,83
2022-06-17T14:00+02:00,-6621.45,18108.20694,44423.99668,57763.39,83
2022-06-17T15:00+02:00,-4810.11,18572.52313,40552.02691,56471.2475,83
2022-06-17T16:00+02:00,-2255.1225,19498.67876,35596.77875,56072.905,83
2022-06-17T17:00+02:00,-35.815,20660.23301,30071.06824,55611.51,83
2022-06-17T18:00+02:00,1780.215,21406.8166,23745.79274,54868.6175,83
2022-06-17T19:00+02:00,4082.725,21429.84444,18859.75887,53903.835,83
2022-06-17T20:00+02:00,4520.4575,21116.02734,16727.04041,51665.9275,83
2022-06-17T21:00+02:00,4008.9625,21086.95503,16402.59867,49703.25,83
2022-06-17T22:00+02:00,2345.5,20791.99554,18373.22107,48259.335,83
2022-06-17T23:00+02:00,25.975,20282.25179,20046.81404,45172.7,83
2022-06-18T00:00+02:00,-134.48,19142.3185,21726.84601,42766.2825,83
2022-06-18T01:00+02:00,-1240.41,18435.86154,23253.68691,41809.83,83
2022-06-18T02:00+02:00,-2150.335,17528.04703,23887.98274,41136.795,83
2022-06-18T03:00+02:00,-2351.8625,16753.29347,24712.25623,41016.7475,83
2022-06-18T04:00+02:00,-2727.19,16615.03666,24653.75201,41204.8625,83
2022-06-18T05:00+02:00,-3048.3175,16656.18499,24314.29604,41322.075,83
2022-06-18T06:00+02:00,-3197.5675,16581.03301,25084.90933,43598.6325,83
2022-06-18T07:00+02:00,-3963.0225,17189.7604,26786.67075,46379.8375,83
2022-06-18T08:00+02:00,-5751.425,17402.06672,30863.16136,49141.43,83
2022-06-18T09:00+02:00,-7106.535,16986.89587,37423.27547,51722.305,83
2022-06-18T10:00+02:00,-8355.6975,16102.77344,43242.03647,53730.34,83
2022-06-18T11:00+02:00,-10049.31,15472.89403,47740.1412,55222.0325,83
2022-06-18T12:00+02:00,-10883.2425,14959.47486,50114.70692,54659.7175,83
2022-06-18T13:00+02:00,-10170.8625,12492.79996,50131.31202,53305.4975,83
2022-06-18T14:00+02:00,-9766.035,12690.42274,48375.90208,51927.99,83
2022-06-18T15:00+02:00,-7586.81,14183.86497,44714.99472,51314.085,83
2022-06-18T16:00+02:00,-5746.1925,15867.86724,39897.92927,51225.8375,83
2022-06-18T17:00+02:00,-3396.7025,17339.98951,33615.23967,50990.9525,83
2022-06-18T18:00+02:00,-4.5675,18338.24542,26018.74644,50640.8525,83
2022-06-18T19:00+02:00,3627.7625,18686.91642,18232.21672,49805.795,83
2022-06-18T20:00+02:00,5059.1,19016.34132,14175.46854,48152.3375,83
2022-06-18T21:00+02:00,5252.5525,19087.88549,12953.00056,45877.01,83
2022-06-18T22:00+02:00,4758.17,18685.25325,13267.25287,45061.435,83
2022-06-18T23:00+02:00,2724.625,18529.42671,14999.46667,42794.7575,83
2022-06-19T00:00+02:00,3582.2375,17425.42316,16169.06476,41196.51,83
2022-06-19T01:00+02:00,1916.8725,16967.0101,17718.26159,39398.1175,83
2022-06-19T02:00+02:00,819.05,16136.91165,18624.10454,38182.6375,83
2022-06-19T03:00+02:00,-120.55,15660.45167,20382.73377,38086.93,83
2022-06-19T04:00+02:00,-1416.98,15305.37067,22001.68053,37776.2025,83
2022-06-19T05:00+02:00,-2162.37,15106.20683,22301.20663,37918.04,83
2022-06-19T06:00+02:00,-3584.125,15059.4481,24688.03722,39219.5175,83
2022-06-19T07:00+02:00,-5443.405,15335.71956,29028.73553,41751.47,83
2022-06-19T08:00+02:00,-7410.125,15103.94445,34149.36079,45544.15,83
2022-06-19T09:00+02:00,-9841.125,15333.05428,39627.1689,48232.9375,83
2022-06-19T10:00+02:00,-11591.2425,15431.80723,43643.94549,49915.19,83
2022-06-19T11:00+02:00,-11331.1875,15397.95604,45827.45862,51867.9675,83
2022-06-19T12:00+02:00,-10796.125,15079.1898,45555.76073,51077.5225,83
2022-06-19T13:00+02:00,-10505.1375,14789.88618,44911.99325,49454.65,83
2022-06-19T14:00+02:00,-9544.5625,14778.89956,42879.96093,48632.5325,83
2022-06-19T15:00+02:00,-8895.185,14420.17228,41189.9359,47724.7125,83
2022-06-19T16:00+02:00,-6430.495,15306.9855,38270.5767,47068.135,83
2022-06-19T17:00+02:00,-5115.43,16790.98387,34344.41221,48171.945,83
2022-06-19T18:00+02:00,-1973.6275,18526.66863,28499.16719,48983.6825,83
2022-06-19T19:00+02:00,1623.7825,19466.82762,21955.95707,48973.2,83
2022-06-19T20:00+02:00,3179.45,20302.33566,16372.19458,47475.14,83
2022-06-19T21:00+02:00,4838.015,20432.20709,13853.07636,46390.015,83
2022-06-19T22:00+02:00,5662.5925,20665.13673,12532.21219,46335.0475,83
2022-06-19T23:00+02:00,5309.225,20582.59301,12033.14832,43752.37,83
2022-06-20T00:00+02:00,6372.2475,20500.288,11763.24223,42069.5275,83
2022-06-20T01:00+02:00,6098.2775,20457.21633,11375.91246,40604.72,83
2022-06-20T02:00+02:00,6415.93,20537.64466,11383.59647,39826.35,83
2022-06-20T03:00+02:00,7329.9275,20430.1535,11852.51173,39703.9175,83
2022-06-20T04:00+02:00,6954.4825,20796.07216,11794.56638,41060.85,83
2022-06-20T05:00+02:00,6585.09,21400.72369,12694.98775,44029.0575,83
2022-06-20T06:00+02:00,8193.73,21827.55884,14812.85285,51699.2625,83
2022-06-20T07:00+02:00,8668.2775,22252.07967,16538.29495,57463.935,83
2022-06-20T08:00+02:00,8025.2725,22814.10252,20265.6468,60880.61,83
2022-06-20T09:00+02:00,5883.765,22881.52479,24398.6413,62009.945,83
2022-06-20T10:00+02:00,4290.3875,22602.4474,29142.57268,63509.99,83
2022-06-20T11:00+02:00,1995.29,22385.95061,34063.17962,64527.8925,83
2022-06-20T12:00+02:00,-578.42,21454.87389,37352.01926,64338.5075,83
2022-06-20T13:00+02:00,-3192.79,21327.27595,39241.89141,63948.895,83
2022-06-20T14:00+02:00,-3249.68,20844.34214,40721.02209,62969.03,83
2022-06-20T15:00+02:00,-4115.565,20860.80388,39812.53875,61769.0825,83
2022-06-20T16:00+02:00,-4175.6,21136.17438,37384.24083,59786.045,83
2022-06-20T17:00+02:00,-2397.5625,21595.7157,35635.74455,59439.9925,83
2022-06-20T18:00+02:00,-2158.7875,22542.02413,32100.52147,59653.405,83
2022-06-20T19:00+02:00,-53.49,23202.80196,26586.99805,58810.5775,83
2022-06-20T20:00+02:00,1062.2975,23322.78429,22009.34104,56860.2375,83
2022-06-20T21:00+02:00,2556.455,23574.64899,19112.951,54249.365,83
2022-06-20T22:00+02:00,1490.8,23623.72575,18797.35567,52636.5875,83
2022-06-20T23:00+02:00,734.7925,23130.72392,19061.26355,49087.6425,83
2022-06-21T00:00+02:00,854.345,22834.02455,19115.91392,46406.24,83
2022-06-21T01:00+02:00,752.245,22438.02468,19036.34386,45462.5675,83
2022-06-21T02:00+02:00,1897.175,22030.99592,18889.61788,44745.475,83
2022-06-21T03:00+02:00,1523.845,22404.92309,18135.08987,44497.29,83
2022-06-21T04:00+02:00,2448.8,23105.76224,17415.60594,45200.6475,83
2022-06-21T05:00+02:00,3562.1375,23811.37453,17093.85487,47403.02,83
2022-06-21T06:00+02:00,5589.3375,24950.28419,18229.32989,53446.7975,83
2022-06-21T07:00+02:00,4099.945,25194.97243,22234.83886,58764.1525,83
2022-06-21T08:00+02:00,1279.895,25227.70218,27803.24072,62439.8275,83
2022-06-21T09:00+02:00,-1747.59,24930.95368,34645.51364,63168.1825,83
2022-06-21T10:00+02:00,-2502.9925,23993.89236,39943.84751,64364.8175,83
2022-06-21T11:00+02:00,-4579.355,23513.32288,43471.13916,65400.0425,83
2022-06-21T12:00+02:00,-5343.24,23260.34296,45197.19909,64574.6475,83
2022-06-21T13:00+02:00,-5751.1675,23739.50095,44350.33061,63775.735,83
2022-06-21T14:00+02:00,-5555.62,23671.27888,42555.91859,62541.72,83
2022-06-21T15:00+02:00,-3982.935,24267.86627,39643.03,61341.21,83
2022-06-21T16:00+02:00,-1671.61,24801.3015,35282.39574,60071.1925,83
2022-06-21T17:00+02:00,155.355,26014.36654,29031.62772,60155.8575,83
2022-06-21T18:00+02:00,2785.5125,26451.44801,21575.07574,59388.685,83
2022-06-21T19:00+02:00,6722.1225,26781.31224,15137.98193,58678.8625,83
2022-06-21T20:00+02:00,8585.6125,27012.48161,11759.41158,56799.38,83
2022-06-21T21:00+02:00,6531.3725,27138.87253,10823.95536,54183.4625,83
2022-06-21T22:00+02:00,3863.7825,27144.04752,11149.92586,51768.98,83
2022-06-21T23:00+02:00,3084.2125,26561.28428,11266.61437,48236.5325,83
2022-06-22T00:00+02:00,3548.19,25611.72628,10688.67681,45221.61,83
2022-06-22T01:00+02:00,3597.735,25506.68605,10056.32952,44031.145,83
2022-06-22T02:00+02:00,3997.7825,25538.06786,9475.304194,42754.755,83
2022-06-22T03:00+02:00,4764.03,25625.449,9285.583176,42589.125,83
2022-06-22T04:00+02:00,6041.7425,25861.73151,9250.615275,43645.1975,83
2022-06-22T05:00+02:00,6479.245,26028.31221,9902.158779,45964.0075,83
2022-06-22T06:00+02:00,7384.2225,26683.78536,12500.40863,52626.915,83
2022-06-22T07:00+02:00,5209.6275,26998.07915,16970.51156,57734.5725,83
2022-06-22T08:00+02:00,3107.2325,26810.20992,22054.31129,60738.5975,83
2022-06-22T09:00+02:00,1413.485,26370.77841,27943.74826,62214.125,83
2022-06-22T10:00+02:00,280.3175,25875.20561,31658.72574,64170.25,83
2022-06-22T11:00+02:00,-451.505,25875.72336,33364.10252,65041.42,83
2022-06-22T12:00+02:00,365.2125,25268.78601,33909.99439,64591.6925,83
2022-06-22T13:00+02:00,-42.2625,24670.50036,33356.65586,64069.6975,83
2022-06-22T14:00+02:00,-234.595,24678.4082,32726.14658,62606.8875,83
2022-06-22T15:00+02:00,680.6975,24925.65227,31188.97891,61933.83,83
2022-06-22T16:00+02:00,1209.6725,25606.39992,28164.51432,60777.055,83
2022-06-22T17:00+02:00,3075.7025,26421.58579,24061.34236,60478.5025,83
2022-06-22T18:00+02:00,5285.5525,26537.12176,19235.55587,59690.5425,83
2022-06-22T19:00+02:00,7362.7175,26345.82936,14959.61078,58676.825,83
2022-06-22T20:00+02:00,7631.3125,26352.00216,12379.55861,56591.9575,83
2022-06-22T21:00+02:00,6108.82,26395.17137,11891.80521,53935.5125,83
2022-06-22T22:00+02:00,5393.625,26332.29499,12542.5016,52227.8375,83
2022-06-22T23:00+02:00,3386.2,26052.2032,12749.36823,48637.495,83
2022-06-23T00:00+02:00,2808.23,26622.0452,11962.95971,45533.04,83
2022-06-23T01:00+02:00,1850.61,26622.64117,11436.57042,43711.55,83
2022-06-23T02:00+02:00,2815.3975,26356.60471,10802.15891,42611.635,83
2022-06-23T03:00+02:00,4159.9375,26319.38659,10460.84167,42603.215,83
2022-06-23T04:00+02:00,5065.3975,26536.24263,10564.57118,43616.6425,83
2022-06-23T05:00+02:00,5928.1975,26798.05882,11467.24891,45749.2275,83
2022-06-23T06:00+02:00,6430.84,27162.79686,13721.07982,52480.9025,83
2022-06-23T07:00+02:00,4289.5,27459.89314,17982.76513,57170.5725,83
2022-06-23T08:00+02:00,2381.555,27421.62259,23727.55768,60436.3225,83
2022-06-23T09:00+02:00,-809.58,26844.14327,31120.69813,61554.2975,83
2022-06-23T10:00+02:00,-4392.8125,25631.64873,37575.10599,62979.0425,83
2022-06-23T11:00+02:00,-5455.535,24634.6299,41992.18931,64689.92,83
2022-06-23T12:00+02:00,-5101.1975,23895.40282,44376.03994,64912.4925,83
2022-06-23T13:00+02:00,-5460.445,23610.5389,44866.72192,64677.5925,83
2022-06-23T14:00+02:00,-5666.6275,23663.1885,43676.49446,63792.4825,83
2022-06-23T15:00+02:00,-5048.4375,23850.40261,41284.12482,62669.725,83
2022-06-23T16:00+02:00,-4571.1175,24445.41877,37410.87165,60714.195,83
2022-06-23T17:00+02:00,-1547.605,25111.75267,31802.02308,59941.6625,83
2022-06-23T18:00+02:00,1380.385,25485.42153,25014.6853,59475.535,83
2022-06-23T19:00+02:00,3816.97,25143.81646,19868.00741,58693.715,83
2022-06-23T20:00+02:00,3423.68,25278.07549,18699.74966,56947.02,83
2022-06-23T21:00+02:00,2001.24,24875.1902,21437.8612,54782.1125,83
2022-06-23T22:00+02:00,533.5025,24234.10554,25308.19773,53461.6025,83
2022-06-23T23:00+02:00,-1865.6425,23004.26808,27573.61707,50073.1675,83
2022-06-24T00:00+02:00,-1684.2125,21581.60591,28610.99715,47115.445,83
2022-06-24T01:00+02:00,-2532.7175,19882.70013,28700.75739,46323.055,83
2022-06-24T02:00+02:00,-2939.2875,19229.03722,28871.20514,45298.85,83
2022-06-24T03:00+02:00,-2188.995,18943.09053,27180.15177,45573.8175,83
2022-06-24T04:00+02:00,-542.3375,19341.79242,25867.40403,45849.83,83
2022-06-24T05:00+02:00,909.2325,20756.87515,25012.13499,48396.6175,83
2022-06-24T06:00+02:00,848.335,23192.71665,25811.76926,54326.4025,83
2022-06-24T07:00+02:00,1079.2275,23705.2673,27246.63414,59420.315,83
2022-06-24T08:00+02:00,1198.805,23585.92887,29401.04091,61698.9425,83
2022-06-24T09:00+02:00,-130.8775,23603.59816,34013.57546,63148.4775,83
2022-06-24T10:00+02:00,-1493.7375,22997.18133,37932.14906,64849.0925,83
2022-06-24T11:00+02:00,-2861.455,22836.50492,39843.92473,65313.04,82.925
2022-06-24T12:00+02:00,-3255.7575,22394.15528,41708.53152,65229.2275,82.9
2022-06-24T13:00+02:00,-3489.28,22191.5507,41671.51645,64537.975,82.9
2022-06-24T14:00+02:00,-2669.88,21825.94956,39452.27536,62952.0925,82.9
2022-06-24T15:00+02:00,182.2,22108.82435,36606.40167,62306.865,82.9
2022-06-24T16:00+02:00,1384.8475,22262.55578,31948.89828,60334.3725,82.9
2022-06-24T17:00+02:00,4253.8575,22077.93024,25851.39947,60107.67,82.9
2022-06-24T18:00+02:00,8018.7225,22461.83022,20556.72336,59796.98,82.9
2022-06-24T19:00+02:00,9732.4575,22896.45188,17100.99933,57823.0825,82.9
2022-06-24T20:00+02:00,9888.6175,22913.22933,15451.17845,55670.1575,82.9
2022-06-24T21:00+02:00,6523.4325,22782.30312,14662.56045,52474.8225,82.9
2022-06-24T22:00+02:00,4809.375,22365.06212,14132.13037,49941.515,82.9
2022-06-24T23:00+02:00,3010.915,22268.72849,14214.17053,46420.4975,82.9
2022-06-25T00:00+02:00,4162.93,21331.66588,14512.90488,44991.265,82.9
2022-06-25T01:00+02:00,3210.555,21295.21821,14401.59868,43073.98,82.9
2022-06-25T02:00+02:00,2666.7175,21057.73664,14251.04065,41593.88,82.9
2022-06-25T03:00+02:00,2742.3675,21037.07632,13970.94565,40633.505,82.9
2022-06-25T04:00+02:00,3365.185,21124.20974,13778.97794,40399.445,82.9
2022-06-25T05:00+02:00,3059.855,21169.06381,13979.42106,40367.6325,82.9
2022-06-25T06:00+02:00,1915.795,21269.4709,15174.50162,42367.555,82.9
2022-06-25T07:00+02:00,311.68,21279.27453,17896.91419,44795.2175,82.9
2022-06-25T08:00+02:00,-1080.55,21207.53437,22484.9194,48392.1675,82.9
2022-06-25T09:00+02:00,-3222.835,21083.66826,28971.68457,51076.48,82.9
2022-06-25T10:00+02:00,-4713.0125,20569.53146,34524.42216,52998.1525,82.9
2022-06-25T11:00+02:00,-6096.405,20079.69167,37950.70282,53726.0425,82.9
2022-06-25T12:00+02:00,-7051.7475,19640.47802,39273.27255,53106.6775,82.9
2022-06-25T13:00+02:00,-6817.1175,19015.23115,38892.68976,51844.3125,82.9
2022-06-25T14:00+02:00,-5747.6925,18630.87266,37247.9125,50678.2975,82.9
2022-06-25T15:00+02:00,-5048.6325,19419.31877,34258.76477,49791.19,82.9
2022-06-25T16:00+02:00,-3721.2275,20535.16871,30518.34201,48997.09,82.9
2022-06-25T17:00+02:00,-2545.28,21076.07568,25312.06908,49261.375,82.9
2022-06-25T18:00+02:00,329.29,20904.84754,18677.11821,49389.7475,82.9
2022-06-25T19:00+02:00,3755.7,20970.23537,13203.27284,48466.0825,82.9
2022-06-25T20:00+02:00,4938.2375,21001.91736,10359.08155,47120.1075,82.9
2022-06-25T21:00+02:00,4622.7725,20792.87282,9568.66715,45642.13,82.9
2022-06-25T22:00+02:00,3594.8125,20555.17805,9775.178893,44579.77,82.9
2022-06-25T23:00+02:00,2027.7525,20491.23623,10409.67159,41808.3225,82.9
2022-06-26T00:00+02:00,2068.11,20101.84332,11582.91318,39371.675,82.9
2022-06-26T01:00+02:00,1416.7125,20035.60264,12340.06683,38177.705,82.9
2022-06-26T02:00+02:00,899.195,19989.54176,12689.80058,37019.7275,82.9
2022-06-26T03:00+02:00,1830.855,19456.41341,12689.70448,36925.4575,82.9
2022-06-26T04:00+02:00,1355.5025,19101.42953,13094.64705,36973.4825,82.9
2022-06-26T05:00+02:00,1951.615,18865.22977,12859.28566,36583.4675,82.9
2022-06-26T06:00+02:00,1642.47,18456.44708,14189.74449,37259.06,82.9
2022-06-26T07:00+02:00,861.1125,17900.369,17409.20612,39301.7525,82.9
2022-06-26T08:00+02:00,-1331.525,17844.63664,23354.79401,42506.5325,82.9
2022-06-26T09:00+02:00,-4014.475,17434.43646,30569.39163,45666.0025,82.9
2022-06-26T10:00+02:00,-5613.9575,16827.43988,35933.00324,47630.2125,82.9
2022-06-26T11:00+02:00,-5915.4325,15854.08543,39217.26329,49398.485,82.9
2022-06-26T12:00+02:00,-6877.2025,15568.07191,40327.20267,49874.515,82.9
2022-06-26T13:00+02:00,-7064.5925,15555.86042,38869.12226,48456.53,82.9
2022-06-26T14:00+02:00,-5606.4975,16017.33498,36674.38239,47155.1475,82.9
2022-06-26T15:00+02:00,-5966.9725,17331.10492,33564.9818,46112.365,82.9
2022-06-26T16:00+02:00,-4402.3725,18261.12626,29630.84826,46037.06,82.9
2022-06-26T17:00+02:00,-1770.9825,19475.55952,24262.54013,46902.755,82.9
2022-06-26T18:00+02:00,1116.3175,20464.83978,18694.70558,47074.1225,82.9
2022-06-26T19:00+02:00,3834.13,21710.39041,13741.76966,46725,82.9
2022-06-26T20:00+02:00,4090.7275,22307.25379,11557.6548,46414.7425,82.9
2022-06-26T21:00+02:00,4251.385,22742.04559,11444.64041,45546.165,82.9
2022-06-26T22:00+02:00,2618.0225,22775.25895,12574.49187,45152.94,82.9
2022-06-26T23:00+02:00,309.9125,22632.64248,13548.55663,42646.32,82.9
2022-06-27T00:00+02:00,-708.7725,22337.34045,14212.06701,40968.84,82.9
2022-06-27T01:00+02:00,-750.965,22336.45114,13772.09736,40531.5725,82.9
2022-06-27T02:00+02:00,123.9025,22360.85152,13213.89125,40069.8075,82.9
2022-06-27T03:00+02:00,831.2575,22495.69385,13668.89731,40214.4425,82.9
2022-06-27T04:00+02:00,1840.835,22842.883,12773.59848,41168.3575,82.9
2022-06-27T05:00+02:00,1722.1,23544.02136,12749.27758,44201.35,82.9
2022-06-27T06:00+02:00,5622.845,24252.35668,14451.93336,51174.4925,82.9
2022-06-27T07:00+02:00,5466.805,24668.97979,17064.11582,57082.7675,82.9
2022-06-27T08:00+02:00,2279.6375,25006.84871,21714.3942,60602.4675,82.9
2022-06-27T09:00+02:00,275.995,25115.0417,25991.10817,62209.45,82.9
2022-06-27T10:00+02:00,-1744.4025,25200.28254,30336.15849,63648.76,82.9
2022-06-27T11:00+02:00,-2778.8575,25066.68568,33440.56944,64870.975,82.9
2022-06-27T12:00+02:00,-3587.69,24915.57083,34780.15124,64426.7275,82.9
2022-06-27T13:00+02:00,-2287.48,24890.89689,34793.31696,63985.345,82.9
2022-06-27T14:00+02:00,-2303.3025,24982.40811,34073.5402,63100.825,82.9
2022-06-27T15:00+02:00,-2233.655,24955.47845,33335.96885,61597.28,82.9
2022-06-27T16:00+02:00,-1158.7475,24907.72671,32467.19369,61106.135,82.9
2022-06-27T17:00+02:00,555.195,24941.56247,28854.25532,61643.66,82.9
2022-06-27T18:00+02:00,1319.365,25930.03632,23895.96388,61158.275,82.9
2022-06-27T19:00+02:00,3280.28,26235.43252,20088.72756,59856.3075,82.9
2022-06-27T20:00+02:00,3815.59,25996.41898,17980.73502,57564.46,82.9
2022-06-27T21:00+02:00,3216.1675,26060.59424,15954.00504,54709.445,82.9
2022-06-27T22:00+02:00,1747.365,25955.6907,15878.18852,52776.06,82.9
2022-06-27T23:00+02:00,1501.065,25081.76832,15254.6463,49368.13,82.9
2022-06-28T00:00+02:00,1632.41,25001.57364,13983.60576,46047.465,82.9
2022-06-28T01:00+02:00,1888.6175,24707.74346,12748.35558,43809.14,82.9
2022-06-28T02:00+02:00,2574.955,24424.99845,12224.28529,42554.7125,82.9
2022-06-28T03:00+02:00,3222.2275,24486.41718,12237.31733,42869.66,82.9
2022-06-28T04:00+02:00,3626.9075,24703.55915,12255.38572,43783.83,82.9
2022-06-28T05:00+02:00,3946.5425,24913.47814,12702.15541,46156.155,82.9
2022-06-28T06:00+02:00,6891.165,25652.52559,14858.35833,52768.49,82.9
2022-06-28T07:00+02:00,6566.2925,25447.09237,18763.03748,57989.31,82.9
2022-06-28T08:00+02:00,3057.275,25445.78712,24273.61038,61167.475,82.9
2022-06-28T09:00+02:00,623.39,24845.14381,30517.63414,62258.9325,82.9
2022-06-28T10:00+02:00,-1192.81,24138.31254,35636.75474,63686.9175,82.9
2022-06-28T11:00+02:00,-2660.7925,23506.64307,38454.52056,64965.95,82.9
2022-06-28T12:00+02:00,-1176.7625,23733.96811,39183.80749,64397.7975,82.9
2022-06-28T13:00+02:00,-399.4075,23478.93232,38723.76569,63292.9675,82.9
2022-06-28T14:00+02:00,-1678.5225,23665.0038,37062.64455,61924.4425,82.9
2022-06-28T15:00+02:00,-3060.5975,24828.96254,34126.27391,60168.3975,82.9
2022-06-28T16:00+02:00,-1161.2625,24861.24612,30282.99893,59299.56,82.9
2022-06-28T17:00+02:00,314.405,25751.63007,24749.65385,58997.955,82.9
2022-06-28T18:00+02:00,2097.79,26210.14921,18998.7969,58630.03,82.9
2022-06-28T19:00+02:00,5118.7125,26181.28696,14542.89488,57395.5475,82.9
2022-06-28T20:00+02:00,5585.4175,25944.57901,11898.72998,55776.62,82.9
2022-06-28T21:00+02:00,4390.325,25967.01999,11547.05124,53444.6925,82.9
2022-06-28T22:00+02:00,2500.0875,25920.28938,13428.53791,51604.0275,82.9
2022-06-28T23:00+02:00,153.985,25405.96948,15663.72804,47922.33,82.9
2022-06-29T00:00+02:00,-971.2125,24582.4508,17477.23015,45642.8575,82.9
2022-06-29T01:00+02:00,-1204.4375,24479.47557,18952.31268,44863.43,82.9
2022-06-29T02:00+02:00,-1580.0375,24095.74403,19050.51301,44093.3725,82.9
2022-06-29T03:00+02:00,-1882.7475,24287.19379,18541.97762,43269.12,82.9
2022-06-29T04:00+02:00,-650.2125,24339.07875,17748.17529,43837.795,82.9
2022-06-29T05:00+02:00,194.3325,24549.70878,17437.10135,46379.7325,82.9
2022-06-29T06:00+02:00,1966.525,25131.91339,18447.14836,52922.1075,82.9
2022-06-29T07:00+02:00,3682.4225,25378.79858,19718.63051,57923.3125,82.9
2022-06-29T08:00+02:00,3334.1625,25680.07935,22329.60723,61004.0725,82.9
2022-06-29T09:00+02:00,1727.5775,25704.82108,25982.28973,62373.795,82.9
2022-06-29T10:00+02:00,781.1075,25585.29309,29379.91679,63623.2675,82.9
2022-06-29T11:00+02:00,679.895,25310.818,31932.06689,64424.79,82.9
2022-06-29T12:00+02:00,-773.9475,24891.22235,33968.00246,63869.6025,82.9
2022-06-29T13:00+02:00,-828.5825,24867.41252,35216.76235,62737.385,82.9
2022-06-29T14:00+02:00,-1934.0825,25009.12634,34968.44082,61752.0425,82.9
2022-06-29T15:00+02:00,-2016.3075,24874.14065,33481.89746,61125.0525,82.9
2022-06-29T16:00+02:00,-745.5975,25064.08353,31272.55866,60675.4975,82.9
2022-06-29T17:00+02:00,880.73,25863.65583,27383.2768,60048.3775,82.9
2022-06-29T18:00+02:00,1932.9775,26064.6185,22603.49822,59889.155,82.9
2022-06-29T19:00+02:00,2954.7725,26038.96877,18690.42693,59143.435,82.9
2022-06-29T20:00+02:00,3158.405,25924.42385,16064.06273,56932.84,82.9
2022-06-29T21:00+02:00,1957.315,26089.00835,15602.28917,54884.3925,82.9
2022-06-29T22:00+02:00,386.2625,26115.4594,16835.45456,53148.2425,82.9
2022-06-29T23:00+02:00,-1210.285,25990.6167,17755.39045,49469.2275,82.9
2022-06-30T00:00+02:00,-1264.275,30903.43965,17904.69681,46534.4625,82.9
2022-06-30T01:00+02:00,-1831.7425,29305.55275,17603.53569,45014.845,82.9
2022-06-30T02:00+02:00,-472.55,29040.49721,15781.8356,43900.075,82.9
2022-06-30T03:00+02:00,1069.2075,28689.5841,14929.05917,44076.36,82.9
2022-06-30T04:00+02:00,2320.3725,28885.9575,14490.49746,44951.6175,82.9
2022-06-30T05:00+02:00,2198.86,29780.20941,14394.34259,46982.2425,82.9
2022-06-30T06:00+02:00,3169.08,32590.40798,16211.11988,53358.58,82.9
2022-06-30T07:00+02:00,3701.36,33074.03203,18989.52086,58459.28,82.9
2022-06-30T08:00+02:00,887.1725,33252.45093,24567.10909,61889.525,82.9
2022-06-30T09:00+02:00,-2723.255,32513.07056,31689.36477,62854.2,82.9
2022-06-30T10:00+02:00,-4604.0625,31296.95192,37467.24321,64305.0675,82.9
2022-06-30T11:00+02:00,-5765.41,30560.76634,40476.14686,65747.835,82.9
2022-06-30T12:00+02:00,-6340.0575,30038.02108,41684.53117,65636.33,82.9
2022-06-30T13:00+02:00,-5709.895,30464.14443,41513.87005,64822.7875,82.9
2022-06-30T14:00+02:00,-5760.87,30589.63158,39753.81053,63633.8225,82.9
2022-06-30T15:00+02:00,-5181.4175,31389.70454,36574.84404,62572.6375,82.9
2022-06-30T16:00+02:00,-4512.1175,32838.83667,31474.18015,61575.5475,82.9
2022-06-30T17:00+02:00,-45.08,32756.6199,26577.19876,61119.945,82.9
2022-06-30T18:00+02:00,2331.1925,32587.3315,23068.8387,60604.995,82.9
2022-06-30T19:00+02:00,3021.275,33064.5745,20059.20809,59316.185,82.9
2022-06-30T20:00+02:00,1877.51,32896.77598,18584.29897,57501.495,82.9
2022-06-30T21:00+02:00,-417,32833.78848,19074.23999,55744.6475,82.9
2022-06-30T22:00+02:00,-1615.325,32141.86075,20419.51797,54004.565,82.9
2022-06-30T23:00+02:00,-2056.255,28254.02298,21367.38548,50260.8275,82.9
2022-07-01T00:00+02:00,-1787.4725,23364.24297,21504.65071,47365.255,82.9
2022-07-01T01:00+02:00,-2740.83,23388.68212,20368.99689,45552.575,82.9
2022-07-01T02:00+02:00,-2463.7175,23517.45317,19413.49595,44833.4975,82.9
2022-07-01T03:00+02:00,-1413.4625,23581.31856,19263.31005,44430.0725,82.9
2022-07-01T04:00+02:00,-525.4325,23659.89626,20061.84118,45314.2825,82.9
2022-07-01T05:00+02:00,55.3225,24177.28892,21558.90187,47753.1875,82.9
2022-07-01T06:00+02:00,1143.2,25597.24688,23109.80807,53636.99,82.9
2022-07-01T07:00+02:00,1327.71,25996.76137,24399.01902,58668.03,82.9
2022-07-01T08:00+02:00,1308.6575,26227.98362,25615.10256,61504.085,82.9
2022-07-01T09:00+02:00,825.72,26300.70695,26201.31563,62174.005,82.9
2022-07-01T10:00+02:00,2287.6425,26063.1636,27083.82486,63288.06,82.9
2022-07-01T11:00+02:00,2319.5,25884.76722,28949.28005,64277.005,86.89
2022-07-01T12:00+02:00,1329.4225,25653.277,31116.08254,63580.7275,88.22
2022-07-01T13:00+02:00,79.24,25117.40261,32701.186,63111.2475,88.22
2022-07-01T14:00+02:00,-2094.5275,24431.39685,33565.51913,61351.05,88.22
2022-07-01T15:00+02:00,-2199.6575,24481.43769,32924.9541,59858.325,88.22
2022-07-01T16:00+02:00,-1963.575,24371.25623,32017.20838,58467.5125,88.22
2022-07-01T17:00+02:00,-2231.485,25036.6077,29519.22409,58368.9275,88.22
2022-07-01T18:00+02:00,-717.4925,25749.18118,25802.88056,57559.875,88.22
2022-07-01T19:00+02:00,1097.8325,26378.08592,21349.71854,56399.51,88.22
2022-07-01T20:00+02:00,1909.0825,26367.21089,17470.01633,54104.0925,88.22
2022-07-01T21:00+02:00,2879.46,25926.90046,15412.90875,52034.77,88.22
2022-07-01T22:00+02:00,1910.865,25545.94594,14537.53618,49916.73,88.22
2022-07-01T23:00+02:00,2120.745,23793.08511,15018.07114,47033.905,88.22
2022-07-02T00:00+02:00,883.62,22422.26701,14877.96674,44378.495,88.22
2022-07-02T01:00+02:00,769.735,21499.59568,14682.44994,42478.61,88.22
2022-07-02T02:00+02:00,1814.335,20566.92002,15183.82288,40883.2075,88.22
2022-07-02T03:00+02:00,2112.46,19875.41026,15347.68662,40621.49,88.22
2022-07-02T04:00+02:00,2263.74,19619.18512,15320.2534,40361.7775,88.22
2022-07-02T05:00+02:00,2314.7475,19481.13614,15583.65034,40439.91,88.22
2022-07-02T06:00+02:00,376.405,19588.14377,17779.28693,42008.555,88.22
2022-07-02T07:00+02:00,-1362.4875,19397.98376,22061.81508,45065.63,88.22
2022-07-02T08:00+02:00,-4196.245,18360.01475,28956.03772,48708.0125,88.22
2022-07-02T09:00+02:00,-5535.845,16606.60889,38158.26853,51465.53,88.22
2022-07-02T10:00+02:00,-8702.6725,15010.48212,45864.32648,53641.2575,88.22
2022-07-02T11:00+02:00,-10991.4725,14082.10542,49703.4345,54583.335,88.22
2022-07-02T12:00+02:00,-10796.27,12669.17463,50941.88183,53413.145,88.22
2022-07-02T13:00+02:00,-10478.935,12639.30587,49833.03191,51670.6275,88.22
2022-07-02T14:00+02:00,-10997.145,12907.90217,47956.90148,50242.0225,88.22
2022-07-02T15:00+02:00,-7683.13,12862.70774,43878.49664,49621.0375,88.22
2022-07-02T16:00+02:00,-6257.595,15009.73212,38984.84885,49331.06,88.22
2022-07-02T17:00+02:00,-4757.38,18279.86715,31947.09057,49618.77,88.22
2022-07-02T18:00+02:00,-717.2225,19959.69924,23188.92474,48882.3675,88.22
2022-07-02T19:00+02:00,2353.1625,20665.22091,15553.13066,48096.7525,88.22
2022-07-02T20:00+02:00,3363.5025,20884.38176,11730.40619,46727.69,88.22
2022-07-02T21:00+02:00,2572.8425,20808.41349,11852.01284,44963.82,88.22
2022-07-02T22:00+02:00,610.0575,20732.15769,14137.08856,44833.51,88.22
2022-07-02T23:00+02:00,-1498.3975,20453.44916,16555.34333,43105.75,88.22
2022-07-03T00:00+02:00,-2981.2825,19920.41169,17796.94165,40577.05,88.22
2022-07-03T01:00+02:00,-3638.0775,19177.01005,18045.24432,38907.03,88.22
2022-07-03T02:00+02:00,-2991.265,18248.27301,17786.40005,37908.61,88.22
2022-07-03T03:00+02:00,-2775.6925,18094.60952,16869.62533,37341.5025,88.22
2022-07-03T04:00+02:00,-1869.1,17574.90493,15920.41205,36956.855,88.22
2022-07-03T05:00+02:00,-1170.78,17234.30918,15273.64527,36448.94,88.22
2022-07-03T06:00+02:00,-781.565,17221.81617,16423.52406,37353.995,88.22
2022-07-03T07:00+02:00,-2823.9525,17199.36276,19811.75588,39536.265,88.22
2022-07-03T08:00+02:00,-4472.645,16768.99843,26049.85306,42958.0275,88.22
2022-07-03T09:00+02:00,-7792.345,16281.8677,33953.41075,46254.7075,88.22
2022-07-03T10:00+02:00,-9648.385,15206.53741,40119.47956,48349.4175,88.22
2022-07-03T11:00+02:00,-10332.575,14795.63658,43462.26296,49209.205,88.22
2022-07-03T12:00+02:00,-10003.1875,13922.06196,44763.32612,49288.1125,88.22
2022-07-03T13:00+02:00,-10431.095,12895.50488,44834.76733,47933.9925,88.22
2022-07-03T14:00+02:00,-10253.4675,12936.29444,43489.71501,46669.0125,88.22
2022-07-03T15:00+02:00,-9620.8175,13571.29092,41254.048,46268.55,88.22
2022-07-03T16:00+02:00,-7759.895,15677.65607,37816.76059,46542.9925,88.22
2022-07-03T17:00+02:00,-7739.9,18604.58969,32823.74826,47538.89,88.22
2022-07-03T18:00+02:00,-4094.1625,20678.41401,25716.48026,47896.2375,88.22
2022-07-03T19:00+02:00,794.3775,21647.75682,19874.47467,48159.995,88.22
2022-07-03T20:00+02:00,1478.31,21964.90553,16461.30446,47796.295,88.22
2022-07-03T21:00+02:00,1839.1875,22149.25446,15086.27032,46673.715,88.22
2022-07-03T22:00+02:00,947.4225,22263.62931,16061.18967,47216.6225,88.22
2022-07-03T23:00+02:00,-1079.87,22284.28551,17047.32394,44795.38,88.22
2022-07-04T00:00+02:00,-512.545,21785.87788,16222.81663,42149.9,88.22
2022-07-04T01:00+02:00,-871.4075,21236.60758,15412.50712,40763.91,88.22
2022-07-04T02:00+02:00,-14.0125,20753.74943,14724.77565,39849.5675,88.22
2022-07-04T03:00+02:00,403.405,21040.54483,13740.39677,39474.555,88.22
2022-07-04T04:00+02:00,548.935,21619.13806,13682.23659,40512.5825,88.22
2022-07-04T05:00+02:00,2352.5175,21962.10755,13757.30792,43205.8375,88.22
2022-07-04T06:00+02:00,4514.075,22223.35118,15022.7976,50850.865,88.22
2022-07-04T07:00+02:00,3759.015,22308.61116,18725.47269,56361.0175,88.22
2022-07-04T08:00+02:00,1284.1525,22244.17122,25271.52121,60185.78,88.22
2022-07-04T09:00+02:00,-1363.5275,22012.40154,32394.70786,61119.8775,88.22
2022-07-04T10:00+02:00,-3695.585,21529.36203,38611.81385,62225.6775,88.22
2022-07-04T11:00+02:00,-3985.64,21162.6965,43549.99446,64270.9675,88.22
2022-07-04T12:00+02:00,-3994.87,20273.69998,46824.72018,64490.8475,88.22
2022-07-04T13:00+02:00,-3914.795,17935.06158,48576.92514,63320.2075,88.22
2022-07-04T14:00+02:00,-4165.475,18073.87748,48429.00518,63524.4675,88.22
2022-07-04T15:00+02:00,-3863.7475,17970.75136,46618.60961,62461.065,88.22
2022-07-04T16:00+02:00,-3317.705,20187.91609,42624.36943,61124.2275,88.22
2022-07-04T17:00+02:00,-2910.8975,22690.32964,36688.28556,60444.8925,88.22
2022-07-04T18:00+02:00,-890.9175,23619.02494,29438.24415,59869.545,88.22
2022-07-04T19:00+02:00,2254.0075,24234.84053,23290.16609,59155.555,88.22
2022-07-04T20:00+02:00,3558.1375,24718.47713,18451.31772,56410.725,88.22
2022-07-04T21:00+02:00,3765.1725,25339.46909,16326.54115,54211.9425,88.22
2022-07-04T22:00+02:00,2496.5475,25332.13363,15311.69851,51921.6625,88.22
2022-07-04T23:00+02:00,743.6475,25313.21602,14998.74777,48115.5475,88.22
2022-07-05T00:00+02:00,-485.625,25102.44141,14933.71894,45239.8175,88.22
2022-07-05T01:00+02:00,-431.8075,24877.98268,14638.75722,43561.6425,88.22
2022-07-05T02:00+02:00,-656.97,24702.54899,14499.67547,42695.34,88.22
2022-07-05T03:00+02:00,136.6975,24570.20101,14399.99225,42974.1925,88.22
2022-07-05T04:00+02:00,1088.385,24478.25946,14181.03429,43766.1725,88.22
2022-07-05T05:00+02:00,2096.745,24894.56843,14663.23174,46175.705,88.22
2022-07-05T06:00+02:00,3604.0125,25546.96447,16237.14432,52779.0925,88.22
2022-07-05T07:00+02:00,1378.08,25825.45715,21010.09127,57786.9325,88.22
2022-07-05T08:00+02:00,-1696.47,25376.13708,28244.78475,61466.705,88.22
2022-07-05T09:00+02:00,-5099.455,24051.33324,36445.20718,62722.425,88.22
2022-07-05T10:00+02:00,-6720.825,22677.85386,42141.72223,64436.1,88.22
2022-07-05T11:00+02:00,-6455.375,21402.83315,44931.55501,64941.2675,88.22
2022-07-05T12:00+02:00,-6282.6725,22045.85781,46131.3665,65230.7225,88.22
2022-07-05T13:00+02:00,-5964.2575,21522.53803,47040.80146,64950.855,88.22
2022-07-05T14:00+02:00,-5275.2375,20041.22159,46911.34563,63937.7475,88.22
2022-07-05T15:00+02:00,-5044.17,20629.70885,45502.35426,63271.485,88.22
2022-07-05T16:00+02:00,-4767.3,22053.91381,41970.23255,62296.4675,88.22
2022-07-05T17:00+02:00,-4453.445,23207.16239,36756.08839,61042.425,88.22
2022-07-05T18:00+02:00,-1205.4275,24020.92794,30329.06603,60290.515,88.22
2022-07-05T19:00+02:00,1543.155,24413.61831,23591.43788,59299.1075,88.22
2022-07-05T20:00+02:00,2259.8625,24420.7328,18933.18181,56980.42,88.22
2022-07-05T21:00+02:00,2392.115,24351.9981,17041.20912,54151.9525,88.22
2022-07-05T22:00+02:00,302.3775,24283.187,16385.77778,51919.705,88.22
2022-07-05T23:00+02:00,-611.545,24195.37066,16317.99659,48212.055,88.22
2022-07-06T00:00+02:00,266.0025,23835.94702,16131.39059,45705.1825,88.22
2022-07-06T01:00+02:00,-91.19,23384.54786,16585.42803,44475.4125,88.22
2022-07-06T02:00+02:00,-524.0525,23210.51337,16435.13964,43351.265,88.22
2022-07-06T03:00+02:00,21.2725,23209.7083,16323.04933,43342.9675,88.22
2022-07-06T04:00+02:00,849.64,23252.70574,16368.53435,44083.305,88.22
2022-07-06T05:00+02:00,1492.2975,23426.81744,16507.08734,46333.385,88.22
2022-07-06T06:00+02:00,3894.19,23719.87468,17567.13452,52599.8025,88.22
2022-07-06T07:00+02:00,2689.5575,23864.24097,21255.12809,57953.5025,88.22
2022-07-06T08:00+02:00,720.5325,23468.24597,27351.24183,60913.8975,88.22
2022-07-06T09:00+02:00,-2328.6275,22593.93446,33753.56745,60996.3475,88.22
2022-07-06T10:00+02:00,-4197.6,22730.60342,38128.58479,63531.95,88.22
2022-07-06T11:00+02:00,-4789.6425,22694.27482,40307.69146,64373.85,88.22
2022-07-06T12:00+02:00,-5523.7225,22536.2013,43514.03856,64474.22,88.22
2022-07-06T13:00+02:00,-5703.3775,21331.86735,46317.1932,64528.375,88.22
2022-07-06T14:00+02:00,-5732.805,19429.47664,47989.40516,63543.0525,88.22
2022-07-06T15:00+02:00,-5361.76,18899.4993,46802.73021,62447.5875,88.22
2022-07-06T16:00+02:00,-4862.8875,20593.96333,42686.16235,60869.4275,88.22
2022-07-06T17:00+02:00,-4017.7975,22144.86653,37617.99559,60004.215,88.22
2022-07-06T18:00+02:00,-2419.025,22656.29535,31860.96024,59714.95,88.22
2022-07-06T19:00+02:00,249.25,22749.21878,26522.72038,59114.72,88.22
2022-07-06T20:00+02:00,456.2,22787.21542,22543.34262,56712.6525,88.22
2022-07-06T21:00+02:00,94.8375,22721.88908,20860.28407,54174.7925,88.22
2022-07-06T22:00+02:00,-1025.2025,22541.82712,20555.1146,51978.4175,88.22
2022-07-06T23:00+02:00,-1840.0175,22112.64723,21431.49887,48232.3375,88.22
2022-07-07T00:00+02:00,-1780.9225,21170.46926,22168.29388,46115.305,88.22
2022-07-07T01:00+02:00,-2071.6825,19951.55323,23138.28249,44965.6625,88.22
2022-07-07T02:00+02:00,-1258.685,19104.68441,23259.44094,44784.5025,88.22
2022-07-07T03:00+02:00,-562.035,19208.673,23261.88014,44857.82,88.22
2022-07-07T04:00+02:00,-533.19,19851.10833,23445.61648,45630.5425,88.22
2022-07-07T05:00+02:00,-714.8275,20224.23343,24328.22833,48211.4825,88.22
2022-07-07T06:00+02:00,-7.19,20949.22973,26350.20576,54452.7075,88.22
2022-07-07T07:00+02:00,-767.4725,21236.28843,29209.19014,59527.485,88.22
2022-07-07T08:00+02:00,-976.5375,21329.17971,31959.45687,62735.5375,88.22
2022-07-07T09:00+02:00,-1631.4325,21347.48528,34984.42393,64567.44,88.22
2022-07-07T10:00+02:00,-1022.275,21103.06021,37331.95528,66491.1675,88.22
2022-07-07T11:00+02:00,-818.595,20641.09117,39344.84156,67202.0875,88.22
2022-07-07T12:00+02:00,-1047.79,20017.12812,40740.21391,67115.04,88.22
2022-07-07T13:00+02:00,-1564.2325,19676.3446,41597.57209,66631.3475,88.22
2022-07-07T14:00+02:00,-2657.355,19634.08497,42676.09592,65134.85,88.22
2022-07-07T15:00+02:00,-3005.9425,19879.33455,43343.89745,63920.99,88.22
2022-07-07T16:00+02:00,-3958.345,20250.31097,43294.07164,63016.2,88.22
2022-07-07T17:00+02:00,-4440.655,20414.77958,41584.44221,62862.89,88.22
2022-07-07T18:00+02:00,-4288.1625,20639.02808,38950.45857,62096.73,88.22
2022-07-07T19:00+02:00,-3332.57,20733.01899,36402.34178,61315.7225,88.22
2022-07-07T20:00+02:00,-2681.66,20705.60691,33193.64104,58998.385,88.22
2022-07-07T21:00+02:00,-2456.7875,20571.61763,31262.64454,56035.2475,88.22
2022-07-07T22:00+02:00,-2999.0075,20117.45593,29889.86117,53346.775,88.22
2022-07-07T23:00+02:00,-3127.8,19564.30225,28847.54258,50382.4175,88.22
2022-07-08T00:00+02:00,-4221.7125,19943.79535,27724.96525,47570.8575,88.22
2022-07-08T01:00+02:00,-3361.43,19825.0709,25805.52883,45734.69,88.22
2022-07-08T02:00+02:00,-1959.1025,19809.62251,23830.32477,44038.13,88.22
2022-07-08T03:00+02:00,-1357.415,19808.95653,22790.01876,43650.2775,88.22
2022-07-08T04:00+02:00,-598.445,19935.44477,22195.98961,44497.7575,88.22
2022-07-08T05:00+02:00,-310.8725,20251.09202,21954.59557,46970.5375,88.22
2022-07-08T06:00+02:00,1023.3975,20574.96252,23004.90164,53804.95,88.22
2022-07-08T07:00+02:00,562.0875,20895.21881,25784.43881,59128.9075,88.22
2022-07-08T08:00+02:00,-109.8025,21003.69682,30244.93665,61739.435,88.22
2022-07-08T09:00+02:00,-2244.3375,20635.40387,33688.19334,62456.7275,88.22
2022-07-08T10:00+02:00,-2238.2275,20001.06263,36796.01362,63121.4425,88.22
2022-07-08T11:00+02:00,-2545.4475,19708.8334,40187.8335,64082.3925,84.0275
2022-07-08T12:00+02:00,-3176.3125,19420.86406,43225.55079,63383.4975,82.63
2022-07-08T13:00+02:00,-2976.3625,18964.33107,44990.22659,62246.015,82.63
2022-07-08T14:00+02:00,-3736.975,18401.09748,46268.35457,61410.1025,82.63
2022-07-08T15:00+02:00,-4537.565,18469.04814,45893.71348,60882.7075,82.63
2022-07-08T16:00+02:00,-4357.4325,19785.80542,43452.35117,60223.5375,82.63
2022-07-08T17:00+02:00,-4173.7975,20698.38195,39009.64026,59384.9725,82.63
2022-07-08T18:00+02:00,-1287.6425,21599.76504,32147.42273,58138.47,82.63
2022-07-08T19:00+02:00,937.155,22037.34462,25150.70716,56872.9075,82.63
2022-07-08T20:00+02:00,2481.4175,22144.67213,19026.831,54220.1825,82.63
2022-07-08T21:00+02:00,3066.3125,22386.4147,16010.44423,51569.3375,82.63
2022-07-08T22:00+02:00,3172.85,22217.50412,15972.53068,50216.1675,82.63
2022-07-08T23:00+02:00,2070.3025,21852.57699,16974.65632,47442.595,82.63
2022-07-09T00:00+02:00,-47.475,21556.75392,17328.4941,44466.355,82.63
2022-07-09T01:00+02:00,-525.23,21267.82796,17160.16968,42566.145,82.63
2022-07-09T02:00+02:00,-134.875,20907.40849,17101.87105,41358.7975,82.63
2022-07-09T03:00+02:00,-1253.5225,20606.87326,16664.61513,40808.75,82.63
2022-07-09T04:00+02:00,-839.47,20315.75873,16472.7293,40887.5575,82.63
2022-07-09T05:00+02:00,-396.7225,20291.55332,16423.96795,40179.785,82.63
2022-07-09T06:00+02:00,77.09,20434.65168,17343.84909,41802.3225,82.63
2022-07-09T07:00+02:00,-478.07,20194.34077,19713.90531,44332.8025,82.63
2022-07-09T08:00+02:00,-310.895,19728.64373,24782.22734,47718.42,82.63
2022-07-09T09:00+02:00,-2588.86,18816.11707,31502.00841,51010.045,82.63
2022-07-09T10:00+02:00,-4105.21,16402.75663,37784.52844,53388.025,82.63
2022-07-09T11:00+02:00,-5727.2675,15348.79589,40834.1682,54754.225,82.63
2022-07-09T12:00+02:00,-5669.9975,14282.04014,43540.14327,53989.0875,82.63
2022-07-09T13:00+02:00,-5943.4175,12646.17098,46195.77319,52633,82.63
2022-07-09T14:00+02:00,-5481.0175,12764.01083,45743.977,51185.7675,82.63
2022-07-09T15:00+02:00,-5725.5725,12956.25405,44691.09502,50715.82,82.63
2022-07-09T16:00+02:00,-3999.565,13095.32221,42900.54935,50538.27,82.63
2022-07-09T17:00+02:00,-3677.3575,13655.75659,42126.19211,51346.0275,82.63
2022-07-09T18:00+02:00,-4907.43,14714.40112,39161.57743,50873.7025,82.63
2022-07-09T19:00+02:00,-4310.8225,15807.51979,34764.6777,49936.18,82.63
2022-07-09T20:00+02:00,-4335.2125,15259.64695,31259.21372,48290.5925,82.63
2022-07-09T21:00+02:00,-3903.4225,15182.14789,28658.38669,46829.1325,82.63
2022-07-09T22:00+02:00,-4508.765,15407.89074,28074.46089,46024.5925,82.63
2022-07-09T23:00+02:00,-3701.135,14431.99228,27333.87366,43451.93,82.63
2022-07-10T00:00+02:00,-3465.105,13125.85168,26089.80003,41129.91,82.63
2022-07-10T01:00+02:00,-3079.9525,12103.80254,25930.54902,39450.025,82.63
2022-07-10T02:00+02:00,-2622.18,12395.59078,25143.17168,38328.795,82.63
2022-07-10T03:00+02:00,-1941.485,12000.49325,24714.99165,37791.0925,82.63
2022-07-10T04:00+02:00,-1636.9575,11944.17299,24696.78914,37708.8025,82.63
2022-07-10T05:00+02:00,-1612.51,11889.19708,24330.36951,37789.7025,82.63
2022-07-10T06:00+02:00,-2257.415,11850.74973,25801.47967,38488.7825,82.63
2022-07-10T07:00+02:00,-3923.145,12215.21772,29255.55106,40188.845,82.63
2022-07-10T08:00+02:00,-5955.81,11852.41546,35256.18748,43954.7075,82.63
2022-07-10T09:00+02:00,-7450.285,11562.57366,40493.72869,47241.27,82.63
2022-07-10T10:00+02:00,-8667.3525,11690.27619,43862.90379,48952.6225,82.63
2022-07-10T11:00+02:00,-7807.1675,11955.71691,46115.36698,50643.5425,82.63
2022-07-10T12:00+02:00,-9716.495,12134.99241,47255.19754,50807.1225,82.63
2022-07-10T13:00+02:00,-10518.035,12048.72463,47662.11245,49391.775,82.63
2022-07-10T14:00+02:00,-11467.3875,11861.29622,47279.47481,48419.4325,82.63
2022-07-10T15:00+02:00,-10320.0575,12182.63657,45059.22667,47931.1725,82.63
2022-07-10T16:00+02:00,-9880.62,13215.01515,42183.29201,47813.4675,82.63
2022-07-10T17:00+02:00,-8715.4875,16324.03559,37284.57207,48376.98,82.63
2022-07-10T18:00+02:00,-6391.1775,18951.67656,30532.89108,48707.515,82.63
2022-07-10T19:00+02:00,-3158.4975,20808.11496,23743.33049,48351.7575,82.63
2022-07-10T20:00+02:00,1047.0875,21354.30351,18180.51011,47031.1975,82.63
2022-07-10T21:00+02:00,1083.7825,21511.16977,15652.44521,45858.3175,82.63
2022-07-10T22:00+02:00,314.23,21511.46576,15382.04632,46076.9475,82.63
2022-07-10T23:00+02:00,923.015,21382.58741,15059.16812,43635.8575,82.63
2022-07-11T00:00+02:00,1292.76,21107.94118,14157.50384,41396.765,82.63
2022-07-11T01:00+02:00,763.52,21113.85543,13593.15787,40130.85,82.63
2022-07-11T02:00+02:00,1379.195,21010.35529,13190.08533,39279.1625,82.63
2022-07-11T03:00+02:00,3850.765,21200.7539,13006.45978,39525.7975,82.63
2022-07-11T04:00+02:00,4471.5375,21958.82424,12785.58559,40851.0425,82.63
2022-07-11T05:00+02:00,3502.5325,22747.01881,12562.94242,43506.265,82.63
2022-07-11T06:00+02:00,6612.27,23257.7926,13385.48444,50160.21,82.63
2022-07-11T07:00+02:00,6047.3825,24640.72332,15875.74351,55669.1925,82.63
2022-07-11T08:00+02:00,4668.5,25011.48306,20809.33408,59190.385,82.63
2022-07-11T09:00+02:00,2255.7975,24856.65556,25567.01787,60562.5475,82.63
2022-07-11T10:00+02:00,1263.945,24760.56091,28907.85174,61888.79,82.63
2022-07-11T11:00+02:00,82.5675,24754.12873,30980.96865,63489.62,82.63
2022-07-11T12:00+02:00,254.29,23960.19152,32182.37246,62853.7875,82.63
2022-07-11T13:00+02:00,153.7075,23717.07981,33001.2633,62167.095,82.63
2022-07-11T14:00+02:00,-288.8875,23612.38108,33223.81067,61090.5025,82.63
2022-07-11T15:00+02:00,-514.3475,23703.61466,32182.90389,59435.8725,82.63
2022-07-11T16:00+02:00,-704.2725,24112.33116,29406.16413,58233.7325,82.63
2022-07-11T17:00+02:00,563.98,25315.69227,25766.63716,58313.3425,82.63
2022-07-11T18:00+02:00,3181.5875,25437.068,21264.8855,57729.855,82.63
2022-07-11T19:00+02:00,5546.46,25358.18395,16317.01014,57035.17,82.63
2022-07-11T20:00+02:00,6603.2825,25689.96808,12428.63089,54420.6325,82.63
2022-07-11T21:00+02:00,5720.6925,25785.94321,10777.09891,52028.225,82.63
2022-07-11T22:00+02:00,4114.0975,25769.8572,10464.33699,49946.2125,82.63
2022-07-11T23:00+02:00,4555.48,25317.80109,10126.05894,45920.2775,82.63
2022-07-12T00:00+02:00,4213.435,23686.30316,9973.959688,43303.2575,82.63
2022-07-12T01:00+02:00,4147.4275,23136.42873,10069.46898,41414.2075,82.63
2022-07-12T02:00+02:00,4452.2275,23138.02057,10058.95186,40781.75,82.63
2022-07-12T03:00+02:00,5080.8225,23137.74003,9782.696841,40974.2225,82.63
2022-07-12T04:00+02:00,5460.1825,23229.83842,9681.621919,41745.9525,82.63
2022-07-12T05:00+02:00,6361.8575,23516.80088,10064.99072,44326.8975,82.63
2022-07-12T06:00+02:00,8638.35,24144.35921,11867.72875,50542.5025,82.63
2022-07-12T07:00+02:00,6808.26,24136.6014,16010.20746,55390.895,82.63
2022-07-12T08:00+02:00,3596.5325,24096.19141,23036.18826,58966.84,82.63
2022-07-12T09:00+02:00,-998.755,23834.00157,31001.69843,60466.3225,82.63
2022-07-12T10:00+02:00,-3190.65,22775.73544,36444.64633,61841.71,82.63
2022-07-12T11:00+02:00,-5490.92,22316.09146,40882.14312,63298.4,82.63
2022-07-12T12:00+02:00,-4122.6175,22015.38053,44253.98994,63319.5825,82.63
2022-07-12T13:00+02:00,-4409.69,21246.95084,45270.21709,62475.345,82.63
2022-07-12T14:00+02:00,-5302.7125,20898.35366,44639.25569,61329.675,82.63
2022-07-12T15:00+02:00,-4986.9225,21598.39724,42555.77449,60858.2225,82.63
2022-07-12T16:00+02:00,-4941.8,22911.16048,38572.23149,59468.8475,82.63
2022-07-12T17:00+02:00,-3244.8625,23875.33939,32305.93043,59229.9725,82.63
2022-07-12T18:00+02:00,517.45,24984.43246,24792.06381,58685.555,82.63
2022-07-12T19:00+02:00,3800.8925,25286.21017,17837.58567,57418.82,82.63
2022-07-12T20:00+02:00,5106.1625,25408.18517,13741.48061,55609.3525,82.63
2022-07-12T21:00+02:00,4816.91,25694.16983,12390.36529,53274.7875,82.63
2022-07-12T22:00+02:00,4133.255,25718.88307,12524.7431,51289.13,82.63
2022-07-12T23:00+02:00,2824.0375,25384.5108,12542.66945,47656.74,82.63
2022-07-13T00:00+02:00,2491.1475,24678.78209,11669.96969,45160.0225,82.63
2022-07-13T01:00+02:00,2538.085,23736.31678,11231.83389,43574.6275,82.63
2022-07-13T02:00+02:00,2961.36,23559.18925,11328.4582,42998.2775,82.63
2022-07-13T03:00+02:00,3890.1525,24090.88532,12537.46893,43208.5475,82.63
2022-07-13T04:00+02:00,3540.7425,24521.34954,13642.98133,44408.21,82.63
2022-07-13T05:00+02:00,3059.92,24855.01934,14688.67563,47101.7425,82.63
2022-07-13T06:00+02:00,4286.0025,26232.64719,16917.29076,52825.04,82.63
2022-07-13T07:00+02:00,2899.9325,26772.50247,20302.11282,57496.78,82.63
2022-07-13T08:00+02:00,1275.265,26821.18123,23977.35445,60673.41,82.63
2022-07-13T09:00+02:00,-787.61,26893.13446,28374.61222,62003.7425,82.63
2022-07-13T10:00+02:00,-2262.9875,25734.168,34494.55351,63376.1325,82.63
2022-07-13T11:00+02:00,-2865.38,22641.64749,40590.90347,65044.4275,82.63
2022-07-13T12:00+02:00,-3590.585,22032.09753,45038.59064,64626.97,82.63
2022-07-13T13:00+02:00,-5006.695,20981.66133,48435.23473,65188.6775,82.63
2022-07-13T14:00+02:00,-4892.425,19151.90203,50325.38362,64964.61,82.63
2022-07-13T15:00+02:00,-5593.03,19467.77157,49163.5414,64125.405,82.63
2022-07-13T16:00+02:00,-5262.39,20662.67684,45900.24832,62667.555,82.63
2022-07-13T17:00+02:00,-5137.275,22520.67251,40616.82053,61906.915,82.63
2022-07-13T18:00+02:00,-3686.3925,24049.37119,34261.65437,60802.965,82.63
2022-07-13T19:00+02:00,-2432.795,25796.04597,27898.51616,60508.75,82.63
2022-07-13T20:00+02:00,-1928.225,26230.13238,22518.2576,58310.015,82.63
2022-07-13T21:00+02:00,-1260.7475,26416.0052,19676.07436,55470.88,82.63
2022-07-13T22:00+02:00,-1454.135,26383.47336,18030.51777,53371.175,82.63
2022-07-13T23:00+02:00,-772.42,25999.17296,16484.81563,49561.285,82.63
2022-07-14T00:00+02:00,-58.2275,24969.1103,15230.94553,46272.3575,82.63
2022-07-14T01:00+02:00,177.705,24583.51133,14044.11094,44320.5875,82.63
2022-07-14T02:00+02:00,595.2075,24318.3823,12922.14828,43245.96,82.63
2022-07-14T03:00+02:00,1695.985,24663.1606,12380.70967,43220.62,82.63
2022-07-14T04:00+02:00,3874.17,24535.03585,11705.68013,43773.545,82.63
2022-07-14T05:00+02:00,5418.78,24668.60247,11770.00554,45968.2175,82.63
2022-07-14T06:00+02:00,7196.455,24985.49069,13352.03652,52175.4175,82.63
2022-07-14T07:00+02:00,6002.4275,24756.96868,17123.64823,57069.0225,82.63
2022-07-14T08:00+02:00,4269.845,24598.42649,23474.8094,60754.8475,82.63
2022-07-14T09:00+02:00,866.045,23451.35539,30398.36035,62104.8125,82.63
2022-07-14T10:00+02:00,-1220.6,22010.78506,36689.6165,63140.4925,82.63
2022-07-14T11:00+02:00,-3365.005,21001.02553,42286.41714,64457.9175,82.63
2022-07-14T12:00+02:00,-4390.6625,20102.86766,45839.86213,65250.1825,82.63
2022-07-14T13:00+02:00,-5121.565,20006.98042,47081.93301,64550.205,82.63
2022-07-14T14:00+02:00,-5706.505,20017.63526,45828.30205,62972.3275,82.63
2022-07-14T15:00+02:00,-4969.215,19936.13174,44271.04481,62388.89,82.63
2022-07-14T16:00+02:00,-4474.1975,20171.20304,42056.45252,61448.8325,82.63
2022-07-14T17:00+02:00,-3922.05,20500.22004,39294.2834,61463.33,82.63
2022-07-14T18:00+02:00,-1796.035,21231.58526,35556.02668,61202.75,82.63
2022-07-14T19:00+02:00,-2009.1925,22408.25143,32595.54618,60378.2975,82.63
2022-07-14T20:00+02:00,-2059.6275,22620.92899,28316.30554,58118.49,82.63
2022-07-14T21:00+02:00,-1822.39,22635.08527,25126.89642,55002.2225,82.63
2022-07-14T22:00+02:00,-2013.085,22680.05359,23405.69748,52860.6675,82.63
2022-07-14T23:00+02:00,-2979.7075,22060.87685,23763.7958,49575.8775,82.63
2022-07-15T00:00+02:00,-2441.075,20971.23017,23157.31002,47166.535,82.63
2022-07-15T01:00+02:00,-2141.7025,20484.07216,22395.93915,45142.8275,82.63
2022-07-15T02:00+02:00,-1919.915,20399.97647,21618.59511,44026.2275,82.63
2022-07-15T03:00+02:00,-1067.9,20453.02408,21522.04516,44201.005,82.63
2022-07-15T04:00+02:00,-282.3475,20376.51574,20949.22596,45063.71,82.63
2022-07-15T05:00+02:00,670.6375,20806.51586,20423.39153,46616.965,82.63
2022-07-15T06:00+02:00,2439.905,21727.01431,21131.17739,52278.7275,82.63
2022-07-15T07:00+02:00,1377.6575,21954.82575,24824.3901,57040.8625,82.63
2022-07-15T08:00+02:00,-1659.36,22004.48871,31231.0969,60715.3875,82.63
2022-07-15T09:00+02:00,-4136.105,21363.15218,37875.98182,62195.135,82.63
2022-07-15T10:00+02:00,-4855.1075,20332.04148,41634.98141,63743.6425,82.63
2022-07-15T11:00+02:00,-3848.8075,20306.03249,43264.97059,64642.1575,83.44
2022-07-15T12:00+02:00,-3841.5225,20187.25689,44418.57214,64496.99,83.71
2022-07-15T13:00+02:00,-4201.255,19828.2089,45055.90584,63047.495,83.71
2022-07-15T14:00+02:00,-4603.2775,19839.36563,44427.7238,61275.905,83.71
2022-07-15T15:00+02:00,-4521.9675,20086.85493,42226.81518,59631.1025,83.71
2022-07-15T16:00+02:00,-4422.685,20808.65413,38971.7716,58515.1525,83.71
2022-07-15T17:00+02:00,-3853.3175,21873.61082,33811.98583,57501.655,83.71
2022-07-15T18:00+02:00,-1304.415,22979.11802,27481.21009,56506.67,83.71
2022-07-15T19:00+02:00,969.9475,23296.622,20892.09445,55087.8,83.71
2022-07-15T20:00+02:00,3162.12,23331.7812,15768.22259,52774.2925,83.71
2022-07-15T21:00+02:00,2408.175,22994.29618,14514.90942,50592.27,83.71
2022-07-15T22:00+02:00,479.67,23038.08265,14353.39011,48543.59,83.71
2022-07-15T23:00+02:00,588.0825,22080.37797,15416.82334,45259.69,83.71
2022-07-16T00:00+02:00,979.17,19395.48879,16261.26279,42565.4525,83.71
2022-07-16T01:00+02:00,77.75,18486.32145,17424.32845,41400.2175,83.71
2022-07-16T02:00+02:00,-1991.3275,18190.41352,18620.58245,40173.48,83.71
2022-07-16T03:00+02:00,-2409.0225,17702.1112,20257.11567,39818.9625,83.71
2022-07-16T04:00+02:00,-2534.245,17325.96673,21563.29793,39927.13,83.71
2022-07-16T05:00+02:00,-3256.0575,17011.23168,23381.84787,40786.0125,83.71
2022-07-16T06:00+02:00,-3462.48,16514.05563,25733.90992,42530.2275,83.71
2022-07-16T07:00+02:00,-4438.79,15990.23868,30500.16376,45710.9875,83.71
2022-07-16T08:00+02:00,-5739.0875,14262.4831,38495.48328,49857.035,83.71
2022-07-16T09:00+02:00,-6872.66,11377.55332,45877.33297,52440.985,83.71
2022-07-16T10:00+02:00,-7201.75,10335.27419,50374.52799,54242.9875,83.71
2022-07-16T11:00+02:00,-7802.6325,10264.86636,52482.81573,55090.56,83.71
2022-07-16T12:00+02:00,-9863.635,10248.58944,53682.26246,54332.485,83.71
2022-07-16T13:00+02:00,-10554.5825,10240.52328,53453.24405,52464.435,83.71
2022-07-16T14:00+02:00,-9882.3,10244.77143,51101.42396,50699.065,83.71
2022-07-16T15:00+02:00,-10082.0375,10280.9432,49019.6716,49874.6025,83.71
2022-07-16T16:00+02:00,-9597.9825,10422.23349,47892.37638,49706.915,83.71
2022-07-16T17:00+02:00,-7768.565,11133.30914,44060.44357,50063.8225,83.71
2022-07-16T18:00+02:00,-6617.9375,15108.77354,37234.34426,50193.0775,83.71
2022-07-16T19:00+02:00,-4154.185,17006.37117,28673.63169,48787.8125,83.71
2022-07-16T20:00+02:00,-3467.015,18200.64294,21411.86785,46644.9475,83.71
2022-07-16T21:00+02:00,-2353.53,18300.3929,17923.42959,44639.005,83.71
2022-07-16T22:00+02:00,-1154.4425,18159.79359,17588.58959,44286.755,83.71
2022-07-16T23:00+02:00,-2671.6825,17883.92026,17504.10118,41955.48,83.71
2022-07-17T00:00+02:00,-1636.7075,17519.45576,16153.95268,39560.4875,83.71
2022-07-17T01:00+02:00,-619.7075,17441.61316,14207.19639,37772.68,83.71
2022-07-17T02:00+02:00,1417.365,17357.83803,13076.83566,36421.62,83.71
2022-07-17T03:00+02:00,1759.985,17261.33271,12567.02771,35644.8375,83.71
2022-07-17T04:00+02:00,3156.0025,16546.516,12242.43171,35670.1175,83.71
2022-07-17T05:00+02:00,3452.5475,15566.32873,12504.97826,35878.0725,83.71
2022-07-17T06:00+02:00,3231.595,15294.77099,13676.60109,36746.435,83.71
2022-07-17T07:00+02:00,1404.4375,15100.07868,17124.33145,38194.27,83.71
2022-07-17T08:00+02:00,-1757.7975,15044.49049,24257.87745,41792.3775,83.71
2022-07-17T09:00+02:00,-5032.3875,15014.41073,32046.84598,44718.36,83.71
2022-07-17T10:00+02:00,-7457.875,14769.78569,38250.93236,46796.3175,83.71
2022-07-17T11:00+02:00,-8275.7075,12934.04287,42870.83292,48507.6925,83.71
2022-07-17T12:00+02:00,-9997.575,11790.59604,45982.06531,48345.6125,83.71
2022-07-17T13:00+02:00,-10657.955,11200.68725,46791.47916,47056.8875,83.71
2022-07-17T14:00+02:00,-10815.3825,11131.15879,45844.16933,45769.5775,83.71
2022-07-17T15:00+02:00,-10068.795,11548.64907,43235.65505,45477.1725,83.71
2022-07-17T16:00+02:00,-8195.01,13414.72941,38583.88457,45367.385,83.71
2022-07-17T17:00+02:00,-5995.5325,16896.16452,31129.63162,45849.75,83.71
2022-07-17T18:00+02:00,-2035.0525,19231.15874,22686.07014,46768.0225,83.71
2022-07-17T19:00+02:00,2568.46,21116.27478,14417.58707,46129.375,83.71
2022-07-17T20:00+02:00,4203.2125,22113.93778,10151.70244,44999.3675,83.71
2022-07-17T21:00+02:00,4480.92,22250.10733,9033.014379,44520.4825,83.71
2022-07-17T22:00+02:00,4466.865,22316.58439,8831.015597,44430.555,83.71
2022-07-17T23:00+02:00,3347.43,22347.9793,8980.056078,41684.74,83.71
2022-07-18T00:00+02:00,4453.715,21955.79459,9166.162475,39766.3275,83.71
2022-07-18T01:00+02:00,4480.2125,21315.72449,9461.399358,38897.93,83.71
2022-07-18T02:00+02:00,4099.07,21253.94358,9866.104235,38028.4175,83.71
2022-07-18T03:00+02:00,4415.7975,21394.08013,10209.48353,38207.0875,83.71
2022-07-18T04:00+02:00,4562.435,21686.23364,11174.58936,39360.45,83.71
2022-07-18T05:00+02:00,5150.4175,21884.38805,12955.51188,42174.27,83.71
2022-07-18T06:00+02:00,5634.4075,22998.81502,15663.35164,48914.53,83.71
2022-07-18T07:00+02:00,4734.2525,23050.98334,20359.19113,54409.395,83.71
2022-07-18T08:00+02:00,1902.1725,22855.04662,26768.90984,57583.1325,83.71
2022-07-18T09:00+02:00,-1554.995,22394.89546,32761.41428,59756.1225,83.71
2022-07-18T10:00+02:00,-3801.8075,21962.18109,38253.44322,61080.8325,83.71
2022-07-18T11:00+02:00,-4683.7275,21712.59694,41707.26899,62630.4925,83.71
2022-07-18T12:00+02:00,-4470.1275,21427.47491,43242.42728,62854.7175,83.71
2022-07-18T13:00+02:00,-3215.445,21196.81765,42679.39195,62294.7575,83.71
2022-07-18T14:00+02:00,-1544.4325,20987.64403,40619.38283,61305.215,83.71
2022-07-18T15:00+02:00,-2364.5925,22021.15149,37321.20902,59715.8325,83.71
2022-07-18T16:00+02:00,-2277.7125,23488.26212,32156.43595,58267.6575,83.71
2022-07-18T17:00+02:00,441.2875,24584.98877,25989.8081,58181.9975,83.71
2022-07-18T18:00+02:00,4555.225,24925.05843,19057.84406,57415.045,83.71
2022-07-18T19:00+02:00,7726.3525,25458.7437,12991.8732,56589.435,83.71
2022-07-18T20:00+02:00,7853.4725,25980.71749,9449.928861,54649.99,83.71
2022-07-18T21:00+02:00,7123.3575,26106.32521,8451.920774,52466.1125,83.71
2022-07-18T22:00+02:00,5663.58,25669.08879,8788.25522,50096.8525,83.71
2022-07-18T23:00+02:00,4867.7675,25119.47714,9028.173284,46627.83,83.71
2022-07-19T00:00+02:00,5331.1925,24674.34014,9351.453821,44225.215,83.71
2022-07-19T01:00+02:00,3811.9225,24511.03882,9593.799786,42425.3625,83.71
2022-07-19T02:00+02:00,3378.505,24269.22449,9498.868714,41801.255,83.71
2022-07-19T03:00+02:00,4208.1425,24518.84567,9193.70476,41546.7275,83.71
2022-07-19T04:00+02:00,5141.4375,24676.68937,8996.161357,42499.3975,83.71
2022-07-19T05:00+02:00,5743.13,24860.84729,9424.202827,44714.25,83.71
2022-07-19T06:00+02:00,7946.7325,25564.5657,11756.12212,50957.21,83.71
2022-07-19T07:00+02:00,6079.905,25867.43786,16973.24839,56206.0425,83.71
2022-07-19T08:00+02:00,2404.6975,25824.51469,24163.39154,59930.465,83.71
2022-07-19T09:00+02:00,-2322.735,25365.04412,31074.24519,61335.48,83.71
2022-07-19T10:00+02:00,-4000.29,24995.10053,36927.14283,62805.3075,83.71
2022-07-19T11:00+02:00,-5346.915,24586.1666,41377.5171,64841.8225,83.71
2022-07-19T12:00+02:00,-5444.025,24100.02889,43589.83917,64801.8475,83.71
2022-07-19T13:00+02:00,-5170.6325,23453.92442,43768.17383,64116.9775,83.71
2022-07-19T14:00+02:00,-3461.3175,22956.60817,42509.8538,62875.9225,83.71
2022-07-19T15:00+02:00,-3477.075,23414.57158,39648.86745,61486.515,83.71
2022-07-19T16:00+02:00,-3353.7275,23793.45503,35667.15506,59643.365,83.71
2022-07-19T17:00+02:00,-1970.7325,24148.97264,30244.49987,59057.005,83.71
2022-07-19T18:00+02:00,2275.6625,24069.35311,24003.85753,58308.66,83.71
2022-07-19T19:00+02:00,4256.445,24131.2351,18914.33723,57513.1875,83.71
2022-07-19T20:00+02:00,2730.075,24223.76723,18054.49081,56122.335,83.71
2022-07-19T21:00+02:00,137.505,24190.5205,21852.01284,54598.225,83.71
2022-07-19T22:00+02:00,-1924.8725,23203.2469,25504.9339,53211.6625,83.71
2022-07-19T23:00+02:00,-4424.0275,21925.85438,27857.56192,50314.1325,83.71
2022-07-20T00:00+02:00,-3848.1325,21410.06288,28431.30352,48486.6225,83.71
2022-07-20T01:00+02:00,-4173.2425,21343.22375,27983.71531,46322.1825,83.71
2022-07-20T02:00+02:00,-3353.5825,21299.84172,27164.11078,45437.7225,83.71
2022-07-20T03:00+02:00,-2925.3325,21479.24166,25685.01718,45094.815,83.71
2022-07-20T04:00+02:00,-1997.255,21779.52909,24880.15307,45860.41,83.71
2022-07-20T05:00+02:00,-1226.0625,21666.02188,24376.19293,47731.535,83.71
2022-07-20T06:00+02:00,-931.4925,22380.48452,25132.81889,53700.08,83.71
2022-07-20T07:00+02:00,-1057.835,22208.96833,27927.04188,58754.835,83.71
2022-07-20T08:00+02:00,-1847.5825,22442.80696,31446.78586,62198.6475,83.71
2022-07-20T09:00+02:00,-1237.6725,22192.75629,36819.571,63896.6375,83.71
2022-07-20T10:00+02:00,-2296.155,21083.50385,41608.68225,64901.405,83.71
2022-07-20T11:00+02:00,-2922.19,20878.4456,46671.832,66460.5525,83.71
2022-07-20T12:00+02:00,-3016.77,20175.42901,49667.43142,66898.6,83.71
2022-07-20T13:00+02:00,-5319.42,19677.50598,50252.35432,66507.4775,83.71
2022-07-20T14:00+02:00,-5647.8975,20034.96268,48083.83979,65003.9975,83.71
2022-07-20T15:00+02:00,-4056.2275,20858.73358,43959.57766,64192.335,83.71
2022-07-20T16:00+02:00,-3405.35,22526.15877,38582.6818,61768.4175,83.71
2022-07-20T17:00+02:00,-1396.8775,23808.64061,33346.56975,61386.6,83.71
2022-07-20T18:00+02:00,-345.64,25257.44673,27738.2782,60900.4075,83.71
2022-07-20T19:00+02:00,790.105,25730.90111,23631.73282,59786.3075,83.71
2022-07-20T20:00+02:00,1175.55,25801.02229,21656.96759,56975.3,83.71
2022-07-20T21:00+02:00,-1040.2225,25454.02452,23951.93414,55511.0925,83.71
2022-07-20T22:00+02:00,-2050.4525,24648.83445,24112.61631,54577.4775,83.71
2022-07-20T23:00+02:00,-3235.8275,24478.36373,22545.1495,50805.8125,83.71
2022-07-21T00:00+02:00,-2092.385,24156.96305,20989.5239,48400.4225,83.71
2022-07-21T01:00+02:00,-1630.755,23602.97408,20041.42444,45925.8475,83.71
2022-07-21T02:00+02:00,-686.915,23280.57485,20145.44515,45447.8225,83.71
2022-07-21T03:00+02:00,13.095,23532.96226,19761.72218,45056.69,83.71
2022-07-21T04:00+02:00,595.555,23614.44553,19076.7094,45697.325,83.71
2022-07-21T05:00+02:00,1187.7775,23953.39499,18622.38637,47989.0075,83.71
2022-07-21T06:00+02:00,4255.52,24302.85701,17775.02375,53009.5275,83.71
2022-07-21T07:00+02:00,4103.37,24871.13878,18119.89988,57734.04,83.71
2022-07-21T08:00+02:00,3690.445,24992.73116,20832.97008,61289.66,83.71
2022-07-21T09:00+02:00,2339.62,25276.9182,24877.29211,62663.41,83.71
2022-07-21T10:00+02:00,518.815,25157.9268,29849.90459,64060.485,83.71
2022-07-21T11:00+02:00,-2310.2725,25384.6688,33481.76622,64695.185,83.71
2022-07-21T12:00+02:00,-3479.235,25326.577,36616.32154,65501.5025,83.71
2022-07-21T13:00+02:00,-3754.225,24921.722,38020.70973,64110.96,83.71
2022-07-21T14:00+02:00,-4363.365,25139.91114,37526.2381,62579.63,83.71
2022-07-21T15:00+02:00,-2944.625,25345.98876,36774.08676,61747.385,83.71
2022-07-21T16:00+02:00,-2847.35,25558.34643,34377.28505,60518.5525,83.71
2022-07-21T17:00+02:00,-1303.7575,25422.88047,30716.55033,59314.43,83.71
2022-07-21T18:00+02:00,1064.8675,25234.00295,25948.01301,58678.6775,83.71
2022-07-21T19:00+02:00,2570.3575,25718.50302,20982.19148,57470.7125,83.71
2022-07-21T20:00+02:00,2760.9075,26043.17708,17481.16165,55278.105,83.71
2022-07-21T21:00+02:00,2101.2125,25900.41657,16161.74782,53249.595,83.71
2022-07-21T22:00+02:00,995.5275,25648.65944,16244.91492,51139.32,83.71
2022-07-21T23:00+02:00,983.78,25328.72835,16039.99352,47619.2775,83.71
2022-07-22T00:00+02:00,1282.1775,24666.63006,15455.08814,44935.745,83.71
2022-07-22T01:00+02:00,1332.81,24631.55139,14815.32132,43448.8425,83.71
2022-07-22T02:00+02:00,1608.755,24659.07852,14609.66378,42931.095,83.71
2022-07-22T03:00+02:00,2886.2225,24492.73733,14566.72666,42928.47,83.71
2022-07-22T04:00+02:00,3476.785,24613.79554,14543.65978,43486.5425,83.71
2022-07-22T05:00+02:00,3808.6825,24727.19306,14756.50417,45836.575,83.71
2022-07-22T06:00+02:00,5805.905,24942.10115,15714.37706,51257.1975,83.71
2022-07-22T07:00+02:00,4419.6475,25247.74523,18944.94214,55928.78,83.71
2022-07-22T08:00+02:00,1571.84,25402.30692,24442.97898,59436.1775,83.71
2022-07-22T09:00+02:00,-1021.1675,25152.75016,30457.34725,60838.42,83.71
2022-07-22T10:00+02:00,-4189.64,24975.71853,35424.82557,61988.475,83.71
2022-07-22T11:00+02:00,-7563.1675,24995.16664,38433.06079,62566.065,79.4725
2022-07-22T12:00+02:00,-6850.77,24571.30768,40018.46291,62244.6275,78.06
2022-07-22T13:00+02:00,-6797.08,24258.01472,40661.21168,60724.8525,78.06
2022-07-22T14:00+02:00,-6072.355,23796.63182,39898.22412,59571.455,78.06
2022-07-22T15:00+02:00,-5991.8175,24153.7695,37746.49105,58351.0175,78.06
2022-07-22T16:00+02:00,-3913.4625,24353.60367,34278.55737,57704.07,78.06
2022-07-22T17:00+02:00,-2143.69,24716.45738,28619.92373,56910.2725,78.06
2022-07-22T18:00+02:00,1611.735,25245.53829,21659.68117,56191.2625,78.06
2022-07-22T19:00+02:00,3649.175,25323.46563,15716.06033,54940.545,78.06
2022-07-22T20:00+02:00,4704.02,25283.33942,12503.28879,52412.7475,78.06
2022-07-22T21:00+02:00,3974.49,25182.01336,11240.39832,50507.1925,78.06
2022-07-22T22:00+02:00,2290.5725,25277.74772,10998.31917,48450.4675,78.06
2022-07-22T23:00+02:00,1802.355,25003.32249,10442.54203,45187.0375,78.06
2022-07-23T00:00+02:00,1232.0525,24212.1833,9944.852518,42369.8025,78.06
2022-07-23T01:00+02:00,2595.1,23558.72581,9753.581027,41045.715,78.06
2022-07-23T02:00+02:00,1738.345,23252.87261,9676.13845,39529.3425,78.06
2022-07-23T03:00+02:00,1571.835,23178.82921,10061.83183,38875.9525,78.06
2022-07-23T04:00+02:00,1757.695,22178.66214,10292.08379,38618.7,78.06
2022-07-23T05:00+02:00,1791.2175,22337.95647,10952.85821,38741.7475,78.06
2022-07-23T06:00+02:00,2517.995,22561.6901,12305.05166,40338.4325,78.06
2022-07-23T07:00+02:00,1515.205,22695.69819,15069.87549,43043.465,78.06
2022-07-23T08:00+02:00,10.865,22761.50722,18902.91965,45942.1475,78.06
2022-07-23T09:00+02:00,-2231.025,21933.22547,24168.13541,48731.1175,78.06
2022-07-23T10:00+02:00,-3698.805,20631.95861,30254.30361,51036.565,78.06
2022-07-23T11:00+02:00,-5919.215,19643.01397,35349.63005,52244.865,78.06
2022-07-23T12:00+02:00,-8176.1625,19007.0825,38626.2554,52739.9525,78.06
2022-07-23T13:00+02:00,-8815.5575,18532.69912,40696.37558,51766.14,78.06
2022-07-23T14:00+02:00,-8680.34,18083.39105,40189.73867,50613.98,78.06
2022-07-23T15:00+02:00,-8966.115,18296.61647,38971.70818,49548.0975,78.06
2022-07-23T16:00+02:00,-7605.43,19130.85902,36239.91013,48829.43,78.06
2022-07-23T17:00+02:00,-6728.55,20423.38012,31518.7017,49142.7275,78.06
2022-07-23T18:00+02:00,-4364.005,22189.66363,25221.21117,49122.5725,78.06
2022-07-23T19:00+02:00,-1987.195,23800.30664,18505.91348,48182.24,78.06
2022-07-23T20:00+02:00,-1242.55,24078.75132,13578.56621,46213.65,78.06
2022-07-23T21:00+02:00,-778.3975,23879.35051,11891.51276,45016.685,78.06
2022-07-23T22:00+02:00,-912.3425,23877.69545,11692.28378,44067.31,78.06
2022-07-23T23:00+02:00,-236.405,23826.10422,11243.30163,41632.79,78.06
2022-07-24T00:00+02:00,235.8625,22631.93581,10918.44165,39032.7875,78.06
2022-07-24T01:00+02:00,518.2725,21371.92931,11018.39638,36975.96,78.06
2022-07-24T02:00+02:00,487.945,20235.74139,11535.38616,35878.4925,78.06
2022-07-24T03:00+02:00,349.4325,19653.68302,12096.66252,35647.28,78.06
2022-07-24T04:00+02:00,421.5975,19414.13053,13012.23317,35484.9225,78.06
2022-07-24T05:00+02:00,14.725,19345.50548,14320.5189,35660.0425,78.06
2022-07-24T06:00+02:00,-1191.195,18999.5104,16893.36437,36806.11,78.06
2022-07-24T07:00+02:00,-3350.2275,18678.1167,21194.17964,39124.01,78.06
2022-07-24T08:00+02:00,-7152.66,17567.48198,27126.85991,42481.705,78.06
2022-07-24T09:00+02:00,-7529.2425,16038.56976,34692.56706,45200.3275,78.06
2022-07-24T10:00+02:00,-9543.5875,14733.04859,41739.1448,47517.0675,78.06
2022-07-24T11:00+02:00,-11269.61,12841.65839,46181.62744,49054.07,78.06
2022-07-24T12:00+02:00,-11151.055,11225.20041,48549.45742,48539.2225,78.06
2022-07-24T13:00+02:00,-11463.2525,11073.94844,48313.93074,47472.935,78.06
2022-07-24T14:00+02:00,-10990.1575,11143.66596,46644.35509,46446.3175,78.06
2022-07-24T15:00+02:00,-8973.9925,11348.27785,43503.45759,45671.83,78.06
2022-07-24T16:00+02:00,-7373.1675,14294.0203,38022.4921,45747.38,78.06
2022-07-24T17:00+02:00,-6716.72,18449.30487,30801.68368,45900.1025,78.06
2022-07-24T18:00+02:00,-2368.565,21014.40154,22212.77981,46203.1925,78.06
2022-07-24T19:00+02:00,315.3125,23593.24399,14675.29093,46212.545,78.06
2022-07-24T20:00+02:00,1233.4275,23965.70696,10731.82194,45453.31,78.06
2022-07-24T21:00+02:00,223.1375,24210.98638,10925.16015,45018.3525,78.06
2022-07-24T22:00+02:00,58.8375,24499.76793,12840.50713,45271.6425,78.06
2022-07-24T23:00+02:00,-3073.7275,24434.78088,15777.42396,43136.095,78.06
2022-07-25T00:00+02:00,-3591.255,22188.15781,18737.93516,41016.8375,78.06
2022-07-25T01:00+02:00,-5281.53,21499.17567,21865.91657,40481.955,78.06
2022-07-25T02:00+02:00,-5298.77,21351.40669,22845.36477,40192.8775,78.06
2022-07-25T03:00+02:00,-5015.27,21676.44587,22423.56235,39995.59,78.06
2022-07-25T04:00+02:00,-4333.1625,21653.40652,22688.57296,41736.67,78.06
2022-07-25T05:00+02:00,-3062.9675,21605.04192,23398.8243,44191.625,78.06
2022-07-25T06:00+02:00,-603.0675,21773.21835,24627.56558,50792.955,78.06
2022-07-25T07:00+02:00,381.0475,21680.06323,27212.77633,56112.37,78.06
2022-07-25T08:00+02:00,-1721.165,21675.87724,30650.22608,59839.0475,78.06
2022-07-25T09:00+02:00,-3030.825,21170.85156,35645.68504,62322.515,78.06
2022-07-25T10:00+02:00,-5315.6375,20536.95942,41634.12514,64116.585,78.06
2022-07-25T11:00+02:00,-4996.065,19176.73427,47276.00105,66117.0675,78.06
2022-07-25T12:00+02:00,-5084.6075,18155.44336,50488.13585,66870.395,78.06
2022-07-25T13:00+02:00,-5152.775,17561.97121,51888.94745,66092.415,78.06
2022-07-25T14:00+02:00,-5435.36,17063.27327,50765.28015,65070.9775,78.06
2022-07-25T15:00+02:00,-5140.3825,17355.70795,50094.88258,64343.425,78.06
2022-07-25T16:00+02:00,-3575.6475,17477.11768,46877.39759,63106.9675,78.06
2022-07-25T17:00+02:00,-2964.0975,19208.60181,42184.73683,62597.455,78.06
2022-07-25T18:00+02:00,-444.2875,20678.5043,37680.31446,61885.7675,78.06
2022-07-25T19:00+02:00,242.9375,20529.53991,34185.78627,61251.19,78.06
2022-07-25T20:00+02:00,-518.4025,21025.16408,29731.47726,57274.385,78.06
2022-07-25T21:00+02:00,514.8925,21766.48633,26431.80888,54897.98,78.06
2022-07-25T22:00+02:00,-983.0125,22096.52257,24230.90409,52218.605,78.06
2022-07-25T23:00+02:00,-1004.6925,22151.54561,22580.30756,48275.7675,78.06
2022-07-26T00:00+02:00,-3525.97,21964.52483,21288.32331,45583.9375,78.06
2022-07-26T01:00+02:00,-4394.91,21750.99267,20717.99292,44200.2875,78.06
2022-07-26T02:00+02:00,-3396.32,21788.86009,20186.69382,42711.1375,78.06
2022-07-26T03:00+02:00,-2406.0525,21963.48884,20028.37578,43186.21,78.06
2022-07-26T04:00+02:00,-2643.1225,22220.26314,20269.69177,44380.7775,78.06
2022-07-26T05:00+02:00,-1701.8425,22610.76489,21426.62843,46816.735,78.06
2022-07-26T06:00+02:00,-2318.6925,23410.06007,23222.52317,52123.97,78.06
2022-07-26T07:00+02:00,-2907.485,23734.97713,25615.08996,56448.0425,78.06
2022-07-26T08:00+02:00,-3927.2325,23789.48069,31150.80805,59880.35,78.06
2022-07-26T09:00+02:00,-3993.535,22591.06544,38150.78293,61623.39,78.06
2022-07-26T10:00+02:00,-5666.7825,21844.2483,43212.40168,62912.58,78.06
2022-07-26T11:00+02:00,-5246.165,21070.72928,46030.99855,64819.77,78.06
2022-07-26T12:00+02:00,-5072.2475,20817.18513,47282.49333,64658.425,78.06
2022-07-26T13:00+02:00,-5655.0175,20627.97324,46444.28407,63287.215,78.06
2022-07-26T14:00+02:00,-5615.7175,20804.88147,45547.46535,62307.08,78.06
2022-07-26T15:00+02:00,-4596.715,20918.42308,43496.40747,60580.595,78.06
2022-07-26T16:00+02:00,-3880.825,20924.01875,41472.83129,59277.6925,78.06
2022-07-26T17:00+02:00,-4321.6675,22891.2657,36941.54156,58199.355,78.06
2022-07-26T18:00+02:00,-3736.925,24499.78977,31011.99948,57111.6525,78.06
2022-07-26T19:00+02:00,-2745.925,25248.3491,24758.20604,55700.7675,78.06
2022-07-26T20:00+02:00,-1038.715,25469.66187,20189.47083,53289.105,78.06
2022-07-26T21:00+02:00,-1253.1675,25558.88579,17893.98553,51760.49,78.06
2022-07-26T22:00+02:00,-2825.4225,25545.70629,17491.5153,49402.5975,78.06
2022-07-26T23:00+02:00,-3437.75,25384.98668,17610.93032,46383.5775,78.06
2022-07-27T00:00+02:00,-1460.5375,23876.37632,17708.94511,44212.6625,78.06
2022-07-27T01:00+02:00,-2473.7025,23690.76664,17310.20218,42304.8425,78.06
2022-07-27T02:00+02:00,-2028.7575,23841.63529,17098.93708,41340.6475,78.06
2022-07-27T03:00+02:00,-1764.0225,23897.50636,17257.19975,41515.645,78.06
2022-07-27T04:00+02:00,-1172.4575,23949.51603,17933.57723,42302.3025,78.06
2022-07-27T05:00+02:00,21.8,24007.69886,18718.02993,45217.245,78.06
2022-07-27T06:00+02:00,2058.505,25289.09667,20168.51359,50722.665,78.06
2022-07-27T07:00+02:00,1127.05,25776.82324,22163.63737,55103.43,78.06
2022-07-27T08:00+02:00,-271.5975,25593.80166,26257.42018,58047.67,78.06
2022-07-27T09:00+02:00,-2799.27,25210.0824,32572.04787,59852.29,78.06
2022-07-27T10:00+02:00,-2992.7525,23463.9757,38319.6006,62404.955,78.06
2022-07-27T11:00+02:00,-3029.85,22016.56873,41706.18559,63311.615,78.06
2022-07-27T12:00+02:00,-3355.5975,21105.70304,42806.39981,62829.04,78.06
2022-07-27T13:00+02:00,-3855.6975,20608.47466,43545.70028,61755.45,78.06
2022-07-27T14:00+02:00,-4064.195,20628.60031,43474.94426,60201.7,78.06
2022-07-27T15:00+02:00,-3874.1025,21080.10044,42318.84082,59394.2925,78.06
2022-07-27T16:00+02:00,-4394.41,22136.89008,39054.24861,58570.5075,78.06
2022-07-27T17:00+02:00,-3873.2175,24035.38181,33765.04652,57661.03,78.06
2022-07-27T18:00+02:00,-659.06,25019.3502,26783.44078,56644.59,78.06
2022-07-27T19:00+02:00,2136.3075,25495.62067,20209.2851,55641.8825,78.06
2022-07-27T20:00+02:00,3259.37,25685.14072,15344.69243,53574.0675,78.06
2022-07-27T21:00+02:00,3014.69,25806.00816,14186.73071,51875.25,78.06
2022-07-27T22:00+02:00,1802.685,25780.02071,14574.68368,49705.9325,78.06
2022-07-27T23:00+02:00,1835.9225,25092.53879,14770.34308,46350.3175,78.06
2022-07-28T00:00+02:00,1984.145,23043.37038,14483.94177,44062.0225,78.06
2022-07-28T01:00+02:00,2597.985,22364.00825,13817.20516,42274.495,78.06
2022-07-28T02:00+02:00,4142.49,22402.9047,12995.1756,41704.2525,78.06
2022-07-28T03:00+02:00,5088.4425,22499.07877,12240.65263,41892.42,78.06
2022-07-28T04:00+02:00,5380.1075,22610.41803,11947.19911,42378.3225,78.06
2022-07-28T05:00+02:00,5368.9675,23288.90561,12136.01023,44725.18,78.06
2022-07-28T06:00+02:00,6946.6175,25529.91695,13356.02561,50446.865,78.06
2022-07-28T07:00+02:00,5275.955,26100.15314,16837.16736,54741.3375,78.06
2022-07-28T08:00+02:00,3604.195,25859.25906,22142.02523,58325.185,78.06
2022-07-28T09:00+02:00,-555.34,24912.63682,29294.05841,59776.58,78.06
2022-07-28T10:00+02:00,-3142.37,23714.14225,35511.39134,61544.8525,78.06
2022-07-28T11:00+02:00,-4366.9275,23019.53887,39854.82611,62436.5375,78.06
2022-07-28T12:00+02:00,-4340.8275,21749.60059,41602.80656,62913.625,78.06
2022-07-28T13:00+02:00,-4450.7875,20646.25607,41539.97084,62168.565,78.06
2022-07-28T14:00+02:00,-4783.2825,20520.51799,39378.42939,61095.6925,78.06
2022-07-28T15:00+02:00,-4614.9525,21629.44542,36084.5651,59979.515,78.06
2022-07-28T16:00+02:00,-2145.0675,22963.18357,31535.9259,58218.765,78.06
2022-07-28T17:00+02:00,1401.3125,24917.77486,25878.73483,57616.9075,78.06
2022-07-28T18:00+02:00,2721.0975,26365.02235,19822.03172,56926.27,78.06
2022-07-28T19:00+02:00,3680.18,26661.79766,15259.54794,56436.1925,78.06
2022-07-28T20:00+02:00,3654.03,26308.92573,13980.94659,54526.1225,78.06
2022-07-28T21:00+02:00,2468.0575,25668.55794,16297.58354,53310.09,78.06
2022-07-28T22:00+02:00,925.98,25144.74864,18739.91558,51446.785,78.06
2022-07-28T23:00+02:00,-1704.32,23667.24089,19568.25092,47965.9825,78.06
2022-07-29T00:00+02:00,-2042.97,22676.95253,18820.9658,45478.7425,78.06
2022-07-29T01:00+02:00,-2040,22615.9945,17815.61718,43911.235,78.06
2022-07-29T02:00+02:00,-1118.775,22594.42856,16981.29581,42847.1725,78.06
2022-07-29T03:00+02:00,-163.605,22662.31875,16409.21429,42792.9975,78.06
2022-07-29T04:00+02:00,283.9675,22474.83686,15755.00285,43126.7325,78.06
2022-07-29T05:00+02:00,1369.32,23091.61419,15216.5162,45400.8375,78.06
2022-07-29T06:00+02:00,3268.875,25057.28848,16090.15487,50885.5425,78.06
2022-07-29T07:00+02:00,2848.0175,25712.99663,17752.77616,55297.18,78.06
2022-07-29T08:00+02:00,1854.44,26040.49353,20765.22565,58381.3,78.06
2022-07-29T09:00+02:00,113.325,25928.13962,25276.27751,59861.1875,78.06
2022-07-29T10:00+02:00,-1490.19,24957.76829,30686.12698,61513.945,78.06
2022-07-29T11:00+02:00,-2711.3125,23857.11339,34903.71888,62798.1175,77.985
2022-07-29T12:00+02:00,-2541.45,22827.44097,37108.71733,62821.545,77.96
2022-07-29T13:00+02:00,-2310.57,22252.85736,37371.9235,61404.03,77.96
2022-07-29T14:00+02:00,-3814.0175,22563.19616,34887.17808,59459.355,77.96
2022-07-29T15:00+02:00,-2043.9375,22676.61717,31665.10783,57810.51,77.96
2022-07-29T16:00+02:00,-417.3,23251.70904,27986.32331,56793.025,77.96
2022-07-29T17:00+02:00,1196.7875,23997.70548,23842.60524,56761.7275,77.96
2022-07-29T18:00+02:00,2333.345,24439.11689,20723.02038,56162.5575,77.96
2022-07-29T19:00+02:00,1529.31,25019.81416,18452.21326,54421.385,77.96
2022-07-29T20:00+02:00,242.0775,25261.00792,16434.40207,51878.45,77.96
2022-07-29T21:00+02:00,-736.49,25233.33353,16397.39351,50626.63,77.96
2022-07-29T22:00+02:00,-2182.3975,25133.71304,16602.28161,48154.0225,77.96
2022-07-29T23:00+02:00,-1728.395,24321.00221,16092.29413,45019.6125,77.96
2022-07-30T00:00+02:00,-1004.55,21774.0558,14945.81636,41972.9175,77.96
2022-07-30T01:00+02:00,-538.435,20830.09185,13758.0249,40169.79,77.96
2022-07-30T02:00+02:00,730.1025,20012.65356,12560.83043,38732.1875,77.96
2022-07-30T03:00+02:00,1906.4125,20012.0154,11577.88521,38053.195,77.96
2022-07-30T04:00+02:00,2911.405,20033.34884,10949.88016,37890.37,77.96
2022-07-30T05:00+02:00,2846.2,20203.89406,10536.37136,38204.235,77.96
2022-07-30T06:00+02:00,3327.8,20241.26548,11298.86105,39422.505,77.96
2022-07-30T07:00+02:00,3757.8375,20444.20561,13613.18193,41899.13,77.96
2022-07-30T08:00+02:00,2559.1125,20455.03995,18135.84818,45454.885,77.96
2022-07-30T09:00+02:00,-950.12,20348.02043,24004.91073,47911.4,77.96
2022-07-30T10:00+02:00,-2718.1225,19918.85777,29921.50132,49730.585,77.96
2022-07-30T11:00+02:00,-4018.1075,19852.57469,33790.19493,51236.8075,77.96
2022-07-30T12:00+02:00,-4896.17,19453.78473,35743.80097,50970.2125,77.96
2022-07-30T13:00+02:00,-6102.03,19110.31248,35668.37914,49445.24,77.96
2022-07-30T14:00+02:00,-6563.7375,19655.53031,34541.63196,47810.96,77.96
2022-07-30T15:00+02:00,-5074.4975,19968.95599,32979.47527,47646.075,77.96
2022-07-30T16:00+02:00,-4158.9425,20245.44158,30113.08342,46734.3675,77.96
2022-07-30T17:00+02:00,-2649.7525,20308.04152,25769.89304,47012.39,77.96
2022-07-30T18:00+02:00,-10.4075,20738.50016,20337.88704,47327.64,77.96
2022-07-30T19:00+02:00,1810.78,20911.51105,15012.53202,46669.0825,77.96
2022-07-30T20:00+02:00,3558.9075,20896.87165,11177.77273,44922.275,77.96
2022-07-30T21:00+02:00,3214.74,20873.81575,9792.010333,43871.785,77.96
2022-07-30T22:00+02:00,2784.73,20897.69326,9466.47373,42115.6,77.96
2022-07-30T23:00+02:00,1737.7125,20813.19815,9140.585744,39784.6975,77.96
2022-07-31T00:00+02:00,2708.4675,20634.68193,8741.719434,37577.6675,77.96
2022-07-31T01:00+02:00,2912.785,20350.7463,8631.100958,36383.62,77.96
2022-07-31T02:00+02:00,3020.955,20250.82711,8633.413483,35303.4875,77.96
2022-07-31T03:00+02:00,2504.15,20210.3378,8986.093158,35041.4,77.96
2022-07-31T04:00+02:00,3353.83,20053.78425,9570.808318,35074.945,77.96
2022-07-31T05:00+02:00,3219.545,19976.60363,10146.74751,35515.805,77.96
2022-07-31T06:00+02:00,3096.5475,19746.50495,11870.02553,36090.915,77.96
2022-07-31T07:00+02:00,1993.965,19547.61204,15577.33394,38127.1925,77.96
2022-07-31T08:00+02:00,-454.495,19261.89691,19969.87558,41149.025,77.96
2022-07-31T09:00+02:00,-3170.79,19329.46312,25444.68865,43954.4625,77.96
2022-07-31T10:00+02:00,-4983.2375,19012.00893,31652.11892,46373.875,77.96
2022-07-31T11:00+02:00,-6690.3425,18138.65836,36717.17219,47928.7125,77.96
2022-07-31T12:00+02:00,-8526.62,17098.06419,38994.62319,48261.9575,77.96
2022-07-31T13:00+02:00,-9494.655,16619.04036,39064.24688,46843.12,77.96
2022-07-31T14:00+02:00,-7293.595,16072.28596,36817.8286,45865.4875,77.96
2022-07-31T15:00+02:00,-5759.18,16315.42361,33310.97782,45437.7875,77.96
2022-07-31T16:00+02:00,-4033.465,17239.48067,29346.9479,44820.82,77.96
2022-07-31T17:00+02:00,-2014.4175,19429.78775,24679.90893,45107.06,77.96
2022-07-31T18:00+02:00,1176.94,20867.26041,19518.03791,45489.865,77.96
2022-07-31T19:00+02:00,2678.685,21438.01085,15158.34652,45605.89,77.96
2022-07-31T20:00+02:00,3472.5325,21703.83256,13131.31393,44705.115,77.96
2022-07-31T21:00+02:00,2386.88,21732.0522,12608.49263,44874.3625,77.96
2022-07-31T22:00+02:00,917.945,21701.33385,12729.76601,43981.79,77.96
2022-07-31T23:00+02:00,-698.9625,21675.00272,14628.6581,41257.1025,77.96
2022-08-01T00:00+02:00,46.865,22192.85564,15683.97685,39310.6375,77.96
2022-08-01T01:00+02:00,-1296.1,22170.43699,16613.08188,38327.62,77.96
2022-08-01T02:00+02:00,-1173.6975,22319.93402,16762.45322,38065.1575,77.96
2022-08-01T03:00+02:00,-768.5975,22014.45488,16428.75918,38203.3375,77.96
2022-08-01T04:00+02:00,-831.9275,22735.78344,16113.75356,39459.625,77.96
2022-08-01T05:00+02:00,-15.94,24448.60882,15868.83117,42910.185,77.96
2022-08-01T06:00+02:00,3791.8275,24884.78607,16506.19922,48830.5625,77.96
2022-08-01T07:00+02:00,4431.1375,25356.88141,18370.72867,53892.2925,77.96
2022-08-01T08:00+02:00,2448.4125,25643.97211,22809.12749,57349.3975,77.96
2022-08-01T09:00+02:00,384.1125,25453.43952,28121.11582,59243.47,77.96
2022-08-01T10:00+02:00,-730.4675,24704.47047,32056.38725,60628.1,77.96
2022-08-01T11:00+02:00,-2332.6475,24546.46775,34722.02267,61667.6575,77.96
2022-08-01T12:00+02:00,-3501.8175,23997.08447,36549.53584,61476.2725,77.96
2022-08-01T13:00+02:00,-2694.91,23359.94924,37103.88916,60923.97,77.96
2022-08-01T14:00+02:00,-2173.3325,23341.34626,36506.19793,60054.43,77.96
2022-08-01T15:00+02:00,-2090.56,23476.8992,34962.43534,59144.515,77.96
2022-08-01T16:00+02:00,-2069.775,24845.3602,31744.65795,57828.35,77.96
2022-08-01T17:00+02:00,530.08,26490.44716,25939.77812,57395.9125,77.96
2022-08-01T18:00+02:00,2914.32,27088.05757,20098.16957,56650.4425,77.96
2022-08-01T19:00+02:00,5393.7775,27478.42283,14724.52156,55672.76,77.96
2022-08-01T20:00+02:00,4715.4,27576.97497,11007.52479,53644.8425,77.96
2022-08-01T21:00+02:00,4207.8925,27868.21854,9872.759308,51836.37,77.96
2022-08-01T22:00+02:00,3163.2825,27936.80643,9778.417864,49079.6525,77.96
2022-08-01T23:00+02:00,4327.1875,27330.42093,9660.619838,45936.835,77.96
2022-08-02T00:00+02:00,3455.715,26328.43354,9088.313439,43376.3975,77.96
2022-08-02T01:00+02:00,3201.495,25725.72153,8581.932452,41814.5275,77.96
2022-08-02T02:00+02:00,3067.82,25474.85924,8286.229864,40887.3,77.96
2022-08-02T03:00+02:00,3374.7,25465.04083,8423.892519,40802.9625,77.96
2022-08-02T04:00+02:00,4983.8375,25432.79647,8971.756383,41752.3025,77.96
2022-08-02T05:00+02:00,4845.415,25492.05335,9837.454887,44470.055,77.96
2022-08-02T06:00+02:00,7293.5,25693.88621,12148.36114,49864.0725,77.96
2022-08-02T07:00+02:00,5386.415,25731.08595,17345.15721,54629.0125,77.96
2022-08-02T08:00+02:00,2796.5125,25330.42151,24232.50215,58423.3975,77.96
2022-08-02T09:00+02:00,-1600.985,24435.86561,32538.2304,60539.9775,77.96
2022-08-02T10:00+02:00,-3919.7125,22332.33372,39864.37271,61925.775,77.96
2022-08-02T11:00+02:00,-3780.4325,20244.93528,44893.87581,62852.4975,77.96
2022-08-02T12:00+02:00,-5215.6625,20162.68222,47102.22941,62575.555,77.96
2022-08-02T13:00+02:00,-6331.49,19978.84696,48361.68971,61885.59,77.96
2022-08-02T14:00+02:00,-5458.2425,19671.60779,47439.19791,60897.4625,77.96
2022-08-02T15:00+02:00,-4198.4675,20234.891,44183.36494,59711.5025,77.96
2022-08-02T16:00+02:00,-1911.9125,22175.61964,38230.77578,58415.6925,77.96
2022-08-02T17:00+02:00,-205.0725,23985.42569,30554.65982,57158.07,77.96
2022-08-02T18:00+02:00,3574.21,25400.93585,22890.19439,56270.745,77.96
2022-08-02T19:00+02:00,5365.9625,26343.7787,16628.78525,55171.92,77.96
2022-08-02T20:00+02:00,5663.4775,26659.79911,12899.66363,53247.7475,77.96
2022-08-02T21:00+02:00,5729.02,26583.5505,11900.58571,51781.735,77.96
2022-08-02T22:00+02:00,4133.0375,26360.95028,11661.68929,49135.5875,77.96
2022-08-02T23:00+02:00,2444.79,25934.5062,11267.07059,45517.83,77.96
2022-08-03T00:00+02:00,2055.7125,25081.93099,11479.07805,43151.0925,77.96
2022-08-03T01:00+02:00,1258.5975,24022.29823,12111.17788,41585.135,77.96
2022-08-03T02:00+02:00,627.8925,23767.47821,12654.86965,40564.9975,77.96
2022-08-03T03:00+02:00,843.3425,23660.45764,13330.34543,40702.7,77.96
2022-08-03T04:00+02:00,1351.7575,23624.35197,14161.04323,41841.8375,77.96
2022-08-03T05:00+02:00,2606.5125,23545.75544,15289.57429,45009.255,77.96
2022-08-03T06:00+02:00,4562.345,23668.55603,16947.60009,50530.47,77.96
2022-08-03T07:00+02:00,3483.0425,23683.09939,20803.19264,55689.0125,77.96
2022-08-03T08:00+02:00,912.035,23711.24132,26609.32905,58761.2975,77.96
2022-08-03T09:00+02:00,-2061.1325,23562.29521,34378.36214,60771.0175,77.96
2022-08-03T10:00+02:00,-5208.2625,23184.0327,41542.11348,63036.0375,77.96
2022-08-03T11:00+02:00,-5824.37,22420.58332,46792.68119,64197.53,77.96
2022-08-03T12:00+02:00,-6978.775,21143.43493,49233.5108,64215.2525,77.96
2022-08-03T13:00+02:00,-6275.5525,20201.82237,48861.73928,63573.6575,77.96
2022-08-03T14:00+02:00,-6588.9225,20557.18053,46590.27285,61891.14,77.96
2022-08-03T15:00+02:00,-5325.135,21519.33719,42653.12658,60614.895,77.96
2022-08-03T16:00+02:00,-4800.89,23301.65879,36673.88714,58761.53,77.96
2022-08-03T17:00+02:00,-1423.4525,24635.93252,28790.98277,57846.605,77.96
2022-08-03T18:00+02:00,2962.055,25428.25996,19956.70758,57221.3825,77.96
2022-08-03T19:00+02:00,5556.255,25675.79658,12824.77187,56061.31,77.96
2022-08-03T20:00+02:00,7047.0125,26006.43665,9001.26153,54221.25,77.96
2022-08-03T21:00+02:00,6474.56,26098.13475,8326.318863,52546.6875,77.96
2022-08-03T22:00+02:00,4915.43,26083.97176,8274.420238,49759.75,77.96
2022-08-03T23:00+02:00,4108.8275,25743.12075,8291.040428,46236.535,77.96
2022-08-04T00:00+02:00,4725.0175,24922.64109,8608.965372,43724.4025,77.96
2022-08-04T01:00+02:00,4074.1025,24634.38456,10007.76085,42190.93,77.96
2022-08-04T02:00+02:00,3196.08,24387.58015,11070.94925,41193.175,77.96
2022-08-04T03:00+02:00,2843.725,24274.78891,12397.40543,41085.1325,77.96
2022-08-04T04:00+02:00,3035.6275,24168.09649,13509.87834,41835.285,77.96
2022-08-04T05:00+02:00,3274.1,24286.38125,14239.15564,44742.6925,77.96
2022-08-04T06:00+02:00,4671.725,24662.07732,15985.51563,50377.33,77.96
2022-08-04T07:00+02:00,4523.4975,24821.52019,19513.37745,55112.955,77.96
2022-08-04T08:00+02:00,1442.345,24882.96249,24664.74169,58738.4325,77.96
2022-08-04T09:00+02:00,-2275.98,24714.73613,30132.97832,60514.3225,77.96
2022-08-04T10:00+02:00,-3442.375,23386.56615,35227.05608,61813.7925,77.96
2022-08-04T11:00+02:00,-3761.61,22902.0783,39727.19267,63377.035,77.96
2022-08-04T12:00+02:00,-4547.96,22812.78237,42697.13191,63452.71,77.96
2022-08-04T13:00+02:00,-5050.645,22585.24536,43464.58879,63077.15,77.96
2022-08-04T14:00+02:00,-5150.775,22772.58663,41963.49825,61973.3275,77.96
2022-08-04T15:00+02:00,-3197.2275,22650.58189,38589.57843,61176.55,77.96
2022-08-04T16:00+02:00,-1493.0925,23290.3662,34099.30306,59658.975,77.96
2022-08-04T17:00+02:00,-568.665,24952.07627,27950.84846,59441.67,77.96
2022-08-04T18:00+02:00,4308.555,25535.83636,21105.51943,58682.7925,77.96
2022-08-04T19:00+02:00,5718.27,25540.66748,16036.31945,57852.465,77.96
2022-08-04T20:00+02:00,5135.6525,25839.67524,13908.95222,55986.395,77.96
2022-08-04T21:00+02:00,3941.7975,26029.18751,13566.07507,54500.9825,77.96
2022-08-04T22:00+02:00,1926.995,25890.58692,13875.84954,51603.555,77.96
2022-08-04T23:00+02:00,659.8825,25587.7572,13641.76686,47103.88,77.96
2022-08-05T00:00+02:00,1611.4025,24496.7453,13585.47715,44224.4,77.96
2022-08-05T01:00+02:00,746.215,23916.01844,13526.87739,42715.745,77.96
2022-08-05T02:00+02:00,909.62,23827.45123,12494.58511,42553.5075,77.96
2022-08-05T03:00+02:00,2206.235,23987.79994,12269.27546,42053.6275,77.96
2022-08-05T04:00+02:00,3697.8475,23859.47364,13280.98589,42356.0075,77.96
2022-08-05T05:00+02:00,4204.995,24192.88901,13204.19412,45150.0625,77.96
2022-08-05T06:00+02:00,5882.3925,25438.5871,13821.46921,50823.85,77.96
2022-08-05T07:00+02:00,6127.0725,25730.91947,15195.00563,55751.795,77.96
2022-08-05T08:00+02:00,4545.795,25759.85453,19150.45105,58911.8075,77.96
2022-08-05T09:00+02:00,2106.9625,25804.02105,23811.07143,60254.295,77.96
2022-08-05T10:00+02:00,566.48,25576.30703,27132.5796,62252.095,77.96
2022-08-05T11:00+02:00,22.245,24973.55153,30536.74573,62733.59,82.865
2022-08-05T12:00+02:00,-886.81,24082.60281,32550.0503,61524.6475,84.5
2022-08-05T13:00+02:00,-1566.055,23649.11321,35339.53866,60577.055,84.5
2022-08-05T14:00+02:00,-835.995,23315.26925,36698.04881,59756.5925,84.5
2022-08-05T15:00+02:00,-1918.55,22975.77441,38166.82044,59203.7075,84.5
2022-08-05T16:00+02:00,-2828.815,22556.31027,38323.40578,59084.68,84.5
2022-08-05T17:00+02:00,-3405.8325,22354.38205,35874.11255,59355.775,84.5
2022-08-05T18:00+02:00,-3324.705,23211.46442,30902.29605,58220.34,84.5
2022-08-05T19:00+02:00,-819.115,23288.55626,25015.53947,55804.83,84.5
2022-08-05T20:00+02:00,-608.015,23496.30572,20789.96828,52427.1925,84.5
2022-08-05T21:00+02:00,-102.79,23482.55387,19267.2252,50379.8025,84.5
2022-08-05T22:00+02:00,-1414.74,23386.15107,19136.54417,48087.165,84.5
2022-08-05T23:00+02:00,-2693.3025,22878.77983,19160.87837,45501.545,84.5
2022-08-06T00:00+02:00,-2798.0375,22290.94768,18779.16938,43082.315,84.5
2022-08-06T01:00+02:00,-3339.2525,22093.99045,17891.07216,41314.3975,84.5
2022-08-06T02:00+02:00,-4361.5625,22046.62067,17601.70399,40317.175,84.5
2022-08-06T03:00+02:00,-3248.1725,21988.58896,16850.03968,39722.9625,84.5
2022-08-06T04:00+02:00,-2112.61,22043.62229,16391.42607,39922.84,84.5
2022-08-06T05:00+02:00,-1622.7725,22007.91787,16263.0074,40025.7,84.5
2022-08-06T06:00+02:00,-1269.77,22044.21088,16524.90477,41152.625,84.5
2022-08-06T07:00+02:00,-1656.99,21908.25354,18618.17485,43403.275,84.5
2022-08-06T08:00+02:00,-2822.2825,21348.27529,23215.57893,46679.3675,84.5
2022-08-06T09:00+02:00,-6204.0225,20967.85279,30528.05209,49662.885,84.5
2022-08-06T10:00+02:00,-7819.45,20013.94596,36100.10284,52036.3725,84.5
2022-08-06T11:00+02:00,-8450.715,19723.07413,38800.64432,52904.2625,84.5
2022-08-06T12:00+02:00,-9706.7875,19174.96469,40569.0937,52146.2875,84.5
2022-08-06T13:00+02:00,-8892.8425,18064.37059,40959.43137,50733.475,84.5
2022-08-06T14:00+02:00,-8713.81,16950.34926,40268.17841,49849.19,84.5
2022-08-06T15:00+02:00,-8116.375,16993.80451,38320.60078,49177.5025,84.5
2022-08-06T16:00+02:00,-7673.8625,18783.95728,34533.40731,48398.1175,84.5
2022-08-06T17:00+02:00,-5043.63,20677.78762,29102.96136,48281.1075,84.5
2022-08-06T18:00+02:00,-1962.7925,21996.32274,21850.87999,47450.7025,84.5
2022-08-06T19:00+02:00,301.255,22432.011,15250.56501,46507.135,84.5
2022-08-06T20:00+02:00,843.555,22631.00303,11528.64894,44836.845,84.5
2022-08-06T21:00+02:00,-278.86,22657.64141,11508.06416,44089.015,84.5
2022-08-06T22:00+02:00,-1727.52,22669.77404,12590.30401,42794.5875,84.5
2022-08-06T23:00+02:00,-2286.64,22438.09696,12909.58316,40429.7275,84.5
2022-08-07T00:00+02:00,-3080.5775,22599.04741,12738.42397,38068.715,84.5
2022-08-07T01:00+02:00,-2714.3,21555.35108,12672.1671,36530.8125,84.5
2022-08-07T02:00+02:00,-2359.6075,20930.04772,12387.46876,35707.12,84.5
2022-08-07T03:00+02:00,-1040.3075,20747.01754,11879.92828,35094.76,84.5
2022-08-07T04:00+02:00,-949.735,20389.56585,11486.64772,35122.995,84.5
2022-08-07T05:00+02:00,-823.95,20431.65495,11352.75987,35048.8225,84.5
2022-08-07T06:00+02:00,-677.7975,20561.38494,12232.46703,35270.135,84.5
2022-08-07T07:00+02:00,-2716.145,20474.40486,15919.66946,37134.2875,84.5
2022-08-07T08:00+02:00,-4484.62,19194.602,22119.33882,40478.4475,84.5
2022-08-07T09:00+02:00,-5801.3925,17738.6056,29708.22002,43288.2675,84.5
2022-08-07T10:00+02:00,-6651.2475,15778.26057,35829.95901,45028.715,84.5
2022-08-07T11:00+02:00,-8962.0825,14534.41048,39685.99222,46690.175,84.5
2022-08-07T12:00+02:00,-9862.1075,14048.37101,41355.69564,46882.8225,84.5
2022-08-07T13:00+02:00,-8760.22,12739.23231,41375.57836,45408.1625,84.5
2022-08-07T14:00+02:00,-9389.735,12601.78659,40670.36517,44441.5,84.5
2022-08-07T15:00+02:00,-8267.2625,13002.44223,37889.34378,43957.25,84.5
2022-08-07T16:00+02:00,-7636.4775,15283.39393,32990.88404,43869.545,84.5
2022-08-07T17:00+02:00,-5558.62,19007.54032,26392.05149,43943.5775,84.5
2022-08-07T18:00+02:00,-1988.965,21964.25982,19126.19289,44645.7075,84.5
2022-08-07T19:00+02:00,2444.14,22644.17585,13051.86556,44654.9525,84.5
2022-08-07T20:00+02:00,3551.325,23139.19936,10604.84853,44578.9825,84.5
2022-08-07T21:00+02:00,3036.2275,23035.4378,10977.75794,44865.9,84.5
2022-08-07T22:00+02:00,1523.465,22619.13157,12297.5887,43675.05,84.5
2022-08-07T23:00+02:00,457.535,22458.67268,12733.40328,41145.9125,84.5
2022-08-08T00:00+02:00,144.3375,22597.38612,11901.75519,39510.6625,84.5
2022-08-08T01:00+02:00,1724.5225,22755.98736,10732.60331,38496.4675,84.5
2022-08-08T02:00+02:00,2835.95,22977.11555,9871.393462,37604.0225,84.5
2022-08-08T03:00+02:00,3863.7175,22930.35079,9189.246082,37559.16,84.5
2022-08-08T04:00+02:00,4572.48,22986.57392,8667.668155,38373.325,84.5
2022-08-08T05:00+02:00,5582.1275,23403.57301,8565.165676,41273.1025,84.5
2022-08-08T06:00+02:00,8510.5975,23721.03987,9638.48657,47601.8025,84.5
2022-08-08T07:00+02:00,8266.6725,23990.79042,13727.92564,52687.6325,84.5
2022-08-08T08:00+02:00,4110.5875,24149.71284,20525.50243,56393.8775,84.5
2022-08-08T09:00+02:00,-1120.7125,23582.5392,28172.67733,57970.0825,84.5
2022-08-08T10:00+02:00,-4176.245,23035.49812,34571.70102,59091.47,84.5
2022-08-08T11:00+02:00,-5907.6125,21796.00333,38994.59891,60306.0725,84.5
2022-08-08T12:00+02:00,-7809.6625,21593.21586,40095.33349,60576.835,84.5
2022-08-08T13:00+02:00,-8160.43,21977.29778,39739.8438,59415.335,84.5
2022-08-08T14:00+02:00,-6633.575,22204.71582,38563.76305,57993.185,84.5
2022-08-08T15:00+02:00,-4927.39,22287.44677,36340.05336,56871.05,84.5
2022-08-08T16:00+02:00,-2842.1925,22382.64658,32467.98589,56096.2275,84.5
2022-08-08T17:00+02:00,-303.7275,23334.17208,26956.16403,55792.0525,84.5
2022-08-08T18:00+02:00,3504.2325,23913.41818,20157.44722,55417.3775,84.5
2022-08-08T19:00+02:00,6669.5025,23907.10603,14887.56941,55002.5825,84.5
2022-08-08T20:00+02:00,6741.3325,23952.76469,12912.09041,53532.91,84.5
2022-08-08T21:00+02:00,4634.8425,23911.25317,14102.82797,52048.9175,84.5
2022-08-08T22:00+02:00,1603.12,23907.42787,15362.69612,48919.0625,84.5
2022-08-08T23:00+02:00,440.055,23918.30824,15423.43299,45576.0925,84.5
2022-08-09T00:00+02:00,1074.2475,23190.29257,14814.10165,43186.42,84.5
2022-08-09T01:00+02:00,771.8575,23487.50971,13671.7391,41826.055,84.5
2022-08-09T02:00+02:00,1189.9025,23559.8057,12632.14709,40578.5925,84.5
2022-08-09T03:00+02:00,2452.2425,23664.24036,11653.36355,40693.205,84.5
2022-08-09T04:00+02:00,3576.0675,23654.43527,11106.10747,41437.225,84.5
2022-08-09T05:00+02:00,5426.0425,24053.31204,11307.98721,43947.7875,84.5
2022-08-09T06:00+02:00,8117.7425,24320.44076,12713.3914,49720.3175,84.5
2022-08-09T07:00+02:00,6557.9075,24585.21231,16251.07152,54416.8475,84.5
2022-08-09T08:00+02:00,3245.39,24495.97339,21754.39028,57703.11,84.5
2022-08-09T09:00+02:00,-1458.0275,24185.40422,28729.16102,58751.135,84.5
2022-08-09T10:00+02:00,-4830.6775,23487.14778,35939.7077,60047.4725,84.5
2022-08-09T11:00+02:00,-7418.8325,22600.59662,41185.44591,61331.7925,84.5
2022-08-09T12:00+02:00,-6979.0625,22460.16059,43131.77197,61170.9,84.5
2022-08-09T13:00+02:00,-6077.8775,22049.25393,42337.93619,60717.33,84.5
2022-08-09T14:00+02:00,-6435.6025,22253.22556,40317.90083,59439.925,84.5
2022-08-09T15:00+02:00,-5286.745,22390.88145,37600.5767,58134.345,84.5
2022-08-09T16:00+02:00,-2691.8,22671.28765,33382.99021,56789.565,84.5
2022-08-09T17:00+02:00,-227.75,23614.5639,27963.44066,56055.575,84.5
2022-08-09T18:00+02:00,3155.925,24368.72574,21473.11633,55875.4825,84.5
2022-08-09T19:00+02:00,5973.9325,24726.81263,15823.70805,55467.6425,84.5
2022-08-09T20:00+02:00,5359.725,24873.54367,13644.35951,53650.4125,84.5
2022-08-09T21:00+02:00,3504.625,24760.55543,15370.75926,52454.37,84.5
2022-08-09T22:00+02:00,425.935,24674.91816,17114.39042,49047.5525,84.5
2022-08-09T23:00+02:00,-951.765,24206.64344,17600.34673,45707.6525,84.5
2022-08-10T00:00+02:00,-126.5725,23886.9459,16510.48404,43363.2175,84.5
2022-08-10T01:00+02:00,945.855,23508.87175,15021.81203,41933.5275,84.5
2022-08-10T02:00+02:00,1526.1975,23680.97361,13853.79927,40738.165,84.5
2022-08-10T03:00+02:00,3044.915,23655.97474,12735.92898,41091.6775,84.5
2022-08-10T04:00+02:00,3054.4625,23827.30619,11864.83673,41882.5325,84.5
2022-08-10T05:00+02:00,5095.6075,24112.00497,11505.59844,44341.325,84.5
2022-08-10T06:00+02:00,8022.41,24346.30701,12495.88184,49859.7325,84.5
2022-08-10T07:00+02:00,7385.1275,24579.06275,16039.40042,54395.815,84.5
2022-08-10T08:00+02:00,3404.285,24387.4117,21705.59656,57616.7525,84.5
2022-08-10T09:00+02:00,-1284.845,23905.38829,29276.74985,58956.915,84.5
2022-08-10T10:00+02:00,-4551.035,23327.09621,36621.5775,60397.6675,84.5
2022-08-10T11:00+02:00,-7183.5775,23033.15233,41722.56391,61704.4525,84.5
2022-08-10T12:00+02:00,-7667.2325,22993.96554,43750.73534,61369.815,84.5
2022-08-10T13:00+02:00,-6815.625,22704.81279,43715.0319,60971.51,84.5
2022-08-10T14:00+02:00,-6157.1375,22612.66555,42201.23467,59401.9975,84.5
2022-08-10T15:00+02:00,-5627.11,22817.01907,39332.91162,58316.5075,84.5
2022-08-10T16:00+02:00,-4218.6125,23107.52753,34725.29063,57241.5525,84.5
2022-08-10T17:00+02:00,-1731.325,23834.78189,28474.01846,56730.2725,84.5
2022-08-10T18:00+02:00,2629.47,24125.4193,21148.25471,56427.3475,84.5
2022-08-10T19:00+02:00,5846.4225,24337.63148,14955.87889,55373.87,84.5
2022-08-10T20:00+02:00,6541.205,24195.32343,12867.49852,53527.5,84.5
2022-08-10T21:00+02:00,4552.925,23968.49398,14648.81204,52433.725,84.5
2022-08-10T22:00+02:00,873.0975,23379.18992,16861.13028,49400.515,84.5
2022-08-10T23:00+02:00,-633.93,22989.4454,17369.12908,46064.0875,84.5
2022-08-11T00:00+02:00,953.595,21829.0108,16404.82167,43690.355,84.5
2022-08-11T01:00+02:00,1095.0175,21787.37725,15233.23625,42024.11,84.5
2022-08-11T02:00+02:00,2098.5525,21804.11386,14068.41115,41047.28,84.5
2022-08-11T03:00+02:00,4163.9675,21943.19773,12714.1235,41248.4825,84.5
2022-08-11T04:00+02:00,4420.3575,22165.21374,11729.73276,41664.165,84.5
2022-08-11T05:00+02:00,6546.475,22455.83015,11255.12532,44157.78,84.5
2022-08-11T06:00+02:00,8866.4825,22904.2646,12042.60484,49843.38,84.5
2022-08-11T07:00+02:00,7662.6375,23183.00855,15724.08196,54522.38,84.5
2022-08-11T08:00+02:00,3882.525,23286.14416,22093.49101,57699.44,84.5
2022-08-11T09:00+02:00,-464.3475,23211.1078,29498.14286,59454.0825,84.5
2022-08-11T10:00+02:00,-4144.675,22153.60227,36890.85068,60721.5975,84.5
2022-08-11T11:00+02:00,-6600.25,21397.22173,42774.02381,61549.4225,84.5
2022-08-11T12:00+02:00,-8501.7325,20728.16801,45834.83686,61658.9275,84.5
2022-08-11T13:00+02:00,-6477.8475,20858.61834,45851.31381,61453.36,84.5
2022-08-11T14:00+02:00,-7852.11,21119.11164,44068.57792,59966.0125,84.5
2022-08-11T15:00+02:00,-6459.3625,21599.93139,40818.711,58943.1275,84.5
2022-08-11T16:00+02:00,-5360.5325,22329.20914,35926.7105,57415.9275,84.5
2022-08-11T17:00+02:00,-3281.29,22700.63057,29576.99606,56423.69,84.5
2022-08-11T18:00+02:00,1795.81,23260.01985,22144.57141,55766.25,84.5
2022-08-11T19:00+02:00,5316.435,23494.56031,16088.81798,54826.585,84.5
2022-08-11T20:00+02:00,4977.46,23520.73325,14524.92012,53406.925,84.5
2022-08-11T21:00+02:00,2714.585,23451.8944,16460.78742,52148.7475,84.5
2022-08-11T22:00+02:00,1052.5275,23107.25781,17932.56842,49065.69,84.5
2022-08-11T23:00+02:00,-54.0925,22591.73907,18123.37149,45378.435,84.5
2022-08-12T00:00+02:00,656.78,21805.9454,17638.06629,43263.78,84.5
2022-08-12T01:00+02:00,1758.3025,21755.14741,16765.40068,41537.415,84.5
2022-08-12T02:00+02:00,2251.2225,21382.56764,15460.72236,40776.875,84.5
2022-08-12T03:00+02:00,3109.635,21522.59446,14059.94851,40382.8675,84.5
2022-08-12T04:00+02:00,4056.6125,21247.9051,12635.35902,40969.3075,84.5
2022-08-12T05:00+02:00,5850.8025,21309.98834,11798.29878,43505.71,84.5
2022-08-12T06:00+02:00,8167.98,21913.72934,12713.23188,48705.345,84.5
2022-08-12T07:00+02:00,7273.465,22609.32648,16571.33454,53359.1,84.5
2022-08-12T08:00+02:00,3001.485,22491.22177,22805.49231,56770.7975,84.5
2022-08-12T09:00+02:00,-865.905,21915.63442,30125.7282,58360.1575,84.5
2022-08-12T10:00+02:00,-5164.825,20836.97572,37921.49845,59682.7075,84.5
2022-08-12T11:00+02:00,-6701.0125,19833.08748,44354.00786,61176.1525,86.6
2022-08-12T12:00+02:00,-8421.6125,19022.74685,47036.93427,60962.2375,87.3
2022-08-12T13:00+02:00,-8423.245,19147.61769,46937.78804,59517.4325,87.3
2022-08-12T14:00+02:00,-7257.355,19116.65082,44698.01083,58037.8425,87.3
2022-08-12T15:00+02:00,-7248.225,19662.60891,41338.27437,56908.4,87.3
2022-08-12T16:00+02:00,-5557.805,20014.50574,36862.87201,55815.5725,87.3
2022-08-12T17:00+02:00,-2084.1925,20681.17219,31312.28726,55625.7425,87.3
2022-08-12T18:00+02:00,768.555,21611.0192,24628.17885,54275.855,87.3
2022-08-12T19:00+02:00,3210.4675,22120.5812,18473.32935,53262.9275,87.3
2022-08-12T20:00+02:00,3534.84,22155.75739,15555.69794,51722.0025,87.3
2022-08-12T21:00+02:00,1760.3025,22167.17864,17004.05281,50468.4425,87.3
2022-08-12T22:00+02:00,1185.815,21847.24212,17780.77557,47569.0725,87.3
2022-08-12T23:00+02:00,1548.225,20992.81926,17397.98279,44452.6325,87.3
2022-08-13T00:00+02:00,627.7225,19536.69131,16956.11195,41857.69,87.3
2022-08-13T01:00+02:00,2479.5075,19026.90158,15809.26296,40086.495,87.3
2022-08-13T02:00+02:00,1736.2675,19135.19619,14431.68833,38836.6825,87.3
2022-08-13T03:00+02:00,2657.8575,19089.7796,12970.75996,38210.745,87.3
2022-08-13T04:00+02:00,3604.805,19124.50617,11671.18082,37895.6625,87.3
2022-08-13T05:00+02:00,4822.3975,19226.42405,11190.4603,38147.25,87.3
2022-08-13T06:00+02:00,5507.875,19239.72663,11615.82893,39556.38,87.3
2022-08-13T07:00+02:00,3966.1075,19270.9048,14736.37283,41969.43,87.3
2022-08-13T08:00+02:00,823.2575,18799.247,20616.95619,45526.8375,87.3
2022-08-13T09:00+02:00,-2111.025,18397.37628,27016.047,48509.565,87.3
2022-08-13T10:00+02:00,-5575.45,18210.84041,32939.62066,50319.82,87.3
2022-08-13T11:00+02:00,-6984.6275,18058.60896,37630.89965,51402.7075,87.3
2022-08-13T12:00+02:00,-8662.64,17859.9237,39415.69235,51073.8475,87.3
2022-08-13T13:00+02:00,-8082.085,17489.82115,39267.35488,49914.055,87.3
2022-08-13T14:00+02:00,-7294.8925,17513.69946,38065.18314,48794.4675,87.3
2022-08-13T15:00+02:00,-6347.6125,18096.71987,35916.7435,48231.2775,87.3
2022-08-13T16:00+02:00,-5708.73,18556.75209,32084.93611,47404.9325,87.3
2022-08-13T17:00+02:00,-3231.87,19039.85109,27216.57604,47497.215,87.3
2022-08-13T18:00+02:00,-865.2075,20131.45257,21647.6377,47720.41,87.3
2022-08-13T19:00+02:00,-4.5275,20271.73796,16616.61838,47109.1525,87.3
2022-08-13T20:00+02:00,785.93,20344.26531,14127.23708,45646.715,87.3
2022-08-13T21:00+02:00,203.73,20316.58634,15189.64537,45102.5875,87.3
2022-08-13T22:00+02:00,-1011.835,20298.06448,16204.51021,42873.01,87.3
2022-08-13T23:00+02:00,-875.5875,19676.86134,16008.995,40644.3575,87.3
2022-08-14T00:00+02:00,375.335,18769.47549,16043.70656,38645.1725,87.3
2022-08-14T01:00+02:00,249.1775,18442.67305,15317.95922,37089.405,87.3
2022-08-14T02:00+02:00,159.9625,18391.98472,14205.27614,35989.9225,87.3
2022-08-14T03:00+02:00,249.32,18510.33114,13313.82867,35499.2775,87.3
2022-08-14T04:00+02:00,747.905,18479.41415,12590.17454,35328.9325,87.3
2022-08-14T05:00+02:00,1050.5525,18544.97064,12932.49428,35733.2825,87.3
2022-08-14T06:00+02:00,616.59,18252.37584,14217.01187,36389.9125,87.3
2022-08-14T07:00+02:00,-878.1075,18032.02567,17554.8904,38364.715,87.3
2022-08-14T08:00+02:00,-3462.66,17930.03042,22741.80967,41694.995,87.3
2022-08-14T09:00+02:00,-6444.0325,17386.77629,30095.87924,44490.775,87.3
2022-08-14T10:00+02:00,-11238.9775,16749.09276,36993.8673,46575.01,87.3
2022-08-14T11:00+02:00,-12884.91,15854.25963,42018.34811,48476.2925,87.3
2022-08-14T12:00+02:00,-12977.625,14437.97161,44122.23456,48442.085,87.3
2022-08-14T13:00+02:00,-13210.0325,13472.40433,43920.38462,47186.7725,87.3
2022-08-14T14:00+02:00,-12544.2375,13742.85775,42401.54584,46340.15,87.3
2022-08-14T15:00+02:00,-12346.8,15294.71024,39269.67033,45844.7125,87.3
2022-08-14T16:00+02:00,-9934.9375,17135.75193,34569.57235,45901.3375,87.3
2022-08-14T17:00+02:00,-6518.745,18958.42172,28867.96715,46344.1475,87.3
2022-08-14T18:00+02:00,-2626.7025,20501.8278,22902.96656,47293.41,87.3
2022-08-14T19:00+02:00,-146.77,20906.0449,18899.22684,47439.3725,87.3
2022-08-14T20:00+02:00,286.8425,21340.84927,17948.94474,47381.0025,87.3
2022-08-14T21:00+02:00,-1303.95,21541.38556,19522.94539,47568.45,87.3
2022-08-14T22:00+02:00,-2242.4275,21358.17621,20362.06029,46312.25,87.3
2022-08-14T23:00+02:00,-2976.775,20861.11926,20621.64986,43992.315,87.3
2022-08-15T00:00+02:00,-3576.59,20268.46171,19670.80767,41696.19,87.3
2022-08-15T01:00+02:00,-2757.52,20195.2409,18774.05495,40870.93,87.3
2022-08-15T02:00+02:00,-903.2725,20236.51781,16898.36673,39065.745,87.3
2022-08-15T03:00+02:00,1193.2025,20356.23424,15826.25544,38653.2525,87.3
2022-08-15T04:00+02:00,2168.225,20374.44032,15182.59981,39667.6475,87.3
2022-08-15T05:00+02:00,4001.0175,20716.26525,14807.017,42549.8725,87.3
2022-08-15T06:00+02:00,7128.81,21373.96415,15194.139,48176.875,87.3
2022-08-15T07:00+02:00,6359.025,21564.83789,16888.73841,52433.7775,87.3
2022-08-15T08:00+02:00,6848.105,21650.9829,20230.76633,54926.2475,87.3
2022-08-15T09:00+02:00,4340.095,21622.26823,24833.31626,56848.1275,87.3
2022-08-15T10:00+02:00,1889.51,20728.4359,30201.16149,58735.9025,87.3
2022-08-15T11:00+02:00,500.6125,20398.2619,33468.99305,60434.91,87.3
2022-08-15T12:00+02:00,-1712.1375,20431.32196,35043.55762,60317.5375,87.3
2022-08-15T13:00+02:00,-784.93,20237.87806,35345.73202,59438.735,87.3
2022-08-15T14:00+02:00,-448.7925,20303.80721,35093.39155,58474.48,87.3
2022-08-15T15:00+02:00,180.13,20607.25261,33862.26463,57855.6825,87.3
2022-08-15T16:00+02:00,285.17,21280.21297,30217.36285,56787.8775,87.3
2022-08-15T17:00+02:00,2958.8425,22803.28377,25415.92823,57051.5675,87.3
2022-08-15T18:00+02:00,5430.155,24214.92371,19863.78688,56401.085,87.3
2022-08-15T19:00+02:00,6259.745,25018.15671,15339.04907,55777.1375,87.3
2022-08-15T20:00+02:00,6234.6725,25219.04074,12892.44876,54145.2475,87.3
2022-08-15T21:00+02:00,5023.2075,25449.29885,12067.21802,52415.79,87.3
2022-08-15T22:00+02:00,3592.3425,25409.34776,11397.6599,48709.6,87.3
2022-08-15T23:00+02:00,2229.845,25420.15644,11082.09857,45081.5925,87.3
2022-08-16T00:00+02:00,1937.0875,25247.74343,10562.15776,42463.815,87.3
2022-08-16T01:00+02:00,814.0075,25346.66009,10718.16649,40769.225,87.3
2022-08-16T02:00+02:00,1067.285,25189.88854,11019.79391,40180.39,87.3
2022-08-16T03:00+02:00,1521.6125,25213.10943,11349.68968,40363.025,87.3
2022-08-16T04:00+02:00,2337.0375,25152.43781,11259.61725,41657.965,87.3
2022-08-16T05:00+02:00,3793.57,25226.79609,11159.08763,44150.5525,87.3
2022-08-16T06:00+02:00,6392.725,25929.71033,11956.50089,49916.6975,87.3
2022-08-16T07:00+02:00,6196.2325,26184.82367,15112.0558,54486.79,87.3
2022-08-16T08:00+02:00,3413.1625,26061.43909,20667.82854,57673.165,87.3
2022-08-16T09:00+02:00,-1947.6825,25404.18162,27698.16521,59013.07,87.3
2022-08-16T10:00+02:00,-3470.1975,24139.96397,34078.07968,60449.4125,87.3
2022-08-16T11:00+02:00,-5137.1875,23570.1232,38606.78113,61700.025,87.3
2022-08-16T12:00+02:00,-6224.0325,23213.73096,40621.22476,61636.075,87.3
2022-08-16T13:00+02:00,-7254.055,23490.17417,40109.44632,60834.6575,87.3
2022-08-16T14:00+02:00,-6961.9825,23489.07566,38159.13261,59576.6375,87.3
2022-08-16T15:00+02:00,-5405.71,23687.8574,35180.65864,58622.9,87.3
2022-08-16T16:00+02:00,-4165.1225,24506.9584,30880.93024,57507.73,87.3
2022-08-16T17:00+02:00,756.575,25142.54244,24630.37689,57392.48,87.3
2022-08-16T18:00+02:00,4249.975,25969.02267,17277.53722,56850.5475,87.3
2022-08-16T19:00+02:00,6919.93,26135.83883,11491.02524,55714.1775,87.3
2022-08-16T20:00+02:00,8481.545,26174.83619,8881.649117,54226.7325,87.3
2022-08-16T21:00+02:00,7005.985,26125.25793,8444.326228,52624.4975,87.3
2022-08-16T22:00+02:00,5636.7175,25867.61508,8469.722526,48946.4025,87.3
2022-08-16T23:00+02:00,5095.2125,25286.98043,8315.514464,45550.365,87.3
2022-08-17T00:00+02:00,4682.1325,24512.81093,8093.871411,43021.1,87.3
2022-08-17T01:00+02:00,4570.5375,24083.23294,8211.207392,41610.755,87.3
2022-08-17T02:00+02:00,5720.315,24144.87703,8193.406033,41258.71,87.3
2022-08-17T03:00+02:00,6227.17,24058.28367,7998.888195,41181,87.3
2022-08-17T04:00+02:00,6173.73,24096.26131,8221.74095,42135.4375,87.3
2022-08-17T05:00+02:00,7063.225,24390.35935,8504.535178,44980.3275,87.3
2022-08-17T06:00+02:00,9955.865,25083.28169,9363.582251,50554.2125,87.3
2022-08-17T07:00+02:00,10335.285,25407.82696,12742.71872,55139.8075,87.3
2022-08-17T08:00+02:00,6666.115,25700.31906,18374.83872,58335.3025,87.3
2022-08-17T09:00+02:00,1248.885,25765.17997,24154.13544,59881.5425,87.3
2022-08-17T10:00+02:00,-1189.9725,25530.02445,28577.63053,61591.965,87.3
2022-08-17T11:00+02:00,-3136.0725,25065.15774,31865.45297,63135.1025,87.3
2022-08-17T12:00+02:00,-3301.2475,24388.96788,32236.81757,62886.8,87.3
2022-08-17T13:00+02:00,-3199.165,24226.70306,31521.38983,61511.4025,87.3
2022-08-17T14:00+02:00,-1009.0175,24007.21621,31246.08892,59795.38,87.3
2022-08-17T15:00+02:00,179.8375,23768.51521,30111.81977,58909.8875,87.3
2022-08-17T16:00+02:00,848.3525,24117.71086,27623.78448,57688.1075,87.3
2022-08-17T17:00+02:00,3367.84,24401.46867,23538.97902,57616.825,87.3
2022-08-17T18:00+02:00,5033.6525,24862.08383,19227.69994,57271.905,87.3
2022-08-17T19:00+02:00,6222.24,24965.95444,15883.54432,56500.3825,87.3
2022-08-17T20:00+02:00,4595.6275,25014.67144,14641.46303,54781.1075,87.3
2022-08-17T21:00+02:00,3761.6875,24988.80846,14978.39702,53351.4975,87.3
2022-08-17T22:00+02:00,1882.345,24793.13065,15402.16543,49926.7875,87.3
2022-08-17T23:00+02:00,228.3775,24407.83647,14479.87738,46176.3025,87.3
2022-08-18T00:00+02:00,-784.5025,24514.70397,14374.6238,43884.35,87.3
2022-08-18T01:00+02:00,27.005,24759.64444,13994.8024,42478.97,87.3
2022-08-18T02:00+02:00,8.79,24708.39377,13683.08647,41655.15,87.3
2022-08-18T03:00+02:00,1055.115,24750.63828,13238.80859,41501.6125,87.3
2022-08-18T04:00+02:00,1940.6775,24635.8156,13072.56124,42218.3475,87.3
2022-08-18T05:00+02:00,3703.2675,24669.79906,12871.85021,45249.58,87.3
2022-08-18T06:00+02:00,5782.9525,25498.1866,13263.47695,50964.97,87.3
2022-08-18T07:00+02:00,7688.1775,25975.77918,14963.48218,55700.125,87.3
2022-08-18T08:00+02:00,6524.6725,26046.54009,17445.19067,59100.0475,87.3
2022-08-18T09:00+02:00,5094.765,25810.44845,20614.28102,60643.1,87.3
2022-08-18T10:00+02:00,3484.095,25808.14841,23917.79991,61924.9575,87.3
2022-08-18T11:00+02:00,2761.7925,25725.94846,27398.83153,63143,87.3
2022-08-18T12:00+02:00,2294.96,25003.48297,30114.98731,63190.29,87.3
2022-08-18T13:00+02:00,-210.655,24856.11689,30699.47661,62085.7025,87.3
2022-08-18T14:00+02:00,-851.68,25294.83915,29403.56749,60013.58,87.3
2022-08-18T15:00+02:00,557.0075,24945.01454,27052.29712,59282.53,87.3
2022-08-18T16:00+02:00,2772.985,25022.07517,24212.97051,57942.7025,87.3
2022-08-18T17:00+02:00,6340.1,25815.78813,20198.27846,58191.355,87.3
2022-08-18T18:00+02:00,7799.7525,25591.67953,17081.68229,58604.9925,87.3
2022-08-18T19:00+02:00,7613.35,25679.58705,15102.37495,57344.9025,87.3
2022-08-18T20:00+02:00,5493.6725,26271.29958,13892.71883,55734.145,87.3
2022-08-18T21:00+02:00,5723.25,26016.86321,13587.76322,53868.435,87.3
2022-08-18T22:00+02:00,4622.0775,24926.91211,12959.2428,50240.9625,87.3
2022-08-18T23:00+02:00,3126.4025,24364.19532,12010.01329,46572.9425,87.3
2022-08-19T00:00+02:00,2948.4175,23783.42735,10942.8676,43766.7375,87.3
2022-08-19T01:00+02:00,3595.75,23299.09623,10508.7071,42132.8775,87.3
2022-08-19T02:00+02:00,4144.12,23143.16378,10441.49712,41910.5625,87.3
2022-08-19T03:00+02:00,4937.02,23027.95878,10237.55199,41620.845,87.3
2022-08-19T04:00+02:00,5239.095,23101.94056,10263.19604,42637.635,87.3
2022-08-19T05:00+02:00,6230.11,23626.97792,10543.43925,45302.1525,87.3
2022-08-19T06:00+02:00,8230.5875,24961.72296,11524.40427,50740.765,87.3
2022-08-19T07:00+02:00,9388.9425,25231.45442,13345.83487,55397.64,87.3
2022-08-19T08:00+02:00,7350.945,25426.66704,15022.92817,58497.2375,87.3
2022-08-19T09:00+02:00,6779.2975,25808.66113,16904.21278,59379.365,87.3
2022-08-19T10:00+02:00,6208.795,25758.75038,19672.26664,60416.885,87.3
2022-08-19T11:00+02:00,5530.9825,25580.32065,22001.40174,61343.2975,94.4775
2022-08-19T12:00+02:00,3286.735,25331.07314,24850.9922,61036.7575,96.87
2022-08-19T13:00+02:00,1407.06,24776.96323,26101.78893,59251.915,96.87
2022-08-19T14:00+02:00,313.645,24438.05679,25698.54668,57290.61,96.87
2022-08-19T15:00+02:00,86.7225,24552.14576,24130.3972,56489.2375,96.87
2022-08-19T16:00+02:00,1590.15,24627.82478,21222.50957,55769.745,96.87
2022-08-19T17:00+02:00,5068.9,24853.94051,17584.84764,56238.715,96.87
2022-08-19T18:00+02:00,6503.3925,25517.3038,14737.661,56020.015,96.87
2022-08-19T19:00+02:00,6929.7475,25729.21809,12428.32133,54550.3625,96.87
2022-08-19T20:00+02:00,6145.115,25729.84079,11031.15983,52401.09,96.87
2022-08-19T21:00+02:00,6596.7325,25372.22986,10454.79488,50078.7175,96.87
2022-08-19T22:00+02:00,4494.97,24785.90167,10325.38819,46828.18,96.87
2022-08-19T23:00+02:00,3047.955,23987.124,10088.78682,43366.5275,96.87
2022-08-20T00:00+02:00,2333.0975,23230.49297,10263.22465,40815.4825,96.87
2022-08-20T01:00+02:00,2791.7375,21956.40051,10838.23137,39699.2975,96.87
2022-08-20T02:00+02:00,2148.665,21466.86268,10881.97309,38522.4225,96.87
2022-08-20T03:00+02:00,2358.7375,21247.76808,10843.44763,38229.7925,96.87
2022-08-20T04:00+02:00,2171.6725,21395.60975,10954.95662,37865.105,96.87
2022-08-20T05:00+02:00,2822.0775,21522.13145,11237.70026,38866.4775,96.87
2022-08-20T06:00+02:00,2846.47,21851.03083,11990.03135,40377.5825,96.87
2022-08-20T07:00+02:00,3659.025,22384.70449,12923.01922,42478.1675,96.87
2022-08-20T08:00+02:00,4057.9775,22343.10574,15378.58664,45215.29,96.87
2022-08-20T09:00+02:00,4580.6175,22424.2189,18685.29143,48023.25,96.87
2022-08-20T10:00+02:00,2430.4375,22539.1278,22125.85529,50164.8925,96.87
2022-08-20T11:00+02:00,1079.4,22255.44993,25150.34947,50974.9325,96.87
2022-08-20T12:00+02:00,245.495,21969.06723,27623.68393,50615.6575,96.87
2022-08-20T13:00+02:00,-1367.3975,21583.27461,28976.59156,49164.715,96.87
2022-08-20T14:00+02:00,-2213.455,21559.49563,28324.14917,47643.1625,96.87
2022-08-20T15:00+02:00,-1836.6575,21440.4886,27560.46789,46409.465,96.87
2022-08-20T16:00+02:00,-201.77,21403.96734,25386.05919,46458.1425,96.87
2022-08-20T17:00+02:00,-249.43,21813.16888,21670.3005,46713.3225,96.87
2022-08-20T18:00+02:00,2807.595,22097.23858,17390.08147,47040.1675,96.87
2022-08-20T19:00+02:00,3291.115,22440.00241,13152.84216,45939.355,96.87
2022-08-20T20:00+02:00,2710.6125,22693.69391,10321.41673,44617.99,96.87
2022-08-20T21:00+02:00,2951.0375,22175.88735,10208.65183,43431.9425,96.87
2022-08-20T22:00+02:00,3402.6825,21439.44643,10677.97055,41110.5625,96.87
2022-08-20T23:00+02:00,2531.645,21091.92346,11134.03258,38924.4975,96.87
2022-08-21T00:00+02:00,1324.7625,20879.26117,11781.73446,37683.905,96.87
2022-08-21T01:00+02:00,656.6875,20410.41563,12114.49093,36511.9075,96.87
2022-08-21T02:00+02:00,62.8475,20116.23958,12200.86901,35622.305,96.87
2022-08-21T03:00+02:00,303.16,20208.80161,12268.49969,34997.7225,96.87
2022-08-21T04:00+02:00,973.2775,19889.07409,12346.76123,34940.5525,96.87
2022-08-21T05:00+02:00,1228.235,19931.45488,12860.74157,35240.545,96.87
2022-08-21T06:00+02:00,184.765,20169.78693,13619.00402,35494.33,96.87
2022-08-21T07:00+02:00,-1152.5925,20343.37958,16003.19977,36920.69,96.87
2022-08-21T08:00+02:00,-3787.2475,20108.30221,20932.17704,39779.9875,96.87
2022-08-21T09:00+02:00,-5753.2575,19595.31583,27131.50015,42766.4425,96.87
2022-08-21T10:00+02:00,-8224.6725,18549.07375,34714.45592,44953.37,96.87
2022-08-21T11:00+02:00,-9833.8175,16505.96356,39137.72572,47015.56,96.87
2022-08-21T12:00+02:00,-9915.8075,14999.44788,41080.01956,46626.68,96.87
2022-08-21T13:00+02:00,-10954.0925,14296.98514,41276.05838,45344.545,96.87
2022-08-21T14:00+02:00,-12255.2975,15340.17407,39881.00508,44098.945,96.87
2022-08-21T15:00+02:00,-10640.0075,16386.03967,37082.906,43745.41,96.87
2022-08-21T16:00+02:00,-8444.425,17812.772,31906.68359,43385.4975,96.87
2022-08-21T17:00+02:00,-6069.04,21266.03105,25103.30039,43863.9875,96.87
2022-08-21T18:00+02:00,-1421.4925,24134.48433,17288.44757,44165.3675,96.87
2022-08-21T19:00+02:00,1258.765,25532.59315,11505.3827,44092.57,96.87
2022-08-21T20:00+02:00,1356.1425,26151.57817,9632.808294,44175.955,96.87
2022-08-21T21:00+02:00,1412.9675,26035.17696,9673.824581,44090.6975,96.87
2022-08-21T22:00+02:00,1141.085,26268.20848,9567.055088,42659.5225,96.87
2022-08-21T23:00+02:00,698.235,25920.38461,9442.75061,40029.4,96.87
2022-08-22T00:00+02:00,810.46,25034.51098,8939.234677,38462.955,96.87
2022-08-22T01:00+02:00,7.1125,24885.73746,8633.451163,37336.565,96.87
2022-08-22T02:00+02:00,302.6725,25402.29369,8407.4822,36647.875,96.87
2022-08-22T03:00+02:00,1623.7025,25754.74093,8116.25783,36744.3275,96.87
2022-08-22T04:00+02:00,1581.2375,25894.39063,7807.913792,38178.6275,96.87
2022-08-22T05:00+02:00,2524.8325,26711.02953,7811.869899,41349.16,96.87
2022-08-22T06:00+02:00,6512.465,28152.81023,8591.145113,48049.2075,96.87
2022-08-22T07:00+02:00,6736.985,29146.62079,12115.70479,52870.72,96.87
2022-08-22T08:00+02:00,4127.9575,29281.64671,18135.10163,56647.6425,96.87
2022-08-22T09:00+02:00,-1185.045,29100.11993,24588.84195,58562.3325,96.87
2022-08-22T10:00+02:00,-4308.3875,28298.99447,30933.54609,59895.78,96.87
2022-08-22T11:00+02:00,-5679.175,27647.4153,35017.34524,60923.805,96.87
2022-08-22T12:00+02:00,-6343.6575,27420.52199,35152.61471,60692.7375,96.87
2022-08-22T13:00+02:00,-6073.3,27194.29993,34351.12428,59982.325,96.87
2022-08-22T14:00+02:00,-4597.5575,26763.96283,33223.21081,58839.6525,96.87
2022-08-22T15:00+02:00,-2800.8925,26572.16127,29924.49979,58322.8425,96.87
2022-08-22T16:00+02:00,-1936.045,27438.84249,26061.53614,57060.1525,96.87
2022-08-22T17:00+02:00,2163.0475,27960.676,21488.867,56759.345,96.87
2022-08-22T18:00+02:00,4136.77,28256.36542,16832.4244,56712.165,96.87
2022-08-22T19:00+02:00,5104.975,28341.29934,13737.15645,56076.1575,96.87
2022-08-22T20:00+02:00,3596.6625,28513.0025,13362.30918,54449.08,96.87
2022-08-22T21:00+02:00,1992,28816.28261,14499.67724,52452.7275,96.87
2022-08-22T22:00+02:00,-1378.6725,28707.79381,15175.31362,48846.715,96.87
2022-08-22T23:00+02:00,-2950.77,28044.67358,15414.28394,45531.845,96.87
2022-08-23T00:00+02:00,-2092.74,26690.3048,15164.74237,42729.835,96.87
2022-08-23T01:00+02:00,-2093.22,26273.11569,14376.68642,41208.3925,96.87
2022-08-23T02:00+02:00,-1261.4525,26208.6405,13364.43774,40284.65,96.87
2022-08-23T03:00+02:00,163.1175,25993.95603,12543.20121,40794.8225,96.87
2022-08-23T04:00+02:00,1080.9075,26013.27493,12038.15752,41517.3125,96.87
2022-08-23T05:00+02:00,3520.8475,26113.9121,11993.55371,44439.755,96.87
2022-08-23T06:00+02:00,4886.615,27268.43579,12866.49263,50693.2325,96.87
2022-08-23T07:00+02:00,4327.1475,27781.887,15692.26824,54973.92,96.87
2022-08-23T08:00+02:00,1085.8775,27639.8213,21419.45732,58201.5275,96.87
2022-08-23T09:00+02:00,-3297.555,27476.08012,27762.40252,59442.965,96.87
2022-08-23T10:00+02:00,-6315.9775,26478.69947,34319.12132,60824.3925,96.87
2022-08-23T11:00+02:00,-9420.28,25758.07624,39395.85312,61555.305,96.87
2022-08-23T12:00+02:00,-9937.6625,25729.1452,42060.86208,61555.1025,96.87
2022-08-23T13:00+02:00,-10010.5025,25528.93712,42118.44029,61529.7175,96.87
2022-08-23T14:00+02:00,-9716.585,25542.45332,40337.33412,60463.2625,96.87
2022-08-23T15:00+02:00,-8076.4325,25883.27109,36379.91224,59091.17,96.87
2022-08-23T16:00+02:00,-4989.5925,26723.21854,31196.45695,57880.775,96.87
2022-08-23T17:00+02:00,-832.8075,27694.13526,24783.02799,57607.785,96.87
2022-08-23T18:00+02:00,3451.62,28235.76253,17683.18268,57365.2525,96.87
2022-08-23T19:00+02:00,4957.8825,28357.09356,13094.56502,56640.5625,96.87
2022-08-23T20:00+02:00,5208.6525,28310.26603,13189.68851,55222.93,96.87
2022-08-23T21:00+02:00,2467.585,28372.48892,15162.30426,53331.7525,96.87
2022-08-23T22:00+02:00,-866.9225,28121.99428,16306.08159,49645.1,96.87
2022-08-23T23:00+02:00,-3228.56,27883.25964,16641.65343,46169.185,96.87
2022-08-24T00:00+02:00,-2583.985,26778.44557,16050.15095,43542.1325,96.87
2022-08-24T01:00+02:00,-1688.4975,26159.15382,15166.02919,42161.475,96.87
2022-08-24T02:00+02:00,-56.2475,26139.9769,14333.16404,41182.63,96.87
2022-08-24T03:00+02:00,1355.8,26178.38024,13238.83663,41181.7725,96.87
2022-08-24T04:00+02:00,1608.435,26298.79051,12584.03436,42007.8675,96.87
2022-08-24T05:00+02:00,3010.775,27041.32371,12421.12731,44937.335,96.87
2022-08-24T06:00+02:00,5783.78,27662.85753,12535.57629,50528.09,96.87
2022-08-24T07:00+02:00,5524.4975,27798.41737,14892.23961,54901.5075,96.87
2022-08-24T08:00+02:00,2932.4225,27838.03969,20154.97216,57888.245,96.87
2022-08-24T09:00+02:00,-1684.2025,27627.03743,27003.66427,59339.345,96.87
2022-08-24T10:00+02:00,-5419.9225,26532.91615,33190.13017,60845.0325,96.87
2022-08-24T11:00+02:00,-7429.0125,26218.7908,37268.63533,62019.895,96.87
2022-08-24T12:00+02:00,-8412.5525,25989.79999,39230.91248,61541.3175,96.87
2022-08-24T13:00+02:00,-8370.4925,26018.45449,39207.74253,60822.53,96.87
2022-08-24T14:00+02:00,-7520.465,25851.81252,37490.30912,59689.245,96.87
2022-08-24T15:00+02:00,-7451.0275,26142.74501,34262.86185,58540.525,96.87
2022-08-24T16:00+02:00,-4574.1525,26669.74354,30038.99799,57655.07,96.87
2022-08-24T17:00+02:00,-386.6375,27273.80337,24238.50496,57807.015,96.87
2022-08-24T18:00+02:00,3332.135,27869.96889,17820.78249,57668.8575,96.87
2022-08-24T19:00+02:00,5134.175,28283.47067,13553.35286,57004.01,96.87
2022-08-24T20:00+02:00,4180.12,28356.18417,13665.36596,55546.125,96.87
2022-08-24T21:00+02:00,1129.51,28125.80329,16395.92137,53596.7625,96.87
2022-08-24T22:00+02:00,-751.9775,27430.18735,17255.68481,49615.86,96.87
2022-08-24T23:00+02:00,-2682.6925,26916.5741,17671.26651,46351.8675,96.87
2022-08-25T00:00+02:00,-3829.63,26290.4506,17746.59103,43701.3675,96.87
2022-08-25T01:00+02:00,-3331.7625,25754.16822,17567.55484,42296.2975,96.87
2022-08-25T02:00+02:00,-3007.9925,25328.57562,16951.11079,41262.38,96.87
2022-08-25T03:00+02:00,-1773.98,25470.15011,15692.8086,41011.9875,96.87
2022-08-25T04:00+02:00,-807.9925,25821.76267,14737.55837,41960.6825,96.87
2022-08-25T05:00+02:00,245.3925,26618.3293,14474.30003,45028.3725,96.87
2022-08-25T06:00+02:00,2740.915,27060.42191,15273.66708,51258.3175,96.87
2022-08-25T07:00+02:00,2675.3875,27529.25896,18008.53933,55699.1775,96.87
2022-08-25T08:00+02:00,-26.78,27442.95707,22889.63998,58552.565,96.87
2022-08-25T09:00+02:00,-4134.2975,27041.29077,29456.2117,60215.99,96.87
2022-08-25T10:00+02:00,-6714.88,26287.86818,35765.54049,61411.3775,96.87
2022-08-25T11:00+02:00,-8621.0225,25415.34479,40585.8965,62372.58,96.87
2022-08-25T12:00+02:00,-7863.8725,24801.105,43091.92893,63453.4575,96.87
2022-08-25T13:00+02:00,-7854.5625,24442.49548,43743.9923,62584.2925,96.87
2022-08-25T14:00+02:00,-8082.98,24823.05954,42669.74406,61481.1575,96.87
2022-08-25T15:00+02:00,-7605.4725,25392.66964,40707.71668,60995.0625,96.87
2022-08-25T16:00+02:00,-7046.255,26688.28498,36022.50422,59909.5175,96.87
2022-08-25T17:00+02:00,-3559,27176.37901,29485.67048,59811.8975,96.87
2022-08-25T18:00+02:00,461.135,27780.23629,22530.96726,59072.2825,96.87
2022-08-25T19:00+02:00,3310.465,28089.06098,16864.22412,58168.9325,96.87
2022-08-25T20:00+02:00,3080.42,28095.1866,15827.50181,56947.625,96.87
2022-08-25T21:00+02:00,2448.745,28142.1303,17177.93159,54874.545,96.87
2022-08-25T22:00+02:00,-155.275,27471.80732,17780.83404,50862.125,96.87
2022-08-25T23:00+02:00,-2632.2025,26834.34319,17475.46863,47266.7025,96.87
2022-08-26T00:00+02:00,-1384.445,26080.83351,16075.42865,44258.0025,96.87
2022-08-26T01:00+02:00,1622.09,25393.18115,14143.50347,42691.3775,96.87
2022-08-26T02:00+02:00,2355.6425,24998.41339,12693.21531,41232.3475,96.87
2022-08-26T03:00+02:00,3847.0975,24917.80623,11478.50644,41103.78,96.87
2022-08-26T04:00+02:00,4917.5,24861.39369,10962.25451,42291.695,96.87
2022-08-26T05:00+02:00,5915.2525,25114.34525,10878.03993,45635.31,96.87
2022-08-26T06:00+02:00,8836.475,26349.52199,11539.10199,51702.755,96.87
2022-08-26T07:00+02:00,6977.1325,27120.68396,14593.52481,55889.885,96.87
2022-08-26T08:00+02:00,4063.225,27149.28521,19689.06103,59129.04,96.87
2022-08-26T09:00+02:00,1009.2875,27225.32239,25112.83588,60949.9025,96.87
2022-08-26T10:00+02:00,-2733.585,27205.54496,30145.237,62402.0275,96.87
2022-08-26T11:00+02:00,-3672.47,26857.27489,33046.8354,62816.79,91.3875
2022-08-26T12:00+02:00,-4771.5025,26909.0627,33732.60241,61935.5575,89.56
2022-08-26T13:00+02:00,-6091.085,26703.6331,32920.37711,60244.1275,89.56
2022-08-26T14:00+02:00,-4607.8125,26428.70603,31967.88039,59115.615,89.56
2022-08-26T15:00+02:00,-3253.845,26393.14927,31584.72657,58486.03,89.56
2022-08-26T16:00+02:00,-3157.885,27012.64921,29143.58485,57571.335,89.56
2022-08-26T17:00+02:00,-2766.2575,27468.81886,25979.29631,57416.63,89.56
2022-08-26T18:00+02:00,-784.1275,27713.20592,22035.15195,56966.9075,89.56
2022-08-26T19:00+02:00,530.31,27949.58111,18001.68889,55216.735,89.56
2022-08-26T20:00+02:00,1083.195,27927.15189,15719.61594,53485.055,89.56
2022-08-26T21:00+02:00,437.62,27744.98427,14923.87348,50768.705,89.56
2022-08-26T22:00+02:00,-212.5975,27502.4412,14012.58804,47447.135,89.56
2022-08-26T23:00+02:00,-1632.0725,26462.41075,13589.45977,44898.1225,89.56
2022-08-27T00:00+02:00,-1802.5625,24267.15784,13165.41961,42426.785,89.56
2022-08-27T01:00+02:00,-1693.865,23691.73381,12802.03959,40229.135,89.56
2022-08-27T02:00+02:00,-1016.4675,23606.10635,12789.68951,38463.1575,89.56
2022-08-27T03:00+02:00,-832.4125,23352.44687,12751.43954,38178.7925,89.56
2022-08-27T04:00+02:00,-817.8225,23475.63522,12364.13764,38147.69,89.56
2022-08-27T05:00+02:00,-502.2725,23412.4484,12802.83567,39022.645,89.56
2022-08-27T06:00+02:00,402.27,23361.89216,13591.38334,40483.3325,89.56
2022-08-27T07:00+02:00,1370.4225,23029.36733,14877.31537,42728.8825,89.56
2022-08-27T08:00+02:00,1305.835,23440.3667,16901.08009,46027.6475,89.56
2022-08-27T09:00+02:00,948.375,23557.40557,19122.8386,48776.6825,89.56
2022-08-27T10:00+02:00,354.3075,23314.84587,21374.96977,50794.5525,89.56
2022-08-27T11:00+02:00,-168.8775,22842.25563,24190.86381,51938.245,89.56
2022-08-27T12:00+02:00,-3145.15,22742.35104,26945.33827,51822.9575,89.56
2022-08-27T13:00+02:00,-3906.83,22181.8144,28203.59065,50581.2475,89.56
2022-08-27T14:00+02:00,-5724.73,22045.50999,28883.41768,49617.3125,89.56
2022-08-27T15:00+02:00,-6129.945,22284.28459,28677.70927,48992.33,89.56
2022-08-27T16:00+02:00,-5494.1325,22803.09416,27656.07158,48317.51,89.56
2022-08-27T17:00+02:00,-5536.8275,23315.79175,25601.86062,48213.5225,89.56
2022-08-27T18:00+02:00,-4077.3925,23810.93987,22323.64563,47875.3225,89.56
2022-08-27T19:00+02:00,-4442.48,24103.06074,20077.52691,46991.93,89.56
2022-08-27T20:00+02:00,-4618.7375,24142.14073,18583.96773,45933.9825,89.56
2022-08-27T21:00+02:00,-4289.3325,23545.25034,18112.25991,44629.3925,89.56
2022-08-27T22:00+02:00,-3859.53,22708.60548,17823.12171,42356.1075,89.56
2022-08-27T23:00+02:00,-4360.735,22459.99603,17968.53883,40300.3875,89.56
2022-08-28T00:00+02:00,-4405.8425,22103.84526,18005.22146,38492.68,89.56
2022-08-28T01:00+02:00,-5457.1275,21877.54247,18388.7293,36979.2175,89.56
2022-08-28T02:00+02:00,-5576.73,21772.64849,18155.19366,36094.3975,89.56
2022-08-28T03:00+02:00,-6253.47,21658.46223,18428.20452,35770.9675,89.56
2022-08-28T04:00+02:00,-6058.8525,21404.50867,18678.86874,35355.9525,89.56
2022-08-28T05:00+02:00,-5762.1875,21288.56315,18905.05591,35980.8925,89.56
2022-08-28T06:00+02:00,-5883.3325,20615.39887,19653.24056,36892.2775,89.56
2022-08-28T07:00+02:00,-5307.135,20241.50824,21192.57947,38221.2725,89.56
2022-08-28T08:00+02:00,-5847.0175,20123.15671,24124.51264,40592.855,89.56
2022-08-28T09:00+02:00,-6787.2975,19710.40178,29442.7212,43623.745,89.56
2022-08-28T10:00+02:00,-8079.755,19550.60607,35470.85599,46334.505,89.56
2022-08-28T11:00+02:00,-8987.145,18389.13721,39656.47117,48462.185,89.56
2022-08-28T12:00+02:00,-10171.55,16298.59588,42201.6015,48174.8925,89.56
2022-08-28T13:00+02:00,-10146.2875,14189.5927,43082.96107,46633.6525,89.56
2022-08-28T14:00+02:00,-11120.4275,13731.67294,42675.10072,45374.3275,89.56
2022-08-28T15:00+02:00,-11142.9875,13902.28055,41817.94993,44931.865,89.56
2022-08-28T16:00+02:00,-10782.125,16525.51854,38220.10937,44968.64,89.56
2022-08-28T17:00+02:00,-11107.3225,20397.07045,33492.58467,45959.83,89.56
2022-08-28T18:00+02:00,-6748.2575,21501.79928,26023.8405,46638.005,89.56
2022-08-28T19:00+02:00,-2802.6025,22074.78613,20174.48489,45948.015,89.56
2022-08-28T20:00+02:00,-1666.5275,22291.29829,17908.31846,46161.5625,89.56
2022-08-28T21:00+02:00,-507.22,22279.42839,17968.59614,45185.32,89.56
2022-08-28T22:00+02:00,-533.6175,22167.83905,18877.08598,43876.0575,89.56
2022-08-28T23:00+02:00,-2637.6375,21982.83597,18584.1115,41939.9775,89.56
2022-08-29T00:00+02:00,-2036.82,21875.9019,17909.1343,39747.55,89.56
2022-08-29T01:00+02:00,-2583.395,21984.42352,17096.25,38549.4275,89.56
2022-08-29T02:00+02:00,-2052.5375,22230.808,15728.74174,38175.2075,89.56
2022-08-29T03:00+02:00,-1327.8425,22408.27633,14891.04048,38168.5125,89.56
2022-08-29T04:00+02:00,958.425,22758.35483,14240.91642,39115.6175,89.56
2022-08-29T05:00+02:00,1899.525,23748.64437,14528.54859,42899.3125,89.56
2022-08-29T06:00+02:00,4996.9075,25207.43252,14980.79855,49710.7625,89.56
2022-08-29T07:00+02:00,5155.1625,25848.42664,17118.34837,54423.6575,89.56
2022-08-29T08:00+02:00,3094.18,25784.75691,21393.71446,57581.0875,89.56
2022-08-29T09:00+02:00,522.0775,25216.91587,27100.6413,58508.835,89.56
2022-08-29T10:00+02:00,-3342.0525,24709.82893,32089.71284,59707.385,89.56
2022-08-29T11:00+02:00,-4407.605,24782.20792,35545.20963,60301.825,89.56
2022-08-29T12:00+02:00,-4853.9325,24729.07596,37342.37478,60264.475,89.56
2022-08-29T13:00+02:00,-4935.295,24790.12839,37655.91083,59708.44,89.56
2022-08-29T14:00+02:00,-5729.5325,25058.77203,36610.99127,58832.06,89.56
2022-08-29T15:00+02:00,-5661.8375,25336.60852,33579.66569,57407.84,89.56
2022-08-29T16:00+02:00,-3110.17,25956.55589,29623.65402,56576.3425,89.56
2022-08-29T17:00+02:00,-484.0025,27317.60987,23733.58748,56440.825,89.56
2022-08-29T18:00+02:00,2823.685,28157.33557,16977.1278,56480.2425,89.56
2022-08-29T19:00+02:00,5250.3925,28645.36627,12495.81591,56009.8,89.56
2022-08-29T20:00+02:00,3923.77,28728.69508,11809.06768,54793.5675,89.56
2022-08-29T21:00+02:00,2598.0525,28739.83049,12872.81607,52239.0575,89.56
2022-08-29T22:00+02:00,1100.0225,28123.0413,13197.95908,48313.365,89.56
2022-08-29T23:00+02:00,-353.545,27457.14359,13006.49719,44712.8875,89.56
2022-08-30T00:00+02:00,250.925,26615.54751,12488.58138,42199.9975,89.56
2022-08-30T01:00+02:00,-232.315,26836.11426,11873.11119,41105.3075,89.56
2022-08-30T02:00+02:00,21.445,26872.14036,11193.28392,40454.465,89.56
2022-08-30T03:00+02:00,1409.7,26819.34618,10547.37308,40489.025,89.56
2022-08-30T04:00+02:00,1926.3225,26861.27588,10172.42374,41403.46,89.56
2022-08-30T05:00+02:00,3398.2375,27055.77178,10318.67872,44322.675,89.56
2022-08-30T06:00+02:00,5844.7675,27962.04353,11320.03856,50940.325,89.56
2022-08-30T07:00+02:00,5116.5925,28638.43985,14264.58417,55076.2475,89.56
2022-08-30T08:00+02:00,1860.165,28510.13235,19741.26249,58161.7575,89.56
2022-08-30T09:00+02:00,-2690.03,28340.47422,26065.63805,59119.5625,89.56
2022-08-30T10:00+02:00,-5034.125,27272.37815,32141.92515,60212.1925,89.56
2022-08-30T11:00+02:00,-6153.8475,25923.95665,37110.27213,61369.01,89.56
2022-08-30T12:00+02:00,-6893.7775,25723.81093,39690.60367,61514.55,89.56
2022-08-30T13:00+02:00,-7409.4075,25602.35569,39935.01873,60879.98,89.56
2022-08-30T14:00+02:00,-6689.205,25645.66717,37897.75349,59635.76,89.56
2022-08-30T15:00+02:00,-6237.37,26052.01237,34996.35814,58271.8925,89.56
2022-08-30T16:00+02:00,-4878.98,26998.99555,30749.63992,57172.1925,89.56
2022-08-30T17:00+02:00,-1943.3975,28026.65758,25855.55171,57152.695,89.56
2022-08-30T18:00+02:00,330.355,28721.22154,20820.15274,57062.58,89.56
2022-08-30T19:00+02:00,706.4725,28658.80741,17859.58401,56347.875,89.56
2022-08-30T20:00+02:00,1026.715,27931.13095,18517.90023,56198.1775,89.56
2022-08-30T21:00+02:00,-768.0525,27368.71189,20621.95852,53272.4175,89.56
2022-08-30T22:00+02:00,-3133.6525,26643.81591,21011.18466,49480.97,89.56
2022-08-30T23:00+02:00,-4188.7225,25937.81792,20006.08002,46343.5,89.56
2022-08-31T00:00+02:00,-4781.4275,28806.14154,18138.14019,43431.1,89.56
2022-08-31T01:00+02:00,-3184.6075,28416.07594,16419.78351,41985.41,89.56
2022-08-31T02:00+02:00,-1604.29,28392.66446,15169.03785,41185.2975,89.56
2022-08-31T03:00+02:00,-847.66,28249.52855,14407.81964,41192.9975,89.56
2022-08-31T04:00+02:00,-692.095,28733.36347,14503.29982,42330.1925,89.56
2022-08-31T05:00+02:00,353.4525,29976.84908,14798.15597,45214.6525,89.56
2022-08-31T06:00+02:00,1736.03,33655.48625,15642.24217,51854.9825,89.56
2022-08-31T07:00+02:00,1536.07,34286.72215,17384.75295,56174.9875,89.56
2022-08-31T08:00+02:00,1105.1025,34146.50758,19137.969,59304.2125,89.56
2022-08-31T09:00+02:00,670.675,34131.52624,22136.38337,60460.3575,89.56
2022-08-31T10:00+02:00,-608.1525,33541.89409,27606.80759,62063.265,89.56
2022-08-31T11:00+02:00,-2690.4725,33004.58868,31512.70299,63261.07,89.56
2022-08-31T12:00+02:00,-4108.2575,32293.05424,32726.52123,62598.1075,89.56
2022-08-31T13:00+02:00,-3887.4775,31512.87994,31939.89885,61113.885,89.56
2022-08-31T14:00+02:00,-3672.9025,30958.60932,31562.17267,59268.4525,89.56
2022-08-31T15:00+02:00,-4155.47,31511.46727,30300.7115,58699.4175,89.56
2022-08-31T16:00+02:00,-3686.8775,31858.60396,27996.11036,57703.0125,89.56
2022-08-31T17:00+02:00,-1933.4425,32334.45848,25050.23076,57999.715,89.56
2022-08-31T18:00+02:00,-271.0675,32644.35917,20963.84896,57666.435,89.56
2022-08-31T19:00+02:00,663.7925,32976.94822,17247.25167,57036.2775,89.56
2022-08-31T20:00+02:00,490.4325,33291.63876,16838.70526,56084.955,89.56
2022-08-31T21:00+02:00,-1201.165,34097.74417,18413.05535,53510.9025,89.56
2022-08-31T22:00+02:00,-3812.715,33017.55844,19474.61062,50035.2875,89.56
2022-08-31T23:00+02:00,-5400.805,29629.76336,19720.31468,46126.9725,89.56
2022-09-01T00:00+02:00,-4756.945,25578.52466,19148.00146,43322.0375,89.56
2022-09-01T01:00+02:00,-3176.4725,24625.2,17744.49111,41827.96,89.56
2022-09-01T02:00+02:00,-2937.835,24744.13927,16745.57924,40757.385,89.56
2022-09-01T03:00+02:00,-1940.46,24766.90984,15543.34465,40841.3575,89.56
2022-09-01T04:00+02:00,-1059.6725,24993.11455,14636.71924,41750.7975,89.56
2022-09-01T05:00+02:00,805.8425,25984.58218,13933.75754,44796.4175,89.56
2022-09-01T06:00+02:00,2543.1775,27677.5902,14245.05096,51079.4575,89.56
2022-09-01T07:00+02:00,2315.97,28024.33962,16525.05965,55539.675,89.56
2022-09-01T08:00+02:00,-213.2075,28233.28664,20431.79926,58356.185,89.56
2022-09-01T09:00+02:00,-3623.7075,28033.02075,26304.57468,59518.3225,89.56
2022-09-01T10:00+02:00,-6874.2125,27613.13276,32431.50994,60778.3,89.56
2022-09-01T11:00+02:00,-8383.4225,27033.24597,36519.98012,61495.96,89.56
2022-09-01T12:00+02:00,-7966.33,25775.21626,37455.10164,61705.01,89.56
2022-09-01T13:00+02:00,-7880.1425,25677.92799,36933.19902,60060.4925,89.56
2022-09-01T14:00+02:00,-7113.7025,25707.66255,35695.57152,59163.01,89.56
2022-09-01T15:00+02:00,-6865.85,26274.15234,33262.22057,57843.0475,89.56
2022-09-01T16:00+02:00,-6022.23,27137.88455,30289.32778,56770.2925,89.56
2022-09-01T17:00+02:00,-3066.6875,28272.20892,25459.11628,56733.655,89.56
2022-09-01T18:00+02:00,-269.845,29009.42983,19504.54354,56781.44,89.56
2022-09-01T19:00+02:00,1237.325,29133.7498,15010.84018,56617.5625,89.56
2022-09-01T20:00+02:00,-105.1725,29278.45082,16042.45999,56044.23,89.56
2022-09-01T21:00+02:00,-3015.5125,28939.58239,19460.67002,53260.88,89.56
2022-09-01T22:00+02:00,-5301.4125,27111.70037,20763.74746,49773.215,89.56
2022-09-01T23:00+02:00,-7071.865,25487.18517,21054.14112,45937.19,89.56
2022-09-02T00:00+02:00,-7114.26,25040.05709,20768.37444,43730.0875,89.56
2022-09-02T01:00+02:00,-7472.98,24870.55112,20172.66713,41993.9525,89.56
2022-09-02T02:00+02:00,-6914.67,24622.91075,19532.74373,40943.9025,89.56
2022-09-02T03:00+02:00,-6201.9175,24742.74066,18259.06127,41086.2225,89.56
2022-09-02T04:00+02:00,-4561.5575,25023.59588,17286.5271,42048.95,89.56
2022-09-02T05:00+02:00,-3782.665,26578.40087,16787.6257,45602.285,89.56
2022-09-02T06:00+02:00,-1668.9625,28530.77514,17231.92285,51948.8425,89.56
2022-09-02T07:00+02:00,-2020.5775,29140.18166,19727.31175,56291.67,89.56
2022-09-02T08:00+02:00,-4476.94,28994.1314,24447.90636,58949.1075,89.56
2022-09-02T09:00+02:00,-7964.685,28384.95847,31015.71662,60121.415,89.56
2022-09-02T10:00+02:00,-10684.5275,27027.65257,39707.03896,62096.225,89.56
2022-09-02T11:00+02:00,-11678.8725,24201.79591,47342.17532,62481.59,81.1975
2022-09-02T12:00+02:00,-11705.7125,22632.62374,50493.81961,62499.935,78.41
2022-09-02T13:00+02:00,-12400.4175,21854.32899,49199.29721,61115.505,78.41
2022-09-02T14:00+02:00,-11505.94,22131.24087,47121.87955,59563.0975,78.41
2022-09-02T15:00+02:00,-11055.5825,22993.27513,43827.66879,57969.23,78.41
2022-09-02T16:00+02:00,-10635.475,23834.88206,38974.2072,56250.5375,78.41
2022-09-02T17:00+02:00,-8509.3575,25085.51748,33092.47099,56353.415,78.41
2022-09-02T18:00+02:00,-6466.6625,26847.74726,26944.48619,55831.24,78.41
2022-09-02T19:00+02:00,-4754.015,27293.73002,23507.94972,55697.37,78.41
2022-09-02T20:00+02:00,-6670.3975,27122.37027,25984.81281,55600.4025,78.41
2022-09-02T21:00+02:00,-8618.8875,25454.7802,29864.94896,53398.075,78.41
2022-09-02T22:00+02:00,-9764.0475,23389.05473,31021.05939,50844.6275,78.41
2022-09-02T23:00+02:00,-9939.585,21184.90408,30856.59041,47973.645,78.41
2022-09-03T00:00+02:00,-9372.41,19778.05262,29902.4566,44369.5275,78.41
2022-09-03T01:00+02:00,-8853.66,19134.57198,29032.87637,42854.685,78.41
2022-09-03T02:00+02:00,-9317.0225,18956.61793,27940.83671,41229.27,78.41
2022-09-03T03:00+02:00,-8243.7275,18975.29298,26940.07214,40990.8525,78.41
2022-09-03T04:00+02:00,-7359.465,18990.27737,25787.67397,40585.46,78.41
2022-09-03T05:00+02:00,-7958.16,19173.81089,25244.12893,40658.0275,78.41
2022-09-03T06:00+02:00,-7784.6375,19253.75453,25667.06928,42281.8625,78.41
2022-09-03T07:00+02:00,-8434.2875,19236.09742,26653.1522,44450.765,78.41
2022-09-03T08:00+02:00,-8802.545,19252.67625,28960.16523,47603.8525,78.41
2022-09-03T09:00+02:00,-8413.8475,18782.60587,33413.73013,49884.635,78.41
2022-09-03T10:00+02:00,-8849.575,17779.98221,40375.65445,52281.935,78.41
2022-09-03T11:00+02:00,-9543.205,15012.07081,47788.13529,54005.72,78.41
2022-09-03T12:00+02:00,-9861.6925,12228.85166,48710.83053,52658.2175,78.41
2022-09-03T13:00+02:00,-10928.8075,11865.75212,46291.91259,50763.4175,78.41
2022-09-03T14:00+02:00,-10664.655,12561.35969,42994.02096,49933.6875,78.41
2022-09-03T15:00+02:00,-10739.2225,16281.07635,38809.86164,49069.17,78.41
2022-09-03T16:00+02:00,-9739.195,17964.45533,34787.90141,48481.895,78.41
2022-09-03T17:00+02:00,-7755.92,19151.86079,31433.38041,49004.69,78.41
2022-09-03T18:00+02:00,-6302.68,20366.48621,26320.9428,49528.5625,78.41
2022-09-03T19:00+02:00,-4639.4275,20571.09125,22881.89249,49156.385,78.41
2022-09-03T20:00+02:00,-6367.72,20792.47666,24016.95814,48580.55,78.41
2022-09-03T21:00+02:00,-6865.2775,20304.9611,25774.53164,46388.3575,78.41
2022-09-03T22:00+02:00,-7859.1175,19876.1595,25666.04373,44225.6175,78.41
2022-09-03T23:00+02:00,-8382.32,19697.82477,24964.87771,41921.1675,78.41
2022-09-04T00:00+02:00,-9001.84,19499.72838,23948.45406,39671.855,78.41
2022-09-04T01:00+02:00,-7966.425,18898.00454,22794.6879,37887.63,78.41
2022-09-04T02:00+02:00,-7763.7,18910.80564,22175.63948,37089.04,78.41
2022-09-04T03:00+02:00,-7052.875,19157.58063,20768.2916,36291.235,78.41
2022-09-04T04:00+02:00,-7091.7325,19358.70091,19496.84728,36092.275,78.41
2022-09-04T05:00+02:00,-6780.73,19629.47035,18575.56661,36345.4275,78.41
2022-09-04T06:00+02:00,-5714.0625,19990.95571,18293.53673,37029.9625,78.41
2022-09-04T07:00+02:00,-5824.5,20027.9484,19166.74453,38525.8,78.41
2022-09-04T08:00+02:00,-5859.4125,19706.69445,22372.79212,41488.56,78.41
2022-09-04T09:00+02:00,-8187.9375,20001.52929,28369.69061,44440.285,78.41
2022-09-04T10:00+02:00,-10315.645,18903.74833,35634.11221,47139.97,78.41
2022-09-04T11:00+02:00,-9637.32,16155.60327,40736.11411,48980.9675,78.41
2022-09-04T12:00+02:00,-9835.065,12779.0903,43433.68431,49000.9225,78.41
2022-09-04T13:00+02:00,-10382.4225,12008.28689,43124.87129,47559.7825,78.41
2022-09-04T14:00+02:00,-10655.5575,13429.90356,40696.80078,46017.0925,78.41
2022-09-04T15:00+02:00,-9764.005,16833.82284,36684.32823,45190.0525,78.41
2022-09-04T16:00+02:00,-10251.47,19682.26753,31400.61101,44640.6925,78.41
2022-09-04T17:00+02:00,-7428.4575,21966.64197,25473.97287,45339.99,78.41
2022-09-04T18:00+02:00,-2198.75,23151.56164,19827.65326,46718.855,78.41
2022-09-04T19:00+02:00,-2281.69,23727.25406,17428.7099,47378.7275,78.41
2022-09-04T20:00+02:00,-3963.02,23698.58595,20307.53783,48690.51,78.41
2022-09-04T21:00+02:00,-6458.695,23843.1938,22961.27836,47420.1525,78.41
2022-09-04T22:00+02:00,-7649.7,23995.20942,23720.30532,46115.8,78.41
2022-09-04T23:00+02:00,-7969.44,22703.72131,23864.51972,43686.5875,78.41
2022-09-05T00:00+02:00,-5540.505,21706.20015,22684.2663,41807.755,78.41
2022-09-05T01:00+02:00,-4705.5825,21377.22346,21746.74755,40594.0175,78.41
2022-09-05T02:00+02:00,-4325.445,21415.2829,21000.85976,39939.105,78.41
2022-09-05T03:00+02:00,-3047.8675,21702.47252,20049.31937,40159.2775,78.41
2022-09-05T04:00+02:00,-3001.0875,22733.71604,19356.20302,40603.545,78.41
2022-09-05T05:00+02:00,-3991.73,24343.74371,18989.43268,44030.83,78.41
2022-09-05T06:00+02:00,-711.93,25692.99303,18962.91075,51615.33,78.41
2022-09-05T07:00+02:00,-420.3325,26836.13189,20503.80806,56250.2525,78.41
2022-09-05T08:00+02:00,-1637.56,26635.36219,24724.03309,58937.6375,78.41
2022-09-05T09:00+02:00,-4822.5175,26297.76565,31035.32031,60108.595,78.41
2022-09-05T10:00+02:00,-8254.6675,25496.0062,38107.56129,61827.1475,78.41
2022-09-05T11:00+02:00,-10243.8375,24490.39254,44347.38302,63626.26,78.41
2022-09-05T12:00+02:00,-10329.1525,23039.60501,48279.09479,64018.8025,78.41
2022-09-05T13:00+02:00,-10416.2075,22509.91646,47897.54504,63449.9325,78.41
2022-09-05T14:00+02:00,-10681.8525,23122.64508,45863.55849,62571.105,78.41
2022-09-05T15:00+02:00,-11209.645,24269.09675,41975.87411,61679.275,78.41
2022-09-05T16:00+02:00,-9506.77,25139.35758,37409.01012,60438.525,78.41
2022-09-05T17:00+02:00,-6079.0875,27005.61767,32266.45169,60251.8075,78.41
2022-09-05T18:00+02:00,-4227.1225,28063.27361,27009.65449,60246.58,78.41
2022-09-05T19:00+02:00,-3293.945,28601.6869,24440.48782,60201.37,78.41
2022-09-05T20:00+02:00,-5547.55,28233.4143,25951.67798,60114.455,78.41
2022-09-05T21:00+02:00,-5856.89,27448.58107,27341.04231,57066.765,78.41
2022-09-05T22:00+02:00,-6968.17,26677.72637,26921.72547,53108.69,78.41
2022-09-05T23:00+02:00,-6697.4025,25401.24236,26609.19946,49876.965,78.41
2022-09-06T00:00+02:00,-6424.7,23905.32588,25929.47292,46655.6675,78.41
2022-09-06T01:00+02:00,-7414.7675,23705.84603,26246.76004,44596.245,78.41
2022-09-06T02:00+02:00,-6639.9525,23600.0368,26220.15708,43634.1525,78.41
2022-09-06T03:00+02:00,-6119.485,23168.79537,25973.57542,43719.25,78.41
2022-09-06T04:00+02:00,-5513.1425,23232.64786,24735.64849,44839.1275,78.41
2022-09-06T05:00+02:00,-4325.285,24488.95054,23795.61094,48068.39,78.41
2022-09-06T06:00+02:00,-1354.0225,26241.72504,24121.00107,54675.635,78.41
2022-09-06T07:00+02:00,-2719.36,26846.62883,25117.83276,58566.1775,78.41
2022-09-06T08:00+02:00,-2973.2275,27090.23952,27361.13782,60933.665,78.41
2022-09-06T09:00+02:00,-4174.425,26938.30735,31421.32543,61806.355,78.41
2022-09-06T10:00+02:00,-5567.1225,25148.30348,37208.62194,63320.525,78.41
2022-09-06T11:00+02:00,-6869.5425,23541.51977,42353.12207,64755.07,78.41
2022-09-06T12:00+02:00,-7101.245,23183.78405,45019.99205,64562.225,78.41
2022-09-06T13:00+02:00,-6875.9475,23440.39951,45054.88361,63769.2675,78.41
2022-09-06T14:00+02:00,-6993.015,23483.13916,42848.44151,63083.6225,78.41
2022-09-06T15:00+02:00,-6880.7825,24185.58748,38833.45444,61706.505,78.41
2022-09-06T16:00+02:00,-5051.645,25264.0187,33927.25178,59787.1225,78.41
2022-09-06T17:00+02:00,-3593.335,27404.51936,28584.19982,58730.0925,78.41
2022-09-06T18:00+02:00,-1307.8375,28238.31726,23299.12885,59202.76,78.41
2022-09-06T19:00+02:00,-370.8775,28780.92116,20440.03547,58933.8575,78.41
2022-09-06T20:00+02:00,-1675.81,28987.73012,21075.38331,57914.2475,78.41
2022-09-06T21:00+02:00,-3460.3675,28829.86023,21697.12759,54596.725,78.41
2022-09-06T22:00+02:00,-5089.63,27935.35277,21538.77859,50708.05,78.41
2022-09-06T23:00+02:00,-4171.7325,25090.05478,21371.78338,47004.79,78.41
2022-09-07T00:00+02:00,-5251.465,24495.75201,21410.87099,45145.415,78.41
2022-09-07T01:00+02:00,-2851.63,23907.57085,19688.32335,44092.2175,78.41
2022-09-07T02:00+02:00,-1873.19,23883.81314,18144.36222,43146.9025,78.41
2022-09-07T03:00+02:00,-341.585,23902.26517,17481.41365,42642.2325,78.41
2022-09-07T04:00+02:00,-300.02,24322.30135,16351.08427,43558.015,78.41
2022-09-07T05:00+02:00,741.0425,25931.90937,15220.54078,46940.4225,78.41
2022-09-07T06:00+02:00,2318.43,28518.38461,15315.90934,53301.37,78.41
2022-09-07T07:00+02:00,3888.8575,28836.35543,16731.01112,57292.535,78.41
2022-09-07T08:00+02:00,3363.1525,29073.55891,19788.04948,59807.9525,78.41
2022-09-07T09:00+02:00,1659.44,28574.39235,23996.0898,61366.3025,78.41
2022-09-07T10:00+02:00,-656.135,27636.69446,29902.88266,62567.81,78.41
2022-09-07T11:00+02:00,-1978.5275,27057.04394,34417.16337,64078.765,78.41
2022-09-07T12:00+02:00,-2936.4625,26193.76475,36668.78,64109.845,78.41
2022-09-07T13:00+02:00,-3244.6775,26075.07113,36799.89968,63300.725,78.41
2022-09-07T14:00+02:00,-3312.78,26327.85232,35060.1654,62207.575,78.41
2022-09-07T15:00+02:00,-2954.1775,27587.76802,30556.43191,60800.23,78.41
2022-09-07T16:00+02:00,-1135.415,29044.88621,25690.68518,59770.44,78.41
2022-09-07T17:00+02:00,2518.1775,29559.10257,19807.27841,59431.645,78.41
2022-09-07T18:00+02:00,5036.005,29885.7366,14487.29239,59304.6175,78.41
2022-09-07T19:00+02:00,6289.1075,30081.21844,12105.23192,59176.7025,78.41
2022-09-07T20:00+02:00,6023.7625,30063.47939,11991.00464,58657.9825,78.41
2022-09-07T21:00+02:00,4435.37,29981.38804,11928.30116,55192.4775,78.41
2022-09-07T22:00+02:00,2510.0475,29953.38002,11504.6404,51115.6975,78.41
2022-09-07T23:00+02:00,1047.9,29043.82334,11557.76304,47417.1375,78.41
2022-09-08T00:00+02:00,2040.1725,26030.31119,12094.90183,44769.295,78.41
2022-09-08T01:00+02:00,1804.4375,25069.90189,12870.85102,43536.9875,78.41
2022-09-08T02:00+02:00,1875.9075,25045.235,13374.05845,43038.09,78.41
2022-09-08T03:00+02:00,2376.2775,24696.49205,14154.79556,42856.7525,78.41
2022-09-08T04:00+02:00,2598.0225,24677.60193,14788.25692,44167.825,78.41
2022-09-08T05:00+02:00,2616.3125,25770.52544,15471.82869,47774.2675,78.41
2022-09-08T06:00+02:00,3409.4325,28285.60262,17591.46005,54569.575,78.41
2022-09-08T07:00+02:00,3692.0025,29594.38939,20204.70596,59485.99,78.41
2022-09-08T08:00+02:00,2317.3525,30032.73249,22469.16127,62375.0125,78.41
2022-09-08T09:00+02:00,1454.4175,29592.64364,24594.54422,63635.9075,78.41
2022-09-08T10:00+02:00,1525.2475,29258.44496,27536.7068,64592.8575,78.41
2022-09-08T11:00+02:00,2723.2375,27778.50226,30145.96623,66093.045,78.41
2022-09-08T12:00+02:00,254.5975,27389.50604,31992.59759,64885.225,78.41
2022-09-08T13:00+02:00,-419.705,25969.2511,34109.67529,63807.35,78.41
2022-09-08T14:00+02:00,-2005.17,25016.21323,35238.8345,63185.415,78.41
2022-09-08T15:00+02:00,-3355.885,25030.14939,35127.63012,62134.4025,78.41
2022-09-08T16:00+02:00,-3931.6125,26098.77238,33260.11845,60762.6625,78.41
2022-09-08T17:00+02:00,-2663.5675,27921.77617,28287.07054,60681.2175,78.41
2022-09-08T18:00+02:00,1544.0375,28663.96965,21870.23005,59671.7775,78.41
2022-09-08T19:00+02:00,2477.6325,28879.75973,17562.63816,59020.6625,78.41
2022-09-08T20:00+02:00,2608.71,28814.30949,17141.03495,58197.29,78.41
2022-09-08T21:00+02:00,1165.0025,28733.6271,17262.41255,54887.685,78.41
2022-09-08T22:00+02:00,-478.6175,27412.95999,17055.54378,50995.725,78.41
2022-09-08T23:00+02:00,-1308.0025,25308.06949,17025.77196,46978.9225,78.41
2022-09-09T00:00+02:00,-1007.3325,24311.71921,16701.82129,44899.5125,78.41
2022-09-09T01:00+02:00,348.685,23670.79956,16851.74162,43751.8375,78.41
2022-09-09T02:00+02:00,359.9675,23719.79402,16701.67159,42882.0725,78.41
2022-09-09T03:00+02:00,922.7425,23620.15923,16523.33079,42019.4075,78.41
2022-09-09T04:00+02:00,1632.3,23705.51647,16377.79532,42758.515,78.41
2022-09-09T05:00+02:00,1834.4375,24682.16604,16518.98148,45965.7025,78.41
2022-09-09T06:00+02:00,4796.4875,26133.07625,16769.70574,52702.4,78.41
2022-09-09T07:00+02:00,4385.5,27052.87071,18093.40265,57039.8725,78.41
2022-09-09T08:00+02:00,2053.7775,27093.8406,20860.55744,59925.6475,78.41
2022-09-09T09:00+02:00,233.405,26868.04468,24664.25851,60816.8475,78.41
2022-09-09T10:00+02:00,-1609.0675,25878.30053,30379.38444,61948.3825,78.41
2022-09-09T11:00+02:00,-3724.04,25180.35171,35323.1224,62790.125,68.51
2022-09-09T12:00+02:00,-6402.165,24762.83119,37940.41657,62442.045,65.21
2022-09-09T13:00+02:00,-6734.285,24576.17255,37667.61781,60683.2875,65.21
2022-09-09T14:00+02:00,-5682.4975,24455.93516,36673.78444,59332.1725,65.21
2022-09-09T15:00+02:00,-3890.1375,24325.69374,33800.11704,58381.3675,65.21
2022-09-09T16:00+02:00,-1980.1025,25035.39803,28451.66498,57749.2775,65.21
2022-09-09T17:00+02:00,-243.9675,27143.39681,23121.65256,57571.2525,65.21
2022-09-09T18:00+02:00,3192.355,27789.05749,18969.52661,56939.7075,65.21
2022-09-09T19:00+02:00,3312.585,28456.49362,16688.28549,55856.225,65.21
2022-09-09T20:00+02:00,1552.82,28542.46617,16492.77995,54980.7625,65.21
2022-09-09T21:00+02:00,69.7525,27015.86045,17227.88862,51624.69,65.21
2022-09-09T22:00+02:00,-1644.67,26139.17721,17228.52135,47934.9325,65.21
2022-09-09T23:00+02:00,-2191.415,24465.72063,17392.30613,44515,65.21
2022-09-10T00:00+02:00,-1928.4325,23006.27723,16576.21271,42224.69,65.21
2022-09-10T01:00+02:00,-1640.725,22254.50012,15232.22274,40718.785,65.21
2022-09-10T02:00+02:00,-998.9425,22190.71482,14976.12249,39480.7825,65.21
2022-09-10T03:00+02:00,-734.235,22077.47522,14403.17888,38921.9525,65.21
2022-09-10T04:00+02:00,-140.765,22154.75581,13903.74208,39104.8375,65.21
2022-09-10T05:00+02:00,453.035,22262.06114,13528.34996,39739.7225,65.21
2022-09-10T06:00+02:00,1347.2275,22432.24989,13562.08676,41380.1125,65.21
2022-09-10T07:00+02:00,1998.6825,22395.69036,14508.60693,43429.9,65.21
2022-09-10T08:00+02:00,2039.1575,22496.87088,17083.35763,46715.25,65.21
2022-09-10T09:00+02:00,666.5175,22561.28854,20714.91712,49285.775,65.21
2022-09-10T10:00+02:00,-1000.1125,22361.49858,24376.47363,51112.3575,65.21
2022-09-10T11:00+02:00,-3231.06,22203.23904,27019.59877,51939.1875,65.21
2022-09-10T12:00+02:00,-4375.6425,22280.49075,29358.18889,51495.39,65.21
2022-09-10T13:00+02:00,-4234.36,21887.17544,30065.24903,50448.8375,65.21
2022-09-10T14:00+02:00,-4876.23,21923.44178,28617.74759,49065.94,65.21
2022-09-10T15:00+02:00,-4401.5975,22371.6792,26105.753,47951.145,65.21
2022-09-10T16:00+02:00,-2887.05,22664.42736,22803.28679,47425.1575,65.21
2022-09-10T17:00+02:00,-257.18,23744.19328,19161.64128,48199.71,65.21
2022-09-10T18:00+02:00,774.625,24801.06177,15640.97437,48710.5525,65.21
2022-09-10T19:00+02:00,806.7125,24925.06069,14067.58167,48216.96,65.21
2022-09-10T20:00+02:00,-47.65,24942.96779,13427.03979,47612.135,65.21
2022-09-10T21:00+02:00,-1171.25,24818.4969,13522.62403,44695.7925,65.21
2022-09-10T22:00+02:00,-1537.2625,24069.75915,13456.7694,42368.905,65.21
2022-09-10T23:00+02:00,-1985.0075,23454.3166,12739.69253,39974.72,65.21
2022-09-11T00:00+02:00,-1877.93,22565.93838,12294.40452,37763.55,65.21
2022-09-11T01:00+02:00,-2632.8675,22321.91665,11906.75853,36075.425,65.21
2022-09-11T02:00+02:00,-2687.2375,22161.6901,11660.73098,34906.0525,65.21
2022-09-11T03:00+02:00,-1850.87,22388.61268,11016.35536,34903.915,65.21
2022-09-11T04:00+02:00,-1524.0775,22393.56171,10636.41956,34606.905,65.21
2022-09-11T05:00+02:00,-1352.94,22365.05837,10610.19905,35120.36,65.21
2022-09-11T06:00+02:00,-752.56,22350.23885,10621.90349,35990.745,65.21
2022-09-11T07:00+02:00,-83.8575,22420.22412,11118.17566,37528.7825,65.21
2022-09-11T08:00+02:00,674.4,22347.18318,12778.35719,40410.7425,65.21
2022-09-11T09:00+02:00,122.125,22114.53004,15257.09424,43500.605,65.21
2022-09-11T10:00+02:00,-1514.3325,21941.49024,18345.50498,45714.515,65.21
2022-09-11T11:00+02:00,-1993.94,21926.90153,21938.11644,47612.075,65.21
2022-09-11T12:00+02:00,-4088.9575,21842.12785,25484.45074,47499.6225,65.21
2022-09-11T13:00+02:00,-5116.48,21321.04879,27652.33531,45857.7975,65.21
2022-09-11T14:00+02:00,-5789.985,20771.59614,28627.59643,44591.7375,65.21
2022-09-11T15:00+02:00,-6549.6075,21242.67752,27273.56542,43878.7975,65.21
2022-09-11T16:00+02:00,-5062.165,21904.57405,23712.21931,43681.1675,65.21
2022-09-11T17:00+02:00,-2091.0325,23514.29647,18339.26089,44409.08,65.21
2022-09-11T18:00+02:00,2176.7225,25528.21356,12502.00796,45998.775,65.21
2022-09-11T19:00+02:00,3120.4275,26431.11303,8890.053153,46550.3025,65.21
2022-09-11T20:00+02:00,3118.4225,26634.46432,8384.268734,47048.315,65.21
2022-09-11T21:00+02:00,3510.265,25892.91965,8298.909479,45189.1875,65.21
2022-09-11T22:00+02:00,3157.0125,24843.76535,8177.022019,43477.4025,65.21
2022-09-11T23:00+02:00,3309.4625,24009.73576,8105.887708,40852.855,65.21
2022-09-12T00:00+02:00,3988.54,23458.31933,7907.857424,38548.625,65.21
2022-09-12T01:00+02:00,4821.115,23394.26092,7803.688696,37687.2625,65.21
2022-09-12T02:00+02:00,4259.3675,23715.07055,7895.82691,36930.1375,65.21
2022-09-12T03:00+02:00,4550.3625,23782.67845,8171.550709,37220.2725,65.21
2022-09-12T04:00+02:00,3953.5,24719.55717,8539.979495,38292.4675,65.21
2022-09-12T05:00+02:00,3617.395,25549.10373,9024.043928,42322.395,65.21
2022-09-12T06:00+02:00,7364.215,26517.87217,9693.349805,50215.8675,65.21
2022-09-12T07:00+02:00,7722.6975,26999.78423,11920.10646,54882.715,65.21
2022-09-12T08:00+02:00,4432.5375,26972.66605,17705.96539,57767.175,65.21
2022-09-12T09:00+02:00,-862.3525,26378.25143,24127.9907,59102.1025,65.21
2022-09-12T10:00+02:00,-3995.4575,26124.86474,30465.93978,59852.79,65.21
2022-09-12T11:00+02:00,-6099.31,26107.39455,35656.04245,60545.78,65.21
2022-09-12T12:00+02:00,-7493.21,25179.89975,38252.82629,60306.18,65.21
2022-09-12T13:00+02:00,-7564.53,24549.80207,39170.3969,59899.0275,65.21
2022-09-12T14:00+02:00,-7372.5975,24524.14984,37418.10483,58347.9525,65.21
2022-09-12T15:00+02:00,-6568.595,24957.2702,33170.5334,57138.2025,65.21
2022-09-12T16:00+02:00,-3459.825,25619.89182,27271.87174,55779.27,65.21
2022-09-12T17:00+02:00,2010.3575,26066.02866,20732.95882,56259.48,65.21
2022-09-12T18:00+02:00,5826.74,26461.20564,15192.17387,56398.7525,65.21
2022-09-12T19:00+02:00,6893.6225,26293.11467,13175.6449,57102.235,65.21
2022-09-12T20:00+02:00,5686.245,25655.90146,15175.36467,56939.585,65.21
2022-09-12T21:00+02:00,2146.31,24614.72454,18684.26292,53558.045,65.21
2022-09-12T22:00+02:00,-3000.0475,23797.13236,21227.45338,49657.16,65.21
2022-09-12T23:00+02:00,-6135.91,23230.66333,23145.77565,46186.745,65.21
2022-09-13T00:00+02:00,-5540.0925,23624.30582,24283.19617,44092.8575,65.21
2022-09-13T01:00+02:00,-6552.69,23663.29379,24433.5454,43391.8875,65.21
2022-09-13T02:00+02:00,-6095.98,23106.55738,23952.42358,43014.1525,65.21
2022-09-13T03:00+02:00,-6064.325,23393.93321,23643.21403,43207.9025,65.21
2022-09-13T04:00+02:00,-4681.3225,23873.39856,22300.91352,43578.4925,65.21
2022-09-13T05:00+02:00,-3745.6275,24497.45106,21138.32186,46716.17,65.21
2022-09-13T06:00+02:00,-2016.2075,26018.11531,20957.74528,53829.9875,65.21
2022-09-13T07:00+02:00,551.8225,26482.01873,21445.64067,58139.335,65.21
2022-09-13T08:00+02:00,-275.45,26825.34067,23506.16385,60551.5525,65.21
2022-09-13T09:00+02:00,-2345.3,26823.5347,26968.60735,61056.505,65.21
2022-09-13T10:00+02:00,-3746.615,26603.72188,31579.62448,62579.6,65.21
2022-09-13T11:00+02:00,-6511.5,26020.80066,36938.73128,63585.8475,65.21
2022-09-13T12:00+02:00,-5995.5675,24776.18613,38974.70985,63663.985,65.21
2022-09-13T13:00+02:00,-6809.3975,24473.06442,39713.96611,62210.21,65.21
2022-09-13T14:00+02:00,-6498.8175,24737.38511,38983.00277,61644.9075,65.21
2022-09-13T15:00+02:00,-5882.1275,25337.87973,36288.99501,60641.525,65.21
2022-09-13T16:00+02:00,-4926.645,25847.73694,31904.56642,59923.0925,65.21
2022-09-13T17:00+02:00,-3142.2225,26886.71266,26835.8918,59581.99,65.21
2022-09-13T18:00+02:00,601.4225,27407.49024,21514.93316,59245.0575,65.21
2022-09-13T19:00+02:00,1837.94,27651.12048,18978.98554,59537.7125,65.21
2022-09-13T20:00+02:00,2812.4325,27725.60226,18142.71527,58655.7775,65.21
2022-09-13T21:00+02:00,989.255,27020.33449,18284.28411,54395.81,65.21
2022-09-13T22:00+02:00,-1359.07,26817.49084,17872.26542,50301.9975,65.21
2022-09-13T23:00+02:00,-1883.38,25693.06169,17173.16423,46865.0825,65.21
2022-09-14T00:00+02:00,-2311.6825,24762.91355,16193.26321,44582.0125,65.21
2022-09-14T01:00+02:00,-1868.045,24775.4846,15288.01478,42754.505,65.21
2022-09-14T02:00+02:00,-1365.0725,24718.45922,14862.03127,41997.095,65.21
2022-09-14T03:00+02:00,-293.8175,24476.52494,14430.66351,42137.765,65.21
2022-09-14T04:00+02:00,536.375,24689.46778,13992.71648,42923.225,65.21
2022-09-14T05:00+02:00,414.0175,25939.09959,13732.4157,46460.615,65.21
2022-09-14T06:00+02:00,4705.8575,26990.54491,14297.54975,53688.825,65.21
2022-09-14T07:00+02:00,6692.0625,27706.21265,14098.30875,58416.91,65.21
2022-09-14T08:00+02:00,6363.35,27735.88484,15461.2775,60919.285,65.21
2022-09-14T09:00+02:00,5932.56,27577.58817,17414.53992,61266.87,65.21
2022-09-14T10:00+02:00,4418.4575,27450.62701,20805.38799,62939.2275,65.21
2022-09-14T11:00+02:00,3260.755,27337.7945,23643.40789,63991.1575,65.21
2022-09-14T12:00+02:00,861.9975,27062.29246,25279.6919,63461.31,65.21
2022-09-14T13:00+02:00,795.415,26978.92099,24977.40128,62323.6375,65.21
2022-09-14T14:00+02:00,739.75,27188.27781,22778.0155,61388.1075,65.21
2022-09-14T15:00+02:00,2725.4425,27684.912,20378.92413,59775.645,65.21
2022-09-14T16:00+02:00,5086.0625,27672.76962,19380.91793,58838.5125,65.21
2022-09-14T17:00+02:00,6466.9775,27780.14724,18123.62088,59330.2725,65.21
2022-09-14T18:00+02:00,4137.805,28304.17064,17040.51141,58414.5825,65.21
2022-09-14T19:00+02:00,4532.7925,28591.61313,16231.76098,58427.0025,65.21
2022-09-14T20:00+02:00,3402.47,28548.62116,16156.75258,57259.275,65.21
2022-09-14T21:00+02:00,1922.2825,27989.29314,15908.40984,53385.5325,65.21
2022-09-14T22:00+02:00,-368.89,27506.33228,16232.63518,49473.2725,65.21
2022-09-14T23:00+02:00,-3096.13,26286.91605,18051.66776,46254.62,65.21
2022-09-15T00:00+02:00,-3269.16,25034.86529,19780.29227,44086.325,65.21
2022-09-15T01:00+02:00,-4291.61,24682.68742,20660.53005,42868.51,65.21
2022-09-15T02:00+02:00,-4814.11,23981.77879,21400.07018,42481.4525,65.21
2022-09-15T03:00+02:00,-3745.1325,23370.99448,22272.01109,42710.4925,65.21
2022-09-15T04:00+02:00,-3248.9425,23150.36957,23546.00777,43765.79,65.21
2022-09-15T05:00+02:00,-2931.0675,24123.16383,24126.74495,47546.275,65.21
2022-09-15T06:00+02:00,-1887.7225,25415.05205,24099.5185,54755.5875,65.21
2022-09-15T07:00+02:00,-1694.2425,25823.13679,24346.67182,58989.54,65.21
2022-09-15T08:00+02:00,-1194.2475,26167.94461,25259.43064,61918.74,65.21
2022-09-15T09:00+02:00,-2588.865,26304.3049,28643.47518,62435.455,65.21
2022-09-15T10:00+02:00,-2457.455,25855.85763,33286.73335,63423.0775,65.21
2022-09-15T11:00+02:00,-3157.48,24970.48836,36894.9982,65227.275,65.21
2022-09-15T12:00+02:00,-5249.075,24715.38587,39059.93918,65176.73,65.21
2022-09-15T13:00+02:00,-4260.4575,24284.98706,40198.04464,64185.395,65.21
2022-09-15T14:00+02:00,-3611.62,23504.04065,38895.90808,62731.31,65.21
2022-09-15T15:00+02:00,-3796.64,23605.58581,38341.21641,61685.75,65.21
2022-09-15T16:00+02:00,-4428.055,24225.91606,35602.30179,61088.83,65.21
2022-09-15T17:00+02:00,-4344.7875,24983.27974,32174.63819,60125.6925,65.21
2022-09-15T18:00+02:00,-2956.17,25492.91163,26868.23903,59167.275,65.21
2022-09-15T19:00+02:00,-2070.6575,25682.81289,24940.42414,59303.9775,65.21
2022-09-15T20:00+02:00,-969.5325,25614.86756,25183.88889,58748.26,65.21
2022-09-15T21:00+02:00,-1674.565,24751.42352,25815.99238,55071.135,65.21
2022-09-15T22:00+02:00,-4956.7875,23501.06387,25790.58304,51284.9775,65.21
2022-09-15T23:00+02:00,-6312.655,21631.21397,26508.0553,47787.91,65.21
2022-09-16T00:00+02:00,-4593.85,19913.71153,27359.5225,45672.095,65.21
2022-09-16T01:00+02:00,-4888.97,19101.94699,27396.96062,44777.95,65.21
2022-09-16T02:00+02:00,-5062.895,18570.13718,27526.82233,43825.4525,65.21
2022-09-16T03:00+02:00,-5215.3175,18512.66805,27924.7168,44094.9175,65.21
2022-09-16T04:00+02:00,-5210.4075,18725.50421,28554.27526,44941.21,65.21
2022-09-16T05:00+02:00,-5664.9375,20208.23048,29446.02658,48124.2075,65.21
2022-09-16T06:00+02:00,-4195.19,21396.53939,29966.68614,54945.3775,65.21
2022-09-16T07:00+02:00,-3747.0875,22247.75424,30444.61672,59580.0275,65.21
2022-09-16T08:00+02:00,-5371.0375,22122.8589,33969.55443,62162.635,65.21
2022-09-16T09:00+02:00,-6346.7375,22038.20352,39032.25583,63066.8925,65.21
2022-09-16T10:00+02:00,-9295.1225,20677.21956,43984.00732,64399.4375,65.21
2022-09-16T11:00+02:00,-8831.9575,19638.03144,47450.04421,65546.5825,69.5525
2022-09-16T12:00+02:00,-9084.205,18342.19895,49199.55984,65164.78,71
2022-09-16T13:00+02:00,-8767.635,17692.39673,49492.92503,63634.8375,71
2022-09-16T14:00+02:00,-8284.3225,16591.89923,49254.00182,61787.03,71
2022-09-16T15:00+02:00,-8230.0875,16224.0358,49504.36323,61228.485,71
2022-09-16T16:00+02:00,-10009.9225,17382.80289,48252.71932,60211.3125,71
2022-09-16T17:00+02:00,-10013.2125,18633.36736,44446.85888,59980.7625,71
2022-09-16T18:00+02:00,-8981.25,20254.0057,39659.33878,60053.4175,71
2022-09-16T19:00+02:00,-8724.11,20078.07579,37124.04156,59706.185,71
2022-09-16T20:00+02:00,-9839.0775,19971.98349,37029.17064,57993.6975,71
2022-09-16T21:00+02:00,-10106.6225,18375.6465,36766.79127,53923.4925,71
2022-09-16T22:00+02:00,-10082.665,16921.44744,36450.16863,50447.1475,71
2022-09-16T23:00+02:00,-8881.37,14790.27935,36109.58031,47152.12,71
2022-09-17T00:00+02:00,-11064.3275,14041.19628,35221.13716,44561.1525,71
2022-09-17T01:00+02:00,-10492.155,13274.09178,34748.41588,42775.8825,71
2022-09-17T02:00+02:00,-9241.18,12571.48195,33526.34895,41507.795,71
2022-09-17T03:00+02:00,-10073,12997.29419,32913.23569,41021.9725,71
2022-09-17T04:00+02:00,-8702.33,12877.45755,32488.01501,40956.25,71
2022-09-17T05:00+02:00,-8934.365,13358.71468,32651.58039,41509.125,71
2022-09-17T06:00+02:00,-9839.0075,14441.8735,33389.41919,43668.7325,71
2022-09-17T07:00+02:00,-8896.7425,15068.94259,33076.07323,46370.03,71
2022-09-17T08:00+02:00,-9414.5,14582.55781,35709.24215,49616.875,71
2022-09-17T09:00+02:00,-8886.415,13100.12615,40240.91132,52222.1025,71
2022-09-17T10:00+02:00,-9989.9625,12082.23657,44811.21939,53757.225,71
2022-09-17T11:00+02:00,-8801.645,11734.74458,46311.79403,54881.5725,71
2022-09-17T12:00+02:00,-8941.785,11495.87362,47291.70777,54147.8325,71
2022-09-17T13:00+02:00,-8840.8975,10814.06212,46709.93873,52647.1725,71
2022-09-17T14:00+02:00,-9422.59,10587.47438,46010.23395,51119.195,71
2022-09-17T15:00+02:00,-9553.8075,10824.34769,44559.40867,50431.11,71
2022-09-17T16:00+02:00,-10237.4925,11309.47396,44315.20386,50422.9075,71
2022-09-17T17:00+02:00,-9403.765,11814.84148,42815.38567,50823.07,71
2022-09-17T18:00+02:00,-10592.1575,14077.99278,37791.05261,51876.275,71
2022-09-17T19:00+02:00,-10247.2075,15285.99397,35183.82699,52746.2225,71
2022-09-17T20:00+02:00,-10152.89,14926.35507,34657.42405,51323.2625,71
2022-09-17T21:00+02:00,-10260.485,14522.81714,34917.5366,48248.8225,71
2022-09-17T22:00+02:00,-9535.2375,12684.55184,33975.60443,45728.5475,71
2022-09-17T23:00+02:00,-8993.675,11615.93946,34222.53996,42986.225,71
2022-09-18T00:00+02:00,-8899.99,10847.19594,34065.78983,40515.1825,71
2022-09-18T01:00+02:00,-10125.4,10262.99419,34157.20584,38887.67,71
2022-09-18T02:00+02:00,-10109.2575,10340.67957,34278.05548,37990.7125,71
2022-09-18T03:00+02:00,-10523.0175,10349.46514,34404.90456,37941.2275,71
2022-09-18T04:00+02:00,-10017.7575,10484.74173,33680.69724,37961.825,71
2022-09-18T05:00+02:00,-9130.23,10606.57372,33874.73029,38210.075,71
2022-09-18T06:00+02:00,-9093.465,10923.68893,34277.24967,39040.4775,71
2022-09-18T07:00+02:00,-9372.29,11352.98005,34151.98938,40797.8625,71
2022-09-18T08:00+02:00,-10752.2075,11829.66394,36463.54064,44065.2225,71
2022-09-18T09:00+02:00,-10218.3225,11556.50381,39881.05153,46788.6925,71
2022-09-18T10:00+02:00,-12907.2,11282.09205,44235.18121,49316.22,71
2022-09-18T11:00+02:00,-13170.8975,11017.70368,47756.62969,51778.7075,71
2022-09-18T12:00+02:00,-13230.395,11028.01296,47579.12805,51979.245,71
2022-09-18T13:00+02:00,-11611.3275,10788.04562,46113.9891,50749.0575,71
2022-09-18T14:00+02:00,-9288.9425,10843.59479,43319.63276,49069.7325,71
2022-09-18T15:00+02:00,-10560.7075,11302.37812,42291.03789,48700.4075,71
2022-09-18T16:00+02:00,-12000.215,11910.35271,40594.76572,48469.9225,71
2022-09-18T17:00+02:00,-11506.625,14774.30056,36802.13612,48619.8375,71
2022-09-18T18:00+02:00,-9926.76,16472.27913,33343.84458,49366.02,71
2022-09-18T19:00+02:00,-8701.945,16951.36296,32666.93008,50205.7675,71
2022-09-18T20:00+02:00,-9235.785,17057.60306,33564.4073,49267.09,71
2022-09-18T21:00+02:00,-10166.875,17044.67626,33499.60825,46904.5775,71
2022-09-18T22:00+02:00,-9561.0025,16766.37559,32582.4062,45466.34,71
2022-09-18T23:00+02:00,-10022.8775,16699.82193,30873.81592,43031.895,71
2022-09-19T00:00+02:00,-8481.2975,16821.6482,30479.45707,41442.1475,71
2022-09-19T01:00+02:00,-8199.16,16641.52068,30479.16895,40503.77,71
2022-09-19T02:00+02:00,-9248.3225,16659.55058,30710.22001,40066.4775,71
2022-09-19T03:00+02:00,-9056.79,16520.2303,30327.10202,40347.4125,71
2022-09-19T04:00+02:00,-9188.2425,17788.61868,29988.92724,41549.4925,71
2022-09-19T05:00+02:00,-8146.2425,19399.11497,29850.35342,45233.8275,71
2022-09-19T06:00+02:00,-4465.4375,20046.44771,30054.99642,53291.39,71
2022-09-19T07:00+02:00,-3778.66,20942.76339,29985.39303,58355.85,71
2022-09-19T08:00+02:00,-3569.715,21575.57203,30950.96966,61167.36,71
2022-09-19T09:00+02:00,-3562.12,21757.16097,33009.92233,61765.1675,71
2022-09-19T10:00+02:00,-3427.7675,21401.66298,36198.85254,62725.835,71
2022-09-19T11:00+02:00,-2585.7025,21154.60369,39745.97343,63786.97,71
2022-09-19T12:00+02:00,-4605.47,21078.52712,43112.4419,63769.5,71
2022-09-19T13:00+02:00,-4243.4725,19477.66181,45256.54755,63362.005,71
2022-09-19T14:00+02:00,-5616.375,18981.69861,46189.32781,62595.0425,71
2022-09-19T15:00+02:00,-6572.01,19714.31276,44474.53704,61406.7375,71
2022-09-19T16:00+02:00,-6387.1,20673.5675,40943.20524,60152.4275,71
2022-09-19T17:00+02:00,-4673.9375,22159.03358,34472.21324,58932.2275,71
2022-09-19T18:00+02:00,-2248.1125,23818.808,28787.60442,59000.7525,71
2022-09-19T19:00+02:00,-20.78,24000.39642,25726.14937,59412.0975,71
2022-09-19T20:00+02:00,-1674.56,24273.56328,24762.49022,57996.1475,71
2022-09-19T21:00+02:00,-2268.4075,24432.68198,23557.85806,54200.2125,71
2022-09-19T22:00+02:00,-3533.0175,24223.63129,22496.21241,50156.85,71
2022-09-19T23:00+02:00,-3421.545,23461.04043,21907.58247,46649.8475,71
2022-09-20T00:00+02:00,-3311.7225,23808.39279,21433.85303,44366.545,71
2022-09-20T01:00+02:00,-3622.485,23598.32016,21096.04687,42933.64,71
2022-09-20T02:00+02:00,-3540.2,23153.11323,20099.06994,42159.6,71
2022-09-20T03:00+02:00,-3377.865,23559.13867,20057.02113,42653.11,71
2022-09-20T04:00+02:00,-2860.11,23961.33954,19598.53207,43578.9525,71
2022-09-20T05:00+02:00,-2314.735,26100.43328,17994.56741,46647.5975,71
2022-09-20T06:00+02:00,331.705,28394.66584,17542.07597,53614.8675,71
2022-09-20T07:00+02:00,1778.6675,29301.3466,17485.56774,57990.1825,71
2022-09-20T08:00+02:00,1116.13,29822.05381,19224.89236,60177.9075,71
2022-09-20T09:00+02:00,-930.2075,29890.28427,22924.99171,60790.815,71
2022-09-20T10:00+02:00,-2590.9925,29356.53252,27320.43828,61482,71
2022-09-20T11:00+02:00,-3824.0275,28878.16435,30435.54306,62940.725,71
2022-09-20T12:00+02:00,-4829.1275,28495.39392,32597.31774,62232.3425,71
2022-09-20T13:00+02:00,-4585.52,28161.64484,32672.50755,61292.9,71
2022-09-20T14:00+02:00,-4307.935,27890.10916,32229.93808,59687.7625,71
2022-09-20T15:00+02:00,-3178.9525,27926.45287,29467.91285,58725.2625,71
2022-09-20T16:00+02:00,-2558.2,28748.15355,24833.03612,57725.1525,71
2022-09-20T17:00+02:00,876.425,30291.27713,18896.31134,56891.9275,71
2022-09-20T18:00+02:00,4514.0325,31032.94331,13125.89097,57398.8925,71
2022-09-20T19:00+02:00,5150.7625,31412.81902,10993.02451,58379.095,71
2022-09-20T20:00+02:00,4212.6225,31398.10597,10650.22276,57024.3875,71
2022-09-20T21:00+02:00,2675.44,31007.07415,10087.76213,52870.165,71
2022-09-20T22:00+02:00,1582.8875,30032.15263,9635.593098,49025.5425,71
2022-09-20T23:00+02:00,748.7375,29231.64576,9191.211382,45123.9625,71
2022-09-21T00:00+02:00,1803.08,28082.30627,8772.483072,42515.6325,71
2022-09-21T01:00+02:00,2235.7275,27194.67938,8618.958699,41293.1425,71
2022-09-21T02:00+02:00,2375.0325,27242.041,8561.984061,40634.9075,71
2022-09-21T03:00+02:00,3124.3225,27145.60077,8442.149194,40948.0725,71
2022-09-21T04:00+02:00,3439.7775,27289.69762,8660.381974,42311.7,71
2022-09-21T05:00+02:00,4087.2325,28085.67254,8756.675248,45949.2125,71
2022-09-21T06:00+02:00,7440.9225,29473.68296,9175.180016,53755.06,71
2022-09-21T07:00+02:00,7025.325,30589.28627,10643.64938,58101.5,71
2022-09-21T08:00+02:00,4812.315,30966.6427,15705.83153,60287.405,71
2022-09-21T09:00+02:00,924.2625,30481.64566,22358.20197,60519.96,71
2022-09-21T10:00+02:00,-4679.9775,29829.58927,29672.45032,61020.115,71
2022-09-21T11:00+02:00,-6558.415,29127.97788,34695.98764,61591.1,71
2022-09-21T12:00+02:00,-6438.0025,27979.87554,36786.55842,61221.9875,71
2022-09-21T13:00+02:00,-6257.9975,28243.086,35601.39623,60078.6925,71
2022-09-21T14:00+02:00,-5277.91,28761.97402,33639.59222,58674.2825,71
2022-09-21T15:00+02:00,-4407.675,29214.37522,30333.86825,57367.9025,71
2022-09-21T16:00+02:00,-2347.6925,30093.19986,25312.94097,56096.3275,71
2022-09-21T17:00+02:00,1191.2475,31387.23538,18097.02594,56377.775,71
2022-09-21T18:00+02:00,5596.255,32962.55144,11276.75711,57189.3125,71
2022-09-21T19:00+02:00,6795.3675,33296.29669,8949.979375,58845.4325,71
2022-09-21T20:00+02:00,5610.4775,33221.63109,9069.506567,57458.675,71
2022-09-21T21:00+02:00,4120.31,32758.27077,9004.461947,53259.6475,71
2022-09-21T22:00+02:00,1862.475,31981.99552,8957.152645,49488.8925,71
2022-09-21T23:00+02:00,399.7175,31423.9135,8643.431614,45636.18,71
2022-09-22T00:00+02:00,580.2425,30169.98522,8403.728653,43033.8125,71
2022-09-22T01:00+02:00,1264.4775,29058.89105,8196.622166,41364.005,71
2022-09-22T02:00+02:00,1061.075,28918.87736,8037.036565,40756.1575,71
2022-09-22T03:00+02:00,2165.185,28850.72952,7955.413495,41081.82,71
2022-09-22T04:00+02:00,2339.165,29040.83863,8028.782112,42107.5375,71
2022-09-22T05:00+02:00,3373.605,29577.88592,8384.209743,45708.3275,71
2022-09-22T06:00+02:00,4601.77,31153.60181,9023.488788,53563.16,71
2022-09-22T07:00+02:00,4798.285,31960.37301,10506.76538,57952.345,71
2022-09-22T08:00+02:00,3104.7,31635.56875,16505.5186,60150.2125,71
2022-09-22T09:00+02:00,-1913.675,30872.77156,24815.77956,60679.285,71
2022-09-22T10:00+02:00,-5517.14,28987.00632,32713.77194,61372.175,71
2022-09-22T11:00+02:00,-5795.785,27465.47232,37974.10869,62050.6225,71
2022-09-22T12:00+02:00,-6703.2,26776.99786,39858.12228,61073.0825,71
2022-09-22T13:00+02:00,-6470.135,25871.66064,38633.24693,60204.2475,71
2022-09-22T14:00+02:00,-5735.075,26238.02647,35754.45468,58607.105,71
2022-09-22T15:00+02:00,-5114.005,27242.38291,31736.96456,57042.3075,71
2022-09-22T16:00+02:00,-2654.6275,28563.03137,26030.96322,56025.755,71
2022-09-22T17:00+02:00,978.74,30085.70809,18711.78749,56481.9425,71
2022-09-22T18:00+02:00,4474.9975,32105.4482,11896.43636,56962.4025,71
2022-09-22T19:00+02:00,5715.055,32779.58402,10064.63803,58649.935,71
2022-09-22T20:00+02:00,4108.4275,32480.0914,11004.71013,57367.0975,71
2022-09-22T21:00+02:00,2912.385,31630.3931,11890.06462,53412.755,71
2022-09-22T22:00+02:00,473.335,30373.82239,12754.29044,49692.4275,71
2022-09-22T23:00+02:00,-2338.5325,28813.57225,13605.51382,45799.175,71
2022-09-23T00:00+02:00,-2253.4175,28128.65906,14336.40596,43721.605,71
2022-09-23T01:00+02:00,-3511.745,28210.65889,14659.5154,42207.9,71
2022-09-23T02:00+02:00,-3331.3425,27937.12516,14854.7509,41402.0525,71
2022-09-23T03:00+02:00,-2709.83,27396.1398,15070.60863,41751.1875,71
2022-09-23T04:00+02:00,-1774.7925,27481.80608,15036.86477,42857.9125,71
2022-09-23T05:00+02:00,-1218.575,28674.47078,14990.84636,46327.515,71
2022-09-23T06:00+02:00,411.3975,30642.91864,15246.6602,53529.3075,71
2022-09-23T07:00+02:00,-19.9025,31504.1032,16456.19898,57959.4225,71
2022-09-23T08:00+02:00,-945.935,31768.35181,21305.00364,60452.4825,71
2022-09-23T09:00+02:00,-4713.9025,31818.45703,27192.77682,60962.615,71
2022-09-23T10:00+02:00,-7571.0925,31200.6962,31852.73859,61434.8525,71
2022-09-23T11:00+02:00,-8498.4375,29563.25647,35327.46065,61779.2975,68.42
2022-09-23T12:00+02:00,-8838.975,27961.34006,36955.97643,60329.645,67.56
2022-09-23T13:00+02:00,-7553.4075,27120.44756,36326.54356,58884.6425,67.56
2022-09-23T14:00+02:00,-7833.995,27501.77356,33509.70711,56976.9725,67.56
2022-09-23T15:00+02:00,-6647.005,28694.56849,28732.76057,55952.77,67.56
2022-09-23T16:00+02:00,-3168.7325,30060.41168,22260.04374,55526.83,67.56
2022-09-23T17:00+02:00,805.185,31203.51792,15387.21853,55555.525,67.56
2022-09-23T18:00+02:00,3124.0375,32107.65102,10976.6954,55807.345,67.56
2022-09-23T19:00+02:00,4821.0275,32065.06059,9991.438636,56793.5375,67.56
2022-09-23T20:00+02:00,3852.91,31848.25816,10564.72106,54792.675,67.56
2022-09-23T21:00+02:00,2396.4225,31321.32847,11112.90889,51252.5875,67.56
2022-09-23T22:00+02:00,-82.9825,30266.54205,11882.62556,48098.645,67.56
2022-09-23T23:00+02:00,-1877.01,29276.89307,11708.07796,44761.66,67.56
2022-09-24T00:00+02:00,-1378.3475,27427.84472,11638.29893,42177.3,67.56
2022-09-24T01:00+02:00,-1068.065,26240.29986,11858.82152,40483.58,67.56
2022-09-24T02:00+02:00,-737.155,26112.13723,12195.63949,39488.58,67.56
2022-09-24T03:00+02:00,-710.71,25466.39839,12611.98944,39390.12,67.56
2022-09-24T04:00+02:00,-788.63,25295.66554,12603.7781,39379.16,67.56
2022-09-24T05:00+02:00,-576.1225,25426.96772,12586.57555,40397.8525,67.56
2022-09-24T06:00+02:00,559.6025,25561.97695,12649.34559,42245.2125,67.56
2022-09-24T07:00+02:00,1238.445,25629.31717,13224.51074,44500.865,67.56
2022-09-24T08:00+02:00,1672.7525,25608.36521,16557.31442,47679.08,67.56
2022-09-24T09:00+02:00,572.835,25416.46179,20419.69617,50526.3275,67.56
2022-09-24T10:00+02:00,-735.11,24825.30965,23343.47765,52238.8575,67.56
2022-09-24T11:00+02:00,-557.155,24534.77032,25112.48385,53197.355,67.56
2022-09-24T12:00+02:00,-1388.4425,24554.11644,25783.49656,52625.6025,67.56
2022-09-24T13:00+02:00,-1415.41,24492.84936,25066.96641,50598.345,67.56
2022-09-24T14:00+02:00,-1212.125,24680.03788,23208.23117,49081.9875,67.56
2022-09-24T15:00+02:00,-999.9475,24939.37959,20790.99908,48604.1275,67.56
2022-09-24T16:00+02:00,215.08,25354.19115,17812.1852,48119.07,67.56
2022-09-24T17:00+02:00,3123.2025,25551.77232,14934.71189,48785.8725,67.56
2022-09-24T18:00+02:00,4159.5325,25532.67498,12987.40761,49915.9975,67.56
2022-09-24T19:00+02:00,4091.08,25414.75909,12919.14947,50839.6575,67.56
2022-09-24T20:00+02:00,3078.1225,24977.75932,13424.80698,48745.3325,67.56
2022-09-24T21:00+02:00,1072.705,25176.11239,13713.83932,45864.17,67.56
2022-09-24T22:00+02:00,-1070.015,25259.30404,13401.68205,43174.985,67.56
2022-09-24T23:00+02:00,-1853.3475,25210.97343,12997.68854,40505.495,67.56
2022-09-25T00:00+02:00,-2282.805,24618.1127,12418.84151,38295.225,67.56
2022-09-25T01:00+02:00,-3015.1475,24083.47191,12175.72822,36494.15,67.56
2022-09-25T02:00+02:00,-2568.9275,23718.46465,11990.10982,35743.7375,67.56
2022-09-25T03:00+02:00,-1695.23,22856.20396,11785.75246,35433.475,67.56
2022-09-25T04:00+02:00,-1623.8,22815.41213,12026.11028,35188.4125,67.56
2022-09-25T05:00+02:00,-554.7375,22961.14883,11805.44262,36024,67.56
2022-09-25T06:00+02:00,-1193.4475,23178.84415,11734.88862,36604.06,67.56
2022-09-25T07:00+02:00,-1650.9075,23389.43134,12168.14545,38193.3075,67.56
2022-09-25T08:00+02:00,-1638.9775,23591.73605,13791.183,41398.725,67.56
2022-09-25T09:00+02:00,-1512.1175,23635.52693,16407.50337,44243.665,67.56
2022-09-25T10:00+02:00,-1200.8325,23647.20361,19723.36203,46447.65,67.56
2022-09-25T11:00+02:00,-2688.285,23567.8977,23395.74495,48563.7025,67.56
2022-09-25T12:00+02:00,-5030.45,23571.14292,25252.12916,48356.4975,67.56
2022-09-25T13:00+02:00,-3936.745,23105.09936,25546.37674,46837.0475,67.56
2022-09-25T14:00+02:00,-3583.93,22998.62286,24968.80767,45512.8775,67.56
2022-09-25T15:00+02:00,-2619.63,23023.79765,23004.16049,44737.2675,67.56
2022-09-25T16:00+02:00,-950.905,23200.44184,19706.04159,44605.8925,67.56
2022-09-25T17:00+02:00,1709.35,23708.14447,15931.25496,46127.935,67.56
2022-09-25T18:00+02:00,4202.3525,23953.19634,12533.94756,47797.71,67.56
2022-09-25T19:00+02:00,3873.685,24060.14453,11749.82436,49185.7125,67.56
2022-09-25T20:00+02:00,3086.6375,24247.4055,12189.20821,48162.7,67.56
2022-09-25T21:00+02:00,2368.1675,24067.76013,12917.10595,45993.4075,67.56
2022-09-25T22:00+02:00,225.0725,24045.16383,14355.20147,44738.7175,67.56
2022-09-25T23:00+02:00,-1801.7175,23480.61742,15951.94644,42272.4925,67.56
2022-09-26T00:00+02:00,-2500.47,22433.39113,17734.27504,40531.5,67.56
2022-09-26T01:00+02:00,-3545.4725,21275.74275,19015.69498,39525.7525,67.56
2022-09-26T02:00+02:00,-2788.375,20584.33057,20575.51965,39315.2225,67.56
2022-09-26T03:00+02:00,-2731.0125,20081.84067,21811.72958,39867.835,67.56
2022-09-26T04:00+02:00,-2778.3225,20348.23634,23212.87553,41887.5275,67.56
2022-09-26T05:00+02:00,-2760.325,20918.28071,25457.7597,45827.0825,67.56
2022-09-26T06:00+02:00,-1403.7325,22838.09998,27503.01193,53782.42,67.56
2022-09-26T07:00+02:00,-711.4075,23483.16174,28496.21257,59089.86,67.56
2022-09-26T08:00+02:00,-2450.465,23712.20752,31741.36618,61603.935,67.56
2022-09-26T09:00+02:00,-4926.3575,23065.1735,37191.90579,62300.9875,67.56
2022-09-26T10:00+02:00,-7879.9175,21551.2676,44115.35339,64471.6325,67.56
2022-09-26T11:00+02:00,-8613.445,19236.04823,48508.76169,65614.11,67.56
2022-09-26T12:00+02:00,-10364.0175,18496.43583,50729.074,66195.605,67.56
2022-09-26T13:00+02:00,-11205.14,18542.48118,51383.87694,65593.2125,67.56
2022-09-26T14:00+02:00,-10058.1575,18751.32849,50645.52895,64379.8375,67.56
2022-09-26T15:00+02:00,-9885.19,18947.00679,47829.99982,63496.5325,67.56
2022-09-26T16:00+02:00,-7797.4725,19373.88796,43647.19299,62259.23,67.56
2022-09-26T17:00+02:00,-4939.8425,21177.9902,37251.52384,61947.46,67.56
2022-09-26T18:00+02:00,-2928.9625,22871.0659,33369.23555,61701.1775,67.56
2022-09-26T19:00+02:00,-3243.5175,23666.00594,32158.87656,62515.66,67.56
2022-09-26T20:00+02:00,-4515.0525,23399.044,31783.37284,60316.1825,67.56
2022-09-26T21:00+02:00,-5679.5525,22995.82597,30590.37013,56684.8975,67.56
2022-09-26T22:00+02:00,-5432.7175,22059.47493,28902.00899,52972.85,67.56
2022-09-26T23:00+02:00,-5917.7825,21889.75097,27041.65956,48892.4975,67.56
2022-09-27T00:00+02:00,-4753.025,21408.97744,25057.98643,44813.1675,67.56
2022-09-27T01:00+02:00,-4471.775,21475.3803,24022.0479,43282.495,67.56
2022-09-27T02:00+02:00,-4445.05,21304.06012,23459.29656,42174.6425,67.56
2022-09-27T03:00+02:00,-3176.29,20466.54885,24173.83689,42383.5075,67.56
2022-09-27T04:00+02:00,-3570.9575,20806.46048,24877.90086,43891.95,67.56
2022-09-27T05:00+02:00,-3883.465,22356.03298,25462.84907,47345.155,67.56
2022-09-27T06:00+02:00,-3016.93,24396.24278,25959.3149,54382.705,67.56
2022-09-27T07:00+02:00,-3047.365,26004.81072,26616.08334,59575.8625,67.56
2022-09-27T08:00+02:00,-3161.42,26551.01754,27582.93185,62382.6775,67.56
2022-09-27T09:00+02:00,-3757.0225,26090.17047,29312.98547,63003.02,67.56
2022-09-27T10:00+02:00,-3710.65,25210.75506,32165.74766,63630.0075,67.56
2022-09-27T11:00+02:00,-3195.1075,23936.8257,34474.31301,64620.8275,67.56
2022-09-27T12:00+02:00,-2881.47,23957.6762,35732.66013,64043.0175,67.56
2022-09-27T13:00+02:00,-2052.185,23781.37358,36846.58131,63488.8325,67.56
2022-09-27T14:00+02:00,-3526.7975,24094.37294,36842.38543,62620.7,67.56
2022-09-27T15:00+02:00,-3438.9825,24685.38524,33356.43184,62093.0475,67.56
2022-09-27T16:00+02:00,-3745.5975,25996.66651,28940.14279,60020.52,67.56
2022-09-27T17:00+02:00,-1203.6325,27366.02517,23289.36478,59690.07,67.56
2022-09-27T18:00+02:00,1508.485,28114.50201,18901.30476,60096.795,67.56
2022-09-27T19:00+02:00,2787.935,28337.85094,18055.26212,60616.4175,67.56
2022-09-27T20:00+02:00,1479.195,28333.26389,18102.7201,57755.0975,67.56
2022-09-27T21:00+02:00,-148.325,27933.30425,18179.88008,53523.81,67.56
2022-09-27T22:00+02:00,-1150.72,26745.29108,18091.75391,49942.6675,67.56
2022-09-27T23:00+02:00,-1053.6225,25863.70692,17193.75706,46893.925,67.56
2022-09-28T00:00+02:00,-1798.05,25754.37932,16232.92318,43966.505,67.56
2022-09-28T01:00+02:00,388.7125,25508.72018,15409.7077,42265.44,67.56
2022-09-28T02:00+02:00,874.4925,25242.82503,14592.57716,41613.7875,67.56
2022-09-28T03:00+02:00,1773.45,25220.46567,13943.69476,41793.46,67.56
2022-09-28T04:00+02:00,2789.465,25805.48846,13167.76634,42897.4825,67.56
2022-09-28T05:00+02:00,3869.865,26992.06749,13026.1443,46022.34,67.56
2022-09-28T06:00+02:00,4448.39,28869.61343,13363.97231,53829.445,67.56
2022-09-28T07:00+02:00,6317.7775,29938.18653,13379.7005,58875.825,67.56
2022-09-28T08:00+02:00,5552.7575,30538.93912,14261.92947,61552.8975,67.56
2022-09-28T09:00+02:00,5238.88,30566.81182,16250.29446,62241.6175,67.56
2022-09-28T10:00+02:00,5011.3175,30352.51187,18747.69947,63328.2875,67.56
2022-09-28T11:00+02:00,4056.3275,29855.1469,21302.86238,63896.9075,67.56
2022-09-28T12:00+02:00,3694.22,29038.17774,23197.79267,63801.235,67.56
2022-09-28T13:00+02:00,2826.5325,28794.37852,23513.80008,62746.955,67.56
2022-09-28T14:00+02:00,2456.9575,29200.91163,22879.78472,61081.65,67.56
2022-09-28T15:00+02:00,2505.76,29326.94886,21172.33759,59719.345,67.56
2022-09-28T16:00+02:00,2168.1,30328.87489,18219.26483,58303.7075,67.56
2022-09-28T17:00+02:00,4644.3825,30729.32165,14084.38978,58466.1875,67.56
2022-09-28T18:00+02:00,7034.06,30973.42389,10436.69437,58890.075,67.56
2022-09-28T19:00+02:00,7524.46,31181.18234,9571.954487,59976.0775,67.56
2022-09-28T20:00+02:00,5773.9925,31258.15663,10117.30193,57646.0075,67.56
2022-09-28T21:00+02:00,5018.0975,30797.32396,10705.66863,53984.8025,67.56
2022-09-28T22:00+02:00,3263.35,29520.63639,11001.15141,50327.45,67.56
2022-09-28T23:00+02:00,2573.7225,28758.67934,11179.61527,46647.575,67.56
2022-09-29T00:00+02:00,3680.5025,27390.78588,10992.66185,43844.78,67.56
2022-09-29T01:00+02:00,1318.4375,27471.04884,10838.1662,41893.3975,67.56
2022-09-29T02:00+02:00,2392.98,27001.32703,10623.51442,41590.6125,67.56
2022-09-29T03:00+02:00,3598.23,26648.81412,10330.88078,42102.3775,67.56
2022-09-29T04:00+02:00,3769.42,27176.22632,10058.72834,43361.1,67.56
2022-09-29T05:00+02:00,3707.6625,28434.80209,9901.689448,47230.37,67.56
2022-09-29T06:00+02:00,4447.7025,30115.02147,10029.26999,54514.855,67.56
2022-09-29T07:00+02:00,5302.7875,31213.14213,10706.18937,59312.62,67.56
2022-09-29T08:00+02:00,3361.6475,31062.25598,14013.60736,61609.1025,67.56
2022-09-29T09:00+02:00,1261.535,30732.78489,18899.43608,62158.8925,67.56
2022-09-29T10:00+02:00,-674.8875,29868.15042,23878.67631,62951.7775,67.56
2022-09-29T11:00+02:00,-833.26,29012.95746,27923.70819,63352.03,67.56
2022-09-29T12:00+02:00,-1241.67,28679.0242,28637.9803,63118.165,67.56
2022-09-29T13:00+02:00,-556.825,27572.03296,26735.72401,61875.335,67.56
2022-09-29T14:00+02:00,800.995,28160.30171,24077.52112,60106.1475,67.56
2022-09-29T15:00+02:00,542.1175,29590.03746,21126.07535,58783.9525,67.56
2022-09-29T16:00+02:00,954.1975,30093.15988,17887.04462,57967.095,67.56
2022-09-29T17:00+02:00,3059.97,30291.69935,14047.57468,58440.6575,67.56
2022-09-29T18:00+02:00,4625.0825,31084.14584,11139.95961,58787.735,67.56
2022-09-29T19:00+02:00,4834.51,31331.5479,10886.84848,59972.8375,67.56
2022-09-29T20:00+02:00,3628.12,30853.82252,11340.07933,57901.215,67.56
2022-09-29T21:00+02:00,3464.0725,29591.79839,11302.68547,54577.5975,67.56
2022-09-29T22:00+02:00,3345.3925,28716.53805,10920.8211,50827.6275,67.56
2022-09-29T23:00+02:00,3905.635,27858.14224,9910.039659,46835.77,67.56
2022-09-30T00:00+02:00,2929.6975,28093.08884,9167.045281,43912.2925,67.56
2022-09-30T01:00+02:00,2599.8925,28149.76632,8605.370454,41843.4225,67.56
2022-09-30T02:00+02:00,3063.16,27854.43084,8494.125776,41379.2475,67.56
2022-09-30T03:00+03:00,3746.4575,27664.71374,8546.352356,41632.79,67.56
2022-09-30T04:00+03:00,4109.66,27925.36732,8764.16678,42968.125,67.56
2022-09-30T05:00+02:00,3327.955,28861.06222,9239.108567,46405.0925,67.56
2022-09-30T06:00+02:00,3277.75,30442.70542,9596.999636,53719.2625,67.56
2022-09-30T07:00+02:00,3232.9225,30895.20462,10264.11137,58402.285,67.56
2022-09-30T08:00+02:00,2473.875,30825.51225,14056.77874,60853.07,67.56
2022-09-30T09:00+02:00,-1882.815,30582.58104,19994.9231,61230.6975,67.56
2022-09-30T10:00+02:00,-3360.595,29446.74131,25961.34783,61333.8525,67.56
2022-09-30T11:00+02:00,-3655.745,27016.09843,31959.11852,61687.0075,67.0425
2022-09-30T12:00+02:00,-5200.515,25283.86842,36202.36608,60891.275,66.87
2022-09-30T13:00+02:00,-5106.38,23503.48496,38673.68862,60128.7225,66.87
2022-09-30T14:00+02:00,-4962.315,22665.05396,37763.31293,58183.9075,66.87
2022-09-30T15:00+02:00,-3812.0525,22893.92045,35319.57338,57373.4825,66.87
2022-09-30T16:00+02:00,-1306.8025,23462.11954,31394.19408,56772.1525,66.87
2022-09-30T17:00+02:00,1010.7875,24906.40877,26030.08926,56557.5325,66.87
2022-09-30T18:00+02:00,1732.965,25343.60516,21130.11642,57608.8,66.87
2022-09-30T19:00+02:00,1357.1,24633.2001,22185.21484,59214.7125,66.87
2022-09-30T20:00+02:00,-1216.6875,24428.31576,24944.96095,56716.7375,66.87
2022-09-30T21:00+02:00,-3327.0225,21790.39192,28227.43971,53124.3875,66.87
2022-09-30T22:00+02:00,-4068.8075,18307.25542,30290.89161,50440.15,66.87
2022-09-30T23:00+02:00,-4264.86,16539.46096,31648.54446,47751.4825,66.87
2022-10-01T00:00+02:00,-5506.125,14002.23885,32608.84634,44918.8775,66.87
2022-10-01T01:00+02:00,-4319.02,12543.47242,33284.77237,43142.355,66.87
2022-10-01T02:00+02:00,-5844.41,11929.3756,34007.92293,42568.52,66.87
2022-10-01T03:00+02:00,-6176.7575,11820.54071,34685.03333,42440.025,66.87
2022-10-01T04:00+02:00,-6450.36,11716.76374,35155.30173,42655.3525,66.87
2022-10-01T05:00+02:00,-7385.31,11506.50575,37296.4866,43649.47,66.87
2022-10-01T06:00+02:00,-7393.485,11073.99316,39313.70478,45665.23,66.87
2022-10-01T07:00+02:00,-7660.2275,11059.76574,41245.55415,48412.01,66.87
2022-10-01T08:00+02:00,-7662.845,11204.49724,43178.94956,51597.365,66.87
2022-10-01T09:00+02:00,-8823.1775,11672.06186,44487.50788,54295.25,66.87
2022-10-01T10:00+02:00,-9129.1775,12440.93768,44521.20877,55899.505,66.87
2022-10-01T11:00+02:00,-7902.8375,12457.45105,45241.84987,57234.1875,66.87
2022-10-01T12:00+02:00,-8417.1,12089.18272,46913.45857,56509.6775,66.87
2022-10-01T13:00+02:00,-6714.275,10886.06157,46517.38128,55367.385,66.87
2022-10-01T14:00+02:00,-6500.445,10750.63578,45639.00119,53729.1,66.87
2022-10-01T15:00+02:00,-7710.32,10934.96198,45242.93628,52546.31,66.87
2022-10-01T16:00+02:00,-6392.145,11241.45627,42567.25697,51977.315,66.87
2022-10-01T17:00+02:00,-8664.7225,14087.15758,39495.06461,52155.15,66.87
2022-10-01T18:00+02:00,-8024.5375,14689.68274,36758.13353,52931.795,66.87
2022-10-01T19:00+02:00,-7514.8825,14721.11213,36987.20586,53852.7925,66.87
2022-10-01T20:00+02:00,-9700.4925,14618.40231,37319.12456,51653.8225,66.87
2022-10-01T21:00+02:00,-9505.84,14621.61561,36816.43883,49129.61,66.87
2022-10-01T22:00+02:00,-9129.6325,13869.45981,36950.47117,46889.0275,66.87
2022-10-01T23:00+02:00,-9575.5725,12902.01815,37084.8353,44064.8475,66.87
2022-10-02T00:00+02:00,-11393.2325,11871.50159,37228.03603,41747.285,66.87
2022-10-02T01:00+02:00,-11444.205,10740.63956,36909.63337,40165.7425,66.87
2022-10-02T02:00+02:00,-7642.1475,10618.16913,34263.19326,38927.81,66.87
2022-10-02T03:00+02:00,-8726.02,10539.03936,34564.28766,38583.5225,66.87
2022-10-02T04:00+02:00,-9091.565,10438.38772,35046.17315,38784.84,66.87
2022-10-02T05:00+02:00,-8030.52,10451.14184,34554.25107,39044.305,66.87
2022-10-02T06:00+02:00,-8570.58,10959.7325,34677.07544,39837.9675,66.87
2022-10-02T07:00+02:00,-9003.4525,11836.40984,34435.44685,41879.03,66.87
2022-10-02T08:00+02:00,-9821.94,13646.96618,35110.58758,44905.545,66.87
2022-10-02T09:00+02:00,-11682.5375,14963.36206,36761.98988,47785.585,66.87
2022-10-02T10:00+02:00,-11786.3425,15286.22448,38709.05846,49750.355,66.87
2022-10-02T11:00+02:00,-9693.715,15358.53856,40157.63356,50969.2875,66.87
2022-10-02T12:00+02:00,-9391.6475,14983.32506,42433.98954,51177.4525,66.87
2022-10-02T13:00+02:00,-8652.0475,14201.98983,42982.45711,49845.1125,66.87
2022-10-02T14:00+02:00,-9056.9,13603.90522,42190.69936,48567.825,66.87
2022-10-02T15:00+02:00,-10215.85,13528.5458,41285.9013,47896.2825,66.87
2022-10-02T16:00+02:00,-8829.215,14741.42848,37771.88012,47290.5825,66.87
2022-10-02T17:00+02:00,-7022.7175,16224.00422,32946.24071,47946.395,66.87
2022-10-02T18:00+02:00,-6567.3675,16953.2584,29531.00742,49081.9825,66.87
2022-10-02T19:00+02:00,-5957.1625,16806.64494,29905.43729,50541.26,66.87
2022-10-02T20:00+02:00,-6851.3775,15898.32535,31043.42315,48805.4325,66.87
2022-10-02T21:00+02:00,-7653.7775,15774.25378,31178.55505,46910.4275,66.87
2022-10-02T22:00+02:00,-6973.2525,15428.8994,30462.97977,45492.59,66.87
2022-10-02T23:00+02:00,-7901.365,15336.11681,30074.88939,43175.3025,66.87
2022-10-03T00:00+02:00,-6340.6275,15420.35719,30035.31149,40515.82,66.87
2022-10-03T01:00+02:00,-6504.3125,15386.30717,29488.89603,39197.4675,66.87
2022-10-03T02:00+02:00,-7418.3475,15313.36145,28780.65318,38224.2175,66.87
2022-10-03T03:00+02:00,-6956.825,14920.19601,28369.03058,37915.7325,66.87
2022-10-03T04:00+02:00,-6742.5775,15238.00986,26770.57902,38430.0575,66.87
2022-10-03T05:00+02:00,-8122.0575,16294.1011,25973.88775,39210.6175,66.87
2022-10-03T06:00+02:00,-10636.7175,17984.31374,25997.43093,39781.3125,66.87
2022-10-03T07:00+02:00,-12538.5275,18335.0856,25358.01759,40691.1275,66.87
2022-10-03T08:00+02:00,-12815.0625,19212.35106,26560.63796,43200.8875,66.87
2022-10-03T09:00+02:00,-13183.965,19527.99376,30707.06744,45697.505,66.87
2022-10-03T10:00+02:00,-14136.06,18763.38702,35931.36202,48092.0975,66.87
2022-10-03T11:00+02:00,-12798.0375,17454.38171,40666.62462,50176.82,66.87
2022-10-03T12:00+02:00,-12578.3175,17001.52382,42493.88056,50610.9275,66.87
2022-10-03T13:00+02:00,-14195.4125,16745.60305,41852.51122,48549.5775,66.87
2022-10-03T14:00+02:00,-13031.35,16788.92018,39656.61025,47413.8,66.87
2022-10-03T15:00+02:00,-12273.4175,17497.19391,35687.21116,46395.85,66.87
2022-10-03T16:00+02:00,-10119.29,19217.52866,30084.15045,45782.825,66.87
2022-10-03T17:00+02:00,-5618.905,20705.72097,23036.71462,47560.775,66.87
2022-10-03T18:00+02:00,-2698.92,21947.68234,18221.77245,49231.7075,66.87
2022-10-03T19:00+02:00,-1624.4675,22525.74106,17370.99828,51204.555,66.87
2022-10-03T20:00+02:00,-2188.5975,22576.28256,17298.3546,49457.2925,66.87
2022-10-03T21:00+02:00,-2974.16,22378.78854,17414.60544,47352.165,66.87
2022-10-03T22:00+02:00,-2235.41,22405.65273,17114.32903,45888.2,66.87
2022-10-03T23:00+02:00,-1992.175,22539.06109,16965.73258,43328.4175,66.87
2022-10-04T00:00+02:00,-2194.87,22614.0569,16590.28449,41254.4625,66.87
2022-10-04T01:00+02:00,-850.995,22052.12704,16265.42066,40106.805,66.87
2022-10-04T02:00+02:00,-1288.5275,22256.88132,16126.42392,39464.58,66.87
2022-10-04T03:00+02:00,-800.26,22670.29409,15637.25601,39625.545,66.87
2022-10-04T04:00+02:00,-393.6375,23377.03889,15309.00647,41001.475,66.87
2022-10-04T05:00+02:00,683.7975,24646.10233,15011.02121,44534.14,66.87
2022-10-04T06:00+02:00,2144.6825,26181.83417,15721.74618,52360.0075,66.87
2022-10-04T07:00+02:00,4408.395,26748.89957,16475.93499,57873.335,66.87
2022-10-04T08:00+02:00,4079.3425,26619.93478,19890.06257,60196.775,66.87
2022-10-04T09:00+02:00,1886.43,25861.22622,24057.15587,60652.4675,66.87
2022-10-04T10:00+02:00,130.49,24624.98924,29385.78502,61294.315,66.87
2022-10-04T11:00+02:00,-2012.045,23259.07166,35645.46822,62167.3075,66.87
2022-10-04T12:00+02:00,-3852.645,21428.41149,41755.26457,61929.2025,66.87
2022-10-04T13:00+02:00,-4983.03,19998.14082,44698.08635,61094.2575,66.87
2022-10-04T14:00+02:00,-5535.1875,19380.25202,44319.88282,59678.6,66.87
2022-10-04T15:00+02:00,-5333.925,20052.82835,41473.617,58855.95,66.87
2022-10-04T16:00+02:00,-4098.8725,21819.28577,35030.2297,57360.415,66.87
2022-10-04T17:00+02:00,-908.59,24255.01748,26527.82539,57450.65,66.87
2022-10-04T18:00+02:00,768.16,25380.04072,22060.67903,58371.035,66.87
2022-10-04T19:00+02:00,803.7425,25518.90328,24415.04712,60658.595,66.87
2022-10-04T20:00+02:00,-2511.7625,24397.22958,27865.27201,58402.4525,66.87
2022-10-04T21:00+02:00,-4911.6675,22531.05033,30112.87474,55135.525,66.87
2022-10-04T22:00+02:00,-6761.245,20962.29493,30740.86772,52037.19,66.87
2022-10-04T23:00+02:00,-7725.075,19656.23739,30995.69003,48382.8925,66.87
2022-10-05T00:00+02:00,-7210.1075,19229.10767,31492.01792,46176.4,66.87
2022-10-05T01:00+02:00,-6187.5375,18916.78195,31288.82291,44629.0575,66.87
2022-10-05T02:00+02:00,-6371.92,18544.66294,30821.6933,43907.22,66.87
2022-10-05T03:00+02:00,-4633.885,17930.33399,30516.09789,44168.15,66.87
2022-10-05T04:00+02:00,-4230.405,18410.22071,30115.51567,45531.065,66.87
2022-10-05T05:00+02:00,-2911.25,19136.85274,29914.81098,48616.995,66.87
2022-10-05T06:00+02:00,-2629.615,21035.62544,30687.64568,55747.0275,66.87
2022-10-05T07:00+02:00,-3300.9975,21865.81945,31519.19455,60964.5075,66.87
2022-10-05T08:00+02:00,-4052.7825,21651.69892,34865.05093,63501.4475,66.87
2022-10-05T09:00+02:00,-4853.24,20415.9899,39592.69934,64040.675,66.87
2022-10-05T10:00+02:00,-4244.2025,18544.47543,44292.24542,64817.8075,66.87
2022-10-05T11:00+02:00,-4504.72,15548.13595,49150.19077,65289.1525,66.87
2022-10-05T12:00+02:00,-7061.165,14339.25605,53578.1579,65097.2225,66.87
2022-10-05T13:00+02:00,-8994.95,14208.44451,55516.02861,63764.4625,66.87
2022-10-05T14:00+02:00,-8523.7125,14295.52829,54182.64427,62770.0375,66.87
2022-10-05T15:00+02:00,-7349.84,14130.73239,51138.6103,62039.0325,66.87
2022-10-05T16:00+02:00,-5581.8775,15351.28871,45960.73943,60634.935,66.87
2022-10-05T17:00+02:00,-5134.945,19015.23759,38327.38592,59659.98,66.87
2022-10-05T18:00+02:00,-4456.73,20138.52549,35437.15364,59746.7325,66.87
2022-10-05T19:00+02:00,-5301.84,19637.53743,38905.03603,62397.6525,66.87
2022-10-05T20:00+02:00,-6220.4925,17578.04952,41723.95206,60944.635,66.87
2022-10-05T21:00+02:00,-5794.76,14641.76346,43375.71262,57549.805,66.87
2022-10-05T22:00+02:00,-5864.5975,13793.51923,41845.94325,53970.7675,66.87
2022-10-05T23:00+02:00,-6671.47,13091.60702,40409.23467,50377.59,66.87
2022-10-06T00:00+02:00,-7431.025,13414.54155,37923.81673,47168.8425,66.87
2022-10-06T01:00+02:00,-6946.7775,13614.02986,37268.54989,46535.71,66.87
2022-10-06T02:00+02:00,-6765.0975,13612.44265,36438.88433,44997.6225,66.87
2022-10-06T03:00+02:00,-6811.6,13969.84604,36017.9725,45252.965,66.87
2022-10-06T04:00+02:00,-6104.1725,14484.58157,35743.85862,45921.8575,66.87
2022-10-06T05:00+02:00,-6592.4075,16128.53655,37178.71323,49499.2675,66.87
2022-10-06T06:00+02:00,-6673.4925,19842.69555,37676.34828,56511.76,66.87
2022-10-06T07:00+02:00,-6262.8075,20171.37817,36588.36069,60944.2325,66.87
2022-10-06T08:00+02:00,-6110.8125,20639.69695,36569.82625,63164.7725,66.87
2022-10-06T09:00+02:00,-7087.265,20442.78788,40936.42627,64182.17,66.87
2022-10-06T10:00+02:00,-6957.45,19561.28029,47249.05947,65066.8725,66.87
2022-10-06T11:00+02:00,-6797.4625,19321.12334,50024.18142,64718.11,66.87
2022-10-06T12:00+02:00,-7270.98,19461.10481,51474.15148,64139.475,66.87
2022-10-06T13:00+02:00,-7502.28,18652.5996,51171.73556,62703.2775,66.87
2022-10-06T14:00+02:00,-6968.945,18218.54027,49113.9243,61297.1,66.87
2022-10-06T15:00+02:00,-6555.09,19447.84988,45056.57233,60470.12,66.87
2022-10-06T16:00+02:00,-5234.565,21112.75486,38027.04291,58866.18,66.87
2022-10-06T17:00+02:00,-2755.8375,23303.60556,29088.81446,58964.4825,66.87
2022-10-06T18:00+02:00,-871.28,25547.43284,22638.21021,59794.9125,66.87
2022-10-06T19:00+02:00,145.165,25906.75467,23430.91313,62008.465,66.87
2022-10-06T20:00+02:00,-1375.4675,25593.34456,24487.83406,59371.165,66.87
2022-10-06T21:00+02:00,-3241.785,24471.857,24666.09392,55767.7275,66.87
2022-10-06T22:00+02:00,-4232.8175,23987.62873,23836.5164,52105.525,66.87
2022-10-06T23:00+02:00,-6650.8375,23892.55896,23375.77923,48574.2525,66.87
2022-10-07T00:00+02:00,-6569.51,23581.34281,22870.85245,45721.4825,66.87
2022-10-07T01:00+02:00,-5200.3625,23280.53725,22256.02225,44112.5325,66.87
2022-10-07T02:00+02:00,-5618.39,23179.35927,22306.51118,43108.3025,66.87
2022-10-07T03:00+02:00,-4310.0925,22951.35112,22448.13549,43283.245,66.87
2022-10-07T04:00+02:00,-4145.8225,23017.84331,22985.17806,44658.685,66.87
2022-10-07T05:00+02:00,-4604.6675,24069.15306,23330.69183,47941.7875,66.87
2022-10-07T06:00+02:00,-2649.3775,25002.66358,25233.03232,55269.7325,66.87
2022-10-07T07:00+02:00,-2711.545,25577.86687,25655.61863,60005.9,66.87
2022-10-07T08:00+02:00,-3796.39,25325.89996,28573.34071,62473.39,66.87
2022-10-07T09:00+02:00,-5078.135,24498.30543,33502.71821,62846.265,66.87
2022-10-07T10:00+02:00,-6271.3325,22778.1553,38898.17021,63513.3425,66.87
2022-10-07T11:00+02:00,-6301.045,21346.81592,43897.33755,64297.985,67.3575
2022-10-07T12:00+02:00,-6569.9375,19959.35695,48386.00187,63652.865,67.52
2022-10-07T13:00+02:00,-5884.02,17898.12936,48492.18603,62750.07,67.52
2022-10-07T14:00+02:00,-5713.11,17582.5436,45664.49327,60341.4575,67.52
2022-10-07T15:00+02:00,-5995.735,21260.11162,40084.24318,58573.82,67.52
2022-10-07T16:00+02:00,-5359.5775,23041.80452,32806.49489,56786.02,67.52
2022-10-07T17:00+02:00,-895.6825,24168.72998,24930.12175,57146.0625,67.52
2022-10-07T18:00+02:00,1074.45,25383.11411,20930.15125,58201.9325,67.52
2022-10-07T19:00+02:00,71.845,25406.73667,22613.31394,59713.0675,67.52
2022-10-07T20:00+02:00,-2223.7775,24815.85952,25104.7573,56295.0375,67.52
2022-10-07T21:00+02:00,-4662.6725,23794.22492,27207.14892,52504.955,67.52
2022-10-07T22:00+02:00,-6221.19,21879.98349,27957.65956,49521.645,67.52
2022-10-07T23:00+02:00,-5747.55,20383.50462,28918.57718,46475.5625,67.52
2022-10-08T00:00+02:00,-8341.45,20217.3396,29203.46962,43908.4625,67.52
2022-10-08T01:00+02:00,-8365.7775,20051.01552,28558.03765,42327.7825,67.52
2022-10-08T02:00+02:00,-7115.0625,19774.16118,27625.35739,41167.21,67.52
2022-10-08T03:00+02:00,-6997.6825,19663.1675,27223.94149,41177.11,67.52
2022-10-08T04:00+02:00,-5778.4075,19463.99969,26446.50277,41222.7725,67.52
2022-10-08T05:00+02:00,-6945.2425,20205.17413,26238.92352,41809.6625,67.52
2022-10-08T06:00+02:00,-7757.3975,21223.1514,26408.46881,43612.0225,67.52
2022-10-08T07:00+02:00,-6729.615,21359.96576,27089.12631,45913.695,67.52
2022-10-08T08:00+02:00,-7084.1675,22094.06264,28822.1717,49267.73,67.52
2022-10-08T09:00+02:00,-8931.335,22241.96804,31690.87936,51734.8675,67.52
2022-10-08T10:00+02:00,-8531.785,21397.9715,36271.00024,53309.6675,67.52
2022-10-08T11:00+02:00,-8295.7575,20058.8722,41921.80754,54935.635,67.52
2022-10-08T12:00+02:00,-8137.0725,17426.04741,45095.94704,55166.75,67.52
2022-10-08T13:00+02:00,-8074.6775,15821.34815,45504.54765,53369.995,67.52
2022-10-08T14:00+02:00,-8135.82,16858.17174,43786.65615,51925.8125,67.52
2022-10-08T15:00+02:00,-9787.0125,19456.16961,40666.42685,51215.73,67.52
2022-10-08T16:00+02:00,-9398.89,20932.30049,36241.49281,50738.695,67.52
2022-10-08T17:00+02:00,-6741.3325,22146.14625,29637.57317,50639.81,67.52
2022-10-08T18:00+02:00,-6261.3225,23780.77927,24959.19176,51818.8775,67.52
2022-10-08T19:00+02:00,-6120.3075,23993.15405,23744.35956,53313.965,67.52
2022-10-08T20:00+02:00,-6339.9,23492.71434,23621.70401,50436.9175,67.52
2022-10-08T21:00+02:00,-7045.9125,22937.13828,23303.68561,47826.8475,67.52
2022-10-08T22:00+02:00,-5597.055,22064.34576,21759.17639,45646.7675,67.52
2022-10-08T23:00+02:00,-4932.8225,21360.24913,20164.8449,42772.875,67.52
2022-10-09T00:00+02:00,-5144.58,20721.5237,18734.8753,40249.94,67.52
2022-10-09T01:00+02:00,-4421.0475,19781.65856,17662.3872,38859.655,67.52
2022-10-09T02:00+02:00,-3951.31,19656.27662,16610.12007,37533.94,67.52
2022-10-09T03:00+02:00,-2340.3825,19308.95058,15884.69266,37396.8425,67.52
2022-10-09T04:00+02:00,-536.335,18769.28222,14771.35788,37316.9975,67.52
2022-10-09T05:00+02:00,331.8175,18669.05459,13718.0447,37709.39,67.52
2022-10-09T06:00+02:00,165.7775,18984.56053,13369.31954,37930.4875,67.52
2022-10-09T07:00+02:00,-211.5675,19834.41943,13724.50575,39125.845,67.52
2022-10-09T08:00+02:00,-1068.3725,19592.22988,18084.6654,42399.3125,67.52
2022-10-09T09:00+02:00,-4056.295,18739.7633,25068.4825,45369.11,67.52
2022-10-09T10:00+02:00,-6793.4475,18530.80981,31696.1501,47370.7025,67.52
2022-10-09T11:00+02:00,-7767.265,18104.25977,37269.7189,49232.3475,67.52
2022-10-09T12:00+02:00,-7845.7525,15874.91345,41220.20422,48582.29,67.52
2022-10-09T13:00+02:00,-8136.53,13893.67977,41567.72755,46894.9325,67.52
2022-10-09T14:00+02:00,-7583.5725,13900.4622,38937.41186,45336.1025,67.52
2022-10-09T15:00+02:00,-7840.7625,17149.99825,33564.64159,44541.9525,67.52
2022-10-09T16:00+02:00,-4458.9675,19483.72892,26561.1841,43985.355,67.52
2022-10-09T17:00+02:00,-1783.1625,21208.16606,19474.90275,45397.305,67.52
2022-10-09T18:00+02:00,-1806.455,22667.55918,17516.44243,48226.9425,67.52
2022-10-09T19:00+02:00,-5108.715,22802.83739,23096.12494,49845.635,67.52
2022-10-09T20:00+02:00,-7091.4225,21582.48751,28695.45918,48616.8375,67.52
2022-10-09T21:00+02:00,-8036.1975,19605.64431,31596.04307,47338.2,67.52
2022-10-09T22:00+02:00,-8168.43,19969.00257,31557.04187,47380.955,67.52
2022-10-09T23:00+02:00,-6919.245,19137.20565,31107.92698,44818.3175,67.52
2022-10-10T00:00+02:00,-4537.47,17781.06064,30061.95853,43381.8325,67.52
2022-10-10T01:00+02:00,-6140.9775,18504.40852,29823.4287,42464.3,67.52
2022-10-10T02:00+02:00,-4997.3475,18201.84962,28971.27751,41976.085,67.52
2022-10-10T03:00+02:00,-4608.77,18786.41253,28100.50684,42514.7225,67.52
2022-10-10T04:00+02:00,-3305.635,19723.53581,27461.47744,44102.055,67.52
2022-10-10T05:00+02:00,-2677.325,20873.58826,27369.31455,47787.71,67.52
2022-10-10T06:00+02:00,-2559.8975,23567.93202,27554.09139,54845.895,67.52
2022-10-10T07:00+02:00,-2671.7275,25106.12778,27075.60193,60294.5325,67.52
2022-10-10T08:00+02:00,-4095.605,25490.58221,28590.49304,62980.2175,67.52
2022-10-10T09:00+02:00,-5845.885,25056.76461,31698.9861,63532.75,67.52
2022-10-10T10:00+02:00,-6404.42,24989.94462,35039.83721,63967.5775,67.52
2022-10-10T11:00+02:00,-5791.9425,24055.0519,38222.6941,64140.9875,67.52
2022-10-10T12:00+02:00,-5370.045,22440.72128,40659.55394,63490.4975,67.52
2022-10-10T13:00+02:00,-6429.8475,22928.52548,42097.28195,62662.63,67.52
2022-10-10T14:00+02:00,-6021.9225,23111.63671,40398.11713,61279.1125,67.52
2022-10-10T15:00+02:00,-5295.0325,23897.14088,37022.63858,60391.905,67.52
2022-10-10T16:00+02:00,-4611.93,24954.47659,31375.87511,59564.13,67.52
2022-10-10T17:00+02:00,-1707.515,26338.69634,26529.81334,60162.9925,67.52
2022-10-10T18:00+02:00,-1201.815,26888.14912,25669.5414,61897.9425,67.52
2022-10-10T19:00+02:00,-2190.8525,27511.84392,25877.38789,62730.9975,67.52
2022-10-10T20:00+02:00,-3698.4325,27794.33357,26480.84025,59399.9075,67.52
2022-10-10T21:00+02:00,-5471.62,26681.69514,27322.93396,55901.72,67.52
2022-10-10T22:00+02:00,-6462.0625,26174.64418,26550.5649,52390.22,67.52
2022-10-10T23:00+02:00,-7372.3075,25669.67898,25330.36135,48885.715,67.52
2022-10-11T00:00+02:00,-4595.5525,23986.0741,24931.73293,46218.785,67.52
2022-10-11T01:00+02:00,-4682.1375,23031.74395,24061.02191,44787.8025,67.52
2022-10-11T02:00+02:00,-4467.19,22791.06267,22462.07183,43516.9975,67.52
2022-10-11T03:00+02:00,-3133.395,23132.80399,21621.19151,43548.78,67.52
2022-10-11T04:00+02:00,-1806.6225,23424.53994,20619.33716,44979.6925,67.52
2022-10-11T05:00+02:00,-1374.6525,24833.77266,19467.19208,47983.26,67.52
2022-10-11T06:00+02:00,1104.875,27728.69004,19160.97761,55036.9925,67.52
2022-10-11T07:00+02:00,549.6175,30260.49454,18600.08633,60451.8875,67.52
2022-10-11T08:00+02:00,-808.855,31181.91824,19775.75466,62630.0025,67.52
2022-10-11T09:00+02:00,-1948.415,30957.17354,22976.89212,62689.64,67.52
2022-10-11T10:00+02:00,-1650.57,30031.71473,26994.87318,63610.8025,67.52
2022-10-11T11:00+02:00,-2387.8125,29326.1389,31295.42746,64802.6175,67.52
2022-10-11T12:00+02:00,-2977.7325,28402.26738,33949.55258,64529.08,67.52
2022-10-11T13:00+02:00,-2645.4275,27103.17865,33364.04838,63276.7825,67.52
2022-10-11T14:00+02:00,-2225.335,27761.88386,30319.07704,61623.6775,67.52
2022-10-11T15:00+02:00,-1177.21,28578.34732,25857.17495,59645.8625,67.52
2022-10-11T16:00+02:00,1960.82,29600.08801,19487.43596,58691.985,67.52
2022-10-11T17:00+02:00,3938.15,31172.39113,13131.71962,58544.88,67.52
2022-10-11T18:00+02:00,5370.7425,32089.86467,10018.55114,59577.93,67.52
2022-10-11T19:00+02:00,5375.18,32061.33502,9977.6419,60978.275,67.52
2022-10-11T20:00+02:00,3707.96,31753.33148,10051.62355,57688.59,67.52
2022-10-11T21:00+02:00,3768.4325,30709.78722,9718.866885,53864.865,67.52
2022-10-11T22:00+02:00,2502.955,30131.17456,9441.411927,50315.3575,67.52
2022-10-11T23:00+02:00,1741.0575,28353.75028,9157.600416,46469.8775,67.52
2022-10-12T00:00+02:00,2157.205,27699.18884,8926.877497,43998.2275,67.52
2022-10-12T01:00+02:00,3307.0875,26969.44273,9064.643349,42640.8125,67.52
2022-10-12T02:00+02:00,3365.9875,26694.89893,9204.53074,41826.1725,67.52
2022-10-12T03:00+02:00,3473.4675,26722.35286,9239.63256,42347.895,67.52
2022-10-12T04:00+02:00,4081.5725,27022.31,9356.803775,43757.69,67.52
2022-10-12T05:00+02:00,3553.48,28634.97778,9289.973671,46916.4275,67.52
2022-10-12T06:00+02:00,4771.065,30414.47027,9855.120572,54023.9675,67.52
2022-10-12T07:00+02:00,4635.5,31260.93152,10649.15992,59159.7225,67.52
2022-10-12T08:00+02:00,5047.8575,31462.62756,13108.77807,61302.0425,67.52
2022-10-12T09:00+02:00,1873.025,31538.53353,19160.92828,61754.8125,67.52
2022-10-12T10:00+02:00,-1861.825,30763.49297,25250.36873,62214.135,67.52
2022-10-12T11:00+02:00,-3211.415,29647.97912,28874.04177,62903.7,67.52
2022-10-12T12:00+02:00,-4187.86,29046.10741,31511.49838,62191.6,67.52
2022-10-12T13:00+02:00,-4160.3425,28662.15536,32019.29899,61329.08,67.52
2022-10-12T14:00+02:00,-3598.785,28475.89568,29927.16238,59685.5,67.52
2022-10-12T15:00+02:00,-2529.715,29161.85783,26456.11731,58575.715,67.52
2022-10-12T16:00+02:00,19.2275,30148.27846,20364.14475,57563.1125,67.52
2022-10-12T17:00+02:00,3367.7575,31133.41347,13877.63036,58198.7725,67.52
2022-10-12T18:00+02:00,4641.6175,31948.89761,11370.68075,59903.0625,67.52
2022-10-12T19:00+02:00,3845.1,32044.90859,12546.29727,61382.4525,67.52
2022-10-12T20:00+02:00,1244.9675,31740.12929,14048.62049,58191.6725,67.52
2022-10-12T21:00+02:00,362.9625,30577.59409,15432.65095,55042.2325,67.52
2022-10-12T22:00+02:00,-664.515,28679.86725,16068.16248,51583.025,67.52
2022-10-12T23:00+02:00,-1899.835,27292.84655,16530.08791,47879.8425,67.52
2022-10-13T00:00+02:00,-1193.0775,26628.83868,16855.52661,45303.68,67.52
2022-10-13T01:00+02:00,-443.3075,26194.8756,17043.48391,43611.2925,67.52
2022-10-13T02:00+02:00,-1095.34,26008.52859,16415.71951,42572.5175,67.52
2022-10-13T03:00+02:00,-525.1325,26139.25284,15520.88042,42556.195,67.52
2022-10-13T04:00+02:00,789.0525,26412.61107,14991.83135,43786.0025,67.52
2022-10-13T05:00+02:00,1094.79,27125.64912,15036.28137,47326.4625,67.52
2022-10-13T06:00+02:00,392.335,29356.12478,16089.41081,54221.8825,67.52
2022-10-13T07:00+02:00,816.555,30854.36748,16229.59231,59056.05,67.52
2022-10-13T08:00+02:00,-681.5275,31359.60259,18448.31959,61298.665,67.52
2022-10-13T09:00+02:00,-1598.57,31431.73587,20788.59469,61840.95,67.52
2022-10-13T10:00+02:00,-2070.7,31599.6168,22883.15033,62611.6225,67.52
2022-10-13T11:00+02:00,-844.2325,31830.72379,24511.62271,63253.1375,67.52
2022-10-13T12:00+02:00,-1162.23,31853.96539,25888.45548,63131.19,67.52
2022-10-13T13:00+02:00,-1621.77,31832.91741,25796.90547,62469.705,67.52
2022-10-13T14:00+02:00,-1096.305,31833.32278,23686.94136,61451.44,67.52
2022-10-13T15:00+02:00,624.785,32096.78366,20160.07533,60151.12,67.52
2022-10-13T16:00+02:00,997.4025,32448.37819,16538.9462,58855.1325,67.52
2022-10-13T17:00+02:00,2560.895,32710.6575,13878.39264,58850.3125,67.52
2022-10-13T18:00+02:00,1708.66,32944.10044,13095.88465,60367.21,67.52
2022-10-13T19:00+02:00,1544.5375,32974.31346,13932.55618,60801.675,67.52
2022-10-13T20:00+02:00,1307.7675,32396.6989,14713.35042,57413.595,67.52
2022-10-13T21:00+02:00,491.8475,30540.70886,14801.19309,54190.33,67.52
2022-10-13T22:00+02:00,470.105,28693.2849,14532.64179,50577.5475,67.52
2022-10-13T23:00+02:00,161.73,27711.68502,13512.17178,46756.8325,67.52
2022-10-14T00:00+02:00,-287.275,27000.86087,12854.92698,44288.7275,67.52
2022-10-14T01:00+02:00,982.615,26715.43935,12205.30574,42845.8,67.52
2022-10-14T02:00+02:00,1409.03,26356.31236,11747.22481,41809.37,67.52
2022-10-14T03:00+02:00,2756.34,26201.89861,11567.38652,41949.3,67.52
2022-10-14T04:00+02:00,4104.1025,26346.51656,11202.49609,42917.7225,67.52
2022-10-14T05:00+02:00,3850.505,28474.95845,11244.42293,46196.915,67.52
2022-10-14T06:00+02:00,5366.105,29877.48206,11506.85253,53415.185,67.52
2022-10-14T07:00+02:00,4619.7275,30612.61192,12172.92697,58633.31,67.52
2022-10-14T08:00+02:00,4146.57,30798.50144,13467.30672,60809.1725,67.52
2022-10-14T09:00+02:00,2069.05,30807.29046,16244.75458,61280.4725,67.52
2022-10-14T10:00+02:00,2803.685,30670.40347,20118.97944,62326.565,67.52
2022-10-14T11:00+02:00,463.5925,30621.81859,23224.22088,62667.285,67.655
2022-10-14T12:00+02:00,-140.1475,30299.5238,24754.6014,62689.355,67.7
2022-10-14T13:00+02:00,-212.6525,30338.8494,24187.0924,61191.1475,67.7
2022-10-14T14:00+02:00,115.3425,30403.668,22497.02179,59437.8425,67.7
2022-10-14T15:00+02:00,2182.3275,30382.73509,19762.64735,58246.5725,67.7
2022-10-14T16:00+02:00,2656.035,30589.1693,16983.92251,57446.0725,67.7
2022-10-14T17:00+02:00,4099.0975,30575.12254,15009.41761,57624.455,67.7
2022-10-14T18:00+02:00,2793.9775,30644.31987,15110.14007,59059.045,67.7
2022-10-14T19:00+02:00,472.1625,30653.2852,16633.05316,59386.41,67.7
2022-10-14T20:00+02:00,427.33,29622.40361,17642.73022,56463.315,67.7
2022-10-14T21:00+02:00,-205.835,27428.88519,18237.18311,53033.6575,67.7
2022-10-14T22:00+02:00,438.03,26154.54551,18401.85729,50135.6225,67.7
2022-10-14T23:00+02:00,-1419.065,24721.26536,18213.55641,46908.17,67.7
2022-10-15T00:00+02:00,-2527.6375,23285.29996,17741.50601,43671.815,67.7
2022-10-15T01:00+02:00,-1774.185,21866.27258,17300.33944,41619.3225,67.7
2022-10-15T02:00+02:00,-477.4975,20837.74976,16532.00107,40709.1575,67.7
2022-10-15T03:00+02:00,1725.1875,20167.72157,15253.44396,40398.2725,67.7
2022-10-15T04:00+02:00,2640.485,19917.94951,14280.11718,40242.84,67.7
2022-10-15T05:00+02:00,2906.65,20377.45052,13483.71684,40631.615,67.7
2022-10-15T06:00+02:00,2953.5275,21111.88051,13600.68643,42472.075,67.7
2022-10-15T07:00+02:00,4262.935,21833.87229,13974.88554,44730.4525,67.7
2022-10-15T08:00+02:00,4802.045,22078.31295,15321.65799,48140.28,67.7
2022-10-15T09:00+02:00,4212.3525,21787.30175,17794.65239,50702.3225,67.7
2022-10-15T10:00+02:00,2463.14,21274.17449,21602.25956,52070.5525,67.7
2022-10-15T11:00+02:00,105.2575,20716.27024,26694.61429,53475.725,67.7
2022-10-15T12:00+02:00,-3972.2325,20019.80372,32047.76791,53203.9975,67.7
2022-10-15T13:00+02:00,-6143.4875,19118.71232,34927.17979,51752.265,67.7
2022-10-15T14:00+02:00,-6717.78,18899.24465,35079.81662,50303.025,67.7
2022-10-15T15:00+02:00,-4886.6125,18705.81166,33359.76619,49901.7,67.7
2022-10-15T16:00+02:00,-2585.5225,19438.78569,29652.20129,49025.01,67.7
2022-10-15T17:00+02:00,-819.83,20307.67035,25074.05251,50129.195,67.7
2022-10-15T18:00+02:00,373.0025,20597.12828,24568.29135,52066.0675,67.7
2022-10-15T19:00+02:00,-2644.2175,20755.89651,26431.02807,52257.6775,67.7
2022-10-15T20:00+02:00,-4649.9575,20059.92009,28631.62224,49986.5925,67.7
2022-10-15T21:00+02:00,-6685.93,19235.02779,29260.43777,48056.59,67.7
2022-10-15T22:00+02:00,-7607.9475,18831.81674,28227.83425,45875.2825,67.7
2022-10-15T23:00+02:00,-9672.805,18425.13795,27538.16574,43155.7675,67.7
2022-10-16T00:00+02:00,-9138.47,16895.1655,27803.3678,40708.295,67.7
2022-10-16T01:00+02:00,-8255.395,15585.85518,27737.58532,39394.4025,67.7
2022-10-16T02:00+02:00,-7085.24,15470.12322,26964.64168,38538.8175,67.7
2022-10-16T03:00+02:00,-6645.605,15595.39598,26327.02792,37766.6825,67.7
2022-10-16T04:00+02:00,-6522.3775,16100.5237,25942.34169,37830.06,67.7
2022-10-16T05:00+02:00,-6481.285,16707.392,26538.85031,38552.4625,67.7
2022-10-16T06:00+02:00,-6530.9775,16475.1886,27328.40559,39875.4875,67.7
2022-10-16T07:00+02:00,-7988.155,16938.04494,27460.70564,41783.5575,67.7
2022-10-16T08:00+02:00,-8858.095,17369.40123,29034.82934,44433.44,67.7
2022-10-16T09:00+02:00,-7822.525,17477.63681,32525.09903,47304.8075,67.7
2022-10-16T10:00+02:00,-7658.235,16513.80532,37359.1629,50127.2725,67.7
2022-10-16T11:00+02:00,-7309.035,14991.3742,42319.32493,52355.29,67.7
2022-10-16T12:00+02:00,-8330.4025,14405.22089,44834.60054,52260.465,67.7
2022-10-16T13:00+02:00,-9571.5475,14128.26651,42857.67683,49964.4725,67.7
2022-10-16T14:00+02:00,-9643.0175,14139.67795,41527.01083,48338.875,67.7
2022-10-16T15:00+02:00,-7116.3325,14567.70347,37646.48727,47566.465,67.7
2022-10-16T16:00+02:00,-5396.165,18308.09971,29169.08641,46768.0325,67.7
2022-10-16T17:00+02:00,551.0475,20925.51241,20211.30763,47856.46,67.7
2022-10-16T18:00+02:00,3219.4375,21913.87264,16462.73582,50446.6825,67.7
2022-10-16T19:00+02:00,2207.82,22612.14647,15261.3622,50875.23,67.7
2022-10-16T20:00+02:00,1972.9925,22497.82599,14729.34074,48223.5525,67.7
2022-10-16T21:00+02:00,3480.62,22059.70293,13728.32283,46081.0175,67.7
2022-10-16T22:00+02:00,2400.015,22178.30905,13252.21732,44776.0325,67.7
2022-10-16T23:00+02:00,2340.23,21365.37746,13224.28244,41791.89,67.7
2022-10-17T00:00+02:00,1790.735,20588.38694,14769.83056,39515.6875,67.7
2022-10-17T01:00+02:00,-269.7625,20266.74622,16778.48529,37994.0375,67.7
2022-10-17T02:00+02:00,-1953.3375,19891.90522,18616.7722,37378.9875,67.7
2022-10-17T03:00+02:00,-3394.0925,19930.81742,20277.57342,38804.0525,67.7
2022-10-17T04:00+02:00,-3518.555,20599.42589,22606.4044,40469.395,67.7
2022-10-17T05:00+02:00,-3022.09,21586.25947,25012.92869,44543.865,67.7
2022-10-17T06:00+02:00,-3609.935,23811.5643,27192.20051,52654,67.7
2022-10-17T07:00+02:00,-3522.5775,25301.84377,28383.37576,58971.38,67.7
2022-10-17T08:00+02:00,-5408.4025,25187.17598,30908.75003,61122.6725,67.7
2022-10-17T09:00+02:00,-6881.5125,24224.93177,35457.03599,61790.5225,67.7
2022-10-17T10:00+02:00,-7574.8375,24044.45524,38957.35315,61855.1875,67.7
2022-10-17T11:00+02:00,-8373.8675,23891.90477,42003.47337,63216.2425,67.7
2022-10-17T12:00+02:00,-7615.6375,23533.7231,44117.31013,62644.6075,67.7
2022-10-17T13:00+02:00,-7309.6525,23255.04051,43165.60098,61914.4925,67.7
2022-10-17T14:00+02:00,-7657.495,23888.77862,40102.82947,60277.8975,67.7
2022-10-17T15:00+02:00,-6081.41,25233.52683,34652.94534,59908.4025,67.7
2022-10-17T16:00+02:00,-5360.0925,26723.24792,29547.91929,59071.0275,67.7
2022-10-17T17:00+02:00,-3146.1025,28161.40789,24078.85758,59778.0725,67.7
2022-10-17T18:00+02:00,-2034.0475,28403.46221,21565.82556,62496.8475,67.7
2022-10-17T19:00+02:00,-3104.09,28475.24293,21500.61471,62871.405,67.7
2022-10-17T20:00+02:00,-1990.4925,27921.5071,21142.42586,59479.2325,67.7
2022-10-17T21:00+02:00,-2285.415,27138.78558,21005.90849,55695.19,67.7
2022-10-17T22:00+02:00,-1437.9325,25606.44444,19443.99538,51735.0975,67.7
2022-10-17T23:00+02:00,-1211.15,24437.00607,17926.36276,48138.165,67.7
2022-10-18T00:00+02:00,2041.6775,22616.54613,16686.96173,45418.145,67.7
2022-10-18T01:00+02:00,2716.6925,22141.79056,15679.17834,43775.945,67.7
2022-10-18T02:00+02:00,3000.415,22251.05705,14633.11586,42708.4,67.7
2022-10-18T03:00+02:00,3768.495,22186.87091,13829.98474,42734.0475,67.7
2022-10-18T04:00+02:00,4381.49,22719.62239,13188.24904,43544.525,67.7
2022-10-18T05:00+02:00,4027.8175,25375.46331,12509.91779,47087.895,67.7
2022-10-18T06:00+02:00,3238.6375,29279.6352,12446.95128,54619.3275,67.7
2022-10-18T07:00+02:00,3853.485,31238.59782,12865.70294,60414.76,67.7
2022-10-18T08:00+02:00,4117.44,31672.97239,14268.22164,62699.34,67.7
2022-10-18T09:00+02:00,2851.1225,31860.05882,16885.04762,63330.345,67.7
2022-10-18T10:00+02:00,3211.85,31353.81581,20244.36033,64293.635,67.7
2022-10-18T11:00+02:00,2166.03,30407.98407,24759.61804,64813.3975,67.7
2022-10-18T12:00+02:00,1374.3025,28636.47149,29077.47489,64905.195,67.7
2022-10-18T13:00+02:00,-386.165,27046.6524,31871.59448,64109.315,67.7
2022-10-18T14:00+02:00,-1336.5125,26731.14204,32434.27026,62262.1425,67.7
2022-10-18T15:00+02:00,-1228.4875,27033.56348,30356.6287,61631.5725,67.7
2022-10-18T16:00+02:00,-1027.415,28516.16533,25435.02707,60671.125,67.7
2022-10-18T17:00+02:00,-271.5525,31019.01505,19715.41419,61057.3275,67.7
2022-10-18T18:00+02:00,1406.5625,31485.43346,17822.1163,62903.7175,67.7
2022-10-18T19:00+02:00,448.835,31505.01324,18225.94899,63448.3375,67.7
2022-10-18T20:00+02:00,-142.5825,30487.91955,18379.67661,60047.15,67.7
2022-10-18T21:00+02:00,397.605,28191.65013,18577.10461,56335.825,67.7
2022-10-18T22:00+02:00,1473.4825,25688.37699,17820.23713,52206.365,67.7
2022-10-18T23:00+02:00,3017.465,23300.88282,16906.9174,48079.48,67.7
2022-10-19T00:00+02:00,4773.82,21344.91204,16455.54034,45192.2925,67.7
2022-10-19T01:00+02:00,4972.745,20564.85654,15833.0911,43775.5,67.7
2022-10-19T02:00+02:00,5886.6375,20106.93476,15380.62457,43576.4725,67.7
2022-10-19T03:00+02:00,6368.9875,20037.73328,14593.19309,43626.755,67.7
2022-10-19T04:00+02:00,6298.89,21350.62783,13880.64558,44356.49,67.7
2022-10-19T05:00+02:00,5814.8325,24395.37053,13614.82547,47903.6825,67.7
2022-10-19T06:00+02:00,5176.87,28029.10804,13219.65047,54839.1,67.7
2022-10-19T07:00+02:00,5734.6325,29625.98828,12893.54997,60246.5925,67.7
2022-10-19T08:00+02:00,6757.105,29964.36479,13257.74313,62076.645,67.7
2022-10-19T09:00+02:00,7118.0425,29459.10868,15389.6675,62463.29,67.7
2022-10-19T10:00+02:00,5370.4025,29163.8588,18839.69289,62921.5425,67.7
2022-10-19T11:00+02:00,4491.735,28439.48203,22393.12613,63929.7475,68.39
2022-10-19T12:00+02:00,3278.335,27718.78224,24803.23203,63314.66,68.62
2022-10-19T13:00+02:00,1357.5975,27357.61451,26147.14665,61542.25,68.62
2022-10-19T14:00+02:00,1220.435,26958.11769,25748.90766,60131.16,68.62
2022-10-19T15:00+02:00,1218.715,27680.13125,23307.39893,58771.3175,68.62
2022-10-19T16:00+02:00,3531.475,28358.70746,18946.18688,57420.7625,68.62
2022-10-19T17:00+02:00,5621.3125,28720.24479,14382.34077,58647.89,68.62
2022-10-19T18:00+02:00,5642.4825,29287.04997,14787.69494,60865.695,68.62
2022-10-19T19:00+02:00,3955.24,29111.25228,18236.12087,61210.3325,68.62
2022-10-19T20:00+02:00,1151.7425,27624.55811,20902.8449,58330.4025,68.62
2022-10-19T21:00+02:00,617.045,24684.78506,22914.09294,55618.115,68.62
2022-10-19T22:00+02:00,-566.555,22415.7535,24851.3061,52318.1475,68.62
2022-10-19T23:00+02:00,-501.7975,19690.00139,26698.43477,48905.4325,68.62
2022-10-20T00:00+02:00,-1461.3775,18047.86616,27808.20889,45546.4525,68.62
2022-10-20T01:00+02:00,-2579.4525,16900.93097,29014.738,44072.0725,68.62
2022-10-20T02:00+02:00,-3468.9025,16794.3263,29504.42886,43302.5125,68.62
2022-10-20T03:00+02:00,-3387.3125,16739.93915,29999.48752,44057.6,68.62
2022-10-20T04:00+02:00,-2915.135,16981.8559,30386.20447,45255.3,68.62
2022-10-20T05:00+02:00,-2202.7975,18109.81098,30972.82953,48534.355,68.62
2022-10-20T06:00+02:00,-1567.265,20075.92414,32188.68815,54873.04,68.62
2022-10-20T07:00+02:00,-2288.02,21624.44173,32921.51517,61211.6775,68.62
2022-10-20T08:00+02:00,-3252.53,21941.34967,34580.17175,63504.3575,68.62
2022-10-20T09:00+02:00,-5079.4575,22035.92315,38352.65729,64282.6425,68.62
2022-10-20T10:00+02:00,-5915.49,22382.34053,41361.12551,64784.4725,68.62
2022-10-20T11:00+02:00,-6106.505,21965.58295,44653.28467,65820.8175,68.62
2022-10-20T12:00+02:00,-6874.9975,21083.19684,45404.51004,65303.5575,68.62
2022-10-20T13:00+02:00,-5475.195,21751.05994,42301.66166,63781.5925,68.62
2022-10-20T14:00+02:00,-3122.275,23022.99683,39325.28666,61930.9025,68.62
2022-10-20T15:00+02:00,-1489.44,23200.82939,35713.64234,61482.49,68.62
2022-10-20T16:00+02:00,411.075,23967.2686,31700.18901,61116.415,68.62
2022-10-20T17:00+02:00,-410.49,24675.50047,29212.31418,62116.3825,68.62
2022-10-20T18:00+02:00,-363.8425,25134.31811,30687.0051,64455.6775,68.62
2022-10-20T19:00+02:00,-1322.5,24731.86949,31844.9453,64499.135,68.62
2022-10-20T20:00+02:00,-1908.5575,24241.40065,31402.24579,61015.8625,68.62
2022-10-20T21:00+02:00,-1481.955,23174.30045,28747.24524,56450.415,68.62
2022-10-20T22:00+02:00,-1509.525,22080.45828,26859.47876,52206.3875,68.62
2022-10-20T23:00+02:00,-1024.3075,20281.63963,25981.4873,48593.68,68.62
2022-10-21T00:00+02:00,-767.72,18371.81854,25299.38834,46882.1825,68.62
2022-10-21T01:00+02:00,562.3125,18268.94476,23933.20664,45543.07,68.62
2022-10-21T02:00+02:00,1346.505,18186.26678,22710.46956,44151.4475,68.62
2022-10-21T03:00+02:00,2202.955,19026.13513,21197.80028,43384,68.62
2022-10-21T04:00+02:00,4600.1675,19601.65928,20714.48629,45037.995,68.62
2022-10-21T05:00+02:00,4576.3325,21358.08008,20369.89154,48079.3275,68.62
2022-10-21T06:00+02:00,3346.66,24220.77106,20436.435,54463.28,68.62
2022-10-21T07:00+02:00,4124.9525,26840.85625,20069.05981,60114.53,68.62
2022-10-21T08:00+02:00,3890.6675,28182.54431,20901.01284,62497.1625,68.62
2022-10-21T09:00+02:00,4018.0575,28389.45798,21961.62869,63581.2,68.62
2022-10-21T10:00+02:00,3513.65,27925.56458,22234.93719,64273.5325,68.62
2022-10-21T11:00+02:00,5743.5675,27614.41941,22122.26432,64292.0375,68.08
2022-10-21T12:00+02:00,7606.4375,27461.99452,21475.07734,63523.8125,67.9
2022-10-21T13:00+02:00,6743.7625,27517.45249,21212.70645,61415.0425,67.9
2022-10-21T14:00+02:00,5224.825,27531.16127,20919.12891,59409.43,67.9
2022-10-21T15:00+02:00,6259.6875,27438.06149,19743.45201,58603.9875,67.9
2022-10-21T16:00+02:00,6479.5625,27485.43661,17806.5126,57831.91,67.9
2022-10-21T17:00+02:00,6518.9525,28045.92098,16142.1814,58362.0425,67.9
2022-10-21T18:00+02:00,6271.6975,28372.27255,16409.77916,59935.235,67.9
2022-10-21T19:00+02:00,4321.225,28596.54023,16559.89062,59300.7475,67.9
2022-10-21T20:00+02:00,4525.875,27574.80041,16808.29998,55340.555,67.9
2022-10-21T21:00+02:00,4409.38,25142.62619,16409.87586,51265.275,67.9
2022-10-21T22:00+02:00,5033.1075,22927.58583,15606.45771,48357.75,67.9
2022-10-21T23:00+02:00,4256.7,21396.2617,14806.18302,44717.65,67.9
2022-10-22T00:00+02:00,3257.0475,20101.79889,14542.74631,42410.995,67.9
2022-10-22T01:00+02:00,2675.0525,19721.42947,14650.07861,40082.0875,67.9
2022-10-22T02:00+02:00,2878.1775,19007.72072,15395.39068,39000.1125,67.9
2022-10-22T03:00+02:00,3436.1025,18487.61371,15737.27692,38686.3225,67.9
2022-10-22T04:00+02:00,3987.5275,18389.94996,15758.88985,39066.9225,67.9
2022-10-22T05:00+02:00,3835.7525,18286.67491,15961.90364,39825.3025,67.9
2022-10-22T06:00+02:00,3177.385,18861.34182,16314.32231,41636.8225,67.9
2022-10-22T07:00+02:00,3869.925,19419.49687,17427.16501,44946.83,67.9
2022-10-22T08:00+02:00,4100.155,19467.1632,18995.04279,48331.8425,67.9
2022-10-22T09:00+02:00,2765.07,19437.4051,22348.89892,51181.7275,67.9
2022-10-22T10:00+02:00,2131.69,19114.37489,26627.24126,53125.935,67.9
2022-10-22T11:00+02:00,860.9775,18509.00701,30427.03265,53615.12,67.9
2022-10-22T12:00+02:00,-1251.9425,17131.4197,34929.57419,53424.1075,67.9
2022-10-22T13:00+02:00,-2622.7325,16277.04305,36719.79702,51866.525,67.9
2022-10-22T14:00+02:00,-2443.8775,16136.00327,35710.32577,50473.415,67.9
2022-10-22T15:00+02:00,-527.2825,16498.03928,31824.48047,49510.4075,67.9
2022-10-22T16:00+02:00,1802.465,18341.54064,25058.02201,48817.2875,67.9
2022-10-22T17:00+02:00,5808.2775,19225.87926,18930.04031,50086.8725,67.9
2022-10-22T18:00+02:00,5857.5125,19649.30659,18323.4513,52715.3375,67.9
2022-10-22T19:00+02:00,3954.205,19357.41653,19558.39353,52156.265,67.9
2022-10-22T20:00+02:00,3275.9875,18899.30959,20003.51686,48987.73,67.9
2022-10-22T21:00+02:00,1430.2625,18707.2872,19591.96592,45727.5175,67.9
2022-10-22T22:00+02:00,1515.985,18155.86102,18899.46146,43793.3525,67.9
2022-10-22T23:00+02:00,1585.4825,17601.69907,17295.84254,41172.6225,67.9
2022-10-23T00:00+02:00,932.2325,16973.71069,15992.73493,38280.31,67.9
2022-10-23T01:00+02:00,1061.585,16495.4906,15612.07085,36846.395,67.9
2022-10-23T02:00+02:00,1385.285,16370.18482,14995.64098,36033.2275,67.9
2022-10-23T03:00+02:00,2264.3225,16516.52319,14159.58657,35812.5425,67.9
2022-10-23T04:00+02:00,3394.085,16588.9575,13645.40684,36224.105,67.9
2022-10-23T05:00+02:00,3130.005,16939.67178,13200.09064,36104.785,67.9
2022-10-23T06:00+02:00,3240.105,17201.01704,13246.96148,36943.775,67.9
2022-10-23T07:00+02:00,3952.5525,17368.87984,13661.444,38872.86,67.9
2022-10-23T08:00+02:00,3240.315,17542.3256,16171.75643,41479.9125,67.9
2022-10-23T09:00+02:00,947.5875,17430.73659,22076.1043,44570.205,67.9
2022-10-23T10:00+02:00,-2349.1375,17009.55989,27203.55427,47002.9675,67.9
2022-10-23T11:00+02:00,-3880.34,16927.39712,30963.88724,48792.075,67.9
2022-10-23T12:00+02:00,-4399.735,16591.91163,32694.86975,48538.65,67.9
2022-10-23T13:00+02:00,-3090.875,16138.85227,31907.58042,46592.27,67.9
2022-10-23T14:00+02:00,-2199.8775,15956.52259,29453.03304,45000.7925,67.9
2022-10-23T15:00+02:00,-2367.135,16569.35599,26429.56571,44503.6225,67.9
2022-10-23T16:00+02:00,-1732.79,16896.66797,25052.88264,45406.435,67.9
2022-10-23T17:00+02:00,-419.2,17205.3501,26422.02789,47720.5025,67.9
2022-10-23T18:00+02:00,-1154.1325,16988.888,30025.25741,51204.155,67.9
2022-10-23T19:00+02:00,-4217.3125,16006.46835,32770.64808,50736.4625,67.9
2022-10-23T20:00+02:00,-5577.5325,15058.41779,34074.06142,49097.77,67.9
2022-10-23T21:00+02:00,-5191.1225,14488.55167,33633.2336,47400.8175,67.9
2022-10-23T22:00+02:00,-4473.0075,13950.90335,31785.10853,45932.055,67.9
2022-10-23T23:00+02:00,-4264.9075,13253.10906,32406.76255,43818.3925,67.9
2022-10-24T00:00+02:00,-2510.5525,12425.61794,30888.92464,41929.5125,67.9
2022-10-24T01:00+02:00,-3882.27,12322.15273,30826.6684,40265.2275,67.9
2022-10-24T02:00+02:00,-4371.7325,12394.43332,31668.09918,39908.4525,67.9
2022-10-24T03:00+02:00,-4176.4,12521.50903,31737.67839,39739.2075,67.9
2022-10-24T04:00+02:00,-3762.39,12605.64461,32873.97155,41661.865,67.9
2022-10-24T05:00+02:00,-3024.8525,12947.29951,34596.19992,44953.13,67.9
2022-10-24T06:00+02:00,-2769.1725,15092.17861,37827.31139,53486.5025,67.9
2022-10-24T07:00+02:00,-2763.6375,17074.19746,39750.26702,59973.6225,67.9
2022-10-24T08:00+02:00,-5945.3975,18177.17738,40819.95997,63211.7625,67.9
2022-10-24T09:00+02:00,-6421.2475,18111.00038,42379.28913,63343.7125,67.9
2022-10-24T10:00+02:00,-6753.3625,17962.83881,45184.57421,64175.3475,67.9
2022-10-24T11:00+02:00,-6725.5225,18022.52155,47105.71709,65430.1275,67.9
2022-10-24T12:00+02:00,-5312.1025,17677.06989,47847.87966,65141.04,67.9
2022-10-24T13:00+02:00,-5528.265,17291.98866,47935.11755,64639.905,67.9
2022-10-24T14:00+02:00,-4598.8025,17791.78922,47012.61367,63201.9475,67.9
2022-10-24T15:00+02:00,-3723.76,18641.41708,44647.50535,62091.2475,67.9
2022-10-24T16:00+02:00,-2796.38,18708.20751,40429.20461,61332.41,67.9
2022-10-24T17:00+02:00,-898.8275,20429.01325,37211.01286,61672.0725,67.9
2022-10-24T18:00+02:00,-496.93,20557.59926,36560.16031,63788.3725,67.9
2022-10-24T19:00+02:00,-3021.2375,20105.76901,36814.87931,63174.4875,67.9
2022-10-24T20:00+02:00,-2941.485,19562.14152,36624.22434,59470.025,67.9
2022-10-24T21:00+02:00,-2011.3075,17888.67312,36380.41746,55451.89,67.9
2022-10-24T22:00+02:00,-3390.05,17163.71661,35180.48435,52188.2325,67.9
2022-10-24T23:00+02:00,-3791.5675,16301.99012,34590.04268,48808.1125,67.9
2022-10-25T00:00+02:00,-4278.675,14918.26725,34015.96604,45656.6475,67.9
2022-10-25T01:00+02:00,-4231.905,14639.288,33575.53867,44409.29,67.9
2022-10-25T02:00+02:00,-3611.93,14473.44908,33073.77109,43287.84,67.9
2022-10-25T03:00+02:00,-3865.0875,14303.77994,32636.15927,43278.39,67.9
2022-10-25T04:00+02:00,-3181.6975,14571.33791,31925.63573,44610.675,67.9
2022-10-25T05:00+02:00,-1437.3175,16039.17986,30761.81557,48055.8625,67.9
2022-10-25T06:00+02:00,483.735,20731.84462,30762.41862,55436.6025,67.9
2022-10-25T07:00+02:00,2610.665,22337.10442,30714.33838,60976.58,67.9
2022-10-25T08:00+02:00,2393.495,22848.42952,30843.05617,62321.095,67.9
2022-10-25T09:00+02:00,1519.955,22721.79371,33211.24585,63538.0425,67.9
2022-10-25T10:00+02:00,-105.79,22419.14715,38178.90037,64407.67,67.9
2022-10-25T11:00+02:00,-937.4575,22556.01833,40431.744,64990.8475,67.9
2022-10-25T12:00+02:00,12.2675,22417.97953,40278.08359,64698.9825,67.9
2022-10-25T13:00+02:00,-2275.7425,21435.11545,43718.25653,63524.73,67.9
2022-10-25T14:00+02:00,-2065.1375,21709.79791,41406.09035,62217.6475,67.9
2022-10-25T15:00+02:00,-258.45,21957.40457,35744.50448,60682.69,67.9
2022-10-25T16:00+02:00,4992.67,22511.00981,27306.25276,59126.3525,67.9
2022-10-25T17:00+02:00,10072.995,23592.17026,20040.84476,59365.2225,67.9
2022-10-25T18:00+02:00,10226.085,24167.20149,18319.24261,61946.155,67.9
2022-10-25T19:00+02:00,9638.89,23958.80159,18481.04918,61867.5675,67.9
2022-10-25T20:00+02:00,8797.4625,23445.72299,18592.39788,58877.5225,67.9
2022-10-25T21:00+02:00,8064.11,22994.70586,18359.09111,55135.9675,67.9
2022-10-25T22:00+02:00,5999.0875,22486.1239,17685.48177,51266.455,67.9
2022-10-25T23:00+02:00,4348.3025,21849.75612,16749.09808,47182.1275,67.9
2022-10-26T00:00+02:00,3635.9525,21769.34067,16064.6451,44572.155,67.9
2022-10-26T01:00+02:00,3766.9325,20967.30387,14797.15363,42866.5875,67.9
2022-10-26T02:00+02:00,4462.9225,21206.75033,14016.49416,41235.175,67.9
2022-10-26T03:00+02:00,5843.835,21176.17672,14022.11307,41735.9475,67.9
2022-10-26T04:00+02:00,6439.04,21575.32236,13913.71094,42945.3675,67.9
2022-10-26T05:00+02:00,6499.84,22479.816,14313.64683,46005.7825,67.9
2022-10-26T06:00+02:00,8159.525,24841.64029,15430.72976,53564.9775,67.9
2022-10-26T07:00+02:00,8813.955,25958.66373,16897.35113,59365.2675,67.9
2022-10-26T08:00+02:00,8216.44,26212.01233,18822.147,61399.5375,67.9
2022-10-26T09:00+02:00,7118.02,26056.61524,22507.62349,62429.2275,67.9
2022-10-26T10:00+02:00,5666.485,25777.56015,26520.71997,63307.47,67.9
2022-10-26T11:00+02:00,4585.465,24938.44525,29993.8269,64197.08,67.9
2022-10-26T12:00+02:00,3199.705,24186.7881,31252.70727,63559.4725,67.9
2022-10-26T13:00+02:00,1937.8775,24068.57826,31650.19564,61997.77,67.9
2022-10-26T14:00+02:00,2629.84,24214.34783,30842.97653,60597.1075,67.9
2022-10-26T15:00+02:00,4906.965,24205.22047,27460.95374,59669.7925,67.9
2022-10-26T16:00+02:00,6387.8475,24638.96452,21997.06014,59449.235,67.9
2022-10-26T17:00+02:00,9541.4025,25672.75244,18944.52024,60019.1675,67.9
2022-10-26T18:00+02:00,8135.3,26103.41488,21433.09363,62675.07,67.9
2022-10-26T19:00+02:00,5141.005,26132.50489,24226.45627,62212.2475,67.9
2022-10-26T20:00+02:00,3592.1675,25163.67046,25817.66485,59473.1875,67.9
2022-10-26T21:00+02:00,1366.6325,23978.76513,26552.48714,55959.075,67.9
2022-10-26T22:00+02:00,605.8125,22704.0954,26214.95009,52367.545,67.9
2022-10-26T23:00+02:00,-92.465,21858.52967,25785.27147,48679.175,67.9
2022-10-27T00:00+02:00,-60.5925,20101.31676,24564.43429,45259.15,67.9
2022-10-27T01:00+02:00,573.67,20175.2053,22064.65331,43183.0375,67.9
2022-10-27T02:00+02:00,2217.1525,19657.11582,19844.24233,42307.3225,67.9
2022-10-27T03:00+02:00,3938.2725,19781.39283,19240.96882,42636.1775,67.9
2022-10-27T04:00+02:00,4690.7975,20426.17463,18544.86994,43943.775,67.9
2022-10-27T05:00+02:00,6494.59,20859.49673,17665.76406,47227.04,67.9
2022-10-27T06:00+02:00,8832.59,22403.74529,17544.49883,54743.9725,67.9
2022-10-27T07:00+02:00,7933.4725,23505.33795,18260.24813,60774.7,67.9
2022-10-27T08:00+02:00,9017.9225,23493.86992,19732.82526,62766.39,67.9
2022-10-27T09:00+02:00,7627.7275,22453.2963,25395.19209,62726.185,67.9
2022-10-27T10:00+02:00,4142.9425,22270.28459,31697.67774,63127.75,67.9
2022-10-27T11:00+02:00,1541.5775,21216.68522,36060.9552,63304.725,67.9
2022-10-27T12:00+02:00,-1539.0575,20782.37287,38475.51439,61845.1075,67.9
2022-10-27T13:00+02:00,-1936.815,21088.68664,39273.8559,60817.745,67.9
2022-10-27T14:00+02:00,-627.6375,20859.89333,37251.74448,60234.2725,67.9
2022-10-27T15:00+02:00,1330.64,21622.42391,32881.52709,59418.4775,67.9
2022-10-27T16:00+02:00,3865.205,22393.15082,27858.08676,58341.465,67.9
2022-10-27T17:00+02:00,7375.3275,22802.47276,25075.08748,59864.45,67.9
2022-10-27T18:00+02:00,4781.73,23096.60942,27606.19056,63366.245,67.9
2022-10-27T19:00+02:00,2042.4975,22870.65115,30433.55911,63148.44,67.9
2022-10-27T20:00+02:00,33.6425,22306.48487,31005.65803,59199.2575,67.9
2022-10-27T21:00+02:00,-256.9325,21519.13148,30700.83665,55278.2225,67.9
2022-10-27T22:00+02:00,-531.975,20460.97591,29768.74771,51771.635,67.9
2022-10-27T23:00+02:00,-2860.625,19811.51004,29656.91534,48051.0925,67.9
2022-10-28T00:00+02:00,-1815.0575,19312.29988,27971.83463,45823.68,67.9
2022-10-28T01:00+02:00,-1730.8175,19408.46299,26138.10945,44130.7475,67.9
2022-10-28T02:00+02:00,-683.4075,19515.29126,24178.62045,43147.4375,67.9
2022-10-28T03:00+02:00,513.305,19655.87248,22381.08856,42873.7525,67.9
2022-10-28T04:00+02:00,1370.7775,19737.80822,22053.87815,43759.86,67.9
2022-10-28T05:00+02:00,4103.375,19629.61063,21951.65693,46854.9625,67.9
2022-10-28T06:00+02:00,5417.6325,21023.35312,22957.5002,54065.7675,67.9
2022-10-28T07:00+02:00,8150.355,21460.74094,24046.49487,60053.51,67.9
2022-10-28T08:00+02:00,7607.3375,21520.28895,25563.95378,62546.12,67.9
2022-10-28T09:00+02:00,4821.435,21604.97069,28889.60738,63403.5825,67.9
2022-10-28T10:00+02:00,2646.1325,21165.91597,33001.51099,63075.675,67.9
2022-10-28T11:00+02:00,794.64,20764.98272,35294.79061,62983.035,77.545
2022-10-28T12:00+02:00,63.3075,20701.83735,36745.47729,62490.8475,80.76
2022-10-28T13:00+02:00,-481.1975,20572.65712,36770.92105,60270.9875,80.76
2022-10-28T14:00+02:00,-749.2925,20529.95418,34775.77762,58452.185,80.76
2022-10-28T15:00+02:00,146.6675,20550.668,31629.83983,57949.9175,80.76
2022-10-28T16:00+02:00,1566.2425,20471.2727,28495.20013,57292.24,80.76
2022-10-28T17:00+02:00,4181.8,20939.11291,27645.00859,58500.935,80.76
2022-10-28T18:00+02:00,2884.7775,21631.6786,29613.17521,60777.91,80.76
2022-10-28T19:00+02:00,1127.4725,21114.31324,32138.71011,60105.3825,80.76
2022-10-28T20:00+02:00,-1184.18,20090.81307,33194.29646,56934.34,80.76
2022-10-28T21:00+02:00,-2722.7125,19916.73073,32276.00157,52788.475,80.76
2022-10-28T22:00+02:00,-3284.1325,19290.15876,29345.12633,49342.3525,80.76
2022-10-28T23:00+02:00,-2957.1175,19249.80892,26740.67589,45447.4,80.76
2022-10-29T00:00+02:00,-2805.47,18874.79222,23906.09986,43783.86,80.76
2022-10-29T01:00+02:00,-309.1725,17930.36472,20948.60879,41886.11,80.76
2022-10-29T02:00+02:00,2498.505,17237.13209,18472.12036,40422.595,80.76
2022-10-29T03:00+02:00,4008.5925,16973.78486,16672.0056,39952.0875,80.76
2022-10-29T04:00+02:00,4916.15,17156.93962,14916.37137,40010.5925,80.76
2022-10-29T05:00+02:00,5629.1975,17502.13267,13807.06266,40892.0675,80.76
2022-10-29T06:00+02:00,6611.165,18051.09966,13297.07614,42534.5175,80.76
2022-10-29T07:00+02:00,8602.97,18414.32895,13447.96054,45458.4975,80.76
2022-10-29T08:00+02:00,9789.4325,19051.34616,14639.12023,48356.8325,80.76
2022-10-29T09:00+02:00,8417.5375,19128.12442,18333.6258,50766.13,80.76
2022-10-29T10:00+02:00,6352.0825,18890.17876,22121.01755,51869.8075,80.76
2022-10-29T11:00+02:00,6172.7775,17880.67477,25251.04152,52640.33,80.76
2022-10-29T12:00+02:00,5129.8875,17256.81255,26714.13207,52201.765,80.76
2022-10-29T13:00+02:00,5737.715,16936.29868,26612.29394,50716.3025,80.76
2022-10-29T14:00+02:00,5934.3925,17737.73868,24201.95306,49398.475,80.76
2022-10-29T15:00+02:00,6865.2425,18196.41997,19757.75787,48194.53,80.76
2022-10-29T16:00+02:00,9556.77,18897.8956,14747.15449,47972.9675,80.76
2022-10-29T17:00+02:00,11707.635,19633.97877,12372.95935,50008.4275,80.76
2022-10-29T18:00+02:00,10396.3175,20092.0528,13222.74102,52803.2125,80.76
2022-10-29T19:00+02:00,7397.55,20050.42702,15199.15855,51535.0825,80.76
2022-10-29T20:00+02:00,5907.2725,19775.09696,16922.78549,48554.89,80.76
2022-10-29T21:00+02:00,4574.0075,19460.25502,17789.79974,46115.495,80.76
2022-10-29T22:00+02:00,3060.825,18939.7798,17718.49382,43466.355,80.76
2022-10-29T23:00+02:00,838.975,18727.48134,17838.22687,40826.15,80.76
2022-10-30T00:00+02:00,275.935,17696.44407,17921.29924,37976.4025,80.76
2022-10-30T01:00+02:00,-1083.91,17137.82603,17918.58478,36428.36,80.76
2022-10-30T02:00+02:00,-1907.4,16665.90157,17565.71058,35357.17,80.76
2022-10-30T02:00+01:00,-417.35,15927.81806,17506.20267,34716.9675,80.76
2022-10-30T03:00+01:00,1342.4325,15916.34404,17528.87022,35260.88,80.76
2022-10-30T04:00+01:00,1925.955,15495.30403,17346.47268,35811.9425,80.76
2022-10-30T05:00+01:00,1718.9675,15872.73396,16831.85665,36123.3275,80.76
2022-10-30T06:00+01:00,1358.605,16395.83768,16096.26067,37729.0125,80.76
2022-10-30T07:00+01:00,2191.9975,17070.62528,16003.00331,40084.6425,80.76
2022-10-30T08:00+01:00,701.1825,17666.33951,20164.83599,43359.9375,80.76
2022-10-30T09:00+01:00,-1960.13,17705.20926,25758.19588,45604.5475,80.76
2022-10-30T10:00+01:00,-3547.0725,16720.8045,30362.60624,46632.405,80.76
2022-10-30T11:00+01:00,-4635.78,16292.68058,32283.30362,47691.985,80.76
2022-10-30T12:00+01:00,-4767.725,16677.81455,31526.28719,46801.6975,80.76
2022-10-30T13:00+01:00,-4033.2775,17088.68963,28470.50552,44986.96,80.76
2022-10-30T14:00+01:00,-1961.9575,18639.85236,22382.9311,43831.87,80.76
2022-10-30T15:00+01:00,2924.4225,19489.38409,15170.05723,43384.4625,80.76
2022-10-30T16:00+01:00,7239.045,19850.12996,10862.01768,44574.56,80.76
2022-10-30T17:00+01:00,8245.935,20089.05064,11214.59126,48765.8925,80.76
2022-10-30T18:00+01:00,6153.1275,20278.40758,12503.62036,49327.035,80.76
2022-10-30T19:00+01:00,5003.5925,20301.58124,13489.43653,47733.89,80.76
2022-10-30T20:00+01:00,3468.4425,20247.76059,14010.08545,46026.5975,80.76
2022-10-30T21:00+01:00,2648.4775,20012.31658,14204.72676,44000.46,80.76
2022-10-30T22:00+01:00,2046.255,20143.34871,14723.21816,42436.47,80.76
2022-10-30T23:00+01:00,783.49,19519.10042,15224.15191,39852.57,80.76
2022-10-31T00:00+01:00,-974.605,21339.90234,15734.65905,37771.4175,80.76
2022-10-31T01:00+01:00,-1586.605,21284.88978,15502.22425,36702.7875,80.76
2022-10-31T02:00+01:00,-1464.76,21382.67237,15105.75741,36296.53,80.76
2022-10-31T03:00+01:00,-168.0925,21328.16307,14520.40025,36429.88,80.76
2022-10-31T04:00+01:00,1446.19,21499.70643,13257.38655,37381.815,80.76
2022-10-31T05:00+01:00,3499.1725,21866.65364,12345.36546,39768.97,80.76
2022-10-31T06:00+01:00,5707.55,22546.51559,11688.04578,44414.425,80.76
2022-10-31T07:00+01:00,5381.73,23096.1243,12266.94862,47942.2025,80.76
2022-10-31T08:00+01:00,5703.525,23320.73205,15817.02458,50992.325,80.76
2022-10-31T09:00+01:00,3080.325,23213.34655,20931.97666,52906.755,80.76
2022-10-31T10:00+01:00,2107.95,23010.44175,24205.17281,53848.975,80.76
2022-10-31T11:00+01:00,1843.305,22969.53515,25039.19415,55307.8675,80.76
2022-10-31T12:00+01:00,1757.83,23146.49519,24482.42764,54885.5375,80.76
2022-10-31T13:00+01:00,3496.8425,23261.43373,21134.77996,53343.8175,80.76
2022-10-31T14:00+01:00,5193.1325,23032.85465,17787.71491,52066.3225,80.76
2022-10-31T15:00+01:00,7276.435,23109.99138,14727.04308,50986.115,80.76
2022-10-31T16:00+01:00,5892.1725,23347.82262,13533.10349,51662.7825,80.76
2022-10-31T17:00+01:00,5545.5625,23747.85561,15089.70762,54822.41,80.76
2022-10-31T18:00+01:00,3795.625,23856.83377,17777.87029,54689.3675,80.76
2022-10-31T19:00+01:00,3097.9975,23018.43155,20233.166,53063.2175,80.76
2022-10-31T20:00+01:00,238.56,21960.69546,22635.78574,50074.6875,80.76
2022-10-31T21:00+01:00,-2336.8175,20841.25022,24515.38164,47182.485,80.76
2022-10-31T22:00+01:00,-4536.625,19899.01794,26280.86599,45051.43,80.76
2022-10-31T23:00+01:00,-7477.785,18302.33813,27088.58971,42636.8875,80.76
2022-11-01T00:00+01:00,-8084.155,15455.32394,27573.724,40136.5425,80.76
2022-11-01T01:00+01:00,-8198.7075,14232.41557,27874.51406,39443.71,80.76
2022-11-01T02:00+01:00,-4536.12,12862.35702,28118.92342,39040.685,80.76
2022-11-01T03:00+01:00,-4010.6375,12780.35035,28158.63241,39132.0875,80.76
2022-11-01T04:00+01:00,-3847.04,13243.64706,28646.28734,40332.8275,80.76
2022-11-01T05:00+01:00,-4360.87,14128.67778,29927.81386,42189.645,80.76
2022-11-01T06:00+01:00,-6012.4075,15331.85843,31893.20746,45796.055,80.76
2022-11-01T07:00+01:00,-7504.4225,16490.40996,34229.27477,48417.925,80.76
2022-11-01T08:00+01:00,-9175.81,16918.6608,37678.61503,51505.195,80.76
2022-11-01T09:00+01:00,-8723.7725,15741.66987,41138.5872,52345.6025,80.76
2022-11-01T10:00+01:00,-6608.7475,14600.98359,45022.94507,53665.435,80.76
2022-11-01T11:00+01:00,-6203.515,13628.09542,47590.60189,55653.665,80.76
2022-11-01T12:00+01:00,-6853.1575,13634.87528,47929.07052,55442.3575,80.76
2022-11-01T13:00+01:00,-5533.76,13539.26595,44504.01373,53752.8775,80.76
2022-11-01T14:00+01:00,-3892.3375,14126.49871,40316.15536,52045.565,80.76
2022-11-01T15:00+01:00,-2479.225,17115.40384,33324.29557,51586.5375,80.76
2022-11-01T16:00+01:00,-611.0725,18569.01879,27810.83828,52061.09,80.76
2022-11-01T17:00+01:00,-2232.67,19310.40685,28697.80147,55861.2125,80.76
2022-11-01T18:00+01:00,-4259.58,19553.35819,30801.64836,56815.4025,80.76
2022-11-01T19:00+01:00,-5247.56,19097.48807,32600.80849,55242.235,80.76
2022-11-01T20:00+01:00,-4436.005,16598.00973,33417.46798,52548.9425,80.76
2022-11-01T21:00+01:00,-4104.2025,14562.91405,33848.86259,49777.795,80.76
2022-11-01T22:00+01:00,-5227.1675,13233.98104,33736.89917,47699.6525,80.76
2022-11-01T23:00+01:00,-4613.245,12982.40387,33768.97156,45108.6225,80.76
2022-11-02T00:00+01:00,-3331.4975,12833.76335,34192.43084,43192.375,80.76
2022-11-02T01:00+01:00,-6141.605,12666.4481,34510.9152,41957.38,80.76
2022-11-02T02:00+01:00,-6006.4575,12691.02449,34514.31275,41102.605,80.76
2022-11-02T03:00+01:00,-6348.3075,12700.06486,35535.11795,41642.725,80.76
2022-11-02T04:00+01:00,-5721.9075,12813.4722,36339.67676,43530.95,80.76
2022-11-02T05:00+01:00,-4306.175,12809.11478,37225.89046,47867.325,80.76
2022-11-02T06:00+01:00,-2759.615,13990.33797,40381.01687,56155.765,80.76
2022-11-02T07:00+01:00,-5102.6575,15653.28671,41812.51841,61505.0375,80.76
2022-11-02T08:00+01:00,-8688.7025,16224.59771,44456.78446,63768.635,80.76
2022-11-02T09:00+01:00,-9895.6325,16277.09882,49143.53746,63998.995,80.76
2022-11-02T10:00+01:00,-9722.4425,15943.17204,53328.23579,65006.245,80.76
2022-11-02T11:00+01:00,-8674.1675,16083.82966,55195.77803,65825.905,80.76
2022-11-02T12:00+01:00,-8964.9875,16069.20458,54780.81981,65025.655,80.76
2022-11-02T13:00+01:00,-8153.4075,16310.63271,51038.93859,63735.6225,80.76
2022-11-02T14:00+01:00,-6328.405,17490.00355,44958.1649,62405.7175,80.76
2022-11-02T15:00+01:00,-4012.24,20852.5841,36254.03373,62249.2775,80.76
2022-11-02T16:00+01:00,485.275,22547.0895,28920.89874,62940.3725,80.76
2022-11-02T17:00+01:00,3143.6225,24133.90219,27545.37802,65415.66,80.76
2022-11-02T18:00+01:00,1925.0025,24702.12943,28657.48438,64999.3025,80.76
2022-11-02T19:00+01:00,1352.8025,24121.58201,30111.10274,63687.2075,80.76
2022-11-02T20:00+01:00,1230.4075,22595.75947,31077.84608,60129.0125,80.76
2022-11-02T21:00+01:00,-514.005,20833.00024,31449.55091,56279.715,80.76
2022-11-02T22:00+01:00,-1208.7625,19342.85381,30112.94529,52344.7675,80.76
2022-11-02T23:00+01:00,-1273.595,17389.53961,29828.55543,48293.1475,80.76
2022-11-03T00:00+01:00,-2345.8575,17189.87674,29996.16856,45917.6,80.76
2022-11-03T01:00+01:00,-2346.1875,15458.01248,31084.41362,44747.8375,80.76
2022-11-03T02:00+01:00,-1501.4825,14534.51565,31968.45834,44369.4825,80.76
2022-11-03T03:00+01:00,-1986.805,14714.63761,32722.16213,45011.69,80.76
2022-11-03T04:00+01:00,-1644.9575,15150.35875,33132.48635,46686.35,80.76
2022-11-03T05:00+01:00,-3006.4075,16931.76358,33387.65719,50545.1725,80.76
2022-11-03T06:00+01:00,-3474.6225,20255.63657,35121.46139,58083.955,80.76
2022-11-03T07:00+01:00,-2956.835,22036.52289,35771.73241,62855.9475,80.76
2022-11-03T08:00+01:00,-3247.3675,21689.38562,38152.74767,64784.0875,80.76
2022-11-03T09:00+01:00,-4019.3675,21413.24798,40452.34398,65113.6675,80.76
2022-11-03T10:00+01:00,-2618.98,21324.6221,42039.58148,65604.3225,80.76
2022-11-03T11:00+01:00,-1219.2025,21475.5736,41720.08234,66661.3875,80.76
2022-11-03T12:00+01:00,366.1775,21489.69269,39619.33385,65949.7375,80.76
2022-11-03T13:00+01:00,355.7575,22115.36705,36178.59056,64598.26,80.76
2022-11-03T14:00+01:00,2077.82,22170.12693,33200.0262,63506.9275,80.76
2022-11-03T15:00+01:00,1584.08,22628.52092,32289.36456,63411.7375,80.76
2022-11-03T16:00+01:00,-480.865,23337.35841,33851.97986,64153.35,80.76
2022-11-03T17:00+01:00,-2249.2475,23495.73472,36769.21039,67574.33,80.76
2022-11-03T18:00+01:00,-684.42,23394.65552,37382.81787,67523.545,80.76
2022-11-03T19:00+01:00,-3314.445,22945.61973,36688.06519,65024.2475,80.76
2022-11-03T20:00+01:00,-4521.93,22731.88185,34990.57822,61124.8975,80.76
2022-11-03T21:00+01:00,-3548.7675,22091.97207,33307.92814,57286.92,80.76
2022-11-03T22:00+01:00,-3667.21,21369.26403,31453.2828,53191.6275,80.76
2022-11-03T23:00+01:00,-3014.46,20543.33083,31004.46993,49369.07,80.76
2022-11-04T00:00+01:00,-6980.95,20137.06039,30905.73257,45748.6425,80.76
2022-11-04T01:00+01:00,-7390.1775,20383.16562,30083.46174,44007.8775,80.76
2022-11-04T02:00+01:00,-6880.5425,20329.93636,30772.95444,43515.205,80.76
2022-11-04T03:00+01:00,-5929.05,20132.45111,31280.44009,44374.9925,80.76
2022-11-04T04:00+01:00,-6305.4,20594.48903,31313.24059,45883.71,80.76
2022-11-04T05:00+01:00,-5282.8675,21679.61607,30125.38197,49034.78,80.76
2022-11-04T06:00+01:00,-2309.6725,24172.31805,30007.28236,56827.155,80.76
2022-11-04T07:00+01:00,-14.7575,26749.02155,27913.32988,61741.18,80.76
2022-11-04T08:00+01:00,650.8425,28575.6443,26353.33008,63555.7225,80.76
2022-11-04T09:00+01:00,204.3825,28870.3835,26910.61821,64137.1875,80.76
2022-11-04T10:00+01:00,2423.195,28192.16529,28026.09523,64573.17,80.76
2022-11-04T11:00+01:00,4087.3625,28075.10748,27770.08189,64941.5875,78.795
2022-11-04T12:00+01:00,3812.435,28455.95104,26812.77167,64110.4425,78.14
2022-11-04T13:00+01:00,5756.2075,28515.9681,24319.03375,62286.1,78.14
2022-11-04T14:00+01:00,5410.54,28949.38799,21732.95192,60547.15,78.14
2022-11-04T15:00+01:00,5996.5675,29554.16069,18369.75773,59665.475,78.14
2022-11-04T16:00+01:00,7097.6,30502.54405,16070.52559,60154.3875,78.14
2022-11-04T17:00+01:00,6194.895,31371.21018,16207.48856,62544.7125,78.14
2022-11-04T18:00+01:00,4260.0725,31390.20918,17146.48839,61881.675,78.14
2022-11-04T19:00+01:00,3113.73,30979.79787,17820.40647,59693.0275,78.14
2022-11-04T20:00+01:00,3433.8575,28963.73553,18143.33262,56647.58,78.14
2022-11-04T21:00+01:00,3216.8175,25778.83129,18456.3303,52944.9675,78.14
2022-11-04T22:00+01:00,2388.6775,24804.46632,18595.01384,49883.645,78.14
2022-11-04T23:00+01:00,71.89,23707.85316,18800.54129,46408.06,78.14
2022-11-05T00:00+01:00,-3557.7925,23343.62618,19231.2719,43595.745,78.14
2022-11-05T01:00+01:00,-3404.5675,21826.32042,19206.07498,41895.445,78.14
2022-11-05T02:00+01:00,-3709.1275,21442.20635,19221.23219,41037.7775,78.14
2022-11-05T03:00+01:00,-2653.6825,21257.66198,19541.59691,40903.52,78.14
2022-11-05T04:00+01:00,-1082.6425,20803.27672,19511.4301,41084.07,78.14
2022-11-05T05:00+01:00,-629.3275,20678.24307,18863.32661,41542.1675,78.14
2022-11-05T06:00+01:00,-1364.0275,20903.51821,19801.37131,43779.305,78.14
2022-11-05T07:00+01:00,365.2025,21107.54639,20767.24387,46778.4125,78.14
2022-11-05T08:00+01:00,-1266.42,21319.1916,22347.40612,49486.2775,78.14
2022-11-05T09:00+01:00,-859.1575,21294.21942,25179.31437,51770.25,78.14
2022-11-05T10:00+01:00,-351.51,20794.46932,27792.33635,53612.965,78.14
2022-11-05T11:00+01:00,-1571.3675,20743.95125,30621.30182,54497.645,78.14
2022-11-05T12:00+01:00,-2789.84,20433.268,31867.94183,54447.16,78.14
2022-11-05T13:00+01:00,-4874.435,20371.38246,30870.3679,52945.635,78.14
2022-11-05T14:00+01:00,-2522.3175,20801.93604,27188.11408,51714.77,78.14
2022-11-05T15:00+01:00,1443.5175,21140.06891,22652.85794,51074.355,78.14
2022-11-05T16:00+01:00,2749.745,21337.37091,20539.25121,51401.7375,78.14
2022-11-05T17:00+01:00,3925.09,21590.4492,23459.89679,55286.5775,78.14
2022-11-05T18:00+01:00,900.075,21606.78969,26503.05149,56217.855,78.14
2022-11-05T19:00+01:00,-1915.8925,21407.68472,28320.37526,54533.405,78.14
2022-11-05T20:00+01:00,-4252.0125,19497.77794,29643.0023,51511.8575,78.14
2022-11-05T21:00+01:00,-4067.565,17864.17922,30047.74474,48639.23,78.14
2022-11-05T22:00+01:00,-3880.49,15675.45169,30382.62062,47295.7025,78.14
2022-11-05T23:00+01:00,-3087.0525,13506.29292,30586.84637,44498.1075,78.14
2022-11-06T00:00+01:00,-5301.555,13093.81325,30480.6203,41956.3225,78.14
2022-11-06T01:00+01:00,-4285.975,12478.25433,30860.03864,40309.615,78.14
2022-11-06T02:00+01:00,-5511.005,12326.61027,31478.53858,39572.3725,78.14
2022-11-06T03:00+01:00,-5234.6825,12963.76108,30935.6566,39695.455,78.14
2022-11-06T04:00+01:00,-6378.665,13296.38422,30899.98353,40157.285,78.14
2022-11-06T05:00+01:00,-4771.85,13335.10156,30843.16036,40658.555,78.14
2022-11-06T06:00+01:00,-6302.05,13214.92873,31289.70098,41799.32,78.14
2022-11-06T07:00+01:00,-5031.91,13073.25597,31283.98968,43485.7,78.14
2022-11-06T08:00+01:00,-5615.87,13322.9215,33800.33276,46146.03,78.14
2022-11-06T09:00+01:00,-6884.1675,13417.62784,38278.4792,48655.1475,78.14
2022-11-06T10:00+01:00,-6529.555,13263.51349,41063.00346,50220.0225,78.14
2022-11-06T11:00+01:00,-6961.9625,12654.24905,42970.49379,52643.1875,78.14
2022-11-06T12:00+01:00,-7846.8825,12554.07916,43229.40877,51686.555,78.14
2022-11-06T13:00+01:00,-5627.6475,12480.84935,40783.69597,50037.2125,78.14
2022-11-06T14:00+01:00,-5878.145,12585.36812,36158.58692,47892.58,78.14
2022-11-06T15:00+01:00,-4433.5725,13605.9743,31237.83924,48064.23,78.14
2022-11-06T16:00+01:00,-4686.695,15107.76616,30919.18422,50155.9975,78.14
2022-11-06T17:00+01:00,-6482.175,15788.63261,34757.21697,54918.855,78.14
2022-11-06T18:00+01:00,-6642.13,15101.99739,37587.58382,55419.9,78.14
2022-11-06T19:00+01:00,-7265.8525,14667.90767,38127.30528,53504.66,78.14
2022-11-06T20:00+01:00,-6202.09,13499.15375,38830.87503,51090.055,78.14
2022-11-06T21:00+01:00,-7620.69,12820.31847,39988.72466,49461.3775,78.14
2022-11-06T22:00+01:00,-6682.705,12726.94752,39418.37203,48740.3825,78.14
2022-11-06T23:00+01:00,-9203.4075,12782.90341,38592.32736,46441.335,78.14
2022-11-07T00:00+01:00,-6623.4875,12595.13258,36467.29846,43712.43,78.14
2022-11-07T01:00+01:00,-7353.1925,12440.70047,35708.19039,42294.915,78.14
2022-11-07T02:00+01:00,-7692.4975,12587.32628,35077.71207,41700.6775,78.14
2022-11-07T03:00+01:00,-7490.2525,12773.42758,35605.49143,42109.73,78.14
2022-11-07T04:00+01:00,-6856.1775,12934.022,36746.01223,43686.34,78.14
2022-11-07T05:00+01:00,-5378.1,13330.46686,38819.25123,48249.25,78.14
2022-11-07T06:00+01:00,-3198.1275,16210.12029,40380.18367,56969.4825,78.14
2022-11-07T07:00+01:00,-4227.125,19136.38873,40066.43069,62525.3925,78.14
2022-11-07T08:00+01:00,-5081.4,20200.11155,41772.75591,64732.2075,78.14
2022-11-07T09:00+01:00,-5599.465,19523.58533,45667.56479,65780.1225,78.14
2022-11-07T10:00+01:00,-5595.305,18424.02479,48992.28222,66639.8625,78.14
2022-11-07T11:00+01:00,-5615.8475,17693.66934,50033.87172,67661.9625,78.14
2022-11-07T12:00+01:00,-5438.22,18202.82967,47752.90554,66570.065,78.14
2022-11-07T13:00+01:00,-5104.16,20319.25674,42897.92705,65393.645,78.14
2022-11-07T14:00+01:00,-2905.355,21827.23829,37390.22975,64044.065,78.14
2022-11-07T15:00+01:00,-889.44,22558.10827,33208.6144,63488.4825,78.14
2022-11-07T16:00+01:00,-318.98,22824.36873,31531.91805,64022.1575,78.14
2022-11-07T17:00+01:00,-581.79,23353.13483,32394.8976,66563.1675,78.14
2022-11-07T18:00+01:00,-1921.285,23490.7479,33683.5241,65958.7675,78.14
2022-11-07T19:00+01:00,-1345.0025,23099.78362,34012.84515,64058.1475,78.14
2022-11-07T20:00+01:00,-1980.4075,21903.42414,34446.81241,61057.52,78.14
2022-11-07T21:00+01:00,-3317.3925,21014.57846,33968.14946,57404.2,78.14
2022-11-07T22:00+01:00,-3114.7125,19501.56991,32675.64629,53756.0675,78.14
2022-11-07T23:00+01:00,-2643.83,17706.84717,31947.85483,50272.915,78.14
2022-11-08T00:00+01:00,-4139.7625,16965.10546,31395.76836,47033.29,78.14
2022-11-08T01:00+01:00,-4207.81,16740.91456,31153.47934,45397.725,78.14
2022-11-08T02:00+01:00,-2902.7125,15762.01682,30690.33906,44568.505,78.14
2022-11-08T03:00+01:00,-1310.28,15936.3178,28909.4615,44857.1525,78.14
2022-11-08T04:00+01:00,1201.505,16410.38871,29035.93054,46378.0475,78.14
2022-11-08T05:00+01:00,-563.225,17826.73546,30337.49314,49806.235,78.14
2022-11-08T06:00+01:00,118.87,19940.60295,31759.38893,57407.38,78.14
2022-11-08T07:00+01:00,-1419.985,21227.06259,34164.81585,62768.285,78.14
2022-11-08T08:00+01:00,-6007.155,21169.5584,38978.57274,64736.01,78.14
2022-11-08T09:00+01:00,-6615.86,20590.08905,43555.45367,64409.9825,78.14
2022-11-08T10:00+01:00,-5835.3025,20063.26066,45980.07784,64247.1425,78.14
2022-11-08T11:00+01:00,-5742.6825,19901.96881,47928.72103,65430.05,78.14
2022-11-08T12:00+01:00,-4712.96,19770.51917,47879.91516,65153.5025,78.14
2022-11-08T13:00+01:00,-4264.4075,19526.32833,46002.2403,64263.795,78.14
2022-11-08T14:00+01:00,-2308.015,19353.35302,41395.43499,63313.6525,78.14
2022-11-08T15:00+01:00,-1739.8825,20567.99592,37037.1633,62949.745,78.14
2022-11-08T16:00+01:00,-2406.605,21643.9514,36196.61457,64022.01,78.14
2022-11-08T17:00+01:00,-4238.63,22071.15624,37506.12202,67001.32,78.14
2022-11-08T18:00+01:00,-5843.3175,22130.04628,37843.62942,66334.555,78.14
2022-11-08T19:00+01:00,-5765.45,21880.05717,37639.33703,64506.63,78.14
2022-11-08T20:00+01:00,-5725.4675,21755.16313,37392.1607,60879.88,78.14
2022-11-08T21:00+01:00,-6060.3675,21106.48314,37019.81774,57065.7525,78.14
2022-11-08T22:00+01:00,-7227.4775,20264.80708,35710.23725,53537.2175,78.14
2022-11-08T23:00+01:00,-6960.9375,19011.1466,34691.99964,50228.12,78.14
2022-11-09T00:00+01:00,-6250.7975,17434.30541,34180.07418,46977.4875,78.14
2022-11-09T01:00+01:00,-6841.7575,16341.99319,34435.44052,45164.625,78.14
2022-11-09T02:00+01:00,-5187.5425,15392.44966,34090.81243,44048.3325,78.14
2022-11-09T03:00+01:00,-5477.5175,15456.75883,33849.90836,44813.6525,78.14
2022-11-09T04:00+01:00,-3906.5575,15803.74785,33494.24634,46222.1925,78.14
2022-11-09T05:00+01:00,-4855.305,17515.87436,35134.84644,50020.025,78.14
2022-11-09T06:00+01:00,-2531.185,19894.47719,36144.98074,57999.2575,78.14
2022-11-09T07:00+01:00,-3012.0725,21941.41203,36002.33285,63017.695,78.14
2022-11-09T08:00+01:00,-4184.8225,22713.49679,36371.97089,65555.4525,78.14
2022-11-09T09:00+01:00,-4417.2925,22684.87776,38348.61907,65356.0375,78.14
2022-11-09T10:00+01:00,-3678.075,22409.84068,41606.74746,65587.255,78.14
2022-11-09T11:00+01:00,-2475.7975,21795.57793,44669.49053,65976.8775,78.14
2022-11-09T12:00+01:00,-1952.325,21540.41985,45512.04743,65425.925,78.14
2022-11-09T13:00+01:00,-1548.6375,21625.07773,42366.76064,64331.925,78.14
2022-11-09T14:00+01:00,-517.6975,22319.25822,37466.60764,63114.98,78.14
2022-11-09T15:00+01:00,-407.9725,23488.18122,33008.49198,62634.4,78.14
2022-11-09T16:00+01:00,-846.53,24398.43255,32401.86438,63401.705,78.14
2022-11-09T17:00+01:00,-2382.3025,24889.92194,33047.96653,66034.73,78.14
2022-11-09T18:00+01:00,-5342.19,24954.81066,34253.3068,65568.655,78.14
2022-11-09T19:00+01:00,-5307.84,24221.13992,36094.65343,63798.41,78.14
2022-11-09T20:00+01:00,-5416.3875,22847.68185,36284.98921,60322.165,78.14
2022-11-09T21:00+01:00,-6626.1875,21838.69993,36149.69175,57373.3225,78.14
2022-11-09T22:00+01:00,-5959.4325,20913.1405,34362.2512,53644.2325,78.14
2022-11-09T23:00+01:00,-5986.1675,20044.08925,32980.98135,49937.7225,78.14
2022-11-10T00:00+01:00,-6747.495,19292.03896,32347.46437,47592.715,78.14
2022-11-10T01:00+01:00,-6094.42,19019.48241,31416.02438,45961.7875,78.14
2022-11-10T02:00+01:00,-5980.1775,18974.27722,30345.42284,45239.11,78.14
2022-11-10T03:00+01:00,-4990.465,19229.48089,30383.5552,45720.9975,78.14
2022-11-10T04:00+01:00,-3592.4875,19528.95289,30467.01322,47397.6825,78.14
2022-11-10T05:00+01:00,-1238.325,19967.78926,30802.71001,50720.98,78.14
2022-11-10T06:00+01:00,-599.8725,22684.47532,31530.43178,58094.865,78.14
2022-11-10T07:00+01:00,-1170.7375,24444.4481,31717.92293,62840.15,78.14
2022-11-10T08:00+01:00,-2500.6325,24668.46564,33147.72428,64725.3425,78.14
2022-11-10T09:00+01:00,-2558.49,24098.83952,36893.8747,64378.8225,78.14
2022-11-10T10:00+01:00,-2825.0475,23057.9943,41475.40346,65602.3525,78.14
2022-11-10T11:00+01:00,-3025.27,21854.35835,45318.51196,66399.9425,78.14
2022-11-10T12:00+01:00,-2566.48,21405.69093,46629.86335,65847.905,78.14
2022-11-10T13:00+01:00,-3412.1675,21186.05281,45009.72194,64970.54,78.14
2022-11-10T14:00+01:00,-2089.75,21534.49289,40453.12891,63162.9375,78.14
2022-11-10T15:00+01:00,17.52,23158.0829,33769.31057,62226.15,78.14
2022-11-10T16:00+01:00,434.8175,24742.74525,30458.66285,63065.3575,78.14
2022-11-10T17:00+01:00,961.8725,24880.4724,32224.23583,66314.405,78.14
2022-11-10T18:00+01:00,-1987.9975,24272.90893,34751.44029,66248.06,78.14
2022-11-10T19:00+01:00,-2435.3025,23418.99973,35732.4544,64556.9975,78.14
2022-11-10T20:00+01:00,-3539.51,22288.85197,35107.23788,60986.1675,78.14
2022-11-10T21:00+01:00,-4340.9325,21202.49555,34326.06783,57351.93,78.14
2022-11-10T22:00+01:00,-6572.435,20440.04091,33036.49009,53837.425,78.14
2022-11-10T23:00+01:00,-5881.885,18858.47887,32589.74549,50673.2625,78.14
2022-11-11T00:00+01:00,-6321.3275,17877.35802,32667.86024,47837.78,78.14
2022-11-11T01:00+01:00,-5688.6875,17158.116,31406.03729,46293.5875,78.14
2022-11-11T02:00+01:00,-4970.5725,16620.99519,31158.68264,45669.855,78.14
2022-11-11T03:00+01:00,-4815.4825,17079.56703,30764.57254,45953.41,78.14
2022-11-11T04:00+01:00,-5442.305,18418.55723,30368.09361,47545.6925,78.14
2022-11-11T05:00+01:00,-4894.7475,19786.16916,30126.87834,50950.0375,78.14
2022-11-11T06:00+01:00,-2626.01,22418.29811,30563.23832,58188.1925,78.14
2022-11-11T07:00+01:00,-2324.775,24676.898,31300.25786,63372.2975,78.14
2022-11-11T08:00+01:00,-2381.4725,25271.41767,33209.16847,65420.8075,78.14
2022-11-11T09:00+01:00,-3102.4225,24796.49916,35681.25354,65416.8775,78.14
2022-11-11T10:00+01:00,-2959.76,24373.08863,37956.73403,65716.85,78.14
2022-11-11T11:00+01:00,-3317.715,24552.29263,39154.71807,65811.095,74.5325
2022-11-11T12:00+01:00,-3158.6525,24422.0132,38953.85114,65022.565,73.33
2022-11-11T13:00+01:00,-3864.5225,24195.08904,36277.86498,63212.7525,73.33
2022-11-11T14:00+01:00,-3519.5725,24747.53891,31993.84911,61447.06,73.33
2022-11-11T15:00+01:00,-3108.415,25875.55839,26964.72963,61120.535,73.33
2022-11-11T16:00+01:00,-1512.0975,26644.29788,24996.43125,61905.4025,73.33
2022-11-11T17:00+01:00,-1455.175,27132.59779,26357.19898,64380.79,73.33
2022-11-11T18:00+01:00,-2664.5725,27125.32344,27239.89339,63937.065,73.33
2022-11-11T19:00+01:00,-3372.7175,26838.16235,26898.6413,61776.555,73.33
2022-11-11T20:00+01:00,-3308.15,26441.55939,26411.41109,57676.1625,73.33
2022-11-11T21:00+01:00,-5148.655,25649.06203,25387.56566,53880.225,73.33
2022-11-11T22:00+01:00,-5316.27,24506.34012,24157.19516,50399.415,73.33
2022-11-11T23:00+01:00,-6064.2725,24231.5772,22965.58292,47169.4875,73.33
2022-11-12T00:00+01:00,-5374.275,24090.60486,21644.96638,44858.215,73.33
2022-11-12T01:00+01:00,-2696.9175,24268.84586,19773.76019,43397.4925,73.33
2022-11-12T02:00+01:00,-2078.8325,24291.75933,18102.71524,42095.035,73.33
2022-11-12T03:00+01:00,-134.15,24196.46087,16030.73014,41568.005,73.33
2022-11-12T04:00+01:00,970.255,24216.57153,14248.82091,41596.0425,73.33
2022-11-12T05:00+01:00,1070.8675,24753.31876,12714.91221,42066.425,73.33
2022-11-12T06:00+01:00,428.2475,25599.57966,11876.57189,43500.8175,73.33
2022-11-12T07:00+01:00,442.1175,26159.95116,11570.945,46275.26,73.33
2022-11-12T08:00+01:00,1737.29,26430.23335,13825.75159,49313.65,73.33
2022-11-12T09:00+01:00,1000.1175,26490.84308,17873.47732,51626.3225,73.33
2022-11-12T10:00+01:00,-11.1425,26209.08,21115.55694,53296.5125,73.33
2022-11-12T11:00+01:00,-1044.6675,26332.5399,22369.6016,54107.96,73.33
2022-11-12T12:00+01:00,-6.62,26520.0256,21681.91065,53613.265,73.33
2022-11-12T13:00+01:00,1763.0425,26578.48741,19293.13914,51673.6225,73.33
2022-11-12T14:00+01:00,4157.025,26856.8621,15349.03402,49901.6,73.33
2022-11-12T15:00+01:00,6510.645,27382.23542,11164.50818,49461.5275,73.33
2022-11-12T16:00+01:00,8038.76,27915.74066,9346.285041,51251.4725,73.33
2022-11-12T17:00+01:00,7998.7425,28673.03989,10257.86207,54708.9525,73.33
2022-11-12T18:00+01:00,6529.9425,28714.71636,11602.09469,54633.625,73.33
2022-11-12T19:00+01:00,3438.55,28516.36384,12655.56636,52641.9175,73.33
2022-11-12T20:00+01:00,2628.4525,27548.52217,13083.1092,49663.8475,73.33
2022-11-12T21:00+01:00,1130.7325,26971.14186,13334.43574,46968.3,73.33
2022-11-12T22:00+01:00,266.175,26222.29764,13443.79128,45120.645,73.33
2022-11-12T23:00+01:00,-1280.5575,25485.80815,13286.75132,41966.125,73.33
2022-11-13T00:00+01:00,-1837.5175,24670.66928,13254.31192,39419.665,73.33
2022-11-13T01:00+01:00,-2626.92,24550.92993,13487.4248,37785.2325,73.33
2022-11-13T02:00+01:00,-3308.65,24415.41279,13719.57462,36881.8275,73.33
2022-11-13T03:00+01:00,-1906.445,24174.28915,14190.58926,36887.5225,73.33
2022-11-13T04:00+01:00,-1886.9825,24113.44198,14720.61171,37002.6875,73.33
2022-11-13T05:00+01:00,-2546.4125,24276.44169,15222.4262,37110.3475,73.33
2022-11-13T06:00+01:00,-4456.8,24298.52572,15650.55934,37955.8725,73.33
2022-11-13T07:00+01:00,-4550.8575,24495.18301,16129.34042,39829.49,73.33
2022-11-13T08:00+01:00,-5957.5575,24899.7272,18884.23894,42949.36,73.33
2022-11-13T09:00+01:00,-7782.7325,25007.26774,23814.08726,46216.5875,73.33
2022-11-13T10:00+01:00,-7128.13,24029.04439,28087.12335,48270.29,73.33
2022-11-13T11:00+01:00,-6426.35,23718.99645,30443.24681,50221.98,73.33
2022-11-13T12:00+01:00,-7184.785,24034.64845,30926.61901,50055.31,73.33
2022-11-13T13:00+01:00,-6873.0525,24385.47807,29184.47843,47859.59,73.33
2022-11-13T14:00+01:00,-6480.51,24622.76485,25463.89816,45924.6075,73.33
2022-11-13T15:00+01:00,-5098.3925,25738.83341,21223.3546,46156.7325,73.33
2022-11-13T16:00+01:00,-5294.71,27129.77697,20506.82949,48325.03,73.33
2022-11-13T17:00+01:00,-7275.3425,27409.07925,23341.16293,52428.7725,73.33
2022-11-13T18:00+01:00,-9137.6625,27808.95495,24816.85217,53250.745,73.33
2022-11-13T19:00+01:00,-7979.315,27950.6322,25586.66688,51727.8925,73.33
2022-11-13T20:00+01:00,-8103.02,27563.74607,25982.18623,49687.785,73.33
2022-11-13T21:00+01:00,-7936.0975,27082.95412,26475.32798,48373.5925,73.33
2022-11-13T22:00+01:00,-8394.0525,26549.22676,26303.54871,47503.175,73.33
2022-11-13T23:00+01:00,-7888.2125,25985.18049,25883.89691,45023.075,73.33
2022-11-14T00:00+01:00,-6626.5625,24752.51733,25200.60552,42815.1725,73.33
2022-11-14T01:00+01:00,-6446.5425,24230.4019,25075.24538,41379.495,73.33
2022-11-14T02:00+01:00,-5996.0925,24032.66781,25148.15678,40878.875,73.33
2022-11-14T03:00+01:00,-5769.575,24225.61066,25176.42546,41365.8275,73.33
2022-11-14T04:00+01:00,-5172.6225,25017.29837,25575.05224,43472.39,73.33
2022-11-14T05:00+01:00,-6112.92,26707.67149,24981.04927,47562.7425,73.33
2022-11-14T06:00+01:00,-5000.6325,29325.37153,25315.33552,55836.1975,73.33
2022-11-14T07:00+01:00,-5351.35,31252.49562,25240.7375,61395.895,73.33
2022-11-14T08:00+01:00,-6098.2225,31812.32574,27653.93349,64005.24,73.33
2022-11-14T09:00+01:00,-6577.3525,31781.68898,30946.13661,64392.2425,73.33
2022-11-14T10:00+01:00,-6002.9275,30980.20244,34325.84579,65152.4775,73.33
2022-11-14T11:00+01:00,-5812.5025,30443.26252,36107.30692,66271.26,73.33
2022-11-14T12:00+01:00,-6550.1425,30674.59481,35193.44574,65964.765,73.33
2022-11-14T13:00+01:00,-6755.8625,31112.40949,32631.04007,64515.9875,73.33
2022-11-14T14:00+01:00,-6214.0725,32181.77673,28890.24715,63173.23,73.33
2022-11-14T15:00+01:00,-5475.585,32500.07513,25491.49753,62226.8075,73.33
2022-11-14T16:00+01:00,-4841.92,32750.80746,25550.82523,63114.415,73.33
2022-11-14T17:00+01:00,-7307.5475,32923.56643,29214.25499,66241.1575,73.33
2022-11-14T18:00+01:00,-8998.585,33217.88821,30833.91418,65674.88,73.33
2022-11-14T19:00+01:00,-8292.9875,32326.87473,31019.35303,63793.2825,73.33
2022-11-14T20:00+01:00,-8434.1475,30972.72766,30206.45572,60112.2975,73.33
2022-11-14T21:00+01:00,-8142.4475,28817.84034,28655.27762,56516.87,73.33
2022-11-14T22:00+01:00,-8269.8825,27497.96607,27040.20697,53462.4925,73.33
2022-11-14T23:00+01:00,-8279.16,26881.8213,25423.22405,49375.6975,73.33
2022-11-15T00:00+01:00,-8028.8175,26675.97723,24601.56716,46035.77,73.33
2022-11-15T01:00+01:00,-7486.4125,26434.42542,24081.94287,44545.165,73.33
2022-11-15T02:00+01:00,-6825.215,25996.90215,23515.95784,43754.8575,73.33
2022-11-15T03:00+01:00,-5628.5275,26033.31578,23075.48911,43925.6475,73.33
2022-11-15T04:00+01:00,-4423.5275,26515.08591,22639.22907,45831.8525,73.33
2022-11-15T05:00+01:00,-3347.505,27863.35691,22210.89436,49599.1,73.33
2022-11-15T06:00+01:00,-3713.245,30437.75795,21907.75761,56858.85,73.33
2022-11-15T07:00+01:00,-4688.615,32295.7624,21942.6983,61607.58,73.33
2022-11-15T08:00+01:00,-4902.0125,32616.25945,24109.65476,63673.9225,73.33
2022-11-15T09:00+01:00,-4114.01,32481.0888,27600.07657,63333.25,73.33
2022-11-15T10:00+01:00,-4246.8975,32027.31838,29988.91508,63728.2025,73.33
2022-11-15T11:00+01:00,-3931.9575,31644.15859,31120.96492,63599.815,73.33
2022-11-15T12:00+01:00,-3498.19,31522.77896,30939.30994,62944.97,73.33
2022-11-15T13:00+01:00,-2450.5425,31534.30262,28014.28492,62859.965,73.33
2022-11-15T14:00+01:00,-1654.815,31357.71522,23009.08125,62277.6075,73.33
2022-11-15T15:00+01:00,1246.0375,31149.27621,18886.92753,62571.38,73.33
2022-11-15T16:00+01:00,583.265,31127.61693,20146.64252,63461.65,73.33
2022-11-15T17:00+01:00,-3273.94,30728.19907,24996.19447,66021.44,73.33
2022-11-15T18:00+01:00,-4183.76,30309.36966,28089.05502,66029.71,73.33
2022-11-15T19:00+01:00,-5849.365,29990.20078,29744.13528,64712.4575,73.33
2022-11-15T20:00+01:00,-6500.895,29339.75467,29223.92305,60224.905,73.33
2022-11-15T21:00+01:00,-6570.265,28240.49308,28745.15836,56521.6375,73.33
2022-11-15T22:00+01:00,-7236.84,26693.01861,28626.13516,53574.7275,73.33
2022-11-15T23:00+01:00,-6303.725,24667.04107,28986.00666,49818.815,73.33
2022-11-16T00:00+01:00,-7358.805,23843.91058,28595.16826,46643.3675,73.33
2022-11-16T01:00+01:00,-7660.2975,23580.51702,28710.4625,45732.7725,73.33
2022-11-16T02:00+01:00,-8502.38,22938.31911,28680.40948,45871.2425,73.33
2022-11-16T03:00+01:00,-7498.83,22357.29722,28802.42519,46539.6175,73.33
2022-11-16T04:00+01:00,-6203.7525,22663.35968,29271.4492,47812.105,73.33
2022-11-16T05:00+01:00,-5013.3425,24124.14488,29917.66493,50743.155,73.33
2022-11-16T06:00+01:00,-6005.4875,26766.33323,30938.71181,57706.8125,73.33
2022-11-16T07:00+01:00,-7255.3775,29075.93499,30052.95048,63094.9375,73.33
2022-11-16T08:00+01:00,-6988.3375,30454.54563,29784.77089,65760.345,73.33
2022-11-16T09:00+01:00,-6858.505,30968.0533,30132.89556,66077.1625,73.33
2022-11-16T10:00+01:00,-5023.09,30787.29959,30555.86329,65998.9125,73.33
2022-11-16T11:00+01:00,-3346,29967.19493,31434.39534,66532.7975,73.33
2022-11-16T12:00+01:00,-2813.505,29467.52313,32835.44764,66508.6175,73.33
2022-11-16T13:00+01:00,-2733.5325,29688.13523,31857.13269,66204.6075,73.33
2022-11-16T14:00+01:00,-3867.465,29723.09982,29362.16874,64859.3925,73.33
2022-11-16T15:00+01:00,-2639.405,29348.3501,27808.80535,64667.1975,73.33
2022-11-16T16:00+01:00,-2917.6825,29545.52927,27096.63347,65217.115,73.33
2022-11-16T17:00+01:00,-4879.115,29913.68806,29259.1811,67492.67,73.33
2022-11-16T18:00+01:00,-5913.19,29809.56197,30485.52406,66586.1275,73.33
2022-11-16T19:00+01:00,-6901.5925,29215.17046,31442.79101,64431.65,73.33
2022-11-16T20:00+01:00,-7200.995,27738.50985,31996.95969,61159.875,73.33
2022-11-16T21:00+01:00,-6132.28,24951.29193,33127.16437,57357.4925,73.33
2022-11-16T22:00+01:00,-6188.385,23005.38282,33822.58981,54206.4875,73.33
2022-11-16T23:00+01:00,-6184.635,20291.62833,34536.69314,50378.2625,73.33
2022-11-17T00:00+01:00,-6472.6925,18072.9128,35541.17981,47099.8725,73.33
2022-11-17T01:00+01:00,-8050.23,16417.67683,37345.47784,45963.3025,73.33
2022-11-17T02:00+01:00,-9973.2875,16104.58417,38823.81779,45368.705,73.33
2022-11-17T03:00+01:00,-10651.475,16229.11765,39056.706,46032.67,73.33
2022-11-17T04:00+01:00,-9909.905,16604.89287,38866.2997,47260.735,73.33
2022-11-17T05:00+01:00,-7902.2425,17143.77146,40569.88334,50640.645,73.33
2022-11-17T06:00+01:00,-5255.305,18847.08805,43037.18212,58328.665,73.33
2022-11-17T07:00+01:00,-7800.7475,22198.27506,43554.14629,63402.09,73.33
2022-11-17T08:00+01:00,-8172.3975,23859.92115,43607.55097,66158.4875,73.33
2022-11-17T09:00+01:00,-8446.3625,24168.61199,44606.26633,66150.275,73.33
2022-11-17T10:00+01:00,-7930.45,23936.76629,45168.08822,67526.1725,73.33
2022-11-17T11:00+01:00,-7452.0575,24377.63343,45783.89126,68433.3975,73.33
2022-11-17T12:00+01:00,-6809.8575,24561.04575,45601.55684,68422.0175,73.33
2022-11-17T13:00+01:00,-6381.9575,24816.81613,44258.55702,67453.2725,73.33
2022-11-17T14:00+01:00,-7768.2825,25823.18424,41397.49001,66488.0525,73.33
2022-11-17T15:00+01:00,-6725.2525,26749.24571,37682.31643,66052.0175,73.33
2022-11-17T16:00+01:00,-6144.94,27590.20953,35501.10042,66609.4875,73.33
2022-11-17T17:00+01:00,-6386.195,28239.61522,34365.1139,67963.7825,73.33
2022-11-17T18:00+01:00,-7173.975,28584.76042,33736.88638,67023.09,73.33
2022-11-17T19:00+01:00,-6426.42,28148.7818,32681.37247,65226.8775,73.33
2022-11-17T20:00+01:00,-6295.11,27405.72917,31735.95222,61568.6,73.33
2022-11-17T21:00+01:00,-5627.7075,26823.5452,30417.51361,57782.025,73.33
2022-11-17T22:00+01:00,-6426.125,25474.66831,28843.56133,54211.73,73.33
2022-11-17T23:00+01:00,-5823.5925,24650.462,27423.17651,50347.785,73.33
2022-11-18T00:00+01:00,-4805.835,24581.67255,26750.77426,47742.345,73.33
2022-11-18T01:00+01:00,-5096.365,24453.54872,26138.40728,46603.4225,73.33
2022-11-18T02:00+01:00,-3816.575,24034.14572,25718.8073,45780.1825,73.33
2022-11-18T03:00+01:00,-2801.4025,24310.42281,25236.79042,45887.1875,73.33
2022-11-18T04:00+01:00,-2935.6925,24929.64554,25356.55054,47482.8075,73.33
2022-11-18T05:00+01:00,-3641.515,27158.50013,25361.57626,50564.4,73.33
2022-11-18T06:00+01:00,-5353.0025,30430.3652,25450.47194,57426.005,73.33
2022-11-18T07:00+01:00,-6850.2925,32600.14059,26423.38743,63192.67,73.33
2022-11-18T08:00+01:00,-6997.1675,32968.84929,27898.96295,65748.455,73.33
2022-11-18T09:00+01:00,-6731.2275,32932.98273,29974.22856,66438.2525,73.33
2022-11-18T10:00+01:00,-6806.0925,32820.68128,31045.16778,67290.915,73.33
2022-11-18T11:00+01:00,-6167.9225,32794.65934,31957.17616,67199.3875,72.4975
2022-11-18T12:00+01:00,-5679.05,32674.43,31927.69787,66661.03,72.22
2022-11-18T13:00+01:00,-6168.5925,32316.60026,30179.15113,65150.3225,72.22
2022-11-18T14:00+01:00,-6253.7775,32265.77799,27918.36792,63509.6025,72.22
2022-11-18T15:00+01:00,-6198.33,32559.14611,25084.60514,62774.745,72.22
2022-11-18T16:00+01:00,-4839.8875,32645.88129,23701.20619,63513.37,72.22
2022-11-18T17:00+01:00,-3221.4675,32528.51253,23765.21919,65398.5825,72.22
2022-11-18T18:00+01:00,-4302.445,32666.02539,24507.25867,64079.4,72.22
2022-11-18T19:00+01:00,-3071.6025,32567.16076,23546.03987,62324.1825,72.22
2022-11-18T20:00+01:00,-3733.49,32291.56297,22882.71925,58429.2675,72.22
2022-11-18T21:00+01:00,-4755.11,31914.51112,22232.32897,54767.97,72.22
2022-11-18T22:00+01:00,-5615.6325,31185.72358,21094.49175,51714.7325,72.22
2022-11-18T23:00+01:00,-5023.7675,30185.34022,19932.92236,48785.5675,72.22
2022-11-19T00:00+01:00,-6796.595,29458.81998,19500.38926,46097.4275,72.22
2022-11-19T01:00+01:00,-6762.825,29031.76331,19552.45673,44796.5725,72.22
2022-11-19T02:00+01:00,-6014.8375,28804.95359,19159.35266,43922.105,72.22
2022-11-19T03:00+01:00,-5378.8,28847.12098,18899.36404,43918.0875,72.22
2022-11-19T04:00+01:00,-4686.0225,29069.29374,19095.6887,44288.26,72.22
2022-11-19T05:00+01:00,-6032.24,29260.71961,18930.96092,44858.4225,72.22
2022-11-19T06:00+01:00,-6682.845,29662.63453,19215.18292,45771.5125,72.22
2022-11-19T07:00+01:00,-6642.7875,30462.23388,18835.57118,48479.915,72.22
2022-11-19T08:00+01:00,-5228.41,31089.37036,19701.32268,51809.235,72.22
2022-11-19T09:00+01:00,-5453.25,31296.72471,21319.49965,54554.85,72.22
2022-11-19T10:00+01:00,-5543.9625,31344.58134,22621.77467,56103.775,72.22
2022-11-19T11:00+01:00,-4847.6875,31369.80164,22543.83744,56525.525,72.22
2022-11-19T12:00+01:00,-4538.985,31396.44936,21945.67217,56160.37,72.22
2022-11-19T13:00+01:00,-4199.9175,31405.71451,20149.05077,54667.6,72.22
2022-11-19T14:00+01:00,-1650.2425,31212.38432,17053.1976,52884.0775,72.22
2022-11-19T15:00+01:00,-316.2975,31386.83347,13901.71943,52622.295,72.22
2022-11-19T16:00+01:00,304.2375,31889.26877,12928.65517,54042.3825,72.22
2022-11-19T17:00+01:00,486.8325,31945.39367,13078.30121,56695.1225,72.22
2022-11-19T18:00+01:00,-384.045,31948.63403,12904.4751,56141.885,72.22
2022-11-19T19:00+01:00,-1158.9425,31949.84529,12450.09278,54157,72.22
2022-11-19T20:00+01:00,-1098.925,31938.86982,12125.62604,50928.3425,72.22
2022-11-19T21:00+01:00,-880.925,31282.03134,11716.91302,48444.3375,72.22
2022-11-19T22:00+01:00,-273.4725,30805.5765,11226.47359,46878.6875,72.22
2022-11-19T23:00+01:00,-3198.4925,30329.44013,10927.28967,44571.03,72.22
2022-11-20T00:00+01:00,-3187.885,29685.0981,10904.76639,42140.64,72.22
2022-11-20T01:00+01:00,-3737.555,29582.79158,10839.37306,40688.2775,72.22
2022-11-20T02:00+01:00,-3649.6975,29470.75388,10730.4747,39673.84,72.22
2022-11-20T03:00+01:00,-1478.47,29193.45894,10861.28989,39935.625,72.22
2022-11-20T04:00+01:00,-569.6375,29255.14992,11110.36914,39926.4925,72.22
2022-11-20T05:00+01:00,-590.735,29345.47291,11450.60442,40000.8175,72.22
2022-11-20T06:00+01:00,-2258.4375,29616.76665,11615.87451,40079.905,72.22
2022-11-20T07:00+01:00,-3352.81,29775.14095,11740.687,41328.145,72.22
2022-11-20T08:00+01:00,-1695.3225,29933.3923,13185.17104,44265.805,72.22
2022-11-20T09:00+01:00,-1552.005,29995.17967,15518.1901,47359.275,72.22
2022-11-20T10:00+01:00,-2082.2125,30026.65762,17982.37904,49401.3875,72.22
2022-11-20T11:00+01:00,-1647.6075,30002.90862,19622.64736,51787.67,72.22
2022-11-20T12:00+01:00,-1500.11,30009.40852,20250.45347,52050.3525,72.22
2022-11-20T13:00+01:00,-1572.1025,29950.47685,19297.52944,50157.7625,72.22
2022-11-20T14:00+01:00,-1245.1325,30033.27495,16781.01551,49330.22,72.22
2022-11-20T15:00+01:00,461.3775,30122.43259,14095.79484,49350.8825,72.22
2022-11-20T16:00+01:00,1684.6825,30171.11865,13719.35705,51118.8,72.22
2022-11-20T17:00+01:00,587.6475,30350.01279,15008.66645,53944.325,72.22
2022-11-20T18:00+01:00,-1082.3725,30347.01138,15913.82597,54348.585,72.22
2022-11-20T19:00+01:00,-2895.15,30455.67702,16729.11591,52589.3225,72.22
2022-11-20T20:00+01:00,-3087.11,30122.06892,16731.2951,50371.3025,72.22
2022-11-20T21:00+01:00,-1855.675,29363.79239,17024.93225,48440.605,72.22
2022-11-20T22:00+01:00,-374.6625,28715.62075,16867.28255,47970.7475,72.22
2022-11-20T23:00+01:00,-1349.955,27951.10366,16633.02849,46078.205,72.22
2022-11-21T00:00+01:00,-2783.42,27478.46169,16324.22804,44161.8675,72.22
2022-11-21T01:00+01:00,-2046.9525,27494.6314,15915.49341,42688.11,72.22
2022-11-21T02:00+01:00,-1272.005,27256.55416,15109.99682,42400.165,72.22
2022-11-21T03:00+01:00,-494.67,27527.14639,14520.2126,42858.9575,72.22
2022-11-21T04:00+01:00,-560.0525,28367.22935,13908.88423,44357.5525,72.22
2022-11-21T05:00+01:00,-268.8575,29939.82433,13670.62739,47575.4475,72.22
2022-11-21T06:00+01:00,3469.1025,32080.23302,14102.72217,55226.2425,72.22
2022-11-21T07:00+01:00,2468.1025,34216.81187,14588.47193,61201.4375,72.22
2022-11-21T08:00+01:00,2220.535,34812.15689,15602.53483,63965.69,72.22
2022-11-21T09:00+01:00,1147.065,34969.62036,17783.89852,64547.78,72.22
2022-11-21T10:00+01:00,744.1875,35317.11989,19967.17677,65302.1075,72.22
2022-11-21T11:00+01:00,1440.005,35425.76901,21455.31436,66023.1525,72.22
2022-11-21T12:00+01:00,1618.28,35073.39378,21766.36168,65875.0075,72.22
2022-11-21T13:00+01:00,1715.875,35410.35907,20539.35245,64891.5,72.22
2022-11-21T14:00+01:00,1423.7425,35596.35375,17740.98349,63569.8325,72.22
2022-11-21T15:00+01:00,3966.38,35893.93061,15238.56569,63283.7125,72.22
2022-11-21T16:00+01:00,3756.975,35940.11456,16430.49349,64658.1825,72.22
2022-11-21T17:00+01:00,1972.1425,35971.72725,19525.55905,66985.365,72.22
2022-11-21T18:00+01:00,-835.7325,35610.99393,22984.70085,66273.175,72.22
2022-11-21T19:00+01:00,-1162.5525,33906.09652,25144.07324,65075.4825,72.22
2022-11-21T20:00+01:00,-3721.24,31629.871,26882.69915,61375.415,72.22
2022-11-21T21:00+01:00,-3689.3275,29790.4402,27802.84422,57927.925,72.22
2022-11-21T22:00+01:00,-5694.1225,28424.19538,28618.89831,54667.2575,72.22
2022-11-21T23:00+01:00,-6199.365,26147.78969,29173.73387,51884.8725,72.22
2022-11-22T00:00+01:00,-5799.75,24378.72034,29339.21131,48984.415,72.22
2022-11-22T01:00+01:00,-7262.91,23710.61132,29466.62666,47040.87,72.22
2022-11-22T02:00+01:00,-7943.6025,23660.25074,29750.7297,46427.3575,72.22
2022-11-22T03:00+01:00,-7536.68,23101.16862,30511.69739,46952.8575,72.22
2022-11-22T04:00+01:00,-5947.165,23007.10534,30901.4055,48483.82,72.22
2022-11-22T05:00+01:00,-4770.7425,24608.24325,30120.14696,52012.08,72.22
2022-11-22T06:00+01:00,-4205.7125,28751.92109,29621.44999,59089.9175,72.22
2022-11-22T07:00+01:00,-3251.5475,30984.6944,28663.2594,64898.6475,72.22
2022-11-22T08:00+01:00,-3157.505,31650.21264,28153.55933,67284.1825,72.22
2022-11-22T09:00+01:00,-3032.2,31893.15178,28781.78138,66988.8225,72.22
2022-11-22T10:00+01:00,-1786.4525,32087.44612,30107.35073,67701.0075,72.22
2022-11-22T11:00+01:00,-2561.1025,32338.25029,30705.09184,68519.32,72.22
2022-11-22T12:00+01:00,-2890.295,32324.17741,30658.1211,68405.3675,72.22
2022-11-22T13:00+01:00,-2044.135,32760.58277,29273.68348,67553.405,72.22
2022-11-22T14:00+01:00,-1815.365,33529.00448,26573.68497,66050.6975,72.22
2022-11-22T15:00+01:00,-4263.035,33647.87549,24939.59418,65478.0075,72.22
2022-11-22T16:00+01:00,-4109.8925,34039.01298,25525.73935,66459.145,72.22
2022-11-22T17:00+01:00,-5672.585,33976.28344,27336.54865,68208.8725,72.22
2022-11-22T18:00+01:00,-7810.69,34007.58339,28745.69657,66873.3675,72.22
2022-11-22T19:00+01:00,-8035.5225,33532.59219,29677.22774,65704.61,72.22
2022-11-22T20:00+01:00,-6286.92,31778.94192,29850.39159,62262.175,72.22
2022-11-22T21:00+01:00,-6230.5325,30265.90141,29587.45498,58816.7475,72.22
2022-11-22T22:00+01:00,-8271.7575,29613.77615,29205.9294,55605.89,72.22
2022-11-22T23:00+01:00,-7742.22,27655.58207,28321.16369,51856.06,72.22
2022-11-23T00:00+01:00,-6939.485,26221.64026,27997.71936,49267.545,72.22
2022-11-23T01:00+01:00,-7044.09,25170.72795,27713.49722,47277.6125,72.22
2022-11-23T02:00+01:00,-6273.2175,24541.99361,27317.16966,46552.6275,72.22
2022-11-23T03:00+01:00,-5279.1075,24829.89892,26579.42533,47240.4975,72.22
2022-11-23T04:00+01:00,-3013.11,24870.68115,25865.7661,48504.6425,72.22
2022-11-23T05:00+01:00,-4267.7775,27377.71928,24983.91011,51659.83,72.22
2022-11-23T06:00+01:00,-4630.435,29849.01369,24467.51308,57949.5425,72.22
2022-11-23T07:00+01:00,-3657.985,31697.40497,24601.26256,63571.9875,72.22
2022-11-23T08:00+01:00,-3824.0975,32311.34809,26013.53335,65741.205,72.22
2022-11-23T09:00+01:00,-5899.11,32597.30501,29048.84719,65897.335,72.22
2022-11-23T10:00+01:00,-5412.95,32926.48468,32089.99333,65935.15,72.22
2022-11-23T11:00+01:00,-6258.47,33239.916,34169.88592,65913.7,72.22
2022-11-23T12:00+01:00,-6479.27,33126.13698,34923.61439,64914.69,72.22
2022-11-23T13:00+01:00,-4553.0075,33205.34298,33558.22007,64474.1375,72.22
2022-11-23T14:00+01:00,-4267.2075,33943.28773,30163.36732,63522.5425,72.22
2022-11-23T15:00+01:00,-2760.8025,34389.59155,25890.44606,64020.16,72.22
2022-11-23T16:00+01:00,-4939.375,34889.32663,25833.56762,65214.4075,72.22
2022-11-23T17:00+01:00,-6337.9775,34782.93416,29167.75393,67675.2525,72.22
2022-11-23T18:00+01:00,-8142.3725,34631.23172,30721.12129,67388.4225,72.22
2022-11-23T19:00+01:00,-7696.0525,33819.43203,31507.22611,65261.105,72.22
2022-11-23T20:00+01:00,-8571.8925,32167.74013,31322.42339,61544.91,72.22
2022-11-23T21:00+01:00,-9174.9875,31247.5492,30054.63133,58043.455,72.22
2022-11-23T22:00+01:00,-6901.5575,29044.67329,28680.08362,54518.3275,72.22
2022-11-23T23:00+01:00,-5999.91,26728.30301,27971.11743,50763.335,72.22
2022-11-24T00:00+01:00,-5924.31,25744.52982,28533.41476,48302,72.22
2022-11-24T01:00+01:00,-6500.4825,25095.02513,27989.48038,46487.31,72.22
2022-11-24T02:00+01:00,-6483.9325,24955.01587,27699.02315,45438.48,72.22
2022-11-24T03:00+01:00,-5161.6325,24499.89686,26897.55745,46074.5775,72.22
2022-11-24T04:00+01:00,-3906.79,25114.51041,25538.74076,46963.05,72.22
2022-11-24T05:00+01:00,-4710.67,28129.04999,25451.25325,50537.14,72.22
2022-11-24T06:00+01:00,-4644.495,31692.30294,24632.29634,57410.825,72.22
2022-11-24T07:00+01:00,-5156.0525,33742.32356,24156.78166,63141.71,72.22
2022-11-24T08:00+01:00,-4841.535,34582.31437,24050.90814,65628.0225,72.22
2022-11-24T09:00+01:00,-3496.19,34781.29374,24468.52254,65784.0425,72.22
2022-11-24T10:00+01:00,-2449.9525,34641.62369,24901.27701,66291.76,72.22
2022-11-24T11:00+01:00,-1983.615,34668.41504,25294.44232,66344.445,72.22
2022-11-24T12:00+01:00,-680.5075,34522.63507,25059.36439,66280.5875,72.22
2022-11-24T13:00+01:00,629.9525,34563.3686,22964.91606,65503.605,72.22
2022-11-24T14:00+01:00,749.8625,35216.75185,19678.63807,63943.0825,72.22
2022-11-24T15:00+01:00,924.03,35241.91014,16373.87949,63539.3675,72.22
2022-11-24T16:00+01:00,1606.3475,34940.05574,16028.89158,64532.6825,72.22
2022-11-24T17:00+01:00,-1055.1825,34602.53802,18413.6165,66681.87,72.22
2022-11-24T18:00+01:00,-1450.0825,34414.24895,20736.92403,65951.92,72.22
2022-11-24T19:00+01:00,-2326.19,33705.38215,22011.844,64578.365,72.22
2022-11-24T20:00+01:00,-1418.4325,32304.10433,22645.12562,61039.0375,72.22
2022-11-24T21:00+01:00,-2943.5125,31810.01641,22410.95677,57210.8975,72.22
2022-11-24T22:00+01:00,-3879.495,31247.46523,21710.37667,54560.1225,72.22
2022-11-24T23:00+01:00,-4349.86,30033.53517,21502.56059,51442.2625,72.22
2022-11-25T00:00+01:00,-6025.7575,29535.65754,21824.95396,47471.845,72.22
2022-11-25T01:00+01:00,-5520.375,29505.1775,21923.94327,45444.835,72.22
2022-11-25T02:00+01:00,-4486.135,28747.73362,22479.32515,45132.11,72.22
2022-11-25T03:00+01:00,-4429.565,28204.3011,23482.66444,45758.7025,72.22
2022-11-25T04:00+01:00,-4760.3975,28492.1829,23742.56966,47332.26,72.22
2022-11-25T05:00+01:00,-5205.4125,30039.93283,23801.30324,50492.98,72.22
2022-11-25T06:00+01:00,-3125.655,31531.05328,23819.93403,57218.8625,72.22
2022-11-25T07:00+01:00,-3100.495,32943.75078,23502.05235,62858.0925,72.22
2022-11-25T08:00+01:00,-3812.15,33674.29359,24020.77347,65327.175,72.22
2022-11-25T09:00+01:00,-3818.21,34014.09638,25389.6356,65636.705,72.22
2022-11-25T10:00+01:00,-2193.425,33483.85611,26779.01115,65910.435,72.22
2022-11-25T11:00+01:00,-1537.315,33391.04453,27056.914,66203.37,77.575
2022-11-25T12:00+01:00,-867.855,33180.66867,25351.87578,65736.245,79.36
2022-11-25T13:00+01:00,-263.705,33743.18638,22567.46628,64096.045,79.36
2022-11-25T14:00+01:00,1224.565,34694.9454,19011.16888,62673.695,79.36
2022-11-25T15:00+01:00,2082.55,35390.17168,16267.05623,62035.47,79.36
2022-11-25T16:00+01:00,549.355,35592.71991,16131.2192,62773.0975,79.36
2022-11-25T17:00+01:00,-112.07,35652.74961,17367.17513,64471.9075,79.36
2022-11-25T18:00+01:00,-2657.655,35665.7732,19170.12367,63364.235,79.36
2022-11-25T19:00+01:00,-4345.355,35334.27687,20241.68616,61319.3,79.36
2022-11-25T20:00+01:00,-5272.5525,34578.83405,20681.24194,58166.2875,79.36
2022-11-25T21:00+01:00,-4066.6825,33192.4997,20387.70584,54369.0875,79.36
2022-11-25T22:00+01:00,-5863.6575,31449.97679,19965.95694,51360.6975,79.36
2022-11-25T23:00+01:00,-6984.31,31275.19973,19579.17597,47601.315,79.36
2022-11-26T00:00+01:00,-8276.89,30965.85827,18899.73198,44621.925,79.36
2022-11-26T01:00+01:00,-7926.83,31025.72814,18785.96193,42908.8025,79.36
2022-11-26T02:00+01:00,-8027.0425,31161.04052,17864.05502,41423.46,79.36
2022-11-26T03:00+01:00,-7569.4675,31231.23923,16728.10181,42240.7375,79.36
2022-11-26T04:00+01:00,-7030.13,31370.58092,15670.72501,42402.0925,79.36
2022-11-26T05:00+01:00,-7768.7525,31694.80078,15097.13728,42255.115,79.36
2022-11-26T06:00+01:00,-7539.6525,31900.12249,14981.58584,43837.75,79.36
2022-11-26T07:00+01:00,-6777.33,32789.77283,15214.06236,46781.685,79.36
2022-11-26T08:00+01:00,-5510.5625,33191.35629,16006.27928,50296.8225,79.36
2022-11-26T09:00+01:00,-3441.71,33153.10853,17935.73773,52618.105,79.36
2022-11-26T10:00+01:00,-5920.41,33022.88501,19803.45694,54025.84,79.36
2022-11-26T11:00+01:00,-6277.0375,32942.14198,20441.41115,55125.2225,79.36
2022-11-26T12:00+01:00,-4783.16,32752.52792,20367.82324,54616.6675,79.36
2022-11-26T13:00+01:00,-4541.22,32754.32494,19340.50412,52952.3875,79.36
2022-11-26T14:00+01:00,-4145.115,32917.10303,17099.91407,51676.0075,79.36
2022-11-26T15:00+01:00,-3808.835,33261.80768,14310.42076,51410.37,79.36
2022-11-26T16:00+01:00,-1684.95,32822.66737,13509.64155,53258.7525,79.36
2022-11-26T17:00+01:00,-4062.3975,32874.75315,14385.95272,55420.83,79.36
2022-11-26T18:00+01:00,-1825.0175,32735.34427,15349.84103,55319.755,79.36
2022-11-26T19:00+01:00,-1922.095,32261.38026,15867.33545,53958.9525,79.36
2022-11-26T20:00+01:00,-4120.4625,31880.45855,16309.02232,50571.9475,79.36
2022-11-26T21:00+01:00,-5658.3425,31631.61823,17498.22662,48237.5925,79.36
2022-11-26T22:00+01:00,-6981.6625,31035.46692,18258.9484,47049.265,79.36
2022-11-26T23:00+01:00,-7823.9175,29039.19292,18112.49016,44135.955,79.36
2022-11-27T00:00+01:00,-6388.2275,26531.86801,18681.48989,41640.4175,79.36
2022-11-27T01:00+01:00,-6085.7175,24386.36817,19575.53808,39983.705,79.36
2022-11-27T02:00+01:00,-4789.5825,22961.33613,20135.00751,39316.3725,79.36
2022-11-27T03:00+01:00,-3599.155,22136.32146,20845.41682,39799.625,79.36
2022-11-27T04:00+01:00,-3018.9725,22185.11117,21708.87,39921.525,79.36
2022-11-27T05:00+01:00,-4191.6925,22153.33073,22581.29957,40348.39,79.36
2022-11-27T06:00+01:00,-7610.5725,23277.05638,23370.12085,40925.91,79.36
2022-11-27T07:00+01:00,-7565.675,24166.48405,24214.75808,42453.0475,79.36
2022-11-27T08:00+01:00,-7790.86,24808.7166,26123.7241,45585.8125,79.36
2022-11-27T09:00+01:00,-10078.6975,25438.92246,28827.37272,48176.08,79.36
2022-11-27T10:00+01:00,-10740.045,25746.644,30606.84872,50240.93,79.36
2022-11-27T11:00+01:00,-10552.715,26347.38478,30275.55069,52135.515,79.36
2022-11-27T12:00+01:00,-10357.84,26695.55928,29328.51218,52035.38,79.36
2022-11-27T13:00+01:00,-9974.8525,27047.06391,27206.18194,50483.4975,79.36
2022-11-27T14:00+01:00,-9506.125,27744.32136,25082.98968,49731.0525,79.36
2022-11-27T15:00+01:00,-9665.375,28324.18874,24210.72451,49841.665,79.36
2022-11-27T16:00+01:00,-10915.1725,28908.46864,26078.21501,52327.3425,79.36
2022-11-27T17:00+01:00,-12233.7575,29054.19081,27814.95417,55212.66,79.36
2022-11-27T18:00+01:00,-13594.04,28803.73855,28783.38316,55879.1075,79.36
2022-11-27T19:00+01:00,-13135.865,28681.3048,28564.38647,54660.9125,79.36
2022-11-27T20:00+01:00,-13447.755,27954.64465,28284.85765,51940.7425,79.36
2022-11-27T21:00+01:00,-12258.325,27004.4767,28550.09433,50176.4775,79.36
2022-11-27T22:00+01:00,-11601.83,26931.51581,28590.63608,49730.555,79.36
2022-11-27T23:00+01:00,-11959.9025,26386.99291,28834.42359,47595.5725,79.36
2022-11-28T00:00+01:00,-9925.51,25300.3162,28770.21484,45617.6425,79.36
2022-11-28T01:00+01:00,-10197.2425,24748.17138,29101.91517,44130.0075,79.36
2022-11-28T02:00+01:00,-10384.1925,24535.62989,29410.90153,43655.3925,79.36
2022-11-28T03:00+01:00,-8689.8475,23460.32432,29525.68673,44387.3425,79.36
2022-11-28T04:00+01:00,-9787.835,24426.53119,30544.34787,45957.9,79.36
2022-11-28T05:00+01:00,-10033.095,26208.65007,30301.7241,49769.685,79.36
2022-11-28T06:00+01:00,-9221.085,30863.8255,29769.89354,58271.445,79.36
2022-11-28T07:00+01:00,-7089.025,34131.35065,28672.85339,64899.9425,79.36
2022-11-28T08:00+01:00,-7222.765,36253.60782,28064.19406,68284.175,79.36
2022-11-28T09:00+01:00,-7259.995,37147.90026,27341.49051,67989.835,79.36
2022-11-28T10:00+01:00,-6737.6075,37557.52039,26501.16295,68702.8,79.36
2022-11-28T11:00+01:00,-5685.67,37870.79727,25466.7085,69343.9525,79.36
2022-11-28T12:00+01:00,-2074.2075,37863.61879,23710.68851,69040.0125,79.36
2022-11-28T13:00+01:00,-1903.03,38468.09818,21344.25099,67905.3075,79.36
2022-11-28T14:00+01:00,-1807.8525,38842.6109,19072.65294,67127.23,79.36
2022-11-28T15:00+01:00,-1966.3725,38608.19269,17782.71293,66821.99,79.36
2022-11-28T16:00+01:00,-1090.8375,38552.74556,17606.92633,67644.7025,79.36
2022-11-28T17:00+01:00,-2904.07,38449.00893,17923.10877,68811.0925,79.36
2022-11-28T18:00+01:00,-3791.485,38561.59113,17576.94837,67640.17,79.36
2022-11-28T19:00+01:00,-3661.965,38737.14763,16636.46381,65684.6275,79.36
2022-11-28T20:00+01:00,-3761.0025,38509.05753,15664.4123,62002.765,79.36
2022-11-28T21:00+01:00,-3396,38167.31344,14889.2804,58420.1025,79.36
2022-11-28T22:00+01:00,-3979.305,37371.9294,14514.39112,54612.1325,79.36
2022-11-28T23:00+01:00,-2773.6525,35442.15594,13971.23099,50681.2325,79.36
2022-11-29T00:00+01:00,-3400.945,33997.39915,12897.71678,48464.4425,79.36
2022-11-29T01:00+01:00,-5051.1975,33991.93789,12417.8154,46650.1625,79.36
2022-11-29T02:00+01:00,-3883.8025,33264.3818,12116.3843,45853.595,79.36
2022-11-29T03:00+01:00,-3099.9525,33350.17444,11988.38645,46171.69,79.36
2022-11-29T04:00+01:00,-1398.25,33860.02143,11699.73716,47488.7775,79.36
2022-11-29T05:00+01:00,-1846.3975,35418.37246,11472.60028,50562.63,79.36
2022-11-29T06:00+01:00,2614.115,37882.41577,11515.60511,57985.535,79.36
2022-11-29T07:00+01:00,3163.425,40003.10867,11583.55029,63686.6,79.36
2022-11-29T08:00+01:00,2631.6275,40752.5449,11718.731,66116.745,79.36
2022-11-29T09:00+01:00,1907.4875,41803.81992,12496.75467,66713.5625,79.36
2022-11-29T10:00+01:00,2082.975,42070.39567,13018.57714,67306.4075,79.36
2022-11-29T11:00+01:00,2173.8,42178.49744,13229.74477,67765.6425,79.36
2022-11-29T12:00+01:00,2880.6475,41675.78633,12854.05074,67387.31,79.36
2022-11-29T13:00+01:00,3037.465,41852.52571,12040.22131,66591.6925,79.36
2022-11-29T14:00+01:00,2168.1625,42099.80863,11132.82747,65539.16,79.36
2022-11-29T15:00+01:00,1636.9825,42055.20573,10650.58584,65263.2625,79.36
2022-11-29T16:00+01:00,918.0825,42439.95047,10879.11934,65936.885,79.36
2022-11-29T17:00+01:00,271.7925,42723.85938,11193.73756,67284.25,79.36
2022-11-29T18:00+01:00,-1175.6975,42537.64159,11218.60677,66886.34,79.36
2022-11-29T19:00+01:00,-1857.135,42226.22589,10860.80867,64887.22,79.36
2022-11-29T20:00+01:00,-1694.1275,41742.68994,10424.36001,61039.83,79.36
2022-11-29T21:00+01:00,-1896.165,40422.52302,10021.79704,57653.98,79.36
2022-11-29T22:00+01:00,-1926.89,38810.90664,9651.673209,54303.8575,79.36
2022-11-29T23:00+01:00,-4489.3475,38320.06701,9692.930214,50420.2525,79.36
2022-11-30T00:00+01:00,-4559.75,38125.61349,9767.054668,47455.185,79.36
2022-11-30T01:00+01:00,-4346.7,37616.79567,9665.277445,46078.1675,79.36
2022-11-30T02:00+01:00,-4198.2475,37143.10999,9604.983969,45262.855,79.36
2022-11-30T03:00+01:00,-1889.6475,36957.91842,9802.112427,45886.76,79.36
2022-11-30T04:00+01:00,-1335.785,37054.35275,10297.1934,47529.1525,79.36
2022-11-30T05:00+01:00,-861.74,38507.84905,10574.02712,50539.37,79.36
2022-11-30T06:00+01:00,1205.445,40222.60677,10932.8318,57706.695,79.36
2022-11-30T07:00+01:00,1129.14,42026.0681,11214.60518,62975.2425,79.36
2022-11-30T08:00+01:00,-112.625,42885.5622,11649.91519,65838.5375,79.36
2022-11-30T09:00+01:00,-199.51,43645.92612,12486.68689,66437.2825,79.36
2022-11-30T10:00+01:00,-309.905,44148.70999,13310.23775,67075.195,79.36
2022-11-30T11:00+01:00,332.3275,44179.41659,13658.65021,67763.91,79.36
2022-11-30T12:00+01:00,1311.0025,44063.50604,13228.53346,67367.0975,79.36
2022-11-30T13:00+01:00,1109.3925,44197.99799,12701.26802,66820.845,79.36
2022-11-30T14:00+01:00,-183.1975,44415.8477,11771.05746,65994.0025,79.36
2022-11-30T15:00+01:00,340.7025,44549.69977,11155.44256,65805.0575,79.36
2022-11-30T16:00+01:00,-262.0225,44573.44585,11498.44145,66429.16,79.36
2022-11-30T17:00+01:00,-1261.0825,44209.11167,11863.40923,67543.2475,79.36
2022-11-30T18:00+01:00,-2390.485,43908.66629,11904.58029,66631.7425,79.36
2022-11-30T19:00+01:00,-3148.1275,43882.21159,11653.57684,64788.2775,79.36
2022-11-30T20:00+01:00,-2764.365,42982.35652,11350.78033,61254.76,79.36
2022-11-30T21:00+01:00,381.8225,40525.75442,11231.6934,57746.4675,79.36
2022-11-30T22:00+01:00,-1796.11,38956.31381,11125.30867,54589.94,79.36
2022-11-30T23:00+01:00,-2205.075,38035.19963,10725.29041,50727.4075,79.36
2022-12-01T00:00+01:00,-2922.8425,38231.48439,10396.33773,48078.4375,79.36
2022-12-01T01:00+01:00,-2707.77,37431.58399,10337.41746,46639.445,79.36
2022-12-01T02:00+01:00,-2938.165,37070.58261,10284.28538,45748.125,79.36
2022-12-01T03:00+01:00,-2848.4425,36953.62759,10526.09748,46156.89,79.36
2022-12-01T04:00+01:00,-2055.9325,37481.29408,10602.33969,47241.03,79.36
2022-12-01T05:00+01:00,-1391.495,38983.69985,10839.50155,50769.9625,79.36
2022-12-01T06:00+01:00,-237.4625,40814.07357,11228.11287,58093.3825,79.36
2022-12-01T07:00+01:00,-366.6675,43388.47859,11557.92675,63394.8225,79.36
2022-12-01T08:00+01:00,88.0375,44109.48405,12080.89316,66142.1125,79.36
2022-12-01T09:00+01:00,-853.6125,44651.60464,12779.29848,66920.855,79.36
2022-12-01T10:00+01:00,-973.3475,44553.41708,13497.12143,67151.97,79.36
2022-12-01T11:00+01:00,195.905,44820.70576,13540.62288,67571.495,79.36
2022-12-01T12:00+01:00,391.195,44796.0497,13346.37534,67547.8175,79.36
2022-12-01T13:00+01:00,-185.7325,44919.88265,13079.60496,67085.795,79.36
2022-12-01T14:00+01:00,197.1225,44720.65941,12091.79479,66073.4475,79.36
2022-12-01T15:00+01:00,-223.3475,44789.89875,11384.31075,65954.9175,79.36
2022-12-01T16:00+01:00,-1319.995,44867.10011,11397.56713,66719.42,79.36
2022-12-01T17:00+01:00,-1998.885,44807.5305,11639.30677,67993.3675,79.36
2022-12-01T18:00+01:00,-1827.87,44483.92908,11836.71441,67369.4975,79.36
2022-12-01T19:00+01:00,-808.6875,44265.44208,11656.7109,65872.255,79.36
2022-12-01T20:00+01:00,-791.7875,43195.25085,11551.41749,61742.9775,79.36
2022-12-01T21:00+01:00,-1548.4325,41350.80309,11510.1646,58504.8275,79.36
2022-12-01T22:00+01:00,-2036.2425,40030.74326,11178.11841,55802.795,79.36
2022-12-01T23:00+01:00,-3485.62,39166.8332,11285.25183,52161.1625,79.36
2022-12-02T00:00+01:00,-5500.705,38389.83731,11195.50861,49394.395,79.36
2022-12-02T01:00+01:00,-4664.5075,37795.8853,11502.52474,47666.375,79.36
2022-12-02T02:00+01:00,-5137.1475,37106.40976,11961.03883,47033.145,79.36
2022-12-02T03:00+01:00,-5594.8775,36665.887,12577.43998,47593.3275,79.36
2022-12-02T04:00+01:00,-5023.695,37129.78779,13140.51246,48828.235,79.36
2022-12-02T05:00+01:00,-4875.4,37331.10202,14130.17112,51687.24,79.36
2022-12-02T06:00+01:00,-2359.745,38834.23069,15423.19899,58395.8575,79.36
2022-12-02T07:00+01:00,-2367.575,40256.5543,16678.34867,64290.925,79.36
2022-12-02T08:00+01:00,-4120.915,40399.15737,18217.09673,67369.6175,79.36
2022-12-02T09:00+01:00,-4169.2225,40602.78085,18782.50269,67707.44,79.36
2022-12-02T10:00+01:00,-4213.4,40371.39416,19882.64998,68423.335,79.36
2022-12-02T11:00+01:00,-3127.3025,40545.05797,20731.49315,68916.195,83.7475
2022-12-02T12:00+01:00,-1995.2,40632.2946,21624.2299,69008.445,85.21
2022-12-02T13:00+01:00,-2502.2175,40307.37011,22956.26867,67927.8725,85.21
2022-12-02T14:00+01:00,-4258.12,39988.80481,23071.59729,66706.08,85.21
2022-12-02T15:00+01:00,-4627.545,40158.42057,23130.3655,65950.3275,85.21
2022-12-02T16:00+01:00,-5232.6475,40633.99825,23984.03411,66961.87,85.21
2022-12-02T17:00+01:00,-6371.4425,41434.44749,24480.55574,68069.645,85.21
2022-12-02T18:00+01:00,-6467.39,41523.97595,24524.09618,67515.915,85.21
2022-12-02T19:00+01:00,-6747.2725,40074.47519,23677.079,65359.1125,85.21
2022-12-02T20:00+01:00,-4534.1575,37264.30624,23415.62948,61735.6275,85.21
2022-12-02T21:00+01:00,-7322.5075,36450.51114,22969.49993,58273.9325,85.21
2022-12-02T22:00+01:00,-8218.305,35655.29787,22814.82859,55051.92,85.21
2022-12-02T23:00+01:00,-8382.855,34225.48781,22804.33075,51650.5175,85.21
2022-12-03T00:00+01:00,-8315.6325,32069.64413,22974.91668,48698.6325,85.21
2022-12-03T01:00+01:00,-9256.275,31553.32144,23023.11262,46886.8175,85.21
2022-12-03T02:00+01:00,-9035.8025,31339.474,22947.33298,46006.905,85.21
2022-12-03T03:00+01:00,-8825.2125,31142.65929,22099.51729,45579.29,85.21
2022-12-03T04:00+01:00,-8457.495,31226.83463,21365.86984,45265.595,85.21
2022-12-03T05:00+01:00,-8904.7775,31611.81476,20537.46011,46096.28,85.21
2022-12-03T06:00+01:00,-8416.13,32467.66028,19925.64625,47001.015,85.21
2022-12-03T07:00+01:00,-8398.6175,33895.22229,19206.79297,49769.1525,85.21
2022-12-03T08:00+01:00,-6326.6275,34905.31863,18576.6324,53154.955,85.21
2022-12-03T09:00+01:00,-5515.645,36104.92457,17637.69283,55876.8,85.21
2022-12-03T10:00+01:00,-5758.05,36710.70945,17893.07097,58092.8725,85.21
2022-12-03T11:00+01:00,-5348.7825,36962.69212,17963.35194,59126.925,85.21
2022-12-03T12:00+01:00,-3845.8325,36606.7958,17866.72165,58801.2425,85.21
2022-12-03T13:00+01:00,-4626.6925,36736.2238,17286.9104,57450.0975,85.21
2022-12-03T14:00+01:00,-5372.4275,36785.39298,16836.10841,56302.995,85.21
2022-12-03T15:00+01:00,-4434.7425,37034.02935,16192.70465,56075.64,85.21
2022-12-03T16:00+01:00,-3270.155,37149.76253,16042.02514,57219.4625,85.21
2022-12-03T17:00+01:00,-4236.135,37026.82154,16522.19758,58754.32,85.21
2022-12-03T18:00+01:00,-3306.66,37296.36608,16979.25791,58464.8575,85.21
2022-12-03T19:00+01:00,-5732.1725,37445.27391,17085.09931,56906.1075,85.21
2022-12-03T20:00+01:00,-7427.2525,36536.5346,17447.16292,53715.5825,85.21
2022-12-03T21:00+01:00,-6675.785,35401.92896,17612.16182,51263.8,85.21
2022-12-03T22:00+01:00,-7917.78,34932.00459,17673.4035,49392.7975,85.21
2022-12-03T23:00+01:00,-8396.37,33266.49481,17711.69815,46374.315,85.21
2022-12-04T00:00+01:00,-8850.7175,31650.72186,17244.91432,44071.32,85.21
2022-12-04T01:00+01:00,-9230.0375,31182.46985,17056.32379,42279.7675,85.21
2022-12-04T02:00+01:00,-8208.68,30592.36181,17294.41803,41410.725,85.21
2022-12-04T03:00+01:00,-8170.3375,30594.72774,17400.37037,41531.12,85.21
2022-12-04T04:00+01:00,-7731.1225,30413.02411,17500.74815,41549.925,85.21
2022-12-04T05:00+01:00,-7032.61,30508.98152,17293.93246,41426.2475,85.21
2022-12-04T06:00+01:00,-7663.1,30588.6945,17258.05048,41499.4,85.21
2022-12-04T07:00+01:00,-8913.8675,30613.66589,17602.53218,43404.8175,85.21
2022-12-04T08:00+01:00,-6097.9,30526.43723,18434.52196,46337.4375,85.21
2022-12-04T09:00+01:00,-4693.2,31113.98268,19016.20063,50038.18,85.21
2022-12-04T10:00+01:00,-4734.7275,31454.76434,19623.24952,52798.78,85.21
2022-12-04T11:00+01:00,-4609.53,32054.21209,19856.05802,55592.225,85.21
2022-12-04T12:00+01:00,-4103.325,32941.86631,20372.37099,56185.6125,85.21
2022-12-04T13:00+01:00,-5271.525,33394.60213,20050.23315,54601.235,85.21
2022-12-04T14:00+01:00,-6671.0825,33677.12642,19905.40301,53698.1425,85.21
2022-12-04T15:00+01:00,-6453.0575,33901.11233,19755.93899,53713.9875,85.21
2022-12-04T16:00+01:00,-6842.735,34586.84179,20223.0888,55128.4,85.21
2022-12-04T17:00+01:00,-6567.32,34954.73519,21120.41186,57136.4425,85.21
2022-12-04T18:00+01:00,-6524.6125,35490.47626,21449.75865,57349.7725,85.21
2022-12-04T19:00+01:00,-7249.885,34908.36462,21165.85239,55712.175,85.21
2022-12-04T20:00+01:00,-7825.98,34285.71144,20889.87114,53329.6,85.21
2022-12-04T21:00+01:00,-8016.8725,34100.53114,20403.68595,52032.095,85.21
2022-12-04T22:00+01:00,-6958.3725,33688.90277,19905.70333,51223.575,85.21
2022-12-04T23:00+01:00,-7280.1225,33200.28529,19801.70948,48664.38,85.21
2022-12-05T00:00+01:00,-7037.72,33058.23293,19307.5609,46200.0875,85.21
2022-12-05T01:00+01:00,-6280.05,31588.22761,18571.21721,44380.1125,85.21
2022-12-05T02:00+01:00,-7069.9225,30530.43975,18884.35327,44309.315,85.21
2022-12-05T03:00+01:00,-6912.3725,31106.97375,18595.07811,44635.4975,85.21
2022-12-05T04:00+01:00,-4592.4,31598.40807,17734.56349,46119.075,85.21
2022-12-05T05:00+01:00,-6285.44,34759.2103,17920.32297,49672.415,85.21
2022-12-05T06:00+01:00,-4578.145,38219.78575,18168.37504,58336.7075,85.21
2022-12-05T07:00+01:00,-2098.7175,40230.62795,17910.76909,64693.67,85.21
2022-12-05T08:00+01:00,-1733.1175,40843.29871,17914.55188,67645.2875,85.21
2022-12-05T09:00+01:00,-396.185,41038.93481,18038.04566,68496.605,85.21
2022-12-05T10:00+01:00,-730.025,41411.08305,18100.61759,69139.92,85.21
2022-12-05T11:00+01:00,-745.275,41412.82941,18217.01608,69683.69,85.21
2022-12-05T12:00+01:00,808.8525,41591.18731,17973.786,69563.975,85.21
2022-12-05T13:00+01:00,504.3875,41478.15227,17466.20662,68604.6425,85.21
2022-12-05T14:00+01:00,-113.1575,41450.96146,16535.08587,67118.485,85.21
2022-12-05T15:00+01:00,-1504.195,41849.01069,15757.31845,66764.8025,85.21
2022-12-05T16:00+01:00,-1503.47,41982.03119,15635.03464,67305.075,85.21
2022-12-05T17:00+01:00,-1545.155,41924.99589,15427.13367,68163.64,85.21
2022-12-05T18:00+01:00,-1873.48,42035.10937,15027.1906,67300.505,85.21
2022-12-05T19:00+01:00,-1285.715,41947.81455,14407.50165,65614.8075,85.21
2022-12-05T20:00+01:00,-2867.675,41491.95431,13939.74112,62150.7175,85.21
2022-12-05T21:00+01:00,-3575.4625,40733.01387,14310.30619,58755.7075,85.21
2022-12-05T22:00+01:00,-4377.955,39936.16745,13764.19411,55871.2925,85.21
2022-12-05T23:00+01:00,-4466.3675,38593.47858,13295.61118,51837.0075,85.21
2022-12-06T00:00+01:00,-3199.7875,37313.82649,13407.80661,49444.78,85.21
2022-12-06T01:00+01:00,-3755.775,36539.65976,13042.04988,47495.04,85.21
2022-12-06T02:00+01:00,-2301.2225,35791.04244,12103.63252,46375.66,85.21
2022-12-06T03:00+01:00,-2270.525,36262.65095,11742.07928,46330.13,85.21
2022-12-06T04:00+01:00,-2021.2175,37042.40003,10735.73274,47765.7825,85.21
2022-12-06T05:00+01:00,-2249.74,38808.14028,10188.4591,50892.7075,85.21
2022-12-06T06:00+01:00,-384.56,40560.47316,10514.06615,57728.56,85.21
2022-12-06T07:00+01:00,533.44,42044.29765,10829.88677,63667.605,85.21
2022-12-06T08:00+01:00,1706.32,42710.37095,11008.34753,66304.6975,85.21
2022-12-06T09:00+01:00,1355.5625,42988.36204,11126.30424,67141.695,85.21
2022-12-06T10:00+01:00,897.87,42941.84364,11706.29512,67955.0975,85.21
2022-12-06T11:00+01:00,2575.76,42832.65312,12511.58208,68511.6375,85.21
2022-12-06T12:00+01:00,3303.2,42697.30525,12805.3184,68077.065,85.21
2022-12-06T13:00+01:00,3043.075,42704.56257,12576.03392,67266.9275,85.21
2022-12-06T14:00+01:00,1972.245,42607.03717,11818.25211,66182.405,85.21
2022-12-06T15:00+01:00,593.45,42730.06748,11360.26746,65845.41,85.21
2022-12-06T16:00+01:00,-781.0525,42787.46161,12716.82046,66755.9875,85.21
2022-12-06T17:00+01:00,-2190.94,42737.70883,14324.51469,67902.86,85.21
2022-12-06T18:00+01:00,-2414.4175,42623.90935,15703.86587,66981.1325,85.21
2022-12-06T19:00+01:00,-4206.835,42062.65225,17036.00647,65945.2025,85.21
2022-12-06T20:00+01:00,-6314.96,41182.99038,18378.29074,62795.525,85.21
2022-12-06T21:00+01:00,-7531.72,39709.86848,19406.51384,59225.03,85.21
2022-12-06T22:00+01:00,-7346.425,37423.54885,19921.66196,55989.1725,85.21
2022-12-06T23:00+01:00,-6965.7075,35491.33949,20233.64944,52089.9225,85.21
2022-12-07T00:00+01:00,-8892.98,34857.00473,20873.67378,48736.715,85.21
2022-12-07T01:00+01:00,-8627.295,33456.45106,22478.8302,47274.0125,85.21
2022-12-07T02:00+01:00,-9222.625,32126.62772,23495.79782,46880.735,85.21
2022-12-07T03:00+01:00,-9932.9,32677.16125,23928.98816,46856.2075,85.21
2022-12-07T04:00+01:00,-10162.885,33328.84875,24457.11015,48319.2875,85.21
2022-12-07T05:00+01:00,-10263.2675,35034.4795,25055.11463,51483.4725,85.21
2022-12-07T06:00+01:00,-8111.26,36139.16797,26090.88813,59040.7,85.21
2022-12-07T07:00+01:00,-9102.715,37975.55933,26902.12564,65206.215,85.21
2022-12-07T08:00+01:00,-8162.4775,38346.70842,27482.53885,67676.585,85.21
2022-12-07T09:00+01:00,-9058.7475,38503.08977,28481.18514,68213.855,85.21
2022-12-07T10:00+01:00,-10478.0175,38670.95685,30067.23237,68539.8625,85.21
2022-12-07T11:00+01:00,-9943.96,38764.18276,30479.88683,68874.2675,85.21
2022-12-07T12:00+01:00,-9611.93,39078.03586,29682.28352,69009.6275,85.21
2022-12-07T13:00+01:00,-9565.475,39315.92769,27722.79867,67930.35,85.21
2022-12-07T14:00+01:00,-6539.7825,39518.58755,24996.63282,67141.485,85.21
2022-12-07T15:00+01:00,-6495.6725,39727.76403,21913.95121,66897.8275,85.21
2022-12-07T16:00+01:00,-7387.53,40811.74234,20832.75891,67934.24,85.21
2022-12-07T17:00+01:00,-6479.475,41705.58801,20741.45983,69334.9025,85.21
2022-12-07T18:00+01:00,-6236.5275,42263.95375,20062.17569,68456.325,85.21
2022-12-07T19:00+01:00,-6062.3075,42426.87859,19670.76993,66876.075,85.21
2022-12-07T20:00+01:00,-8048.075,41687.87013,18837.03977,63372.6,85.21
2022-12-07T21:00+01:00,-8757.3925,40956.27084,18823.58784,59407.56,85.21
2022-12-07T22:00+01:00,-8989.9475,40024.58811,18832.1705,56036.7675,85.21
2022-12-07T23:00+01:00,-7187.66,38586.15717,19004.15402,52430.57,85.21
2022-12-08T00:00+01:00,-8242.64,36950.75984,19058.64639,50278.9875,85.21
2022-12-08T01:00+01:00,-8627.755,36328.74963,19475.92842,48312.795,85.21
2022-12-08T02:00+01:00,-8542.01,35574.79505,18299.11667,47162.5975,85.21
2022-12-08T03:00+01:00,-8661.91,35442.92146,18750.23909,47749.06,85.21
2022-12-08T04:00+01:00,-7167.925,36003.00168,19441.52624,48985.84,85.21
2022-12-08T05:00+01:00,-7685.1575,37608.2289,19609.47067,52009.07,85.21
2022-12-08T06:00+01:00,-7347.7225,39849.92175,19236.55457,58884.2375,85.21
2022-12-08T07:00+01:00,-5047.8525,41451.07435,19529.72608,65047.725,85.21
2022-12-08T08:00+01:00,-4734.09,41826.02197,18521.62515,66719.77,85.21
2022-12-08T09:00+01:00,-4597.69,42584.65433,18887.95905,66950.55,85.21
2022-12-08T10:00+01:00,-3128.595,42809.5176,19565.90087,67667.215,85.21
2022-12-08T11:00+01:00,-3628.775,42748.99288,19816.51287,68051.3625,85.21
2022-12-08T12:00+01:00,-1984.26,42934.18404,18734.23911,67991.4475,85.21
2022-12-08T13:00+01:00,-1147.365,42978.69052,16471.21474,67004.5125,85.21
2022-12-08T14:00+01:00,354.465,43280.12332,13809.72041,66151.315,85.21
2022-12-08T15:00+01:00,1112.0425,43969.7955,11409.28716,66120.0325,85.21
2022-12-08T16:00+01:00,1493.5225,44266.79803,10461.34092,66975.125,85.21
2022-12-08T17:00+01:00,760.69,43681.89596,10193.99616,68354.49,85.21
2022-12-08T18:00+01:00,396.81,43074.79601,9884.359481,67727.705,85.21
2022-12-08T19:00+01:00,598.82,42713.2442,9487.775923,66131.1925,85.21
2022-12-08T20:00+01:00,673.6075,42460.07204,9198.800824,63062.3825,85.21
2022-12-08T21:00+01:00,290.7975,41883.67685,9071.339138,59710.5825,85.21
2022-12-08T22:00+01:00,-152.4225,41246.82622,9137.136346,56694.815,85.21
2022-12-08T23:00+01:00,-404.14,39458.65217,9469.651574,53505.4175,85.21
2022-12-09T00:00+01:00,645.7575,37464.88175,9902.48343,50771.0375,85.21
2022-12-09T01:00+01:00,-143.3175,36971.83718,10085.26033,48622.0225,85.21
2022-12-09T02:00+01:00,-13.9975,36507.49497,10355.09357,47806.045,85.21
2022-12-09T03:00+01:00,-239.0875,36536.12014,10637.07381,47824.2575,85.21
2022-12-09T04:00+01:00,62.11,36537.92065,10944.56449,49184.705,85.21
2022-12-09T05:00+01:00,47.4425,36935.08783,11395.63739,52748.6375,85.21
2022-12-09T06:00+01:00,-155.775,39683.23187,11785.36294,59128.2625,85.21
2022-12-09T07:00+01:00,1393.26,41085.36915,12685.35685,64719.295,85.21
2022-12-09T08:00+01:00,1148.8925,41995.64524,13003.58504,67508.915,85.21
2022-12-09T09:00+01:00,-573.5275,42549.29127,13664.32911,67985.325,85.21
2022-12-09T10:00+01:00,74.285,42476.8696,14582.86954,68257.445,85.21
2022-12-09T11:00+01:00,114.7225,42433.12936,14729.99142,68208.3775,87.4975
2022-12-09T12:00+01:00,561.2775,42349.96198,14969.56422,67732.63,88.26
2022-12-09T13:00+01:00,2519.8875,42007.72169,14450.53884,66909.2825,88.26
2022-12-09T14:00+01:00,1867.84,42160.95601,12804.85303,65378.4825,88.26
2022-12-09T15:00+01:00,2758.5875,42032.07419,11491.65806,64917.385,88.26
2022-12-09T16:00+01:00,2062.17,42124.47918,11469.46579,65719.2025,88.26
2022-12-09T17:00+01:00,-439.775,41861.59689,11822.87333,66729.455,88.26
2022-12-09T18:00+01:00,-142.335,41891.81695,12204.91978,65370.08,88.26
2022-12-09T19:00+01:00,340.5725,41914.61976,12041.07848,63849.11,88.26
2022-12-09T20:00+01:00,61.5475,40592.78297,11862.99908,60520.9125,88.26
2022-12-09T21:00+01:00,-446.9225,39632.56607,11468.00542,57326.4925,88.26
2022-12-09T22:00+01:00,-789.8375,38113.26938,11566.52349,54233.815,88.26
2022-12-09T23:00+01:00,-747.6875,36821.64051,11537.36473,51272.5525,88.26
2022-12-10T00:00+01:00,-542.325,35070.08095,11034.34369,48818.145,88.26
2022-12-10T01:00+01:00,-1020.85,35075.65729,10559.22037,47068.8725,88.26
2022-12-10T02:00+01:00,-207.0225,34958.79076,10202.06341,46058.6275,88.26
2022-12-10T03:00+01:00,-851.8775,35427.63584,9848.149089,45337.935,88.26
2022-12-10T04:00+01:00,-1719.4575,35583.7516,9879.163264,45257.2325,88.26
2022-12-10T05:00+01:00,-1260.66,35462.6805,10091.15075,45373.245,88.26
2022-12-10T06:00+01:00,-3584.24,36257.44101,10263.13154,45739.315,88.26
2022-12-10T07:00+01:00,-4042.1075,38050.25271,10119.71259,48618.245,88.26
2022-12-10T08:00+01:00,-2789.15,39266.26792,10374.68801,52513.9,88.26
2022-12-10T09:00+01:00,-1683.69,39185.96075,11490.55788,55539.0075,88.26
2022-12-10T10:00+01:00,-1823.6825,39217.75597,12867.69053,57252.585,88.26
2022-12-10T11:00+01:00,-1431.7075,39329.79024,13352.3004,58199.3575,88.26
2022-12-10T12:00+01:00,-1378.45,39237.61689,13118.26729,57929.0275,88.26
2022-12-10T13:00+01:00,-895.5175,39008.21912,12390.11373,56490.41,88.26
2022-12-10T14:00+01:00,-361.4025,39071.9403,10936.85812,55624.655,88.26
2022-12-10T15:00+01:00,642.1025,39320.90191,9786.015879,55766.2525,88.26
2022-12-10T16:00+01:00,-61.715,39735.04987,9614.652641,57112.2375,88.26
2022-12-10T17:00+01:00,-864.0025,39809.60493,9965.465101,58944.12,88.26
2022-12-10T18:00+01:00,-1959.58,39974.88052,10055.23939,58886.21,88.26
2022-12-10T19:00+01:00,-2354.35,39994.18816,10300.00532,57436.7275,88.26
2022-12-10T20:00+01:00,-1691.6775,39006.95888,10341.81955,54365.595,88.26
2022-12-10T21:00+01:00,-3106.71,37955.018,10145.3073,51756.865,88.26
2022-12-10T22:00+01:00,-3136.4325,37419.83769,10127.55538,50431.71,88.26
2022-12-10T23:00+01:00,-2976.4075,36276.89536,9990.097278,48003.4625,88.26
2022-12-11T00:00+01:00,-4059.4325,35356.6181,9829.065657,45628.14,88.26
2022-12-11T01:00+01:00,-3922.025,35206.94654,9609.71418,44460.8175,88.26
2022-12-11T02:00+01:00,-3660.905,34806.24426,9571.263855,43498.1375,88.26
2022-12-11T03:00+01:00,-3043.525,34577.33928,9425.305768,42918.84,88.26
2022-12-11T04:00+01:00,-3473.525,34785.85908,9429.947664,42621.4675,88.26
2022-12-11T05:00+01:00,-3401.015,34718.13326,9642.342106,42769.5425,88.26
2022-12-11T06:00+01:00,-4741.2575,34911.19625,9865.064437,42675.7475,88.26
2022-12-11T07:00+01:00,-5641.2325,35521.27723,10122.74396,44111.155,88.26
2022-12-11T08:00+01:00,-5415.565,36717.72136,10264.02279,47186.95,88.26
2022-12-11T09:00+01:00,-5209.33,38014.93912,11190.52658,50562.0375,88.26
2022-12-11T10:00+01:00,-4664.085,38462.41323,11976.6044,53756.46,88.26
2022-12-11T11:00+01:00,-3309.5825,38674.29853,12290.59858,56563.695,88.26
2022-12-11T12:00+01:00,-2874.8925,38586.79204,12434.28964,56790.4225,88.26
2022-12-11T13:00+01:00,-2717.56,38670.29614,11911.48283,55163.3925,88.26
2022-12-11T14:00+01:00,-3781.755,38915.47999,10997.61584,53759.045,88.26
2022-12-11T15:00+01:00,-2618.855,38931.09853,10327.67442,53985.4675,88.26
2022-12-11T16:00+01:00,-2819.355,39724.05367,9925.362637,55119.7825,88.26
2022-12-11T17:00+01:00,-4485.3575,40231.4063,10080.42633,57556.6425,88.26
2022-12-11T18:00+01:00,-4489.85,40029.78089,10518.45543,57855.6075,88.26
2022-12-11T19:00+01:00,-4470.6925,39633.99542,10856.80732,56723.795,88.26
2022-12-11T20:00+01:00,-3698.105,38816.51317,10850.70096,54961.0025,88.26
2022-12-11T21:00+01:00,-4151.2325,38240.73927,10898.10294,53425.5325,88.26
2022-12-11T22:00+01:00,-3762.75,38163.80668,10861.29677,52559.09,88.26
2022-12-11T23:00+01:00,-2984.3725,37549.69013,10722.80652,50124.3525,88.26
2022-12-12T00:00+01:00,-2666.8975,36587.71484,10565.29567,46971.01,88.26
2022-12-12T01:00+01:00,-1865.07,35834.77954,10551.1479,46091.6725,88.26
2022-12-12T02:00+01:00,-2056.1225,35736.2319,10569.27327,45773,88.26
2022-12-12T03:00+01:00,-2082.215,36152.29143,10645.78993,45992.3875,88.26
2022-12-12T04:00+01:00,-1507.83,37262.75453,11019.89795,47409.455,88.26
2022-12-12T05:00+01:00,-3247.6625,39286.88134,11464.31976,50800.7175,88.26
2022-12-12T06:00+01:00,-820.075,41758.46702,11879.47144,59314.08,88.26
2022-12-12T07:00+01:00,-71.5,43749.50629,11924.10296,65000.9025,88.26
2022-12-12T08:00+01:00,-1020.2725,44360.83328,12322.30497,67818.8475,88.26
2022-12-12T09:00+01:00,-690.2,44660.67834,13122.39253,68571.675,88.26
2022-12-12T10:00+01:00,-2286.8325,44723.88624,14843.47501,68915.705,88.26
2022-12-12T11:00+01:00,-1752.74,44650.95255,16259.84079,69257.19,88.26
2022-12-12T12:00+01:00,-634.4875,44740.58182,17156.62542,68995.2475,88.26
2022-12-12T13:00+01:00,-447.3775,44585.61911,16268.83263,68399.5475,88.26
2022-12-12T14:00+01:00,-826.5875,44674.92864,14454.57797,67479.1625,88.26
2022-12-12T15:00+01:00,-284.375,44901.19321,12107.60809,67437.025,88.26
2022-12-12T16:00+01:00,-857.535,45273.01267,11249.08242,68348.6375,88.26
2022-12-12T17:00+01:00,-1654.715,45306.68402,11240.81005,70208.7225,88.26
2022-12-12T18:00+01:00,-1487.15,45284.51927,11468.20431,69330.8175,88.26
2022-12-12T19:00+01:00,115.785,44846.64033,11851.79527,67637.32,88.26
2022-12-12T20:00+01:00,-1193.465,43715.97142,11888.52212,64165.8825,88.26
2022-12-12T21:00+01:00,-1270.645,42280.81977,12073.98824,61350.985,88.26
2022-12-12T22:00+01:00,-1130.3125,41125.23667,12249.5221,59009.3675,88.26
2022-12-12T23:00+01:00,-1711.65,39880.27614,12265.68595,55659.25,88.26
2022-12-13T00:00+01:00,-321.0025,37862.40993,12223.35045,53368.705,88.26
2022-12-13T01:00+01:00,-408.555,37797.01872,12237.80624,51799.675,88.26
2022-12-13T02:00+01:00,-725.99,37858.48813,12250.2693,50819.91,88.26
2022-12-13T03:00+01:00,-146.1475,37556.40154,12389.60985,51096.8225,88.26
2022-12-13T04:00+01:00,568.1375,37645.52791,12456.56194,51968.9625,88.26
2022-12-13T05:00+01:00,-208.215,39607.18682,12552.42952,54974.08,88.26
2022-12-13T06:00+01:00,-1931.92,42104.99076,12800.232,61204.8875,88.26
2022-12-13T07:00+01:00,-2154.59,44260.83531,13346.2949,66693.85,88.26
2022-12-13T08:00+01:00,-2684.5275,44644.08986,14205.83886,69541.2825,88.26
2022-12-13T09:00+01:00,-3855.5975,44539.81678,16007.4148,69829.0225,88.26
2022-12-13T10:00+01:00,-3351.79,44069.68906,18543.02458,69901.425,88.26
2022-12-13T11:00+01:00,-3889.9175,44396.40174,20272.04881,69374.775,88.26
2022-12-13T12:00+01:00,-4170.6175,44658.73219,20243.57606,68807.1475,88.26
2022-12-13T13:00+01:00,-2974.7275,44695.54933,18902.09351,68242.0475,88.26
2022-12-13T14:00+01:00,-3006.8375,44909.18687,16741.62704,67312.955,88.26
2022-12-13T15:00+01:00,-2974.31,44644.0634,15912.14152,67488.705,88.26
2022-12-13T16:00+01:00,-3360.8925,44624.32776,17299.43872,68706.33,88.26
2022-12-13T17:00+01:00,-5034.0375,44844.52635,19295.7845,70733.3425,88.26
2022-12-13T18:00+01:00,-7472.33,44760.48448,21355.31794,70346.985,88.26
2022-12-13T19:00+01:00,-8053.075,44493.63926,22087.34679,68934.215,88.26
2022-12-13T20:00+01:00,-7403.8375,42783.03134,22807.39688,65171.33,88.26
2022-12-13T21:00+01:00,-7113.9375,40644.39718,23925.49755,62616.165,88.26
2022-12-13T22:00+01:00,-7552.97,39563.69319,23656.75129,59663.8675,88.26
2022-12-13T23:00+01:00,-8063.9175,37969.47544,23571.44738,56812.415,88.26
2022-12-14T00:00+01:00,-7460.4575,37292.82496,23179.91721,54228.6025,88.26
2022-12-14T01:00+01:00,-7630.32,37129.38198,22656.32824,52276.475,88.26
2022-12-14T02:00+01:00,-7351.085,36909.05411,21971.99122,51256.51,88.26
2022-12-14T03:00+01:00,-7139.465,36689.09238,21835.63007,51556.6925,88.26
2022-12-14T04:00+01:00,-6091.6225,36858.97795,20893.59374,52257.5675,88.26
2022-12-14T05:00+01:00,-6295.855,38947.48272,20010.24542,55139.2075,88.26
2022-12-14T06:00+01:00,-4522.3125,41611.41621,18972.92553,61187.945,88.26
2022-12-14T07:00+01:00,-3755.8425,43886.70093,18569.21063,66909.1575,88.26
2022-12-14T08:00+01:00,-3519.8575,44532.51437,18292.92772,69986.4025,88.26
2022-12-14T09:00+01:00,-4392.3175,44297.07576,18123.01495,70977.1025,88.26
2022-12-14T10:00+01:00,-2896.6325,44297.22804,17665.80629,71446.8875,88.26
2022-12-14T11:00+01:00,-1162.645,44039.71417,17569.07703,71538.0475,88.26
2022-12-14T12:00+01:00,1619.695,43797.76083,15928.8619,70928.4025,88.26
2022-12-14T13:00+01:00,923.315,44385.73077,14812.82455,69766.2725,88.26
2022-12-14T14:00+01:00,1158.645,44282.59634,13188.35684,68747.485,88.26
2022-12-14T15:00+01:00,1774.005,44240.43194,12605.04959,68428.8175,88.26
2022-12-14T16:00+01:00,1151.6675,44372.14071,12837.18814,69382.335,88.26
2022-12-14T17:00+01:00,-232.4375,44595.64522,12853.27663,70838.32,88.26
2022-12-14T18:00+01:00,-971.45,44503.06489,12558.02784,69957.51,88.26
2022-12-14T19:00+01:00,66.665,43950.85979,13101.65654,68097.3925,88.26
2022-12-14T20:00+01:00,-441.605,42732.08994,13723.88458,64402.115,88.26
2022-12-14T21:00+01:00,-1214.7175,41798.17962,14823.99999,61216.3225,88.26
2022-12-14T22:00+01:00,-1538.5175,40633.06987,15356.35513,58897.185,88.26
2022-12-14T23:00+01:00,-2084.8075,39450.04233,16556.21854,56197.7425,88.26
2022-12-15T00:00+01:00,-1640.7775,37125.28905,16790.14335,54096.4375,88.26
2022-12-15T01:00+01:00,-2249.1375,36507.84676,17352.20511,52055.91,88.26
2022-12-15T02:00+01:00,-3548.975,36525.70393,16962.01923,50597.0725,88.26
2022-12-15T03:00+01:00,-3618.7375,36116.27033,17155.31898,50640.9225,88.26
2022-12-15T04:00+01:00,-2830.5775,36237.41183,17175.73727,51795.8125,88.26
2022-12-15T05:00+01:00,-2014.8125,36998.79651,18179.09094,54992.6675,88.26
2022-12-15T06:00+01:00,-2968.8525,38872.11871,18225.79591,61638.6225,88.26
2022-12-15T07:00+01:00,-2254.045,40896.13791,18282.19769,66801.7825,88.26
2022-12-15T08:00+01:00,-3583.6125,41261.26226,18745.06805,69558.67,88.26
2022-12-15T09:00+01:00,-4045.63,41605.59827,19601.46118,70494.125,88.26
2022-12-15T10:00+01:00,-3369.045,42025.21429,19724.21028,70696.92,88.26
2022-12-15T11:00+01:00,-2823.38,42261.23187,19966.69691,70588.695,88.26
2022-12-15T12:00+01:00,-798.755,42128.77047,19291.8096,70028.47,88.26
2022-12-15T13:00+01:00,176.84,41797.65062,17516.64371,68998.785,88.26
2022-12-15T14:00+01:00,210.97,41598.40236,15689.24311,67793.3725,88.26
2022-12-15T15:00+01:00,638.685,41784.80458,14712.1487,67403.5575,88.26
2022-12-15T16:00+01:00,850.535,41972.64395,15814.20158,68556.2975,88.26
2022-12-15T17:00+01:00,103.14,41973.97918,17243.5708,70008.575,88.26
2022-12-15T18:00+01:00,-1578.31,41664.34323,18943.94933,69308.7425,88.26
2022-12-15T19:00+01:00,-2231.3975,40843.68563,20471.80227,67579.74,88.26
2022-12-15T20:00+01:00,-3567.1875,40131.57022,20111.65067,63907.59,88.26
2022-12-15T21:00+01:00,-2676.9375,38895.88429,18778.81352,61695.725,88.26
2022-12-15T22:00+01:00,-2445.0025,38580.38339,17349.72782,58781.595,88.26
2022-12-15T23:00+01:00,-1566.615,37432.20272,16526.94269,55782.8075,88.26
2022-12-16T00:00+01:00,-166.2075,36446.38392,15802.04189,53802.1325,88.26
2022-12-16T01:00+01:00,-896.71,36062.16933,15522.22094,52270.14,88.26
2022-12-16T02:00+01:00,-1389.6025,36114.26603,15472.64206,51141.625,88.26
2022-12-16T03:00+01:00,-1911.62,36205.21184,15439.02589,50748.8575,88.26
2022-12-16T04:00+01:00,-1403.4375,36385.55587,15056.18566,51716.4825,88.26
2022-12-16T05:00+01:00,-955.98,37545.56408,14369.23496,54183.365,88.26
2022-12-16T06:00+01:00,683.075,39799.83236,13787.6099,59844.6425,88.26
2022-12-16T07:00+01:00,1371.005,41448.10696,13402.31885,65377.8,88.26
2022-12-16T08:00+01:00,-186.7475,42221.70839,12866.09021,68231.785,88.26
2022-12-16T09:00+01:00,-897.6525,42409.30378,13016.10103,69070.27,88.26
2022-12-16T10:00+01:00,-415.5125,42153.74702,13447.25685,69415.0225,88.26
2022-12-16T11:00+01:00,2573.76,41909.28387,13184.71562,68975.71,84.6225
2022-12-16T12:00+01:00,4573.6775,42004.89652,12920.34506,68183.6925,83.41
2022-12-16T13:00+01:00,5044.3275,41850.12057,12050.9642,66860.79,83.41
2022-12-16T14:00+01:00,4791.01,41970.06518,10450.18799,65519.3975,83.41
2022-12-16T15:00+01:00,4481.835,42124.37535,9179.575766,65193.7225,83.41
2022-12-16T16:00+01:00,4451.105,42378.36296,9055.182599,66459.33,83.41
2022-12-16T17:00+01:00,3336.925,42556.35692,9470.532416,67796.23,83.41
2022-12-16T18:00+01:00,3921.21,42482.43915,9435.358187,66711.775,83.41
2022-12-16T19:00+01:00,3132.9625,42009.51657,9271.510754,64723.4975,83.41
2022-12-16T20:00+01:00,3032.695,40824.08459,9112.016108,61488.54,83.41
2022-12-16T21:00+01:00,2419.6375,39566.81781,9143.966046,58540.1475,83.41
2022-12-16T22:00+01:00,828.5925,38775.03086,9294.64853,56501.4075,83.41
2022-12-16T23:00+01:00,199.8,37115.7374,9734.79575,53839.725,83.41
2022-12-17T00:00+01:00,-80.21,35625.64325,10246.29904,51482.6375,83.41
2022-12-17T01:00+01:00,-1338.1425,35228.62998,10854.73516,49581.395,83.41
2022-12-17T02:00+01:00,-2085.985,34869.07511,11151.07587,47989.9225,83.41
2022-12-17T03:00+01:00,-1904.13,34487.43127,11535.11859,47661.0075,83.41
2022-12-17T04:00+01:00,-1448.5225,34205.13332,12027.02646,48058.7,83.41
2022-12-17T05:00+01:00,-1989.46,34313.75093,12422.91037,48334.3575,83.41
2022-12-17T06:00+01:00,-3079.07,34709.43624,12793.74723,49361.52,83.41
2022-12-17T07:00+01:00,-3996.715,35800.75359,13196.18821,52021.1475,83.41
2022-12-17T08:00+01:00,-2633.6,36831.77263,13787.4178,55550.2725,83.41
2022-12-17T09:00+01:00,-1690.445,37413.19373,14877.06862,58552.8725,83.41
2022-12-17T10:00+01:00,-1801.345,37358.23097,16567.26831,60191.555,83.41
2022-12-17T11:00+01:00,-1498.5375,37270.02402,18109.89896,61062.47,83.41
2022-12-17T12:00+01:00,-2221.535,37095.47653,18538.08722,60626.2875,83.41
2022-12-17T13:00+01:00,-2011.3275,36963.73939,17839.687,58864.4025,83.41
2022-12-17T14:00+01:00,-1028.285,36898.77077,16489.98686,58120.305,83.41
2022-12-17T15:00+01:00,-1729.505,37133.51805,15400.61566,58211.955,83.41
2022-12-17T16:00+01:00,-1717.6575,37386.74394,15581.72986,59743.32,83.41
2022-12-17T17:00+01:00,-1742.84,37650.19789,16483.75116,61688.15,83.41
2022-12-17T18:00+01:00,-309.195,37608.81714,17043.21903,61694.5375,83.41
2022-12-17T19:00+01:00,-2885.88,36756.9491,17925.23118,60026.3875,83.41
2022-12-17T20:00+01:00,-2830.235,34736.03903,18491.43838,57095.2,83.41
2022-12-17T21:00+01:00,-4664.7925,33886.31199,18652.6038,55105.9625,83.41
2022-12-17T22:00+01:00,-4208.8575,33078.80695,19006.09938,53950.1625,83.41
2022-12-17T23:00+01:00,-5629.0125,32088.0811,19513.84615,51730.69,83.41
2022-12-18T00:00+01:00,-5656.0125,30218.62858,19911.96468,49404.7725,83.41
2022-12-18T01:00+01:00,-6320.545,29627.62154,20170.74016,47607.9425,83.41
2022-12-18T02:00+01:00,-6991.355,29408.4437,20681.16888,46256.855,83.41
2022-12-18T03:00+01:00,-7429.86,29418.034,20939.09169,45612.9275,83.41
2022-12-18T04:00+01:00,-6729.7875,29721.56465,20925.79259,45662.4825,83.41
2022-12-18T05:00+01:00,-7278.32,29979.63551,20918.87426,45595.145,83.41
2022-12-18T06:00+01:00,-8170.35,30358.21145,20923.22673,46021.75,83.41
2022-12-18T07:00+01:00,-9342.7325,30817.03494,21166.121,47986.975,83.41
2022-12-18T08:00+01:00,-8315.8725,31528.41454,21296.58798,50726.915,83.41
2022-12-18T09:00+01:00,-6506.2,31783.35155,22460.16548,53930.915,83.41
2022-12-18T10:00+01:00,-5648.47,31951.51774,23507.64235,55924.76,83.41
2022-12-18T11:00+01:00,-4337.335,32029.58029,23897.88653,57512.68,83.41
2022-12-18T12:00+01:00,-3496.63,32020.98565,23497.40625,57445.33,83.41
2022-12-18T13:00+01:00,-3130.335,31845.49585,23220.91193,56414.45,83.41
2022-12-18T14:00+01:00,-4368.9775,31786.89481,23559.75233,55336.815,83.41
2022-12-18T15:00+01:00,-7169.025,32080.62088,25149.98078,55433.71,83.41
2022-12-18T16:00+01:00,-8979.0725,31712.40332,28500.65346,56917.2975,83.41
2022-12-18T17:00+01:00,-9942.425,31009.14223,30852.41788,59244.11,83.41
2022-12-18T18:00+01:00,-10017.475,30368.04717,32086.3116,59003.915,83.41
2022-12-18T19:00+01:00,-10722.62,29967.34646,32928.37466,58862.105,83.41
2022-12-18T20:00+01:00,-9226.305,28246.94281,33526.68266,57295.8525,83.41
2022-12-18T21:00+01:00,-10440.1675,27368.65753,33060.50724,55567.8225,83.41
2022-12-18T22:00+01:00,-7196.095,25992.78405,32107.5517,54861.3875,83.41
2022-12-18T23:00+01:00,-6458.445,25036.52797,31962.84914,52673.6975,83.41
2022-12-19T00:00+01:00,-7303.8575,23480.93346,32186.30542,51092.2675,83.41
2022-12-19T01:00+01:00,-6644.0075,21454.23354,31451.08394,49295.265,83.41
2022-12-19T02:00+01:00,-5506.7025,20644.93257,31209.85809,48384.055,83.41
2022-12-19T03:00+01:00,-3747.3075,19843.66577,30740.20556,48312.2175,83.41
2022-12-19T04:00+01:00,-4341.2975,20187.77959,31154.54796,49373.0675,83.41
2022-12-19T05:00+01:00,-6433.395,23113.98684,31831.35973,51971.5675,83.41
2022-12-19T06:00+01:00,-8319.1325,26858.91001,34063.4434,58896.26,83.41
2022-12-19T07:00+01:00,-8098.4425,29460.92938,35016.63174,64716.2075,83.41
2022-12-19T08:00+01:00,-8772.8125,30346.92686,35983.07392,68060.1175,83.41
2022-12-19T09:00+01:00,-8561.54,30806.83712,37218.90927,69410.05,83.41
2022-12-19T10:00+01:00,-7133.68,30385.36496,37468.1637,69945.0525,83.41
2022-12-19T11:00+01:00,-7646.11,30267.57389,36971.68161,70623.5675,83.41
2022-12-19T12:00+01:00,-7364.0275,30460.15726,36923.15221,70596.835,83.41
2022-12-19T13:00+01:00,-6896.1475,31051.45383,37048.08481,69415.535,83.41
2022-12-19T14:00+01:00,-7972.755,30797.03268,36921.63045,67620.575,83.41
2022-12-19T15:00+01:00,-7388.65,30820.03543,36601.96867,67000.335,83.41
2022-12-19T16:00+01:00,-7976.625,30647.66272,37611.3562,67562.32,83.41
2022-12-19T17:00+01:00,-9629.255,30272.50838,38440.90925,69025.9525,83.41
2022-12-19T18:00+01:00,-10806.1325,29934.97997,40046.67971,67842.5525,83.41
2022-12-19T19:00+01:00,-11782.3575,29164.65785,40964.04062,66032.1325,83.41
2022-12-19T20:00+01:00,-13838.735,28214.13768,41306.21563,62378.12,83.41
2022-12-19T21:00+01:00,-11909.0325,26512.86667,39910.75238,59714,83.41
2022-12-19T22:00+01:00,-11454.045,24494.70839,38557.00186,57349.2625,83.41
2022-12-19T23:00+01:00,-11380.2225,23236.70466,37810.7933,54075.0525,83.41
2022-12-20T00:00+01:00,-11234.6325,20585.72964,38071.45249,50681.77,83.41
2022-12-20T01:00+01:00,-10624.395,18999.40613,37847.15275,48124.1325,83.41
2022-12-20T02:00+01:00,-9018.0875,17782.35592,36954.0151,47118.675,83.41
2022-12-20T03:00+01:00,-8064.5375,17409.0414,36427.51824,46956.9975,83.41
2022-12-20T04:00+01:00,-7417.6625,17700.10216,36456.09031,48199.22,83.41
2022-12-20T05:00+01:00,-7493.63,19061.84191,37079.49348,51389.84,83.41
2022-12-20T06:00+01:00,-9115.54,23472.5078,38194.8424,57691.95,83.41
2022-12-20T07:00+01:00,-10703.665,26921.68868,38036.14153,63718.1875,83.41
2022-12-20T08:00+01:00,-11419.5875,28065.20346,37831.26847,66318.03,83.41
2022-12-20T09:00+01:00,-11697.6425,28147.84121,38106.50602,67208.07,83.41
2022-12-20T10:00+01:00,-11330.6125,28214.47692,38896.80573,67472.8575,83.41
2022-12-20T11:00+01:00,-11120.375,28564.56158,39174.80717,67788.4175,83.41
2022-12-20T12:00+01:00,-10887.49,28415.01251,38750.04072,67586.9625,83.41
2022-12-20T13:00+01:00,-9506.94,27846.62254,37704.72848,67082.58,83.41
2022-12-20T14:00+01:00,-9965.8475,28365.61768,36760.49473,65794.5625,83.41
2022-12-20T15:00+01:00,-8532.4925,28232.41521,35667.41508,65503.4075,83.41
2022-12-20T16:00+01:00,-8941.6175,28424.67099,34951.14637,66112.315,83.41
2022-12-20T17:00+01:00,-8872.6025,28182.76742,34712.21055,67309.9775,83.41
2022-12-20T18:00+01:00,-9133.3275,28160.40251,34465.49613,66378.5025,83.41
2022-12-20T19:00+01:00,-8043.5625,28153.87503,33400.13669,64466.1675,83.41
2022-12-20T20:00+01:00,-7426.6075,28287.91368,31965.24019,60126.98,83.41
2022-12-20T21:00+01:00,-7050.7975,27244.77691,30180.00556,56830.11,83.41
2022-12-20T22:00+01:00,-6711.665,27238.52627,28163.44829,54108.1625,83.41
2022-12-20T23:00+01:00,-6617.11,26295.98883,26817.0608,50528.4775,83.41
2022-12-21T00:00+01:00,-7000.7325,26239.26838,25670.34916,47683.165,83.41
2022-12-21T01:00+01:00,-7811.6975,26198.92896,24394.44174,45567.5325,83.41
2022-12-21T02:00+01:00,-7030.4625,26242.94474,23293.50434,44768.095,83.41
2022-12-21T03:00+01:00,-5336.8475,26185.12098,22337.26702,45035.3375,83.41
2022-12-21T04:00+01:00,-3595.025,26221.22281,21305.4434,45882.135,83.41
2022-12-21T05:00+01:00,-2049.9025,26892.05545,20592.04185,48052.56,83.41
2022-12-21T06:00+01:00,98.4975,28307.81436,20397.16082,53768.155,83.41
2022-12-21T07:00+01:00,2117.295,29381.50649,20287.9336,59480.245,83.41
2022-12-21T08:00+01:00,2227.105,30115.05262,20121.57128,62586.315,83.41
2022-12-21T09:00+01:00,2099.4475,30435.67488,20789.63208,63077.9225,83.41
2022-12-21T10:00+01:00,2645.145,30386.33296,22812.11476,63301.19,83.41
2022-12-21T11:00+01:00,2590.5525,30094.85872,24689.05846,63439.155,83.41
2022-12-21T12:00+01:00,1865.3025,29731.27258,26287.64086,63287.1025,83.41
2022-12-21T13:00+01:00,1075.935,29342.09977,27354.08835,62562,83.41
2022-12-21T14:00+01:00,1523.3375,28536.0732,26830.11254,61612.6975,83.41
2022-12-21T15:00+01:00,-17.3525,28887.31696,26019.40244,61272.77,83.41
2022-12-21T16:00+01:00,-1084.2575,29019.8604,27297.75493,61894.4975,83.41
2022-12-21T17:00+01:00,-1592.245,28882.21211,29853.89953,63590.1825,83.41
2022-12-21T18:00+01:00,-3843.7475,28834.58074,31107.46106,63139.3375,83.41
2022-12-21T19:00+01:00,-5388.105,28287.42952,31877.66627,61338.825,83.41
2022-12-21T20:00+01:00,-6744.9975,27207.95826,32537.82054,58057.59,83.41
2022-12-21T21:00+01:00,-8125.2675,25251.78738,32405.04072,54841.1375,83.41
2022-12-21T22:00+01:00,-8437.82,24449.2199,31600.29927,51941.8625,83.41
2022-12-21T23:00+01:00,-9486.2875,23421.75197,31113.59567,48529.005,83.41
2022-12-22T00:00+01:00,-9478.41,23162.13858,30202.19611,49833.54,83.41
2022-12-22T01:00+01:00,-9182.5725,22984.67783,28938.82885,47709.5475,83.41
2022-12-22T02:00+01:00,-7983.83,22941.0513,27478.73519,45997.5775,83.41
2022-12-22T03:00+01:00,-7118.5525,23169.17772,26220.37888,45316.0275,83.41
2022-12-22T04:00+01:00,-6390.7475,23732.63551,25524.23248,46319.495,83.41
2022-12-22T05:00+01:00,-6043.785,25267.78881,25510.85345,48765.5675,83.41
2022-12-22T06:00+01:00,-4444.595,26066.98848,25951.59644,53779.6375,83.41
2022-12-22T07:00+01:00,-4179.105,27006.29481,26367.64426,59882.77,83.41
2022-12-22T08:00+01:00,-3674.1525,27454.1978,27246.67348,61617.05,83.41
2022-12-22T09:00+01:00,-4296.56,27535.9426,28943.82179,61364.705,83.41
2022-12-22T10:00+01:00,-3089.5325,27089.20977,31073.11366,62046.37,83.41
2022-12-22T11:00+01:00,-3361.03,26478.93136,32159.32064,62122.3975,83.41
2022-12-22T12:00+01:00,-3867.385,26000.77501,33066.13435,61218.4475,83.41
2022-12-22T13:00+01:00,-3946.3975,25919.09102,34143.91921,60626.2525,83.41
2022-12-22T14:00+01:00,-4813.2125,25973.16517,33550.75605,59512.715,83.41
2022-12-22T15:00+01:00,-4494.9375,26077.42846,31939.08729,59431.455,83.41
2022-12-22T16:00+01:00,-4292.375,26431.86123,31688.38149,60403.2475,83.41
2022-12-22T17:00+01:00,-3465.41,26796.33666,31467.9021,61758.3425,83.41
2022-12-22T18:00+01:00,-5313.305,26895.88691,30558.24105,61437.03,83.41
2022-12-22T19:00+01:00,-5682.965,26786.17263,29850.64986,59949.4,83.41
2022-12-22T20:00+01:00,-5797.2075,26072.35744,27834.57165,56462.41,83.41
2022-12-22T21:00+01:00,-5227.7775,25274.89826,25952.38872,53512.7275,83.41
2022-12-22T22:00+01:00,-4117.41,24483.61782,24165.27756,51068.33,83.41
2022-12-22T23:00+01:00,-4581.2675,24421.55565,22764.65753,47860.245,83.41
2022-12-23T00:00+01:00,-6206.1775,24295.95737,21375.48156,45052.9375,83.41
2022-12-23T01:00+01:00,-6018.765,24782.72376,20434.18986,42651.3975,83.41
2022-12-23T02:00+01:00,-5695.93,24611.62693,20346.7682,41166.6225,83.41
2022-12-23T03:00+01:00,-5160.9975,24305.27802,20961.00692,41525.83,83.41
2022-12-23T04:00+01:00,-4390.2775,24363.2241,21146.28639,41851.7125,83.41
2022-12-23T05:00+01:00,-5174.4625,25141.50659,21067.74001,43869.095,83.41
2022-12-23T06:00+01:00,-4570.0975,26501.58579,20457.85445,47929.8475,83.41
2022-12-23T07:00+01:00,-2295.3025,27532.02155,19185.08155,52534.4925,83.41
2022-12-23T08:00+01:00,-333.885,28149.93771,18029.47235,55974.8025,83.41
2022-12-23T09:00+01:00,-475.0575,28389.83418,17923.89187,57262.915,83.41
2022-12-23T10:00+01:00,539.575,28278.02344,17755.30708,57997.0675,83.41
2022-12-23T11:00+01:00,3233.6375,28219.64816,16938.89218,58396.3775,83.41
2022-12-23T12:00+01:00,5361.555,28136.39406,16111.97992,57907.905,83.41
2022-12-23T13:00+01:00,5981.9775,28032.06874,15415.76359,56232.685,83.41
2022-12-23T14:00+01:00,4591.16,27921.77965,15251.73731,54839.0775,83.41
2022-12-23T15:00+01:00,3832.2925,27768.50575,16254.2057,54900.76,83.41
2022-12-23T16:00+01:00,2718.09,27868.88335,18936.36278,56514.77,83.41
2022-12-23T17:00+01:00,1074.065,27803.12804,21757.39279,57613.05,83.41
2022-12-23T18:00+01:00,-902.17,27830.85995,23553.38566,57076.1425,83.41
2022-12-23T19:00+01:00,-2146.875,26563.77137,25285.79169,54938.0975,83.41
2022-12-23T20:00+01:00,-5337.5575,25368.19496,26919.50219,51797.24,83.41
2022-12-23T21:00+01:00,-6287.2125,23104.58666,27943.49139,48679.4975,83.41
2022-12-23T22:00+01:00,-7205.225,21542.02097,28694.01788,46236.2125,83.41
2022-12-23T23:00+01:00,-8048.9025,19982.0547,29520.82255,43211.8075,83.41
2022-12-24T00:00+01:00,-5498.75,16868.81575,29170.07374,39561.3475,83.41
2022-12-24T01:00+01:00,-6115.585,15279.81209,28719.76098,36871.16,83.41
2022-12-24T02:00+01:00,-5930.98,14452.92789,28359.28394,35958.7525,83.41
2022-12-24T03:00+01:00,-4775.815,14182.37566,27962.01387,36611.8425,83.41
2022-12-24T04:00+01:00,-3291.605,13995.04151,28022.82171,36988.805,83.41
2022-12-24T05:00+01:00,-2292.6475,14062.86601,27731.00614,37810.7275,83.41
2022-12-24T06:00+01:00,-3737.87,15302.25481,27643.21255,38426.6125,83.41
2022-12-24T07:00+01:00,-7338.37,18490.46276,27645.42841,41046.47,83.41
2022-12-24T08:00+01:00,-8555.3025,21032.54294,27556.11247,44821.2025,83.41
2022-12-24T09:00+01:00,-9171.6,21808.57464,29291.5503,47793.92,83.41
2022-12-24T10:00+01:00,-8433.2075,21946.64576,30992.25277,49832.095,83.41
2022-12-24T11:00+01:00,-8949.0175,21876.66569,32693.63512,51042.2,83.41
2022-12-24T12:00+01:00,-9313.8825,22004.96542,31747.50436,51036.445,83.41
2022-12-24T13:00+01:00,-9320.1175,22580.67635,29451.66119,48729.5075,83.41
2022-12-24T14:00+01:00,-6787.845,22734.85191,25865.98243,46807.8325,83.41
2022-12-24T15:00+01:00,-7662.9225,22978.82101,23101.69667,46175.5625,83.41
2022-12-24T16:00+01:00,-7628.995,23197.41688,22504.4512,47784.3575,83.41
2022-12-24T17:00+01:00,-6067.1475,23125.45621,23416.85171,50492.1625,83.41
2022-12-24T18:00+01:00,-6190.745,22805.94537,22841.94304,49020.2375,83.41
2022-12-24T19:00+01:00,-6484.2975,22613.98126,22849.92263,45928.1475,83.41
2022-12-24T20:00+01:00,-6349.9375,21873.64322,22253.96243,43062.095,83.41
2022-12-24T21:00+01:00,-6659.225,21511.94619,22416.45983,42085.8775,83.41
2022-12-24T22:00+01:00,-6120.6975,21258.03459,22166.38492,41835.4,83.41
2022-12-24T23:00+01:00,-5236.6525,19514.78278,21006.88154,39603.3975,83.41
2022-12-25T00:00+01:00,-3654.4775,17890.80942,20134.34195,37191.5675,83.41
2022-12-25T01:00+01:00,-2703.765,16671.87169,19533.29077,35240.58,83.41
2022-12-25T02:00+01:00,-1713.8375,15427.30324,19331.9812,34122.2875,83.41
2022-12-25T03:00+01:00,432.325,14368.817,18879.29092,34767.265,83.41
2022-12-25T04:00+01:00,2557.4775,13946.67379,19173.17774,35017.1825,83.41
2022-12-25T05:00+01:00,2739.4875,13718.02456,19598.03022,35183.6425,83.41
2022-12-25T06:00+01:00,2166.9,13611.0058,20509.76423,35544.45,83.41
2022-12-25T07:00+01:00,201.335,14693.25172,21242.97319,37035.0625,83.41
2022-12-25T08:00+01:00,-1363.97,16254.10008,22566.01846,39775.305,83.41
2022-12-25T09:00+01:00,-3158.625,16821.56822,25689.73072,43174.5925,83.41
2022-12-25T10:00+01:00,-2418.275,16326.82065,29095.79109,46002.05,83.41
2022-12-25T11:00+01:00,-1058.2425,15354.06393,30742.864,48506.765,83.41
2022-12-25T12:00+01:00,-1362.01,14610.14301,30034.83162,47570.4475,83.41
2022-12-25T13:00+01:00,-512.775,14480.93631,28173.97781,44672.2975,83.41
2022-12-25T14:00+01:00,-1436.465,14834.07129,25352.72642,43599.32,83.41
2022-12-25T15:00+01:00,-2397.885,15990.18683,23194.30785,43803.415,83.41
2022-12-25T16:00+01:00,-2592.8525,16410.04291,23247.71657,45472.5625,83.41
2022-12-25T17:00+01:00,-2878.7675,16151.27783,24254.10084,47425.8,83.41
2022-12-25T18:00+01:00,-2982.435,15672.69193,25123.59493,48149.1675,83.41
2022-12-25T19:00+01:00,-3872.255,14689.0046,25805.26574,47159.755,83.41
2022-12-25T20:00+01:00,-2485.395,13593.01049,26303.45789,45724.07,83.41
2022-12-25T21:00+01:00,-3030.9825,13241.02614,27207.25403,44407.52,83.41
2022-12-25T22:00+01:00,-6075.0275,13060.17814,27560.33812,43326.4925,83.41
2022-12-25T23:00+01:00,-7158.185,12601.41386,27850.81743,40686.175,83.41
2022-12-26T00:00+01:00,-5948.94,11929.36218,27386.47452,37944.56,83.41
2022-12-26T01:00+01:00,-6671.94,11727.36607,27412.68455,36604.22,83.41
2022-12-26T02:00+01:00,-7023.3275,11768.80356,28157.24869,35753.6175,83.41
2022-12-26T03:00+01:00,-6381.1975,11752.77414,28781.55058,35553.4075,83.41
2022-12-26T04:00+01:00,-7057.2925,11775.28353,29914.4947,35582.225,83.41
2022-12-26T05:00+01:00,-8464.775,11822.88795,31034.5102,35853.5525,83.41
2022-12-26T06:00+01:00,-10509.65,11901.14591,33046.8157,36591.25,83.41
2022-12-26T07:00+01:00,-10379.345,11957.54039,35044.20904,38746.745,83.41
2022-12-26T08:00+01:00,-10352.025,11999.72261,36642.49455,41771.91,83.41
2022-12-26T09:00+01:00,-11712.75,12208.62676,38812.00848,44821.6225,83.41
2022-12-26T10:00+01:00,-11836.4325,12452.22947,41221.11706,47025.3875,83.41
2022-12-26T11:00+01:00,-11286.54,12629.25122,43592.59085,49371.4175,83.41
2022-12-26T12:00+01:00,-10697.06,12714.25342,43692.17234,49659.2325,83.41
2022-12-26T13:00+01:00,-11562.7875,12921.98483,44069.32732,48595.46,83.41
2022-12-26T14:00+01:00,-11527.1375,13039.68296,42768.54772,47499.7325,83.41
2022-12-26T15:00+01:00,-11508.1025,13083.44629,40947.38415,47046.2425,83.41
2022-12-26T16:00+01:00,-11887.3725,13467.26543,39522.50235,48119.1825,83.41
2022-12-26T17:00+01:00,-13272.7075,14501.70744,38937.69533,50226.78,83.41
2022-12-26T18:00+01:00,-12422.44,14686.00836,38850.21503,50759.6175,83.41
2022-12-26T19:00+01:00,-12193.4825,14245.37656,38092.28449,49277.2325,83.41
2022-12-26T20:00+01:00,-12015.21,13886.06272,38424.82728,47158.93,83.41
2022-12-26T21:00+01:00,-12057.575,13592.81373,38160.0903,46042.3825,83.41
2022-12-26T22:00+01:00,-11289.0775,13160.83542,37904.17567,45029.655,83.41
2022-12-26T23:00+01:00,-11924.8825,12765.01312,38128.47387,42927.105,83.41
2022-12-27T00:00+01:00,-10804.2775,12627.59963,36205.79584,40653.9325,83.41
2022-12-27T01:00+01:00,-11774.105,12585.21598,35542.63789,39123.2725,83.41
2022-12-27T02:00+01:00,-11433.1075,12638.70465,34529.58542,39080.1675,83.41
2022-12-27T03:00+01:00,-10926.3875,12778.60626,34200.99584,39771.93,83.41
2022-12-27T04:00+01:00,-11626.9675,12911.69462,34984.1942,40737.1775,83.41
2022-12-27T05:00+01:00,-11273.305,13171.10125,35953.04835,42058.6,83.41
2022-12-27T06:00+01:00,-12524.1675,13783.7101,38443.46028,44908.46,83.41
2022-12-27T07:00+01:00,-10877.77,14932.53216,38794.60722,48638.455,83.41
2022-12-27T08:00+01:00,-11793.12,16402.66553,41404.87032,52142.105,83.41
2022-12-27T09:00+01:00,-11223.6825,16870.34586,42553.21903,54197.4875,83.41
2022-12-27T10:00+01:00,-11991.4225,16436.07017,45315.00577,55095.3175,83.41
2022-12-27T11:00+01:00,-11470.0525,16104.67059,47332.0768,56172.995,83.41
2022-12-27T12:00+01:00,-10689.385,15518.20142,46538.94721,56128.6175,83.41
2022-12-27T13:00+01:00,-10161.2975,14974.71015,44018.11219,54881.675,83.41
2022-12-27T14:00+01:00,-8260.985,15465.97132,38916.22177,53832.1425,83.41
2022-12-27T15:00+01:00,-5488.1575,17350.50731,33108.38621,53599.3225,83.41
2022-12-27T16:00+01:00,-4929.2975,18116.87391,31400.85894,55005.0975,83.41
2022-12-27T17:00+01:00,-5519.16,18317.1967,33672.44344,57653.345,83.41
2022-12-27T18:00+01:00,-6274.8775,17999.24666,35170.36132,57904.6875,83.41
2022-12-27T19:00+01:00,-9223.8875,17256.75913,36740.99257,55892.5975,83.41
2022-12-27T20:00+01:00,-9090.535,16346.12475,36878.7761,52461.4325,83.41
2022-12-27T21:00+01:00,-9738.4275,15415.90482,36984.50615,50193.69,83.41
2022-12-27T22:00+01:00,-10342.83,14051.73557,36498.23255,48564.5575,83.41
2022-12-27T23:00+01:00,-10149.6975,12629.14258,36673.32501,45305.7075,83.41
2022-12-28T00:00+01:00,-11409.9275,12395.83109,37677.01074,42415.1525,83.41
2022-12-28T01:00+01:00,-11439.8375,12413.25304,37702.23693,41048.18,83.41
2022-12-28T02:00+01:00,-10826.515,12298.98345,36627.22424,40417.535,83.41
2022-12-28T03:00+01:00,-8307.2375,12183.67109,34604.7251,40556.2475,83.41
2022-12-28T04:00+01:00,-10185.0325,12209.8725,36454.28313,41642.3,83.41
2022-12-28T05:00+01:00,-8000.38,12386.70097,36703.89391,43699.8225,83.41
2022-12-28T06:00+01:00,-10483.2275,12576.51282,41089.42121,47079.56,83.41
2022-12-28T07:00+01:00,-12156.965,12621.74762,44653.55749,50250.74,83.41
2022-12-28T08:00+01:00,-12249.2725,12620.23406,46385.91687,52755.9175,83.41
2022-12-28T09:00+01:00,-11838.7225,12420.36579,47191.74324,54851.0125,83.41
2022-12-28T10:00+01:00,-11231.7625,12010.3332,48263.75706,55941.245,83.41
2022-12-28T11:00+01:00,-10917.0225,11419.16546,49845.79497,56617.045,83.41
2022-12-28T12:00+01:00,-11048.4125,11009.00855,50292.37125,56769.255,83.41
2022-12-28T13:00+01:00,-9159.5475,10926.84478,46280.88975,55749.7875,83.41
2022-12-28T14:00+01:00,-10529.245,11069.93146,45546.20641,54525.3375,83.41
2022-12-28T15:00+01:00,-8848.51,11092.16978,42888.85961,54391.575,83.41
2022-12-28T16:00+01:00,-9308.9225,11609.03311,41880.82988,55442.9,83.41
2022-12-28T17:00+01:00,-9450.6875,12050.40521,43061.15511,57479.7625,83.41
2022-12-28T18:00+01:00,-10367.4125,12184.72395,43917.81888,56973.025,83.41
2022-12-28T19:00+01:00,-9764.97,12212.64256,42691.59186,55529.52,83.41
2022-12-28T20:00+01:00,-11121.985,12060.74717,42323.74858,52690.265,83.41
2022-12-28T21:00+01:00,-10706.8575,11933.34214,41171.69797,50316.685,83.41
2022-12-28T22:00+01:00,-13074.33,11689.05731,42063.54776,48071.44,83.41
2022-12-28T23:00+01:00,-13619.0925,11780.34228,41735.15126,44790.73,83.41
2022-12-29T00:00+01:00,-11941.2425,11096.19167,39712.59495,41305.2825,83.41
2022-12-29T01:00+01:00,-11643.2075,10682.74521,37627.33579,39528.725,83.41
2022-12-29T02:00+01:00,-11899.795,10743.17961,37087.38606,38513.8,83.41
2022-12-29T03:00+01:00,-11512.8475,10722.91506,37068.61667,38894.99,83.41
2022-12-29T04:00+01:00,-10274.9325,11085.1353,36710.52005,39837.97,83.41
2022-12-29T05:00+01:00,-11538.6125,11255.4671,39171.37817,42220.8925,83.41
2022-12-29T06:00+01:00,-11142.2725,11410.47021,41092.27825,44968.2225,83.41
2022-12-29T07:00+01:00,-12524.9125,12216.49703,43131.18994,48471.445,83.41
2022-12-29T08:00+01:00,-12552.5125,12701.06926,44212.4436,51450.63,83.41
2022-12-29T09:00+01:00,-12598.645,13076.47158,45909.24614,53563.7425,83.41
2022-12-29T10:00+01:00,-13424.81,13564.71225,47460.10709,54646.4725,83.41
2022-12-29T11:00+01:00,-14204.26,13457.10269,49606.73276,55177.91,83.41
2022-12-29T12:00+01:00,-15404.0975,13332.51716,51558.45809,55522.9325,83.41
2022-12-29T13:00+01:00,-14821.2775,13175.07713,50524.06545,54731.565,83.41
2022-12-29T14:00+01:00,-14270.4025,12966.82549,49049.31205,53697.595,83.41
2022-12-29T15:00+01:00,-11824.99,12636.27516,45748.50194,53684.6975,83.41
2022-12-29T16:00+01:00,-10180.5625,12783.30002,43305.0353,55076.195,83.41
2022-12-29T17:00+01:00,-10086.505,12994.99187,42048.133,56934.84,83.41
2022-12-29T18:00+01:00,-10490.815,13270.47101,41266.32951,56635.98,83.41
2022-12-29T19:00+01:00,-11073.8725,13136.12483,40838.36217,54525.245,83.41
2022-12-29T20:00+01:00,-11193.17,13263.77054,39851.83955,51615.1975,83.41
2022-12-29T21:00+01:00,-12332.33,13137.98027,40421.3834,49061.94,83.41
2022-12-29T22:00+01:00,-12263.96,13012.2422,40008.37017,47060.64,83.41
2022-12-29T23:00+01:00,-13386.4775,12776.53719,40034.77235,44215.1425,83.41
2022-12-30T00:00+01:00,-12668.16,12571.13474,38826.51309,41846.74,83.41
2022-12-30T01:00+01:00,-11553.3825,12795.33913,36239.02275,39843.2125,83.41
2022-12-30T02:00+01:00,-9836.5925,12638.56777,34012.36087,38962.76,83.41
2022-12-30T03:00+01:00,-8437.7425,11960.30348,31981.50747,38806.62,83.41
2022-12-30T04:00+01:00,-7122.31,11063.07249,32165.45678,39998.995,83.41
2022-12-30T05:00+01:00,-6415.23,10682.72043,33530.07067,41446.9275,83.41
2022-12-30T06:00+01:00,-6256.375,10630.26082,34495.15799,43236.99,83.41
2022-12-30T07:00+01:00,-5010.5525,10698.31981,34392.8769,46959.5625,83.41
2022-12-30T08:00+01:00,-5105.8075,10737.73653,35448.50303,50284.845,83.41
2022-12-30T09:00+01:00,-5773.15,10679.92753,38240.80434,51862.18,83.41
2022-12-30T10:00+01:00,-8045.8275,10648.45161,41789.59164,52792.2975,83.41
2022-12-30T11:00+01:00,-9244.2975,10684.41478,45095.51073,53553.545,83.41
2022-12-30T12:00+01:00,-10374.8,10560.76178,46407.66758,53220.8325,83.41
2022-12-30T13:00+01:00,-10169.3825,10700.3218,45239.11221,51811.3175,83.41
2022-12-30T14:00+01:00,-9553.95,11211.42582,43256.04623,51613.455,83.41
2022-12-30T15:00+01:00,-9308.2425,11499.68339,43992.9917,52482.2125,83.41
2022-12-30T16:00+01:00,-9881.855,12129.95969,46925.03676,54921.6525,83.41
2022-12-30T17:00+01:00,-11407.7375,13032.55667,48392.00014,57106.445,83.41
2022-12-30T18:00+01:00,-12679.755,13322.83412,49602.22105,57570.1775,83.41
2022-12-30T19:00+01:00,-14734.3925,13179.13365,49061.41365,55058.21,83.41
2022-12-30T20:00+01:00,-14471.7475,13275.40297,45433.26227,51622.505,83.41
2022-12-30T21:00+01:00,-15165.78,13196.29354,43883.51512,49014.165,83.41
2022-12-30T22:00+01:00,-14362.6025,12956.40821,41745.48721,46863.4575,83.41
2022-12-30T23:00+01:00,-13341.925,12106.76944,39868.77439,43521.175,83.41
2022-12-31T00:00+01:00,-11616.1775,10961.17747,38389.51701,39697.27,83.41
2022-12-31T01:00+01:00,-12637.5875,10148.94902,37471.31507,37557.605,83.41
2022-12-31T02:00+01:00,-12172.685,9756.77811,35505.34227,36627.5775,83.41
2022-12-31T03:00+01:00,-11129.345,9659.363924,33955.33145,36399.895,83.41
2022-12-31T04:00+01:00,-10868.1675,9609.911906,33554.46589,36741.8675,83.41
2022-12-31T05:00+01:00,-10759.575,9552.598173,34178.84518,37532.29,83.41
2022-12-31T06:00+01:00,-11316.8075,9449.393497,34165.33896,38780.725,83.41
2022-12-31T07:00+01:00,-9943.12,9444.562568,34534.00259,40882.5225,83.41
2022-12-31T08:00+01:00,-9925.9775,9398.076578,36747.99224,44494.165,83.41
2022-12-31T09:00+01:00,-8690.0225,9360.254916,38180.74451,46176.6175,83.41
2022-12-31T10:00+01:00,-11274.215,9380.66316,42133.62709,47855.0125,83.41
2022-12-31T11:00+01:00,-11531.955,9303.02243,45216.17497,49423.495,83.41
2022-12-31T12:00+01:00,-11218.665,9322.659226,47034.36029,49829.315,83.41
2022-12-31T13:00+01:00,-11291.875,9383.231775,47515.27628,49808.15,83.41
2022-12-31T14:00+01:00,-10686.2575,9388.966833,45379.16336,48811.7925,83.41
2022-12-31T15:00+01:00,-8496.205,9392.624156,42712.2497,48856.65,83.41
2022-12-31T16:00+01:00,-9006.325,9404.599592,41638.45129,49854.4425,83.41
2022-12-31T17:00+01:00,-9688.1,9504.588155,42770.72495,52469.6525,83.41
2022-12-31T18:00+01:00,-9682.55,9482.448759,42061.41369,52179.0625,83.41
2022-12-31T19:00+01:00,-9344.075,9471.57262,40921.50361,49759.6125,83.41
2022-12-31T20:00+01:00,-10183.7225,9423.942011,40799.36981,46514.6925,83.41
2022-12-31T21:00+01:00,-10827.27,9445.960463,40490.35572,44002.115,83.41
2022-12-31T22:00+01:00,-11223.8525,9455.222196,40064.70621,42489.5,83.41
2022-12-31T23:00+01:00,-10639.9625,9467.401353,38466.9022,40646.5775,83.41