Date (GMT+1),Cross border electricity trading,Non-Renewable,Renewable,Load,"CO2 Emission Allowances, Auction DE"
2024-01-01T00:00+01:00,-11728.9125,8378.536596,41778.25343,40170.09,66.6
2024-01-01T01:00+01:00,-11129.9725,8284.442818,41522.96191,38818.15,66.6
2024-01-01T02:00+01:00,-11635.4075,8282.031575,41346.84615,37847.565,66.6
2024-01-01T03:00+01:00,-11492.7,8318.30145,40363.41746,37123.2325,66.6
2024-01-01T04:00+01:00,-10593.885,8309.993639,40234.70911,36753.515,66.6
2024-01-01T05:00+01:00,-11411.85,8345.648349,40369.49649,37051.4025,66.6
2024-01-01T06:00+01:00,-10643.795,8377.203364,39954.72448,36725.425,66.6
2024-01-01T07:00+01:00,-11687.23,8357.52499,40285.02287,37321.025,66.6
2024-01-01T08:00+01:00,-11487.7975,8352.21761,41676.21917,37984.345,66.6
2024-01-01T09:00+01:00,-11008.2975,8294.832781,43912.84696,39951.8225,66.6
2024-01-01T10:00+01:00,-11869.1775,8423.721464,46884.72694,42309.145,66.6
2024-01-01T11:00+01:00,-12295.26,8290.796431,48447.45581,44829.0125,66.6
2024-01-01T12:00+01:00,-10622.18,8335.354919,47889.16019,45824.1075,66.6
2024-01-01T13:00+01:00,-9545.4975,8306.237283,45860.94191,45251.79,66.6
2024-01-01T14:00+01:00,-9195.185,8510.7312,42667.37916,44904.3225,66.6
2024-01-01T15:00+01:00,-6217.525,8600.856688,39226.56351,44952.3025,66.6
2024-01-01T16:00+01:00,-4526.2975,9172.600685,38425.88643,46881.39,66.6
2024-01-01T17:00+01:00,-4577.02,9653.591941,39397.46928,50120.6075,66.6
2024-01-01T18:00+01:00,-5731.15,9678.299331,38601.32792,50199.46,66.6
2024-01-01T19:00+01:00,-4259.405,9509.157213,37623.27995,49118.3525,66.6
2024-01-01T20:00+01:00,-3432.905,9320.792306,36870.95773,47071.5375,66.6
2024-01-01T21:00+01:00,-3550.3875,9189.197479,35236.12801,45148.845,66.6
2024-01-01T22:00+01:00,-1763.5725,9008.863723,33845.59544,43664.225,66.6
2024-01-01T23:00+01:00,-1862.505,8851.44662,31794.32959,41057.3775,66.6
2024-01-02T00:00+01:00,-2049.5725,8652.642358,30446.35063,38389.92,66.6
2024-01-02T01:00+01:00,-1719.915,8582.390987,29672.75853,37078.08,66.6
2024-01-02T02:00+01:00,-2226.0475,8627.772836,29567.59048,37041.8675,66.6
2024-01-02T03:00+01:00,-2075.64,8760.719069,31286.97161,37358.4775,66.6
2024-01-02T04:00+01:00,-2903.8075,8873.528725,33616.55447,39411.915,66.6
2024-01-02T05:00+01:00,-4030.18,9201.584807,36615.93972,42453.665,66.6
2024-01-02T06:00+01:00,-3799.995,9665.409542,39827.19502,47725.9,66.6
2024-01-02T07:00+01:00,-3082.25,10197.99904,41617.02734,52564.765,66.6
2024-01-02T08:00+01:00,-3239.6175,10993.11672,42927.76322,56047.47,66.6
2024-01-02T09:00+01:00,-3649.09,11756.52597,43130.33463,57931.3725,66.6
2024-01-02T10:00+01:00,-1458.67,12134.96309,43312.44765,59509.5425,66.6
2024-01-02T11:00+01:00,159.8375,12560.66739,41608.14677,60929.47,66.6
2024-01-02T12:00+01:00,821.4975,13065.01885,40544.78619,61269.675,66.6
2024-01-02T13:00+01:00,2864.9775,13116.77901,39206.1738,60607.0075,66.6
2024-01-02T14:00+01:00,2119.045,13232.60591,37757.67857,59704.995,66.6
2024-01-02T15:00+01:00,2083.89,12998.34395,36887.0581,60066.9225,66.6
2024-01-02T16:00+01:00,241.9775,13247.5097,38956.13845,61427.0775,66.6
2024-01-02T17:00+01:00,91.3025,13119.32363,42383.05708,63377.005,66.6
2024-01-02T18:00+01:00,-1828.85,12934.56613,45269.10984,63072.2025,66.6
2024-01-02T19:00+01:00,-4859.0225,12156.63436,47897.10522,61214.975,66.6
2024-01-02T20:00+01:00,-6961.685,11125.37401,49408.32538,58093.7375,66.6
2024-01-02T21:00+01:00,-9426.3075,10337.59354,50399.27802,54777.75,66.6
2024-01-02T22:00+01:00,-10105.4225,9800.278588,49960.50295,52006.0825,66.6
2024-01-02T23:00+01:00,-12437.7275,9500.956601,50071.50734,49067.6725,66.6
2024-01-03T00:00+01:00,-10856.0325,9284.968685,47214.50092,46137.4175,66.6
2024-01-03T01:00+01:00,-10268.535,9107.117313,46644.0552,44335.34,66.6
2024-01-03T02:00+01:00,-11677.005,9193.0476,46952.87828,43294.8075,66.6
2024-01-03T03:00+01:00,-10928.7275,9145.828443,47213.83225,43655.9525,66.6
2024-01-03T04:00+01:00,-11017.7875,9169.014098,47911.5801,45081.5025,66.6
2024-01-03T05:00+01:00,-8604.56,9379.747083,48876.24272,47957.695,66.6
2024-01-03T06:00+01:00,-10407.5925,9868.802503,53793.42613,53736.08,66.6
2024-01-03T07:00+01:00,-10375.0375,10427.46457,54873.05019,58238.7575,66.6
2024-01-03T08:00+01:00,-10441.7625,10990.64705,54747.48022,60985.205,66.6
2024-01-03T09:00+01:00,-10416.0675,11405.12651,55798.21964,62279.075,66.6
2024-01-03T10:00+01:00,-11110.645,11248.7524,58693.12774,63084.77,66.6
2024-01-03T11:00+01:00,-10369.8025,11014.42868,60104.82974,64447.985,66.6
2024-01-03T12:00+01:00,-11101.5125,10933.17764,59834.49015,64460.8375,66.6
2024-01-03T13:00+01:00,-10454.3575,11278.41981,58159.24883,63089.2775,66.6
2024-01-03T14:00+01:00,-7661.185,11089.26941,55278.47349,61937.535,66.6
2024-01-03T15:00+01:00,-5240.2275,11396.24037,50929.00318,61490.17,66.6
2024-01-03T16:00+01:00,-4953.175,12649.57464,47383.17445,62105.3775,66.6
2024-01-03T17:00+01:00,-3594.79,13537.51397,45391.26181,64559.11,66.6
2024-01-03T18:00+01:00,-1969.1275,13838.48498,43848.01619,64586.2775,66.6
2024-01-03T19:00+01:00,-1297.32,13350.08164,42341.56833,62472.42,66.6
2024-01-03T20:00+01:00,-2952.78,12670.31214,41445.50881,58666.5425,66.6
2024-01-03T21:00+01:00,-2721.045,11615.59882,40860.74231,55714.0525,66.6
2024-01-03T22:00+01:00,-3281.165,10973.88959,39651.34006,52734.985,66.6
2024-01-03T23:00+01:00,-5754.9375,10653.8895,40145.40186,48999.5275,66.6
2024-01-04T00:00+01:00,-5351.4425,10005.51756,40623.98152,46365.9075,66.6
2024-01-04T01:00+01:00,-5906.4475,9707.020253,41613.22509,45278.49,66.6
2024-01-04T02:00+01:00,-6923.8625,9728.755903,42757.1218,44642.305,66.6
2024-01-04T03:00+01:00,-7107.84,9866.858101,43240.18627,45027.14,66.6
2024-01-04T04:00+01:00,-7265.7925,9915.279635,43632.31255,46279.7675,66.6
2024-01-04T05:00+01:00,-6925.5875,10761.91999,43928.7417,48751.1675,66.6
2024-01-04T06:00+01:00,-6418.9775,12749.09941,43400.05764,53683.955,66.6
2024-01-04T07:00+01:00,-4914.085,15457.65609,42484.40692,59303.3425,66.6
2024-01-04T08:00+01:00,-2449.465,16545.92351,40659.20339,62947.445,66.6
2024-01-04T09:00+01:00,-1138.585,17426.55707,40378.27751,64254.915,66.6
2024-01-04T10:00+01:00,-279.6575,17521.08554,40764.69167,65365.0025,66.6
2024-01-04T11:00+01:00,-1847.5925,17639.05139,40452.51408,65554.7025,66.6
2024-01-04T12:00+01:00,-478.36,18464.93463,38569.74215,65594.54,66.6
2024-01-04T13:00+01:00,1097.41,19516.25594,35354.7088,64722.6325,66.6
2024-01-04T14:00+01:00,2138.085,20916.73419,31622.82944,63715.0175,66.6
2024-01-04T15:00+01:00,4358.625,23288.03665,26517.48411,63034.8275,66.6
2024-01-04T16:00+01:00,6577.215,24634.58554,22826.31411,63827.6675,66.6
2024-01-04T17:00+01:00,9004.7725,25438.71075,20313.78116,65704.565,66.6
2024-01-04T18:00+01:00,9532.31,26252.36614,17828.96165,64839.62,66.6
2024-01-04T19:00+01:00,11725.245,25939.02448,16315.59845,63362.745,66.6
2024-01-04T20:00+01:00,11038.345,25206.99455,15940.91179,59665.365,66.6
2024-01-04T21:00+01:00,10967.65,24429.49844,15684.34678,56429.81,66.6
2024-01-04T22:00+01:00,9593.4275,22633.88301,16697.83162,53468.8075,66.6
2024-01-04T23:00+01:00,8174.455,20164.63033,17417.80767,50082.7775,66.6
2024-01-05T00:00+01:00,5375.3175,18761.95015,18936.4945,46882.785,66.6
2024-01-05T01:00+01:00,3749.1825,17635.8035,20764.05273,45241.8875,66.6
2024-01-05T02:00+01:00,3530.0375,17262.16885,22942.71076,44115.2275,66.6
2024-01-05T03:00+01:00,2976.8325,17077.19453,24996.111,44396.9175,66.6
2024-01-05T04:00+01:00,2476.625,17060.28868,26416.89239,45672.2025,66.6
2024-01-05T05:00+01:00,906.39,17886.16925,28142.86634,48107.77,66.6
2024-01-05T06:00+01:00,808.09,19143.36396,30019.66826,52827.9275,66.6
2024-01-05T07:00+01:00,-536.4275,21584.50409,31768.42463,58203.94,66.6
2024-01-05T08:00+01:00,-217.1975,22842.25584,33658.72482,61650.8375,66.6
2024-01-05T09:00+01:00,-2103.4825,23091.51385,36085.17401,63236.87,66.6
2024-01-05T10:00+01:00,-3503.1225,23036.85913,38676.45861,64022.12,66.6
2024-01-05T11:00+01:00,-4168.7275,22448.61536,40870.57785,64774.9925,66.6
2024-01-05T12:00+01:00,-4595.8375,22827.9414,40664.84703,64509.3,66.6
2024-01-05T13:00+01:00,-4689.95,22359.3538,38956.222,63211.9375,66.6
2024-01-05T14:00+01:00,-3174.8575,22531.32771,36899.79557,62148.895,66.6
2024-01-05T15:00+01:00,-1343.785,23054.24049,34189.46474,61704.7175,66.6
2024-01-05T16:00+01:00,-1388.99,23538.96243,33096.32253,62787.23,66.6
2024-01-05T17:00+01:00,-1350.815,24038.47993,33231.54237,65094.74,66.6
2024-01-05T18:00+01:00,-1580.1075,24174.62348,33321.87229,64997.7475,66.6
2024-01-05T19:00+01:00,-3590.1925,24760.1407,33247.49815,63064.37,66.6
2024-01-05T20:00+01:00,-4295.585,24568.12587,31941.49442,59468.08,66.6
2024-01-05T21:00+01:00,-4002.59,23068.44992,31037.50222,56368.065,66.6
2024-01-05T22:00+01:00,-3849.6625,21970.45439,29979.52679,53853.3375,66.6
2024-01-05T23:00+01:00,-2970.7,19837.13989,28088.64802,50415.8475,66.6
2024-01-06T00:00+01:00,-3430.52,18869.60031,26442.53198,47558.145,66.6
2024-01-06T01:00+01:00,-2054.51,18300.09719,24973.10046,45836.065,66.6
2024-01-06T02:00+01:00,-739.6475,17877.68635,24262.13421,44859.2375,66.6
2024-01-06T03:00+01:00,-142.165,17722.0884,23521.20851,44223.4975,66.6
2024-01-06T04:00+01:00,228.065,17862.71692,23195.66228,44314.0025,66.6
2024-01-06T05:00+01:00,392.875,18101.22743,22837.28147,44637.6075,66.6
2024-01-06T06:00+01:00,219.4,18555.85248,22855.01479,45244.7525,66.6
2024-01-06T07:00+01:00,-760.9375,19938.03731,22831.09756,46848.24,66.6
2024-01-06T08:00+01:00,-344.7325,21924.13754,23223.32919,50410.655,66.6
2024-01-06T09:00+01:00,1567.5975,22592.52,24257.81266,53938.1625,66.6
2024-01-06T10:00+01:00,1690.815,22718.86404,25130.22982,55906.6125,66.6
2024-01-06T11:00+01:00,1933.95,23402.99162,25659.96366,57656.8025,66.6
2024-01-06T12:00+01:00,3097.1025,23331.4936,25631.39446,58010.565,66.6
2024-01-06T13:00+01:00,1925.4925,23288.86756,25107.67196,56947.76,66.6
2024-01-06T14:00+01:00,1453.1725,23322.72247,24551.52381,56350.995,66.6
2024-01-06T15:00+01:00,3162.39,23296.26048,23827.49294,56437.3925,66.6
2024-01-06T16:00+01:00,3099.3975,23439.50357,23486.23959,57204.8375,66.6
2024-01-06T17:00+01:00,3605.06,23800.76003,23926.49132,59214.2425,66.6
2024-01-06T18:00+01:00,3186.4825,23773.77598,24173.52143,59277.5325,66.6
2024-01-06T19:00+01:00,3461.9525,23542.18639,24090.79326,57654.76,66.6
2024-01-06T20:00+01:00,2440.23,22737.58922,23979.70636,54549.52,66.6
2024-01-06T21:00+01:00,495.5475,22593.99343,23698.22121,52155.165,66.6
2024-01-06T22:00+01:00,332.475,22227.52726,23287.97416,50914.6,66.6
2024-01-06T23:00+01:00,-806.08,21304.21814,23245.58427,48121.8925,66.6
2024-01-07T00:00+01:00,-913.8875,20074.43697,23051.18194,45382.6875,66.6
2024-01-07T01:00+01:00,-304.7675,18672.21197,23088.59106,43746.1775,66.6
2024-01-07T02:00+01:00,476.8175,17727.58247,23163.17379,43048.6325,66.6
2024-01-07T03:00+01:00,841.345,17525.95943,22976.39621,42566.535,66.6
2024-01-07T04:00+01:00,1609.665,17666.21302,23190.16392,42672.3925,66.6
2024-01-07T05:00+01:00,876.94,17979.65858,23370.27221,42592.85,66.6
2024-01-07T06:00+01:00,-157.62,18187.12762,24160.41784,42738.335,66.6
2024-01-07T07:00+01:00,-379.68,18910.41762,24328.15706,44372.6,66.6
2024-01-07T08:00+01:00,-578.905,20136.36433,24072.07604,46910.725,66.6
2024-01-07T09:00+01:00,-1300.47,22324.08316,24444.40173,50727.3275,66.6
2024-01-07T10:00+01:00,-364.7375,22715.58661,24909.96073,53437.3175,66.6
2024-01-07T11:00+01:00,880.8025,22395.88038,26180.78166,56026.7475,66.6
2024-01-07T12:00+01:00,1488.6,22085.18207,26815.21685,56856.3975,66.6
2024-01-07T13:00+01:00,697.0975,21986.83023,26761.22286,55751.03,66.6
2024-01-07T14:00+01:00,499.17,21989.61958,26304.50899,54913.1625,66.6
2024-01-07T15:00+01:00,1271.7675,22297.48885,24964.26832,54643.3425,66.6
2024-01-07T16:00+01:00,1823.2725,22657.01299,24958.94657,56329.0525,66.6
2024-01-07T17:00+01:00,1795.4425,23392.21583,26604.98875,59864.28,66.6
2024-01-07T18:00+01:00,1142.5625,24049.66269,27788.96444,60473.4625,66.6
2024-01-07T19:00+01:00,-421.7875,24334.78269,29108.78194,59068.405,66.6
2024-01-07T20:00+01:00,-2301.0475,23710.93475,28414.30408,56368.385,66.6
2024-01-07T21:00+01:00,-2948.1775,22791.78036,27364.43937,54746.5325,66.6
2024-01-07T22:00+01:00,-1585.405,22551.37416,26945.06456,54224.37,66.6
2024-01-07T23:00+01:00,-545.655,20736.25547,27377.73004,51706.885,66.6
2024-01-08T00:00+01:00,1499.9225,19334.08616,27426.23782,50045.175,66.6
2024-01-08T01:00+01:00,805.67,18231.0822,28086.22957,48530.6325,66.6
2024-01-08T02:00+01:00,108.6425,17961.41986,28679.75106,48044.99,66.6
2024-01-08T03:00+01:00,489.0125,17743.0642,29266.25919,48212.245,66.6
2024-01-08T04:00+01:00,404.96,18407.57207,28691.52519,49203.03,66.6
2024-01-08T05:00+01:00,-103.2375,21307.22015,28182.30223,52497.735,66.6
2024-01-08T06:00+01:00,183.355,25950.18762,28565.1126,60305.155,66.6
2024-01-08T07:00+01:00,1936.2325,28954.52021,28797.77213,66175.9675,66.6
2024-01-08T08:00+01:00,2552.3475,30143.8934,29732.83325,69647.7525,66.6
2024-01-08T09:00+01:00,206.43,30309.68391,31337.34078,70157.545,66.6
2024-01-08T10:00+01:00,-1389.265,30391.22299,33545.69745,69721.9425,66.6
2024-01-08T11:00+01:00,-2482.7925,30381.91636,36253.10579,69755.73,66.6
2024-01-08T12:00+01:00,-3727.3425,30329.68904,38114.87321,69315.7325,66.6
2024-01-08T13:00+01:00,-3145.3725,30519.45982,37591.13082,69045.4075,66.6
2024-01-08T14:00+01:00,-1448.0325,30761.79679,34822.07206,68221.43,66.6
2024-01-08T15:00+01:00,507.99,31390.06715,31236.20572,67905.45,66.6
2024-01-08T16:00+01:00,843.245,31557.29984,29597.87892,68308.045,66.6
2024-01-08T17:00+01:00,-1573.03,32471.38086,30516.53499,70711.085,66.6
2024-01-08T18:00+01:00,-3339.88,32811.03353,30518.2136,70678.3325,66.6
2024-01-08T19:00+01:00,-1598.945,32505.76817,29863.41942,69326.56,66.6
2024-01-08T20:00+01:00,-2203.9375,31812.68893,28901.91514,65828.035,66.6
2024-01-08T21:00+01:00,-2244.7125,31078.23056,27834.92547,62587.35,66.6
2024-01-08T22:00+01:00,-1221.3375,29463.80772,25957.40688,59977.4825,66.6
2024-01-08T23:00+01:00,586.34,27860.27248,24371.47709,56515.0675,66.6
2024-01-09T00:00+01:00,569.7925,27235.98819,23122.45418,54800.3525,66.6
2024-01-09T01:00+01:00,1752.725,26667.40713,22221.14223,53013.9475,66.6
2024-01-09T02:00+01:00,2561.2375,26673.65459,21642.62354,52305.195,66.6
2024-01-09T03:00+01:00,3357.1375,26418.31916,20776.08801,51986.17,66.6
2024-01-09T04:00+01:00,3698.815,27452.20712,20195.00263,52933.1325,66.6
2024-01-09T05:00+01:00,3125.36,28637.81773,19674.4116,56133.0425,66.6
2024-01-09T06:00+01:00,2489.6925,32801.23052,19892.47076,62378.105,66.6
2024-01-09T07:00+01:00,5092.7825,35468.89086,19709.01174,68218.775,66.6
2024-01-09T08:00+01:00,4419.7975,36102.17784,19843.67909,70871.4925,66.6
2024-01-09T09:00+01:00,505.255,35985.37313,22873.83361,70857.435,66.6
2024-01-09T10:00+01:00,-1393.14,35594.51856,26574.27004,70830.175,66.6
2024-01-09T11:00+01:00,-1337.2475,35245.50358,29343.84761,70792.0325,66.6
2024-01-09T12:00+01:00,-1385.5075,35344.88804,30108.19552,70341.2025,66.6
2024-01-09T13:00+01:00,-2019.3525,35501.84056,29175.6685,68867.0575,66.6
2024-01-09T14:00+01:00,-220.5825,35774.42156,25439.75422,67306.3875,66.6
2024-01-09T15:00+01:00,2626.4025,36197.91793,20305.19218,67221.045,66.6
2024-01-09T16:00+01:00,5566.115,35833.72084,18288.78555,68084.1225,66.6
2024-01-09T17:00+01:00,6554.89,35867.85627,20125.68295,71236.2575,66.6
2024-01-09T18:00+01:00,5067.155,36162.31315,20616.38275,71059.4575,66.6
2024-01-09T19:00+01:00,3821.175,36215.59903,20444.01769,69586.4275,66.6
2024-01-09T20:00+01:00,2738.695,35963.23406,19930.77594,66124.955,66.6
2024-01-09T21:00+01:00,1576.5575,35511.71213,19297.80504,63223.755,66.6
2024-01-09T22:00+01:00,2039.91,34292.38307,18788.15227,60247.4275,66.6
2024-01-09T23:00+01:00,2212.545,32809.15306,17988.5513,57335.7475,66.6
2024-01-10T00:00+01:00,1128.835,32947.74076,17204.58324,55035.86,66.6
2024-01-10T01:00+01:00,1114.48,32813.82311,16294.07658,53368.395,66.6
2024-01-10T02:00+01:00,1868.12,32607.79972,16152.907,52543.02,66.6
2024-01-10T03:00+01:00,2414.8875,32416.03265,15884.5169,52445.625,66.6
2024-01-10T04:00+01:00,2742.23,32863.15644,16040.11883,53118.8825,66.6
2024-01-10T05:00+01:00,2983.4125,34149.19117,16339.92054,56026.11,66.6
2024-01-10T06:00+01:00,2874.26,36389.1744,16780.74382,62505.04,66.6
2024-01-10T07:00+01:00,3899.77,37620.74794,17262.62777,68074.5425,66.6
2024-01-10T08:00+01:00,4690.34,38613.57065,17905.36065,70666.7075,66.6
2024-01-10T09:00+01:00,2182.2475,39232.37369,19879.22609,71470.0875,66.6
2024-01-10T10:00+01:00,1072.8225,39080.04522,22890.92759,71238.335,66.6
2024-01-10T11:00+01:00,-931.4875,39414.34805,25294.24979,70909.1875,66.6
2024-01-10T12:00+01:00,-1379.545,39397.09354,25488.56748,70049.885,66.6
2024-01-10T13:00+01:00,-90.155,39238.31847,23767.97421,68746.4325,66.6
2024-01-10T14:00+01:00,2531.355,39165.75746,20019.52367,67475.835,66.6
2024-01-10T15:00+01:00,4739.28,40215.4364,15162.94941,67311.07,66.6
2024-01-10T16:00+01:00,5639.6575,41192.62452,13097.21688,68447.9125,66.6
2024-01-10T17:00+01:00,5489.69,41795.19411,14305.47379,71087.72,66.6
2024-01-10T18:00+01:00,4571.9725,41779.83848,14586.67554,70733.4575,66.6
2024-01-10T19:00+01:00,4061.6625,41144.73123,13655.77745,69510.9575,66.6
2024-01-10T20:00+01:00,4370.645,40385.03839,12639.06048,66369.395,66.6
2024-01-10T21:00+01:00,5195.44,38857.86672,11690.60732,63116.155,66.6
2024-01-10T22:00+01:00,5249.03,37654.42755,11250.94273,60387.6575,66.6
2024-01-10T23:00+01:00,4704.5675,36383.29787,11008.51957,57234.9725,66.6
2024-01-11T00:00+01:00,5852.06,35069.65063,11033.24051,55496.665,66.6
2024-01-11T01:00+01:00,5813.7825,34651.19904,11463.47059,54369.1825,66.6
2024-01-11T02:00+01:00,4299.015,34649.64127,12011.8956,53263.695,66.6
2024-01-11T03:00+01:00,4677.51,34503.26649,12189.13638,53320.7675,66.6
2024-01-11T04:00+01:00,4969.335,34789.21717,12652.47543,54278.3275,66.6
2024-01-11T05:00+01:00,3811.2975,36531.58058,13861.10051,57389.695,66.6
2024-01-11T06:00+01:00,3511.835,38687.42718,14910.90569,63831.465,66.6
2024-01-11T07:00+01:00,6447.7025,39950.38224,16418.03693,69391.605,66.6
2024-01-11T08:00+01:00,4113.5325,41078.06339,17970.49725,71973.625,66.6
2024-01-11T09:00+01:00,2328.5275,40322.96477,20911.47177,72159.33,66.6
2024-01-11T10:00+01:00,695.6025,39756.78032,24774.64015,71926.065,66.6
2024-01-11T11:00+01:00,-524.8325,39101.14506,26947.71312,71881.2975,66.6
2024-01-11T12:00+01:00,-1524.6575,38679.68598,26518.95576,71181.515,66.6
2024-01-11T13:00+01:00,-229.6475,39005.44461,24739.05877,70395.365,66.6
2024-01-11T14:00+01:00,1227.96,39433.05514,21347.31199,68729.335,66.6
2024-01-11T15:00+01:00,3529.4775,40220.99094,17250.30587,68330.4775,66.6
2024-01-11T16:00+01:00,4125.72,41216.14512,14963.30272,69340.8525,66.6
2024-01-11T17:00+01:00,3579.38,42196.47276,14449.29043,71401.145,66.6
2024-01-11T18:00+01:00,4384.3125,42587.10941,13887.05512,70807.5925,66.6
2024-01-11T19:00+01:00,5492.815,42131.2631,12973.63711,69581.135,66.6
2024-01-11T20:00+01:00,5564.895,40229.95596,12520.46266,66048.3525,66.6
2024-01-11T21:00+01:00,6316.43,37965.73023,11648.48508,62573.075,66.6
2024-01-11T22:00+01:00,6485.14,36263.93843,10756.75609,59745.2525,66.6
2024-01-11T23:00+01:00,6337.7025,34454.04337,10594.87817,56121.4,66.6
2024-01-12T00:00+01:00,5063.515,34056.74455,10549.10698,53736.565,66.6
2024-01-12T01:00+01:00,6266.6475,33761.8293,10677.44713,52425.02,66.6
2024-01-12T02:00+01:00,5904.2325,34060.76392,11194.77882,52004.8275,66.6
2024-01-12T03:00+01:00,5665.69,34369.22808,11194.52341,52015.0925,66.6
2024-01-12T04:00+01:00,5587.1775,34643.54489,12108.20566,53285.2525,66.6
2024-01-12T05:00+01:00,5308.97,35538.41722,13297.02387,56643.17,66.6
2024-01-12T06:00+01:00,5093.8025,37016.94667,14308.80572,62864.3275,66.6
2024-01-12T07:00+01:00,5194.84,39298.81833,14822.87077,67932.545,66.6
2024-01-12T08:00+01:00,4267.5425,40021.84622,15581.20903,70660.415,66.6
2024-01-12T09:00+01:00,3977.1175,39787.72455,17873.37321,72068.3225,66.6
2024-01-12T10:00+01:00,3671.4475,39566.6798,19942.27214,72629.6475,66.6
2024-01-12T11:00+01:00,2271.025,39610.86522,21803.9192,72704.6575,66.6
2024-01-12T12:00+01:00,2264.745,39247.932,22712.14561,72207.2225,66.6
2024-01-12T13:00+01:00,1312.84,38795.78009,23162.52696,70746.72,66.6
2024-01-12T14:00+01:00,79.49,38334.07128,22747.81177,69253.8975,66.6
2024-01-12T15:00+01:00,1097.3375,38656.15814,21273.70851,68898.845,66.6
2024-01-12T16:00+01:00,1366.77,38522.19839,20778.74797,69515.8725,66.6
2024-01-12T17:00+01:00,2292.9175,38757.7216,20716.69067,70788.9475,66.6
2024-01-12T18:00+01:00,-145.22,39086.96846,20574.40882,69893.2325,66.6
2024-01-12T19:00+01:00,-582.2375,38548.3065,20680.36416,68176.9175,66.6
2024-01-12T20:00+01:00,-3242.4475,37602.37044,20717.92973,64494.3425,66.6
2024-01-12T21:00+01:00,-2862.995,34660.24188,21173.33249,61202.9125,66.6
2024-01-12T22:00+01:00,-2107.9,32677.7056,21098.61281,58308.8175,66.6
2024-01-12T23:00+01:00,-3157.7025,30771.50491,21842.55803,55414.64,66.6
2024-01-13T00:00+01:00,-1734.115,29076.67567,21558.04711,52378.4225,66.6
2024-01-13T01:00+01:00,-1639.5,26162.82403,22679.13169,50325.1725,66.6
2024-01-13T02:00+01:00,-2249.7875,25307.36603,23643.66285,49354.9525,66.6
2024-01-13T03:00+01:00,-2262.18,24259.48823,25045.5814,48970.7575,66.6
2024-01-13T04:00+01:00,-1911.23,23413.36082,26272.55672,49062.9975,66.6
2024-01-13T05:00+01:00,-2872.965,23482.48232,26743.82332,49167.3075,66.6
2024-01-13T06:00+01:00,-4387.9125,24388.24387,26984.80519,50178.3475,66.6
2024-01-13T07:00+01:00,-4609.2225,25650.21159,28709.66688,53811.28,66.6
2024-01-13T08:00+01:00,-3682.1825,25893.23942,31384.67245,57557.4275,66.6
2024-01-13T09:00+01:00,-4071.74,25948.10529,33770.81543,60752,66.6
2024-01-13T10:00+01:00,-3958.635,25841.74742,35794.84418,62951.93,66.6
2024-01-13T11:00+01:00,-4199.9975,25402.49723,37739.28192,64200.6825,66.6
2024-01-13T12:00+01:00,-5955.9275,25747.35826,39364.17622,64593.52,66.6
2024-01-13T13:00+01:00,-6074.995,26120.01074,39569.69078,64119.5075,66.6
2024-01-13T14:00+01:00,-7379.865,25872.03859,39849.35324,63226.0075,66.6
2024-01-13T15:00+01:00,-8141.09,26123.25511,39655.99597,62737.6,66.6
2024-01-13T16:00+01:00,-7734.34,25930.28517,39664.48817,63238.99,66.6
2024-01-13T17:00+01:00,-6824.8325,25820.58706,39761.20448,65444.3825,66.6
2024-01-13T18:00+01:00,-7529.1825,26203.68587,40041.66961,65405.255,66.6
2024-01-13T19:00+01:00,-8130.7925,26279.92317,39375.56436,63272.5075,66.6
2024-01-13T20:00+01:00,-9358.0275,25858.44707,37852.30049,59622.0925,66.6
2024-01-13T21:00+01:00,-10090.1825,25604.40513,37212.66988,56991.1725,66.6
2024-01-13T22:00+01:00,-9562.1125,24726.29358,36531.40901,55489.8025,66.6
2024-01-13T23:00+01:00,-9363.2475,23073.30775,36525.73142,53276.8625,66.6
2024-01-14T00:00+01:00,-11160.975,22282.72287,36463.2707,49436.245,66.6
2024-01-14T01:00+01:00,-11337.9225,22330.8717,37029.2712,48322.285,66.6
2024-01-14T02:00+01:00,-12151.1975,21998.23385,36612.91294,47118.8575,66.6
2024-01-14T03:00+01:00,-12438.4175,21379.72971,36674.59207,46262.5425,66.6
2024-01-14T04:00+01:00,-11566.94,21171.93037,35907.16436,46256.87,66.6
2024-01-14T05:00+01:00,-11361.4025,20994.29651,34744.63133,45850.2875,66.6
2024-01-14T06:00+01:00,-11650.7675,21515.61026,34106.24671,45479.2725,66.6
2024-01-14T07:00+01:00,-10859.2075,21845.48401,33150.3446,47445.44,66.6
2024-01-14T08:00+01:00,-8896.7675,22305.70741,32464.71647,50614.4,66.6
2024-01-14T09:00+01:00,-6788.015,22803.07992,33884.645,54680.4225,66.6
2024-01-14T10:00+01:00,-5692.1275,22230.51089,35797.21846,57932.17,66.6
2024-01-14T11:00+01:00,-4265.185,21199.21544,37737.74045,59886.9525,66.6
2024-01-14T12:00+01:00,-6088.2325,21774.945,39583.73704,60017.265,66.6
2024-01-14T13:00+01:00,-7181.7675,22135.07046,39717.66386,58633.49,66.6
2024-01-14T14:00+01:00,-7587.9825,22503.38862,38694.60353,57037.5875,66.6
2024-01-14T15:00+01:00,-7334.105,23970.74678,36437.97297,57107.025,66.6
2024-01-14T16:00+01:00,-6649.5575,24774.74102,34963.87763,58270.185,66.6
2024-01-14T17:00+01:00,-6465.1675,25808.6352,35804.76244,61719.5275,66.6
2024-01-14T18:00+01:00,-7836.5225,25805.44464,37369.49062,62621.54,66.6
2024-01-14T19:00+01:00,-8482.0475,25622.45671,38397.54261,61413.8375,66.6
2024-01-14T20:00+01:00,-8646.045,24441.77884,38711.57221,59188.8875,66.6
2024-01-14T21:00+01:00,-9620.8075,23320.61069,39288.92612,57743.685,66.6
2024-01-14T22:00+01:00,-8891.47,22772.67202,38759.44005,56743.0425,66.6
2024-01-14T23:00+01:00,-11456.64,22022.35856,39398.39454,53985.465,66.6
2024-01-15T00:00+01:00,-11221.3925,20712.39221,40482.47234,51829.1675,66.6
2024-01-15T01:00+01:00,-12375.475,20496.97438,41354.32736,50943.1775,66.6
2024-01-15T02:00+01:00,-12932.7525,20676.31208,41865.31384,49710.975,66.6
2024-01-15T03:00+01:00,-11635.535,20545.26733,42478.59556,50230.3125,66.6
2024-01-15T04:00+01:00,-11860.11,20549.3448,43010.39227,51887.605,66.6
2024-01-15T05:00+01:00,-10868.95,22392.6197,41562.07816,55437.6,66.6
2024-01-15T06:00+01:00,-8999.32,24787.07467,40630.5157,63032.595,66.6
2024-01-15T07:00+01:00,-6722.66,27589.17607,40109.66955,69980.42,66.6
2024-01-15T08:00+01:00,-5524.575,29395.25961,39218.94976,72997.8175,66.6
2024-01-15T09:00+01:00,-4116.0775,29852.05587,39005.02409,74240.3425,66.6
2024-01-15T10:00+01:00,-4356.6375,30227.1668,39652.66568,75080.6175,66.6
2024-01-15T11:00+01:00,-3661.7,30319.49572,40312.23056,75508.1025,66.6
2024-01-15T12:00+01:00,-4146.7325,30365.62982,39124.56452,74550.27,66.6
2024-01-15T13:00+01:00,-3704.9925,30395.19729,37842.57871,73766.7125,66.6
2024-01-15T14:00+01:00,-2163.305,30963.62666,36115.72447,72503.51,66.6
2024-01-15T15:00+01:00,-1540.835,32028.65752,33622.27197,72052.5725,66.6
2024-01-15T16:00+01:00,-1841.3675,33104.0627,31848.37,71540.4375,66.6
2024-01-15T17:00+01:00,-3376.9425,33643.61828,31744.52853,73039.96,66.6
2024-01-15T18:00+01:00,-2983.985,34038.14988,32062.2109,72747.08,66.6
2024-01-15T19:00+01:00,-4456.875,34108.72523,31712.03293,70928.6875,66.6
2024-01-15T20:00+01:00,-5434.3075,33580.69559,30771.46172,67312.1725,66.6
2024-01-15T21:00+01:00,-4391.6125,32236.38001,30014.30883,63942.74,66.6
2024-01-15T22:00+01:00,-4287.87,30848.56647,27767.55833,60518.47,66.6
2024-01-15T23:00+01:00,-3930.1075,28891.10539,26688.89128,56574.45,66.6
2024-01-16T00:00+01:00,-3145.7925,28230.77723,26747.58336,54293.255,66.6
2024-01-16T01:00+01:00,-4596.085,28408.01185,26901.43668,52567.12,66.6
2024-01-16T02:00+01:00,-4955.275,28209.69923,27343.03429,51947.665,66.6
2024-01-16T03:00+01:00,-4840.385,27813.59592,27326.47786,52273.52,66.6
2024-01-16T04:00+01:00,-4964.665,28775.66807,27180.67644,53132.13,66.6
2024-01-16T05:00+01:00,-4809.665,31400.03129,25990.17788,56513.045,66.6
2024-01-16T06:00+01:00,-3441.92,35308.55885,25422.90302,62958.09,66.6
2024-01-16T07:00+01:00,-1438.1075,37582.49436,23736.31906,68394.4975,66.6
2024-01-16T08:00+01:00,-619.0925,38339.2559,22328.37373,70627.3325,66.6
2024-01-16T09:00+01:00,-84.1075,38722.44147,22394.78728,71014.2925,66.6
2024-01-16T10:00+01:00,634.765,38481.2194,23641.84468,71388.2275,66.6
2024-01-16T11:00+01:00,1855.875,38073.45485,24700.13491,71522.16,66.6
2024-01-16T12:00+01:00,1912.2825,37367.34798,26326.35684,71193.255,66.6
2024-01-16T13:00+01:00,1528.31,37112.52692,25769.62509,69714.5025,66.6
2024-01-16T14:00+01:00,1162.3775,37413.66501,24848.32541,68421.8125,66.6
2024-01-16T15:00+01:00,2178.23,37695.59163,22920.82768,68505.5225,66.6
2024-01-16T16:00+01:00,289.76,38303.10162,21635.07338,68967.755,66.6
2024-01-16T17:00+01:00,-1499.645,39569.59304,23383.82923,71948.38,66.6
2024-01-16T18:00+01:00,-2380.2075,39717.45705,25673.59904,72142.955,66.6
2024-01-16T19:00+01:00,-2419.3125,38475.859,27140.9543,71307.8675,66.6
2024-01-16T20:00+01:00,-2869.8775,36548.20666,28575.12861,68473.4075,66.6
2024-01-16T21:00+01:00,-2747.5775,34092.11909,29475.92088,65557.2,66.6
2024-01-16T22:00+01:00,-489.3475,30926.23125,29865.64926,62836.885,66.6
2024-01-16T23:00+01:00,-891.2525,28680.93638,30493.56172,59789.8875,66.6
2024-01-17T00:00+01:00,643.4825,26877.17905,30479.61313,57797.0825,66.6
2024-01-17T01:00+01:00,-499.4325,26351.33804,30663.16195,56396.5,66.6
2024-01-17T02:00+01:00,-1539.455,26320.78088,31066.28662,55344.6975,66.6
2024-01-17T03:00+01:00,-2143.9075,26291.01273,31435.46529,55416.75,66.6
2024-01-17T04:00+01:00,-1828.44,26802.0129,31506.54455,55906.1925,66.6
2024-01-17T05:00+01:00,-1716.9675,28467.02829,31552.98049,58840.21,66.6
2024-01-17T06:00+01:00,-1055.545,31763.54814,32133.67446,65838.265,66.6
2024-01-17T07:00+01:00,-1673.005,35119.35931,30936.0061,71258.71,66.6
2024-01-17T08:00+01:00,-1751.5775,37935.09942,29932.96283,74318.15,66.6
2024-01-17T09:00+01:00,653.2875,38707.13137,28555.23844,74746.9425,66.6
2024-01-17T10:00+01:00,778.5125,39096.99497,26074.04709,74634.815,66.6
2024-01-17T11:00+01:00,3105.325,38966.07496,22519.49147,74757.4825,66.6
2024-01-17T12:00+01:00,6641.6,39032.98174,20444.83723,74557.9425,66.6
2024-01-17T13:00+01:00,7047.99,39057.776,18466.28508,73251.6725,66.6
2024-01-17T14:00+01:00,6434.76,39227.90496,16641.24016,71998.3475,66.6
2024-01-17T15:00+01:00,5914.115,39499.58592,15316.14802,70668.435,66.6
2024-01-17T16:00+01:00,6705.835,39662.72226,14651.85711,70617.9125,66.6
2024-01-17T17:00+01:00,7485.7,40037.79672,14562.35142,72079.41,66.6
2024-01-17T18:00+01:00,7946.6575,39951.0732,13928.47498,71909.45,66.6
2024-01-17T19:00+01:00,7022.7575,38584.47465,13333.92044,69970.0575,66.6
2024-01-17T20:00+01:00,7446.075,37694.30653,13278.71175,65820.965,66.6
2024-01-17T21:00+01:00,7293.355,36121.52,13107.40699,62589.6525,66.6
2024-01-17T22:00+01:00,6824.26,34396.5084,13623.62343,59842.9725,66.6
2024-01-17T23:00+01:00,6895.115,31621.48929,13801.04115,56208.07,66.6
2024-01-18T00:00+01:00,7022.1825,30706.96387,13600.8341,53968.01,66.6
2024-01-18T01:00+01:00,7309.9275,29436.65298,13871.59744,51735.395,66.6
2024-01-18T02:00+01:00,7513.4825,28462.90112,14056.20089,50971.8225,66.6
2024-01-18T03:00+01:00,8503.0275,27736.81527,14265.073,51442.0825,66.6
2024-01-18T04:00+01:00,7622.89,29022.50656,14765.76508,52840.5375,66.6
2024-01-18T05:00+01:00,6563.2175,31818.71183,14316.67233,56226.7925,66.6
2024-01-18T06:00+01:00,6721.305,35370.59828,14087.16227,62718.0575,66.6
2024-01-18T07:00+01:00,7951.805,36917.39095,14255.35205,68526.3875,66.6
2024-01-18T08:00+01:00,8391.6,37434.17365,15854.0471,71733.4125,66.6
2024-01-18T09:00+01:00,7594.9425,37369.73648,16997.07387,71977.7925,66.6
2024-01-18T10:00+01:00,6232.62,37404.4928,18315.98929,71997.6325,66.6
2024-01-18T11:00+01:00,7966.5125,37142.0627,18670.32587,72378.8,66.6
2024-01-18T12:00+01:00,9382.3525,36178.32952,19051.76276,72456.445,66.6
2024-01-18T13:00+01:00,10506.3725,35636.7066,18701.87112,71273.7975,66.6
2024-01-18T14:00+01:00,9824.4125,35892.8979,18311.58708,69990.735,66.6
2024-01-18T15:00+01:00,9269.505,35805.26375,17883.14942,69486.87,66.6
2024-01-18T16:00+01:00,7504.33,36349.4996,19091.69271,69971.5025,66.6
2024-01-18T17:00+01:00,4853.66,36855.93453,21987.2698,72702.87,66.6
2024-01-18T18:00+01:00,2718.29,37680.7464,24432.6176,73060.62,66.6
2024-01-18T19:00+01:00,915.3325,37542.4071,26090.4341,71825.99,66.6
2024-01-18T20:00+01:00,-822.2975,36547.47669,27271.24953,69114.635,66.6
2024-01-18T21:00+01:00,-1599.84,34379.96989,28269.97139,66013.6925,66.6
2024-01-18T22:00+01:00,-948.8675,31694.02303,28055.68617,62931.15,66.6
2024-01-18T23:00+01:00,-197.1725,28432.09792,29645.74558,59671.08,66.6
2024-01-19T00:00+01:00,347.8475,25383.46464,31335.70349,56777.675,66.6
2024-01-19T01:00+01:00,-1478.7925,24351.11323,32751.73858,55245.505,66.6
2024-01-19T02:00+01:00,-2099.4,23254.35687,33834.24833,54602.7375,66.6
2024-01-19T03:00+01:00,-3159.05,22460.01129,34660.85313,54940.035,66.6
2024-01-19T04:00+01:00,-2766.7225,23148.04729,35238.97448,55971.3125,66.6
2024-01-19T05:00+01:00,-2624.035,24209.47891,36025.83912,58875.38,66.6
2024-01-19T06:00+01:00,-3039.1075,27646.39705,35961.27597,65697.78,66.6
2024-01-19T07:00+01:00,-4439.69,31272.09434,36074.98242,71436.7325,66.6
2024-01-19T08:00+01:00,-4381.88,31890.71807,36745.18193,73952.72,66.6
2024-01-19T09:00+01:00,-6477.8975,33020.23406,37528.20449,74289.1525,66.6
2024-01-19T10:00+01:00,-5708.0075,32850.43498,38248.07281,74792.175,66.6
2024-01-19T11:00+01:00,-4259.025,32214.50518,39575.20593,74597.6275,63.0975
2024-01-19T12:00+01:00,-2607.1625,30956.57706,40701.18662,73628.655,61.93
2024-01-19T13:00+01:00,-4027.3925,29752.21741,40855.3349,71713.0075,61.93
2024-01-19T14:00+01:00,-5025.76,29921.99502,40045.13862,69762.0825,61.93
2024-01-19T15:00+01:00,-4962.75,30940.81819,38779.13661,69607.885,61.93
2024-01-19T16:00+01:00,-5501.2325,31567.45375,39104.66694,70134.2825,61.93
2024-01-19T17:00+01:00,-6868.335,31117.99921,41082.70697,72528.26,61.93
2024-01-19T18:00+01:00,-9140.1075,31329.01039,42954.01426,72402.68,61.93
2024-01-19T19:00+01:00,-9370.42,29780.34173,43775.3789,70750.2775,61.93
2024-01-19T20:00+01:00,-8714.405,26927.93212,44000.63611,66778.38,61.93
2024-01-19T21:00+01:00,-9105.8925,24375.89151,43219.90008,63169.2525,61.93
2024-01-19T22:00+01:00,-8061.375,22870.6062,41758.84038,60588.1725,61.93
2024-01-19T23:00+01:00,-9060.5275,21504.44591,41276.94968,57717.17,61.93
2024-01-20T00:00+01:00,-10089.9525,21120.69832,41309.49994,54921.83,61.93
2024-01-20T01:00+01:00,-10902.7625,21392.02817,40414.09273,52883.8875,61.93
2024-01-20T02:00+01:00,-10746.1375,21083.54926,40133.40323,52634.17,61.93
2024-01-20T03:00+01:00,-10379.535,21247.81251,39654.15902,52061.11,61.93
2024-01-20T04:00+01:00,-9550.74,21335.29478,39864.39713,52443.17,61.93
2024-01-20T05:00+01:00,-10290.825,21452.63648,39478.10999,52477.94,61.93
2024-01-20T06:00+01:00,-11075.9625,21469.24716,39682.20257,53218.395,61.93
2024-01-20T07:00+01:00,-10161.7575,22015.28668,39988.06108,55456.02,61.93
2024-01-20T08:00+01:00,-9101.8825,22376.64923,40944.86831,59312.875,61.93
2024-01-20T09:00+01:00,-10610.3025,22652.18471,43257.8886,62633.0025,61.93
2024-01-20T10:00+01:00,-10713.3725,22153.20704,45883.44114,63901.44,61.93
2024-01-20T11:00+01:00,-11197.4725,21030.46704,47860.24488,64359.0625,61.93
2024-01-20T12:00+01:00,-11105.045,19842.83784,49943.37122,63747.05,61.93
2024-01-20T13:00+01:00,-9906.8475,19377.28893,48294.01464,61449.4025,61.93
2024-01-20T14:00+01:00,-8132.075,19446.23644,43321.96159,58773.6925,61.93
2024-01-20T15:00+01:00,-5184.23,20371.37983,37558.22739,58021.215,61.93
2024-01-20T16:00+01:00,-3065.88,21855.31692,33660.50197,58974.5325,61.93
2024-01-20T17:00+01:00,-2306.21,22220.18481,33639.21504,62004.485,61.93
2024-01-20T18:00+01:00,-3177.3175,22215.48887,34078.6206,63006.5525,61.93
2024-01-20T19:00+01:00,-4270.9525,22407.14367,34225.031,61918.8475,61.93
2024-01-20T20:00+01:00,-3360.49,21457.91138,34308.02158,59546.1225,61.93
2024-01-20T21:00+01:00,-3465.1125,20512.30563,34037.01666,57247.8,61.93
2024-01-20T22:00+01:00,-2487.02,20153.69027,33263.20825,56166.01,61.93
2024-01-20T23:00+01:00,-2746.37,19006.75816,33770.16767,53372.3675,61.93
2024-01-21T00:00+01:00,-4128.395,17319.18425,35331.85484,50671.8775,61.93
2024-01-21T01:00+01:00,-5294.26,16140.39454,36405.91111,48992.76,61.93
2024-01-21T02:00+01:00,-5495.2425,14456.85485,37363.23389,47880.28,61.93
2024-01-21T03:00+01:00,-6124.995,14230.11705,37398.71952,47350.0925,61.93
2024-01-21T04:00+01:00,-5883.35,14136.13993,37470.82612,46787.53,61.93
2024-01-21T05:00+01:00,-6298.76,13798.61392,38621.86268,46676.5,61.93
2024-01-21T06:00+01:00,-8506.4575,14008.93328,39555.09244,46811.5125,61.93
2024-01-21T07:00+01:00,-10401.7425,13769.90472,41733.66411,49146.5,61.93
2024-01-21T08:00+01:00,-11251.7375,13870.43862,44932.87709,52960.5775,61.93
2024-01-21T09:00+01:00,-11993.5175,14251.00297,49191.35859,57286.955,61.93
2024-01-21T10:00+01:00,-12870.295,13810.62901,52033.10048,60003.0675,61.93
2024-01-21T11:00+01:00,-11744.31,13705.03265,53351.12919,61852.6875,61.93
2024-01-21T12:00+01:00,-10069.5375,13442.85737,53419.07594,61641.8575,61.93
2024-01-21T13:00+01:00,-9284.26,13276.43564,52279.04566,59718.6675,61.93
2024-01-21T14:00+01:00,-9533.7925,13399.03659,51686.24356,58120.275,61.93
2024-01-21T15:00+01:00,-9148.2725,13412.44073,48983.35027,56772.935,61.93
2024-01-21T16:00+01:00,-8609.3225,13990.66475,46989.01713,57594.31,61.93
2024-01-21T17:00+01:00,-7748.73,14571.29956,48007.59625,61336.3,61.93
2024-01-21T18:00+01:00,-9176.5325,15388.71143,48222.0619,62402.8675,61.93
2024-01-21T19:00+01:00,-9482.06,15312.98062,48284.54932,60586.3025,61.93
2024-01-21T20:00+01:00,-9719.3625,14792.67913,48373.1315,58114.1075,61.93
2024-01-21T21:00+01:00,-11039.46,14577.29304,49218.0232,56757.38,61.93
2024-01-21T22:00+01:00,-10187.4775,14234.05469,48103.46293,55362.8825,61.93
2024-01-21T23:00+01:00,-10016.6775,14158.81755,47608.7764,52932.7125,61.93
2024-01-22T00:00+01:00,-11297.3575,13526.71235,48543.00595,51863.1225,61.93
2024-01-22T01:00+01:00,-11497.4725,12691.46024,48397.87907,49897.1775,61.93
2024-01-22T02:00+01:00,-10603.23,12481.81611,47190.41424,48809.7075,61.93
2024-01-22T03:00+01:00,-10805.4325,12391.36063,47572.03056,49073.685,61.93
2024-01-22T04:00+01:00,-10367.185,12487.51512,48829.49126,50395.5925,61.93
2024-01-22T05:00+01:00,-9250.295,13267.24243,50313.637,53797.8725,61.93
2024-01-22T06:00+01:00,-7971.505,14657.82657,51933.28506,60817.7175,61.93
2024-01-22T07:00+01:00,-6989.375,16084.40425,53585.75511,67578.56,61.93
2024-01-22T08:00+01:00,-7621.1075,17086.21865,54412.80017,71243.5125,61.93
2024-01-22T09:00+01:00,-7368.9975,17424.47697,55005.69001,71803.2675,61.93
2024-01-22T10:00+01:00,-5982.2675,17265.20811,55585.61019,72349.975,61.93
2024-01-22T11:00+01:00,-4664.51,16754.18128,56280.53322,72734.865,61.93
2024-01-22T12:00+01:00,-4447.58,15854.70112,56491.45503,72594.5825,61.93
2024-01-22T13:00+01:00,-4157.435,15785.28176,56335.0248,71972.2825,61.93
2024-01-22T14:00+01:00,-3932.3525,15597.23082,54479.94615,70649.7275,61.93
2024-01-22T15:00+01:00,-2038.055,15352.87451,52006.55871,70391.5575,61.93
2024-01-22T16:00+01:00,-2191.655,15623.19142,50876.26113,70771.39,61.93
2024-01-22T17:00+01:00,-3907.705,17008.63153,50306.88833,72757.445,61.93
2024-01-22T18:00+01:00,-6123.525,17260.95611,50245.67272,72240.0725,61.93
2024-01-22T19:00+01:00,-6865.33,17421.17826,50762.08574,70379,61.93
2024-01-22T20:00+01:00,-6366.345,16540.00229,50588.20716,66531.245,61.93
2024-01-22T21:00+01:00,-7863.515,15155.3279,50831.49208,63106.3375,61.93
2024-01-22T22:00+01:00,-8009.825,14092.4231,49851.89097,59723.0525,61.93
2024-01-22T23:00+01:00,-9490.42,13773.52331,49970.56392,56600.015,61.93
2024-01-23T00:00+01:00,-10230.4325,13333.82401,50037.6111,53889.12,61.93
2024-01-23T01:00+01:00,-11637.6775,14116.05712,49389.47039,51158.005,61.93
2024-01-23T02:00+01:00,-11867.975,14282.33532,49238.70412,50429.255,61.93
2024-01-23T03:00+01:00,-11641.3975,14132.57418,49619.73303,50709.7775,61.93
2024-01-23T04:00+01:00,-10941.0875,14449.13164,49826.89347,52021.9675,61.93
2024-01-23T05:00+01:00,-10196.4175,15399.35176,49437.389,55551.52,61.93
2024-01-23T06:00+01:00,-7095.895,17725.18595,49376.95455,62624.3875,61.93
2024-01-23T07:00+01:00,-5646.7675,19720.28367,48992.37619,68431.0375,61.93
2024-01-23T08:00+01:00,-4842.1025,20182.66463,48284.79503,70994.84,61.93
2024-01-23T09:00+01:00,-5451.3625,20241.56998,49622.50129,71660.2125,61.93
2024-01-23T10:00+01:00,-3873.555,19856.69504,52171.57081,71232.67,61.93
2024-01-23T11:00+01:00,-4745.145,19287.10873,54862.59892,71453.66,61.93
2024-01-23T12:00+01:00,-6816.3475,18810.66047,55202.14749,71139.455,61.93
2024-01-23T13:00+01:00,-5198.5275,18006.13883,53853.9553,70085.065,61.93
2024-01-23T14:00+01:00,-2477.995,17313.76716,51851.62549,69223.755,61.93
2024-01-23T15:00+01:00,-573.665,16994.44976,48768.38086,69517.11,61.93
2024-01-23T16:00+01:00,833.5425,17827.74615,46053.61178,69589.3525,61.93
2024-01-23T17:00+01:00,930.3775,17521.63285,45909.2101,71810.1725,61.93
2024-01-23T18:00+01:00,-1449.53,17594.57508,47711.33531,71685.6775,61.93
2024-01-23T19:00+01:00,-3179.015,16481.49303,50156.52017,70538.925,61.93
2024-01-23T20:00+01:00,-4903.81,15528.27388,51536.57075,66554.565,61.93
2024-01-23T21:00+01:00,-6605.7625,13923.64687,53167.44615,63188.5575,61.93
2024-01-23T22:00+01:00,-7575.25,13112.28978,52613.01029,59779.845,61.93
2024-01-23T23:00+01:00,-9889.1925,12680.25768,53736.68251,56745.645,61.93
2024-01-24T00:00+01:00,-11026.98,11686.65615,53762.17222,53353.955,61.93
2024-01-24T01:00+01:00,-12356.5125,11509.86128,53466.47438,51725.935,61.93
2024-01-24T02:00+01:00,-11709.1975,11645.08184,52042.60969,50816.8725,61.93
2024-01-24T03:00+01:00,-10791.945,11756.15705,51018.67504,50738.9975,61.93
2024-01-24T04:00+01:00,-9520.3175,11990.85111,50481.80444,51693.935,61.93
2024-01-24T05:00+01:00,-9991.025,12599.37861,52526.75928,54969.9825,61.93
2024-01-24T06:00+01:00,-9525.7175,14363.82595,54911.41369,60937.47,61.93
2024-01-24T07:00+01:00,-7673.8725,16013.90639,54998.07563,66754.555,61.93
2024-01-24T08:00+01:00,-5822.7175,16327.61537,55341.72966,69353.2925,61.93
2024-01-24T09:00+01:00,-7337.71,16177.22532,55374.71646,68811.9825,61.93
2024-01-24T10:00+01:00,-7211.0825,15701.53053,57751.49728,69180.06,61.93
2024-01-24T11:00+01:00,-6734.6925,14967.85425,60691.63706,70210.815,61.93
2024-01-24T12:00+01:00,-9282.7,15092.33025,61644.98558,69462.2525,61.93
2024-01-24T13:00+01:00,-9424.5175,15063.13137,61183.90882,68346.255,61.93
2024-01-24T14:00+01:00,-8814.855,14929.49392,60263.29847,67391.485,61.93
2024-01-24T15:00+01:00,-8711.5425,15129.76921,58288.4005,66776.7625,61.93
2024-01-24T16:00+01:00,-7730.7825,15195.58633,56373.88883,68042.7625,61.93
2024-01-24T17:00+01:00,-6450.01,16451.91737,55033.01946,70536.8375,61.93
2024-01-24T18:00+01:00,-7852.25,17610.89001,53565.30008,70025.32,61.93
2024-01-24T19:00+01:00,-8518.0375,18003.65607,53415.3164,68278.69,61.93
2024-01-24T20:00+01:00,-9093.905,16829.60263,52457.61439,64826.4525,61.93
2024-01-24T21:00+01:00,-9863.905,16044.76057,51642.85174,60700.4,61.93
2024-01-24T22:00+01:00,-9081.8625,14871.94163,50553.5338,57434.7575,61.93
2024-01-24T23:00+01:00,-10101.5325,14572.98168,49711.90017,54411.72,61.93
2024-01-25T00:00+01:00,-9439.39,14692.3567,49100.51959,51593.145,61.93
2024-01-25T01:00+01:00,-11383.635,14801.7938,48278.89756,48663.205,61.93
2024-01-25T02:00+01:00,-11191.51,14768.19563,47260.78602,47690.1875,61.93
2024-01-25T03:00+01:00,-9957.0075,14824.28225,46530.49255,48057.8575,61.93
2024-01-25T04:00+01:00,-8458.88,14814.31766,46100.08184,49519.705,61.93
2024-01-25T05:00+01:00,-6776.0725,16392.6725,45032.63674,53354.0425,61.93
2024-01-25T06:00+01:00,-4168.8575,19688.57072,43762.41124,61072.2825,61.93
2024-01-25T07:00+01:00,-2249.1625,23091.67412,41551.52116,67066.935,61.93
2024-01-25T08:00+01:00,-1596.8775,24921.71209,39971.06222,69082.71,61.93
2024-01-25T09:00+01:00,276.7425,23643.24296,41469.93904,69005.815,61.93
2024-01-25T10:00+01:00,230.83,22529.17251,43176.97247,68472.9275,61.93
2024-01-25T11:00+01:00,220.365,21344.35027,43091.6333,68971.365,61.93
2024-01-25T12:00+01:00,908.57,21391.49042,41627.54389,67263.38,61.93
2024-01-25T13:00+01:00,4709.2925,20854.06164,39032.91438,67226.5025,61.93
2024-01-25T14:00+01:00,4542.9975,22435.37105,34197.57858,66396.3025,61.93
2024-01-25T15:00+01:00,7892.4575,23591.45538,28178.36066,66065.045,61.93
2024-01-25T16:00+01:00,9883.0325,23550.36501,24181.05568,66330.1975,61.93
2024-01-25T17:00+01:00,10669.2075,23996.65756,23224.34628,68524.965,61.93
2024-01-25T18:00+01:00,9354.7825,24106.85862,23615.03214,68437.5575,61.93
2024-01-25T19:00+01:00,9875.055,23589.37113,23482.54305,66620.545,61.93
2024-01-25T20:00+01:00,8212.975,22747.57243,23608.43745,63031.035,61.93
2024-01-25T21:00+01:00,8368.085,21972.10642,23400.6349,59220.5275,61.93
2024-01-25T22:00+01:00,8445.6625,20757.47298,22895.97084,55999.5875,61.93
2024-01-25T23:00+01:00,8315.3775,19378.44774,22643.78218,52326.16,61.93
2024-01-26T00:00+01:00,9387.1425,16603.66042,22407.8394,48697.595,61.93
2024-01-26T01:00+01:00,7653.4875,15961.15914,23324.69442,47206.205,61.93
2024-01-26T02:00+01:00,7012.3725,15427.26822,24426.17156,46424.4525,61.93
2024-01-26T03:00+01:00,7608.73,15762.58253,26262.95303,47080.8575,61.93
2024-01-26T04:00+01:00,6921.885,15743.17362,28193.3532,48395.425,61.93
2024-01-26T05:00+01:00,6041.54,16242.90674,31064.95144,51923.5925,61.93
2024-01-26T06:00+01:00,5044.12,17515.54949,35332.3565,58401.1325,61.93
2024-01-26T07:00+01:00,3614.71,18721.60882,38870.60064,64590.3525,61.93
2024-01-26T08:00+01:00,-342.615,19460.40448,43533.02808,68269.48,61.93
2024-01-26T09:00+01:00,-3110.6125,19028.41142,47343.44259,68497.17,61.93
2024-01-26T10:00+01:00,-4577.92,18958.15872,50455.42351,68929.1,61.93
2024-01-26T11:00+01:00,-2946.1975,17081.46344,52692.91566,68886.1475,61.945
2024-01-26T12:00+01:00,-2433.8375,16107.90682,53381.7723,68997.8125,61.95
2024-01-26T13:00+01:00,-4294.7725,15929.40756,54220.59679,68027.8475,61.95
2024-01-26T14:00+01:00,-4814.07,16215.30796,55131.48562,67187.3625,61.95
2024-01-26T15:00+01:00,-6239.64,16765.432,54862.82417,65277.4325,61.95
2024-01-26T16:00+01:00,-5695.8825,16951.10624,53909.78778,65536.1125,61.95
2024-01-26T17:00+01:00,-6042.7125,18672.60724,53810.74485,68514.9275,61.95
2024-01-26T18:00+01:00,-6396.4275,19565.51733,51022.96928,67796.3175,61.95
2024-01-26T19:00+01:00,-6309.435,20314.02532,48928.42543,66183.895,61.95
2024-01-26T20:00+01:00,-6116.58,19791.77757,46739.83581,62393.75,61.95
2024-01-26T21:00+01:00,-6833.8775,19515.25296,44334.88184,58350.5825,61.95
2024-01-26T22:00+01:00,-5421.3575,18500.29956,42151.0757,55985.7375,61.95
2024-01-26T23:00+01:00,-4674.55,17443.98486,40891.89755,52882.8425,61.95
2024-01-27T00:00+01:00,-5591.9275,16249.25471,40206.39286,50869.365,61.95
2024-01-27T01:00+01:00,-4760.605,15520.18512,39880.81057,49632.465,61.95
2024-01-27T02:00+01:00,-5079.89,15005.55242,39608.71454,48935.4475,61.95
2024-01-27T03:00+01:00,-5003.535,14444.52731,38545.30136,48659.3775,61.95
2024-01-27T04:00+01:00,-4006.8,14443.5862,37393.80735,48475.3675,61.95
2024-01-27T05:00+01:00,-3738.315,15002.7872,36404.24573,48980.64,61.95
2024-01-27T06:00+01:00,-2973.63,15516.306,35763.41166,49631.315,61.95
2024-01-27T07:00+01:00,-1395.0075,16167.12608,34751.22835,52159.375,61.95
2024-01-27T08:00+01:00,-806.475,16715.11447,36064.10944,55249.675,61.95
2024-01-27T09:00+01:00,-1277.6775,15909.13483,40321.0943,57929.0475,61.95
2024-01-27T10:00+01:00,-2353.7075,14263.2742,44609.22594,58082.785,61.95
2024-01-27T11:00+01:00,-5505.805,13590.93308,48128.45953,58106.94,61.95
2024-01-27T12:00+01:00,-5614.66,13122.25115,49335.64624,56446.94,61.95
2024-01-27T13:00+01:00,-4965.255,12855.65801,46875.508,54353.775,61.95
2024-01-27T14:00+01:00,-4160.2175,13691.80212,41530.4608,52682.0825,61.95
2024-01-27T15:00+01:00,410.7725,15779.42422,32747.19462,52520.4125,61.95
2024-01-27T16:00+01:00,3827.0325,18286.76508,24753.50498,54015.3275,61.95
2024-01-27T17:00+01:00,8262.1025,19316.72088,23288.52947,58005.805,61.95
2024-01-27T18:00+01:00,6940.85,19470.74598,25071.97728,59447.895,61.95
2024-01-27T19:00+01:00,5037.335,19182.72412,26789.78072,58267.9025,61.95
2024-01-27T20:00+01:00,1654.7225,18767.17232,26822.0639,54931.06,61.95
2024-01-27T21:00+01:00,1718.4325,17834.47378,26427.89264,52515.26,61.95
2024-01-27T22:00+01:00,3730.3625,16536.93991,26521.50064,51318.38,61.95
2024-01-27T23:00+01:00,4394.5275,15238.31818,25798.53454,48567.515,61.95
2024-01-28T00:00+01:00,5850.7675,14126.17538,23750.57976,44128.0575,61.95
2024-01-28T01:00+01:00,6922.075,13338.28051,22285.69004,42268.7325,61.95
2024-01-28T02:00+01:00,7885.915,13011.43514,21793.19266,41486.8825,61.95
2024-01-28T03:00+01:00,8767.0575,13288.36726,21291.53172,41010.16,61.95
2024-01-28T04:00+01:00,8576.4375,12975.62355,21141.0013,40709.3125,61.95
2024-01-28T05:00+01:00,7882.2925,13092.36123,21540.70748,40518.07,61.95
2024-01-28T06:00+01:00,6949.175,12987.83255,22471.48407,40223.6025,61.95
2024-01-28T07:00+01:00,5637.955,13182.37315,23959.77822,42286.8,61.95
2024-01-28T08:00+01:00,5293.655,12933.76699,28109.61118,45142.82,61.95
2024-01-28T09:00+01:00,2369.98,12719.14961,36010.01377,48064.0625,61.95
2024-01-28T10:00+01:00,-4288.3525,12268.38375,43539.02099,50263.625,61.95
2024-01-28T11:00+01:00,-5369.325,11834.48874,46714.98532,51907.2475,61.95
2024-01-28T12:00+01:00,-3386.55,11665.9488,45709.22576,50703.5125,61.95
2024-01-28T13:00+01:00,-2073.5475,11539.32837,42220.50409,48252.825,61.95
2024-01-28T14:00+01:00,-1409.93,12180.87986,37937.34176,46424.775,61.95
2024-01-28T15:00+01:00,3512.2275,13575.59143,32110.07251,45873.5825,61.95
2024-01-28T16:00+01:00,3017.07,16588.50825,29545.74083,48224.6825,61.95
2024-01-28T17:00+01:00,337.745,17856.30117,33790.15045,53743.1725,61.95
2024-01-28T18:00+01:00,-2067.31,17439.32843,38283.89349,56321.58,61.95
2024-01-28T19:00+01:00,-2554.0125,16680.85447,40315.40001,55357.1775,61.95
2024-01-28T20:00+01:00,-3102.245,16299.0289,40238.47445,53214.12,61.95
2024-01-28T21:00+01:00,-2745.9175,15704.21988,39770.33958,51758.79,61.95
2024-01-28T22:00+01:00,-2922.3025,15502.39435,39223.38209,51185.1275,61.95
2024-01-28T23:00+01:00,-3702.5,15296.00971,38947.6119,49110.2825,61.95
2024-01-29T00:00+01:00,-4861.035,14922.1704,39006.78608,47063.0025,61.95
2024-01-29T01:00+01:00,-5210.7675,14770.81509,38025.03062,45384.1475,61.95
2024-01-29T02:00+01:00,-4259.685,14848.70104,36511.42792,44834.19,61.95
2024-01-29T03:00+01:00,-3462.325,14685.17442,35008.47464,45522.43,61.95
2024-01-29T04:00+01:00,-3214.5825,15463.52369,33137.67885,46626.0725,61.95
2024-01-29T05:00+01:00,-1394.8575,18487.57046,32669.91885,50421.285,61.95
2024-01-29T06:00+01:00,643.93,22532.73231,32924.1242,58887.19,61.95
2024-01-29T07:00+01:00,2434.4625,24384.58791,32960.87282,65059.29,61.95
2024-01-29T08:00+01:00,1454.7825,24988.03334,34174.63644,67285.345,61.95
2024-01-29T09:00+01:00,-572.895,24714.28252,37939.63834,67049.0775,61.95
2024-01-29T10:00+01:00,-2422.615,23355.62748,41445.56367,66342.9,61.95
2024-01-29T11:00+01:00,-707.87,22164.868,41136.44363,65150.68,61.95
2024-01-29T12:00+01:00,2022.7,21405.53312,38821.38866,62992.515,61.95
2024-01-29T13:00+01:00,3059.6675,22276.50767,34477.7667,61286.955,61.95
2024-01-29T14:00+01:00,5170.4,23842.53448,28575.5041,60680.97,61.95
2024-01-29T15:00+01:00,6625.3375,26928.17053,21625.09446,60526.06,61.95
2024-01-29T16:00+01:00,7904.9825,28269.93599,17669.02525,61656.235,61.95
2024-01-29T17:00+01:00,9420.115,28918.79809,18864.11952,65113.7775,61.95
2024-01-29T18:00+01:00,7852.105,29278.85454,20882.14302,66208.325,61.95
2024-01-29T19:00+01:00,6708.3125,28694.30361,22047.58455,64994.185,61.95
2024-01-29T20:00+01:00,6440.47,27086.35786,22794.34137,61573.25,61.95
2024-01-29T21:00+01:00,7322.725,24764.16416,22547.27441,58034.4875,61.95
2024-01-29T22:00+01:00,6137.97,23143.49015,22166.18449,54335.4475,61.95
2024-01-29T23:00+01:00,6925.575,20158.33758,21887.18137,50368.825,61.95
2024-01-30T00:00+01:00,6550.27,18435.27244,21538.36543,47624.8975,61.95
2024-01-30T01:00+01:00,6808.8725,17513.25033,21666.42766,45789.99,61.95
2024-01-30T02:00+01:00,7635.6475,17343.92495,22649.67658,45656.0175,61.95
2024-01-30T03:00+01:00,7380.455,17461.75932,23592.7914,45991.9075,61.95
2024-01-30T04:00+01:00,7709.7975,17971.80009,24483.96957,47648.235,61.95
2024-01-30T05:00+01:00,6845.005,19525.50466,25304.69327,50650.9575,61.95
2024-01-30T06:00+01:00,7150.3375,23185.10213,26770.8776,58273.0575,61.95
2024-01-30T07:00+01:00,6867.195,24891.27879,28339.45653,64197.38,61.95
2024-01-30T08:00+01:00,5501.9625,25128.23227,31431.87973,66302.495,61.95
2024-01-30T09:00+01:00,3168.9225,24633.88151,36749.81005,66678.8125,61.95
2024-01-30T10:00+01:00,749.94,22486.80024,40244.53945,66636.0525,61.95
2024-01-30T11:00+01:00,2206.18,21098.5755,40950.15108,66443.435,61.95
2024-01-30T12:00+01:00,4748.0525,20644.75169,39554.78075,65704.76,61.95
2024-01-30T13:00+01:00,6275.235,20898.66019,38096.6217,65653.9325,61.95
2024-01-30T14:00+01:00,6251.245,22083.06994,35905.64844,65850.12,61.95
2024-01-30T15:00+01:00,4990.3975,23852.19715,34454.20084,65168.51,61.95
2024-01-30T16:00+01:00,3822.4175,24761.27425,33667.38809,65418.0425,61.95
2024-01-30T17:00+01:00,2913.9575,25401.64465,35635.57212,68677.63,61.95
2024-01-30T18:00+01:00,-717.22,25836.30148,37100.52986,69706.0225,61.95
2024-01-30T19:00+01:00,-2899.9975,25890.24525,37716.93405,68141.22,61.95
2024-01-30T20:00+01:00,-2573.745,24911.38261,37666.05079,64970.5325,61.95
2024-01-30T21:00+01:00,-3435.29,23880.98204,36431.6092,61569.62,61.95
2024-01-30T22:00+01:00,-3370.8775,22212.25858,35839.37594,58304.175,61.95
2024-01-30T23:00+01:00,-3904.275,20992.01974,35498.43182,54894.07,61.95
2024-01-31T00:00+01:00,-3725.16,20415.99417,33747.11719,52219.285,61.95
2024-01-31T01:00+01:00,-3061.7375,19892.76755,32978.56051,50788.21,61.95
2024-01-31T02:00+01:00,-2077.8425,19300.86551,32017.21911,50016.1925,61.95
2024-01-31T03:00+01:00,-142.1125,18954.25888,29701.72589,50068.5725,61.95
2024-01-31T04:00+01:00,1504.005,19582.33449,28120.10109,51242.43,61.95
2024-01-31T05:00+01:00,2521.1275,20990.54997,26126.21932,54166.94,61.95
2024-01-31T06:00+01:00,6436.99,23577.46793,25409.43872,61610.5275,61.95
2024-01-31T07:00+01:00,7483.425,25364.58429,24309.6483,67025.8875,61.95
2024-01-31T08:00+01:00,8878.1575,25890.25411,24626.99381,69523.01,61.95
2024-01-31T09:00+01:00,10166.3375,25337.21867,27005.50392,70190.8825,61.95
2024-01-31T10:00+01:00,9241.39,25072.94999,30275.63038,70843.5125,61.95
2024-01-31T11:00+01:00,8345.26,23891.25982,34407.19644,71660.215,61.95
2024-01-31T12:00+01:00,5595.7775,22785.35214,36364.76915,71307.07,61.95
2024-01-31T13:00+01:00,5051.215,22475.49125,36336.94327,69033.2975,61.95
2024-01-31T14:00+01:00,5389.4725,21983.9835,36709.30168,67815.2075,61.95
2024-01-31T15:00+01:00,4881.15,22010.98426,36218.83594,67052.35,61.95
2024-01-31T16:00+01:00,4968.59,22572.66351,35490.16035,67317.19,61.95
2024-01-31T17:00+01:00,4570.755,23198.10025,37265.95542,70584.615,61.95
2024-01-31T18:00+01:00,-250.7625,23419.19822,40811.31176,71019,61.95
2024-01-31T19:00+01:00,-2242.105,22455.34447,43102.95084,69535.695,61.95
2024-01-31T20:00+01:00,-5268.6,21758.94329,44006.21267,65380.8225,61.95
2024-01-31T21:00+01:00,-5253.6225,20605.06478,45656.18518,61900.31,61.95
2024-01-31T22:00+01:00,-5603.1125,17889.72891,46845.47612,58962.2975,61.95
2024-01-31T23:00+01:00,-7150.1375,16710.10475,46754.53843,55723.795,61.95
2024-02-01T00:00+01:00,-8095.3775,15250.01743,46995.24725,53270.1375,61.95
2024-02-01T01:00+01:00,-10375.0675,14846.89882,46600.39554,51257.68,61.95
2024-02-01T02:00+01:00,-8577.3575,14389.29777,45806.20998,49896.5425,61.95
2024-02-01T03:00+01:00,-6325.48,14297.779,44734.44128,50252.59,61.95
2024-02-01T04:00+01:00,-4977.585,14613.60123,43983.65305,51687.705,61.95
2024-02-01T05:00+01:00,-3617.655,16099.86196,43045.79134,55062.5625,61.95
2024-02-01T06:00+01:00,-2346.8425,18852.16038,42617.19606,61394.665,61.95
2024-02-01T07:00+01:00,-2358.1925,21514.92614,42014.33055,66685.315,61.95
2024-02-01T08:00+01:00,-2390.8075,22476.70043,40845.96623,69709.965,61.95
2024-02-01T09:00+01:00,-926.5425,22506.31018,40221.93925,70071.0325,61.95
2024-02-01T10:00+01:00,-1953.7275,22741.43503,43639.30452,70667.9725,61.95
2024-02-01T11:00+01:00,-2371.645,21744.16145,47202.05517,69967.1475,61.95
2024-02-01T12:00+01:00,-3780.3475,21014.95334,48709.40997,68668.4575,61.95
2024-02-01T13:00+01:00,-4128.175,21155.71165,48343.01762,67412.24,61.95
2024-02-01T14:00+01:00,-2877.8525,21164.3311,46327.47758,66664.4875,61.95
2024-02-01T15:00+01:00,-1132.665,20980.74084,41972.43026,66528.415,61.95
2024-02-01T16:00+01:00,-568.49,22149.62608,37401.51335,66410.3875,61.95
2024-02-01T17:00+01:00,2369.8075,22774.47628,35392.97572,69554.0425,61.95
2024-02-01T18:00+01:00,2795.9775,23058.63634,36028.44614,70744.52,61.95
2024-02-01T19:00+01:00,1966.5225,22314.83492,35607.69266,69337.995,61.95
2024-02-01T20:00+01:00,1154.265,21407.41408,35071.07429,65687.1775,61.95
2024-02-01T21:00+01:00,1385.065,20465.74313,34359.33313,62316.4375,61.95
2024-02-01T22:00+01:00,906.5,19259.90164,34128.3719,59137.75,61.95
2024-02-01T23:00+01:00,879.55,17429.06569,34370.03534,55185.15,61.95
2024-02-02T00:00+01:00,1111.415,15211.56205,33626.53366,52112.6175,61.95
2024-02-02T01:00+01:00,1250.285,14229.84482,32871.33053,49849.3275,61.95
2024-02-02T02:00+01:00,2350.0625,14195.00174,32926.86018,49671.14,61.95
2024-02-02T03:00+01:00,3960.85,14127.35883,33119.90679,50116.1,61.95
2024-02-02T04:00+01:00,3821.0325,14296.86877,33871.9325,51523.0625,61.95
2024-02-02T05:00+01:00,4522.7125,15008.76381,35286.88893,54338.745,61.95
2024-02-02T06:00+01:00,2923.75,17310.16308,37534.16204,60913.4475,61.95
2024-02-02T07:00+01:00,1133.9725,19438.30342,40376.1388,67215.7825,61.95
2024-02-02T08:00+01:00,-1149.21,20080.136,42868.32828,69717.715,61.95
2024-02-02T09:00+01:00,-2962.6125,20187.36447,45682.18917,70122.6675,61.95
2024-02-02T10:00+01:00,-3790.8825,19068.32907,48732.96557,70407.0075,61.95
2024-02-02T11:00+01:00,-2934.275,17656.11258,52035.95996,70974.3075,61.1775
2024-02-02T12:00+01:00,-4668.865,16728.14376,54125.58284,69795.4175,60.92
2024-02-02T13:00+01:00,-5641.89,15745.99523,55211.53571,67404.1425,60.92
2024-02-02T14:00+01:00,-6353.0625,15064.87574,54655.85574,65758.665,60.92
2024-02-02T15:00+01:00,-4458.4375,14914.30605,52511.84044,65603.3075,60.92
2024-02-02T16:00+01:00,-3041.1775,15779.3339,49544.9133,65627.68,60.92
2024-02-02T17:00+01:00,-3874.7825,16837.16607,50516.00662,68163.41,60.92
2024-02-02T18:00+01:00,-5948.58,17537.45742,51303.68661,68633.415,60.92
2024-02-02T19:00+01:00,-7362.2825,17581.89989,51342.52175,66802.34,60.92
2024-02-02T20:00+01:00,-8326.38,17264.37604,50433.36796,61999.085,60.92
2024-02-02T21:00+01:00,-9777.185,15858.05007,50263.6753,58808.7925,60.92
2024-02-02T22:00+01:00,-10268.7725,14917.79068,48941.31941,56053.9025,60.92
2024-02-02T23:00+01:00,-12021.0375,14562.83113,48804.1567,52506.4625,60.92
2024-02-03T00:00+01:00,-12263.0575,12864.24968,49869.3941,50444.1675,60.92
2024-02-03T01:00+01:00,-12320.93,12412.18954,50041.77738,48879.4375,60.92
2024-02-03T02:00+01:00,-12895.245,12511.13278,49625.94202,47669.2325,60.92
2024-02-03T03:00+01:00,-12528,12412.51196,49456.23501,47473.28,60.92
2024-02-03T04:00+01:00,-10846.1225,12454.8809,48512.27911,47722.7025,60.92
2024-02-03T05:00+01:00,-10483.1325,12529.67348,47509.87594,48329.22,60.92
2024-02-03T06:00+01:00,-11283.66,12637.11374,47661.38802,49242.1275,60.92
2024-02-03T07:00+01:00,-11385.39,12426.39868,46822.97414,50913.8525,60.92
2024-02-03T08:00+01:00,-9560.925,12919.38724,47145.91848,54560.405,60.92
2024-02-03T09:00+01:00,-10181.615,12847.68338,49544.62791,57324.745,60.92
2024-02-03T10:00+01:00,-9916.405,12112.90709,53893.3365,58980.6775,60.92
2024-02-03T11:00+01:00,-9972.0575,11853.06203,56102.22269,59672.7375,60.92
2024-02-03T12:00+01:00,-9931.65,11235.15871,56536.58676,59284.035,60.92
2024-02-03T13:00+01:00,-9733.275,10983.78576,55932.59747,58109.415,60.92
2024-02-03T14:00+01:00,-9427.75,10656.38615,53576.79785,56379.5675,60.92
2024-02-03T15:00+01:00,-7823.9875,10874.14467,50031.66463,55662.055,60.92
2024-02-03T16:00+01:00,-6561.6525,11600.34464,46614.54115,56442.735,60.92
2024-02-03T17:00+01:00,-4892.4425,12625.92418,45281.20955,59564.085,60.92
2024-02-03T18:00+01:00,-5226.8125,13462.64772,44305.49203,60771.855,60.92
2024-02-03T19:00+01:00,-6968.3375,13999.40127,44874.3168,58944.8525,60.92
2024-02-03T20:00+01:00,-7695.2075,12809.24458,44474.03577,55095.5675,60.92
2024-02-03T21:00+01:00,-7909.065,11766.44451,45073.0631,52993.7125,60.92
2024-02-03T22:00+01:00,-8622.8075,11202.8096,44653.24452,51355.015,60.92
2024-02-03T23:00+01:00,-10292.8175,11120.87975,44602.88875,48798.645,60.92
2024-02-04T00:00+01:00,-11036.7975,10920.07463,44298.29333,46402.1325,60.92
2024-02-04T01:00+01:00,-12455.3375,10618.10884,45251.2658,44500.8725,60.92
2024-02-04T02:00+01:00,-13198.78,10720.14397,45698.64821,43741.84,60.92
2024-02-04T03:00+01:00,-12401.625,10655.06132,45288.98637,43406.455,60.92
2024-02-04T04:00+01:00,-10545.8925,10772.53632,44713.05218,43335.9325,60.92
2024-02-04T05:00+01:00,-9621.5375,10976.51025,44475.72958,43562.705,60.92
2024-02-04T06:00+01:00,-10932.28,10865.07604,45993.90398,44523.1225,60.92
2024-02-04T07:00+01:00,-12136.815,10877.79031,48443.78286,45971.6625,60.92
2024-02-04T08:00+01:00,-12725.7975,10776.59677,51012.67626,48524.375,60.92
2024-02-04T09:00+01:00,-15065.2825,10709.4152,54659.03838,52001.2675,60.92
2024-02-04T10:00+01:00,-14865.6025,10743.75518,57167.15331,54806.3825,60.92
2024-02-04T11:00+01:00,-14650.5875,10682.22256,58215.0433,56182.45,60.92
2024-02-04T12:00+01:00,-14264.265,10823.79189,59109.0704,56318.0625,60.92
2024-02-04T13:00+01:00,-14272.3825,10824.71073,58302.56891,55538.52,60.92
2024-02-04T14:00+01:00,-13644.1075,10851.00481,56799.92477,54392.905,60.92
2024-02-04T15:00+01:00,-12522.1675,10932.68943,55251.71828,54064.4525,60.92
2024-02-04T16:00+01:00,-12628.3175,10902.79027,53522.92897,54678.8125,60.92
2024-02-04T17:00+01:00,-11063.625,11036.35821,52831.79647,57781.38,60.92
2024-02-04T18:00+01:00,-12026.4675,11283.14287,52853.46751,59517.945,60.92
2024-02-04T19:00+01:00,-12602.6,11352.99068,52665.85395,57913.38,60.92
2024-02-04T20:00+01:00,-13591.79,11017.39846,53251.94747,55342.81,60.92
2024-02-04T21:00+01:00,-14545.19,11239.61814,52989.92741,53508.37,60.92
2024-02-04T22:00+01:00,-14371.435,11234.42979,52232.52403,52303.21,60.92
2024-02-04T23:00+01:00,-15360.235,11483.65355,51937.45865,49356.0475,60.92
2024-02-05T00:00+01:00,-14809.4175,11358.34735,50829.57461,46893.3375,60.92
2024-02-05T01:00+01:00,-15698.73,11237.01742,50726.85765,45870.43,60.92
2024-02-05T02:00+01:00,-14763.54,11226.33186,49546.63659,45546.5675,60.92
2024-02-05T03:00+01:00,-14702.865,11318.73887,49625.63591,45832.435,60.92
2024-02-05T04:00+01:00,-14406.47,11370.28638,50411.92568,47234.4125,60.92
2024-02-05T05:00+01:00,-14880.9,12060.72859,52939.66153,51287.8475,60.92
2024-02-05T06:00+01:00,-10866.9675,13161.83607,53585.08196,59213.2,60.92
2024-02-05T07:00+01:00,-9620.3325,14805.16071,54059.83191,64530.8,60.92
2024-02-05T08:00+01:00,-10353.9325,15674.24584,54548.65131,67107.18,60.92
2024-02-05T09:00+01:00,-12208.205,15033.49224,57854.29408,67373.9,60.92
2024-02-05T10:00+01:00,-13351.49,14577.82459,61915.28941,67637.475,60.92
2024-02-05T11:00+01:00,-15292.3225,14032.51032,66552.63368,68226.695,60.92
2024-02-05T12:00+01:00,-15750.84,13470.12675,70425.40034,68234.9125,60.92
2024-02-05T13:00+01:00,-16192.25,13165.07457,71096.04546,68119.795,60.92
2024-02-05T14:00+01:00,-15973.8475,13369.63642,68629.36418,66115.675,60.92
2024-02-05T15:00+01:00,-14218.9275,13822.98118,62978.40007,64428.3925,60.92
2024-02-05T16:00+01:00,-12534.1675,15141.59119,56236.52236,64367.6525,60.92
2024-02-05T17:00+01:00,-10766.005,16305.35975,53549.97464,66799.5075,60.92
2024-02-05T18:00+01:00,-10765.85,16847.8178,53828.50437,68204.6825,60.92
2024-02-05T19:00+01:00,-11521.7075,16541.78867,54287.01916,66598.7675,60.92
2024-02-05T20:00+01:00,-12159.4175,15579.78014,54170.97491,63358.855,60.92
2024-02-05T21:00+01:00,-13217.36,14352.92315,54392.67181,60211.5575,60.92
2024-02-05T22:00+01:00,-12783.21,13791.06779,53683.71735,57844.485,60.92
2024-02-05T23:00+01:00,-13300.49,13470.14175,53165.67831,54688.265,60.92
2024-02-06T00:00+01:00,-15123.74,12328.65343,53594.1884,50916.055,60.92
2024-02-06T01:00+01:00,-15186.6475,11888.71365,53939.59919,49680.865,60.92
2024-02-06T02:00+01:00,-15641.455,11758.65328,53569.74683,49225.7225,60.92
2024-02-06T03:00+01:00,-14259.25,11713.09277,53616.8796,50136.2775,60.92
2024-02-06T04:00+01:00,-12224.6125,11932.16819,53045.34511,51582.325,60.92
2024-02-06T05:00+01:00,-11412.93,12797.30599,52776.95395,54400.1575,60.92
2024-02-06T06:00+01:00,-9922.2575,14718.91715,52718.03583,61175.7325,60.92
2024-02-06T07:00+01:00,-11536.7625,16407.47363,53723.19019,66017.9975,60.92
2024-02-06T08:00+01:00,-11820.225,16704.67301,55462.38821,68546.2375,60.92
2024-02-06T09:00+01:00,-12097.61,16048.78434,58947.54996,68933.0525,60.92
2024-02-06T10:00+01:00,-12765.0225,15401.95976,61550.19459,69320.5775,60.92
2024-02-06T11:00+01:00,-13129.4925,14831.43674,63025.92476,69038.815,60.92
2024-02-06T12:00+01:00,-12520.7925,14174.99091,64071.0287,69099.6975,60.92
2024-02-06T13:00+01:00,-12203.095,13760.91274,64002.08521,68418.9825,60.92
2024-02-06T14:00+01:00,-11049.565,13609.75139,62655.56859,67575.355,60.92
2024-02-06T15:00+01:00,-9850.57,13343.16592,61596.46027,67241.9975,60.92
2024-02-06T16:00+01:00,-10082.405,13819.24002,59696.46679,66937.9275,60.92
2024-02-06T17:00+01:00,-10655.5775,15316.60316,58617.65784,68920.055,60.92
2024-02-06T18:00+01:00,-10731.9275,16247.00401,58147.25521,69693.1575,60.92
2024-02-06T19:00+01:00,-10406.4475,15833.36547,57688.00584,67973.9625,60.92
2024-02-06T20:00+01:00,-10560.9075,14398.29043,57455.00777,64060.81,60.92
2024-02-06T21:00+01:00,-10942.4725,12414.61766,58023.68873,61153.095,60.92
2024-02-06T22:00+01:00,-12177.6325,11803.09905,56907.43455,58347.9175,60.92
2024-02-06T23:00+01:00,-13027.735,11621.75873,55744.52139,54901.825,60.92
2024-02-07T00:00+01:00,-12173.4375,11039.66688,54073.13799,52669.935,60.92
2024-02-07T01:00+01:00,-12596.435,10605.31333,52078.2901,50743.545,60.92
2024-02-07T02:00+01:00,-13691.2825,10590.22551,51104.89902,49708.225,60.92
2024-02-07T03:00+01:00,-11225.5825,10640.44666,48978.95768,49493.5375,60.92
2024-02-07T04:00+01:00,-9744.8775,11235.60707,47198.14857,51017.8875,60.92
2024-02-07T05:00+01:00,-9931.1625,13192.95168,47606.26938,54647.53,60.92
2024-02-07T06:00+01:00,-6476.13,17259.40581,45482.17067,62046.715,60.92
2024-02-07T07:00+01:00,-2943.09,20204.11067,43142.91296,68148.63,60.92
2024-02-07T08:00+01:00,-2043.55,22296.48846,41050.37407,70055.2025,60.92
2024-02-07T09:00+01:00,-1914.515,24180.17255,39310.55763,69441.66,60.92
2024-02-07T10:00+01:00,-348.9925,24971.79843,38726.28398,69728.235,60.92
2024-02-07T11:00+01:00,1651.4625,24915.0675,38583.37052,70419.0525,60.92
2024-02-07T12:00+01:00,2439.4325,25114.3911,36881.60046,69701.495,60.92
2024-02-07T13:00+01:00,3903.605,26126.12678,33503.02326,68299.9225,60.92
2024-02-07T14:00+01:00,3416.8625,28135.87469,29116.07965,67046.8525,60.92
2024-02-07T15:00+01:00,4425.48,30059.36705,24162.08039,66329.2175,60.92
2024-02-07T16:00+01:00,4588.625,31711.81752,20202.98196,65846.5,60.92
2024-02-07T17:00+01:00,5716.465,32508.59544,18136.9093,68270.1575,60.92
2024-02-07T18:00+01:00,5620.045,32801.91081,17836.22284,68682.3975,60.92
2024-02-07T19:00+01:00,6664.715,32165.06695,18338.688,67514.7325,60.92
2024-02-07T20:00+01:00,5626.565,31967.43249,19307.12862,64466.4875,60.92
2024-02-07T21:00+01:00,4452.075,29973.92589,20408.38792,61039.415,60.92
2024-02-07T22:00+01:00,2752.715,28274.31284,20624.20467,57428.4575,60.92
2024-02-07T23:00+01:00,2542.3025,26613.93601,19609.65011,53402.9825,60.92
2024-02-08T00:00+01:00,2624.695,25807.99007,18485.21245,50451.2375,60.92
2024-02-08T01:00+01:00,3244.6975,25354.17212,17197.79359,48998.215,60.92
2024-02-08T02:00+01:00,4452.7475,25343.02617,16942.95182,48693.6475,60.92
2024-02-08T03:00+01:00,4730.205,25774.05186,16763.45449,49412.1725,60.92
2024-02-08T04:00+01:00,3971.1425,26613.2895,16494.73495,50985.0925,60.92
2024-02-08T05:00+01:00,3517.1625,28890.86722,15996.37477,53730.2925,60.92
2024-02-08T06:00+01:00,6007.805,31773.64501,15178.76411,60371.4725,60.92
2024-02-08T07:00+01:00,7039.32,33806.8381,14566.72788,65872.8275,60.92
2024-02-08T08:00+01:00,7694.4775,34309.59922,14471.46114,68104.825,60.92
2024-02-08T09:00+01:00,7354.56,34115.58407,16313.93943,68626.85,60.92
2024-02-08T10:00+01:00,7791.9075,33465.96945,18733.39025,68702.3775,60.92
2024-02-08T11:00+01:00,7805.78,33298.18967,20793.41409,69204.7775,60.92
2024-02-08T12:00+01:00,7468.2425,33278.39406,21014.40519,68976.5875,60.92
2024-02-08T13:00+01:00,6791.715,33476.49237,20435.90556,67778.1775,60.92
2024-02-08T14:00+01:00,7353.3975,33578.58731,19279.55866,66257.9675,60.92
2024-02-08T15:00+01:00,6237.315,33681.04453,19037.29174,65067.35,60.92
2024-02-08T16:00+01:00,4481.2775,33766.25282,19877.33754,64618.5225,60.92
2024-02-08T17:00+01:00,3427.395,34108.86932,21546.00094,67135.1,60.92
2024-02-08T18:00+01:00,3010.7525,33944.40556,23455.96642,67892.0125,60.92
2024-02-08T19:00+01:00,3044.9775,32039.71294,24956.90978,66355.77,60.92
2024-02-08T20:00+01:00,842.4825,29225.73576,26430.45571,62643.6175,60.92
2024-02-08T21:00+01:00,509.665,26431.97603,27285.70745,59107.655,60.92
2024-02-08T22:00+01:00,907.6625,22334.2668,27928.08174,55960.1675,60.92
2024-02-08T23:00+01:00,2107.6125,18948.00516,29010.1441,51825.5975,60.92
2024-02-09T00:00+01:00,76.0025,17776.42348,29566.87457,47981.58,60.92
2024-02-09T01:00+01:00,-771.3225,17820.67272,31144.43823,47154.33,60.92
2024-02-09T02:00+01:00,-2402.765,17191.66517,33395.5899,47273.0975,60.92
2024-02-09T03:00+01:00,-2605.06,15984.14291,35454.89566,48694.9975,60.92
2024-02-09T04:00+01:00,-3193.205,16213.74312,37120.79466,50448.02,60.92
2024-02-09T05:00+01:00,-2277.9275,17150.59918,38435.46949,53564,60.92
2024-02-09T06:00+01:00,-1439.61,19166.83991,40981.76478,60024.0425,60.92
2024-02-09T07:00+01:00,-2197.3175,21658.79766,41522.57447,66455.7175,60.92
2024-02-09T08:00+01:00,-2200.555,22242.56557,43396.04306,69203.4175,60.92
2024-02-09T09:00+01:00,-2417.3175,21695.79685,45250.30461,69597.3375,60.92
2024-02-09T10:00+01:00,-1682.7275,20568.66315,45890.01306,69855.895,60.92
2024-02-09T11:00+01:00,-1269.9075,19684.19355,46492.1613,69834.51,58.16
2024-02-09T12:00+01:00,-1234.315,19831.06144,46100.17279,69016.2325,57.24
2024-02-09T13:00+01:00,-137.78,20399.58546,42591.51072,67547.975,57.24
2024-02-09T14:00+01:00,685.09,21394.98036,38807.01704,65228.8725,57.24
2024-02-09T15:00+01:00,2151.9525,22541.7457,34142.98459,64409.84,57.24
2024-02-09T16:00+01:00,3428.74,23366.88175,30276.96526,63947.4425,57.24
2024-02-09T17:00+01:00,5327.5025,23504.4869,29279.02581,65558.145,57.24
2024-02-09T18:00+01:00,6502.2275,23561.43259,29292.60304,66593.235,57.24
2024-02-09T19:00+01:00,4871.355,23362.71758,28799.017,64465.5775,57.24
2024-02-09T20:00+01:00,4951.5875,22075.2139,28603.28889,60833.08,57.24
2024-02-09T21:00+01:00,4747.215,20578.22033,27613.84337,57474.035,57.24
2024-02-09T22:00+01:00,4856.6325,19644.10145,26076.78736,54141.445,57.24
2024-02-09T23:00+01:00,5750.5075,17917.94257,24460.60389,50905.3375,57.24
2024-02-10T00:00+01:00,4641.5125,17072.48902,23315.34699,47922.26,57.24
2024-02-10T01:00+01:00,4706.945,17357.50577,21669.31402,45278.6675,57.24
2024-02-10T02:00+01:00,4859.805,16988.29501,20360.61131,44658.98,57.24
2024-02-10T03:00+01:00,6574.1175,16889.36825,19139.11852,44568.945,57.24
2024-02-10T04:00+01:00,7200.2875,16795.76595,17999.63578,44039.3925,57.24
2024-02-10T05:00+01:00,6100.5475,17967.16844,17372.41482,44411.5075,57.24
2024-02-10T06:00+01:00,6294.4675,18797.19067,17606.35718,45794.1,57.24
2024-02-10T07:00+01:00,6138.52,19504.13496,17715.98995,48236.5325,57.24
2024-02-10T08:00+01:00,7114.9925,20158.16194,19688.18084,51612.2025,57.24
2024-02-10T09:00+01:00,6827.9475,21294.31009,23078.64184,54201.4325,57.24
2024-02-10T10:00+01:00,4062.5025,21838.40408,24952.52198,56100.53,57.24
2024-02-10T11:00+01:00,3801.9375,21884.17049,26452.19829,57173.555,57.24
2024-02-10T12:00+01:00,5440.035,21291.0072,26444.63179,56468.3225,57.24
2024-02-10T13:00+01:00,3476.79,21400.08944,25944.44179,54217.1825,57.24
2024-02-10T14:00+01:00,3585.8375,21045.66309,24892.75465,52489.5675,57.24
2024-02-10T15:00+01:00,4107.755,21107.37884,22407.86384,51814.105,57.24
2024-02-10T16:00+01:00,4895.4975,21191.0144,21149.89806,52827.665,57.24
2024-02-10T17:00+01:00,5367.885,21168.92317,23092.24074,55832.0575,57.24
2024-02-10T18:00+01:00,3257.765,21184.19535,26113.26965,57901.9025,57.24
2024-02-10T19:00+01:00,2198.005,20543.00569,27299.97157,56489.6375,57.24
2024-02-10T20:00+01:00,2392.285,18846.66646,27263.3102,53187.37,57.24
2024-02-10T21:00+01:00,2758.7175,17283.61755,27388.60137,51007.39,57.24
2024-02-10T22:00+01:00,2545.1725,16445.04439,27314.83169,49304.1375,57.24
2024-02-10T23:00+01:00,1952.105,15379.2056,27009.27125,46276.9625,57.24
2024-02-11T00:00+01:00,1537.145,14590.38525,27221.29191,43257.8,57.24
2024-02-11T01:00+01:00,936.0475,13270.10009,27503.39936,41399.5275,57.24
2024-02-11T02:00+01:00,468.2975,12985.15572,28651.90196,41190.325,57.24
2024-02-11T03:00+01:00,678.01,12415.27113,29187.67887,40846.3075,57.24
2024-02-11T04:00+01:00,291.2425,12430.73836,29582.22084,41186.9625,57.24
2024-02-11T05:00+01:00,386.24,12547.15242,29428.51667,41218.9025,57.24
2024-02-11T06:00+01:00,-300.1625,12755.48798,30603.80194,41403,57.24
2024-02-11T07:00+01:00,-207.9975,13229.13228,30509.51723,43688.1825,57.24
2024-02-11T08:00+01:00,146.56,14267.05901,30839.14387,46725.4825,57.24
2024-02-11T09:00+01:00,337.14,15639.99967,31307.82697,50093.325,57.24
2024-02-11T10:00+01:00,1470.9975,16171.83704,31771.87382,52101.465,57.24
2024-02-11T11:00+01:00,2518.5025,16587.45131,32106.7517,54501.555,57.24
2024-02-11T12:00+01:00,1646.5425,16831.41167,31403.37526,54110.265,57.24
2024-02-11T13:00+01:00,1914.71,16821.73925,30108.45348,52323.59,57.24
2024-02-11T14:00+01:00,2238.95,16868.78503,28367.4985,50878.9325,57.24
2024-02-11T15:00+01:00,3984.535,17335.09521,25885.23861,50479.545,57.24
2024-02-11T16:00+01:00,4208.7875,18822.82417,23022.38495,51037.275,57.24
2024-02-11T17:00+01:00,4292.5175,21607.23362,21217.27301,53885.7825,57.24
2024-02-11T18:00+01:00,5076.2275,22049.8807,20732.83454,56220.8375,57.24
2024-02-11T19:00+01:00,4166.745,21894.70781,20686.44323,54915.1475,57.24
2024-02-11T20:00+01:00,4636.445,21270.23914,20266.45148,52592.3,57.24
2024-02-11T21:00+01:00,4918.5025,20402.32481,19674.96862,50710.84,57.24
2024-02-11T22:00+01:00,5902.935,19640.70697,19710.74587,49576.42,57.24
2024-02-11T23:00+01:00,4678.6475,19173.10697,19596.12162,47362.8625,57.24
2024-02-12T00:00+01:00,4959.6025,18480.29751,19175.52375,45227.1225,57.24
2024-02-12T01:00+01:00,4938.1875,18397.17248,19210.2762,44157.3975,57.24
2024-02-12T02:00+01:00,3784.44,18668.93661,19338.15625,43769.305,57.24
2024-02-12T03:00+01:00,4312.955,18803.10975,19541.12174,44255.16,57.24
2024-02-12T04:00+01:00,5787.8125,19048.28854,19436.57416,45390.825,57.24
2024-02-12T05:00+01:00,4163.9,21122.46706,20176.3442,47824.1825,57.24
2024-02-12T06:00+01:00,5527.7825,23878.23992,20724.34752,54882.34,57.24
2024-02-12T07:00+01:00,5705.4975,25203.77919,20572.54013,60090.485,57.24
2024-02-12T08:00+01:00,5220.1625,26052.06444,21436.23304,62507.085,57.24
2024-02-12T09:00+01:00,5042.39,25961.10545,23259.12878,63526.0625,57.24
2024-02-12T10:00+01:00,5519.24,25642.08942,25044.39763,64157.405,57.24
2024-02-12T11:00+01:00,6594.69,25028.72263,27831.12518,65582.1475,57.24
2024-02-12T12:00+01:00,5309.2675,24368.07425,29872.91652,65565.97,57.24
2024-02-12T13:00+01:00,4733.8975,24267.55105,30364.79729,64170.7775,57.24
2024-02-12T14:00+01:00,4221.8375,24409.46378,29084.40488,62760.64,57.24
2024-02-12T15:00+01:00,6257.77,24705.38995,26134.6969,62189.24,57.24
2024-02-12T16:00+01:00,8507.3825,25570.68991,22331.47122,61822.155,57.24
2024-02-12T17:00+01:00,7332.315,26587.32018,20507.44996,63427.56,57.24
2024-02-12T18:00+01:00,8544.7075,26648.9315,21058.00331,65100.985,57.24
2024-02-12T19:00+01:00,6957.9925,26392.26305,22173.27223,63514.8625,57.24
2024-02-12T20:00+01:00,5136.0925,25284.45535,24279.40774,60737.105,57.24
2024-02-12T21:00+01:00,4531.025,23956.46783,24653.2288,57784.63,57.24
2024-02-12T22:00+01:00,2894.08,23353.7716,25137.1593,55091.7,57.24
2024-02-12T23:00+01:00,3546.865,21611.83543,25157.94823,51765.4075,57.24
2024-02-13T00:00+01:00,1889.815,20026.6831,25545.32091,49324.605,57.24
2024-02-13T01:00+01:00,3206.1975,18769.35452,26809.82723,48882.33,57.24
2024-02-13T02:00+01:00,2357.72,18180.55096,27776.29234,48166.75,57.24
2024-02-13T03:00+01:00,1980.385,18523.74021,28649.68901,48474.1125,57.24
2024-02-13T04:00+01:00,1915.665,19053.56568,29202.22954,49986.11,57.24
2024-02-13T05:00+01:00,2002.21,20664.36124,29180.65345,53316.945,57.24
2024-02-13T06:00+01:00,2332.0825,23943.75676,29518.99629,59374.9225,57.24
2024-02-13T07:00+01:00,2632.3675,26084.86825,30394.4362,64363.0025,57.24
2024-02-13T08:00+01:00,2071.315,25891.79877,33206.57162,66694.9225,57.24
2024-02-13T09:00+01:00,150.745,23863.82047,38977.94056,67150.73,57.24
2024-02-13T10:00+01:00,-2237.1675,21920.35792,43823.59114,67192.5175,57.24
2024-02-13T11:00+01:00,-2433.95,19918.93561,47193.75035,66951.99,57.24
2024-02-13T12:00+01:00,-3036.1975,19340.90664,48256.8985,65506.7525,57.24
2024-02-13T13:00+01:00,-1630.995,19068.49545,45564.55427,64114.2025,57.24
2024-02-13T14:00+01:00,-1509.235,20629.38763,40507.65678,62862.795,57.24
2024-02-13T15:00+01:00,1449.05,23681.66765,34025.27507,62856.495,57.24
2024-02-13T16:00+01:00,4394.39,26416.13025,27254.37267,63119.8675,57.24
2024-02-13T17:00+01:00,5265.755,27795.46218,24218.82799,64989.93,57.24
2024-02-13T18:00+01:00,5158.145,27780.90337,26407.15435,67371.59,57.24
2024-02-13T19:00+01:00,2932.1075,26962.78361,28470.50465,66182.9175,57.24
2024-02-13T20:00+01:00,2797.2775,25903.59301,29400.73383,62823.505,57.24
2024-02-13T21:00+01:00,2595.1675,23377.92341,30272.35794,59845.54,57.24
2024-02-13T22:00+01:00,2330.1325,20716.39071,29603.15133,56318.5025,57.24
2024-02-13T23:00+01:00,414.1075,19409.43513,28655.79762,51506.345,57.24
2024-02-14T00:00+01:00,-276.8,18464.19846,28065.98304,48889.47,57.24
2024-02-14T01:00+01:00,-318.195,18299.52065,28049.79764,47379.675,57.24
2024-02-14T02:00+01:00,-782.32,18066.92116,29014.01325,46738.75,57.24
2024-02-14T03:00+01:00,-1048.36,18177.35342,29654.9203,47147.8525,57.24
2024-02-14T04:00+01:00,-1403.7775,18439.92444,29935.38711,47961.1425,57.24
2024-02-14T05:00+01:00,-401.425,19752.92001,29802.85229,50499.515,57.24
2024-02-14T06:00+01:00,26.7225,23182.98477,30058.2644,57423.065,57.24
2024-02-14T07:00+01:00,516.1375,25392.55496,30086.03615,63419.6925,57.24
2024-02-14T08:00+01:00,543.15,25790.79274,30929.0927,65882.81,57.24
2024-02-14T09:00+01:00,906.8625,25577.87006,32591.58062,66534.87,57.24
2024-02-14T10:00+01:00,2814.815,24945.72271,33695.29213,67223.1325,57.24
2024-02-14T11:00+01:00,3149.305,24223.59275,35595.11002,68177.8625,57.24
2024-02-14T12:00+01:00,2636.29,22605.00703,36472.70673,67487.0425,57.24
2024-02-14T13:00+01:00,1780.9425,23225.39212,35421.63504,66341.985,57.24
2024-02-14T14:00+01:00,2417.1075,24186.49094,32886.28324,64867.5475,57.24
2024-02-14T15:00+01:00,3360.675,25079.73003,28986.43406,63954.945,57.24
2024-02-14T16:00+01:00,6011.95,25398.85905,26686.75764,63025.0425,57.24
2024-02-14T17:00+01:00,6406.7075,25647.367,26202.30285,65277.39,57.24
2024-02-14T18:00+01:00,5079.5375,25948.80243,26916.47594,66548.74,57.24
2024-02-14T19:00+01:00,3361.7575,26014.29103,27515.63607,65346.0075,57.24
2024-02-14T20:00+01:00,2002.9025,25455.00534,28125.5563,61898.54,57.24
2024-02-14T21:00+01:00,1401.1875,23460.50883,28239.18414,58506.4825,57.24
2024-02-14T22:00+01:00,909.235,21688.37794,28213.71617,54654.495,57.24
2024-02-14T23:00+01:00,951.6125,19148.71339,28036.28651,50625.7975,57.24
2024-02-15T00:00+01:00,1906.21,18195.83687,26980.28024,47680.31,57.24
2024-02-15T01:00+01:00,1226.74,18297.8933,26188.17929,45667.17,57.24
2024-02-15T02:00+01:00,2297.085,17908.74941,25959.59847,45412.41,57.24
2024-02-15T03:00+01:00,3775.785,17801.95836,24674.85808,45907.0875,57.24
2024-02-15T04:00+01:00,4043.0275,18606.68218,23450.1576,47407.815,57.24
2024-02-15T05:00+01:00,4291.99,20353.69983,22281.08749,50554.47,57.24
2024-02-15T06:00+01:00,5314.4775,24324.13759,22177.65876,57544.5175,57.24
2024-02-15T07:00+01:00,6693.7575,26601.06815,22551.89049,62828.04,57.24
2024-02-15T08:00+01:00,5680.08,27357.52768,24933.0653,64527.595,57.24
2024-02-15T09:00+01:00,3100.665,27119.30034,28131.15241,64477.2575,57.24
2024-02-15T10:00+01:00,1981.46,26178.32291,31784.9293,65051.335,57.24
2024-02-15T11:00+01:00,1406.3575,25145.25135,34191.47865,65208.755,57.24
2024-02-15T12:00+01:00,891.5025,24542.28628,35303.25536,65389.7975,57.24
2024-02-15T13:00+01:00,1850.0925,24005.03402,34299.79582,64235.15,57.24
2024-02-15T14:00+01:00,2232.805,25292.0037,30389.91075,62474.1875,57.24
2024-02-15T15:00+01:00,4930.565,26331.59988,25767.95478,61944.45,57.24
2024-02-15T16:00+01:00,6812.195,26894.15307,22324.05936,61673.08,57.24
2024-02-15T17:00+01:00,7500.5075,27496.48655,21839.3329,63904.1975,57.24
2024-02-15T18:00+01:00,5640.9925,27585.92905,24504.19294,65648.095,57.24
2024-02-15T19:00+01:00,4954.3325,26889.10894,26161.173,65265.225,57.24
2024-02-15T20:00+01:00,3626.6975,24897.07754,27651.74039,62290.82,57.24
2024-02-15T21:00+01:00,3281.6925,21777.3833,28820.02246,58331.8025,57.24
2024-02-15T22:00+01:00,2885.26,19096.77284,28409.02976,54842.685,57.24
2024-02-15T23:00+01:00,1612.83,17338.72799,28499.62665,51035.045,57.24
2024-02-16T00:00+01:00,2584.4275,15562.3614,29083.06976,48044.54,57.24
2024-02-16T01:00+01:00,1756.6125,14447.79811,29875.95621,46531.64,57.24
2024-02-16T02:00+01:00,1162.23,14188.71806,30244.60216,45783.9075,57.24
2024-02-16T03:00+01:00,754.8975,14667.38763,30487.16749,46151.4325,57.24
2024-02-16T04:00+01:00,856.865,15489.38028,31409.47065,47925.2,57.24
2024-02-16T05:00+01:00,2815.5925,16118.43349,32315.82135,51314.48,57.24
2024-02-16T06:00+01:00,2261.77,18589.55584,33948.6027,58387.31,57.24
2024-02-16T07:00+01:00,2935.9475,20530.30051,35302.95851,63674.4425,57.24
2024-02-16T08:00+01:00,919.185,20912.08031,38629.1377,65915.045,57.24
2024-02-16T09:00+01:00,-98.2725,20400.24644,41573.45685,65880.605,57.24
2024-02-16T10:00+01:00,-3172.185,18866.82915,43921.64105,65886.4125,57.24
2024-02-16T11:00+01:00,-2626.86,18325.98671,45792.27531,66225.7775,55.65
2024-02-16T12:00+01:00,-2157.3525,17667.36425,47220.45658,66133.5125,55.12
2024-02-16T13:00+01:00,-990.685,17570.55513,44445.24074,64405.99,55.12
2024-02-16T14:00+01:00,-420.23,18733.43024,40727.67493,62340.505,55.12
2024-02-16T15:00+01:00,2462.345,20090.52521,36631.13371,61767.8325,55.12
2024-02-16T16:00+01:00,2735.6,21427.62612,31789.41233,61882.5025,55.12
2024-02-16T17:00+01:00,4745.9425,22069.90148,30442.42314,64478.745,55.12
2024-02-16T18:00+01:00,3871.33,22503.59693,30052.29855,65984.2,55.12
2024-02-16T19:00+01:00,3227.8275,22556.27471,29654.13213,63918.5725,55.12
2024-02-16T20:00+01:00,2193.775,22173.54193,30331.60302,60430.545,55.12
2024-02-16T21:00+01:00,2142.91,20817.49275,29854.40761,56796.03,55.12
2024-02-16T22:00+01:00,982.72,20039.18227,29520.4227,53679.6725,55.12
2024-02-16T23:00+01:00,677.535,18062.5497,29756.92923,49707.0925,55.12
2024-02-17T00:00+01:00,-182.74,16941.02549,28675.42787,46571.1975,55.12
2024-02-17T01:00+01:00,414.62,16382.83766,29062.84121,44882.695,55.12
2024-02-17T02:00+01:00,835.1225,16070.17351,29198.20392,44160.74,55.12
2024-02-17T03:00+01:00,1535.2475,16167.18529,28018.73948,44674.5425,55.12
2024-02-17T04:00+01:00,2132.2575,16383.97293,28419.82131,45073.4975,55.12
2024-02-17T05:00+01:00,1818.285,16634.58929,29366.05498,45791.43,55.12
2024-02-17T06:00+01:00,-564.0725,16790.64037,30176.18704,46835.39,55.12
2024-02-17T07:00+01:00,-371.3525,17273.51409,28902.13571,49175.05,55.12
2024-02-17T08:00+01:00,923.34,18062.51412,29410.32142,52102.67,55.12
2024-02-17T09:00+01:00,1705.9625,17734.13465,31311.56634,54675.74,55.12
2024-02-17T10:00+01:00,1472.245,17416.61409,32989.7396,55840.7,55.12
2024-02-17T11:00+01:00,2803.38,16697.75592,34134.17231,56648.3475,55.12
2024-02-17T12:00+01:00,3566.945,16650.02723,33178.00224,55503.0625,55.12
2024-02-17T13:00+01:00,2813.7625,16652.21089,31107.48344,53757.615,55.12
2024-02-17T14:00+01:00,4959.595,17218.46402,27344.17534,52204.865,55.12
2024-02-17T15:00+01:00,6181.2275,19245.99618,21902.89529,52076.7575,55.12
2024-02-17T16:00+01:00,8128.24,21978.68683,15599.05011,51904.17,55.12
2024-02-17T17:00+01:00,11373.1925,23371.94829,11748.04271,54105.455,55.12
2024-02-17T18:00+01:00,12483.4825,24212.53873,10747.49126,56376.4475,55.12
2024-02-17T19:00+01:00,11528.1225,24366.23683,10240.32366,54424.7425,55.12
2024-02-17T20:00+01:00,11450.3425,23556.08358,9958.741796,50910.8575,55.12
2024-02-17T21:00+01:00,11509.61,22516.30059,9998.642671,48673.3375,55.12
2024-02-17T22:00+01:00,11538.945,20969.04027,10934.67931,46797.6725,55.12
2024-02-17T23:00+01:00,10571.58,19084.41582,12738.16469,43910.585,55.12
2024-02-18T00:00+01:00,8516.655,17282.66439,14673.33088,41007.9,55.12
2024-02-18T01:00+01:00,7388.355,15135.69536,16655.09888,39419.24,55.12
2024-02-18T02:00+01:00,5804.2875,14015.55545,18397.97685,38738.8825,55.12
2024-02-18T03:00+01:00,5607.3,13217.39408,19478.01783,38554.3925,55.12
2024-02-18T04:00+01:00,4877.83,13515.97314,21669.30482,39223.6475,55.12
2024-02-18T05:00+01:00,4121.2825,13084.68797,23002.12616,40249.0025,55.12
2024-02-18T06:00+01:00,1541.4925,13171.67995,24870.30074,40946.7775,55.12
2024-02-18T07:00+01:00,1064.2525,13663.34894,27044.69566,42442.0275,55.12
2024-02-18T08:00+01:00,-110.425,13480.2912,32228.45341,45739.985,55.12
2024-02-18T09:00+01:00,-2057.455,12917.37945,38383.81521,49104.42,55.12
2024-02-18T10:00+01:00,-5205.875,12406.28156,43407.48686,51896.8975,55.12
2024-02-18T11:00+01:00,-3822.9,12240.91772,45180.51683,54520.4425,55.12
2024-02-18T12:00+01:00,-3271.28,11996.80013,44973.00499,54493.275,55.12
2024-02-18T13:00+01:00,-2427.85,11932.45803,42369.21144,52574.525,55.12
2024-02-18T14:00+01:00,-693.5675,11996.42461,39807.02774,50937.5125,55.12
2024-02-18T15:00+01:00,-1684.365,12354.74332,37641.54339,49982.61,55.12
2024-02-18T16:00+01:00,-889.3625,13868.57247,34322.17641,50462.295,55.12
2024-02-18T17:00+01:00,-642.54,15945.67839,33117.62882,53460.045,55.12
2024-02-18T18:00+01:00,-1947.9275,16845.33811,33926.1741,56137.2375,55.12
2024-02-18T19:00+01:00,-1470.88,15378.98508,34606.90042,54798.935,55.12
2024-02-18T20:00+01:00,-2465.525,13996.61469,35933.41264,52665.6325,55.12
2024-02-18T21:00+01:00,-2218.0675,12634.44596,37448.89571,50927.8825,55.12
2024-02-18T22:00+01:00,-2723.9,11926.18254,38496.57297,50174.3675,55.12
2024-02-18T23:00+01:00,-5349,11783.95525,40147.36616,47536.995,55.12
2024-02-19T00:00+01:00,-10167.535,11540.72803,42747.30225,44747.14,55.12
2024-02-19T01:00+01:00,-11569.205,11580.33227,43002.31649,42983.1,55.12
2024-02-19T02:00+01:00,-10778.3325,11735.36958,41849.67616,42536.3175,55.12
2024-02-19T03:00+01:00,-11175.645,11780.9625,41936.66339,42897.4925,55.12
2024-02-19T04:00+01:00,-9813.4575,12066.31,40315.17423,44667.955,55.12
2024-02-19T05:00+01:00,-6934.89,13358.74753,38243.17973,48506.75,55.12
2024-02-19T06:00+01:00,-1464.4075,16625.99114,37761.79464,57541.8475,55.12
2024-02-19T07:00+01:00,-1052.715,19315.87676,38257.99702,63477.345,55.12
2024-02-19T08:00+01:00,-1064.0375,19583.54472,38319.28557,66466.0325,55.12
2024-02-19T09:00+01:00,-2765.29,19531.75711,40667.87707,66976.07,55.12
2024-02-19T10:00+01:00,-1624.27,18888.87755,42270.70398,67829.705,55.12
2024-02-19T11:00+01:00,-1952.91,18546.27867,43768.49293,69130.8225,55.12
2024-02-19T12:00+01:00,-703.125,18517.73082,44159.3329,68490.3925,55.12
2024-02-19T13:00+01:00,-2.5825,18546.99705,42539.98062,67335.945,55.12
2024-02-19T14:00+01:00,1294.0825,19383.28447,39708.45169,65723.7225,55.12
2024-02-19T15:00+01:00,4142.565,20009.35831,35897.39533,64972.4225,55.12
2024-02-19T16:00+01:00,4018.6075,21150.94318,32434.35333,63903.085,55.12
2024-02-19T17:00+01:00,3966.765,21943.14396,30147.18119,65109.6425,55.12
2024-02-19T18:00+01:00,4585.0275,22691.76499,29867.60935,66886.5925,55.12
2024-02-19T19:00+01:00,3168.39,22463.72312,30386.37441,65916.78,55.12
2024-02-19T20:00+01:00,2609.0675,21670.39345,31578.36746,62435.24,55.12
2024-02-19T21:00+01:00,1644.825,20139.67485,32253.84556,58549.87,55.12
2024-02-19T22:00+01:00,588.48,18641.29362,32789.34244,56101.1375,55.12
2024-02-19T23:00+01:00,78.9825,16887.16982,32098.80911,51664.8875,55.12
2024-02-20T00:00+01:00,-373.1825,15850.16061,30431.75825,48516.73,55.12
2024-02-20T01:00+01:00,-166.9775,15755.4816,30331.71365,47086.1725,55.12
2024-02-20T02:00+01:00,-173.5675,15762.24128,30401.32138,46942.4525,55.12
2024-02-20T03:00+01:00,1073.1325,15611.85349,29988.31305,47058.685,55.12
2024-02-20T04:00+01:00,2165.185,15871.61919,29187.23296,47968.175,55.12
2024-02-20T05:00+01:00,2954.1475,17553.20254,28984.81314,51282.06,55.12
2024-02-20T06:00+01:00,5468.1225,20168.52908,28520.18624,59818.7125,55.12
2024-02-20T07:00+01:00,5445.0175,22450.77528,27190.66255,64623.635,55.12
2024-02-20T08:00+01:00,6244.045,23171.94221,28392.71377,66482.13,55.12
2024-02-20T09:00+01:00,5076.76,22233.77449,31806.07641,66641.2525,55.12
2024-02-20T10:00+01:00,2861.5725,21811.61689,36317.57307,67378.255,55.12
2024-02-20T11:00+01:00,2281.69,20074.2059,40981.6068,68095.7775,55.12
2024-02-20T12:00+01:00,1740.025,18121.42686,44588.77106,67152.61,55.12
2024-02-20T13:00+01:00,512.055,17873.37425,45090.87851,65851.9475,55.12
2024-02-20T14:00+01:00,986.03,18050.35934,43350.34381,64355.605,55.12
2024-02-20T15:00+01:00,3034.01,19093.34167,38363.90986,63178.5225,55.12
2024-02-20T16:00+01:00,5784.32,20524.07821,32911.93825,63449.455,55.12
2024-02-20T17:00+01:00,7086.6775,21810.92103,30518.20451,65957.1875,55.12
2024-02-20T18:00+01:00,5888.365,22718.77684,32480.95472,68153.765,55.12
2024-02-20T19:00+01:00,3136.3425,22928.74087,34895.40516,67126.2575,55.12
2024-02-20T20:00+01:00,1336.6475,21272.86094,37211.69343,63729.65,55.12
2024-02-20T21:00+01:00,-1096.825,20086.31057,38352.53217,60140.4375,55.12
2024-02-20T22:00+01:00,-3273.185,19237.2155,37754.97904,56690.3225,55.12
2024-02-20T23:00+01:00,-4573.145,18128.13699,37456.408,52841.915,55.12
2024-02-21T00:00+01:00,-3036.25,15708.09974,38258.71359,50117.8075,55.12
2024-02-21T01:00+01:00,-2279.1175,14693.61996,38470.87287,49212.4,55.12
2024-02-21T02:00+01:00,-2283.305,14344.40482,37094.19404,48770.4525,55.12
2024-02-21T03:00+01:00,-1480.7425,14637.71536,36908.52222,49300.4775,55.12
2024-02-21T04:00+01:00,1350.11,14992.99773,36074.01707,50631.905,55.12
2024-02-21T05:00+01:00,1535.7,17108.90558,34154.89247,54196.5875,55.12
2024-02-21T06:00+01:00,3860.7025,19219.08719,34098.4248,61615.4325,55.12
2024-02-21T07:00+01:00,5117.4075,19856.4867,33567.28892,65606.885,55.12
2024-02-21T08:00+01:00,4329.535,19588.02357,35188.76894,67067.01,55.12
2024-02-21T09:00+01:00,2505.08,18855.77937,39362.26849,67491.09,55.12
2024-02-21T10:00+01:00,367.5925,17781.42457,44851.51502,68226.6,55.12
2024-02-21T11:00+01:00,-930.7475,17233.68645,48072.28148,68753.8475,55.12
2024-02-21T12:00+01:00,-1754.4225,17022.52059,49363.04681,67353.425,55.12
2024-02-21T13:00+01:00,-1120.17,17201.90057,46683.87357,66358.4675,55.12
2024-02-21T14:00+01:00,619.2275,17943.64067,42942.53636,64537.1525,55.12
2024-02-21T15:00+01:00,3417.7925,18754.0811,37537.57259,64017.1075,55.12
2024-02-21T16:00+01:00,4499.54,19352.61201,32230.19826,63852.9375,55.12
2024-02-21T17:00+01:00,5214.155,20082.26898,31766.53331,65589.4625,55.12
2024-02-21T18:00+01:00,5577.6525,20377.06745,36610.3707,67759.545,55.12
2024-02-21T19:00+01:00,5014.18,19391.58307,39803.93838,66816.2375,55.12
2024-02-21T20:00+01:00,-129.19,17783.75494,42412.32486,62645.8,55.12
2024-02-21T21:00+01:00,-2459.27,14944.94784,44564.23742,59456.9325,55.12
2024-02-21T22:00+01:00,-4115.9825,12404.50366,45687.39304,56335.7225,55.12
2024-02-21T23:00+01:00,-6828.2475,11719.47391,46100.89038,52789.8625,55.12
2024-02-22T00:00+01:00,-6909.205,11580.12044,45903.98926,50247.74,55.12
2024-02-22T01:00+01:00,-6795.495,11408.09639,44962.7183,48254.1575,55.12
2024-02-22T02:00+01:00,-6409.8275,11269.50024,43221.63554,47459.34,55.12
2024-02-22T03:00+01:00,-4220.755,11468.28223,40061.60595,47701.0475,55.12
2024-02-22T04:00+01:00,791.68,12201.80851,36535.69525,48746.075,55.12
2024-02-22T05:00+01:00,1931.345,14886.22407,33434.9691,51823.6375,55.12
2024-02-22T06:00+01:00,4843.435,17625.85825,31098.69552,59099.9325,55.12
2024-02-22T07:00+01:00,6629.9875,18814.22881,30302.67952,64315.98,55.12
2024-02-22T08:00+01:00,8073.0525,18972.55624,31299.0318,66705.5,55.12
2024-02-22T09:00+01:00,6724.2825,18738.79956,33245.67234,67966.16,55.12
2024-02-22T10:00+01:00,9070.17,18394.8491,34842.40746,68287.9575,55.12
2024-02-22T11:00+01:00,9334.35,18003.90878,37023.7811,68202.6875,55.12
2024-02-22T12:00+01:00,6670.685,17829.20646,38682.64472,67267.9025,55.12
2024-02-22T13:00+01:00,5192.965,18049.57772,38890.49316,66582.78,55.12
2024-02-22T14:00+01:00,5470.1575,18496.17952,37918.19495,65055.865,55.12
2024-02-22T15:00+01:00,5451.4075,18322.68575,38278.23455,64481.2225,55.12
2024-02-22T16:00+01:00,4349.305,17645.76388,40282.39709,64032.645,55.12
2024-02-22T17:00+01:00,1646.7775,17025.75785,44106.60371,66207.875,55.12
2024-02-22T18:00+01:00,-597.8725,16939.23192,47735.81651,68961.1725,55.12
2024-02-22T19:00+01:00,-4710.2375,16135.79535,50717.23362,67968.3025,55.12
2024-02-22T20:00+01:00,-5684.84,13135.24407,53239.60018,63938.6175,55.12
2024-02-22T21:00+01:00,-7363.455,11528.22964,54966.29677,60577.34,55.12
2024-02-22T22:00+01:00,-8494.345,11495.53614,55004.94488,57812.5975,55.12
2024-02-22T23:00+01:00,-11759.165,11410.58821,55224.78186,54811.2725,55.12
2024-02-23T00:00+01:00,-11227.6525,11278.59278,53693.56356,52107.8775,55.12
2024-02-23T01:00+01:00,-12396.6325,11236.63263,52391.34466,50311.5475,55.12
2024-02-23T02:00+01:00,-12890.085,11552.08372,52536.94347,50074.9475,55.12
2024-02-23T03:00+01:00,-12072.04,11633.14189,52613.65221,50106.45,55.12
2024-02-23T04:00+01:00,-10326.96,12023.95133,51228.6779,51207.4775,55.12
2024-02-23T05:00+01:00,-7522.455,12367.52426,50268.2773,54069.215,55.12
2024-02-23T06:00+01:00,-5509.6725,14719.81772,48616.96651,60039.7475,55.12
2024-02-23T07:00+01:00,-4163.175,17431.67026,46038.18721,65023.655,55.12
2024-02-23T08:00+01:00,-4026.755,18158.61803,44669.95142,66734.255,55.12
2024-02-23T09:00+01:00,-4349.6175,18672.27858,48457.82738,67224.4875,55.12
2024-02-23T10:00+01:00,-6428.29,16889.76236,52219.74644,67687.2275,55.12
2024-02-23T11:00+01:00,-6853.67,16414.89848,53831.73252,68496.1825,50.905
2024-02-23T12:00+01:00,-5377.62,16860.74564,52822.33195,67459.4275,49.5
2024-02-23T13:00+01:00,-3083.0125,16775.86256,50113.10597,65435.4325,49.5
2024-02-23T14:00+01:00,-2075.78,17087.55741,46557.55266,64054.5525,49.5
2024-02-23T15:00+01:00,370.955,17184.09689,43678.48518,63123.4825,49.5
2024-02-23T16:00+01:00,3369.5075,18633.08661,37700.16222,62443.7325,49.5
2024-02-23T17:00+01:00,5964.7675,19482.00308,32981.73897,63353.4675,49.5
2024-02-23T18:00+01:00,4652.095,19807.6795,32560.31553,65994.2675,49.5
2024-02-23T19:00+01:00,3132.0275,19597.31116,31570.69178,64791.03,49.5
2024-02-23T20:00+01:00,2347.2725,19082.09234,30667.77456,61538.1875,49.5
2024-02-23T21:00+01:00,1653.125,18859.95048,29570.83412,57793.6475,49.5
2024-02-23T22:00+01:00,762.395,18066.18338,28165.67236,54880.4975,49.5
2024-02-23T23:00+01:00,470.0375,17181.54303,25445.6008,51233.5725,49.5
2024-02-24T00:00+01:00,3821.8475,16835.53465,23427.84898,48173.355,49.5
2024-02-24T01:00+01:00,3319.345,16619.80093,22974.95276,46249.465,49.5
2024-02-24T02:00+01:00,3955.5325,15743.16887,22316.70365,44578.72,49.5
2024-02-24T03:00+01:00,4709.79,15576.26968,21601.30523,43884.3,49.5
2024-02-24T04:00+01:00,4800.005,15866.88045,21681.59583,43816.605,49.5
2024-02-24T05:00+01:00,3673.655,16274.37305,21790.10781,44354.265,49.5
2024-02-24T06:00+01:00,3632.5675,16572.18402,21913.19824,45516.5025,49.5
2024-02-24T07:00+01:00,4028.895,16827.12399,23436.56397,48097.1125,49.5
2024-02-24T08:00+01:00,1461.8725,16779.70364,28633.1788,51597.025,49.5
2024-02-24T09:00+01:00,-724.33,16432.05864,33378.92615,54062.6725,49.5
2024-02-24T10:00+01:00,-2235.9975,15454.19867,38723.40025,55077.41,49.5
2024-02-24T11:00+01:00,-2480.555,13752.31244,44584.61803,55994.1375,49.5
2024-02-24T12:00+01:00,-3700.7675,12566.3627,46662.97515,55713.05,49.5
2024-02-24T13:00+01:00,-4586.6325,11996.47438,46026.69995,53891.6,49.5
2024-02-24T14:00+01:00,-3650.8625,12827.90131,43115.73636,52535.83,49.5
2024-02-24T15:00+01:00,-512.975,13700.00417,38035.66424,51327.36,49.5
2024-02-24T16:00+01:00,1078.1275,15970.88164,31351.95754,51818.2075,49.5
2024-02-24T17:00+01:00,4607.4075,17149.41061,27024.24383,54822.9875,49.5
2024-02-24T18:00+01:00,4303.0475,17650.38659,27548.85892,58149.985,49.5
2024-02-24T19:00+01:00,2198.24,17679.32514,27954.93109,57667.005,49.5
2024-02-24T20:00+01:00,-182.0775,17339.94717,28832.62951,54118.6525,49.5
2024-02-24T21:00+01:00,-285.9825,17022.95773,29772.09065,51734.6325,49.5
2024-02-24T22:00+01:00,-261.0975,16395.06224,29852.22689,50386.3875,49.5
2024-02-24T23:00+01:00,-1916.7825,15379.60252,30359.70417,47020.0475,49.5
2024-02-25T00:00+01:00,-2432.725,14880.86813,31047.15788,44501.7275,49.5
2024-02-25T01:00+01:00,-2816.7075,14604.54255,30898.11278,43134.7025,49.5
2024-02-25T02:00+01:00,-2832.6775,14433.91319,29647.34252,42351.405,49.5
2024-02-25T03:00+01:00,-2116.8875,14316.00131,28797.58572,41792.385,49.5
2024-02-25T04:00+01:00,-2168.38,14355.01456,27248.02034,41736.8975,49.5
2024-02-25T05:00+01:00,-2242.6975,14436.29541,26963.53569,41449.3,49.5
2024-02-25T06:00+01:00,-2173.4525,14530.34005,27296.80471,41984.5075,49.5
2024-02-25T07:00+01:00,-2103.045,15062.30862,27946.6332,43696.7125,49.5
2024-02-25T08:00+01:00,-2054.4975,15101.9963,31273.597,46941.32,49.5
2024-02-25T09:00+01:00,-3924.585,15035.00503,34742.44972,49870.5875,49.5
2024-02-25T10:00+01:00,-4415.8025,14576.47057,38736.48151,52431.9475,49.5
2024-02-25T11:00+01:00,-4746.1225,14185.76223,42485.55866,54360.6675,49.5
2024-02-25T12:00+01:00,-4858.3675,13250.48033,43711.51508,54396.485,49.5
2024-02-25T13:00+01:00,-3745.3425,12970.22653,41572.65322,52188.245,49.5
2024-02-25T14:00+01:00,-1801.0125,13770.73837,36160.52628,50170.1575,49.5
2024-02-25T15:00+01:00,2339.0325,15766.69702,29059.23223,48533.465,49.5
2024-02-25T16:00+01:00,6852.4375,18155.56109,20583.37781,48569.8525,49.5
2024-02-25T17:00+01:00,9744.44,20369.476,14459.08488,51469.5125,49.5
2024-02-25T18:00+01:00,11034.375,21153.55522,14312.72846,55211.765,49.5
2024-02-25T19:00+01:00,10449.5025,21056.23323,15402.47358,54646.0125,49.5
2024-02-25T20:00+01:00,9784.3275,20601.75233,15496.24396,52196.1575,49.5
2024-02-25T21:00+01:00,9603.83,19706.11424,15614.56934,50568.535,49.5
2024-02-25T22:00+01:00,10004.665,18949.06626,15302.93798,49790.0775,49.5
2024-02-25T23:00+01:00,10335.3075,17874.30135,15524.27188,46862.7475,49.5
2024-02-26T00:00+01:00,11327.565,16219.72791,16205.29867,44419.0075,49.5
2024-02-26T01:00+01:00,12066.0925,15574.55852,16981.15413,43081.1225,49.5
2024-02-26T02:00+01:00,11769.9025,15446.54547,17671.3473,42585.2825,49.5
2024-02-26T03:00+01:00,11994.6225,15083.47604,18264.42127,43198.825,49.5
2024-02-26T04:00+01:00,12189.9025,15617.95068,19482.25278,45247.94,49.5
2024-02-26T05:00+01:00,11688.505,17593.25232,19413.75218,49250.6125,49.5
2024-02-26T06:00+01:00,10952.07,21518.1498,20406.15241,57448.7775,49.5
2024-02-26T07:00+01:00,11221.075,23667.31374,21856.98669,63053.4375,49.5
2024-02-26T08:00+01:00,9608.885,24211.71378,25792.79235,65718.9025,49.5
2024-02-26T09:00+01:00,7066.2675,24014.94781,29048.94275,66407.755,49.5
2024-02-26T10:00+01:00,6457.585,23218.65594,31573.22757,66899.5325,49.5
2024-02-26T11:00+01:00,7246.9775,22171.80196,32668.77142,66827.435,49.5
2024-02-26T12:00+01:00,6891.62,21834.67487,32859.31985,65965.3925,49.5
2024-02-26T13:00+01:00,7129.6925,21978.3673,32058.93819,65224.8875,49.5
2024-02-26T14:00+01:00,7250.84,22510.23807,30247.50895,63951.125,49.5
2024-02-26T15:00+01:00,8377.93,22491.46474,27469.68881,62688.54,49.5
2024-02-26T16:00+01:00,8760.765,24305.53166,24706.42918,62462.6525,49.5
2024-02-26T17:00+01:00,8016.4,25420.6635,24437.45731,64443.8225,49.5
2024-02-26T18:00+01:00,6607.76,25959.81861,26079.86358,66934.385,49.5
2024-02-26T19:00+01:00,4773.625,25896.68823,26958.98212,66028.245,49.5
2024-02-26T20:00+01:00,3677.9425,25466.33655,26719.83564,62419.1,49.5
2024-02-26T21:00+01:00,4132.44,24112.99703,25470.34338,58996.415,49.5
2024-02-26T22:00+01:00,3915.095,23429.48766,23503.97478,55317.7075,49.5
2024-02-26T23:00+01:00,5564.07,21741.38465,22551.0054,50809.85,49.5
2024-02-27T00:00+01:00,5602.465,19955.60271,22083.24087,48273.345,49.5
2024-02-27T01:00+01:00,6000.03,19724.47818,21109.64849,47333.4275,49.5
2024-02-27T02:00+01:00,5837.12,19814.38512,19909.97192,46556.4975,49.5
2024-02-27T03:00+01:00,7524.765,19828.25174,18820.20654,46736.1425,49.5
2024-02-27T04:00+01:00,6581.645,21204.48176,18312.32348,48295.5775,49.5
2024-02-27T05:00+01:00,6411.8625,24083.50064,17156.22183,52184.8925,49.5
2024-02-27T06:00+01:00,9847.9325,27288.23269,16272.88561,59695.8575,49.5
2024-02-27T07:00+01:00,9689.625,29610.91452,15929.33379,64179.8225,49.5
2024-02-27T08:00+01:00,10533.75,30377.17339,17370.09835,66498.21,49.5
2024-02-27T09:00+01:00,10180.2,30500.19604,19251.11485,67209.4975,49.5
2024-02-27T10:00+01:00,9834.0625,29925.98945,20955.84958,68080.41,49.5
2024-02-27T11:00+01:00,9205.2125,29506.31555,21738.13781,68011.6625,49.5
2024-02-27T12:00+01:00,9933.3875,29179.09858,22571.03403,66743.155,49.5
2024-02-27T13:00+01:00,9649.8625,29247.90036,22630.36799,65401.555,49.5
2024-02-27T14:00+01:00,7503.3875,29690.83517,21339.65845,63531.5275,49.5
2024-02-27T15:00+01:00,8012.69,30619.09974,18856.93465,62357.2725,49.5
2024-02-27T16:00+01:00,8887.955,31638.9958,15078.71004,62084.1125,49.5
2024-02-27T17:00+01:00,10187.3475,33038.6742,11907.39125,64188.8275,49.5
2024-02-27T18:00+01:00,10885.8925,33909.54427,11529.93408,66702.5825,49.5
2024-02-27T19:00+01:00,9328.9,33896.03271,11478.70825,65779.195,49.5
2024-02-27T20:00+01:00,9593.845,33008.94224,11676.66329,62424.7375,49.5
2024-02-27T21:00+01:00,10748.05,31242.74218,11876.1831,58993.11,49.5
2024-02-27T22:00+01:00,9465.9625,30086.95769,12059.17393,55618.4475,49.5
2024-02-27T23:00+01:00,7882.01,28260.38297,12369.82589,52165.245,49.5
2024-02-28T00:00+01:00,9037.055,26048.9642,12752.15123,49205.4075,49.5
2024-02-28T01:00+01:00,8554.635,25631.71596,12757.46947,47787.3075,49.5
2024-02-28T02:00+01:00,7958.3375,25851.54515,12384.81192,47397.2525,49.5
2024-02-28T03:00+01:00,7879.4375,26142.63814,12137.38549,47834.3375,49.5
2024-02-28T04:00+01:00,8470.07,26806.35517,11933.56286,48750.165,49.5
2024-02-28T05:00+01:00,8133.0925,28613.72555,11884.33513,52119.645,49.5
2024-02-28T06:00+01:00,11022.2325,31100.15673,11767.18753,59513.635,49.5
2024-02-28T07:00+01:00,10803.075,32389.37999,12011.30013,64387.195,49.5
2024-02-28T08:00+01:00,11077.7925,32714.27372,14065.2465,66969.345,49.5
2024-02-28T09:00+01:00,8679.1125,32218.28795,16914.3071,67323.685,49.5
2024-02-28T10:00+01:00,7205.625,31749.44082,20548.11138,67553.305,49.5
2024-02-28T11:00+01:00,7801.145,30382.66281,24281.8833,67626.515,49.5
2024-02-28T12:00+01:00,5575.4375,29393.4964,27154.48206,66134.94,49.5
2024-02-28T13:00+01:00,5622.63,28389.02309,28775.81076,64780.5525,49.5
2024-02-28T14:00+01:00,4781.28,28627.61721,27065.68436,63267.265,49.5
2024-02-28T15:00+01:00,5941.53,30032.01601,22458.57393,62943.865,49.5
2024-02-28T16:00+01:00,9455.4175,30747.13562,16819.29652,62792.815,49.5
2024-02-28T17:00+01:00,12072.835,31420.21594,13358.9787,64270.4275,49.5
2024-02-28T18:00+01:00,12315.1925,31532.77806,14531.75813,67388.2675,49.5
2024-02-28T19:00+01:00,11818.3475,31139.78926,16808.58472,66754.4125,49.5
2024-02-28T20:00+01:00,10651.055,28472.92489,18631.66819,63076.65,49.5
2024-02-28T21:00+01:00,9721.2,24960.33023,20163.23265,59502.04,49.5
2024-02-28T22:00+01:00,6766.2175,23707.21347,21263.39689,56307.5775,49.5
2024-02-28T23:00+01:00,5607.7975,21217.40524,22679.44489,52643.415,49.5
2024-02-29T00:00+01:00,7130.845,18443.7962,24831.11435,50068.885,49.5
2024-02-29T01:00+01:00,6184.965,17349.03391,26653.57063,49087.89,49.5
2024-02-29T02:00+01:00,5923.4425,16638.87174,28104.26088,48940.9375,49.5
2024-02-29T03:00+01:00,6425.695,16413.82025,29007.17125,49910.105,49.5
2024-02-29T04:00+01:00,6389.0875,16465.71507,30289.53877,51600.695,49.5
2024-02-29T05:00+01:00,5570.64,17805.97643,31722.82988,54898.79,49.5
2024-02-29T06:00+01:00,4393.935,20730.93058,33812.40084,62202.8475,49.5
2024-02-29T07:00+01:00,2792.2625,22633.21528,35474.06479,66937.1875,49.5
2024-02-29T08:00+01:00,560.715,23167.76773,38389.98635,68544.7825,49.5
2024-02-29T09:00+01:00,-2836.245,22830.08858,41962.71357,68121.89,49.5
2024-02-29T10:00+01:00,-3878.6725,21352.16956,45831.38169,67826.935,49.5
2024-02-29T11:00+01:00,-3180.865,19678.51204,48065.68012,67432.2275,49.5
2024-02-29T12:00+01:00,-4112.9475,18636.3612,48430.39613,65391.4525,49.5
2024-02-29T13:00+01:00,-3540.0475,18476.89432,48043.11251,64322.06,49.5
2024-02-29T14:00+01:00,-2668.56,18546.4829,44893.51738,62965.745,49.5
2024-02-29T15:00+01:00,-126.15,20399.20107,38465.18355,62241.4025,49.5
2024-02-29T16:00+01:00,4087.135,22551.95592,30942.00573,62054.6875,49.5
2024-02-29T17:00+01:00,7467.885,23927.41783,26674.07778,64003.055,49.5
2024-02-29T18:00+01:00,7015.9125,24177.03135,28861.01214,66888.435,49.5
2024-02-29T19:00+01:00,4397.055,23839.6223,31391.02086,66731.155,49.5
2024-02-29T20:00+01:00,3544.6025,22599.56302,31881.10273,63521.4725,49.5
2024-02-29T21:00+01:00,3615.4625,20569.44424,31459.2272,60219.2675,49.5
2024-02-29T22:00+01:00,2300.79,20004.91973,30695.99196,56956.165,49.5
2024-02-29T23:00+01:00,1429.47,19271.2019,29745.79649,52515.185,49.5
2024-03-01T00:00+01:00,2834.17,18076.04601,28026.46116,49611.1425,49.5
2024-03-01T01:00+01:00,3502.125,17191.75229,27172.20542,48075.99,49.5
2024-03-01T02:00+01:00,5214.0575,16794.28102,27182.91821,47663.225,49.5
2024-03-01T03:00+01:00,4913.195,16818.1755,27619.68991,48234.1225,49.5
2024-03-01T04:00+01:00,4169.555,17312.42017,27897.77864,49060.58,49.5
2024-03-01T05:00+01:00,4067.1425,18571.00521,27833.08553,51766.5125,49.5
2024-03-01T06:00+01:00,5405.5175,21190.55117,28329.21277,59013.75,49.5
2024-03-01T07:00+01:00,7125.8525,22452.42621,29125.7366,64303.0525,49.5
2024-03-01T08:00+01:00,6454.0225,22865.34721,30786.59492,66623.4,49.5
2024-03-01T09:00+01:00,7239.22,22680.0248,31821.03054,66888.02,49.5
2024-03-01T10:00+01:00,7481.4025,22143.14122,31325.84756,66676.3,49.5
2024-03-01T11:00+01:00,9023.4725,21458.97138,30456.43262,66211.7,52.575
2024-03-01T12:00+01:00,10703.165,21313.21394,29818.84269,65398.395,53.6
2024-03-01T13:00+01:00,10199.075,21234.64837,28625.49127,63623.0525,53.6
2024-03-01T14:00+01:00,8829.6275,21652.63163,26909.94376,61038.36,53.6
2024-03-01T15:00+01:00,10783.1575,22256.55341,25519.40405,60922.0225,53.6
2024-03-01T16:00+01:00,11289.435,23076.40914,23024.16217,60815.3925,53.6
2024-03-01T17:00+01:00,11713.35,23731.51055,21093.24762,61881.005,53.6
2024-03-01T18:00+01:00,8361.63,24202.53027,22347.07573,63236.765,53.6
2024-03-01T19:00+01:00,7858.565,24281.8819,24270.44643,62456.4925,53.6
2024-03-01T20:00+01:00,6999.33,22993.41655,25220.38454,58873.32,53.6
2024-03-01T21:00+01:00,4830.4025,21748.37907,25521.88898,55645.285,53.6
2024-03-01T22:00+01:00,5587.08,19662.65862,25050.68123,52549.69,53.6
2024-03-01T23:00+01:00,4139.3325,17602.75228,24511.03924,48785.8225,53.6
2024-03-02T00:00+01:00,3744.2975,16469.47601,24933.02368,45912.4575,53.6
2024-03-02T01:00+01:00,2393.615,16017.39615,24977.30468,44708.6325,53.6
2024-03-02T02:00+01:00,2754.6575,15848.25865,25621.86594,44065.4325,53.6
2024-03-02T03:00+01:00,2533.6275,15565.59975,26191.79386,43956.3975,53.6
2024-03-02T04:00+01:00,2609.3,15871.99812,25927.4523,44672.17,53.6
2024-03-02T05:00+01:00,2835.9275,16183.45111,25579.1917,45233.3,53.6
2024-03-02T06:00+01:00,1871.26,16370.32234,25506.12443,46631.595,53.6
2024-03-02T07:00+01:00,2510.7,17042.15505,25903.26915,48527.2975,53.6
2024-03-02T08:00+01:00,3388.29,16726.65627,27378.63019,51279.3375,53.6
2024-03-02T09:00+01:00,4122.3375,16020.19074,29845.07171,53726.045,53.6
2024-03-02T10:00+01:00,4291.6925,14838.69812,33199.74052,54104.3225,53.6
2024-03-02T11:00+01:00,3103.64,14092.53967,36356.59309,54187.77,53.6
2024-03-02T12:00+01:00,1269.115,13440.02854,39042.28907,53422.0325,53.6
2024-03-02T13:00+01:00,-890.77,13014.27466,39472.38208,51250.295,53.6
2024-03-02T14:00+01:00,-1460.8375,13812.95806,36823.10092,49450.0525,53.6
2024-03-02T15:00+01:00,-1014.3675,16018.55804,31440.59799,48508.26,53.6
2024-03-02T16:00+01:00,1447.93,18391.80613,25091.90068,49107.155,53.6
2024-03-02T17:00+01:00,2569.465,20428.40312,21298.42816,51797.67,53.6
2024-03-02T18:00+01:00,833.745,21037.02962,25163.29779,55340.5625,53.6
2024-03-02T19:00+01:00,-2518.27,20729.7684,30379.16296,55132.8425,53.6
2024-03-02T20:00+01:00,-4539.47,18597.38525,32860.38223,52212.78,53.6
2024-03-02T21:00+01:00,-4626.755,16189.05067,32910.30995,49126.4775,53.6
2024-03-02T22:00+01:00,-2667.955,15679.46854,31670.38524,47814.52,53.6
2024-03-02T23:00+01:00,-4108.9075,14969.6058,30136.38631,44832.9375,53.6
2024-03-03T00:00+01:00,-5407.4675,15020.75,29226.10588,42153.6075,53.6
2024-03-03T01:00+01:00,-4579.08,14313.19024,28714.32717,40847.435,53.6
2024-03-03T02:00+01:00,-4404.25,14432.86522,27428.15874,39877.0975,53.6
2024-03-03T03:00+01:00,-3655.2,14527.67453,26406.62896,39063.94,53.6
2024-03-03T04:00+01:00,-3016.31,14357.98056,25594.84984,39319.76,53.6
2024-03-03T05:00+01:00,-2249.82,14817.4121,24794.87778,40052.59,53.6
2024-03-03T06:00+01:00,-1812.525,15474.01214,24089.8962,40634.54,53.6
2024-03-03T07:00+01:00,-1055.0025,15687.94527,25899.63043,42959.2625,53.6
2024-03-03T08:00+01:00,-2390.85,14786.17418,30130.52325,46572.6925,53.6
2024-03-03T09:00+01:00,-3402.2825,14949.87968,33528.01506,49288.84,53.6
2024-03-03T10:00+01:00,-5063.815,14611.78683,37611.44866,50685.16,53.6
2024-03-03T11:00+01:00,-5556.1875,14586.45225,40000.72051,50998.0025,53.6
2024-03-03T12:00+01:00,-6815.535,14425.45449,41537.48543,50147.84,53.6
2024-03-03T13:00+01:00,-6915.61,13348.49181,41149.75869,47190.995,53.6
2024-03-03T14:00+01:00,-5706.625,12898.24191,38420.7661,46040.3075,53.6
2024-03-03T15:00+01:00,-3060.9525,13897.42297,34149.69733,45305.4575,53.6
2024-03-03T16:00+01:00,1000.375,16582.4173,27262.58403,46072.205,53.6
2024-03-03T17:00+01:00,4240.6475,19506.76741,22187.11114,49767.6425,53.6
2024-03-03T18:00+01:00,2838.1175,21132.02636,23221.91344,54484.4625,53.6
2024-03-03T19:00+01:00,2266.495,21681.3572,24131.85754,54416.9825,53.6
2024-03-03T20:00+01:00,2173.6025,21587.93731,23825.8846,52004.1225,53.6
2024-03-03T21:00+01:00,1883.3775,21272.15676,22776.15888,49893.235,53.6
2024-03-03T22:00+01:00,2948.975,21150.8521,21431.53226,48936.6025,53.6
2024-03-03T23:00+01:00,3498.755,20450.05732,19142.60065,46011.225,53.6
2024-03-04T00:00+01:00,2127.3825,20227.75865,17161.13607,43558.2925,53.6
2024-03-04T01:00+01:00,3865.6575,20360.28061,15630.47448,42725.1825,53.6
2024-03-04T02:00+01:00,4274.9925,20619.57382,14879.43579,42256.6575,53.6
2024-03-04T03:00+01:00,5362.83,20963.51932,14470.12641,42727.99,53.6
2024-03-04T04:00+01:00,4657.76,22783.21166,14536.66034,44651.215,53.6
2024-03-04T05:00+01:00,4028.4575,26073.50044,14676.64885,48696.8175,53.6
2024-03-04T06:00+01:00,7326.74,29326.19438,14766.96363,57024.09,53.6
2024-03-04T07:00+01:00,7708.9075,30917.4642,15352.61977,62656.2975,53.6
2024-03-04T08:00+01:00,6504.9975,31554.45779,17945.97898,65985.4025,53.6
2024-03-04T09:00+01:00,6367.2975,31025.23007,20497.60534,66857.1625,53.6
2024-03-04T10:00+01:00,6936.29,30110.63596,22680.26189,67702.34,53.6
2024-03-04T11:00+01:00,7193.505,28547.95737,24434.75751,68097.515,53.6
2024-03-04T12:00+01:00,9244.3175,28036.71317,25538.26562,68013.935,53.6
2024-03-04T13:00+01:00,8401.035,28151.43474,25068.69267,67055.865,53.6
2024-03-04T14:00+01:00,8685.93,28691.1778,23068.56126,65467.7975,53.6
2024-03-04T15:00+01:00,7895.635,29850.98849,20869.73764,64301.3975,53.6
2024-03-04T16:00+01:00,7891.995,31439.83593,18500.24315,63889.16,53.6
2024-03-04T17:00+01:00,8667.34,32748.78153,16684.60893,65354.7225,53.6
2024-03-04T18:00+01:00,8077.1375,33189.4474,16926.40369,67400.1125,53.6
2024-03-04T19:00+01:00,5844.0325,33435.90362,17460.9122,66381.8475,53.6
2024-03-04T20:00+01:00,6538.0075,32589.30269,18033.00765,62890.795,53.6
2024-03-04T21:00+01:00,5346.26,31168.21272,18861.94176,59737.165,53.6
2024-03-04T22:00+01:00,3282.63,29468.06257,19236.82822,56086.6875,53.6
2024-03-04T23:00+01:00,2781.02,27042.40925,19053.22215,51904.2675,53.6
2024-03-05T00:00+01:00,5379.6425,24751.30497,18594.7336,49381.26,53.6
2024-03-05T01:00+01:00,5220.98,23917.1513,18459.14733,47895.795,53.6
2024-03-05T02:00+01:00,5361.3325,23493.66101,18509.84255,47173.9425,53.6
2024-03-05T03:00+01:00,5377.7075,23928.13492,18749.35742,47608.365,53.6
2024-03-05T04:00+01:00,5269.085,24648.56761,18788.8489,49148.8775,53.6
2024-03-05T05:00+01:00,3607.31,27133.26705,19117.61517,52533.7325,53.6
2024-03-05T06:00+01:00,4273.565,30865.62615,20160.13345,59900.71,53.6
2024-03-05T07:00+01:00,5566.9575,32854.91526,21424.08507,64612.565,53.6
2024-03-05T08:00+01:00,4351.82,33698.43795,24340.09109,67801.895,53.6
2024-03-05T09:00+01:00,3286.0525,33333.46269,27673.68275,69243.2625,53.6
2024-03-05T10:00+01:00,2243.93,32471.08536,30124.70354,69992.4975,53.6
2024-03-05T11:00+01:00,2397.935,31669.90867,31253.81844,70041.255,53.6
2024-03-05T12:00+01:00,1880.59,32349.71769,30239.25017,68743.27,53.6
2024-03-05T13:00+01:00,1159.1975,32856.90176,28894.49828,67838.6825,53.6
2024-03-05T14:00+01:00,2018.9025,32884.87566,27431.4322,66463.595,53.6
2024-03-05T15:00+01:00,2486.2225,33280.17012,25782.331,65714.6425,53.6
2024-03-05T16:00+01:00,3502.79,34365.32219,24071.50168,65452.9,53.6
2024-03-05T17:00+01:00,4175.2775,35327.51605,22208.55493,66340.275,53.6
2024-03-05T18:00+01:00,1406.2375,36279.46989,22375.77943,68052.075,53.6
2024-03-05T19:00+01:00,362.9075,36530.84929,21649.51522,67350.1275,53.6
2024-03-05T20:00+01:00,219.5625,35363.4784,20717.72399,63856.1025,53.6
2024-03-05T21:00+01:00,793.2225,34092.5178,19767.48183,59989.4875,53.6
2024-03-05T22:00+01:00,439.1175,32909.60469,18920.81039,56526.185,53.6
2024-03-05T23:00+01:00,542.385,31122.50914,18371.99493,52879.2325,53.6
2024-03-06T00:00+01:00,724.24,29659.33772,16850.98702,50191.335,53.6
2024-03-06T01:00+01:00,1017.9,29010.27246,15170.79798,48467.09,53.6
2024-03-06T02:00+01:00,1744.8675,29164.0487,14211.93436,47691.0225,53.6
2024-03-06T03:00+01:00,4189.0125,28872.74454,13580.44971,48148.6875,53.6
2024-03-06T04:00+01:00,4518.5975,29496.03615,13293.4904,49423.865,53.6
2024-03-06T05:00+01:00,3949.64,31328.77424,13469.54528,52329.09,53.6
2024-03-06T06:00+01:00,7251.7875,33664.07572,13460.06979,58967.6125,53.6
2024-03-06T07:00+01:00,6288.8175,34624.60338,14552.22665,63427.1025,53.6
2024-03-06T08:00+01:00,5779.11,34673.86102,17263.005,65721.4575,53.6
2024-03-06T09:00+01:00,4892.05,34473.7085,21184.70503,66069.35,53.6
2024-03-06T10:00+01:00,4644.475,32473.62308,24924.50634,66335.545,53.6
2024-03-06T11:00+01:00,4324.1325,30081.7367,26769.77325,65902.5125,53.6
2024-03-06T12:00+01:00,6143.29,28940.2961,26933.08625,65572.345,53.6
2024-03-06T13:00+01:00,5350.225,29394.8433,26019.86129,65082.935,53.6
2024-03-06T14:00+01:00,5896.975,29946.76438,23467.68844,63822.7075,53.6
2024-03-06T15:00+01:00,5921.9075,31600.65468,19915.5951,63149.9225,53.6
2024-03-06T16:00+01:00,6529.7275,34053.75138,16249.72959,62910.5025,53.6
2024-03-06T17:00+01:00,7247.5975,34900.11994,13886.48479,64623.19,53.6
2024-03-06T18:00+01:00,6430.42,35444.44678,14398.70577,66665.295,53.6
2024-03-06T19:00+01:00,3612.615,35651.16381,15708.54625,66508.7775,53.6
2024-03-06T20:00+01:00,2377.835,34832.552,16322.32108,62856.12,53.6
2024-03-06T21:00+01:00,2555.9625,33186.67697,16837.21136,59414.415,53.6
2024-03-06T22:00+01:00,2728.7725,30825.12839,17107.26275,56370.1525,53.6
2024-03-06T23:00+01:00,2092.3425,28581.18074,16992.49736,52226.2275,53.6
2024-03-07T00:00+01:00,945.325,27069.24963,16804.84994,49056.7175,53.6
2024-03-07T01:00+01:00,1384.27,26048.19295,15707.585,47611.0575,53.6
2024-03-07T02:00+01:00,1935.28,26026.38087,15158.07511,46870.7675,53.6
2024-03-07T03:00+01:00,3586.6425,26391.48315,14907.19264,47539.87,53.6
2024-03-07T04:00+01:00,3523,26879.5482,15333.81182,48971.335,53.6
2024-03-07T05:00+01:00,3867.3125,27875.20655,16257.758,52200.845,53.6
2024-03-07T06:00+01:00,5153.1475,30030.6224,17165.48097,58838.135,53.6
2024-03-07T07:00+01:00,3614.1175,30564.2715,19365.35967,63106.2325,53.6
2024-03-07T08:00+01:00,2523.0725,30819.57825,23588.30538,66264.445,53.6
2024-03-07T09:00+01:00,1563.1625,29778.21301,28654.07263,66961.3425,53.6
2024-03-07T10:00+01:00,204.15,26269.16576,33818.78209,67411.4825,53.6
2024-03-07T11:00+01:00,1697.8875,23470.89945,36918.31874,66659.5975,53.6
2024-03-07T12:00+01:00,3651.04,21291.44365,37384.62439,65907.19,53.6
2024-03-07T13:00+01:00,2745.6875,21496.00362,35671.97217,64856.9775,53.6
2024-03-07T14:00+01:00,3319.385,23242.22775,33237.92284,63380.325,53.6
2024-03-07T15:00+01:00,3676.3,25343.58864,30012.67239,62907.8075,53.6
2024-03-07T16:00+01:00,3689.2125,27420.91429,25635.66442,62337.215,53.6
2024-03-07T17:00+01:00,6039.2425,28609.42734,22157.69036,63254.395,53.6
2024-03-07T18:00+01:00,5829.65,28364.67487,23501.32952,65280.8125,53.6
2024-03-07T19:00+01:00,3192.9525,27717.87469,26755.59402,65758.925,53.6
2024-03-07T20:00+01:00,1701.06,25601.27712,28999.06706,62466.2125,53.6
2024-03-07T21:00+01:00,2168.9925,23613.59402,29272.85301,58760.2675,53.6
2024-03-07T22:00+01:00,2157.3675,22264.67419,28714.93576,55418.97,53.6
2024-03-07T23:00+01:00,2127.3675,20181.76407,27749.78761,51855.7475,53.6
2024-03-08T00:00+01:00,2745.405,18685.53862,27130.85172,49245.7425,53.6
2024-03-08T01:00+01:00,2270.935,18057.42395,27113.95966,47352.53,53.6
2024-03-08T02:00+01:00,3151.6475,17604.57753,26945.89941,46511.9925,53.6
2024-03-08T03:00+01:00,4730.82,17193.15006,26527.69468,47331.9575,53.6
2024-03-08T04:00+01:00,5005.9375,17997.65085,26537.05005,48619.5025,53.6
2024-03-08T05:00+01:00,4307.4425,19350.67152,27394.60116,51660.205,53.6
2024-03-08T06:00+01:00,5398.6825,20931.84428,28725.32245,58333.51,53.6
2024-03-08T07:00+01:00,2023.065,21077.67209,31347.91979,62313.9875,53.6
2024-03-08T08:00+01:00,-713.4825,20011.66012,36455.03241,64721.2275,53.6
2024-03-08T09:00+01:00,-4138.095,18090.8281,43589.60777,64687.115,53.6
2024-03-08T10:00+01:00,-6887.025,14976.42585,52357.0149,65014.51,53.6
2024-03-08T11:00+01:00,-10581.315,12425.38319,59443.54343,64688.11,56.225
2024-03-08T12:00+01:00,-11507.5,11290.53958,63052.31739,62522.8275,57.1
2024-03-08T13:00+01:00,-12553.6725,10893.25341,62878.45953,60282.71,57.1
2024-03-08T14:00+01:00,-11118.38,10718.59238,60021.4472,58706.6875,57.1
2024-03-08T15:00+01:00,-9477.8925,11031.61601,56324.33318,57805.45,57.1
2024-03-08T16:00+01:00,-5374.9175,13018.175,48138.28881,58198.915,57.1
2024-03-08T17:00+01:00,-462.6075,15766.53628,40345.67968,60613.9075,57.1
2024-03-08T18:00+01:00,-2235.495,16411.60232,40570.73357,63758.2325,57.1
2024-03-08T19:00+01:00,-2660.06,15706.60407,42984.95622,64262.05,57.1
2024-03-08T20:00+01:00,-2007.4,15107.58914,43900.10217,60427.7175,57.1
2024-03-08T21:00+01:00,-3065.41,14003.48126,43216.63147,56805.07,57.1
2024-03-08T22:00+01:00,-3249.12,13785.80729,41185.20553,54143.9425,57.1
2024-03-08T23:00+01:00,-3458.095,13049.89161,39529.774,51260.26,57.1
2024-03-09T00:00+01:00,-2978.215,11567.21993,38128.48537,48449.8775,57.1
2024-03-09T01:00+01:00,-3007.4,11082.64914,36124.42016,46026.37,57.1
2024-03-09T02:00+01:00,-2588.7525,10783.21222,34712.07166,44722.485,57.1
2024-03-09T03:00+01:00,-1496.7875,10728.00388,33953.76695,44486.09,57.1
2024-03-09T04:00+01:00,-1119.7475,10678.89595,34236.60543,45167.0075,57.1
2024-03-09T05:00+01:00,-699.2725,10720.55474,34493.55046,46043.9375,57.1
2024-03-09T06:00+01:00,-750.6075,11128.97382,34842.35802,47325.55,57.1
2024-03-09T07:00+01:00,-2823.685,11289.65667,37417.47327,49496.12,57.1
2024-03-09T08:00+01:00,-4194.7675,11220.11884,43436.91245,52846.4425,57.1
2024-03-09T09:00+01:00,-7921.5175,10581.59102,49936.42562,55466.51,57.1
2024-03-09T10:00+01:00,-11768.0725,9931.425357,56162.84806,55977.19,57.1
2024-03-09T11:00+01:00,-14326.595,9789.237069,60076.35406,55870.5325,57.1
2024-03-09T12:00+01:00,-15323.1575,9746.528157,59976.36493,54543.76,57.1
2024-03-09T13:00+01:00,-15491.41,9694.209463,58177.75534,52573.065,57.1
2024-03-09T14:00+01:00,-14054.695,9777.630115,55687.39094,51849.0075,57.1
2024-03-09T15:00+01:00,-10468.8,10061.42109,50703.22254,51972.065,57.1
2024-03-09T16:00+01:00,-4838.82,11822.53695,40918.34985,51686.8825,57.1
2024-03-09T17:00+01:00,-1669.19,14926.43435,33339.56048,53838.345,57.1
2024-03-09T18:00+01:00,-588.965,15940.43746,33133.7748,56498.3525,57.1
2024-03-09T19:00+01:00,-1572.9725,15156.05407,36014.85009,56642.4375,57.1
2024-03-09T20:00+01:00,-2586.355,13177.44021,37342.63651,53451.05,57.1
2024-03-09T21:00+01:00,-2279.1025,12549.017,37779.40788,50834.605,57.1
2024-03-09T22:00+01:00,-2333.58,12507.95407,37199.35128,49122.62,57.1
2024-03-09T23:00+01:00,-4389.7725,12394.76082,36947.93465,46226.065,57.1
2024-03-10T00:00+01:00,-7060.925,11478.96277,36419.63386,43216.3425,57.1
2024-03-10T01:00+01:00,-8265.4925,10808.91114,36717.39904,41705.2075,57.1
2024-03-10T02:00+01:00,-8735.215,10546.15535,36735.27132,40987.325,57.1
2024-03-10T03:00+01:00,-8384.6525,10482.4898,36574.16541,40520.1575,57.1
2024-03-10T04:00+01:00,-8524.675,10229.34754,37203.51363,41107.6975,57.1
2024-03-10T05:00+01:00,-8366.85,10249.72036,38428.51578,41678.315,57.1
2024-03-10T06:00+01:00,-9579.815,10305.78811,39704.0038,42381.39,57.1
2024-03-10T07:00+01:00,-11073.61,10356.13743,42176.56021,44591.945,57.1
2024-03-10T08:00+01:00,-11169.5,9728.754409,45587.68568,47793.9425,57.1
2024-03-10T09:00+01:00,-11340.51,9672.635311,47967.00939,50879.6375,57.1
2024-03-10T10:00+01:00,-11593.74,9478.412955,50835.61717,53165.7275,57.1
2024-03-10T11:00+01:00,-11572.2175,9493.150519,52321.15059,54467.485,57.1
2024-03-10T12:00+01:00,-10803.8225,9697.335317,53184.70434,54560.635,57.1
2024-03-10T13:00+01:00,-10636.8575,9702.550579,52220.72815,53033.0475,57.1
2024-03-10T14:00+01:00,-11247.525,10525.6683,49397.90953,50585.79,57.1
2024-03-10T15:00+01:00,-8648.385,11522.37376,45189.01001,50623.7775,57.1
2024-03-10T16:00+01:00,-6393.755,12832.23778,40121.93935,50687.2425,57.1
2024-03-10T17:00+01:00,-2461.105,14421.85808,37719.04914,53143.115,57.1
2024-03-10T18:00+01:00,-1302.4,15411.12202,37663.43607,56310.4225,57.1
2024-03-10T19:00+01:00,-2030.935,16028.04836,36819.60291,56146.1225,57.1
2024-03-10T20:00+01:00,-1900.335,15795.43922,36154.57734,53510.555,57.1
2024-03-10T21:00+01:00,-1527.62,14867.38526,35748.28529,51757.1175,57.1
2024-03-10T22:00+01:00,-2051.305,14870.17359,34468.79465,50587.21,57.1
2024-03-10T23:00+01:00,-2317.49,14155.57771,33250.99365,47703.63,57.1
2024-03-11T00:00+01:00,-2340.36,13538.07809,32786.07034,45664.0725,57.1
2024-03-11T01:00+01:00,-3111.685,13398.16398,32092.36239,44058.0075,57.1
2024-03-11T02:00+01:00,-2855.765,13633.96666,31254.17642,43223.725,57.1
2024-03-11T03:00+01:00,-1741.89,14057.45465,30598.80155,43860.92,57.1
2024-03-11T04:00+01:00,63.695,15040.1825,29942.88745,45822.9225,57.1
2024-03-11T05:00+01:00,-248.5725,17504.09945,30257.50094,49737.84,57.1
2024-03-11T06:00+01:00,2997.145,20299.60278,29995.79966,58049.3575,57.1
2024-03-11T07:00+01:00,2732.5925,21649.9729,31887.24944,63389.42,57.1
2024-03-11T08:00+01:00,1123.11,22022.58113,36362.41518,66435.9075,57.1
2024-03-11T09:00+01:00,-2090.725,21148.91713,41973.95753,67118.5475,57.1
2024-03-11T10:00+01:00,-3817.42,19919.19039,46168.75596,67331.5125,57.1
2024-03-11T11:00+01:00,-3979.2575,18455.11336,47981.71011,66900.1825,57.1
2024-03-11T12:00+01:00,-2748.7575,18213.39774,48157.3431,66728.575,57.1
2024-03-11T13:00+01:00,-2362.6625,17922.51222,45596.59583,65926.405,57.1
2024-03-11T14:00+01:00,-2834.805,20012.04136,42040.01348,64357.62,57.1
2024-03-11T15:00+01:00,-221.9925,21779.15304,36227.76511,63417.73,57.1
2024-03-11T16:00+01:00,2522.06,23542.28123,29419.59848,63244.965,57.1
2024-03-11T17:00+01:00,5647.0425,25650.20406,22691.59114,64643.9225,57.1
2024-03-11T18:00+01:00,7474.645,27447.79165,20116.55579,65933.3775,57.1
2024-03-11T19:00+01:00,7574.13,27573.22318,18978.72957,65245.9975,57.1
2024-03-11T20:00+01:00,6874.325,27733.27568,17974.51976,61380.99,57.1
2024-03-11T21:00+01:00,6700.9925,27025.5514,17007.78957,57675.8775,57.1
2024-03-11T22:00+01:00,5745.855,26080.90328,16250.53611,54528.21,57.1
2024-03-11T23:00+01:00,6115.055,24901.82057,15689.68006,50717.15,57.1
2024-03-12T00:00+01:00,6196.86,24370.72722,15032.99778,48372.0075,57.1
2024-03-12T01:00+01:00,6951.1575,23545.88519,14154.71684,46463.1225,57.1
2024-03-12T02:00+01:00,6674.565,23585.31444,13852.53704,45676.4675,57.1
2024-03-12T03:00+01:00,7996.38,23405.83994,13658.79679,46120.49,57.1
2024-03-12T04:00+01:00,8237.3925,24131.12101,13386.99548,47671.805,57.1
2024-03-12T05:00+01:00,7683.1675,25602.95153,13340.16095,51001.5725,57.1
2024-03-12T06:00+01:00,9398.3675,28218.3051,13300.55551,57543.8825,57.1
2024-03-12T07:00+01:00,9273.305,29576.29904,15054.25276,62511.215,57.1
2024-03-12T08:00+01:00,8368.3,30001.44951,17996.88881,65703.6075,57.1
2024-03-12T09:00+01:00,6039.4225,30327.59319,20620.89294,66133.74,57.1
2024-03-12T10:00+01:00,6487.5975,30105.67694,22770.06328,66795.0025,57.1
2024-03-12T11:00+01:00,7121.8,29400.51663,23640.37888,67586.16,57.1
2024-03-12T12:00+01:00,7031.66,29486.11222,23088.16362,66949.99,57.1
2024-03-12T13:00+01:00,7254.0125,29453.53776,21897.00859,65803.0725,57.1
2024-03-12T14:00+01:00,7559.4225,29955.17527,20711.12925,64252.13,57.1
2024-03-12T15:00+01:00,8695.1475,30625.27636,18481.62655,63294.8175,57.1
2024-03-12T16:00+01:00,8996.755,31538.93958,15788.87796,62550.6825,57.1
2024-03-12T17:00+01:00,10082.4725,32215.92123,13409.75658,63917.765,57.1
2024-03-12T18:00+01:00,10266.4925,32867.65011,12602.11569,65468.0075,57.1
2024-03-12T19:00+01:00,9328.1075,32574.59544,13004.00925,64698.16,57.1
2024-03-12T20:00+01:00,9304.5225,31268.46007,13434.29378,61085.1225,57.1
2024-03-12T21:00+01:00,8847.5675,29792.7615,14179.28218,57568.0225,57.1
2024-03-12T22:00+01:00,7830.9675,27470.46272,14491.99287,54391.3825,57.1
2024-03-12T23:00+01:00,6950.905,25059.02928,14601.14181,50955.4925,57.1
2024-03-13T00:00+01:00,7238.1025,23425.76651,14707.35753,48327.71,57.1
2024-03-13T01:00+01:00,8622.6075,22601.15315,14753.54113,46585.61,57.1
2024-03-13T02:00+01:00,8480.2175,22443.57172,14992.0434,45895.7775,57.1
2024-03-13T03:00+01:00,8699.375,22282.34284,15630.05734,46833.1625,57.1
2024-03-13T04:00+01:00,8213.3425,22703.61213,15825.5458,48180.89,57.1
2024-03-13T05:00+01:00,7236.2,24128.00332,16442.27585,51259.31,57.1
2024-03-13T06:00+01:00,9091.9225,26038.44677,17221.52349,58236.8925,57.1
2024-03-13T07:00+01:00,7576.6175,26829.41937,19559.38103,62885.46,57.1
2024-03-13T08:00+01:00,7569.7225,26792.52242,23287.70638,65459.92,57.1
2024-03-13T09:00+01:00,6488.93,26532.24025,26251.73119,65818.905,57.1
2024-03-13T10:00+01:00,5814.9575,25839.3137,29531.37116,66835.6675,57.1
2024-03-13T11:00+01:00,5913.51,25297.88996,31757.36454,67205.9375,57.1
2024-03-13T12:00+01:00,7256.365,24842.59095,32194.54352,66675.965,57.1
2024-03-13T13:00+01:00,6719.2725,24947.86576,31458.34687,65673.1675,57.1
2024-03-13T14:00+01:00,7471.225,24634.01938,29586.91409,64415.4925,57.1
2024-03-13T15:00+01:00,7448.5625,25419.64067,27257.86838,64025.9875,57.1
2024-03-13T16:00+01:00,8925.745,26979.85026,23606.79839,63552.26,57.1
2024-03-13T17:00+01:00,8704.0275,28915.17233,21268.57698,64914.3725,57.1
2024-03-13T18:00+01:00,8707.8825,29135.37826,21417.63615,66778.61,57.1
2024-03-13T19:00+01:00,6919.155,28820.42002,22447.57955,66066.765,57.1
2024-03-13T20:00+01:00,5411.545,27682.28705,23302.87509,62733.98,57.1
2024-03-13T21:00+01:00,5834.8025,25015.62782,23940.76078,58874.7125,57.1
2024-03-13T22:00+01:00,4856.85,23050.921,23541.45783,55321.455,57.1
2024-03-13T23:00+01:00,3370.265,21895.82413,23461.40809,51431.635,57.1
2024-03-14T00:00+01:00,4419.0375,19058.2332,23560.74091,48602.6175,57.1
2024-03-14T01:00+01:00,6037.055,17158.17877,23037.34453,46667.4725,57.1
2024-03-14T02:00+01:00,6342.395,17383.17214,22855.41706,46081.3825,57.1
2024-03-14T03:00+01:00,7562.32,17269.35391,22634.85117,46509.8275,57.1
2024-03-14T04:00+01:00,7289.5625,18406.91744,22181.30509,48009.885,57.1
2024-03-14T05:00+01:00,6298.335,20845.68128,22312.85872,51545.665,57.1
2024-03-14T06:00+01:00,8114.305,22960.2269,23002.30603,58951.0925,57.1
2024-03-14T07:00+01:00,7833.8875,23410.2887,24354.63567,63474.18,57.1
2024-03-14T08:00+01:00,7937.6075,23304.37749,27497.47436,65690.085,57.1
2024-03-14T09:00+01:00,7065.39,22083.39839,31635.93546,65522.7375,57.1
2024-03-14T10:00+01:00,6817.6075,19585.82732,37399.36201,65071.4,57.1
2024-03-14T11:00+01:00,6279.54,17487.46145,42348.17908,65022.1925,57.1
2024-03-14T12:00+01:00,5240.6425,15956.33196,44466.44907,63303.4025,57.1
2024-03-14T13:00+01:00,4178.575,15490.01024,45101.59411,61925.08,57.1
2024-03-14T14:00+01:00,4122.0375,15593.46325,42854.13815,60623.6475,57.1
2024-03-14T15:00+01:00,5134.08,16802.35781,37604.75816,60286.9975,57.1
2024-03-14T16:00+01:00,4477.4,21041.64784,29232.11677,60292.5825,57.1
2024-03-14T17:00+01:00,8410.485,24284.72736,22502.86718,62464.03,57.1
2024-03-14T18:00+01:00,8996.7975,25379.54042,22485.38008,65246.235,57.1
2024-03-14T19:00+01:00,6010.9925,24903.98139,26195.66853,65621.7025,57.1
2024-03-14T20:00+01:00,3543.5375,23434.61519,29794.28016,62718.335,57.1
2024-03-14T21:00+01:00,1596.2625,21322.68928,31521.02665,58654.5075,57.1
2024-03-14T22:00+01:00,2113.95,18316.62106,32133.89595,54860.9675,57.1
2024-03-14T23:00+01:00,1193.9425,15554.22266,32819.45502,51141.5775,57.1
2024-03-15T00:00+01:00,2054.815,12550.88073,32966.11851,48083.3625,57.1
2024-03-15T01:00+01:00,1463.8575,12197.71136,32643.27218,46662.3575,57.1
2024-03-15T02:00+01:00,2065.21,12191.18002,32140.95915,45437.3375,57.1
2024-03-15T03:00+01:00,2425.6575,12354.63001,32136.84005,46427.685,57.1
2024-03-15T04:00+01:00,2558.125,13940.3825,32207.73456,47744.9475,57.1
2024-03-15T05:00+01:00,2116.06,15227.37569,32595.50452,51078.9675,57.1
2024-03-15T06:00+01:00,2562.2925,17134.64461,34051.44448,57583.9675,57.1
2024-03-15T07:00+01:00,1675.1225,17423.28424,37093.38457,62561.725,57.1
2024-03-15T08:00+01:00,1920.72,16471.62686,41623.19949,65647.7725,57.1
2024-03-15T09:00+01:00,711.475,13990.05469,45429.72758,65129.355,57.1
2024-03-15T10:00+01:00,272.6975,11949.10803,50470.96176,65386.68,57.1
2024-03-15T11:00+01:00,-1375.745,11603.29533,54805.23662,66127.055,57.5875
2024-03-15T12:00+01:00,-2362.8475,11370.2556,55383.26272,65219.045,57.75
2024-03-15T13:00+01:00,-1796.62,11174.03737,53516.69466,63530.39,57.75
2024-03-15T14:00+01:00,1120.1725,11424.14838,50290.44347,61862.2325,57.75
2024-03-15T15:00+01:00,3310.32,12326.82625,45462.89487,60346.9125,57.75
2024-03-15T16:00+01:00,3310.9575,14939.75703,39204.31082,60402.675,57.75
2024-03-15T17:00+01:00,4312.6975,16993.95119,34146.50505,61771.33,57.75
2024-03-15T18:00+01:00,5397.8125,17266.62587,32971.56851,63022.975,57.75
2024-03-15T19:00+01:00,4317.865,16899.56609,33355.8669,62874.71,57.75
2024-03-15T20:00+01:00,3314.2725,16014.71004,34415.61752,59596.3875,57.75
2024-03-15T21:00+01:00,2314.165,14756.2984,35361.85209,55742.65,57.75
2024-03-15T22:00+01:00,695.3925,14139.68531,34644.65391,51996.455,57.75
2024-03-15T23:00+01:00,389.4275,12287.86274,35336.3706,48464.6625,57.75
2024-03-16T00:00+01:00,-1274.365,10512.59649,35710.51476,45528.8925,57.75
2024-03-16T01:00+01:00,-1558.87,9630.593367,36482.918,43939.83,57.75
2024-03-16T02:00+01:00,-2390.305,9646.5702,36501.21577,42914.93,57.75
2024-03-16T03:00+01:00,-2065.8225,9689.555655,37207.05467,43163.445,57.75
2024-03-16T04:00+01:00,-368.4175,9714.346421,36962.33847,43912.3725,57.75
2024-03-16T05:00+01:00,-1347.64,9715.023163,36750.90378,43846.5825,57.75
2024-03-16T06:00+01:00,-1358.5675,9856.342085,37204.5218,45417.945,57.75
2024-03-16T07:00+01:00,-1356.5975,10317.3022,38348.74102,47901.0125,57.75
2024-03-16T08:00+01:00,-2223.5375,10789.98292,40249.95609,50840.395,57.75
2024-03-16T09:00+01:00,-2857.435,10740.76701,44158.2479,53569.0575,57.75
2024-03-16T10:00+01:00,-2520.09,10406.02489,48139.0423,55985.5875,57.75
2024-03-16T11:00+01:00,-4672.7775,10247.28843,52209.72934,58134.9525,57.75
2024-03-16T12:00+01:00,-7641.6,10181.03779,54947.01856,57965.5475,57.75
2024-03-16T13:00+01:00,-9598.6775,10191.40842,55158.17539,56323.505,57.75
2024-03-16T14:00+01:00,-8743.835,10090.47911,52472.36089,54781.985,57.75
2024-03-16T15:00+01:00,-6968.18,10885.64169,48595.69191,53651.2425,57.75
2024-03-16T16:00+01:00,-2014.3675,12266.93786,42023.79271,53056.9125,57.75
2024-03-16T17:00+01:00,592.085,14720.95752,33988.65504,54365.9625,57.75
2024-03-16T18:00+01:00,2309.21,15651.39749,29048.23361,56716.6375,57.75
2024-03-16T19:00+01:00,4613.0175,16070.6723,28057.74053,56497.95,57.75
2024-03-16T20:00+01:00,3559.4625,15878.59377,27361.2241,53470.69,57.75
2024-03-16T21:00+01:00,3911.215,15500.06842,25521.73617,50614.7725,57.75
2024-03-16T22:00+01:00,5495.1725,15659.69299,23297.80747,48699.6875,57.75
2024-03-16T23:00+01:00,6454.06,14523.63963,21299.1999,45862.73,57.75
2024-03-17T00:00+01:00,6179.9575,13846.75676,19772.28552,43432.1475,57.75
2024-03-17T01:00+01:00,6798.9125,13708.9916,18090.52526,41411.3925,57.75
2024-03-17T02:00+01:00,7729.145,13529.73474,16598.66294,40622.1225,57.75
2024-03-17T03:00+01:00,8090.5325,13591.4656,15311.00651,40454.8325,57.75
2024-03-17T04:00+01:00,9153.0125,13842.11095,14353.56907,40827.825,57.75
2024-03-17T05:00+01:00,9767.5575,14006.69757,13678.83823,40857.575,57.75
2024-03-17T06:00+01:00,10093.92,14157.84972,13437.11181,40450.8725,57.75
2024-03-17T07:00+01:00,9503.8075,12997.59104,17466.18408,41975.7525,57.75
2024-03-17T08:00+01:00,7821.655,11436.43321,25497.80622,45211.2575,57.75
2024-03-17T09:00+01:00,5615.9075,10726.19515,33553.16402,48185.5975,57.75
2024-03-17T10:00+01:00,2232.2725,10472.39531,37870.54496,49505.1625,57.75
2024-03-17T11:00+01:00,-481.145,10454.96295,39748.73594,50318.995,57.75
2024-03-17T12:00+01:00,-210.06,10380.69743,40236.50939,49757.495,57.75
2024-03-17T13:00+01:00,533.12,10381.21247,37235.03355,47338.8175,57.75
2024-03-17T14:00+01:00,2169.5675,10454.84332,33514.99916,45578.075,57.75
2024-03-17T15:00+01:00,4433.71,11567.0561,29045.73138,44852.56,57.75
2024-03-17T16:00+01:00,5459.785,14874.34288,22939.45101,45675.015,57.75
2024-03-17T17:00+01:00,9109.675,16395.92296,18488.9341,48731.5925,57.75
2024-03-17T18:00+01:00,7331.28,17747.46306,18836.83369,52242.5825,57.75
2024-03-17T19:00+01:00,8697.345,18511.96232,20965.54186,52657.715,57.75
2024-03-17T20:00+01:00,6164.5125,19093.10424,22086.55419,50537.8525,57.75
2024-03-17T21:00+01:00,4885.29,19039.51752,23633.4696,48986.1325,57.75
2024-03-17T22:00+01:00,4200.0975,18956.44165,24397.99394,47893.4825,57.75
2024-03-17T23:00+01:00,2269.8725,18296.86093,24862.19403,45196.07,57.75
2024-03-18T00:00+01:00,2461.895,17203.03605,25107.00474,43414.5,57.75
2024-03-18T01:00+01:00,3148.6925,16978.96095,25097.66989,42313.8575,57.75
2024-03-18T02:00+01:00,3292.8475,16984.84626,24742.54725,41898.4425,57.75
2024-03-18T03:00+01:00,4333.2525,17492.96772,24328.10138,42398,57.75
2024-03-18T04:00+01:00,4465.8075,18511.129,23608.41128,44217.5075,57.75
2024-03-18T05:00+01:00,3306.61,21338.04798,22454.17444,48252.3675,57.75
2024-03-18T06:00+01:00,4521.85,22441.51055,22238.57125,55744.815,57.75
2024-03-18T07:00+01:00,4882.185,23013.51648,24402.91852,60824.98,57.75
2024-03-18T08:00+01:00,6143.1375,23299.08476,27218.09258,64218.0325,57.75
2024-03-18T09:00+01:00,6283.1875,23005.48232,30357.80264,65302.66,57.75
2024-03-18T10:00+01:00,5957.6075,22200.90577,33373.28347,65820.3175,57.75
2024-03-18T11:00+01:00,7443.1925,20315.51749,34624.69014,65787.1625,57.75
2024-03-18T12:00+01:00,8679.5775,20398.06333,34018.7719,65491.44,57.75
2024-03-18T13:00+01:00,8510.2775,21006.7604,31668.53015,63896.24,57.75
2024-03-18T14:00+01:00,7761.365,22722.09822,28762.9972,62999.6475,57.75
2024-03-18T15:00+01:00,8112.36,24356.64506,24632.77151,61861.23,57.75
2024-03-18T16:00+01:00,9372.1925,26021.49951,19494.55772,61111.735,57.75
2024-03-18T17:00+01:00,10036.5475,28225.19048,15481.7873,62207.2825,57.75
2024-03-18T18:00+01:00,11689.935,29088.37181,14251.3185,64455.1025,57.75
2024-03-18T19:00+01:00,8960.78,29609.92911,15182.24756,64460.2525,57.75
2024-03-18T20:00+01:00,7708.63,28939.87061,15509.01041,60867.0325,57.75
2024-03-18T21:00+01:00,8231.5525,27789.72103,15375.14283,57299.5075,57.75
2024-03-18T22:00+01:00,8226.12,26675.02597,15187.23049,53941.1725,57.75
2024-03-18T23:00+01:00,7110.65,25674.54726,14961.59479,50511.43,57.75
2024-03-19T00:00+01:00,4996.295,24908.15791,14577.668,47929.91,57.75
2024-03-19T01:00+01:00,5842.11,24370.01353,14627.12742,46829.655,57.75
2024-03-19T02:00+01:00,6200.6125,23904.86506,14784.20065,46211.97,57.75
2024-03-19T03:00+01:00,7109.3775,23811.60012,15337.57188,46924.7725,57.75
2024-03-19T04:00+01:00,7076.06,23760.843,16005.59019,48131.8575,57.75
2024-03-19T05:00+01:00,7319.4375,24425.2755,16559.22295,51279.96,57.75
2024-03-19T06:00+01:00,9199.7,26168.22443,17342.51394,58314.6675,57.75
2024-03-19T07:00+01:00,7024.93,26795.66252,21524.14328,62952.705,57.75
2024-03-19T08:00+01:00,5398.05,26240.57715,27163.80644,65732.0125,57.75
2024-03-19T09:00+01:00,3264.995,24148.04037,33990.76534,66909.95,57.75
2024-03-19T10:00+01:00,3018.6625,20492.41906,40839.71192,66242.2375,57.75
2024-03-19T11:00+01:00,3290.9775,17885.54692,44610.57897,65188.2525,57.75
2024-03-19T12:00+01:00,2937.32,16548.29399,43953.80186,62297.4175,57.75
2024-03-19T13:00+01:00,1835.9125,16837.71194,41518.47426,60920.775,57.75
2024-03-19T14:00+01:00,4534.095,18255.3509,36742.64451,60965.075,57.75
2024-03-19T15:00+01:00,5561.8875,21784.7422,30277.84021,60411.58,57.75
2024-03-19T16:00+01:00,7159.255,25078.17769,23217.45378,60001.3575,57.75
2024-03-19T17:00+01:00,9647.6925,27610.34836,17185.45867,61448.31,57.75
2024-03-19T18:00+01:00,11338.23,28605.26582,14837.03209,64156.205,57.75
2024-03-19T19:00+01:00,10033.1275,28794.88518,15284.19756,64160.6875,57.75
2024-03-19T20:00+01:00,6878.93,28973.31566,15498.33215,60762.3475,57.75
2024-03-19T21:00+01:00,7121.32,28457.73249,15016.05384,57067.725,57.75
2024-03-19T22:00+01:00,6371.015,27604.72266,14172.38252,53500.415,57.75
2024-03-19T23:00+01:00,5630.15,26152.79342,13227.14239,49481.2275,57.75
2024-03-20T00:00+01:00,4807.045,26052.73996,12344.51777,46841.5375,57.75
2024-03-20T01:00+01:00,5294.605,25695.09533,11597.82023,45972.08,57.75
2024-03-20T02:00+01:00,4993.4225,25922.46352,10985.57871,45498.0425,57.75
2024-03-20T03:00+01:00,5782.7225,25514.51138,10371.16886,45662.9775,57.75
2024-03-20T04:00+01:00,6899.89,25931.47065,9961.343932,46841.8125,57.75
2024-03-20T05:00+01:00,9145.2475,26911.00674,9692.062926,50243.15,57.75
2024-03-20T06:00+01:00,11901.2,28710.99088,10259.06557,56909.155,57.75
2024-03-20T07:00+01:00,10351.7075,29328.53379,15128.42869,61438.675,57.75
2024-03-20T08:00+01:00,5920.46,28243.72611,22642.97647,63790.95,57.75
2024-03-20T09:00+01:00,3362.5175,25466.61363,29572.33937,63398.3425,57.75
2024-03-20T10:00+01:00,3232.135,22674.84616,34516.08832,62974.375,57.75
2024-03-20T11:00+01:00,3062.98,21235.07117,36958.55076,62480.0975,57.75
2024-03-20T12:00+01:00,3444.015,20005.64172,37437.95067,61577.785,57.75
2024-03-20T13:00+01:00,4052.2325,20416.01864,35732.54551,60811.79,57.75
2024-03-20T14:00+01:00,6068.755,21626.33929,31331.68447,59817.8125,57.75
2024-03-20T15:00+01:00,3918.0825,25651.96141,25015.08045,58939.9775,57.75
2024-03-20T16:00+01:00,6373.9225,29104.22075,17771.07467,58667.5625,57.75
2024-03-20T17:00+01:00,9145.8475,32117.31399,11720.72554,60262.5125,57.75
2024-03-20T18:00+01:00,11536.64,33017.02411,9275.995039,63055.98,57.75
2024-03-20T19:00+01:00,11331.145,32359.47574,9803.90669,63100.005,57.75
2024-03-20T20:00+01:00,9985.4425,31141.74823,10592.74783,59663.09,57.75
2024-03-20T21:00+01:00,7816.8775,29808.7961,11666.51746,55902.335,57.75
2024-03-20T22:00+01:00,7505.98,27991.80079,12641.0066,52622.255,57.75
2024-03-20T23:00+01:00,6221.09,25833.70334,13657.50498,49117.5075,57.75
2024-03-21T00:00+01:00,4550.41,23653.1075,14120.86562,46540.33,57.75
2024-03-21T01:00+01:00,2984.9925,22743.11017,15543.05036,44775.165,57.75
2024-03-21T02:00+01:00,3268.86,22205.31495,18149.34111,44044.9275,57.75
2024-03-21T03:00+01:00,3999.375,20681.28714,20856.22445,44446.1375,57.75
2024-03-21T04:00+01:00,2828.54,20522.25416,22382.54891,46017.24,57.75
2024-03-21T05:00+01:00,2521.18,22105.24931,23078.88482,49874.4375,57.75
2024-03-21T06:00+01:00,5028.185,24281.17987,23383.23313,56608.7275,57.75
2024-03-21T07:00+01:00,3822.91,24734.13332,25792.93336,60608.8,57.75
2024-03-21T08:00+01:00,2633.8275,24767.39388,28732.41948,63212.41,57.75
2024-03-21T09:00+01:00,2856.3075,23875.97838,31842.21675,64254.6775,57.75
2024-03-21T10:00+01:00,2046.755,22544.95048,34740.71273,64409.32,57.75
2024-03-21T11:00+01:00,2961.5275,21273.02576,36653.50623,64080.895,57.75
2024-03-21T12:00+01:00,1953.8275,21434.6949,37966.13202,63302.3725,57.75
2024-03-21T13:00+01:00,1885.7325,20410.46949,38847.79974,62393.8025,57.75
2024-03-21T14:00+01:00,3747.32,18996.67045,37444.76131,61520.905,57.75
2024-03-21T15:00+01:00,2191.575,20455.70095,33783.14511,60286.1975,57.75
2024-03-21T16:00+01:00,3856.8575,23435.69525,28110.03421,59849.8725,57.75
2024-03-21T17:00+01:00,5101.0875,26806.89136,23190.93476,61899.8875,57.75
2024-03-21T18:00+01:00,6619.085,27794.55207,20749.72436,64266.24,57.75
2024-03-21T19:00+01:00,7489.175,27775.42435,20586.45029,64170.105,57.75
2024-03-21T20:00+01:00,5537.5025,27200.81919,20998.74005,61086.5675,57.75
2024-03-21T21:00+01:00,6809.9675,24465.56855,21359.2376,57230.8875,57.75
2024-03-21T22:00+01:00,6228.385,21422.13821,22374.22424,54001.53,57.75
2024-03-21T23:00+01:00,6617.225,17678.36194,23416.4412,49976.8425,57.75
2024-03-22T00:00+01:00,8536.0675,14867.42256,24365.74863,47120.04,57.75
2024-03-22T01:00+01:00,8508.2275,13347.69204,25932.2799,45854.8075,57.75
2024-03-22T02:00+01:00,8641.7525,12809.46616,27429.54296,45695.79,57.75
2024-03-22T03:00+01:00,8208.8525,12779.15478,28355.73639,46086.6825,57.75
2024-03-22T04:00+01:00,7891.1125,13204.77434,28792.10489,47330.3925,57.75
2024-03-22T05:00+01:00,6205.8225,15193.13444,29194.62261,50577.23,57.75
2024-03-22T06:00+01:00,4697.7475,17380.38812,31071.98255,56587.35,57.75
2024-03-22T07:00+01:00,5160.4175,17410.62523,34409.53314,61017.72,57.75
2024-03-22T08:00+01:00,3512.6975,16717.49876,40114.02306,63720.1725,57.75
2024-03-22T09:00+01:00,1607.36,14384.71557,43933.01674,63797.2225,57.75
2024-03-22T10:00+01:00,1204.1175,12605.26924,49095.81881,64898.2275,57.75
2024-03-22T11:00+01:00,675.3625,12189.04201,51022.30668,65724.7425,57.885
2024-03-22T12:00+01:00,190.09,12423.61027,50729.83674,64649.005,57.93
2024-03-22T13:00+01:00,1320.46,12519.59183,48275.47953,63224.545,57.93
2024-03-22T14:00+01:00,1892.0925,13633.58494,44189.59468,61472.5775,57.93
2024-03-22T15:00+01:00,1755.655,15664.0145,38866.73091,60006.655,57.93
2024-03-22T16:00+01:00,3931.3775,17831.36535,34135.16772,59955.92,57.93
2024-03-22T17:00+01:00,5029.09,20569.74605,28776.86694,61173.8325,57.93
2024-03-22T18:00+01:00,6544.7975,21470.61357,24719.729,62772.7025,57.93
2024-03-22T19:00+01:00,7044.17,21673.95983,23291.09681,62200.99,57.93
2024-03-22T20:00+01:00,8146.1575,20991.66616,21644.70871,58815.79,57.93
2024-03-22T21:00+01:00,8457.285,20204.88946,19707.64411,55319.6025,57.93
2024-03-22T22:00+01:00,8523.7375,18382.48833,18804.41979,52216.895,57.93
2024-03-22T23:00+01:00,9822.68,16288.6561,18090.0271,48563.88,57.93
2024-03-23T00:00+01:00,7880.215,14824.16529,17833.59281,45678.05,57.93
2024-03-23T01:00+01:00,7790.2075,13858.73598,18117.74568,43322.2475,57.93
2024-03-23T02:00+01:00,7356.4475,13702.16325,18902.61145,41956.9025,57.93
2024-03-23T03:00+01:00,6772.98,13089.27911,19648.38399,41682.695,57.93
2024-03-23T04:00+01:00,7028.7775,13085.88586,21485.36441,41551.825,57.93
2024-03-23T05:00+01:00,6985.7175,13290.37947,23340.74921,41516.36,57.93
2024-03-23T06:00+01:00,6582.7225,12113.3922,25592.49621,42648.54,57.93
2024-03-23T07:00+01:00,5217.8125,11249.64065,29542.95839,45608.76,57.93
2024-03-23T08:00+01:00,4662.2625,10210.73442,34221.43302,49075.8275,57.93
2024-03-23T09:00+01:00,2921.765,9120.270903,40502.88267,51876.8525,57.93
2024-03-23T10:00+01:00,1012.375,8750.589128,47117.09618,54283.225,57.93
2024-03-23T11:00+01:00,-3457.5075,8600.406019,51612.99573,55889.325,57.93
2024-03-23T12:00+01:00,-7057.3925,8357.285681,55732.57367,55415.555,57.93
2024-03-23T13:00+01:00,-8401.145,8320.725297,56384.49785,53486.455,57.93
2024-03-23T14:00+01:00,-10514.455,8309.052075,56128.31375,52316.265,57.93
2024-03-23T15:00+01:00,-7449.4175,8322.510388,53497.07835,52132.695,57.93
2024-03-23T16:00+01:00,-3493.2675,8660.290926,47963.33011,52062.8175,57.93
2024-03-23T17:00+01:00,-783.6225,10039.44518,40290.27484,53497.6675,57.93
2024-03-23T18:00+01:00,416.855,11980.91124,35409.33108,55736.38,57.93
2024-03-23T19:00+01:00,2257.06,12093.20835,35236.32589,55805.69,57.93
2024-03-23T20:00+01:00,246.005,10866.26697,35982.66179,52929.0625,57.93
2024-03-23T21:00+01:00,-1837.545,10316.12908,37652.2975,50068.9075,57.93
2024-03-23T22:00+01:00,-3765.6125,9730.238818,39093.63515,48647.44,57.93
2024-03-23T23:00+01:00,-6298.215,9000.581021,40122.94468,46095.4375,57.93
2024-03-24T00:00+01:00,-5827.9725,9015.113589,40394.01181,43626.475,57.93
2024-03-24T01:00+01:00,-7087.8,8687.669066,39984.66723,42276.495,57.93
2024-03-24T02:00+01:00,-5977.8375,8517.844721,39921.20576,41299.5125,57.93
2024-03-24T03:00+01:00,-5151.1375,8232.640142,39194.16644,40935.535,57.93
2024-03-24T04:00+01:00,-6205.84,8208.607476,39186.4617,40821.1675,57.93
2024-03-24T05:00+01:00,-7022.4025,8277.761839,39500.29695,40673.875,57.93
2024-03-24T06:00+01:00,-7639.49,8109.453313,40254.91087,40883.5775,57.93
2024-03-24T07:00+01:00,-7770.9275,8019.076199,43231.44356,43057.2975,57.93
2024-03-24T08:00+01:00,-7914.425,8093.42787,47046.70355,46245.6175,57.93
2024-03-24T09:00+01:00,-9018.84,8058.331896,51926.33886,49343.7175,57.93
2024-03-24T10:00+01:00,-8891.21,8052.814337,54511.82531,51157.5775,57.93
2024-03-24T11:00+01:00,-7673.8275,7900.566962,54817.65623,53428.82,57.93
2024-03-24T12:00+01:00,-9493.93,7878.281934,55234.01912,52986.08,57.93
2024-03-24T13:00+01:00,-7681.435,7840.119436,52763.68272,51025.6625,57.93
2024-03-24T14:00+01:00,-7513.2625,7889.962798,50903.3206,49601.8825,57.93
2024-03-24T15:00+01:00,-6530.94,7958.765728,49836.60466,48587.8975,57.93
2024-03-24T16:00+01:00,-6037.2275,8337.412771,47125.51635,48262.835,57.93
2024-03-24T17:00+01:00,-4852.0975,10339.74638,43931.09235,50289.8575,57.93
2024-03-24T18:00+01:00,-5002.2325,12836.91291,42616.08968,53251.5325,57.93
2024-03-24T19:00+01:00,-6676.3425,13727.25384,42483.02186,53301.4,57.93
2024-03-24T20:00+01:00,-6966.3875,13579.52373,43168.33277,51376.57,57.93
2024-03-24T21:00+01:00,-6194.8225,12541.50592,41879.40104,50098.115,57.93
2024-03-24T22:00+01:00,-6499.975,12996.14518,39103.42921,48532.6225,57.93
2024-03-24T23:00+01:00,-6197.115,13329.87415,37119.59529,45847.435,57.93
2024-03-25T00:00+01:00,-5961.645,13376.1971,35040.70665,44258.735,57.93
2024-03-25T01:00+01:00,-4985.8425,13378.9224,33085.63753,42967.51,57.93
2024-03-25T02:00+01:00,-3390.205,13384.51309,31597.6956,42332.115,57.93
2024-03-25T03:00+01:00,-3098.9825,14710.72648,29541.19576,42353.9525,57.93
2024-03-25T04:00+01:00,-1620.5425,16142.16527,27549.99683,44353.4725,57.93
2024-03-25T05:00+01:00,675.9925,18952.2209,25343.08944,48558.18,57.93
2024-03-25T06:00+01:00,2300.7225,21500.61848,23507.56678,55256.35,57.93
2024-03-25T07:00+01:00,2501.9975,22337.54652,24663.08602,59515.2825,57.93
2024-03-25T08:00+01:00,1819.3475,22667.75995,28667.11409,62270.69,57.93
2024-03-25T09:00+01:00,1097.1625,21182.35333,34084.54076,62640.7675,57.93
2024-03-25T10:00+01:00,1935.1475,17724.27096,37265.06323,62319.75,57.93
2024-03-25T11:00+01:00,1770.4125,17303.93555,39093.92996,62209.955,57.93
2024-03-25T12:00+01:00,1321.7825,16857.3767,40349.01426,61060.415,57.93
2024-03-25T13:00+01:00,585.17,16819.36968,40423.18229,59687.96,57.93
2024-03-25T14:00+01:00,710.3525,16717.80498,38163.31313,57812.34,57.93
2024-03-25T15:00+01:00,902.055,18802.05757,33008.48862,57224.12,57.93
2024-03-25T16:00+01:00,4603.21,22539.0971,24742.40127,57237.3525,57.93
2024-03-25T17:00+01:00,8539.1725,26279.70519,15403.58413,58910.9,57.93
2024-03-25T18:00+01:00,11252.8475,28133.60652,10964.71226,61677.3725,57.93
2024-03-25T19:00+01:00,11260.12,28275.87915,12453.2224,62372.4025,57.93
2024-03-25T20:00+01:00,8634.65,26641.19104,15366.55738,59215.0525,57.93
2024-03-25T21:00+01:00,4729.2725,25310.51427,17677.029,55859.3425,57.93
2024-03-25T22:00+01:00,3690.825,23891.62696,19161.94547,53048.735,57.93
2024-03-25T23:00+01:00,2689.6925,21370.36014,20593.52225,49738.77,57.93
2024-03-26T00:00+01:00,2290.8275,19245.42503,22114.17463,46814.0075,57.93
2024-03-26T01:00+01:00,2483.54,17154.83753,23225.0757,45627.4975,57.93
2024-03-26T02:00+01:00,1785.36,16613.8348,24440.82932,44700.98,57.93
2024-03-26T03:00+01:00,1814.815,16512.62506,25721.31602,45595.1075,57.93
2024-03-26T04:00+01:00,1380,17046.01333,26958.22314,47269.74,57.93
2024-03-26T05:00+01:00,1368.855,18351.85211,28085.52221,51339.3775,57.93
2024-03-26T06:00+01:00,2873.6075,19574.10507,30710.14686,57158.4925,57.93
2024-03-26T07:00+01:00,-282.25,19677.81226,35489.79669,61928.245,57.93
2024-03-26T08:00+01:00,-3259.4575,19321.59595,39890.81684,64682.0575,57.93
2024-03-26T09:00+01:00,-2407.5225,17394.75367,43622.84279,65069.4075,57.93
2024-03-26T10:00+01:00,-2414.15,16034.84002,48459.61008,64338.65,57.93
2024-03-26T11:00+01:00,-6073.195,16128.17827,52019.45315,64240.55,57.93
2024-03-26T12:00+01:00,-5890.2075,15775.08876,51526.99652,63019.1325,57.93
2024-03-26T13:00+01:00,-5884.885,15899.28505,50732.62733,62041.4,57.93
2024-03-26T14:00+01:00,-4194.1625,15579.54381,47125.40403,59708.025,57.93
2024-03-26T15:00+01:00,-1420.95,16740.93759,41214.82396,59014.2825,57.93
2024-03-26T16:00+01:00,3861.13,17750.91512,34520.11186,59936.0375,57.93
2024-03-26T17:00+01:00,6513.7425,19635.13499,28315.56608,61082.6325,57.93
2024-03-26T18:00+01:00,4619.2075,20537.64143,26347.15732,63062.94,57.93
2024-03-26T19:00+01:00,5102.5325,20606.77228,28837.4005,64297.885,57.93
2024-03-26T20:00+01:00,4820.9725,19832.93335,30380.58739,61870.4275,57.93
2024-03-26T21:00+01:00,3572.54,19406.4903,29606.31921,58261.9575,57.93
2024-03-26T22:00+01:00,4126.8025,18440.24751,28341.92585,54572.4475,57.93
2024-03-26T23:00+01:00,3895.2475,17113.68017,27521.31679,51164.88,57.93
2024-03-27T00:00+01:00,8172.54,14491.67743,26232.05529,48397.5825,57.93
2024-03-27T01:00+01:00,9386.8825,13315.78668,25169.45395,45970.93,57.93
2024-03-27T02:00+01:00,9858.05,13267.94166,24051.44072,45262.7625,57.93
2024-03-27T03:00+01:00,9828.1275,13814.15238,23796.35712,45854.41,57.93
2024-03-27T04:00+01:00,9326.1325,14412.98076,23315.5602,47234.89,57.93
2024-03-27T05:00+01:00,8224.915,15783.78348,23170.75351,51080.9875,57.93
2024-03-27T06:00+01:00,8509.7525,16702.05376,23569.38659,56183.33,57.93
2024-03-27T07:00+01:00,9623.765,16999.57809,27186.76124,61316.7125,57.93
2024-03-27T08:00+01:00,8870.4525,17100.41057,31207.54667,64011.0775,57.93
2024-03-27T09:00+01:00,9182.135,16397.74364,35413.72067,64835.2075,57.93
2024-03-27T10:00+01:00,8664.715,15388.79438,39293.64426,62946.3775,57.93
2024-03-27T11:00+01:00,8066.57,15305.35446,39987.26682,62568.5675,57.93
2024-03-27T12:00+01:00,9121.85,15289.19484,38783.43335,62870.72,57.93
2024-03-27T13:00+01:00,11991.49,14748.99427,36906.7442,61966.165,57.93
2024-03-27T14:00+01:00,11681.7925,14992.28974,32506.33471,61369.27,57.93
2024-03-27T15:00+01:00,12422.135,16997.78172,26167.18011,60863.97,57.93
2024-03-27T16:00+01:00,13318.69,19340.97216,20800.09104,60467.8125,57.93
2024-03-27T17:00+01:00,15745.97,20578.58063,17273.16663,61321.6375,57.93
2024-03-27T18:00+01:00,15441.2975,21450.68295,16599.06773,62757.6625,57.93
2024-03-27T19:00+01:00,14324.7025,21139.26456,17318.44357,62669.4925,57.93
2024-03-27T20:00+01:00,12359.4025,20670.90169,17746.81166,59664.0675,57.93
2024-03-27T21:00+01:00,12007.7075,20348.33932,17626.20737,56256.3275,57.93
2024-03-27T22:00+01:00,12153.01,18691.0482,17805.36754,52953.3625,57.93
2024-03-27T23:00+01:00,9747.585,17243.88287,18441.307,49379.0125,57.93
2024-03-28T00:00+01:00,9976.1975,14738.2303,19016.45742,46414.5875,57.93
2024-03-28T01:00+01:00,8933.815,13783.10025,19238.02052,44870.4775,57.93
2024-03-28T02:00+01:00,9234.7225,13418.80488,20123.21361,44895.0575,57.93
2024-03-28T03:00+01:00,9525.81,13641.33616,22515.8516,46565.8425,57.93
2024-03-28T04:00+01:00,9863.5375,13277.58525,24451.64278,47651.3675,57.93
2024-03-28T05:00+01:00,8162.3925,13913.33149,26043.08584,50277.025,57.93
2024-03-28T06:00+01:00,9135.575,14859.05724,28289.00129,55887.17,57.93
2024-03-28T07:00+01:00,7527.8375,14333.94917,32053.53476,60311.19,57.93
2024-03-28T08:00+01:00,5751.5325,13882.91516,36055.50694,62827.3225,57.93
2024-03-28T09:00+01:00,4340.3175,13250.21274,40390.65523,63116.0275,57.93
2024-03-28T10:00+01:00,3018.69,11990.89324,43225.90982,62662.2,57.93
2024-03-28T11:00+01:00,2224.515,11552.80329,47570.04085,64293.63,57.93
2024-03-28T12:00+01:00,-521.07,10328.51791,52053.40178,63628.185,57.93
2024-03-28T13:00+01:00,-2759.325,9630.980148,55350.98704,62698.5375,57.93
2024-03-28T14:00+01:00,-4909.5275,9545.555087,57450.76521,61554.1975,57.93
2024-03-28T15:00+01:00,-4914.5925,9574.867485,56134.71914,60827.0475,57.93
2024-03-28T16:00+01:00,-4044.8125,10041.18553,52048.5558,59812.925,57.93
2024-03-28T17:00+01:00,-1282.1225,11107.54329,46659.56086,59657.89,57.93
2024-03-28T18:00+01:00,449.4875,12349.29635,41557.47681,60174.9175,57.93
2024-03-28T19:00+01:00,2931.17,12650.54378,38986.72366,61176.1675,57.93
2024-03-28T20:00+01:00,2586.8625,11935.69841,39199.12242,57591.82,57.93
2024-03-28T21:00+01:00,-19.7125,10956.10163,39479.25468,54097.5925,57.93
2024-03-28T22:00+01:00,-2691.4575,10335.60019,41024.21002,52031.735,57.93
2024-03-28T23:00+01:00,-3545.63,9457.398312,41787.26012,49182.735,57.93
2024-03-29T00:00+01:00,-7368.74,9104.124566,42839.73999,45707.6425,57.93
2024-03-29T01:00+01:00,-6523.43,8698.899166,42270.87906,43663.5575,57.93
2024-03-29T02:00+01:00,-6876.415,8658.25268,40949.29826,42178.305,57.93
2024-03-29T03:00+01:00,-5343.2975,8664.254554,40667.90046,41580.8,57.93
2024-03-29T04:00+01:00,-4348.0725,8751.578531,40930.59336,41887.2475,57.93
2024-03-29T05:00+01:00,-5712.2425,8815.509139,41362.95097,42695.15,57.93
2024-03-29T06:00+01:00,-9147.8925,8830.735845,42726.05916,43089.9375,57.93
2024-03-29T07:00+01:00,-9972.25,8802.404695,44628.10089,45057.6175,57.93
2024-03-29T08:00+01:00,-7994.705,8835.357972,45820.66612,47965.115,57.93
2024-03-29T09:00+01:00,-6529.945,8884.792463,46654.82829,50900.7275,57.93
2024-03-29T10:00+01:00,-4274.8375,8766.027967,46170.11403,51858.47,57.93
2024-03-29T11:00+01:00,-3930.9275,8792.399766,46998.86886,54018.8025,57.93
2024-03-29T12:00+01:00,-4421.295,8756.861973,47783.2632,53380.24,57.93
2024-03-29T13:00+01:00,-5354.8575,8746.890705,46853.19511,50249.575,57.93
2024-03-29T14:00+01:00,-5599.7675,8743.524973,44044.21127,47675.8675,57.93
2024-03-29T15:00+01:00,-3341.785,8963.080769,39344.71133,46250.7425,57.93
2024-03-29T16:00+01:00,-201.7525,10247.49856,31119.15358,46034.6725,57.93
2024-03-29T17:00+01:00,3149.4575,12581.71372,23386.70809,48087.0875,57.93
2024-03-29T18:00+01:00,8356.31,13646.96552,19269.75763,50777.62,57.93
2024-03-29T19:00+01:00,7887.355,13870.74805,18207.44793,50411.0725,57.93
2024-03-29T20:00+01:00,7236.705,13631.04705,18067.39463,47639.705,57.93
2024-03-29T21:00+01:00,8735.4025,12300.84874,18210.6267,46012.04,57.93
2024-03-29T22:00+01:00,7848.31,11651.59767,18909.836,44089.16,57.93
2024-03-29T23:00+01:00,7092.3,11337.79302,18426.84757,40816.5325,57.93
2024-03-30T00:00+01:00,6306.59,11003.59442,17592.79955,38728.4425,57.93
2024-03-30T01:00+01:00,6959.42,10441.03911,16532.29005,37129.325,57.93
2024-03-30T02:00+01:00,7757.9725,10542.81128,16100.57357,35674.375,57.93
2024-03-30T03:00+01:00,8390.38,10365.83518,17281.18912,35762.79,57.93
2024-03-30T04:00+01:00,7589.21,10311.38677,17718.95302,36187.455,57.93
2024-03-30T05:00+01:00,6547.75,10798.21973,18342.73693,37293.7,57.93
2024-03-30T06:00+01:00,5675.205,11001.5315,20815.9511,39087.32,57.93
2024-03-30T07:00+01:00,4001.35,10590.10196,25822.77183,42548.8025,57.93
2024-03-30T08:00+01:00,767.005,11743.34484,30868.00556,46687.1175,57.93
2024-03-30T09:00+01:00,2040.985,11957.48273,34891.47068,48933.0825,57.93
2024-03-30T10:00+01:00,913.68,11442.15929,37843.00171,49642.525,57.93
2024-03-30T11:00+01:00,-774.5275,11900.69798,40001.82564,49945.93,57.93
2024-03-30T12:00+01:00,-774.8225,12284.95626,39398.95429,50248.9525,57.93
2024-03-30T13:00+01:00,382.4175,12538.83803,36670.52121,48964.4425,57.93
2024-03-30T14:00+01:00,3312.2525,12828.18481,33168.71188,47139.905,57.93
2024-03-30T15:00+01:00,6976.715,12771.30887,29091.08726,46815.8125,57.93
2024-03-30T16:00+01:00,8559.8675,13426.80844,24114.78397,46827.3825,57.93
2024-03-30T17:00+01:00,10462.2675,13464.93081,22897.93525,50305.155,57.93
2024-03-30T18:00+01:00,9701.0025,14031.92914,23118.94292,52546.955,57.93
2024-03-30T19:00+01:00,8736.825,14936.17496,20613.63739,51822.765,57.93
2024-03-30T20:00+01:00,8736.225,14651.06212,18485.10455,48927.9075,57.93
2024-03-30T21:00+01:00,9529.5825,14583.31563,16728.53663,46342.4775,57.93
2024-03-30T22:00+01:00,10620.5,14053.33691,15397.05973,43930.185,57.93
2024-03-30T23:00+01:00,11176.19,12875.2048,14154.26299,40857.025,57.93
2024-03-31T00:00+01:00,11733.2625,11195.4358,13340.99312,37333.1275,57.93
2024-03-31T01:00+01:00,12186.9525,10638.76055,13308.05563,34967.35,57.93
2024-03-31T03:00+02:00,11748.16,9861.346446,14076.23291,35232.805,57.93
2024-03-31T04:00+02:00,12602.68,9120.071076,13694.02691,32660.62,57.93
2024-03-31T05:00+02:00,13828.8525,8650.414586,12879.53281,33094.7725,57.93
2024-03-31T06:00+02:00,13739.76,8805.256705,12811.65221,33936.3825,57.93
2024-03-31T07:00+02:00,13842.215,8844.567368,13491.64292,34424.7325,57.93
2024-03-31T08:00+02:00,12738.0075,8739.58863,17209.51683,36927.925,57.93
2024-03-31T09:00+02:00,10145.2475,8568.5,21732.75313,41260.55,57.93
2024-03-31T10:00+02:00,10120.365,8391.324153,27281.11226,42728.3825,57.93
2024-03-31T11:00+02:00,7234.42,8261.398936,32756.05024,44419.0825,57.93
2024-03-31T12:00+02:00,3320.315,8192.138603,35556.38614,43098.735,57.93
2024-03-31T13:00+02:00,-375.035,8177.949681,36186.51487,40175.67,57.93
2024-03-31T14:00+02:00,-317.225,7965.358745,35254.47208,37691.2525,57.93
2024-03-31T15:00+02:00,2708.395,7903.831628,31802.94498,35956.625,57.93
2024-03-31T16:00+02:00,5443.2625,7989.595385,28753.48769,35175.1075,57.93
2024-03-31T17:00+02:00,8377.3375,8856.95161,23787.58267,36616.04,57.93
2024-03-31T18:00+02:00,8561.1,10783.04746,18523.68489,38919.955,57.93
2024-03-31T19:00+02:00,10786.0575,11151.76906,16179.48316,38962.655,57.93
2024-03-31T20:00+02:00,11239.04,10698.84143,17189.67639,39883.905,57.93
2024-03-31T21:00+02:00,10711.4575,10097.67405,17835.58447,38590.6375,57.93
2024-03-31T22:00+02:00,10264.8675,9618.258868,18245.11219,37513.8525,57.93
2024-03-31T23:00+02:00,9453.8475,8772.556898,18664.73534,35148.0275,57.93
2024-04-01T00:00+02:00,9905.315,8736.933446,17096.56196,36808.01,57.93
2024-04-01T01:00+02:00,9273.0975,8703.157572,16598.58488,35437.1675,57.93
2024-04-01T02:00+02:00,9796.035,8629.45366,16714.93767,34585.1325,57.93
2024-04-01T03:00+02:00,10232.1225,8698.264557,15985.64858,34303.53,57.93
2024-04-01T04:00+02:00,10270.99,9036.389401,15961.91253,34851.615,57.93
2024-04-01T05:00+02:00,10923.89,9264.320207,15449.20597,35657.335,57.93
2024-04-01T06:00+02:00,10036.96,9416.202281,15362.08071,36365.7375,57.93
2024-04-01T07:00+02:00,10330.075,9578.44483,15638.25395,37172.5375,57.93
2024-04-01T08:00+02:00,11934.7475,9233.320229,17509.95359,40323.115,57.93
2024-04-01T09:00+02:00,11614.1525,9296.705439,19863.5202,44014.7375,57.93
2024-04-01T10:00+02:00,11524.9375,9068.163268,21481.3798,46691.5175,57.93
2024-04-01T11:00+02:00,10706.8425,9416.316264,23863.71385,49335.4875,57.93
2024-04-01T12:00+02:00,10392.19,9126.389123,26854.48367,49635.79,57.93
2024-04-01T13:00+02:00,5876.6975,9085.621418,29603.75938,48382.7875,57.93
2024-04-01T14:00+02:00,5164.2875,8017.798481,33405.72359,47515.78,57.93
2024-04-01T15:00+02:00,1982.1825,7889.30162,36654.14415,47153.2625,57.93
2024-04-01T16:00+02:00,205.03,8011.131763,38119.5391,46674.9,57.93
2024-04-01T17:00+02:00,1677.6875,8054.626735,37342.94052,47585.73,57.93
2024-04-01T18:00+02:00,-663.7625,8910.435952,34499.44024,48611.63,57.93
2024-04-01T19:00+02:00,2070.17,9140.176027,32582.83681,50592.0325,57.93
2024-04-01T20:00+02:00,1683.67,9027.326449,33308.82649,50139.8075,57.93
2024-04-01T21:00+02:00,-42.12,8912.890382,35899.76943,48353.2825,57.93
2024-04-01T22:00+02:00,-1835.5,8564.950425,37416.39616,46985.0975,57.93
2024-04-01T23:00+02:00,-3330.5075,7743.745625,38173.39131,44311.8875,57.93
2024-04-02T00:00+02:00,-2755.205,7568.061559,38587.13031,41658.105,57.93
2024-04-02T01:00+02:00,-3761.3325,7583.601073,39239.52403,40211.3075,57.93
2024-04-02T02:00+02:00,-5012.15,7700.119231,39922.51874,40147.5075,57.93
2024-04-02T03:00+02:00,-4895.305,7895.33268,40455.69879,40683.545,57.93
2024-04-02T04:00+02:00,-4241.93,7947.070824,41202.3966,42727.95,57.93
2024-04-02T05:00+02:00,-3295.3325,7886.407144,41726.07833,45981.8025,57.93
2024-04-02T06:00+02:00,-2781.8675,8533.625784,41970.0215,53492.8025,57.93
2024-04-02T07:00+02:00,-2623.0625,10206.75652,42781.74328,57892.2525,57.93
2024-04-02T08:00+02:00,-3192.55,10202.12049,47736.9123,61908.975,57.93
2024-04-02T09:00+02:00,-5239.645,9088.43604,56140.48348,64094.1525,57.93
2024-04-02T10:00+02:00,-8377.51,8880.576899,63225.91908,64968.0775,57.93
2024-04-02T11:00+02:00,-9170.0975,8680.995057,67026.43951,65546.6475,57.93
2024-04-02T12:00+02:00,-9939.4025,8460.629605,67717.22819,65124.8225,57.93
2024-04-02T13:00+02:00,-12619.305,8419.921534,68223.77566,63657.815,57.93
2024-04-02T14:00+02:00,-11752.6075,8338.907582,65946.3588,61326.995,57.93
2024-04-02T15:00+02:00,-11848.49,8629.034671,62708.95661,60007.46,57.93
2024-04-02T16:00+02:00,-8703.42,8717.184303,58756.28473,59372.9425,57.93
2024-04-02T17:00+02:00,-5205.495,9325.446909,51975.27222,59482.975,57.93
2024-04-02T18:00+02:00,288.5225,11084.10154,41925.09421,60470.1925,57.93
2024-04-02T19:00+02:00,3370.41,12553.30142,33594.76652,60523.975,57.93
2024-04-02T20:00+02:00,5987.275,12740.70486,31040.75309,58952.185,57.93
2024-04-02T21:00+02:00,6210.485,12271.00112,30308.8645,56337.05,57.93
2024-04-02T22:00+02:00,4888.995,12099.10539,29253.67688,52714.205,57.93
2024-04-02T23:00+02:00,4210.6025,12350.92542,28534.43533,49385.725,57.93
2024-04-03T00:00+02:00,4746.2325,12878.5398,27260.24521,46837.725,57.93
2024-04-03T01:00+02:00,5493.925,13161.96878,26268.16382,45176.7325,57.93
2024-04-03T02:00+02:00,5491.3175,13515.70369,24779.59928,44523.2175,57.93
2024-04-03T03:00+02:00,7107.9675,13322.22102,23128.08471,44817.565,57.93
2024-04-03T04:00+02:00,8409.8525,14546.02613,22228.30201,45892.6475,57.93
2024-04-03T05:00+02:00,8493.1825,16115.48105,21153.9567,48677.2125,57.93
2024-04-03T06:00+02:00,9486.6325,19044.62544,20460.39283,54612.0025,57.93
2024-04-03T07:00+02:00,8168.7225,20721.07603,21005.79375,58935.14,57.93
2024-04-03T08:00+02:00,9228.955,20828.01224,23844.31616,61945.6425,57.93
2024-04-03T09:00+02:00,7492.8225,19792.47205,28377.87269,61737.7675,57.93
2024-04-03T10:00+02:00,7310.2925,20203.67134,31920.71009,63366.565,57.93
2024-04-03T11:00+02:00,7290.0175,19291.83324,34652.35698,63590.9125,57.93
2024-04-03T12:00+02:00,6995.2775,18702.64665,35867.84564,63602.9275,57.93
2024-04-03T13:00+02:00,6797.8675,18376.27317,35834.60397,62673.285,57.93
2024-04-03T14:00+02:00,6692.2175,18733.43058,35078.02548,61374.9,57.93
2024-04-03T15:00+02:00,7802.9975,18766.27101,33159.72601,60361.425,57.93
2024-04-03T16:00+02:00,6749.7325,19457.22495,30047.9714,58925.165,57.93
2024-04-03T17:00+02:00,7529.6975,20081.5576,26909.99401,59159.6425,57.93
2024-04-03T18:00+02:00,7737.9175,20349.19155,24314.99459,60267.1175,57.93
2024-04-03T19:00+02:00,6360.8375,20748.89755,24291.40663,61180.6175,57.93
2024-04-03T20:00+02:00,5161.33,19470.91113,26655.81537,59998.8925,57.93
2024-04-03T21:00+02:00,4822.96,16681.23863,29816.75892,56857.4275,57.93
2024-04-03T22:00+02:00,3720.1375,14191.60307,31921.50324,54151.6,57.93
2024-04-03T23:00+02:00,1726.2,12211.09597,33228.28816,50746.91,57.93
2024-04-04T00:00+02:00,2226.3775,11010.44412,33655.11145,47742.5775,57.93
2024-04-04T01:00+02:00,1894.2825,11090.05697,34536.44253,45669.4,57.93
2024-04-04T02:00+02:00,651.6875,10858.44913,34929.82967,44371.3275,57.93
2024-04-04T03:00+02:00,726.49,10795.74701,36166.73382,44805.0575,57.93
2024-04-04T04:00+02:00,1161.7875,10931.67636,34882.57763,45907.5,57.93
2024-04-04T05:00+02:00,1829.775,12461.3549,34069.92131,48717.485,57.93
2024-04-04T06:00+02:00,3504.535,15260.29124,34741.886,55380.5075,57.93
2024-04-04T07:00+02:00,2682.7325,15496.12844,36528.48134,59725.635,57.93
2024-04-04T08:00+02:00,742.4175,15274.89764,39589.94347,61819.8875,57.93
2024-04-04T09:00+02:00,486.775,14362.15683,43445.95078,62149.525,57.93
2024-04-04T10:00+02:00,304.925,13551.1794,45540.12688,63455.15,57.93
2024-04-04T11:00+02:00,1126.305,12661.85236,46341.41334,63666.265,57.93
2024-04-04T12:00+02:00,2113.5425,11848.58652,47740.33416,63324.4375,57.93
2024-04-04T13:00+02:00,2344.1975,10970.8428,49062.39268,63134.6525,57.93
2024-04-04T14:00+02:00,1743.16,10717.3569,50043.08699,61591.2175,57.93
2024-04-04T15:00+02:00,1453.51,10473.33214,50988.91713,60341.495,57.93
2024-04-04T16:00+02:00,-748.1475,10394.09904,51625.57977,59983.83,57.93
2024-04-04T17:00+02:00,-1963.32,11483.28146,49456.07792,60038.6675,57.93
2024-04-04T18:00+02:00,-308.36,12918.96545,44857.90249,60776.555,57.93
2024-04-04T19:00+02:00,-383.6025,13916.47676,39631.7564,61388.175,57.93
2024-04-04T20:00+02:00,-441.75,14259.26916,38625.36255,59796.225,57.93
2024-04-04T21:00+02:00,1673.105,12653.06359,38570.51061,57492.03,57.93
2024-04-04T22:00+02:00,2211.8975,11377.51517,38046.44818,54339.6875,57.93
2024-04-04T23:00+02:00,2284.8175,10156.55883,37133.65677,50331.5025,57.93
2024-04-05T00:00+02:00,1606.75,9245.60044,35767.38889,47445.4725,57.93
2024-04-05T01:00+02:00,1994.95,9408.839597,33176.51485,44862.8225,57.93
2024-04-05T02:00+02:00,3105.8625,10372.43009,31048.39417,43869.1125,57.93
2024-04-05T03:00+02:00,4255.14,10697.95663,29319.34565,44512.065,57.93
2024-04-05T04:00+02:00,3807.5,11784.95499,28206.33473,45231.435,57.93
2024-04-05T05:00+02:00,4080.5375,12913.75131,28307.96536,48658.9075,57.93
2024-04-05T06:00+02:00,4459.185,13648.69736,28876.3316,54194.2625,57.93
2024-04-05T07:00+02:00,5237.9925,13710.99366,29950.68452,58717.125,57.93
2024-04-05T08:00+02:00,5413.125,13756.29153,33377.32469,60638.045,57.93
2024-04-05T09:00+02:00,4213.3675,12508.51366,39323.99554,60471.9225,57.93
2024-04-05T10:00+02:00,-943.0975,11051.99173,47899.32638,61618.07,57.93
2024-04-05T11:00+02:00,-5515.2075,9275.107738,55232.65025,62232.23,57.36
2024-04-05T12:00+02:00,-8409.5875,8041.31127,60264.10549,62358.7875,57.17
2024-04-05T13:00+02:00,-9649.175,8158.933514,62480.16799,61722.4775,57.17
2024-04-05T14:00+02:00,-10158.2325,8322.221807,61853.79882,60018.3475,57.17
2024-04-05T15:00+02:00,-9795.855,8649.472792,59402.14678,59449.565,57.17
2024-04-05T16:00+02:00,-5569.5925,9290.19866,54876.51902,58649.5575,57.17
2024-04-05T17:00+02:00,-4426.0725,10700.61878,51477.3619,58395.105,57.17
2024-04-05T18:00+02:00,-3502.1325,11773.98317,47129.43785,58744.695,57.17
2024-04-05T19:00+02:00,-2388.64,12798.46764,43120.03929,59738.1675,57.17
2024-04-05T20:00+02:00,-1961.8975,13011.55157,41386.82561,57975.83,57.17
2024-04-05T21:00+02:00,-1319.8925,12793.09085,39962.41571,54602.695,57.17
2024-04-05T22:00+02:00,-1855.17,12405.83494,36925.46884,50793.6475,57.17
2024-04-05T23:00+02:00,-848.075,12016.34111,34403.03322,46509.3175,57.17
2024-04-06T00:00+02:00,-1513.04,11129.06593,33359.96884,44981.64,57.17
2024-04-06T01:00+02:00,-923.465,10922.13086,32724.08636,42879.545,57.17
2024-04-06T02:00+02:00,50.355,10249.20596,31721.54667,41354.25,57.17
2024-04-06T03:00+02:00,582.8825,9814.371337,29360.93759,40799.8025,57.17
2024-04-06T04:00+02:00,2054.57,9475.650992,27874.38963,40954.0475,57.17
2024-04-06T05:00+02:00,3381.93,9852.6719,25415.32449,41391.38,57.17
2024-04-06T06:00+02:00,4318.1975,10244.46822,24807.95633,42386.23,57.17
2024-04-06T07:00+02:00,5316.0625,9642.770564,26490.62238,44442.6775,57.17
2024-04-06T08:00+02:00,3867.3825,8670.214702,32133.06865,48100.4375,57.17
2024-04-06T09:00+02:00,1166.98,8024.346143,38367.30759,50185.9575,57.17
2024-04-06T10:00+02:00,-1668.695,7836.847132,45135.61266,51936.4475,57.17
2024-04-06T11:00+02:00,-4468.3975,7779.039468,49216.03493,51788.9,57.17
2024-04-06T12:00+02:00,-7231.03,7684.745144,50313.0836,50208.6375,57.17
2024-04-06T13:00+02:00,-6943.5125,7370.485717,48326.2395,48451.0175,57.17
2024-04-06T14:00+02:00,-8866.715,7383.215659,49023.38148,46969,57.17
2024-04-06T15:00+02:00,-9618.1025,7571.352654,48898.80228,46827.1725,57.17
2024-04-06T16:00+02:00,-7826.92,7663.403917,47707.58434,46524.755,57.17
2024-04-06T17:00+02:00,-3894.765,7873.69026,42150.99072,47388.825,57.17
2024-04-06T18:00+02:00,109.335,8699.134999,34944.4092,48587.985,57.17
2024-04-06T19:00+02:00,-14.22,9921.033675,32589.44411,50213.7675,57.17
2024-04-06T20:00+02:00,-2045.2275,9776.358732,33447.69721,49994.545,57.17
2024-04-06T21:00+02:00,-2668.38,8915.898896,35152.49542,47945.3575,57.17
2024-04-06T22:00+02:00,-2372.5525,8513.429839,35076.0729,45705.4425,57.17
2024-04-06T23:00+02:00,-3005.585,7824.248431,35951.34211,43215.595,57.17
2024-04-07T00:00+02:00,-3481.41,7615.421052,36039.33547,40547.535,57.17
2024-04-07T01:00+02:00,-5018.975,7666.907128,34985.30923,38358.8175,57.17
2024-04-07T02:00+02:00,-5948.495,7677.207457,35370.72267,37181.8925,57.17
2024-04-07T03:00+02:00,-5839.23,7706.068306,35941.33627,36672.2775,57.17
2024-04-07T04:00+02:00,-6976.94,7886.608433,37097.1343,37273.36,57.17
2024-04-07T05:00+02:00,-6229.1375,8119.76272,38586.28427,38093.33,57.17
2024-04-07T06:00+02:00,-6764.95,8224.850007,39040.86963,39900.8375,57.17
2024-04-07T07:00+02:00,-5966.7375,8083.482492,38938.35041,41634.5875,57.17
2024-04-07T08:00+02:00,-5163.915,7963.729989,40776.628,44590.955,57.17
2024-04-07T09:00+02:00,-4763.965,7771.898605,41440.29466,46146.63,57.17
2024-04-07T10:00+02:00,-3084.105,7767.047729,42484.24006,47606.83,57.17
2024-04-07T11:00+02:00,-6170.9425,7511.668197,46405.86026,48583.235,57.17
2024-04-07T12:00+02:00,-7350.8025,7492.181391,46486.90301,47686.3275,57.17
2024-04-07T13:00+02:00,-7385.845,7497.921235,44671.71908,44650.0125,57.17
2024-04-07T14:00+02:00,-7723.0675,7758.78792,42236.98969,43485.9975,57.17
2024-04-07T15:00+02:00,-6320.5825,8179.871387,40635.40649,43201.9525,57.17
2024-04-07T16:00+02:00,-2385.975,8478.632021,38440.02085,43227.6725,57.17
2024-04-07T17:00+02:00,4633.655,9048.936763,32220.23578,45261.8525,57.17
2024-04-07T18:00+02:00,10863.0275,11293.39839,22644.42015,47302.27,57.17
2024-04-07T19:00+02:00,9318.4925,13937.29038,17348.66531,48702.6125,57.17
2024-04-07T20:00+02:00,10091.2625,14790.39673,16704.12033,48762.105,57.17
2024-04-07T21:00+02:00,9048.8425,14867.92594,17821.50361,46555.9725,57.17
2024-04-07T22:00+02:00,8058.2225,14919.30144,19008.82155,45105.6525,57.17
2024-04-07T23:00+02:00,7421.5825,13880.77728,20695.85803,42482.335,57.17
2024-04-08T00:00+02:00,7193.45,13169.00375,20836.529,40351.285,57.17
2024-04-08T01:00+02:00,8137.365,12721.5393,19962.02725,39479.9975,57.17
2024-04-08T02:00+02:00,8658.58,13002.07772,18427.31085,38144.9575,57.17
2024-04-08T03:00+02:00,8643.515,13469.51172,16707.28846,38174.1325,57.17
2024-04-08T04:00+02:00,8909.5425,14535.37138,15227.43622,39069.825,57.17
2024-04-08T05:00+02:00,9590.8075,16547.34657,14873.55446,43140.7575,57.17
2024-04-08T06:00+02:00,10808.01,18672.36908,15372.52786,51611.865,57.17
2024-04-08T07:00+02:00,10877.425,19346.27975,16890.62758,56783.2525,57.17
2024-04-08T08:00+02:00,11411.3125,19404.02209,21418.73205,60084.315,57.17
2024-04-08T09:00+02:00,8725.485,18087.71276,27861.65971,61340.455,57.17
2024-04-08T10:00+02:00,7434.2925,16267.50407,34423.93046,61121.485,57.17
2024-04-08T11:00+02:00,6177.15,13807.61914,39514.53335,61202.2175,57.17
2024-04-08T12:00+02:00,5275.595,12699.21983,41066.70314,60895.4275,57.17
2024-04-08T13:00+02:00,5615.4525,12873.76947,40264.67143,59269.5575,57.17
2024-04-08T14:00+02:00,6187.435,12675.33848,39353.49297,57604.42,57.17
2024-04-08T15:00+02:00,6972.4625,13704.54161,35548.75491,58119.5575,57.17
2024-04-08T16:00+02:00,7603.8275,15826.12876,29083.13221,56677.8225,57.17
2024-04-08T17:00+02:00,9602.2975,18919.01675,22026.63264,56914.7325,57.17
2024-04-08T18:00+02:00,12044.405,21266.48134,16515.95571,57777.2,57.17
2024-04-08T19:00+02:00,11544.4125,22476.38644,13501.62388,58469.1725,57.17
2024-04-08T20:00+02:00,9698.8925,22698.09912,15246.11457,57300.3925,57.17
2024-04-08T21:00+02:00,8003.8725,21016.21227,18431.9146,54479.49,57.17
2024-04-08T22:00+02:00,6877.655,18655.67222,20467.81322,50740.9275,57.17
2024-04-08T23:00+02:00,6954.11,15680.1877,21451.41863,46380.98,57.17
2024-04-09T00:00+02:00,7583.235,13483.45448,22175.52973,43111.8925,57.17
2024-04-09T01:00+02:00,6787.7025,11738.23559,22817.9934,41667.635,57.17
2024-04-09T02:00+02:00,7902.4675,10142.58919,23869.14486,40980.2125,57.17
2024-04-09T03:00+02:00,8346.685,9615.5621,23638.78101,42089.83,57.17
2024-04-09T04:00+02:00,8646.445,9743.086844,23358.88253,43157.045,57.17
2024-04-09T05:00+02:00,8707.655,11057.20142,24229.59534,46770.29,57.17
2024-04-09T06:00+02:00,9679.1125,12841.72706,26602.33207,54690.26,57.17
2024-04-09T07:00+02:00,9362.0975,13099.34866,29688.95255,59095.2575,57.17
2024-04-09T08:00+02:00,7798.05,13217.57148,34877.7064,62098.6575,57.17
2024-04-09T09:00+02:00,6842.6575,12779.79704,39324.0103,62739.7125,57.17
2024-04-09T10:00+02:00,5888.53,11638.65013,42961.21021,63152.31,57.17
2024-04-09T11:00+02:00,3812.615,11097.76684,45928.39954,63477.4275,57.17
2024-04-09T12:00+02:00,4203.88,10394.11039,48903.51254,63788.46,57.17
2024-04-09T13:00+02:00,2210.5125,10412.75214,50608.64206,62917.1525,57.17
2024-04-09T14:00+02:00,923.655,10311.11048,51401.55522,62052.065,57.17
2024-04-09T15:00+02:00,1593.915,10189.61375,49797.12757,61038,57.17
2024-04-09T16:00+02:00,2385.11,9950.886973,47863.97241,60985.17,57.17
2024-04-09T17:00+02:00,3303.5375,11315.36559,45180.58972,60882.265,57.17
2024-04-09T18:00+02:00,2150.3025,12620.5947,42575.75295,62027.6025,57.17
2024-04-09T19:00+02:00,2236.785,13161.51233,39628.94199,61788.385,57.17
2024-04-09T20:00+02:00,1844.58,13535.63984,39120.83539,60487.3875,57.17
2024-04-09T21:00+02:00,961.95,13395.95218,38911.36541,57709.945,57.17
2024-04-09T22:00+02:00,1708.025,12956.16821,37004.99115,53368.0575,57.17
2024-04-09T23:00+02:00,710.5325,12321.26993,36426.97464,49873.3975,57.17
2024-04-10T00:00+02:00,1867.43,12071.34006,35725.72117,46844.51,57.17
2024-04-10T01:00+02:00,1791.3175,11919.19172,34979.80333,45678.8625,57.17
2024-04-10T02:00+02:00,1953.1575,12150.41314,33375.49463,44082.935,57.17
2024-04-10T03:00+02:00,3083.465,12227.00409,32105.17706,44388.5175,57.17
2024-04-10T04:00+02:00,3837.195,12943.61514,30587.98315,45269.185,57.17
2024-04-10T05:00+02:00,4120.3925,14087.27043,29700.07488,48518.5525,57.17
2024-04-10T06:00+02:00,5339.8975,15796.22707,30044.95794,56122.19,57.17
2024-04-10T07:00+02:00,5771.91,16838.61242,29494.32262,60930.6975,57.17
2024-04-10T08:00+02:00,6654.7675,17533.37479,30842.02372,63654.39,57.17
2024-04-10T09:00+02:00,6054.3225,16781.33588,35662.71882,64363.15,57.17
2024-04-10T10:00+02:00,6807.0075,14524.71586,40666.73166,64533.6375,57.17
2024-04-10T11:00+02:00,8044.8,12016.72665,44686.04491,65356.1425,57.17
2024-04-10T12:00+02:00,7434.48,10819.998,46688.92496,64500.2975,57.17
2024-04-10T13:00+02:00,7516.3725,10457.50734,46103.07636,63206.295,57.17
2024-04-10T14:00+02:00,7116.4525,10351.2639,44868.96682,61086.025,57.17
2024-04-10T15:00+02:00,7675.585,10376.98295,42356.08332,60004.74,57.17
2024-04-10T16:00+02:00,8696.34,11035.19676,37681.38074,58627.01,57.17
2024-04-10T17:00+02:00,9319.0425,13953.13427,31201.66583,58686.175,57.17
2024-04-10T18:00+02:00,12564.3,18061.08406,22556.44036,59261.3325,57.17
2024-04-10T19:00+02:00,16233.48,18897.73977,17004.73492,59734.1075,57.17
2024-04-10T20:00+02:00,14706.5725,19293.24365,15405.41909,58672,57.17
2024-04-10T21:00+02:00,13109.7925,18372.59073,16378.50251,55688.0125,57.17
2024-04-10T22:00+02:00,10425.905,16949.54889,18566.68852,51873.89,57.17
2024-04-10T23:00+02:00,9362.3075,14630.85198,21150.67456,48212.4,57.17
2024-04-11T00:00+02:00,8255.47,13016.063,24536.69929,45106.8425,57.17
2024-04-11T01:00+02:00,7565.5525,10863.22688,27087.31469,43993.78,57.17
2024-04-11T02:00+02:00,7051.5825,10776.92886,28208.31196,43994.26,57.17
2024-04-11T03:00+02:00,6656.67,11377.66318,28865.10579,44616.11,57.17
2024-04-11T04:00+02:00,6230.6175,12038.32703,28851.23892,46021.395,57.17
2024-04-11T05:00+02:00,5331.595,13458.93168,29650.80605,50336.875,57.17
2024-04-11T06:00+02:00,5097.2725,15246.95324,31293.45793,57211.5225,57.17
2024-04-11T07:00+02:00,4026.9825,15596.00215,34613.43115,61705.9925,57.17
2024-04-11T08:00+02:00,2572.105,14705.02238,40174.75698,64685.1725,57.17
2024-04-11T09:00+02:00,-355.0675,13131.68759,45933.83025,64991.67,57.17
2024-04-11T10:00+02:00,-1835.095,11415.01422,52440.37154,67257.6775,57.17
2024-04-11T11:00+02:00,-3187.705,11005.23876,55352.1481,66252.055,57.17
2024-04-11T12:00+02:00,-4465.61,10591.92021,55018.81607,64268.7625,57.17
2024-04-11T13:00+02:00,-3599.275,10790.64923,53377.93038,62534.78,57.17
2024-04-11T14:00+02:00,-1111.0675,10154.69345,51393.45372,61653.68,57.17
2024-04-11T15:00+02:00,3080.8375,10389.86873,46130.12149,59393.535,57.17
2024-04-11T16:00+02:00,4718.7475,10797.0299,40230.34876,58482.03,57.17
2024-04-11T17:00+02:00,6697.8975,14230.98445,32895.50266,58949.2775,57.17
2024-04-11T18:00+02:00,11043.8575,17297.29711,24678.31392,59713.4,57.17
2024-04-11T19:00+02:00,14000.5225,18227.61844,18513.52949,60125.585,57.17
2024-04-11T20:00+02:00,14296.7525,18234.90376,16336.75141,59746.595,57.17
2024-04-11T21:00+02:00,12934.7625,17807.60656,16481.52023,56789.405,57.17
2024-04-11T22:00+02:00,12595.99,16410.76261,16550.99846,53096.8575,57.17
2024-04-11T23:00+02:00,10126.76,15507.23589,16945.95106,48982.205,57.17
2024-04-12T00:00+02:00,12715.63,12937.59266,17462.69568,46372.2225,57.17
2024-04-12T01:00+02:00,12644.805,12194.72434,17885.33508,44885.8375,57.17
2024-04-12T02:00+02:00,13454.1075,11477.8682,18140.04251,43448.1975,57.17
2024-04-12T03:00+02:00,13889.535,11556.78259,18338.35949,43807.0725,57.17
2024-04-12T04:00+02:00,12561.14,11862.81248,18456.14853,44764.94,57.17
2024-04-12T05:00+02:00,12114.94,13549.83741,19611.06991,48373.85,57.17
2024-04-12T06:00+02:00,13610.5825,14792.48796,21364.00447,55234.435,57.17
2024-04-12T07:00+02:00,11981.39,15054.47679,25072.91361,59696.8475,57.17
2024-04-12T08:00+02:00,11685.7725,14331.93629,32051.00643,62546.7175,57.17
2024-04-12T09:00+02:00,8061.4125,11436.72856,40788.01462,63592.3225,57.17
2024-04-12T10:00+02:00,3420.0025,8995.247997,49167.00718,63995.645,57.17
2024-04-12T11:00+02:00,-1508.275,8466.511386,55657.1819,64633.3825,65.3
2024-04-12T12:00+02:00,-4145.85,8762.685375,57740.05861,63317.44,68.01
2024-04-12T13:00+02:00,-6290.2975,8617.289279,59162.19712,61284.675,68.01
2024-04-12T14:00+02:00,-6970.635,8270.564621,58941.8451,59681.6275,68.01
2024-04-12T15:00+02:00,-4835.7275,7982.034187,55361.11668,58562.885,68.01
2024-04-12T16:00+02:00,-908.185,8154.171385,49523.79714,57026.2275,68.01
2024-04-12T17:00+02:00,5672.9375,9583.181807,40174.82798,56738.63,68.01
2024-04-12T18:00+02:00,10904.68,11784.25832,29418.07487,57617.2375,68.01
2024-04-12T19:00+02:00,12509.155,13733.89545,22929.72391,57504.725,68.01
2024-04-12T20:00+02:00,12311.6075,13562.06141,21986.83724,56729.555,68.01
2024-04-12T21:00+02:00,10373.6175,12420.19437,22652.0225,53863.0575,68.01
2024-04-12T22:00+02:00,8957.375,12141.99752,23110.1288,49971.38,68.01
2024-04-12T23:00+02:00,9022.0275,10696.25604,23903.07774,46540.3475,68.01
2024-04-13T00:00+02:00,7884.32,8580.103578,25191.59064,43708.1225,68.01
2024-04-13T01:00+02:00,7522.0075,8024.115344,26322.30002,41802.42,68.01
2024-04-13T02:00+02:00,6611.3125,8239.599649,26281.64149,40283.2225,68.01
2024-04-13T03:00+02:00,6396.0175,8344.414676,26654.37627,39731.255,68.01
2024-04-13T04:00+02:00,6570.76,8320.351803,27197.64442,40453.7125,68.01
2024-04-13T05:00+02:00,5710.185,8304.270319,27607.54445,41540.4525,68.01
2024-04-13T06:00+02:00,4393.8275,8132.508654,28364.04292,42978.6175,68.01
2024-04-13T07:00+02:00,4121.2925,7654.240843,30503.77762,45412.08,68.01
2024-04-13T08:00+02:00,4048.79,7208.138737,35325.49085,48456.1525,68.01
2024-04-13T09:00+02:00,-15.4025,6811.23436,42775.65566,51568.1875,68.01
2024-04-13T10:00+02:00,-7183.25,6792.034217,49567.12683,52182.95,68.01
2024-04-13T11:00+02:00,-8479.4175,6701.992738,52617.10274,51758.0975,68.01
2024-04-13T12:00+02:00,-9773.555,6668.978382,53149.6745,50512.15,68.01
2024-04-13T13:00+02:00,-9923.99,6740.570466,51161.29835,48284.675,68.01
2024-04-13T14:00+02:00,-9198.6425,6970.170674,48161.76903,46639.005,68.01
2024-04-13T15:00+02:00,-6508.9725,7009.489861,46146.83463,45418.1125,68.01
2024-04-13T16:00+02:00,-4357.57,6614.503624,44471.21278,46079.645,68.01
2024-04-13T17:00+02:00,980.1175,7044.560829,38423.36671,47490.545,68.01
2024-04-13T18:00+02:00,5183.8075,7784.042909,31278.85991,48920.255,68.01
2024-04-13T19:00+02:00,7060.11,8498.189769,25460.77437,49026.7,68.01
2024-04-13T20:00+02:00,4487.9225,9853.227493,26822.91469,48349.5575,68.01
2024-04-13T21:00+02:00,3189.935,8340.651659,32589.84353,47433.13,68.01
2024-04-13T22:00+02:00,-1851.795,8153.032002,35231.36835,45193.6825,68.01
2024-04-13T23:00+02:00,-4670.91,8093.221638,37849.60654,42445.8075,68.01
2024-04-14T00:00+02:00,-8340.1875,8085.651329,39249.46497,40279.5525,68.01
2024-04-14T01:00+02:00,-9414.8725,8293.953702,39394.49564,38667.0675,68.01
2024-04-14T02:00+02:00,-7524.85,8259.449659,37976.77457,38571.89,68.01
2024-04-14T03:00+02:00,-6647.75,8202.876155,36327.22403,38034.71,68.01
2024-04-14T04:00+02:00,-4716.6675,8208.452175,35212.63417,37909.2975,68.01
2024-04-14T05:00+02:00,-4254.9675,8114.015842,34133.02615,38683.08,68.01
2024-04-14T06:00+02:00,-3801.7775,7919.052464,33398.06714,38435.93,68.01
2024-04-14T07:00+02:00,-3111.37,7533.587382,35053.06416,40368.4875,68.01
2024-04-14T08:00+02:00,-5014.335,7104.696443,41099.24629,44401.105,68.01
2024-04-14T09:00+02:00,-8640.9725,6690.064381,48978.04449,47935.1375,68.01
2024-04-14T10:00+02:00,-9816.02,6531.466479,51905.49109,48190.1325,68.01
2024-04-14T11:00+02:00,-10566.83,6449.783455,54025.39998,48688.6575,68.01
2024-04-14T12:00+02:00,-10926.555,6387.599826,52980.00738,47411.04,68.01
2024-04-14T13:00+02:00,-10341.8925,6251.653565,50042.7589,45406.0425,68.01
2024-04-14T14:00+02:00,-9951.53,6207.780636,47839.27662,43647.775,68.01
2024-04-14T15:00+02:00,-9721.545,6215.911818,46721.09752,42902.5075,68.01
2024-04-14T16:00+02:00,-10180.285,6447.85114,47154.99547,43144.8525,68.01
2024-04-14T17:00+02:00,-3524.04,7270.523319,42109.63586,46259.825,68.01
2024-04-14T18:00+02:00,3557.3375,9011.66368,33095.02714,49241.6375,68.01
2024-04-14T19:00+02:00,7248.025,11850.1445,24701.7852,49748.6225,68.01
2024-04-14T20:00+02:00,8166.9425,13477.6564,19520.70159,50015.0675,68.01
2024-04-14T21:00+02:00,9572.9175,13803.94589,16456.98287,48378.99,68.01
2024-04-14T22:00+02:00,11337.7675,13621.7767,14215.09602,46722.1125,68.01
2024-04-14T23:00+02:00,11562.1775,12757.14602,12826.03783,43580.9325,68.01
2024-04-15T00:00+02:00,11601.35,13188.71751,12201.87058,40809.4325,68.01
2024-04-15T01:00+02:00,12724.805,12623.85148,11696.61831,39395.335,68.01
2024-04-15T02:00+02:00,13036.6225,12334.98797,11986.49037,38757.845,68.01
2024-04-15T03:00+02:00,13105.1425,12110.27045,13124.19757,39096.785,68.01
2024-04-15T04:00+02:00,12699.455,11829.56207,14520.7463,39945.04,68.01
2024-04-15T05:00+02:00,11707.31,13808.79313,15460.80725,43772.4225,68.01
2024-04-15T06:00+02:00,11654.9075,16091.16857,17027.60055,52083.325,68.01
2024-04-15T07:00+02:00,12382.1275,16510.83748,19031.23573,57200.8825,68.01
2024-04-15T08:00+02:00,12304.92,16257.32595,22558.97855,60605.27,68.01
2024-04-15T09:00+02:00,11379.3425,14869.15237,28488.14985,61321.3,68.01
2024-04-15T10:00+02:00,10372.46,12042.29558,35709.52055,61465.15,68.01
2024-04-15T11:00+02:00,8405.54,9166.068369,42911.78001,62021.995,68.01
2024-04-15T12:00+02:00,5718.55,8056.586611,48385.75918,60587.955,68.01
2024-04-15T13:00+02:00,498.3625,7964.079408,51655.0102,59678.8575,68.01
2024-04-15T14:00+02:00,-3065.3725,8030.631678,54187.30481,59604.2575,68.01
2024-04-15T15:00+02:00,-3326.71,8264.261786,52372.69059,58575.6625,68.01
2024-04-15T16:00+02:00,-1065.94,8717.002328,48428.01725,58350.4425,68.01
2024-04-15T17:00+02:00,2173.66,10362.2448,43945.28629,59687.94,68.01
2024-04-15T18:00+02:00,4185.525,11949.66799,38687.58121,59956.975,68.01
2024-04-15T19:00+02:00,4027.31,12610.25509,37244.98519,60181.9075,68.01
2024-04-15T20:00+02:00,3265.1,12457.91373,38105.78254,58794.9625,68.01
2024-04-15T21:00+02:00,1253.3925,11065.94518,39470.9695,55329.835,68.01
2024-04-15T22:00+02:00,-150.19,10324.29003,40652.2919,52488.805,68.01
2024-04-15T23:00+02:00,-2648.6125,9844.643297,42522.04523,49192.125,68.01
2024-04-16T00:00+02:00,-3362.1375,8936.938633,43182.40672,47607.355,68.01
2024-04-16T01:00+02:00,-3904.9275,8235.247936,43283.60361,46580.8325,68.01
2024-04-16T02:00+02:00,-4160.0475,7936.536784,41625.35846,45318.3075,68.01
2024-04-16T03:00+02:00,-1536.5725,7967.599728,39460.14643,45111.92,68.01
2024-04-16T04:00+02:00,466.7175,8285.113582,37599.2469,45790.185,68.01
2024-04-16T05:00+02:00,1900.4575,10286.01819,36012.18996,48863.69,68.01
2024-04-16T06:00+02:00,3879.2275,11946.76452,35974.10806,55660.55,68.01
2024-04-16T07:00+02:00,4740.315,12322.03581,37919.37415,60307.8125,68.01
2024-04-16T08:00+02:00,3000.2425,12016.95016,42923.89996,63497.5175,68.01
2024-04-16T09:00+02:00,-1311.335,11604.22972,46588.24722,64376.8925,68.01
2024-04-16T10:00+02:00,66.025,11295.88799,48901.90452,64514.45,68.01
2024-04-16T11:00+02:00,376.9575,10971.15159,49706.16786,64406.8425,68.01
2024-04-16T12:00+02:00,789.775,10930.47042,49487.45754,64195.2975,68.01
2024-04-16T13:00+02:00,2006.8325,11029.05976,49348.36174,64636.75,68.01
2024-04-16T14:00+02:00,3118,10205.71787,48805.03817,63347.08,68.01
2024-04-16T15:00+02:00,3063.22,9842.514428,45563.18991,61548.1225,68.01
2024-04-16T16:00+02:00,2622.3075,12545.73336,40978.26598,59932.28,68.01
2024-04-16T17:00+02:00,4674.465,14935.65083,36363.44953,61266.0175,68.01
2024-04-16T18:00+02:00,5153.23,18924.69032,29844.59652,61576.3275,68.01
2024-04-16T19:00+02:00,7246.575,20252.1719,25139.55152,61649.4925,68.01
2024-04-16T20:00+02:00,7804.89,20591.98361,23264.75587,60163.88,68.01
2024-04-16T21:00+02:00,6308.78,20768.97533,21403.5448,56713.8825,68.01
2024-04-16T22:00+02:00,6029.925,20478.74514,19964.20427,52550.0775,68.01
2024-04-16T23:00+02:00,7001.86,19543.55367,18587.59849,48849.3375,68.01
2024-04-17T00:00+02:00,6546.935,18801.26108,18108.44255,46211.3975,68.01
2024-04-17T01:00+02:00,7614.7325,18232.61755,17411.77403,44800.63,68.01
2024-04-17T02:00+02:00,8185.9525,17808.01251,16884.6593,44011.9625,68.01
2024-04-17T03:00+02:00,9359.28,17822.5044,16446.57539,44600.6125,68.01
2024-04-17T04:00+02:00,10201.4475,17961.25427,15642.55107,45861.675,68.01
2024-04-17T05:00+02:00,9987.545,20425.88238,15030.12222,49061.67,68.01
2024-04-17T06:00+02:00,8010.435,24265.10059,15122.02083,55560.1225,68.01
2024-04-17T07:00+02:00,9355.3475,25390.12417,16274.48848,60308.895,68.01
2024-04-17T08:00+02:00,9374.635,25602.19003,19327.13103,63199.7925,68.01
2024-04-17T09:00+02:00,8463.265,24349.48756,23705.98053,64140.7075,68.01
2024-04-17T10:00+02:00,8515.765,21678.84177,27769.29658,64487,68.01
2024-04-17T11:00+02:00,9454.055,19229.08446,31814.96967,64896.135,68.01
2024-04-17T12:00+02:00,10590.6375,17499.64717,34386.29554,64081.245,68.01
2024-04-17T13:00+02:00,8731.75,16055.62547,35467.81933,62266.505,68.01
2024-04-17T14:00+02:00,8831.1225,14996.59427,34533.50766,60407.69,68.01
2024-04-17T15:00+02:00,8307.4875,15904.14121,32005.12731,59326.725,68.01
2024-04-17T16:00+02:00,7778.96,17875.33471,28747.56175,58483.2,68.01
2024-04-17T17:00+02:00,8388.7125,22585.5657,23621.26585,59200.09,68.01
2024-04-17T18:00+02:00,8598.95,26210.7741,17761.28037,59623.01,68.01
2024-04-17T19:00+02:00,10854.0625,26673.00931,13523.59621,59950.2975,68.01
2024-04-17T20:00+02:00,9645.595,26616.30575,12134.67868,58757.8775,68.01
2024-04-17T21:00+02:00,8718.5475,26464.29748,11985.10269,56054.945,68.01
2024-04-17T22:00+02:00,8238.7025,25840.87866,11843.34065,52574.95,68.01
2024-04-17T23:00+02:00,8511.5025,24621.11605,11401.49746,49201.325,68.01
2024-04-18T00:00+02:00,7771.61,23481.9707,11233.85678,46601.4875,68.01
2024-04-18T01:00+02:00,7455.5025,23185.98244,11032.79171,44846.2725,68.01
2024-04-18T02:00+02:00,9038.035,22602.93891,10891.32305,44261.73,68.01
2024-04-18T03:00+02:00,9183.445,22583.2443,11052.02491,44795.6925,68.01
2024-04-18T04:00+02:00,9162.08,23360.42209,10936.78759,45620.0825,68.01
2024-04-18T05:00+02:00,8017.375,24772.30411,11424.30807,48837.5325,68.01
2024-04-18T06:00+02:00,8256.4625,26287.55297,12308.55872,55819.3975,68.01
2024-04-18T07:00+02:00,8127.7375,26628.52852,15140.44429,61052.8075,68.01
2024-04-18T08:00+02:00,7145.045,26432.40085,19568.09565,63591.93,68.01
2024-04-18T09:00+02:00,4799.225,25458.74043,24954.75703,63916.82,68.01
2024-04-18T10:00+02:00,5032.235,21616.97798,31304.12279,64576.2375,68.01
2024-04-18T11:00+02:00,4749.6025,18788.4966,35692.90933,64474.195,68.01
2024-04-18T12:00+02:00,4039.0875,17854.36308,38737.65972,64493.4475,68.01
2024-04-18T13:00+02:00,4533.9625,15841.173,41049.74328,63447.595,68.01
2024-04-18T14:00+02:00,2634.8675,15948.52169,42886.11813,60944.815,68.01
2024-04-18T15:00+02:00,1933.76,15047.2969,43635.54595,59813.37,68.01
2024-04-18T16:00+02:00,2034.2275,14549.36166,41975.51989,59259.055,68.01
2024-04-18T17:00+02:00,1602.5925,16279.53193,38008.80077,59660.4975,68.01
2024-04-18T18:00+02:00,2708.0425,20664.22354,30689.11385,60084.965,68.01
2024-04-18T19:00+02:00,3858.7725,22513.76861,23855.1157,60079.5725,68.01
2024-04-18T20:00+02:00,5344.095,22103.44383,21220.02897,59029.7475,68.01
2024-04-18T21:00+02:00,5591.4325,21185.14012,21381.53663,56322.7925,68.01
2024-04-18T22:00+02:00,5450.35,19486.20221,21800.1699,52458.135,68.01
2024-04-18T23:00+02:00,6435.17,16174.69504,23496.00295,48126.535,68.01
2024-04-19T00:00+02:00,5558.1975,13972.60334,25252.30727,45399.155,68.01
2024-04-19T01:00+02:00,5413.01,11640.62611,27974.92761,44397.13,68.01
2024-04-19T02:00+02:00,3492.6275,11188.9588,30770.86399,43658.68,68.01
2024-04-19T03:00+02:00,3299.985,11323.01485,33800.99285,44388.415,68.01
2024-04-19T04:00+02:00,1785.37,11551.82574,35942.51809,46072.83,68.01
2024-04-19T05:00+02:00,1198.0425,12187.58487,37896.61952,49311.5425,68.01
2024-04-19T06:00+02:00,1435.8925,12983.251,40675.65452,55945.0525,68.01
2024-04-19T07:00+02:00,-725.85,13648.30157,42523.57571,60929.23,68.01
2024-04-19T08:00+02:00,-2508.23,13616.24449,46076.93425,64057.775,68.01
2024-04-19T09:00+02:00,-2990.285,13195.92371,49946.22572,65638.1625,68.01
2024-04-19T10:00+02:00,-1341.5975,12423.15007,52803.84635,66599.865,68.01
2024-04-19T11:00+02:00,-1405.8425,11682.34272,54336.22905,66747.6725,67.83
2024-04-19T12:00+02:00,-654.5625,11295.52763,54018.51709,66191.75,67.77
2024-04-19T13:00+02:00,230.275,11146.93028,52911.88006,64379.8375,67.77
2024-04-19T14:00+02:00,771.92,10854.84702,51499.01615,63075.4475,67.77
2024-04-19T15:00+02:00,2078.0225,10877.12389,49895.66097,61153.845,67.77
2024-04-19T16:00+02:00,2985.3125,11199.16461,48441.66743,60786.365,67.77
2024-04-19T17:00+02:00,2701.1775,11850.43521,45922.03314,60614.46,67.77
2024-04-19T18:00+02:00,1573.255,12165.64468,43957.61245,60712.655,67.77
2024-04-19T19:00+02:00,546.975,11861.91876,41187.44977,60103.54,67.77
2024-04-19T20:00+02:00,-725.3375,12003.45176,40423.74812,58287.76,67.77
2024-04-19T21:00+02:00,-1147.975,11579.04752,39696.58752,55765.5975,67.77
2024-04-19T22:00+02:00,-332.34,11207.09013,38472.50824,52804.37,67.77
2024-04-19T23:00+02:00,-686.145,10449.37779,37046.0838,49370.5525,67.77
2024-04-20T00:00+02:00,-1289.71,9672.377446,35653.57015,46715.05,67.77
2024-04-20T01:00+02:00,-1467.255,9482.933481,34870.4644,44647.2975,67.77
2024-04-20T02:00+02:00,-1336.3825,9220.57042,34279.62524,43472.2375,67.77
2024-04-20T03:00+02:00,-735.91,9265.683743,33562.25096,43352.695,67.77
2024-04-20T04:00+02:00,270.22,9424.655825,31773.22839,43158.875,67.77
2024-04-20T05:00+02:00,1557.6325,9546.162331,30326.40226,43517.085,67.77
2024-04-20T06:00+02:00,2183.8625,9644.909191,28620.14872,44461.2325,67.77
2024-04-20T07:00+02:00,4729.34,9769.882933,27633.33641,46212.6975,67.77
2024-04-20T08:00+02:00,5688.1875,10134.82769,29139.70439,49515.86,67.77
2024-04-20T09:00+02:00,7712.0225,9795.906533,31987.0069,51526.9975,67.77
2024-04-20T10:00+02:00,7299.3425,9722.943379,35337.15925,53122.67,67.77
2024-04-20T11:00+02:00,6928.7175,9489.132045,37712.85812,53777.9025,67.77
2024-04-20T12:00+02:00,5057.8925,9342.72574,39216.80804,52590.0575,67.77
2024-04-20T13:00+02:00,4937.1375,9242.860547,39903.70798,50770.6975,67.77
2024-04-20T14:00+02:00,4369.7925,9086.318877,39744.17102,49171.6875,67.77
2024-04-20T15:00+02:00,4008.6475,8736.780718,37702.78037,48841.895,67.77
2024-04-20T16:00+02:00,5130.875,8963.501766,35744.1333,47974.7125,67.77
2024-04-20T17:00+02:00,7087.495,9634.543192,31567.37528,49328.535,67.77
2024-04-20T18:00+02:00,7121.415,11601.05742,25848.9066,50383.0425,67.77
2024-04-20T19:00+02:00,7609.11,14791.7111,22057.14068,50798.885,67.77
2024-04-20T20:00+02:00,7713.645,15205.19072,19392.29967,49905.875,67.77
2024-04-20T21:00+02:00,6883.685,14714.83923,18623.39579,47716.01,67.77
2024-04-20T22:00+02:00,6945.225,14383.26789,17164.9519,46069.96,67.77
2024-04-20T23:00+02:00,7177.12,14069.1986,16992.57495,43644.3375,67.77
2024-04-21T00:00+02:00,8430.8825,13336.93082,15770.30444,40902.1075,67.77
2024-04-21T01:00+02:00,8030.56,12674.15654,16377.43982,38872.4775,67.77
2024-04-21T02:00+02:00,9037.7775,11595.38299,17719.58671,38234.8175,67.77
2024-04-21T03:00+02:00,7747.8725,11434.76249,18404.5956,38513.0875,67.77
2024-04-21T04:00+02:00,7194.5575,11216.87544,18526.42667,39016.26,67.77
2024-04-21T05:00+02:00,7152.79,10817.52344,18718.7702,39474.0825,67.77
2024-04-21T06:00+02:00,6130.61,10941.47145,19366.38912,39204.375,67.77
2024-04-21T07:00+02:00,5866.6725,10499.19667,20946.56067,40548.6525,67.77
2024-04-21T08:00+02:00,5801.285,10224.04363,24803.91971,44048.17,67.77
2024-04-21T09:00+02:00,5367.5275,9833.647192,31513.00162,48362.7075,67.77
2024-04-21T10:00+02:00,3452.985,9100.229952,37646.97217,50597.125,67.77
2024-04-21T11:00+02:00,-760.5475,8885.723692,42582.93947,51959.9225,67.77
2024-04-21T12:00+02:00,-2181.2175,8793.607311,44932.31051,51790.4275,67.77
2024-04-21T13:00+02:00,-4683.34,9074.491732,44784.17926,49667.8525,67.77
2024-04-21T14:00+02:00,-3353.54,9235.702736,43404.17217,47772.72,67.77
2024-04-21T15:00+02:00,-2651.7675,9365.902672,41360.77314,46694.91,67.77
2024-04-21T16:00+02:00,51.9,9315.115301,38604.85481,46365.09,67.77
2024-04-21T17:00+02:00,3544.6625,10197.1048,33801.05908,47552.2375,67.77
2024-04-21T18:00+02:00,4965.9025,12964.20005,27729.61686,48802.565,67.77
2024-04-21T19:00+02:00,7867.4925,15376.51247,22583.04315,49032.2775,67.77
2024-04-21T20:00+02:00,7708.785,15753.18809,20183.93997,49197.26,67.77
2024-04-21T21:00+02:00,7215.4875,16378.84549,19755.61372,49198.4075,67.77
2024-04-21T22:00+02:00,7592.1325,16314.26018,18765.81152,48402.3475,67.77
2024-04-21T23:00+02:00,7231.6225,16136.60772,18375.15147,45988.99,67.77
2024-04-22T00:00+02:00,7127.835,15999.24428,17956.76205,44173.6575,67.77
2024-04-22T01:00+02:00,6944.185,15961.77537,17182.30095,42587.885,67.77
2024-04-22T02:00+02:00,7263.5825,16022.19861,15951.81246,42013.42,67.77
2024-04-22T03:00+02:00,8255.3625,16634.10843,14848.41795,42474.5725,67.77
2024-04-22T04:00+02:00,8933.4,18023.14659,14267.72125,43864.0675,67.77
2024-04-22T05:00+02:00,10045.2075,20259.65789,14040.95141,47425.325,67.77
2024-04-22T06:00+02:00,9655.2625,22815.31007,15008.81004,54882.9275,67.77
2024-04-22T07:00+02:00,9268.2925,23295.66985,18333.29331,60000.875,67.77
2024-04-22T08:00+02:00,6919.6125,23433.5453,24056.48593,63120.9425,67.77
2024-04-22T09:00+02:00,3363.92,22185.6607,31689.5399,63853.1275,67.77
2024-04-22T10:00+02:00,2745.295,19007.59173,37747.07859,64254.3475,67.77
2024-04-22T11:00+02:00,3756.03,17333.42668,39543.2661,63873.5725,67.77
2024-04-22T12:00+02:00,3037.22,17712.29687,39376.88315,63315.045,67.77
2024-04-22T13:00+02:00,4584.675,17478.21148,38350.3622,62027.2325,67.77
2024-04-22T14:00+02:00,3409.935,17510.02877,37538.11979,60315.69,67.77
2024-04-22T15:00+02:00,3850.165,18192.45335,34305.30495,59545,67.77
2024-04-22T16:00+02:00,2996.9125,20388.95905,30224.69165,58092.295,67.77
2024-04-22T17:00+02:00,4765.9425,22937.25529,24684.78038,58691.5,67.77
2024-04-22T18:00+02:00,7394.29,24658.21757,18766.74018,59071.215,67.77
2024-04-22T19:00+02:00,9996.5,25753.31837,13765.24519,59373.7375,67.77
2024-04-22T20:00+02:00,9794.105,26461.41807,11570.65767,58496.0125,67.77
2024-04-22T21:00+02:00,7796.7475,26363.57412,11540.36254,56385.36,67.77
2024-04-22T22:00+02:00,6907.63,25421.14737,11357.36882,52880.35,67.77
2024-04-22T23:00+02:00,6835.3925,24870.80365,11224.92495,49219.21,67.77
2024-04-23T00:00+02:00,6339.63,24362.0547,10907.10379,46935.0125,67.77
2024-04-23T01:00+02:00,6747.2775,23892.64213,10754.41028,45750.74,67.77
2024-04-23T02:00+02:00,7181.95,23237.63167,10750.27532,45428.9825,67.77
2024-04-23T03:00+02:00,8346.905,23344.03473,10743.33586,45952.6125,67.77
2024-04-23T04:00+02:00,8930.4725,23582.91256,10800.25333,47360.76,67.77
2024-04-23T05:00+02:00,9191.3825,24462.42712,11176.22434,50803.665,67.77
2024-04-23T06:00+02:00,8902.6025,25310.97671,12459.125,56939.7325,67.77
2024-04-23T07:00+02:00,8579.46,25592.34919,16913.9887,61421.2825,67.77
2024-04-23T08:00+02:00,5764.6875,25353.58762,24181.19657,63908.355,67.77
2024-04-23T09:00+02:00,969.7625,23906.87371,32583.89463,64171.8475,67.77
2024-04-23T10:00+02:00,88.64,19473.65942,40286.0591,63213.6575,67.77
2024-04-23T11:00+02:00,1407.1375,16486.71566,42924.08531,62913.1825,67.77
2024-04-23T12:00+02:00,935.335,16398.05102,42563.23614,62639.4225,67.77
2024-04-23T13:00+02:00,1559.505,15753.37316,41457.43532,62277.4575,67.77
2024-04-23T14:00+02:00,2230.3375,16230.19632,39701.8141,60959.8225,67.77
2024-04-23T15:00+02:00,3429.6325,17534.65765,36048.92303,60358.9625,67.77
2024-04-23T16:00+02:00,2900.4675,18560.70607,32539.44615,59262.54,67.77
2024-04-23T17:00+02:00,3315.385,21715.34145,29157.96157,59750.8425,67.77
2024-04-23T18:00+02:00,6672.4375,23437.34911,25241.75093,61256.435,67.77
2024-04-23T19:00+02:00,7767.0075,23998.4147,20972.3935,60930.67,67.77
2024-04-23T20:00+02:00,8256.9975,23885.70863,19435.25076,59346.205,67.77
2024-04-23T21:00+02:00,8023.075,23580.38356,19291.53149,57255.535,67.77
2024-04-23T22:00+02:00,7572.19,22563.25953,18832.25259,53647.5,67.77
2024-04-23T23:00+02:00,7071.025,20979.05894,18690.06237,50453.2475,67.77
2024-04-24T00:00+02:00,6180.735,20250.60412,19201.03924,47481.7025,67.77
2024-04-24T01:00+02:00,6810.1625,19659.91809,19575.67059,46698.365,67.77
2024-04-24T02:00+02:00,5925.78,19564.58002,20158.23244,45749.8175,67.77
2024-04-24T03:00+02:00,5794.3275,19494.28329,20669.47822,46324.665,67.77
2024-04-24T04:00+02:00,5448.39,19397.9766,20574.49121,47443.4225,67.77
2024-04-24T05:00+02:00,4737.48,21117.20485,20467.94628,50391.2725,67.77
2024-04-24T06:00+02:00,5767.825,23978.31372,21178.58472,57038.0125,67.77
2024-04-24T07:00+02:00,5300.975,24503.96218,23309.18164,61384.1175,67.77
2024-04-24T08:00+02:00,3695.9375,24535.30331,27958.82728,63917.4575,67.77
2024-04-24T09:00+02:00,2167.2675,23429.49725,32697.5816,64964.41,67.77
2024-04-24T10:00+02:00,1259.1575,21126.6092,37116.78094,65458.8875,67.77
2024-04-24T11:00+02:00,1378.215,20234.94477,38482.44942,65671.6275,67.77
2024-04-24T12:00+02:00,1628.575,19720.24259,39661.71561,64145.1275,67.77
2024-04-24T13:00+02:00,1295.925,18358.91697,41335.57223,63078.3,67.77
2024-04-24T14:00+02:00,768.4425,17480.29384,41479.23212,62152.06,67.77
2024-04-24T15:00+02:00,297.7775,17912.95225,40051.69104,61574.065,67.77
2024-04-24T16:00+02:00,909.5075,18436.44758,36862.2855,60473.345,67.77
2024-04-24T17:00+02:00,-63.9875,21647.70571,30953.8197,60304.5275,67.77
2024-04-24T18:00+02:00,3819.9275,24406.65619,25139.89294,60514.8375,67.77
2024-04-24T19:00+02:00,6767.835,25103.7703,19681.06302,60234.63,67.77
2024-04-24T20:00+02:00,7585.1825,25252.57877,17341.64125,59073.6825,67.77
2024-04-24T21:00+02:00,7518.2825,25012.33626,17425.45772,57050.265,67.77
2024-04-24T22:00+02:00,5073.3375,24957.17553,17152.12367,53528.35,67.77
2024-04-24T23:00+02:00,4017.7225,24203.76321,17346.0428,49966.5525,67.77
2024-04-25T00:00+02:00,3344.8375,22822.91408,16461.70422,46979.455,67.77
2024-04-25T01:00+02:00,3069.5925,22240.50214,15930.224,45542.02,67.77
2024-04-25T02:00+02:00,3537.98,21947.95365,16194.23137,45077.4525,67.77
2024-04-25T03:00+02:00,4774.6375,21925.96859,15906.84841,45782.785,67.77
2024-04-25T04:00+02:00,5552.3725,22172.28767,15664.37988,46739.44,67.77
2024-04-25T05:00+02:00,6764.98,23247.47696,15325.82632,49719.575,67.77
2024-04-25T06:00+02:00,8038.8275,24889.34246,15358.65022,56234.555,67.77
2024-04-25T07:00+02:00,8464.9625,25033.46535,17499.01368,61023.7325,67.77
2024-04-25T08:00+02:00,8778.57,25027.28432,21308.04453,63717.585,67.77
2024-04-25T09:00+02:00,7387.735,24239.32459,25578.67708,64186.5925,67.77
2024-04-25T10:00+02:00,7974.1275,20994.08535,31351.65711,64756.5725,67.77
2024-04-25T11:00+02:00,6468.0575,19087.09466,36490.67456,65777.8875,67.77
2024-04-25T12:00+02:00,4130.8025,17928.03914,39473.77582,65034.3375,67.77
2024-04-25T13:00+02:00,3701.0875,17190.55049,40330.00571,63641.475,67.77
2024-04-25T14:00+02:00,3122.6375,16462.19521,40126.04429,61835.2975,67.77
2024-04-25T15:00+02:00,3201.7175,16980.15488,37537.05661,60122.1525,67.77
2024-04-25T16:00+02:00,4013.3875,18479.56786,33381.61968,58257.4625,67.77
2024-04-25T17:00+02:00,4844.815,22181.59496,27474.58645,58705.2175,67.77
2024-04-25T18:00+02:00,7104.035,25043.31526,21261.32784,59521.83,67.77
2024-04-25T19:00+02:00,10328.225,25878.3031,15457.12548,59785.0075,67.77
2024-04-25T20:00+02:00,10914.31,25967.73003,13868.88617,58190.345,67.77
2024-04-25T21:00+02:00,8122.735,25785.35361,15288.21621,56165.22,67.77
2024-04-25T22:00+02:00,6318.1425,24385.74275,17693.19802,53138.5075,67.77
2024-04-25T23:00+02:00,4248.925,21958.71109,19494.32437,49470.915,67.77
2024-04-26T00:00+02:00,2143.3325,19720.01627,20612.47176,46897.69,67.77
2024-04-26T01:00+02:00,1496.4675,18626.49737,21657.14447,45252.3925,67.77
2024-04-26T02:00+02:00,1120.4775,18188.7003,22039.01351,44732.69,67.77
2024-04-26T03:00+02:00,1483.275,18141.23357,21719.572,45105.8775,67.77
2024-04-26T04:00+02:00,1636.01,18957.75348,20645.50803,46455.4575,67.77
2024-04-26T05:00+02:00,2717.5875,20795.79364,20233.55921,49603.8275,67.77
2024-04-26T06:00+02:00,6112.1275,21633.4142,21634.91603,55919.6925,67.77
2024-04-26T07:00+02:00,5344.73,21685.27781,24380.66304,60376.3675,67.77
2024-04-26T08:00+02:00,3546.035,21752.60942,28124.72197,63313.885,67.77
2024-04-26T09:00+02:00,4100.77,19460.27092,33803.94792,64247.7525,67.77
2024-04-26T10:00+02:00,1606.09,18654.58925,39328.00648,63081.06,67.77
2024-04-26T11:00+02:00,2030.7275,16768.7702,42865.90601,62529.98,66.1875
2024-04-26T12:00+02:00,1661.0125,16358.96615,42668.72351,61786.41,65.66
2024-04-26T13:00+02:00,2328.5675,16718.67825,41675.22286,60427.6575,65.66
2024-04-26T14:00+02:00,1815.8575,16548.56828,40697.5368,58718.7175,65.66
2024-04-26T15:00+02:00,3152.1825,15631.17175,37865.67373,57846.1825,65.66
2024-04-26T16:00+02:00,3619.8275,16387.3166,33622.90013,57102.055,65.66
2024-04-26T17:00+02:00,5291.2125,19640.82761,26334.84043,56838.965,65.66
2024-04-26T18:00+02:00,8142.0825,23245.20326,18334.69735,56904.7225,65.66
2024-04-26T19:00+02:00,10878.8925,24307.47625,12680.57897,56281.6175,65.66
2024-04-26T20:00+02:00,11547.1125,24480.4221,10589.393,55094.57,65.66
2024-04-26T21:00+02:00,9150.4,24081.19658,10983.70011,52961.33,65.66
2024-04-26T22:00+02:00,8696.3575,22902.42721,10885.8148,49691.8675,65.66
2024-04-26T23:00+02:00,7271.0425,21543.90602,10799.32879,46304.675,65.66
2024-04-27T00:00+02:00,9915.6325,19278.00089,10648.27497,43466.33,65.66
2024-04-27T01:00+02:00,9629.9425,17513.12448,10533.10161,41600.9725,65.66
2024-04-27T02:00+02:00,9729.3325,16659.67035,10507.47302,40509.815,65.66
2024-04-27T03:00+02:00,10758.94,16143.77427,10629.79708,40012.955,65.66
2024-04-27T04:00+02:00,11386.18,15486.11421,11181.77618,40331.705,65.66
2024-04-27T05:00+02:00,11138.0725,14901.15128,12097.31835,40826.335,65.66
2024-04-27T06:00+02:00,10042.0775,14577.60876,14180.19061,42055.375,65.66
2024-04-27T07:00+02:00,7807.63,13054.19965,20297.79852,44749.0975,65.66
2024-04-27T08:00+02:00,4289.735,11066.70305,28074.09649,47835.4125,65.66
2024-04-27T09:00+02:00,935.0675,10652.88548,35219.68017,50201.1275,65.66
2024-04-27T10:00+02:00,-1984.9775,9212.128624,43497.8672,50833.435,65.66
2024-04-27T11:00+02:00,-6317.34,8231.860428,50681.69492,50923.995,65.66
2024-04-27T12:00+02:00,-12335.3375,8080.215947,54238.39421,50066.4925,65.66
2024-04-27T13:00+02:00,-12755.1625,8048.320441,54887.06816,48908.4725,65.66
2024-04-27T14:00+02:00,-12630.0925,7908.433532,53472.46478,46792.9625,65.66
2024-04-27T15:00+02:00,-8642.85,7614.790034,48933.95382,46127.39,65.66
2024-04-27T16:00+02:00,-4665.1625,7686.627908,43927.99006,46018.01,65.66
2024-04-27T17:00+02:00,-144.4225,8173.314132,36063.917,47895.0825,65.66
2024-04-27T18:00+02:00,3165.4575,11413.92006,25814.99964,48928.895,65.66
2024-04-27T19:00+02:00,7957.4525,12810.44876,18846.38124,49038.0325,65.66
2024-04-27T20:00+02:00,7081.86,13161.1435,18246.49559,48646.6575,65.66
2024-04-27T21:00+02:00,5475.8475,12849.78391,20605.17791,48264.7875,65.66
2024-04-27T22:00+02:00,3144.19,12095.5963,23928.58067,46418.65,65.66
2024-04-27T23:00+02:00,1774.465,10703.91135,26698.18355,43617.4175,65.66
2024-04-28T00:00+02:00,386.1125,8372.604654,27971.61559,39755.89,65.66
2024-04-28T01:00+02:00,-1696.68,8406.687667,28316.43576,39005,65.66
2024-04-28T02:00+02:00,-2172.19,8060.795145,29262.74371,37707.48,65.66
2024-04-28T03:00+02:00,-2152.63,7462.639246,30136.71312,35989.705,65.66
2024-04-28T04:00+02:00,-1778.3125,7542.579261,30643.41454,36572.4425,65.66
2024-04-28T05:00+02:00,-1957.4775,7604.338541,30059.00759,37112.63,65.66
2024-04-28T06:00+02:00,-1584.73,7533.546921,31713.85062,37711.9675,65.66
2024-04-28T07:00+02:00,-2520.5375,7101.54663,35257.86809,40235.6275,65.66
2024-04-28T08:00+02:00,-4166.725,6931.561665,38355.71201,43371.9025,65.66
2024-04-28T09:00+02:00,-5363.7725,7097.395875,43223.07417,46601.1125,65.66
2024-04-28T10:00+02:00,-5837.225,7121.592701,47721.12916,47948.405,65.66
2024-04-28T11:00+02:00,-8288.19,7096.467495,50996.32741,49212.5825,65.66
2024-04-28T12:00+02:00,-7988.0475,6824.861257,51435.16808,49456.7575,65.66
2024-04-28T13:00+02:00,-9701.375,6783.991655,49964.98646,46785.21,65.66
2024-04-28T14:00+02:00,-9075.755,6797.40217,48571.23658,45390.82,65.66
2024-04-28T15:00+02:00,-8593.8025,6776.657461,47168.733,45413.1825,65.66
2024-04-28T16:00+02:00,-6867.855,6948.231806,46554.04179,44626.925,65.66
2024-04-28T17:00+02:00,-4580.5225,7167.657859,43824.58115,46121.5775,65.66
2024-04-28T18:00+02:00,-1405.6875,8752.550687,39884.98682,48525.8775,65.66
2024-04-28T19:00+02:00,1877.32,11027.49248,34319.2098,48655.32,65.66
2024-04-28T20:00+02:00,2004.6275,11842.32607,31415.10041,48876.8575,65.66
2024-04-28T21:00+02:00,2676.035,12281.61877,30936.7882,48584.4075,65.66
2024-04-28T22:00+02:00,2901.8225,12355.22498,29587.67765,47294.7125,65.66
2024-04-28T23:00+02:00,2659.485,11980.13885,27389.49504,44079.745,65.66
2024-04-29T00:00+02:00,4221.315,11561.94605,24199.01097,41436.0275,65.66
2024-04-29T01:00+02:00,6038.8575,11427.64857,21910.90611,39824.9975,65.66
2024-04-29T02:00+02:00,6997.19,11221.79463,21320.65408,39063.7575,65.66
2024-04-29T03:00+02:00,9331.2325,10747.59414,19363.92116,39567.5825,65.66
2024-04-29T04:00+02:00,9419.8175,11955.80432,17595.49134,41289.96,65.66
2024-04-29T05:00+02:00,11085.065,13964.27075,16271.56561,45183.74,65.66
2024-04-29T06:00+02:00,13849.4175,15849.78002,16566.70198,52598.9275,65.66
2024-04-29T07:00+02:00,12745.73,16308.78132,19959.88383,57554.225,65.66
2024-04-29T08:00+02:00,11768.8075,15619.21582,25462.70895,60467.06,65.66
2024-04-29T09:00+02:00,7494.0275,13936.45798,32962.28312,60526.02,65.66
2024-04-29T10:00+02:00,6231.1125,10493.44225,40091.57311,59712.515,65.66
2024-04-29T11:00+02:00,3540.295,9623.692853,45439.57909,58890.11,65.66
2024-04-29T12:00+02:00,2347.9025,9293.703496,47831.06268,57676.875,65.66
2024-04-29T13:00+02:00,1124.0175,9162.554326,47667.84093,56757.63,65.66
2024-04-29T14:00+02:00,1097.46,9176.792009,45894.69406,55453.68,65.66
2024-04-29T15:00+02:00,4293.97,9155.901958,41932.8191,55135.625,65.66
2024-04-29T16:00+02:00,6777.795,10158.45501,35808.33811,54524.2475,65.66
2024-04-29T17:00+02:00,8464.94,14199.29385,27717.6334,55079.3425,65.66
2024-04-29T18:00+02:00,11520.7975,18018.10058,19688.39311,55939.0575,65.66
2024-04-29T19:00+02:00,14663.355,19264.20205,14752.1674,56344.5425,65.66
2024-04-29T20:00+02:00,12931.21,19396.55567,14481.17186,55486.7925,65.66
2024-04-29T21:00+02:00,9417.3,18708.16026,17516.47295,53968.6025,65.66
2024-04-29T22:00+02:00,7233.6275,17029.14442,20496.77619,50593.5625,65.66
2024-04-29T23:00+02:00,6607.41,14889.27121,21999.51187,46692.78,65.66
2024-04-30T00:00+02:00,5293.7225,13175.38806,22566.71397,43765.7225,65.66
2024-04-30T01:00+02:00,5467.3025,12198.6246,22219.95612,42185.555,65.66
2024-04-30T02:00+02:00,5614.7,12069.63117,21647.09739,41585.865,65.66
2024-04-30T03:00+02:00,6204.69,12568.3199,21098.14446,42014.985,65.66
2024-04-30T04:00+02:00,6930.9975,12851.68167,20666.70526,43595.1575,65.66
2024-04-30T05:00+02:00,9337.445,12999.90721,20630.86856,47199.82,65.66
2024-04-30T06:00+02:00,11194.585,13288.32176,21730.86327,53837.56,65.66
2024-04-30T07:00+02:00,10637.4625,13634.43533,25152.69582,58433.5725,65.66
2024-04-30T08:00+02:00,9841.27,13264.27069,31718.51384,61281.2975,65.66
2024-04-30T09:00+02:00,6947.2625,11931.4486,38405.51718,60314.0125,65.66
2024-04-30T10:00+02:00,3018.8375,9741.78809,44237.88401,59055.89,65.66
2024-04-30T11:00+02:00,-399.145,9116.888271,49052.68925,59162.285,65.66
2024-04-30T12:00+02:00,-2390.285,8808.716809,52179.14978,58341.0575,65.66
2024-04-30T13:00+02:00,-3126.9325,8723.495748,53097.27237,57438.275,65.66
2024-04-30T14:00+02:00,-3038.09,8679.416206,51247.6279,56047.565,65.66
2024-04-30T15:00+02:00,-1534.9425,8431.227081,49163.39158,55281.635,65.66
2024-04-30T16:00+02:00,2892.3775,8551.193448,43620.9024,54705.335,65.66
2024-04-30T17:00+02:00,6297.915,11023.60654,35623.90271,56093.6,65.66
2024-04-30T18:00+02:00,10716.3625,14028.48762,25514.54665,56126.5175,65.66
2024-04-30T19:00+02:00,12774.8275,15615.61807,19522.66242,56117.095,65.66
2024-04-30T20:00+02:00,11783.2375,15770.17256,19542.02416,54659.4325,65.66
2024-04-30T21:00+02:00,9154.83,15071.80729,21853.9567,53322.54,65.66
2024-04-30T22:00+02:00,7380.31,13098.95956,23602.22109,49583.525,65.66
2024-04-30T23:00+02:00,6909.4775,11139.39103,24067.63611,45795.99,65.66
2024-05-01T00:00+02:00,5467.5575,9627.786347,23770.12247,39889.3025,65.66
2024-05-01T01:00+02:00,6048.3575,9234.823935,22900.5827,37327.5675,65.66
2024-05-01T02:00+02:00,6466.4525,9359.879108,21979.4889,35865.7875,65.66
2024-05-01T03:00+02:00,6811.525,8912.179891,21562.19173,35312.7025,65.66
2024-05-01T04:00+02:00,6385.445,8442.535166,22059.92459,35052.545,65.66
2024-05-01T05:00+02:00,5442.185,8228.656553,22621.43703,34752.23,65.66
2024-05-01T06:00+02:00,2692.7125,8248.131517,24467.12395,34688.3025,65.66
2024-05-01T07:00+02:00,1362.7775,6924.861898,29839.6228,37753.72,65.66
2024-05-01T08:00+02:00,-2462.05,6833.280528,36167.45414,41224.0575,65.66
2024-05-01T09:00+02:00,-4435.025,6611.127056,43615.59217,44281.91,65.66
2024-05-01T10:00+02:00,-10573.35,6927.614993,49473.07047,44408.69,65.66
2024-05-01T11:00+02:00,-10632.235,6293.692865,52220.93316,44784.89,65.66
2024-05-01T12:00+02:00,-10880.5675,6222.361537,52939.67612,43362.05,65.66
2024-05-01T13:00+02:00,-12337.7225,6269.09004,53261.54549,41513.2875,65.66
2024-05-01T14:00+02:00,-12056.2,6247.545917,51826.34001,40227.1225,65.66
2024-05-01T15:00+02:00,-12088.3875,6244.047417,50496.31549,40073.895,65.66
2024-05-01T16:00+02:00,-12850.605,6396.725405,51552.3959,40875.72,65.66
2024-05-01T17:00+02:00,-8986.6675,6552.40922,48916.83886,42945.3125,65.66
2024-05-01T18:00+02:00,-5176.725,6920.070696,43774.29776,44934.7475,65.66
2024-05-01T19:00+02:00,-1147.5625,7376.526008,36701.31765,44859.2275,65.66
2024-05-01T20:00+02:00,-1578.76,8073.721847,35387.85668,45129.4275,65.66
2024-05-01T21:00+02:00,-3627.7,7873.471888,37546.25098,44920.845,65.66
2024-05-01T22:00+02:00,-2773.8175,8175.669835,37080.11075,43175.745,65.66
2024-05-01T23:00+02:00,-3592.4025,7708.469736,36746.00126,40289.4175,65.66
2024-05-02T00:00+02:00,-3108.195,7502.668529,35655.7231,39533.365,65.66
2024-05-02T01:00+02:00,-1453.8975,7570.614106,34133.37617,38189.2275,65.66
2024-05-02T02:00+02:00,-1258.3025,7379.137596,33862.9587,37472.405,65.66
2024-05-02T03:00+02:00,-248.075,7403.978904,32994.60754,37758.725,65.66
2024-05-02T04:00+02:00,144.7575,7578.419495,33105.58407,39257.1875,65.66
2024-05-02T05:00+02:00,959.9175,8013.275896,33098.78583,42900.9225,65.66
2024-05-02T06:00+02:00,2722.4375,8602.206049,33832.88996,50603.31,65.66
2024-05-02T07:00+02:00,3212.7325,8545.988896,36303.82295,55738.34,65.66
2024-05-02T08:00+02:00,2755.75,8907.05641,40915.88356,58927.49,65.66
2024-05-02T09:00+02:00,-526.1425,7927.103989,49203.86454,60174.4275,65.66
2024-05-02T10:00+02:00,-5389.025,7594.445863,57247.36926,61204.8025,65.66
2024-05-02T11:00+02:00,-8244.5525,7689.598379,61521.67474,60562.7275,65.66
2024-05-02T12:00+02:00,-11258.725,7635.043032,62797.85008,59064.655,65.66
2024-05-02T13:00+02:00,-11609.2,8042.304609,62545.3341,57840.065,65.66
2024-05-02T14:00+02:00,-10476.34,8009.055086,60685.08606,57107.1925,65.66
2024-05-02T15:00+02:00,-6574.2,7907.132145,56302.40498,56341.345,65.66
2024-05-02T16:00+02:00,-4415.6875,8296.355268,52273.90969,56730.525,65.66
2024-05-02T17:00+02:00,-103.905,8973.443989,47175.82125,57593.855,65.66
2024-05-02T18:00+02:00,2950.0275,10137.10905,41269.41458,58299.1775,65.66
2024-05-02T19:00+02:00,3989.9475,11746.9736,36844.79556,57904.9075,65.66
2024-05-02T20:00+02:00,4251.885,11752.71007,34894.34774,55456.2125,65.66
2024-05-02T21:00+02:00,2052.56,11500.46296,35438.78287,53742.7175,65.66
2024-05-02T22:00+02:00,1446.19,10673.62321,35374.43902,49814.855,65.66
2024-05-02T23:00+02:00,1589.8925,9759.120664,34264.95466,46070.4475,65.66
2024-05-03T00:00+02:00,1474.94,9875.091294,32146.86898,44694.935,65.66
2024-05-03T01:00+02:00,3389.0675,9435.250344,30734.82758,43734.315,65.66
2024-05-03T02:00+02:00,4878.015,9327.064047,29600.81895,42290.9425,65.66
2024-05-03T03:00+02:00,4953.9125,9601.548331,29179.45896,42375.49,65.66
2024-05-03T04:00+02:00,5659.3625,9588.575299,28921.38648,43473.3825,65.66
2024-05-03T05:00+02:00,4897.1675,10588.64282,28205.41437,46053.895,65.66
2024-05-03T06:00+02:00,7855.7875,11571.20702,28266.01772,52193.2825,65.66
2024-05-03T07:00+02:00,9135.4475,11508.83617,30394.82736,57144.255,65.66
2024-05-03T08:00+02:00,9802.935,11313.9744,33534.12076,60253.08,65.66
2024-05-03T09:00+02:00,6519.21,11166.96371,37437.84294,61447.5325,65.66
2024-05-03T10:00+02:00,7441.49,10485.34845,40277.53347,62195.11,65.66
2024-05-03T11:00+02:00,6637.445,10406.72451,42245.04576,62924.07,69.8
2024-05-03T12:00+02:00,7880.025,9917.480147,42443.85272,62936.8825,71.18
2024-05-03T13:00+02:00,8333.7175,9914.139033,41549.5659,61441.17,71.18
2024-05-03T14:00+02:00,9094.6325,9873.76671,39941.54555,59067.355,71.18
2024-05-03T15:00+02:00,9959.2025,10110.9459,37078.83817,58165.2925,71.18
2024-05-03T16:00+02:00,10599.75,10589.06867,33780.46219,57306.0525,71.18
2024-05-03T17:00+02:00,11513.5025,11827.50591,29849.77054,57366.05,71.18
2024-05-03T18:00+02:00,10495.645,13367.57847,26228.36281,57322.295,71.18
2024-05-03T19:00+02:00,13229.8725,14209.75477,21259.55957,56178.7775,71.18
2024-05-03T20:00+02:00,12072.3525,14332.99807,18121.92242,54001.615,71.18
2024-05-03T21:00+02:00,11417.635,14320.01134,16652.27736,51722.8675,71.18
2024-05-03T22:00+02:00,11337.495,13942.05296,15337.50513,48327.1225,71.18
2024-05-03T23:00+02:00,9873.405,13531.07885,14470.57489,44938.695,71.18
2024-05-04T00:00+02:00,12096.6475,13094.63054,13933.45757,42154.44,71.18
2024-05-04T01:00+02:00,12848.6175,11766.98277,13604.87546,40311.48,71.18
2024-05-04T02:00+02:00,11336.5375,11997.07128,12889.47201,38649.6475,71.18
2024-05-04T03:00+02:00,12206.5025,11870.77142,12301.85273,38685.58,71.18
2024-05-04T04:00+02:00,12374.5975,12073.85807,12038.24813,39018.97,71.18
2024-05-04T05:00+02:00,12672.93,12267.13685,11485.57963,39653.2925,71.18
2024-05-04T06:00+02:00,13114.6125,12289.85389,12152.28458,40834.5975,71.18
2024-05-04T07:00+02:00,12551.035,11872.13324,15678.64396,43704.3075,71.18
2024-05-04T08:00+02:00,11170.7475,11063.34374,21784.48526,46824.7925,71.18
2024-05-04T09:00+02:00,10965.635,9531.029699,28300.26333,49293.05,71.18
2024-05-04T10:00+02:00,9743.5275,8053.943368,33860.67063,50006.07,71.18
2024-05-04T11:00+02:00,8311.0575,8016.589395,36150.59579,50239.9375,71.18
2024-05-04T12:00+02:00,6604.5225,7940.418218,37471.08938,50263.155,71.18
2024-05-04T13:00+02:00,5009.5,7772.501603,37257.90872,48623.745,71.18
2024-05-04T14:00+02:00,4909.935,7690.405192,36383.53524,46823.92,71.18
2024-05-04T15:00+02:00,6111.2425,7846.400293,34796.0676,46535.1425,71.18
2024-05-04T16:00+02:00,8907.0525,8052.708272,30989.3839,45984.115,71.18
2024-05-04T17:00+02:00,8864.1525,10661.65464,25675.98345,46896.9725,71.18
2024-05-04T18:00+02:00,8559.1675,13817.24036,18961.22387,48659.62,71.18
2024-05-04T19:00+02:00,11319.5675,14830.74201,13084.06009,48488.925,71.18
2024-05-04T20:00+02:00,12167.91,14954.97964,11252.26106,46967.82,71.18
2024-05-04T21:00+02:00,8986.3875,15144.99915,12804.70383,45594.795,71.18
2024-05-04T22:00+02:00,7715.1175,14568.19369,14950.67348,43769.025,71.18
2024-05-04T23:00+02:00,5364.85,13652.64345,16440.68911,41421.785,71.18
2024-05-05T00:00+02:00,5869.0775,11719.87171,17429.71155,38732.3825,71.18
2024-05-05T01:00+02:00,5114.02,10514.16131,18410.48483,36377.2675,71.18
2024-05-05T02:00+02:00,3980.7425,9521.090797,19716.31191,35110.1025,71.18
2024-05-05T03:00+02:00,3562.665,8802.778386,20490.66698,34808.085,71.18
2024-05-05T04:00+02:00,3125.5425,8677.398043,20797.62098,34929.0375,71.18
2024-05-05T05:00+02:00,3534.6725,8812.55734,21294.34379,35308.54,71.18
2024-05-05T06:00+02:00,4633.905,7551.632472,23505.62076,36341.065,71.18
2024-05-05T07:00+02:00,5202.1275,7350.171107,27202.25627,38765.73,71.18
2024-05-05T08:00+02:00,4265.6125,7174.595869,31577.07691,42488.9725,71.18
2024-05-05T09:00+02:00,2052.7425,7014.91993,36510.56158,45474.5175,71.18
2024-05-05T10:00+02:00,141.4475,6517.011446,41591.04851,47272.8825,71.18
2024-05-05T11:00+02:00,-1874.9225,6576.600132,45932.27588,49836.5,71.18
2024-05-05T12:00+02:00,-5669.5925,6616.893271,48825.33289,50053.435,71.18
2024-05-05T13:00+02:00,-9142.2475,6611.745395,49813.62937,47331.325,71.18
2024-05-05T14:00+02:00,-8510.5825,6663.83257,49330.92693,44963.1975,71.18
2024-05-05T15:00+02:00,-7717.915,6658.550141,48052.29691,44018.095,71.18
2024-05-05T16:00+02:00,-3524.4,6907.657962,44261.85664,44534.2,71.18
2024-05-05T17:00+02:00,1017.0175,7741.435802,39074.91469,46046.8975,71.18
2024-05-05T18:00+02:00,3804.8975,10595.30056,32164.34388,47798.4775,71.18
2024-05-05T19:00+02:00,4886.3325,12587.54905,25126.44267,48325.7675,71.18
2024-05-05T20:00+02:00,6158.81,13797.68619,20988.67362,47601.725,71.18
2024-05-05T21:00+02:00,6676.4275,14589.95956,18940.75929,47079.7825,71.18
2024-05-05T22:00+02:00,6687,14918.56059,17172.57447,45561.97,71.18
2024-05-05T23:00+02:00,8014.225,14407.54225,16331.02025,42772.515,71.18
2024-05-06T00:00+02:00,9657.915,13913.25376,15349.75168,40504.155,71.18
2024-05-06T01:00+02:00,8847.9475,13719.99397,14956.01313,39770.97,71.18
2024-05-06T02:00+02:00,11077.385,13047.83441,14754.28848,39310.8425,71.18
2024-05-06T03:00+02:00,10874.6775,13179.54767,13889.82821,39475.105,71.18
2024-05-06T04:00+02:00,10392.345,14376.79411,13017.65321,40830.31,71.18
2024-05-06T05:00+02:00,11116.535,16218.00679,12813.01116,44374.2725,71.18
2024-05-06T06:00+02:00,12640.9075,17575.37719,13651.23273,51871.1425,71.18
2024-05-06T07:00+02:00,14177.285,18245.37492,16652.50833,57233.8675,71.18
2024-05-06T08:00+02:00,14095.74,18361.86784,20953.95893,61031.29,71.18
2024-05-06T09:00+02:00,11492.445,18426.16505,25663.92885,61920.615,71.18
2024-05-06T10:00+02:00,10353.19,17301.45436,30416.44885,61754.25,71.18
2024-05-06T11:00+02:00,11487.16,15612.70254,34761.8826,62676.665,71.18
2024-05-06T12:00+02:00,10752.055,14189.37628,36900.26172,62489.9975,71.18
2024-05-06T13:00+02:00,9884.75,13908.48755,35740.64158,61846.6475,71.18
2024-05-06T14:00+02:00,10531.4775,14263.1763,33155.63232,60967.43,71.18
2024-05-06T15:00+02:00,10922.75,14671.00195,30789.32856,59908.5975,71.18
2024-05-06T16:00+02:00,11769.235,15633.82992,27272.27235,58587.535,71.18
2024-05-06T17:00+02:00,12194.305,18087.15647,22531.91451,58317.3875,71.18
2024-05-06T18:00+02:00,13201.5925,19560.78456,18572.89069,58302.265,71.18
2024-05-06T19:00+02:00,13410.0075,20364.37116,15872.53764,57662.58,71.18
2024-05-06T20:00+02:00,13266.06,20863.69425,14904.52237,56400.445,71.18
2024-05-06T21:00+02:00,11802.23,20626.51306,15540.94699,54796.945,71.18
2024-05-06T22:00+02:00,10697.66,19191.60177,16266.6607,51761.475,71.18
2024-05-06T23:00+02:00,10008.4125,17483.59283,16222.98058,47789.315,71.18
2024-05-07T00:00+02:00,9100.0775,16297.91933,16314.91174,44950.6925,71.18
2024-05-07T01:00+02:00,10954.735,15119.38299,16257.23141,44111.385,71.18
2024-05-07T02:00+02:00,11356.375,14899.94133,16136.62741,43177.17,71.18
2024-05-07T03:00+02:00,10991.72,15276.52642,15604.47785,43011.79,71.18
2024-05-07T04:00+02:00,11681.3025,15515.65271,14878.27805,43623.165,71.18
2024-05-07T05:00+02:00,11784.2175,17111.00059,14772.97563,46978.185,71.18
2024-05-07T06:00+02:00,13698.5875,19032.90054,15780.70087,54060.725,71.18
2024-05-07T07:00+02:00,13376.0725,19792.52021,17814.262,58998.8275,71.18
2024-05-07T08:00+02:00,14482.1275,19959.67364,20417.02588,61913.2525,71.18
2024-05-07T09:00+02:00,13366.035,19170.17611,23993.30039,62422.725,71.18
2024-05-07T10:00+02:00,12546.6675,17968.49042,27671.01521,62802.4425,71.18
2024-05-07T11:00+02:00,13676.555,16203.65835,30271.45821,63176.735,71.18
2024-05-07T12:00+02:00,12395.8325,15377.29525,31113.40479,62407.2575,71.18
2024-05-07T13:00+02:00,11422.045,15414.17835,31043.93093,61805.4525,71.18
2024-05-07T14:00+02:00,12089.555,15927.95868,30134.45631,60508.1375,71.18
2024-05-07T15:00+02:00,10842.07,16918.26306,28660.37157,59537.2925,71.18
2024-05-07T16:00+02:00,11193.505,17568.67446,26054.47691,58802.0625,71.18
2024-05-07T17:00+02:00,11158.89,19135.82872,22333.44703,58841.0525,71.18
2024-05-07T18:00+02:00,11890.5325,20707.564,18148.12211,58509.6975,71.18
2024-05-07T19:00+02:00,13022.8025,21586.5877,15192.55209,58016.5275,71.18
2024-05-07T20:00+02:00,12065.49,21811.63539,13392.88868,56283.74,71.18
2024-05-07T21:00+02:00,11946.37,21647.90678,12961.16152,54473.2,71.18
2024-05-07T22:00+02:00,11776.2925,20862.48728,13091.48612,51148.1025,71.18
2024-05-07T23:00+02:00,10782.265,20184.31371,13271.82035,47329.9625,71.18
2024-05-08T00:00+02:00,8445.3425,19316.80798,13032.04117,44338.6075,71.18
2024-05-08T01:00+02:00,9133.55,19052.53793,12855.72588,42770.5425,71.18
2024-05-08T02:00+02:00,10056.77,19121.413,12418.79929,42152.03,71.18
2024-05-08T03:00+02:00,10423.84,19287.32109,11967.56256,42488.3825,71.18
2024-05-08T04:00+02:00,10819.045,19439.54065,11812.71223,43288.38,71.18
2024-05-08T05:00+02:00,11568.4425,19860.83876,11738.38942,46341.82,71.18
2024-05-08T06:00+02:00,13277.29,20764.68692,12928.15882,52941.425,71.18
2024-05-08T07:00+02:00,13394.6075,20891.5717,15407.16917,58039.32,71.18
2024-05-08T08:00+02:00,12881.0825,20783.28895,19689.12074,61251.615,71.18
2024-05-08T09:00+02:00,10469.8575,19625.59716,25847.13847,61724.5475,71.18
2024-05-08T10:00+02:00,10134.8575,16543.3666,31761.03904,61563.0725,71.18
2024-05-08T11:00+02:00,8726.9475,14985.42562,35343.07591,61596.3325,71.18
2024-05-08T12:00+02:00,7646.8525,14751.99985,36506.41165,60904.99,71.18
2024-05-08T13:00+02:00,7650.6875,14730.16054,35838.13996,59633.6475,71.18
2024-05-08T14:00+02:00,7370.3725,14674.78244,34889.93674,58302.2275,71.18
2024-05-08T15:00+02:00,7774.56,14513.99671,32982.51299,57227.005,71.18
2024-05-08T16:00+02:00,9081.7475,14754.53335,29574.08633,55638.92,71.18
2024-05-08T17:00+02:00,8925.455,17968.07283,24757.90625,56009.4925,71.18
2024-05-08T18:00+02:00,10843.4825,20106.1554,19202.55619,55767.6475,71.18
2024-05-08T19:00+02:00,12059.0625,20717.98466,14524.39676,55697.1975,71.18
2024-05-08T20:00+02:00,11844.5,20890.77219,12554.08274,54066.27,71.18
2024-05-08T21:00+02:00,10080.3725,20771.51544,12818.86343,52479.2325,71.18
2024-05-08T22:00+02:00,9431.035,20249.69103,13192.54819,48987.7,71.18
2024-05-08T23:00+02:00,9960.9225,18954.01886,12945.11478,45533.27,71.18
2024-05-09T00:00+02:00,9934.445,17177.92997,12112.26811,42017.97,71.18
2024-05-09T01:00+02:00,11295.975,15568.80916,11128.84,40072.28,71.18
2024-05-09T02:00+02:00,11110.4875,15127.39734,10426.47323,38726.255,71.18
2024-05-09T03:00+02:00,11155.0775,14988.78117,10019.66774,38445.38,71.18
2024-05-09T04:00+02:00,11186.8725,15082.77896,9703.088753,38699.95,71.18
2024-05-09T05:00+02:00,10779.2575,15010.70938,9718.03224,38443.07,71.18
2024-05-09T06:00+02:00,8244.035,14975.88708,11489.02181,38464.095,71.18
2024-05-09T07:00+02:00,5705.0025,13745.48574,17596.47001,40220.7825,71.18
2024-05-09T08:00+02:00,5274.65,10050.82294,26966.10997,43608.435,71.18
2024-05-09T09:00+02:00,1346.5275,7929.109314,36257.26728,45838.6725,71.18
2024-05-09T10:00+02:00,-3582.485,7497.739859,43217.25424,46749.7525,71.18
2024-05-09T11:00+02:00,-7513.6125,7421.510845,45540.15459,46406.99,71.18
2024-05-09T12:00+02:00,-9239.4625,7622.939652,46646.0292,45698.76,71.18
2024-05-09T13:00+02:00,-8098.895,7679.048179,46001.01526,43149.975,71.18
2024-05-09T14:00+02:00,-8487.665,7564.264535,44923.99465,41484.8125,71.18
2024-05-09T15:00+02:00,-7312.525,7628.809469,42217.02956,41023.1425,71.18
2024-05-09T16:00+02:00,-1468.1925,7766.079614,37062.5066,41433.3525,71.18
2024-05-09T17:00+02:00,1389.14,9611.943159,29683.81703,42498.265,71.18
2024-05-09T18:00+02:00,5886.23,13415.31886,21034.38657,44547.2075,71.18
2024-05-09T19:00+02:00,8478.5625,15885.52191,14306.84821,44892.035,71.18
2024-05-09T20:00+02:00,9044.5175,16348.37124,11230.81638,44876.2825,71.18
2024-05-09T21:00+02:00,8553.19,16379.18088,10741.95489,45222.1375,71.18
2024-05-09T22:00+02:00,8162.8375,16273.90229,10925.12512,43473.955,71.18
2024-05-09T23:00+02:00,8461.8225,15780.51289,10807.05918,40769.35,71.18
2024-05-10T00:00+02:00,10264.3125,14570.11705,10217.17441,38402.1125,71.18
2024-05-10T01:00+02:00,10050.7025,13870.03693,10105.74782,36891.645,71.18
2024-05-10T02:00+02:00,10424.37,13219.67078,9857.726986,36289.135,71.18
2024-05-10T03:00+02:00,10774.64,13187.97705,9614.343224,36395.1475,71.18
2024-05-10T04:00+02:00,11614.6925,13455.01468,9779.028629,37578.815,71.18
2024-05-10T05:00+02:00,12231.8675,13974.07019,9898.00143,40030.8075,71.18
2024-05-10T06:00+02:00,11356.24,14432.35712,12023.42306,44165.16,71.18
2024-05-10T07:00+02:00,9906.54,14339.1383,17683.83442,48158.9625,71.18
2024-05-10T08:00+02:00,7124,12237.12393,26175.57154,49729.2475,71.18
2024-05-10T09:00+02:00,5538.875,8954.674246,35407.76069,50142.2525,71.18
2024-05-10T10:00+02:00,3148.78,7430.881584,42737.6806,50980.7175,71.18
2024-05-10T11:00+02:00,-123.475,7279.719644,46357.91293,50904.07,71.18
2024-05-10T12:00+02:00,-2040.44,7499.431691,47998.96185,51405.8575,71.18
2024-05-10T13:00+02:00,-2147.865,7453.013605,47243.72996,50328.5925,71.18
2024-05-10T14:00+02:00,-106.3825,7416.381641,44226.67585,48699.8175,71.18
2024-05-10T15:00+02:00,1110.0775,7477.79138,40900.97857,47840.145,71.18
2024-05-10T16:00+02:00,4628.115,7966.616426,36240.1548,47854.72,71.18
2024-05-10T17:00+02:00,7687.8525,9911.199987,29514.20492,48867.945,71.18
2024-05-10T18:00+02:00,8808.1125,13984.65989,20960.72841,49771.9825,71.18
2024-05-10T19:00+02:00,12454.3175,15705.61135,14153.4961,49628.575,71.18
2024-05-10T20:00+02:00,12772.55,15926.21101,11445.53786,48541.905,71.18
2024-05-10T21:00+02:00,11587.375,15717.6774,11391.90635,47840.2525,71.18
2024-05-10T22:00+02:00,9883.9475,15468.10139,11845.81195,45258.385,71.18
2024-05-10T23:00+02:00,10501.95,14189.0227,12051.6851,42051.1075,71.18
2024-05-11T00:00+02:00,9566.82,13163.187,11811.76476,39449.505,71.18
2024-05-11T01:00+02:00,9314.89,12357.43349,11559.24636,37753.505,71.18
2024-05-11T02:00+02:00,8829.0275,12377.71121,10966.21145,36637.6475,71.18
2024-05-11T03:00+02:00,10097.3825,12177.72409,10533.32395,36235.6,71.18
2024-05-11T04:00+02:00,10286.6875,12361.78871,10313.89315,36257.395,71.18
2024-05-11T05:00+02:00,10608.4825,12322.86002,10528.0995,37276.355,71.18
2024-05-11T06:00+02:00,10219.105,12214.82431,12409.51512,38898.3775,71.18
2024-05-11T07:00+02:00,9249.6375,10818.7518,17554.68058,41449.57,71.18
2024-05-11T08:00+02:00,9860.0075,8089.056935,25060.51378,44531.5625,71.18
2024-05-11T09:00+02:00,5798.995,7274.557309,33231.15174,46917,71.18
2024-05-11T10:00+02:00,1054.46,6950.222401,40254.6963,47428.215,71.18
2024-05-11T11:00+02:00,-2450.3775,6878.781524,45071.08902,47351.2725,71.18
2024-05-11T12:00+02:00,-4749.805,6811.660303,47318.42132,46419.52,71.18
2024-05-11T13:00+02:00,-5452.1225,6807.134494,46745.60417,44917.6725,71.18
2024-05-11T14:00+02:00,-6179.245,6806.539748,44923.6829,43642.47,71.18
2024-05-11T15:00+02:00,-3673.4375,6830.137364,41925.63062,43030.4075,71.18
2024-05-11T16:00+02:00,-1968.01,7070.693977,39237.5284,43144.5125,71.18
2024-05-11T17:00+02:00,4365.185,7268.091242,33224.1831,44011.6825,71.18
2024-05-11T18:00+02:00,6828.1825,9108.312319,25544.21888,45245.5375,71.18
2024-05-11T19:00+02:00,8300.635,11492.18183,18767.96752,45731.96,71.18
2024-05-11T20:00+02:00,8111.8575,11983.24694,16717.99073,45252.82,71.18
2024-05-11T21:00+02:00,6010.99,11712.80641,18929.27796,44186.7275,71.18
2024-05-11T22:00+02:00,4391.3375,10495.57119,20969.98675,42181.87,71.18
2024-05-11T23:00+02:00,5015.4775,8311.972317,21962.0378,38934.6125,71.18
2024-05-12T00:00+02:00,4879.3675,7940.08434,21593.7161,36659.0475,71.18
2024-05-12T01:00+02:00,5349.115,7572.456325,20969.32232,35250.83,71.18
2024-05-12T02:00+02:00,5802.0975,7488.116407,21224.78135,33865.515,71.18
2024-05-12T03:00+02:00,5873.65,7428.152556,21487.99924,33532.135,71.18
2024-05-12T04:00+02:00,5481.665,7544.556942,20881.14542,33942.8725,71.18
2024-05-12T05:00+02:00,5800.8175,7407.028369,20580.81095,34150.4425,71.18
2024-05-12T06:00+02:00,5627.82,7363.922836,21974.9487,35021.855,71.18
2024-05-12T07:00+02:00,2769.17,7260.363039,26804.59851,37537.73,71.18
2024-05-12T08:00+02:00,-751.9,6943.306368,34405.3451,41127.515,71.18
2024-05-12T09:00+02:00,-5459.82,6833.95999,41023.23777,43294.9,71.18
2024-05-12T10:00+02:00,-8806.68,6890.612365,46214.83491,44300.37,71.18
2024-05-12T11:00+02:00,-8977.0825,6854.060233,48223.29618,44985.265,71.18
2024-05-12T12:00+02:00,-10990.2875,6851.865276,48269.26471,44316.945,71.18
2024-05-12T13:00+02:00,-10735.1725,6825.070643,47302.03755,42343.255,71.18
2024-05-12T14:00+02:00,-9482.0475,6803.064823,44902.93046,41101.0775,71.18
2024-05-12T15:00+02:00,-8490.135,6696.319066,43166.2721,40175.5075,71.18
2024-05-12T16:00+02:00,-8534.0575,6882.472883,43398.29228,40549.7625,71.18
2024-05-12T17:00+02:00,-4385.5175,7237.282999,40570.76477,42179.28,71.18
2024-05-12T18:00+02:00,-870.145,8176.308049,36355.72571,44595.46,71.18
2024-05-12T19:00+02:00,2049.71,9181.615694,31100.57245,45504.58,71.18
2024-05-12T20:00+02:00,2102.7875,10235.75287,28367.08001,45320.785,71.18
2024-05-12T21:00+02:00,946.38,10567.18313,31055.61409,45851.5,71.18
2024-05-12T22:00+02:00,-496.5275,9887.434047,33016.13098,45143.085,71.18
2024-05-12T23:00+02:00,-937.3225,8849.079907,33267.58595,42378.2,71.18
2024-05-13T00:00+02:00,-1224.8225,8053.286655,33275.89131,40541.52,71.18
2024-05-13T01:00+02:00,-380.47,7449.224987,32929.13241,39573.415,71.18
2024-05-13T02:00+02:00,757.0775,7390.838321,32106.73781,39292.8575,71.18
2024-05-13T03:00+02:00,1333.2975,7450.126003,31176.08485,39459.895,71.18
2024-05-13T04:00+02:00,2737.0225,7740.135728,30024.85478,40953.4475,71.18
2024-05-13T05:00+02:00,4227.67,8702.323353,30063.41043,43616.485,71.18
2024-05-13T06:00+02:00,5029.995,9971.179098,30495.76364,49531.965,71.18
2024-05-13T07:00+02:00,6693.87,11172.82342,31616.70805,55552.495,71.18
2024-05-13T08:00+02:00,6067.9375,11095.60527,35822.42581,58875.0025,71.18
2024-05-13T09:00+02:00,4164.9325,9589.202461,42500.91979,59065.2925,71.18
2024-05-13T10:00+02:00,-1115.12,8261.823685,49924.97279,59431.41,71.18
2024-05-13T11:00+02:00,-3869.3325,8282.819351,55845.32285,59736.1475,71.18
2024-05-13T12:00+02:00,-8232.535,8827.320178,58795.66943,58592.975,71.18
2024-05-13T13:00+02:00,-10069.515,9239.053033,59154.9953,58273.0425,71.18
2024-05-13T14:00+02:00,-8368.015,9127.215002,56446.55818,57611.76,71.18
2024-05-13T15:00+02:00,-4307.1025,8700.868546,51485.95377,56873.1475,71.18
2024-05-13T16:00+02:00,-836.235,9177.148632,47011.13413,56561.885,71.18
2024-05-13T17:00+02:00,1772.675,11680.02054,40764.33229,56935.5975,71.18
2024-05-13T18:00+02:00,4416.8325,14807.41827,33478.77616,57956.7,71.18
2024-05-13T19:00+02:00,8252.64,15609.60191,27828.16368,58476.5025,71.18
2024-05-13T20:00+02:00,7625.16,15778.2837,26463.02245,56789.055,71.18
2024-05-13T21:00+02:00,4574.64,15251.19099,29941.94077,56101.7925,71.18
2024-05-13T22:00+02:00,2758.08,12803.88213,32034.96892,52475.8225,71.18
2024-05-13T23:00+02:00,2264.0375,10597.58326,33189.6661,47749.105,71.18
2024-05-14T00:00+02:00,2501.855,9034.710442,33647.42555,44975.895,71.18
2024-05-14T01:00+02:00,3205.1175,8355.094241,32840.82976,43388.245,71.18
2024-05-14T02:00+02:00,3824.4725,8358.453066,31875.36191,42367.325,71.18
2024-05-14T03:00+02:00,4563.4775,8924.685892,31132.74156,42279.365,71.18
2024-05-14T04:00+02:00,4790.9775,9261.900395,30835.62629,43204,71.18
2024-05-14T05:00+02:00,4939.7375,9644.344437,31239.6446,45977.9825,71.18
2024-05-14T06:00+02:00,5114.28,10467.87379,33273.50841,52667.455,71.18
2024-05-14T07:00+02:00,6178.255,10861.11876,36591.79353,57733.15,71.18
2024-05-14T08:00+02:00,6203.9475,9649.607748,42360.08862,60405.285,71.18
2024-05-14T09:00+02:00,-695.6525,8035.905748,49742.34129,60237.9825,71.18
2024-05-14T10:00+02:00,-6286.8,7386.519811,57087.91565,59909.4775,71.18
2024-05-14T11:00+02:00,-10448.9275,7084.622864,62989.40581,59816.85,71.18
2024-05-14T12:00+02:00,-12665.445,7147.563994,64436.0837,59618.6425,71.18
2024-05-14T13:00+02:00,-12672.9425,7226.117047,64464.76102,58791.1775,71.18
2024-05-14T14:00+02:00,-13033.235,7461.721769,62985.42815,57458.765,71.18
2024-05-14T15:00+02:00,-12439.665,7669.869997,61972.94921,57130.615,71.18
2024-05-14T16:00+02:00,-9495.96,8193.579562,57419.66147,56946.6375,71.18
2024-05-14T17:00+02:00,-3767.1325,9292.754329,51386.2754,57062.95,71.18
2024-05-14T18:00+02:00,-915.705,11160.31063,45105.22411,58458.2325,71.18
2024-05-14T19:00+02:00,1071.2025,12697.45312,37258.32241,58844.29,71.18
2024-05-14T20:00+02:00,2166.5075,13686.4832,33259.26082,57375.7975,71.18
2024-05-14T21:00+02:00,182.82,13305.68847,35311.82583,56724.88,71.18
2024-05-14T22:00+02:00,-62.615,11596.79793,35595.99348,53289.19,71.18
2024-05-14T23:00+02:00,234.49,10651.70554,35593.6936,48986.05,71.18
2024-05-15T00:00+02:00,1041.4925,10170.7402,34495.67743,45033.6575,71.18
2024-05-15T01:00+02:00,591.1575,10272.85271,34199.52881,43477.68,71.18
2024-05-15T02:00+02:00,1400.7625,10536.76963,33029.4997,41633.5925,71.18
2024-05-15T03:00+02:00,1465.6825,10690.86908,31974.56166,41278.2825,71.18
2024-05-15T04:00+02:00,2951.3075,11110.31509,31198.64301,42217.6475,71.18
2024-05-15T05:00+02:00,1414.395,12163.61945,31088.30187,44811.9775,71.18
2024-05-15T06:00+02:00,3673.4,12344.12234,32223.25102,51572.65,71.18
2024-05-15T07:00+02:00,3337.1325,12581.23664,35478.00232,56163.1175,71.18
2024-05-15T08:00+02:00,2421.945,12141.89114,40055.06005,58927.335,71.18
2024-05-15T09:00+02:00,1536.5575,11236.76016,46603.79674,59690.02,71.18
2024-05-15T10:00+02:00,-5864.015,10486.69389,54550.24901,58967.465,71.18
2024-05-15T11:00+02:00,-9060.485,11112.54447,58504.57967,60922.355,71.18
2024-05-15T12:00+02:00,-10874.6175,11315.83303,59581.97013,59489.105,71.18
2024-05-15T13:00+02:00,-10357.2925,11307.94661,59518.63273,59579.975,71.18
2024-05-15T14:00+02:00,-10590.88,11152.85451,57975.40277,58142.725,71.18
2024-05-15T15:00+02:00,-7642.1125,11660.62107,53651.60099,58074.6625,71.18
2024-05-15T16:00+02:00,-5748.685,12654.51576,48762.45422,57271.36,71.18
2024-05-15T17:00+02:00,-2023.8025,13692.33553,43631.65,58462.5925,71.18
2024-05-15T18:00+02:00,1961.9925,14047.74401,37846.19849,59641.0425,71.18
2024-05-15T19:00+02:00,3281.5225,14532.56874,33283.56758,59073.9325,71.18
2024-05-15T20:00+02:00,3464.0025,14621.01202,31323.03722,57164.49,71.18
2024-05-15T21:00+02:00,3331.31,13805.95743,32786.48123,56288.255,71.18
2024-05-15T22:00+02:00,1793.09,13135.92696,32383.98139,51602.2575,71.18
2024-05-15T23:00+02:00,1500.565,12548.21921,31501.33685,47559.4975,71.18
2024-05-16T00:00+02:00,2703.6175,11723.95913,30224.57011,44946.545,71.18
2024-05-16T01:00+02:00,3748.0725,11421.16007,29481.18186,44190.325,71.18
2024-05-16T02:00+02:00,4234.3825,11760.7432,29716.71116,43032.04,71.18
2024-05-16T03:00+02:00,4887.8525,11501.78161,29194.80908,42849.6525,71.18
2024-05-16T04:00+02:00,4834.045,11802.44336,28640.87903,43485.155,71.18
2024-05-16T05:00+02:00,3648.2075,12337.66385,28907.30534,45836.9975,71.18
2024-05-16T06:00+02:00,3396.175,13509.26029,31212.57333,52583.575,71.18
2024-05-16T07:00+02:00,3869.0325,13616.48582,35178.61802,57348.2775,71.18
2024-05-16T08:00+02:00,2730.2775,13335.41071,40301.09268,60174.365,71.18
2024-05-16T09:00+02:00,383.5375,12269.42736,47127.4196,60297.7225,71.18
2024-05-16T10:00+02:00,-4845.5625,11802.7884,53351.25917,60967.9975,71.18
2024-05-16T11:00+02:00,-8296.6175,11278.36123,57566.04928,61674.59,71.18
2024-05-16T12:00+02:00,-8721.93,10717.3381,58202.11027,61633.665,71.18
2024-05-16T13:00+02:00,-8529.0775,11141.91137,57126.48143,61019.87,71.18
2024-05-16T14:00+02:00,-6537.0325,11545.93672,53895.88994,59337.845,71.18
2024-05-16T15:00+02:00,-5165.615,11844.77436,50520.92787,58357.07,71.18
2024-05-16T16:00+02:00,1739.275,12145.9022,45735.00081,58666.445,71.18
2024-05-16T17:00+02:00,4900.55,13265.80124,40870.82261,59465.845,71.18
2024-05-16T18:00+02:00,4736.6675,14580.68374,36107.67094,60503.6725,71.18
2024-05-16T19:00+02:00,3737.51,15071.31936,31186.23302,59552.9025,71.18
2024-05-16T20:00+02:00,6582.9175,15065.61466,27747.39404,57562.34,71.18
2024-05-16T21:00+02:00,6480.5275,14673.30267,26688.61877,55823.0625,71.18
2024-05-16T22:00+02:00,6197.5475,14020.20747,26419.90112,52109.7375,71.18
2024-05-16T23:00+02:00,6159.7675,12751.17844,26448.70096,48668.35,71.18
2024-05-17T00:00+02:00,6045.7875,10967.93573,25440.64044,44015.66,71.18
2024-05-17T01:00+02:00,7673.135,10322.50529,25855.14227,43055.0825,71.18
2024-05-17T02:00+02:00,8267.45,10057.21127,26986.9886,42771.6425,71.18
2024-05-17T03:00+02:00,8040.55,10039.80974,28211.58705,42472.2875,71.18
2024-05-17T04:00+02:00,7555.0975,9995.057976,28855.68822,42943.81,71.18
2024-05-17T05:00+02:00,5782.26,10571.9145,29514.9161,45281.65,71.18
2024-05-17T06:00+02:00,5478.205,11898.05389,31303.26794,52044.4075,71.18
2024-05-17T07:00+02:00,5784.85,12348.94183,33465.9591,57222.82,71.18
2024-05-17T08:00+02:00,5719.6125,11830.47795,37880.14322,60608.3775,71.18
2024-05-17T09:00+02:00,5513.39,11091.89617,43506.36151,60642.8425,71.18
2024-05-17T10:00+02:00,4633.2775,10475.70745,48535.86566,61698.2025,71.18
2024-05-17T11:00+02:00,4251.8275,10032.71181,50802.90789,62764.1175,69.89
2024-05-17T12:00+02:00,2355.56,10067.48734,51150.2757,62367.5975,69.46
2024-05-17T13:00+02:00,2033.255,11022.19619,50241.36084,61052.0475,69.46
2024-05-17T14:00+02:00,2407.5,11674.57166,48014.0038,59290.8,69.46
2024-05-17T15:00+02:00,3858.0225,11942.13123,45363.70357,58042.425,69.46
2024-05-17T16:00+02:00,4097.335,12223.58855,41957.15019,56479.5475,69.46
2024-05-17T17:00+02:00,3842.4525,12647.94768,39044.21127,56471.805,69.46
2024-05-17T18:00+02:00,5599.98,13226.71676,35458.88494,57007.51,69.46
2024-05-17T19:00+02:00,5741.1125,14520.78273,30587.89244,56008.9825,69.46
2024-05-17T20:00+02:00,5127.3375,15086.05475,26523.34888,53172.69,69.46
2024-05-17T21:00+02:00,5287.3175,14992.99847,25936.25895,50966.0025,69.46
2024-05-17T22:00+02:00,5512.3425,14852.6512,24858.9351,47821.1775,69.46
2024-05-17T23:00+02:00,5500.3275,14007.35713,23705.99355,44406.2175,69.46
2024-05-18T00:00+02:00,4971.5525,11976.12854,22870.72037,42707.48,69.46
2024-05-18T01:00+02:00,6752.81,10937.8865,21543.47914,40491.06,69.46
2024-05-18T02:00+02:00,7638.3375,9999.558738,20401.51052,38999.1,69.46
2024-05-18T03:00+02:00,8060.315,9733.968465,19206.05801,38848.77,69.46
2024-05-18T04:00+02:00,8485.2975,9660.032992,18244.60248,39120.5325,69.46
2024-05-18T05:00+02:00,9672.475,9452.3206,17425.71697,39397.0225,69.46
2024-05-18T06:00+02:00,10094.6175,9299.961022,18223.1749,40448.575,69.46
2024-05-18T07:00+02:00,10395.3975,9296.01535,20490.573,43506.4575,69.46
2024-05-18T08:00+02:00,9566.365,8952.228988,25252.55533,46806.145,69.46
2024-05-18T09:00+02:00,8557.4775,7632.807981,31050.80322,49057.7675,69.46
2024-05-18T10:00+02:00,6666.8625,6599.45213,36238.70079,50496.56,69.46
2024-05-18T11:00+02:00,4890.835,6391.187124,40488.61408,50888.2575,69.46
2024-05-18T12:00+02:00,2275.415,6377.494956,42301.49388,49970.8325,69.46
2024-05-18T13:00+02:00,565.475,6330.58898,41873.70103,48334.73,69.46
2024-05-18T14:00+02:00,1690.07,6348.645161,39583.64966,46891.6725,69.46
2024-05-18T15:00+02:00,4418.4225,6478.491403,37002.54971,46642.1775,69.46
2024-05-18T16:00+02:00,6524.8875,7296.252443,33947.71567,46327.7375,69.46
2024-05-18T17:00+02:00,8100.0725,8772.733341,29469.30286,47196.5725,69.46
2024-05-18T18:00+02:00,8019.3125,11003.24709,23760.7156,47625.23,69.46
2024-05-18T19:00+02:00,9126.37,12806.88588,18360.21621,47187.4825,69.46
2024-05-18T20:00+02:00,7996.0275,13321.87137,15229.61429,45455.885,69.46
2024-05-18T21:00+02:00,10338.5125,13058.12397,14653.43141,44531.7175,69.46
2024-05-18T22:00+02:00,9485.99,12614.19001,13949.19116,42885.07,69.46
2024-05-18T23:00+02:00,8863.9575,12386.65587,13196.58381,39945.095,69.46
2024-05-19T00:00+02:00,10265.0575,11748.18339,12501.34187,37528.365,69.46
2024-05-19T01:00+02:00,11057.3525,11085.30591,12208.5228,35698.9225,69.46
2024-05-19T02:00+02:00,10307.8175,10301.98551,12345.2787,34671.0275,69.46
2024-05-19T03:00+02:00,10022.3175,10130.09009,12115.76465,34068.69,69.46
2024-05-19T04:00+02:00,10325.3375,9855.42292,12216.92893,33740.65,69.46
2024-05-19T05:00+02:00,10605.2725,9657.134103,12560.18324,33563.22,69.46
2024-05-19T06:00+02:00,9688.16,9265.964181,14385.9491,34318.75,69.46
2024-05-19T07:00+02:00,9102.2225,8375.816814,18115.62438,36589.965,69.46
2024-05-19T08:00+02:00,9002.2175,7105.039751,23749.61151,40140.6475,69.46
2024-05-19T09:00+02:00,5214.795,6758.668239,29856.64565,42976.725,69.46
2024-05-19T10:00+02:00,3223.0175,6787.586557,34131.46383,44162.74,69.46
2024-05-19T11:00+02:00,4735.77,6733.909681,36510.6244,45420.48,69.46
2024-05-19T12:00+02:00,4215.965,6773.246863,37693.59673,45023.3475,69.46
2024-05-19T13:00+02:00,2060.6875,6729.812351,37775.74402,43077.0125,69.46
2024-05-19T14:00+02:00,105.795,6715.998749,37750.9834,41517.4825,69.46
2024-05-19T15:00+02:00,-523.065,6663.356508,37470.69681,41527.105,69.46
2024-05-19T16:00+02:00,2379.5375,6826.70684,35728.30213,42008.775,69.46
2024-05-19T17:00+02:00,6426.14,7124.075725,30833.02275,42788.345,69.46
2024-05-19T18:00+02:00,5360.26,8633.827602,26266.80153,42726.2075,69.46
2024-05-19T19:00+02:00,6711.4875,11223.1841,19770.19421,42465.725,69.46
2024-05-19T20:00+02:00,7763.4025,12074.50526,15850.61348,41768.3925,69.46
2024-05-19T21:00+02:00,7933.25,12188.28959,14625.39541,41495.965,69.46
2024-05-19T22:00+02:00,7470.9675,12185.45905,13991.21818,40535.72,69.46
2024-05-19T23:00+02:00,7287.9375,12000.45928,13245.68865,38059.1325,69.46
2024-05-20T00:00+02:00,8909.445,11329.62479,12628.13655,35478.1525,69.46
2024-05-20T01:00+02:00,9477.7875,10744.159,12262.77566,33817.775,69.46
2024-05-20T02:00+02:00,9717.6325,10403.56527,12049.2209,32935.2975,69.46
2024-05-20T03:00+02:00,10428.19,10043.68391,11556.45091,33118.7325,69.46
2024-05-20T04:00+02:00,9900,10107.54451,11245.4997,33212.0825,69.46
2024-05-20T05:00+02:00,9166.835,10155.11259,11241.20397,33611.935,69.46
2024-05-20T06:00+02:00,7249.375,10130.17261,13421.07191,34630.3575,69.46
2024-05-20T07:00+02:00,5769.405,9856.301475,18524.66922,36684.2375,69.46
2024-05-20T08:00+02:00,4447.5875,8674.068286,26335.00508,39973.3975,69.46
2024-05-20T09:00+02:00,2331.72,6737.838305,33906.39106,42755.85,69.46
2024-05-20T10:00+02:00,-1850.535,6466.204413,40618.91302,44282.3025,69.46
2024-05-20T11:00+02:00,-4867.2925,6407.166099,44552.47913,44913.7025,69.46
2024-05-20T12:00+02:00,-7302.775,6394.289249,46370.97512,44442.7425,69.46
2024-05-20T13:00+02:00,-8469.095,6349.064798,46227.28502,42946.3,69.46
2024-05-20T14:00+02:00,-7639.1675,6362.930237,44966.52479,42338.57,69.46
2024-05-20T15:00+02:00,-6591.625,6401.146119,42477.72762,41454.1725,69.46
2024-05-20T16:00+02:00,-2472.3575,6805.661637,38462.51342,41547.765,69.46
2024-05-20T17:00+02:00,2039.23,8524.016057,32859.20632,42607.9875,69.46
2024-05-20T18:00+02:00,4955.0125,10376.79371,25198.47044,44025.5475,69.46
2024-05-20T19:00+02:00,7270.0775,11563.65955,18707.47428,44527.785,69.46
2024-05-20T20:00+02:00,9703.4675,12157.03998,15872.42941,44619.66,69.46
2024-05-20T21:00+02:00,7725.12,12396.03518,16989.44103,44692.73,69.46
2024-05-20T22:00+02:00,5794.585,12377.1144,20399.36659,44099.0075,69.46
2024-05-20T23:00+02:00,5660.23,11528.2925,22447.62484,41674.1075,69.46
2024-05-21T00:00+02:00,4695.645,10372.18789,23544.89175,39615.1975,69.46
2024-05-21T01:00+02:00,3925.785,9784.422259,24114.40018,37703.465,69.46
2024-05-21T02:00+02:00,4304.325,9659.613126,23248.84352,36947.2225,69.46
2024-05-21T03:00+02:00,4882.02,9681.139965,23206.33391,37437.2725,69.46
2024-05-21T04:00+02:00,5049.7975,9734.034626,23603.1902,38569.6825,69.46
2024-05-21T05:00+02:00,5999.15,10618.70395,23778.1134,41942.625,69.46
2024-05-21T06:00+02:00,6394.6575,11804.22743,25285.97149,49622.6075,69.46
2024-05-21T07:00+02:00,7831.605,11723.45416,27873.73466,55299.9325,69.46
2024-05-21T08:00+02:00,8995.8575,11496.12658,32134.84056,58542.92,69.46
2024-05-21T09:00+02:00,6931.8675,11032.74577,37991.316,59087.2025,69.46
2024-05-21T10:00+02:00,4573.92,11399.82669,44001.70048,60457.8025,69.46
2024-05-21T11:00+02:00,4573.7075,11626.03292,47318.76374,61190.0875,69.46
2024-05-21T12:00+02:00,2548.48,11908.97289,47734.52165,60258.615,69.46
2024-05-21T13:00+02:00,2995.5575,12631.00166,45857.88085,60152.51,69.46
2024-05-21T14:00+02:00,2563.505,13209.43019,43643.96151,60570.29,69.46
2024-05-21T15:00+02:00,5662.6925,12816.14961,43229.26229,60376.1675,69.46
2024-05-21T16:00+02:00,5101.37,12902.31042,41332.87928,59100.865,69.46
2024-05-21T17:00+02:00,4492.7175,13784.92614,37953.67962,58199.3575,69.46
2024-05-21T18:00+02:00,3693.3125,14412.18492,34328.41169,58124.155,69.46
2024-05-21T19:00+02:00,4901.165,14351.3134,33019.0312,58702.3725,69.46
2024-05-21T20:00+02:00,3738.67,14346.91259,31890.51646,56491.075,69.46
2024-05-21T21:00+02:00,3340.9725,14185.60354,31116.00616,54389.26,69.46
2024-05-21T22:00+02:00,2444.615,13380.34054,30231.69773,51135.6825,69.46
2024-05-21T23:00+02:00,3034.0175,12745.6644,29500.69822,47647.0975,69.46
2024-05-22T00:00+02:00,1821.4925,13360.76522,30426.23872,44714.5,69.46
2024-05-22T01:00+02:00,2832.3425,13359.37121,29764.26465,43334.9875,69.46
2024-05-22T02:00+02:00,3810.4575,13134.20041,29830.21809,42704.7175,69.46
2024-05-22T03:00+02:00,3389.03,12998.25943,29591.1979,43377.3975,69.46
2024-05-22T04:00+02:00,4461.11,13337.89429,27990.76728,43821.3375,69.46
2024-05-22T05:00+02:00,5589.7825,13740.5758,28162.98096,46234.1275,69.46
2024-05-22T06:00+02:00,6696.8925,14122.4093,30158.69879,52744.3175,69.46
2024-05-22T07:00+02:00,7043.9475,14484.45952,31200.38551,57954.995,69.46
2024-05-22T08:00+02:00,7922.72,14549.02958,33301.65832,61403.695,69.46
2024-05-22T09:00+02:00,7488.0575,13291.91093,36980.93668,62495,69.46
2024-05-22T10:00+02:00,8492.7375,11506.40968,40570.57187,63192.865,69.46
2024-05-22T11:00+02:00,8746.23,11281.08804,41564.23594,63385.84,69.46
2024-05-22T12:00+02:00,8440.7625,11288.31963,41115.91351,62368.3225,69.46
2024-05-22T13:00+02:00,9702.8625,11026.10728,41538.3479,62057.9425,69.46
2024-05-22T14:00+02:00,10586.735,9944.212012,40911.80067,61289.795,69.46
2024-05-22T15:00+02:00,10415.785,9761.016055,39953.09498,59465.105,69.46
2024-05-22T16:00+02:00,9464.9225,11241.81199,37745.52864,57586.205,69.46
2024-05-22T17:00+02:00,7592.3025,14204.16245,34144.02833,57885.115,69.46
2024-05-22T18:00+02:00,9415.205,15506.2726,27598.9247,57603.235,69.46
2024-05-22T19:00+02:00,10550.825,17869.83395,20746.07294,57110.8025,69.46
2024-05-22T20:00+02:00,11597.045,18866.99448,15833.67063,55368.3625,69.46
2024-05-22T21:00+02:00,11659.1875,19126.56071,13812.99678,53595.6325,69.46
2024-05-22T22:00+02:00,10739.39,18880.04523,13801.48442,50881.1325,69.46
2024-05-22T23:00+02:00,10203.955,17531.10891,14445.56409,46599.4275,69.46
2024-05-23T00:00+02:00,10582.7475,15600.49408,15443.51408,43231.0025,69.46
2024-05-23T01:00+02:00,10947.8525,14305.73097,16640.08244,41933.4375,69.46
2024-05-23T02:00+02:00,10833.69,13802.37628,17463.47308,41010.02,69.46
2024-05-23T03:00+02:00,10850.6825,13910.46795,17932.35867,41039.36,69.46
2024-05-23T04:00+02:00,10334.13,14025.51765,17183.45657,41733.035,69.46
2024-05-23T05:00+02:00,9235.5025,15991.47386,16965.1288,44165.1225,69.46
2024-05-23T06:00+02:00,9416.3975,17915.5503,18729.83503,50732.9175,69.46
2024-05-23T07:00+02:00,7169.285,18177.29067,22976.04289,55448.505,69.46
2024-05-23T08:00+02:00,7153.91,17421.95534,29585.33475,58612.475,69.46
2024-05-23T09:00+02:00,4215.185,14295.39241,37422.126,59318.2225,69.46
2024-05-23T10:00+02:00,3845.77,12234.0459,43155.05628,59745.355,69.46
2024-05-23T11:00+02:00,3665.5025,10869.34844,45679.09269,60015.075,69.46
2024-05-23T12:00+02:00,1684.89,10502.86124,45914.13577,58520.48,69.46
2024-05-23T13:00+02:00,2307.9275,10375.53736,44631.93906,57542.4175,69.46
2024-05-23T14:00+02:00,4538.8975,10200.78372,42576.24969,56118.66,69.46
2024-05-23T15:00+02:00,4360.06,11747.80759,38383.34461,55595.0975,69.46
2024-05-23T16:00+02:00,4139.87,14148.21721,33162.60325,55032.305,69.46
2024-05-23T17:00+02:00,4735.62,18548.49361,26978.16113,54570.6025,69.46
2024-05-23T18:00+02:00,7299.3575,20956.83244,20038.8302,54425.3925,69.46
2024-05-23T19:00+02:00,10059.185,21651.75504,14443.1773,54070.685,69.46
2024-05-23T20:00+02:00,10919.7625,21970.69206,11309.30692,51920.2575,69.46
2024-05-23T21:00+02:00,9671.435,21947.43364,10251.73229,49904.2675,69.46
2024-05-23T22:00+02:00,8686.785,21698.13867,10264.8896,47385.635,69.46
2024-05-23T23:00+02:00,7951.05,21065.92151,10226.92793,43826.9325,69.46
2024-05-24T00:00+02:00,7239.115,20765.39471,10213.74399,41256.785,69.46
2024-05-24T01:00+02:00,7436.19,19941.88018,9827.147557,39894.715,69.46
2024-05-24T02:00+02:00,7412.1225,19883.45172,9387.996021,39218.7375,69.46
2024-05-24T03:00+02:00,8167.2525,19511.52804,9255.778057,39472.3025,69.46
2024-05-24T04:00+02:00,8609.1275,19869.80182,9437.885676,40333.8325,69.46
2024-05-24T05:00+02:00,8537.9225,20727.34002,10397.34492,42621.04,69.46
2024-05-24T06:00+02:00,9533.7175,21229.71704,12961.10262,48896.375,69.46
2024-05-24T07:00+02:00,8822.7,21239.76453,17233.46712,54206.5375,69.46
2024-05-24T08:00+02:00,7371.93,21034.97337,22292.10443,57411.74,69.46
2024-05-24T09:00+02:00,5443.5775,19793.82703,28025.98142,58504.4175,69.46
2024-05-24T10:00+02:00,4992.965,17215.91368,32951.47952,58982.3625,69.46
2024-05-24T11:00+02:00,4964.38,15677.13858,36356.63458,60075.0275,71.965
2024-05-24T12:00+02:00,4983.8625,15366.6773,37502.1352,59918.37,72.8
2024-05-24T13:00+02:00,4866.3625,14840.31437,37816.12609,58019.2375,72.8
2024-05-24T14:00+02:00,4674.3925,14494.50071,37565.3988,56023.415,72.8
2024-05-24T15:00+02:00,4490.22,13723.26651,37183.26388,55559.68,72.8
2024-05-24T16:00+02:00,5578.4925,12865.05115,34386.33526,55227.3625,72.8
2024-05-24T17:00+02:00,3943.5175,15958.33635,30187.72596,53983.345,72.8
2024-05-24T18:00+02:00,4118.575,18776.54461,24987.62724,53698.7525,72.8
2024-05-24T19:00+02:00,4959.2725,20141.78689,19592.01963,52895.1925,72.8
2024-05-24T20:00+02:00,5818.59,20679.47441,16088.71517,50538.0475,72.8
2024-05-24T21:00+02:00,5478.62,20293.12225,14673.47061,48303.48,72.8
2024-05-24T22:00+02:00,5414.44,20004.36873,14302.8003,45653.1275,72.8
2024-05-24T23:00+02:00,5582.3825,18545.39925,14800.36156,42267.8625,72.8
2024-05-25T00:00+02:00,7146.67,15953.3271,14540.0075,38307.53,72.8
2024-05-25T01:00+02:00,6897.7775,14898.02706,14395.87804,36738.6625,72.8
2024-05-25T02:00+02:00,7658.005,14516.57299,13743.0938,35616.48,72.8
2024-05-25T03:00+02:00,8544.83,13807.43747,13476.22159,35194.9275,72.8
2024-05-25T04:00+02:00,8004.6325,13783.82991,13433.00964,35270.075,72.8
2024-05-25T05:00+02:00,8334.1525,13844.86041,13803.36059,35455.545,72.8
2024-05-25T06:00+02:00,8884.31,13385.5315,15817.46624,37377.765,72.8
2024-05-25T07:00+02:00,7543.9375,12760.06921,19210.49657,40013.7175,72.8
2024-05-25T08:00+02:00,7308.775,11278.88748,23992.90396,43013.13,72.8
2024-05-25T09:00+02:00,6492.635,10271.01087,29255.72108,45664.94,72.8
2024-05-25T10:00+02:00,5489.2825,9160.249381,34424.94428,47098.1775,72.8
2024-05-25T11:00+02:00,3692.2475,8640.935924,38415.93473,48292.4625,72.8
2024-05-25T12:00+02:00,693.5075,8572.851002,41110.02187,47845.5425,72.8
2024-05-25T13:00+02:00,-864.36,8312.967155,41599.92387,46240.4725,72.8
2024-05-25T14:00+02:00,-1112.5875,8261.034289,40094.31113,44334.63,72.8
2024-05-25T15:00+02:00,-5.5075,8308.934029,37691.03837,42996.7875,72.8
2024-05-25T16:00+02:00,3884.4525,8620.019769,33355.00293,42070.7625,72.8
2024-05-25T17:00+02:00,5886.685,10385.00978,28497.08104,42602.9975,72.8
2024-05-25T18:00+02:00,7480.8925,13095.27496,21645.655,43574.3375,72.8
2024-05-25T19:00+02:00,9610.2325,14872.87261,16089.91937,43575.9175,72.8
2024-05-25T20:00+02:00,10477.025,15514.06084,12538.3126,42359.765,72.8
2024-05-25T21:00+02:00,10929.23,15531.63174,11055.41912,41262.56,72.8
2024-05-25T22:00+02:00,9457.1025,15310.59103,11223.06133,40244.94,72.8
2024-05-25T23:00+02:00,9611.47,14449.32313,10892.31874,37039.1225,72.8
2024-05-26T00:00+02:00,8820.44,13897.30618,10294.69863,36705.4725,72.8
2024-05-26T01:00+02:00,10000.4275,13183.67671,9262.113583,34826.735,72.8
2024-05-26T02:00+02:00,10187.795,12839.12901,8979.726604,33846.9675,72.8
2024-05-26T03:00+02:00,11813.155,12440.1792,8897.159,33647.8975,72.8
2024-05-26T04:00+02:00,12109.9375,11743.66127,8776.733839,33970.5575,72.8
2024-05-26T05:00+02:00,13097.5025,10711.2027,9233.755773,33519.33,72.8
2024-05-26T06:00+02:00,13338.5875,8740.92422,11993.28904,34025.91,72.8
2024-05-26T07:00+02:00,11216.6575,8019.001248,18461.49456,36618.2225,72.8
2024-05-26T08:00+02:00,7440.77,7418.100625,26931.12378,39861.22,72.8
2024-05-26T09:00+02:00,-1328.4375,7348.529501,35852.4536,42205.92,72.8
2024-05-26T10:00+02:00,-6050.12,7171.349323,42027.41912,43591.03,72.8
2024-05-26T11:00+02:00,-7425.465,7199.426734,45018.23867,45051.1575,72.8
2024-05-26T12:00+02:00,-7834.1575,7293.801571,45788.83498,44886.15,72.8
2024-05-26T13:00+02:00,-7952.6075,7616.785989,44213.80726,43370.49,72.8
2024-05-26T14:00+02:00,-6091.33,7667.978747,41648.98163,42511.985,72.8
2024-05-26T15:00+02:00,-4298.8,7740.108871,39244.53654,42312.945,72.8
2024-05-26T16:00+02:00,-191.0475,8134.783067,35945.00473,42344.055,72.8
2024-05-26T17:00+02:00,3009.6125,8391.413282,32783.23445,43672.24,72.8
2024-05-26T18:00+02:00,3779.57,10406.79253,28420.32721,44728.0925,72.8
2024-05-26T19:00+02:00,3450.945,13542.33439,22790.82833,45303.1375,72.8
2024-05-26T20:00+02:00,4931.165,14536.12309,19823.65058,44637.1075,72.8
2024-05-26T21:00+02:00,5730.6825,14576.58299,18840.12929,44780.94,72.8
2024-05-26T22:00+02:00,4543.3425,14753.09066,19204.12723,44411.5725,72.8
2024-05-26T23:00+02:00,6550.3675,13886.69658,19312.5366,42000.155,72.8
2024-05-27T00:00+02:00,5451.02,13205.05771,17811.54875,39829.98,72.8
2024-05-27T01:00+02:00,6933.3625,13262.87316,17095.77458,38557.8775,72.8
2024-05-27T02:00+02:00,8503.5675,12912.77302,16601.76433,38174.715,72.8
2024-05-27T03:00+02:00,9580.7975,12998.16831,16524.9533,38222.995,72.8
2024-05-27T04:00+02:00,9341.435,13494.66102,16758.28992,39292.76,72.8
2024-05-27T05:00+02:00,8847.0375,14721.5388,16802.31288,42029.1925,72.8
2024-05-27T06:00+02:00,9147.485,16552.23534,18188.49138,48795.565,72.8
2024-05-27T07:00+02:00,8633.015,17587.05368,20371.68705,53966.955,72.8
2024-05-27T08:00+02:00,10266.0725,16814.35359,24040.97175,57268.7,72.8
2024-05-27T09:00+02:00,10101.9625,15215.20952,30105.20427,58456.32,72.8
2024-05-27T10:00+02:00,9138.58,12283.96401,35961.65199,59483.6625,72.8
2024-05-27T11:00+02:00,7962.4,10406.13548,38863.33863,59773.555,72.8
2024-05-27T12:00+02:00,6445.54,9993.109509,41080.08581,58783.035,72.8
2024-05-27T13:00+02:00,6219.155,9759.985893,41388.47393,57931.8275,72.8
2024-05-27T14:00+02:00,4584.0375,11330.85687,40208.91653,56644.2575,72.8
2024-05-27T15:00+02:00,5157.21,12439.76921,37460.07858,55490.7325,72.8
2024-05-27T16:00+02:00,5963.605,14079.19965,32335.47583,53607.0125,72.8
2024-05-27T17:00+02:00,5565.37,18191.48106,25404.79179,53823.17,72.8
2024-05-27T18:00+02:00,6946.125,21620.25265,18988.05226,54204.1225,72.8
2024-05-27T19:00+02:00,9207.0775,22514.73248,14372.12102,53766.56,72.8
2024-05-27T20:00+02:00,8979.885,22711.42476,12505.91395,51655.02,72.8
2024-05-27T21:00+02:00,8335.1175,22284.60666,12055.70024,49890.9275,72.8
2024-05-27T22:00+02:00,7392.3025,21882.5684,11813.46347,46815.285,72.8
2024-05-27T23:00+02:00,6022.6575,21023.29194,11941.41693,43394.21,72.8
2024-05-28T00:00+02:00,7822.86,18272.96932,12265.03001,40554.4,72.8
2024-05-28T01:00+02:00,6881.7025,17159.67382,13147.99884,39151.2375,72.8
2024-05-28T02:00+02:00,6550.64,16454.80455,14178.51667,38922.8775,72.8
2024-05-28T03:00+02:00,6977.2025,16021.46014,14568.82269,38854.335,72.8
2024-05-28T04:00+02:00,6909.0375,16306.59785,15409.13769,38945.105,72.8
2024-05-28T05:00+02:00,6676.835,17176.02597,16557.05879,41926.5875,72.8
2024-05-28T06:00+02:00,7253.235,18156.28291,18713.72154,48591.705,72.8
2024-05-28T07:00+02:00,7355.8525,18439.98222,21344.73635,53136.6275,72.8
2024-05-28T08:00+02:00,7360.53,18234.49692,26020.84468,56184.1825,72.8
2024-05-28T09:00+02:00,5579.555,16888.75092,31797.61767,56839.7925,72.8
2024-05-28T10:00+02:00,5408.735,13915.05412,36362.88574,58341.955,72.8
2024-05-28T11:00+02:00,4433.3075,13176.70269,39339.71164,59341.58,72.8
2024-05-28T12:00+02:00,4332.6225,12631.54594,40425.05907,58918.895,72.8
2024-05-28T13:00+02:00,2829.225,12467.50061,41307.13,57981.865,72.8
2024-05-28T14:00+02:00,2032.1775,12272.71401,41903.791,55781.67,72.8
2024-05-28T15:00+02:00,2231.7875,12304.19758,40901.40165,54928.39,72.8
2024-05-28T16:00+02:00,2434.565,13347.92145,38182.56077,54640.06,72.8
2024-05-28T17:00+02:00,1857.0175,16210.2581,32259.11805,54131.215,72.8
2024-05-28T18:00+02:00,3827.885,19259.90363,24828.28436,53644.465,72.8
2024-05-28T19:00+02:00,7611.07,20124.18764,18170.09581,52989.085,72.8
2024-05-28T20:00+02:00,9186.3075,20100.96374,14847.51603,51589.005,72.8
2024-05-28T21:00+02:00,8939.45,19823.21963,15871.17988,50013.4775,72.8
2024-05-28T22:00+02:00,6963.915,18511.75064,18574.41649,48026.06,72.8
2024-05-28T23:00+02:00,5213.7175,15886.64406,21795.6598,45337.9525,72.8
2024-05-29T00:00+02:00,6045.1575,12404.71921,24420.39045,42945.43,72.8
2024-05-29T01:00+02:00,5667.1575,11674.11629,25513.44259,41669.6825,72.8
2024-05-29T02:00+02:00,5500.8275,11311.98394,25632.32121,40929.64,72.8
2024-05-29T03:00+02:00,6467.56,11051.16644,25684.1077,40783.1225,72.8
2024-05-29T04:00+02:00,6551.355,11465.31426,26033.91132,42111.3025,72.8
2024-05-29T05:00+02:00,7067.4175,12127.48941,26514.38265,45140.9725,72.8
2024-05-29T06:00+02:00,7659.3525,13443.04297,29456.89031,51169.43,72.8
2024-05-29T07:00+02:00,7021.08,13497.14247,33649.96918,56228.485,72.8
2024-05-29T08:00+02:00,4987.68,13037.22012,38258.5137,59379.6825,72.8
2024-05-29T09:00+02:00,5470.335,11229.20609,43808.67795,61140.775,72.8
2024-05-29T10:00+02:00,4918.3925,10603.80279,47328.53911,61676.125,72.8
2024-05-29T11:00+02:00,3823.0825,11279.144,49895.34047,62393.4075,72.8
2024-05-29T12:00+02:00,1699.125,10780.58361,50038.6282,61812.5225,72.8
2024-05-29T13:00+02:00,2850.5275,10554.05997,48369.3496,61550.05,72.8
2024-05-29T14:00+02:00,2768.3825,10836.60052,46650.60746,60695.385,72.8
2024-05-29T15:00+02:00,3166.21,10304.05851,44298.09489,59652.8575,72.8
2024-05-29T16:00+02:00,3792.0425,11359.43607,40251.08379,58478.7025,72.8
2024-05-29T17:00+02:00,5871.01,13633.47243,34354.12359,57986.9825,72.8
2024-05-29T18:00+02:00,7301.95,16326.05252,28746.96207,57987.355,72.8
2024-05-29T19:00+02:00,6508.3625,18318.2971,23478.04924,57567.5525,72.8
2024-05-29T20:00+02:00,6615.845,18570.14317,19334.53701,54202.905,72.8
2024-05-29T21:00+02:00,6050.5125,18370.8532,16964.84605,50897.085,72.8
2024-05-29T22:00+02:00,5213.8375,18340.95292,15491.47106,48175.5125,72.8
2024-05-29T23:00+02:00,7614.2625,17884.32664,14764.47001,44948.5275,72.8
2024-05-30T00:00+02:00,7228.7325,17375.40476,13814.04109,42104.9375,72.8
2024-05-30T01:00+02:00,7432.7025,16707.32584,12980.63019,40213.9075,72.8
2024-05-30T02:00+02:00,8171.5875,16257.06368,12455.61639,38988.58,72.8
2024-05-30T03:00+02:00,8822.75,16197.27515,11905.31915,38813.7475,72.8
2024-05-30T04:00+02:00,8458.6525,16235.81978,11711.14498,38936.405,72.8
2024-05-30T05:00+02:00,7922.08,16423.01867,11833.41617,39405.535,72.8
2024-05-30T06:00+02:00,7677.0575,16643.61656,13533.53886,41616.375,72.8
2024-05-30T07:00+02:00,8968.8825,15947.77792,16502.29705,43723.4675,72.8
2024-05-30T08:00+02:00,7119.11,15263.90685,21374.77978,46084.27,72.8
2024-05-30T09:00+02:00,5241.3775,13389.63883,27295.058,48374.52,72.8
2024-05-30T10:00+02:00,5413.3075,11656.72535,32113.81386,50211.93,72.8
2024-05-30T11:00+02:00,4925.0425,9893.644866,35240.71237,51311.3275,72.8
2024-05-30T12:00+02:00,2657.31,10567.54176,36349.91923,51217.075,72.8
2024-05-30T13:00+02:00,3081.85,10612.11337,35507.5289,50740.8725,72.8
2024-05-30T14:00+02:00,4352.4025,10892.77817,33535.88137,48594.685,72.8
2024-05-30T15:00+02:00,4747.3925,11832.5028,31015.40936,48451.81,72.8
2024-05-30T16:00+02:00,5749.96,12925.4983,28035.1223,48283.28,72.8
2024-05-30T17:00+02:00,7288.595,14621.96186,24812.3558,49062.3375,72.8
2024-05-30T18:00+02:00,6319.2875,17331.93452,20504.9023,49495.1525,72.8
2024-05-30T19:00+02:00,6910.295,18394.44947,16595.37261,49235.7275,72.8
2024-05-30T20:00+02:00,7826.69,18599.51005,13839.09375,47972.7475,72.8
2024-05-30T21:00+02:00,6801.42,18681.90056,12933.35593,46906.205,72.8
2024-05-30T22:00+02:00,8836.5,18398.71424,12447.70843,45476.8875,72.8
2024-05-30T23:00+02:00,8104.065,18001.0129,12294.40749,42214.66,72.8
2024-05-31T00:00+02:00,9611.6425,16091.45586,12876.53703,40454.3925,72.8
2024-05-31T01:00+02:00,10520.1275,14254.33187,13055.18932,38663.2725,72.8
2024-05-31T02:00+02:00,10433.5925,13439.4147,12955.14666,37467.1125,72.8
2024-05-31T03:00+02:00,12033.37,13262.3602,12997.76994,37399.305,72.8
2024-05-31T04:00+02:00,11150.4925,13670.36226,13363.71081,38541.81,72.8
2024-05-31T05:00+02:00,10338.8275,15448.68039,13644.11338,40823.9225,72.8
2024-05-31T06:00+02:00,10232.7375,16225.10273,15646.7361,46204.605,72.8
2024-05-31T07:00+02:00,10267.87,15845.03299,18273.72988,50449.9425,72.8
2024-05-31T08:00+02:00,10029.7525,15765.6731,21552.52478,53802.7725,72.8
2024-05-31T09:00+02:00,10711.1325,15419.48271,24905.29794,55434.76,72.8
2024-05-31T10:00+02:00,9735.5175,14922.86856,27947.13467,56260.9075,72.8
2024-05-31T11:00+02:00,9569.265,13667.44968,30625.55181,56399.2325,74.0675
2024-05-31T12:00+02:00,9878.865,12175.7163,32759.75478,55986.3225,74.49
2024-05-31T13:00+02:00,9247.365,11351.00731,34635.10235,54522.4875,74.49
2024-05-31T14:00+02:00,8139.415,11288.13062,35191.99052,53239.9625,74.49
2024-05-31T15:00+02:00,8785.4375,11125.82157,33694.94591,53017.325,74.49
2024-05-31T16:00+02:00,8154.4925,11909.52431,31557.0771,52402.3325,74.49
2024-05-31T17:00+02:00,8320,13183.33573,27925.13886,52516.71,74.49
2024-05-31T18:00+02:00,8140.1675,15597.90502,23582.66094,52882.26,74.49
2024-05-31T19:00+02:00,9245.5525,16087.21705,20046.72812,52302.84,74.49
2024-05-31T20:00+02:00,7970.4725,16130.0453,18688.81168,50427.52,74.49
2024-05-31T21:00+02:00,7887.47,16021.76904,17826.39448,48539.1775,74.49
2024-05-31T22:00+02:00,7890.68,15652.78181,17700.75335,46482.1125,74.49
2024-05-31T23:00+02:00,9143.9125,13710.44835,17506.17792,43454.7575,74.49
2024-06-01T00:00+02:00,9268.5825,10810.95156,17486.81415,40806.36,74.49
2024-06-01T01:00+02:00,9433.2275,9884.683152,17337.55798,38783.915,74.49
2024-06-01T02:00+02:00,9267.62,9296.628627,18057.56912,37493.325,74.49
2024-06-01T03:00+02:00,9362.0175,8550.2689,18129.45377,36840.9875,74.49
2024-06-01T04:00+02:00,9238.2525,8484.736191,18103.43121,36768.97,74.49
2024-06-01T05:00+02:00,9110.0625,8646.728043,18584.80097,37415.4,74.49
2024-06-01T06:00+02:00,9419.7275,8706.39179,19545.69389,38945.91,74.49
2024-06-01T07:00+02:00,10411.2725,8390.572432,20798.2982,41498.7675,74.49
2024-06-01T08:00+02:00,11055.8675,7831.349464,23330.1868,44729.925,74.49
2024-06-01T09:00+02:00,11290.4425,6898.873774,27317.12774,48103.1825,74.49
2024-06-01T10:00+02:00,10619.73,6503.915765,32321.21598,50743.55,74.49
2024-06-01T11:00+02:00,9320.1925,6409.200435,36644.95717,52193.4175,74.49
2024-06-01T12:00+02:00,7571.52,6331.611768,38884.8238,52082.9375,74.49
2024-06-01T13:00+02:00,3924.9525,6447.205625,40385.06343,50470.6725,74.49
2024-06-01T14:00+02:00,4242.7075,6676.736879,40485.1664,48913.8125,74.49
2024-06-01T15:00+02:00,2613.27,6781.415174,40955.50862,48158.9425,74.49
2024-06-01T16:00+02:00,3444.26,7012.776179,39813.61255,48002.11,74.49
2024-06-01T17:00+02:00,4794.0175,7389.896195,37385.25459,48345.6425,74.49
2024-06-01T18:00+02:00,4817.8875,8193.129971,32962.59229,48929.3775,74.49
2024-06-01T19:00+02:00,3697.52,8961.557643,28621.54937,48090.165,74.49
2024-06-01T20:00+02:00,3394.4575,9253.776294,25735.58728,46191.105,74.49
2024-06-01T21:00+02:00,2621.845,9742.43076,24792.76887,44589.185,74.49
2024-06-01T22:00+02:00,2917.205,9498.663958,24732.38392,43527.1025,74.49
2024-06-01T23:00+02:00,3291.915,9181.597903,24246.42216,41160.4575,74.49
2024-06-02T00:00+02:00,4487.8375,8593.054911,24219.67623,38517.32,74.49
2024-06-02T01:00+02:00,5439.215,7902.435359,24090.7428,36854.665,74.49
2024-06-02T02:00+02:00,5322.2225,7343.480824,24068.90501,35744.9025,74.49
2024-06-02T03:00+02:00,6050.045,7190.04877,24052.47001,35247.915,74.49
2024-06-02T04:00+02:00,6419.97,7133.914102,24742.17125,35583.265,74.49
2024-06-02T05:00+02:00,5957.3325,7019.935397,24674.61891,35705.0475,74.49
2024-06-02T06:00+02:00,5295.855,6665.382242,26423.07071,36454.39,74.49
2024-06-02T07:00+02:00,4396.445,6580.268458,28421.64491,38446.705,74.49
2024-06-02T08:00+02:00,4450.01,6168.385432,31962.02949,41692.53,74.49
2024-06-02T09:00+02:00,3097.385,6143.356423,34876.17417,44809.0125,74.49
2024-06-02T10:00+02:00,2091.78,6207.754983,38032.92073,47372.1675,74.49
2024-06-02T11:00+02:00,538.61,6205.850944,41588.69966,50084.6425,74.49
2024-06-02T12:00+02:00,1245.1475,5943.333773,43637.08871,50495.3075,74.49
2024-06-02T13:00+02:00,-701.6775,5891.449192,44914.89484,49045.3075,74.49
2024-06-02T14:00+02:00,-2353.915,5943.00273,44841.16941,47138.7375,74.49
2024-06-02T15:00+02:00,-1981.985,6084.938734,44195.01359,46116.145,74.49
2024-06-02T16:00+02:00,-1056.51,6185.40841,43149.99525,45984.2,74.49
2024-06-02T17:00+02:00,2777.9425,6318.563986,39920.70952,46975.0775,74.49
2024-06-02T18:00+02:00,3470.0025,7525.100382,36424.14582,47983.6575,74.49
2024-06-02T19:00+02:00,3945.835,10306.24063,31166.42194,47608.205,74.49
2024-06-02T20:00+02:00,4144.1275,11332.56436,26962.37842,46399.0275,74.49
2024-06-02T21:00+02:00,3764.7375,12076.54813,25027.96348,45752.55,74.49
2024-06-02T22:00+02:00,4413.4025,12314.76603,23131.58059,45299.1625,74.49
2024-06-02T23:00+02:00,4161.985,12396.61257,21701.63852,42548.1425,74.49
2024-06-03T00:00+02:00,6939.47,12302.83319,20115.53164,40715.9375,74.49
2024-06-03T01:00+02:00,7366.63,12543.24726,19376.45311,39210.42,74.49
2024-06-03T02:00+02:00,8925.015,12372.62796,18370.49225,38847.4375,74.49
2024-06-03T03:00+02:00,9447.0875,12473.6253,17706.14932,38565.1825,74.49
2024-06-03T04:00+02:00,9444.0975,13713.34173,17935.77844,39638.1075,74.49
2024-06-03T05:00+02:00,9622.39,15340.69709,17924.52176,42960.185,74.49
2024-06-03T06:00+02:00,9237.655,17269.15545,18234.73299,50264.5325,74.49
2024-06-03T07:00+02:00,8764.3875,18253.75836,19424.62552,56004.8925,74.49
2024-06-03T08:00+02:00,9318.91,18757.92439,21390.48255,59545.535,74.49
2024-06-03T09:00+02:00,8000.8225,18953.20762,24243.87008,60588.705,74.49
2024-06-03T10:00+02:00,9095.02,18869.99845,27075.24291,61687.905,74.49
2024-06-03T11:00+02:00,8448.85,18563.51026,30322.97421,62387.2925,74.49
2024-06-03T12:00+02:00,7044.8425,17694.15006,33401.34048,61511.84,74.49
2024-06-03T13:00+02:00,6074.1575,16658.32838,35795.79916,60713.215,74.49
2024-06-03T14:00+02:00,4542.625,15996.84511,36267.60957,59220.03,74.49
2024-06-03T15:00+02:00,3943.4925,16894.33719,34948.65831,58140.4225,74.49
2024-06-03T16:00+02:00,4572.4475,17999.79874,31875.29099,57010.7,74.49
2024-06-03T17:00+02:00,6638.9375,18878.5269,27376.01226,57271.195,74.49
2024-06-03T18:00+02:00,7859.31,19860.56391,22589.89888,57458.1,74.49
2024-06-03T19:00+02:00,10454.22,20510.10767,17810.15507,56759.0075,74.49
2024-06-03T20:00+02:00,11956.005,20684.31518,13926.60992,54669.6175,74.49
2024-06-03T21:00+02:00,11791.295,20609.22758,11881.62447,52286.44,74.49
2024-06-03T22:00+02:00,11032.4325,20412.97615,11474.58857,49799.965,74.49
2024-06-03T23:00+02:00,11897.8025,19146.32717,11010.6509,46285.325,74.49
2024-06-04T00:00+02:00,11464.4475,18714.26106,10364.22242,43461.565,74.49
2024-06-04T01:00+02:00,12345.32,18709.44876,9742.535435,42228.705,74.49
2024-06-04T02:00+02:00,12668.4625,18607.06556,9095.117638,41590.0875,74.49
2024-06-04T03:00+02:00,12962.3725,18810.48948,8515.128864,41447.68,74.49
2024-06-04T04:00+02:00,13561.23,19182.26908,8273.197536,42514.73,74.49
2024-06-04T05:00+02:00,13934.1675,19295.89113,8735.286667,44564.4675,74.49
2024-06-04T06:00+02:00,14744.6025,20057.77409,10870.27046,51184.74,74.49
2024-06-04T07:00+02:00,13002.9025,19921.10776,15196.51623,55812.27,74.49
2024-06-04T08:00+02:00,10516.0825,19477.65423,21635.98492,58636.61,74.49
2024-06-04T09:00+02:00,6750.575,17577.77975,28726.25339,59178.51,74.49
2024-06-04T10:00+02:00,7336.5025,14090.92572,33441.92879,58791.0225,74.49
2024-06-04T11:00+02:00,8908.8,11868.32677,36940.76667,59257.2625,74.49
2024-06-04T12:00+02:00,7366.2,10062.92305,40881.05624,58694.7225,74.49
2024-06-04T13:00+02:00,5528.685,9687.361317,43039.86319,58211.11,74.49
2024-06-04T14:00+02:00,3484.2525,9543.520372,44005.8655,56827.6875,74.49
2024-06-04T15:00+02:00,2683.1875,9540.830196,43150.02609,55989.745,74.49
2024-06-04T16:00+02:00,5084.5,9928.899469,39242.95708,55358.0775,74.49
2024-06-04T17:00+02:00,3705.6475,13395.75363,34539.47159,55216.105,74.49
2024-06-04T18:00+02:00,4931.365,17921.14564,27963.97104,55687.9325,74.49
2024-06-04T19:00+02:00,7427.45,19721.40563,21409.76121,55487.145,74.49
2024-06-04T20:00+02:00,7978.2175,20159.11149,18457.465,54252.4575,74.49
2024-06-04T21:00+02:00,7025.2775,20192.85728,18309.8848,52522.17,74.49
2024-06-04T22:00+02:00,5325.0775,19572.49253,19451.0198,50180.17,74.49
2024-06-04T23:00+02:00,5801.965,16758.25009,22009.80632,46065.3775,74.49
2024-06-05T00:00+02:00,7499.5675,12601.855,24635.55088,43476.1025,74.49
2024-06-05T01:00+02:00,4983.85,10809.77665,28951.2997,42132.76,74.49
2024-06-05T02:00+02:00,3881.2125,9937.333617,29518.15519,41992.8125,74.49
2024-06-05T03:00+02:00,2117.225,9946.265688,30494.09041,41696.2025,74.49
2024-06-05T04:00+02:00,2985.315,10139.25241,31425.52543,43094.5525,74.49
2024-06-05T05:00+02:00,4820.745,10576.95382,30389.38533,45975.685,74.49
2024-06-05T06:00+02:00,4675.525,12597.18774,32362.48167,53692.4125,74.49
2024-06-05T07:00+02:00,5501.845,12668.02672,33778.88999,58377.8925,74.49
2024-06-05T08:00+02:00,5019.1025,12214.85046,38375.70245,61183.885,74.49
2024-06-05T09:00+02:00,5517.3675,10671.49253,41998.62926,61723.2725,74.49
2024-06-05T10:00+02:00,5487.345,10076.94032,44609.39487,61974.55,74.49
2024-06-05T11:00+02:00,5701.81,10150.93569,45214.91887,62639.8375,74.49
2024-06-05T12:00+02:00,4889.105,10555.07464,44698.33459,61795.0575,74.49
2024-06-05T13:00+02:00,5179.8275,11109.06732,45204.44821,61029.305,74.49
2024-06-05T14:00+02:00,5105.235,10366.75829,44646.92057,59616.1725,74.49
2024-06-05T15:00+02:00,4357.0275,10558.79994,43388.78962,57589.015,74.49
2024-06-05T16:00+02:00,6464.9675,11772.62346,40246.45438,56786.4575,74.49
2024-06-05T17:00+02:00,6669.36,14705.72233,35150.13577,56891.9075,74.49
2024-06-05T18:00+02:00,7030.3975,17740.90499,30575.38099,57450.5525,74.49
2024-06-05T19:00+02:00,8534.7225,19580.66033,25233.62068,56881.9925,74.49
2024-06-05T20:00+02:00,7993.38,19899.09645,20492.88162,54662.545,74.49
2024-06-05T21:00+02:00,7745.3675,19853.20444,18292.75727,52535.7525,74.49
2024-06-05T22:00+02:00,6144.1425,19733.88794,17992.62911,50491.8525,74.49
2024-06-05T23:00+02:00,5752.2725,19039.08739,17565.32709,46823.0625,74.49
2024-06-06T00:00+02:00,4571.73,18709.91339,17133.21889,43719.3575,74.49
2024-06-06T01:00+02:00,5055.67,18321.94913,15963.80256,42070.41,74.49
2024-06-06T02:00+02:00,4927.45,18252.10406,15893.51787,41189.525,74.49
2024-06-06T03:00+02:00,5579.0625,17825.16713,15891.20809,41157.74,74.49
2024-06-06T04:00+02:00,5227.8325,18085.46126,16718.63007,42247.2575,74.49
2024-06-06T05:00+02:00,5707.8525,18794.41462,17537.553,44879.765,74.49
2024-06-06T06:00+02:00,6373.0575,19202.99488,20371.79422,51261.2525,74.49
2024-06-06T07:00+02:00,5331.7375,19426.62703,25574.55164,56236.8075,74.49
2024-06-06T08:00+02:00,4996.1225,16750.46692,32731.6013,58829.125,74.49
2024-06-06T09:00+02:00,5786.8175,12676.00488,40439.51459,59473.4775,74.49
2024-06-06T10:00+02:00,3251.435,10531.85821,46869.07556,60053.0525,74.49
2024-06-06T11:00+02:00,-300.6225,9762.381542,51133.83092,59821.2075,74.49
2024-06-06T12:00+02:00,-4499.36,9549.77946,53094.10664,61545.545,74.49
2024-06-06T13:00+02:00,-4869.285,9579.713238,52802.81283,58604.0325,74.49
2024-06-06T14:00+02:00,-2998.72,9577.05381,50929.02474,56750.395,74.49
2024-06-06T15:00+02:00,-1440.8825,9604.172145,48307.0261,56058.035,74.49
2024-06-06T16:00+02:00,2297.9075,10439.61481,41988.47762,55198.315,74.49
2024-06-06T17:00+02:00,4578.2325,13312.20182,34529.39639,55050.87,74.49
2024-06-06T18:00+02:00,7784.8875,17744.70957,25980.14255,55425.93,74.49
2024-06-06T19:00+02:00,9951.495,19995.79926,18755.40157,55096.75,74.49
2024-06-06T20:00+02:00,11149.195,20835.57561,13946.75676,53614.1075,74.49
2024-06-06T21:00+02:00,10556.555,20630.29611,11800.53482,51400.7075,74.49
2024-06-06T22:00+02:00,9941.6,20542.19631,11551.02176,49237.1725,74.49
2024-06-06T23:00+02:00,9595.84,20004.4256,11565.91317,45686.2575,74.49
2024-06-07T00:00+02:00,9605.6825,18771.42808,11094.1007,43131.5,74.49
2024-06-07T01:00+02:00,8939.5075,18661.9812,10697.2476,41440.9675,74.49
2024-06-07T02:00+02:00,8944.355,18653.21257,10263.45187,40660.675,74.49
2024-06-07T03:00+02:00,9806.075,18419.20429,10388.92787,40768.405,74.49
2024-06-07T04:00+02:00,10051.8325,18245.45334,10500.48212,41392.67,74.49
2024-06-07T05:00+02:00,10029.415,18474.19677,11038.65193,43951.3625,74.49
2024-06-07T06:00+02:00,10144.6325,18791.73987,14144.79309,50402.185,74.49
2024-06-07T07:00+02:00,9418.9175,19015.61003,19841.57591,55509.9625,74.49
2024-06-07T08:00+02:00,8648.36,17287.18122,27575.06571,58527.345,74.49
2024-06-07T09:00+02:00,6869.5225,13553.86619,36958.84405,58721.0375,74.49
2024-06-07T10:00+02:00,5713.99,9405.324304,44925.15961,58423.2175,74.49
2024-06-07T11:00+02:00,967.1625,8538.809909,49832.3642,58656.4025,71.0475
2024-06-07T12:00+02:00,-2596.6975,8360.062625,51806.84481,57502.3375,69.9
2024-06-07T13:00+02:00,-3403.65,8243.680947,52368.90262,56252.2525,69.9
2024-06-07T14:00+02:00,-3976.73,8232.062459,51274.44366,54922.0625,69.9
2024-06-07T15:00+02:00,-2463.495,8192.706085,48394.08936,54643.4525,69.9
2024-06-07T16:00+02:00,2017.115,8214.563324,43886.1188,54608.485,69.9
2024-06-07T17:00+02:00,5765.0925,9510.329786,36676.5823,54220.7075,69.9
2024-06-07T18:00+02:00,7811.6575,13011.26127,28100.99302,53657.6225,69.9
2024-06-07T19:00+02:00,9485.1925,15905.13743,20246.73573,53248.8525,69.9
2024-06-07T20:00+02:00,10777.185,16460.75188,15037.81339,51636.525,69.9
2024-06-07T21:00+02:00,11129.8825,16569.66522,12779.89555,49612.8775,69.9
2024-06-07T22:00+02:00,10683.7375,16125.04327,12666.59723,47630.1525,69.9
2024-06-07T23:00+02:00,9021.9175,15387.634,13556.61676,44173.77,69.9
2024-06-08T00:00+02:00,8343.7075,14356.60325,14121.64296,41698.18,69.9
2024-06-08T01:00+02:00,8033.2325,13430.79912,14066.65936,39594.8275,69.9
2024-06-08T02:00+02:00,7913.03,12992.27948,15986.34072,38232.0725,69.9
2024-06-08T03:00+02:00,7946.8875,12288.37092,16693.79083,38032.3075,69.9
2024-06-08T04:00+02:00,8418.285,11505.04761,17153.98103,37946.07,69.9
2024-06-08T05:00+02:00,7698.6875,10897.26147,17083.20495,37573.6425,69.9
2024-06-08T06:00+02:00,6778.425,10528.29326,20463.11056,39151.65,69.9
2024-06-08T07:00+02:00,7228.42,8271.584675,27251.43962,42672.41,69.9
2024-06-08T08:00+02:00,1993.8475,6849.457044,35403.52463,45536.4725,69.9
2024-06-08T09:00+02:00,-4931.0025,6611.300971,44820.1981,47009.3225,69.9
2024-06-08T10:00+02:00,-8588.6575,6188.071132,50936.73043,47954.5175,69.9
2024-06-08T11:00+02:00,-12728.4,6101.738261,56442.86388,48404.25,69.9
2024-06-08T12:00+02:00,-15040.9275,6053.249117,57570.9546,47961.9125,69.9
2024-06-08T13:00+02:00,-14862.545,6007.778285,56315.29344,46793.2575,69.9
2024-06-08T14:00+02:00,-10921.9575,5978.798171,51838.43283,45403.0725,69.9
2024-06-08T15:00+02:00,-9452.4225,6124.691639,48678.91071,45221.295,69.9
2024-06-08T16:00+02:00,-7270.6025,6777.741207,44634.17016,45098.1425,69.9
2024-06-08T17:00+02:00,-3836.76,7993.752131,40467.16576,45261.145,69.9
2024-06-08T18:00+02:00,426.6525,9409.858048,33676.87105,45675.9925,69.9
2024-06-08T19:00+02:00,2223.2575,10211.66265,29296.41345,46006.67,69.9
2024-06-08T20:00+02:00,1743.3275,10483.61832,27046.30373,45035.605,69.9
2024-06-08T21:00+02:00,2311.0675,9394.583891,25481.03125,43532.115,69.9
2024-06-08T22:00+02:00,1631.4,9259.789634,25085.03943,42209.2775,69.9
2024-06-08T23:00+02:00,2092.035,9330.718171,24161.22682,39588.885,69.9
2024-06-09T00:00+02:00,4468.7975,9293.953561,23238.51491,37769.865,69.9
2024-06-09T01:00+02:00,5527.58,9420.098291,22370.14386,35968.535,69.9
2024-06-09T02:00+02:00,5542,9519.520157,22187.63496,35215.885,69.9
2024-06-09T03:00+02:00,5820.66,9600.547253,21516.41148,34976.5525,69.9
2024-06-09T04:00+02:00,5846.4875,9499.374286,21126.12206,34705.1125,69.9
2024-06-09T05:00+02:00,5593.14,9533.034117,21197.71611,34513.2125,69.9
2024-06-09T06:00+02:00,5367.98,9256.305754,23497.04498,35739.255,69.9
2024-06-09T07:00+02:00,3208.845,8320.90887,27838.8581,38321.725,69.9
2024-06-09T08:00+02:00,-1254.395,7882.697507,34228.40676,40616.8375,69.9
2024-06-09T09:00+02:00,-6447.945,7548.228262,42265.9262,42559.315,69.9
2024-06-09T10:00+02:00,-8553.1025,7376.999693,46298.20957,43727.8275,69.9
2024-06-09T11:00+02:00,-9809.2975,6931.585248,48507.01387,45240.01,69.9
2024-06-09T12:00+02:00,-9545.2225,6600.826056,47433.56824,44608.365,69.9
2024-06-09T13:00+02:00,-9751.0225,6451.563004,46536.43974,43198.815,69.9
2024-06-09T14:00+02:00,-9358.86,6454.354485,45079.94688,42163.6475,69.9
2024-06-09T15:00+02:00,-8842.7475,6563.58936,43982.64399,41719.9025,69.9
2024-06-09T16:00+02:00,-8190.6825,6972.259136,43107.70033,41967.93,69.9
2024-06-09T17:00+02:00,-3712.6075,7534.913254,39348.7958,43206.4825,69.9
2024-06-09T18:00+02:00,824.205,9059.507717,35409.03212,45507.2825,69.9
2024-06-09T19:00+02:00,3437.025,11048.38134,28083.4122,46062.6475,69.9
2024-06-09T20:00+02:00,3772.2925,11842.53709,24131.60255,45208.285,69.9
2024-06-09T21:00+02:00,4837.7325,12124.1761,21856.67811,44669.1225,69.9
2024-06-09T22:00+02:00,5836.43,12341.92706,21716.45679,44615.455,69.9
2024-06-09T23:00+02:00,5412.25,12576.36575,21347.84688,41806.345,69.9
2024-06-10T00:00+02:00,7508.52,11828.23545,20547.44676,39539.795,69.9
2024-06-10T01:00+02:00,8691.325,11746.75464,20242.83412,38853.5525,69.9
2024-06-10T02:00+02:00,9798.36,11881.30429,19687.37586,38257.4575,69.9
2024-06-10T03:00+02:00,10066.935,12098.45679,18770.6336,38184.425,69.9
2024-06-10T04:00+02:00,9482.75,13652.05948,18010.62054,39510.905,69.9
2024-06-10T05:00+02:00,8934.43,14761.40539,17670.08156,42698.565,69.9
2024-06-10T06:00+02:00,8605.5575,16512.45037,18492.00017,49979.14,69.9
2024-06-10T07:00+02:00,6814.665,17283.25891,21546.5836,54657.6375,69.9
2024-06-10T08:00+02:00,4754.23,17542.24824,27869.92213,57895.125,69.9
2024-06-10T09:00+02:00,2207.565,16366.85671,35594.26071,58532.965,69.9
2024-06-10T10:00+02:00,364.6375,14129.03321,41079.42471,58257.98,69.9
2024-06-10T11:00+02:00,1447.49,11870.05111,44616.76127,60453.2375,69.9
2024-06-10T12:00+02:00,1971.8,10043.09573,45173.62805,59141.5425,69.9
2024-06-10T13:00+02:00,2833.0475,10382.77549,45523.65336,59158.3725,69.9
2024-06-10T14:00+02:00,3207.755,10043.76803,44410.25838,58461.06,69.9
2024-06-10T15:00+02:00,3988.7725,10114.50502,41625.32109,57302.3125,69.9
2024-06-10T16:00+02:00,6257.2725,10897.99412,38259.81712,56361.5025,69.9
2024-06-10T17:00+02:00,6406.72,12661.57635,34868.43551,56548.95,69.9
2024-06-10T18:00+02:00,6138.7325,14135.99266,31842.91145,56815.8475,69.9
2024-06-10T19:00+02:00,6547.8825,14611.77373,28696.61678,56303.9825,69.9
2024-06-10T20:00+02:00,5430.0725,15221.68776,27181.37428,54214.0075,69.9
2024-06-10T21:00+02:00,4285.72,15251.37198,27876.15262,52133.1625,69.9
2024-06-10T22:00+02:00,2922.4075,15034.38728,28484.84208,49321.02,69.9
2024-06-10T23:00+02:00,2390.6625,13911.42536,29861.70237,46188.1975,69.9
2024-06-11T00:00+02:00,2569.4975,11359.58593,31105.66238,43455.2025,69.9
2024-06-11T01:00+02:00,3195.02,10870.88017,31635.37569,42367.755,69.9
2024-06-11T02:00+02:00,2504.035,10869.62243,32428.38892,42183.1125,69.9
2024-06-11T03:00+02:00,2358.56,10749.95389,32532.44167,42602.9525,69.9
2024-06-11T04:00+02:00,2951.75,10508.69172,32595.02844,43417.735,69.9
2024-06-11T05:00+02:00,3503.05,10780.85542,32440.34174,45819.25,69.9
2024-06-11T06:00+02:00,3919.275,10939.25825,34334.9213,52023.0425,69.9
2024-06-11T07:00+02:00,3771.2925,12079.12461,38049.83057,56924.6225,69.9
2024-06-11T08:00+02:00,2766.07,11371.09251,42558.77754,59777.7625,69.9
2024-06-11T09:00+02:00,360.485,10858.53375,46593.87338,60587.2825,69.9
2024-06-11T10:00+02:00,-2570.9225,11004.14508,50281.32702,61292.74,69.9
2024-06-11T11:00+02:00,-3677.9475,9509.280262,54024.92066,61973.465,69.9
2024-06-11T12:00+02:00,-4960.8675,8301.975225,56029.69422,61566.975,69.9
2024-06-11T13:00+02:00,-5572.2325,8204.32478,56828.65066,60373.1475,69.9
2024-06-11T14:00+02:00,-6162.1475,8325.965953,56080.39993,58750.3275,69.9
2024-06-11T15:00+02:00,-5913.165,8360.495811,54213.22856,57843.2725,69.9
2024-06-11T16:00+02:00,-4374.485,8989.834842,50154.30075,57252.5875,69.9
2024-06-11T17:00+02:00,351.5825,10210.97525,45482.38783,57906.0675,69.9
2024-06-11T18:00+02:00,2691.6475,12613.32125,39241.67048,57720.0275,69.9
2024-06-11T19:00+02:00,5889.5875,14465.26497,31618.01429,57260.9025,69.9
2024-06-11T20:00+02:00,7195.11,14853.46811,25917.96313,55606.65,69.9
2024-06-11T21:00+02:00,7514.49,14781.35569,23709.50304,53362.8075,69.9
2024-06-11T22:00+02:00,7305.7525,14863.32674,23070.50179,50979.9475,69.9
2024-06-11T23:00+02:00,7161.8975,14611.52384,23325.86894,47673.545,69.9
2024-06-12T00:00+02:00,6836.5275,13416.85956,23244.17469,44935.28,69.9
2024-06-12T01:00+02:00,7977.3225,12633.17473,22490.53781,43270.75,69.9
2024-06-12T02:00+02:00,8495.4125,12400.85635,22477.70813,42596.07,69.9
2024-06-12T03:00+02:00,9366.33,12423.37019,21704.27052,42585.2025,69.9
2024-06-12T04:00+02:00,8881.4575,12748.63345,21870.26841,43849.4625,69.9
2024-06-12T05:00+02:00,8992.4925,13359.55087,21756.52821,46581.0175,69.9
2024-06-12T06:00+02:00,9456.985,14779.33865,23277.22136,53258.53,69.9
2024-06-12T07:00+02:00,7952.3125,15083.14911,27572.78426,57762.96,69.9
2024-06-12T08:00+02:00,6405.7425,13339.08348,35795.09232,60583.375,69.9
2024-06-12T09:00+02:00,3135.225,10486.46599,43928.12241,60901.645,69.9
2024-06-12T10:00+02:00,1005.965,9852.256496,47902.4255,61535.4475,69.9
2024-06-12T11:00+02:00,-1096.98,9558.780725,50245.15158,61808.855,69.9
2024-06-12T12:00+02:00,-1769.14,9426.135271,51199.02728,61064.91,69.9
2024-06-12T13:00+02:00,-2691.49,9387.925791,51103.80158,60385.2575,69.9
2024-06-12T14:00+02:00,-3982.735,9388.823665,51968.60667,59399.3825,69.9
2024-06-12T15:00+02:00,-2289.1625,9681.182507,49191.93002,58546.6025,69.9
2024-06-12T16:00+02:00,1399.9075,9883.435483,45178.97552,58118.24,69.9
2024-06-12T17:00+02:00,3155.8875,12304.05862,39110.12303,57744.7925,69.9
2024-06-12T18:00+02:00,4449.38,16920.32777,32203.379,57938.07,69.9
2024-06-12T19:00+02:00,5820.5475,19119.80381,25629.92597,57387.7025,69.9
2024-06-12T20:00+02:00,7330.7475,19796.11438,20491.12898,55575.2975,69.9
2024-06-12T21:00+02:00,7094.865,20200.92843,17865.40893,53125.7475,69.9
2024-06-12T22:00+02:00,5231.47,20200.5758,16733.4331,50834.02,69.9
2024-06-12T23:00+02:00,6980.945,19087.52625,16477.23365,47389.0375,69.9
2024-06-13T00:00+02:00,6020.1525,18475.97981,16154.99263,44528.045,69.9
2024-06-13T01:00+02:00,6434.3225,17917.13183,15928.70579,42787.85,69.9
2024-06-13T02:00+02:00,7393.9125,17649.96137,15469.39732,41759.155,69.9
2024-06-13T03:00+02:00,7130.9975,17691.66758,15723.16789,41616.9575,69.9
2024-06-13T04:00+02:00,7918.995,17669.16772,15771.84261,42717.7275,69.9
2024-06-13T05:00+02:00,7916.0025,18559.85788,15887.7564,45395.4725,69.9
2024-06-13T06:00+02:00,9273.08,18932.00401,17852.99099,51899.67,69.9
2024-06-13T07:00+02:00,8293.0425,19092.63193,21136.59427,56800.27,69.9
2024-06-13T08:00+02:00,6454.7525,18210.94277,27932.81921,59619.5925,69.9
2024-06-13T09:00+02:00,6701.1325,13830.2069,35160.07435,59808.0725,69.9
2024-06-13T10:00+02:00,6351.2175,10565.85863,41204.66235,59670.985,69.9
2024-06-13T11:00+02:00,4912.585,10001.85889,44608.7421,60025.9,69.9
2024-06-13T12:00+02:00,3630.7775,9694.567014,45935.09493,59358.4025,69.9
2024-06-13T13:00+02:00,2408.16,9592.222221,46418.82773,58872.47,69.9
2024-06-13T14:00+02:00,915.3375,9594.229622,45298.18048,57717.8625,69.9
2024-06-13T15:00+02:00,2962.7175,9757.498,42319.51272,56682.33,69.9
2024-06-13T16:00+02:00,5444.2625,10534.80798,37509.40938,55361.7875,69.9
2024-06-13T17:00+02:00,6151.885,14185.97137,31663.7091,55710.415,69.9
2024-06-13T18:00+02:00,6639.415,18739.38366,24281.59965,56460.9525,69.9
2024-06-13T19:00+02:00,10383.9725,20214.30363,17211.10817,56055.735,69.9
2024-06-13T20:00+02:00,10942.5175,20766.20182,13037.31585,54413.66,69.9
2024-06-13T21:00+02:00,9472.72,20826.31682,12388.61792,52025.4025,69.9
2024-06-13T22:00+02:00,8617.865,19944.6036,13990.11029,49914.4875,69.9
2024-06-13T23:00+02:00,7962.61,17883.92954,16499.10895,46196.5925,69.9
2024-06-14T00:00+02:00,6640.37,15368.38163,18654.85252,43015.9375,69.9
2024-06-14T01:00+02:00,8214.11,12016.9803,20216.0014,41366.51,69.9
2024-06-14T02:00+02:00,7591.045,11072.94255,21559.07793,40968.89,69.9
2024-06-14T03:00+02:00,7783.02,10881.28054,22727.61697,41430.9475,69.9
2024-06-14T04:00+02:00,7048.5225,11084.28359,23204.45646,41966.675,69.9
2024-06-14T05:00+02:00,6447.3925,12126.79724,24232.68253,44378.5075,69.9
2024-06-14T06:00+02:00,7740.5025,13185.68263,26075.20265,51834.2125,69.9
2024-06-14T07:00+02:00,9792.305,13464.59858,26957.70778,57069.6,69.9
2024-06-14T08:00+02:00,10223.65,13612.10447,28561.83322,59469.02,69.9
2024-06-14T09:00+02:00,10087.165,13253.87569,31455.57292,60172.5575,69.9
2024-06-14T10:00+02:00,9381.8725,12068.00218,35433.15277,60593.825,69.9
2024-06-14T11:00+02:00,9557.945,10126.23886,40745.76619,61296.1075,68.7825
2024-06-14T12:00+02:00,6851.0875,8851.227241,45254.60766,61976.685,68.41
2024-06-14T13:00+02:00,5089.5125,8721.802838,46154.39051,60749.26,68.41
2024-06-14T14:00+02:00,2190.81,9326.432892,45247.56019,57921.25,68.41
2024-06-14T15:00+02:00,3990.72,9859.776949,42786.8442,57243.0175,68.41
2024-06-14T16:00+02:00,6976.505,10401.29253,39296.68967,56611.9225,68.41
2024-06-14T17:00+02:00,6686.8375,11770.37693,34936.88995,56486.6625,68.41
2024-06-14T18:00+02:00,6896.64,13069.81827,29874.14397,56394.01,68.41
2024-06-14T19:00+02:00,6844.4775,13108.73701,24807.78542,54454.2775,68.41
2024-06-14T20:00+02:00,8411.35,13719.29717,20782.90027,51835.2525,68.41
2024-06-14T21:00+02:00,6607.56,13733.04194,20451.38509,49308.5875,68.41
2024-06-14T22:00+02:00,4879.9575,13133.71794,22054.22051,47529.4675,68.41
2024-06-14T23:00+02:00,5609.6975,11211.80368,24203.80823,44744.9225,68.41
2024-06-15T00:00+02:00,5355.795,9064.84235,25966.72775,41144.375,68.41
2024-06-15T01:00+02:00,5009.2575,7083.116439,26378.5795,39739.8125,68.41
2024-06-15T02:00+02:00,3538.89,6685.608328,26743.92677,38302.2625,68.41
2024-06-15T03:00+02:00,3424.55,6384.891523,27991.63319,37474.45,68.41
2024-06-15T04:00+02:00,2099.0275,6402.695408,29154.64383,37554.2875,68.41
2024-06-15T05:00+02:00,312.6525,6372.118628,31120.94509,38076.3775,68.41
2024-06-15T06:00+02:00,-756.71,6385.661593,35227.66834,39752.5225,68.41
2024-06-15T07:00+02:00,-1623.865,6056.55435,39096.16086,42683.3025,68.41
2024-06-15T08:00+02:00,-2732.61,5915.394639,42853.58418,46149.6625,68.41
2024-06-15T09:00+02:00,-4892.58,5923.362222,46090.6367,48120.12,68.41
2024-06-15T10:00+02:00,-3944.2175,5862.316258,48788.62202,49028.14,68.41
2024-06-15T11:00+02:00,-6615.9575,5867.759782,52529.68442,50687.6075,68.41
2024-06-15T12:00+02:00,-7687.9625,5807.236887,52726.57954,49668.655,68.41
2024-06-15T13:00+02:00,-7216.09,5759.846799,50141.99245,47308.7025,68.41
2024-06-15T14:00+02:00,-8648.5,5738.47685,48979.53009,46043.3875,68.41
2024-06-15T15:00+02:00,-9773.9725,5729.5141,50123.15548,44921.17,68.41
2024-06-15T16:00+02:00,-9398.5275,5725.299587,50948.03131,45190.795,68.41
2024-06-15T17:00+02:00,-7224.7675,5907.993148,48590.42362,46498.895,68.41
2024-06-15T18:00+02:00,-1748.325,6237.075053,42636.23138,46934.4225,68.41
2024-06-15T19:00+02:00,4569.6475,6771.452033,34922.38267,46060.3325,68.41
2024-06-15T20:00+02:00,7140.735,7607.254313,27528.22712,44269.905,68.41
2024-06-15T21:00+02:00,7849.945,8176.562223,24198.50282,42902.495,68.41
2024-06-15T22:00+02:00,7103.965,8416.339045,24642.00832,41882.7875,68.41
2024-06-15T23:00+02:00,5453.96,7547.801106,25508.76547,39494.4275,68.41
2024-06-16T00:00+02:00,4414.2,7055.353609,25958.18405,38255.73,68.41
2024-06-16T01:00+02:00,3282.5525,6605.754962,26150.78301,36443.2675,68.41
2024-06-16T02:00+02:00,2099.4225,6111.318563,26277.37511,35492.15,68.41
2024-06-16T03:00+02:00,2529.09,6167.361478,26172.60464,34689.5175,68.41
2024-06-16T04:00+02:00,3320.62,6251.783033,25869.11739,35063.845,68.41
2024-06-16T05:00+02:00,3098.0325,6227.029612,26190.96576,35166.5925,68.41
2024-06-16T06:00+02:00,2746.2525,6154.187536,27822.57581,36111.4125,68.41
2024-06-16T07:00+02:00,850.12,5915.561624,31680.08856,38016.9275,68.41
2024-06-16T08:00+02:00,-1391.1625,5866.573364,35652.7107,40975.2175,68.41
2024-06-16T09:00+02:00,-3468.7175,5874.019836,41752.43531,43380.715,68.41
2024-06-16T10:00+02:00,-5943.885,5861.666377,46733.48552,44948.43,68.41
2024-06-16T11:00+02:00,-9736.575,5819.305805,50782.10661,46284.945,68.41
2024-06-16T12:00+02:00,-11782.685,5887.001252,52222.73604,46819.165,68.41
2024-06-16T13:00+02:00,-10861.0175,5897.025107,50541.8873,45477.4,68.41
2024-06-16T14:00+02:00,-7456.89,5865.1192,48074.50774,43805.5925,68.41
2024-06-16T15:00+02:00,-5228.7075,5885.603752,44949.49765,42907.29,68.41
2024-06-16T16:00+02:00,-2251.6575,6035.818947,41240.08749,43191.1175,68.41
2024-06-16T17:00+02:00,1003.045,6336.204618,37529.0008,44999.365,68.41
2024-06-16T18:00+02:00,4664.3825,7637.324966,31795.51015,46684.695,68.41
2024-06-16T19:00+02:00,6950.9225,10540.82787,23954.78556,45893.3325,68.41
2024-06-16T20:00+02:00,7674.485,11848.98634,19137.24684,45304.105,68.41
2024-06-16T21:00+02:00,7679.915,12392.51439,16346.50424,43956.535,68.41
2024-06-16T22:00+02:00,6957.4575,12755.48473,15831.92274,44076.635,68.41
2024-06-16T23:00+02:00,7709.305,12992.47665,15964.91529,41439.8375,68.41
2024-06-17T00:00+02:00,8577.4175,12865.05505,16011.89858,40160.6375,68.41
2024-06-17T01:00+02:00,8609.48,13070.4597,15731.17571,38611.7125,68.41
2024-06-17T02:00+02:00,9354.165,13438.62323,15123.28095,37906.5275,68.41
2024-06-17T03:00+02:00,10148.6025,13973.19918,14895.583,38242.805,68.41
2024-06-17T04:00+02:00,9851.5625,14381.40731,14791.61266,39355.1925,68.41
2024-06-17T05:00+02:00,9725.1125,15551.24626,15521.66131,42458.695,68.41
2024-06-17T06:00+02:00,9929.1525,15997.05079,17687.13416,49559.8725,68.41
2024-06-17T07:00+02:00,11378.36,16297.67978,20932.92865,55212.405,68.41
2024-06-17T08:00+02:00,10739.905,16438.14407,25576.62781,58531.255,68.41
2024-06-17T09:00+02:00,9720.3125,15058.04359,32433.30106,60207.1125,68.41
2024-06-17T10:00+02:00,10189.52,11265.81077,39325.67184,60473.6925,68.41
2024-06-17T11:00+02:00,8536.8525,9608.687555,43834.79724,60598.5975,68.41
2024-06-17T12:00+02:00,5533.3775,9210.361156,45947.99234,59920.89,68.41
2024-06-17T13:00+02:00,4207.2175,9129.079919,46783.84106,59670.07,68.41
2024-06-17T14:00+02:00,3661.535,9123.170178,45722.74888,58969.67,68.41
2024-06-17T15:00+02:00,5264.915,9567.081755,42535.03949,58187.6575,68.41
2024-06-17T16:00+02:00,6725.4075,12021.43814,37877.20376,57161.12,68.41
2024-06-17T17:00+02:00,6803.6425,15484.96423,31919.82159,57101.89,68.41
2024-06-17T18:00+02:00,6705.7,19472.36148,24766.37679,56938.67,68.41
2024-06-17T19:00+02:00,8708.4425,21516.99831,18131.99519,56278.6575,68.41
2024-06-17T20:00+02:00,10270.11,22049.88948,13834.07415,54801.1325,68.41
2024-06-17T21:00+02:00,10570.165,22364.22705,11280.2178,52263.7425,68.41
2024-06-17T22:00+02:00,9795.24,21859.23768,10551.01502,49894.9075,68.41
2024-06-17T23:00+02:00,8836.2075,21322.13633,10041.03606,46190.9525,68.41
2024-06-18T00:00+02:00,7910.905,20853.29061,9903.289406,43758.4975,68.41
2024-06-18T01:00+02:00,7603.8675,20632.83196,9693.774721,42105.885,68.41
2024-06-18T02:00+02:00,7814.235,20391.09279,9660.794599,41016.415,68.41
2024-06-18T03:00+02:00,7583.9725,20459.19196,9738.615866,41007.095,68.41
2024-06-18T04:00+02:00,8893.425,20204.14706,9681.871542,42040.005,68.41
2024-06-18T05:00+02:00,9992.3375,20476.52476,10432.54218,44722.55,68.41
2024-06-18T06:00+02:00,10244.3925,20926.52817,13734.74398,51291.83,68.41
2024-06-18T07:00+02:00,9327.17,20869.49447,19290.61116,56539.35,68.41
2024-06-18T08:00+02:00,6729.6575,19512.81202,27419.29909,60064.3825,68.41
2024-06-18T09:00+02:00,5734.42,15612.37494,35210.08981,60270.7075,68.41
2024-06-18T10:00+02:00,5142.4175,13170.01756,40623.16244,59957.725,68.41
2024-06-18T11:00+02:00,3876.4275,12706.91248,42655.57686,61045.4975,68.41
2024-06-18T12:00+02:00,3263.5675,14359.36781,42551.27277,61613.3925,68.41
2024-06-18T13:00+02:00,4550.455,14573.87641,40631.4307,60355.7675,68.41
2024-06-18T14:00+02:00,5288.765,15271.03581,38171.95374,58026.2475,68.41
2024-06-18T15:00+02:00,6543.5875,16001.5307,35551.6153,57677.0425,68.41
2024-06-18T16:00+02:00,6966.0225,17020.80468,31519.0275,57675.735,68.41
2024-06-18T17:00+02:00,5780.5425,19144.8273,25978.48668,58449.11,68.41
2024-06-18T18:00+02:00,8106.26,20919.22004,21408.31643,58516.8675,68.41
2024-06-18T19:00+02:00,9307.4525,21609.52112,17506.15729,57360.4275,68.41
2024-06-18T20:00+02:00,9274.0275,21796.08356,15361.82643,55752.1675,68.41
2024-06-18T21:00+02:00,9290.965,22000.69443,14578.41712,53167.2275,68.41
2024-06-18T22:00+02:00,8274.9025,21940.6886,14128.73779,50621.585,68.41
2024-06-18T23:00+02:00,8431.195,21097.18045,13470.04397,47363.3725,68.41
2024-06-19T00:00+02:00,6959.065,20293.90478,13610.57487,44155.035,68.41
2024-06-19T01:00+02:00,7150.08,19184.86636,13493.21319,42711.32,68.41
2024-06-19T02:00+02:00,7210.17,18490.13043,13698.82874,41892.135,68.41
2024-06-19T03:00+02:00,8276.17,17755.27488,14063.14925,41940.6625,68.41
2024-06-19T04:00+02:00,8356.205,17662.21178,13713.92673,42411.12,68.41
2024-06-19T05:00+02:00,8634.79,18516.28167,13889.69297,44763.5825,68.41
2024-06-19T06:00+02:00,10640.02,18996.05139,15868.89448,51564.1375,68.41
2024-06-19T07:00+02:00,10197.815,19229.9823,19028.19009,56745.96,68.41
2024-06-19T08:00+02:00,10068.14,19146.69957,23852.18802,60166.5375,68.41
2024-06-19T09:00+02:00,11635.6675,17523.64575,28608.28583,61730.725,68.41
2024-06-19T10:00+02:00,10801.2575,16354.89305,32874.15092,62519.595,68.41
2024-06-19T11:00+02:00,11696.785,14897.94144,35775.64037,63286.64,68.41
2024-06-19T12:00+02:00,11402.675,13596.62949,37893.59369,62450.445,68.41
2024-06-19T13:00+02:00,9854.53,12951.08462,39257.95082,61520.6275,68.41
2024-06-19T14:00+02:00,8519.86,11556.96071,39948.83151,59991.1,68.41
2024-06-19T15:00+02:00,7668.455,12207.75604,38595.52627,59241.2,68.41
2024-06-19T16:00+02:00,6559.8525,14766.48598,36402.55706,57557.5825,68.41
2024-06-19T17:00+02:00,6592.2075,16617.15305,33658.78615,58270.3375,68.41
2024-06-19T18:00+02:00,6393.795,17909.56054,28858.88969,57663.8625,68.41
2024-06-19T19:00+02:00,7355.7725,19623.42567,22941.48486,55931.49,68.41
2024-06-19T20:00+02:00,8098.245,20083.16874,18205.10782,54902.585,68.41
2024-06-19T21:00+02:00,8179.7925,20106.63976,15194.30415,52806.02,68.41
2024-06-19T22:00+02:00,8961.7925,19932.08022,14785.81966,51163.85,68.41
2024-06-19T23:00+02:00,8131.9825,18913.79196,15103.97449,47746.9025,68.41
2024-06-20T00:00+02:00,8543.8675,17089.4714,14961.27683,44590.175,68.41
2024-06-20T01:00+02:00,8562.815,16337.63959,14552.87188,42878.53,68.41
2024-06-20T02:00+02:00,10868.0875,15996.1804,13926.66136,42383.1675,68.41
2024-06-20T03:00+02:00,11189.6825,16137.14787,13111.89612,42158.3275,68.41
2024-06-20T04:00+02:00,12170.2925,16348.70994,12872.1191,43016.6875,68.41
2024-06-20T05:00+02:00,10276.2025,17367.95801,13227.10452,45507.12,68.41
2024-06-20T06:00+02:00,9927.8975,18061.21039,16022.89119,51420.71,68.41
2024-06-20T07:00+02:00,9949.9,18407.23383,20895.42127,55820.45,68.41
2024-06-20T08:00+02:00,9496.24,18295.54735,26302.37891,59615.385,68.41
2024-06-20T09:00+02:00,6707.5825,17350.07875,32328.00148,60571.2775,68.41
2024-06-20T10:00+02:00,7234.1375,15329.51368,37702.95915,60216.2625,68.41
2024-06-20T11:00+02:00,7999.0475,12710.2171,42076.4817,60222.4825,68.41
2024-06-20T12:00+02:00,5603.4975,12066.59037,42573.15532,60303.675,68.41
2024-06-20T13:00+02:00,5794.5675,12896.7924,39605.69957,60118.025,68.41
2024-06-20T14:00+02:00,7392.2025,14522.68866,35943.16217,59584.8875,68.41
2024-06-20T15:00+02:00,9383.89,15763.37238,32231.58602,58729.455,68.41
2024-06-20T16:00+02:00,9123.19,17292.65969,28856.70073,57037.715,68.41
2024-06-20T17:00+02:00,8739.775,19215.65642,23844.63273,56845.3325,68.41
2024-06-20T18:00+02:00,7710.955,20894.52845,19440.27413,57306.285,68.41
2024-06-20T19:00+02:00,9968.1925,21761.13632,15023.87805,57016.3325,68.41
2024-06-20T20:00+02:00,9410.2025,21979.2045,12161.60627,54835.5925,68.41
2024-06-20T21:00+02:00,9136.2625,22096.43429,11131.38777,52171.3525,68.41
2024-06-20T22:00+02:00,8384.9375,22078.23183,11617.24043,50002.345,68.41
2024-06-20T23:00+02:00,8185.92,21469.33328,11847.47041,46394.7275,68.41
2024-06-21T00:00+02:00,6577.56,21307.31084,11354.93407,43436.84,68.41
2024-06-21T01:00+02:00,6436.975,21217.36446,11322.06839,41484.1175,68.41
2024-06-21T02:00+02:00,7670.9475,20753.4171,11319.08901,40541.1225,68.41
2024-06-21T03:00+02:00,8304.73,20872.25252,10859.20165,40792.43,68.41
2024-06-21T04:00+02:00,8577.2375,21232.23976,10879.46293,41627.205,68.41
2024-06-21T05:00+02:00,8045.2075,21360.34673,11822.96638,43968.2825,68.41
2024-06-21T06:00+02:00,10021.765,21197.40057,14988.69794,50289.3725,68.41
2024-06-21T07:00+02:00,9052.5775,21680.06993,18623.46786,55202.3025,68.41
2024-06-21T08:00+02:00,9082.87,21464.26089,20984.0725,59150.795,68.41
2024-06-21T09:00+02:00,9265.4975,20918.96291,23502.70822,60844.95,68.41
2024-06-21T10:00+02:00,10414.4,19798.03398,27134.35622,62309.635,68.41
2024-06-21T11:00+02:00,10108.66,19149.16198,30656.1841,62181.09,67.6225
2024-06-21T12:00+02:00,8418.1175,19264.36849,31538.33347,61336.565,67.36
2024-06-21T13:00+02:00,7413.855,19323.72752,32171.10786,60427.1475,67.36
2024-06-21T14:00+02:00,8518.7625,18355.15498,32892.45398,58187.945,67.36
2024-06-21T15:00+02:00,6314.615,18378.43374,31501.21926,57012.205,67.36
2024-06-21T16:00+02:00,5739.37,18986.86826,29621.02657,56921.39,67.36
2024-06-21T17:00+02:00,5217.4625,19419.55923,27072.26831,57187.8675,67.36
2024-06-21T18:00+02:00,5048.5825,19857.79988,25426.4904,56325.2775,67.36
2024-06-21T19:00+02:00,5062.1075,19988.1194,23770.75511,55432.5175,67.36
2024-06-21T20:00+02:00,4710.0525,20060.56068,21642.92233,52785.755,67.36
2024-06-21T21:00+02:00,3193.4325,19958.24224,21348.41397,50360.7,67.36
2024-06-21T22:00+02:00,1324.1625,18813.51111,22219.70762,48170.4075,67.36
2024-06-21T23:00+02:00,3548.02,14973.59802,23563.00429,45208.22,67.36
2024-06-22T00:00+02:00,4910.77,10694.60752,24912.78043,42020.7225,67.36
2024-06-22T01:00+02:00,5076.745,7997.957177,25647.2083,40341.8675,67.36
2024-06-22T02:00+02:00,5675.345,6995.720391,26639.30537,38920.835,67.36
2024-06-22T03:00+02:00,5434.5425,7011.006803,26145.34564,38085.2125,67.36
2024-06-22T04:00+02:00,5670.125,7046.077259,25652.90756,37956.21,67.36
2024-06-22T05:00+02:00,5892.51,7059.733316,25971.9445,37836.53,67.36
2024-06-22T06:00+02:00,5886.0925,6874.108259,27736.5327,40049.455,67.36
2024-06-22T07:00+02:00,4170.055,6542.251614,30590.63811,43094.425,67.36
2024-06-22T08:00+02:00,2806.5225,6391.734414,35340.29179,46743.29,67.36
2024-06-22T09:00+02:00,-371.335,6350.759008,42089.32431,50348.795,67.36
2024-06-22T10:00+02:00,-4655.655,6317.679181,48552.81316,51669.155,67.36
2024-06-22T11:00+02:00,-7640.8525,6281.943198,52660.14762,52163.2875,67.36
2024-06-22T12:00+02:00,-9721.7575,6303.188968,54208.75375,50876.55,67.36
2024-06-22T13:00+02:00,-9925.92,6321.629422,53190.64164,48717.1825,67.36
2024-06-22T14:00+02:00,-9766.3825,6313.568969,50864.91104,47503.9775,67.36
2024-06-22T15:00+02:00,-5723.6925,6335.477353,47066.03258,47377.7475,67.36
2024-06-22T16:00+02:00,-2348.5475,6363.627305,43551.89834,47722.4225,67.36
2024-06-22T17:00+02:00,3095.3675,6657.652172,37552.72071,48229.83,67.36
2024-06-22T18:00+02:00,6104.5925,7735.148147,31889.54328,48662.8675,67.36
2024-06-22T19:00+02:00,6766.9375,9784.994493,24986.00741,47615.665,67.36
2024-06-22T20:00+02:00,8416.795,10964.38816,19319.26441,45607.8975,67.36
2024-06-22T21:00+02:00,9012.505,11244.45455,16428.65486,44087.7175,67.36
2024-06-22T22:00+02:00,8852.2425,10982.6741,15624.73733,43421.525,67.36
2024-06-22T23:00+02:00,8720.7825,10384.2349,15525.71767,41529.135,67.36
2024-06-23T00:00+02:00,9642.685,9666.907361,15282.588,39055.3,67.36
2024-06-23T01:00+02:00,9877.0525,8632.868863,14990.56569,37201.465,67.36
2024-06-23T02:00+02:00,10289.2975,7948.644549,15485.35586,36246.575,67.36
2024-06-23T03:00+02:00,9988.09,7433.86577,15672.15107,35800.98,67.36
2024-06-23T04:00+02:00,10750.9975,6852.464371,15329.78479,35732.2625,67.36
2024-06-23T05:00+02:00,11309.6,6833.917746,14968.3888,35073.055,67.36
2024-06-23T06:00+02:00,11480.2825,6967.683696,16168.13343,36171.995,67.36
2024-06-23T07:00+02:00,9651.6775,7032.368882,19474.4477,38642.21,67.36
2024-06-23T08:00+02:00,7047.59,7060.769116,25642.57597,41725.6575,67.36
2024-06-23T09:00+02:00,3013.54,7276.242062,32207.36616,43546.7525,67.36
2024-06-23T10:00+02:00,-315.695,7528.922913,37335.53615,44667.635,67.36
2024-06-23T11:00+02:00,-322.2,7595.238422,40144.52543,45741.9625,67.36
2024-06-23T12:00+02:00,-2447.0425,7778.422402,42770.81466,45538.6925,67.36
2024-06-23T13:00+02:00,-4776.79,7576.810105,44031.35957,44010.145,67.36
2024-06-23T14:00+02:00,-4513.7475,7461.161095,42801.60517,42968.8475,67.36
2024-06-23T15:00+02:00,-3932.505,7322.635469,40084.5509,42104.8025,67.36
2024-06-23T16:00+02:00,-1450.615,7263.04535,36735.04938,42608.3425,67.36
2024-06-23T17:00+02:00,4094.04,8071.414752,31210.48709,44177.72,67.36
2024-06-23T18:00+02:00,8294.255,9992.904879,24429.74195,45535.7825,67.36
2024-06-23T19:00+02:00,9593.5875,12831.22353,17381.44248,45378.445,67.36
2024-06-23T20:00+02:00,10846.9825,14272.77985,12275.84219,44845.1525,67.36
2024-06-23T21:00+02:00,10528.6925,15156.89547,10306.19594,43661.4225,67.36
2024-06-23T22:00+02:00,11161.225,15617.42967,10218.85763,44029.815,67.36
2024-06-23T23:00+02:00,9956.4575,15693.84528,10367.961,41637.165,67.36
2024-06-24T00:00+02:00,8795.7275,15586.05842,10120.64249,39301.545,67.36
2024-06-24T01:00+02:00,10234.15,15482.72834,9838.80631,38020.2725,67.36
2024-06-24T02:00+02:00,10417.8075,15352.42924,9828.875334,37093.55,67.36
2024-06-24T03:00+02:00,10980.33,15125.24585,9974.944221,37165.1275,67.36
2024-06-24T04:00+02:00,11509.2125,14666.84385,10092.63251,38156.8575,67.36
2024-06-24T05:00+02:00,11624.9525,15279.46675,10576.64749,41336.18,67.36
2024-06-24T06:00+02:00,12735.6475,15650.23458,13560.60865,48613.9325,67.36
2024-06-24T07:00+02:00,12182.185,15586.77836,19581.66932,54158.7175,67.36
2024-06-24T08:00+02:00,8872.1475,14166.20243,28016.88041,57610.475,67.36
2024-06-24T09:00+02:00,7155.1,11481.34145,36851.93581,58662.4475,67.36
2024-06-24T10:00+02:00,6743.835,8723.551419,43432.50676,58579.1075,67.36
2024-06-24T11:00+02:00,3775.9225,8243.377606,46824.95432,59111.8375,67.36
2024-06-24T12:00+02:00,3009.85,8118.354302,47681.76738,59074.6025,67.36
2024-06-24T13:00+02:00,3047.5825,8329.013062,47118.34032,58368.32,67.36
2024-06-24T14:00+02:00,2172.5325,8517.572355,46239.74664,56638.2075,67.36
2024-06-24T15:00+02:00,3476.3325,8883.511987,43683.99772,55637.3725,67.36
2024-06-24T16:00+02:00,4713.5225,10111.43059,39762.92123,55108.8175,67.36
2024-06-24T17:00+02:00,4072.6075,14242.39966,33383.14671,55003.9625,67.36
2024-06-24T18:00+02:00,5448.7925,18659.82003,24968.80807,55422.525,67.36
2024-06-24T19:00+02:00,9033.715,20640.70648,17305.56035,55352.4825,67.36
2024-06-24T20:00+02:00,10162.3925,20766.86028,13100.65363,53730.425,67.36
2024-06-24T21:00+02:00,8720.7425,20521.15121,12604.97372,51612.7075,67.36
2024-06-24T22:00+02:00,8485.5,20240.83717,13993.18041,49683.7275,67.36
2024-06-24T23:00+02:00,6191.03,19149.5117,15694.2783,46175.97,67.36
2024-06-25T00:00+02:00,6914.57,17527.73283,16178.06126,43322.7025,67.36
2024-06-25T01:00+02:00,6354.1625,16755.59041,16112.81652,42031.6575,67.36
2024-06-25T02:00+02:00,6241.65,16952.57017,15612.84509,40752.7775,67.36
2024-06-25T03:00+02:00,6722.0975,17122.79007,14952.25861,40489.445,67.36
2024-06-25T04:00+02:00,6891,17560.13617,14243.44808,41567.4975,67.36
2024-06-25T05:00+02:00,7827.77,18230.45239,14485.90855,43861.35,67.36
2024-06-25T06:00+02:00,7782.2225,18983.9417,16827.26253,50460.045,67.36
2024-06-25T07:00+02:00,6589.05,19120.61547,22067.27854,55443.3175,67.36
2024-06-25T08:00+02:00,4677.045,17852.5591,29976.25049,58366.105,67.36
2024-06-25T09:00+02:00,3997.9825,12964.96055,39164.36674,59532.705,67.36
2024-06-25T10:00+02:00,221.895,9774.515837,47177.71779,59618.505,67.36
2024-06-25T11:00+02:00,-2297.725,9144.851671,52294.33001,59662.7425,67.36
2024-06-25T12:00+02:00,-4857.6825,8937.962149,55314.76948,59094.3625,67.36
2024-06-25T13:00+02:00,-7080.8875,9064.51302,56020.79777,58406.675,67.36
2024-06-25T14:00+02:00,-6058.36,8919.440068,55031.86453,56923.0975,67.36
2024-06-25T15:00+02:00,-3006.205,9209.284447,51634.35998,55762.71,67.36
2024-06-25T16:00+02:00,-161.14,9580.176914,47098.61669,55451.605,67.36
2024-06-25T17:00+02:00,3744.7075,10716.04607,40617.5996,56650.86,67.36
2024-06-25T18:00+02:00,5140.6725,14930.43966,32040.38426,56920.755,67.36
2024-06-25T19:00+02:00,6645.0625,18115.03411,24237.77633,56301.2825,67.36
2024-06-25T20:00+02:00,7698.7675,18726.77572,19380.64508,55066.1675,67.36
2024-06-25T21:00+02:00,6777.285,18787.80997,19219.44066,53191.2175,67.36
2024-06-25T22:00+02:00,4240.8975,18061.75724,20988.05052,51298.4375,67.36
2024-06-25T23:00+02:00,2625.5725,17092.30982,21643.1526,47758.62,67.36
2024-06-26T00:00+02:00,4418.7775,16600.59882,20552.27247,44947.905,67.36
2024-06-26T01:00+02:00,4758.5375,16995.20708,19048.54949,43161.665,67.36
2024-06-26T02:00+02:00,5838.1625,16713.37103,17067.13227,42347.855,67.36
2024-06-26T03:00+02:00,5640.7575,17225.90168,15689.28037,41790.0675,67.36
2024-06-26T04:00+02:00,7033.41,17530.77285,14897.4648,42199.105,67.36
2024-06-26T05:00+02:00,7438.4,18392.36392,15813.2083,44005.555,67.36
2024-06-26T06:00+02:00,7160.085,19199.77313,18540.19288,50590.5425,67.36
2024-06-26T07:00+02:00,6056.68,19261.74586,22355.83635,55923.8,67.36
2024-06-26T08:00+02:00,5731.66,18476.92685,28629.3382,59231.7725,67.36
2024-06-26T09:00+02:00,4505.4925,15104.7995,37257.55785,60468.855,67.36
2024-06-26T10:00+02:00,1883.425,11426.34599,44853.60608,60512.495,67.36
2024-06-26T11:00+02:00,-639.4875,10043.37783,49637.0941,61065.905,67.36
2024-06-26T12:00+02:00,-1818.81,9832.501627,51286.06883,60460.1375,67.36
2024-06-26T13:00+02:00,-1636.06,9696.973852,50876.16638,59789.055,67.36
2024-06-26T14:00+02:00,-501.77,9815.630224,48221.78873,58732.1125,67.36
2024-06-26T15:00+02:00,263.7875,12202.53789,43169.14013,57863.355,67.36
2024-06-26T16:00+02:00,5832.9325,13369.97876,37248.9644,57490.8625,67.36
2024-06-26T17:00+02:00,5212.87,17397.05232,31275.16826,57535.075,67.36
2024-06-26T18:00+02:00,5746.22,20258.37255,25290.56439,58338.9975,67.36
2024-06-26T19:00+02:00,7022.5425,20870.94728,19613.82471,57580.42,67.36
2024-06-26T20:00+02:00,7278.58,21187.62396,16461.5898,54227.2,67.36
2024-06-26T21:00+02:00,6877.3075,20983.4359,16059.74552,53350.1525,67.36
2024-06-26T22:00+02:00,5621.29,20534.45861,17197.66538,51561.6425,67.36
2024-06-26T23:00+02:00,4616.7025,19831.44818,17361.22303,47941.4525,67.36
2024-06-27T00:00+02:00,6195.525,18762.0084,17160.54199,45081.965,67.36
2024-06-27T01:00+02:00,5784.7125,18424.90584,16466.85775,43511.6275,67.36
2024-06-27T02:00+02:00,7290.2175,18082.64357,15471.79587,42968.89,67.36
2024-06-27T03:00+02:00,8432.7825,18188.7704,14319.32592,42820.5375,67.36
2024-06-27T04:00+02:00,10005.3775,18110.14344,13351.82469,43297.71,67.36
2024-06-27T05:00+02:00,10254.8625,18741.43632,13428.57772,45518.1075,67.36
2024-06-27T06:00+02:00,10720.4625,19501.0853,15559.65043,51937.945,67.36
2024-06-27T07:00+02:00,10123.5325,19901.84864,19565.57597,57113.9225,67.36
2024-06-27T08:00+02:00,10447.76,19390.51264,25630.88811,60677.37,67.36
2024-06-27T09:00+02:00,8022.4925,16042.7916,32697.79217,61438.6225,67.36
2024-06-27T10:00+02:00,7944.39,12920.54582,39104.456,61823.235,67.36
2024-06-27T11:00+02:00,8411.015,10422.11574,43746.72704,62475.6325,67.36
2024-06-27T12:00+02:00,6298.545,9885.464717,45625.57893,61650.98,67.36
2024-06-27T13:00+02:00,6603.0825,9779.516473,45946.92983,61775.2625,67.36
2024-06-27T14:00+02:00,6683.3475,9865.506264,45388.53191,60698.095,67.36
2024-06-27T15:00+02:00,7427.355,9876.451176,43269.72698,59643.5675,67.36
2024-06-27T16:00+02:00,8674.505,10254.30651,39716.70123,59894.475,67.36
2024-06-27T17:00+02:00,8379.7325,12719.38664,34279.06448,59947.2325,67.36
2024-06-27T18:00+02:00,9475.83,17407.55809,26535.18382,59446.33,67.36
2024-06-27T19:00+02:00,10989.6075,19932.03138,18578.85293,58642.41,67.36
2024-06-27T20:00+02:00,11865.1975,20358.28122,14206.64109,56302.315,67.36
2024-06-27T21:00+02:00,11929.12,20470.70113,11377.5864,53691.73,67.36
2024-06-27T22:00+02:00,11087.97,20325.29885,10963.71515,51270.175,67.36
2024-06-27T23:00+02:00,11843.4275,19109.04828,12392.20856,47748.215,67.36
2024-06-28T00:00+02:00,9156.21,18283.26972,13066.04236,44654.1875,67.36
2024-06-28T01:00+02:00,9065.0575,16844.69385,14198.88927,42652.4625,67.36
2024-06-28T02:00+02:00,8843.35,16043.74139,15159.81656,41921.7125,67.36
2024-06-28T03:00+02:00,8577.205,15979.38328,15901.19485,41773.695,67.36
2024-06-28T04:00+02:00,8415.2675,15879.57401,16742.9727,42162.175,67.36
2024-06-28T05:00+02:00,7654.8375,16326.81924,18200.83013,44768.8575,67.36
2024-06-28T06:00+02:00,7096.0125,16923.39304,21657.03153,51365.2275,67.36
2024-06-28T07:00+02:00,7040.95,16727.46094,27017.6855,56559.75,67.36
2024-06-28T08:00+02:00,8102.1675,13297.95472,34868.04139,60009.8,67.36
2024-06-28T09:00+02:00,6871.2025,8037.849734,43815.19001,60404.0925,67.36
2024-06-28T10:00+02:00,2128.575,6252.810763,52579.45264,61153.6325,67.36
2024-06-28T11:00+02:00,-2119.7075,6208.202783,58414.39907,61660.6,65.5975
2024-06-28T12:00+02:00,-5055.08,6140.725809,60945.31791,61091.55,65.01
2024-06-28T13:00+02:00,-7963.255,6142.516134,62720.25656,60290.68,65.01
2024-06-28T14:00+02:00,-8849.075,6341.1555,61529.10971,58056.2375,65.01
2024-06-28T15:00+02:00,-7172.095,6399.566651,58770.04226,56907.7425,65.01
2024-06-28T16:00+02:00,-4383.585,6720.83687,54984.92149,56557.2075,65.01
2024-06-28T17:00+02:00,495.26,7251.609616,49512.81795,57325.7525,65.01
2024-06-28T18:00+02:00,6483.7,8258.411636,39967.52257,56640,65.01
2024-06-28T19:00+02:00,11018.93,10227.77411,30373.33444,55746.665,65.01
2024-06-28T20:00+02:00,12684.8475,11171.16787,22341.22553,53184.4675,65.01
2024-06-28T21:00+02:00,12239.76,11374.35989,17917.44299,50521.6675,65.01
2024-06-28T22:00+02:00,12424.9375,11401.52537,15778.86061,48500.7275,65.01
2024-06-28T23:00+02:00,12849.905,11379.9478,14300.33899,45398.395,65.01
2024-06-29T00:00+02:00,12299.3425,11223.45249,13098.47646,42221.5525,65.01
2024-06-29T01:00+02:00,11835.865,11220.57342,12167.8907,39889.72,65.01
2024-06-29T02:00+02:00,11104.655,11187.86008,11588.46003,38233.2575,65.01
2024-06-29T03:00+02:00,12033.6725,10841.82528,11181.0999,37459.5475,65.01
2024-06-29T04:00+02:00,12371.665,10842.62043,10998.50332,37283.53,65.01
2024-06-29T05:00+02:00,11954.4275,10334.8843,11909.43323,37192.035,65.01
2024-06-29T06:00+02:00,11950.09,9638.958862,14773.13856,39100.44,65.01
2024-06-29T07:00+02:00,9954.98,8598.397791,20485.16276,42281.485,65.01
2024-06-29T08:00+02:00,7516.8675,7256.003858,28567.5379,45604.795,65.01
2024-06-29T09:00+02:00,5130.9975,6036.581011,36658.99872,48470.3375,65.01
2024-06-29T10:00+02:00,-432.78,5989.955931,42558.87664,49488.0325,65.01
2024-06-29T11:00+02:00,-3472.0425,5996.086423,46350.41464,49187.8875,65.01
2024-06-29T12:00+02:00,-4640.9975,5984.803865,48198.34194,48361.8425,65.01
2024-06-29T13:00+02:00,-6307.8075,6009.796093,48171.02327,47401.0275,65.01
2024-06-29T14:00+02:00,-5815.135,6023.502195,45755.38245,46417.17,65.01
2024-06-29T15:00+02:00,-2551.2625,6063.808327,41005.53584,46529.995,65.01
2024-06-29T16:00+02:00,4136.79,6180.328478,34827.45804,46592.79,65.01
2024-06-29T17:00+02:00,7230.3,8173.626961,28403.83905,46903.595,65.01
2024-06-29T18:00+02:00,8658.6075,10334.85785,21696.9208,48356.15,65.01
2024-06-29T19:00+02:00,10114.01,11242.91469,17234.14386,48081.9875,65.01
2024-06-29T20:00+02:00,9841.8,11158.53574,16847.40266,46166.645,65.01
2024-06-29T21:00+02:00,8608.1225,10351.364,18382.37694,44276.0575,65.01
2024-06-29T22:00+02:00,6402.365,9864.643122,20823.52029,43919.31,65.01
2024-06-29T23:00+02:00,4439.1575,9243.033551,23403.80335,41102.8875,65.01
2024-06-30T00:00+02:00,3442.7725,8563.424696,23552.12686,39654.57,65.01
2024-06-30T01:00+02:00,4827.75,8171.657527,23695.69134,38704.955,65.01
2024-06-30T02:00+02:00,5605.6775,7032.028245,23978.06843,37804.8575,65.01
2024-06-30T03:00+02:00,6635.4675,6578.341301,22687.64855,37609.645,65.01
2024-06-30T04:00+02:00,7095.9575,6517.743053,22190.13501,37755.9875,65.01
2024-06-30T05:00+02:00,8390.4825,6407.135583,20652.80129,36960.8425,65.01
2024-06-30T06:00+02:00,9084.62,6386.184696,19743.10439,37027.6175,65.01
2024-06-30T07:00+02:00,9135.305,6638.731929,21175.1029,38853.1525,65.01
2024-06-30T08:00+02:00,8916.1725,6975.265389,23676.62053,40834.5825,65.01
2024-06-30T09:00+02:00,7108.305,7672.136725,28372.06999,43994.55,65.01
2024-06-30T10:00+02:00,7980.915,7778.111712,32103.62065,47220.7675,65.01
2024-06-30T11:00+02:00,7389.3225,7606.357037,36062.23737,49257.8675,65.01
2024-06-30T12:00+02:00,5151.6675,7321.136756,38423.48147,49141.3575,65.01
2024-06-30T13:00+02:00,3264.23,7150.399508,39428.16025,47257.0975,65.01
2024-06-30T14:00+02:00,1391.42,6834.987749,38568.67029,46403.6125,65.01
2024-06-30T15:00+02:00,3841.6175,6258.281554,37157.60544,46668.9625,65.01
2024-06-30T16:00+02:00,5878.6625,6558.563175,34680.52374,46498.125,65.01
2024-06-30T17:00+02:00,5621.9,8363.432032,31306.67532,47892.655,65.01
2024-06-30T18:00+02:00,7826.325,10456.61132,28092.55905,49274.95,65.01
2024-06-30T19:00+02:00,8214.6225,11654.44253,23699.96833,48615.7625,65.01
2024-06-30T20:00+02:00,6735.5825,12649.00335,20266.18452,47643.93,65.01
2024-06-30T21:00+02:00,8405.19,13223.1949,16962.70542,46226.1525,65.01
2024-06-30T22:00+02:00,8539.6925,13645.40155,14789.41335,45566.205,65.01
2024-06-30T23:00+02:00,9168.1425,13450.08088,13499.30512,43048.25,65.01
2024-07-01T00:00+02:00,9855.675,13220.99897,13099.48977,40471.755,65.01
2024-07-01T01:00+02:00,9929.115,13178.73687,12969.51282,39402.4725,65.01
2024-07-01T02:00+02:00,10080.135,13091.37778,12535.89295,38458.6125,65.01
2024-07-01T03:00+02:00,9936.8375,13630.2392,12009.4174,38234.1775,65.01
2024-07-01T04:00+02:00,9903.155,14244.28277,12156.64737,39489.3925,65.01
2024-07-01T05:00+02:00,9825.845,15639.00448,13098.09602,42308.405,65.01
2024-07-01T06:00+02:00,9835.405,16634.60045,14965.08261,49761.3175,65.01
2024-07-01T07:00+02:00,9172.03,16914.28197,18844.06819,55221.045,65.01
2024-07-01T08:00+02:00,9947.7775,16884.89428,23392.39762,58835.62,65.01
2024-07-01T09:00+02:00,6969.04,16606.94887,28533.12224,59616.885,65.01
2024-07-01T10:00+02:00,8286.72,15038.27395,33495.63919,60680.6125,65.01
2024-07-01T11:00+02:00,7229.79,13377.15414,37687.38417,61022.8,65.01
2024-07-01T12:00+02:00,5242.9325,12359.09613,40753.17249,60504.635,65.01
2024-07-01T13:00+02:00,5476.6075,10466.35577,42310.6746,59946.49,65.01
2024-07-01T14:00+02:00,5246.9775,9284.868456,43348.51039,58688.91,65.01
2024-07-01T15:00+02:00,4638.885,10122.73789,42348.88963,58078.3475,65.01
2024-07-01T16:00+02:00,4164.235,12167.4163,41168.47931,57654.175,65.01
2024-07-01T17:00+02:00,3211.2525,13906.04846,38311.93492,58276.36,65.01
2024-07-01T18:00+02:00,3575.165,15358.87705,33136.90752,57930.7175,65.01
2024-07-01T19:00+02:00,5768.9375,16334.3936,26538.08034,56789.7775,65.01
2024-07-01T20:00+02:00,7510.15,16420.52802,22218.19612,55159.0725,65.01
2024-07-01T21:00+02:00,7513.0525,16526.97315,19075.99274,52174.7375,65.01
2024-07-01T22:00+02:00,6388.93,16667.31378,17896.19666,49747.375,65.01
2024-07-01T23:00+02:00,7742.6875,15627.88466,18055.67272,46784.68,65.01
2024-07-02T00:00+02:00,7036.02,14694.88666,18071.45571,43655.7325,65.01
2024-07-02T01:00+02:00,8486.49,13429.58577,18319.65199,42456.9725,65.01
2024-07-02T02:00+02:00,9349.19,13197.09247,18636.7912,41877.29,65.01
2024-07-02T03:00+02:00,9422.32,13165.6417,18404.29959,42179.405,65.01
2024-07-02T04:00+02:00,9469.3875,13261.39176,18218.38778,42847.0125,65.01
2024-07-02T05:00+02:00,9362.9925,13926.22988,18466.87654,45209.17,65.01
2024-07-02T06:00+02:00,8616.7925,15630.59331,20819.48095,51953.2675,65.01
2024-07-02T07:00+02:00,8126.245,15801.5916,24505.89456,57017.295,65.01
2024-07-02T08:00+02:00,5998.345,15801.06486,29601.38778,59642.425,65.01
2024-07-02T09:00+02:00,4815.7325,15230.14526,35145.23031,61292.625,65.01
2024-07-02T10:00+02:00,5528.49,13490.79553,38499.36445,62237.3125,65.01
2024-07-02T11:00+02:00,6248.25,12917.50269,39009.75447,62711.25,65.01
2024-07-02T12:00+02:00,6560.905,13585.10072,40800.06502,63340.6225,65.01
2024-07-02T13:00+02:00,8394.085,13078.44336,42517.75772,62485.7325,65.01
2024-07-02T14:00+02:00,8213.73,12153.37441,42972.62378,61604.725,65.01
2024-07-02T15:00+02:00,7729.335,12036.92611,41288.01438,60314.855,65.01
2024-07-02T16:00+02:00,8395.4975,12187.74429,38823.59161,58913.505,65.01
2024-07-02T17:00+02:00,8190.455,13304.96581,36225.77185,59486.67,65.01
2024-07-02T18:00+02:00,7540.3075,15131.2635,32423.22844,59613.78,65.01
2024-07-02T19:00+02:00,8583.59,16068.1455,28717.96377,58264.925,65.01
2024-07-02T20:00+02:00,9097.6175,15996.13028,25568.71497,55865.9825,65.01
2024-07-02T21:00+02:00,7869.0825,16015.32771,23440.09806,53423.98,65.01
2024-07-02T22:00+02:00,6679.9725,15951.44938,21847.92002,51226.26,65.01
2024-07-02T23:00+02:00,5544.49,15578.32981,21062.92552,47640.4625,65.01
2024-07-03T00:00+02:00,8590.505,14429.47416,20327.04715,45481.0325,65.01
2024-07-03T01:00+02:00,10522.4325,14113.93197,20018.75272,44099.005,65.01
2024-07-03T02:00+02:00,10543.3125,13783.15263,19570.19643,43214.6925,65.01
2024-07-03T03:00+02:00,10483.205,13865.89469,19559.74742,43402.325,65.01
2024-07-03T04:00+02:00,10678.915,13777.05731,19006.54115,44441.435,65.01
2024-07-03T05:00+02:00,9706.8025,14950.6296,18752.89698,46777.6075,65.01
2024-07-03T06:00+02:00,10123.1475,16714.14529,19475.69856,53377.345,65.01
2024-07-03T07:00+02:00,10871.935,16950.27497,21711.32307,57581.37,65.01
2024-07-03T08:00+02:00,10655.825,16885.08962,26321.40851,60407.56,65.01
2024-07-03T09:00+02:00,8278.3225,16507.67162,31533.49768,61024.85,65.01
2024-07-03T10:00+02:00,7553.0625,15575.31304,36265.25134,62005.945,65.01
2024-07-03T11:00+02:00,7510.065,14249.63465,39055.29351,62598.375,65.01
2024-07-03T12:00+02:00,6072.095,14037.16278,40238.90951,62065.14,65.01
2024-07-03T13:00+02:00,6903.8275,14070.54213,39112.06585,61115.485,65.01
2024-07-03T14:00+02:00,6988.0675,14213.79941,35989.69091,59403.09,65.01
2024-07-03T15:00+02:00,8835.49,14873.4858,33132.00356,58325.1575,65.01
2024-07-03T16:00+02:00,9020.92,15259.42952,30181.32415,57746.045,65.01
2024-07-03T17:00+02:00,10111.05,15935.67267,26367.05672,58135.95,65.01
2024-07-03T18:00+02:00,10541.2925,17134.71783,22927.56553,58246.2175,65.01
2024-07-03T19:00+02:00,10470.0725,17761.71592,19197.13953,57669.375,65.01
2024-07-03T20:00+02:00,10496.9875,18220.2949,16087.43799,55218.88,65.01
2024-07-03T21:00+02:00,10058.37,17706.66094,15331.60294,53047.6375,65.01
2024-07-03T22:00+02:00,9284.2875,16485.93412,16570.51131,49909.7625,65.01
2024-07-03T23:00+02:00,9894.735,12450.62191,19295.56836,46405.87,65.01
2024-07-04T00:00+02:00,11386.2225,8349.68847,22717.38227,44468.4125,65.01
2024-07-04T01:00+02:00,10686.9075,6642.389384,25271.49727,43452.5625,65.01
2024-07-04T02:00+02:00,8196.12,6520.94858,27285.95537,42129.25,65.01
2024-07-04T03:00+02:00,8762.5575,6766.827203,28398.9768,42724.14,65.01
2024-07-04T04:00+02:00,8827.76,6946.170883,29488.62111,43563.7575,65.01
2024-07-04T05:00+02:00,7988.095,6844.211595,32189.73268,46709.46,65.01
2024-07-04T06:00+02:00,8738.8775,7382.300123,35908.18806,53708.395,65.01
2024-07-04T07:00+02:00,7293.66,7461.313889,39520.23211,58862.985,65.01
2024-07-04T08:00+02:00,7633.8975,7434.730394,44343.44024,62496.175,65.01
2024-07-04T09:00+02:00,5008.7675,7044.756069,49794.62511,63936.92,65.01
2024-07-04T10:00+02:00,1312.3275,7162.657513,55942.56772,65565.3375,65.01
2024-07-04T11:00+02:00,-2194.335,7373.574105,59093.70249,65836.0725,65.01
2024-07-04T12:00+02:00,-5726.9775,7435.923501,59639.47879,63646.455,65.01
2024-07-04T13:00+02:00,-5328.57,7356.949502,59914.40409,62032.33,65.01
2024-07-04T14:00+02:00,-5222.42,7401.242093,59149.44067,59241.195,65.01
2024-07-04T15:00+02:00,-5207.2575,7206.491139,57924.32894,57379.2675,65.01
2024-07-04T16:00+02:00,-4169.6425,7115.01741,55432.18361,56559.89,65.01
2024-07-04T17:00+02:00,-434.205,7103.181418,51505.33726,57648.65,65.01
2024-07-04T18:00+02:00,3966.57,7738.935342,46226.14427,58952.8875,65.01
2024-07-04T19:00+02:00,9528.6825,8199.0168,38071.32706,58204.875,65.01
2024-07-04T20:00+02:00,9181.1425,8877.651469,31194.53392,55787.4125,65.01
2024-07-04T21:00+02:00,8974.6325,9035.477671,28079.1934,53472.63,65.01
2024-07-04T22:00+02:00,8542.415,8557.97516,27395.21749,51343.4875,65.01
2024-07-04T23:00+02:00,8175.4,7390.716311,28815.0985,48148.935,65.01
2024-07-05T00:00+02:00,7292.685,6959.696988,28972.65895,45210.5175,65.01
2024-07-05T01:00+02:00,7654.7125,7247.392347,29518.61708,43593.495,65.01
2024-07-05T02:00+02:00,7013.8875,7364.53594,28382.20617,42302.1925,65.01
2024-07-05T03:00+02:00,7043.33,7427.318974,29159.30749,42732.0925,65.01
2024-07-05T04:00+02:00,8082.03,7417.240241,29069.70949,43682.735,65.01
2024-07-05T05:00+02:00,7766.655,7465.399758,30309.34501,46065.5525,65.01
2024-07-05T06:00+02:00,8081.115,7632.071826,32581.0208,52334.6725,65.01
2024-07-05T07:00+02:00,8270.2425,7756.349667,35350.24389,56871.0675,65.01
2024-07-05T08:00+02:00,5853.185,7496.23523,42182.26357,60018.2625,65.01
2024-07-05T09:00+02:00,-1022.1125,7453.591487,52095.56152,61398.23,65.01
2024-07-05T10:00+02:00,-6315.57,7288.676058,60114.29173,61709.6375,65.01
2024-07-05T11:00+02:00,-9067.7075,7292.6112,63669.99287,61664.5275,67.7625
2024-07-05T12:00+02:00,-10091.0875,7198.732102,64596.66695,60592.6875,68.68
2024-07-05T13:00+02:00,-8421.8625,6898.965824,62930.19866,59086.63,68.68
2024-07-05T14:00+02:00,-9813.36,6905.487977,61594.619,56972.9225,68.68
2024-07-05T15:00+02:00,-8015.695,7080.29088,59321.90328,56550.0975,68.68
2024-07-05T16:00+02:00,-4575.8875,7553.839632,54017.70293,56408.625,68.68
2024-07-05T17:00+02:00,1978.065,7972.31115,46252.06012,56371.2225,68.68
2024-07-05T18:00+02:00,6891.585,8241.079211,37104.02979,54455.6575,68.68
2024-07-05T19:00+02:00,9635.9725,9158.413832,29183.52134,52148.445,68.68
2024-07-05T20:00+02:00,11909.18,9709.852017,22180.74852,49421.975,68.68
2024-07-05T21:00+02:00,12653.145,9903.720867,18260.3339,48612.9,68.68
2024-07-05T22:00+02:00,11601.4025,9906.191714,17418.01939,47223.0425,68.68
2024-07-05T23:00+02:00,10320.27,9656.556973,18450.44564,44201.7075,68.68
2024-07-06T00:00+02:00,8926.66,9587.883316,19382.16476,41611.25,68.68
2024-07-06T01:00+02:00,9002.085,7988.277115,20319.9012,39826.07,68.68
2024-07-06T02:00+02:00,8483.315,6886.496964,21937.42019,38039.7925,68.68
2024-07-06T03:00+02:00,7568.6075,6715.573813,23591.66509,37595.93,68.68
2024-07-06T04:00+02:00,5709.7125,6643.44244,26046.12882,37618.4275,68.68
2024-07-06T05:00+02:00,2012.7325,6606.149642,29706.00444,37777.325,68.68
2024-07-06T06:00+02:00,-69.9925,6247.976545,33959.02914,39817.6875,68.68
2024-07-06T07:00+02:00,-3058.0075,6225.864082,39608.74136,42331.43,68.68
2024-07-06T08:00+02:00,-5180.115,5952.617254,45273.81699,45727.0125,68.68
2024-07-06T09:00+02:00,-8209.0825,5862.051273,49956.96901,48690.725,68.68
2024-07-06T10:00+02:00,-11850.58,5837.911792,54700.77576,49915.94,68.68
2024-07-06T11:00+02:00,-11283.6675,5842.415609,56549.6854,50332.2775,68.68
2024-07-06T12:00+02:00,-10869.655,5850.982207,56495.82544,51635.74,68.68
2024-07-06T13:00+02:00,-7972.82,5906.543439,54288.68073,50761.34,68.68
2024-07-06T14:00+02:00,-3372.9125,5932.127074,49253.58216,49133.6525,68.68
2024-07-06T15:00+02:00,-4249.285,6047.614335,48704.69348,48283.1975,68.68
2024-07-06T16:00+02:00,-6672.775,6121.705077,49255.28092,48904.62,68.68
2024-07-06T17:00+02:00,-5576.95,6389.027528,48777.28471,49549.375,68.68
2024-07-06T18:00+02:00,-7667.17,7290.044245,50054.14301,50441.0575,68.68
2024-07-06T19:00+02:00,-4265.8975,7801.160413,45488.67561,49088.4125,68.68
2024-07-06T20:00+02:00,-3438.3625,7846.463967,42470.07937,47921.5225,68.68
2024-07-06T21:00+02:00,-3628.3325,8206.896417,40496.54722,45874.2525,68.68
2024-07-06T22:00+02:00,-3203.675,8744.689837,37447.52444,44153.7275,68.68
2024-07-06T23:00+02:00,-3598.7925,8968.377464,34877.31766,41299.9675,68.68
2024-07-07T00:00+02:00,-5756.825,7686.395151,32936.56819,38528.1925,68.68
2024-07-07T01:00+02:00,-4755.405,6835.248311,32414.16289,37055.56,68.68
2024-07-07T02:00+02:00,-4191.7575,6289.606806,31661.81685,36259.6775,68.68
2024-07-07T03:00+02:00,-1972.7625,6113.619041,29856.47229,34979.515,68.68
2024-07-07T04:00+02:00,-1097.63,6024.684108,28779.09779,35114.425,68.68
2024-07-07T05:00+02:00,-549.02,5959.915619,28226.21953,35143.6925,68.68
2024-07-07T06:00+02:00,258.2125,5943.179447,29334.4821,36071.0975,68.68
2024-07-07T07:00+02:00,27.9925,5935.118987,31834.83901,38098.6575,68.68
2024-07-07T08:00+02:00,-1414.2875,5941.106961,37017.20733,40785.7,68.68
2024-07-07T09:00+02:00,-4349.235,5925.934215,41569.05756,42909.555,68.68
2024-07-07T10:00+02:00,-6435.1775,5847.474133,45340.35245,43929.655,68.68
2024-07-07T11:00+02:00,-7104.67,5819.589527,47325.10765,45669.6375,68.68
2024-07-07T12:00+02:00,-9155.8325,5815.637346,48610.79538,45551.05,68.68
2024-07-07T13:00+02:00,-8649.6325,5868.731914,48129.13894,43428.13,68.68
2024-07-07T14:00+02:00,-7857.1,5860.740192,45673.94069,41721.925,68.68
2024-07-07T15:00+02:00,-5221.095,5852.89613,43016.28885,40887.21,68.68
2024-07-07T16:00+02:00,-1924.575,5904.741919,38398.96789,41395.305,68.68
2024-07-07T17:00+02:00,2882.585,6152.999999,33190.01489,43289.16,68.68
2024-07-07T18:00+02:00,6503.51,8456.745571,27147.04037,44510.955,68.68
2024-07-07T19:00+02:00,9220.79,11412.89367,19710.7996,44949.41,68.68
2024-07-07T20:00+02:00,10455.025,13123.43922,14257.46327,44376.5225,68.68
2024-07-07T21:00+02:00,10525.3425,13732.20286,12301.64874,43806.255,68.68
2024-07-07T22:00+02:00,10167.915,13957.27347,11844.38091,43508.0975,68.68
2024-07-07T23:00+02:00,10268.3875,14003.22474,11636.47932,41089.0925,68.68
2024-07-08T00:00+02:00,10383.08,13244.76761,12287.2134,38864.905,68.68
2024-07-08T01:00+02:00,11417.5725,11937.61865,13449.02135,37543.89,68.68
2024-07-08T02:00+02:00,10752.815,11585.97155,14155.37897,37326.9725,68.68
2024-07-08T03:00+02:00,10463.655,11662.59827,15094.64171,37818.4425,68.68
2024-07-08T04:00+02:00,10153.435,11926.07519,15510.50773,38787.345,68.68
2024-07-08T05:00+02:00,10069.935,13105.66855,16570.41382,42137.8025,68.68
2024-07-08T06:00+02:00,10263.98,14270.01539,18866.27946,49073.475,68.68
2024-07-08T07:00+02:00,9185.76,14569.36679,23477.91716,54535.26,68.68
2024-07-08T08:00+02:00,6512.295,14277.96953,29812.0313,57132.7425,68.68
2024-07-08T09:00+02:00,3805.5825,12002.19221,38594.40939,57869.08,68.68
2024-07-08T10:00+02:00,2280.4,9494.802402,46028.33425,58045.5775,68.68
2024-07-08T11:00+02:00,-723.5,9077.62512,50202.21951,57973.165,68.68
2024-07-08T12:00+02:00,-2922.885,8850.325923,51588.33809,57912.5,68.68
2024-07-08T13:00+02:00,-2695.835,9000.421921,50892.94113,56830.1875,68.68
2024-07-08T14:00+02:00,-724.2525,9176.726184,48192.97183,55599.5375,68.68
2024-07-08T15:00+02:00,1910.06,10782.25326,44011.15735,55551.3375,68.68
2024-07-08T16:00+02:00,4537.3525,12525.27134,37724.52359,54958.305,68.68
2024-07-08T17:00+02:00,3532.1775,16529.85057,30222.09609,55093.2725,68.68
2024-07-08T18:00+02:00,5520.405,20113.37266,21973.51273,55573.19,68.68
2024-07-08T19:00+02:00,8404.185,21722.48252,14693.73153,55017.105,68.68
2024-07-08T20:00+02:00,9649.2025,22395.73927,10758.19816,53326.715,68.68
2024-07-08T21:00+02:00,9239.2825,22346.29437,9674.793069,51462.77,68.68
2024-07-08T22:00+02:00,7742.6275,21713.47708,10532.41015,49079.8175,68.68
2024-07-08T23:00+02:00,6520.4575,20118.76062,11930.76141,45669.04,68.68
2024-07-09T00:00+02:00,7743.525,17991.38786,13041.11788,42922.3075,68.68
2024-07-09T01:00+02:00,7503.275,16898.54509,14066.1453,40795.27,68.68
2024-07-09T02:00+02:00,7101.2475,15917.80901,14735.71466,39582.61,68.68
2024-07-09T03:00+02:00,6747.6925,15546.37609,15345.28821,39286.555,68.68
2024-07-09T04:00+02:00,7079.235,15565.05039,15868.52305,40754.8475,68.68
2024-07-09T05:00+02:00,8506.3725,15920.01847,16865.35888,43593.42,68.68
2024-07-09T06:00+02:00,9370.2525,16877.68196,19308.63264,50678.145,68.68
2024-07-09T07:00+02:00,8187.375,16686.69123,23890.14771,56008.8375,68.68
2024-07-09T08:00+02:00,7003.7975,15299.42514,30608.65124,58823.915,68.68
2024-07-09T09:00+02:00,4639.44,11728.17127,39174.32347,59219.72,68.68
2024-07-09T10:00+02:00,1630.025,9580.641464,47304.20427,59860.76,68.68
2024-07-09T11:00+02:00,-2970.215,9393.22541,53693.15198,60821.5275,68.68
2024-07-09T12:00+02:00,-7011.065,9106.023531,57934.23274,60151.2225,68.68
2024-07-09T13:00+02:00,-9538.11,8998.457951,59484.85356,59534.675,68.68
2024-07-09T14:00+02:00,-7606.17,8857.271147,57770.64471,57897.23,68.68
2024-07-09T15:00+02:00,-4328.48,8767.872704,54279.45927,57404.1125,68.68
2024-07-09T16:00+02:00,138.4275,9260.356598,49141.89301,57022.01,68.68
2024-07-09T17:00+02:00,1866.78,11538.34787,41997.37042,57103.115,68.68
2024-07-09T18:00+02:00,4876.39,13765.23501,33939.82314,57788.805,68.68
2024-07-09T19:00+02:00,7545.475,16074.67251,27269.59031,58393.4925,68.68
2024-07-09T20:00+02:00,7484.465,16696.20814,25138.7814,57156.7025,68.68
2024-07-09T21:00+02:00,5942.75,16159.02582,28126.59596,55003.805,68.68
2024-07-09T22:00+02:00,4640.32,14173.97384,30476.63511,54056.9675,68.68
2024-07-09T23:00+02:00,3617.145,12711.28406,29955.54807,50417.4575,68.68
2024-07-10T00:00+02:00,5110.785,12373.43715,27960.28959,47472.2125,68.68
2024-07-10T01:00+02:00,6527.935,12479.20118,26427.2481,45387.7375,68.68
2024-07-10T02:00+02:00,7338.0875,12627.44689,24016.32603,44790.8775,68.68
2024-07-10T03:00+02:00,8393.22,13396.70974,22927.19316,45321.8725,68.68
2024-07-10T04:00+02:00,9312.1525,14250.94598,22283.12494,46046.735,68.68
2024-07-10T05:00+02:00,10058.23,14563.37885,21786.88869,47489.6375,68.68
2024-07-10T06:00+02:00,9596.515,15203.20623,23845.43687,53677.5875,68.68
2024-07-10T07:00+02:00,9540.1825,15412.08443,25426.82975,58512.7475,68.68
2024-07-10T08:00+02:00,10728.4825,15441.27786,28506.2921,61645.02,68.68
2024-07-10T09:00+02:00,11023.405,14680.63865,32309.83254,62588.7625,68.68
2024-07-10T10:00+02:00,11163.235,14037.39343,36177.98535,63256,68.68
2024-07-10T11:00+02:00,9784.4975,13794.82955,38736.74242,63326.755,68.68
2024-07-10T12:00+02:00,8914.235,13084.35304,40557.91023,63541.2475,68.68
2024-07-10T13:00+02:00,8245.7125,11712.41952,42298.15972,62288.06,68.68
2024-07-10T14:00+02:00,8610.1075,11461.16712,41225.14943,60589.11,68.68
2024-07-10T15:00+02:00,7978.7825,11400.86614,39290.61979,58736.67,68.68
2024-07-10T16:00+02:00,7668.085,13187.74881,34668.58963,56519.4975,68.68
2024-07-10T17:00+02:00,9632.8225,15538.79066,29224.80586,57392.695,68.68
2024-07-10T18:00+02:00,10384.6925,18121.59038,22728.68476,58195.5675,68.68
2024-07-10T19:00+02:00,11980.85,20044.26027,17386.45435,58014.045,68.68
2024-07-10T20:00+02:00,11699.275,20824.31492,13834.0754,56167.31,68.68
2024-07-10T21:00+02:00,10955.73,20825.88368,11835.78202,53694.125,68.68
2024-07-10T22:00+02:00,10424.505,20404.93558,11161.59599,50960.39,68.68
2024-07-10T23:00+02:00,10607.1975,19501.41975,10923.39967,47541.86,68.68
2024-07-11T00:00+02:00,10813.12,18259.9839,10920.26539,44844.675,68.68
2024-07-11T01:00+02:00,11059.655,17438.58716,11257.38617,43045.27,68.68
2024-07-11T02:00+02:00,11492.28,16930.42153,11439.16861,42224.48,68.68
2024-07-11T03:00+02:00,12100.225,17028.28725,11807.64573,42122.3725,68.68
2024-07-11T04:00+02:00,11435.4125,17298.41569,12228.66961,42745.9725,68.68
2024-07-11T05:00+02:00,10550.1375,18301.19272,12757.28835,45158.145,68.68
2024-07-11T06:00+02:00,9779.745,19426.02595,14516.39261,51372.475,68.68
2024-07-11T07:00+02:00,9425.195,19916.61735,17264.0622,56555.5975,68.68
2024-07-11T08:00+02:00,8828.965,19914.77013,22091.13225,59748.34,68.68
2024-07-11T09:00+02:00,8247.42,17782.1157,29169.98589,60787.01,68.68
2024-07-11T10:00+02:00,8410.64,13495.93932,36639.90116,60472.5475,68.68
2024-07-11T11:00+02:00,5747.9825,11510.76682,42622.42862,60997.85,68.68
2024-07-11T12:00+02:00,3102.5975,9655.94646,46037.05999,60243.4125,68.68
2024-07-11T13:00+02:00,2557.1525,9370.317567,47298.0415,59225.705,68.68
2024-07-11T14:00+02:00,2409.77,9500.813641,46440.81437,58375.6925,68.68
2024-07-11T15:00+02:00,3677.9875,9655.686431,44054.5489,57692.69,68.68
2024-07-11T16:00+02:00,6053.7575,11561.07962,39150.98933,56826.8975,68.68
2024-07-11T17:00+02:00,5133.195,16220.04023,32126.06112,56735.135,68.68
2024-07-11T18:00+02:00,6389.08,20169.58829,23923.69411,56476.11,68.68
2024-07-11T19:00+02:00,9416.74,21535.927,16816.67775,56141.17,68.68
2024-07-11T20:00+02:00,10342.685,21771.7946,12716.06926,54468.545,68.68
2024-07-11T21:00+02:00,9251.38,21938.65457,11070.30483,52289.265,68.68
2024-07-11T22:00+02:00,8041.235,21811.39086,10876.06308,50347.335,68.68
2024-07-11T23:00+02:00,9273.1275,20993.49832,11045.13868,46940.91,68.68
2024-07-12T00:00+02:00,8569.4175,20400.53487,11162.66455,44482.76,68.68
2024-07-12T01:00+02:00,8042.85,19870.98886,11243.85067,42617.8775,68.68
2024-07-12T02:00+02:00,8300.12,19600.35008,11454.03203,41528.78,68.68
2024-07-12T03:00+02:00,8948.145,19365.11016,11963.357,41300.75,68.68
2024-07-12T04:00+02:00,8431.555,19090.5406,12721.70219,42286.935,68.68
2024-07-12T05:00+02:00,8498.0175,18998.46759,13861.55258,44388.8025,68.68
2024-07-12T06:00+02:00,8943.5025,19428.12311,16829.33795,50517.2025,68.68
2024-07-12T07:00+02:00,8349.815,19459.60503,20793.81183,55381.4,68.68
2024-07-12T08:00+02:00,7001.64,19412.2446,25037.31133,58353.3575,68.68
2024-07-12T09:00+02:00,5227.1975,18732.01844,28986.51872,59619.9875,68.68
2024-07-12T10:00+02:00,2877.555,17817.97486,32747.27372,59074.8225,68.68
2024-07-12T11:00+02:00,3830.77,16549.24116,36380.25472,59030.9275,67.465
2024-07-12T12:00+02:00,2713.47,15331.88393,39900.97072,58624.6875,67.06
2024-07-12T13:00+02:00,3120.6975,13105.80361,41739.91219,57938.41,67.06
2024-07-12T14:00+02:00,3775.6325,11026.06259,41882.9988,56643.21,67.06
2024-07-12T15:00+02:00,3328.11,10422.07536,43401.74481,56488.1725,67.06
2024-07-12T16:00+02:00,3872.5825,10081.82659,42666.02203,56385.455,67.06
2024-07-12T17:00+02:00,4898.34,9519.383866,40282.98341,57520.205,67.06
2024-07-12T18:00+02:00,6751.55,9680.796625,37386.24892,58176.5475,67.06
2024-07-12T19:00+02:00,7147.675,9823.539354,35027.79111,57032.36,67.06
2024-07-12T20:00+02:00,6849.465,9451.579458,32280.81962,54870.53,67.06
2024-07-12T21:00+02:00,6674.6525,9063.837235,30049.55475,52022.085,67.06
2024-07-12T22:00+02:00,4851.5625,9171.478594,29231.39289,49080.63,67.06
2024-07-12T23:00+02:00,4873.225,8934.990591,28624.65146,45962.745,67.06
2024-07-13T00:00+02:00,3699.2275,8324.198371,26821.57909,43488.235,67.06
2024-07-13T01:00+02:00,4612.98,7941.556634,25116.65793,40833.84,67.06
2024-07-13T02:00+02:00,4814.52,7860.782067,24220.64935,39609.565,67.06
2024-07-13T03:00+02:00,5456.26,7773.944427,23798.07358,39192.2575,67.06
2024-07-13T04:00+02:00,6526.8475,7335.428268,23882.14505,38577.255,67.06
2024-07-13T05:00+02:00,6820.7475,7022.416354,23960.70098,39122.9025,67.06
2024-07-13T06:00+02:00,5855,6931.296634,25612.68258,40374.085,67.06
2024-07-13T07:00+02:00,5424.465,6856.64548,29313.93822,42800.1175,67.06
2024-07-13T08:00+02:00,2997.1475,6777.667474,35136.73819,46350.5925,67.06
2024-07-13T09:00+02:00,-102.6775,6584.81922,41770.75813,48353.88,67.06
2024-07-13T10:00+02:00,-4382.04,6526.954541,47290.63942,49657.2425,67.06
2024-07-13T11:00+02:00,-7066.2775,6541.988788,50531.68592,50281.34,67.06
2024-07-13T12:00+02:00,-7613.0125,6499.06446,51998.86373,49805.41,67.06
2024-07-13T13:00+02:00,-8846.1625,6462.611814,52204.38955,48270.3075,67.06
2024-07-13T14:00+02:00,-9261.255,6435.968461,51502.75446,46899.6075,67.06
2024-07-13T15:00+02:00,-8202.9925,6446.72519,49342.0309,46324.1875,67.06
2024-07-13T16:00+02:00,-5248.0375,6469.719012,45092.95777,45946.1825,67.06
2024-07-13T17:00+02:00,-782.635,6542.049602,39085.55826,46691.08,67.06
2024-07-13T18:00+02:00,4182.135,7556.925877,32001.89396,46782.345,67.06
2024-07-13T19:00+02:00,7773.31,8697.513857,24632.60168,46320.9325,67.06
2024-07-13T20:00+02:00,8793.6325,9453.820297,19525.83452,44557.2125,67.06
2024-07-13T21:00+02:00,9003.9775,9650.224434,17102.02255,43600.385,67.06
2024-07-13T22:00+02:00,8666.73,9801.83693,16603.19253,42898.935,67.06
2024-07-13T23:00+02:00,8275.1475,9587.393586,17021.28638,40392.7125,67.06
2024-07-14T00:00+02:00,7936.6075,9036.773612,17226.21723,38033.8975,67.06
2024-07-14T01:00+02:00,9733.74,7949.416088,18106.17478,36233.5025,67.06
2024-07-14T02:00+02:00,10509.295,6782.801254,18322.66312,35799.5625,67.06
2024-07-14T03:00+02:00,10461.555,6300.363417,17829.50987,35200.7875,67.06
2024-07-14T04:00+02:00,10943.9525,6474.673904,17747.90708,35069.0175,67.06
2024-07-14T05:00+02:00,11358.59,6634.334439,18548.88348,34912.2875,67.06
2024-07-14T06:00+02:00,10371.05,6563.006221,21425.07014,35793.0575,67.06
2024-07-14T07:00+02:00,5226.96,6496.166106,27030.61531,37646.015,67.06
2024-07-14T08:00+02:00,-240.975,6467.752246,35112.54356,40636.3325,67.06
2024-07-14T09:00+02:00,-5325.865,6620.554678,41427.86967,42353.5725,67.06
2024-07-14T10:00+02:00,-7509.9375,6335.92678,45980.90582,43443.655,67.06
2024-07-14T11:00+02:00,-9019.975,6112.381618,48554.90987,44700.1575,67.06
2024-07-14T12:00+02:00,-10530.155,6095.033431,49935.20584,44989.2525,67.06
2024-07-14T13:00+02:00,-9448.7025,6058.189883,48326.52144,43501.9725,67.06
2024-07-14T14:00+02:00,-8782.75,6179.791412,46154.75116,42543.26,67.06
2024-07-14T15:00+02:00,-8745.785,6162.324768,45783.31075,42275.1675,67.06
2024-07-14T16:00+02:00,-4659.88,6316.475225,42488.08805,42548.6225,67.06
2024-07-14T17:00+02:00,3054.565,6489.571542,35513.22468,44096.035,67.06
2024-07-14T18:00+02:00,7332.68,7414.098479,32185.50397,45751.495,67.06
2024-07-14T19:00+02:00,8955.1125,9985.468057,25008.03409,46277.105,67.06
2024-07-14T20:00+02:00,8638.325,11301.24685,19924.43301,45601.5375,67.06
2024-07-14T21:00+02:00,8286.875,12109.36275,17729.51352,44848.6775,67.06
2024-07-14T22:00+02:00,6910.605,12355.75387,18004.33156,44605.255,67.06
2024-07-14T23:00+02:00,6711.2625,12310.36488,18533.615,42370.1675,67.06
2024-07-15T00:00+02:00,6221.8075,11679.87836,18863.87415,40202.595,67.06
2024-07-15T01:00+02:00,7564.6925,10547.66717,19218.15245,38403.7675,67.06
2024-07-15T02:00+02:00,8373.5375,10013.26723,19015.0537,37449.315,67.06
2024-07-15T03:00+02:00,8896.095,10040.07235,18612.94172,37337.0575,67.06
2024-07-15T04:00+02:00,9483.4625,10692.81038,18074.41099,38485.6275,67.06
2024-07-15T05:00+02:00,9743.7925,12049.08964,17995.38627,41392.3475,67.06
2024-07-15T06:00+02:00,9901.3925,12596.36981,20407.91702,48658.075,67.06
2024-07-15T07:00+02:00,8662.4125,12644.35469,25869.99724,53888.3725,67.06
2024-07-15T08:00+02:00,7252.165,10963.17409,32749.15452,57322.2275,67.06
2024-07-15T09:00+02:00,5960.8275,8245.273531,41256.27984,57890.5825,67.06
2024-07-15T10:00+02:00,722.515,7581.157292,48117.70249,57713.115,67.06
2024-07-15T11:00+02:00,-1968.925,7332.305506,52909.17201,58323,67.06
2024-07-15T12:00+02:00,-3923.275,7289.890278,55085.34474,57717.0075,67.06
2024-07-15T13:00+02:00,-2036.4375,7260.740244,53562.60285,56881.415,67.06
2024-07-15T14:00+02:00,-1672.4875,7266.247563,50563.53733,55715.1125,67.06
2024-07-15T15:00+02:00,1047.185,7954.526952,45937.18333,54745.7775,67.06
2024-07-15T16:00+02:00,4225.615,10379.38721,38911.61793,54402.5225,67.06
2024-07-15T17:00+02:00,4632.6825,13718.22106,31010.92264,54922.2925,67.06
2024-07-15T18:00+02:00,6892.8225,16019.81838,21887.69321,56188.83,67.06
2024-07-15T19:00+02:00,11518.3875,17281.37451,14820.55705,56221.93,67.06
2024-07-15T20:00+02:00,12179.5425,17983.55534,12480.36073,54034.0575,67.06
2024-07-15T21:00+02:00,10415.655,18150.30343,13946.45326,51695.6,67.06
2024-07-15T22:00+02:00,7472.2775,17224.12077,16996.68396,49604.8825,67.06
2024-07-15T23:00+02:00,3940.29,15611.35815,21868.48337,47442.7275,67.06
2024-07-16T00:00+02:00,4651.7325,12685.29032,24722.56028,44066.1,67.06
2024-07-16T01:00+02:00,4962.6175,10974.47256,25289.12773,42364.6875,67.06
2024-07-16T02:00+02:00,7165.7,10409.26053,25235.00225,41494.8475,67.06
2024-07-16T03:00+02:00,7210.915,10641.91474,25586.2046,42024.8475,67.06
2024-07-16T04:00+02:00,8533.6575,10643.08556,25334.95654,42738.8975,67.06
2024-07-16T05:00+02:00,8989.6125,11476.42954,25395.54385,45792,67.06
2024-07-16T06:00+02:00,9965.48,12457.99031,26764.43971,52678.45,67.06
2024-07-16T07:00+02:00,8797.5975,12622.49855,27799.9701,56698.1725,67.06
2024-07-16T08:00+02:00,10703.5025,11939.97279,32331.69417,60302.155,67.06
2024-07-16T09:00+02:00,7741.85,10184.18926,38756.73235,60180.0025,67.06
2024-07-16T10:00+02:00,3804.6375,8492.353092,45754.50451,61013.75,67.06
2024-07-16T11:00+02:00,810.3075,7411.167361,51390.50113,61090.4525,67.06
2024-07-16T12:00+02:00,-1440.7,7087.504317,55092.179,60432.84,67.06
2024-07-16T13:00+02:00,-3884.465,7138.009096,56692.91103,59049.375,67.06
2024-07-16T14:00+02:00,-4512.145,7203.298997,56477.28761,57428.455,67.06
2024-07-16T15:00+02:00,-2686.1325,7276.231223,53902.92036,57386.3825,67.06
2024-07-16T16:00+02:00,796.245,7474.18932,49417.19912,56808.01,67.06
2024-07-16T17:00+02:00,4121.9475,8520.820766,43796.53859,56286.1425,67.06
2024-07-16T18:00+02:00,6122.2,11263.30997,36048.59576,56146.6825,67.06
2024-07-16T19:00+02:00,7268.165,14734.14309,27752.00765,55764.97,67.06
2024-07-16T20:00+02:00,7777.29,16283.38102,21885.92785,53338.145,67.06
2024-07-16T21:00+02:00,7079.515,16051.76612,20480.79838,51052.82,67.06
2024-07-16T22:00+02:00,5063.2375,15472.8213,21241.88853,48566.35,67.06
2024-07-16T23:00+02:00,4414.345,14321.90119,22051.15256,45635.045,67.06
2024-07-17T00:00+02:00,6798.6925,12981.85907,22052.39958,43471.625,67.06
2024-07-17T01:00+02:00,7806.055,11731.04874,22243.5461,41640.8525,67.06
2024-07-17T02:00+02:00,8074.8525,11379.4203,23054.69762,40738.5975,67.06
2024-07-17T03:00+02:00,8460.0225,11191.10342,24427.05907,41341.735,67.06
2024-07-17T04:00+02:00,8963.7625,11067.76211,25833.7688,43064.82,67.06
2024-07-17T05:00+02:00,8012.0125,11079.27043,26755.27419,45701.175,67.06
2024-07-17T06:00+02:00,9317.5075,11467.39489,28555.07819,52044.7075,67.06
2024-07-17T07:00+02:00,6735.6725,11525.70198,31231.94348,56568.38,67.06
2024-07-17T08:00+02:00,5186.7675,11564.91302,36549.4135,59381.055,67.06
2024-07-17T09:00+02:00,2989.4325,9618.569042,43390.26406,60399.6775,67.06
2024-07-17T10:00+02:00,3555.855,8146.7001,48211.98912,60767.79,67.06
2024-07-17T11:00+02:00,2496.5825,7914.49027,49432.11817,60703.055,67.06
2024-07-17T12:00+02:00,-76.755,8181.673708,50843.8063,60011.58,67.06
2024-07-17T13:00+02:00,52.61,8127.70242,50181.3744,59395.255,67.06
2024-07-17T14:00+02:00,1655.47,8101.588052,49183.43901,57884.12,67.06
2024-07-17T15:00+02:00,3867.085,8203.625865,47459.20808,57694.59,67.06
2024-07-17T16:00+02:00,6318.05,8518.908276,44190.51332,56837.7875,67.06
2024-07-17T17:00+02:00,7048.06,9597.968135,38858.81608,57073.34,67.06
2024-07-17T18:00+02:00,8757.7375,12705.02727,32293.484,57368.63,67.06
2024-07-17T19:00+02:00,8729.45,16802.65856,23939.30046,56683.5825,67.06
2024-07-17T20:00+02:00,10201.2275,17850.59167,17724.36934,54999.7225,67.06
2024-07-17T21:00+02:00,9788.14,18543.11068,14518.90163,52916.025,67.06
2024-07-17T22:00+02:00,10305.61,18565.30892,13289.27444,50753.165,67.06
2024-07-17T23:00+02:00,10983.6725,17950.66548,12426.5809,47133.8475,67.06
2024-07-18T00:00+02:00,9439.55,17669.16173,12180.22432,44564.6675,67.06
2024-07-18T01:00+02:00,10457.39,17101.002,11805.31425,42476.0325,67.06
2024-07-18T02:00+02:00,11067.27,16577.98887,11597.07145,41278.1325,67.06
2024-07-18T03:00+02:00,11399.0125,16552.56522,11358.28654,41181.16,67.06
2024-07-18T04:00+02:00,11335.995,16899.35363,11568.99203,42432.3075,67.06
2024-07-18T05:00+02:00,11060.435,17501.47031,12058.47038,45104.6225,67.06
2024-07-18T06:00+02:00,11673.075,17895.58948,13981.26097,50426.255,67.06
2024-07-18T07:00+02:00,11214.96,17671.60565,19246.09806,55408.5925,67.06
2024-07-18T08:00+02:00,8340.8175,16316.09858,27049.23976,58986.81,67.06
2024-07-18T09:00+02:00,6277.5775,13801.31861,35104.45181,59796.5025,67.06
2024-07-18T10:00+02:00,7116.165,10476.98971,41677.23167,60239.9825,67.06
2024-07-18T11:00+02:00,6634.1025,8939.727848,45825.61529,60212.415,67.06
2024-07-18T12:00+02:00,4004.1825,8814.12982,47599.7749,59398.3975,67.06
2024-07-18T13:00+02:00,2165.9375,8970.273764,47634.47135,58577.8825,67.06
2024-07-18T14:00+02:00,1527.04,9184.175003,46373.74425,57821.22,67.06
2024-07-18T15:00+02:00,4591.475,9275.760515,42742.08154,56930.4125,67.06
2024-07-18T16:00+02:00,6547.6725,10308.01112,37440.30837,55986.18,67.06
2024-07-18T17:00+02:00,8251.72,13720.32581,30779.70844,56324.5275,67.06
2024-07-18T18:00+02:00,9899.685,18195.73762,22703.5186,56724.595,67.06
2024-07-18T19:00+02:00,10251.4775,20684.7125,15323.66708,56449.225,67.06
2024-07-18T20:00+02:00,11231.9925,20988.84127,10894.22103,54427.1375,67.06
2024-07-18T21:00+02:00,10203.85,21065.45722,9656.338433,52421.185,67.06
2024-07-18T22:00+02:00,9584.1075,20757.40692,10080.62072,50475.765,67.06
2024-07-18T23:00+02:00,9306.135,19905.15915,10710.68602,46910.48,67.06
2024-07-19T00:00+02:00,9105.54,18811.05441,11179.65952,43815.06,67.06
2024-07-19T01:00+02:00,10989.835,17684.34382,11374.81997,42380.2175,67.06
2024-07-19T02:00+02:00,11161.34,16968.70989,11287.30838,41623.4175,67.06
2024-07-19T03:00+02:00,10777.2075,17187.71385,11275.15828,41096.4425,67.06
2024-07-19T04:00+02:00,10559.9825,17399.92947,11185.32661,41916,67.06
2024-07-19T05:00+02:00,10969.8275,17856.25213,11362.16765,43960.2825,67.06
2024-07-19T06:00+02:00,11059.3575,18650.09842,13511.66153,49596.6925,67.06
2024-07-19T07:00+02:00,10109.1875,18729.56152,18958.86294,54541.8725,67.06
2024-07-19T08:00+02:00,6496.755,17932.8996,26384.10834,57506.2775,67.06
2024-07-19T09:00+02:00,2527.545,15430.86798,34505.64687,58720.4575,67.06
2024-07-19T10:00+02:00,2322.8425,11826.73,41650.39196,58471.525,67.06
2024-07-19T11:00+02:00,3120.32,10034.31373,46438.55213,58836.2,65.3125
2024-07-19T12:00+02:00,1503.5175,9040.300234,48327.66509,58709.8,64.73
2024-07-19T13:00+02:00,513.435,8790.728988,47539.52894,56984.495,64.73
2024-07-19T14:00+02:00,1906.5175,8701.217389,44892.46349,55462.095,64.73
2024-07-19T15:00+02:00,5202.9175,8950.802485,41236.83403,54888.4125,64.73
2024-07-19T16:00+02:00,6977.8425,10504.37526,36278.07666,54329.1225,64.73
2024-07-19T17:00+02:00,9320.2875,13016.22363,29907.74151,54686.57,64.73
2024-07-19T18:00+02:00,9320.115,16214.38088,22649.73183,54260.35,64.73
2024-07-19T19:00+02:00,9364.475,18038.69713,16690.17269,53476.2,64.73
2024-07-19T20:00+02:00,9493.475,18464.44207,13517.17811,51357.8875,64.73
2024-07-19T21:00+02:00,9272.985,18526.78312,12995.38345,49716.2,64.73
2024-07-19T22:00+02:00,6724.6625,18527.80796,14207.73425,47612.955,64.73
2024-07-19T23:00+02:00,6667.2325,17664.23621,15257.26057,44551.2175,64.73
2024-07-20T00:00+02:00,7061.67,15802.14971,15828.19028,42399.1475,64.73
2024-07-20T01:00+02:00,8208.465,14313.81699,16231.75708,40558.19,64.73
2024-07-20T02:00+02:00,8894.625,12932.80621,15931.86318,39190,64.73
2024-07-20T03:00+02:00,9284.9925,12587.70388,15322.11291,38800.465,64.73
2024-07-20T04:00+02:00,9175.445,12362.65599,14957.96399,38630.5575,64.73
2024-07-20T05:00+02:00,9164.63,12125.16846,15308.62463,38719,64.73
2024-07-20T06:00+02:00,9287.5275,11767.67347,16686.2165,40376.715,64.73
2024-07-20T07:00+02:00,8719.5675,11060.98717,20841.9676,42806.7075,64.73
2024-07-20T08:00+02:00,8351.8575,8582.946924,26565.53276,45970.505,64.73
2024-07-20T09:00+02:00,4987.915,7009.018094,34303.09319,48332.05,64.73
2024-07-20T10:00+02:00,772.5275,6377.158894,42158.79364,49257.26,64.73
2024-07-20T11:00+02:00,-3991.595,6370.486765,48279.27656,49409.2175,64.73
2024-07-20T12:00+02:00,-5407.195,6411.233438,50239.90151,48922.2175,64.73
2024-07-20T13:00+02:00,-6945.2325,6448.077283,49941.22635,47233.375,64.73
2024-07-20T14:00+02:00,-7866.1325,6475.79598,48613.95691,45984.965,64.73
2024-07-20T15:00+02:00,-4162.945,6555.060772,44864.01516,45713.3,64.73
2024-07-20T16:00+02:00,101.7225,6750.232836,41118.91996,45904.425,64.73
2024-07-20T17:00+02:00,3829.13,7135.812798,34663.14816,46751.5525,64.73
2024-07-20T18:00+02:00,5215.45,9525.829912,27744.66688,47559.715,64.73
2024-07-20T19:00+02:00,7813.4925,11088.62736,21930.15099,47462.8225,64.73
2024-07-20T20:00+02:00,9549.0625,11375.11624,19116.20886,45709.2625,64.73
2024-07-20T21:00+02:00,7747.5925,11344.84038,19543.45057,44830.8925,64.73
2024-07-20T22:00+02:00,7056.9275,11049.17561,21816.78821,43511.305,64.73
2024-07-20T23:00+02:00,7007.4975,10722.55283,23793.45137,41037.8625,64.73
2024-07-21T00:00+02:00,5875.135,9745.379268,23810.38973,38839.275,64.73
2024-07-21T01:00+02:00,7437.3075,9401.606716,22576.34913,37273.9,64.73
2024-07-21T02:00+02:00,7208.13,9519.651663,21007.11365,35993.155,64.73
2024-07-21T03:00+02:00,7591.1525,9711.837356,19257.91359,35257.7825,64.73
2024-07-21T04:00+02:00,7683.7125,10185.37577,17989.29542,34532.2975,64.73
2024-07-21T05:00+02:00,7498.7325,10202.52493,17311.76143,35051.815,64.73
2024-07-21T06:00+02:00,7851.675,9772.783903,18289.14681,35611.1225,64.73
2024-07-21T07:00+02:00,8675.59,8043.035773,21694.04605,37764.07,64.73
2024-07-21T08:00+02:00,7237.685,7123.131027,26796.9135,41249.88,64.73
2024-07-21T09:00+02:00,4578.2175,6634.597203,33469.73053,43695.2,64.73
2024-07-21T10:00+02:00,-507.1225,6603.663312,39165.60391,45703.5275,64.73
2024-07-21T11:00+02:00,-2299.0825,6558.009871,43100.47208,46217.5175,64.73
2024-07-21T12:00+02:00,-2271.3825,6650.409154,44393.41661,45113.54,64.73
2024-07-21T13:00+02:00,-1653.0375,6720.428966,43707.03965,43602.9075,64.73
2024-07-21T14:00+02:00,-727.2575,6761.115566,40961.69236,43880.285,64.73
2024-07-21T15:00+02:00,568.9175,7007.252237,37946.91896,43643.4075,64.73
2024-07-21T16:00+02:00,5437.3775,7330.722743,34028.28583,44261.9025,64.73
2024-07-21T17:00+02:00,6999.005,9393.037008,29423.80349,45701.615,64.73
2024-07-21T18:00+02:00,7701.92,11746.97051,23516.74472,46398.37,64.73
2024-07-21T19:00+02:00,8858.0575,13049.64857,19055.19462,46895.615,64.73
2024-07-21T20:00+02:00,9992.8875,13380.67776,15394.57819,46248.845,64.73
2024-07-21T21:00+02:00,10133.645,13472.07712,13468.62094,45559.6775,64.73
2024-07-21T22:00+02:00,10248.555,13464.49552,13498.9965,44703.3925,64.73
2024-07-21T23:00+02:00,10771.9575,13572.35821,14292.17677,42420.905,64.73
2024-07-22T00:00+02:00,9886.39,13484.7686,14469.76719,40291.92,64.73
2024-07-22T01:00+02:00,8726.1625,13529.56832,15123.18009,38817.525,64.73
2024-07-22T02:00+02:00,8800.8375,13234.74251,15694.62521,38550.2625,64.73
2024-07-22T03:00+02:00,8610.9625,13475.77515,16651.51926,39005.0675,64.73
2024-07-22T04:00+02:00,8394.03,13756.75898,17574.84856,39605.565,64.73
2024-07-22T05:00+02:00,8964.5525,14003.38281,18968.16317,43280.9475,64.73
2024-07-22T06:00+02:00,8955.5975,14955.08327,22329.06139,49989.525,64.73
2024-07-22T07:00+02:00,7662.96,14824.61895,26178.89432,55564.26,64.73
2024-07-22T08:00+02:00,8594.855,13741.83882,31063.58859,59137.3025,64.73
2024-07-22T09:00+02:00,9084.53,11260.27012,37133.27439,60341.865,64.73
2024-07-22T10:00+02:00,7697.2,8967.68817,42915.03469,60377.3725,64.73
2024-07-22T11:00+02:00,5521.21,8476.875659,48127.51075,61435.87,64.73
2024-07-22T12:00+02:00,3176.1925,8289.572989,51403.4362,60354.815,64.73
2024-07-22T13:00+02:00,-34.3075,8293.184682,52929.0173,59161.6775,64.73
2024-07-22T14:00+02:00,-1673.75,8188.742922,52624.30305,57798.5075,64.73
2024-07-22T15:00+02:00,693.675,8178.267681,49843.79613,57046.385,64.73
2024-07-22T16:00+02:00,4971.4675,8287.799071,45440.13806,56417.6725,64.73
2024-07-22T17:00+02:00,7845.2075,9181.8413,39433.5781,57263.39,64.73
2024-07-22T18:00+02:00,9870.1375,12836.54391,30747.32085,57173.22,64.73
2024-07-22T19:00+02:00,11178.0975,15879.21622,21150.87237,56164.905,64.73
2024-07-22T20:00+02:00,12930.82,16645.13237,14577.06368,53878.2225,64.73
2024-07-22T21:00+02:00,13559.6775,17003.34139,12370.40364,51837.7825,64.73
2024-07-22T22:00+02:00,12585.25,16765.19505,12652.61448,49591.8375,64.73
2024-07-22T23:00+02:00,12608.165,15574.62954,13883.66582,46329.1875,64.73
2024-07-23T00:00+02:00,11972.5,13837.06745,15168.18874,43450.6175,64.73
2024-07-23T01:00+02:00,11093.085,13535.85563,16127.96058,42166.0475,64.73
2024-07-23T02:00+02:00,9689.2425,13644.03846,16791.51961,40677.175,64.73
2024-07-23T03:00+02:00,10146.125,13586.90533,16748.97969,40571.63,64.73
2024-07-23T04:00+02:00,9647.145,13719.07762,16511.18215,41337.9825,64.73
2024-07-23T05:00+02:00,9678.19,14110.08877,16996.70494,43547.3375,64.73
2024-07-23T06:00+02:00,10305.9825,14733.69165,19010.18743,49414.0825,64.73
2024-07-23T07:00+02:00,9049.3375,15540.36334,22476.05173,54237.8075,64.73
2024-07-23T08:00+02:00,7931.975,15747.81234,26795.05323,57299.625,64.73
2024-07-23T09:00+02:00,6613.235,14622.954,33783.42321,58725.275,64.73
2024-07-23T10:00+02:00,5880.255,11851.34574,40888.34641,60475.8625,64.73
2024-07-23T11:00+02:00,5507.2025,9987.7639,44659.26459,60902.2625,64.73
2024-07-23T12:00+02:00,5147.4875,9262.876565,45585.97509,60164.6575,64.73
2024-07-23T13:00+02:00,5800.4,8768.937384,46514.72116,59266.5425,64.73
2024-07-23T14:00+02:00,5523.6675,8554.680297,45989.73158,58103.325,64.73
2024-07-23T15:00+02:00,5955.5025,8673.452578,43121.49787,57232.4675,64.73
2024-07-23T16:00+02:00,5441.61,10257.86241,38978.97666,55954.84,64.73
2024-07-23T17:00+02:00,5457.9675,13327.09751,33376.33946,56098.2625,64.73
2024-07-23T18:00+02:00,7973.9475,15462.48532,27599.34105,56368.57,64.73
2024-07-23T19:00+02:00,8537.075,16873.15771,23273.23434,55725.2975,64.73
2024-07-23T20:00+02:00,8707.4075,17343.8873,19329.62051,53191.72,64.73
2024-07-23T21:00+02:00,7989.2775,17517.70152,17099.85571,51424.885,64.73
2024-07-23T22:00+02:00,6445.04,17344.50812,16839.43555,48494.995,64.73
2024-07-23T23:00+02:00,5094.6075,16746.69049,17563.76223,45251.7575,64.73
2024-07-24T00:00+02:00,7711.7575,15016.95361,18258.85625,43091.01,64.73
2024-07-24T01:00+02:00,8152.4325,13860.53567,18423.64616,41507.715,64.73
2024-07-24T02:00+02:00,9167.875,13861.72878,18951.30715,40880.825,64.73
2024-07-24T03:00+02:00,10292.9175,13805.90738,18976.07962,40812.8775,64.73
2024-07-24T04:00+02:00,9263.8325,14005.59541,18710.26354,41439.31,64.73
2024-07-24T05:00+02:00,9118.2,14879.9252,18897.06866,43939.57,64.73
2024-07-24T06:00+02:00,8672.2825,15823.70001,20251.38195,49547.395,64.73
2024-07-24T07:00+02:00,8361.2325,16326.31712,22518.76806,54207.0125,64.73
2024-07-24T08:00+02:00,8540.675,16089.3773,27160.06632,57744.0925,64.73
2024-07-24T09:00+02:00,8078.8625,15128.19322,33394.53537,58972.725,64.73
2024-07-24T10:00+02:00,7728.5625,12729.21888,38950.67848,59771.84,64.73
2024-07-24T11:00+02:00,6816.4725,10477.35172,43587.81936,60542.1425,64.73
2024-07-24T12:00+02:00,2967.1975,9031.914347,48488.42363,59662.9575,64.73
2024-07-24T13:00+02:00,1897.67,8338.415774,50806.44215,57760.615,64.73
2024-07-24T14:00+02:00,-1495.58,8136.781713,52106.99945,56167.005,64.73
2024-07-24T15:00+02:00,-1766.375,8024.510652,51572.24588,55424.15,64.73
2024-07-24T16:00+02:00,1116.14,8230.386268,47884.44569,54911.8525,64.73
2024-07-24T17:00+02:00,5027.14,9328.973676,41806.27942,55165.9725,64.73
2024-07-24T18:00+02:00,7709.6425,12524.68327,32691.3636,54756.2475,64.73
2024-07-24T19:00+02:00,9208.245,16276.64793,23292.39627,54574.1325,64.73
2024-07-24T20:00+02:00,11005.9325,17517.62515,16303.91282,53042.4575,64.73
2024-07-24T21:00+02:00,10789.7775,17689.22668,13774.70324,51080.3325,64.73
2024-07-24T22:00+02:00,10062.38,17608.66359,13304.74067,48999.1475,64.73
2024-07-24T23:00+02:00,10951.38,17047.26569,13172.84219,45783.0525,64.73
2024-07-25T00:00+02:00,11147.4825,16435.21838,12480.47398,43334.4475,64.73
2024-07-25T01:00+02:00,10867.7725,16312.29581,11513.02387,41599.835,64.73
2024-07-25T02:00+02:00,11398.1375,15899.53127,10885.43615,40436.4875,64.73
2024-07-25T03:00+02:00,13644.7225,15653.13159,10436.43497,40311.315,64.73
2024-07-25T04:00+02:00,13216.955,15999.67293,10428.30586,40917.865,64.73
2024-07-25T05:00+02:00,13580.0525,16420.50019,11066.25433,43374.67,64.73
2024-07-25T06:00+02:00,13654.385,16747.59708,13571.58614,48967.6375,64.73
2024-07-25T07:00+02:00,12230.655,16242.42137,19553.62594,53719.2175,64.73
2024-07-25T08:00+02:00,8697.045,14577.68553,27985.58312,56795.7825,64.73
2024-07-25T09:00+02:00,7340.165,11589.91626,37036.14411,57087.03,64.73
2024-07-25T10:00+02:00,5804.69,9005.582326,43719.81524,57012.985,64.73
2024-07-25T11:00+02:00,3695.0075,8490.0127,47767.26717,57703.43,64.73
2024-07-25T12:00+02:00,1658.05,8351.049525,49919.29347,57394.7125,64.73
2024-07-25T13:00+02:00,-399.04,8259.565476,50581.37,56078.32,64.73
2024-07-25T14:00+02:00,-1144.2425,8254.742708,48616.39291,55278.2125,64.73
2024-07-25T15:00+02:00,1555.5025,8331.048714,44629.63311,54678.03,64.73
2024-07-25T16:00+02:00,5837.0025,9542.551381,38666.5327,53848.4375,64.73
2024-07-25T17:00+02:00,8089.36,12803.92783,30853.02063,54999.325,64.73
2024-07-25T18:00+02:00,8607.4175,17236.03934,22764.18463,55209.3825,64.73
2024-07-25T19:00+02:00,11035.0675,18567.54754,17162.24408,54614.6375,64.73
2024-07-25T20:00+02:00,11399.7325,18816.19239,14228.77057,53021.3275,64.73
2024-07-25T21:00+02:00,11281.835,18154.56361,13511.36678,51656.05,64.73
2024-07-25T22:00+02:00,9490.9,17605.10276,13968.52138,48748.6375,64.73
2024-07-25T23:00+02:00,10687.9475,16645.78464,14225.47496,45392.0325,64.73
2024-07-26T00:00+02:00,9307.33,15497.92672,15874.68811,42949.8125,64.73
2024-07-26T01:00+02:00,10407.6625,13921.63753,16811.2988,41237.53,64.73
2024-07-26T02:00+02:00,10046.9275,13448.57013,16739.13204,40546.4725,64.73
2024-07-26T03:00+02:00,10421.8,13551.08419,16664.27579,40503.995,64.73
2024-07-26T04:00+02:00,10505.1025,13458.95238,17013.92679,41127.8475,64.73
2024-07-26T05:00+02:00,10567.0225,13901.5089,17918.14665,43775.465,64.73
2024-07-26T06:00+02:00,10377.25,15258.35007,20307.26731,49398.605,64.73
2024-07-26T07:00+02:00,9435.8675,15420.55625,23020.53503,54579.5875,64.73
2024-07-26T08:00+02:00,10070.005,15280.20684,26447.85832,57813.6875,64.73
2024-07-26T09:00+02:00,10432.5925,14076.98203,30584.29862,59385.21,64.73
2024-07-26T10:00+02:00,10569.7575,12266.76575,33523.96771,60465.265,64.73
2024-07-26T11:00+02:00,10944,11372.96467,35291.51094,60292.8625,65.93
2024-07-26T12:00+02:00,10604.5525,11003.86799,37043.3682,59099.2725,66.33
2024-07-26T13:00+02:00,10530.575,9905.78493,38710.38582,57833.8825,66.33
2024-07-26T14:00+02:00,9217.3075,9410.682677,39325.11241,56623.08,66.33
2024-07-26T15:00+02:00,8202.325,9440.771407,39777.58679,55821.4975,66.33
2024-07-26T16:00+02:00,8981.8275,10020.66842,36587.92225,53992.4025,66.33
2024-07-26T17:00+02:00,9287.6275,12324.71072,31074.38268,54014.1875,66.33
2024-07-26T18:00+02:00,11022.7825,15599.75033,23911.40911,54295.8825,66.33
2024-07-26T19:00+02:00,10719.935,17727.37354,17109.57872,52888.7875,66.33
2024-07-26T20:00+02:00,10574.225,17955.32613,12395.93669,50522.835,66.33
2024-07-26T21:00+02:00,10336.5175,17931.28201,10990.88997,48851.875,66.33
2024-07-26T22:00+02:00,9642.2775,17708.89155,10598.63432,46494.2175,66.33
2024-07-26T23:00+02:00,9602.07,17384.91524,10112.57289,43592.7625,66.33
2024-07-27T00:00+02:00,9277.74,16690.54233,9779.960507,40208.3475,66.33
2024-07-27T01:00+02:00,9551.78,16364.67317,9572.835874,38627.1975,66.33
2024-07-27T02:00+02:00,9421.985,16238.62411,9266.900833,37387.24,66.33
2024-07-27T03:00+02:00,10166.91,15737.92789,8705.781201,36828.0175,66.33
2024-07-27T04:00+02:00,10217.6875,15466.25322,8499.437362,36882.34,66.33
2024-07-27T05:00+02:00,11018.16,15064.68303,8635.192266,37616.8575,66.33
2024-07-27T06:00+02:00,12276.45,14457.21876,9664.345837,39095.625,66.33
2024-07-27T07:00+02:00,12858.9025,13540.52792,12837.17612,41596.68,66.33
2024-07-27T08:00+02:00,12908.61,12485.13216,17301.19555,44914.2675,66.33
2024-07-27T09:00+02:00,12861.4975,10853.66404,22682.97027,47648.8725,66.33
2024-07-27T10:00+02:00,13269.3675,9082.909208,28484.01566,49615.8825,66.33
2024-07-27T11:00+02:00,12626.44,7650.628492,32458.8426,50458.475,66.33
2024-07-27T12:00+02:00,9649.4725,7341.521308,34007.15613,49160.425,66.33
2024-07-27T13:00+02:00,7557.6325,7464.675502,34188.55433,47940.0525,66.33
2024-07-27T14:00+02:00,7587.2475,8094.381947,32149.13696,46949.17,66.33
2024-07-27T15:00+02:00,10531.755,8800.495247,28002.44218,46807.98,66.33
2024-07-27T16:00+02:00,10232.7825,11150.54828,23258.59985,46125.485,66.33
2024-07-27T17:00+02:00,11047.1325,13543.55937,19110.11578,46899.075,66.33
2024-07-27T18:00+02:00,9854.5025,15163.09643,15168.61878,47518.405,66.33
2024-07-27T19:00+02:00,10690.78,15723.20099,12464.95674,46321.9575,66.33
2024-07-27T20:00+02:00,11211.4075,15975.15328,10876.58929,44530.78,66.33
2024-07-27T21:00+02:00,9808.25,16023.60094,10848.97501,43387.64,66.33
2024-07-27T22:00+02:00,8384.885,15799.46676,11349.23397,41633.9475,66.33
2024-07-27T23:00+02:00,8216.4625,14832.65185,12209.69445,39477.48,66.33
2024-07-28T00:00+02:00,8982.775,12821.60978,13204.0175,36642.7575,66.33
2024-07-28T01:00+02:00,7812.9475,11664.26549,13923.53662,35451.3625,66.33
2024-07-28T02:00+02:00,7803.965,11054.66608,14930.09283,34356.4375,66.33
2024-07-28T03:00+02:00,7373.8475,9974.212566,16263.4566,34149.6525,66.33
2024-07-28T04:00+02:00,6762.475,9518.899235,17337.76248,34471.3425,66.33
2024-07-28T05:00+02:00,5856.865,9722.203398,18346.02593,34523.8025,66.33
2024-07-28T06:00+02:00,6379.415,9226.167807,20116.12355,35078.9775,66.33
2024-07-28T07:00+02:00,7288.5925,8432.320848,22210.88034,37099.8225,66.33
2024-07-28T08:00+02:00,8498.55,7009.885831,24962.68798,39922.3825,66.33
2024-07-28T09:00+02:00,4570.1725,6639.454297,31221.24885,42585.015,66.33
2024-07-28T10:00+02:00,-673.5675,6599.079326,39526.65619,44411.955,66.33
2024-07-28T11:00+02:00,-3724.2375,6582.172398,45023.17938,45352.24,66.33
2024-07-28T12:00+02:00,-8493.6675,6506.44647,48745.40692,44536.4575,66.33
2024-07-28T13:00+02:00,-8408.7125,6431.99154,47937.06402,43006.635,66.33
2024-07-28T14:00+02:00,-7984.5,6395.406164,45837.70825,41268.455,66.33
2024-07-28T15:00+02:00,-9703.8475,6405.725065,46591.39049,40928.8225,66.33
2024-07-28T16:00+02:00,-8712.6525,6455.716932,45408.33736,41109.8475,66.33
2024-07-28T17:00+02:00,-2193.355,6517.56701,40071.6903,42409.4575,66.33
2024-07-28T18:00+02:00,3373.8125,7735.832817,34025.41917,45244.8475,66.33
2024-07-28T19:00+02:00,7184.8775,10892.3094,24621.1638,45735.69,66.33
2024-07-28T20:00+02:00,7474.085,12666.85479,17930.89842,45124.2225,66.33
2024-07-28T21:00+02:00,7409.015,13208.53209,16467.94059,45324.455,66.33
2024-07-28T22:00+02:00,7896.1625,13218.57743,16802.40569,44683.835,66.33
2024-07-28T23:00+02:00,8730.385,12977.30165,16863.8514,42073.2125,66.33
2024-07-29T00:00+02:00,9508.4275,12043.37683,16242.53395,37835.1325,66.33
2024-07-29T01:00+02:00,10026.9875,11025.50749,15474.00557,36392.37,66.33
2024-07-29T02:00+02:00,10156.9125,11010.11598,14667.55009,35550.37,66.33
2024-07-29T03:00+02:00,10842.8075,10946.81469,14169.66733,35516.4275,66.33
2024-07-29T04:00+02:00,11865.24,11254.67238,13962.47209,36818.8425,66.33
2024-07-29T05:00+02:00,12071.8475,11936.43614,14251.49325,39562.7,66.33
2024-07-29T06:00+02:00,11934.48,12496.85167,15950.40263,45270.4125,66.33
2024-07-29T07:00+02:00,12531.145,11979.82843,20851.65628,51005.445,66.33
2024-07-29T08:00+02:00,10755.625,10599.64718,28614.36123,54008.6075,66.33
2024-07-29T09:00+02:00,6745.1825,9293.380673,37484.84548,54014.4025,66.33
2024-07-29T10:00+02:00,3023.26,8480.900486,45144.30135,54018.745,66.33
2024-07-29T11:00+02:00,1449.9225,8280.3364,49486.96266,53858.035,66.33
2024-07-29T12:00+02:00,-2869.705,8278.66741,52815.87631,53454.1125,66.33
2024-07-29T13:00+02:00,-3876.0425,8078.460229,53310.68297,53087.4025,66.33
2024-07-29T14:00+02:00,-3902.775,8010.089327,51837.61185,51723.675,66.33
2024-07-29T15:00+02:00,-1702.2225,7978.050978,47780.10113,51064.89,66.33
2024-07-29T16:00+02:00,2132.2025,8231.332897,42177.53195,50858.28,66.33
2024-07-29T17:00+02:00,7249.535,9839.462564,33808.04349,51437.185,66.33
2024-07-29T18:00+02:00,11422.3075,14748.30398,23680.3697,51879.875,66.33
2024-07-29T19:00+02:00,12595.06,18169.16299,15380.46254,52031.7825,66.33
2024-07-29T20:00+02:00,12594.75,19078.16076,11451.7058,50869.37,66.33
2024-07-29T21:00+02:00,12257.725,19188.40041,10875.36475,49281.52,66.33
2024-07-29T22:00+02:00,9533.44,19202.35873,11834.60254,46278.7675,66.33
2024-07-29T23:00+02:00,9021.48,18222.91284,12567.7045,42500.595,66.33
2024-07-30T00:00+02:00,10877.3,16297.52381,12666.84918,40137.715,66.33
2024-07-30T01:00+02:00,11804.3375,15307.00385,12650.8944,38728.3375,66.33
2024-07-30T02:00+02:00,11518.8125,15165.78814,12242.51795,37977.055,66.33
2024-07-30T03:00+02:00,10752.2725,15551.89381,11562.07422,37554.36,66.33
2024-07-30T04:00+02:00,10759.31,16193.39092,11265.18358,38138.235,66.33
2024-07-30T05:00+02:00,11204.7475,16967.18536,11365.29448,40839.6,66.33
2024-07-30T06:00+02:00,11056.4475,17242.62168,13623.1721,46325.9725,66.33
2024-07-30T07:00+02:00,10939.4275,17157.51442,19164.60412,51561.5125,66.33
2024-07-30T08:00+02:00,8436.1775,15927.74673,26569.01347,54690.405,66.33
2024-07-30T09:00+02:00,7819.5675,11925.94596,34850.65135,55608.2575,66.33
2024-07-30T10:00+02:00,5968.105,9417.528673,42317.71279,55831.8575,66.33
2024-07-30T11:00+02:00,2399.305,9207.328609,47825.23135,56365.9375,66.33
2024-07-30T12:00+02:00,-2138.78,9043.737209,50304.46639,55439.855,66.33
2024-07-30T13:00+02:00,-2430.04,9119.793562,50371.02433,54467.9225,66.33
2024-07-30T14:00+02:00,-782.515,9280.871279,48510.67294,53431.8625,66.33
2024-07-30T15:00+02:00,1611.57,9242.312112,44574.59064,52945.1,66.33
2024-07-30T16:00+02:00,4566.2025,10195.6649,38474.66597,52337.76,66.33
2024-07-30T17:00+02:00,7688.3825,14058.10495,30723.66495,53118.8225,66.33
2024-07-30T18:00+02:00,10189.825,18775.51934,21470.26424,53571.4175,66.33
2024-07-30T19:00+02:00,10460.195,21671.51883,14030.13448,53347.3275,66.33
2024-07-30T20:00+02:00,10371.23,22201.52625,10450.66412,51896.1325,66.33
2024-07-30T21:00+02:00,9363.01,22226.54267,9736.341199,50224.4475,66.33
2024-07-30T22:00+02:00,9835.9425,21883.60858,10052.50853,47749.8325,66.33
2024-07-30T23:00+02:00,9248.8775,21273.71137,10372.53459,44431.8275,66.33
2024-07-31T00:00+02:00,8825.0175,20346.16946,10371.4668,41326.91,66.33
2024-07-31T01:00+02:00,10219.1775,19185.95994,10147.48304,39645.0075,66.33
2024-07-31T02:00+02:00,10561.625,19047.68135,9713.535786,38689.4175,66.33
2024-07-31T03:00+02:00,9809.42,19201.69464,9156.895804,38138.2725,66.33
2024-07-31T04:00+02:00,10309.385,19535.82061,8653.984215,38810.515,66.33
2024-07-31T05:00+02:00,10932.4725,20111.96352,8537.181443,42231.5275,66.33
2024-07-31T06:00+02:00,12179.06,20606.47284,10777.12775,47881.5525,66.33
2024-07-31T07:00+02:00,11226.965,20521.6481,16403.14667,53184.6425,66.33
2024-07-31T08:00+02:00,9882.01,18240.70408,24412.17621,56130.61,66.33
2024-07-31T09:00+02:00,9046.4325,14172.30017,33178.22844,57160.5075,66.33
2024-07-31T10:00+02:00,7141.5975,11607.55041,39671.22051,57939.7175,66.33
2024-07-31T11:00+02:00,6597.8425,10704.18716,43519.21002,59429.575,66.33
2024-07-31T12:00+02:00,5862.995,10110.72072,45266.77295,59285.6875,66.33
2024-07-31T13:00+02:00,4808.7175,10028.92523,44632.24692,57750.755,66.33
2024-07-31T14:00+02:00,5445.915,10104.98321,42655.18834,56234.3375,66.33
2024-07-31T15:00+02:00,7211.1025,11449.92497,38586.34929,55396.035,66.33
2024-07-31T16:00+02:00,9664.8875,13505.1783,32568.91227,54746.67,66.33
2024-07-31T17:00+02:00,10572.1225,16694.95801,26956.73648,55017.73,66.33
2024-07-31T18:00+02:00,9748.075,20102.01832,21325.30802,54911.425,66.33
2024-07-31T19:00+02:00,10034.8475,21662.05379,16569.73937,54705.5475,66.33
2024-07-31T20:00+02:00,11073.775,21972.36306,13848.96032,52854.76,66.33
2024-07-31T21:00+02:00,9066.2075,22103.16513,13256.34602,51066.9525,66.33
2024-07-31T22:00+02:00,8314.2375,22078.57611,12754.81331,48091.37,66.33
2024-07-31T23:00+02:00,8195.245,21611.89941,12855.22648,44815.3625,66.33
2024-08-01T00:00+02:00,6776.21,21958.63292,12791.44757,44247.74,66.33
2024-08-01T01:00+02:00,7125.4825,21331.18781,12361.66338,42449.5225,66.33
2024-08-01T02:00+02:00,7878.3375,20666.6612,11731.04756,41238.6075,66.33
2024-08-01T03:00+02:00,8437.445,20743.32296,11211.96351,41059.725,66.33
2024-08-01T04:00+02:00,8077.015,21333.50086,10879.0132,41754.73,66.33
2024-08-01T05:00+02:00,8700.9625,22370.32278,11090.92696,44452.4775,66.33
2024-08-01T06:00+02:00,9073.305,22727.12326,12944.29623,50008.9025,66.33
2024-08-01T07:00+02:00,10162.485,22206.59797,17342.75539,55334.91,66.33
2024-08-01T08:00+02:00,8097.18,21087.57366,23666.93953,58745.995,66.33
2024-08-01T09:00+02:00,6295.815,18418.22676,31020.15528,60658.8,66.33
2024-08-01T10:00+02:00,6031.8025,16564.08215,37001.31065,61800.2325,66.33
2024-08-01T11:00+02:00,6222.3775,14800.76065,39840.76698,63135.515,66.33
2024-08-01T12:00+02:00,5883.5075,14356.24577,38918.31647,62350.76,66.33
2024-08-01T13:00+02:00,6758.43,16206.44038,36711.60949,61580.3775,66.33
2024-08-01T14:00+02:00,7201.355,16461.94715,34990.94613,59936.0175,66.33
2024-08-01T15:00+02:00,9203.8175,16425.66318,32258.39865,59070.4975,66.33
2024-08-01T16:00+02:00,8346.58,17528.2098,28577.39332,57876.0775,66.33
2024-08-01T17:00+02:00,7858.5475,20230.92767,24503.53743,57956.01,66.33
2024-08-01T18:00+02:00,8319.2725,22106.85663,20953.24223,58007.265,66.33
2024-08-01T19:00+02:00,7274.87,22923.59516,18261.2793,56626.09,66.33
2024-08-01T20:00+02:00,6065.2675,23084.56851,15788.729,54267.62,66.33
2024-08-01T21:00+02:00,6092.845,22810.64793,15361.3902,52601.9375,66.33
2024-08-01T22:00+02:00,4861.4275,22506.07243,15084.08911,49703.3,66.33
2024-08-01T23:00+02:00,5956.68,21369.64542,14373.03015,46289.4325,66.33
2024-08-02T00:00+02:00,5217.8625,20317.2867,13423.83259,43758.3325,66.33
2024-08-02T01:00+02:00,6235.2425,19766.4155,12913.37409,42127.535,66.33
2024-08-02T02:00+02:00,7382.8475,19203.70794,12566.34613,41673.3925,66.33
2024-08-02T03:00+02:00,8430.845,19246.47313,12145.80722,41281.3975,66.33
2024-08-02T04:00+02:00,7981.43,19399.27719,12130.50371,41738.6725,66.33
2024-08-02T05:00+02:00,8607.3025,20130.89001,12791.0213,44473.975,66.33
2024-08-02T06:00+02:00,9303.265,21260.37294,14227.06456,49862.9925,66.33
2024-08-02T07:00+02:00,8707.1325,21530.31676,16712.50168,54380.7775,66.33
2024-08-02T08:00+02:00,8315.9325,21537.63226,19754.70933,57552.0925,66.33
2024-08-02T09:00+02:00,9569.1075,20213.29704,23555.09791,58240.635,66.33
2024-08-02T10:00+02:00,10241.92,17568.40906,27803.97081,59062.8925,66.33
2024-08-02T11:00+02:00,10065.06,16251.77986,32481.66309,59644.9775,68.9025
2024-08-02T12:00+02:00,7767.2675,14412.89932,34976.65509,59030.0175,69.76
2024-08-02T13:00+02:00,6540.5,13426.10804,36350.47194,56457.16,69.76
2024-08-02T14:00+02:00,7250.3475,12326.53689,36699.45693,54607.7375,69.76
2024-08-02T15:00+02:00,7474.1075,12793.89343,35559.88328,54242.8275,69.76
2024-08-02T16:00+02:00,8694.8125,13577.31712,32219.34731,53481.3325,69.76
2024-08-02T17:00+02:00,7846.7875,15967.65098,27325.39997,53521.3175,69.76
2024-08-02T18:00+02:00,9430.67,19699.28103,20494.55561,53867.26,69.76
2024-08-02T19:00+02:00,9978.295,21532.82984,13723.2324,52746.8525,69.76
2024-08-02T20:00+02:00,9130.785,21792.86448,10218.00716,50874.615,69.76
2024-08-02T21:00+02:00,9298.7575,21589.14096,9430.814627,49210.4425,69.76
2024-08-02T22:00+02:00,7986.1875,21369.17029,9338.9294,46752.355,69.76
2024-08-02T23:00+02:00,9133.275,19841.63262,9232.713914,43757.5125,69.76
2024-08-03T00:00+02:00,9769.535,18620.54023,9303.566925,41178.4075,69.76
2024-08-03T01:00+02:00,10313.64,17215.08903,9303.559587,39589.245,69.76
2024-08-03T02:00+02:00,11297.325,15390.32036,9344.780241,38628.58,69.76
2024-08-03T03:00+02:00,11214.16,14605.3102,9596.997635,37980.4675,69.76
2024-08-03T04:00+02:00,11103.74,14475.02914,9792.974304,38032.0775,69.76
2024-08-03T05:00+02:00,11092.7425,14295.54958,10174.28216,38332.3125,69.76
2024-08-03T06:00+02:00,10673.23,14293.8794,11563.75154,39312.615,69.76
2024-08-03T07:00+02:00,10535.0875,12378.52114,15894.70514,41080.7975,69.76
2024-08-03T08:00+02:00,9815.7475,9943.543316,22369.81412,44155.2025,69.76
2024-08-03T09:00+02:00,8370.5925,7699.043779,30295.57953,47202.1325,69.76
2024-08-03T10:00+02:00,5259.475,7100.37659,36962.69867,48672.8975,69.76
2024-08-03T11:00+02:00,1830.45,6766.402744,41148.70271,48819.1125,69.76
2024-08-03T12:00+02:00,263.6575,6581.495097,43275.92505,47737.005,69.76
2024-08-03T13:00+02:00,-299.23,6658.547541,42928.60426,46340.8825,69.76
2024-08-03T14:00+02:00,-1454.44,6652.186057,41889.52363,45799.6925,69.76
2024-08-03T15:00+02:00,515.2,6699.725638,39121.37881,45368.68,69.76
2024-08-03T16:00+02:00,4556.225,7011.099078,34812.82924,44741.06,69.76
2024-08-03T17:00+02:00,8074.1,8357.343439,28979.38896,45452.595,69.76
2024-08-03T18:00+02:00,9808.9975,11300.14981,21496.64505,46249.7225,69.76
2024-08-03T19:00+02:00,11855.0875,12349.06655,15876.68733,46109.2225,69.76
2024-08-03T20:00+02:00,12849.23,12488.91223,12521.59855,44688.015,69.76
2024-08-03T21:00+02:00,12029.0925,12621.84313,11423.06872,44024.8325,69.76
2024-08-03T22:00+02:00,10864.05,12596.63959,11844.77025,42417.76,69.76
2024-08-03T23:00+02:00,9270.1925,12424.58453,12191.13817,39913.9075,69.76
2024-08-04T00:00+02:00,10198.545,12027.16716,12329.09197,38265.255,69.76
2024-08-04T01:00+02:00,10151.2775,11365.8748,12745.58204,36656.3225,69.76
2024-08-04T02:00+02:00,8664.1125,11075.85928,14039.37628,36122.8875,69.76
2024-08-04T03:00+02:00,7948.0525,11013.70073,15129.30764,35585.115,69.76
2024-08-04T04:00+02:00,7180.99,10715.09764,15832.21747,35416.62,69.76
2024-08-04T05:00+02:00,6988.235,10455.55561,16806.32137,35421.3,69.76
2024-08-04T06:00+02:00,6730.9175,10274.4887,18239.07696,35844.645,69.76
2024-08-04T07:00+02:00,6901.1375,9649.88403,21305.29517,37664.115,69.76
2024-08-04T08:00+02:00,6172.36,8021.866459,26073.85,40605.76,69.76
2024-08-04T09:00+02:00,4625.3325,6781.707418,33266.93209,43841.64,69.76
2024-08-04T10:00+02:00,927.6725,6478.322326,39142.2039,45526.145,69.76
2024-08-04T11:00+02:00,-3363.685,6453.202935,43710.26287,46941.54,69.76
2024-08-04T12:00+02:00,-5827.08,6444.979132,46186.41761,46273.73,69.76
2024-08-04T13:00+02:00,-8562.695,6442.35867,47682.25455,44589.105,69.76
2024-08-04T14:00+02:00,-8769.435,6425.379437,47599.03676,44451.3925,69.76
2024-08-04T15:00+02:00,-7802.1525,6496.316371,46136.31393,44258.9625,69.76
2024-08-04T16:00+02:00,-3169.6275,6607.490636,41710.32454,43709.07,69.76
2024-08-04T17:00+02:00,1786.8925,7067.55724,35494.39896,44609.1775,69.76
2024-08-04T18:00+02:00,5524.255,9932.529996,28091.82315,45160.965,69.76
2024-08-04T19:00+02:00,5893.2825,12880.83738,21211.47291,45457.585,69.76
2024-08-04T20:00+02:00,7536.0325,14380.92214,16301.23338,45414.48,69.76
2024-08-04T21:00+02:00,7792.25,15170.64454,14587.89995,45461.435,69.76
2024-08-04T22:00+02:00,7895.9375,15375.77857,14400.04289,43932.47,69.76
2024-08-04T23:00+02:00,8738.7675,15218.83254,14111.69353,41979.925,69.76
2024-08-05T00:00+02:00,7882.7525,15016.13404,13628.03119,40036.0475,69.76
2024-08-05T01:00+02:00,8699.46,14436.00822,13040.29985,39055.9475,69.76
2024-08-05T02:00+02:00,9288.2025,14110.91152,12590.31529,38153.815,69.76
2024-08-05T03:00+02:00,10409.975,14115.24128,12518.07667,38637.0525,69.76
2024-08-05T04:00+02:00,10391.5,14488.66153,12250.12207,39883.4375,69.76
2024-08-05T05:00+02:00,11514.3975,15559.97136,11857.19876,43288.44,69.76
2024-08-05T06:00+02:00,11472.665,16478.07133,12517.18556,49065.4225,69.76
2024-08-05T07:00+02:00,10911.9,16697.17804,15185.93323,53748.94,69.76
2024-08-05T08:00+02:00,11164.3825,16639.47754,19564.3928,57074.5125,69.76
2024-08-05T09:00+02:00,9723.7825,15427.75652,25915.25474,58325.4775,69.76
2024-08-05T10:00+02:00,8765.3275,12953.88706,32777.02269,58385.7525,69.76
2024-08-05T11:00+02:00,8754.4825,10024.7197,38775.97645,58618.9625,69.76
2024-08-05T12:00+02:00,7284.8475,8204.286908,42879.16635,57799.6275,69.76
2024-08-05T13:00+02:00,4587.565,7944.838133,44748.0132,56208.265,69.76
2024-08-05T14:00+02:00,1875.84,8372.298219,44581.64958,54351.105,69.76
2024-08-05T15:00+02:00,2504.0625,8782.347923,42237.01863,53412.61,69.76
2024-08-05T16:00+02:00,5757.0725,10235.06784,37012.758,53061.625,69.76
2024-08-05T17:00+02:00,7209.4175,13649.86819,29602.08786,53801.215,69.76
2024-08-05T18:00+02:00,9632.81,18853.57233,20623.18001,54583.21,69.76
2024-08-05T19:00+02:00,10143.5525,21520.77277,13384.64941,54297.355,69.76
2024-08-05T20:00+02:00,10825.71,21950.95539,9933.322157,52892.58,69.76
2024-08-05T21:00+02:00,10156.87,22003.66842,9405.575879,51549.6575,69.76
2024-08-05T22:00+02:00,9022.8825,21549.06453,9894.256016,48639.77,69.76
2024-08-05T23:00+02:00,8421.9125,20729.27278,10449.55846,45335.41,69.76
2024-08-06T00:00+02:00,8235.94,19808.68505,10889.14309,42983.2225,69.76
2024-08-06T01:00+02:00,7348.2725,18945.79451,11279.93023,41335.72,69.76
2024-08-06T02:00+02:00,7498.7525,18211.17739,11351.22717,40488.3625,69.76
2024-08-06T03:00+02:00,7843.4975,17861.59441,11238.21382,40501.855,69.76
2024-08-06T04:00+02:00,8439.24,18104.49402,10934.56317,41157.9475,69.76
2024-08-06T05:00+02:00,9652.0875,18937.53224,10961.22377,43925.3925,69.76
2024-08-06T06:00+02:00,10495.3225,19364.9482,12429.15879,49654.06,69.76
2024-08-06T07:00+02:00,8781.37,19164.89618,17759.68542,54320.1825,69.76
2024-08-06T08:00+02:00,7494.46,16974.54794,25566.62441,56914.195,69.76
2024-08-06T09:00+02:00,6930.2075,12265.3734,34533.93895,57636.4575,69.76
2024-08-06T10:00+02:00,4338.9125,9329.834028,42416.87165,58028.1375,69.76
2024-08-06T11:00+02:00,-220.6475,8724.795871,47731.45915,57685.905,69.76
2024-08-06T12:00+02:00,-2503.81,8604.677898,50423.28995,57051.61,69.76
2024-08-06T13:00+02:00,-2386.7,8348.649206,50451.18299,56048.625,69.76
2024-08-06T14:00+02:00,-2089.04,8285.729979,48535.1667,55330.5675,69.76
2024-08-06T15:00+02:00,1408.2575,8587.485596,44359.70741,54584.5175,69.76
2024-08-06T16:00+02:00,5258.3225,10266.25688,38074.43794,53967.8,69.76
2024-08-06T17:00+02:00,7468.4825,14588.78892,30332.07138,54618.9025,69.76
2024-08-06T18:00+02:00,8873.1875,19412.92654,21262.19849,55246.27,69.76
2024-08-06T19:00+02:00,10629.57,21565.35424,14090.63176,55604.165,69.76
2024-08-06T20:00+02:00,9895.9,22100.48381,11656.08753,54402.06,69.76
2024-08-06T21:00+02:00,8930.6375,21838.04898,12523.05802,53007.2075,69.76
2024-08-06T22:00+02:00,6868.13,20777.18427,13884.94179,49965.4975,69.76
2024-08-06T23:00+02:00,7426.3,20134.10997,14112.87028,46493.1575,69.76
2024-08-07T00:00+02:00,7495.68,18143.68103,14208.68326,44055.4325,69.76
2024-08-07T01:00+02:00,7471.2625,17301.2205,14271.93794,42717.09,69.76
2024-08-07T02:00+02:00,9185.2625,16772.06888,13685.01791,41977.3425,69.76
2024-08-07T03:00+02:00,9252.165,17003.02881,13011.29476,41767.455,69.76
2024-08-07T04:00+02:00,9578.92,16964.66149,12537.08476,42722.2225,69.76
2024-08-07T05:00+02:00,9963.2125,17432.24404,12313.61886,45140.05,69.76
2024-08-07T06:00+02:00,10633.365,17655.26786,13848.76416,50035.8425,69.76
2024-08-07T07:00+02:00,10435.395,17560.00825,18460.23516,54675.5375,69.76
2024-08-07T08:00+02:00,10787.105,17111.73115,24139.60172,57985.695,69.76
2024-08-07T09:00+02:00,8977.6525,15090.04136,30531.31757,58404.71,69.76
2024-08-07T10:00+02:00,9458.9975,13437.27188,36035.05113,59219.53,69.76
2024-08-07T11:00+02:00,10116.6575,12775.67468,38561.19466,60381.3275,69.76
2024-08-07T12:00+02:00,7739.36,12715.96478,40142.75965,60352.08,69.76
2024-08-07T13:00+02:00,9653.8225,11686.03582,39730.65231,59448.175,69.76
2024-08-07T14:00+02:00,9222.2025,11572.83386,37605.67888,57291.5175,69.76
2024-08-07T15:00+02:00,10612.6475,12733.184,34942.6954,56442.8075,69.76
2024-08-07T16:00+02:00,9354.065,14482.22443,32297.52072,56092.7125,69.76
2024-08-07T17:00+02:00,6868.3675,17380.3998,27986.49837,57153.655,69.76
2024-08-07T18:00+02:00,8432.035,18947.37809,22784.93079,57540.365,69.76
2024-08-07T19:00+02:00,8987.955,20272.16135,18138.20803,56690.5725,69.76
2024-08-07T20:00+02:00,9283.27,20356.82673,14088.0289,55010.42,69.76
2024-08-07T21:00+02:00,9688.9275,20349.42677,13006.28352,53750.2625,69.76
2024-08-07T22:00+02:00,7934.4975,20307.49008,12930.828,50346.505,69.76
2024-08-07T23:00+02:00,8065.0675,19976.14653,12653.12418,46538.5175,69.76
2024-08-08T00:00+02:00,8799.6325,18585.17546,11909.74682,43853.9525,69.76
2024-08-08T01:00+02:00,10074.3125,17466.52574,11631.17128,42267.8,69.76
2024-08-08T02:00+02:00,9802.2575,17378.17354,11740.22837,41527.625,69.76
2024-08-08T03:00+02:00,10256.205,17511.54167,11477.74024,41054.73,69.76
2024-08-08T04:00+02:00,10103.2725,17607.51252,11523.13,42304.615,69.76
2024-08-08T05:00+02:00,11142.72,18015.72241,12171.90412,45443.375,69.76
2024-08-08T06:00+02:00,11068.6475,18693.14583,14302.79461,50757.525,69.76
2024-08-08T07:00+02:00,11026.97,18863.70059,16864.18498,55291.405,69.76
2024-08-08T08:00+02:00,12103.3975,18500.10192,19913.55973,58429.79,69.76
2024-08-08T09:00+02:00,11870.5525,17150.67003,24139.97857,59542.9,69.76
2024-08-08T10:00+02:00,12178.745,14120.99879,29052.86592,58935.63,69.76
2024-08-08T11:00+02:00,12733.2675,11499.52806,35214.26465,59690.9775,69.76
2024-08-08T12:00+02:00,10853.86,9448.147729,39947.63353,59937.6425,69.76
2024-08-08T13:00+02:00,6223.5275,8953.520661,42009.95285,58765.2625,69.76
2024-08-08T14:00+02:00,5347.37,8905.090133,43637.21357,56714.47,69.76
2024-08-08T15:00+02:00,6045.905,8975.10706,41965.11953,55341.3325,69.76
2024-08-08T16:00+02:00,8127.7425,9652.436515,37348.39216,54321.1,69.76
2024-08-08T17:00+02:00,8809.45,12580.70675,30278.44509,54470.4075,69.76
2024-08-08T18:00+02:00,10232.145,16640.74298,22195.35805,55321.26,69.76
2024-08-08T19:00+02:00,11666.75,19124.55393,14728.01233,54979.1325,69.76
2024-08-08T20:00+02:00,12404.475,19825.40242,10896.37377,53469.03,69.76
2024-08-08T21:00+02:00,12161.075,19691.1885,10169.00688,52242.0875,69.76
2024-08-08T22:00+02:00,11363.48,19165.32579,10796.61177,49032.545,69.76
2024-08-08T23:00+02:00,11419.86,16697.17484,13206.50553,45372.0675,69.76
2024-08-09T00:00+02:00,10372.765,14046.8114,16092.1064,43203.4575,69.76
2024-08-09T01:00+02:00,10006.1225,12349.83452,18962.66073,41770.585,69.76
2024-08-09T02:00+02:00,9281.7525,10990.35402,20493.05401,40724.765,69.76
2024-08-09T03:00+02:00,9314.865,10377.95707,22015.67595,40620.7675,69.76
2024-08-09T04:00+02:00,8899.8825,10356.8946,23670.50927,41354.46,69.76
2024-08-09T05:00+02:00,8622.2975,10158.31864,25692.39167,44170.0625,69.76
2024-08-09T06:00+02:00,8755.895,10558.64728,29924.12115,49870.215,69.76
2024-08-09T07:00+02:00,7690.0725,9328.526477,35237.76163,54313.945,69.76
2024-08-09T08:00+02:00,8366.81,7705.547044,41005.28747,57460.475,69.76
2024-08-09T09:00+02:00,3534.67,7733.633093,47601.23604,58929.9875,69.76
2024-08-09T10:00+02:00,-417.33,7315.55959,53333.13949,60320.195,69.76
2024-08-09T11:00+02:00,-5323.445,7732.21588,58244.70321,60861.4,70.285
2024-08-09T12:00+02:00,-7166.49,7861.858075,59864.1671,60575.9425,70.46
2024-08-09T13:00+02:00,-6464.985,7884.221595,58865.9434,59341.49,70.46
2024-08-09T14:00+02:00,-7178.5625,7962.167855,57988.45452,58046.8025,70.46
2024-08-09T15:00+02:00,-6272.36,7788.293773,55726.81878,57372.04,70.46
2024-08-09T16:00+02:00,-3643.3925,7929.914679,52347.38301,56511.5375,70.46
2024-08-09T17:00+02:00,-161.815,8133.061283,48668.33153,56633.38,70.46
2024-08-09T18:00+02:00,4780.0425,8394.560386,41492.73442,56823.565,70.46
2024-08-09T19:00+02:00,7322.5125,9963.290324,33391.83729,55323.755,70.46
2024-08-09T20:00+02:00,5917.855,10488.15558,27775.15262,52874.1425,70.46
2024-08-09T21:00+02:00,6510.225,10375.31642,25237.05368,50714.76,70.46
2024-08-09T22:00+02:00,6666.8075,10363.66378,23697.79714,47759.43,70.46
2024-08-09T23:00+02:00,6465.09,10241.72642,22131.88161,44663.28,70.46
2024-08-10T00:00+02:00,6734.0525,9806.299738,21814.92929,42172.0625,70.46
2024-08-10T01:00+02:00,6897.19,9783.865898,20826.45506,40527.9325,70.46
2024-08-10T02:00+02:00,6857.825,9753.730179,20059.6592,39090.9325,70.46
2024-08-10T03:00+02:00,7356.4375,9678.374695,19383.3631,38615.35,70.46
2024-08-10T04:00+02:00,7702.0975,9612.743564,19577.79677,38199.0125,70.46
2024-08-10T05:00+02:00,8374.7025,9256.480904,20257.80421,38750.29,70.46
2024-08-10T06:00+02:00,7744.47,8955.333657,21942.67973,39869.64,70.46
2024-08-10T07:00+02:00,7746.48,7770.445914,26075.22261,42442.42,70.46
2024-08-10T08:00+02:00,6692.8275,6385.664153,32276.5667,46165.395,70.46
2024-08-10T09:00+02:00,961.765,6166.248326,40926.56043,48520.095,70.46
2024-08-10T10:00+02:00,-3538.745,6443.485649,46304.48165,48776.6575,70.46
2024-08-10T11:00+02:00,-6436.2975,6393.909176,50252.96798,48463.415,70.46
2024-08-10T12:00+02:00,-9136.195,6040.141835,52333.18047,47821.2175,70.46
2024-08-10T13:00+02:00,-8380.16,5875.063225,50690.6339,46186.7025,70.46
2024-08-10T14:00+02:00,-8469.0675,5821.74094,49068.35238,44584.0425,70.46
2024-08-10T15:00+02:00,-7929.69,5924.344988,47945.13419,44260.61,70.46
2024-08-10T16:00+02:00,-5543.675,5933.931611,46133.7183,44926.8375,70.46
2024-08-10T17:00+02:00,-1218.1,5975.684861,42615.00923,47029.065,70.46
2024-08-10T18:00+02:00,5092.23,6902.492899,34713.39233,47684.8625,70.46
2024-08-10T19:00+02:00,7893.49,8958.530164,24901.26841,47532.49,70.46
2024-08-10T20:00+02:00,8776.95,9333.973887,19761.08913,46436.08,70.46
2024-08-10T21:00+02:00,8917.595,9291.84132,17981.3434,46014.84,70.46
2024-08-10T22:00+02:00,9334.515,9264.122532,16625.813,44238.8675,70.46
2024-08-10T23:00+02:00,9030.385,9395.988802,15818.00877,41802.0525,70.46
2024-08-11T00:00+02:00,8445.715,9551.615736,15151.75624,39496.81,70.46
2024-08-11T01:00+02:00,9545.54,9309.052563,14375.76857,37834.605,70.46
2024-08-11T02:00+02:00,9747.1925,9261.448686,13978.93473,37005.095,70.46
2024-08-11T03:00+02:00,10226.315,9218.42878,13943.67805,36516.85,70.46
2024-08-11T04:00+02:00,10472.51,9168.140882,13580.04993,36431.0525,70.46
2024-08-11T05:00+02:00,9861.895,9337.705066,13276.17327,36661.6025,70.46
2024-08-11T06:00+02:00,9562.92,9283.887462,14049.60709,37096.83,70.46
2024-08-11T07:00+02:00,9986.595,8453.876377,17973.63643,38486.06,70.46
2024-08-11T08:00+02:00,7915.91,6644.328602,25415.0002,41253.765,70.46
2024-08-11T09:00+02:00,1921.0875,6234.563672,34969.14245,43583.1275,70.46
2024-08-11T10:00+02:00,-3133.8225,6006.258691,40937.14621,44102.5825,70.46
2024-08-11T11:00+02:00,-5987.805,5930.167594,45699.68549,44802.305,70.46
2024-08-11T12:00+02:00,-8884.3325,5933.001702,48484.88808,44236.7325,70.46
2024-08-11T13:00+02:00,-8150.69,5930.89853,47074.14211,42262.75,70.46
2024-08-11T14:00+02:00,-8132.045,5902.857983,45733.39337,41043.965,70.46
2024-08-11T15:00+02:00,-6838.0525,5924.199819,43739.2197,40930.86,70.46
2024-08-11T16:00+02:00,-3765.2025,6251.556334,40092.49861,41528.7075,70.46
2024-08-11T17:00+02:00,3354.5175,6935.387357,32892.23955,43025.2925,70.46
2024-08-11T18:00+02:00,9093.6725,8856.230338,23245.22887,44452.2525,70.46
2024-08-11T19:00+02:00,13093.045,10961.4469,14974.63334,45385.7475,70.46
2024-08-11T20:00+02:00,12486.795,11959.76718,11870.58428,45561.565,70.46
2024-08-11T21:00+02:00,12060.47,12350.3209,12210.0617,45422.8725,70.46
2024-08-11T22:00+02:00,11969.72,12386.99831,13337.37106,44009.9475,70.46
2024-08-11T23:00+02:00,11172.7625,12448.24808,13865.23087,41559.2275,70.46
2024-08-12T00:00+02:00,10830.6475,11867.29481,13420.17593,39670.0675,70.46
2024-08-12T01:00+02:00,10913.6925,11650.3363,13177.60589,38393.5425,70.46
2024-08-12T02:00+02:00,11037.5375,11609.5649,13001.41063,37644.0875,70.46
2024-08-12T03:00+02:00,11403.8925,11683.33112,12869.37633,37801.835,70.46
2024-08-12T04:00+02:00,11483.6175,11922.8535,12941.00251,39029.9125,70.46
2024-08-12T05:00+02:00,11732.9575,12421.57036,13316.09599,41919.8425,70.46
2024-08-12T06:00+02:00,11962.74,13171.36254,15022.05558,48261.615,70.46
2024-08-12T07:00+02:00,12463.35,13388.06509,19474.42559,53673.5125,70.46
2024-08-12T08:00+02:00,12257.795,12274.01915,26510.47625,57541.4825,70.46
2024-08-12T09:00+02:00,8998.0225,9988.974449,34955.86662,57937.3,70.46
2024-08-12T10:00+02:00,8195.8225,7861.134728,42598.89474,58964.6175,70.46
2024-08-12T11:00+02:00,3190.4125,7721.167014,46920.517,59449.5125,70.46
2024-08-12T12:00+02:00,-547.3475,7691.072564,50167.96601,58526.685,70.46
2024-08-12T13:00+02:00,-1018.88,7796.721691,50589.64144,57307.6275,70.46
2024-08-12T14:00+02:00,-1089.62,7826.329315,48838.24619,56200.64,70.46
2024-08-12T15:00+02:00,2341.535,8083.189962,45045.26146,55629.735,70.46
2024-08-12T16:00+02:00,5347.61,9876.410105,39095.92663,55270.91,70.46
2024-08-12T17:00+02:00,6265.55,14026.44851,32030.82207,55784.615,70.46
2024-08-12T18:00+02:00,6916.0075,17863.49258,24286.19462,56672.61,70.46
2024-08-12T19:00+02:00,7750.6275,20381.84028,18276.48958,57264.01,70.46
2024-08-12T20:00+02:00,7536.3475,20664.97099,16257.8921,55765.64,70.46
2024-08-12T21:00+02:00,5152.2825,20679.95006,18743.25067,54906.08,70.46
2024-08-12T22:00+02:00,2985.9525,20291.01465,21137.08912,51811.1925,70.46
2024-08-12T23:00+02:00,2079.67,19211.39676,22409.74608,48655.905,70.46
2024-08-13T00:00+02:00,2928.56,18844.74271,22971.22154,46117.225,70.46
2024-08-13T01:00+02:00,4104.745,18087.49615,22907.0284,44441.8675,70.46
2024-08-13T02:00+02:00,3712.135,17524.9713,22869.88949,43053.735,70.46
2024-08-13T03:00+02:00,4847.4,16613.2474,22045.79698,42650.14,70.46
2024-08-13T04:00+02:00,5326.9575,16193.92368,21737.24984,42890.275,70.46
2024-08-13T05:00+02:00,5875.7575,16378.2365,21455.31412,45769.8825,70.46
2024-08-13T06:00+02:00,7007.8475,16837.62328,22103.22392,51227.6025,70.46
2024-08-13T07:00+02:00,7134.99,16934.93255,24836.67293,55907.595,70.46
2024-08-13T08:00+02:00,6351.5275,16516.90992,29895.99459,59741.465,70.46
2024-08-13T09:00+02:00,5448.73,14579.84373,36669.4311,60740.55,70.46
2024-08-13T10:00+02:00,4624.55,11730.50002,43640.87545,61192.8275,70.46
2024-08-13T11:00+02:00,1661.1725,10170.5807,49688.19795,61036.7725,70.46
2024-08-13T12:00+02:00,-800.675,9224.478712,52531.19384,60500,70.46
2024-08-13T13:00+02:00,-1892.2025,8748.759741,52508.41817,59464.705,70.46
2024-08-13T14:00+02:00,-668.9825,8836.479052,50238.78445,58461.8,70.46
2024-08-13T15:00+02:00,3874.6025,9009.291027,45068.27065,58608.9075,70.46
2024-08-13T16:00+02:00,6061.93,10602.16313,39152.8457,58312.3725,70.46
2024-08-13T17:00+02:00,8199.0075,14660.91601,31875.26215,58855.9075,70.46
2024-08-13T18:00+02:00,8364.7,18567.81748,25054.29037,58907.2525,70.46
2024-08-13T19:00+02:00,8082.3375,20481.04728,22668.0447,57980.0475,70.46
2024-08-13T20:00+02:00,7547.305,20316.48134,23066.05441,57015.055,70.46
2024-08-13T21:00+02:00,6365.625,19147.32422,25496.71908,56491.675,70.46
2024-08-13T22:00+02:00,5275.805,17895.80214,25083.15925,52190.7375,70.46
2024-08-13T23:00+02:00,4554.7475,16543.22951,25154.08512,48836.095,70.46
2024-08-14T00:00+02:00,4955.88,15416.90626,22913.86023,46453.055,70.46
2024-08-14T01:00+02:00,4925.635,15561.49166,19035.76025,44425.415,70.46
2024-08-14T02:00+02:00,5282.52,16422.94182,18362.70418,43507.1575,70.46
2024-08-14T03:00+02:00,5840.485,16531.36737,17344.69033,42987.25,70.46
2024-08-14T04:00+02:00,6422.355,16940.45567,16721.28329,43466.8625,70.46
2024-08-14T05:00+02:00,8043.7225,17970.89599,15526.83133,45436.3425,70.46
2024-08-14T06:00+02:00,10063.4725,18576.07896,16366.58792,50991.62,70.46
2024-08-14T07:00+02:00,10595.2675,18728.02937,19310.16234,56121.3525,70.46
2024-08-14T08:00+02:00,10787.5675,18171.42713,24514.7754,59889.045,70.46
2024-08-14T09:00+02:00,8673.9225,16154.06616,30814.89307,61176.3275,70.46
2024-08-14T10:00+02:00,7813.4325,13964.36386,36337.07409,61803.9425,70.46
2024-08-14T11:00+02:00,8434.115,13027.11162,40595.23815,62102.325,70.46
2024-08-14T12:00+02:00,6087.2425,12730.47983,43160.41059,61270.88,70.46
2024-08-14T13:00+02:00,4758.3275,12586.8666,43490.91388,59851.2125,70.46
2024-08-14T14:00+02:00,4377.6275,12556.73236,41446.86408,58529.1725,70.46
2024-08-14T15:00+02:00,4930.16,13654.19087,37529.78473,58279.44,70.46
2024-08-14T16:00+02:00,5634.3475,16054.58331,32462.38533,58321.425,70.46
2024-08-14T17:00+02:00,7503.865,18812.34946,26234.06574,58847.325,70.46
2024-08-14T18:00+02:00,9180.7875,20745.76064,19355.97269,58466.6475,70.46
2024-08-14T19:00+02:00,10332.935,21841.84006,14305.57798,57355.405,70.46
2024-08-14T20:00+02:00,10346.61,22343.2118,11809.76006,55190.3975,70.46
2024-08-14T21:00+02:00,9822.5175,22242.33886,11371.42464,53754.5125,70.46
2024-08-14T22:00+02:00,8751.185,21719.44765,11210.42555,50160.05,70.46
2024-08-14T23:00+02:00,9003.1675,21046.50776,10729.89618,47142.145,70.46
2024-08-15T00:00+02:00,8322.2,20359.88841,10775.55026,45334.75,70.46
2024-08-15T01:00+02:00,8037.925,19928.30864,10622.87811,43381.425,70.46
2024-08-15T02:00+02:00,8604.005,19076.21859,10556.746,42235.1325,70.46
2024-08-15T03:00+02:00,9246.8425,18591.61805,10366.34758,42002.7925,70.46
2024-08-15T04:00+02:00,9344.8175,18818.69218,10289.85644,42328.035,70.46
2024-08-15T05:00+02:00,11065.92,19082.23512,10460.98268,44817.21,70.46
2024-08-15T06:00+02:00,13092.33,19249.85778,11299.66548,49709.8625,70.46
2024-08-15T07:00+02:00,13743.3775,19272.91684,14582.83904,53979.9675,70.46
2024-08-15T08:00+02:00,12548.765,18015.84834,19946.02213,56919.695,70.46
2024-08-15T09:00+02:00,12383.145,14340.08244,27188.65426,57606.21,70.46
2024-08-15T10:00+02:00,12380.3225,10894.17707,34960.19871,58191.2075,70.46
2024-08-15T11:00+02:00,8394.1125,9374.364544,41621.66033,58596.99,70.46
2024-08-15T12:00+02:00,3997.19,9099.017387,45522.24932,57652.7075,70.46
2024-08-15T13:00+02:00,1271.0625,8920.089466,47373.71753,56150.285,70.46
2024-08-15T14:00+02:00,1422.7125,8921.584139,46304.10084,54629.5325,70.46
2024-08-15T15:00+02:00,1644.5975,8913.698048,44396.87715,54079.3525,70.46
2024-08-15T16:00+02:00,5034.3275,9236.101716,40738.63274,53961.73,70.46
2024-08-15T17:00+02:00,8619.15,10959.83076,34946.78399,54820.7625,70.46
2024-08-15T18:00+02:00,9511.81,15611.84484,26399.66622,56087.345,70.46
2024-08-15T19:00+02:00,12274.255,17785.13464,18779.44035,56132.9275,70.46
2024-08-15T20:00+02:00,12967.6675,18265.78014,15770.78792,54594.2525,70.46
2024-08-15T21:00+02:00,12326.785,18163.77745,15412.01868,52675.67,70.46
2024-08-15T22:00+02:00,11395.765,17594.50726,16230.98799,49562.9975,70.46
2024-08-15T23:00+02:00,11551.905,16612.87945,16221.63811,46308.2375,70.46
2024-08-16T00:00+02:00,9286.5325,16067.30072,16775.96281,43560.6825,70.46
2024-08-16T01:00+02:00,10514.3525,14721.38428,15811.80806,42315.1125,70.46
2024-08-16T02:00+02:00,10583.01,14814.3136,15657.30555,41875.9275,70.46
2024-08-16T03:00+02:00,10436.9475,14439.98616,15410.03577,41846.9975,70.46
2024-08-16T04:00+02:00,9814.1625,14936.49915,14666.20467,42004.31,70.46
2024-08-16T05:00+02:00,10133.8375,15978.0813,14851.90722,44558.8375,70.46
2024-08-16T06:00+02:00,9163.6575,16633.00997,16929.13228,49824.415,70.46
2024-08-16T07:00+02:00,7658.8375,16888.86166,21348.36196,54230.485,70.46
2024-08-16T08:00+02:00,5875.83,16374.72986,28734.75399,57458.5925,70.46
2024-08-16T09:00+02:00,4423.91,13609.2261,37130.21119,58839.2275,70.46
2024-08-16T10:00+02:00,1859.605,11290.16717,45411.82822,58752.1375,70.46
2024-08-16T11:00+02:00,-553.695,9550.685384,50526.42466,59643.205,70.865
2024-08-16T12:00+02:00,-3722.67,9426.568559,51218.05891,58366.7475,71
2024-08-16T13:00+02:00,-2644.4975,9858.019318,49929.46422,56973.405,71
2024-08-16T14:00+02:00,-794.1325,9788.351859,47118.15003,55619.985,71
2024-08-16T15:00+02:00,2338.655,10491.26424,42338.92597,54706.4525,71
2024-08-16T16:00+02:00,3689.895,12811.2177,36115.5997,54204.6,71
2024-08-16T17:00+02:00,4316.84,17294.48952,28286.24647,54501.145,71
2024-08-16T18:00+02:00,6425.9575,20112.40233,20153.86266,54526.5375,71
2024-08-16T19:00+02:00,9633.095,21072.33596,13464.24423,53638.01,71
2024-08-16T20:00+02:00,10141.6525,21298.46284,10132.09098,51950.4725,71
2024-08-16T21:00+02:00,9580.4725,21196.92246,9042.66401,50322.955,71
2024-08-16T22:00+02:00,8804.54,20715.33507,8586.712335,46990.3,71
2024-08-16T23:00+02:00,8923.785,20429.34793,8557.045354,44020.7675,71
2024-08-17T00:00+02:00,8994.2825,19827.52975,8553.759219,41469.8075,71
2024-08-17T01:00+02:00,8362.625,19213.45188,8376.784602,39546.005,71
2024-08-17T02:00+02:00,8474.5625,18194.94088,8372.107505,38471.7125,71
2024-08-17T03:00+02:00,8182.045,18258.04609,8374.109252,37908.02,71
2024-08-17T04:00+02:00,7383.3775,18608.46885,8359.442909,38013.16,71
2024-08-17T05:00+02:00,7904.5075,18252.63009,8902.401735,38731.035,71
2024-08-17T06:00+02:00,9229.6725,17557.99559,9839.895223,40052.4925,71
2024-08-17T07:00+02:00,9512.69,16924.3366,12514.88313,42381.045,71
2024-08-17T08:00+02:00,10394.985,15233.69186,16668.06798,45239.4275,71
2024-08-17T09:00+02:00,11158.04,13059.60458,22275.41686,47538.065,71
2024-08-17T10:00+02:00,11754.0325,10852.35565,28717.34717,49226.385,71
2024-08-17T11:00+02:00,9809.145,8958.123555,33640.6937,49966.0925,71
2024-08-17T12:00+02:00,5250.42,8425.554985,36913.74757,49451.6825,71
2024-08-17T13:00+02:00,3051.615,8357.750678,37613.55659,47805.0925,71
2024-08-17T14:00+02:00,2497.89,8338.070292,36767.29946,46207.3075,71
2024-08-17T15:00+02:00,4403.5,8385.68859,34414.77859,45500.9325,71
2024-08-17T16:00+02:00,7655.645,8990.284354,30422.44891,45832.88,71
2024-08-17T17:00+02:00,7637.3,12785.12656,24499.08934,46793.05,71
2024-08-17T18:00+02:00,8108.52,16382.09323,17719.511,47428.6825,71
2024-08-17T19:00+02:00,9420.5025,17798.62804,12373.29198,46945.515,71
2024-08-17T20:00+02:00,10167.4725,17905.72923,9887.401286,45838.885,71
2024-08-17T21:00+02:00,10292.6975,17926.53603,9237.551413,45051.5425,71
2024-08-17T22:00+02:00,9729.385,18050.27179,8998.729367,43015.755,71
2024-08-17T23:00+02:00,9915.1825,17740.14569,8601.604412,40421.49,71
2024-08-18T00:00+02:00,9479.23,16865.43411,8580.439375,38771.27,71
2024-08-18T01:00+02:00,9826.185,15887.49972,8521.077916,37113.6625,71
2024-08-18T02:00+02:00,10083.5375,15384.63483,8540.895915,35943.365,71
2024-08-18T03:00+02:00,9703.1525,15072.93476,8503.327213,35245.5175,71
2024-08-18T04:00+02:00,10089.01,14775.71916,8478.710668,34950.3675,71
2024-08-18T05:00+02:00,10295.6725,14615.269,8526.326733,35499.3075,71
2024-08-18T06:00+02:00,10475.96,14516.72394,8964.682646,35816.56,71
2024-08-18T07:00+02:00,11379.7775,14245.24077,10472.39009,37115.3975,71
2024-08-18T08:00+02:00,13024.31,13753.45508,12511.76377,39807.69,71
2024-08-18T09:00+02:00,15129.5025,12836.14569,15456.80673,42243.385,71
2024-08-18T10:00+02:00,16688.655,11117.9182,18920.45088,44553.455,71
2024-08-18T11:00+02:00,16976.7675,9048.560733,22174.88899,46840.4325,71
2024-08-18T12:00+02:00,15192.6225,8341.644485,25368.62085,46954.225,71
2024-08-18T13:00+02:00,11434.45,8077.735824,27045.90453,45706.8825,71
2024-08-18T14:00+02:00,9199.285,8114.05265,27278.81963,44461.2275,71
2024-08-18T15:00+02:00,9803.6925,8455.559511,26470.07551,43885.8825,71
2024-08-18T16:00+02:00,11118.3225,9371.875244,24796.46049,43821.0225,71
2024-08-18T17:00+02:00,10437.45,12153.46012,22373.82471,44963.35,71
2024-08-18T18:00+02:00,7666.8125,14422.78427,19924.05439,45826.46,71
2024-08-18T19:00+02:00,8371.1825,15113.08105,17955.21396,45849.1775,71
2024-08-18T20:00+02:00,7220.975,15479.97458,16805.8668,45451.5275,71
2024-08-18T21:00+02:00,6946.505,15424.74307,16660.26789,44951.87,71
2024-08-18T22:00+02:00,7102.4225,15229.80755,16603.40982,43431.25,71
2024-08-18T23:00+02:00,7252.98,15023.6757,16420.83851,41043.8275,71
2024-08-19T00:00+02:00,6284.56,14729.60409,16393.32484,38839.095,71
2024-08-19T01:00+02:00,6517.88,14621.79348,16494.26622,38067.425,71
2024-08-19T02:00+02:00,7285.14,14465.72535,16069.269,37697.9025,71
2024-08-19T03:00+02:00,8108.22,14202.56853,15809.41421,37833.7775,71
2024-08-19T04:00+02:00,8374.8375,14807.2681,15214.63653,39108.94,71
2024-08-19T05:00+02:00,8455.885,16205.37959,14412.63394,42262.9275,71
2024-08-19T06:00+02:00,8793.6475,17578.74893,14093.75621,48561.2275,71
2024-08-19T07:00+02:00,10723.8375,18256.02102,15647.1516,53209.3275,71
2024-08-19T08:00+02:00,11162.9275,18243.26739,19197.61025,56645.425,71
2024-08-19T09:00+02:00,8290.9725,18093.53307,25271.30527,57847.2425,71
2024-08-19T10:00+02:00,7719.355,16082.61836,31384.2465,58155.9625,71
2024-08-19T11:00+02:00,7693.1175,13855.05605,34899.01765,58848.965,71
2024-08-19T12:00+02:00,6946.1475,13149.19482,35772.2506,57263.855,71
2024-08-19T13:00+02:00,7507.5925,13266.00711,35289.34221,56431.5625,71
2024-08-19T14:00+02:00,8455.625,12940.28096,34172.88297,53562.0075,71
2024-08-19T15:00+02:00,9694.1275,12670.68408,32132.07174,51872.0575,71
2024-08-19T16:00+02:00,9604.9075,14162.17037,28314.35145,53761.9,71
2024-08-19T17:00+02:00,8818.2225,18103.12853,22997.32678,54140.6325,71
2024-08-19T18:00+02:00,10413.4025,20964.09395,16682.53296,55287.6225,71
2024-08-19T19:00+02:00,11898.585,22154.94126,11865.59246,54885.7375,71
2024-08-19T20:00+02:00,11726.8725,22260.13815,10364.01974,53337.365,71
2024-08-19T21:00+02:00,9989.18,22011.89845,11147.71714,51566.53,71
2024-08-19T22:00+02:00,8884.6425,20417.26158,12237.86509,47839.1075,71
2024-08-19T23:00+02:00,8819.06,17922.1596,13891.36535,44444.585,71
2024-08-20T00:00+02:00,8277.42,16320.43427,15761.88254,41394.2525,71
2024-08-20T01:00+02:00,8663.2375,14412.72341,16999.99092,40479.4925,71
2024-08-20T02:00+02:00,8223.0975,13717.86825,17965.84494,39864.785,71
2024-08-20T03:00+02:00,8050.3175,13533.59061,18344.49371,39748.5625,71
2024-08-20T04:00+02:00,8094.0725,13820.62816,18612.38767,40607.1825,71
2024-08-20T05:00+02:00,8828.33,14625.23812,18770.95665,43904.0825,71
2024-08-20T06:00+02:00,9104.315,16119.07019,19814.95121,50047.31,71
2024-08-20T07:00+02:00,9216.785,16232.94798,23320.1016,54405.4675,71
2024-08-20T08:00+02:00,7363.13,15925.29083,28136.59891,57085.9975,71
2024-08-20T09:00+02:00,6583.4425,14692.55055,32338.50343,58157.79,71
2024-08-20T10:00+02:00,6850.4675,11745.67891,37327.05979,59096.3975,71
2024-08-20T11:00+02:00,6028.4425,10297.74997,41858.54172,59500.8025,71
2024-08-20T12:00+02:00,6656.28,9444.25678,44634.02998,59517.4,71
2024-08-20T13:00+02:00,4767.21,8655.120195,45686.51516,58749.45,71
2024-08-20T14:00+02:00,5079.1575,8631.149542,44327.44237,57313.745,71
2024-08-20T15:00+02:00,6115.405,9832.827734,41216.54931,56777.375,71
2024-08-20T16:00+02:00,6830.625,12605.93033,36453.40012,56121.0775,71
2024-08-20T17:00+02:00,6734.09,14743.95425,30581.69436,56893.8675,71
2024-08-20T18:00+02:00,8263.295,17211.39717,23507.85051,58044.6475,71
2024-08-20T19:00+02:00,10096.6525,18360.54984,17698.52857,57669.7175,71
2024-08-20T20:00+02:00,10917.3375,18448.52087,15917.75897,56511.2725,71
2024-08-20T21:00+02:00,9246.3975,18268.50992,16982.55824,53761.6125,71
2024-08-20T22:00+02:00,8900.515,16822.59265,18222.71412,49873.9475,71
2024-08-20T23:00+02:00,7586.8325,14986.03807,19906.86626,46015.3225,71
2024-08-21T00:00+02:00,7457.065,12593.27736,21317.88469,43874.9575,71
2024-08-21T01:00+02:00,7409.1775,10450.15103,23598.71439,42615.76,71
2024-08-21T02:00+02:00,6358.75,9674.823766,24480.08455,41460.32,71
2024-08-21T03:00+02:00,6378.88,9575.345184,26707.77511,41902.96,71
2024-08-21T04:00+02:00,6938.175,10532.19022,27213.70665,42611.775,71
2024-08-21T05:00+02:00,7007.43,10886.55156,28023.30224,45490.92,71
2024-08-21T06:00+02:00,8230.2325,11121.49515,30828.6998,51710.465,71
2024-08-21T07:00+02:00,7433.4075,11192.1843,33776.66235,56251.4975,71
2024-08-21T08:00+02:00,5251.9775,11089.53401,39355.94702,59131.3,71
2024-08-21T09:00+02:00,299.775,10743.99672,46323.60692,59968.78,71
2024-08-21T10:00+02:00,-6538.745,9796.407689,54975.0304,61635.88,71
2024-08-21T11:00+02:00,-8117.915,8946.827283,59287.94279,61064.5925,71
2024-08-21T12:00+02:00,-8724.7375,7877.166435,62289.776,59806.8375,71
2024-08-21T13:00+02:00,-9674.9675,7439.417252,62401.58171,59268.7175,71
2024-08-21T14:00+02:00,-8498.1,7638.210704,60011.94259,57177.5175,71
2024-08-21T15:00+02:00,-9280.5475,7330.884767,58845.82606,55871.6275,71
2024-08-21T16:00+02:00,-5466.8325,7631.478982,54425.09938,55298.725,71
2024-08-21T17:00+02:00,-2407.1875,8125.733626,49260.28433,57828.755,71
2024-08-21T18:00+02:00,4221.0175,9242.128322,40922.88217,58261.4225,71
2024-08-21T19:00+02:00,7021.395,10289.33593,30468.63887,57228.6025,71
2024-08-21T20:00+02:00,9393.8175,11259.93378,25768.96268,55800.76,71
2024-08-21T21:00+02:00,10202.185,11003.27154,24345.62848,53725.6225,71
2024-08-21T22:00+02:00,9902.795,10314.43951,24001.23881,50086.3475,71
2024-08-21T23:00+02:00,11112.57,9945.148428,23131.55464,46800.395,71
2024-08-22T00:00+02:00,10337.4975,9645.821639,22390.68752,43414.41,71
2024-08-22T01:00+02:00,10207.825,9842.07748,21901.50999,41384.565,71
2024-08-22T02:00+02:00,10837.6575,10097.56027,21465.20696,40307.3475,71
2024-08-22T03:00+02:00,11129.98,10196.61274,21286.87664,40298.1325,71
2024-08-22T04:00+02:00,11032.67,10674.703,21217.17927,41217.4875,71
2024-08-22T05:00+02:00,11311.0775,11207.98108,22063.85858,44166.8375,71
2024-08-22T06:00+02:00,11100.725,11430.63194,24328.61222,50056.4675,71
2024-08-22T07:00+02:00,10203.915,11818.51581,27921.83371,54755.5775,71
2024-08-22T08:00+02:00,9962.4775,11324.11882,32992.26917,57606.35,71
2024-08-22T09:00+02:00,6455.875,9845.00628,40401.37075,58277.685,71
2024-08-22T10:00+02:00,1693.295,8063.871688,50066.1266,58607.22,71
2024-08-22T11:00+02:00,-3694.0675,7092.619082,56228.13787,58494.2175,71
2024-08-22T12:00+02:00,-8260.215,6754.331919,59072.45425,57746.1125,71
2024-08-22T13:00+02:00,-10642.45,6690.309919,59385.34875,57106.1525,71
2024-08-22T14:00+02:00,-9329.635,6690.541623,58513.23475,55607.565,71
2024-08-22T15:00+02:00,-6665.0875,6823.002769,55869.13549,55324.29,71
2024-08-22T16:00+02:00,-1786.12,6854.266268,51243.17538,55663.5575,71
2024-08-22T17:00+02:00,4049.165,7423.76546,44241.55274,56883.6375,71
2024-08-22T18:00+02:00,8301.0525,10016.9144,34027.51939,56799.4775,71
2024-08-22T19:00+02:00,12210.9925,11511.84921,26967.99065,57150.16,71
2024-08-22T20:00+02:00,11448.0625,11640.01706,26325.82897,55601.705,71
2024-08-22T21:00+02:00,8127.495,11513.96754,27430.07954,53223.775,71
2024-08-22T22:00+02:00,4341.47,11359.47203,28389.99884,49714.425,71
2024-08-22T23:00+02:00,3486.0025,10338.92208,29748.33909,46592.135,71
2024-08-23T00:00+02:00,5581.505,8777.256208,30161.92225,43797.8525,71
2024-08-23T01:00+02:00,5225.03,7888.059382,31141.7742,42637.7575,71
2024-08-23T02:00+02:00,6235.21,8065.868559,30573.36792,42052.1675,71
2024-08-23T03:00+02:00,6269.9025,7837.562206,30959.98913,41951.58,71
2024-08-23T04:00+02:00,6190.45,7829.132126,32175.9618,43217.4125,71
2024-08-23T05:00+02:00,6291.09,7853.92815,33062.25204,46104.085,71
2024-08-23T06:00+02:00,6609.49,7957.227799,35521.58552,51796.7575,71
2024-08-23T07:00+02:00,5635.285,8224.997087,39416.59501,57174.4925,71
2024-08-23T08:00+02:00,3755.395,7721.515814,47100.49642,59937.1,71
2024-08-23T09:00+02:00,-2305.495,6739.676898,53994.71741,59860.125,71
2024-08-23T10:00+02:00,-6287.4825,6640.804067,59851.85752,60352.2025,71
2024-08-23T11:00+02:00,-11188.3925,6725.910037,65802.52965,60164.2075,70.7975
2024-08-23T12:00+02:00,-16859.5,6544.588475,70525.62352,60386.98,70.73
2024-08-23T13:00+02:00,-17140.095,6683.97974,70274.26309,59051.4725,70.73
2024-08-23T14:00+02:00,-16551.9075,6844.998803,68356.56168,58119.515,70.73
2024-08-23T15:00+02:00,-15156.26,6998.701687,65403.76167,56677.955,70.73
2024-08-23T16:00+02:00,-9618.44,6903.192414,59613.91938,56315.3825,70.73
2024-08-23T17:00+02:00,-4592.31,7276.215697,53274.0885,57470.0625,70.73
2024-08-23T18:00+02:00,1130.54,8742.086555,44078.98786,57348.975,70.73
2024-08-23T19:00+02:00,5156.935,10293.3312,34086.84074,55864.1625,70.73
2024-08-23T20:00+02:00,6614.435,11360.30907,29951.86141,54450.6175,70.73
2024-08-23T21:00+02:00,5594.2375,11749.59744,25493.12643,51831.2275,70.73
2024-08-23T22:00+02:00,6337.0575,11432.48175,20785.01874,47918.62,70.73
2024-08-23T23:00+02:00,7427.8625,10569.88681,17596.50928,44224.2575,70.73
2024-08-24T00:00+02:00,9724.5125,10000.61159,14823.47464,42231.2875,70.73
2024-08-24T01:00+02:00,10882.3625,9578.674793,13849.67555,40179.8325,70.73
2024-08-24T02:00+02:00,11043.005,9363.792878,13677.43285,38949.35,70.73
2024-08-24T03:00+02:00,9758.3375,9267.993747,14882.41262,38323.735,70.73
2024-08-24T04:00+02:00,8996.615,9246.215546,16674.88255,38213.5225,70.73
2024-08-24T05:00+02:00,8078.05,9178.544108,18177.92679,39162.2025,70.73
2024-08-24T06:00+02:00,7107.7425,9123.35494,20789.45462,40654.4975,70.73
2024-08-24T07:00+02:00,5571.3075,8690.349292,26384.73268,42686.7275,70.73
2024-08-24T08:00+02:00,2377.78,7275.071109,33311.25613,45776.1525,70.73
2024-08-24T09:00+02:00,-2490.9575,6591.660897,42247.19317,48897.83,70.73
2024-08-24T10:00+02:00,-5336.9075,6524.900631,48100.35137,50505.81,70.73
2024-08-24T11:00+02:00,-11747.62,6586.274718,55486.57483,51106.4625,70.73
2024-08-24T12:00+02:00,-12348.18,6243.230986,56692.68418,49680.955,70.73
2024-08-24T13:00+02:00,-11726.41,6109.569172,55551.56809,47412.385,70.73
2024-08-24T14:00+02:00,-11931.18,6112.982827,54003.93256,45904.9525,70.73
2024-08-24T15:00+02:00,-13057.67,6116.517407,55407.98247,46222.7525,70.73
2024-08-24T16:00+02:00,-12088.765,6148.410461,53877.64307,47059.11,70.73
2024-08-24T17:00+02:00,-5099.61,6250.975902,47142.88091,48705.7675,70.73
2024-08-24T18:00+02:00,335.495,6933.028492,38210.23543,49747.5825,70.73
2024-08-24T19:00+02:00,1324.6875,7692.10532,30416.09541,49032.11,70.73
2024-08-24T20:00+02:00,2050.0925,7419.31702,32356.88887,48229.7,70.73
2024-08-24T21:00+02:00,439.625,6627.914447,35029.59986,48449.05,70.73
2024-08-24T22:00+02:00,-982.3,6630.402649,32883.88075,46022.8325,70.73
2024-08-24T23:00+02:00,948.2925,6784.983633,30839.08496,42834.405,70.73
2024-08-25T00:00+02:00,-976.6825,6705.58565,31310.69204,40206.825,70.73
2024-08-25T01:00+02:00,-656.225,6770.144861,31336.88988,37630.33,70.73
2024-08-25T02:00+02:00,-1009.6625,6844.572463,30230.71461,36474.65,70.73
2024-08-25T03:00+02:00,-928.3175,6867.760756,30441.39986,35673.9575,70.73
2024-08-25T04:00+02:00,449.0875,6844.514574,30507.97543,35097.4775,70.73
2024-08-25T05:00+02:00,-1144.4675,6857.078322,32432.04651,36195.6375,70.73
2024-08-25T06:00+02:00,-1838.5325,6981.222581,33867.35221,36953.4075,70.73
2024-08-25T07:00+02:00,-1060.13,7116.319165,34353.7702,38625.2725,70.73
2024-08-25T08:00+02:00,-370.6175,7154.13497,37176.55967,41580.045,70.73
2024-08-25T09:00+02:00,-1779.945,6942.798744,42183.49109,43894.445,70.73
2024-08-25T10:00+02:00,-2792.6225,6567.55517,44198.16395,45474.495,70.73
2024-08-25T11:00+02:00,-3954.7125,6528.011493,46538.14223,46421.2275,70.73
2024-08-25T12:00+02:00,-6658.35,6507.104171,47848.65744,46145.7475,70.73
2024-08-25T13:00+02:00,-6863.56,6415.412921,46604.2104,43684.1975,70.73
2024-08-25T14:00+02:00,-5634.54,6238.25262,44728.22135,42208.5825,70.73
2024-08-25T15:00+02:00,-3928.9975,6232.860256,42244.23456,41716.3775,70.73
2024-08-25T16:00+02:00,604.6025,6491.55002,37732.31681,42198.5925,70.73
2024-08-25T17:00+02:00,5848.23,7160.243573,33299.68321,44613.9175,70.73
2024-08-25T18:00+02:00,8996.0575,9644.01537,25738.87667,46443.0325,70.73
2024-08-25T19:00+02:00,12343.845,11138.77731,18371.81324,46683.135,70.73
2024-08-25T20:00+02:00,13109.885,11379.08531,15979.85691,46504.0725,70.73
2024-08-25T21:00+02:00,12973.625,11885.87119,16302.81071,45822.33,70.73
2024-08-25T22:00+02:00,11804.7325,11652.62896,16814.58088,43695.3425,70.73
2024-08-25T23:00+02:00,10849.82,11689.08744,17024.89635,40865.5975,70.73
2024-08-26T00:00+02:00,9541.5075,11949.54291,17881.03302,38595.9975,70.73
2024-08-26T01:00+02:00,9210.7425,11360.39256,18388.80419,37676.2925,70.73
2024-08-26T02:00+02:00,10089.66,10972.4593,18662.95622,37632.4025,70.73
2024-08-26T03:00+02:00,10321.9025,11079.5987,18920.4288,38045.4125,70.73
2024-08-26T04:00+02:00,10611.11,11353.8963,19391.19815,39407.925,70.73
2024-08-26T05:00+02:00,10242.445,12441.92934,19708.33354,43619.0325,70.73
2024-08-26T06:00+02:00,11556.1775,14053.28021,20086.85662,50836.1375,70.73
2024-08-26T07:00+02:00,11006.64,14250.5718,22155.62737,55194.02,70.73
2024-08-26T08:00+02:00,9218.5725,13863.02137,28313.95727,58389.9375,70.73
2024-08-26T09:00+02:00,7156.95,12744.09115,34739.32317,58946.005,70.73
2024-08-26T10:00+02:00,6041.845,10481.67965,42006.97706,59230.5375,70.73
2024-08-26T11:00+02:00,4731.705,9471.42335,46667.96864,59192.1625,70.73
2024-08-26T12:00+02:00,3088.125,9084.596806,48617.96643,58769.1725,70.73
2024-08-26T13:00+02:00,2508.2375,8939.598277,47595.89735,57719.8725,70.73
2024-08-26T14:00+02:00,4215.195,9143.922564,45035.79904,55799.58,70.73
2024-08-26T15:00+02:00,5352.8475,9850.413786,41487.16148,55141.605,70.73
2024-08-26T16:00+02:00,4440.8175,11934.35885,35273.2422,54661.4175,70.73
2024-08-26T17:00+02:00,6033.9175,15959.54743,27729.2037,55660.85,70.73
2024-08-26T18:00+02:00,9371.9675,19385.92091,18767.48437,56208.155,70.73
2024-08-26T19:00+02:00,11673.9025,19969.55105,12788.87787,55786.8825,70.73
2024-08-26T20:00+02:00,12783.445,20001.46231,10626.98768,54256.11,70.73
2024-08-26T21:00+02:00,13232.9175,19754.97888,9758.938014,51908.0875,70.73
2024-08-26T22:00+02:00,11072.2475,19958.19913,9577.435152,48374.0125,70.73
2024-08-26T23:00+02:00,10778,19456.33235,9780.204611,45231.445,70.73
2024-08-27T00:00+02:00,9989.8125,18766.25394,9805.928629,42735.3275,70.73
2024-08-27T01:00+02:00,10345.31,17952.88681,9703.482614,41592.1,70.73
2024-08-27T02:00+02:00,10391.325,17555.35986,9960.780679,40904.695,70.73
2024-08-27T03:00+02:00,11348.9525,17275.01133,10072.39361,40905.905,70.73
2024-08-27T04:00+02:00,11447.1075,17349.27926,10273.48354,41943.87,70.73
2024-08-27T05:00+02:00,11353.9275,18523.38986,10749.70029,44788.0475,70.73
2024-08-27T06:00+02:00,11018.01,19566.47428,12761.68031,50978.065,70.73
2024-08-27T07:00+02:00,10144.795,19593.11901,17693.65696,55498.1025,70.73
2024-08-27T08:00+02:00,7927.1575,18207.45597,26228.49175,59008.2425,70.73
2024-08-27T09:00+02:00,6414.18,14143.90744,34467.55324,59633.655,70.73
2024-08-27T10:00+02:00,6067.565,9886.703005,42340.09792,59518.815,70.73
2024-08-27T11:00+02:00,1167.7225,8544.048641,48564.20357,58988.8875,70.73
2024-08-27T12:00+02:00,-1512.755,8349.657028,51327.34529,57959.96,70.73
2024-08-27T13:00+02:00,-3825.8475,8291.306052,51559.64139,56427.005,70.73
2024-08-27T14:00+02:00,-2808.85,8594.639642,49557.28509,55036.62,70.73
2024-08-27T15:00+02:00,1737.015,8834.185004,44739.55806,54517.0025,70.73
2024-08-27T16:00+02:00,4235.9575,10525.38866,38198.1971,54414.2025,70.73
2024-08-27T17:00+02:00,6299.0175,15865.37184,29184.23379,55318.7,70.73
2024-08-27T18:00+02:00,9894.2475,20240.13132,19244.53287,56423.835,70.73
2024-08-27T19:00+02:00,10360.4625,21467.0651,13358.83141,56208.4325,70.73
2024-08-27T20:00+02:00,9230.3,21483.48361,13805.97029,55809.62,70.73
2024-08-27T21:00+02:00,5738.62,20826.24398,17340.79152,53316.4725,70.73
2024-08-27T22:00+02:00,3864.2175,19944.03606,20218.39572,49783.0175,70.73
2024-08-27T23:00+02:00,3175.85,17708.07873,21902.75275,46042.0225,70.73
2024-08-28T00:00+02:00,1874.2925,16494.20971,21629.5836,44379.3175,70.73
2024-08-28T01:00+02:00,3065.485,15874.55597,20036.81567,43029.895,70.73
2024-08-28T02:00+02:00,4756.3275,15328.69608,18912.34017,42256.545,70.73
2024-08-28T03:00+02:00,6284.4325,15473.43079,18065.60442,42479.65,70.73
2024-08-28T04:00+02:00,6751.135,15820.04616,17122.54069,43309.5525,70.73
2024-08-28T05:00+02:00,7265.82,16290.42726,17208.48552,46167.9775,70.73
2024-08-28T06:00+02:00,7595.1775,16644.34638,18599.07107,52116.325,70.73
2024-08-28T07:00+02:00,6737.835,16776.29908,22478.71964,56197.3825,70.73
2024-08-28T08:00+02:00,5484.6225,16634.64339,28081.54796,58720.6075,70.73
2024-08-28T09:00+02:00,2187.15,15705.41356,34483.59351,59154.525,70.73
2024-08-28T10:00+02:00,310.71,13673.00748,41833.41533,59876.5725,70.73
2024-08-28T11:00+02:00,-1526.7025,11334.14458,48010.00513,60082.9625,70.73
2024-08-28T12:00+02:00,-1877.1225,9327.469088,51798.40586,59076.05,70.73
2024-08-28T13:00+02:00,-3584.155,8961.465391,53156.84146,58342.68,70.73
2024-08-28T14:00+02:00,-3290.4475,8988.897371,51656.24545,57202.5475,70.73
2024-08-28T15:00+02:00,-1406.635,9181.155706,47268.05223,57222.67,70.73
2024-08-28T16:00+02:00,1519.275,11609.99356,41041.02501,57503.82,70.73
2024-08-28T17:00+02:00,5888.71,15030.57827,32784.26363,58601.82,70.73
2024-08-28T18:00+02:00,9684.4275,18872.95455,23309.84799,59327.835,70.73
2024-08-28T19:00+02:00,9516.0675,20609.86113,17211.76028,59234.5175,70.73
2024-08-28T20:00+02:00,7293.2675,21168.38969,17729.41195,58483.8,70.73
2024-08-28T21:00+02:00,5086.74,20352.27912,20384.25592,56526.05,70.73
2024-08-28T22:00+02:00,3207.53,19857.28981,22413.30059,52799.0125,70.73
2024-08-28T23:00+02:00,1810.1375,18792.4281,23161.41872,49215.35,70.73
2024-08-29T00:00+02:00,1215.6425,17570.90678,23154.11824,46651.37,70.73
2024-08-29T01:00+02:00,3118.19,16745.35238,22107.30893,45108.9875,70.73
2024-08-29T02:00+02:00,4175.3125,16607.43958,20554.28793,44503.4175,70.73
2024-08-29T03:00+02:00,5335.37,16437.89681,18906.21603,43753.0125,70.73
2024-08-29T04:00+02:00,7101.2225,16654.60927,17510.40764,44332.4475,70.73
2024-08-29T05:00+02:00,7559.415,17656.17485,16255.15282,47102.81,70.73
2024-08-29T06:00+02:00,9067.145,19038.63588,16105.58682,53198.725,70.73
2024-08-29T07:00+02:00,10466.3,19314.92797,18548.54324,57583.11,70.73
2024-08-29T08:00+02:00,9164.2825,19216.74068,24718.27851,60744.5925,70.73
2024-08-29T09:00+02:00,4204.635,18712.14498,31722.09914,61559.96,70.73
2024-08-29T10:00+02:00,944.7925,16756.70829,38483.70968,61775.6075,70.73
2024-08-29T11:00+02:00,-480.915,14824.96905,44044.82043,61880.745,70.73
2024-08-29T12:00+02:00,-913.2775,12597.42158,48013.45033,61734.3575,70.73
2024-08-29T13:00+02:00,-2148.615,11235.52279,49501.55802,60647.095,70.73
2024-08-29T14:00+02:00,-3167.5525,11686.19658,47736.16853,58968.405,70.73
2024-08-29T15:00+02:00,-2200.6375,13906.33683,43854.18686,58821.1875,70.73
2024-08-29T16:00+02:00,844.575,16325.59956,37379.00668,58781.0075,70.73
2024-08-29T17:00+02:00,5810.21,18856.25257,28832.1867,58751.7825,70.73
2024-08-29T18:00+02:00,9563.0575,21464.3293,20048.28209,58950.5725,70.73
2024-08-29T19:00+02:00,11542.5275,22831.74511,13647.88626,58657.595,70.73
2024-08-29T20:00+02:00,10992.875,23171.12767,11027.37827,57757.9675,70.73
2024-08-29T21:00+02:00,9582.6025,23228.0601,10400.02943,54954.5875,70.73
2024-08-29T22:00+02:00,8846.795,22296.54907,10223.94315,50766.475,70.73
2024-08-29T23:00+02:00,9307.3275,21595.27999,10197.39281,47428.1475,70.73
2024-08-30T00:00+02:00,8063.92,21241.62274,10032.43551,45069.5675,70.73
2024-08-30T01:00+02:00,8087.4125,21035.74524,9776.323555,43534.36,70.73
2024-08-30T02:00+02:00,8982.185,20953.04915,9730.023161,42650.9675,70.73
2024-08-30T03:00+02:00,8943.995,20989.46388,9651.800054,42829.6025,70.73
2024-08-30T04:00+02:00,8976.7575,21193.40543,9923.244854,43350.3675,70.73
2024-08-30T05:00+02:00,9160.8325,21371.63298,10577.07151,46574.68,70.73
2024-08-30T06:00+02:00,10650.695,21655.27401,12258.6659,52583.18,70.73
2024-08-30T07:00+02:00,10675.51,21652.61453,16382.2135,57098.6175,70.73
2024-08-30T08:00+02:00,8108.35,21523.47994,22552.09036,60618.7425,70.73
2024-08-30T09:00+02:00,4113.24,20546.2658,28668.09701,62055.6725,70.73
2024-08-30T10:00+02:00,4291.505,17642.7836,34558.43148,62990.8675,70.73
2024-08-30T11:00+02:00,3493.455,16026.19397,38363.0077,63410.3375,70.235
2024-08-30T12:00+02:00,1761.1775,15906.05275,39991.14879,61629.9025,70.07
2024-08-30T13:00+02:00,1394.12,15764.30212,40084.79251,59632.735,70.07
2024-08-30T14:00+02:00,629.2825,16129.54472,39014.70462,57776.375,70.07
2024-08-30T15:00+02:00,2755.7275,16186.25796,36644.64445,56742.48,70.07
2024-08-30T16:00+02:00,3873.505,16081.39498,32789.72214,56424.2025,70.07
2024-08-30T17:00+02:00,6109.65,17787.21269,26680.17244,56562.395,70.07
2024-08-30T18:00+02:00,7432.755,20170.81588,20810.48329,56020.325,70.07
2024-08-30T19:00+02:00,8191.8725,20669.09114,16659.89361,55420.215,70.07
2024-08-30T20:00+02:00,8218.39,20767.13548,15977.27118,54150.7225,70.07
2024-08-30T21:00+02:00,6693.0525,20529.16418,15992.86253,51259.9025,70.07
2024-08-30T22:00+02:00,5456.33,19942.84776,15847.57623,47806.3725,70.07
2024-08-30T23:00+02:00,6397.4275,18149.523,15298.20704,44569.9725,70.07
2024-08-31T00:00+02:00,6484.395,16805.16925,14994.20007,42023.9125,70.07
2024-08-31T01:00+02:00,5430.33,15936.65061,15369.00003,39840.79,70.07
2024-08-31T02:00+02:00,6541.0075,14876.91898,15694.3435,38336.99,70.07
2024-08-31T03:00+02:00,5985.5625,14635.63035,16021.60674,38126.6075,70.07
2024-08-31T04:00+02:00,6521.0925,14013.14267,16273.21736,38102.75,70.07
2024-08-31T05:00+02:00,5831.9375,14347.52178,16477.04108,38646.045,70.07
2024-08-31T06:00+02:00,6620.8825,14444.63217,16939.039,40057.7025,70.07
2024-08-31T07:00+02:00,5356.0225,14278.45825,19967.38879,42026.735,70.07
2024-08-31T08:00+02:00,5675.605,12622.30503,24516.04336,45292.77,70.07
2024-08-31T09:00+02:00,5585.355,9661.154009,30837.2239,48189.66,70.07
2024-08-31T10:00+02:00,2158.2,7454.971485,39005.10637,49458.9,70.07
2024-08-31T11:00+02:00,-1773.6775,7081.762038,44855.69021,49779.8725,70.07
2024-08-31T12:00+02:00,-6015.4425,7114.323902,48020.06644,48453.235,70.07
2024-08-31T13:00+02:00,-7173.2,6688.326892,48425.30373,46849.8225,70.07
2024-08-31T14:00+02:00,-6944.28,6648.158232,46602.63157,45632.61,70.07
2024-08-31T15:00+02:00,-5645.2875,6567.97457,44082.94446,45129.66,70.07
2024-08-31T16:00+02:00,635.3225,7213.770274,38273.42743,45713.0975,70.07
2024-08-31T17:00+02:00,4397.01,9528.398992,31491.01935,46915.7625,70.07
2024-08-31T18:00+02:00,7052.82,11788.18558,23724.004,47386.5825,70.07
2024-08-31T19:00+02:00,8353.1025,12132.38265,19386.12053,47306.1125,70.07
2024-08-31T20:00+02:00,5967.05,11968.84914,21294.909,46614.525,70.07
2024-08-31T21:00+02:00,4454.165,12003.15776,24144.87808,45082.715,70.07
2024-08-31T22:00+02:00,2299.09,11768.95014,25028.98241,43251.895,70.07
2024-08-31T23:00+02:00,454.8325,11398.20441,24739.98811,40609.0925,70.07
2024-09-01T00:00+02:00,1788.5025,11303.19743,23340.43036,38312.52,70.07
2024-09-01T01:00+02:00,1494.4075,11184.4485,23012.62936,36659.355,70.07
2024-09-01T02:00+02:00,2855.8825,9989.47519,22596.49915,35583.0125,70.07
2024-09-01T03:00+02:00,3325.735,9469.340423,23234.85405,35384.7525,70.07
2024-09-01T04:00+02:00,3431.75,9140.694487,23357.17034,35210.215,70.07
2024-09-01T05:00+02:00,3079.7475,9159.195434,23358.50902,35557.4325,70.07
2024-09-01T06:00+02:00,3886.53,9210.845814,23713.19753,36111.1025,70.07
2024-09-01T07:00+02:00,2913.4125,9166.386634,25618.48274,38046.1225,70.07
2024-09-01T08:00+02:00,1273.745,8852.369397,31016.77311,41316.25,70.07
2024-09-01T09:00+02:00,-1269.045,7772.831662,38441.12615,44184.9925,70.07
2024-09-01T10:00+02:00,-6696.5675,7572.864501,47304.81227,46011.3425,70.07
2024-09-01T11:00+02:00,-11704.6225,7727.698567,52712.61428,47050.12,70.07
2024-09-01T12:00+02:00,-12631.0275,7989.731422,53579.8341,46135.1825,70.07
2024-09-01T13:00+02:00,-12996.125,8061.313082,51982.09574,44271.135,70.07
2024-09-01T14:00+02:00,-12181.6475,8180.632711,49660.82618,42876.1225,70.07
2024-09-01T15:00+02:00,-10275.2325,8333.972999,46903.56489,42917.8125,70.07
2024-09-01T16:00+02:00,-5905.04,9359.052151,42252.78643,43348.6825,70.07
2024-09-01T17:00+02:00,62.555,11415.79669,33823.94241,44986.6325,70.07
2024-09-01T18:00+02:00,4077.59,14593.31896,25379.82741,47020.6175,70.07
2024-09-01T19:00+02:00,3947.2725,16683.20952,21302.633,47750.55,70.07
2024-09-01T20:00+02:00,2876.045,17432.54618,22687.37136,47990.785,70.07
2024-09-01T21:00+02:00,894.8725,17870.44589,24480.7927,46710.4575,70.07
2024-09-01T22:00+02:00,1163.345,17780.6397,24434.79798,45115.6075,70.07
2024-09-01T23:00+02:00,399.39,17769.57325,23827.50377,42897.305,70.07
2024-09-02T00:00+02:00,-498.195,17397.08759,22875.4606,41216.9025,70.07
2024-09-02T01:00+02:00,263.0075,17167.57334,21596.13955,39944.6475,70.07
2024-09-02T02:00+02:00,1612.5025,16794.48008,20077.48328,39000.755,70.07
2024-09-02T03:00+02:00,2546.8675,16679.40325,18671.75942,39023.2775,70.07
2024-09-02T04:00+02:00,3381.445,16837.28327,18103.00631,39687.585,70.07
2024-09-02T05:00+02:00,5086.5975,17818.56201,18194.17361,43509.6,70.07
2024-09-02T06:00+02:00,7685.7825,19593.6708,18591.23844,50991.705,70.07
2024-09-02T07:00+02:00,6397.255,20235.56274,20461.65948,55516.33,70.07
2024-09-02T08:00+02:00,5471.1075,20501.79389,24913.2086,58952.9125,70.07
2024-09-02T09:00+02:00,2963.9975,19870.22345,30072.95278,59877.3825,70.07
2024-09-02T10:00+02:00,927.855,18349.50539,36398.6837,61024.435,70.07
2024-09-02T11:00+02:00,-439.565,16357.02968,41815.18743,61676.2925,70.07
2024-09-02T12:00+02:00,-412.5225,14949.25026,45261.25157,61493.63,70.07
2024-09-02T13:00+02:00,226.7325,13917.43533,46158.91282,60456.2475,70.07
2024-09-02T14:00+02:00,336.13,14035.09239,46295.01848,58661.24,70.07
2024-09-02T15:00+02:00,560.3175,14864.61042,43594.22921,58486.5275,70.07
2024-09-02T16:00+02:00,313.4725,16485.76761,36612.36197,57049.1925,70.07
2024-09-02T17:00+02:00,6999.635,18899.02718,27442.61925,57992.515,70.07
2024-09-02T18:00+02:00,8476.535,22136.07333,19427.1303,58840.8425,70.07
2024-09-02T19:00+02:00,10354.7525,22916.05257,16205.38769,58853.9225,70.07
2024-09-02T20:00+02:00,8672.9175,23036.90039,17329.01224,58692.615,70.07
2024-09-02T21:00+02:00,6970.07,22481.87595,18909.93139,55741.535,70.07
2024-09-02T22:00+02:00,5834.8275,22098.07527,18244.94267,51314.535,70.07
2024-09-02T23:00+02:00,4258.6675,21459.38337,18216.224,48202.3275,70.07
2024-09-03T00:00+02:00,4997.895,20880.32849,16444.9565,46132.6075,70.07
2024-09-03T01:00+02:00,5080.845,20797.50748,14049.52295,44377.53,70.07
2024-09-03T02:00+02:00,6399.5525,20891.21729,13078.28043,43789.1975,70.07
2024-09-03T03:00+02:00,8836.3625,20789.03404,12158.62851,43543.41,70.07
2024-09-03T04:00+02:00,9429.6975,20836.22659,12259.42689,44577.3375,70.07
2024-09-03T05:00+02:00,10184.96,21277.70769,11680.42082,47498.585,70.07
2024-09-03T06:00+02:00,10594.0425,23036.99007,11086.11219,53601.68,70.07
2024-09-03T07:00+02:00,10963.1475,23291.36135,13754.28816,58010.67,70.07
2024-09-03T08:00+02:00,9289.5,23327.56937,19972.89752,60652.955,70.07
2024-09-03T09:00+02:00,7289.6675,22397.22121,27404.10464,62092.3275,70.07
2024-09-03T10:00+02:00,2761.005,20066.67539,35453.66026,62646.6475,70.07
2024-09-03T11:00+02:00,956.2275,18585.20453,41381.49043,62438.63,70.07
2024-09-03T12:00+02:00,-1559.735,17542.12689,44054.4888,62440.9475,70.07
2024-09-03T13:00+02:00,-2386.32,17998.82021,43817.29882,61412.8575,70.07
2024-09-03T14:00+02:00,-1172.185,17863.10209,41486.90017,60064.265,70.07
2024-09-03T15:00+02:00,1154,18738.91549,37284.01922,59291.065,70.07
2024-09-03T16:00+02:00,3896.0475,20281.1027,31059.60534,59637.8825,70.07
2024-09-03T17:00+02:00,7188.275,23000.33708,23284.35436,59852.4125,70.07
2024-09-03T18:00+02:00,11025.68,24986.68579,15445.90044,59925.965,70.07
2024-09-03T19:00+02:00,13508.4075,25531.5898,10745.2447,59422.3575,70.07
2024-09-03T20:00+02:00,12571.3475,25350.69259,9900.839969,58616.86,70.07
2024-09-03T21:00+02:00,12649.2875,24728.26147,9480.799642,55689.7875,70.07
2024-09-03T22:00+02:00,12095.15,23856.79998,9543.347711,51858.4125,70.07
2024-09-03T23:00+02:00,11148.86,23508.53952,9589.102808,48806.18,70.07
2024-09-04T00:00+02:00,10408.59,22430.72758,9518.259737,46681.3575,70.07
2024-09-04T01:00+02:00,10312.64,22149.56587,9604.20172,45284.7025,70.07
2024-09-04T02:00+02:00,10429.6025,22057.78693,9710.731575,44500.8125,70.07
2024-09-04T03:00+02:00,10883.375,21824.43534,9701.698366,44955.995,70.07
2024-09-04T04:00+02:00,10854.2425,21944.45316,9356.54172,45372.17,70.07
2024-09-04T05:00+02:00,10582.485,23069.75804,9337.823248,47935.8225,70.07
2024-09-04T06:00+02:00,12196.115,24374.58126,9962.852109,54764.1825,70.07
2024-09-04T07:00+02:00,11694.2825,24691.2199,13376.72936,59314.3425,70.07
2024-09-04T08:00+02:00,11265.2825,24319.00673,18802.32142,62456.92,70.07
2024-09-04T09:00+02:00,7517.8625,23440.91523,24623.88613,63130.3225,70.07
2024-09-04T10:00+02:00,6973.2825,21662.19852,30169.77398,63600.0975,70.07
2024-09-04T11:00+02:00,4737.8225,20896.86871,35163.59016,64389.2825,70.07
2024-09-04T12:00+02:00,3567.385,19841.97992,38394.03086,64129.5725,70.07
2024-09-04T13:00+02:00,3004.11,19396.18891,39318.99093,62974.5075,70.07
2024-09-04T14:00+02:00,3118.7125,18310.08806,38378.23704,62702.875,70.07
2024-09-04T15:00+02:00,3935.22,18734.06133,34635.99722,61277.5475,70.07
2024-09-04T16:00+02:00,4622.3925,20722.42967,29890.18806,60527.2275,70.07
2024-09-04T17:00+02:00,8101.8125,21713.86477,24946.17276,61231.755,70.07
2024-09-04T18:00+02:00,10282.49,23095.04713,20150.66385,61338.2,70.07
2024-09-04T19:00+02:00,8837.8375,23923.90507,17735.65766,61018.3675,70.07
2024-09-04T20:00+02:00,7090.5975,23919.22699,17737.2253,60327.7875,70.07
2024-09-04T21:00+02:00,6821.3875,23291.84369,17794.92317,57106.89,70.07
2024-09-04T22:00+02:00,6382.9225,21860.39175,17166.59247,52996.83,70.07
2024-09-04T23:00+02:00,6078.2475,20284.15424,16659.00096,49039.6975,70.07
2024-09-05T00:00+02:00,5118.9325,18965.5525,16492.67971,45976.495,70.07
2024-09-05T01:00+02:00,5281.26,17673.02758,16758.44024,43851.265,70.07
2024-09-05T02:00+02:00,6963.695,16799.81481,17482.29087,43082.13,70.07
2024-09-05T03:00+02:00,6272.01,16587.60024,18168.16458,43072.8,70.07
2024-09-05T04:00+02:00,6130.6475,16465.06522,19713.14238,43943.385,70.07
2024-09-05T05:00+02:00,6395.2875,16518.96789,21617.56402,47449.4375,70.07
2024-09-05T06:00+02:00,7233.795,17777.05045,24308.83426,54064.27,70.07
2024-09-05T07:00+02:00,6105.67,17802.94245,28943.44494,58880.1225,70.07
2024-09-05T08:00+02:00,4798.245,16789.97698,35101.80078,61798.035,70.07
2024-09-05T09:00+02:00,2468.2025,14878.51545,43054.23377,63164.095,70.07
2024-09-05T10:00+02:00,359.315,13251.50693,48854.35838,62588.105,70.07
2024-09-05T11:00+02:00,-6939.14,12624.02972,55994.38269,62937.055,70.07
2024-09-05T12:00+02:00,-9067.885,12086.27929,59614.76665,62096.66,70.07
2024-09-05T13:00+02:00,-9898.415,11646.33297,60338.88916,61870.0675,70.07
2024-09-05T14:00+02:00,-9847.56,11626.98778,59008.97006,60600.3425,70.07
2024-09-05T15:00+02:00,-10013.425,11971.71699,57186.14373,60419.72,70.07
2024-09-05T16:00+02:00,-9831.6025,12579.92606,53447.89677,60669.1725,70.07
2024-09-05T17:00+02:00,-5695.5575,14362.58392,44790.1249,60836.23,70.07
2024-09-05T18:00+02:00,-868.9425,15366.1516,36730.33379,60944.32,70.07
2024-09-05T19:00+02:00,892.325,15508.02471,34669.18282,60817.1775,70.07
2024-09-05T20:00+02:00,-790.655,15883.72947,36086.86536,59986.5975,70.07
2024-09-05T21:00+02:00,-2142.67,15736.63461,36777.32466,56489.0275,70.07
2024-09-05T22:00+02:00,-3635.0425,15526.96723,35870.81346,52088.725,70.07
2024-09-05T23:00+02:00,-4128.86,15308.69535,33682.93594,48360.695,70.07
2024-09-06T00:00+02:00,-1605.5375,14626.16886,33267.07841,46217.39,70.07
2024-09-06T01:00+02:00,-1368.5225,15561.57381,31092.33721,44686.6025,70.07
2024-09-06T02:00+02:00,917.9075,15473.10813,30325.96831,43588.445,70.07
2024-09-06T03:00+02:00,2490.47,14698.84649,28843.06916,43627.22,70.07
2024-09-06T04:00+02:00,2780.4425,15075.20851,28007.30581,44334.3325,70.07
2024-09-06T05:00+02:00,4064.4425,15443.66864,29082.95046,47893.1225,70.07
2024-09-06T06:00+02:00,5230.425,16391.77307,30308.7237,54666.995,70.07
2024-09-06T07:00+02:00,5532.705,17143.74675,30434.92184,58644.93,70.07
2024-09-06T08:00+02:00,4912.675,16822.30765,33326.31404,61466.9675,70.07
2024-09-06T09:00+02:00,3867.7325,16617.15454,37395.19548,62234.2875,70.07
2024-09-06T10:00+02:00,1455.6225,15948.43341,43436.86601,63475.805,70.07
2024-09-06T11:00+02:00,-973.4825,15945.93284,47813.92662,63153.29,67.7675
2024-09-06T12:00+02:00,-4399.4825,15665.77167,50716.17148,62053.3475,67
2024-09-06T13:00+02:00,-5844.1725,16025.97113,50316.48382,60521.6075,67
2024-09-06T14:00+02:00,-5182.1475,16277.58299,48389.51589,58247.0975,67
2024-09-06T15:00+02:00,-2460.95,16042.28453,44620.64376,57267.03,67
2024-09-06T16:00+02:00,-1312.8925,16791.38035,38753.52631,56151.865,67
2024-09-06T17:00+02:00,3732.78,16939.94049,33132.03889,57482.2025,67
2024-09-06T18:00+02:00,4956.03,19033.42671,26609.8729,58691.105,67
2024-09-06T19:00+02:00,4797.1725,20206.74786,24030.73515,58616.605,67
2024-09-06T20:00+02:00,3347.21,20014.59573,24755.25658,58269.4475,67
2024-09-06T21:00+02:00,4466.1775,19316.84795,24913.7932,55069.1575,67
2024-09-06T22:00+02:00,3678.8925,17751.00993,23711.07271,50389.37,67
2024-09-06T23:00+02:00,5083.7975,15908.44416,21591.90986,46539.2675,67
2024-09-07T00:00+02:00,6107.315,15236.53745,19193.91313,43481.5675,67
2024-09-07T01:00+02:00,6602.5925,15170.76963,17395.36586,41655.7725,67
2024-09-07T02:00+02:00,6354.3925,15036.32199,16074.61321,40446.53,67
2024-09-07T03:00+02:00,6496.9,14956.48901,15532.85613,40260.5025,67
2024-09-07T04:00+02:00,7127.2675,14769.63027,14974.25701,40058.2525,67
2024-09-07T05:00+02:00,7693.965,14590.58409,14649.59197,40595.1375,67
2024-09-07T06:00+02:00,8888.73,14925.13048,14666.10734,41913.575,67
2024-09-07T07:00+02:00,7744.6075,14839.25832,17587.04361,43768.025,67
2024-09-07T08:00+02:00,6729.3775,13642.92446,24141.64111,46861.45,67
2024-09-07T09:00+02:00,3324.6125,12197.71317,31683.56219,49502.98,67
2024-09-07T10:00+02:00,1981.175,10423.72366,38844.26609,51108.6475,67
2024-09-07T11:00+02:00,-1454.06,9084.499034,44793.41294,51293.1075,67
2024-09-07T12:00+02:00,-4849.8875,8704.175043,48425.02039,50436.3175,67
2024-09-07T13:00+02:00,-5976.2275,8552.283936,48799.98727,48414.0525,67
2024-09-07T14:00+02:00,-6040.575,8516.450939,46675.20632,47441.5025,67
2024-09-07T15:00+02:00,-2065.2575,8875.673079,41994.63004,46936.4175,67
2024-09-07T16:00+02:00,2335.8025,10699.68198,34825.00838,46836.25,67
2024-09-07T17:00+02:00,3930.185,14951.98117,25395.30776,47893.185,67
2024-09-07T18:00+02:00,6864.9125,17931.34436,16365.2837,49202.915,67
2024-09-07T19:00+02:00,8601.1075,18717.91509,12130.35088,49429.9075,67
2024-09-07T20:00+02:00,6299.7125,18540.27778,13695.975,48803.64,67
2024-09-07T21:00+02:00,3591.91,17823.97323,16592.04392,46486.2475,67
2024-09-07T22:00+02:00,2737.7525,16615.19394,18041.61825,44314.7525,67
2024-09-07T23:00+02:00,3398.5,15436.43133,17834.07298,41959.1575,67
2024-09-08T00:00+02:00,4333.6675,14659.64041,17045.73859,40076.38,67
2024-09-08T01:00+02:00,5060.2425,14205.18511,16466.97459,37959.63,67
2024-09-08T02:00+02:00,4757.205,13857.80535,16170.72045,36122.95,67
2024-09-08T03:00+02:00,4678.2625,13668.38124,15502.09554,35876.455,67
2024-09-08T04:00+02:00,5388.6625,13485.49423,14992.74884,35804.68,67
2024-09-08T05:00+02:00,6760.6925,13272.49348,14803.29879,35985.045,67
2024-09-08T06:00+02:00,6790.4725,13016.68746,15061.62331,36846.805,67
2024-09-08T07:00+02:00,6599.405,12377.48447,17737.06285,38935.18,67
2024-09-08T08:00+02:00,8339.65,10924.17655,23367.02021,42002.41,67
2024-09-08T09:00+02:00,8911.4075,8649.533007,29033.12883,45050.9975,67
2024-09-08T10:00+02:00,5795.3025,8460.13664,34428.25065,47213.325,67
2024-09-08T11:00+02:00,3634.755,8649.744687,38911.31045,48823.235,67
2024-09-08T12:00+02:00,1542.5425,8758.611142,40007.98877,48205.1575,67
2024-09-08T13:00+02:00,1016.42,8038.065383,38652.29938,46533.0325,67
2024-09-08T14:00+02:00,3873.7825,7928.709554,35650.06873,45839.93,67
2024-09-08T15:00+02:00,6727.4725,8225.102118,31624.20621,45524.5875,67
2024-09-08T16:00+02:00,8241.085,10724.60563,25026.04873,44967.6875,67
2024-09-08T17:00+02:00,7242.265,13685.40007,18707.95958,46230.585,67
2024-09-08T18:00+02:00,8741.8675,16347.16894,14663.07416,48088.6075,67
2024-09-08T19:00+02:00,8931.2975,18537.13031,12952.54549,49141.675,67
2024-09-08T20:00+02:00,7254.1175,19139.83156,12883.31341,49015.95,67
2024-09-08T21:00+02:00,7253.1825,19060.16035,13810.47088,47567.3575,67
2024-09-08T22:00+02:00,7334.245,18498.75548,14488.35419,45683.825,67
2024-09-08T23:00+02:00,6708.8775,17842.8218,14479.78903,43204.06,67
2024-09-09T00:00+02:00,6509.0475,17191.22896,14160.25634,42035.8375,67
2024-09-09T01:00+02:00,8518.135,16589.16585,14318.82374,41374.6925,67
2024-09-09T02:00+02:00,8888.74,16368.86412,14629.40431,40921.32,67
2024-09-09T03:00+02:00,9199.37,16525.10302,14047.97559,40994.6425,67
2024-09-09T04:00+02:00,9226.8475,16880.41178,13655.77427,41545.3725,67
2024-09-09T05:00+02:00,9237.4625,18266.98186,13553.7357,44519.1,67
2024-09-09T06:00+02:00,9288.9225,20562.61205,14194.23804,51835.5475,67
2024-09-09T07:00+02:00,8915.45,21362.42487,15492.01734,56681.31,67
2024-09-09T08:00+02:00,9480.57,21617.56534,17631.97078,59496.525,67
2024-09-09T09:00+02:00,9389.68,21481.84131,20859.07722,61206.7775,67
2024-09-09T10:00+02:00,8573.29,21144.77245,24136.54375,62217.5175,67
2024-09-09T11:00+02:00,7162.3675,20117.60963,28947.26017,62444.07,67
2024-09-09T12:00+02:00,6996.925,18254.58311,32802.20625,62080.7475,67
2024-09-09T13:00+02:00,4882.99,17196.6142,36302.12969,61821.2675,67
2024-09-09T14:00+02:00,4044.235,16134.86253,36291.54815,60057.6925,67
2024-09-09T15:00+02:00,4246.42,16312.30198,35188.59682,59030.79,67
2024-09-09T16:00+02:00,3847.8925,16816.95531,33272.40966,58061.325,67
2024-09-09T17:00+02:00,4116.8025,18210.41249,30332.18465,58699.2175,67
2024-09-09T18:00+02:00,5036.8725,19666.08904,26830.03255,59746.0725,67
2024-09-09T19:00+02:00,5071.3475,20681.38075,25494.57282,60090.745,67
2024-09-09T20:00+02:00,4265.72,21026.39295,26201.49582,58652.605,67
2024-09-09T21:00+02:00,3020.84,19902.48184,27746.65118,55422.7775,67
2024-09-09T22:00+02:00,2831.57,18014.34959,27243.3067,50950.5525,67
2024-09-09T23:00+02:00,1789.695,15564.614,27377.89419,46937.7575,67
2024-09-10T00:00+02:00,5145.105,12782.71588,28879.54281,45265.1525,67
2024-09-10T01:00+02:00,6338.645,10761.36943,28712.57027,43952.8875,67
2024-09-10T02:00+02:00,6792.24,10191.80758,28413.57099,42887.94,67
2024-09-10T03:00+02:00,8058.6975,9880.624515,27266.78636,43268.8125,67
2024-09-10T04:00+02:00,7625.0025,10330.66885,26647.39312,43943.2,67
2024-09-10T05:00+02:00,6473.925,12189.62722,25964.33464,47849.405,67
2024-09-10T06:00+02:00,6940.2025,14769.46926,25685.79943,55534.055,67
2024-09-10T07:00+02:00,8353.1075,16034.2823,27427.58525,59903.4625,67
2024-09-10T08:00+02:00,8325.8825,15695.9442,31119.88513,62555.5025,67
2024-09-10T09:00+02:00,6639.0675,14301.91543,37347.91793,63031.09,67
2024-09-10T10:00+02:00,5970.6375,11840.15911,44958.15618,64682.325,67
2024-09-10T11:00+02:00,3068.385,11680.06642,50246.05074,64047.7425,67
2024-09-10T12:00+02:00,-829.595,11146.81185,53109.94732,63200.7375,67
2024-09-10T13:00+02:00,-1601.92,10074.11625,54239.43324,61849.83,67
2024-09-10T14:00+02:00,-3133.6825,9545.026371,54931.74922,60678.0075,67
2024-09-10T15:00+02:00,-2923.7725,9805.007744,53213.53645,59635.03,67
2024-09-10T16:00+02:00,-1463.73,10791.95456,49260.59132,59135.4925,67
2024-09-10T17:00+02:00,2422.3675,11985.56641,45618.70096,59662.675,67
2024-09-10T18:00+02:00,4961.03,11971.95912,40827.46569,59995.895,67
2024-09-10T19:00+02:00,5274.0075,11195.86337,38206.22384,59959.06,67
2024-09-10T20:00+02:00,4313.7675,11537.83489,37042.3649,58340.12,67
2024-09-10T21:00+02:00,4127.3525,11413.96563,36477.68978,54931.715,67
2024-09-10T22:00+02:00,2420.9025,11031.0452,35198.21077,50715.525,67
2024-09-10T23:00+02:00,2564.51,11073.92366,33661.33514,47193.37,67
2024-09-11T00:00+02:00,2784.17,10373.55683,32068.2485,45296.685,67
2024-09-11T01:00+02:00,2811.955,9851.435389,31601.09376,44295.675,67
2024-09-11T02:00+02:00,3804.555,9474.867718,30790.72686,43173.4225,67
2024-09-11T03:00+02:00,3599.2,9446.156227,31250.11611,43446.795,67
2024-09-11T04:00+02:00,4123.9175,9723.168927,30673.21769,44529.6225,67
2024-09-11T05:00+02:00,4509.825,10607.61517,30602.49205,47750.2375,67
2024-09-11T06:00+02:00,4972.98,13279.13548,31706.39588,54791.6375,67
2024-09-11T07:00+02:00,4714.27,14491.85709,32793.94877,59425.7,67
2024-09-11T08:00+02:00,2929.3125,15260.09921,35623.97004,61548.83,67
2024-09-11T09:00+02:00,3691.605,14432.60012,39322.82088,62937.765,67
2024-09-11T10:00+02:00,6397.6075,12686.09859,40474.93141,63574.27,67
2024-09-11T11:00+02:00,8891.4025,12664.44742,40375.3,63246.9975,67
2024-09-11T12:00+02:00,9884.445,12572.28536,40354.77682,62702.5175,67
2024-09-11T13:00+02:00,7841.5775,13329.7647,38498.78319,61289.3175,67
2024-09-11T14:00+02:00,8880.1425,14328.54879,37149.04304,60095.395,67
2024-09-11T15:00+02:00,7584.1725,14930.09444,34178.38281,58066.255,67
2024-09-11T16:00+02:00,7481.835,16248.95912,29937.66461,57815.0425,67
2024-09-11T17:00+02:00,7814.0475,19585.91631,24479.7489,58890.4825,67
2024-09-11T18:00+02:00,9980.905,21871.13279,21173.22604,59450.9425,67
2024-09-11T19:00+02:00,9493.07,22628.00724,18925.75302,58961.88,67
2024-09-11T20:00+02:00,7342.0575,21730.81038,19292.86011,57942.6775,67
2024-09-11T21:00+02:00,5978.1275,21502.6208,19524.85275,54253.605,67
2024-09-11T22:00+02:00,5434.8625,20160.90167,20407.41012,50740.9775,67
2024-09-11T23:00+02:00,4611.335,18639.52723,19786.18367,47081.5525,67
2024-09-12T00:00+02:00,4024.27,17816.70296,20407.22268,44975.1075,67
2024-09-12T01:00+02:00,4611.9075,16807.30769,19643.23806,43393.4175,67
2024-09-12T02:00+02:00,4653.0775,16408.98829,20195.75868,42988.5,67
2024-09-12T03:00+02:00,5737.05,16259.68692,19265.3211,43341.5575,67
2024-09-12T04:00+02:00,5358.3475,16964.74249,18668.53382,43665.3075,67
2024-09-12T05:00+02:00,6716.0425,18623.97263,17975.40254,46605.895,67
2024-09-12T06:00+02:00,8435.855,21260.38016,17775.15709,53967.575,67
2024-09-12T07:00+02:00,8022.27,21625.17643,18242.63714,58515.0325,67
2024-09-12T08:00+02:00,6813.6525,21496.75902,20355.28911,60495.935,67
2024-09-12T09:00+02:00,6572.68,21368.28339,24929.58373,61486.9725,67
2024-09-12T10:00+02:00,5139.825,20364.88834,30840.44003,61321.9425,67
2024-09-12T11:00+02:00,4605.59,18045.61815,35613.03351,61304.7825,67
2024-09-12T12:00+02:00,4352.0775,17000.09526,37174.98083,60824.7375,67
2024-09-12T13:00+02:00,4485.7825,17099.97993,37323.01724,59140.4975,67
2024-09-12T14:00+02:00,4204.625,17575.94518,34788.84143,57213.2725,67
2024-09-12T15:00+02:00,4366.775,18246.28568,30354.33027,55945.61,67
2024-09-12T16:00+02:00,7930.4,19474.60809,25036.29972,55495.515,67
2024-09-12T17:00+02:00,10817.83,21051.15999,18861.06922,56603.695,67
2024-09-12T18:00+02:00,12575.5025,22790.61118,13298.03622,57087.4925,67
2024-09-12T19:00+02:00,13740.11,23378.7725,10255.00026,57141.1525,67
2024-09-12T20:00+02:00,12803.585,22976.3003,9938.985688,55917.895,67
2024-09-12T21:00+02:00,12881.8,21981.18632,9899.963113,52720.5625,67
2024-09-12T22:00+02:00,12449.86,21185.63903,9819.336401,49019.74,67
2024-09-12T23:00+02:00,11998.3625,19443.77256,10080.13409,45234.4025,67
2024-09-13T00:00+02:00,11832.9075,17632.75495,10623.46568,42489.0875,67
2024-09-13T01:00+02:00,11295.8325,16724.73359,11756.86103,41676.1225,67
2024-09-13T02:00+02:00,11094.665,16027.37831,12559.1414,41103.99,67
2024-09-13T03:00+02:00,11803.4525,15785.20839,13716.87272,41204.455,67
2024-09-13T04:00+02:00,10773.705,15808.6296,14641.44584,42104.5475,67
2024-09-13T05:00+02:00,10225.5225,16773.35244,15680.00524,45307.0575,67
2024-09-13T06:00+02:00,12022.88,18087.70412,16759.09747,53159.6,67
2024-09-13T07:00+02:00,10807.0625,18785.21195,17976.20463,57504.4825,67
2024-09-13T08:00+02:00,10443.1025,18441.45509,21164.30293,59641.565,67
2024-09-13T09:00+02:00,9859.0825,17473.71564,25566.0874,60789.3925,67
2024-09-13T10:00+02:00,9084.725,15875.22455,30120.31868,60722.76,67
2024-09-13T11:00+02:00,9422.9825,13805.39963,34576.16668,60552.04,65.4175
2024-09-13T12:00+02:00,7749.465,11247.32818,37213.82312,60056.305,64.89
2024-09-13T13:00+02:00,6535.6,10784.61134,39073.19648,59979.935,64.89
2024-09-13T14:00+02:00,8435.9175,10273.69175,40726.25989,58954.5625,64.89
2024-09-13T15:00+02:00,5988.9925,10591.85943,41351.48078,57760.285,64.89
2024-09-13T16:00+02:00,5916.98,10998.02056,39742.97216,57029.4725,64.89
2024-09-13T17:00+02:00,5173.6625,11519.27839,36808.62119,57903.525,64.89
2024-09-13T18:00+02:00,6095.94,11682.49273,32509.24525,58347.595,64.89
2024-09-13T19:00+02:00,4814.32,12350.95956,30347.05973,58009.465,64.89
2024-09-13T20:00+02:00,5222.9875,12218.50882,30338.14224,56282.76,64.89
2024-09-13T21:00+02:00,4569.3925,11724.02783,31518.44992,53267.245,64.89
2024-09-13T22:00+02:00,2317.6575,10629.3958,30960.9201,49087.9475,64.89
2024-09-13T23:00+02:00,2735.335,9323.738573,30037.89195,44390.035,64.89
2024-09-14T00:00+02:00,2661.835,8665.71603,29639.13193,41517.2275,64.89
2024-09-14T01:00+02:00,2839.29,8582.954232,29363.83238,39890.3,64.89
2024-09-14T02:00+02:00,2961.685,8678.190518,28549.49023,39388.58,64.89
2024-09-14T03:00+02:00,4065.8025,8638.469474,27818.21712,39131.505,64.89
2024-09-14T04:00+02:00,4958.805,8392.779061,27407.75192,39460.5075,64.89
2024-09-14T05:00+02:00,5047.5075,8421.467606,26895.96265,39575.6575,64.89
2024-09-14T06:00+02:00,4611.895,8573.899161,26316.04336,41411.7525,64.89
2024-09-14T07:00+02:00,4047.5125,9039.961574,26133.81277,43728.2825,64.89
2024-09-14T08:00+02:00,4140.6275,9576.528692,28272.30481,47036.23,64.89
2024-09-14T09:00+02:00,5078.4875,9217.839171,32875.69774,49282.515,64.89
2024-09-14T10:00+02:00,3361.805,9094.458948,39367.3711,50834.39,64.89
2024-09-14T11:00+02:00,1255.635,8993.008621,43727.96512,51649.955,64.89
2024-09-14T12:00+02:00,-1254.9375,8969.791783,45010.94796,51419.9,64.89
2024-09-14T13:00+02:00,-2569.105,8533.482874,45466.49046,49418.8675,64.89
2024-09-14T14:00+02:00,-2035.345,8436.498487,44757.51121,47608.28,64.89
2024-09-14T15:00+02:00,-928.9675,8347.000512,42487.04424,47307.71,64.89
2024-09-14T16:00+02:00,315.755,8457.716527,38978.52669,47128.9675,64.89
2024-09-14T17:00+02:00,2392.5,9151.834195,34398.31518,48105.71,64.89
2024-09-14T18:00+02:00,5617.8825,10149.83351,27509.15134,49624.545,64.89
2024-09-14T19:00+02:00,6562.375,11214.69112,21927.04778,49734.45,64.89
2024-09-14T20:00+02:00,6472.1075,11439.95794,20694.27729,48595.1075,64.89
2024-09-14T21:00+02:00,6698.12,11301.56061,20436.07794,45834.425,64.89
2024-09-14T22:00+02:00,5955.57,11050.31382,19852.21739,43187.5525,64.89
2024-09-14T23:00+02:00,6477.3225,10525.1105,19165.74407,40540.385,64.89
2024-09-15T00:00+02:00,6511.8925,10169.76506,18803.59371,38322.405,64.89
2024-09-15T01:00+02:00,6624.535,10297.52941,17818.27942,36627.445,64.89
2024-09-15T02:00+02:00,7122.3975,10150.7788,17179.50078,35623.275,64.89
2024-09-15T03:00+02:00,6994.24,10131.06282,16936.77206,35295.23,64.89
2024-09-15T04:00+02:00,7245.8225,10238.34496,16872.15399,35542.7,64.89
2024-09-15T05:00+02:00,7566.5225,10578.63702,17211.58955,36333.2275,64.89
2024-09-15T06:00+02:00,6163.1475,10676.78497,17810.11667,37551.9,64.89
2024-09-15T07:00+02:00,5917.52,10741.58621,19201.51102,38924.185,64.89
2024-09-15T08:00+02:00,4977.05,10558.82696,23786.33979,41713.305,64.89
2024-09-15T09:00+02:00,5530.9575,9011.777325,30517.17919,44824.66,64.89
2024-09-15T10:00+02:00,2336.315,8416.430517,37844.0178,47043.035,64.89
2024-09-15T11:00+02:00,-1219.155,8592.59873,43534.28766,47607.285,64.89
2024-09-15T12:00+02:00,-3518.315,8576.625531,45239.75271,47149.64,64.89
2024-09-15T13:00+02:00,-6064.6025,8538.933464,45758.25237,44743.15,64.89
2024-09-15T14:00+02:00,-4587.49,8269.758073,43552.93228,42619.2375,64.89
2024-09-15T15:00+02:00,-498.53,8380.249443,38463.59954,42457.185,64.89
2024-09-15T16:00+02:00,3022.09,8390.158592,34078.4503,44152.885,64.89
2024-09-15T17:00+02:00,4007.8975,10624.08209,28142.54706,46466.0775,64.89
2024-09-15T18:00+02:00,6875.6225,11923.14452,21551.91915,48232.315,64.89
2024-09-15T19:00+02:00,7081.1625,13479.05692,17570.92066,48887.705,64.89
2024-09-15T20:00+02:00,8657.0975,14188.97935,16768.7308,48410.3475,64.89
2024-09-15T21:00+02:00,7849.935,14511.1135,16923.89479,46412.435,64.89
2024-09-15T22:00+02:00,9539.5425,14419.94785,16190.65589,44739.9975,64.89
2024-09-15T23:00+02:00,8566.32,14413.52031,14789.07002,42006.15,64.89
2024-09-16T00:00+02:00,8136.665,14464.33457,13734.10555,39747.485,64.89
2024-09-16T01:00+02:00,8058.7525,14443.02991,13252.89949,38925.635,64.89
2024-09-16T02:00+02:00,8443.485,14622.24899,13214.50776,38347.57,64.89
2024-09-16T03:00+02:00,8426.8575,15048.40891,14147.98513,38894.24,64.89
2024-09-16T04:00+02:00,7383.8025,15563.13849,14804.03529,40251.375,64.89
2024-09-16T05:00+02:00,7619.1575,16462.98964,15424.12724,43954.82,64.89
2024-09-16T06:00+02:00,8350.1925,18091.72079,16608.56127,52036.505,64.89
2024-09-16T07:00+02:00,7626.3425,19047.45144,18632.17803,57379.9175,64.89
2024-09-16T08:00+02:00,9701.0725,19398.29783,21109.54039,61156.7625,64.89
2024-09-16T09:00+02:00,8643.3025,19566.93687,23875.95333,62289.22,64.89
2024-09-16T10:00+02:00,8074.4975,19304.41422,26243.22183,62613.4025,64.89
2024-09-16T11:00+02:00,8799.255,18855.96972,28262.05732,62929.6775,64.89
2024-09-16T12:00+02:00,8585.5275,18605.12992,29464.60457,62585.7925,64.89
2024-09-16T13:00+02:00,6048.9325,18743.30775,29836.71169,61549.2625,64.89
2024-09-16T14:00+02:00,6199.3275,18920.36791,29310.18271,60725.825,64.89
2024-09-16T15:00+02:00,6872.4625,19102.89817,28734.76308,60521.6775,64.89
2024-09-16T16:00+02:00,6035.4475,19190.097,27470.97043,59554.055,64.89
2024-09-16T17:00+02:00,5517.2925,19978.56057,25427.01653,59688.5575,64.89
2024-09-16T18:00+02:00,5213.345,20804.73293,23549.24845,59799.3075,64.89
2024-09-16T19:00+02:00,6075.5275,20971.56098,23332.36376,60047.1625,64.89
2024-09-16T20:00+02:00,5585.7625,20399.30831,24619.94916,58041.4225,64.89
2024-09-16T21:00+02:00,2433.66,20026.54955,24452.35928,53788.3075,64.89
2024-09-16T22:00+02:00,1313.9825,19538.56766,23937.85046,50151.51,64.89
2024-09-16T23:00+02:00,1224.785,17861.8269,22967.64797,46561.7775,64.89
2024-09-17T00:00+02:00,-119,16949.19307,21929.55184,43686.4775,64.89
2024-09-17T01:00+02:00,1951.9275,16799.11579,21174.08453,42379.8175,64.89
2024-09-17T02:00+02:00,2854.9425,16659.67446,20614.16451,41262.8075,64.89
2024-09-17T03:00+02:00,3359.48,16551.39466,20307.3014,41488.6225,64.89
2024-09-17T04:00+02:00,3238.9725,17141.11641,20179.68056,42564.6675,64.89
2024-09-17T05:00+02:00,3053.0275,18126.03681,20355.64567,45953.01,64.89
2024-09-17T06:00+02:00,6231.945,19442.47277,21191.11939,53685.5225,64.89
2024-09-17T07:00+02:00,6336.4875,19912.3449,22904.30165,58643.165,64.89
2024-09-17T08:00+02:00,6952.5775,20218.23446,24564.56379,61461.9925,64.89
2024-09-17T09:00+02:00,6573.435,19973.72495,28036.14945,62594.8625,64.89
2024-09-17T10:00+02:00,6596.2075,18440.92002,31346.20931,63548.95,64.89
2024-09-17T11:00+02:00,5955.2175,16450.30889,35127.86794,64266.875,64.89
2024-09-17T12:00+02:00,5732.915,13625.18634,40047.33887,63827.6675,64.89
2024-09-17T13:00+02:00,3231.83,11624.92372,43674.78989,61172.3625,64.89
2024-09-17T14:00+02:00,1793.565,10776.17018,44898.90569,58681.745,64.89
2024-09-17T15:00+02:00,2060.6325,11238.31524,43137.51978,57038.4825,64.89
2024-09-17T16:00+02:00,3264.25,13452.74738,38793.88634,56742.8875,64.89
2024-09-17T17:00+02:00,4435.9925,16523.46559,31524.68739,57400.3625,64.89
2024-09-17T18:00+02:00,7062.035,18850.62328,24406.44691,58813.8075,64.89
2024-09-17T19:00+02:00,7339.5025,19133.34923,23040.8636,59396.64,64.89
2024-09-17T20:00+02:00,6319.2875,18689.96156,25005.57991,58186.97,64.89
2024-09-17T21:00+02:00,4417.3,17852.58989,24985.51843,54519.8725,64.89
2024-09-17T22:00+02:00,2434.6825,17344.80859,23953.03566,50250.12,64.89
2024-09-17T23:00+02:00,2726.165,16661.2425,22152.7626,46001.815,64.89
2024-09-18T00:00+02:00,3167.9725,16457.94784,20909.39355,43079.19,64.89
2024-09-18T01:00+02:00,4086.0225,16654.79332,19969.74882,41658.3875,64.89
2024-09-18T02:00+02:00,4459.8025,16454.65322,19171.87143,41190.3225,64.89
2024-09-18T03:00+02:00,4546.6475,16795.0658,18508.53734,41114.7025,64.89
2024-09-18T04:00+02:00,4307.145,17202.0154,17869.87478,41938.26,64.89
2024-09-18T05:00+02:00,4942.2825,18594.8831,17613.42142,45595.0775,64.89
2024-09-18T06:00+02:00,9471.195,20145.78361,18162.12136,53549.52,64.89
2024-09-18T07:00+02:00,8606.5175,20632.63627,19884.92418,58371.9575,64.89
2024-09-18T08:00+02:00,7913.625,20683.71092,23897.14203,60925.24,64.89
2024-09-18T09:00+02:00,6045.38,19942.62543,29517.86178,61476.37,64.89
2024-09-18T10:00+02:00,6212.57,16901.9018,36611.12973,61695.02,64.89
2024-09-18T11:00+02:00,3093.705,13193.31783,44518.31615,60697.57,64.89
2024-09-18T12:00+02:00,645.45,10107.3458,50117.4067,58618.4525,64.89
2024-09-18T13:00+02:00,-1031.77,9774.257395,51291.14169,56906.7025,64.89
2024-09-18T14:00+02:00,-2393.425,9702.730969,51000.00304,55394.7075,64.89
2024-09-18T15:00+02:00,-2781.19,9616.891498,48226.09941,55180.165,64.89
2024-09-18T16:00+02:00,732.9375,11102.18089,42588.08987,55149.2775,64.89
2024-09-18T17:00+02:00,3400.7025,14768.7736,34136.19767,56586.7475,64.89
2024-09-18T18:00+02:00,4769.6625,17730.70632,26496.50753,58344.0775,64.89
2024-09-18T19:00+02:00,5649.0775,17862.19786,25672.66461,58885.0675,64.89
2024-09-18T20:00+02:00,4524.4875,17551.4238,28352.90505,57393.0975,64.89
2024-09-18T21:00+02:00,2977.9125,16841.21346,29290.99026,53902.7375,64.89
2024-09-18T22:00+02:00,1825.015,15974.80485,27844.95283,49983.7325,64.89
2024-09-18T23:00+02:00,2200.1925,14982.5633,25937.92336,45828.4425,64.89
2024-09-19T00:00+02:00,2544.59,14533.12752,23905.54541,43036.4075,64.89
2024-09-19T01:00+02:00,4632.27,13884.69437,22049.40397,41639.3,64.89
2024-09-19T02:00+02:00,4641.5575,14088.28949,20686.71689,40891.79,64.89
2024-09-19T03:00+02:00,3670.575,14547.23671,19831.36542,40570.12,64.89
2024-09-19T04:00+02:00,4736.6325,14959.16307,19764.86798,41934.37,64.89
2024-09-19T05:00+02:00,5452.0075,16177.65632,19747.76268,45932.88,64.89
2024-09-19T06:00+02:00,7457.0775,17447.19378,20565.86747,53849.59,64.89
2024-09-19T07:00+02:00,8521.5075,17764.55703,22342.11056,58508.1875,64.89
2024-09-19T08:00+02:00,7749.77,17966.75998,27312.62168,61447.175,64.89
2024-09-19T09:00+02:00,4865.85,16561.0296,33688.33709,61840.575,64.89
2024-09-19T10:00+02:00,4064.8475,14024.28861,40421.84073,61266.4075,64.89
2024-09-19T11:00+02:00,1883.8725,11715.59671,47260.16098,60413.3275,64.89
2024-09-19T12:00+02:00,-2190.565,10157.84823,52184.82498,58483.175,64.89
2024-09-19T13:00+02:00,-4052.49,9839.901438,53975.80531,57109.5925,64.89
2024-09-19T14:00+02:00,-3686.31,9256.210922,53112.63009,56073.9225,64.89
2024-09-19T15:00+02:00,-3370.3025,9013.21841,50552.32051,55750.705,64.89
2024-09-19T16:00+02:00,1029.53,9731.736238,44434.08987,55520.7925,64.89
2024-09-19T17:00+02:00,1827.125,13747.17289,36581.02619,57458.74,64.89
2024-09-19T18:00+02:00,5241.305,16106.75109,29023.09634,58943.495,64.89
2024-09-19T19:00+02:00,4807.8225,16579.04652,27645.32269,59527.6975,64.89
2024-09-19T20:00+02:00,2758.145,16401.4216,30145.28644,57658.1125,64.89
2024-09-19T21:00+02:00,1456.3575,15702.59793,30366.83851,53774.535,64.89
2024-09-19T22:00+02:00,728.0725,15500.83552,28709.7774,49631.4725,64.89
2024-09-19T23:00+02:00,989.9675,14233.37347,27346.2456,45769.7875,64.89
2024-09-20T00:00+02:00,1680.4725,13304.18202,25727.81906,43022.53,64.89
2024-09-20T01:00+02:00,2504.3825,12800.52196,25529.45031,41139.005,64.89
2024-09-20T02:00+02:00,2777.035,12309.89177,25289.49177,40488.56,64.89
2024-09-20T03:00+02:00,2075.215,12594.63091,25079.98993,40460.3325,64.89
2024-09-20T04:00+02:00,2612.865,12874.82761,24769.44451,41556.95,64.89
2024-09-20T05:00+02:00,3353.73,13793.38516,24279.09933,44978.6975,64.89
2024-09-20T06:00+02:00,6128.1925,14823.47973,24895.37372,52154.72,64.89
2024-09-20T07:00+02:00,7111.37,14929.50512,27022.4315,56642.64,64.89
2024-09-20T08:00+02:00,5642.6025,14743.86985,32206.78733,59500.0725,64.89
2024-09-20T09:00+02:00,3476.05,13244.15776,38841.64469,59761.42,64.89
2024-09-20T10:00+02:00,2902.275,10852.67723,46270.01733,59208.195,64.89
2024-09-20T11:00+02:00,-1300.5825,9370.322607,52680.42569,58476.85,63.6075
2024-09-20T12:00+02:00,-7866.4775,9110.894782,57784.81863,57189.05,63.18
2024-09-20T13:00+02:00,-8294.5075,8972.859202,57537.33588,55220.77,63.18
2024-09-20T14:00+02:00,-9868.8275,8388.882404,57025.03851,53772.0825,63.18
2024-09-20T15:00+02:00,-7122.895,8374.985764,53287.91978,53318.3675,63.18
2024-09-20T16:00+02:00,-1624.955,8982.595957,46476.50884,53105.895,63.18
2024-09-20T17:00+02:00,2380.76,11274.19591,36436.48539,53682.8275,63.18
2024-09-20T18:00+02:00,6517.28,13502.75366,26645.68222,55443.645,63.18
2024-09-20T19:00+02:00,7188.025,14119.40588,26462.89581,57004.4375,63.18
2024-09-20T20:00+02:00,4339.58,13562.19433,29668.95855,55075.6475,63.18
2024-09-20T21:00+02:00,2400.8275,12534.17169,31189.61158,51209.0975,63.18
2024-09-20T22:00+02:00,1319.665,11726.93605,30013.34449,47142.7775,63.18
2024-09-20T23:00+02:00,1316.315,11602.4168,27689.26768,43496.395,63.18
2024-09-21T00:00+02:00,450.5325,12185.29161,24900.71921,38557.0775,63.18
2024-09-21T01:00+02:00,1508.51,12303.72353,22341.34504,36874.875,63.18
2024-09-21T02:00+02:00,2344.26,12203.81456,20081.55729,35749.765,63.18
2024-09-21T03:00+02:00,2817.705,12274.04925,18498.6383,35077.0575,63.18
2024-09-21T04:00+02:00,4007.6225,12310.07511,17674.30567,35168.51,63.18
2024-09-21T05:00+02:00,4752.525,12327.957,17514.91737,36172.0475,63.18
2024-09-21T06:00+02:00,5318.4925,12426.02829,17856.06178,38384.8225,63.18
2024-09-21T07:00+02:00,4533.2925,12452.25364,19669.62987,40763.2475,63.18
2024-09-21T08:00+02:00,5406.4275,11799.95914,26225.8653,44122.69,63.18
2024-09-21T09:00+02:00,5007.6825,10128.02527,33854.04567,46939.6875,63.18
2024-09-21T10:00+02:00,1154.18,8303.957659,40579.08974,48006.41,63.18
2024-09-21T11:00+02:00,-3538.745,7877.75779,46499.39578,47244.835,63.18
2024-09-21T12:00+02:00,-7043.805,7605.093482,49922.03039,45711.2725,63.18
2024-09-21T13:00+02:00,-9265.4625,7434.899327,50408.08519,43958.7625,63.18
2024-09-21T14:00+02:00,-7917.19,7484.196352,47490.36887,42244.1825,63.18
2024-09-21T15:00+02:00,-5389.1975,7722.20562,43128.30371,41848.45,63.18
2024-09-21T16:00+02:00,1356.26,8540.360565,35129.07442,42013.78,63.18
2024-09-21T17:00+02:00,5663.5375,12297.40944,24451.36773,43354.4225,63.18
2024-09-21T18:00+02:00,9114.135,14161.59632,15982.44578,45328.5425,63.18
2024-09-21T19:00+02:00,8358.1475,15033.83264,15439.13881,46771.2925,63.18
2024-09-21T20:00+02:00,6655.925,15072.33135,18054,45920.135,63.18
2024-09-21T21:00+02:00,4470.045,14505.33845,18979.28927,43318.195,63.18
2024-09-21T22:00+02:00,4690.1175,13484.34271,18201.12163,40848.1,63.18
2024-09-21T23:00+02:00,6155.195,13008.13753,17008.5937,38188.6475,63.18
2024-09-22T00:00+02:00,6158.65,12687.16564,15251.71763,36016.0975,63.18
2024-09-22T01:00+02:00,6811.6925,12684.52992,13714.32607,33935.3225,63.18
2024-09-22T02:00+02:00,7594.15,12680.58185,12443.9527,32769.5675,63.18
2024-09-22T03:00+02:00,8212.28,12642.00277,11489.07754,32413.28,63.18
2024-09-22T04:00+02:00,8514.775,12687.00968,10944.76356,32501.5175,63.18
2024-09-22T05:00+02:00,8902.1375,12884.87781,10842.88218,32971.565,63.18
2024-09-22T06:00+02:00,9083.22,12843.33704,11024.65947,34332.14,63.18
2024-09-22T07:00+02:00,8278.77,12852.63627,12749.7453,35893,63.18
2024-09-22T08:00+02:00,7605.7775,12434.84104,19469.79577,39327.645,63.18
2024-09-22T09:00+02:00,6387.9,10649.03547,27374.79717,41981.15,63.18
2024-09-22T10:00+02:00,2653.0875,9600.255872,35037.62343,43535.7975,63.18
2024-09-22T11:00+02:00,-1143.64,8909.696458,40714.47037,43924.86,63.18
2024-09-22T12:00+02:00,-3877.365,8675.964112,43426.41596,43065.8525,63.18
2024-09-22T13:00+02:00,-4274.475,8368.69941,42155.59755,41273.66,63.18
2024-09-22T14:00+02:00,-3907.5275,8402.421714,38417.44856,39785.5925,63.18
2024-09-22T15:00+02:00,588.7525,9795.73775,32524.25904,39539.8175,63.18
2024-09-22T16:00+02:00,4239.63,12773.93092,25376.31034,40403.3675,63.18
2024-09-22T17:00+02:00,6605.51,16634.74309,17068.87261,42443.29,63.18
2024-09-22T18:00+02:00,10166.685,19528.42136,10828.72032,45033.8425,63.18
2024-09-22T19:00+02:00,9228.095,20015.08786,9714.347606,46169.39,63.18
2024-09-22T20:00+02:00,9293.645,20088.89442,10376.61787,45475.74,63.18
2024-09-22T21:00+02:00,8921.9125,19562.47292,10707.7501,43069.09,63.18
2024-09-22T22:00+02:00,8859.8975,18974.17217,10738.20733,41259.0175,63.18
2024-09-22T23:00+02:00,8477.12,18316.27978,10307.06895,38611.8325,63.18
2024-09-23T00:00+02:00,9553.7375,17709.36777,9640.231413,36880.5825,63.18
2024-09-23T01:00+02:00,10128.73,17509.19965,9103.161718,35791.575,63.18
2024-09-23T02:00+02:00,10437.805,17551.56765,8727.329997,35232.355,63.18
2024-09-23T03:00+02:00,11247.8725,17679.78184,8608.715758,35196.1125,63.18
2024-09-23T04:00+02:00,11083.11,18232.65038,8637.88755,36347.215,63.18
2024-09-23T05:00+02:00,10517.1675,19665.01549,8806.731945,40261.0125,63.18
2024-09-23T06:00+02:00,12337.5725,21570.37972,9288.92156,48795.5975,63.18
2024-09-23T07:00+02:00,13176.3275,22664.12057,10814.46469,54083.785,63.18
2024-09-23T08:00+02:00,14000.2475,23000.86192,15703.58985,57761.62,63.18
2024-09-23T09:00+02:00,10888.79,21721.37592,22419.97358,59028.95,63.18
2024-09-23T10:00+02:00,8720.525,19959.26696,28796.46751,60282.9725,63.18
2024-09-23T11:00+02:00,8392.2625,19025.18968,33142.61409,60624.43,63.18
2024-09-23T12:00+02:00,7988.295,18144.76815,35332.37175,59854.2375,63.18
2024-09-23T13:00+02:00,7729.265,17708.53506,34837.882,58427.8875,63.18
2024-09-23T14:00+02:00,8422.3825,18244.56952,31670.21943,55926.915,63.18
2024-09-23T15:00+02:00,7858.7,19852.25878,27155.92879,55316.6375,63.18
2024-09-23T16:00+02:00,8509.4925,21839.15731,21203.80173,54360.4675,63.18
2024-09-23T17:00+02:00,10601.35,23931.20063,15250.83609,55223.8425,63.18
2024-09-23T18:00+02:00,13033.915,24845.2493,11404.8878,55899.725,63.18
2024-09-23T19:00+02:00,12540.96,24866.97327,10549.49999,56397.13,63.18
2024-09-23T20:00+02:00,11650.395,24261.12677,11174.84979,54311.1725,63.18
2024-09-23T21:00+02:00,10394.01,23276.90986,11626.05688,50575.865,63.18
2024-09-23T22:00+02:00,8388.4025,22216.86686,12157.19232,46706.2175,63.18
2024-09-23T23:00+02:00,9212.5625,19118.44167,12885.13689,43007.1475,63.18
2024-09-24T00:00+02:00,7373.58,17121.51922,13236.83634,41163.81,63.18
2024-09-24T01:00+02:00,7293.0075,16505.80157,13037.82573,39422.2425,63.18
2024-09-24T02:00+02:00,8305.6775,16665.0493,12627.50124,38560.625,63.18
2024-09-24T03:00+02:00,8303.4625,17352.57387,12398.91429,39075.76,63.18
2024-09-24T04:00+02:00,7937.77,18174.69261,12472.97715,40162.22,63.18
2024-09-24T05:00+02:00,9385.2275,19136.87087,12713.20922,43478.48,63.18
2024-09-24T06:00+02:00,10783.3875,20746.91868,13839.79303,51422.9175,63.18
2024-09-24T07:00+02:00,11462.24,20918.88252,15129.96529,56107.5675,63.18
2024-09-24T08:00+02:00,13319.5125,20427.92859,18396.42812,59211.9925,63.18
2024-09-24T09:00+02:00,10994.965,20254.48509,22829.14554,60256.135,63.18
2024-09-24T10:00+02:00,9199.8475,19445.02463,28017.61938,61084.39,63.18
2024-09-24T11:00+02:00,7731.3,17549.16357,32564.53557,61756.735,63.18
2024-09-24T12:00+02:00,7546.405,16387.33692,35224.7373,60550.92,63.18
2024-09-24T13:00+02:00,6138.935,15931.53271,37427.54605,59353.4075,63.18
2024-09-24T14:00+02:00,5037.86,15256.17918,38853.99236,57687.74,63.18
2024-09-24T15:00+02:00,2646.055,15956.26424,38733.88625,56816.3425,63.18
2024-09-24T16:00+02:00,475.28,16426.31032,35382.25128,55558.43,63.18
2024-09-24T17:00+02:00,2342.615,18119.81291,30852.09888,56490.84,63.18
2024-09-24T18:00+02:00,4594.44,18426.31803,27146.10214,57094.505,63.18
2024-09-24T19:00+02:00,2380.91,18507.39194,29186.37429,58636.21,63.18
2024-09-24T20:00+02:00,84.8475,17565.24293,31761.59949,57261.58,63.18
2024-09-24T21:00+02:00,-607.65,15402.3695,33818.73191,53665.24,63.18
2024-09-24T22:00+02:00,-711.89,13108.45948,34841.43398,50045.17,63.18
2024-09-24T23:00+02:00,-899.65,11793.51252,34387.3028,45976.4375,63.18
2024-09-25T00:00+02:00,1220.6675,11616.1828,33890.24973,43796.06,63.18
2024-09-25T01:00+02:00,882.1325,11223.63293,33372.55936,42472.54,63.18
2024-09-25T02:00+02:00,536.2,11385.05303,32834.93962,41708.9875,63.18
2024-09-25T03:00+02:00,1113.8225,11408.00914,32242.71615,42112.81,63.18
2024-09-25T04:00+02:00,1337.82,12101.11837,31488.5945,43081.02,63.18
2024-09-25T05:00+02:00,1972.9025,13443.98206,31028.00053,46395.825,63.18
2024-09-25T06:00+02:00,2366.655,15880.16307,31530.29261,53876.535,63.18
2024-09-25T07:00+02:00,3512.145,16165.02126,31838.54473,58064.91,63.18
2024-09-25T08:00+02:00,3645.8725,15431.90292,35613.80433,60895.3175,63.18
2024-09-25T09:00+02:00,2138.33,14782.47014,40143.63413,61550.7925,63.18
2024-09-25T10:00+02:00,3634.0775,14157.10931,44716.96064,62725.22,63.18
2024-09-25T11:00+02:00,3337.655,13332.80473,47930.27319,63790.1775,63.18
2024-09-25T12:00+02:00,2405.035,12775.52626,49090.7477,63365.265,63.18
2024-09-25T13:00+02:00,2816.695,12667.5934,47234.92457,61693.4,63.18
2024-09-25T14:00+02:00,4754.1225,12677.19919,42931.05846,59456.18,63.18
2024-09-25T15:00+02:00,6052.8225,14366.34661,37391.88405,57965.3025,63.18
2024-09-25T16:00+02:00,5480.885,16921.31459,30916.59869,56875.5725,63.18
2024-09-25T17:00+02:00,7062.3875,19029.62954,24757.23551,57281.13,63.18
2024-09-25T18:00+02:00,9238.225,19858.29128,21300.54945,57899.975,63.18
2024-09-25T19:00+02:00,8849.8375,20081.86478,19917.82326,57860.595,63.18
2024-09-25T20:00+02:00,5679.5925,20100.6693,21115.17856,55864.255,63.18
2024-09-25T21:00+02:00,5274.74,17983.3413,21785.5501,52547.5775,63.18
2024-09-25T22:00+02:00,5129.225,15600.49072,21721.95045,48217.3025,63.18
2024-09-25T23:00+02:00,4548.9,14325.2876,23152.41834,44149.625,63.18
2024-09-26T00:00+02:00,3267.255,12207.59947,24444.62801,42014.48,63.18
2024-09-26T01:00+02:00,2493.6925,11370.85877,26583.96334,40387.08,63.18
2024-09-26T02:00+02:00,1467.6825,11074.73971,27255.31939,39667.015,63.18
2024-09-26T03:00+02:00,1693.5225,11758.70027,28386.90219,40726.475,63.18
2024-09-26T04:00+02:00,1577.4675,11842.09443,30078.02331,42285.7475,63.18
2024-09-26T05:00+02:00,2159.75,11846.56964,31652.41091,45752.43,63.18
2024-09-26T06:00+02:00,2963.835,12099.15869,34675.99651,53728.4225,63.18
2024-09-26T07:00+02:00,2328.085,12231.66207,36728.21233,58737.6075,63.18
2024-09-26T08:00+02:00,3096.11,12128.67538,40203.59667,61906.095,63.18
2024-09-26T09:00+02:00,3523.1525,12294.69238,42233.09331,62456.1175,63.18
2024-09-26T10:00+02:00,3551.9525,12342.70384,43842.14363,63876.5025,63.18
2024-09-26T11:00+02:00,4098.9775,12038.25021,46765.84759,65057.08,63.18
2024-09-26T12:00+02:00,2339.6925,11067.59944,49053.79731,64977.6625,63.18
2024-09-26T13:00+02:00,1056.865,11252.84337,50379.81493,64910.19,63.18
2024-09-26T14:00+02:00,-241.6225,11621.25564,49717.10325,63168.1675,63.18
2024-09-26T15:00+02:00,1198.2225,12421.51485,46844.65861,61042.55,63.18
2024-09-26T16:00+02:00,1120.3475,12671.90754,42830.42253,59456.1925,63.18
2024-09-26T17:00+02:00,3149.9925,12770.3585,37261.78061,60134.4575,63.18
2024-09-26T18:00+02:00,3749.5175,12842.15767,33759.27194,60503.435,63.18
2024-09-26T19:00+02:00,4963.2275,12937.79791,36090.77061,61162.4875,63.18
2024-09-26T20:00+02:00,3645.97,11301.74075,38304.38004,58463.53,63.18
2024-09-26T21:00+02:00,2230.7075,9238.015208,38314.85097,54260.085,63.18
2024-09-26T22:00+02:00,881.5025,8468.761651,38409.43948,50152.3325,63.18
2024-09-26T23:00+02:00,-817.3475,7739.278065,39696.49746,46540.49,63.18
2024-09-27T00:00+02:00,-2020.6225,7601.735791,40484.93567,45801.435,63.18
2024-09-27T01:00+02:00,-6208.14,7174.028124,43296.30745,44729.2,63.18
2024-09-27T02:00+02:00,-6456.975,7200.956151,44011.06162,43723.3525,63.18
2024-09-27T03:00+03:00,-4827.8125,7236.214234,43257.63937,44089.3525,63.18
2024-09-27T04:00+03:00,-4087.335,7433.281997,43386.47504,45250.22,63.18
2024-09-27T05:00+02:00,-2967.0925,7648.79334,43898.41625,48932.11,63.18
2024-09-27T06:00+02:00,-2188.095,7849.899384,47075.18311,57453.315,63.18
2024-09-27T07:00+02:00,-2907.2625,8255.107009,47704.42187,61298.7575,63.18
2024-09-27T08:00+02:00,-4237.8775,8506.082591,52906.1697,63786.5375,63.18
2024-09-27T09:00+02:00,-8784.385,8211.468671,61137.96245,63612.4125,63.18
2024-09-27T10:00+02:00,-7003.17,7944.626689,63557.27018,65004.6925,63.18
2024-09-27T11:00+02:00,-8211.4775,8107.342405,64077.66363,64489.04,64.8825
2024-09-27T12:00+02:00,-11734.0525,8268.648099,64202.92909,62792.93,65.45
2024-09-27T13:00+02:00,-11634.845,8069.644026,63668.92808,60827.005,65.45
2024-09-27T14:00+02:00,-10269.135,7910.799106,61191.8294,59015.4225,65.45
2024-09-27T15:00+02:00,-8829.9925,7717.427257,57712.33424,58957.4625,65.45
2024-09-27T16:00+02:00,-6970.6775,8111.259643,54568.41605,58558.125,65.45
2024-09-27T17:00+02:00,-3164.075,8458.703198,49786.51775,58596.87,65.45
2024-09-27T18:00+02:00,-2819.9575,9221.084499,45905.41433,59250.13,65.45
2024-09-27T19:00+02:00,-3250.7825,9330.661965,45009.33322,59441.785,65.45
2024-09-27T20:00+02:00,-3845.18,9001.715838,44845.81728,57299.8625,65.45
2024-09-27T21:00+02:00,-4664.69,8747.276843,44127.03968,54838.53,65.45
2024-09-27T22:00+02:00,-6355.2475,8726.752523,43894.99691,51536.505,65.45
2024-09-27T23:00+02:00,-6695.3225,8532.185623,43744.93063,48173.415,65.45
2024-09-28T00:00+02:00,-7370.2375,8059.038699,42475.73683,45032.9375,65.45
2024-09-28T01:00+02:00,-6608.6125,7602.196495,41236.89962,43536.58,65.45
2024-09-28T02:00+02:00,-4918.4425,7309.995023,38251.47045,42319.6,65.45
2024-09-28T03:00+02:00,-3104.71,7142.868811,36531.53789,41606.7825,65.45
2024-09-28T04:00+02:00,-791.0125,7133.548434,34585.59141,41318.0875,65.45
2024-09-28T05:00+02:00,-264.2475,7163.10147,33235.50376,42374.295,65.45
2024-09-28T06:00+02:00,529.2275,7264.361078,32746.42088,44246.645,65.45
2024-09-28T07:00+02:00,1420.0675,7654.459239,32132.22825,46407.335,65.45
2024-09-28T08:00+02:00,1134.6275,7653.152734,34057.31237,49878.3875,65.45
2024-09-28T09:00+02:00,513.35,7573.770391,38999.10513,52363.6475,65.45
2024-09-28T10:00+02:00,-2760.985,7424.771442,45857.595,53043.2125,65.45
2024-09-28T11:00+02:00,-3920.66,7316.827995,50149.26519,53220.5025,65.45
2024-09-28T12:00+02:00,-6184.185,7406.398142,52623.08027,53083.4425,65.45
2024-09-28T13:00+02:00,-6573.7625,7263.396873,51955.11858,50998.455,65.45
2024-09-28T14:00+02:00,-6332.1975,7192.751335,49182.97646,49302.905,65.45
2024-09-28T15:00+02:00,-5080.86,7221.912911,46709.00481,48751.3075,65.45
2024-09-28T16:00+02:00,-1721.9875,7845.820442,43370.04817,48675.6275,65.45
2024-09-28T17:00+02:00,2814.2525,9353.747199,35209.27769,50282.39,65.45
2024-09-28T18:00+02:00,4208.0675,10837.54312,28396.66627,51276.0025,65.45
2024-09-28T19:00+02:00,4077.0525,12000.33501,26648.83529,52410.2525,65.45
2024-09-28T20:00+02:00,4177.9875,11872.33673,26206.75583,50541.5725,65.45
2024-09-28T21:00+02:00,1885.2275,11903.76203,25652.37732,47408.5475,65.45
2024-09-28T22:00+02:00,2068.58,11853.56352,25358.44016,45340.5925,65.45
2024-09-28T23:00+02:00,2580.23,11649.71276,24316.38272,42949.58,65.45
2024-09-29T00:00+02:00,4154.5825,11023.50508,23620.25756,40418.1625,65.45
2024-09-29T01:00+02:00,5024.675,10707.67637,22178.42022,38904.6375,65.45
2024-09-29T02:00+02:00,6222.145,9853.12021,22023.4007,38030.355,65.45
2024-09-29T03:00+02:00,7396.495,9424.229807,21032.00451,37543.2025,65.45
2024-09-29T04:00+02:00,7758.0125,9411.582723,19147.35971,37201.9075,65.45
2024-09-29T05:00+02:00,7688.4675,10112.90421,17666.50913,37769.455,65.45
2024-09-29T06:00+02:00,7386.9225,10757.11898,16190.15488,38842.7675,65.45
2024-09-29T07:00+02:00,7114.8825,11041.21906,15719.12204,40180.155,65.45
2024-09-29T08:00+02:00,8779.715,10741.88599,20298.76555,43243.5175,65.45
2024-09-29T09:00+02:00,8577.9575,9014.181568,28311.72283,45543.2475,65.45
2024-09-29T10:00+02:00,5504.795,8330.546172,36826.33022,47593.0075,65.45
2024-09-29T11:00+02:00,798.4925,8186.391851,42721.77503,48166.7975,65.45
2024-09-29T12:00+02:00,-2084.2925,8118.420604,43382.01081,47608.4225,65.45
2024-09-29T13:00+02:00,-2117.25,8074.068217,41321.92138,45878.405,65.45
2024-09-29T14:00+02:00,-22.385,8183.134407,38176.83537,44596.5175,65.45
2024-09-29T15:00+02:00,4001.445,8401.388393,32904.53481,44219.825,65.45
2024-09-29T16:00+02:00,7973.1125,9741.900557,25224.68643,43369.69,65.45
2024-09-29T17:00+02:00,8511.4275,12343.35139,18432.84575,45782.3225,65.45
2024-09-29T18:00+02:00,12377.9475,13554.24561,14570.32524,48066.835,65.45
2024-09-29T19:00+02:00,12389.565,13683.75127,15941.17814,49204.7575,65.45
2024-09-29T20:00+02:00,8790.9825,13212.41678,19992.46934,47213.7475,65.45
2024-09-29T21:00+02:00,6418.225,11290.58951,23851.93154,44916.495,65.45
2024-09-29T22:00+02:00,6265.915,9190.312298,26948.1756,43424.9975,65.45
2024-09-29T23:00+02:00,4612.825,8769.007795,29162.44516,41648.735,65.45
2024-09-30T00:00+02:00,4666.4075,8472.370398,29460.1367,40173.205,65.45
2024-09-30T01:00+02:00,3188.2275,8476.837811,30330.44229,39491.075,65.45
2024-09-30T02:00+02:00,2647.1925,8596.626023,30843.62974,39075.62,65.45
2024-09-30T03:00+02:00,2489.3325,8628.110213,30822.65164,39412.0525,65.45
2024-09-30T04:00+02:00,2562.9575,8908.181059,31743.47642,41428.19,65.45
2024-09-30T05:00+02:00,2901.33,9344.431735,33284.2588,45292.1375,65.45
2024-09-30T06:00+02:00,5606.355,10292.11891,35063.30013,54286.795,65.45
2024-09-30T07:00+02:00,2894.9075,12458.22868,35938.25176,59707.9225,65.45
2024-09-30T08:00+02:00,3545.3875,13694.20295,37309.09796,62625.4075,65.45
2024-09-30T09:00+02:00,4153.765,13512.29594,39787.94941,62694.58,65.45
2024-09-30T10:00+02:00,5181.9875,13400.16908,43533.58444,63549.9075,65.45
2024-09-30T11:00+02:00,2866.555,14090.00321,48497.65007,63818.2425,65.45
2024-09-30T12:00+02:00,-1308.9825,14197.43567,51267.91348,62801.15,65.45
2024-09-30T13:00+02:00,-3889.1525,13437.911,52689.68162,62090.4975,65.45
2024-09-30T14:00+02:00,-2504.9025,14251.01779,49815.51159,61023.4825,65.45
2024-09-30T15:00+02:00,348.085,15468.71366,45966.45106,60400.48,65.45
2024-09-30T16:00+02:00,1408.7975,15893.96094,41034.67358,59941.7075,65.45
2024-09-30T17:00+02:00,3100.695,15872.14256,36680.5649,60531.135,65.45
2024-09-30T18:00+02:00,3540.905,15154.54467,35505.06274,62390.11,65.45
2024-09-30T19:00+02:00,3118.1925,15398.21428,36294.50123,63684.12,65.45
2024-09-30T20:00+02:00,2033.505,14713.29464,38408.42558,60794.775,65.45
2024-09-30T21:00+02:00,-187.235,14650.60951,37293.79315,56577.2525,65.45
2024-09-30T22:00+02:00,-1926.9975,13539.52131,36896.84379,53865.3475,65.45
2024-09-30T23:00+02:00,-3750.455,13067.89289,36595.26982,50903.8,65.45
2024-10-01T00:00+02:00,-3018.91,13150.03233,38495.62087,46034.0525,65.45
2024-10-01T01:00+02:00,-2802.1025,11745.21108,38820.3884,44656.955,65.45
2024-10-01T02:00+02:00,-1816.0375,11352.24431,37644.6603,44192.8925,65.45
2024-10-01T03:00+02:00,-864.7325,10961.59677,36350.33107,44182.6175,65.45
2024-10-01T04:00+02:00,317.6975,10451.96399,36170.13941,45039.6825,65.45
2024-10-01T05:00+02:00,4645.885,10972.27665,35139.44189,48204.095,65.45
2024-10-01T06:00+02:00,5881.705,13535.05496,34414.24986,55352.72,65.45
2024-10-01T07:00+02:00,6357.825,15729.25364,33355.49335,59896.77,65.45
2024-10-01T08:00+02:00,6988.5925,16395.32162,34186.87347,62263.9475,65.45
2024-10-01T09:00+02:00,7370.67,16018.00978,37158.88133,62751.1625,65.45
2024-10-01T10:00+02:00,6657.67,15682.89622,40521.60496,63717.985,65.45
2024-10-01T11:00+02:00,6819.9975,15339.36241,42432.53242,64185.175,65.45
2024-10-01T12:00+02:00,6439.4425,14979.87788,42444.84707,63576.095,65.45
2024-10-01T13:00+02:00,7843.115,14469.08087,42368.26077,63073.0475,65.45
2024-10-01T14:00+02:00,8185.905,14722.23466,41042.3038,61557.9975,65.45
2024-10-01T15:00+02:00,7516.41,15822.35435,38461.68344,60215.05,65.45
2024-10-01T16:00+02:00,5934.6625,18409.39222,33665.98433,59177.335,65.45
2024-10-01T17:00+02:00,6450.8575,20982.83597,28043.47399,59263.08,65.45
2024-10-01T18:00+02:00,8711.73,22104.03545,24549.719,60098.0325,65.45
2024-10-01T19:00+02:00,7775.93,23050.6557,24135.63624,60947.785,65.45
2024-10-01T20:00+02:00,5459.8825,23535.01824,23623.05812,58265.275,65.45
2024-10-01T21:00+02:00,5795.3,22732.26967,22532.04797,54801.205,65.45
2024-10-01T22:00+02:00,5847.285,21500.52164,20778.51915,50857.545,65.45
2024-10-01T23:00+02:00,5055.7675,20680.68975,20210.92509,47353.38,65.45
2024-10-02T00:00+02:00,5591.7625,19902.91328,20791.5224,44760.5725,65.45
2024-10-02T01:00+02:00,5375.5675,19801.2905,20803.45654,43369.97,65.45
2024-10-02T02:00+02:00,6325.9525,19424.63056,20965.06128,42997.32,65.45
2024-10-02T03:00+02:00,6891.99,18943.97998,21242.40706,43516.51,65.45
2024-10-02T04:00+02:00,6617.7575,19870.63753,21301.78424,44322.59,65.45
2024-10-02T05:00+02:00,5145.275,22252.68443,21416.91049,47082.1325,65.45
2024-10-02T06:00+02:00,8004.9225,24063.75336,22905.57745,54907.64,65.45
2024-10-02T07:00+02:00,7305.7875,24803.02429,23637.84574,59690.9175,65.45
2024-10-02T08:00+02:00,7659.68,24831.87376,25301.28591,62067.9875,65.45
2024-10-02T09:00+02:00,6899.0975,23407.03259,28758.57682,62808.4475,65.45
2024-10-02T10:00+02:00,7561.0875,22810.66182,32346.98537,63555.625,65.45
2024-10-02T11:00+02:00,6636.6475,21874.10094,35819.54977,63931.7025,65.45
2024-10-02T12:00+02:00,5298.0075,22190.75085,37339.07644,63961.675,65.45
2024-10-02T13:00+02:00,4682.8975,22021.00956,37324.68984,63030.7025,65.45
2024-10-02T14:00+02:00,5116.635,22093.97448,36433.41553,61059.4,65.45
2024-10-02T15:00+02:00,4757.395,22248.90522,33981.7337,59390.515,65.45
2024-10-02T16:00+02:00,5032.94,22642.48153,30427.83275,57736.9425,65.45
2024-10-02T17:00+02:00,5800.89,22782.84074,25252.69262,57763.71,65.45
2024-10-02T18:00+02:00,6205.91,23495.63689,21424.51664,58733.295,65.45
2024-10-02T19:00+02:00,5329.95,23734.8038,21984.68665,59725.9475,65.45
2024-10-02T20:00+02:00,4244.8025,23030.67765,22888.25049,56792.505,65.45
2024-10-02T21:00+02:00,4426.3975,21014.30088,24007.16388,53219.065,65.45
2024-10-02T22:00+02:00,3242.015,19165.01729,23535.31242,49138.4375,65.45
2024-10-02T23:00+02:00,2986.065,17565.41121,23030.07364,45385.4925,65.45
2024-10-03T00:00+02:00,3133.075,15876.96488,22278.08388,42842.9025,65.45
2024-10-03T01:00+02:00,3835.96,15171.50231,21782.34039,40829.385,65.45
2024-10-03T02:00+02:00,3875.8375,14987.88836,21587.80857,39857.1575,65.45
2024-10-03T03:00+02:00,4378.5525,14345.44539,21757.87122,39683.6675,65.45
2024-10-03T04:00+02:00,3497.965,14420.678,22554.96078,39730.98,65.45
2024-10-03T05:00+02:00,1600.42,14688.37556,23691.89866,39661.93,65.45
2024-10-03T06:00+02:00,-1394.4475,15434.6296,24548.44945,40031.88,65.45
2024-10-03T07:00+02:00,-2142.72,16630.75048,25332.23973,41981.41,65.45
2024-10-03T08:00+02:00,-2549.355,16921.29468,26934.68685,45013.385,65.45
2024-10-03T09:00+02:00,-1990.1775,17183.31852,29226.35963,47588.1125,65.45
2024-10-03T10:00+02:00,570.8375,16139.91726,32234.70093,49670.23,65.45
2024-10-03T11:00+02:00,2642.9475,14897.46228,35908.82533,52142.645,65.45
2024-10-03T12:00+02:00,3409.8325,12387.80777,38118.91763,51999.5375,65.45
2024-10-03T13:00+02:00,1644.72,12115.70418,36998.65578,49999.04,65.45
2024-10-03T14:00+02:00,1275.9975,12887.01303,35154.06633,48724.4625,65.45
2024-10-03T15:00+02:00,1698.5175,14406.80528,32324.52727,48549.065,65.45
2024-10-03T16:00+02:00,1619.3625,17407.28371,28458.44059,47856.2575,65.45
2024-10-03T17:00+02:00,1852.1325,18727.55173,24035.13389,47979.2825,65.45
2024-10-03T18:00+02:00,2593.4475,19520.67788,21085.51238,49732.0475,65.45
2024-10-03T19:00+02:00,670.7775,19736.99231,21129.24532,50779.03,65.45
2024-10-03T20:00+02:00,947.01,19680.814,21190.58267,48772.8475,65.45
2024-10-03T21:00+02:00,2125.4025,19487.30016,21057.666,46498.1025,65.45
2024-10-03T22:00+02:00,2203.075,19295.11011,20137.17359,44398.5575,65.45
2024-10-03T23:00+02:00,1611.9425,18418.28254,19183.97924,41348.86,65.45
2024-10-04T00:00+02:00,1908.4575,18025.09025,18447.52775,39111.0325,65.45
2024-10-04T01:00+02:00,3425.6375,17525.32603,17872.54726,38359.975,65.45
2024-10-04T02:00+02:00,4419.1625,17365.27062,17316.33517,37953.8325,65.45
2024-10-04T03:00+02:00,4783.8925,17351.15976,17178.28684,38660.4875,65.45
2024-10-04T04:00+02:00,5197.66,17621.59265,17099.36393,39833.625,65.45
2024-10-04T05:00+02:00,4825.5775,18842.37151,16869.04552,41769.6075,65.45
2024-10-04T06:00+02:00,5512.1425,20607.55591,16906.4232,46375.34,65.45
2024-10-04T07:00+02:00,4460.6675,21584.07232,17467.89185,50070.19,65.45
2024-10-04T08:00+02:00,3616.3125,22059.39595,19439.3179,52834.77,65.45
2024-10-04T09:00+02:00,3987.635,22036.31322,22798.5379,53953.6775,65.45
2024-10-04T10:00+02:00,4318.0425,21736.29113,26718.01812,54780.65,65.45
2024-10-04T11:00+02:00,3737.47,20705.96981,30462.32818,55354.345,62.135
2024-10-04T12:00+02:00,4150.2275,19954.37851,32256.9256,55631.3125,61.03
2024-10-04T13:00+02:00,5305.8425,19871.22381,31348.45603,54445.1,61.03
2024-10-04T14:00+02:00,4123.495,20093.97862,28763.82504,52316.3975,61.03
2024-10-04T15:00+02:00,4570.3375,20908.08188,26034.36261,51059.235,61.03
2024-10-04T16:00+02:00,6457.825,22012.24204,22255.04276,50686.685,61.03
2024-10-04T17:00+02:00,7675.0025,23944.09812,17566.45877,51204.79,61.03
2024-10-04T18:00+02:00,8286.56,24612.71978,14768.99668,52439.3625,61.03
2024-10-04T19:00+02:00,6999.0525,24998.29461,14884.05591,53461.1625,61.03
2024-10-04T20:00+02:00,5506.5275,24569.27814,15138.87805,50783.67,61.03
2024-10-04T21:00+02:00,6512.9,23751.30918,14810.77212,48113.65,61.03
2024-10-04T22:00+02:00,5767.465,22737.85851,14242.66478,45478.16,61.03
2024-10-04T23:00+02:00,5397.96,22261.25505,13697.39985,42259.6975,61.03
2024-10-05T00:00+02:00,6487.7375,21283.4691,12890.03166,39813.0625,61.03
2024-10-05T01:00+02:00,6616.3375,20540.27066,12205.87207,38128.55,61.03
2024-10-05T02:00+02:00,7222.9575,19516.82609,11622.61841,37342.5925,61.03
2024-10-05T03:00+02:00,7942.6875,19373.48804,11086.69614,37280.8425,61.03
2024-10-05T04:00+02:00,8974.2825,19132.98295,10663.71179,37422.7625,61.03
2024-10-05T05:00+02:00,9078.0225,18931.68611,10424.3433,38506.4575,61.03
2024-10-05T06:00+02:00,9814.4925,19697.85565,10482.41688,40330.47,61.03
2024-10-05T07:00+02:00,8708.2275,20632.82413,10808.41352,42637.0575,61.03
2024-10-05T08:00+02:00,9074.615,20755.58837,13405.93653,45591.87,61.03
2024-10-05T09:00+02:00,8141.675,20094.47082,18346.54912,47922.9575,61.03
2024-10-05T10:00+02:00,7971.855,17860.3423,23641.4703,49325.4025,61.03
2024-10-05T11:00+02:00,9827.4625,15599.93412,28021.35836,50842.1825,61.03
2024-10-05T12:00+02:00,9536.66,13328.95692,30434.11236,50252.985,61.03
2024-10-05T13:00+02:00,9534.4,12932.15252,30049.6951,48846.4575,61.03
2024-10-05T14:00+02:00,9378.3125,13751.91816,27647.16263,47745.5925,61.03
2024-10-05T15:00+02:00,9438.7975,15544.2146,23475.802,46485.9375,61.03
2024-10-05T16:00+02:00,9054.9475,17812.60578,19013.31601,46193.545,61.03
2024-10-05T17:00+02:00,10521.225,20297.50749,14262.37477,47227.1825,61.03
2024-10-05T18:00+02:00,11090.6825,21347.35631,11473.58552,48982.8425,61.03
2024-10-05T19:00+02:00,10263.6925,21389.47652,12112.48911,49821.86,61.03
2024-10-05T20:00+02:00,7583.125,21198.69826,14066.72758,47430.215,61.03
2024-10-05T21:00+02:00,8900.705,19364.93333,15548.19758,44868.0825,61.03
2024-10-05T22:00+02:00,7354.9775,17844.0215,16389.70324,43027.2175,61.03
2024-10-05T23:00+02:00,8005.18,15404.30072,17158.71414,40241.8575,61.03
2024-10-06T00:00+02:00,8069.77,13951.73494,17487.05777,37660.72,61.03
2024-10-06T01:00+02:00,8224.3625,13275.17302,17410.38541,36257.4375,61.03
2024-10-06T02:00+02:00,8743.6725,13080.03277,17423.19231,35567.94,61.03
2024-10-06T03:00+02:00,8322.915,12812.48455,17300.67335,35024.3675,61.03
2024-10-06T04:00+02:00,8588.465,13212.76388,16883.5705,35317.025,61.03
2024-10-06T05:00+02:00,7612.685,13835.7362,16956.4018,35685.9325,61.03
2024-10-06T06:00+02:00,7279.955,14048.98424,17314.56833,36398.0075,61.03
2024-10-06T07:00+02:00,6142.06,15021.42266,18568.21918,38229.07,61.03
2024-10-06T08:00+02:00,4963.46,15110.45491,22838.57915,40746.04,61.03
2024-10-06T09:00+02:00,4214.8375,14370.7803,28488.35003,43734.86,61.03
2024-10-06T10:00+02:00,5802.8825,11559.03757,32972.78696,46355.3275,61.03
2024-10-06T11:00+02:00,3322.1675,10725.95625,38191.44769,48211.8075,61.03
2024-10-06T12:00+02:00,-388.49,10511.80267,43078.19329,48136.125,61.03
2024-10-06T13:00+02:00,-3119.74,10341.23572,44161.51295,46706.4625,61.03
2024-10-06T14:00+02:00,-2172.4025,10309.56512,42364.84529,44889.8925,61.03
2024-10-06T15:00+02:00,1024.61,10477.14811,38477.28709,44371.76,61.03
2024-10-06T16:00+02:00,4974.7825,11196.68195,32875.5839,43789.5125,61.03
2024-10-06T17:00+02:00,3902.63,15356.54693,26449.81799,44920.43,61.03
2024-10-06T18:00+02:00,3661.5225,17414.04662,24053.058,47494.4925,61.03
2024-10-06T19:00+02:00,1938.6025,17458.74368,27626.95309,49068.7825,61.03
2024-10-06T20:00+02:00,309.165,17259.76594,29905.52091,47520.1475,61.03
2024-10-06T21:00+02:00,1733.79,15195.28047,31068.34516,45545.1975,61.03
2024-10-06T22:00+02:00,1143.7125,14871.35731,31162.42604,44298.0375,61.03
2024-10-06T23:00+02:00,362.3875,14482.22632,30876.09402,41669.4475,61.03
2024-10-07T00:00+02:00,1916.9525,13212.42296,30535.68507,40414.375,61.03
2024-10-07T01:00+02:00,2369.5425,12748.21814,29507.28716,39022.14,61.03
2024-10-07T02:00+02:00,3086.0425,12473.14743,29153.07314,38442.35,61.03
2024-10-07T03:00+02:00,3551.3025,12529.40429,29114.08172,39111.005,61.03
2024-10-07T04:00+02:00,4404.5325,12801.21315,29314.14298,41196.235,61.03
2024-10-07T05:00+02:00,5296.4,14127.07753,30016.52869,45100.215,61.03
2024-10-07T06:00+02:00,5967.55,17771.71572,30614.84721,52923.7475,61.03
2024-10-07T07:00+02:00,3980.46,20394.37094,30084.05551,58188.28,61.03
2024-10-07T08:00+02:00,4127.6575,20975.74716,31443.63327,61221.9575,61.03
2024-10-07T09:00+02:00,5253.155,21194.90542,33659.50532,62398.52,61.03
2024-10-07T10:00+02:00,7983.5125,19934.43005,36590.68793,63178.3925,61.03
2024-10-07T11:00+02:00,8102.61,18866.5051,38012.45879,63680.125,61.03
2024-10-07T12:00+02:00,9049.5025,18311.55129,39310.43768,63584.345,61.03
2024-10-07T13:00+02:00,8611.2425,17383.46231,40020.7595,62871.075,61.03
2024-10-07T14:00+02:00,9092.6125,17597.43377,38132.9816,60831.5825,61.03
2024-10-07T15:00+02:00,6855.505,18700.04518,32971.90045,58666.53,61.03
2024-10-07T16:00+02:00,8325.5825,22370.21348,25170.50741,57027.43,61.03
2024-10-07T17:00+02:00,8996.51,25788.19377,18781.09743,57311.86,61.03
2024-10-07T18:00+02:00,9239.7025,27255.84452,16091.96654,58635.4175,61.03
2024-10-07T19:00+02:00,8826.3725,27566.78853,16457.77213,59514.0925,61.03
2024-10-07T20:00+02:00,6746.15,26854.47399,17340.5039,56382.6875,61.03
2024-10-07T21:00+02:00,7512.19,24707.34602,17892.52412,52840.3725,61.03
2024-10-07T22:00+02:00,7562.795,22041.93984,17258.61847,49364.38,61.03
2024-10-07T23:00+02:00,7338.8575,20452.46886,17361.42556,45725.1925,61.03
2024-10-08T00:00+02:00,6346.3275,18848.84352,18531.74248,42875.8825,61.03
2024-10-08T01:00+02:00,6615.19,17117.24823,20390.027,41579.28,61.03
2024-10-08T02:00+02:00,6818.0175,16430.16415,21420.06185,41518.2175,61.03
2024-10-08T03:00+02:00,6268.0175,15722.06606,22706.38197,41611.17,61.03
2024-10-08T04:00+02:00,5807.825,16293.45529,24533.29741,42905.1275,61.03
2024-10-08T05:00+02:00,5127.945,17388.41184,26718.92645,45812.305,61.03
2024-10-08T06:00+02:00,5938.395,19653.15839,28996.83451,53942.39,61.03
2024-10-08T07:00+02:00,4083.2175,21528.25366,30319.30695,59125.86,61.03
2024-10-08T08:00+02:00,5658.2375,21751.52775,31859.3658,61218.64,61.03
2024-10-08T09:00+02:00,6788.64,21008.75707,35465.94607,62195.5125,61.03
2024-10-08T10:00+02:00,7860.64,20345.54583,38656.47939,63324.1925,61.03
2024-10-08T11:00+02:00,7899.87,19263.15317,40449.6152,64534.515,61.03
2024-10-08T12:00+02:00,7567.225,18981.31336,40366.39254,63501.79,61.03
2024-10-08T13:00+02:00,7916.765,19626.67939,37120.31298,62224.345,61.03
2024-10-08T14:00+02:00,8562.1875,20383.95781,32077.70446,60170.2225,61.03
2024-10-08T15:00+02:00,11022.73,21370.68279,27494.35017,59495.8925,61.03
2024-10-08T16:00+02:00,10666.4625,22931.9798,22850.37863,58040.0175,61.03
2024-10-08T17:00+02:00,10653.51,24264.11227,19912.98417,58629.605,61.03
2024-10-08T18:00+02:00,11266.5825,24263.30961,19110.67142,59878.2,61.03
2024-10-08T19:00+02:00,9484.72,24575.16851,19743.76295,60329.7975,61.03
2024-10-08T20:00+02:00,8749.7825,23650.98972,20380.07682,57080.64,61.03
2024-10-08T21:00+02:00,9015.895,21074.95483,20940.47676,53417.9725,61.03
2024-10-08T22:00+02:00,10118.8825,18099.34944,21391.76035,49333,61.03
2024-10-08T23:00+02:00,11019.9925,15384.95081,21784.74529,45728.105,61.03
2024-10-09T00:00+02:00,10921.9225,14383.05839,22004.07854,43713.1875,61.03
2024-10-09T01:00+02:00,10718.595,13608.93743,22141.26153,42560.5825,61.03
2024-10-09T02:00+02:00,10277.295,12851.56408,22551.40168,41769.0175,61.03
2024-10-09T03:00+02:00,10372.735,12785.64903,23065.21446,42240.0775,61.03
2024-10-09T04:00+02:00,10436.6125,13149.75031,23657.58543,43044.0475,61.03
2024-10-09T05:00+02:00,10558.0825,14645.29861,24856.4536,46668.245,61.03
2024-10-09T06:00+02:00,7487.845,18020.29139,26919.64698,53442.375,61.03
2024-10-09T07:00+02:00,5221.8175,18956.47032,28337.24829,58730.655,61.03
2024-10-09T08:00+02:00,3793.6575,19244.37956,33067.41165,60939.825,61.03
2024-10-09T09:00+02:00,2666.3825,18588.71075,38735.19758,61297.8075,61.03
2024-10-09T10:00+02:00,2583.86,16985.15848,45045.47091,62012.655,61.03
2024-10-09T11:00+02:00,3104.505,15051.97258,48425.93655,63064.13,61.03
2024-10-09T12:00+02:00,2284.2275,15148.36232,49528.79492,63257.2975,61.03
2024-10-09T13:00+02:00,2809.3225,15504.68197,47416.93874,62011.6,61.03
2024-10-09T14:00+02:00,3101.6275,16262.54349,43593.56493,60147.9075,61.03
2024-10-09T15:00+02:00,3346.9925,17693.11602,38906.56884,59237.6,61.03
2024-10-09T16:00+02:00,3456.9925,18875.42174,34036.32598,58658.115,61.03
2024-10-09T17:00+02:00,3822.4425,20043.98307,30770.44266,59552.515,61.03
2024-10-09T18:00+02:00,4529.1925,20170.81018,29492.46031,60685.87,61.03
2024-10-09T19:00+02:00,4014.4475,19948.84169,30355.19509,60843.255,61.03
2024-10-09T20:00+02:00,2487.0275,18830.22492,30761.68402,57628.9425,61.03
2024-10-09T21:00+02:00,2981.19,17229.70267,30355.51156,54545.69,61.03
2024-10-09T22:00+02:00,3944.21,16133.96991,28406.25645,50066.13,61.03
2024-10-09T23:00+02:00,4275.4075,15368.42828,26895.53282,45320.055,61.03
2024-10-10T00:00+02:00,4846.43,12517.69939,28031.69841,44002.5875,61.03
2024-10-10T01:00+02:00,5610.9975,11201.82529,29842.87726,42936.105,61.03
2024-10-10T02:00+02:00,5074.625,10613.97881,30809.28648,42466.7875,61.03
2024-10-10T03:00+02:00,4140.7225,10654.70203,32513.41867,43021.965,61.03
2024-10-10T04:00+02:00,2320.56,10810.54364,35257.90206,44396.265,61.03
2024-10-10T05:00+02:00,2851.4225,10732.42965,39203.09081,48894.9175,61.03
2024-10-10T06:00+02:00,2631.425,11781.51145,42407.10013,55727.5325,61.03
2024-10-10T07:00+02:00,-831.3525,14564.39729,43420.08681,60644.5025,61.03
2024-10-10T08:00+02:00,-1115.7625,14896.77998,45454.05448,63548.8275,61.03
2024-10-10T09:00+02:00,332.865,14752.09309,48400.82849,64153.1975,61.03
2024-10-10T10:00+02:00,825.2575,15134.94337,49872.79637,64060.135,61.03
2024-10-10T11:00+02:00,-936.4125,15553.05392,52929.04748,65148.415,61.03
2024-10-10T12:00+02:00,-2421.7525,15053.4638,56333.10474,65491.625,61.03
2024-10-10T13:00+02:00,-3345.4475,14756.29449,57049.99133,64326.4925,61.03
2024-10-10T14:00+02:00,-2191.345,15488.42813,54253.53725,62588.745,61.03
2024-10-10T15:00+02:00,547.31,16414.4651,48937.82928,60704.69,61.03
2024-10-10T16:00+02:00,1914.4625,17722.04304,43534.20667,59274.025,61.03
2024-10-10T17:00+02:00,4103.5325,18842.06892,37958.16938,60195.1,61.03
2024-10-10T18:00+02:00,3779.82,19604.70686,34498.91014,61501.2275,61.03
2024-10-10T19:00+02:00,3521.13,20168.73784,32751.34062,62270.5775,61.03
2024-10-10T20:00+02:00,3054.585,19688.08444,31456.85452,58883.23,61.03
2024-10-10T21:00+02:00,4096.9425,18625.02547,29979.1874,55324.8425,61.03
2024-10-10T22:00+02:00,3963.815,17330.46233,28045.5457,51446.2075,61.03
2024-10-10T23:00+02:00,3932.1575,16199.51876,27005.07895,47670.4375,61.03
2024-10-11T00:00+02:00,4731.9575,16672.10591,25629.97723,45569.54,61.03
2024-10-11T01:00+02:00,6521.3975,15833.14711,25714.49984,45040.9675,61.03
2024-10-11T02:00+02:00,7749.775,15032.62169,25501.0876,44236.3375,61.03
2024-10-11T03:00+02:00,8476.7975,14879.84695,25934.9808,44659.1675,61.03
2024-10-11T04:00+02:00,7928.13,15571.81546,25506.23401,45405.1875,61.03
2024-10-11T05:00+02:00,5767.175,17719.14185,26151.83774,48310.645,61.03
2024-10-11T06:00+02:00,6430.37,20639.18272,26070.59345,54975.32,61.03
2024-10-11T07:00+02:00,6728.905,22265.0193,25782.27808,60073.355,61.03
2024-10-11T08:00+02:00,8198.65,22453.83107,26583.35992,62524.935,61.03
2024-10-11T09:00+02:00,6967.0175,21847.50969,29427.28541,62721.755,61.03
2024-10-11T10:00+02:00,8565.0775,19938.02212,34522.60834,63051.6225,61.03
2024-10-11T11:00+02:00,7974.1125,17252.75579,40641.91493,63603.94,63.04
2024-10-11T12:00+02:00,6807.99,15719.18799,45135.38238,63337.755,63.71
2024-10-11T13:00+02:00,5211.39,14745.24305,45853.52483,61776.3025,63.71
2024-10-11T14:00+02:00,3543.7775,14823.31057,45442.24128,59303.325,63.71
2024-10-11T15:00+02:00,4966.9325,15994.35702,40576.80798,58139.195,63.71
2024-10-11T16:00+02:00,5359.27,18728.64872,32396.73152,55907.5025,63.71
2024-10-11T17:00+02:00,6391.7775,22414.29479,24687.86906,56759.145,63.71
2024-10-11T18:00+02:00,9009.0925,23996.34723,20414.67232,58481.9075,63.71
2024-10-11T19:00+02:00,8772.885,23585.78631,20348.35807,59147.4925,63.71
2024-10-11T20:00+02:00,7010.845,22614.27336,20424.74441,56012.2,63.71
2024-10-11T21:00+02:00,6492.255,20705.69267,20412.95699,52521.1475,63.71
2024-10-11T22:00+02:00,7232.4975,18534.13687,19290.08348,49070.54,63.71
2024-10-11T23:00+02:00,7160.045,17188.11874,19047.87874,45709.2025,63.71
2024-10-12T00:00+02:00,6965.0875,15609.47044,19405.96094,43188.635,63.71
2024-10-12T01:00+02:00,6724.7825,13851.50461,19136.67245,41108.16,63.71
2024-10-12T02:00+02:00,7095.305,13365.35389,18785.97188,39606.24,63.71
2024-10-12T03:00+02:00,8010.6175,13011.48469,18701.18834,39338.81,63.71
2024-10-12T04:00+02:00,7291.0675,12934.3282,19262.15082,39474.9775,63.71
2024-10-12T05:00+02:00,6783.25,12907.20118,21346.66875,40383.9175,63.71
2024-10-12T06:00+02:00,5121.46,13138.93964,23909.80302,42031.995,63.71
2024-10-12T07:00+02:00,5305.11,13029.49734,25965.36981,44729.7325,63.71
2024-10-12T08:00+02:00,4742.3075,11984.93701,31422.68177,47892.8475,63.71
2024-10-12T09:00+02:00,3743.2675,9528.917084,39006.01885,50683.815,63.71
2024-10-12T10:00+02:00,3889.42,8887.534463,43431.88244,52644.775,63.71
2024-10-12T11:00+02:00,4022.5875,8871.522039,46390.37019,53961.1175,63.71
2024-10-12T12:00+02:00,849.475,9014.741046,48461.3803,53208.4225,63.71
2024-10-12T13:00+02:00,-1168.575,8975.980924,47900.81229,50899.875,63.71
2024-10-12T14:00+02:00,1586.4675,8835.183258,43817.96262,49828.1425,63.71
2024-10-12T15:00+02:00,4240.67,8960.970837,38881.33335,48607.8125,63.71
2024-10-12T16:00+02:00,4119.9675,9554.130311,34579.6667,48349.75,63.71
2024-10-12T17:00+02:00,4346.8325,10785.0796,31900.22564,50031.015,63.71
2024-10-12T18:00+02:00,4254.7425,11698.11313,32542.31452,52953.3325,63.71
2024-10-12T19:00+02:00,2283.695,11650.98463,35242.74763,53499.3775,63.71
2024-10-12T20:00+02:00,1693.8375,10957.34068,37183.07719,50713.37,63.71
2024-10-12T21:00+02:00,411.25,10486.19219,38523.6149,48256.2125,63.71
2024-10-12T22:00+02:00,-1085.64,10446.6961,38659.49875,46458.5775,63.71
2024-10-12T23:00+02:00,-4743.9175,9443.844096,38639.38769,43718.48,63.71
2024-10-13T00:00+02:00,-6032.5125,8867.393125,38205.43042,41258.95,63.71
2024-10-13T01:00+02:00,-7617.4875,8521.468468,38058.29498,38604.945,63.71
2024-10-13T02:00+02:00,-7000.2575,8349.12061,38467.21635,37967.865,63.71
2024-10-13T03:00+02:00,-6461.8875,8672.151142,38615.05001,37550.095,63.71
2024-10-13T04:00+02:00,-6922.41,8797.583513,40002.01689,37636.275,63.71
2024-10-13T05:00+02:00,-9326.0075,8991.93409,43471.50201,38464.4125,63.71
2024-10-13T06:00+02:00,-12251.6025,8990.548606,46001.56629,38676.1175,63.71
2024-10-13T07:00+02:00,-14646.9725,9248.792192,49676.66227,40598.485,63.71
2024-10-13T08:00+02:00,-13979.475,9545.411023,50582.46655,43262.585,63.71
2024-10-13T09:00+02:00,-14444.6575,9645.825794,54700.74423,46248.24,63.71
2024-10-13T10:00+02:00,-15089.3725,9748.03046,59984.66239,49537.7725,63.71
2024-10-13T11:00+02:00,-15955.5075,9843.680559,62442.52864,51493.61,63.71
2024-10-13T12:00+02:00,-17119.17,9774.167738,63801.25312,51361.445,63.71
2024-10-13T13:00+02:00,-17602.68,9510.925804,62779.44204,49420.1975,63.71
2024-10-13T14:00+02:00,-16773.4275,9439.511964,59924.98624,47684.6125,63.71
2024-10-13T15:00+02:00,-15382.12,10035.72536,57364.20094,46997.2925,63.71
2024-10-13T16:00+02:00,-11771.5225,10612.992,53619.2112,46954.225,63.71
2024-10-13T17:00+02:00,-10438.62,11343.85114,48804.88228,49036.9025,63.71
2024-10-13T18:00+02:00,-6508.01,13220.83642,43555.40366,50934.43,63.71
2024-10-13T19:00+02:00,-6275.1125,14324.64153,40904.66057,51642.8275,63.71
2024-10-13T20:00+02:00,-5064.955,14194.57372,39469.76694,49506.43,63.71
2024-10-13T21:00+02:00,-3841.33,14531.024,38066.3038,47521.0225,63.71
2024-10-13T22:00+02:00,-1841.6925,13970.32521,36049.05827,46106.58,63.71
2024-10-13T23:00+02:00,-1479.8725,12757.32355,34939.87371,43971.0925,63.71
2024-10-14T00:00+02:00,-373.5625,11576.62051,33815.17006,43045.605,63.71
2024-10-14T01:00+02:00,1381.1275,10796.51633,31292.11968,41880.2375,63.71
2024-10-14T02:00+02:00,3460.12,10759.32906,28444.65405,40872.2525,63.71
2024-10-14T03:00+02:00,5435.9725,11287.35044,25921.53146,40528.38,63.71
2024-10-14T04:00+02:00,6750.7625,12483.55065,24624.2867,41832.335,63.71
2024-10-14T05:00+02:00,7582.8625,15193.5563,24307.89764,45874.225,63.71
2024-10-14T06:00+02:00,8283.4475,21743.8472,23543.2525,53822.7025,63.71
2024-10-14T07:00+02:00,8315.515,25381.76426,22049.86613,59281.3175,63.71
2024-10-14T08:00+02:00,8503.6075,26886.27114,23082.6555,62113.12,63.71
2024-10-14T09:00+02:00,8109.3075,27620.77227,25437.64447,62667.6675,63.71
2024-10-14T10:00+02:00,8099.17,26938.91381,27297.82416,63298.3975,63.71
2024-10-14T11:00+02:00,9433.7075,26820.65734,27750.02196,63823.725,63.71
2024-10-14T12:00+02:00,8665.925,27328.38929,27297.65004,63334.54,63.71
2024-10-14T13:00+02:00,10108.3175,27681.67964,25662.14835,62675.715,63.71
2024-10-14T14:00+02:00,11413.35,27604.41687,23522.60665,61207.6575,63.71
2024-10-14T15:00+02:00,10157.9475,28607.6393,20213.16336,59465.97,63.71
2024-10-14T16:00+02:00,9683.905,29351.86142,16572.26451,58130.0525,63.71
2024-10-14T17:00+02:00,9953.7625,31079.95896,13241.43126,58673.3075,63.71
2024-10-14T18:00+02:00,10856.885,32341.4903,11513.14924,60190.2125,63.71
2024-10-14T19:00+02:00,10654.96,32337.72121,11801.32433,60425.085,63.71
2024-10-14T20:00+02:00,8384.8875,31923.77174,11790.64256,57309.6575,63.71
2024-10-14T21:00+02:00,9660.2675,30476.50236,11663.62965,53803.9275,63.71
2024-10-14T22:00+02:00,9724.175,28076.27904,11070.04205,50375.115,63.71
2024-10-14T23:00+02:00,10332.75,24901.6453,10968.71073,46975.935,63.71
2024-10-15T00:00+02:00,9016.825,23320.64926,10898.64827,44317.605,63.71
2024-10-15T01:00+02:00,9063.35,22939.17883,10840.93952,43175.3975,63.71
2024-10-15T02:00+02:00,9443.9725,22568.15336,11102.99378,43299.255,63.71
2024-10-15T03:00+02:00,10141.035,21896.26697,11152.13619,43237.2625,63.71
2024-10-15T04:00+02:00,10441.3475,22416.82056,11418.94241,45034.3025,63.71
2024-10-15T05:00+02:00,10248.6225,24541.11227,11440.84109,47222.5675,63.71
2024-10-15T06:00+02:00,11261.36,27930.08431,12084.64793,54037.0425,63.71
2024-10-15T07:00+02:00,12371.5025,29479.9912,12559.93074,59240.7325,63.71
2024-10-15T08:00+02:00,11996.045,29567.88755,15563.6362,61510.94,63.71
2024-10-15T09:00+02:00,10557.15,27679.11874,22208.39859,61792.425,63.71
2024-10-15T10:00+02:00,8087.155,24726.93874,28044.81756,61748.5825,63.71
2024-10-15T11:00+02:00,6312.065,22779.64139,32687.75645,62334.1475,63.71
2024-10-15T12:00+02:00,7955.2725,21138.46683,35304.95806,62670.255,63.71
2024-10-15T13:00+02:00,8667.11,19514.91426,35736.74391,61970.13,63.71
2024-10-15T14:00+02:00,7607.785,19257.01131,34093.10559,59904.9325,63.71
2024-10-15T15:00+02:00,5394.46,21365.06469,31095.7136,57911.0675,63.71
2024-10-15T16:00+02:00,6734.7475,22753.48578,26677.25863,57161.5175,63.71
2024-10-15T17:00+02:00,6725.46,23951.39064,23204.47468,58064.4125,63.71
2024-10-15T18:00+02:00,5641.475,24683.50512,24984.66206,60111.285,63.71
2024-10-15T19:00+02:00,4755.115,23925.56666,30065.94475,60853.4675,63.71
2024-10-15T20:00+02:00,2128.6675,21336.65946,32974.04426,57378.675,63.71
2024-10-15T21:00+02:00,1660.6375,18375.56216,35308.06263,54202.08,63.71
2024-10-15T22:00+02:00,1910.4875,15578.89041,35310.53962,50856.6725,63.71
2024-10-15T23:00+02:00,-1259.2025,13290.44791,36747.99153,47338.605,63.71
2024-10-16T00:00+02:00,-1887.375,12516.16011,37386.61498,45369.955,63.71
2024-10-16T01:00+02:00,-2248.555,12104.00772,38012.26266,44133.065,63.71
2024-10-16T02:00+02:00,-3444.765,11987.29355,37841.25506,43384.3625,63.71
2024-10-16T03:00+02:00,-3853.08,11534.35615,38501.35799,43551.7725,63.71
2024-10-16T04:00+02:00,-2234.2025,11432.07913,38673.42641,45362.0175,63.71
2024-10-16T05:00+02:00,872.245,11910.69731,38353.15295,49499.6225,63.71
2024-10-16T06:00+02:00,4274.2725,13789.15286,40662.87585,56424.0725,63.71
2024-10-16T07:00+02:00,4636.6575,15910.77894,40896.14369,61461.2125,63.71
2024-10-16T08:00+02:00,2637.0525,16760.39415,42504.68389,63564.5075,63.71
2024-10-16T09:00+02:00,1712.0925,16354.83654,46803.51154,64320.9825,63.71
2024-10-16T10:00+02:00,376.865,15508.60283,52594.68707,64945.205,63.71
2024-10-16T11:00+02:00,-4039.1625,14600.11436,54707.13668,64095.64,64.0325
2024-10-16T12:00+02:00,-6206.05,14285.60299,57055.41054,62985.68,64.14
2024-10-16T13:00+02:00,-5068.7025,13916.95636,56065.02522,61965.3675,64.14
2024-10-16T14:00+02:00,-2207.6125,13891.08628,53107.9503,61233.7525,64.14
2024-10-16T15:00+02:00,168.955,14662.34343,47985.47076,60560.05,64.14
2024-10-16T16:00+02:00,3004.57,17216.20627,41136.24189,58740.145,64.14
2024-10-16T17:00+02:00,4455.945,18813.43695,37369.86675,59975.4875,64.14
2024-10-16T18:00+02:00,3298.09,19659.95288,39183.65213,62591.2125,64.14
2024-10-16T19:00+02:00,1162.9475,18729.58463,41437.57872,62336.745,64.14
2024-10-16T20:00+02:00,9.8525,18446.6993,41037.53031,59173.4775,64.14
2024-10-16T21:00+02:00,794.8625,17566.08385,40052.88372,55673.87,64.14
2024-10-16T22:00+02:00,1133.565,15879.34581,38018.92261,51710.495,64.14
2024-10-16T23:00+02:00,-151.7875,14814.55296,37570.92805,49233.7525,64.14
2024-10-17T00:00+02:00,-1487.745,14311.06373,36281.56384,47381.6525,64.14
2024-10-17T01:00+02:00,-987.81,13583.97474,35954.70023,46077.3575,64.14
2024-10-17T02:00+02:00,-760.475,12841.44921,35610.5791,45374.6025,64.14
2024-10-17T03:00+02:00,-303.265,12004.36085,35909.36527,45388.9625,64.14
2024-10-17T04:00+02:00,832.715,12407.00978,35542.81138,46596.4575,64.14
2024-10-17T05:00+02:00,4381.3375,13020.71879,35651.29894,49135.9475,64.14
2024-10-17T06:00+02:00,4582.5,15921.57422,37027.50652,55935.7525,64.14
2024-10-17T07:00+02:00,5753.63,17371.18464,36411.41922,61564.1025,64.14
2024-10-17T08:00+02:00,7242.8,17957.14493,36921.09874,63313.19,64.14
2024-10-17T09:00+02:00,6795.885,17493.45848,40418.94224,63494.2975,64.14
2024-10-17T10:00+02:00,6325.53,16865.64609,43195.43199,63349.28,64.14
2024-10-17T11:00+02:00,5399.41,17070.41044,45595.29346,63656.135,64.14
2024-10-17T12:00+02:00,5102.19,16845.07604,45980.83165,63022.45,64.14
2024-10-17T13:00+02:00,7037.5025,16478.82223,42968.80584,61272.0925,64.14
2024-10-17T14:00+02:00,7768.67,17409.82088,38000.9334,58978.685,64.14
2024-10-17T15:00+02:00,9123.0125,18782.89047,32524.90427,58672.6025,64.14
2024-10-17T16:00+02:00,7813.7525,23229.31421,25720.90631,57870.9125,64.14
2024-10-17T17:00+02:00,8373.0175,26645.78002,20191.34214,59145.4725,64.14
2024-10-17T18:00+02:00,7784.51,27651.44525,19844.80584,61391.62,64.14
2024-10-17T19:00+02:00,7430.0375,27911.54565,20638.18215,61605.08,64.14
2024-10-17T20:00+02:00,6644.905,27142.01295,20048.89084,58297.5225,64.14
2024-10-17T21:00+02:00,7456.2525,24384.04517,19282.83761,54412.925,64.14
2024-10-17T22:00+02:00,9007.1475,21785.9946,17798.12008,50803.1525,64.14
2024-10-17T23:00+02:00,8650.7875,20370.53834,16365.00054,47197.2325,64.14
2024-10-18T00:00+02:00,8157.4625,19952.21553,14811.80256,44382.985,64.14
2024-10-18T01:00+02:00,8878.2475,19885.91699,13679.98995,42955.1175,64.14
2024-10-18T02:00+02:00,8354.1675,20212.95976,12908.02788,41901.815,64.14
2024-10-18T03:00+02:00,9499.435,20160.58153,12507.93124,42222.28,64.14
2024-10-18T04:00+02:00,9152.205,21017.66635,12627.31612,43375.63,64.14
2024-10-18T05:00+02:00,9142.38,23461.11754,13064.846,46413.1475,64.14
2024-10-18T06:00+02:00,9166.7375,26921.02618,13844.01908,53101.55,64.14
2024-10-18T07:00+02:00,9715.2325,28590.36259,14140.97246,58403.6875,64.14
2024-10-18T08:00+02:00,10547.56,28888.05507,16704.49056,60858.975,64.14
2024-10-18T09:00+02:00,10126.3025,28066.11515,20717.58001,61561.9975,64.14
2024-10-18T10:00+02:00,8727.4975,26094.55555,24848.51878,61958.2425,64.14
2024-10-18T11:00+02:00,9493.92,23401.86406,27943.32964,62246.5725,62.46
2024-10-18T12:00+02:00,9509.6125,22905.32525,29159.0253,61700.88,61.9
2024-10-18T13:00+02:00,10793.64,22246.59584,28123.69081,60445.1975,61.9
2024-10-18T14:00+02:00,10498.1725,22402.42366,25239.51069,58245.3875,61.9
2024-10-18T15:00+02:00,10883.635,23458.72353,21290.54063,56651.7775,61.9
2024-10-18T16:00+02:00,10045.1725,26338.67202,16481.9294,55607.925,61.9
2024-10-18T17:00+02:00,9770.5825,28901.70182,13486.65557,56491.99,61.9
2024-10-18T18:00+02:00,9174.2425,29252.78234,13691.97792,58263.985,61.9
2024-10-18T19:00+02:00,8883.02,29167.45492,15109.33314,57930.7175,61.9
2024-10-18T20:00+02:00,7067.5975,28103.27091,16220.92262,54771.785,61.9
2024-10-18T21:00+02:00,8555.7775,24891.40992,16673.33286,51824.48,61.9
2024-10-18T22:00+02:00,8695.705,21694.83034,16459.32726,48438.1725,61.9
2024-10-18T23:00+02:00,9156.565,18902.95622,15767.46995,44988.535,61.9
2024-10-19T00:00+02:00,8092.2675,17959.55377,15182.07508,42109.965,61.9
2024-10-19T01:00+02:00,7781.6475,17092.18394,15010.19193,40421.75,61.9
2024-10-19T02:00+02:00,7330.765,16454.48008,14992.27189,39100.075,61.9
2024-10-19T03:00+02:00,7197.15,16232.35958,15359.31861,38929.075,61.9
2024-10-19T04:00+02:00,7559.105,16044.81117,15694.77328,39332.7725,61.9
2024-10-19T05:00+02:00,7095.3,16178.42409,16577.92071,40336.9925,61.9
2024-10-19T06:00+02:00,7289.135,16391.32864,17505.22335,42257.2575,61.9
2024-10-19T07:00+02:00,7695.075,16548.9087,18250.57298,45247.05,61.9
2024-10-19T08:00+02:00,8886.5975,16503.67103,20246.40863,48320.785,61.9
2024-10-19T09:00+02:00,8703.04,16244.51332,23656.02331,50781.2125,61.9
2024-10-19T10:00+02:00,8646.38,16183.71808,26520.72736,52197.5,61.9
2024-10-19T11:00+02:00,9433.3975,15990.99978,28959.12223,53625.4875,61.9
2024-10-19T12:00+02:00,9581.84,15498.8297,30212.39743,53674.255,61.9
2024-10-19T13:00+02:00,8950.34,15307.09799,30329.6891,52354.8525,61.9
2024-10-19T14:00+02:00,9025.96,15208.14405,28228.77001,51226.7475,61.9
2024-10-19T15:00+02:00,8154.135,15959.83899,24511.47216,49431.8375,61.9
2024-10-19T16:00+02:00,8942.57,17561.57962,20996.86965,48856.605,61.9
2024-10-19T17:00+02:00,9949.085,18023.1105,18606.19762,50475.06,61.9
2024-10-19T18:00+02:00,8751.7675,18346.09462,18908.8174,52815.4675,61.9
2024-10-19T19:00+02:00,8746.875,18399.4395,20581.7744,52588.02,61.9
2024-10-19T20:00+02:00,6705.205,17982.59714,21701.42526,49614.075,61.9
2024-10-19T21:00+02:00,5341.075,16909.39942,22270.08862,46853.34,61.9
2024-10-19T22:00+02:00,5712.0225,15230.69512,22694.61134,44681.845,61.9
2024-10-19T23:00+02:00,5550.7625,13420.6161,22941.75065,41669.37,61.9
2024-10-20T00:00+02:00,6128.3275,11908.36545,21520.79779,39135.5425,61.9
2024-10-20T01:00+02:00,6526.4325,10412.41318,21847.68861,37109.21,61.9
2024-10-20T02:00+02:00,6617.1725,9421.49545,21517.53155,35910.0975,61.9
2024-10-20T03:00+02:00,7556.0175,9191.994572,20695.0344,35338.725,61.9
2024-10-20T04:00+02:00,8940.24,9099.709564,19894.50829,35434.0225,61.9
2024-10-20T05:00+02:00,9674.6475,9087.456763,19565.65619,35901.4125,61.9
2024-10-20T06:00+02:00,10154.2525,9228.322637,19344.06572,36742.605,61.9
2024-10-20T07:00+02:00,10132.6,9332.045868,19444.00494,38607.08,61.9
2024-10-20T08:00+02:00,10762.305,8916.533916,21112.33245,41553.7675,61.9
2024-10-20T09:00+02:00,11739.0175,8698.311424,26154.2074,44622.8425,61.9
2024-10-20T10:00+02:00,9784.0475,8501.996074,31596.3421,47605.465,61.9
2024-10-20T11:00+02:00,7606.2225,8486.996709,36334.34143,50208.07,61.9
2024-10-20T12:00+02:00,3679.335,8476.457572,40000.93014,49719.3775,61.9
2024-10-20T13:00+02:00,2073.4475,8606.789153,40987.3316,48382.7925,61.9
2024-10-20T14:00+02:00,2189.0475,8943.496051,38896.14988,46326.23,61.9
2024-10-20T15:00+02:00,3206.9875,9190.315222,36513.37435,45704.5825,61.9
2024-10-20T16:00+02:00,5493.48,10361.21229,32135.36153,45689.7,61.9
2024-10-20T17:00+02:00,6438.795,12069.96827,30341.47316,47828.855,61.9
2024-10-20T18:00+02:00,5734.1,12720.9116,32963.19859,51440.2625,61.9
2024-10-20T19:00+02:00,2780.845,13385.52742,35448.19868,51210.55,61.9
2024-10-20T20:00+02:00,1733.8425,13519.73034,37357.74132,49636.7975,61.9
2024-10-20T21:00+02:00,-13.915,12517.34266,37933.33506,47576.075,61.9
2024-10-20T22:00+02:00,277.1325,12465.75143,37056.97272,46772.98,61.9
2024-10-20T23:00+02:00,-2195.02,12120.96828,36285.83894,43399.84,61.9
2024-10-21T00:00+02:00,-3008.4675,12320.03965,36463.25208,42424.49,61.9
2024-10-21T01:00+02:00,-1412.99,11998.47945,35417.59674,41069.66,61.9
2024-10-21T02:00+02:00,-1567.33,11968.88266,34770.77253,40589.76,61.9
2024-10-21T03:00+02:00,-1020.2425,12019.18161,33850.1909,40630.2875,61.9
2024-10-21T04:00+02:00,26.8125,13245.7439,31922.23821,41995.8325,61.9
2024-10-21T05:00+02:00,3205.43,14540.68107,32898.36424,46330.68,61.9
2024-10-21T06:00+02:00,4170.615,18170.03091,33338.85375,53764.9,61.9
2024-10-21T07:00+02:00,3786.975,21620.94866,31968.54997,60143.1925,61.9
2024-10-21T08:00+02:00,3452.7875,22663.65167,31977.42071,62727.945,61.9
2024-10-21T09:00+02:00,3444.0725,22031.99497,34777.07687,62839.4575,61.9
2024-10-21T10:00+02:00,4439.105,21254.04346,37315.4714,63337.105,61.9
2024-10-21T11:00+02:00,4650.1275,20624.22145,39647.67847,64070.97,61.9
2024-10-21T12:00+02:00,4726.645,19707.28496,40870.24691,63485.8525,61.9
2024-10-21T13:00+02:00,5833.3175,19419.35742,39087.57951,62154.735,61.9
2024-10-21T14:00+02:00,5877.0425,21291.45645,35546.01371,60032.6175,61.9
2024-10-21T15:00+02:00,6826.1925,23226.59026,30838.8449,58519.3625,61.9
2024-10-21T16:00+02:00,7097.45,25843.01067,24817.9748,56912.12,61.9
2024-10-21T17:00+02:00,7574.325,28135.44189,19213.78544,58058.3025,61.9
2024-10-21T18:00+02:00,9509.495,28729.49023,16626.78066,59931.32,61.9
2024-10-21T19:00+02:00,8848.8075,28948.37657,16137.90723,59687.2925,61.9
2024-10-21T20:00+02:00,8176.56,28838.0563,15888.0554,56247.5075,61.9
2024-10-21T21:00+02:00,9168.995,26344.82868,16170.10372,52850.455,61.9
2024-10-21T22:00+02:00,9315.01,23781.94825,15968.24666,48984.0075,61.9
2024-10-21T23:00+02:00,7051.33,22522.49754,16249.27719,45317.3875,61.9
2024-10-22T00:00+02:00,4900.8125,21892.37744,16374.97518,42804.9025,61.9
2024-10-22T01:00+02:00,4774.145,21161.62972,17593.05467,41958.86,61.9
2024-10-22T02:00+02:00,3580.68,20241.91862,19091.19693,41171.1275,61.9
2024-10-22T03:00+02:00,3177.86,19554.88008,20553.13438,42064.205,61.9
2024-10-22T04:00+02:00,2744.4175,19606.14915,21741.5233,43252.6725,61.9
2024-10-22T05:00+02:00,2760.83,20983.90663,22880.48454,46297.325,61.9
2024-10-22T06:00+02:00,4702.8425,24726.23826,24061.60738,53572.9375,61.9
2024-10-22T07:00+02:00,6612.325,26876.24293,24213.01548,59257.3725,61.9
2024-10-22T08:00+02:00,4224.885,27499.87791,26005.55906,61862.2425,61.9
2024-10-22T09:00+02:00,4454.28,26483.76963,30574.7913,62276.0675,61.9
2024-10-22T10:00+02:00,5835.53,23676.53718,34606.34587,63314.3475,61.9
2024-10-22T11:00+02:00,6702.14,21042.07343,39450.35699,65363.25,61.9
2024-10-22T12:00+02:00,7558.8775,18246.74385,41781.26817,64994.2275,61.9
2024-10-22T13:00+02:00,8145.865,17567.93017,42014.01536,63617.195,61.9
2024-10-22T14:00+02:00,5297.555,17859.79367,41033.18789,61816.8625,61.9
2024-10-22T15:00+02:00,3019.9075,20137.68969,37343.54079,59801.865,61.9
2024-10-22T16:00+02:00,4978.8375,24228.8015,29259.49081,58695.33,61.9
2024-10-22T17:00+02:00,8365.595,27132.74786,22006.58176,59553.2575,61.9
2024-10-22T18:00+02:00,7987.8775,29122.91366,20844.75119,61926.6175,61.9
2024-10-22T19:00+02:00,5609.985,29402.5138,23205.65024,62021.5125,61.9
2024-10-22T20:00+02:00,6102.785,27309.69231,24354.15716,59196.5025,61.9
2024-10-22T21:00+02:00,4489.87,25330.16824,23732.47335,55794.45,61.9
2024-10-22T22:00+02:00,3567.1775,24536.51205,23311.62803,52215.26,61.9
2024-10-22T23:00+02:00,3488.4575,23018.46459,22062.09673,48877.8125,61.9
2024-10-23T00:00+02:00,3801.605,21995.89175,20953.59628,46333.2675,61.9
2024-10-23T01:00+02:00,4650.34,21416.20541,19514.40116,44875.76,61.9
2024-10-23T02:00+02:00,5110.7925,21231.74586,18158.09801,43451.375,61.9
2024-10-23T03:00+02:00,5324.9825,21324.05065,16616.4498,43405.4025,61.9
2024-10-23T04:00+02:00,6235.035,22007.5825,15507.6514,44189.115,61.9
2024-10-23T05:00+02:00,7495.295,24785.36804,14232.62958,47179.0175,61.9
2024-10-23T06:00+02:00,10367.455,29173.179,13716.77412,54482.9775,61.9
2024-10-23T07:00+02:00,11883.525,31188.22163,13548.82986,60302.4475,61.9
2024-10-23T08:00+02:00,13491.955,31416.89658,14153.22141,62628.2825,61.9
2024-10-23T09:00+02:00,11379.285,30132.56994,18174.0898,62678.74,61.9
2024-10-23T10:00+02:00,11058.0875,27262.18373,23673.01309,63055.5125,61.9
2024-10-23T11:00+02:00,8473.9425,25793.41192,29090.30446,63608.7175,61.9
2024-10-23T12:00+02:00,7930.32,24371.5937,32231.25412,63493.35,61.9
2024-10-23T13:00+02:00,7461.265,23952.82431,32398.58971,62545.6425,61.9
2024-10-23T14:00+02:00,5298.56,24660.87034,30323.78116,60424.745,61.9
2024-10-23T15:00+02:00,5473.4875,26441.59354,26034.47274,58387.7275,61.9
2024-10-23T16:00+02:00,7040.3475,29127.26405,19756.51713,57626.455,61.9
2024-10-23T17:00+02:00,8544.01,32882.8808,13994.58015,58742.1775,61.9
2024-10-23T18:00+02:00,10056.5675,33270.83823,13057.24412,61037.61,61.9
2024-10-23T19:00+02:00,9632.59,32943.38388,14340.13207,60913.8125,61.9
2024-10-23T20:00+02:00,9070.6925,31643.50916,15352.81761,57599.0975,61.9
2024-10-23T21:00+02:00,8014.7075,29894.97219,15800.37449,54067.73,61.9
2024-10-23T22:00+02:00,7979.2225,26028.37729,15668.16073,50658.9325,61.9
2024-10-23T23:00+02:00,6181.1125,24054.1364,15261.59496,46821.245,61.9
2024-10-24T00:00+02:00,5401.175,23049.01913,14876.85139,44039.5675,61.9
2024-10-24T01:00+02:00,6772.965,21979.71462,14869.12308,42894.4,61.9
2024-10-24T02:00+02:00,5754.7625,21696.29413,14952.40391,42252.0425,61.9
2024-10-24T03:00+02:00,6289.0925,21572.14798,15444.47309,42596.7875,61.9
2024-10-24T04:00+02:00,7111.065,22054.17119,15863.11456,44425.0525,61.9
2024-10-24T05:00+02:00,6831.3175,23598.17915,16242.05083,46896.8175,61.9
2024-10-24T06:00+02:00,8735.855,26909.39464,17179.16862,53702.8075,61.9
2024-10-24T07:00+02:00,9670.2175,28453.46302,18487.56988,59610.83,61.9
2024-10-24T08:00+02:00,9731.23,28404.36156,20538.38463,62216.26,61.9
2024-10-24T09:00+02:00,9112.51,27496.70127,24734.83449,62288.035,61.9
2024-10-24T10:00+02:00,7825.1525,25762.54269,28417.17956,62640.43,61.9
2024-10-24T11:00+02:00,7308.595,24506.48896,31943.64789,63119.675,61.9
2024-10-24T12:00+02:00,4614.0325,23965.09994,34145.5924,62527.4375,61.9
2024-10-24T13:00+02:00,4861.52,23730.23373,33530.64393,61349.8975,61.9
2024-10-24T14:00+02:00,4698.4725,24266.46815,31502.52024,59612.895,61.9
2024-10-24T15:00+02:00,5340.6975,24823.99456,28612.34931,58641.68,61.9
2024-10-24T16:00+02:00,5502.4175,26461.86206,24052.71652,57661.39,61.9
2024-10-24T17:00+02:00,6266.6,27415.15493,20287.82655,59011.2075,61.9
2024-10-24T18:00+02:00,4609.595,27814.85486,23387.27092,61356.215,61.9
2024-10-24T19:00+02:00,4129.755,27493.94759,26096.94354,61188.3175,61.9
2024-10-24T20:00+02:00,2888.35,26636.11713,27914.65412,58348.405,61.9
2024-10-24T21:00+02:00,1031.0375,25071.09869,27415.0503,55065.4275,61.9
2024-10-24T22:00+02:00,67.2475,24066.0346,25394.8488,51330.4575,61.9
2024-10-24T23:00+02:00,-429.45,22536.17175,23793.61306,47586.91,61.9
2024-10-25T00:00+02:00,1756.83,22318.93017,21871.29456,45263.84,61.9
2024-10-25T01:00+02:00,2250.755,21980.7608,20466.13612,43884.935,61.9
2024-10-25T02:00+02:00,2661.2825,21729.26389,19385.43736,42912.39,61.9
2024-10-25T03:00+02:00,2644.3525,22025.53764,19063.02304,42912.3075,61.9
2024-10-25T04:00+02:00,3202.73,22787.9554,18588.80757,44137.8325,61.9
2024-10-25T05:00+02:00,2950.2225,25294.44688,18523.34797,46706.8325,61.9
2024-10-25T06:00+02:00,5639.09,27170.52558,19302.7805,53671.4375,61.9
2024-10-25T07:00+02:00,7597.375,28316.96578,19722.44807,59151.535,61.9
2024-10-25T08:00+02:00,7382.7775,28569.44294,20487.62041,61659.7725,61.9
2024-10-25T09:00+02:00,8251.245,27612.65635,23674.42372,61930.6525,61.9
2024-10-25T10:00+02:00,7026.105,26305.20481,27563.56886,62002.0475,61.9
2024-10-25T11:00+02:00,5917.7,24851.87282,31079.06305,61940.8975,65.215
2024-10-25T12:00+02:00,4844.88,23372.10047,33901.18417,61176.715,66.32
2024-10-25T13:00+02:00,4251.155,22339.00689,34449.74233,59657.195,66.32
2024-10-25T14:00+02:00,3682.675,22785.24304,32161.47208,57176.7275,66.32
2024-10-25T15:00+02:00,3907.3925,24648.05685,26832.26061,54985.0575,66.32
2024-10-25T16:00+02:00,5829.0275,28453.49963,19301.81744,54461.985,66.32
2024-10-25T17:00+02:00,8124.905,31436.32548,13035.41874,55965.735,66.32
2024-10-25T18:00+02:00,9450.1175,32400.08601,12241.12622,58497.72,66.32
2024-10-25T19:00+02:00,7662.635,32335.21299,12915.1351,57615.505,66.32
2024-10-25T20:00+02:00,7396.1625,31133.16906,13106.79261,54250.8675,66.32
2024-10-25T21:00+02:00,6994.7175,29984.93767,12925.19156,51050.4075,66.32
2024-10-25T22:00+02:00,5989.6425,28433.42687,12518.24299,47736.7625,66.32
2024-10-25T23:00+02:00,6758.4425,25284.61619,11901.73682,44013.3075,66.32
2024-10-26T00:00+02:00,6127.4025,24095.22709,11154.68782,40975.52,66.32
2024-10-26T01:00+02:00,5567.5675,23273.57316,10457.77001,39076.48,66.32
2024-10-26T02:00+02:00,5381.07,23096.24625,9867.326648,37800.9675,66.32
2024-10-26T03:00+02:00,5615.5125,23079.84978,9452.680646,37602.7825,66.32
2024-10-26T04:00+02:00,5280.52,23191.35208,9432.716778,37789.44,66.32
2024-10-26T05:00+02:00,6169.81,23256.29798,9683.982466,38684.685,66.32
2024-10-26T06:00+02:00,6755.9225,23453.31743,10576.05928,40552.67,66.32
2024-10-26T07:00+02:00,6864.2225,23936.86765,11344.40395,43385.99,66.32
2024-10-26T08:00+02:00,6819.3025,24219.27758,13375.47512,46575.1025,66.32
2024-10-26T09:00+02:00,5719.29,23982.97799,18354.44879,49093.88,66.32
2024-10-26T10:00+02:00,4841.2525,22290.18863,23441.04417,50593.635,66.32
2024-10-26T11:00+02:00,2291.1,20745.53758,27884.21098,51453.2725,66.32
2024-10-26T12:00+02:00,3194.8625,18720.8955,31231.43694,51844.07,66.32
2024-10-26T13:00+02:00,2635.59,17808.43778,32869.89007,50345.105,66.32
2024-10-26T14:00+02:00,2252.525,17668.27529,31600.32158,48336.185,66.32
2024-10-26T15:00+02:00,1088.6875,19679.12263,26819.63643,46706.445,66.32
2024-10-26T16:00+02:00,2796.5175,22655.40698,20164.60661,46098.77,66.32
2024-10-26T17:00+02:00,5598.7125,24570.37937,15260.17066,48274.61,66.32
2024-10-26T18:00+02:00,5092.3,24926.47466,16375.94782,51134.1125,66.32
2024-10-26T19:00+02:00,2452.435,24923.49686,19699.69658,50837.455,66.32
2024-10-26T20:00+02:00,426.4525,23632.01292,22224.59805,48046.9525,66.32
2024-10-26T21:00+02:00,-719.3575,21905.02929,23922.59577,45420.5975,66.32
2024-10-26T22:00+02:00,-1346.34,20583.9992,24516.48099,44175.3125,66.32
2024-10-26T23:00+02:00,-1554.285,18245.12462,24815.47869,41283.49,66.32
2024-10-27T00:00+02:00,-422.895,15976.37111,24525.50722,38781.09,66.32
2024-10-27T01:00+02:00,-701.4625,15116.27268,23759.52355,37121.21,66.32
2024-10-27T02:00+02:00,1186.6325,13679.62848,22529.59213,35966.025,66.32
2024-10-27T02:00+01:00,3158.6225,13426.8358,20639.10931,35613.1625,66.32
2024-10-27T03:00+01:00,4101.9725,13563.26359,19720.8901,35758.8675,66.32
2024-10-27T04:00+01:00,5007.16,13608.28734,19087.33196,35908.755,66.32
2024-10-27T05:00+01:00,3470.51,14803.8257,18931.09454,36493.6175,66.32
2024-10-27T06:00+01:00,2371.785,15417.56085,19843.93398,38217.5775,66.32
2024-10-27T07:00+01:00,2732.6125,15413.51136,21126.63345,40609.4875,66.32
2024-10-27T08:00+01:00,4752.71,15146.50877,24254.54455,44426.635,66.32
2024-10-27T09:00+01:00,5676.5575,14263.96474,26230.77483,47246.105,66.32
2024-10-27T10:00+01:00,7499.585,12962.67329,28585.78718,49383.195,66.32
2024-10-27T11:00+01:00,7599.3375,12373.97585,31800.44536,50993.5075,66.32
2024-10-27T12:00+01:00,6357.685,11734.40918,33790.43969,50760.7125,66.32
2024-10-27T13:00+01:00,4712.85,12585.67445,32521.37731,49008.1525,66.32
2024-10-27T14:00+01:00,6204.5825,13875.14636,28394.47827,46968.3975,66.32
2024-10-27T15:00+01:00,5485.6525,17852.63949,21920.74434,45316.16,66.32
2024-10-27T16:00+01:00,6847.61,21829.44578,15749.22364,46239.8225,66.32
2024-10-27T17:00+01:00,8291.0175,23574.71999,14024.02688,49832.1625,66.32
2024-10-27T18:00+01:00,7886.345,23888.93313,13861.98386,51382.42,66.32
2024-10-27T19:00+01:00,9079.4025,23916.87819,12913.42159,49927.8525,66.32
2024-10-27T20:00+01:00,9470.5625,23429.94394,12165.41925,47661.9225,66.32
2024-10-27T21:00+01:00,10022.36,22361.62862,12256.50499,45589.8675,66.32
2024-10-27T22:00+01:00,10535.355,20936.50295,12937.39681,44399.0125,66.32
2024-10-27T23:00+01:00,10044.6925,19571.42585,13544.81776,42445.6625,66.32
2024-10-28T00:00+01:00,8638.19,19018.02405,14700.61732,40439.2775,66.32
2024-10-28T01:00+01:00,7818.9025,18281.99755,15992.79443,39627.21,66.32
2024-10-28T02:00+01:00,7192.5275,17645.50292,17513.22156,39548.625,66.32
2024-10-28T03:00+01:00,7213.9775,17403.13832,18488.5052,39889.89,66.32
2024-10-28T04:00+01:00,7496.8625,18158.7879,19618.70321,41431.305,66.32
2024-10-28T05:00+01:00,6638.945,21010.19647,21462.34805,45156.5975,66.32
2024-10-28T06:00+01:00,7131.9,25067.91936,22857.53835,52895.7875,66.32
2024-10-28T07:00+01:00,7032.93,26591.59743,24916.72743,58274.04,66.32
2024-10-28T08:00+01:00,5786.2675,26488.81023,28855.77707,61131.02,66.32
2024-10-28T09:00+01:00,4649.3575,24669.9412,32930.63315,62045.5475,66.32
2024-10-28T10:00+01:00,4038.605,22211.42584,36708.25616,62417.1775,66.32
2024-10-28T11:00+01:00,4788.985,20352.60099,40257.96307,63325.6,66.32
2024-10-28T12:00+01:00,3217.0175,19997.05285,41841.19746,62958.68,66.32
2024-10-28T13:00+01:00,1796.035,20862.52361,40736.33179,61505.53,66.32
2024-10-28T14:00+01:00,1587.0575,22478.47515,37038.70284,59840.6325,66.32
2024-10-28T15:00+01:00,3240.4325,25721.38422,31300.15002,58966.0725,66.32
2024-10-28T16:00+01:00,5066.3525,27625.87185,26670.47683,59220.8025,66.32
2024-10-28T17:00+01:00,4740.83,29610.10851,25209.11457,61879.335,66.32
2024-10-28T18:00+01:00,3501.2125,29773.50017,25044.39169,61946.0825,66.32
2024-10-28T19:00+01:00,3872.2075,29733.62961,24599.91342,60342.775,66.32
2024-10-28T20:00+01:00,3262.7175,29343.95064,23876.24452,57097.13,66.32
2024-10-28T21:00+01:00,2385.565,28404.05062,22711.2319,53498.3225,66.32
2024-10-28T22:00+01:00,2929.6775,26682.44123,20819.66099,49905.3075,66.32
2024-10-28T23:00+01:00,3840.655,25133.11911,19045.25666,46742.5775,66.32
2024-10-29T00:00+01:00,3008.285,22898.83477,17853.48198,43503.915,66.32
2024-10-29T01:00+01:00,4406.2775,21836.48633,16341.43808,42115.9675,66.32
2024-10-29T02:00+01:00,4811.145,21772.57154,15476.41969,41319.2975,66.32
2024-10-29T03:00+01:00,5410.2225,21763.25581,14719.71046,41698.9025,66.32
2024-10-29T04:00+01:00,6840.84,22353.48117,14159.02946,42888.645,66.32
2024-10-29T05:00+01:00,7274.8425,25566.08405,13813.54221,46491.9025,66.32
2024-10-29T06:00+01:00,9155.4325,29382.86768,14321.50589,53700.6125,66.32
2024-10-29T07:00+01:00,8847.9375,31640.86791,15823.37833,58549.0075,66.32
2024-10-29T08:00+01:00,9116.19,31862.76679,18616.63733,60885.7775,66.32
2024-10-29T09:00+01:00,8432.7525,31223.30934,22091.15198,61593.95,66.32
2024-10-29T10:00+01:00,7514.7275,30291.56424,25283.54133,61754.57,66.32
2024-10-29T11:00+01:00,7552.63,29301.61589,27664.7778,62468.915,66.32
2024-10-29T12:00+01:00,6644.04,28490.3297,28454.98341,61617.5475,66.32
2024-10-29T13:00+01:00,7980.96,27580.55175,27095.18443,60554.6525,66.32
2024-10-29T14:00+01:00,7911.3725,28311.05145,23502.36569,59017.5825,66.32
2024-10-29T15:00+01:00,8483.8175,30266.99923,18702.15939,58730.33,66.32
2024-10-29T16:00+01:00,7583.6525,32948.60139,14587.26271,59106.1,66.32
2024-10-29T17:00+01:00,8838.47,34021.39911,13614.70599,61692.2375,66.32
2024-10-29T18:00+01:00,8476.5,34258.93369,13951.71073,62029.76,66.32
2024-10-29T19:00+01:00,8360.2525,34164.71281,13989.62555,60520.8675,66.32
2024-10-29T20:00+01:00,7615.2275,33168.99122,14125.0255,57299.4975,66.32
2024-10-29T21:00+01:00,7809.11,31776.22405,13524.63565,53756.3125,66.32
2024-10-29T22:00+01:00,5886.355,30780.19948,13604.04203,50687.7875,66.32
2024-10-29T23:00+01:00,4730.255,29103.60985,13721.13001,47626.78,66.32
2024-10-30T00:00+01:00,4867.8275,26874.92594,13871.58359,45155.705,66.32
2024-10-30T01:00+01:00,5146.1,26120.9019,13388.65847,43661.56,66.32
2024-10-30T02:00+01:00,5273.45,25801.25688,13020.99658,42697.66,66.32
2024-10-30T03:00+01:00,6018.1325,25579.35695,13414.28007,43359.0275,66.32
2024-10-30T04:00+01:00,6208.575,25765.98058,13898.29991,44979.2425,66.32
2024-10-30T05:00+01:00,6371.75,27780.05717,13704.20642,48238.6775,66.32
2024-10-30T06:00+01:00,8594.81,30785.17993,14123.65055,55238.2825,66.32
2024-10-30T07:00+01:00,10103.6475,31991.33438,14603.64006,60400.0875,66.32
2024-10-30T08:00+01:00,10293.18,31749.55382,16694.09947,62696.3775,66.32
2024-10-30T09:00+01:00,11135.01,31249.515,19816.26601,63380.18,66.32
2024-10-30T10:00+01:00,10223.21,30230.5223,22774.56082,63895.2675,66.32
2024-10-30T11:00+01:00,8964.0975,29454.58855,25558.07617,64223.195,66.32
2024-10-30T12:00+01:00,8538.94,29585.15655,25915.93217,64231.4775,66.32
2024-10-30T13:00+01:00,7683.755,29896.13251,24404.33576,62879.355,66.32
2024-10-30T14:00+01:00,7412.1325,30349.27447,21422.17932,60963.98,66.32
2024-10-30T15:00+01:00,8465.3775,31426.41994,18095.54612,60510.9275,66.32
2024-10-30T16:00+01:00,7814.97,33300.55742,15308.94461,60618.28,66.32
2024-10-30T17:00+01:00,9023.0825,33832.59536,14313.30115,62816.3425,66.32
2024-10-30T18:00+01:00,9202.6975,33792.00782,14135.80583,62779.275,66.32
2024-10-30T19:00+01:00,9476.6325,33443.95141,13825.41865,61097.9975,66.32
2024-10-30T20:00+01:00,9942.385,32241.07282,13403.74681,57980.95,66.32
2024-10-30T21:00+01:00,9498.845,30840.64434,12968.00639,54413.84,66.32
2024-10-30T22:00+01:00,7982.6725,29596.24771,12931.05931,50666.6275,66.32
2024-10-30T23:00+01:00,9202.7725,25472.79479,13221.68684,46718.955,66.32
2024-10-31T00:00+01:00,7664.1075,22012.2834,14311.55209,43719.42,66.32
2024-10-31T01:00+01:00,6490.445,20928.21597,14878.77738,42006.9825,66.32
2024-10-31T02:00+01:00,5542.0075,20697.30859,15211.42821,41257.0825,66.32
2024-10-31T03:00+01:00,5853.29,20468.50747,16325.72949,41768.3675,66.32
2024-10-31T04:00+01:00,7220.435,20331.12377,16577.01718,43051.9975,66.32
2024-10-31T05:00+01:00,4860.3475,22473.46208,16740.54613,44834.1125,66.32
2024-10-31T06:00+01:00,4988.9825,24710.03373,17024.94826,50343.97,66.32
2024-10-31T07:00+01:00,5762.785,25587.23544,17446.79411,54830.22,66.32
2024-10-31T08:00+01:00,6163.5325,25820.90065,20412.93735,57885.0275,66.32
2024-10-31T09:00+01:00,6784.8575,25180.8399,23621.65812,59444.075,66.32
2024-10-31T10:00+01:00,7123.0275,24332.55497,26862.24877,60293.4875,66.32
2024-10-31T11:00+01:00,5720.735,24271.63205,30309.01115,61456.675,66.32
2024-10-31T12:00+01:00,4881.515,25082.28779,31258.49396,60960.4775,66.32
2024-10-31T13:00+01:00,2804.8825,25923.99161,30887.04645,59332.3825,66.32
2024-10-31T14:00+01:00,1717.6,27498.2119,29225.98938,57583.9525,66.32
2024-10-31T15:00+01:00,2001.97,28438.03211,26979.06054,57023.0625,66.32
2024-10-31T16:00+01:00,1811.9475,29174.10786,25373.56131,56982.1,66.32
2024-10-31T17:00+01:00,2672.37,29083.45048,25682.04773,59155.0275,66.32
2024-10-31T18:00+01:00,1508.375,29019.88385,26045.74814,59025.275,66.32
2024-10-31T19:00+01:00,817.22,28691.54493,26321.77063,57186.1,66.32
2024-10-31T20:00+01:00,887.0075,26601.18237,26866.93207,54240.7775,66.32
2024-10-31T21:00+01:00,-317.045,24469.3849,27624.96588,51552.7575,66.32
2024-10-31T22:00+01:00,-129.745,22819.28919,27001.18498,48713.9775,66.32
2024-10-31T23:00+01:00,-720.2125,20904.08601,27441.61243,45485.1825,66.32
2024-11-01T00:00+01:00,-1134.6625,18993.27982,28712.07499,43264.325,66.32
2024-11-01T01:00+01:00,612.05,17528.68237,28282.79875,41464.485,66.32
2024-11-01T02:00+01:00,1506.405,16455.48635,28473.82575,41050.4325,66.32
2024-11-01T03:00+01:00,2142.3475,16413.18991,27496.13636,40696.11,66.32
2024-11-01T04:00+01:00,2673.1975,15352.93407,27577.8849,41203.115,66.32
2024-11-01T05:00+01:00,2036.26,15634.04649,28078.94271,42928.3225,66.32
2024-11-01T06:00+01:00,1450.9725,16747.81178,29610.46186,45436.6775,66.32
2024-11-01T07:00+01:00,2556.3575,17035.25464,30039.55675,48053.295,66.32
2024-11-01T08:00+01:00,5094.0925,16080.96981,32039.8467,51075.5575,66.32
2024-11-01T09:00+01:00,7339.705,14435.41136,34705.09007,53595.985,66.32
2024-11-01T10:00+01:00,6919.555,13839.0948,37654.24903,56047.61,66.32
2024-11-01T11:00+01:00,6155.6075,13339.27765,39293.03932,58238.165,64.925
2024-11-01T12:00+01:00,5896.75,13757.24502,39710.7275,58210.74,64.46
2024-11-01T13:00+01:00,6061.7075,13569.54221,38592.20239,55739.69,64.46
2024-11-01T14:00+01:00,5972.465,13914.1579,35788.92119,53651.99,64.46
2024-11-01T15:00+01:00,5111.64,16360.75227,31246.64559,52274.5125,64.46
2024-11-01T16:00+01:00,4830.3375,18759.39167,27542.38446,52511.9525,64.46
2024-11-01T17:00+01:00,4394.6575,20213.82005,26230.67753,54293.295,64.46
2024-11-01T18:00+01:00,4205.74,20511.88821,25865.57847,55101.56,64.46
2024-11-01T19:00+01:00,3862.36,20065.67821,25578.6601,53531.1375,64.46
2024-11-01T20:00+01:00,2768.335,19758.06927,26463.01588,50960.2775,64.46
2024-11-01T21:00+01:00,2525.895,19146.33117,26479.68105,48440.8525,64.46
2024-11-01T22:00+01:00,1823.7025,18963.84338,26194.09306,46247.1375,64.46
2024-11-01T23:00+01:00,1706.495,18261.06801,24548.31877,44002.4675,64.46
2024-11-02T00:00+01:00,2058.835,17533.8164,22601.5991,41447.1475,64.46
2024-11-02T01:00+01:00,3839.69,17698.79815,20448.80985,39376.9025,64.46
2024-11-02T02:00+01:00,4865.7025,17659.84514,19050.18714,38258.665,64.46
2024-11-02T03:00+01:00,5960.5375,17726.5101,18731.01195,38321.23,64.46
2024-11-02T04:00+01:00,7084.77,17581.8749,18375.22219,38799.6575,64.46
2024-11-02T05:00+01:00,6200.9075,18082.99943,17576.21464,39477.6075,64.46
2024-11-02T06:00+01:00,5705.21,18796.50631,16299.30604,40909.715,64.46
2024-11-02T07:00+01:00,8631.925,19264.55202,15142.99996,42744.335,64.46
2024-11-02T08:00+01:00,10806.51,19151.43741,15667.99114,46759.42,64.46
2024-11-02T09:00+01:00,10934.6175,19331.20951,17682.14858,49655.6175,64.46
2024-11-02T10:00+01:00,11884.18,18802.68231,20209.14703,51792.58,64.46
2024-11-02T11:00+01:00,11606.0375,18410.38239,21568.55275,53481.045,64.46
2024-11-02T12:00+01:00,11930.58,18589.74378,20786.64613,53248.2775,64.46
2024-11-02T13:00+01:00,10571.995,19820.98264,18817.38368,51688.875,64.46
2024-11-02T14:00+01:00,11300.0525,21604.91416,15759.24313,50577.8625,64.46
2024-11-02T15:00+01:00,10028.7425,24163.86044,11969.96875,50051.8175,64.46
2024-11-02T16:00+01:00,11127.655,25082.8964,9549.74458,50644.8975,64.46
2024-11-02T17:00+01:00,10354.955,25319.25539,10016.60828,53364.595,64.46
2024-11-02T18:00+01:00,11022.7425,25366.3389,10361.9448,54144.09,64.46
2024-11-02T19:00+01:00,10055.7925,25167.22256,10488.26877,52308.965,64.46
2024-11-02T20:00+01:00,9808.8225,24965.54263,10471.89581,49008.0575,64.46
2024-11-02T21:00+01:00,8750.9,24284.15296,10455.79071,47010.7975,64.46
2024-11-02T22:00+01:00,8503.4875,22956.39377,10950.90027,45203.5125,64.46
2024-11-02T23:00+01:00,8182.4425,21193.54291,11151.56176,43019.905,64.46
2024-11-03T00:00+01:00,6294.8825,20491.43528,11361.86338,40347.7425,64.46
2024-11-03T01:00+01:00,6577.7975,19275.38464,11377.80909,38421.8925,64.46
2024-11-03T02:00+01:00,7437.2975,18425.76385,11537.83585,37601.33,64.46
2024-11-03T03:00+01:00,8097.845,18232.60677,11613.74629,37535.46,64.46
2024-11-03T04:00+01:00,7694.41,18286.18913,11702.10711,37705.55,64.46
2024-11-03T05:00+01:00,7157.7,18476.7541,11919.33843,38109.1925,64.46
2024-11-03T06:00+01:00,6627.7775,19016.85643,12478.87467,38726.725,64.46
2024-11-03T07:00+01:00,6880.28,18923.07469,13864.87909,40925.72,64.46
2024-11-03T08:00+01:00,7212.1875,18187.45124,18573.63988,44492.005,64.46
2024-11-03T09:00+01:00,8029.625,16988.34155,25320.6951,48345.1,64.46
2024-11-03T10:00+01:00,6615.27,14898.75074,30649.85032,51145.6175,64.46
2024-11-03T11:00+01:00,6610.39,13302.65857,34187.44288,52407.9275,64.46
2024-11-03T12:00+01:00,6165.115,12626.9009,35362.11676,51960.1725,64.46
2024-11-03T13:00+01:00,5020.11,13341.53644,33688.79178,49286.2675,64.46
2024-11-03T14:00+01:00,3854.69,16279.92899,27727.35104,47161.8525,64.46
2024-11-03T15:00+01:00,4526.1975,20405.30884,20068.78275,46964.5625,64.46
2024-11-03T16:00+01:00,6157.93,24084.01906,14925.19733,48160.74,64.46
2024-11-03T17:00+01:00,7676.8325,25061.71741,14920.80587,52258.735,64.46
2024-11-03T18:00+01:00,6779.13,25889.26563,15640.22443,53293.9725,64.46
2024-11-03T19:00+01:00,5964.0875,26374.21023,16153.37164,51908.6025,64.46
2024-11-03T20:00+01:00,5298.5075,26269.28483,16698.83356,49944.5675,64.46
2024-11-03T21:00+01:00,5237.0075,25499.76221,15807.41253,47952.1025,64.46
2024-11-03T22:00+01:00,5531.4675,24851.27108,14193.99587,46637.82,64.46
2024-11-03T23:00+01:00,5174.945,23546.83612,13071.69207,43938.6525,64.46
2024-11-04T00:00+01:00,6927.7125,22263.50604,12089.68833,41319.6475,64.46
2024-11-04T01:00+01:00,8078.515,21830.86242,11296.4722,39828.6,64.46
2024-11-04T02:00+01:00,7745.1425,21744.44365,10646.5972,39426.625,64.46
2024-11-04T03:00+01:00,7961.7875,22309.47822,10230.0138,39764.81,64.46
2024-11-04T04:00+01:00,8843.3625,23118.70233,9956.891756,41525.7425,64.46
2024-11-04T05:00+01:00,8514.005,26336.62245,9829.471871,45885.0425,64.46
2024-11-04T06:00+01:00,11930.0925,29670.05714,10155.88167,54398.225,64.46
2024-11-04T07:00+01:00,13064.395,31228.7408,10763.59318,60417.3225,64.46
2024-11-04T08:00+01:00,13223.0875,31431.74584,13145.7696,63569.95,64.46
2024-11-04T09:00+01:00,12959.0875,31281.2045,16490.58389,64943.7925,64.46
2024-11-04T10:00+01:00,10754.1275,31025.75707,19926.68713,65270.5425,64.46
2024-11-04T11:00+01:00,10473.5725,30305.22549,23174.74488,65187.9975,64.46
2024-11-04T12:00+01:00,10216.99,30088.59457,24431.64319,65028.9075,64.46
2024-11-04T13:00+01:00,9347.6,30044.17592,23764.9773,64651.8225,64.46
2024-11-04T14:00+01:00,8523.5075,31351.93876,20193.50835,62716.325,64.46
2024-11-04T15:00+01:00,11008.3375,33013.87303,14760.70844,62208.46,64.46
2024-11-04T16:00+01:00,10605.235,34673.48232,11352.45087,62164.7375,64.46
2024-11-04T17:00+01:00,11568.23,35544.16396,12410.49836,64613.895,64.46
2024-11-04T18:00+01:00,10138.7675,35281.72273,13987.01554,64132.675,64.46
2024-11-04T19:00+01:00,9388.51,34466.71704,15009.61513,62755.795,64.46
2024-11-04T20:00+01:00,7728.835,33318.28841,15546.3537,59301.8375,64.46
2024-11-04T21:00+01:00,6067.5025,31805.79745,15868.72963,56160.0625,64.46
2024-11-04T22:00+01:00,4696.03,30030.72669,16059.22414,52356.91,64.46
2024-11-04T23:00+01:00,3823.54,26865.00714,16398.07614,48587.8775,64.46
2024-11-05T00:00+01:00,5286.78675,26202.28249,16165.35821,45871.74,64.46
2024-11-05T01:00+01:00,6058.5845,25662.74077,15774.25069,44128.12,64.46
2024-11-05T02:00+01:00,5927.817,25355.87491,15473.68522,43324.3425,64.46
2024-11-05T03:00+01:00,6934.901,25431.86649,15053.56581,43894.29,64.46
2024-11-05T04:00+01:00,7494.42575,26014.69976,14449.5587,45523.8575,64.46
2024-11-05T05:00+01:00,7718.7655,27578.7984,13862.73857,48702.9625,64.46
2024-11-05T06:00+01:00,9737.8525,31306.55008,13604.72501,56158.8325,64.46
2024-11-05T07:00+01:00,11261.41275,32228.82811,14004.40937,61382.2375,64.46
2024-11-05T08:00+01:00,12580.743,32359.4049,16088.69776,64939.265,64.46
2024-11-05T09:00+01:00,10802.657,31936.91849,19201.80895,65704.965,64.46
2024-11-05T10:00+01:00,9419.17725,31234.22852,21975.51686,66749.4525,64.46
2024-11-05T11:00+01:00,9728.4485,30566.32652,23647.45574,67661.91,64.46
2024-11-05T12:00+01:00,9875.973,30356.85219,23517.3571,67347.2975,64.46
2024-11-05T13:00+01:00,10062.871,30891.03685,21541.04387,65831.595,64.46
2024-11-05T14:00+01:00,11367.63175,32286.22309,17683.01472,63566.4875,64.46
2024-11-05T15:00+01:00,12490.37025,33798.2304,13352.9905,62437.4375,64.46
2024-11-05T16:00+01:00,12717.377,35566.29007,10438.69337,61714.16,64.46
2024-11-05T17:00+01:00,12726.24025,36597.34729,10254.38345,64500.345,64.46
2024-11-05T18:00+01:00,12272.2525,36830.35158,10165.59866,64397.1375,64.46
2024-11-05T19:00+01:00,11735.591,36108.75973,9850.491474,62626.77,64.46
2024-11-05T20:00+01:00,11009.972,34945.36747,9430.273252,59646.1175,64.46
2024-11-05T21:00+01:00,11374.57,33473.01188,9009.768337,56397.7025,64.46
2024-11-05T22:00+01:00,10062.5205,32421.4923,8551.313626,52872.8125,64.46
2024-11-05T23:00+01:00,8900.1235,31587.62519,8170.982209,49354.69,64.46
2024-11-06T00:00+01:00,8175.81725,31884.39121,7875.610697,46629.7525,64.46
2024-11-06T01:00+01:00,8254.662,31148.25113,7645.712818,45156.0825,64.46
2024-11-06T02:00+01:00,9108.69,30199.67455,7580.682932,44516.6275,64.46
2024-11-06T03:00+01:00,9196.515,30175.72063,7395.681142,44758.565,64.46
2024-11-06T04:00+01:00,9735.065,30732.04838,7194.685359,46309.7875,64.46
2024-11-06T05:00+01:00,10208.6665,31911.87273,7253.526755,49669.1075,64.46
2024-11-06T06:00+01:00,11675.49725,34186.11473,7728.200162,57033.895,64.46
2024-11-06T07:00+01:00,12731.631,35495.56042,8036.171075,62189.9025,64.46
2024-11-06T08:00+01:00,14993.03775,35871.40786,9571.414203,65845.0525,64.46
2024-11-06T09:00+01:00,14403.09375,35753.00605,11623.19088,67338.7675,64.46
2024-11-06T10:00+01:00,14847.411,35738.54291,13229.52303,68172.03,64.46
2024-11-06T11:00+01:00,16055.55775,35868.26475,14038.77475,68945.5425,64.46
2024-11-06T12:00+01:00,15204.0615,35982.70174,14105.63632,68426.33,64.46
2024-11-06T13:00+01:00,14406.78275,36028.72232,13127.44828,67840.4025,64.46
2024-11-06T14:00+01:00,15023.229,36207.74023,11329.09193,66532.9125,64.46
2024-11-06T15:00+01:00,13908.464,37085.10655,9285.268505,65207.365,64.46
2024-11-06T16:00+01:00,12679.35025,38000.78556,8105.249765,64666.5275,64.46
2024-11-06T17:00+01:00,13407.52025,38727.86878,7987.220536,65914.3075,64.46
2024-11-06T18:00+01:00,13429.48675,38774.24808,8007.635741,65438.3575,64.46
2024-11-06T19:00+01:00,13079.2965,38346.54842,7928.730097,63509.2425,64.46
2024-11-06T20:00+01:00,12274.928,37063.19919,7766.821279,60254.045,64.46
2024-11-06T21:00+01:00,13051.8475,34989.45112,7458.636135,57031.375,64.46
2024-11-06T22:00+01:00,11495.766,33754.7094,7396.477801,53651.0675,64.46
2024-11-06T23:00+01:00,10092.543,32971.71641,7252.170579,49795.9175,64.46
2024-11-07T00:00+01:00,9440.3085,32332.59013,7197.661105,47193.155,64.46
2024-11-07T01:00+01:00,8845.202,31935.55564,7273.804343,45506.5325,64.46
2024-11-07T02:00+01:00,8778.815,31795.68683,7368.348302,44940.2725,64.46
2024-11-07T03:00+01:00,8620.5615,31905.29637,7307.693649,45161.13,64.46
2024-11-07T04:00+01:00,9228.79,32619.39595,7277.769102,46344.8025,64.46
2024-11-07T05:00+01:00,10231.46875,33542.14898,7371.64427,49812.11,64.46
2024-11-07T06:00+01:00,10595.745,35925.2946,7943.156117,57254.205,64.46
2024-11-07T07:00+01:00,11795.545,36547.18832,8505.335412,62681.805,64.46
2024-11-07T08:00+01:00,15361.785,37068.65356,9312.547963,66154.2025,64.46
2024-11-07T09:00+01:00,16887.6665,36707.06619,10540.78869,67464.47,64.46
2024-11-07T10:00+01:00,16534.66475,36182.95053,11580.63002,68438.155,64.46
2024-11-07T11:00+01:00,16389.89925,35952.83096,12595.00688,68784.0525,64.46
2024-11-07T12:00+01:00,16378.31125,35902.26189,12665.37445,68234.135,64.46
2024-11-07T13:00+01:00,15166.14,36027.82838,12206.62712,67398.9,64.46
2024-11-07T14:00+01:00,13427.93125,36796.68578,11012.98392,66131.755,64.46
2024-11-07T15:00+01:00,11330.294,38342.14418,9829.298826,65340.31,64.46
2024-11-07T16:00+01:00,11075.82475,38904.58397,9422.619354,64846.5775,64.46
2024-11-07T17:00+01:00,10579.56125,39263.04367,9956.318948,66465.23,64.46
2024-11-07T18:00+01:00,11001.55025,38973.83653,10697.63279,66255.8475,64.46
2024-11-07T19:00+01:00,10486.919,38099.01524,11376.00079,64576.3325,64.46
2024-11-07T20:00+01:00,9215.294,36595.29949,11659.68222,60828.11,64.46
2024-11-07T21:00+01:00,8721.34,34726.98128,12078.84293,57439.175,64.46
2024-11-07T22:00+01:00,5369.192,34083.04365,12524.20267,54217.7625,64.46
2024-11-07T23:00+01:00,3161.234,32882.68977,12862.94748,50536.8875,64.46
2024-11-08T00:00+01:00,2949.6215,32066.47063,13203.52619,47391.645,64.46
2024-11-08T01:00+01:00,2868.9425,31562.12044,12884.68251,45579.21,64.46
2024-11-08T02:00+01:00,2744.2995,31496.67738,12567.72789,44559.38,64.46
2024-11-08T03:00+01:00,2983.098,31562.49588,12683.20536,44611.94,64.46
2024-11-08T04:00+01:00,3751.2215,31660.47585,13563.20074,46258.55,64.46
2024-11-08T05:00+01:00,4922.04975,32397.33159,14483.64894,49684.6425,64.46
2024-11-08T06:00+01:00,6073.4705,34274.48915,15596.73768,57056.1375,64.46
2024-11-08T07:00+01:00,7297.70475,35079.46043,16942.33549,62555.6725,64.46
2024-11-08T08:00+01:00,8578.80775,35204.74259,19050.62563,65650.52,64.46
2024-11-08T09:00+01:00,7332.235,35094.99345,21726.75354,66815.8425,64.46
2024-11-08T10:00+01:00,7465.9005,34760.2571,23606.30571,67507.85,64.46
2024-11-08T11:00+01:00,6183.602,34752.14724,24576.01106,67893.1775,65.765
2024-11-08T12:00+01:00,5652.6835,34866.98534,24649.80564,67402.6125,66.2
2024-11-08T13:00+01:00,4810.1705,34947.53868,24022.01737,66105.94,66.2
2024-11-08T14:00+01:00,4395.87,35068.14884,22664.61682,64228.29,66.2
2024-11-08T15:00+01:00,4383.5145,35271.0551,21393.12598,63133.595,66.2
2024-11-08T16:00+01:00,3570.1715,35597.32585,21848.23602,63355.4175,66.2
2024-11-08T17:00+01:00,2201.999,35998.56747,22942.53709,64919.2175,66.2
2024-11-08T18:00+01:00,-199.70775,35771.45745,22986.81837,63987.6525,66.2
2024-11-08T19:00+01:00,492.4975,35117.28668,23233.88503,61802.7125,66.2
2024-11-08T20:00+01:00,-269.998,34584.81929,21932.18995,58199.4125,66.2
2024-11-08T21:00+01:00,-1637.01575,34294.20626,20265.87726,54572.495,66.2
2024-11-08T22:00+01:00,-271.2495,32088.96756,18734.78263,51713.3775,66.2
2024-11-08T23:00+01:00,-73.1995,29963.01884,17517.52038,48605.0225,66.2
2024-11-09T00:00+01:00,-958.8435,28782.76128,16446.36011,45552.8225,66.2
2024-11-09T01:00+01:00,-1423.6605,28246.04261,15850.77188,43012.795,66.2
2024-11-09T02:00+01:00,193.42775,27663.89544,15189.02023,41862.64,66.2
2024-11-09T03:00+01:00,1139.5565,27574.85273,14795.73899,41555.4175,66.2
2024-11-09T04:00+01:00,1718.4415,27634.56453,14434.88627,41615.835,66.2
2024-11-09T05:00+01:00,1868.249,27803.57887,14223.15623,42356.73,66.2
2024-11-09T06:00+01:00,1387.70925,28341.70888,13665.89668,44144.0575,66.2
2024-11-09T07:00+01:00,2941.335,29094.63955,13197.82674,46763.0325,66.2
2024-11-09T08:00+01:00,4296.151,29900.82089,13909.63352,50501.5975,66.2
2024-11-09T09:00+01:00,5261.083,30178.68061,15461.61023,53506.16,66.2
2024-11-09T10:00+01:00,5091.67675,29664.17072,17093.95196,55317.4925,66.2
2024-11-09T11:00+01:00,6377.18325,29297.81162,18552.96327,56419.8875,66.2
2024-11-09T12:00+01:00,5891.37875,29215.50866,19176.10696,56059.7825,66.2
2024-11-09T13:00+01:00,5314.367,30129.31364,18187.6723,55287.7225,66.2
2024-11-09T14:00+01:00,3561.1815,31707.66245,15472.90153,53416.1775,66.2
2024-11-09T15:00+01:00,4475.605,33588.97649,11830.18799,53183.7925,66.2
2024-11-09T16:00+01:00,5399.217,33830.60378,10151.53505,53706.4475,66.2
2024-11-09T17:00+01:00,5926.35275,33835.19382,10703.33744,56242.56,66.2
2024-11-09T18:00+01:00,5208.35725,33825.91863,10841.26822,56095.2575,66.2
2024-11-09T19:00+01:00,5146.05225,33737.15636,10541.8507,54156.9,66.2
2024-11-09T20:00+01:00,4773.071,33374.40504,10137.87528,51188.7,66.2
2024-11-09T21:00+01:00,4695.6275,32578.64285,9678.664483,48524.445,66.2
2024-11-09T22:00+01:00,5028.284,31073.80443,9186.973639,46887.8275,66.2
2024-11-09T23:00+01:00,5987.85625,28299.7984,8678.479588,44321.5175,66.2
2024-11-10T00:00+01:00,6681.3445,25994.26693,8292.444528,41730.32,66.2
2024-11-10T01:00+01:00,7463.329,25186.21681,8062.367013,39898.26,66.2
2024-11-10T02:00+01:00,7617.25725,24972.57976,8077.225452,38870.175,66.2
2024-11-10T03:00+01:00,8075.3065,24625.9783,8260.550078,38765.205,66.2
2024-11-10T04:00+01:00,8268.9455,24801.49455,8437.362883,39070.2675,66.2
2024-11-10T05:00+01:00,7459.783,25110.06397,8565.268914,39233.59,66.2
2024-11-10T06:00+01:00,6441.61875,25304.04654,8739.895615,39786.9275,66.2
2024-11-10T07:00+01:00,6809.34625,25550.83037,9166.874958,42022.29,66.2
2024-11-10T08:00+01:00,7698.387,25614.78481,10676.69259,45275.8825,66.2
2024-11-10T09:00+01:00,9418.476,26178.01967,12633.49067,48719.07,66.2
2024-11-10T10:00+01:00,10017.18175,26296.7214,14049.30051,51239.5575,66.2
2024-11-10T11:00+01:00,10571.72375,26335.56113,14955.68626,53396.4575,66.2
2024-11-10T12:00+01:00,10492.8895,26330.70803,15044.793,52987.0175,66.2
2024-11-10T13:00+01:00,9406.78175,26405.88392,14527.6336,51758.32,66.2
2024-11-10T14:00+01:00,8139.6825,27410.48835,12562.71575,50902.55,66.2
2024-11-10T15:00+01:00,5964.03275,30444.11835,10298.78367,50872.7075,66.2
2024-11-10T16:00+01:00,6529.8235,31403.37192,9509.531155,52148.035,66.2
2024-11-10T17:00+01:00,7959.42525,31541.8107,10047.1976,55013.0625,66.2
2024-11-10T18:00+01:00,7433.95525,31804.11116,10429.47599,55344.2725,66.2
2024-11-10T19:00+01:00,8037.09,32197.07823,10846.6655,54115.5175,66.2
2024-11-10T20:00+01:00,6316.41375,32253.26646,11023.92693,51694.985,66.2
2024-11-10T21:00+01:00,5776.688,31420.74944,10573.63123,49779.49,66.2
2024-11-10T22:00+01:00,7485.59625,29137.52043,10481.74511,48199.9,66.2
2024-11-10T23:00+01:00,6734.3725,27573.21694,10783.83177,45629.3025,66.2
2024-11-11T00:00+01:00,5643.83275,25952.28029,11515.44534,43103.96,66.2
2024-11-11T01:00+01:00,5198.7645,25402.66735,12530.59451,41750.1425,66.2
2024-11-11T02:00+01:00,6121.4335,24804.49219,13099.54139,41653.545,66.2
2024-11-11T03:00+01:00,6995.531,24297.144,13334.32055,42480.9825,66.2
2024-11-11T04:00+01:00,7182.47425,25128.4834,14155.09407,44583.8925,66.2
2024-11-11T05:00+01:00,5411.05275,27367.30869,15824.84581,48797.42,66.2
2024-11-11T06:00+01:00,5401.6335,31996.82838,17467.08124,58319.7725,66.2
2024-11-11T07:00+01:00,6332.27575,34475.49057,18273.29003,64318.46,66.2
2024-11-11T08:00+01:00,6183.0545,35110.49436,20376.35393,67224.01,66.2
2024-11-11T09:00+01:00,6366.83175,35379.80945,21657.37792,68204.5425,66.2
2024-11-11T10:00+01:00,7148.662,35376.44271,21818.03554,69333.9775,66.2
2024-11-11T11:00+01:00,7629.02925,36065.29215,22459.41748,69303.7075,66.2
2024-11-11T12:00+01:00,7862.80825,35739.04872,23422.63391,69403.5775,66.2
2024-11-11T13:00+01:00,6835.57575,35478.39794,22841.55535,68994.785,66.2
2024-11-11T14:00+01:00,6990.423,35233.59493,21743.68619,67365.2925,66.2
2024-11-11T15:00+01:00,7059.6915,35339.44565,20365.11532,66728.415,66.2
2024-11-11T16:00+01:00,6169.8295,35680.9589,20390.77896,66506.4075,66.2
2024-11-11T17:00+01:00,4707.91975,35990.8695,20996.9486,67694.4025,66.2
2024-11-11T18:00+01:00,4327.82625,35617.20341,20946.40137,67547.165,66.2
2024-11-11T19:00+01:00,4219.08625,35187.95413,20571.92132,66022.385,66.2
2024-11-11T20:00+01:00,4524.8665,34537.26545,19985.05927,63198.8225,66.2
2024-11-11T21:00+01:00,4254.468,33384.58608,18941.15102,59383.9825,66.2
2024-11-11T22:00+01:00,3722.923,31882.50351,17971.86896,55882.2475,66.2
2024-11-11T23:00+01:00,4612.55275,30367.41788,17010.33639,51806.39,66.2
2024-11-12T00:00+01:00,4734.647,30152.09728,16431.72655,48646.9625,66.2
2024-11-12T01:00+01:00,4951.03925,29831.28878,15584.43886,47302.1125,66.2
2024-11-12T02:00+01:00,5490.826,29572.46793,14482.27205,46231.645,66.2
2024-11-12T03:00+01:00,6394.56025,29401.723,13769.94452,46842.4075,66.2
2024-11-12T04:00+01:00,7373.14475,29953.88653,12870.53211,47872.295,66.2
2024-11-12T05:00+01:00,8409.251,31698.64603,12520.86885,51093.1475,66.2
2024-11-12T06:00+01:00,9505.16075,34215.20445,12618.42008,58406.2675,66.2
2024-11-12T07:00+01:00,10017.97775,36069.17129,13166.194,63545.415,66.2
2024-11-12T08:00+01:00,9915.365,37105.11287,14073.47297,65819.4325,66.2
2024-11-12T09:00+01:00,8998.592,37502.64586,15270.95623,66762.1225,66.2
2024-11-12T10:00+01:00,10229.44825,37566.80975,15978.15538,67802.91,66.2
2024-11-12T11:00+01:00,10645.88425,36993.09038,17149.92856,68678.9225,66.2
2024-11-12T12:00+01:00,10706.26925,36920.03518,17784.51657,68541.1975,66.2
2024-11-12T13:00+01:00,10886.8235,36653.4491,16842.78465,67888.8975,66.2
2024-11-12T14:00+01:00,9361.8425,38013.35333,15421.47973,66516.8475,66.2
2024-11-12T15:00+01:00,8504.3225,38512.49601,13795.81088,65664.26,66.2
2024-11-12T16:00+01:00,7797.074,39178.38267,13515.29794,65641.4475,66.2
2024-11-12T17:00+01:00,7691.1945,39646.07386,13814.05992,67522.7875,66.2
2024-11-12T18:00+01:00,8225.304,39679.34757,13767.07604,67270.0675,66.2
2024-11-12T19:00+01:00,8474.665,39062.86137,13492.79792,65781.0125,66.2
2024-11-12T20:00+01:00,8276.971,37791.77748,12780.76388,62216.765,66.2
2024-11-12T21:00+01:00,8973.01575,36153.82448,11987.28742,58528.0975,66.2
2024-11-12T22:00+01:00,7234.33975,35611.88844,11483.77804,55092.2625,66.2
2024-11-12T23:00+01:00,6635.138,34707.06887,10883.35807,51418.9725,66.2
2024-11-13T00:00+01:00,5736.79575,34847.03384,10535.50628,48221.345,66.2
2024-11-13T01:00+01:00,6098.854,34324.20647,10297.24232,46815.5075,66.2
2024-11-13T02:00+01:00,5803.1195,34178.89234,10459.77376,45805.5825,66.2
2024-11-13T03:00+01:00,6338.05225,33941.7144,10419.11249,46390.92,66.2
2024-11-13T04:00+01:00,7019.663,34208.8329,10410.3197,47710.67,66.2
2024-11-13T05:00+01:00,7630.571,35310.54388,10935.55738,51326.555,66.2
2024-11-13T06:00+01:00,10335.737,35733.67277,12402.26672,59100.355,66.2
2024-11-13T07:00+01:00,9648.077,37771.74871,13586.79368,64396.1625,66.2
2024-11-13T08:00+01:00,8929.00525,38962.21131,14124.76256,66658.6775,66.2
2024-11-13T09:00+01:00,7314.70775,39397.99851,15557.60946,67613.8575,66.2
2024-11-13T10:00+01:00,9645.264,39143.37485,16189.7148,68925.815,66.2
2024-11-13T11:00+01:00,9603.00775,38743.90511,17046.70251,69945.335,66.2
2024-11-13T12:00+01:00,10654.6105,38157.35662,17418.77028,70196.66,66.2
2024-11-13T13:00+01:00,10381.8595,38321.67618,17393.72516,69648.615,66.2
2024-11-13T14:00+01:00,10693.226,38629.28738,15978.19168,68900.8,66.2
2024-11-13T15:00+01:00,8490.28575,39023.40997,15409.39569,68407.8425,66.2
2024-11-13T16:00+01:00,7326.16225,39369.21014,15156.48228,68248.4375,66.2
2024-11-13T17:00+01:00,7630.367,40013.5399,15494.85337,69951.1225,66.2
2024-11-13T18:00+01:00,7569.727,39831.63648,16196.21629,69495.6225,66.2
2024-11-13T19:00+01:00,7436.51775,39229.17883,16956.07196,67876.415,66.2
2024-11-13T20:00+01:00,5861.69425,37416.09657,18050.95343,64387.0075,66.2
2024-11-13T21:00+01:00,3782.3165,35299.46083,19636.83113,60718.7975,66.2
2024-11-13T22:00+01:00,2850.48725,33256.52695,20552.534,56614.7875,66.2
2024-11-13T23:00+01:00,2262.2495,31180.13308,21485.11682,52716.48,66.2
2024-11-14T00:00+01:00,-832.49675,30636.02995,22687.98902,49496.8375,66.2
2024-11-14T01:00+01:00,-1924.999,29951.81784,23805.40061,47729.72,66.2
2024-11-14T02:00+01:00,-1867.5735,29402.86752,24507.05972,46853.8075,66.2
2024-11-14T03:00+01:00,-1824.026,29374.66975,24744.15888,46935.695,66.2
2024-11-14T04:00+01:00,-1436.416,29061.22239,25391.76036,48235.495,66.2
2024-11-14T05:00+01:00,384.59675,29719.95831,25356.49953,51806.295,66.2
2024-11-14T06:00+01:00,2493.201,32245.35008,25866.95399,59220.55,66.2
2024-11-14T07:00+01:00,2743.9785,35463.05147,26653.23372,65204.1275,66.2
2024-11-14T08:00+01:00,2626.08,36334.00875,26955.49461,68430.4075,66.2
2024-11-14T09:00+01:00,3041.20725,36376.23313,28184.56722,69094.5525,66.2
2024-11-14T10:00+01:00,3035.479,35636.57425,29343.82666,70289.1025,66.2
2024-11-14T11:00+01:00,3476.35675,35625.30925,29888.82364,70820.1775,66.2
2024-11-14T12:00+01:00,2654.83725,35329.61112,30231.13634,69904.035,66.2
2024-11-14T13:00+01:00,2348.92125,35811.89387,29343.78293,68685.1025,66.2
2024-11-14T14:00+01:00,2886.28975,36401.33014,27593.6483,67085.0025,66.2
2024-11-14T15:00+01:00,4391.337,36561.49383,24963.22539,66035.3475,66.2
2024-11-14T16:00+01:00,3575.73125,36892.85438,22840.37528,66100.6475,66.2
2024-11-14T17:00+01:00,2286.53925,37092.4401,22491.17376,67512.205,66.2
2024-11-14T18:00+01:00,2994.566,36673.02886,22321.68858,66945.31,66.2
2024-11-14T19:00+01:00,3112.58125,36263.73935,22066.1251,65240.2775,66.2
2024-11-14T20:00+01:00,2407.3585,35578.10906,21407.81399,62046.545,66.2
2024-11-14T21:00+01:00,526.89825,35314.88885,20175.60056,58122.98,66.2
2024-11-14T22:00+01:00,-751.437,35095.02994,18576.12115,54582.2675,66.2
2024-11-14T23:00+01:00,189.839,32804.00881,17629.81015,51147.1775,66.2
2024-11-15T00:00+01:00,444.6945,30740.27304,16834.9003,47949.985,66.2
2024-11-15T01:00+01:00,757.89175,29847.92752,15870.93648,45853.075,66.2
2024-11-15T02:00+01:00,1659.1775,30098.53384,15011.31382,44486.9775,66.2
2024-11-15T03:00+01:00,2915.76475,30149.04238,15114.41852,44593.845,66.2
2024-11-15T04:00+01:00,4254.92125,30048.84292,15329.36182,46352.665,66.2
2024-11-15T05:00+01:00,3549.073,31056.24573,15748.83427,49816.3225,66.2
2024-11-15T06:00+01:00,6109.9665,33536.87328,16568.6066,56625.35,66.2
2024-11-15T07:00+01:00,6046.0845,35345.54495,17621.13091,62744.39,66.2
2024-11-15T08:00+01:00,5256.9775,35612.59597,18830.01004,65695.7975,66.2
2024-11-15T09:00+01:00,5076.99275,35193.76091,20569.2441,66313.7275,66.2
2024-11-15T10:00+01:00,6738.18375,34512.05623,22347.27536,67174.955,66.2
2024-11-15T11:00+01:00,7328.044,34068.60274,24041.11275,67983.5825,66.635
2024-11-15T12:00+01:00,6135.08825,33603.21537,24462.30626,67258.8825,66.78
2024-11-15T13:00+01:00,5426.13825,33735.4985,23293.18545,65821.5025,66.78
2024-11-15T14:00+01:00,5314.639,33941.56017,21434.87326,64390.3625,66.78
2024-11-15T15:00+01:00,6824.98625,34084.73362,19680.64419,63607.205,66.78
2024-11-15T16:00+01:00,5269.042,34833.80059,19474.59769,64166.8,66.78
2024-11-15T17:00+01:00,4334.58175,35033.30409,20725.47946,65948.32,66.78
2024-11-15T18:00+01:00,3708.6665,35840.35114,21665.69887,65691.855,66.78
2024-11-15T19:00+01:00,1396.37275,36147.87738,23153.70421,63794.6575,66.78
2024-11-15T20:00+01:00,-1136.97175,35328.50665,24328.20169,60617.515,66.78
2024-11-15T21:00+01:00,-2750.25475,32898.67649,24842.5709,57574.495,66.78
2024-11-15T22:00+01:00,-3211.27525,30996.17103,24131.54652,54540.2575,66.78
2024-11-15T23:00+01:00,-3342.1255,28809.70724,24003.34166,51139.1425,66.78
2024-11-16T00:00+01:00,-2561.18075,25712.58663,24812.26811,48409.585,66.78
2024-11-16T01:00+01:00,-3906.4295,24179.14533,26267.8975,46670.27,66.78
2024-11-16T02:00+01:00,-4293.7495,23416.01923,26770.97997,45924.22,66.78
2024-11-16T03:00+01:00,-4997.378,23614.76103,27852.40987,45522.925,66.78
2024-11-16T04:00+01:00,-3466.9945,23710.87943,28345.13179,45692.41,66.78
2024-11-16T05:00+01:00,-3476.643,23929.0523,28505.09201,46428.4,66.78
2024-11-16T06:00+01:00,-3782.79,23857.73765,29942.50449,48000.9025,66.78
2024-11-16T07:00+01:00,-3998.0255,25061.34362,29487.80254,49836.0075,66.78
2024-11-16T08:00+01:00,-3554.16525,25256.63353,31971.87831,52970.7175,66.78
2024-11-16T09:00+01:00,-2861.4035,25194.14369,35453.33456,56157.355,66.78
2024-11-16T10:00+01:00,-2148.0335,23680.20202,39267.09716,58731.9225,66.78
2024-11-16T11:00+01:00,-3207.67775,22647.35469,41502.6718,59649.0075,66.78
2024-11-16T12:00+01:00,-3794.0225,22984.26269,41805.19393,59152.96,66.78
2024-11-16T13:00+01:00,-3438.52575,22991.75078,39918.90691,57731.2025,66.78
2024-11-16T14:00+01:00,-3007.06525,23100.26121,37098.53037,56059.135,66.78
2024-11-16T15:00+01:00,-1812.57625,23281.16795,33624.99308,55343.105,66.78
2024-11-16T16:00+01:00,-1262.35975,23228.67736,33160.55078,56220.405,66.78
2024-11-16T17:00+01:00,-1808.1285,24191.17094,33005.07065,58683.8325,66.78
2024-11-16T18:00+01:00,-3209.18525,23860.36003,33945.75286,58286.195,66.78
2024-11-16T19:00+01:00,-4144.26825,22595.38922,35127.23702,56059.3075,66.78
2024-11-16T20:00+01:00,-4515.60125,20993.62049,35612.82397,53609.7425,66.78
2024-11-16T21:00+01:00,-5128.78975,19432.56613,36250.08072,51215.49,66.78
2024-11-16T22:00+01:00,-5011.017,17716.62201,35746.61752,49622.435,66.78
2024-11-16T23:00+01:00,-5379.116,16805.76878,35189.23017,46850.09,66.78
2024-11-17T00:00+01:00,-6153.06075,15582.78165,36033.81294,44070.015,66.78
2024-11-17T01:00+01:00,-6496.98375,15068.98489,35107.89225,42621.145,66.78
2024-11-17T02:00+01:00,-5275.35075,15066.10584,35640.94192,41111.625,66.78
2024-11-17T03:00+01:00,-2956.55925,14206.57314,36186.10176,41416.49,66.78
2024-11-17T04:00+01:00,-1986.31225,13171.49727,37097.82974,41529.7325,66.78
2024-11-17T05:00+01:00,-2550.2195,13761.69365,37453.47237,41449.24,66.78
2024-11-17T06:00+01:00,-4372.6465,14273.27515,38680.27558,42197.9375,66.78
2024-11-17T07:00+01:00,-5077.6015,14617.82504,39735.24461,44397.2725,66.78
2024-11-17T08:00+01:00,-6442.2985,14868.86395,41619.76695,48070.7425,66.78
2024-11-17T09:00+01:00,-5985.453,15537.73254,44707.62467,51789.035,66.78
2024-11-17T10:00+01:00,-6296.947,15959.40693,48028.29807,54694.9025,66.78
2024-11-17T11:00+01:00,-5806.3375,16478.55038,49400.88713,57020.3775,66.78
2024-11-17T12:00+01:00,-5974.8555,16585.45961,49313.13975,57344.9925,66.78
2024-11-17T13:00+01:00,-6223.15775,17359.20814,46797.83362,57035.145,66.78
2024-11-17T14:00+01:00,-6238.01525,17788.05743,44565.51659,55942.1475,66.78
2024-11-17T15:00+01:00,-5812.344,17791.33194,42399.35335,55290.32,66.78
2024-11-17T16:00+01:00,-6104.4385,19449.25169,40613.01316,56194.1275,66.78
2024-11-17T17:00+01:00,-6071.6865,19594.48144,42345.07491,58909.925,66.78
2024-11-17T18:00+01:00,-5786.536,19767.55227,43022.4216,59699.4525,66.78
2024-11-17T19:00+01:00,-6005.00175,19179.19647,42865.03882,57801.26,66.78
2024-11-17T20:00+01:00,-6664.6225,18815.64356,41848.13328,55410.9275,66.78
2024-11-17T21:00+01:00,-6791.211,17958.56278,41053.16496,53314.3175,66.78
2024-11-17T22:00+01:00,-6602.26,17278.20776,39421.00994,52020.0975,66.78
2024-11-17T23:00+01:00,-6505.3395,16732.55381,39676.34992,49458.035,66.78
2024-11-18T00:00+01:00,-7501.87625,16696.67575,40110.12961,46681.9875,66.78
2024-11-18T01:00+01:00,-6987.4475,16429.39673,39473.37912,45466.1025,66.78
2024-11-18T02:00+01:00,-6545.2505,16895.64657,40090.82819,45263.4175,66.78
2024-11-18T03:00+01:00,-5985.617,17162.44775,40051.77952,45057.595,66.78
2024-11-18T04:00+01:00,-5314.52375,17971.56785,40515.50802,46999.0225,66.78
2024-11-18T05:00+01:00,-5113.07725,19313.08199,40636.26635,50793.6225,66.78
2024-11-18T06:00+01:00,-2604.13225,22406.21485,39939.0256,58735.8425,66.78
2024-11-18T07:00+01:00,-797.20125,25254.39972,39633.68112,64467.5125,66.78
2024-11-18T08:00+01:00,-2781.452,27065.41685,40612.3378,67692.96,66.78
2024-11-18T09:00+01:00,-3863.665,27090.32396,43159.61518,69599.46,66.78
2024-11-18T10:00+01:00,-4104.77,26621.26176,45554.38726,70960.1625,66.78
2024-11-18T11:00+01:00,-3829.523,26633.44688,45367.24612,71584.81,66.78
2024-11-18T12:00+01:00,-3634.99775,26470.91177,45671.39193,71606.38,66.78
2024-11-18T13:00+01:00,-3521.453,26867.96213,44211.54379,70842.1775,66.78
2024-11-18T14:00+01:00,-3497.8215,28190.68109,40536.62554,69498.35,66.78
2024-11-18T15:00+01:00,-751.72775,28453.71527,35365.18154,68237.135,66.78
2024-11-18T16:00+01:00,637.66625,29390.93448,33408.86837,68273.1125,66.78
2024-11-18T17:00+01:00,310.21275,29291.67251,33826.02842,70244.955,66.78
2024-11-18T18:00+01:00,-912.9215,29479.3353,33722.51674,68615.21,66.78
2024-11-18T19:00+01:00,-478.708,29869.70145,32258.33816,66669.5225,66.78
2024-11-18T20:00+01:00,403.144,29520.55944,30344.36768,63691.8525,66.78
2024-11-18T21:00+01:00,-19.69525,28077.16169,28019.51342,60144.315,66.78
2024-11-18T22:00+01:00,578.6275,26847.51024,26500.13726,56227.9725,66.78
2024-11-18T23:00+01:00,590.4895,25237.33829,24459.85298,52277.67,66.78
2024-11-19T00:00+01:00,1407.8965,25319.29007,23717.52153,48943.2425,66.78
2024-11-19T01:00+01:00,1257.49925,24757.74055,24256.07689,47129.735,66.78
2024-11-19T02:00+01:00,445.3935,24708.0066,23570.42389,46107.6675,66.78
2024-11-19T03:00+01:00,1297.49125,24497.94908,23684.22068,46150.545,66.78
2024-11-19T04:00+01:00,1516.6765,24362.05343,24208.38051,47275.3575,66.78
2024-11-19T05:00+01:00,1207.6295,25375.89633,25747.57702,50829.7325,66.78
2024-11-19T06:00+01:00,-164.421,28220.73256,27293.2063,59037.2575,66.78
2024-11-19T07:00+01:00,-208.867,32421.00087,29033.43972,64797.925,66.78
2024-11-19T08:00+01:00,-958.35825,33196.04325,32486.09076,67578.0825,66.78
2024-11-19T09:00+01:00,-2379.37925,33070.86902,34485.43364,68294.6875,66.78
2024-11-19T10:00+01:00,-2532.91875,33195.96074,36798.89345,69236.4025,66.78
2024-11-19T11:00+01:00,-2397.14625,32207.87588,38487.90093,71186.7425,66.78
2024-11-19T12:00+01:00,-3832.126,32773.81864,39212.33206,70658.66,66.78
2024-11-19T13:00+01:00,-3468.4795,33374.69212,38700.96356,69523.4225,66.78
2024-11-19T14:00+01:00,-3948.72475,33596.25965,37048.06919,67969.025,66.78
2024-11-19T15:00+01:00,-2393.0905,33596.52961,33876.05774,67646.925,66.78
2024-11-19T16:00+01:00,-2616.8785,33566.88128,33212.37155,68294.655,66.78
2024-11-19T17:00+01:00,-3735.00875,33950.86715,32677.55653,69323.6425,66.78
2024-11-19T18:00+01:00,-3331.864,33985.80527,31854.34415,68484.4875,66.78
2024-11-19T19:00+01:00,-3028.71525,33668.87626,30848.80132,66709.96,66.78
2024-11-19T20:00+01:00,-2085.03675,32989.50682,29732.30881,63458.965,66.78
2024-11-19T21:00+01:00,-469.57825,30425.21961,27856.7247,59946.6525,66.78
2024-11-19T22:00+01:00,-918.6315,28448.17428,26432.88107,56266.6075,66.78
2024-11-19T23:00+01:00,-739.9055,26333.63111,25789.93495,52096.2975,66.78
2024-11-20T00:00+01:00,2061.795,24571.19464,24797.34703,49409.87,66.78
2024-11-20T01:00+01:00,1550.3225,23741.16798,24830.36234,47127.58,66.78
2024-11-20T02:00+01:00,1802.412,22771.59895,26013.99861,46761.2625,66.78
2024-11-20T03:00+01:00,2097.2295,22006.37179,26570.35406,47504.82,66.78
2024-11-20T04:00+01:00,1820.13575,22598.52243,27197.37671,48598.8925,66.78
2024-11-20T05:00+01:00,1543.7975,23674.21057,28644.10733,51664.12,66.78
2024-11-20T06:00+01:00,3340.44225,25581.76129,29317.27638,58153.7575,66.78
2024-11-20T07:00+01:00,4546.95325,28231.41272,29003.12191,63112.9075,66.78
2024-11-20T08:00+01:00,2192.314,29121.99895,30117.41085,66501.475,66.78
2024-11-20T09:00+01:00,1008.29125,29271.38422,33570.97579,67478.27,66.78
2024-11-20T10:00+01:00,-595.4085,28992.46,37532.59071,68109.1025,66.78
2024-11-20T11:00+01:00,-728.1335,28371.99572,41153.40134,70355.4,66.78
2024-11-20T12:00+01:00,-1777.25325,27781.06423,42241.84842,70465.44,66.78
2024-11-20T13:00+01:00,-1396.292,27607.0971,41347.22267,69425.3675,66.78
2024-11-20T14:00+01:00,-885.49375,28456.12064,38000.96648,67086.87,66.78
2024-11-20T15:00+01:00,1773.045,30193.30451,34978.2859,67962.925,66.78
2024-11-20T16:00+01:00,1374.452,31156.52974,34077.7111,68436.4125,66.78
2024-11-20T17:00+01:00,-1120.815,31470.63544,34950.40733,69970.76,66.78
2024-11-20T18:00+01:00,-1600.69125,31107.7747,35712.9391,69583.5375,66.78
2024-11-20T19:00+01:00,-1100.2185,30233.12462,35010.42584,67338.705,66.78
2024-11-20T20:00+01:00,-1032.7165,29601.2479,32783.56849,63105.8675,66.78
2024-11-20T21:00+01:00,-1037.4405,28682.24164,31807.5991,59835.13,66.78
2024-11-20T22:00+01:00,-1112.1385,27011.46615,30510.5317,56467.14,66.78
2024-11-20T23:00+01:00,-91.14325,25952.29448,30081.94883,52948.4325,66.78
2024-11-21T00:00+01:00,-3362.28975,25405.66285,29788.13233,50900.4125,66.78
2024-11-21T01:00+01:00,-3515.5095,24385.14152,30329.63413,49400.3125,66.78
2024-11-21T02:00+01:00,-3670.54675,23767.79983,30698.50102,48547.1375,66.78
2024-11-21T03:00+01:00,-2340.91125,23669.04152,31609.53267,48470.1275,66.78
2024-11-21T04:00+01:00,-1769.9985,24019.11177,31936.29353,50137.9125,66.78
2024-11-21T05:00+01:00,-2563.12425,25591.25326,32569.95005,53237.545,66.78
2024-11-21T06:00+01:00,-2125.02875,28842.14312,32237.81248,60625,66.78
2024-11-21T07:00+01:00,-1427.714,31381.56897,33394.33366,66338.0425,66.78
2024-11-21T08:00+01:00,-2220.29975,32670.19542,35814.50134,69348.92,66.78
2024-11-21T09:00+01:00,-5629.044,32816.38188,39622.39148,70490.3175,66.78
2024-11-21T10:00+01:00,-6451.6765,31500.36324,44360.142,71500.34,66.78
2024-11-21T11:00+01:00,-6982.871,31020.07742,46045.01222,71932.1725,66.78
2024-11-21T12:00+01:00,-5744.12275,30167.31771,45443.57042,72403.95,66.78
2024-11-21T13:00+01:00,-4545.84225,31432.01991,40250.21343,70285.4725,66.78
2024-11-21T14:00+01:00,-1399.30225,32527.67098,33916.30169,68840.5725,66.78
2024-11-21T15:00+01:00,255.69025,33576.65155,27165.78449,67520.94,66.78
2024-11-21T16:00+01:00,2914.504,34979.48593,24513.69283,68070.8325,66.78
2024-11-21T17:00+01:00,3478.84425,35930.23129,23531.18408,69353.9225,66.78
2024-11-21T18:00+01:00,6947.9815,34936.56343,22201.4986,68880.13,66.78
2024-11-21T19:00+01:00,6417.3835,34233.05575,20917.03285,66864.36,66.78
2024-11-21T20:00+01:00,6481.216,33218.62539,19193.55366,63444.8075,66.78
2024-11-21T21:00+01:00,5493.7635,32655.15664,17762.81844,59657.6675,66.78
2024-11-21T22:00+01:00,6195.07075,31352.97636,17154.77633,56165.5075,66.78
2024-11-21T23:00+01:00,6110.84975,27950.50919,17644.54765,52534.3925,66.78
2024-11-22T00:00+01:00,4992.79475,25807.73987,19291.19089,49751.155,66.78
2024-11-22T01:00+01:00,2933.47975,25221.88758,21566.63173,48267.34,66.78
2024-11-22T02:00+01:00,374.211,24899.86695,24775.274,47584.9125,66.78
2024-11-22T03:00+01:00,-1113.50025,24507.07428,26491.73103,47836.4425,66.78
2024-11-22T04:00+01:00,-1727.84625,24650.30229,28744.58103,48890.955,66.78
2024-11-22T05:00+01:00,-2066.68325,25159.59335,30062.01774,51727.98,66.78
2024-11-22T06:00+01:00,-1533.73575,26862.47958,32570.29575,59085.44,66.78
2024-11-22T07:00+01:00,-762.4555,28006.38654,34183.84132,65205.8725,66.78
2024-11-22T08:00+01:00,-3004.59925,28153.18079,37627.77236,68643.34,66.78
2024-11-22T09:00+01:00,-5447.396,27906.09895,40483.18759,69771.3,66.78
2024-11-22T10:00+01:00,-6380.8405,27570.57398,44082.11935,69688.2125,66.78
2024-11-22T11:00+01:00,-7591.22875,26642.5122,47907.32827,70893.085,68.9775
2024-11-22T12:00+01:00,-7488.193,26323.51996,50056.90459,70672.83,69.71
2024-11-22T13:00+01:00,-8731.186,26062.23809,49310.80746,69297.415,69.71
2024-11-22T14:00+01:00,-9449.0605,26181.83101,49891.66387,68515.71,69.71
2024-11-22T15:00+01:00,-8974.8605,26485.06163,48737.98644,68411.4025,69.71
2024-11-22T16:00+01:00,-9342.31725,26878.03918,47923.46173,68936.865,69.71
2024-11-22T17:00+01:00,-10405.9625,27904.56191,49374.91786,69812.0775,69.71
2024-11-22T18:00+01:00,-12239.67725,28337.65752,48819.60038,68757.1325,69.71
2024-11-22T19:00+01:00,-12525.6005,28156.69775,46870.97566,65912.67,69.71
2024-11-22T20:00+01:00,-12026.48,27600.63774,44066.72066,62172.0775,69.71
2024-11-22T21:00+01:00,-11254.6575,26682.78035,41186.17128,58664.1325,69.71
2024-11-22T22:00+01:00,-10431.14325,24458.00057,40318.36505,56302.025,69.71
2024-11-22T23:00+01:00,-8715.60475,21611.17637,39133.69655,53155.52,69.71
2024-11-23T00:00+01:00,-5892.087,19615.52511,37339.35422,50035.2525,69.71
2024-11-23T01:00+01:00,-5599.8195,18989.54542,36239.24504,48234.99,69.71
2024-11-23T02:00+01:00,-5056.9585,18636.71221,36092.64442,46749.7725,69.71
2024-11-23T03:00+01:00,-4446.74125,18098.14069,34753.10524,46542.3675,69.71
2024-11-23T04:00+01:00,-3313.06725,18230.558,34472.61632,46380.575,69.71
2024-11-23T05:00+01:00,-2954.841,17788.52092,34132.31718,46741.0975,69.71
2024-11-23T06:00+01:00,-3778.85275,17664.89218,34551.18017,47810.52,69.71
2024-11-23T07:00+01:00,-1483.11575,17734.02498,33743.61362,50437.8825,69.71
2024-11-23T08:00+01:00,-291.993,17728.30026,35196.3045,53741.8575,69.71
2024-11-23T09:00+01:00,182.50475,17178.69702,39790.87391,57465.125,69.71
2024-11-23T10:00+01:00,-682.35875,16247.24598,43324.6233,59316.49,69.71
2024-11-23T11:00+01:00,-1294.27025,15508.48487,45507.16477,60178.7025,69.71
2024-11-23T12:00+01:00,-1283.58775,15456.33313,44718.56767,59688.615,69.71
2024-11-23T13:00+01:00,-602.8755,16610.18622,41960.14449,58324.045,69.71
2024-11-23T14:00+01:00,-327.99725,17628.84835,38713.4689,56575.405,69.71
2024-11-23T15:00+01:00,-227.5445,18889.75157,36876.17108,55904.7825,69.71
2024-11-23T16:00+01:00,960.27925,17751.33055,38729.87433,58111.94,69.71
2024-11-23T17:00+01:00,-1397.266,17698.50449,42307.41684,60781.65,69.71
2024-11-23T18:00+01:00,-3324.47325,17505.64584,46141.24593,61526.7425,69.71
2024-11-23T19:00+01:00,-5767.1375,16886.00911,47939.82901,59775.115,69.71
2024-11-23T20:00+01:00,-6593.34825,15483.37699,48430.83284,57647.1625,69.71
2024-11-23T21:00+01:00,-7934.051,14015.29948,48481.25849,55595.535,69.71
2024-11-23T22:00+01:00,-8304.6045,13984.24113,47177.11231,53977.575,69.71
2024-11-23T23:00+01:00,-9020.58675,13647.10452,45604.76895,51188.86,69.71
2024-11-24T00:00+01:00,-12247.55575,12489.69551,46953.28682,47691.1725,69.71
2024-11-24T01:00+01:00,-11320.47675,11625.48517,47371.68092,45583.9075,69.71
2024-11-24T02:00+01:00,-10179.22575,10584.86179,47581.77507,44256.145,69.71
2024-11-24T03:00+01:00,-8524.06925,10508.72582,45776.51405,43942.945,69.71
2024-11-24T04:00+01:00,-7143.53875,10561.71522,44939.36805,43947.6475,69.71
2024-11-24T05:00+01:00,-6808.0965,10560.25482,44566.6353,44159.5925,69.71
2024-11-24T06:00+01:00,-6996.4005,10589.77604,44624.18458,44636.6675,69.71
2024-11-24T07:00+01:00,-8558.8035,10454.99471,45674.13079,46205.86,69.71
2024-11-24T08:00+01:00,-11157.22,10227.11037,50217.27873,49104.3475,69.71
2024-11-24T09:00+01:00,-10244.8595,10140.47868,53099.70049,52836.48,69.71
2024-11-24T10:00+01:00,-10807.51975,10022.90943,56234.91321,55732.7825,69.71
2024-11-24T11:00+01:00,-10430.15425,9808.143734,58740.69349,57335.9,69.71
2024-11-24T12:00+01:00,-11478.71275,9835.020377,59333.23435,57233.4925,69.71
2024-11-24T13:00+01:00,-11241.7185,9828.933858,57399.65598,55817.705,69.71
2024-11-24T14:00+01:00,-9891.68675,9840.793505,53421.65069,54422.4875,69.71
2024-11-24T15:00+01:00,-8294.4615,10294.90426,50028.39223,53536.7775,69.71
2024-11-24T16:00+01:00,-7194.14,11156.49268,49838.37395,55769.685,69.71
2024-11-24T17:00+01:00,-7145.41175,11914.79272,49724.76535,59191.4275,69.71
2024-11-24T18:00+01:00,-8427.137,12596.93316,50803.77587,59555.3825,69.71
2024-11-24T19:00+01:00,-9003.09325,12531.38287,50677.91588,58094.915,69.71
2024-11-24T20:00+01:00,-8649.297,12285.11974,49376.16522,55518.67,69.71
2024-11-24T21:00+01:00,-7438.4405,12077.04281,47540.15292,53535.23,69.71
2024-11-24T22:00+01:00,-6649.645,11809.3881,46239.6245,52382.0375,69.71
2024-11-24T23:00+01:00,-6444.04575,11495.4064,45560.34312,50005.3,69.71
2024-11-25T00:00+01:00,-6150.39875,10770.63861,41826.14043,47846.4725,69.71
2024-11-25T01:00+01:00,-6421.78625,10667.08354,41963.62538,45985.1625,69.71
2024-11-25T02:00+01:00,-5404.6175,10711.69044,41356.12806,45221.1525,69.71
2024-11-25T03:00+01:00,-4523.498,10869.10206,40919.93357,45376.635,69.71
2024-11-25T04:00+01:00,-4414.98025,10919.6622,41471.6861,47259.6375,69.71
2024-11-25T05:00+01:00,-3252.46775,11907.28915,42710.06832,51536.2225,69.71
2024-11-25T06:00+01:00,-1961.75575,13457.76166,46966.85541,59923.265,69.71
2024-11-25T07:00+01:00,-1257.5665,17066.7048,46238.73731,66044.135,69.71
2024-11-25T08:00+01:00,-3255.17975,19928.70275,47504.43125,69731.865,69.71
2024-11-25T09:00+01:00,-4786.78425,20919.3721,50287.71659,70764.0875,69.71
2024-11-25T10:00+01:00,-5516.7705,20514.44546,53203.99874,71279.98,69.71
2024-11-25T11:00+01:00,-5766.19225,20733.88955,52823.17613,70350.38,69.71
2024-11-25T12:00+01:00,-5580.9405,21299.8274,52236.8015,69056.9625,69.71
2024-11-25T13:00+01:00,-3877.1465,21745.03527,51019.61804,69101.065,69.71
2024-11-25T14:00+01:00,-2668.5515,22087.54952,47000.12229,67936.3175,69.71
2024-11-25T15:00+01:00,-1603.68525,22989.35274,42324.88305,66619.52,69.71
2024-11-25T16:00+01:00,-180.849,22980.0049,42418.08994,67063.2775,69.71
2024-11-25T17:00+01:00,-607.66525,23086.62165,43130.711,69542.0325,69.71
2024-11-25T18:00+01:00,-2744.98875,23452.44482,43210.67994,68938.605,69.71
2024-11-25T19:00+01:00,-3180.93575,23510.44942,42248.27877,66701.6575,69.71
2024-11-25T20:00+01:00,-3597.6645,22403.64347,40551.80736,63838.49,69.71
2024-11-25T21:00+01:00,-2701.37225,22102.11692,37551.80648,59839.455,69.71
2024-11-25T22:00+01:00,-3102.25475,22063.11386,34630.16446,56326.2325,69.71
2024-11-25T23:00+01:00,-2761.216,21108.21873,32742.19403,52674.5725,69.71
2024-11-26T00:00+01:00,-2602.103,20961.03869,31452.22879,49068.35,69.71
2024-11-26T01:00+01:00,-1695.3545,20761.73486,31368.87254,46688.9675,69.71
2024-11-26T02:00+01:00,-480.0705,20774.90407,30620.15567,45868.32,69.71
2024-11-26T03:00+01:00,81.5125,21121.26623,30490.56058,46754.8875,69.71
2024-11-26T04:00+01:00,311.6415,20890.14747,30762.72638,48531.295,69.71
2024-11-26T05:00+01:00,-1245.2095,21850.28226,30691.05932,51625.6425,69.71
2024-11-26T06:00+01:00,765.348,25112.00406,30613.86585,59681.525,69.71
2024-11-26T07:00+01:00,2123.2115,29335.60437,30083.4615,65880.1625,69.71
2024-11-26T08:00+01:00,533.3,30974.54769,30739.51874,69021.0775,69.71
2024-11-26T09:00+01:00,641.11475,30812.95202,33115.16954,69235.5225,69.71
2024-11-26T10:00+01:00,-979.214,30507.99974,37414.65573,69640.99,69.71
2024-11-26T11:00+01:00,-1667.71725,30240.73474,40263.39071,70445.235,69.71
2024-11-26T12:00+01:00,-2810.442,30337.52456,40074.38033,69217.1175,69.71
2024-11-26T13:00+01:00,-1565.06325,30319.93397,36564.56979,68590.6275,69.71
2024-11-26T14:00+01:00,-486.74825,31605.37486,32129.1548,66841.56,69.71
2024-11-26T15:00+01:00,1217.48175,32543.47943,28045.70515,66437.42,69.71
2024-11-26T16:00+01:00,1999.58675,31990.85584,28224.26549,66678.9825,69.71
2024-11-26T17:00+01:00,1415.568,32446.7602,30192.40673,68245.4625,69.71
2024-11-26T18:00+01:00,-1874.28175,32919.82189,30975.86372,66600.9175,69.71
2024-11-26T19:00+01:00,-1729.7105,32244.80766,31148.37263,65267.16,69.71
2024-11-26T20:00+01:00,-1972.241,30664.92333,30933.45155,62300.905,69.71
2024-11-26T21:00+01:00,-2193.03525,28976.74276,30081.09547,58649.615,69.71
2024-11-26T22:00+01:00,-3384.8095,28359.79582,28994.29771,54743.255,69.71
2024-11-26T23:00+01:00,-3595.2315,27189.69187,27728.32257,51915.5725,69.71
2024-11-27T00:00+01:00,-2544.951,25797.285,26581.14549,49241.73,69.71
2024-11-27T01:00+01:00,-1677.89375,25800.40106,25655.46115,47262.645,69.71
2024-11-27T02:00+01:00,11.96325,25285.669,23395.09506,46028.615,69.71
2024-11-27T03:00+01:00,236.8575,26060.63527,20723.43105,46205.8875,69.71
2024-11-27T04:00+01:00,1104.72075,26977.07338,18792.16079,47167.7675,69.71
2024-11-27T05:00+01:00,2220.36175,29381.29569,17670.7906,50520.8975,69.71
2024-11-27T06:00+01:00,6155.1075,31298.95984,17283.55137,58078.505,69.71
2024-11-27T07:00+01:00,6355.714,32809.59567,17689.51536,63713.9075,69.71
2024-11-27T08:00+01:00,6470.39775,33541.89973,19815.31607,66426.6975,69.71
2024-11-27T09:00+01:00,5061.14175,33057.84869,24642.66177,67500.0125,69.71
2024-11-27T10:00+01:00,2745.97325,31366.22317,30150.54969,68197.05,69.71
2024-11-27T11:00+01:00,492.5515,29738.57724,35209.17526,69293.985,69.71
2024-11-27T12:00+01:00,-1137.49675,28225.34865,39317.25756,69162.485,69.71
2024-11-27T13:00+01:00,-2207.2345,26824.35274,40995.29853,67530.61,69.71
2024-11-27T14:00+01:00,-1120.56875,26303.28179,40325.06349,66193.955,69.71
2024-11-27T15:00+01:00,-2260.833,27214.2746,40593.04262,66649.675,69.71
2024-11-27T16:00+01:00,-4958.8535,26368.21562,45093.5611,67817.125,69.71
2024-11-27T17:00+01:00,-6814.2805,24135.32548,51248.76916,70376.4725,69.71
2024-11-27T18:00+01:00,-10654.05625,23066.42851,55556.17597,70804.2725,69.71
2024-11-27T19:00+01:00,-9940.7945,21153.6095,55322.29433,69099.37,69.71
2024-11-27T20:00+01:00,-9808.27825,19113.34759,54587.82325,65569.8275,69.71
2024-11-27T21:00+01:00,-10215.72925,17639.5156,54796.70898,62198.005,69.71
2024-11-27T22:00+01:00,-8713.98175,16931.20874,52299.63847,58630.115,69.71
2024-11-27T23:00+01:00,-10857.3085,16581.21065,50931.6093,54849.8525,69.71
2024-11-28T00:00+01:00,-9813.91325,15610.1944,48757.68626,51783.5175,69.71
2024-11-28T01:00+01:00,-13404.9245,15271.88856,50129.47354,49835.555,69.71
2024-11-28T02:00+01:00,-13669.5315,15134.38428,51021.82684,49323.825,69.71
2024-11-28T03:00+01:00,-14210.30925,15165.79973,51331.26058,49431.71,69.71
2024-11-28T04:00+01:00,-13395.6925,16161.55257,49933.3193,50858.18,69.71
2024-11-28T05:00+01:00,-10226.8835,18381.86394,47003.3061,53328.51,69.71
2024-11-28T06:00+01:00,-6956.40875,21843.54441,46978.17469,60565.255,69.71
2024-11-28T07:00+01:00,-6646.719,24660.73188,47114.83895,65992.865,69.71
2024-11-28T08:00+01:00,-5930.9165,25473.87276,46282.0358,68865.005,69.71
2024-11-28T09:00+01:00,-5709.31825,25422.80576,47390.35213,70235.045,69.71
2024-11-28T10:00+01:00,-5451.4085,24426.58094,49428.4772,71287.8775,69.71
2024-11-28T11:00+01:00,-6069.58325,23813.84599,51151.64985,71991.375,69.71
2024-11-28T12:00+01:00,-6673.0755,23564.2843,51301.37382,70723.695,69.71
2024-11-28T13:00+01:00,-5995.73625,24870.03279,49431.00125,70001.835,69.71
2024-11-28T14:00+01:00,-3964.55375,25656.81652,46043.71001,68675.2125,69.71
2024-11-28T15:00+01:00,-2823.74,27882.21266,41918.44439,68057.49,69.71
2024-11-28T16:00+01:00,-4238.85725,31698.19062,38961.91039,68688.5975,69.71
2024-11-28T17:00+01:00,-6120.27675,33570.79662,36828.13176,68974.665,69.71
2024-11-28T18:00+01:00,-5581.69275,33660.96333,35426.74244,67986.74,69.71
2024-11-28T19:00+01:00,-3003.865,33683.74501,32596.94152,66111.395,69.71
2024-11-28T20:00+01:00,-2124.90425,33267.11046,29814.89352,62770.34,69.71
2024-11-28T21:00+01:00,-1000.467,32476.00902,26310.62692,59002.5625,69.71
2024-11-28T22:00+01:00,1018.0755,30011.89895,22691.29865,55716.65,69.71
2024-11-28T23:00+01:00,1550.04575,28805.4851,20375.07794,52142.9625,69.71
2024-11-29T00:00+01:00,475.277,27873.70244,18524.10106,48824.05,69.71
2024-11-29T01:00+01:00,2192.57625,27798.08259,16827.30171,46840.4175,69.71
2024-11-29T02:00+01:00,3859.08525,27423.80337,15053.42734,45773.665,69.71
2024-11-29T03:00+01:00,6810.94325,27137.26362,13913.21499,46232.77,69.71
2024-11-29T04:00+01:00,8257.349,27547.26991,13100.22247,47869.2625,69.71
2024-11-29T05:00+01:00,8399.3715,29467.07641,12754.23283,51256.1375,69.71
2024-11-29T06:00+01:00,11040.09525,33358.42959,12544.2566,58540.0875,69.71
2024-11-29T07:00+01:00,11358.83375,35252.88221,12420.47186,63892.05,69.71
2024-11-29T08:00+01:00,11826.1405,35688.14864,13460.04551,66344.3675,69.71
2024-11-29T09:00+01:00,10594.89375,35269.847,17513.93015,67033.63,69.71
2024-11-29T10:00+01:00,9090.479,34107.34997,22487.57993,67939.33,69.71
2024-11-29T11:00+01:00,7412.95475,33482.46488,24953.67885,68388.8825,67.9025
2024-11-29T12:00+01:00,6379.52575,33677.26437,24804.8038,67202.86,67.3
2024-11-29T13:00+01:00,7150.11375,33397.31048,23112.95989,65349.0475,67.3
2024-11-29T14:00+01:00,7787.85175,34159.39881,19829.54235,63448.01,67.3
2024-11-29T15:00+01:00,8906.17975,34394.96309,16001.01963,63024.26,67.3
2024-11-29T16:00+01:00,9406.7585,34951.7472,15493.03792,63805.405,67.3
2024-11-29T17:00+01:00,7548.2635,34806.87523,18371.75072,65090.8325,67.3
2024-11-29T18:00+01:00,6169.56075,34543.5577,21215.57084,64404.155,67.3
2024-11-29T19:00+01:00,4809.2435,33749.10299,22901.67977,62874.0375,67.3
2024-11-29T20:00+01:00,3829.37875,30800.91444,23984.8849,60231.5075,67.3
2024-11-29T21:00+01:00,2602.888,28182.48267,25907.36645,57368.0975,67.3
2024-11-29T22:00+01:00,1166.9975,25850.24742,26745.14134,54620.92,67.3
2024-11-29T23:00+01:00,-675.78875,24493.10907,26814.54136,51885.54,67.3
2024-11-30T00:00+01:00,-2136.251,23687.52969,26939.0035,47725.0675,67.3
2024-11-30T01:00+01:00,-3722.494,23405.62158,27498.49416,46372.0575,67.3
2024-11-30T02:00+01:00,-4127.47225,23674.22266,28172.81475,45354.51,67.3
2024-11-30T03:00+01:00,-3305.5435,23369.771,28583.08501,45484.6675,67.3
2024-11-30T04:00+01:00,-3404.31925,23604.38497,28681.81103,45303.1675,67.3
2024-11-30T05:00+01:00,-3862.21375,23928.69229,29032.738,45787.6275,67.3
2024-11-30T06:00+01:00,-5294.59975,24033.64512,30192.80248,47436.6775,67.3
2024-11-30T07:00+01:00,-5539.90975,24680.95145,31545.03199,49682.5,67.3
2024-11-30T08:00+01:00,-5678.06325,24689.43279,34893.05525,53717.0125,67.3
2024-11-30T09:00+01:00,-7301.67725,23385.05363,40650.80569,57606.0325,67.3
2024-11-30T10:00+01:00,-7179.479,22360.45263,45794.798,59511.225,67.3
2024-11-30T11:00+01:00,-7632.495,21655.16482,47159.35274,59237.4525,67.3
2024-11-30T12:00+01:00,-7000.65375,21412.26009,44395.57174,57569.95,67.3
2024-11-30T13:00+01:00,-4699.905,21554.46729,37900.445,55228.78,67.3
2024-11-30T14:00+01:00,-3594.164,23522.85058,29435.14356,53271.6375,67.3
2024-11-30T15:00+01:00,1058.70925,25781.82514,22531.00714,53474.33,67.3
2024-11-30T16:00+01:00,1099.55125,26727.15032,22721.23797,55138.045,67.3
2024-11-30T17:00+01:00,-174.00225,26728.64525,26225.72084,57190.6325,67.3
2024-11-30T18:00+01:00,-2375.30225,26632.38697,27716.52351,57499.7675,67.3
2024-11-30T19:00+01:00,-1936.02225,26591.86957,27309.76846,56677.1325,67.3
2024-11-30T20:00+01:00,-1846.36825,26077.48165,25675.36176,53826.7075,67.3
2024-11-30T21:00+01:00,-1150.741,25498.78985,24137.66565,51658.6625,67.3
2024-11-30T22:00+01:00,-746.46675,25048.89752,22393.95931,50036.14,67.3
2024-11-30T23:00+01:00,-274.51875,23929.74443,21293.60297,47280.515,67.3
2024-12-01T00:00+01:00,509.2015,22734.62543,20588.39624,44955.3225,67.3
2024-12-01T01:00+01:00,1014.08325,21842.68597,19680.56776,43063.36,67.3
2024-12-01T02:00+01:00,1618.13025,21706.47354,19122.22027,41860.1925,67.3
2024-12-01T03:00+01:00,2585.333,21249.81673,18567.65699,41398.19,67.3
2024-12-01T04:00+01:00,4003.9235,21240.20895,18034.12364,41815.31,67.3
2024-12-01T05:00+01:00,3873.3725,21543.67811,17454.60008,42093.8475,67.3
2024-12-01T06:00+01:00,2298.13225,21605.30634,17665.02658,42128.0125,67.3
2024-12-01T07:00+01:00,1395.03125,22368.8148,17952.29235,43769.58,67.3
2024-12-01T08:00+01:00,964.48575,22734.41519,20770.36212,47417.21,67.3
2024-12-01T09:00+01:00,174.798,22604.65472,25722.21438,51411.585,67.3
2024-12-01T10:00+01:00,-1086.91575,22599.51255,30135.80082,54117.13,67.3
2024-12-01T11:00+01:00,-1637.801,22612.04382,31626.50311,56114.055,67.3
2024-12-01T12:00+01:00,-1189.98075,22637.79288,31119.02235,55794.9025,67.3
2024-12-01T13:00+01:00,239.13225,22253.62275,28431.94562,54242.8025,67.3
2024-12-01T14:00+01:00,638.205,22301.52985,24436.78048,52317.885,67.3
2024-12-01T15:00+01:00,1357.85825,22484.80148,22310.64578,51871.7175,67.3
2024-12-01T16:00+01:00,755.10575,22849.5426,26099.97182,53932.71,67.3
2024-12-01T17:00+01:00,-1747.3545,23680.0535,30369.43617,56914.42,67.3
2024-12-01T18:00+01:00,-3394.74375,24111.41948,32815.92048,57467.9275,67.3
2024-12-01T19:00+01:00,-4083.30525,24550.6268,34090.45911,56583.135,67.3
2024-12-01T20:00+01:00,-3949.76,24091.97047,35286.49867,54448.035,67.3
2024-12-01T21:00+01:00,-4411.4175,23369.67852,35624.76057,53104.485,67.3
2024-12-01T22:00+01:00,-3642.03325,23281.74484,34668.50357,52210.3825,67.3
2024-12-01T23:00+01:00,-4461.4775,22915.92069,34083.43583,49892.8775,67.3
2024-12-02T00:00+01:00,-3313.30425,21444.90322,34442.15654,47311.5725,67.3
2024-12-02T01:00+01:00,-2841.4535,20745.21506,33709.96621,45618.395,67.3
2024-12-02T02:00+01:00,-1266.9105,20153.61948,32797.42498,45097.475,67.3
2024-12-02T03:00+01:00,314.378,19669.17721,31863.81087,45394.6525,67.3
2024-12-02T04:00+01:00,1038.422,20076.39313,31580.33289,46732.5475,67.3
2024-12-02T05:00+01:00,1419.56025,22377.33425,31361.75076,50313.7,67.3
2024-12-02T06:00+01:00,-6.3545,25530.33591,31905.7467,57751.3625,67.3
2024-12-02T07:00+01:00,676.9615,27262.23019,32032.05841,64619.9675,67.3
2024-12-02T08:00+01:00,30.418,28587.31148,33270.07528,67941.8275,67.3
2024-12-02T09:00+01:00,-589.55575,29740.81873,34844.64877,69246.4375,67.3
2024-12-02T10:00+01:00,-791.2535,30270.1921,36327.64659,69691.255,67.3
2024-12-02T11:00+01:00,782.491,30657.80873,36787.28054,70503.0625,67.3
2024-12-02T12:00+01:00,1264.973,31073.00393,35928.35893,70409.275,67.3
2024-12-02T13:00+01:00,2040.18875,31569.50176,33441.09047,69383.0125,67.3
2024-12-02T14:00+01:00,3702.31275,31662.6577,30173.5569,67552.755,67.3
2024-12-02T15:00+01:00,4684.8385,31706.45105,27306.06648,66916.6,67.3
2024-12-02T16:00+01:00,3783.48725,31688.86027,26674.2146,67526.7325,67.3
2024-12-02T17:00+01:00,2666.53225,31891.89619,26443.47046,68483.7425,67.3
2024-12-02T18:00+01:00,2703.797,31926.09488,26743.82756,67450.375,67.3
2024-12-02T19:00+01:00,2365.62525,31844.65057,26224.39551,65707.88,67.3
2024-12-02T20:00+01:00,696.663,31011.34099,25837.76166,61895.945,67.3
2024-12-02T21:00+01:00,1283.115,30061.29026,25630.09871,58362.295,67.3
2024-12-02T22:00+01:00,342.53975,29108.79102,25359.36621,54775.3125,67.3
2024-12-02T23:00+01:00,51.00425,27817.6288,25740.88575,51255.335,67.3
2024-12-03T00:00+01:00,-878.5775,27349.44573,26162.23263,48228.575,67.3
2024-12-03T01:00+01:00,-2021.198,26491.03912,27853.21669,47007.13,67.3
2024-12-03T02:00+01:00,-2248.4625,25778.53353,28228.54862,46337.56,67.3
2024-12-03T03:00+01:00,-1960.8885,25873.94636,27595.27885,46532.935,67.3
2024-12-03T04:00+01:00,-1301.56225,26262.46395,27195.6953,48391.77,67.3
2024-12-03T05:00+01:00,-478.5545,27407.66147,26986.15534,51868.0675,67.3
2024-12-03T06:00+01:00,719.93125,29773.52234,28046.2249,60189.595,67.3
2024-12-03T07:00+01:00,414.58725,33774.7191,28188.34349,65985.945,67.3
2024-12-03T08:00+01:00,609.9015,35284.24353,28773.05115,68894.005,67.3
2024-12-03T09:00+01:00,-215.845,35384.56312,30759.12151,69380.3775,67.3
2024-12-03T10:00+01:00,232.1755,34590.07338,32292.20256,70552.87,67.3
2024-12-03T11:00+01:00,517.04325,34182.07711,32685.87481,70539.48,67.3
2024-12-03T12:00+01:00,1733.02475,34286.26865,31715.10009,70771.81,67.3
2024-12-03T13:00+01:00,3042.80775,34959.50572,28910.0715,69998.8075,67.3
2024-12-03T14:00+01:00,3832.265,36105.20258,25245.99048,68452.145,67.3
2024-12-03T15:00+01:00,4245.96125,36584.88135,23170.27978,67369.6925,67.3
2024-12-03T16:00+01:00,2911.4035,37362.41581,21811.2266,67685.4975,67.3
2024-12-03T17:00+01:00,2608.19925,37347.68971,21457.63954,68887.4725,67.3
2024-12-03T18:00+01:00,1977.565,37361.71483,21050.54053,67842.625,67.3
2024-12-03T19:00+01:00,2083.41525,37197.81911,20127.13356,66036.575,67.3
2024-12-03T20:00+01:00,4349.8905,36004.30379,18771.00307,63110.145,67.3
2024-12-03T21:00+01:00,3864.149,35433.48382,18111.92726,59669.545,67.3
2024-12-03T22:00+01:00,2987.881,34838.14589,18034.37185,56479.0575,67.3
2024-12-03T23:00+01:00,2994.4865,32971.90582,17355.12278,52841.715,67.3
2024-12-04T00:00+01:00,3001.48125,31947.8003,16697.35711,50058.3725,67.3
2024-12-04T01:00+01:00,4048.82625,31860.17419,15698.39665,48206.6725,67.3
2024-12-04T02:00+01:00,4537.67625,31837.71412,15074.41507,47668.5575,67.3
2024-12-04T03:00+01:00,4684.87425,31801.87054,14741.98213,47687.11,67.3
2024-12-04T04:00+01:00,5772.38525,31650.21068,14960.92406,49072.045,67.3
2024-12-04T05:00+01:00,5853.838,32642.81614,15446.77159,52789.99,67.3
2024-12-04T06:00+01:00,8859.523,34663.39586,15428.37116,60298.0825,67.3
2024-12-04T07:00+01:00,9169.27475,36954.38353,15290.98285,65950.4075,67.3
2024-12-04T08:00+01:00,9023.753,37846.45939,15828.86605,68739.145,67.3
2024-12-04T09:00+01:00,7952.43675,37861.21452,17778.61772,69241.9575,67.3
2024-12-04T10:00+01:00,8320.4545,37499.36448,20061.80057,69709.4475,67.3
2024-12-04T11:00+01:00,8368.36525,36784.57892,21819.22096,69935.4775,67.3
2024-12-04T12:00+01:00,8853.569,36399.80931,21548.76173,69602.615,67.3
2024-12-04T13:00+01:00,8156.27175,36500.1301,19678.4236,68448.915,67.3
2024-12-04T14:00+01:00,9880.58125,37119.51491,16486.73972,67476.49,67.3
2024-12-04T15:00+01:00,9328.719,37920.30954,13943.57544,67102.9775,67.3
2024-12-04T16:00+01:00,8680.81575,38417.63842,13539.79163,68190.0225,67.3
2024-12-04T17:00+01:00,9841.87425,38571.28975,14089.73564,69555.2475,67.3
2024-12-04T18:00+01:00,10261.9,38168.69852,14506.90497,68917.27,67.3
2024-12-04T19:00+01:00,10178.88475,36657.81817,14736.0778,67222.215,67.3
2024-12-04T20:00+01:00,9674.50725,35844.10544,15059.06198,64124.675,67.3
2024-12-04T21:00+01:00,8066.8355,34934.39011,15172.86845,60531.9875,67.3
2024-12-04T22:00+01:00,7780.0575,32580.08813,15620.56028,57708.7175,67.3
2024-12-04T23:00+01:00,7125.81975,29099.96156,16272.89045,54028.39,67.3
2024-12-05T00:00+01:00,6335.9125,27087.35014,16836.92947,50781.79,67.3
2024-12-05T01:00+01:00,4673.11025,26240.28565,17546.16358,49027.29,67.3
2024-12-05T02:00+01:00,5573.69775,25868.28308,18669.7215,49083.955,67.3
2024-12-05T03:00+01:00,5798.06525,25969.62316,19765.55776,49530.9225,67.3
2024-12-05T04:00+01:00,5144.748,26484.90324,20718.76274,50681.6625,67.3
2024-12-05T05:00+01:00,4443.62075,27461.11882,21280.9345,53650.6825,67.3
2024-12-05T06:00+01:00,5042.028,29311.54312,23119.15743,60938.415,67.3
2024-12-05T07:00+01:00,4875.87,30411.05827,24669.74742,66817.7825,67.3
2024-12-05T08:00+01:00,5621.1955,30863.1425,28328.97256,69632.515,67.3
2024-12-05T09:00+01:00,1418.8745,30723.83255,35792.20804,70728.265,67.3
2024-12-05T10:00+01:00,-1866.72125,29859.63606,42336.62373,71845.8325,67.3
2024-12-05T11:00+01:00,-3660.45375,28291.15151,47126.15725,72222.8425,67.3
2024-12-05T12:00+01:00,-3756.792,26842.59466,48178.28834,72265.285,67.3
2024-12-05T13:00+01:00,-3656.56775,26643.64973,47327.86086,71595.325,67.3
2024-12-05T14:00+01:00,-2163.12975,27081.57814,44081.66181,70408.1475,67.3
2024-12-05T15:00+01:00,-1712.71475,27735.64267,42396.70124,70315.59,67.3
2024-12-05T16:00+01:00,-2369.96075,27872.98837,44572.52405,71475.765,67.3
2024-12-05T17:00+01:00,-3246.39725,27571.69346,47403.83099,72675.8475,67.3
2024-12-05T18:00+01:00,-4586.70125,26817.47251,48184.00866,71881.0625,67.3
2024-12-05T19:00+01:00,-5505.288,26970.22182,47275.60072,69131.85,67.3
2024-12-05T20:00+01:00,-5136.58775,25090.6519,46059.72707,66659.625,67.3
2024-12-05T21:00+01:00,-3319.598,22621.06942,46086.94834,63175.6575,67.3
2024-12-05T22:00+01:00,-3396.57175,20661.81045,46396.52282,59943.175,67.3
2024-12-05T23:00+01:00,-2744.042,17757.77497,46940.12657,56732.5275,67.3
2024-12-06T00:00+01:00,-3907.414,13490.8005,48648.9857,53619.8075,67.3
2024-12-06T01:00+01:00,-6370.13375,12786.37706,49396.56476,51924.695,67.3
2024-12-06T02:00+01:00,-7264.515,12562.50461,49773.19655,50773.02,67.3
2024-12-06T03:00+01:00,-6632.15075,12523.30445,48995.75942,50362.74,67.3
2024-12-06T04:00+01:00,-5699.903,12880.38093,48088.14368,50865.7,67.3
2024-12-06T05:00+01:00,-2696.36375,14268.36875,46098.27398,53489.185,67.3
2024-12-06T06:00+01:00,-221.38525,18666.15437,45034.37199,60224.32,67.3
2024-12-06T07:00+01:00,-1282.6605,22163.54409,43206.76472,65490.1225,67.3
2024-12-06T08:00+01:00,-2431.5735,23299.34043,42728.44394,68100.2475,67.3
2024-12-06T09:00+01:00,-3854.79125,23903.17585,43027.10012,68556.9025,67.3
2024-12-06T10:00+01:00,-2511.10175,23773.2083,44599.92245,69145.0275,67.3
2024-12-06T11:00+01:00,-1582.304,23911.44487,45334.9883,69345.815,67.2625
2024-12-06T12:00+01:00,-308.6935,24067.38398,45527.23269,69008.9475,67.25
2024-12-06T13:00+01:00,-1389.3595,24217.79563,44406.92867,67523.5275,67.25
2024-12-06T14:00+01:00,-1096.46775,24275.70597,42837.14127,65764.6175,67.25
2024-12-06T15:00+01:00,-2097.66925,25207.64658,40541.90366,65570.6475,67.25
2024-12-06T16:00+01:00,-3133.86,26378.19209,38451.37254,66556.835,67.25
2024-12-06T17:00+01:00,-3785.58525,26707.05147,35712.29588,66594.945,67.25
2024-12-06T18:00+01:00,-2587.881,26696.98816,32452.57314,65081.7725,67.25
2024-12-06T19:00+01:00,-658.53225,26505.0234,29971.50705,63235.7775,67.25
2024-12-06T20:00+01:00,579.281,25957.05609,28586.00732,59810.9925,67.25
2024-12-06T21:00+01:00,32.2755,24473.19521,27840.58199,56556.72,67.25
2024-12-06T22:00+01:00,-38.88225,23098.08815,26366.86859,53242.2475,67.25
2024-12-06T23:00+01:00,1389.099,21226.6787,25909.62918,49946.3575,67.25
2024-12-07T00:00+01:00,1504.132,18025.22031,25780.15334,47235.5125,67.25
2024-12-07T01:00+01:00,618.4625,16665.34829,26244.02113,45220.095,67.25
2024-12-07T02:00+01:00,3420.6715,15343.9141,26777.0368,44195.9125,67.25
2024-12-07T03:00+01:00,4102.66625,14836.49128,28513.66001,44098.93,67.25
2024-12-07T04:00+01:00,4525.925,14591.03802,29419.39466,44801.8125,67.25
2024-12-07T05:00+01:00,3988.57475,14673.89898,31422.94522,45635.5375,67.25
2024-12-07T06:00+01:00,3153.24425,14834.94382,34362.27937,46922.61,67.25
2024-12-07T07:00+01:00,2976.858,15338.28453,36987.12131,50164.145,67.25
2024-12-07T08:00+01:00,2798.16475,16019.48179,40545.99141,54018.01,67.25
2024-12-07T09:00+01:00,1033.3375,16201.68682,43234.99869,57738.4125,67.25
2024-12-07T10:00+01:00,604.504,15786.53512,44250.7881,59749.2125,67.25
2024-12-07T11:00+01:00,1180.0655,16791.94531,43781.23183,60646.705,67.25
2024-12-07T12:00+01:00,973.4985,17690.49952,41710.31381,59779.4575,67.25
2024-12-07T13:00+01:00,1056.67825,17911.87073,39973.78823,57900.6225,67.25
2024-12-07T14:00+01:00,850.3835,18567.35576,38910.16654,56282.1275,67.25
2024-12-07T15:00+01:00,357.51025,18846.17695,38825.11087,56446.41,67.25
2024-12-07T16:00+01:00,119.704,19447.18843,39553.30674,57281.6675,67.25
2024-12-07T17:00+01:00,-361.6505,19602.52465,39684.15276,58831.5675,67.25
2024-12-07T18:00+01:00,170.93775,19547.0225,37588.09572,58798.6675,67.25
2024-12-07T19:00+01:00,747.48175,18884.20203,34595.18345,56552.24,67.25
2024-12-07T20:00+01:00,1371.19125,18373.02036,32242.58479,52951.88,67.25
2024-12-07T21:00+01:00,1114.1075,17603.37166,30337.66339,50667.6875,67.25
2024-12-07T22:00+01:00,1855.44975,17128.68929,28330.93216,49375.8475,67.25
2024-12-07T23:00+01:00,2261.68975,16886.10696,25784.28969,46739.02,67.25
2024-12-08T00:00+01:00,4186.99075,16482.71735,24122.22962,44014.055,67.25
2024-12-08T01:00+01:00,4967.6185,16290.64917,22619.19859,42074.8575,67.25
2024-12-08T02:00+01:00,6131.0725,16267.57357,21294.71035,41035.2775,67.25
2024-12-08T03:00+01:00,6507.07275,16326.47297,20290.31018,40678.4625,67.25
2024-12-08T04:00+01:00,6390.42975,16169.95985,19055.28932,40940.92,67.25
2024-12-08T05:00+01:00,5949.17725,16511.96141,18580.09734,41172.775,67.25
2024-12-08T06:00+01:00,5402.82775,17289.1531,18410.36804,41953.29,67.25
2024-12-08T07:00+01:00,4558.11575,18860.93316,18549.67046,44052.32,67.25
2024-12-08T08:00+01:00,5084.28475,20623.95288,18890.79018,47256.175,67.25
2024-12-08T09:00+01:00,4941.356,21732.94324,20581.89107,50593.675,67.25
2024-12-08T10:00+01:00,3772.32675,22118.93703,23942.0234,52620.5375,67.25
2024-12-08T11:00+01:00,4007.23575,22152.39693,25979.97057,54617.9975,67.25
2024-12-08T12:00+01:00,3390.0725,22199.9273,26827.33341,55274.4175,67.25
2024-12-08T13:00+01:00,2440.54975,22234.785,26406.21232,53371.805,67.25
2024-12-08T14:00+01:00,2179.29,22276.31009,26249.10543,52280.9475,67.25
2024-12-08T15:00+01:00,1448.65,22485.44664,25967.12981,52395.355,67.25
2024-12-08T16:00+01:00,174.294,22828.70361,27674.84687,54080.765,67.25
2024-12-08T17:00+01:00,218.7175,22758.84409,30101.47562,56586.6425,67.25
2024-12-08T18:00+01:00,399.807,22563.33515,32110.2064,57327.3075,67.25
2024-12-08T19:00+01:00,42.10175,22083.32023,33484.62985,56247.225,67.25
2024-12-08T20:00+01:00,-758.775,20960.77534,33704.90748,53400.3,67.25
2024-12-08T21:00+01:00,-520.637,20316.46634,33436.83049,51503.985,67.25
2024-12-08T22:00+01:00,-166.8635,19425.3514,32885.93521,50727.4225,67.25
2024-12-08T23:00+01:00,79.66125,18379.63643,32726.34135,48407.8225,67.25
2024-12-09T00:00+01:00,2273.347,16621.76177,32840.311,46025.665,67.25
2024-12-09T01:00+01:00,2906.0655,15187.90455,33117.58429,44712.6,67.25
2024-12-09T02:00+01:00,2879.1745,14776.12818,34306.80246,44816.835,67.25
2024-12-09T03:00+01:00,2424.66775,14755.48897,35047.16471,45415.0925,67.25
2024-12-09T04:00+01:00,3121.0315,15183.59036,36132.38951,47711.765,67.25
2024-12-09T05:00+01:00,1971.306,17847.67587,36369.11584,51867.305,67.25
2024-12-09T06:00+01:00,2007.495,21555.46563,37529.21568,59782.2375,67.25
2024-12-09T07:00+01:00,2385.75725,25001.91391,36919.28944,66658.5375,67.25
2024-12-09T08:00+01:00,1709.398,26260.93302,38118.86649,69831.6925,67.25
2024-12-09T09:00+01:00,2590.82525,26570.13196,38440.99978,71310.785,67.25
2024-12-09T10:00+01:00,2399.24775,26752.74617,39122.92843,71683.8325,67.25
2024-12-09T11:00+01:00,2771.16325,26779.47452,39715.72927,71825.9525,67.25
2024-12-09T12:00+01:00,3023.178,26771.18624,39903.20508,71812.7175,67.25
2024-12-09T13:00+01:00,3466.5835,26608.60179,40481.8206,72194.785,67.25
2024-12-09T14:00+01:00,3802.80075,26647.01351,39692.97276,71304.385,67.25
2024-12-09T15:00+01:00,2971.45525,26836.41183,39373.02061,70573.235,67.25
2024-12-09T16:00+01:00,2005.0625,27206.05619,39869.58472,70948.33,67.25
2024-12-09T17:00+01:00,1029.341,27451.43251,39784.28424,71576.42,67.25
2024-12-09T18:00+01:00,-995.973,28083.45387,40332.24597,70777.29,67.25
2024-12-09T19:00+01:00,-1482.09625,27946.56018,40135.5155,69783.6575,67.25
2024-12-09T20:00+01:00,-1928.8505,27873.71901,39919.03661,66235.16,67.25
2024-12-09T21:00+01:00,-2466.40525,26551.16214,39369.78706,62130.825,67.25
2024-12-09T22:00+01:00,-3790.9915,26014.04534,37854.63974,58591.01,67.25
2024-12-09T23:00+01:00,-5070.1695,25227.65182,36723.48163,54379.5425,67.25
2024-12-10T00:00+01:00,-5476.10725,24317.83966,35959.72532,51212.2375,67.25
2024-12-10T01:00+01:00,-4018.7565,23491.59608,35274.52368,49764.2,67.25
2024-12-10T02:00+01:00,-4179.18825,22593.4421,34598.74846,48828.6,67.25
2024-12-10T03:00+01:00,-2984.30375,22261.27717,33205.67882,48218.78,67.25
2024-12-10T04:00+01:00,-2327.707,22438.61345,32245.7992,49093.1975,67.25
2024-12-10T05:00+01:00,-2620.851,23379.72789,31275.58206,52492.875,67.25
2024-12-10T06:00+01:00,560.9485,27078.68022,31288.36059,60415.8775,67.25
2024-12-10T07:00+01:00,2305.76125,30897.68817,29934.76535,66542.805,67.25
2024-12-10T08:00+01:00,3722.50225,32926.39916,28918.09276,68967.2525,67.25
2024-12-10T09:00+01:00,4209.8265,33665.0427,28609.53898,69749.6375,67.25
2024-12-10T10:00+01:00,4779.8225,33982.76721,27742.52123,70564.04,67.25
2024-12-10T11:00+01:00,5362.32725,34638.48337,26271.13074,70683.755,67.25
2024-12-10T12:00+01:00,6265.109,34956.3631,25140.65943,71221.53,67.25
2024-12-10T13:00+01:00,6960.7855,34920.74536,23823.08094,70739.8875,67.25
2024-12-10T14:00+01:00,7558.2265,35047.25661,22627.1078,69539.0575,67.25
2024-12-10T15:00+01:00,7952.82075,35774.29666,21506.82103,68733.9625,67.25
2024-12-10T16:00+01:00,7635.8665,36159.54632,20585.79062,69365.4325,67.25
2024-12-10T17:00+01:00,6865.06875,36254.07252,19460.71787,69947.38,67.25
2024-12-10T18:00+01:00,7926.497,36244.76343,18056.82094,69192.2125,67.25
2024-12-10T19:00+01:00,8227.906,36258.84287,16453.42121,67235.4075,67.25
2024-12-10T20:00+01:00,9574.9655,35774.19699,14740.68833,63761.435,67.25
2024-12-10T21:00+01:00,9950.12325,34621.43379,13190.07729,60088.1075,67.25
2024-12-10T22:00+01:00,9766.46275,33756.77101,11869.19686,56599.62,67.25
2024-12-10T23:00+01:00,10922.73175,33019.71616,11011.98717,52713.8625,67.25
2024-12-11T00:00+01:00,10118.68925,32888.65088,10359.16822,49776.47,67.25
2024-12-11T01:00+01:00,9435.983,32704.3814,9959.451294,48122.3325,67.25
2024-12-11T02:00+01:00,8955.80925,32742.05259,9768.031515,47238.935,67.25
2024-12-11T03:00+01:00,9675.057,32718.39113,9640.994653,47743.6425,67.25
2024-12-11T04:00+01:00,10407.63875,33297.5244,9390.39221,48843.885,67.25
2024-12-11T05:00+01:00,11680.11975,34408.59267,9165.478883,52379.5975,67.25
2024-12-11T06:00+01:00,13173.92225,35980.97113,9267.154084,59657.6825,67.25
2024-12-11T07:00+01:00,14166.04325,37397.53289,9338.72705,65459.9175,67.25
2024-12-11T08:00+01:00,14847.3025,38079.70206,9561.370441,68252.3975,67.25
2024-12-11T09:00+01:00,13877.0075,38286.21131,10066.8138,68875.005,67.25
2024-12-11T10:00+01:00,13633.1945,38459.51852,10888.5104,69437.7875,67.25
2024-12-11T11:00+01:00,12821.14125,38443.6906,11350.0851,69702.405,67.25
2024-12-11T12:00+01:00,14323.4775,38484.59607,11433.31186,69269.1825,67.25
2024-12-11T13:00+01:00,13558.87425,38443.70086,11470.61921,68515.8325,67.25
2024-12-11T14:00+01:00,13334.663,38415.30619,10808.50461,67659.1575,67.25
2024-12-11T15:00+01:00,13279.84775,38470.92712,10183.54609,67610.9575,67.25
2024-12-11T16:00+01:00,13067.185,38805.38665,10227.2717,68345.7475,67.25
2024-12-11T17:00+01:00,13998.4925,39021.32269,10204.51965,68893.46,67.25
2024-12-11T18:00+01:00,15320.732,38904.58864,10034.62647,68278.3775,67.25
2024-12-11T19:00+01:00,15953.272,38807.61213,9929.625893,66580.74,67.25
2024-12-11T20:00+01:00,14594.52725,38153.82719,9889.746054,63677.8875,67.25
2024-12-11T21:00+01:00,14463.513,37028.82792,9885.053896,60298.6875,67.25
2024-12-11T22:00+01:00,13717.198,35567.75924,10082.82699,57261.1125,67.25
2024-12-11T23:00+01:00,12444.7685,34357.41264,10356.14229,53711.28,67.25
2024-12-12T00:00+01:00,10960.00425,33673.62562,10166.50414,50106.51,67.25
2024-12-12T01:00+01:00,10447.38625,33219.6959,9989.270136,48006.985,67.25
2024-12-12T02:00+01:00,9670.89575,33344.38813,9639.038072,47368.35,67.25
2024-12-12T03:00+01:00,9914.325,33685.10221,9164.246174,47395.7375,67.25
2024-12-12T04:00+01:00,10826.41125,33999.76355,8950.801139,48716.0875,67.25
2024-12-12T05:00+01:00,13058.3225,34620.38594,8659.760734,51957.255,67.25
2024-12-12T06:00+01:00,15761.9355,36101.47183,8512.875635,58281.08,67.25
2024-12-12T07:00+01:00,16463.21675,37394.53179,8384.296279,63857.0175,67.25
2024-12-12T08:00+01:00,17035.02175,37931.95323,8426.785197,66866.9175,67.25
2024-12-12T09:00+01:00,16168.41,38031.01518,9329.089702,67162.3725,67.25
2024-12-12T10:00+01:00,15553.76925,38369.07983,10381.29856,68068.5675,67.25
2024-12-12T11:00+01:00,15825.93475,38533.41389,11108.3486,68592.0275,67.25
2024-12-12T12:00+01:00,16581.54925,38195.66824,11387.42444,68324.3875,67.25
2024-12-12T13:00+01:00,14362.13075,38616.62262,11182.19356,67781.405,67.25
2024-12-12T14:00+01:00,14993.67275,38744.26988,9986.238277,66756.7975,67.25
2024-12-12T15:00+01:00,14197.905,38783.03099,8981.223636,65958.76,67.25
2024-12-12T16:00+01:00,12832.8605,39314.23118,8771.402366,66204.615,67.25
2024-12-12T17:00+01:00,13119.0005,39401.10481,8929.083124,66794.525,67.25
2024-12-12T18:00+01:00,13493.6975,39064.16129,8896.760045,66067.135,67.25
2024-12-12T19:00+01:00,13051.33175,38302.91775,8767.453713,64567.02,67.25
2024-12-12T20:00+01:00,13156.77075,37212.91872,8808.651949,61650.905,67.25
2024-12-12T21:00+01:00,12908.892,36073.30471,9083.682165,58491.0525,67.25
2024-12-12T22:00+01:00,13113.49675,34533.70924,9385.912043,55704.2225,67.25
2024-12-12T23:00+01:00,11255.1055,34042.15141,9843.7737,52378.0875,67.25
2024-12-13T00:00+01:00,10336.68625,33924.88891,10047.23442,49476.4325,67.25
2024-12-13T01:00+01:00,9732.37525,33555.14669,10324.81993,47777.995,67.25
2024-12-13T02:00+01:00,8894.73825,32903.02052,10769.97864,46707.2275,67.25
2024-12-13T03:00+01:00,9328.365,32630.41154,11540.91348,47358.3125,67.25
2024-12-13T04:00+01:00,10069.24975,32348.10494,12089.91044,48501.855,67.25
2024-12-13T05:00+01:00,9437.40025,33673.84312,12888.05685,51421.7025,67.25
2024-12-13T06:00+01:00,10785.1745,34479.94576,13723.06266,58076.7525,67.25
2024-12-13T07:00+01:00,11592.2145,35901.61345,14424.48979,63747.095,67.25
2024-12-13T08:00+01:00,11526.7495,36417.04709,15471.16691,66881.94,67.25
2024-12-13T09:00+01:00,9771.486,36620.87383,16824.967,67627.73,67.25
2024-12-13T10:00+01:00,8785.74425,37012.62268,18512.23372,67978.205,67.25
2024-12-13T11:00+01:00,8600.84075,37153.878,19676.19566,68381.3025,66.365
2024-12-13T12:00+01:00,8250.88825,37518.46012,19709.41013,68093.195,66.07
2024-12-13T13:00+01:00,7677.1935,37069.88741,18151.81874,66353.6925,66.07
2024-12-13T14:00+01:00,9482.952,35734.15202,15422.17006,64831.41,66.07
2024-12-13T15:00+01:00,9090.40075,36057.51815,12809.45947,64308.6475,66.07
2024-12-13T16:00+01:00,10175.645,36085.81129,11998.38174,65000.0075,66.07
2024-12-13T17:00+01:00,9571.9685,35897.89035,12498.22841,65402.1825,66.07
2024-12-13T18:00+01:00,9494.39175,35619.01725,13059.93902,64351.475,66.07
2024-12-13T19:00+01:00,9131.04925,35089.68965,13504.16372,62450.71,66.07
2024-12-13T20:00+01:00,7506.71575,34216.68449,14229.20105,59729.075,66.07
2024-12-13T21:00+01:00,6875.99925,32783.44262,14570.2571,56641.8175,66.07
2024-12-13T22:00+01:00,5194.4405,32174.11563,14784.78603,54633.455,66.07
2024-12-13T23:00+01:00,4508.12625,29817.3297,15198.50421,51763.4575,66.07
2024-12-14T00:00+01:00,2805.065,28404.41505,15766.182,48274.78,66.07
2024-12-14T01:00+01:00,3093.3915,26265.32216,16585.0429,45957.6425,66.07
2024-12-14T02:00+01:00,2148.76625,24903.95554,17398.82693,44566.66,66.07
2024-12-14T03:00+01:00,2209.34175,24256.7112,18399.12021,43868.9925,66.07
2024-12-14T04:00+01:00,1112.60575,24084.94026,19472.74565,44140.3475,66.07
2024-12-14T05:00+01:00,29.95025,24128.27796,20488.09433,44641.3775,66.07
2024-12-14T06:00+01:00,-1365.66675,24263.95922,21741.71956,46170.8725,66.07
2024-12-14T07:00+01:00,-1714.21775,24828.07553,23198.24644,48710.7,66.07
2024-12-14T08:00+01:00,-722.3595,25362.75514,25192.58192,52417.225,66.07
2024-12-14T09:00+01:00,-2108.5645,25459.65114,27366.37739,55148.0325,66.07
2024-12-14T10:00+01:00,-2095.58825,25600.74441,29908.94797,57220.515,66.07
2024-12-14T11:00+01:00,-1611.279,25751.89665,32159.96448,58454.41,66.07
2024-12-14T12:00+01:00,-837.9155,25651.99981,33618.54741,59011.42,66.07
2024-12-14T13:00+01:00,-1724.30375,25483.08635,33357.36203,57607.6175,66.07
2024-12-14T14:00+01:00,-1714.51225,25647.60826,32642.30724,56766.26,66.07
2024-12-14T15:00+01:00,-1629.45875,25398.09506,33129.79904,57430.07,66.07
2024-12-14T16:00+01:00,-2645.98475,25335.48923,33644.56834,58220.8675,66.07
2024-12-14T17:00+01:00,-2495.015,25294.67272,34632.35666,58899.755,66.07
2024-12-14T18:00+01:00,-3646.84175,24901.14457,35756.75787,58726.465,66.07
2024-12-14T19:00+01:00,-5311.2785,23584.23752,36051.3012,57023.6225,66.07
2024-12-14T20:00+01:00,-6899.66825,22232.33982,37320.53619,54892.7575,66.07
2024-12-14T21:00+01:00,-6334.8235,20487.02161,38053.09385,52851.965,66.07
2024-12-14T22:00+01:00,-6143.87425,19219.8523,37730.09745,51037.875,66.07
2024-12-14T23:00+01:00,-6013.0195,18222.99598,36801.85109,48769.33,66.07
2024-12-15T00:00+01:00,-6626.29425,17289.88412,36573.69144,46178.2925,66.07
2024-12-15T01:00+01:00,-6263.4465,15816.18211,37366.37368,44745.8325,66.07
2024-12-15T02:00+01:00,-5535.967,14639.22963,36906.63378,43741.6525,66.07
2024-12-15T03:00+01:00,-4586.69275,13326.3839,36783.09685,42614.9775,66.07
2024-12-15T04:00+01:00,-2428.6515,13045.4426,36928.30264,42436.9275,66.07
2024-12-15T05:00+01:00,-2447.44775,12933.98625,36977.02637,42475.8175,66.07
2024-12-15T06:00+01:00,-2445.432,12689.92416,37737.12663,42900.135,66.07
2024-12-15T07:00+01:00,-3918.2155,12963.52448,38314.49495,45275.8025,66.07
2024-12-15T08:00+01:00,-5230.6035,14057.77555,39553.36578,48033.1075,66.07
2024-12-15T09:00+01:00,-7184.46675,15836.81566,42608.22973,51808.2525,66.07
2024-12-15T10:00+01:00,-6965.22625,16228.44863,45503.66481,54365.4275,66.07
2024-12-15T11:00+01:00,-6677.3005,15889.07976,48746.43254,57055.6425,66.07
2024-12-15T12:00+01:00,-7570.318,16056.71921,50001.4459,57667.9475,66.07
2024-12-15T13:00+01:00,-8285.43575,15931.6287,50592.26344,57415.7275,66.07
2024-12-15T14:00+01:00,-9066.99725,16436.84744,49262.81051,56395.565,66.07
2024-12-15T15:00+01:00,-9096.97925,16837.6785,48757.84815,56965.205,66.07
2024-12-15T16:00+01:00,-8233.26,17505.19889,49617.62138,59029.54,66.07
2024-12-15T17:00+01:00,-7902.5485,18309.3312,50449.62561,61488.835,66.07
2024-12-15T18:00+01:00,-8003.91775,18200.32827,51078.26259,61732,66.07
2024-12-15T19:00+01:00,-8919.35975,18035.88177,51377.21464,60786.235,66.07
2024-12-15T20:00+01:00,-10172.93625,17265.75047,52122.88454,58479.0825,66.07
2024-12-15T21:00+01:00,-10918.74625,16509.16013,52614.53241,56016.7725,66.07
2024-12-15T22:00+01:00,-9572.55775,16028.02709,51290.16464,54659.1475,66.07
2024-12-15T23:00+01:00,-11270.8965,14663.1851,51883.88894,51931.75,66.07
2024-12-16T00:00+01:00,-12733.026,13999.07591,52212.80748,49517.0125,66.07
2024-12-16T01:00+01:00,-13719.017,14012.67768,52778.65745,48060.965,66.07
2024-12-16T02:00+01:00,-14377.52975,14229.03639,52348.65926,47012.44,66.07
2024-12-16T03:00+01:00,-13205.11425,14184.94657,51532.72573,46900.5725,66.07
2024-12-16T04:00+01:00,-11692.71625,14014.04359,50795.52927,48209.4125,66.07
2024-12-16T05:00+01:00,-10735.6565,14666.35444,52092.07854,51855.635,66.07
2024-12-16T06:00+01:00,-6478.6685,16284.1767,53457.9363,59294.6925,66.07
2024-12-16T07:00+01:00,-6206.0075,18232.0306,52933.3218,65491.6425,66.07
2024-12-16T08:00+01:00,-6631.2945,19763.51504,52259.19185,68786.0575,66.07
2024-12-16T09:00+01:00,-6604.65775,20943.02111,52331.06322,69001.7175,66.07
2024-12-16T10:00+01:00,-6513.33975,21374.29284,54586.43826,69623.4225,66.07
2024-12-16T11:00+01:00,-6002.32375,21255.8119,56228.3655,69807.7175,66.07
2024-12-16T12:00+01:00,-6277.467,20982.09019,57273.59537,69680.4875,66.07
2024-12-16T13:00+01:00,-6195.647,21262.37403,56597.2552,70137.195,66.07
2024-12-16T14:00+01:00,-6540.5275,21452.31165,54120.73791,68633.7425,66.07
2024-12-16T15:00+01:00,-5613.8525,21607.53203,51774.25967,68390.5675,66.07
2024-12-16T16:00+01:00,-5093.78125,21959.92892,50376.20859,69034.205,66.07
2024-12-16T17:00+01:00,-5973.92175,22793.90007,50197.83383,70312.3775,66.07
2024-12-16T18:00+01:00,-6007.567,22715.44342,49878.25729,69589.4,66.07
2024-12-16T19:00+01:00,-5928.07425,22032.0633,50405.25221,67833.44,66.07
2024-12-16T20:00+01:00,-5625.9885,20122.30399,49686.54638,64480.2375,66.07
2024-12-16T21:00+01:00,-5992.7855,18616.4653,49508.76965,60925.475,66.07
2024-12-16T22:00+01:00,-6098.77775,18158.48988,46642.88552,57442.9425,66.07
2024-12-16T23:00+01:00,-7239.204,18284.92996,44974.35019,54342.7225,66.07
2024-12-17T00:00+01:00,-9422.7525,18370.00509,44458.13326,50092.1,66.07
2024-12-17T01:00+01:00,-9276.00525,18788.48893,43430.22296,47799.0025,66.07
2024-12-17T02:00+01:00,-8527.926,19424.88596,42302.50644,46894.0525,66.07
2024-12-17T03:00+01:00,-7390.4655,19866.52852,40978.34301,46903.545,66.07
2024-12-17T04:00+01:00,-7071.21425,20491.08299,39981.26958,47891.6,66.07
2024-12-17T05:00+01:00,-6741.76725,22467.54889,38726.9091,51219.185,66.07
2024-12-17T06:00+01:00,-7063.88575,25961.18162,38115.39361,57982.0125,66.07
2024-12-17T07:00+01:00,-6148.2625,28769.22733,37107.22583,64197.63,66.07
2024-12-17T08:00+01:00,-5044.9805,30113.87808,36833.91928,66806.96,66.07
2024-12-17T09:00+01:00,-5094.855,30426.81307,38724.27496,67644.265,66.07
2024-12-17T10:00+01:00,-4328.14475,30103.13397,40778.10661,69173.9,66.07
2024-12-17T11:00+01:00,-4452.52225,29683.10836,41092.83557,69179.92,66.07
2024-12-17T12:00+01:00,-3023.31425,29426.48256,39158.38473,68029.2675,66.07
2024-12-17T13:00+01:00,-152.734,29114.2732,34994.78,66712.5025,66.07
2024-12-17T14:00+01:00,2429.2565,28907.86671,30669.58559,65182.0525,66.07
2024-12-17T15:00+01:00,4868.9195,29094.35785,26446.69956,63907.3,66.07
2024-12-17T16:00+01:00,4482.197,29237.55265,25417.07316,64176.16,66.07
2024-12-17T17:00+01:00,3864.438,28995.74455,26921.66055,66001.46,66.07
2024-12-17T18:00+01:00,2984.63075,28876.52661,27181.94016,65346.515,66.07
2024-12-17T19:00+01:00,3238.544,28441.95826,26962.60315,62708.985,66.07
2024-12-17T20:00+01:00,2601.1075,27662.73446,27349.79852,59253.9625,66.07
2024-12-17T21:00+01:00,2362.49525,26295.69595,27399.3478,55807.9375,66.07
2024-12-17T22:00+01:00,2211.67925,24168.45494,27202.81259,52818.01,66.07
2024-12-17T23:00+01:00,1993.51725,20541.12779,27853.96929,48766.62,66.07
2024-12-18T00:00+01:00,2857.5755,16336.76365,29281.6604,46178.24,66.07
2024-12-18T01:00+01:00,2454.645,14203.56224,30581.79604,44781.685,66.07
2024-12-18T02:00+01:00,3571.53475,13309.12744,32404.35108,44560.3675,66.07
2024-12-18T03:00+01:00,4298.76175,13172.68709,33738.79687,45049.0325,66.07
2024-12-18T04:00+01:00,4055.59775,13159.35811,36115.69805,47076.2,66.07
2024-12-18T05:00+01:00,4397.59275,13122.97515,37638.61415,50303.29,66.07
2024-12-18T06:00+01:00,4101.37525,13719.16392,39705.89078,56424.1225,66.07
2024-12-18T07:00+01:00,1940.63475,15729.3191,43014.6054,62264.7975,66.07
2024-12-18T08:00+01:00,-1755.88675,17034.97763,46298.4925,65887.33,66.07
2024-12-18T09:00+01:00,-3933.5355,16892.08964,50105.85839,66694.665,66.07
2024-12-18T10:00+01:00,-4710.4395,16432.42219,53521.28003,67667.59,66.07
2024-12-18T11:00+01:00,-5114.5275,15770.70148,54757.14485,67749.3025,66.07
2024-12-18T12:00+01:00,-5585.857,15843.66661,56724.61559,67338.1525,66.07
2024-12-18T13:00+01:00,-4727.62925,15663.72979,57073.15168,66280.6975,66.07
2024-12-18T14:00+01:00,-4538.38925,15267.5815,55963.12399,65358.1625,66.07
2024-12-18T15:00+01:00,-3102.44325,15405.70336,53938.26471,65197.1075,66.07
2024-12-18T16:00+01:00,-3289.354,16529.5729,53573.81729,65949.475,66.07
2024-12-18T17:00+01:00,-3688.823,16623.36284,54670.30526,67709.6275,66.07
2024-12-18T18:00+01:00,-5486.16675,17265.9563,53756.06003,66838.8175,66.07
2024-12-18T19:00+01:00,-5493.513,16635.56101,52805.73995,64553.9375,66.07
2024-12-18T20:00+01:00,-3929.05325,14463.32618,51548.49248,61070.61,66.07
2024-12-18T21:00+01:00,-2225.195,12588.95921,50715.89462,57543.2825,66.07
2024-12-18T22:00+01:00,-2258.579,11784.21452,47721.67749,53843.4975,66.07
2024-12-18T23:00+01:00,-3086.59975,10806.39502,45966.9883,50137.3075,66.07
2024-12-19T00:00+01:00,-4720.984,10316.66564,45147.04674,46862.7525,66.07
2024-12-19T01:00+01:00,-4732.419,10343.16159,43142.00276,44676.4625,66.07
2024-12-19T02:00+01:00,-6626.804,10622.55873,44336.03706,43766.955,66.07
2024-12-19T03:00+01:00,-6753.67825,10862.71216,45201.33537,44623.6375,66.07
2024-12-19T04:00+01:00,-6628.29875,10747.66165,46599.66453,45953.3825,66.07
2024-12-19T05:00+01:00,-6171.39575,10911.64124,48718.06548,49131.445,66.07
2024-12-19T06:00+01:00,-4770.67775,11064.27583,53113.1937,56543.885,66.07
2024-12-19T07:00+01:00,-5807.5175,12510.86475,55035.81138,62010.3125,66.07
2024-12-19T08:00+01:00,-6814.39375,14767.87138,56146.67415,65427.4575,66.07
2024-12-19T09:00+01:00,-6283.82725,15399.28586,56162.10171,66250.0875,66.07
2024-12-19T10:00+01:00,-6198.36775,15482.28064,56490.10785,66360.095,66.07
2024-12-19T11:00+01:00,-5197.607,15180.70287,55922.70361,66140.9375,66.07
2024-12-19T12:00+01:00,-4529.3065,15417.69003,55060.67497,65553.055,66.07
2024-12-19T13:00+01:00,-2381.891,15354.45044,53008.93297,64362.2075,66.07
2024-12-19T14:00+01:00,-1881.37425,15121.06327,50842.92252,63206.28,66.07
2024-12-19T15:00+01:00,-1257.912,14927.8917,48950.88416,62944.605,66.07
2024-12-19T16:00+01:00,-1224.263,14484.25297,46879.8283,63493.4975,66.07
2024-12-19T17:00+01:00,-1841.7635,15298.06308,45673.46488,63798.3125,66.07
2024-12-19T18:00+01:00,-3931.01125,16168.25268,46205.00053,63122.795,66.07
2024-12-19T19:00+01:00,-5551.435,15832.37858,46874.9976,61406.8425,66.07
2024-12-19T20:00+01:00,-6775.40025,15259.0859,48528.48446,59262.39,66.07
2024-12-19T21:00+01:00,-6502.77575,14649.2134,48572.79797,56942.245,66.07
2024-12-19T22:00+01:00,-6651.7065,14384.11463,48157.94329,54450.5375,66.07
2024-12-19T23:00+01:00,-8319.70575,14534.60847,47367.57881,51610.7675,66.07
2024-12-20T00:00+01:00,-8566.1065,14038.18963,46825.31733,48745.5125,66.07
2024-12-20T01:00+01:00,-8696.61575,13896.53801,46664.83014,47501.71,66.07
2024-12-20T02:00+01:00,-8922.54,14662.92317,45894.07537,46956.09,66.07
2024-12-20T03:00+01:00,-7977.67375,14505.90505,45433.58885,47074.3725,66.07
2024-12-20T04:00+01:00,-6045.3495,14594.74635,45431.27927,48218.485,66.07
2024-12-20T05:00+01:00,-4849.04225,15115.95626,44987.39145,50711.255,66.07
2024-12-20T06:00+01:00,-5625.862,16538.86853,45814.3293,55531.34,66.07
2024-12-20T07:00+01:00,-4439.9135,18470.91927,44697.59478,59966.6925,66.07
2024-12-20T08:00+01:00,-5709.98975,20087.42938,43167.92012,62347.41,66.07
2024-12-20T09:00+01:00,-6351.06225,19948.49773,43549.53,62932.03,66.07
2024-12-20T10:00+01:00,-6172.0225,19137.62978,46495.22517,63756.2725,66.07
2024-12-20T11:00+01:00,-6039.0085,18131.4118,48386.14178,63374.685,66.07
2024-12-20T12:00+01:00,-6230.857,18156.08739,48844.47336,62940.495,
2024-12-20T13:00+01:00,-4427.4305,17606.56123,47220.78944,62443.4625,
2024-12-20T14:00+01:00,-2822.517,16950.95126,43283.49828,60793.015,
2024-12-20T15:00+01:00,-1246.656,16966.66278,38939.73578,59758.1025,
2024-12-20T16:00+01:00,-626.297,17336.65269,38073.92389,60524.5375,
2024-12-20T17:00+01:00,-2053.0125,17232.49839,39836.81319,61881.085,
2024-12-20T18:00+01:00,-2677.16375,16967.21793,41185.3973,61594.165,
2024-12-20T19:00+01:00,-2027.05125,15689.61442,41938.09113,59999.0475,
2024-12-20T20:00+01:00,-2744.2505,14946.54853,42487.71203,56849.2825,
2024-12-20T21:00+01:00,-2879.51625,13999.70404,42864.27128,54305.9725,
2024-12-20T22:00+01:00,-3273.58725,13103.52075,41778.36225,52202.3475,
2024-12-20T23:00+01:00,-4210.2115,12042.87475,41992.6064,49920.33,
2024-12-21T00:00+01:00,-4796.4625,11443.96713,42181.925,47498.0025,
2024-12-21T01:00+01:00,-6126.14125,11277.2977,42719.94755,44973.5525,
2024-12-21T02:00+01:00,-6671.93175,10809.03421,43316.16297,43773.7475,
2024-12-21T03:00+01:00,-5888.077,10220.05201,43974.51227,43238.46,
2024-12-21T04:00+01:00,-5902.7505,10225.88187,44066.92336,43408.26,
2024-12-21T05:00+01:00,-5909.37775,10262.23193,44479.03438,44026.2325,
2024-12-21T06:00+01:00,-5736.55375,10185.56432,45017.67372,45137.7,
2024-12-21T07:00+01:00,-6568.28425,9949.311313,44946.79365,47814.645,
2024-12-21T08:00+01:00,-6436.4905,9915.539398,46290.53565,51566.575,
2024-12-21T09:00+01:00,-6446.419,10022.11364,49306.21797,54614.535,
2024-12-21T10:00+01:00,-6169.5915,10570.95181,51369.10185,56490.105,
2024-12-21T11:00+01:00,-6847.6015,10685.74087,54745.931,58053.9175,
2024-12-21T12:00+01:00,-8455.45825,10762.04191,55745.51976,57770.4125,
2024-12-21T13:00+01:00,-6831.1925,11038.93481,53738.76345,57592.695,
2024-12-21T14:00+01:00,-6187.90325,10464.35125,51621.95541,56959.5275,
2024-12-21T15:00+01:00,-5101.00075,10119.55834,51415.4701,57149.815,
2024-12-21T16:00+01:00,-5174.82225,10454.13548,52272.05463,58375.2875,
2024-12-21T17:00+01:00,-5768.689,10740.0902,53117.87606,60016.31,
2024-12-21T18:00+01:00,-7901.397,10927.22744,53656.41592,59924.5825,
2024-12-21T19:00+01:00,-11462.418,10748.74058,54950.31032,58483.3425,
2024-12-21T20:00+01:00,-13266.6595,10363.43948,55935.50517,55754.4075,
2024-12-21T21:00+01:00,-13144.778,10213.31578,56181.85929,53218.5275,
2024-12-21T22:00+01:00,-12325.38075,10005.11225,54113.97234,51239.5875,
2024-12-21T23:00+01:00,-12819.7665,10231.20439,52061.91023,48229.215,
2024-12-22T00:00+01:00,-12966.4515,9893.067678,50352.70878,44582.9725,
2024-12-22T01:00+01:00,-10203.51725,9493.373045,47164.27,42741.735,
2024-12-22T02:00+01:00,-10137.062,9263.318151,46826.36772,41290.6,
2024-12-22T03:00+01:00,-8687.99225,8992.658714,45171.21052,40131.9925,
2024-12-22T04:00+01:00,-7789.4275,8834.406012,44417.90191,40412.415,
2024-12-22T05:00+01:00,-7257.2235,8757.895396,43157.01285,40228.61,
2024-12-22T06:00+01:00,-7161.298,8743.855303,42488.07288,40983.7575,
2024-12-22T07:00+01:00,-4658.26975,8985.384631,40665.1806,43002.99,
2024-12-22T08:00+01:00,-5857.33725,9149.37144,41216.90352,45874.895,
2024-12-22T09:00+01:00,-3745.26725,9536.187012,41027.59989,49480.625,
2024-12-22T10:00+01:00,-1655.6465,9391.04357,42061.43957,51796.2125,
2024-12-22T11:00+01:00,-379.33925,9415.404712,43152.25963,54188.395,
2024-12-22T12:00+01:00,-76.6825,9086.903101,44471.72447,55023.875,
2024-12-22T13:00+01:00,-772.957,9325.504922,41933.40043,53098.0375,
2024-12-22T14:00+01:00,-903.8855,10602.13092,40342.08529,51765.5525,
2024-12-22T15:00+01:00,662.0075,11801.57516,37598.75376,51960.1,
2024-12-22T16:00+01:00,-106.25425,12647.40565,36059.61816,53467.765,
2024-12-22T17:00+01:00,-230.34725,13122.34704,36132.06895,55292.9175,
2024-12-22T18:00+01:00,-2173.076,13427.19757,37302.13915,55368.23,
2024-12-22T19:00+01:00,-2514.06425,13158.35056,37665.90438,54083.8575,
2024-12-22T20:00+01:00,-2592.47025,12913.39043,37328.08485,51310.455,
2024-12-22T21:00+01:00,-3005.156,12738.58192,37093.76953,49852.615,
2024-12-22T22:00+01:00,-2934.33575,12375.33032,36274.67064,48424.55,
2024-12-22T23:00+01:00,-2871.00325,11777.19255,36251.0657,46197.2025,
2024-12-23T00:00+01:00,744.002,10256.90566,37174.06068,43982.955,
2024-12-23T01:00+01:00,728.66575,9532.626531,37354.48134,42197.58,
2024-12-23T02:00+01:00,445.32875,9421.687308,37505.25258,42469.355,
2024-12-23T03:00+01:00,129.6825,9476.815278,36854.32068,42351.365,
2024-12-23T04:00+01:00,-858.0635,10460.19357,36499.52804,42527.7,
2024-12-23T05:00+01:00,-1402.866,11838.30067,35881.37705,44686.0175,
2024-12-23T06:00+01:00,-259.211,13288.36511,36308.17868,47307.3675,
2024-12-23T07:00+01:00,-1834.4005,14668.0806,38535.27792,50841.6425,
2024-12-23T08:00+01:00,-3947.724,15759.68696,40634.20006,53984.4475,
2024-12-23T09:00+01:00,-4544.3585,16236.83512,43773.88343,56547.8425,
2024-12-23T10:00+01:00,-4811.81925,15288.81677,46882.89215,58120.79,
2024-12-23T11:00+01:00,-4651.05725,14705.7871,49457.03646,58994.12,
2024-12-23T12:00+01:00,-4915.72425,14228.29581,50115.13605,59193.44,
2024-12-23T13:00+01:00,-3722.6065,14282.07177,47876.73219,58518.8675,
2024-12-23T14:00+01:00,-3403.6955,15573.38105,44613.69781,57414.1825,
2024-12-23T15:00+01:00,-5749.70225,17795.17728,41926.0808,56843.6825,
2024-12-23T16:00+01:00,-6272.4855,18674.41801,41476.82996,58130.0675,
2024-12-23T17:00+01:00,-6837.4925,19180.18064,41369.72079,59754.4175,
2024-12-23T18:00+01:00,-7485.63575,19603.72009,40522.02278,59410.28,
2024-12-23T19:00+01:00,-7230.6045,20075.72604,38600.18408,57615.7375,
2024-12-23T20:00+01:00,-7194.5945,19788.59992,36475.21598,54637.7875,
2024-12-23T21:00+01:00,-5680.15875,18693.84524,34461.0462,50789.4275,
2024-12-23T22:00+01:00,-4976.94525,17844.72183,32109.72747,47810.87,
2024-12-23T23:00+01:00,-3907.2785,17276.64989,29963.32362,45060.425,
2024-12-24T00:00+01:00,-3958.1645,17321.84015,27870.40182,41465.5725,
2024-12-24T01:00+01:00,-2186.8065,17467.2409,24887.11525,39201.74,
2024-12-24T02:00+01:00,866.66925,17489.9225,22605.63276,37965.1975,
2024-12-24T03:00+01:00,3058.1295,17805.89264,20822.74775,38058.3825,
2024-12-24T04:00+01:00,5179.58125,18313.2235,19237.5476,38471.4775,
2024-12-24T05:00+01:00,3970.849,19093.4145,17634.07398,39503.925,
2024-12-24T06:00+01:00,2877.785,20141.55196,16767.36137,41324.68,
2024-12-24T07:00+01:00,3264.86475,21504.57018,16575.55478,43431.705,
2024-12-24T08:00+01:00,3206.1535,22423.79207,17303.41294,46952.44,
2024-12-24T09:00+01:00,3110.0635,22581.56877,20566.9955,50206.455,
2024-12-24T10:00+01:00,2051.35625,22805.45303,23358.91032,51906.5825,
2024-12-24T11:00+01:00,2431.3175,22938.7708,24433.06734,52515.355,
2024-12-24T12:00+01:00,3257.499,23046.40048,24290.99552,52416.465,
2024-12-24T13:00+01:00,3434.20375,22894.45946,23380.21898,51488.6675,
2024-12-24T14:00+01:00,3038.67375,23128.26766,21154.89316,49694.055,
2024-12-24T15:00+01:00,3079.4255,23199.53068,18685.37021,49464.9925,
2024-12-24T16:00+01:00,2366.73125,23126.55004,18674.52334,50736.0675,
2024-12-24T17:00+01:00,2326.89675,22981.35699,19815.94759,52591.02,
2024-12-24T18:00+01:00,1067.6405,22933.0914,19247.66908,50742.3875,
2024-12-24T19:00+01:00,1138.986,22891.68925,19579.09649,47962.9775,
2024-12-24T20:00+01:00,1064.544,22452.66574,20395.72272,45757.5925,
2024-12-24T21:00+01:00,914.67025,21682.0203,20530.77985,44630.385,
2024-12-24T22:00+01:00,1053.02325,21148.2282,20254.54753,44288.505,
2024-12-24T23:00+01:00,1544.0785,20193.55625,19664.0392,42515.445,
2024-12-25T00:00+01:00,1334.246,19963.57469,19475.68645,40798.6,
2024-12-25T01:00+01:00,2142.173,19508.66289,18878.49277,38964.5225,
2024-12-25T02:00+01:00,2239.48975,19422.82801,18348.29647,37756.7725,
2024-12-25T03:00+01:00,4159.03725,18932.80553,18145.30991,37436.455,
2024-12-25T04:00+01:00,5836.12675,18810.01432,17854.16796,37641.7375,
2024-12-25T05:00+01:00,5622.59375,19388.69312,17506.83738,37917.5725,
2024-12-25T06:00+01:00,3860.70975,19896.2464,17049.80584,38013.89,
2024-12-25T07:00+01:00,2564.4215,20077.06985,16610.51351,39255.0525,
2024-12-25T08:00+01:00,3775.935,20538.17541,16969.35085,42061.685,
2024-12-25T09:00+01:00,5049.79,20362.23715,19613.85597,46274.97,
2024-12-25T10:00+01:00,3568.13325,20308.41106,22295.30755,48290.21,
2024-12-25T11:00+01:00,4343.29275,20172.27719,23845.89197,50067.46,
2024-12-25T12:00+01:00,5208.16375,20180.02328,23812.87467,49815.3675,
2024-12-25T13:00+01:00,6259.1515,20118.40056,21979.68878,47319.3225,
2024-12-25T14:00+01:00,6967.99775,20745.13347,18789.08473,46111.075,
2024-12-25T15:00+01:00,6622.003,21870.1906,15372.40325,46156.635,
2024-12-25T16:00+01:00,7809.619,22219.89598,14046.87018,47300.0925,
2024-12-25T17:00+01:00,6439.5565,22420.1401,14640.3192,49211.2,
2024-12-25T18:00+01:00,5925.12075,22668.20685,14778.03148,49358.915,
2024-12-25T19:00+01:00,6396.9985,22690.41473,14880.52673,48532.6375,
2024-12-25T20:00+01:00,6175.501,22617.49167,14512.74922,46577.71,
2024-12-25T21:00+01:00,5691.8725,22563.48653,14208.01798,45444.765,
2024-12-25T22:00+01:00,5191.501,22753.83429,13487.07698,44379.645,
2024-12-25T23:00+01:00,3855.64125,22519.81415,12896.74633,42225.5025,
2024-12-26T00:00+01:00,3173.50225,22300.3048,12545.71973,39632.2175,
2024-12-26T01:00+01:00,2933.28025,21800.69968,12262.81466,38032.8425,
2024-12-26T02:00+01:00,4443.4825,21967.62351,12109.13296,37263.7225,
2024-12-26T03:00+01:00,5631.16025,21985.04813,12069.00682,36804.3575,
2024-12-26T04:00+01:00,6234.9735,22007.25972,11866.00694,36841.075,
2024-12-26T05:00+01:00,5106.7995,22362.35577,11423.91534,37311.805,
2024-12-26T06:00+01:00,2752.3675,22895.69147,11454.61059,37863.98,
2024-12-26T07:00+01:00,2324.45875,23708.77479,11451.219,39456.5275,
2024-12-26T08:00+01:00,3759.9685,24622.64142,11709.8699,42425.02,
2024-12-26T09:00+01:00,3791.3215,24675.68315,14536.99909,46192.9725,
2024-12-26T10:00+01:00,3834.39975,24639.908,18248.81178,48568.5425,
2024-12-26T11:00+01:00,3985.55675,24247.45341,20611.19584,50215.3525,
2024-12-26T12:00+01:00,3060.07625,24103.43532,21481.08397,49709.945,
2024-12-26T13:00+01:00,2336.8205,24173.01804,20241.90008,47216.2925,
2024-12-26T14:00+01:00,2865.59125,25073.87567,16697.59746,46087.875,
2024-12-26T15:00+01:00,4885.438,26061.20159,12021.68514,46351.4175,
2024-12-26T16:00+01:00,4936.692,27234.17849,9883.079751,48042.2575,
2024-12-26T17:00+01:00,4532.0305,28155.18629,10331.39454,50260.2175,
2024-12-26T18:00+01:00,5064.81925,28609.04098,10561.59391,50643.01,
2024-12-26T19:00+01:00,4655.5995,28538.08299,10569.24841,49518.855,
2024-12-26T20:00+01:00,4878.3,28402.00757,10521.19554,47928.9125,
2024-12-26T21:00+01:00,5387.192,27931.23625,10425.84989,46624.4625,
2024-12-26T22:00+01:00,4589.36675,27789.46345,10449.98998,45408.3975,
2024-12-26T23:00+01:00,2891.412,27172.35473,10681.40446,43281.1175,
2024-12-27T00:00+01:00,2721.22775,26691.99399,10816.01332,40625.6725,
2024-12-27T01:00+01:00,1706.9605,26515.4289,10848.49247,38812.67,
2024-12-27T02:00+01:00,1694.58175,26682.47657,10724.08658,37944.9,
2024-12-27T03:00+01:00,3456.6545,26624.51202,10433.40146,38227.2,
2024-12-27T04:00+01:00,5777.97,26482.57441,10048.41452,39177.67,
2024-12-27T05:00+01:00,3358.111,27407.56072,9779.062423,40346.7375,
2024-12-27T06:00+01:00,3865.43925,28634.58419,9506.591886,43073.205,
2024-12-27T07:00+01:00,6010.98125,29534.23282,9257.906935,46667.2175,
2024-12-27T08:00+01:00,5913.6625,30394.56832,9731.233416,49888.415,
2024-12-27T09:00+01:00,4240.35475,30497.72308,13635.47361,52853.8075,
2024-12-27T10:00+01:00,2867.43075,30347.81746,18242.77433,54411.1575,
2024-12-27T11:00+01:00,303.70975,30218.41152,21096.98143,55126.915,
2024-12-27T12:00+01:00,-400.062,30192.50199,21354.40469,55160.7675,
2024-12-27T13:00+01:00,1252.099,30295.42317,19271.53752,54002.2875,
2024-12-27T14:00+01:00,4006.69325,30628.38551,15050.37726,53083.4275,
2024-12-27T15:00+01:00,6371.32175,31039.75049,9985.261768,52877.7475,
2024-12-27T16:00+01:00,7897.0385,31317.5037,7508.616673,54465.51,
2024-12-27T17:00+01:00,8577.32675,31620.39499,7480.900405,57038.74,
2024-12-27T18:00+01:00,7397.52475,31800.07569,7440.843925,56855.695,
2024-12-27T19:00+01:00,8422.53425,31395.8496,7286.625653,55356.2975,
2024-12-27T20:00+01:00,8227.1235,30895.73646,7207.578416,52367.63,
2024-12-27T21:00+01:00,8521.58375,30486.61786,7303.864263,49903.805,
2024-12-27T22:00+01:00,8335.817,30065.28417,7284.403063,48474.81,
2024-12-27T23:00+01:00,6796.24775,28804.61518,7276.538002,45837.15,
2024-12-28T00:00+01:00,6279.37625,27827.12825,7256.452033,43451.5275,
2024-12-28T01:00+01:00,5031.74375,27634.36662,7253.073949,41745.3725,
2024-12-28T02:00+01:00,5470.7465,27591.76682,7299.57692,40631.015,
2024-12-28T03:00+01:00,6614.973,27219.85973,7271.320887,40232.9675,
2024-12-28T04:00+01:00,7070.5215,27468.8,7245.646513,40530.085,
2024-12-28T05:00+01:00,5460.051,27754.79022,7190.93249,41020.8325,
2024-12-28T06:00+01:00,5352.32075,28251.06354,7165.847616,41993.375,
2024-12-28T07:00+01:00,5624.92125,29184.982,7364.904092,44311.7725,
2024-12-28T08:00+01:00,7089.30825,29907.97534,8049.670839,47564.29,
2024-12-28T09:00+01:00,6902.09625,29980.62121,11811.34783,50578.49,
2024-12-28T10:00+01:00,4354.4215,29970.23601,16889.29114,52586.94,
2024-12-28T11:00+01:00,2438.65325,29563.16579,20719.28184,53854.2675,
2024-12-28T12:00+01:00,1878.631,29270.70216,21981.67888,53963.86,
2024-12-28T13:00+01:00,1839.40025,29202.93489,20397.76993,52417.79,
2024-12-28T14:00+01:00,3122.17425,29678.78446,16175.55595,51631.29,
2024-12-28T15:00+01:00,7198.79475,29861.88882,11062.59591,51788.1475,
2024-12-28T16:00+01:00,9144.669,30170.07741,9122.823095,53444.865,
2024-12-28T17:00+01:00,8574.08075,30385.96991,9584.051869,55653.5225,
2024-12-28T18:00+01:00,6030.21075,30524.87791,10265.3014,55748.9275,
2024-12-28T19:00+01:00,6317.6685,30466.28073,11008.43441,54171.355,
2024-12-28T20:00+01:00,5755.839,30333.37277,11612.18025,51539.3875,
2024-12-28T21:00+01:00,4270.1375,30323.41178,12350.82914,49623.9425,
2024-12-28T22:00+01:00,3320.73575,29711.97511,12845.26128,48217.77,
2024-12-28T23:00+01:00,2154.53025,28031.22828,13238.61354,45726.8025,
2024-12-29T00:00+01:00,1075.18325,26076.07519,14104.66348,42882.645,
2024-12-29T01:00+01:00,-207.25725,25096.62333,15246.94712,41203.5725,
2024-12-29T02:00+01:00,-1376.67525,24555.15584,15853.49038,40149.2575,
2024-12-29T03:00+01:00,-1919.692,24147.38121,15909.1558,39624.7625,
2024-12-29T04:00+01:00,-1706.4445,24290.65642,16517.74426,39534.3675,
2024-12-29T05:00+01:00,-2129.99825,24445.88356,17127.38674,40045.985,
2024-12-29T06:00+01:00,-3827.77525,24688.71482,16958.37103,39870.73,
2024-12-29T07:00+01:00,-3199.959,25026.63594,16824.41527,41130.39,
2024-12-29T08:00+01:00,-883.76575,25018.3086,18457.57019,43931.29,
2024-12-29T09:00+01:00,-294.21775,24774.05534,21870.77903,47530.5175,
2024-12-29T10:00+01:00,-751.0695,24677.18073,25734.86946,50632.48,
2024-12-29T11:00+01:00,-925.50425,25311.49796,28596.55264,52826.9975,
2024-12-29T12:00+01:00,-1749.034,25349.23518,29182.95538,52884.035,
2024-12-29T13:00+01:00,-2621.63475,25204.39267,28755.95574,51742.37,
2024-12-29T14:00+01:00,-2763.356,24890.67892,27167.69746,51047.92,
2024-12-29T15:00+01:00,-1350.89725,25386.78098,25251.33028,51106.65,
2024-12-29T16:00+01:00,-1118.913,26480.23026,25175.89517,52993.475,
2024-12-29T17:00+01:00,-2586.453,27152.04587,25591.75142,55161.9825,
2024-12-29T18:00+01:00,-3548.055,28131.17023,25555.26003,55558.2475,
2024-12-29T19:00+01:00,-4912.80925,28803.74018,26073.59367,54677.84,
2024-12-29T20:00+01:00,-5384.96075,27875.70918,27289.90708,52467.915,
2024-12-29T21:00+01:00,-5327.71775,26478.49885,28077.97523,51423.4525,
2024-12-29T22:00+01:00,-5537.2585,26347.84788,27480.29635,50373.3275,
2024-12-29T23:00+01:00,-6261.199,25199.97839,28398.89277,47636.8025,
2024-12-30T00:00+01:00,-5629.42625,22691.40182,29494.62978,44333.5875,
2024-12-30T01:00+01:00,-5411.91,21592.32356,30509.3841,42957.7625,
2024-12-30T02:00+01:00,-5752.071,21559.72511,30502.21418,42036.025,
2024-12-30T03:00+01:00,-3682.65625,21819.194,30126.7908,42178.72,
2024-12-30T04:00+01:00,-3438.946,22130.60069,30516.8144,43018.1175,
2024-12-30T05:00+01:00,-4854.6615,22383.02144,30976.35479,44470.97,
2024-12-30T06:00+01:00,-6459.6505,23874.16363,31175.11988,46785.025,
2024-12-30T07:00+01:00,-6661.679,25348.19652,31432.40477,50668.6375,
2024-12-30T08:00+01:00,-6609.007,26745.40542,31140.39259,53522.4175,
2024-12-30T09:00+01:00,-6316.60275,26829.81392,32986.97117,56156.5625,
2024-12-30T10:00+01:00,-6227.92475,27143.19174,34940.5289,58146.3325,
2024-12-30T11:00+01:00,-6495.833,26898.79173,36213.96706,58494.9875,
2024-12-30T12:00+01:00,-6389.2535,26384.9615,36709.12926,59015.695,
2024-12-30T13:00+01:00,-6284.35875,26070.50749,36255.99219,58576.72,
2024-12-30T14:00+01:00,-6678.6855,26860.25887,34788.15619,58531.9575,
2024-12-30T15:00+01:00,-6941.66175,27457.97351,33135.49053,58791.03,
2024-12-30T16:00+01:00,-4949.65675,27954.13094,32318.61881,60282.7075,
2024-12-30T17:00+01:00,-4395.14525,28005.38978,33021.9749,62083.2575,
2024-12-30T18:00+01:00,-5957.11675,28153.75463,34275.64159,62379.145,
2024-12-30T19:00+01:00,-5587.53075,27263.80083,34736.2665,60526.2,
2024-12-30T20:00+01:00,-5542.5675,25675.40098,34651.09109,57434.7675,
2024-12-30T21:00+01:00,-6436.56675,25274.68357,33304.43633,54636.385,
2024-12-30T22:00+01:00,-6313.80525,25335.52836,30973.04187,52512.51,
2024-12-30T23:00+01:00,-7267.34075,24223.06266,29621.87021,49236.23,
2024-12-31T00:00+01:00,-5422.902,22110.28047,29183.7516,45592.73,
2024-12-31T01:00+01:00,-5142.44275,21102.57003,28185.60746,43185.3775,
2024-12-31T02:00+01:00,-3197.09375,21900.13708,27482.72135,42309.065,
2024-12-31T03:00+01:00,-2097.6295,22944.12877,26978.32668,42152.1675,
2024-12-31T04:00+01:00,-1715.33525,21992.06254,27620.21981,42465.1225,
2024-12-31T05:00+01:00,-2691.66375,21576.51645,27608.75811,43224.88,
2024-12-31T06:00+01:00,-4402.7255,21415.44635,28702.36942,44188.6575,
2024-12-31T07:00+01:00,-4937.14375,21666.04123,28868.27532,45560.0375,
2024-12-31T08:00+01:00,-4929.00275,21755.46381,29149.87171,48154.505,
2024-12-31T09:00+01:00,-5453.23525,22225.67815,31800.6114,50935.2925,
2024-12-31T10:00+01:00,-3993.927,22298.95486,35976.75725,53189.415,
2024-12-31T11:00+01:00,-6696.104,22352.61204,39837.6409,55268.115,
2024-12-31T12:00+01:00,-6971.441,21974.48861,41045.23208,55847.5425,
2024-12-31T13:00+01:00,-7709.86175,21637.05289,40471.3185,54633.785,
2024-12-31T14:00+01:00,-6521.25,21893.19648,38081.75901,53258.96,
2024-12-31T15:00+01:00,-5672.4295,22301.13201,36268.22272,52671.2125,
2024-12-31T16:00+01:00,-5109.27275,22468.82302,36151.1274,54529.12,
2024-12-31T17:00+01:00,-5643.28575,22545.25531,37159.56231,57190.24,
2024-12-31T18:00+01:00,-5740.72375,22641.59212,37997.39585,56837.9675,
2024-12-31T19:00+01:00,-5083.83625,21383.15005,38916.54197,54868.4,
2024-12-31T20:00+01:00,-6417.70975,18557.03036,40027.97879,51940.46,
2024-12-31T21:00+01:00,-8569.5525,15779.81302,40653.80563,50559.445,
2024-12-31T22:00+01:00,-8694.43775,14930.27577,40116.74491,49133.28,
2024-12-31T23:00+01:00,-9744.039,13087.58944,42309.76426,49607.54,