Date (GMT+1),Cross border electricity trading,Non-Renewable,Renewable,Load,"CO2 Emission Allowances, Auction DE"
2023-01-01T00:00+01:00,-12557.67,8972.5,36606.37,38346.04,83.41
2023-01-01T01:00+01:00,-15382.57,8766.41,37638.88,37777.2,83.41
2023-01-01T02:00+01:00,-16357.49,8743.59,37838.87,36939.93,83.41
2023-01-01T03:00+01:00,-14005.91,8742.11,35322.31,35932.39,83.41
2023-01-01T04:00+01:00,-14543.99,8704.77,34805.7,35486.24,83.41
2023-01-01T05:00+01:00,-13634.02,8642.74,35020.39,35647.16,83.41
2023-01-01T06:00+01:00,-13734.52,8683.68,34813.36,35231.6,83.41
2023-01-01T07:00+01:00,-14820.01,8702.79,35592.2,36172.13,83.41
2023-01-01T08:00+01:00,-12876.43,8667.88,35100.31,36829.34,83.41
2023-01-01T09:00+01:00,-13778.22,8631.11,37153.94,39226.6,83.41
2023-01-01T10:00+01:00,-14653.01,8606.47,39352.77,41005.55,83.41
2023-01-01T11:00+01:00,-13504.68,8632.01,40635.41,43702.86,83.41
2023-01-01T12:00+01:00,-12382.26,8635.85,39544.85,44205.64,83.41
2023-01-01T13:00+01:00,-11129.86,8857.69,37703.29,43621.67,83.41
2023-01-01T14:00+01:00,-10365.64,8926.41,37451.38,43231.73,83.41
2023-01-01T15:00+01:00,-8730.39,8961.75,36027.11,43691.52,83.41
2023-01-01T16:00+01:00,-5277.56,9602.45,33114.61,45668.82,83.41
2023-01-01T17:00+01:00,-2689.42,9409.58,31953.11,48732.21,83.41
2023-01-01T18:00+01:00,-942.43,9896.35,31293.19,48882.22,83.41
2023-01-01T19:00+01:00,-1405.39,9802.38,30729.39,47468.39,83.41
2023-01-01T20:00+01:00,-1774.67,9624.72,30630.84,44883.38,83.41
2023-01-01T21:00+01:00,-3059.82,9388.26,30946.42,43222.82,83.41
2023-01-01T22:00+01:00,-2673,9419.79,29047.12,42277.85,83.41
2023-01-01T23:00+01:00,-4382.56,9471.65,28319.12,39092.87,83.41
2023-01-02T00:00+01:00,-3408.32,9757.61,26783.98,36789.95,83.41
2023-01-02T01:00+01:00,-2426.26,9736.81,26088.63,35423.75,83.41
2023-01-02T02:00+01:00,-3619.84,9813.74,27294.51,35284.15,83.41
2023-01-02T03:00+01:00,-3672.58,9865.06,28527.37,36058.53,83.41
2023-01-02T04:00+01:00,-5495.43,10717.55,30349.53,37795.64,83.41
2023-01-02T05:00+01:00,-5287.75,11575.19,31613.16,40898.8,83.41
2023-01-02T06:00+01:00,-5570.24,13753.22,33763.52,47069.32,83.41
2023-01-02T07:00+01:00,-6849.88,16260.21,35425.24,52316.93,83.41
2023-01-02T08:00+01:00,-7509.52,17155.2,37619.33,56230.99,83.41
2023-01-02T09:00+01:00,-10537.85,18558.33,40085.42,57444.83,83.41
2023-01-02T10:00+01:00,-13333.87,19676.38,41360.45,59240.69,83.41
2023-01-02T11:00+01:00,-12949.34,20115.94,42705.26,60654.42,83.41
2023-01-02T12:00+01:00,-10433.2,19666.03,42716.9,61571.56,83.41
2023-01-02T13:00+01:00,-9987.96,20152.38,41278.03,60447.93,83.41
2023-01-02T14:00+01:00,-9045.41,20851.56,39050.46,59188.3,83.41
2023-01-02T15:00+01:00,-7428.03,21172.62,35691.07,59014.02,83.41
2023-01-02T16:00+01:00,-7565.03,21385.67,34378.57,59885.66,83.41
2023-01-02T17:00+01:00,-8412.06,21800.35,34555.45,61093.88,83.41
2023-01-02T18:00+01:00,-8592.46,21878.75,34850.53,60650.13,83.41
2023-01-02T19:00+01:00,-7656.74,22085.39,34443.36,59584.2,83.41
2023-01-02T20:00+01:00,-6939.04,21856.55,33506.96,56000.83,83.41
2023-01-02T21:00+01:00,-8364.58,21355.92,32324.97,53154.31,83.41
2023-01-02T22:00+01:00,-9322.87,21230.89,31027.89,50189.26,83.41
2023-01-02T23:00+01:00,-9845.98,20701.94,30101.93,47103.45,83.41
2023-01-03T00:00+01:00,-8836.02,20058.8,28894.88,44238.4,83.41
2023-01-03T01:00+01:00,-9948.34,19968.03,27762.75,42383.41,83.41
2023-01-03T02:00+01:00,-6882.66,19414.6,26381.5,41816.4,83.41
2023-01-03T03:00+01:00,-5939.76,19578.92,24918.66,41849.59,83.41
2023-01-03T04:00+01:00,-2799.42,20094.79,23635.53,43469.16,83.41
2023-01-03T05:00+01:00,-1683.1,21140.69,22320.57,45864.73,83.41
2023-01-03T06:00+01:00,255.62,23927.95,21438.18,50854.66,83.41
2023-01-03T07:00+01:00,530.69,25787.18,20828.7,55892.86,83.41
2023-01-03T08:00+01:00,1990.18,26932.92,20494.74,58364.28,83.41
2023-01-03T09:00+01:00,-438.76,27312.08,22274.48,59363.34,83.41
2023-01-03T10:00+01:00,-415.73,27421.84,25046.24,60057.63,83.41
2023-01-03T11:00+01:00,-1991.49,27347.72,27321.69,60964.96,83.41
2023-01-03T12:00+01:00,-845.38,27188.24,27447.38,60692.61,83.41
2023-01-03T13:00+01:00,-688.09,27145.31,25945.58,59217.96,83.41
2023-01-03T14:00+01:00,491.83,27241.8,23349.89,58408.55,83.41
2023-01-03T15:00+01:00,2056.77,27247.85,20400.62,58067.98,83.41
2023-01-03T16:00+01:00,427.21,27285.23,19780.42,59323.72,83.41
2023-01-03T17:00+01:00,-2355.2,27723.71,22738.13,61914.38,83.41
2023-01-03T18:00+01:00,-1159.33,27423.97,25238.13,61545.46,83.41
2023-01-03T19:00+01:00,-604.44,26698.18,27831.8,59743.27,83.41
2023-01-03T20:00+01:00,-5833.36,25653.19,30799.41,56607.83,83.41
2023-01-03T21:00+01:00,-7981.43,23240.85,32794.33,53669.09,83.41
2023-01-03T22:00+01:00,-9897.33,20962.73,33890.1,51470.2,83.41
2023-01-03T23:00+01:00,-11175.49,17540.38,35692.63,48351.94,83.41
2023-01-04T00:00+01:00,-7752.56,13676.07,37607.54,46164.69,83.41
2023-01-04T01:00+01:00,-8953.73,12578.1,39587.69,44741.94,83.41
2023-01-04T02:00+01:00,-8810.88,12608.68,40129.05,44259.76,83.41
2023-01-04T03:00+01:00,-7190.98,12347.72,39018.16,45149.8,83.41
2023-01-04T04:00+01:00,-6502.32,12217.61,39780.87,46924.95,83.41
2023-01-04T05:00+01:00,-9020.24,12515.93,43890.67,49768.76,83.41
2023-01-04T06:00+01:00,-12593.83,13007.61,49980.16,55701.68,83.41
2023-01-04T07:00+01:00,-13598.28,13580.31,52007.08,60084.42,83.41
2023-01-04T08:00+01:00,-14820.63,14232.45,52760.58,63146.91,83.41
2023-01-04T09:00+01:00,-14672.86,14465.52,54146,64181.91,83.41
2023-01-04T10:00+01:00,-13768.98,14283.51,55268.01,65557.79,83.41
2023-01-04T11:00+01:00,-14231.56,14083.91,55527.04,66891.66,83.41
2023-01-04T12:00+01:00,-13466.2,13701.92,55891.28,67097.82,83.41
2023-01-04T13:00+01:00,-12435.83,13356.35,56011.28,65934.5,83.41
2023-01-04T14:00+01:00,-12110.72,13134.56,55295.15,65008.21,83.41
2023-01-04T15:00+01:00,-12446.6,13096.44,54548.84,64415.53,83.41
2023-01-04T16:00+01:00,-12842.88,13400.38,53704.84,64619.4,83.41
2023-01-04T17:00+01:00,-14477.04,14144.43,54213.3,66606.26,83.41
2023-01-04T18:00+01:00,-12596.09,14277.77,54063.63,66147.8,83.41
2023-01-04T19:00+01:00,-13606.63,14234.31,53956.48,64006.38,83.41
2023-01-04T20:00+01:00,-14326.79,13975.96,53515.83,60362.89,83.41
2023-01-04T21:00+01:00,-14849.13,13800.24,53398.62,57242.36,83.41
2023-01-04T22:00+01:00,-15543.68,13686.53,52180.76,54584.43,83.41
2023-01-04T23:00+01:00,-17050.24,13453.19,51144.39,51435.54,83.41
2023-01-05T00:00+01:00,-15557.12,13966.47,46097.37,46678.71,83.41
2023-01-05T01:00+01:00,-16720.63,14137.15,44518.72,44608.9,83.41
2023-01-05T02:00+01:00,-16470.86,13963.12,43989.19,44659.77,83.41
2023-01-05T03:00+01:00,-15812.42,14033.84,43788.72,45043.64,83.41
2023-01-05T04:00+01:00,-16378.08,14421.89,45171.6,46173.14,83.41
2023-01-05T05:00+01:00,-17275.77,14836.53,47145.69,48273,83.41
2023-01-05T06:00+01:00,-17452.03,16663.77,47339.11,53111.92,83.41
2023-01-05T07:00+01:00,-16075.52,18839.97,47308.27,59099.96,83.41
2023-01-05T08:00+01:00,-15819.53,20511.31,46007.14,61424.86,83.41
2023-01-05T09:00+01:00,-14369.08,21049.43,44380.4,62114.62,83.41
2023-01-05T10:00+01:00,-11739.65,21517.01,43404.16,62525.16,83.41
2023-01-05T11:00+01:00,-10376.59,21905.32,43343.43,63951.5,83.41
2023-01-05T12:00+01:00,-9661.17,22226.06,41838.99,64238.04,83.41
2023-01-05T13:00+01:00,-8562.19,22486.2,37909.97,62460.73,83.41
2023-01-05T14:00+01:00,-4719.82,22668.14,32551.95,60916.1,83.41
2023-01-05T15:00+01:00,884.5,23403.31,27112.94,59912.98,83.41
2023-01-05T16:00+01:00,4777.25,23668.38,23009.8,60113.86,83.41
2023-01-05T17:00+01:00,6445.67,23643.5,21260,62282.23,83.41
2023-01-05T18:00+01:00,6343.88,23638.94,19956.04,61967.93,83.41
2023-01-05T19:00+01:00,5878.62,23553.17,19456.94,59748.93,83.41
2023-01-05T20:00+01:00,4455.04,23415.28,19031.68,56451.44,83.41
2023-01-05T21:00+01:00,4700.2,22685.57,19203.43,52788.74,83.41
2023-01-05T22:00+01:00,4926.09,20920.24,20176.22,49974.42,83.41
2023-01-05T23:00+01:00,4206.8,18885.79,20990.12,46587.47,83.41
2023-01-06T00:00+01:00,-641.7,18207.76,22567.44,43961.93,83.41
2023-01-06T01:00+01:00,-1161.2,18037.01,24182.7,42095.69,83.41
2023-01-06T02:00+01:00,-1937.17,17832.95,26300.06,41584.77,83.41
2023-01-06T03:00+01:00,-985.56,16728.88,28359.2,42296.88,83.41
2023-01-06T04:00+01:00,-873.18,16139.15,30426.91,43702.87,83.41
2023-01-06T05:00+01:00,-2329.86,17503.81,32533.36,45916.59,83.41
2023-01-06T06:00+01:00,-6917.16,18399.4,34329.15,49969.99,83.41
2023-01-06T07:00+01:00,-8767.07,19389.9,35737.91,53778.18,83.41
2023-01-06T08:00+01:00,-10025.02,20834.9,37777.03,56497.19,83.41
2023-01-06T09:00+01:00,-11647.98,20409.46,40640.7,58188.81,83.41
2023-01-06T10:00+01:00,-12670.2,20149.78,43599.59,59970.04,83.41
2023-01-06T11:00+01:00,-12855.56,19350.08,45869.9,61297.99,83.41
2023-01-06T12:00+01:00,-12275.91,19041.98,46443.21,61185.2,83.41
2023-01-06T13:00+01:00,-12117.43,18811.32,45621.32,59554.11,83.41
2023-01-06T14:00+01:00,-10541.4,19437.35,40895.65,58428.34,83.41
2023-01-06T15:00+01:00,-8116.83,21043.63,36081.71,57361.68,83.41
2023-01-06T16:00+01:00,-6535.71,22550.47,32827.2,57969.65,83.41
2023-01-06T17:00+01:00,-5774.18,22998.15,31737.4,59909.34,83.41
2023-01-06T18:00+01:00,-4511.2,22258.72,31684.48,60527.16,83.41
2023-01-06T19:00+01:00,-2898.62,21243.12,30658.75,58108.94,83.41
2023-01-06T20:00+01:00,-3163.34,20338.19,30160.64,54721.12,83.41
2023-01-06T21:00+01:00,-2537.71,18661.88,29547.17,52406.35,83.41
2023-01-06T22:00+01:00,-1109.53,17969,28059.84,50126.7,83.41
2023-01-06T23:00+01:00,-1038.91,15945.58,26612.21,46624.23,83.41
2023-01-07T00:00+01:00,557.29,13831.44,24931.46,43200.68,83.41
2023-01-07T01:00+01:00,174.9,13401.6,24428.35,41185.24,83.41
2023-01-07T02:00+01:00,1042.85,12798.12,25085.24,40162.32,83.41
2023-01-07T03:00+01:00,1772.43,12186.87,25981.14,39778.38,83.41
2023-01-07T04:00+01:00,1994.14,12078.88,26420.69,40120.8,83.41
2023-01-07T05:00+01:00,2300.71,11738.29,26716.25,40901.82,83.41
2023-01-07T06:00+01:00,371.03,12479.82,27061.83,41720.71,83.41
2023-01-07T07:00+01:00,-136.82,13616.44,27758.99,44499.15,83.41
2023-01-07T08:00+01:00,-3.37,13770.27,28349.03,47369.91,83.41
2023-01-07T09:00+01:00,-1107.61,14300.5,29883.97,50231.01,83.41
2023-01-07T10:00+01:00,-1680.37,14476.2,32453.12,51913.78,83.41
2023-01-07T11:00+01:00,-1428.88,14609.33,35282.14,53639.07,83.41
2023-01-07T12:00+01:00,-673.49,14053.3,36778.92,53693.71,83.41
2023-01-07T13:00+01:00,-1641.61,13673.26,36043.21,52311.88,83.41
2023-01-07T14:00+01:00,-1306.04,13545.84,33680.23,50279.86,83.41
2023-01-07T15:00+01:00,273.78,13824.05,30710.05,50658.26,83.41
2023-01-07T16:00+01:00,-564.93,14415.65,30807.76,52149.22,83.41
2023-01-07T17:00+01:00,-4310.75,14932.87,33887.69,55371.34,83.41
2023-01-07T18:00+01:00,-5695.5,14919.11,36693.64,56110.26,83.41
2023-01-07T19:00+01:00,-6319.21,13825.12,38074.39,54536.01,83.41
2023-01-07T20:00+01:00,-7197.11,11915.04,38785.33,51743.44,83.41
2023-01-07T21:00+01:00,-6521.2,10125.61,38769.22,49493.68,83.41
2023-01-07T22:00+01:00,-6025.51,10042,37974.12,47884.52,83.41
2023-01-07T23:00+01:00,-6270.36,9846.28,38062.4,44757.49,83.41
2023-01-08T00:00+01:00,-6196.83,10063.39,37807.31,42508.96,83.41
2023-01-08T01:00+01:00,-5931.56,9792.66,37023.02,40708.46,83.41
2023-01-08T02:00+01:00,-5965.51,9860.67,35812.02,39829.6,83.41
2023-01-08T03:00+01:00,-4758.03,9959.59,34194.87,40059.75,83.41
2023-01-08T04:00+01:00,-3344.13,9868.3,33572.31,40147.06,83.41
2023-01-08T05:00+01:00,-2178.9,9788.4,32771.69,40019.97,83.41
2023-01-08T06:00+01:00,-2821.59,9877.91,31749.69,39918.9,83.41
2023-01-08T07:00+01:00,-2045.31,9945.13,31665.62,41042.96,83.41
2023-01-08T08:00+01:00,-1468.41,10267.55,32002.83,43704.92,83.41
2023-01-08T09:00+01:00,-1189.96,11472.12,33240.54,47136.58,83.41
2023-01-08T10:00+01:00,-2068.72,12593.85,33897.4,49466.36,83.41
2023-01-08T11:00+01:00,-1345.6,13537.87,34832.73,52035.61,83.41
2023-01-08T12:00+01:00,-822.45,13777.9,34842.94,51771.76,83.41
2023-01-08T13:00+01:00,-484.32,13641.44,33309.01,50231.24,83.41
2023-01-08T14:00+01:00,91.84,14310.85,30560.24,48623.29,83.41
2023-01-08T15:00+01:00,-15.63,14700.67,28318.85,48433.83,83.41
2023-01-08T16:00+01:00,323.64,14928.37,28946.87,50304.8,83.41
2023-01-08T17:00+01:00,-635.17,14967.35,30084.69,54133.79,83.41
2023-01-08T18:00+01:00,-121.22,14864.63,30440.64,55436.68,83.41
2023-01-08T19:00+01:00,-2265.46,14980.13,30191.19,53863.72,83.41
2023-01-08T20:00+01:00,-4472.52,15065.58,30432.85,51462.86,83.41
2023-01-08T21:00+01:00,-5349.64,15338.02,30415.05,49194.73,83.41
2023-01-08T22:00+01:00,-2580.95,15278.52,30825.06,47953.33,83.41
2023-01-08T23:00+01:00,-4046.94,14627.23,31669.24,45160.2,83.41
2023-01-09T00:00+01:00,-1852.2,13419.98,32161.22,43481.78,83.41
2023-01-09T01:00+01:00,-639.37,11972.54,32177.01,42441.07,83.41
2023-01-09T02:00+01:00,-1151.6,11825.22,32133.43,42161.16,83.41
2023-01-09T03:00+01:00,-1225.33,12345.42,31597.64,42423.06,83.41
2023-01-09T04:00+01:00,-83.17,13741.21,30794.85,43800.43,83.41
2023-01-09T05:00+01:00,730.71,15980.5,30261.09,47183.28,83.41
2023-01-09T06:00+01:00,762.76,20200.4,30371.27,55976.17,83.41
2023-01-09T07:00+01:00,-983.61,24047.91,31671.03,61933.28,83.41
2023-01-09T08:00+01:00,-1249.56,25173.91,32631.35,65523.3,83.41
2023-01-09T09:00+01:00,-4846.5,26283.27,33422.79,66089.58,83.41
2023-01-09T10:00+01:00,-5505.85,26913.28,34703.46,66229.07,83.41
2023-01-09T11:00+01:00,-3739.57,27138.98,35563.45,66810.45,83.41
2023-01-09T12:00+01:00,-3671.37,27174.36,33674.89,66457.94,83.41
2023-01-09T13:00+01:00,-873.94,27919.18,30686.33,66064.3,83.41
2023-01-09T14:00+01:00,-163,28398.04,27338.02,64395.62,83.41
2023-01-09T15:00+01:00,2344.66,28536.12,24036.04,63094.84,83.41
2023-01-09T16:00+01:00,1605.83,28460.23,22732.01,63334.01,83.41
2023-01-09T17:00+01:00,2124.59,28457.68,23208.62,66029.14,83.41
2023-01-09T18:00+01:00,138.47,28680.56,24425.63,65922.72,83.41
2023-01-09T19:00+01:00,-1775,28835.55,25267.11,64274.68,83.41
2023-01-09T20:00+01:00,-3281.24,28501.62,26048.34,60572.3,83.41
2023-01-09T21:00+01:00,-4549.67,27697.81,26774.98,57381.11,83.41
2023-01-09T22:00+01:00,-4944.2,26326.31,27202.03,54345.22,83.41
2023-01-09T23:00+01:00,-4294.19,24379.17,27117.65,50887.34,83.41
2023-01-10T00:00+01:00,-4372.6,23176.43,26882.02,47992.51,83.41
2023-01-10T01:00+01:00,-4435.18,21919.39,26917.15,45916.82,83.41
2023-01-10T02:00+01:00,-4059.41,21314.44,26971.16,45441.04,83.41
2023-01-10T03:00+01:00,-1896.65,21366.59,26752.66,46005.31,83.41
2023-01-10T04:00+01:00,-1631.36,21907.95,27242.71,47452.48,83.41
2023-01-10T05:00+01:00,-3214.38,23877.05,26960.85,50984.7,83.41
2023-01-10T06:00+01:00,-4364.38,27193.08,26836.79,57658.12,83.41
2023-01-10T07:00+01:00,-3338.01,28195.2,26479.31,63619.22,83.41
2023-01-10T08:00+01:00,-2015.68,29121.61,25827.94,66287.86,83.41
2023-01-10T09:00+01:00,-1576.37,29331.56,28035.13,66847.09,83.41
2023-01-10T10:00+01:00,-2250.34,29033.53,30902.72,67391.72,83.41
2023-01-10T11:00+01:00,-3637.08,29010.76,33033.07,67594.6,83.41
2023-01-10T12:00+01:00,-3721.28,29034.77,33793.9,67012.48,83.41
2023-01-10T13:00+01:00,-2262.07,29182.83,33602.37,66256.8,83.41
2023-01-10T14:00+01:00,-761.47,29276.67,31592.42,64830.35,83.41
2023-01-10T15:00+01:00,-1051.01,29730.5,30024.57,64041.51,83.41
2023-01-10T16:00+01:00,-794.29,29292.13,31080.03,65014.9,83.41
2023-01-10T17:00+01:00,-3812.81,29471.92,34094.75,67937.19,83.41
2023-01-10T18:00+01:00,-6007.88,28856.08,37438.92,67977.64,83.41
2023-01-10T19:00+01:00,-8084.17,27416.03,38645.53,66773.73,83.41
2023-01-10T20:00+01:00,-9267.62,24689.28,41244.46,63558.47,83.41
2023-01-10T21:00+01:00,-10343.18,21466.1,42504.56,60247.52,83.41
2023-01-10T22:00+01:00,-9869.62,19279.17,42534.18,57062.36,83.41
2023-01-10T23:00+01:00,-10059.73,16930.77,42885.14,54022.44,83.41
2023-01-11T00:00+01:00,-8437.34,15705.13,40895.34,50647.42,83.41
2023-01-11T01:00+01:00,-8950.41,14485.23,40413.91,48647.38,83.41
2023-01-11T02:00+01:00,-10532,14357.44,41029.69,47805.63,83.41
2023-01-11T03:00+01:00,-9010.84,14125.01,39907.98,48027.68,83.41
2023-01-11T04:00+01:00,-7716.97,14142.32,40710.71,49076.72,83.41
2023-01-11T05:00+01:00,-8532.56,14466.95,43576.62,52448.63,83.41
2023-01-11T06:00+01:00,-7794.94,16463.01,44690.73,59760.6,83.41
2023-01-11T07:00+01:00,-8586.04,21844.62,41974.01,65888.4,83.41
2023-01-11T08:00+01:00,-8235.86,25350.18,38616.7,68420.4,83.41
2023-01-11T09:00+01:00,-7477.47,25881.12,37437.35,68045.24,83.41
2023-01-11T10:00+01:00,-5751.88,26101.53,37050.87,68150.34,83.41
2023-01-11T11:00+01:00,-4376.22,26393.61,36497.2,68848.34,83.41
2023-01-11T12:00+01:00,-1818.13,26210.99,36518.71,67895.05,83.41
2023-01-11T13:00+01:00,477.13,25537.98,37079.01,66679.16,83.41
2023-01-11T14:00+01:00,-662.8,25633.9,36539.97,65970.38,83.41
2023-01-11T15:00+01:00,-920.57,25765.94,35270.89,65235.25,83.41
2023-01-11T16:00+01:00,-1820.11,26043.38,35069.6,65690.45,83.41
2023-01-11T17:00+01:00,-2710.76,25731.51,36745.09,68357.07,83.41
2023-01-11T18:00+01:00,-6583.2,25495.12,39037.32,68192.4,83.41
2023-01-11T19:00+01:00,-8318.28,24290.98,41206.04,66528.61,83.41
2023-01-11T20:00+01:00,-9597.74,21627.48,42052.63,63008.22,83.41
2023-01-11T21:00+01:00,-10243.8,18320.97,43261.44,59739.48,83.41
2023-01-11T22:00+01:00,-11164.03,16090.74,44459.85,56695.78,83.41
2023-01-11T23:00+01:00,-11176.64,14144.3,46006.09,54000.52,83.41
2023-01-12T00:00+01:00,-13207.95,13071.76,47889.31,51222.76,83.41
2023-01-12T01:00+01:00,-13392.14,12668.43,46938.53,49454.72,83.41
2023-01-12T02:00+01:00,-14296.29,13030.17,45323.27,48666.08,83.41
2023-01-12T03:00+01:00,-12971.33,12603.26,45326.26,48682.9,83.41
2023-01-12T04:00+01:00,-11288.56,12489.18,45209.01,49665.51,83.41
2023-01-12T05:00+01:00,-11370.12,12657.72,47647.5,53022.79,83.41
2023-01-12T06:00+01:00,-9938.96,13849.86,49646.93,61110.05,83.41
2023-01-12T07:00+01:00,-11260.03,16052.2,50933.38,66639.62,83.41
2023-01-12T08:00+01:00,-13187.66,16805.3,52062.86,69502.77,83.41
2023-01-12T09:00+01:00,-13056.97,16571.87,53784.36,70207.45,83.41
2023-01-12T10:00+01:00,-12749.4,16383.78,55535.69,70784.61,83.41
2023-01-12T11:00+01:00,-12220.09,16721.84,56396.46,71710.26,83.41
2023-01-12T12:00+01:00,-10723.9,16359.21,55946.28,70803.88,83.41
2023-01-12T13:00+01:00,-9612.5,16009.81,55339.65,69838.71,83.41
2023-01-12T14:00+01:00,-9686.25,16287.8,53488.65,68419.82,83.41
2023-01-12T15:00+01:00,-10283.02,16916.02,49870.99,67607.14,83.41
2023-01-12T16:00+01:00,-8015.48,17037.08,46943.26,67327.68,83.41
2023-01-12T17:00+01:00,-10082.04,18043.55,46671.46,69233.51,83.41
2023-01-12T18:00+01:00,-11805.92,18203.86,48030.51,69064.73,83.41
2023-01-12T19:00+01:00,-13045.4,17445.98,49503.06,67539.43,83.41
2023-01-12T20:00+01:00,-13075.63,16074.45,50352.88,63744.47,83.41
2023-01-12T21:00+01:00,-13551.2,14854.36,51125.29,60089.92,83.41
2023-01-12T22:00+01:00,-13627.43,13493.63,50288.07,57127.03,83.41
2023-01-12T23:00+01:00,-14472.34,12440.28,50247.3,53730.91,83.41
2023-01-13T00:00+01:00,-14917.19,12030.73,49524.58,50318.68,83.41
2023-01-13T01:00+01:00,-15395.87,11600.27,49096.6,48803.39,83.41
2023-01-13T02:00+01:00,-13617.06,11264.83,48032.51,48175.34,83.41
2023-01-13T03:00+01:00,-12174.36,11048.56,47795.03,48215.78,83.41
2023-01-13T04:00+01:00,-10060.63,10934.22,46092.98,49394.72,83.41
2023-01-13T05:00+01:00,-8397.66,11405.16,46540.44,52549.45,83.41
2023-01-13T06:00+01:00,-6569.74,12047.27,46768.73,59111.94,83.41
2023-01-13T07:00+01:00,-6294.2,13268.96,46530.54,65090.88,83.41
2023-01-13T08:00+01:00,-8014.65,14411.74,46561.61,67817.11,83.41
2023-01-13T09:00+01:00,-9884.5,14687.78,47589.27,68323.78,83.41
2023-01-13T10:00+01:00,-10598.58,15380.94,50773.15,68680.44,83.41
2023-01-13T11:00+01:00,-10242.78,14789.17,54449.07,68927.22,78.17
2023-01-13T12:00+01:00,-11064.93,14041.78,56978.37,68837.84,76.42
2023-01-13T13:00+01:00,-11514.91,14130.87,57105.12,67816.02,76.42
2023-01-13T14:00+01:00,-11544.91,13828.57,55228.71,65914.42,76.42
2023-01-13T15:00+01:00,-9781.96,14853.35,52586.6,65402.22,76.42
2023-01-13T16:00+01:00,-9022.31,15676.42,50635.3,66213.09,76.42
2023-01-13T17:00+01:00,-11366.28,16523.56,50238.31,68577.53,76.42
2023-01-13T18:00+01:00,-12805.96,16662.36,51030.85,67923.67,76.42
2023-01-13T19:00+01:00,-12644.8,17280.02,50007,64353.52,76.42
2023-01-13T20:00+01:00,-12660.18,16701.42,48875.19,60832.08,76.42
2023-01-13T21:00+01:00,-13577.93,15841.77,47959.66,57323.11,76.42
2023-01-13T22:00+01:00,-13282.15,14686.78,46564.6,54256.16,76.42
2023-01-13T23:00+01:00,-14699.23,13580.27,45521.5,51075.02,76.42
2023-01-14T00:00+01:00,-14714.16,12232.79,45572.72,49449.29,76.42
2023-01-14T01:00+01:00,-15439.36,11670.43,44328.91,47012.18,76.42
2023-01-14T02:00+01:00,-13337.05,10926.86,43756.07,45772.82,76.42
2023-01-14T03:00+01:00,-12366.18,10368.73,42719.46,45592.26,76.42
2023-01-14T04:00+01:00,-11012.01,10434.07,40922.69,45989.51,76.42
2023-01-14T05:00+01:00,-8195.92,10557.14,38817.24,45874.27,76.42
2023-01-14T06:00+01:00,-8295.66,10658.84,37179.71,46337.85,76.42
2023-01-14T07:00+01:00,-6911.05,10725.72,37321.82,48776.32,76.42
2023-01-14T08:00+01:00,-7577.22,10683.14,39582.06,52122.2,76.42
2023-01-14T09:00+01:00,-8176.93,10648.75,43315.21,54930.64,76.42
2023-01-14T10:00+01:00,-10626.98,10691.08,47232.96,56981.7,76.42
2023-01-14T11:00+01:00,-11786.83,10715.54,49749.32,58555.93,76.42
2023-01-14T12:00+01:00,-11405.05,10860.23,51238.38,58735.12,76.42
2023-01-14T13:00+01:00,-11929.42,10517.73,51854.85,57860.17,76.42
2023-01-14T14:00+01:00,-13057.84,10381.64,52171.32,56625.72,76.42
2023-01-14T15:00+01:00,-13654.97,10684.59,52741.46,56687.06,76.42
2023-01-14T16:00+01:00,-13479.39,11066.94,53367.95,58145.88,76.42
2023-01-14T17:00+01:00,-13817.84,11673.34,53599.13,60648.3,76.42
2023-01-14T18:00+01:00,-13980.29,11648.31,54572.48,60943.77,76.42
2023-01-14T19:00+01:00,-14115.61,11551.73,54614.59,58601.87,76.42
2023-01-14T20:00+01:00,-16379.06,11532.8,53104.6,55121.03,76.42
2023-01-14T21:00+01:00,-17265.91,11351.18,51830.29,52482.18,76.42
2023-01-14T22:00+01:00,-16425.74,11152.41,49760.1,50955.11,76.42
2023-01-14T23:00+01:00,-15977.03,10894.12,47961.19,48311,76.42
2023-01-15T00:00+01:00,-18056.31,10350.81,46670.66,45464.06,76.42
2023-01-15T01:00+01:00,-17711.18,10091.02,45808.88,43754.08,76.42
2023-01-15T02:00+01:00,-17155.89,10160.8,44264.99,42834.46,76.42
2023-01-15T03:00+01:00,-15136.68,10225.37,42961.7,42724.59,76.42
2023-01-15T04:00+01:00,-13659.69,10416.81,42124.31,42811.84,76.42
2023-01-15T05:00+01:00,-13319.27,10677.44,41663.02,42774.52,76.42
2023-01-15T06:00+01:00,-13930.58,11051.53,41605.72,42549.75,76.42
2023-01-15T07:00+01:00,-13785.97,11113.48,41518.18,43952.91,76.42
2023-01-15T08:00+01:00,-14043.03,11375.32,42745.4,47380.74,76.42
2023-01-15T09:00+01:00,-13406.82,11696.2,44052.7,51295.2,76.42
2023-01-15T10:00+01:00,-12893.98,11667.32,47633.39,54201.49,76.42
2023-01-15T11:00+01:00,-13127.69,11402.62,51478.53,56895.46,76.42
2023-01-15T12:00+01:00,-14063.84,11668.79,53814.82,57352.63,76.42
2023-01-15T13:00+01:00,-13550.14,11875.72,53871.76,56273.72,76.42
2023-01-15T14:00+01:00,-13283.17,11836.84,52817.18,54905.11,76.42
2023-01-15T15:00+01:00,-13801.62,11816.7,51614.54,54315.45,76.42
2023-01-15T16:00+01:00,-13633.94,11910.41,51708.7,55412.07,76.42
2023-01-15T17:00+01:00,-14266.24,11920.95,52377.66,58481.88,76.42
2023-01-15T18:00+01:00,-15434.86,12243.32,52905.28,59280.16,76.42
2023-01-15T19:00+01:00,-15623.16,12684.26,51039.38,57939.52,76.42
2023-01-15T20:00+01:00,-15470.17,12434.93,49764.02,55320.75,76.42
2023-01-15T21:00+01:00,-14231.42,11822.35,47457.75,53599.96,76.42
2023-01-15T22:00+01:00,-12042.21,11802.94,44726.69,52711.46,76.42
2023-01-15T23:00+01:00,-11072.22,11652.87,41798.46,49818,76.42
2023-01-16T00:00+01:00,-8990.37,11423.79,39185.16,47319.55,76.42
2023-01-16T01:00+01:00,-8484.01,11507.25,36140.64,45568.48,76.42
2023-01-16T02:00+01:00,-7005.46,11948.63,33189.26,44332.64,76.42
2023-01-16T03:00+01:00,-4635.41,12865.14,31060.9,44191.04,76.42
2023-01-16T04:00+01:00,-3239.91,14615.36,28784.84,45678.75,76.42
2023-01-16T05:00+01:00,-4188.21,18946.07,28219.2,49775.6,76.42
2023-01-16T06:00+01:00,-2119.65,23145.19,28472.4,58127.24,76.42
2023-01-16T07:00+01:00,-3979.34,26742.83,29026.68,64309.32,76.42
2023-01-16T08:00+01:00,-5587.63,28873.05,31288.55,67016.8,76.42
2023-01-16T09:00+01:00,-8939.25,29996.16,35443.39,67414.68,76.42
2023-01-16T10:00+01:00,-10487.42,29592.04,39302.16,67962.97,76.42
2023-01-16T11:00+01:00,-11153.32,29219.07,42557.76,68696.26,76.42
2023-01-16T12:00+01:00,-9978.04,28378.51,42908.5,68090.65,76.42
2023-01-16T13:00+01:00,-9355.73,28299.13,42197.33,67147.76,76.42
2023-01-16T14:00+01:00,-8893.91,28465.6,40193.46,66478.49,76.42
2023-01-16T15:00+01:00,-8800.91,28937.78,38413.58,66600.59,76.42
2023-01-16T16:00+01:00,-9467.03,30104.89,38193.85,67265.86,76.42
2023-01-16T17:00+01:00,-9027.35,30427.21,38731.8,69608.7,76.42
2023-01-16T18:00+01:00,-8963.19,29820.4,38744.95,69634.34,76.42
2023-01-16T19:00+01:00,-10210.11,29588.63,38902.05,68007.02,76.42
2023-01-16T20:00+01:00,-11303.72,28847.71,37864.98,63738.21,76.42
2023-01-16T21:00+01:00,-11608.65,27204.43,37488.12,60909.05,76.42
2023-01-16T22:00+01:00,-11281.26,25983.04,36360.75,57897.05,76.42
2023-01-16T23:00+01:00,-12283.7,24737.17,35787.88,54697.02,76.42
2023-01-17T00:00+01:00,-10706.19,23847.16,35711.77,51588.1,76.42
2023-01-17T01:00+01:00,-12638.28,22851.27,36124.34,49594.72,76.42
2023-01-17T02:00+01:00,-12262.94,22167.52,37144.34,49684.51,76.42
2023-01-17T03:00+01:00,-12571.54,21997.81,37990.99,49743.64,76.42
2023-01-17T04:00+01:00,-13270.66,22837.11,38293.78,51070.38,76.42
2023-01-17T05:00+01:00,-13534.71,25452.12,37355.52,54377.54,76.42
2023-01-17T06:00+01:00,-10709.57,27985.12,37032.96,61751.42,76.42
2023-01-17T07:00+01:00,-9409.46,30008.16,36527.9,67314.58,76.42
2023-01-17T08:00+01:00,-6977.88,31208.85,35047.57,69505.11,76.42
2023-01-17T09:00+01:00,-7785.83,31700.86,35284.65,69456.07,76.42
2023-01-17T10:00+01:00,-7407.14,31633.47,37467.84,69358.55,76.42
2023-01-17T11:00+01:00,-8275.94,31664.94,40130.91,69665.16,76.42
2023-01-17T12:00+01:00,-7846.12,31394.01,39156.67,68980.38,76.42
2023-01-17T13:00+01:00,-6661.37,32357.55,35019.64,67534.8,76.42
2023-01-17T14:00+01:00,-5048.47,33022.67,30797.48,66630.2,76.42
2023-01-17T15:00+01:00,-3469.7,34000.08,25196.1,65080.48,76.42
2023-01-17T16:00+01:00,-2464.52,34728.49,21674.51,64966.44,76.42
2023-01-17T17:00+01:00,-2298.4,35371.76,23186.11,68152.57,76.42
2023-01-17T18:00+01:00,-2628.08,34738.51,23384.85,68155.77,76.42
2023-01-17T19:00+01:00,-1235.46,34229.94,23171.12,66617.83,76.42
2023-01-17T20:00+01:00,-1245.27,34063.6,23876.72,63339.87,76.42
2023-01-17T21:00+01:00,-2431.76,33055.87,22584,59540.89,76.42
2023-01-17T22:00+01:00,-2778.1,32236.33,22264.17,56330.68,76.42
2023-01-17T23:00+01:00,-2472.3,30425.73,21674.03,52948.14,76.42
2023-01-18T00:00+01:00,-2875.78,29862.63,20885.2,50608.02,76.42
2023-01-18T01:00+01:00,-3365.96,29522.2,19930.25,48989.93,76.42
2023-01-18T02:00+01:00,-2806.79,29524.27,18537.28,48606.54,76.42
2023-01-18T03:00+01:00,-694.1,29656.89,17071.29,48099.51,76.42
2023-01-18T04:00+01:00,-167.74,31013.5,17022.33,49098.98,76.42
2023-01-18T05:00+01:00,-1377.79,32826.8,17177.78,52566.97,76.42
2023-01-18T06:00+01:00,-117.41,35752.86,17226.38,58817.39,76.42
2023-01-18T07:00+01:00,-122.51,37122.61,17386.67,64622.54,76.42
2023-01-18T08:00+01:00,480.88,37828.17,18154.15,67289.46,76.42
2023-01-18T09:00+01:00,1064.75,37684.54,19705.35,68164.32,76.42
2023-01-18T10:00+01:00,179.31,37138.55,22004.6,68296.31,76.42
2023-01-18T11:00+01:00,979.68,37142.58,23923.98,68226.48,76.42
2023-01-18T12:00+01:00,838.95,36893.68,25034.37,67809.72,76.42
2023-01-18T13:00+01:00,-88.59,36604.11,24743.16,66863.51,76.42
2023-01-18T14:00+01:00,-244.12,36325.58,23992.85,66001.59,76.42
2023-01-18T15:00+01:00,-314.92,36907.36,22185.87,65215.21,76.42
2023-01-18T16:00+01:00,-1337.35,37943.16,22337.48,65486.28,76.42
2023-01-18T17:00+01:00,-3052.33,38264.47,24682.7,67950.36,76.42
2023-01-18T18:00+01:00,-4425.63,38036.76,27014.03,68071.51,76.42
2023-01-18T19:00+01:00,-3448.86,36780.89,28284.91,66733.46,76.42
2023-01-18T20:00+01:00,-5519.96,34485.96,29960.63,63792.6,76.42
2023-01-18T21:00+01:00,-6922.14,32796.22,31736.85,61330.36,76.42
2023-01-18T22:00+01:00,-6675.25,31159.26,31426.75,58728.39,76.42
2023-01-18T23:00+01:00,-7246.79,29088.09,32569.69,55375.98,76.42
2023-01-19T00:00+01:00,-7646.47,27995.3,32873.7,52761.03,76.42
2023-01-19T01:00+01:00,-9267.69,27556.27,33044.41,51262.77,76.42
2023-01-19T02:00+01:00,-10218.92,27403.53,32923.3,50980.78,76.42
2023-01-19T03:00+01:00,-10614.71,27694.84,32345.9,51063.97,76.42
2023-01-19T04:00+01:00,-9623.65,27760.58,32427.35,51987.91,76.42
2023-01-19T05:00+01:00,-8916.06,28585.74,32693.6,54878.39,76.42
2023-01-19T06:00+01:00,-9930.13,30668.66,32966,61876.87,76.42
2023-01-19T07:00+01:00,-10218.88,33866.24,32874.42,66797.73,76.42
2023-01-19T08:00+01:00,-9381.44,35346.65,32304.08,69101.2,76.42
2023-01-19T09:00+01:00,-8963.87,35370.92,32826.47,69383.04,76.42
2023-01-19T10:00+01:00,-8101.74,35633.33,34262.05,70019.11,76.42
2023-01-19T11:00+01:00,-7311.78,35498.75,34740.1,70587,76.42
2023-01-19T12:00+01:00,-7661.41,35600.75,34856.1,69940.89,76.42
2023-01-19T13:00+01:00,-7086.28,35693.9,33778.28,69729.21,76.42
2023-01-19T14:00+01:00,-6556.42,36920.56,28931.88,67671.86,76.42
2023-01-19T15:00+01:00,-6433.86,39427.11,26034.66,66984.59,76.42
2023-01-19T16:00+01:00,-6657.24,40193.19,24229.08,67186.59,76.42
2023-01-19T17:00+01:00,-5012.95,39767.96,24150.77,69622.45,76.42
2023-01-19T18:00+01:00,-5720.58,39774.97,23977.17,69451.19,76.42
2023-01-19T19:00+01:00,-4588.16,39735.08,23242.31,67915.37,76.42
2023-01-19T20:00+01:00,-5601.66,39241.53,21028.39,63954.52,76.42
2023-01-19T21:00+01:00,-5578.68,37923.91,20762.69,60253.31,76.42
2023-01-19T22:00+01:00,-5261.17,36623.52,19583.08,57171.95,76.42
2023-01-19T23:00+01:00,-4736.44,34571.15,17954.96,53570.65,76.42
2023-01-20T00:00+01:00,-5455.59,34806.21,17047.25,51398.08,76.42
2023-01-20T01:00+01:00,-3905.1,34628.9,16307.92,49570.91,76.42
2023-01-20T02:00+01:00,-3213.1,34704.37,15322.87,48749.45,76.42
2023-01-20T03:00+01:00,-3059.72,34940.66,14755.19,48899.42,76.42
2023-01-20T04:00+01:00,-2378.28,35388.71,14292.31,49874.41,76.42
2023-01-20T05:00+01:00,-1471.54,36673.61,13661.36,53023.26,76.42
2023-01-20T06:00+01:00,1074.87,39206.93,13243.54,59028.04,76.42
2023-01-20T07:00+01:00,1894.93,39975.38,12643.81,64593.9,76.42
2023-01-20T08:00+01:00,1733.68,40898.62,12482.76,67380.43,76.42
2023-01-20T09:00+01:00,1417.64,40759.76,13257.25,67519.34,76.42
2023-01-20T10:00+01:00,2718.97,40421.34,14351.92,68038.04,76.42
2023-01-20T11:00+01:00,3758.35,40386.16,15019.46,68317.2,79.86
2023-01-20T12:00+01:00,5453.01,40433.58,14866.85,67593.45,81.01
2023-01-20T13:00+01:00,6114.08,40476.75,13956.61,66229.61,81.01
2023-01-20T14:00+01:00,6991.33,40597.12,12125.9,64756.41,81.01
2023-01-20T15:00+01:00,7379.36,40829.72,10275.97,63786.39,81.01
2023-01-20T16:00+01:00,7611.53,40927.05,9208.21,63931.28,81.01
2023-01-20T17:00+01:00,6570.04,41476.39,9287.86,66079.68,81.01
2023-01-20T18:00+01:00,4689.99,41534.4,9411.27,66047.18,81.01
2023-01-20T19:00+01:00,4051.72,41249.13,9592.43,64170.42,81.01
2023-01-20T20:00+01:00,3200,40989.81,9761.41,60478.2,81.01
2023-01-20T21:00+01:00,1308.6,40508.26,10115.46,56965.78,81.01
2023-01-20T22:00+01:00,372.51,38842.2,10525.5,54347.1,81.01
2023-01-20T23:00+01:00,-674.88,36517.51,11170.05,51887.27,81.01
2023-01-21T00:00+01:00,-2037.86,35186.05,11738.33,49678.26,81.01
2023-01-21T01:00+01:00,-2537.89,34129.25,12516.85,47642.77,81.01
2023-01-21T02:00+01:00,-4084.39,33830.53,13325.21,46492.46,81.01
2023-01-21T03:00+01:00,-4063.34,33146.04,14392.58,46335.55,81.01
2023-01-21T04:00+01:00,-4298.58,33193.64,15078.59,46256.96,81.01
2023-01-21T05:00+01:00,-5686.21,33305.87,15724.48,46239.83,81.01
2023-01-21T06:00+01:00,-6023.89,33654.39,16172.65,47395.3,81.01
2023-01-21T07:00+01:00,-6053.52,34794.39,16103.56,50258.19,81.01
2023-01-21T08:00+01:00,-5200.9,35282.14,16649.67,54320.18,81.01
2023-01-21T09:00+01:00,-4188.37,35295.4,17684.58,57898.5,81.01
2023-01-21T10:00+01:00,-4584.04,35183.73,19887.6,59892.83,81.01
2023-01-21T11:00+01:00,-4496.81,35406.34,21145.79,60854.08,81.01
2023-01-21T12:00+01:00,-4466.04,35114.73,22064.55,60684.46,81.01
2023-01-21T13:00+01:00,-5443.57,34835.05,22669.07,59629.42,81.01
2023-01-21T14:00+01:00,-5463.79,33976.47,23700.66,58576.3,81.01
2023-01-21T15:00+01:00,-8003,34295.65,24263.51,57738.72,81.01
2023-01-21T16:00+01:00,-9061.08,35036.99,25722.03,58658.07,81.01
2023-01-21T17:00+01:00,-8508.97,35242.76,27582.94,61107.06,81.01
2023-01-21T18:00+01:00,-8278.12,34948.31,28345.76,61384.44,81.01
2023-01-21T19:00+01:00,-8498.57,34326.59,28492.7,59481.06,81.01
2023-01-21T20:00+01:00,-9157.85,33269.49,28138.2,55104.47,81.01
2023-01-21T21:00+01:00,-9712.29,32474.63,28172.39,52476.09,81.01
2023-01-21T22:00+01:00,-8516.18,31512.79,27545.01,51411.62,81.01
2023-01-21T23:00+01:00,-8707.35,29995.34,26731.08,48659.94,81.01
2023-01-22T00:00+01:00,-8733.73,29523.34,25633.84,46953.07,81.01
2023-01-22T01:00+01:00,-8175.59,28985.71,25151.2,45361.75,81.01
2023-01-22T02:00+01:00,-7596.16,27913.27,24424.13,44649.06,81.01
2023-01-22T03:00+01:00,-8311.24,27829.11,23254.62,44000.98,81.01
2023-01-22T04:00+01:00,-7990.77,28178.3,22316.82,43980.54,81.01
2023-01-22T05:00+01:00,-7528.68,28578.43,21128.35,43463.98,81.01
2023-01-22T06:00+01:00,-7316.14,29351.95,20556.22,43570.61,81.01
2023-01-22T07:00+01:00,-7530.32,30370.9,19734.34,45021.73,81.01
2023-01-22T08:00+01:00,-7104.59,32218.53,19141.59,47827.87,81.01
2023-01-22T09:00+01:00,-6142.91,34024.7,18736.24,51503.38,81.01
2023-01-22T10:00+01:00,-5285.39,34957.81,18323.84,54684.74,81.01
2023-01-22T11:00+01:00,-5043,36462.62,17850.44,56999.95,81.01
2023-01-22T12:00+01:00,-4320.78,37516.19,16803.84,56916.93,81.01
2023-01-22T13:00+01:00,-4760.28,38409.03,15895.57,55287.81,81.01
2023-01-22T14:00+01:00,-5057.03,38801.17,15370.15,53764.62,81.01
2023-01-22T15:00+01:00,-5304.95,38987.3,14530.51,53312.97,81.01
2023-01-22T16:00+01:00,-6246.48,39047.21,14244.34,53504.59,81.01
2023-01-22T17:00+01:00,-6145.98,39158.47,14263.02,56387.94,81.01
2023-01-22T18:00+01:00,-5874.95,39275.65,14267.47,57356.91,81.01
2023-01-22T19:00+01:00,-5629.15,39256.88,13894.46,55563.51,81.01
2023-01-22T20:00+01:00,-5546.17,38911.36,13565.52,53535.06,81.01
2023-01-22T21:00+01:00,-5373.81,38972.89,13278.85,51531.05,81.01
2023-01-22T22:00+01:00,-3905.31,37822.39,12825.16,50995.22,81.01
2023-01-22T23:00+01:00,-2881.57,36672.9,12598.28,48964.84,81.01
2023-01-23T00:00+01:00,-3444.27,36218.59,12028.05,47118.13,81.01
2023-01-23T01:00+01:00,-3724.79,36383.21,11822,45736.2,81.01
2023-01-23T02:00+01:00,-2868.71,36455.05,11392.49,45009.08,81.01
2023-01-23T03:00+01:00,-2114.29,36682.93,10989.01,45329.04,81.01
2023-01-23T04:00+01:00,-2791.03,37220.04,10727.68,46615.52,81.01
2023-01-23T05:00+01:00,-2762.19,39278.37,10988.04,49509.78,81.01
2023-01-23T06:00+01:00,-666.1,41740.4,11439.89,56755.8,81.01
2023-01-23T07:00+01:00,3229.96,42647,11534.51,62950.1,81.01
2023-01-23T08:00+01:00,1640.34,43042.72,11502.94,66092,81.01
2023-01-23T09:00+01:00,1442.87,43420.38,11701.13,67371.06,81.01
2023-01-23T10:00+01:00,893.2,43301.42,12301.45,68212.55,81.01
2023-01-23T11:00+01:00,1935.1,43140.01,13004.69,68731.33,81.01
2023-01-23T12:00+01:00,4706.8,43027.63,13598.65,68711.49,81.01
2023-01-23T13:00+01:00,5339.59,42460.95,13965.87,68308.81,81.01
2023-01-23T14:00+01:00,3704.04,41879.74,13383.7,67101.91,81.01
2023-01-23T15:00+01:00,3768.37,41974.88,12875.39,66377.04,81.01
2023-01-23T16:00+01:00,893.7,41890.12,13131.86,65859.29,81.01
2023-01-23T17:00+01:00,-741.07,42528.32,14312.74,67519.57,81.01
2023-01-23T18:00+01:00,-2030.81,42606.94,14999.46,67079.5,81.01
2023-01-23T19:00+01:00,-1436.08,42042.76,15051.83,65725.77,81.01
2023-01-23T20:00+01:00,-2182.72,41401.16,14859.74,62152.79,81.01
2023-01-23T21:00+01:00,-2216.25,40768.8,14283.97,58617.48,81.01
2023-01-23T22:00+01:00,-1651.34,39440.75,13855.98,56212.87,81.01
2023-01-23T23:00+01:00,-2563.34,37653.32,13493.33,52946.95,81.01
2023-01-24T00:00+01:00,-924.42,36932.53,13495.64,48672.41,81.01
2023-01-24T01:00+01:00,-449.45,36588.12,13485.4,46840.62,81.01
2023-01-24T02:00+01:00,-1476.74,36121.08,13578.26,46180.15,81.01
2023-01-24T03:00+01:00,-609.93,36288.43,13318.78,46651.45,81.01
2023-01-24T04:00+01:00,156.97,36147.56,12839.25,48196.87,81.01
2023-01-24T05:00+01:00,346.89,37855.43,12475.47,50973.52,81.01
2023-01-24T06:00+01:00,995.7,41086.63,12050.83,57455.65,81.01
2023-01-24T07:00+01:00,4436.12,42547.51,11760.57,62940.95,81.01
2023-01-24T08:00+01:00,3404.36,43398.55,11772.52,65455.94,81.01
2023-01-24T09:00+01:00,2741.78,43855.33,12053.65,66466.43,81.01
2023-01-24T10:00+01:00,3830.32,42981.93,12446.74,67455.43,81.01
2023-01-24T11:00+01:00,3259.99,42768.15,12666.67,68227.39,81.01
2023-01-24T12:00+01:00,5838.4,43066.25,12660.4,68157.22,81.01
2023-01-24T13:00+01:00,5399.84,43062.95,12578.79,67603.99,81.01
2023-01-24T14:00+01:00,4633.82,42827.43,11843.74,66272.77,81.01
2023-01-24T15:00+01:00,4733.54,42604.67,10742.38,65277.47,81.01
2023-01-24T16:00+01:00,4012.1,42334.76,10202.31,64470.85,81.01
2023-01-24T17:00+01:00,3536.9,42810.51,10183.37,66338.56,81.01
2023-01-24T18:00+01:00,2639.22,43395.36,9980.19,66447.27,81.01
2023-01-24T19:00+01:00,2917.68,43112.86,9552.17,65051.64,81.01
2023-01-24T20:00+01:00,2371.56,42590.4,9087.17,61848.42,81.01
2023-01-24T21:00+01:00,2235.65,42040.31,8516.86,58498.97,81.01
2023-01-24T22:00+01:00,973.21,41200.99,8360.5,55835.05,81.01
2023-01-24T23:00+01:00,1056.28,40092.58,8430.12,52514.8,81.01
2023-01-25T00:00+01:00,-382.7,39338.26,8771.08,49453.15,81.01
2023-01-25T01:00+01:00,-465.54,38953.53,8978.87,47274.85,81.01
2023-01-25T02:00+01:00,-363.38,38725.98,9401.04,46196.87,81.01
2023-01-25T03:00+01:00,20.23,38611.09,9764.97,46428.27,81.01
2023-01-25T04:00+01:00,462.28,38609.24,10023.35,47672.32,81.01
2023-01-25T05:00+01:00,483.87,39797.22,10222.59,51155.83,81.01
2023-01-25T06:00+01:00,1879.05,41814.87,10498.4,58415.79,81.01
2023-01-25T07:00+01:00,2074.1,43355.09,10893.87,63829.36,81.01
2023-01-25T08:00+01:00,1766.52,43971.08,11593.77,66204.22,81.01
2023-01-25T09:00+01:00,1368.36,44026.45,12281.03,67305.84,81.01
2023-01-25T10:00+01:00,1940.19,44034.1,13210.87,68440.79,81.01
2023-01-25T11:00+01:00,1981.54,44006.07,14410.97,69010.86,81.01
2023-01-25T12:00+01:00,1820.3,43682.71,14925,69274.68,81.01
2023-01-25T13:00+01:00,2258.35,43680.31,15169.48,69085.6,81.01
2023-01-25T14:00+01:00,1722.5,44000.74,14901.71,67881.7,81.01
2023-01-25T15:00+01:00,1895.03,44156.85,14423.08,67001.31,81.01
2023-01-25T16:00+01:00,1706.15,44570.23,13733.76,66214.72,81.01
2023-01-25T17:00+01:00,1651.21,44741.23,13381.29,67741.26,81.01
2023-01-25T18:00+01:00,1508.63,44738.06,13456.68,67263.05,81.01
2023-01-25T19:00+01:00,1563.7,43528.86,13261.91,66138.23,81.01
2023-01-25T20:00+01:00,-4.01,42589.8,12488.89,62967.84,81.01
2023-01-25T21:00+01:00,-1345,42316.97,11736.17,59354.71,81.01
2023-01-25T22:00+01:00,-2294.1,41867.08,11170.79,56271.83,81.01
2023-01-25T23:00+01:00,-2746.98,41058.93,10791.19,52896.57,81.01
2023-01-26T00:00+01:00,-2154.03,39377.87,10639.67,51112.54,81.01
2023-01-26T01:00+01:00,-2575.6,38848.75,10550.68,49613.25,81.01
2023-01-26T02:00+01:00,-2904.13,38441.34,11066.24,48927.72,81.01
2023-01-26T03:00+01:00,-1734.63,38339.29,11282.35,48960.55,81.01
2023-01-26T04:00+01:00,626.68,38561.77,10870.62,49889.56,81.01
2023-01-26T05:00+01:00,900.15,39414.69,10486.81,52510.37,81.01
2023-01-26T06:00+01:00,1121.36,41030.23,10665.58,59465.1,81.01
2023-01-26T07:00+01:00,2664.58,42126.82,11027.64,65015.05,81.01
2023-01-26T08:00+01:00,3409.88,42064.01,11375.94,67740.27,81.01
2023-01-26T09:00+01:00,1293.22,42083.34,12304.52,68689.18,81.01
2023-01-26T10:00+01:00,2568.85,42408.49,13246.44,69732.16,81.01
2023-01-26T11:00+01:00,3693.9,42895.05,14191.7,70348,81.01
2023-01-26T12:00+01:00,4696.92,42865.94,14852.87,69943.75,81.01
2023-01-26T13:00+01:00,5865.3,42773.53,14973.9,69923.78,81.01
2023-01-26T14:00+01:00,4042.61,42988.81,14922.93,69022.23,81.01
2023-01-26T15:00+01:00,4094.18,43086.63,13816.93,68217.52,81.01
2023-01-26T16:00+01:00,3901.9,43442.75,13822.53,67687.83,81.01
2023-01-26T17:00+01:00,3121.61,43242.79,15240.77,69492.21,81.01
2023-01-26T18:00+01:00,9.72,43287.18,17290.76,69619.68,81.01
2023-01-26T19:00+01:00,-428.83,42295.65,18275.57,68352.86,81.01
2023-01-26T20:00+01:00,-3070.48,41412.3,18358.03,64967.02,81.01
2023-01-26T21:00+01:00,-4110.95,40776.71,17726.32,61430.81,81.01
2023-01-26T22:00+01:00,-3517.77,38969.97,17266.27,58613.75,81.01
2023-01-26T23:00+01:00,-3541.83,36450.12,17667.85,55281.89,81.01
2023-01-27T00:00+01:00,-3940.17,35169.77,18067.79,52043.88,81.01
2023-01-27T01:00+01:00,-4506.05,34627.94,18400.78,50158.85,81.01
2023-01-27T02:00+01:00,-4303.32,34410.76,18639.42,49461.69,81.01
2023-01-27T03:00+01:00,-3395.13,34468.91,18475.11,49577.66,81.01
2023-01-27T04:00+01:00,-2108.82,34835.17,18948.24,51235.44,81.01
2023-01-27T05:00+01:00,-3433.31,36119.84,18796.93,53889,81.01
2023-01-27T06:00+01:00,-3051.64,38508.64,17982.88,60205.36,81.01
2023-01-27T07:00+01:00,-229.24,39830.99,17587.08,65896.33,81.01
2023-01-27T08:00+01:00,382.6,40948.22,17393.05,68618.36,81.01
2023-01-27T09:00+01:00,-750.4,41859.56,17812.18,69083.35,81.01
2023-01-27T10:00+01:00,763.68,42158.11,18386.67,69609.46,81.01
2023-01-27T11:00+01:00,917.77,42433.19,18837.54,69886.3,85.28
2023-01-27T12:00+01:00,1277.71,42471.15,18601.71,69287.28,86.71
2023-01-27T13:00+01:00,1416.81,42250.05,18044.34,68046.11,86.71
2023-01-27T14:00+01:00,1364.48,41879.11,16972.69,66279.16,86.71
2023-01-27T15:00+01:00,1303.38,42027.57,15521.2,65211.18,86.71
2023-01-27T16:00+01:00,1024.46,41969.43,14353.45,64728.1,86.71
2023-01-27T17:00+01:00,1205.06,41787.32,14145.2,66642.08,86.71
2023-01-27T18:00+01:00,-51.22,42016.37,13971.15,66774.82,86.71
2023-01-27T19:00+01:00,-857.91,41821.21,13422.1,64925.63,86.71
2023-01-27T20:00+01:00,-1386.41,41531.89,12750.23,60700.5,86.71
2023-01-27T21:00+01:00,-2056.12,40013.55,12076.66,57336.7,86.71
2023-01-27T22:00+01:00,-2644.82,39328.33,11274.47,54420.56,86.71
2023-01-27T23:00+01:00,-3276.71,38089.82,10434.41,51352.6,86.71
2023-01-28T00:00+01:00,-3553.39,37251.89,9572.06,48781.24,86.71
2023-01-28T01:00+01:00,-1833.06,36412.32,9093.97,46640.45,86.71
2023-01-28T02:00+01:00,-1525.6,35786.89,8938.69,45673.62,86.71
2023-01-28T03:00+01:00,-932.05,35626.43,8940.99,45102.48,86.71
2023-01-28T04:00+01:00,-875.72,35465.13,9031.7,44556.98,86.71
2023-01-28T05:00+01:00,-1158.83,35492.82,9101.83,44396.28,86.71
2023-01-28T06:00+01:00,-2300.36,35938.24,9362.13,45855.09,86.71
2023-01-28T07:00+01:00,-3361.94,37619.48,9713.09,48682.2,86.71
2023-01-28T08:00+01:00,-767.51,38373.28,10125.04,52111.68,86.71
2023-01-28T09:00+01:00,538.02,38817.12,11269.94,55477.43,86.71
2023-01-28T10:00+01:00,-482.71,38850.87,12884.61,57457.83,86.71
2023-01-28T11:00+01:00,-1185.12,38873.76,14275.36,58473.94,86.71
2023-01-28T12:00+01:00,-1767.22,38762.21,15928.09,58466.77,86.71
2023-01-28T13:00+01:00,-2431.54,38442.26,16533.05,57285.02,86.71
2023-01-28T14:00+01:00,-2997.99,38541.91,16529.43,56343.82,86.71
2023-01-28T15:00+01:00,-1250.95,38695.26,15024.53,55812.61,86.71
2023-01-28T16:00+01:00,-1848.7,38857.88,13580.44,55827.66,86.71
2023-01-28T17:00+01:00,-1581.41,39103.22,14383.98,58996.5,86.71
2023-01-28T18:00+01:00,-2636.68,39034.97,15196.13,60110.44,86.71
2023-01-28T19:00+01:00,-3672.26,38065.75,15676.56,58279.46,86.71
2023-01-28T20:00+01:00,-3895.67,35894.21,15669.37,54706.13,86.71
2023-01-28T21:00+01:00,-4112,34189.05,15552.48,52439.5,86.71
2023-01-28T22:00+01:00,-3383.82,31743.11,15795.51,51478.09,86.71
2023-01-28T23:00+01:00,-1551.3,28995.42,16676.1,49184.96,86.71
2023-01-29T00:00+01:00,-466.98,26641.47,17657.16,46470.52,86.71
2023-01-29T01:00+01:00,-1689.14,25157.44,18634.15,44611.56,86.71
2023-01-29T02:00+01:00,-3119.95,24591.07,18838.98,43401.05,86.71
2023-01-29T03:00+01:00,-3986.13,24693.7,19145.62,42767.82,86.71
2023-01-29T04:00+01:00,-2394.47,24028.91,20339.17,43159.24,86.71
2023-01-29T05:00+01:00,-3827.64,23843.69,20990.96,42809.59,86.71
2023-01-29T06:00+01:00,-3888.49,23697.51,21405.45,43915.29,86.71
2023-01-29T07:00+01:00,-4311.88,24075.45,22315.58,45137.35,86.71
2023-01-29T08:00+01:00,-5329.69,24997.59,23891.15,47971.74,86.71
2023-01-29T09:00+01:00,-4822.05,25588.25,26405.9,51930.34,86.71
2023-01-29T10:00+01:00,-5141.73,25008.62,28345.84,54430.64,86.71
2023-01-29T11:00+01:00,-5441.54,24650.97,30778.42,56412.14,86.71
2023-01-29T12:00+01:00,-6393.86,24515.04,32337.41,55917.86,86.71
2023-01-29T13:00+01:00,-7150.13,25033.43,33264.04,54556.92,86.71
2023-01-29T14:00+01:00,-7863.46,24899.14,32143.2,53625.18,86.71
2023-01-29T15:00+01:00,-5971.38,24411.85,30405.39,52563.98,86.71
2023-01-29T16:00+01:00,-6398.27,24412.93,30385.84,52893.22,86.71
2023-01-29T17:00+01:00,-6851.83,23742.12,32355.03,56805.69,86.71
2023-01-29T18:00+01:00,-7150.9,23320.09,33761.8,58704.26,86.71
2023-01-29T19:00+01:00,-7680.16,22206.38,36050.73,57155.82,86.71
2023-01-29T20:00+01:00,-7225.32,19726.39,37348.16,55401.58,86.71
2023-01-29T21:00+01:00,-6635.99,18234.49,37663.95,54568.66,86.71
2023-01-29T22:00+01:00,-6821.39,17818.56,37217.1,54149.73,86.71
2023-01-29T23:00+01:00,-9949.6,17630.94,37546.97,51521.35,86.71
2023-01-30T00:00+01:00,-9796.57,16583.87,39164.65,50663.01,86.71
2023-01-30T01:00+01:00,-11015.77,16866.09,38859.37,48917.92,86.71
2023-01-30T02:00+01:00,-12277.26,16782.62,38986.72,48647.57,86.71
2023-01-30T03:00+01:00,-11289.13,17097.31,38942.79,49165.83,86.71
2023-01-30T04:00+01:00,-11606.68,18472.88,38849.51,50859.76,86.71
2023-01-30T05:00+01:00,-9373.29,19801.36,38996.59,53976.77,86.71
2023-01-30T06:00+01:00,-7491,20723.78,39953.68,60703.78,86.71
2023-01-30T07:00+01:00,-5259.73,21403.42,40638.66,66199.92,86.71
2023-01-30T08:00+01:00,-4999.31,22290.27,41090.01,69136.55,86.71
2023-01-30T09:00+01:00,-3471.86,22537.5,43103.47,69420.67,86.71
2023-01-30T10:00+01:00,-3892.43,21894.19,46009.96,70115.26,86.71
2023-01-30T11:00+01:00,-5615.45,22466.24,47722.34,70402.92,86.71
2023-01-30T12:00+01:00,-4737.04,22492.69,47818.38,70420.62,86.71
2023-01-30T13:00+01:00,-3739.93,22425.83,47220.32,69989.43,86.71
2023-01-30T14:00+01:00,-5862.82,22448.51,46266.45,68249.23,86.71
2023-01-30T15:00+01:00,-5418.08,23245,44858.61,67914.22,86.71
2023-01-30T16:00+01:00,-4926.76,23283.47,42985.47,67081.46,86.71
2023-01-30T17:00+01:00,-4768.73,23497.79,42684.53,68426.24,86.71
2023-01-30T18:00+01:00,-4201.6,23313.39,43312.91,69047.99,86.71
2023-01-30T19:00+01:00,-6108.21,22763.54,43178.09,67250.45,86.71
2023-01-30T20:00+01:00,-6006.04,21394,42087.34,64070.14,86.71
2023-01-30T21:00+01:00,-5951.48,21022.09,41030.61,61634.48,86.71
2023-01-30T22:00+01:00,-5446.16,20375.4,39197.05,58407.61,86.71
2023-01-30T23:00+01:00,-6569.91,20132.01,37832.93,55564.38,86.71
2023-01-31T00:00+01:00,-6083.96,19574.81,37269.31,52427.25,86.71
2023-01-31T01:00+01:00,-6978.25,20119.36,36541.4,50315.38,86.71
2023-01-31T02:00+01:00,-5965.29,19613.5,35700.39,49792.7,86.71
2023-01-31T03:00+01:00,-5506.69,19731.36,35100.48,49731.59,86.71
2023-01-31T04:00+01:00,-4553.31,20234.3,34678.06,50666.93,86.71
2023-01-31T05:00+01:00,-3921.75,20981.76,35137.76,53745.2,86.71
2023-01-31T06:00+01:00,-3136.29,23151.67,35560.97,59677.22,86.71
2023-01-31T07:00+01:00,-2626.29,24196.95,36639.3,65881.6,86.71
2023-01-31T08:00+01:00,-3599.71,24398.2,38298.46,67993.17,86.71
2023-01-31T09:00+01:00,-5490.47,24400.6,40767.85,68356.18,86.71
2023-01-31T10:00+01:00,-5544.98,24186.79,43837.18,69309.99,86.71
2023-01-31T11:00+01:00,-6955.79,24287.67,45593.51,70300.61,86.71
2023-01-31T12:00+01:00,-7111.1,23444.88,46839.32,70446.44,86.71
2023-01-31T13:00+01:00,-6726.92,23180.91,47052.39,69399.3,86.71
2023-01-31T14:00+01:00,-6652.84,23095.75,46558.19,68478.64,86.71
2023-01-31T15:00+01:00,-6618.44,23552.12,45992.3,67220.42,86.71
2023-01-31T16:00+01:00,-5842.03,22715.88,45663.73,66466.53,86.71
2023-01-31T17:00+01:00,-5315.97,22443.65,45791.48,68215.55,86.71
2023-01-31T18:00+01:00,-6638.12,22942.34,45250.72,68160.12,86.71
2023-01-31T19:00+01:00,-6369.43,22341.07,44207.4,66432.67,86.71
2023-01-31T20:00+01:00,-6811.3,21141.34,44323.08,63205.61,86.71
2023-01-31T21:00+01:00,-7363.13,20002.12,44288.01,59833.63,86.71
2023-01-31T22:00+01:00,-7835.45,19139.86,43363.66,56914.36,86.71
2023-01-31T23:00+01:00,-9364.94,18187.37,42995.13,53795.58,86.71
2023-02-01T00:00+01:00,-9018.57,17127.2,44245.9,51215.77,86.71
2023-02-01T01:00+01:00,-9765.2,16754.79,44155.74,49164.3,86.71
2023-02-01T02:00+01:00,-9183.81,17064.54,42494.08,48016.46,86.71
2023-02-01T03:00+01:00,-10154.28,16451.88,43384.57,48136.23,86.71
2023-02-01T04:00+01:00,-9878.61,16440.05,44361.38,49769.25,86.71
2023-02-01T05:00+01:00,-9723.4,17405.01,45177.72,52676.93,86.71
2023-02-01T06:00+01:00,-8603.24,19591.27,45932.8,60015.02,86.71
2023-02-01T07:00+01:00,-7608.1,20602.91,46707.58,65086.58,86.71
2023-02-01T08:00+01:00,-7866.88,21444.05,47728.17,67925.1,86.71
2023-02-01T09:00+01:00,-8142.64,22098.88,48135.54,68682.6,86.71
2023-02-01T10:00+01:00,-8133.51,22239.35,50025.61,69651.32,86.71
2023-02-01T11:00+01:00,-7934.42,22225.64,51059.72,70034.7,86.71
2023-02-01T12:00+01:00,-8493.17,22432.17,50908.38,69564.06,86.71
2023-02-01T13:00+01:00,-7075.96,20986.33,49931.7,68632.34,86.71
2023-02-01T14:00+01:00,-7156.57,20993.95,49389.66,67417.42,86.71
2023-02-01T15:00+01:00,-6027.89,20925.67,49945.11,67913.14,86.71
2023-02-01T16:00+01:00,-6606.24,21058.1,49187.91,67387.03,86.71
2023-02-01T17:00+01:00,-5724.32,21465.01,49538.53,69446.79,86.71
2023-02-01T18:00+01:00,-6433.68,21218.54,50011.89,70653.96,86.71
2023-02-01T19:00+01:00,-7084.98,21403.85,49704.77,68318.36,86.71
2023-02-01T20:00+01:00,-7845.72,20223.96,49353.13,65214.16,86.71
2023-02-01T21:00+01:00,-8807.44,19234.18,48253.11,61979.44,86.71
2023-02-01T22:00+01:00,-9564.23,18383.06,47528.72,58582.11,86.71
2023-02-01T23:00+01:00,-11774.06,17536.2,47250.32,55237.09,86.71
2023-02-02T00:00+01:00,-11923.49,16194.89,47753.76,53081.72,86.71
2023-02-02T01:00+01:00,-13614.07,16375.62,47229.78,51584.15,86.71
2023-02-02T02:00+01:00,-13480.23,16162.46,47306.6,50646.49,86.71
2023-02-02T03:00+01:00,-11920,16462.98,46421.71,50881.69,86.71
2023-02-02T04:00+01:00,-11420.54,17385.79,45413.96,52254.34,86.71
2023-02-02T05:00+01:00,-10261.28,19530.74,43735.58,54888.68,86.71
2023-02-02T06:00+01:00,-9543.14,23521.36,42156.29,61390.55,86.71
2023-02-02T07:00+01:00,-8486.36,27118.78,39433.4,66327.38,86.71
2023-02-02T08:00+01:00,-6244.53,29527.13,36916.24,68523.03,86.71
2023-02-02T09:00+01:00,-3098.91,31384.3,35133.38,69313.67,86.71
2023-02-02T10:00+01:00,-2723.87,32724.45,34353.86,69802.63,86.71
2023-02-02T11:00+01:00,-1254.36,32660.51,33972.77,70631.81,86.71
2023-02-02T12:00+01:00,233.92,31712.01,33325.58,70662.18,86.71
2023-02-02T13:00+01:00,92.22,32095.92,31434.01,69677.92,86.71
2023-02-02T14:00+01:00,1050.5,33398.02,27873.18,67864.92,86.71
2023-02-02T15:00+01:00,2040.86,33867.06,23763.52,66600.06,86.71
2023-02-02T16:00+01:00,2257.52,34248.96,21045.96,65797.6,86.71
2023-02-02T17:00+01:00,3630.14,34279.4,20657.74,67223.25,86.71
2023-02-02T18:00+01:00,1322.82,34218.97,22300.48,67508.04,86.71
2023-02-02T19:00+01:00,-29.91,34155.28,24785.26,65914.3,86.71
2023-02-02T20:00+01:00,-2047.97,32680.69,27431.68,62572.97,86.71
2023-02-02T21:00+01:00,-4831.89,30719.09,30368.38,59720.18,86.71
2023-02-02T22:00+01:00,-6462.9,28068.43,33079.25,56630.81,86.71
2023-02-02T23:00+01:00,-5192.96,22937.55,35350.36,53326.6,86.71
2023-02-03T00:00+01:00,-9619.16,20677.7,38980.86,50618.02,86.71
2023-02-03T01:00+01:00,-10926.84,19718.52,41029.35,49424.49,86.71
2023-02-03T02:00+01:00,-12538.38,19093.93,43007.55,49197.21,86.71
2023-02-03T03:00+01:00,-14025.07,19173.28,44182.05,49819.48,86.71
2023-02-03T04:00+01:00,-13389.35,19462.99,45760.31,51060.2,86.71
2023-02-03T05:00+01:00,-11977.36,20002.13,46436.57,53710.67,86.71
2023-02-03T06:00+01:00,-10302.18,21953.37,48128.26,60297.41,86.71
2023-02-03T07:00+01:00,-8811.04,23414.92,48182.77,66023.8,86.71
2023-02-03T08:00+01:00,-9912.24,24592.04,48970.8,68767.01,86.71
2023-02-03T09:00+01:00,-9084.74,24859.45,49520.14,69618.95,86.71
2023-02-03T10:00+01:00,-8878.93,23759.35,50695.09,70089.44,86.71
2023-02-03T11:00+01:00,-8393.45,23689,52915.58,71039.97,90.04
2023-02-03T12:00+01:00,-10040.13,23544.11,53543.66,69354.36,91.15
2023-02-03T13:00+01:00,-10822.77,23394.13,52858.42,68398.48,91.15
2023-02-03T14:00+01:00,-10775.59,23486.84,51779.62,66726.35,91.15
2023-02-03T15:00+01:00,-9885.28,23496.36,50444.92,66017,91.15
2023-02-03T16:00+01:00,-10330.14,24214.44,48434.35,65293.35,91.15
2023-02-03T17:00+01:00,-10624.93,24989.6,47394,67333.27,91.15
2023-02-03T18:00+01:00,-9520.59,24692.24,47461.85,67449.43,91.15
2023-02-03T19:00+01:00,-9066.35,23125.11,46977.81,65236.68,91.15
2023-02-03T20:00+01:00,-10334.34,22160.76,45413.3,61507.86,91.15
2023-02-03T21:00+01:00,-10662.91,21347.28,44388.44,58715.38,91.15
2023-02-03T22:00+01:00,-11897.04,21385.55,42120.02,56173.26,91.15
2023-02-03T23:00+01:00,-11017.65,21420.97,39028.02,52789.98,91.15
2023-02-04T00:00+01:00,-9847.4,20789.63,35793.47,50045.54,91.15
2023-02-04T01:00+01:00,-7909.73,21106.34,30687.12,47490.18,91.15
2023-02-04T02:00+01:00,-7350.64,22290.01,26154.28,46009.81,91.15
2023-02-04T03:00+01:00,-4832.46,23424.78,22333.09,45443.99,91.15
2023-02-04T04:00+01:00,-1527.72,24052.1,18822.84,45232.34,91.15
2023-02-04T05:00+01:00,20.9,25070.76,16417.24,45448.4,91.15
2023-02-04T06:00+01:00,18.45,27124.48,14621.71,46592.02,91.15
2023-02-04T07:00+01:00,976.06,28980.3,13424.8,49107.21,91.15
2023-02-04T08:00+01:00,240.01,30114.45,13701.54,52004.49,91.15
2023-02-04T09:00+01:00,-594.19,30382.57,16726.82,54707.6,91.15
2023-02-04T10:00+01:00,-134.61,30148.07,19610.95,56277,91.15
2023-02-04T11:00+01:00,437.99,29738.55,21519.88,57269.14,91.15
2023-02-04T12:00+01:00,1273.55,28567.76,22722.34,56865.41,91.15
2023-02-04T13:00+01:00,1088.52,27458.87,22484.81,55529.28,91.15
2023-02-04T14:00+01:00,885.45,28079.43,20438.76,53706.3,91.15
2023-02-04T15:00+01:00,2932.68,29255.55,16335.25,53132.51,91.15
2023-02-04T16:00+01:00,5413.67,30245,12083.28,52761.87,91.15
2023-02-04T17:00+01:00,5234.83,30673.95,10658.33,55798.08,91.15
2023-02-04T18:00+01:00,4540.41,30584.2,11223.52,57760.9,91.15
2023-02-04T19:00+01:00,4179.23,30489.23,11958.42,56051.75,91.15
2023-02-04T20:00+01:00,2118.02,30361.34,12804.83,52871.24,91.15
2023-02-04T21:00+01:00,1492.02,29617.85,13897.77,50547.27,91.15
2023-02-04T22:00+01:00,291.03,28875.46,14468.52,49341.4,91.15
2023-02-04T23:00+01:00,-908.36,27606.44,14987.09,46961.19,91.15
2023-02-05T00:00+01:00,-578.09,25793.09,15689.82,44112.08,91.15
2023-02-05T01:00+01:00,-663.68,24857.83,16035.12,42700.01,91.15
2023-02-05T02:00+01:00,-177.78,24342.7,15763.47,41704.71,91.15
2023-02-05T03:00+01:00,2700.52,23682.29,15283.19,41622.63,91.15
2023-02-05T04:00+01:00,5219.96,22891.78,15325.84,41807.86,91.15
2023-02-05T05:00+01:00,5252,22564.58,15744.05,41696.15,91.15
2023-02-05T06:00+01:00,3411.24,23206.73,16360.69,41968.53,91.15
2023-02-05T07:00+01:00,2688.49,23598.88,16536.75,43368.05,91.15
2023-02-05T08:00+01:00,1027.48,24240.16,18707.55,46505.81,91.15
2023-02-05T09:00+01:00,455.14,24236.37,23112.29,49595.59,91.15
2023-02-05T10:00+01:00,2558.59,23342.74,25408.88,52765.92,91.15
2023-02-05T11:00+01:00,1675.09,24319.8,26366.36,55256.02,91.15
2023-02-05T12:00+01:00,2275.97,24897.79,26533.45,55403.95,91.15
2023-02-05T13:00+01:00,3708.09,24516.95,25970.48,54169.01,91.15
2023-02-05T14:00+01:00,3559.18,24659.13,24188.96,53050.82,91.15
2023-02-05T15:00+01:00,1944.35,25387.69,21993.06,51960.26,91.15
2023-02-05T16:00+01:00,2068.23,26247.45,19455.41,51875.07,91.15
2023-02-05T17:00+01:00,2443.07,27379.86,19427.38,54620.52,91.15
2023-02-05T18:00+01:00,2040.64,27938.73,19726.59,57097.78,91.15
2023-02-05T19:00+01:00,-596.23,28285.91,19803.74,55845.01,91.15
2023-02-05T20:00+01:00,-659.81,28485.26,19478.48,53354.46,91.15
2023-02-05T21:00+01:00,-354.58,28648.3,18530.33,51741.23,91.15
2023-02-05T22:00+01:00,74.5,28562.48,16841,51287.6,91.15
2023-02-05T23:00+01:00,-705.28,28593.98,15270.03,48584.77,91.15
2023-02-06T00:00+01:00,-584.22,28430.07,14208.52,45820.84,91.15
2023-02-06T01:00+01:00,-426.37,28514.35,12971.87,44849.22,91.15
2023-02-06T02:00+01:00,350.18,29138.51,12302.82,44965.46,91.15
2023-02-06T03:00+01:00,1563.02,29816.79,12195.8,45875.91,91.15
2023-02-06T04:00+01:00,2094.46,31567.5,11897.8,47145.64,91.15
2023-02-06T05:00+01:00,-317.13,34409.13,11485.91,50185.39,91.15
2023-02-06T06:00+01:00,2523.94,37954,11520.56,57527.46,91.15
2023-02-06T07:00+01:00,2956.33,40076.39,11526.89,63027.12,91.15
2023-02-06T08:00+01:00,3126.16,40587.56,12675.23,65810.14,91.15
2023-02-06T09:00+01:00,3138.52,40344.76,14676.52,66195.71,91.15
2023-02-06T10:00+01:00,3263.81,40125.04,16619.44,66622.38,91.15
2023-02-06T11:00+01:00,3803.3,39796.54,17507.58,67024.38,91.15
2023-02-06T12:00+01:00,4997.74,39653.93,17797.46,66776.13,91.15
2023-02-06T13:00+01:00,4913.93,39048.16,17632.26,65965.47,91.15
2023-02-06T14:00+01:00,5798.84,39091.01,16635.56,65475.76,91.15
2023-02-06T15:00+01:00,6864.75,39251.56,14418.25,64378.97,91.15
2023-02-06T16:00+01:00,8145.42,39117.11,11858.68,63561.37,91.15
2023-02-06T17:00+01:00,6865.52,39763.78,11255.95,65660.65,91.15
2023-02-06T18:00+01:00,5368.64,40185.91,11839.69,67274.08,91.15
2023-02-06T19:00+01:00,4591.87,40282.23,12180.22,65801.85,91.15
2023-02-06T20:00+01:00,3767.14,39651.85,12565.42,61973.33,91.15
2023-02-06T21:00+01:00,1852.48,38860.43,13181.57,58107.46,91.15
2023-02-06T22:00+01:00,1499.36,37449.86,13411.68,55494.88,91.15
2023-02-06T23:00+01:00,454.7,35814.89,14032.15,52771.7,91.15
2023-02-07T00:00+01:00,643.78,34681.97,15221.21,49887.84,91.15
2023-02-07T01:00+01:00,-475.94,33993.69,16026.83,48610.81,91.15
2023-02-07T02:00+01:00,-1596.39,33807.72,16482.29,48410.95,91.15
2023-02-07T03:00+01:00,-655.98,34022.19,15847.54,49302.43,91.15
2023-02-07T04:00+01:00,-222.49,34724.54,14783.73,49888.76,91.15
2023-02-07T05:00+01:00,-294.71,36329.58,13731.41,52968.78,91.15
2023-02-07T06:00+01:00,3045.25,38734.52,13593.85,59906.51,91.15
2023-02-07T07:00+01:00,3056.85,39598.38,13950.07,64835,91.15
2023-02-07T08:00+01:00,1038.76,39327.31,15961.09,66488.97,91.15
2023-02-07T09:00+01:00,-2753.32,39095.8,21232.51,66268.13,91.15
2023-02-07T10:00+01:00,-5171.42,38903.44,26926.36,66672.66,91.15
2023-02-07T11:00+01:00,-5785.97,38077.73,30807.5,67292.1,91.15
2023-02-07T12:00+01:00,-4242.7,36951.96,33055.45,67263.13,91.15
2023-02-07T13:00+01:00,-3429.72,36306.98,32530.77,66439.39,91.15
2023-02-07T14:00+01:00,-2915.43,36776.74,28207.46,65036.48,91.15
2023-02-07T15:00+01:00,47.69,38219.49,20908.99,63411.02,91.15
2023-02-07T16:00+01:00,2959.22,40633.05,13246,62732.08,91.15
2023-02-07T17:00+01:00,4206.68,41518.69,10629.74,65082.11,91.15
2023-02-07T18:00+01:00,3865.65,41935.34,11330.71,67113.42,91.15
2023-02-07T19:00+01:00,2489.62,41430.68,11807.09,65789.41,91.15
2023-02-07T20:00+01:00,3270.05,39968.57,12399.83,62556.8,91.15
2023-02-07T21:00+01:00,2040.89,38981.85,12976.66,59205.14,91.15
2023-02-07T22:00+01:00,409.23,38745.55,13056.4,56644.7,91.15
2023-02-07T23:00+01:00,-1136.33,37198.79,12726.89,53332.17,91.15
2023-02-08T00:00+01:00,-1473.17,36047.36,12776.8,50679.03,91.15
2023-02-08T01:00+01:00,-3094.6,36053.57,12635.44,49014.32,91.15
2023-02-08T02:00+01:00,-2626.83,35927.08,12485.51,48221.05,91.15
2023-02-08T03:00+01:00,-1092.14,36365.16,12616.5,48390.34,91.15
2023-02-08T04:00+01:00,-1738.6,36574.44,13195.21,49691.28,91.15
2023-02-08T05:00+01:00,-1302.17,37227.95,14302.32,52873.03,91.15
2023-02-08T06:00+01:00,1217.02,38180.45,15635.54,59739.35,91.15
2023-02-08T07:00+01:00,781.93,39214.97,16588.61,64988.57,91.15
2023-02-08T08:00+01:00,-2040.14,39357.84,20259.96,67384.55,91.15
2023-02-08T09:00+01:00,-5036.8,38876.92,27111.14,67894.23,91.15
2023-02-08T10:00+01:00,-7335.96,36686.81,33216.92,68205.66,91.15
2023-02-08T11:00+01:00,-8780.02,34541.27,37497.29,68384.33,91.15
2023-02-08T12:00+01:00,-7168.03,32784.21,38873.35,67598.52,91.15
2023-02-08T13:00+01:00,-6336.59,31847.97,37963.36,66933.85,91.15
2023-02-08T14:00+01:00,-5374.74,32291.83,33757.2,64962.08,91.15
2023-02-08T15:00+01:00,-4096.76,34924.93,27117.67,63567.18,91.15
2023-02-08T16:00+01:00,-867.24,36730.49,20894.65,63261.62,91.15
2023-02-08T17:00+01:00,-487.67,37654.94,21553.37,66167.54,91.15
2023-02-08T18:00+01:00,-3063.12,37663.23,26887.83,68921.26,91.15
2023-02-08T19:00+01:00,-5425.66,37420.69,29626.95,68770.92,91.15
2023-02-08T20:00+01:00,-7581.14,36628.14,30396.46,65198.46,91.15
2023-02-08T21:00+01:00,-8279.97,34999.51,30392.16,61652.58,91.15
2023-02-08T22:00+01:00,-8770.01,33542.95,29113.42,58488.07,91.15
2023-02-08T23:00+01:00,-7748.33,32763.21,27377.22,54673.45,91.15
2023-02-09T00:00+01:00,-6674.31,30676.58,27862.4,53768.81,91.15
2023-02-09T01:00+01:00,-6938.24,30295.13,28185.17,52452.42,91.15
2023-02-09T02:00+01:00,-6598.94,29322.36,28785.86,51512.27,91.15
2023-02-09T03:00+01:00,-6955.34,29996.15,28020.03,51461.6,91.15
2023-02-09T04:00+01:00,-7380.13,30951.76,28417.6,52377.34,91.15
2023-02-09T05:00+01:00,-7711.57,32445.35,28578.73,55376.76,91.15
2023-02-09T06:00+01:00,-6730.34,34489.28,29051.86,62298.7,91.15
2023-02-09T07:00+01:00,-5572.21,35632.05,29035.36,67737.05,91.15
2023-02-09T08:00+01:00,-5934.61,35319.36,31469.5,69331.1,91.15
2023-02-09T09:00+01:00,-7425.73,34237.71,36234.42,69727.26,91.15
2023-02-09T10:00+01:00,-7547.42,31824.82,41330.31,70251.53,91.15
2023-02-09T11:00+01:00,-7302.65,30426.52,43405.26,70155.21,91.15
2023-02-09T12:00+01:00,-6455.59,29475.31,43563.71,69343.18,91.15
2023-02-09T13:00+01:00,-6719.74,30114.25,40961.48,67860.76,91.15
2023-02-09T14:00+01:00,-6820.11,32084.68,35377.78,65627.56,91.15
2023-02-09T15:00+01:00,-6235.26,35528.51,29218.92,64341.95,91.15
2023-02-09T16:00+01:00,-3777.36,36618.4,23868.89,64408.66,91.15
2023-02-09T17:00+01:00,-3622.38,36522.89,23262.36,67030.61,91.15
2023-02-09T18:00+01:00,-5778.17,36400.05,25788.85,69336.41,91.15
2023-02-09T19:00+01:00,-4212.64,36633.3,26923.72,68047.13,91.15
2023-02-09T20:00+01:00,-5693.17,35956.04,27259.94,64982.73,91.15
2023-02-09T21:00+01:00,-6820.5,34838.86,27496.91,61230.92,91.15
2023-02-09T22:00+01:00,-6089.73,33404.79,26540.2,58164.04,91.15
2023-02-09T23:00+01:00,-6778.57,33035.88,25605.06,54882.66,91.15
2023-02-10T00:00+01:00,-7329.87,31130.31,25707.62,52975.78,91.15
2023-02-10T01:00+01:00,-7241.56,30618.94,25354.72,50916.44,91.15
2023-02-10T02:00+01:00,-6765.65,30337.77,24545.73,50254.34,91.15
2023-02-10T03:00+01:00,-6265.65,30233.52,24325.38,50540.1,91.15
2023-02-10T04:00+01:00,-6480.86,30972.1,24182.14,52192.85,91.15
2023-02-10T05:00+01:00,-7168.15,34109.04,24157.18,54207.57,91.15
2023-02-10T06:00+01:00,-5674.94,36914.86,23878.72,60719.84,91.15
2023-02-10T07:00+01:00,-4170.9,37693.79,23842.58,66197.05,91.15
2023-02-10T08:00+01:00,-5361.09,37238.91,26140.62,69000.76,91.15
2023-02-10T09:00+01:00,-5452.36,36537.39,30556.85,69437.55,91.15
2023-02-10T10:00+01:00,-6278.15,33861.04,34800.59,69795.28,91.15
2023-02-10T11:00+01:00,-6847.38,31188.67,39123.28,69023.73,90.06
2023-02-10T12:00+01:00,-7292.63,29533.57,41658.09,67912.45,89.7
2023-02-10T13:00+01:00,-8025.28,29052.71,42059.24,66368.64,89.7
2023-02-10T14:00+01:00,-7818.23,29692.46,39589.89,64468.49,89.7
2023-02-10T15:00+01:00,-7130.24,31497.66,34943.34,63238.12,89.7
2023-02-10T16:00+01:00,-4825.39,33215.78,30131.74,63088.55,89.7
2023-02-10T17:00+01:00,-6166.11,34296.62,29839.82,65662.89,89.7
2023-02-10T18:00+01:00,-5860.15,33143,33310.56,67233.06,89.7
2023-02-10T19:00+01:00,-6089.02,30635.03,35947.4,65628.32,89.7
2023-02-10T20:00+01:00,-7706.81,27635.16,37013.42,61913.56,89.7
2023-02-10T21:00+01:00,-7021.92,23974.21,37618.72,59116.8,89.7
2023-02-10T22:00+01:00,-8174.81,22503.4,37891.33,56721.58,89.7
2023-02-10T23:00+01:00,-8037.91,21993.63,37587.54,53724.15,89.7
2023-02-11T00:00+01:00,-9279.15,21142.13,38266.05,50947.6,89.7
2023-02-11T01:00+01:00,-8938.56,20430.19,38205.55,49206.62,89.7
2023-02-11T02:00+01:00,-9563.9,20389.87,37500.76,48404.91,89.7
2023-02-11T03:00+01:00,-10393.09,20390.78,36422.08,47986.22,89.7
2023-02-11T04:00+01:00,-9121.82,20473.67,35795.87,48031.98,89.7
2023-02-11T05:00+01:00,-8526.63,20665.54,35554.68,47427.8,89.7
2023-02-11T06:00+01:00,-8556.73,20489.96,35983.8,48342,89.7
2023-02-11T07:00+01:00,-9104.84,21298.84,36562.81,51049.87,89.7
2023-02-11T08:00+01:00,-9730.46,22773.74,37381.96,54456.27,89.7
2023-02-11T09:00+01:00,-9841.24,23322.35,39057.45,56617.54,89.7
2023-02-11T10:00+01:00,-10041.02,23466.22,41402.96,58420.57,89.7
2023-02-11T11:00+01:00,-8854.41,22197.39,43805.97,59948.35,89.7
2023-02-11T12:00+01:00,-9788.02,22102.93,43612.77,59187.52,89.7
2023-02-11T13:00+01:00,-9753.78,22910.82,42367.89,57609.84,89.7
2023-02-11T14:00+01:00,-9525.46,24125.63,38982.29,56321.48,89.7
2023-02-11T15:00+01:00,-8532.97,25883.84,34315.95,55207.8,89.7
2023-02-11T16:00+01:00,-8461.94,28060.89,30446.83,55208.82,89.7
2023-02-11T17:00+01:00,-6548.06,29741.55,27756.63,57909.56,89.7
2023-02-11T18:00+01:00,-5448.4,30526.39,26476.58,59958.81,89.7
2023-02-11T19:00+01:00,-4914.07,30731.14,24594.15,57327.9,89.7
2023-02-11T20:00+01:00,-6191.96,31631.27,22274.14,53509.1,89.7
2023-02-11T21:00+01:00,-6447.14,31527.18,20441.96,50833.22,89.7
2023-02-11T22:00+01:00,-4767.1,30660.16,18967.65,49078.03,89.7
2023-02-11T23:00+01:00,-5580.57,29876.32,17439.8,46151.52,89.7
2023-02-12T00:00+01:00,-6790.19,29649.23,15812.8,43682.02,89.7
2023-02-12T01:00+01:00,-6419.6,29410.67,14477.1,41826.72,89.7
2023-02-12T02:00+01:00,-6699.36,29488.6,13546.16,40786.8,89.7
2023-02-12T03:00+01:00,-6245.62,29993.98,12618.98,40265.27,89.7
2023-02-12T04:00+01:00,-5270.18,30293.85,11768.33,40296.71,89.7
2023-02-12T05:00+01:00,-5346.95,30328.32,10856.27,40491.59,89.7
2023-02-12T06:00+01:00,-4926.4,30385.66,10324.91,40655.56,89.7
2023-02-12T07:00+01:00,-4847.02,31423.94,10171.88,42456.99,89.7
2023-02-12T08:00+01:00,-3056.4,31963.19,11040.76,45746.71,89.7
2023-02-12T09:00+01:00,-2083.9,32022.87,13192.42,49141.87,89.7
2023-02-12T10:00+01:00,-2351.62,31463.81,15772.62,51619.56,89.7
2023-02-12T11:00+01:00,-2364,31347.27,18121.91,53579.02,89.7
2023-02-12T12:00+01:00,-2739.24,31203.29,19592.23,53618.93,89.7
2023-02-12T13:00+01:00,-3157.94,30822.41,20334.46,51923.6,89.7
2023-02-12T14:00+01:00,-3957.49,31049.24,19340.99,50367.87,89.7
2023-02-12T15:00+01:00,-4445.98,32092.6,16802.55,49586.11,89.7
2023-02-12T16:00+01:00,-3295.96,33366.47,13353.82,50152.81,89.7
2023-02-12T17:00+01:00,-1112.28,35052.22,11748.06,52682.57,89.7
2023-02-12T18:00+01:00,-539.74,36028.6,12149.85,55696.54,89.7
2023-02-12T19:00+01:00,-3198.68,36408.07,12884.25,54477.97,89.7
2023-02-12T20:00+01:00,-3614.61,36376.08,13111.74,51816.86,89.7
2023-02-12T21:00+01:00,-5194.76,36162.76,13115.42,50217.3,89.7
2023-02-12T22:00+01:00,-4025.72,35324.01,12894.19,49534.84,89.7
2023-02-12T23:00+01:00,-5014.8,34569.89,12975.26,46957.89,89.7
2023-02-13T00:00+01:00,-4816.87,33431.28,12977.03,45028.98,89.7
2023-02-13T01:00+01:00,-3554.1,32872.57,12920.32,43572.56,89.7
2023-02-13T02:00+01:00,-2450.57,32914.98,12722.35,43067.57,89.7
2023-02-13T03:00+01:00,-1835.04,32924.02,12616.07,43688.02,89.7
2023-02-13T04:00+01:00,-2113.73,34238.64,12479.22,45328.77,89.7
2023-02-13T05:00+01:00,-3576.79,36729.36,12322.83,48865.56,89.7
2023-02-13T06:00+01:00,-555.76,40176.49,12190.76,56894.24,89.7
2023-02-13T07:00+01:00,793.45,41478.37,12169.13,62655.65,89.7
2023-02-13T08:00+01:00,78.19,41534.77,13126.83,65413.97,89.7
2023-02-13T09:00+01:00,112.44,41546.88,15412.81,65714.8,89.7
2023-02-13T10:00+01:00,-951.54,41062.76,18203.57,65987.56,89.7
2023-02-13T11:00+01:00,-1886.12,40973.89,20823.01,66529.36,89.7
2023-02-13T12:00+01:00,-2148.47,40574.8,22409.92,65788.42,89.7
2023-02-13T13:00+01:00,-1296.63,39544.83,22909.34,64539.38,89.7
2023-02-13T14:00+01:00,-1584.2,39429.92,21437.89,63373.42,89.7
2023-02-13T15:00+01:00,436.98,39729.13,17579.22,62437,89.7
2023-02-13T16:00+01:00,3003.37,40463.42,12592.96,61554.96,89.7
2023-02-13T17:00+01:00,5086.22,41432.76,9975.77,63523.03,89.7
2023-02-13T18:00+01:00,3873.49,41950.72,10293.86,65994.98,89.7
2023-02-13T19:00+01:00,2382.42,41932.17,10660.53,64522.84,89.7
2023-02-13T20:00+01:00,2154.72,41356.09,10665.36,60621.67,89.7
2023-02-13T21:00+01:00,573.92,40947.81,10419.56,57108.5,89.7
2023-02-13T22:00+01:00,-475.49,40247.02,10000.34,54306.13,89.7
2023-02-13T23:00+01:00,-1330.04,38846.5,9506.8,50945.1,89.7
2023-02-14T00:00+01:00,-1748.48,37317.87,9160.77,47763.91,89.7
2023-02-14T01:00+01:00,-1605.09,36640.73,9277.5,46387.47,89.7
2023-02-14T02:00+01:00,-1394.43,36072.43,9704.74,45762.96,89.7
2023-02-14T03:00+01:00,-467.48,35748.3,10320.83,46403.84,89.7
2023-02-14T04:00+01:00,-315.98,35956.15,10647.84,47759.61,89.7
2023-02-14T05:00+01:00,-1597.25,37947.98,10999.24,50466.01,89.7
2023-02-14T06:00+01:00,547.98,40692.63,11294.95,57498.14,89.7
2023-02-14T07:00+01:00,1409.17,42097.86,11644.32,62761.32,89.7
2023-02-14T08:00+01:00,1145.33,42405.78,13070.54,64957.77,89.7
2023-02-14T09:00+01:00,-120.26,42397.71,16020.99,65016.88,89.7
2023-02-14T10:00+01:00,-1217.59,41675.54,18949.65,65459.5,89.7
2023-02-14T11:00+01:00,-3250.1,40928.34,21302.08,65568.74,89.7
2023-02-14T12:00+01:00,-2727.12,39762.45,22704.23,64340.62,89.7
2023-02-14T13:00+01:00,-1606.26,39249.11,22825.09,63423,89.7
2023-02-14T14:00+01:00,-1271.99,39345.28,21021.84,62164.26,89.7
2023-02-14T15:00+01:00,-742.32,40897.46,16976.83,60923.75,89.7
2023-02-14T16:00+01:00,2010.27,41914.93,12018.89,60661.27,89.7
2023-02-14T17:00+01:00,3257.17,42958.13,9896.13,62932.41,89.7
2023-02-14T18:00+01:00,3575.27,43608.05,10983.65,65627.38,89.7
2023-02-14T19:00+01:00,846.18,43604.46,11784.79,64634.76,89.7
2023-02-14T20:00+01:00,-858.59,43098.49,11912.16,61209.42,89.7
2023-02-14T21:00+01:00,-1025,42138.25,11501.94,57573.68,89.7
2023-02-14T22:00+01:00,-1673.52,40436.57,11104.72,54456.21,89.7
2023-02-14T23:00+01:00,-2718.62,39002.45,10676.69,51145.24,89.7
2023-02-15T00:00+01:00,-2353.68,36269.03,10260.22,48176.38,89.7
2023-02-15T01:00+01:00,-2913.58,35548.43,9782,46847.26,89.7
2023-02-15T02:00+01:00,-2778.34,35245.85,9534.71,46263.73,89.7
2023-02-15T03:00+01:00,-1784.1,35148.31,9387.43,46567.7,89.7
2023-02-15T04:00+01:00,-533.13,35379.94,9275.13,47949.64,89.7
2023-02-15T05:00+01:00,-333.1,37536.82,9463.65,51209.38,89.7
2023-02-15T06:00+01:00,1223.82,40351,10078.39,58220.42,89.7
2023-02-15T07:00+01:00,2489.1,40839.89,10819.08,63350.74,89.7
2023-02-15T08:00+01:00,1468.35,41072.45,13707.53,65801.68,89.7
2023-02-15T09:00+01:00,-714.56,41011.59,18152.88,66001.58,89.7
2023-02-15T10:00+01:00,-3745.45,40256.75,22596.78,66172.49,89.7
2023-02-15T11:00+01:00,-5144.36,39240.55,25720.19,66128.39,89.7
2023-02-15T12:00+01:00,-3301.28,37102.42,27313.74,65221.52,89.7
2023-02-15T13:00+01:00,-5211.84,37181.72,27359.09,63928,89.7
2023-02-15T14:00+01:00,-3400.05,37584.23,25000.06,62393.68,89.7
2023-02-15T15:00+01:00,-2439.12,38416.28,20259.47,61420.58,89.7
2023-02-15T16:00+01:00,-69.17,39473.69,15275.36,61142.1,89.7
2023-02-15T17:00+01:00,823.03,39659.33,13890.83,63342.2,89.7
2023-02-15T18:00+01:00,1369.59,40129.03,16342.71,65770.72,89.7
2023-02-15T19:00+01:00,-2062.48,40469.6,18940.46,64844.47,89.7
2023-02-15T20:00+01:00,-3998.54,39648.11,20427.34,61578.69,89.7
2023-02-15T21:00+01:00,-5355.66,36643.19,22277.57,58446.94,89.7
2023-02-15T22:00+01:00,-5492.6,34070.74,23393.35,55874.45,89.7
2023-02-15T23:00+01:00,-6843.78,32004.85,24704.47,52692.9,89.7
2023-02-16T00:00+01:00,-8478.93,31904.59,25798.08,49707.82,89.7
2023-02-16T01:00+01:00,-9223.68,31438.65,26205.23,48012.23,89.7
2023-02-16T02:00+01:00,-9288.19,31148.54,25341.45,47463.17,89.7
2023-02-16T03:00+01:00,-9364.8,31574.31,24596.79,47555.74,89.7
2023-02-16T04:00+01:00,-8846.39,31815.52,23650.81,48928.91,89.7
2023-02-16T05:00+01:00,-8927.11,33489.78,23641.97,52298.92,89.7
2023-02-16T06:00+01:00,-7047.76,36078.35,23859.13,58934.19,89.7
2023-02-16T07:00+01:00,-7042.64,37037.75,24532.62,64175.27,89.7
2023-02-16T08:00+01:00,-7994.34,36630.73,27166.6,66014.06,89.7
2023-02-16T09:00+01:00,-10006.21,36382.25,31893.63,66364.6,89.7
2023-02-16T10:00+01:00,-11455.34,35145.35,34701.6,66363.57,89.7
2023-02-16T11:00+01:00,-10448.63,34594.87,36646.51,66038.53,89.7
2023-02-16T12:00+01:00,-9918.07,33198.18,36892.61,65562.25,89.7
2023-02-16T13:00+01:00,-9057.68,33159.16,35164.84,65052.82,89.7
2023-02-16T14:00+01:00,-7195.6,33537.23,31062.52,63491.98,89.7
2023-02-16T15:00+01:00,-4214.2,34582.4,26052.37,62458.89,89.7
2023-02-16T16:00+01:00,-1734.74,35156.46,22303.88,62529.22,89.7
2023-02-16T17:00+01:00,-2077.94,35782.64,23162.4,64518.18,89.7
2023-02-16T18:00+01:00,-3569.32,35454.38,26149.45,66546.37,89.7
2023-02-16T19:00+01:00,-4710.85,33812.02,28959.28,65523.44,89.7
2023-02-16T20:00+01:00,-6808.15,31421.79,30902.01,62348.15,89.7
2023-02-16T21:00+01:00,-7835.61,27826.24,32941.53,58803.23,89.7
2023-02-16T22:00+01:00,-7117.22,24211.48,34037.35,55899.8,89.7
2023-02-16T23:00+01:00,-7986.75,21625.36,35161,52053.79,89.7
2023-02-17T00:00+01:00,-8602.11,19535.58,35909.61,48675.38,89.7
2023-02-17T01:00+01:00,-8929.41,17654.36,37096.44,46651.81,89.7
2023-02-17T02:00+01:00,-9191.58,17198.65,37290.53,45739.84,89.7
2023-02-17T03:00+01:00,-6793.99,16167.61,38052.09,46022.91,89.7
2023-02-17T04:00+01:00,-6472.92,16140.18,39487.14,47764.12,89.7
2023-02-17T05:00+01:00,-7949.15,16694.18,40612.09,50986.73,89.7
2023-02-17T06:00+01:00,-6503.98,17743.18,41581.68,57448.8,89.7
2023-02-17T07:00+01:00,-5830.13,18754.25,43852.01,62740.07,89.7
2023-02-17T08:00+01:00,-5675.4,19124.8,46032.55,66105.76,89.7
2023-02-17T09:00+01:00,-7762.82,18643.19,49540.5,66828.46,89.7
2023-02-17T10:00+01:00,-8538.51,18156.96,53142.43,67967.01,89.7
2023-02-17T11:00+01:00,-9695.33,17986.25,56046.6,69081.83,92.69
2023-02-17T12:00+01:00,-10768.3,18154.17,57179.34,68215,93.69
2023-02-17T13:00+01:00,-11201.3,17420.99,57227.68,67312.18,93.69
2023-02-17T14:00+01:00,-11437.05,17251.8,56146.87,65500.66,93.69
2023-02-17T15:00+01:00,-11586.82,17279.93,55327.82,64505.64,93.69
2023-02-17T16:00+01:00,-10751.14,17019.3,53260.89,64099.24,93.69
2023-02-17T17:00+01:00,-10657.67,17055.74,52430.99,65424.9,93.69
2023-02-17T18:00+01:00,-9859.58,17077.1,51764.44,67093.63,93.69
2023-02-17T19:00+01:00,-10539.33,17040.32,50877.74,64553.37,93.69
2023-02-17T20:00+01:00,-11396.66,16544.03,49552.36,60552.59,93.69
2023-02-17T21:00+01:00,-11613.81,16145.65,48267.98,57159.9,93.69
2023-02-17T22:00+01:00,-11719.41,16052.91,46119.15,54120.37,93.69
2023-02-17T23:00+01:00,-11738.66,15251.95,44475.5,50682.02,93.69
2023-02-18T00:00+01:00,-13553.44,14431.03,44616.82,47890.54,93.69
2023-02-18T01:00+01:00,-13095.94,14424.38,42599.53,46164.97,93.69
2023-02-18T02:00+01:00,-12023.91,14537.93,40786.58,44856.69,93.69
2023-02-18T03:00+01:00,-10661.7,13866.79,39889.63,43848.86,93.69
2023-02-18T04:00+01:00,-8880.41,13079.95,38322.4,43760.99,93.69
2023-02-18T05:00+01:00,-7351.1,12597.73,36557.92,44402.31,93.69
2023-02-18T06:00+01:00,-7326.69,13713.16,35349.36,45634.89,93.69
2023-02-18T07:00+01:00,-6081.53,15082,34890.3,48246.87,93.69
2023-02-18T08:00+01:00,-6818.21,15761.23,36320.65,51929.96,93.69
2023-02-18T09:00+01:00,-6176.93,15425.61,41502.89,55376.94,93.69
2023-02-18T10:00+01:00,-7765.8,14257.36,45832.5,56806.6,93.69
2023-02-18T11:00+01:00,-9622.35,13592.22,48760.38,57946.94,93.69
2023-02-18T12:00+01:00,-11077.93,13171.76,51142.1,57419.55,93.69
2023-02-18T13:00+01:00,-10857.78,12839.54,49993.79,55794.53,93.69
2023-02-18T14:00+01:00,-11642.66,12691.38,48052.27,54011.56,93.69
2023-02-18T15:00+01:00,-9907.32,13217.06,44785.63,53352.27,93.69
2023-02-18T16:00+01:00,-6834.59,13891.08,41006.61,53545.48,93.69
2023-02-18T17:00+01:00,-4753.61,15317.24,38142.58,56229.8,93.69
2023-02-18T18:00+01:00,-3659.77,16881.75,36183.19,58478.49,93.69
2023-02-18T19:00+01:00,-4546.01,17051.46,34384.17,56524.16,93.69
2023-02-18T20:00+01:00,-4348.81,16433.18,31881.05,52842.62,93.69
2023-02-18T21:00+01:00,-3305.11,15980.62,28958.57,49991.23,93.69
2023-02-18T22:00+01:00,-2908.01,15938.26,26156.91,48277.89,93.69
2023-02-18T23:00+01:00,-2597.14,15785.93,24337.27,44973.11,93.69
2023-02-19T00:00+01:00,-2328.64,15107.71,23599.32,42069.88,93.69
2023-02-19T01:00+01:00,-3775.95,14583.57,24168.44,39756.88,93.69
2023-02-19T02:00+01:00,-5338.7,14305.97,24936.18,39132.01,93.69
2023-02-19T03:00+01:00,-5101.62,13906.18,25815.14,39352.99,93.69
2023-02-19T04:00+01:00,-4003.08,13875.15,26669.03,39626.67,93.69
2023-02-19T05:00+01:00,-5167.93,14250.24,27109.88,39873.98,93.69
2023-02-19T06:00+01:00,-5194.04,14457.99,27254.23,40536.73,93.69
2023-02-19T07:00+01:00,-5079.78,15369.13,26250.1,42185.55,93.69
2023-02-19T08:00+01:00,-4338.99,16527.16,26066.71,45461.27,93.69
2023-02-19T09:00+01:00,-3122.65,16799.93,26749.43,48722.46,93.69
2023-02-19T10:00+01:00,-1408.71,16922.33,29123.11,51320.71,93.69
2023-02-19T11:00+01:00,-705.2,16346.82,32312.73,53142.95,93.69
2023-02-19T12:00+01:00,-1882.57,16006.46,34014.64,52385.07,93.69
2023-02-19T13:00+01:00,-2094.85,15846.77,33399.21,50716.65,93.69
2023-02-19T14:00+01:00,-2475.22,15700.09,31569.12,49359.65,93.69
2023-02-19T15:00+01:00,-415.62,16351.34,27614.99,48848.2,93.69
2023-02-19T16:00+01:00,1429.48,17081.93,23394.96,48625.28,93.69
2023-02-19T17:00+01:00,1696.41,18511.2,22672.88,51166.61,93.69
2023-02-19T18:00+01:00,2363.52,18587.22,24360.25,54627.71,93.69
2023-02-19T19:00+01:00,-564.23,19103.85,25808.26,53492.18,93.69
2023-02-19T20:00+01:00,-4094.1,19248.07,28028.73,51336.84,93.69
2023-02-19T21:00+01:00,-3902.71,18586.48,28952.65,49926.92,93.69
2023-02-19T22:00+01:00,-4179.6,17874.4,29771.88,49287.52,93.69
2023-02-19T23:00+01:00,-5310.15,16078.77,31636.4,46267.76,93.69
2023-02-20T00:00+01:00,-6845.8,15149.51,33144.77,44534.39,93.69
2023-02-20T01:00+01:00,-9398.21,15366.54,34239.19,42912.16,93.69
2023-02-20T02:00+01:00,-9613.58,15112.71,36664.6,42961.97,93.69
2023-02-20T03:00+01:00,-9959.49,15076.42,39102.49,43840.9,93.69
2023-02-20T04:00+01:00,-10280.73,15145.06,40650.03,45699.2,93.69
2023-02-20T05:00+01:00,-10557.77,15791.58,42240.45,49197.94,93.69
2023-02-20T06:00+01:00,-10856.93,17129.48,43911.09,55628.75,93.69
2023-02-20T07:00+01:00,-8843.81,18003.38,45204.69,59979.11,93.69
2023-02-20T08:00+01:00,-10073.16,18078.84,48734.79,62619.28,93.69
2023-02-20T09:00+01:00,-12007.53,17916.71,54343.68,63596.84,93.69
2023-02-20T10:00+01:00,-14217.75,17300.61,59953.1,64837.24,93.69
2023-02-20T11:00+01:00,-15238.61,16677.94,63472.62,65934.44,93.69
2023-02-20T12:00+01:00,-16591.47,16406.42,64202.77,65465.76,93.69
2023-02-20T13:00+01:00,-17026.55,16360.37,63075.68,63965.76,93.69
2023-02-20T14:00+01:00,-16047.94,16747.91,60469.27,62665.86,93.69
2023-02-20T15:00+01:00,-15281.85,17401.54,58013.18,60935.09,93.69
2023-02-20T16:00+01:00,-11978.34,17931.5,52382.81,60440.94,93.69
2023-02-20T17:00+01:00,-9629.28,19028.8,46508.95,62671.21,93.69
2023-02-20T18:00+01:00,-9019.64,20370.3,44838.64,64745,93.69
2023-02-20T19:00+01:00,-8195.46,20261.92,43868.08,63512.11,93.69
2023-02-20T20:00+01:00,-8757.15,19968.17,43587.22,60076.33,93.69
2023-02-20T21:00+01:00,-8741.2,18453.9,42647.1,56625.78,93.69
2023-02-20T22:00+01:00,-8736.27,17911.24,41050.97,53989.79,93.69
2023-02-20T23:00+01:00,-8970.02,16681.56,40359.77,51018.14,93.69
2023-02-21T00:00+01:00,-8537.58,16721.73,39543.01,48480.73,93.69
2023-02-21T01:00+01:00,-9054.02,17254.86,38905.24,46951.48,93.69
2023-02-21T02:00+01:00,-8828.82,17314.23,37719.32,46220.71,93.69
2023-02-21T03:00+01:00,-8341.04,17415.49,36543.93,46580.56,93.69
2023-02-21T04:00+01:00,-7177.76,18166.57,34983.61,48459.44,93.69
2023-02-21T05:00+01:00,-7836.38,20976.38,34668.32,51468.41,93.69
2023-02-21T06:00+01:00,-6759.97,24724.51,34504.32,58291.97,93.69
2023-02-21T07:00+01:00,-3559.05,26115.91,33026.21,62375.71,93.69
2023-02-21T08:00+01:00,-2824.98,26691.62,34687.7,64452.19,93.69
2023-02-21T09:00+01:00,-3918.37,26698.13,37264.33,65366.3,93.69
2023-02-21T10:00+01:00,-4054.11,26295.38,38739.69,65725.74,93.69
2023-02-21T11:00+01:00,-4798.58,26067.29,39948.39,65923.38,93.69
2023-02-21T12:00+01:00,-4473.84,25735.24,40029.03,65357.54,93.69
2023-02-21T13:00+01:00,-4114.44,25519.02,38269.77,63850.25,93.69
2023-02-21T14:00+01:00,-3819.04,27538.88,33557.4,62459.22,93.69
2023-02-21T15:00+01:00,-1913.59,29807.13,26933.11,61052.18,93.69
2023-02-21T16:00+01:00,373.65,32735.71,19180.33,60174.33,93.69
2023-02-21T17:00+01:00,3269.36,35759.27,13619.76,61611.7,93.69
2023-02-21T18:00+01:00,3048.34,37396.89,12180.7,63935.34,93.69
2023-02-21T19:00+01:00,2813.91,37719.42,11471.88,62796.8,93.69
2023-02-21T20:00+01:00,3187.25,37381.3,10541.2,59057.72,93.69
2023-02-21T21:00+01:00,2123.49,37062.49,9423.08,55464,93.69
2023-02-21T22:00+01:00,1517.83,36801.73,8761.79,52509.61,93.69
2023-02-21T23:00+01:00,866.72,35077.75,8380.18,48750.62,93.69
2023-02-22T00:00+01:00,795.04,33519.64,8452.34,46068.29,93.69
2023-02-22T01:00+01:00,327.31,32690.86,8565.48,44634.17,93.69
2023-02-22T02:00+01:00,1051.59,31501.98,8796.22,43824.04,93.69
2023-02-22T03:00+01:00,2818.37,31380.97,9187.67,44385.95,93.69
2023-02-22T04:00+01:00,2712.36,31890.41,9743.73,46067.52,93.69
2023-02-22T05:00+01:00,1887.31,33905.77,10072.51,49408.28,93.69
2023-02-22T06:00+01:00,4598.72,35911.73,10808.87,56441.26,93.69
2023-02-22T07:00+01:00,4758.06,36803.43,12059.77,61464.24,93.69
2023-02-22T08:00+01:00,2118.3,36954.13,16406.3,63401.13,93.69
2023-02-22T09:00+01:00,-1261.41,36482.68,21892.07,63906.6,93.69
2023-02-22T10:00+01:00,-4753.07,35766.23,26372.14,64593.03,93.69
2023-02-22T11:00+01:00,-6574.9,35468.76,29986.18,64888.76,93.69
2023-02-22T12:00+01:00,-7221.18,34912.64,31125.42,64105.38,93.69
2023-02-22T13:00+01:00,-6473.08,34860.73,29714.66,62720.08,93.69
2023-02-22T14:00+01:00,-4698.62,35122.32,26336.72,61307.97,93.69
2023-02-22T15:00+01:00,-2069.15,36448.76,21261.45,60640.13,93.69
2023-02-22T16:00+01:00,707.53,37316.72,16767.97,60572.91,93.69
2023-02-22T17:00+01:00,1614.27,37838.64,15432.69,62548.16,93.69
2023-02-22T18:00+01:00,396.6,38219.02,16607.5,65684.48,93.69
2023-02-22T19:00+01:00,-671.2,38244.86,17615.81,64363.63,93.69
2023-02-22T20:00+01:00,-2034.22,37773.77,17570.76,60696.87,93.69
2023-02-22T21:00+01:00,-3247.54,37678.25,16923.68,57068.34,93.69
2023-02-22T22:00+01:00,-4087.17,36765.35,16097.2,53978.04,93.69
2023-02-22T23:00+01:00,-4287.1,34782.68,15214.54,50584.34,93.69
2023-02-23T00:00+01:00,-5200.22,33631.2,14500.5,47229.1,93.69
2023-02-23T01:00+01:00,-3505.42,32186.76,13605.08,45559.58,93.69
2023-02-23T02:00+01:00,-3123.31,31527.46,12694.91,44729.91,93.69
2023-02-23T03:00+01:00,-1121.18,31529.07,11870.41,44974.13,93.69
2023-02-23T04:00+01:00,252.17,31967.43,11315.87,45908.44,93.69
2023-02-23T05:00+01:00,275.82,34276.05,11033.3,49340.68,93.69
2023-02-23T06:00+01:00,2243.9,37876.15,10898.56,56102.43,93.69
2023-02-23T07:00+01:00,3732.82,39280.28,11033.3,61230.37,93.69
2023-02-23T08:00+01:00,3014.56,39516.81,12805.27,63587.09,93.69
2023-02-23T09:00+01:00,1115.35,39330.63,15816.63,64220.27,93.69
2023-02-23T10:00+01:00,594.26,39180.46,18526.12,64975.1,93.69
2023-02-23T11:00+01:00,293.37,38834.92,21236.73,65896.68,93.69
2023-02-23T12:00+01:00,-626.75,38426.87,22152.09,64958.55,93.69
2023-02-23T13:00+01:00,-838.47,38276.42,22369.03,64188.7,93.69
2023-02-23T14:00+01:00,-192.55,37640.47,21820.84,62882.92,93.69
2023-02-23T15:00+01:00,105.49,37178.5,21504.07,62163.74,93.69
2023-02-23T16:00+01:00,872.1,36757.59,20051.04,62126.78,93.69
2023-02-23T17:00+01:00,-161.58,38266.95,19005.55,63473.33,93.69
2023-02-23T18:00+01:00,226.86,38564.9,18682.95,65345.19,93.69
2023-02-23T19:00+01:00,-1031.89,38629.38,18458.27,63900.65,93.69
2023-02-23T20:00+01:00,-2957.36,38390.08,18199.45,60380.01,93.69
2023-02-23T21:00+01:00,-4341.2,37267.89,18490.22,57021.07,93.69
2023-02-23T22:00+01:00,-4779.14,34828.15,19235.5,54221.9,93.69
2023-02-23T23:00+01:00,-5346.18,32222.92,19732.19,50182.5,93.69
2023-02-24T00:00+01:00,-5804.31,28553.81,19586.07,47339.26,93.69
2023-02-24T01:00+01:00,-6411.42,27136.15,21065.74,45831.57,93.69
2023-02-24T02:00+01:00,-5790.47,27279.87,21596.25,45074.14,93.69
2023-02-24T03:00+01:00,-5842.52,27209.59,22425.9,45360.74,93.69
2023-02-24T04:00+01:00,-5993.98,27540.75,23946.06,46743.4,93.69
2023-02-24T05:00+01:00,-7777.52,29155.39,24814.52,49989.68,93.69
2023-02-24T06:00+01:00,-6289.28,31642.79,26526.51,56978.25,93.69
2023-02-24T07:00+01:00,-5459.68,32250.42,28548.59,62546.5,93.69
2023-02-24T08:00+01:00,-5946.8,31492.28,31384.31,65450.44,93.69
2023-02-24T09:00+01:00,-7483.02,32061.59,34334.68,66324.33,93.69
2023-02-24T10:00+01:00,-7902.3,30274.91,38606.7,67253.41,93.69
2023-02-24T11:00+01:00,-7101.58,27959.64,41332.31,67254.88,95.29
2023-02-24T12:00+01:00,-7769.7,27369.23,42483.91,66646.28,95.83
2023-02-24T13:00+01:00,-7591.54,27321.93,43324.41,65423.67,95.83
2023-02-24T14:00+01:00,-7477.67,27578.02,41659.13,63733.12,95.83
2023-02-24T15:00+01:00,-7808.02,27945.44,39763.94,62897,95.83
2023-02-24T16:00+01:00,-7144.28,28615.37,38122,62392.9,95.83
2023-02-24T17:00+01:00,-7815.24,29122.73,37619.77,63213.26,95.83
2023-02-24T18:00+01:00,-7586.51,29207.51,37704.63,65152.6,95.83
2023-02-24T19:00+01:00,-7141.34,27760.3,37691.89,62979.24,95.83
2023-02-24T20:00+01:00,-4571.74,23811.05,37582.26,59275.79,95.83
2023-02-24T21:00+01:00,-7644.77,22700.88,38011.36,56144.04,95.83
2023-02-24T22:00+01:00,-7586.6,20615.17,38376.07,53652.67,95.83
2023-02-24T23:00+01:00,-8059.49,18657.44,38211.75,50696.28,95.83
2023-02-25T00:00+01:00,-10373.32,18020.76,38101.88,48357.25,95.83
2023-02-25T01:00+01:00,-10086.81,16448.36,37806.39,46830.38,95.83
2023-02-25T02:00+01:00,-10447.24,16028.13,38167.14,46913.97,95.83
2023-02-25T03:00+01:00,-10062,15826.44,37977.31,47209.01,95.83
2023-02-25T04:00+01:00,-10175.4,16154.33,37238.61,47161.39,95.83
2023-02-25T05:00+01:00,-9571.18,16274.14,36741.63,46959.42,95.83
2023-02-25T06:00+01:00,-10608.51,16570.46,36835,48407.04,95.83
2023-02-25T07:00+01:00,-9557.2,17212.33,36848.47,50662.3,95.83
2023-02-25T08:00+01:00,-8806.58,17729.12,38298.11,54154.31,95.83
2023-02-25T09:00+01:00,-8613.98,17776.16,41202.17,56919.19,95.83
2023-02-25T10:00+01:00,-7657.54,17586.99,45019.14,58784.11,95.83
2023-02-25T11:00+01:00,-7277.15,17364.01,48075.4,59469.49,95.83
2023-02-25T12:00+01:00,-7070.41,16589.91,49467.17,59362.19,95.83
2023-02-25T13:00+01:00,-7151.63,16073.16,49263.67,57670.12,95.83
2023-02-25T14:00+01:00,-7033.37,16198.76,46964.9,55273.95,95.83
2023-02-25T15:00+01:00,-6032.53,16863.88,41873.27,53895.65,95.83
2023-02-25T16:00+01:00,-6525.26,19629.79,36373.4,54120.28,95.83
2023-02-25T17:00+01:00,-6561.67,22143.44,33118.27,56110.24,95.83
2023-02-25T18:00+01:00,-5606.55,22491.04,32266.9,59670.39,95.83
2023-02-25T19:00+01:00,-5395.34,22395.83,31964.84,58181.69,95.83
2023-02-25T20:00+01:00,-6308,21553.23,31421.68,54353.58,95.83
2023-02-25T21:00+01:00,-6008.52,20829.49,30077.11,52110.67,95.83
2023-02-25T22:00+01:00,-5888.56,20918.36,28611.41,51049.43,95.83
2023-02-25T23:00+01:00,-5577.23,20491.5,27248.98,48493.72,95.83
2023-02-26T00:00+01:00,-3979.75,19431.52,25885.16,45910.3,95.83
2023-02-26T01:00+01:00,-4310.71,18828.24,25331.18,44215.44,95.83
2023-02-26T02:00+01:00,-4762.67,18345.83,24721.85,42980.7,95.83
2023-02-26T03:00+00:00,-4801.28,18180.4,24148.68,42536.72,95.83
2023-02-26T04:00+01:00,-5309.81,17912.1,24544.01,42394.28,95.83
2023-02-26T05:00+01:00,-5212.56,17623.73,25354.76,42452.35,95.83
2023-02-26T06:00+01:00,-5719.18,17775.26,25973.44,42479.53,95.83
2023-02-26T07:00+01:00,-4991.78,17437.65,26156.18,44256.88,95.83
2023-02-26T08:00+01:00,-6158.17,17365.06,27068.08,47213.62,95.83
2023-02-26T09:00+01:00,-6077.44,17588.66,30893.67,49872.1,95.83
2023-02-26T10:00+01:00,-2806.97,15980.59,35822.13,51767.99,95.83
2023-02-26T11:00+01:00,-1850.17,14776.44,39186.82,54063.14,95.83
2023-02-26T12:00+01:00,-3384.19,14322.01,40153.2,54538.32,95.83
2023-02-26T13:00+01:00,-3762.37,14404.51,38415.73,52268.45,95.83
2023-02-26T14:00+01:00,-2765.1,15015.56,36616.29,50618.78,95.83
2023-02-26T15:00+01:00,-302.56,16397.43,32634.39,49883.98,95.83
2023-02-26T16:00+01:00,-749.41,20507.3,26868.22,49820.62,95.83
2023-02-26T17:00+01:00,873.24,24574.45,22070.04,52096.54,95.83
2023-02-26T18:00+01:00,-1092.8,27134.29,20898.45,56067.63,95.83
2023-02-26T19:00+01:00,-1784.74,28196.1,20952.13,55643.9,95.83
2023-02-26T20:00+01:00,-2850.16,28142.89,20852.5,53024.32,95.83
2023-02-26T21:00+01:00,-2066.4,27913.47,19950.75,51309.07,95.83
2023-02-26T22:00+01:00,-1419.31,27723.71,18521.09,50473.92,95.83
2023-02-26T23:00+01:00,-1587.72,27077.58,17417.38,47841.11,95.83
2023-02-27T00:00+01:00,-381.43,26331.98,16644.95,45719.05,95.83
2023-02-27T01:00+01:00,-553.57,26323.28,15978.43,44863,95.83
2023-02-27T02:00+01:00,-1001.68,26723.33,15736.4,44482.88,95.83
2023-02-27T03:00+01:00,-914.34,27294.69,15089.69,44577.04,95.83
2023-02-27T04:00+01:00,-1234.03,28863.34,14695.04,45660.28,95.83
2023-02-27T05:00+01:00,-1091.44,32162.74,14489.37,49100.66,95.83
2023-02-27T06:00+01:00,310.43,36608.36,14760.28,56150.8,95.83
2023-02-27T07:00+01:00,325.44,38525.08,15739.24,60804.97,95.83
2023-02-27T08:00+01:00,-2190.98,39226.97,19737.09,63449.12,95.83
2023-02-27T09:00+01:00,-5268.13,39058.97,25136.79,63971.22,95.83
2023-02-27T10:00+01:00,-5614.95,36565.34,30162.48,64211.49,95.83
2023-02-27T11:00+01:00,-5177.22,34638.48,32812.08,64708.2,95.83
2023-02-27T12:00+01:00,-5173.34,33885.63,33111.56,64558.24,95.83
2023-02-27T13:00+01:00,-5125.74,33819.31,31543.1,64472.25,95.83
2023-02-27T14:00+01:00,-4329.24,34276.58,28290.77,62706.99,95.83
2023-02-27T15:00+01:00,-3399.25,35767.65,24428.36,61327.34,95.83
2023-02-27T16:00+01:00,-1153.22,37906.69,19597.74,61239.73,95.83
2023-02-27T17:00+01:00,1494.05,39232.76,16200.25,62344.58,95.83
2023-02-27T18:00+01:00,946.09,39872.89,15302.4,64887.33,95.83
2023-02-27T19:00+01:00,-422.63,40011.14,15109.74,64507.83,95.83
2023-02-27T20:00+01:00,-906.46,39774.81,14717.44,60940.32,95.83
2023-02-27T21:00+01:00,-629.09,39477.96,14315.22,57498,95.83
2023-02-27T22:00+01:00,-1343.33,38441.16,14041.6,54653.82,95.83
2023-02-27T23:00+01:00,-2278.38,36334.55,13818.45,51189.19,95.83
2023-02-28T00:00+01:00,-2333.52,34089.79,13490.43,48749.48,95.83
2023-02-28T01:00+01:00,-1900.12,32936.15,13311.05,47210.67,95.83
2023-02-28T02:00+01:00,-354.2,32600.81,13145.82,46756.48,95.83
2023-02-28T03:00+01:00,-889.86,32694.32,13004.59,47257.32,95.83
2023-02-28T04:00+01:00,-933.85,33243.49,13217.77,48580.63,95.83
2023-02-28T05:00+01:00,-1339.78,35226.84,13830.73,51387.55,95.83
2023-02-28T06:00+01:00,721.39,37736.78,14328.99,58042.5,95.83
2023-02-28T07:00+01:00,-275.44,38828.23,15867.75,62374.15,95.83
2023-02-28T08:00+01:00,-2820.16,38870.29,20526.29,64949.31,95.83
2023-02-28T09:00+01:00,-6284.64,37793.55,27926.22,65336.06,95.83
2023-02-28T10:00+01:00,-7580.18,34207.44,34962.68,65427.22,95.83
2023-02-28T11:00+01:00,-7079.57,30588.73,38353.57,66096.07,95.83
2023-02-28T12:00+01:00,-6577.14,29058.75,39987.33,65380.14,95.83
2023-02-28T13:00+01:00,-6371.1,29064.14,39158.92,64023.38,95.83
2023-02-28T14:00+01:00,-6221.19,29741.86,35448.34,61835.73,95.83
2023-02-28T15:00+01:00,-5362.95,32891.14,28677.9,60848.18,95.83
2023-02-28T16:00+01:00,-1699.03,36628.41,19772.63,60265.58,95.83
2023-02-28T17:00+01:00,2387.4,38198.85,13048.81,61499.84,95.83
2023-02-28T18:00+01:00,2406.83,38851.1,12352.47,64546.19,95.83
2023-02-28T19:00+01:00,1804.68,39000.07,13480.25,64206.96,95.83
2023-02-28T20:00+01:00,389.29,38709.46,13949.35,60565.16,95.83
2023-02-28T21:00+01:00,-955.98,38391.86,13551.32,57415.41,95.83
2023-02-28T22:00+01:00,-1098.27,38026.44,13084.88,54464.62,95.83
2023-02-28T23:00+01:00,-1547.59,36520.17,12498,51269.73,95.83
2023-03-01T00:00+01:00,-1753.98,34297.09,12536.41,48971.77,95.83
2023-03-01T01:00+01:00,-933.28,33313.3,12236.64,47543.8,95.83
2023-03-01T02:00+01:00,-388.93,33117.17,11805.32,47152.21,95.83
2023-03-01T03:00+01:00,-95.02,33321.84,11442.06,47447.19,95.83
2023-03-01T04:00+01:00,1480.72,33524.71,11638.42,49152.3,95.83
2023-03-01T05:00+01:00,0.05,35220.72,12215.39,51512.54,95.83
2023-03-01T06:00+01:00,1267.95,37687.08,13252.52,58107.28,95.83
2023-03-01T07:00+01:00,1087.73,38534.2,14931.13,62430.3,95.83
2023-03-01T08:00+01:00,-1146.7,38498.74,20363.61,65063.36,95.83
2023-03-01T09:00+01:00,-5026.66,36499.42,27261.65,65831.82,95.83
2023-03-01T10:00+01:00,-6181.75,33367.29,33150.38,64912.16,95.83
2023-03-01T11:00+01:00,-5335,30621.01,37203.47,65123.32,95.83
2023-03-01T12:00+01:00,-5401.74,28043.44,39196.98,64788.87,95.83
2023-03-01T13:00+01:00,-5004.12,26859.52,38949.68,63490.83,95.83
2023-03-01T14:00+01:00,-4304.43,27816.05,36287.33,61852.56,95.83
2023-03-01T15:00+01:00,-3869.33,30634.12,30945.81,60433.9,95.83
2023-03-01T16:00+01:00,-2807.15,34130.53,22997.55,59403.36,95.83
2023-03-01T17:00+01:00,-284.16,36966.96,16964.17,61476.87,95.83
2023-03-01T18:00+01:00,679.92,37681.23,17887.13,64388.86,95.83
2023-03-01T19:00+01:00,-793.88,37797.4,19405.8,63660.51,95.83
2023-03-01T20:00+01:00,-2031.69,37413.84,19557.56,60436.63,95.83
2023-03-01T21:00+01:00,-3115.71,36414.48,19506.26,57523.92,95.83
2023-03-01T22:00+01:00,-2709.23,34335.82,18604.05,55760.13,95.83
2023-03-01T23:00+01:00,-2604.51,32246.66,17966.6,51712.09,95.83
2023-03-02T00:00+01:00,-3208,31182.28,17398.32,48879.15,95.83
2023-03-02T01:00+01:00,-2755.78,30877.2,16793.37,47578.2,95.83
2023-03-02T02:00+01:00,-1948.89,30507.16,16324.14,47048.42,95.83
2023-03-02T03:00+01:00,-1481.97,30737.43,16263.16,47308.98,95.83
2023-03-02T04:00+01:00,-1398.58,31408.46,16369.55,48765.61,95.83
2023-03-02T05:00+01:00,-2294.94,33661.16,16587.57,51746.26,95.83
2023-03-02T06:00+01:00,-1337.91,36283.86,16790.75,57710.32,95.83
2023-03-02T07:00+01:00,-2271.74,37081.54,17783.84,62361,95.83
2023-03-02T08:00+01:00,-3449.22,37171.68,21652.24,64680.33,95.83
2023-03-02T09:00+01:00,-3628.91,36374.17,26163.39,65792.4,95.83
2023-03-02T10:00+01:00,-4928.05,33570.44,30544.07,65901.64,95.83
2023-03-02T11:00+01:00,-3501.31,30969.04,33514.99,65477.47,95.83
2023-03-02T12:00+01:00,-3212.19,30051.34,34614.9,64929.72,95.83
2023-03-02T13:00+01:00,-2829.53,30167.24,33779.52,63350.06,95.83
2023-03-02T14:00+01:00,-2111.36,30383.32,31108.18,61864.36,95.83
2023-03-02T15:00+01:00,-1830.1,32575.08,25885.2,61010.96,95.83
2023-03-02T16:00+01:00,709.92,36194.24,18872.12,60372.42,95.83
2023-03-02T17:00+01:00,2953.02,37881.99,14117.1,61903.67,95.83
2023-03-02T18:00+01:00,901.67,38631.61,14320.87,64722.43,95.83
2023-03-02T19:00+01:00,378.66,38521.49,14772.1,64198.71,95.83
2023-03-02T20:00+01:00,198.02,38457.87,14081.55,60874.53,95.83
2023-03-02T21:00+01:00,-27.89,38281.34,13058.23,57409,95.83
2023-03-02T22:00+01:00,-81,37510.4,12067.89,54859.84,95.83
2023-03-02T23:00+01:00,-832.7,35920.89,11656.2,51081.6,95.83
2023-03-03T00:00+01:00,230.27,33479.59,11329.56,48262.48,95.83
2023-03-03T01:00+01:00,566.04,32898.04,10977.34,46882.46,95.83
2023-03-03T02:00+01:00,1713.21,32608.08,10767.79,46296.9,95.83
2023-03-03T03:00+01:00,2157.81,32616.77,10678.98,46581.19,95.83
2023-03-03T04:00+01:00,2524.01,33363.05,10552.46,47803.83,95.83
2023-03-03T05:00+01:00,1836.45,34772.9,10799.32,50528.99,95.83
2023-03-03T06:00+01:00,3953.08,36349.99,11221.57,56679.12,95.83
2023-03-03T07:00+01:00,3619.37,37007.77,11916.21,61553.94,95.83
2023-03-03T08:00+01:00,1594.08,37454.95,14368.5,64522.05,95.83
2023-03-03T09:00+01:00,1566.64,37255.84,18333.32,65080.47,95.83
2023-03-03T10:00+01:00,2065.79,36017.18,22181.65,65987.98,95.83
2023-03-03T11:00+01:00,-1746.61,34759.77,26244.22,65306.22,90.56
2023-03-03T12:00+01:00,-1366.87,33254.56,29723.61,64709.7,88.81
2023-03-03T13:00+01:00,-2619.76,31970.78,31670.2,63200.54,88.81
2023-03-03T14:00+01:00,-3545.85,32360.24,31305.22,61444.6,88.81
2023-03-03T15:00+01:00,-4340.87,32694.92,28741.5,60004.46,88.81
2023-03-03T16:00+01:00,-3117.2,33927.64,24134.54,59693.59,88.81
2023-03-03T17:00+01:00,-829.78,35219.21,20731.31,60940.28,88.81
2023-03-03T18:00+01:00,-3096.14,35458.65,21936.08,63445.69,88.81
2023-03-03T19:00+01:00,-3279.73,34556.14,23857.41,62977.53,88.81
2023-03-03T20:00+01:00,-2391.37,32115.14,25289.63,59805.63,88.81
2023-03-03T21:00+01:00,-3472.3,29499.81,26536.93,56982.79,88.81
2023-03-03T22:00+01:00,-3796.03,25905.25,27689.52,54710.68,88.81
2023-03-03T23:00+01:00,-3811.54,23746.22,28269.51,51384.09,88.81
2023-03-04T00:00+01:00,-7192.05,23541.3,28543.01,48419.26,88.81
2023-03-04T01:00+01:00,-6866.3,22037.34,28308.27,46794.02,88.81
2023-03-04T02:00+01:00,-6379.14,21818.92,27872.9,45822.6,88.81
2023-03-04T03:00+01:00,-6659.61,22152.34,28248.79,45984,88.81
2023-03-04T04:00+01:00,-6752.74,21942.95,27766.84,45946.77,88.81
2023-03-04T05:00+01:00,-7577.05,22158.08,28051.28,45746.62,88.81
2023-03-04T06:00+01:00,-6503.72,22042.72,28330.96,47017.73,88.81
2023-03-04T07:00+01:00,-6965.29,21791.04,29261.29,49672,88.81
2023-03-04T08:00+01:00,-6876.9,21827.63,32496.73,53169.92,88.81
2023-03-04T09:00+01:00,-7395.63,22258.28,35483.05,56230.54,88.81
2023-03-04T10:00+01:00,-7991.93,22281.49,38841.89,58678.69,88.81
2023-03-04T11:00+01:00,-7826.74,22409.19,40021.39,59065.23,88.81
2023-03-04T12:00+01:00,-7929.24,21481.86,40840.33,59517.5,88.81
2023-03-04T13:00+01:00,-8005.17,20931.99,39524.84,58048.75,88.81
2023-03-04T14:00+01:00,-7148.85,21375.76,37069.45,56084.2,88.81
2023-03-04T15:00+01:00,-5217.08,22644.53,33766.41,54656.46,88.81
2023-03-04T16:00+01:00,-5477.94,24594.1,30149.68,53997.7,88.81
2023-03-04T17:00+01:00,-5011.15,26582.3,26809.67,56006.2,88.81
2023-03-04T18:00+01:00,-4099.26,26673.28,25512.99,58335.4,88.81
2023-03-04T19:00+01:00,-4459.07,26769.11,23883.81,57127.37,88.81
2023-03-04T20:00+01:00,-4613.54,26575,22730.41,53308.35,88.81
2023-03-04T21:00+01:00,-5041.8,26047.89,22223.62,50466.64,88.81
2023-03-04T22:00+01:00,-4105.33,26090.89,22047.83,49187.42,88.81
2023-03-04T23:00+01:00,-4284.15,25018.8,21846.77,46755.68,88.81
2023-03-05T00:00+01:00,-5686.89,22395.89,22131.62,44426.88,88.81
2023-03-05T01:00+01:00,-5497.63,21843.36,22035.61,42514.07,88.81
2023-03-05T02:00+01:00,-4970.52,21699.66,22854.18,42086.51,88.81
2023-03-05T03:00+01:00,-5258.3,21356.04,22857.74,41568.06,88.81
2023-03-05T04:00+01:00,-5286.98,21075.15,23130,41884.26,88.81
2023-03-05T05:00+01:00,-5763.63,20946.79,23121,42048.06,88.81
2023-03-05T06:00+01:00,-6676.87,21697.94,23221.08,41948.93,88.81
2023-03-05T07:00+01:00,-7526.65,22293.19,23018.82,43749.88,88.81
2023-03-05T08:00+01:00,-7157.7,22334.11,24353.04,46635.75,88.81
2023-03-05T09:00+01:00,-7297.08,22868.55,26671.01,49754.32,88.81
2023-03-05T10:00+01:00,-6991.46,23363.48,29497.9,52384.92,88.81
2023-03-05T11:00+01:00,-6568.84,23954.66,31515.61,54421.79,88.81
2023-03-05T12:00+01:00,-6324.11,24156.55,31533.3,53914.67,88.81
2023-03-05T13:00+01:00,-5616.08,24643.73,30470.33,52491.08,88.81
2023-03-05T14:00+01:00,-7156.7,24498.81,27915.4,50916.85,88.81
2023-03-05T15:00+01:00,-6249.33,26045.57,24605.49,50201.33,88.81
2023-03-05T16:00+01:00,-4998.85,28773.34,21526.64,50213.96,88.81
2023-03-05T17:00+01:00,-2546.98,30482.28,18139.54,51674.02,88.81
2023-03-05T18:00+01:00,-3703.72,32096.87,16482.06,53874.23,88.81
2023-03-05T19:00+01:00,-3993.55,32658.94,15971.17,53130.63,88.81
2023-03-05T20:00+01:00,-4725.64,32972.56,15630.42,50477.95,88.81
2023-03-05T21:00+01:00,-3369.91,32703.5,15054.43,48614.3,88.81
2023-03-05T22:00+01:00,-3205.05,32283.26,14538.46,47932.81,88.81
2023-03-05T23:00+01:00,-2813.59,31031.32,14526.67,45704.6,88.81
2023-03-06T00:00+01:00,-2196.25,29669.78,14562.23,44696.66,88.81
2023-03-06T01:00+01:00,-1580.61,28920.6,14697.62,44215.46,88.81
2023-03-06T02:00+01:00,-1742.05,28894.17,14618.24,43566.94,88.81
2023-03-06T03:00+01:00,-1871.14,29489.31,14734.85,43381.48,88.81
2023-03-06T04:00+01:00,-1321.71,30588.96,14517.17,45144.22,88.81
2023-03-06T05:00+01:00,-3006.83,33538.37,14141.2,48097.5,88.81
2023-03-06T06:00+01:00,-2683.11,37410.35,14212.03,55149.72,88.81
2023-03-06T07:00+01:00,-1799.92,38801.03,14120.99,60276.27,88.81
2023-03-06T08:00+01:00,-2448.54,39327.92,15087.48,64135.94,88.81
2023-03-06T09:00+01:00,-1811.6,39263.69,16168.39,64839.51,88.81
2023-03-06T10:00+01:00,-15.22,38798.79,18506.99,65657.65,88.81
2023-03-06T11:00+01:00,-188.28,38099.51,20799.39,66291.36,88.81
2023-03-06T12:00+01:00,-145.16,37513.68,22621.21,65838.24,88.81
2023-03-06T13:00+01:00,-1355.38,37153.88,24049.55,65151.73,88.81
2023-03-06T14:00+01:00,-2639.2,37285.07,24036.5,64539.92,88.81
2023-03-06T15:00+01:00,-2621.94,37818.98,22673.25,63145.33,88.81
2023-03-06T16:00+01:00,-1717.17,37411.19,20814.59,62571.41,88.81
2023-03-06T17:00+01:00,-772.58,37409.41,19266.96,63210.66,88.81
2023-03-06T18:00+01:00,-2576.97,37383.4,20680.16,65426.56,88.81
2023-03-06T19:00+01:00,-4607.04,37435.67,23969.33,64886.3,88.81
2023-03-06T20:00+01:00,-7073.69,35489.19,27314.68,62004.58,88.81
2023-03-06T21:00+01:00,-9546.34,31581.23,30531.69,58186.4,88.81
2023-03-06T22:00+01:00,-9822.29,27713.2,32059.65,55754.34,88.81
2023-03-06T23:00+01:00,-9627.44,23930.6,33858.55,52818.81,88.81
2023-03-07T00:00+01:00,-11165.08,21376.06,35712.24,50094.27,88.81
2023-03-07T01:00+01:00,-11554.25,20965.14,37008.56,48265.08,88.81
2023-03-07T02:00+01:00,-12002.75,20299.58,38373.57,48112.29,88.81
2023-03-07T03:00+01:00,-12659,20055.58,39752.21,49022.38,88.81
2023-03-07T04:00+01:00,-13159.89,20010.21,41245.42,50158.49,88.81
2023-03-07T05:00+01:00,-13794.74,21292.76,42288.21,53312.1,88.81
2023-03-07T06:00+01:00,-14060.98,24141.18,42222.49,59338.59,88.81
2023-03-07T07:00+01:00,-13153.89,26672.26,42222.83,63409.86,88.81
2023-03-07T08:00+01:00,-12578.69,27305.21,44113.9,65745.84,88.81
2023-03-07T09:00+01:00,-12100.56,26044.81,47219.73,67040.16,88.81
2023-03-07T10:00+01:00,-11708.73,25235.36,50500.2,67873.61,88.81
2023-03-07T11:00+01:00,-12099.32,25176.33,51954.2,67929.12,88.81
2023-03-07T12:00+01:00,-11861.29,24956.2,51794.82,67431.52,88.81
2023-03-07T13:00+01:00,-11073.41,24502.31,50181.45,66900.66,88.81
2023-03-07T14:00+01:00,-9593.12,24741.88,46153.85,65444.78,88.81
2023-03-07T15:00+01:00,-8142.72,26511.89,41242.3,64682.52,88.81
2023-03-07T16:00+01:00,-7479.52,30323.45,35911.2,63869.04,88.81
2023-03-07T17:00+01:00,-5275.44,33177.02,29166.17,65069.25,88.81
2023-03-07T18:00+01:00,-4778.9,33923.69,26750.27,66766.21,88.81
2023-03-07T19:00+01:00,152.82,33984.28,26208.28,66862.66,88.81
2023-03-07T20:00+01:00,-5432.06,33617.59,25709.29,62902.86,88.81
2023-03-07T21:00+01:00,-5305.96,33033.02,25188.01,59494.1,88.81
2023-03-07T22:00+01:00,-5136.35,31802.67,24915.12,56813.04,88.81
2023-03-07T23:00+01:00,-5650.81,30077.29,23631.32,53044.32,88.81
2023-03-08T00:00+01:00,-4238.93,28532.8,22400.46,50270.92,88.81
2023-03-08T01:00+01:00,-3905.58,28373.71,21945.23,48844.49,88.81
2023-03-08T02:00+01:00,-3657.23,28124.58,21624.32,48409.06,88.81
2023-03-08T03:00+01:00,-2758.31,28517.87,19632.75,48336.45,88.81
2023-03-08T04:00+01:00,-1610.66,29717.47,18465.98,49166.86,88.81
2023-03-08T05:00+01:00,-389.75,31725.55,16461.06,52181.74,88.81
2023-03-08T06:00+01:00,488.71,36251.02,14876.27,57759.16,88.81
2023-03-08T07:00+01:00,-262.83,38300.46,14140.18,61663.3,88.81
2023-03-08T08:00+01:00,-1381.15,38650.37,14722.45,64043.59,88.81
2023-03-08T09:00+01:00,-870.06,39017.14,15782.84,64976.06,88.81
2023-03-08T10:00+01:00,2363.89,38762.12,16867.11,66253.65,88.81
2023-03-08T11:00+01:00,2842.46,38822.2,17726.03,66970.31,88.81
2023-03-08T12:00+01:00,3097.19,38372.23,18641.25,65979.3,88.81
2023-03-08T13:00+01:00,2675.17,37711.75,19023.76,64582.84,88.81
2023-03-08T14:00+01:00,1149,37866.41,18944.71,62783.52,88.81
2023-03-08T15:00+01:00,1267.28,37766.62,18038.03,61145.48,88.81
2023-03-08T16:00+01:00,220.84,38522.63,16542.69,60434.42,88.81
2023-03-08T17:00+01:00,930.06,38853.82,14651.46,61894.62,88.81
2023-03-08T18:00+01:00,1047.84,38895.86,14911.35,63629.82,88.81
2023-03-08T19:00+01:00,562,38840.08,15349.49,63520.02,88.81
2023-03-08T20:00+01:00,-1903.41,38570.81,15277.85,59930.32,88.81
2023-03-08T21:00+01:00,-2206.47,37204.27,15841.52,56185.6,88.81
2023-03-08T22:00+01:00,-1976.52,34425.11,16209.77,53209.33,88.81
2023-03-08T23:00+01:00,-595.78,30641.8,16355.36,49864.64,88.81
2023-03-09T00:00+01:00,-3119.59,29048.58,17113.4,47044.48,88.81
2023-03-09T01:00+01:00,-2620.32,28517.96,17741.99,45612.82,88.81
2023-03-09T02:00+01:00,-2522.86,28421.73,18877.98,45151.68,88.81
2023-03-09T03:00+01:00,-1655.56,27325.46,19959.03,45988.08,88.81
2023-03-09T04:00+01:00,-1716.87,27696.58,20467.94,47183.72,88.81
2023-03-09T05:00+01:00,-3645.35,29503.08,20199.88,49849.7,88.81
2023-03-09T06:00+01:00,-3604.32,33680.13,19674.75,56199.63,88.81
2023-03-09T07:00+01:00,-2012.59,34976.1,19299.01,60688.82,88.81
2023-03-09T08:00+01:00,-1537.02,34761.17,20714.48,63121.8,88.81
2023-03-09T09:00+01:00,-658.61,34351.38,23017.82,63819.52,88.81
2023-03-09T10:00+01:00,-1146.94,34007.98,24373.26,64329.24,88.81
2023-03-09T11:00+01:00,-403.77,33603.52,25417.41,64763.42,88.81
2023-03-09T12:00+01:00,785.76,32446.96,26837.74,64379.64,88.81
2023-03-09T13:00+01:00,1620.29,31515.19,26486.72,63643.98,88.81
2023-03-09T14:00+01:00,1326.38,31437.44,24872.01,62246.88,88.81
2023-03-09T15:00+01:00,3095.14,31569.59,22338.6,60705.41,88.81
2023-03-09T16:00+01:00,3486.14,32381.71,19202.77,60069.93,88.81
2023-03-09T17:00+01:00,4853.57,33544.52,16870.78,60795.17,88.81
2023-03-09T18:00+01:00,4529.36,33912.88,16517.33,63156.26,88.81
2023-03-09T19:00+01:00,2109.91,33904.16,17362.28,62577.9,88.81
2023-03-09T20:00+01:00,2279.06,33039.32,18643.21,58745.43,88.81
2023-03-09T21:00+01:00,778.46,30255.43,20464.91,55681.17,88.81
2023-03-09T22:00+01:00,652.38,26652.75,21879.73,53301.78,88.81
2023-03-09T23:00+01:00,-1470.25,22107.38,23676.39,49855.12,88.81
2023-03-10T00:00+01:00,-2547.08,19770.86,25335.43,46925.62,88.81
2023-03-10T01:00+01:00,-4176.77,18841.07,27295.04,45803.61,88.81
2023-03-10T02:00+01:00,-5287.92,18393.32,28673.56,45364.8,88.81
2023-03-10T03:00+01:00,-4998.53,18289.17,30556.14,45934.5,88.81
2023-03-10T04:00+01:00,-4885.27,18187.04,32134.72,47862.98,88.81
2023-03-10T05:00+01:00,-5178.79,19331.94,33015.71,50485.37,88.81
2023-03-10T06:00+01:00,-5993.07,24113.28,33227.65,56934.08,88.81
2023-03-10T07:00+01:00,-6163.18,27142.55,33394.05,61478,88.81
2023-03-10T08:00+01:00,-7200.24,27333.55,34292.02,64595.64,88.81
2023-03-10T09:00+01:00,-6582.84,27263.53,36958.71,65139.08,88.81
2023-03-10T10:00+01:00,-5067.32,26494.21,39030.14,65695.82,88.81
2023-03-10T11:00+01:00,-3802.27,25544.56,39445.57,65373.1,93.57
2023-03-10T12:00+01:00,-4556.63,24846.29,39574.19,65017.96,95.16
2023-03-10T13:00+01:00,-3956.28,24200.02,37648.93,63161.98,95.16
2023-03-10T14:00+01:00,-2539.77,23916.25,36898.2,61428.22,95.16
2023-03-10T15:00+01:00,-1837.71,24069.45,35885.73,61147.37,95.16
2023-03-10T16:00+01:00,-2959.42,25207.29,34806.86,60902.72,95.16
2023-03-10T17:00+01:00,-3631.82,26342.04,34601.96,62294.88,95.16
2023-03-10T18:00+01:00,-6314.63,26066.28,35554.58,64203.32,95.16
2023-03-10T19:00+01:00,-7036.17,24084.62,36267.27,63730.49,95.16
2023-03-10T20:00+01:00,-8377.31,22649.28,35999.36,60115.95,95.16
2023-03-10T21:00+01:00,-8503.28,22015.96,35552.95,56086.02,95.16
2023-03-10T22:00+01:00,-8975.82,19749.27,35739.89,53604.5,95.16
2023-03-10T23:00+01:00,-10818.05,18656.25,37507.22,51088.08,95.16
2023-03-11T00:00+01:00,-9636.77,16490.78,38531.09,49043.3,95.16
2023-03-11T01:00+01:00,-9783.19,15818.96,37684,47861.79,95.16
2023-03-11T02:00+01:00,-9305.96,15282.61,36961.55,47337.8,95.16
2023-03-11T03:00+01:00,-8578.38,15413.82,34922.07,47200.08,95.16
2023-03-11T04:00+01:00,-8036.75,15525.11,32235.47,46454.48,95.16
2023-03-11T05:00+01:00,-7308.2,16367.98,29522.11,46238.8,95.16
2023-03-11T06:00+01:00,-4694.72,17587.9,26710.77,46731.75,95.16
2023-03-11T07:00+01:00,-2107.91,18346.5,25112.67,49111.9,95.16
2023-03-11T08:00+01:00,-3027.77,18972.3,26577.26,52297.28,95.16
2023-03-11T09:00+01:00,-3676.04,19241.25,30033.14,54874.33,95.16
2023-03-11T10:00+01:00,-4517.11,19365.24,32748.62,55247.82,95.16
2023-03-11T11:00+01:00,-5717.5,19708.97,35510.34,55916.59,95.16
2023-03-11T12:00+01:00,-5310.03,19530.39,38374.73,55629.47,95.16
2023-03-11T13:00+01:00,-6350.25,18920.47,40295.26,54253.78,95.16
2023-03-11T14:00+01:00,-5649.78,18836.09,38786.53,52736.46,95.16
2023-03-11T15:00+01:00,-5287.59,19473.38,34809.17,50807.97,95.16
2023-03-11T16:00+01:00,-4028.89,21569.89,28816.23,50073.36,95.16
2023-03-11T17:00+01:00,-485.07,22779.03,24005.48,52504.92,95.16
2023-03-11T18:00+01:00,791.08,22871.06,22858.67,56261.41,95.16
2023-03-11T19:00+01:00,487.89,22633.98,22288.74,56654.19,95.16
2023-03-11T20:00+01:00,-921.3,22259.88,21886.89,53632.23,95.16
2023-03-11T21:00+01:00,-651.84,22199.11,20812.52,50931.88,95.16
2023-03-11T22:00+01:00,457.44,21591.93,20137.65,49357.25,95.16
2023-03-11T23:00+01:00,675.22,20836.09,19899.45,46903.96,95.16
2023-03-12T00:00+01:00,2757.02,18244.54,19782.91,44977.22,95.16
2023-03-12T01:00+01:00,3736.91,15907.17,19755.49,43314.22,95.16
2023-03-12T02:00+01:00,2997.45,15080.44,18701.9,42244.32,95.16
2023-03-12T03:00+01:00,3950.18,14990.6,17803.21,41322.12,95.16
2023-03-12T04:00+01:00,4602.84,15020.12,17239.83,41550.25,95.16
2023-03-12T05:00+01:00,4476.57,15262.98,16965.74,41574.76,95.16
2023-03-12T06:00+01:00,2926.36,15367.48,17323.61,41161.73,95.16
2023-03-12T07:00+01:00,3269.92,14991.89,19660.38,42518.06,95.16
2023-03-12T08:00+01:00,3391.91,14803.69,23934.3,46081.01,95.16
2023-03-12T09:00+01:00,1778.54,14622.99,28239.43,49138.49,95.16
2023-03-12T10:00+01:00,-1150.73,14231.3,32092.64,50929.63,95.16
2023-03-12T11:00+01:00,-807.16,13646.41,34651.59,52643.96,95.16
2023-03-12T12:00+01:00,169.77,13129.83,36053.94,52950.99,95.16
2023-03-12T13:00+01:00,-1998.42,12584.28,37256.75,51644.61,95.16
2023-03-12T14:00+01:00,-1307.13,12463.96,36803.6,50332.48,95.16
2023-03-12T15:00+01:00,-1979.62,12666.62,36362.6,49294.11,95.16
2023-03-12T16:00+01:00,-2632.66,13060.32,35603.15,48634.76,95.16
2023-03-12T17:00+01:00,-5096.78,13723.73,35080.69,50621.57,95.16
2023-03-12T18:00+01:00,-5313.07,15269.83,34236.11,52893.69,95.16
2023-03-12T19:00+01:00,-6090.13,16878.83,34152.84,53009.87,95.16
2023-03-12T20:00+01:00,-8685.24,16631.63,36204.33,50292.72,95.16
2023-03-12T21:00+01:00,-9917.62,16420.58,37394.52,48495.34,95.16
2023-03-12T22:00+01:00,-10297.42,15376.53,36763.94,48267.16,95.16
2023-03-12T23:00+01:00,-8932.06,14193.09,37391.99,45781.69,95.16
2023-03-13T00:00+01:00,-12239.54,13039.1,39154.09,43794.57,95.16
2023-03-13T01:00+01:00,-11341.89,12116.33,39855.02,43178.26,95.16
2023-03-13T02:00+01:00,-11697.66,11916.79,40670.35,42952.42,95.16
2023-03-13T03:00+01:00,-9946.38,11237.74,41151.65,43744.21,95.16
2023-03-13T04:00+01:00,-8762.3,11152.98,42386.46,45687.36,95.16
2023-03-13T05:00+01:00,-9534.24,11258.2,46705.58,50039.02,95.16
2023-03-13T06:00+01:00,-9492.33,11959.5,49021.07,57541.19,95.16
2023-03-13T07:00+01:00,-10511.49,12994.39,51053.02,63357.81,95.16
2023-03-13T08:00+01:00,-11835.11,14083.85,53283.84,66500.13,95.16
2023-03-13T09:00+01:00,-12844.79,14419.73,54753.23,67336.54,95.16
2023-03-13T10:00+01:00,-11152.29,14336.81,57826.64,67485.79,95.16
2023-03-13T11:00+01:00,-9697,14004.91,60191.83,67765.18,95.16
2023-03-13T12:00+01:00,-9232.31,13708.67,60029.89,67693.49,95.16
2023-03-13T13:00+01:00,-7555.3,13221.94,58088.12,66854.88,95.16
2023-03-13T14:00+01:00,-8499.94,13141.68,57536.86,64721.5,95.16
2023-03-13T15:00+01:00,-8329.82,12929.84,55833.22,63527.58,95.16
2023-03-13T16:00+01:00,-8648.51,13778.37,52606.28,62213.17,95.16
2023-03-13T17:00+01:00,-7502.74,15203.98,46182.98,62275.56,95.16
2023-03-13T18:00+01:00,-4400.73,16772.27,43789.18,64642.48,95.16
2023-03-13T19:00+01:00,-5049.63,16408.41,43526.13,65126.27,95.16
2023-03-13T20:00+01:00,-6374.96,15568.68,42425.6,62459.61,95.16
2023-03-13T21:00+01:00,-6715.02,14704.93,41830.35,58739.2,95.16
2023-03-13T22:00+01:00,-6650.82,14086.09,41390.51,55679.34,95.16
2023-03-13T23:00+01:00,-8569.01,13371.14,41848.75,52472.21,95.16
2023-03-14T00:00+01:00,-8193.3,13361.03,40610.58,48772.41,95.16
2023-03-14T01:00+01:00,-9564.84,13399.66,40865.14,46442.71,95.16
2023-03-14T02:00+01:00,-10085.34,13377.52,41153.27,46122.32,95.16
2023-03-14T03:00+01:00,-9981.1,13301.25,40885.88,46728.98,95.16
2023-03-14T04:00+01:00,-10118.26,13552.72,42499.64,48331.06,95.16
2023-03-14T05:00+01:00,-9924.63,13677.33,44217.43,51707.82,95.16
2023-03-14T06:00+01:00,-7079.96,14490.44,45051.45,58629.44,95.16
2023-03-14T07:00+01:00,-7475.15,16292.67,45590.01,62357.66,95.16
2023-03-14T08:00+01:00,-8899.31,17083.57,47384.01,64413.56,95.16
2023-03-14T09:00+01:00,-9737.25,16609.8,50355.25,65106.86,95.16
2023-03-14T10:00+01:00,-9615.75,16863.2,52450.49,65851.12,95.16
2023-03-14T11:00+01:00,-8336.69,16146.35,54505.37,67177.98,95.16
2023-03-14T12:00+01:00,-6430.41,16030.63,55180.53,67837.27,95.16
2023-03-14T13:00+01:00,-5619.5,15780.91,54983.73,66889.89,95.16
2023-03-14T14:00+01:00,-6423.84,15537.92,54343.94,65353.73,95.16
2023-03-14T15:00+01:00,-7063.66,15717.48,51982.88,64009.61,95.16
2023-03-14T16:00+01:00,-6826.3,17258.3,49262.91,63698.83,95.16
2023-03-14T17:00+01:00,-7088.3,20053.54,44419.07,63905.24,95.16
2023-03-14T18:00+01:00,-6128.44,21545.3,40032.93,65074.42,95.16
2023-03-14T19:00+01:00,-4174.61,21513.68,35988.61,65112.9,95.16
2023-03-14T20:00+01:00,-3550.64,21249.44,33875.43,62486.99,95.16
2023-03-14T21:00+01:00,-3024.22,21055.55,31930.98,58565.7,95.16
2023-03-14T22:00+01:00,-3344.83,20648.53,30348.62,55521.07,95.16
2023-03-14T23:00+01:00,-3370.49,19813,29070.15,51784.57,95.16
2023-03-15T00:00+01:00,-1751.77,18276.66,29469.89,49832.37,95.16
2023-03-15T01:00+01:00,-1097.96,18216.04,28814.24,49135.7,95.16
2023-03-15T02:00+01:00,-1603.51,18722.83,28327.59,48923.87,95.16
2023-03-15T03:00+01:00,-1908.52,19434.79,28208.79,48841.05,95.16
2023-03-15T04:00+01:00,-1231.89,20283.29,27443.81,49188.16,95.16
2023-03-15T05:00+01:00,-2375.6,21786.13,27878.84,52111.71,95.16
2023-03-15T06:00+01:00,27.9,23739.71,27186.94,58695.87,95.16
2023-03-15T07:00+01:00,-220.93,24824.05,27413.29,62921.76,95.16
2023-03-15T08:00+01:00,-1608.05,24721.97,31427.55,65768.42,95.16
2023-03-15T09:00+01:00,-2345.97,24357.6,37308.33,66691.97,95.16
2023-03-15T10:00+01:00,-2673.79,22582.42,41819.42,66943.05,95.16
2023-03-15T11:00+01:00,-2419.56,22637.32,43903.47,67310.33,95.16
2023-03-15T12:00+01:00,-2452.83,22134.82,44456.83,67119.09,95.16
2023-03-15T13:00+01:00,-2333.89,22140.95,43714.46,66200.74,95.16
2023-03-15T14:00+01:00,-2234.88,22650.75,41378.45,64953.49,95.16
2023-03-15T15:00+01:00,-3279.28,24106.29,37105.93,63338.92,95.16
2023-03-15T16:00+01:00,-1242.32,27419.14,30968.52,61781.29,95.16
2023-03-15T17:00+01:00,1149.31,30718.78,23341.06,61069.3,95.16
2023-03-15T18:00+01:00,3495.71,32748.04,19483.46,63088.95,95.16
2023-03-15T19:00+01:00,4120.52,32640.25,19490.58,64142.58,95.16
2023-03-15T20:00+01:00,1171.02,32068.54,19247.87,60232.74,95.16
2023-03-15T21:00+01:00,-29.91,31504.14,18649.22,56633.89,95.16
2023-03-15T22:00+01:00,-894.79,30295.6,18158.11,54004.08,95.16
2023-03-15T23:00+01:00,117.64,27393.07,18393.09,51402.88,95.16
2023-03-16T00:00+01:00,684.05,23849.5,19202.96,49631.39,95.16
2023-03-16T01:00+01:00,610.83,22200.81,20599.48,48560.1,95.16
2023-03-16T02:00+01:00,169.92,21221.19,22556.47,47862.32,95.16
2023-03-16T03:00+01:00,533.81,19694.81,23806.12,48297.35,95.16
2023-03-16T04:00+01:00,-216.45,19403.2,24909.95,48872.56,95.16
2023-03-16T05:00+01:00,-560.95,20947.96,26341.9,52421.76,95.16
2023-03-16T06:00+01:00,1314.03,22965.22,27535.73,58089.83,95.16
2023-03-16T07:00+01:00,-1127.15,24457.56,30378.59,61644.18,95.16
2023-03-16T08:00+01:00,-3028.22,23965.91,36430.42,63825.68,95.16
2023-03-16T09:00+01:00,-3588.36,21907.91,42066.85,64081.96,95.16
2023-03-16T10:00+01:00,-5455.53,19941.82,48271.63,64283.98,95.16
2023-03-16T11:00+01:00,-7327.46,17774.69,51663.86,64470.1,95.16
2023-03-16T12:00+01:00,-7733.21,16566.49,53154.59,63695.12,95.16
2023-03-16T13:00+01:00,-7848.24,16392.59,52325.87,62351.83,95.16
2023-03-16T14:00+01:00,-7151.51,16992.8,50157.89,60906.27,95.16
2023-03-16T15:00+01:00,-6441.88,17329.89,48106.73,59812.78,95.16
2023-03-16T16:00+01:00,-3230.93,18584.89,41485.29,59328.47,95.16
2023-03-16T17:00+01:00,-1237.68,23195.66,34747.81,61088.34,95.16
2023-03-16T18:00+01:00,-3169.7,25481.04,34989.53,63815.82,95.16
2023-03-16T19:00+01:00,-5166.04,23709.82,38316.03,65908.66,95.16
2023-03-16T20:00+01:00,-7553.63,23083.87,38963.38,61967.68,95.16
2023-03-16T21:00+01:00,-7041.17,21305.69,38533.43,58411.44,95.16
2023-03-16T22:00+01:00,-7536.93,19850.94,38056.14,55303.91,95.16
2023-03-16T23:00+01:00,-7390.88,18375.24,38322.53,52308.83,95.16
2023-03-17T00:00+01:00,-7563.8,16358.39,37348.8,49635.63,95.16
2023-03-17T01:00+01:00,-6870.51,15845.69,36608.44,47774.7,95.16
2023-03-17T02:00+01:00,-5484.32,15583.44,35963.91,47340.73,95.16
2023-03-17T03:00+01:00,-5723.44,15043.76,35328.62,47669.07,95.16
2023-03-17T04:00+01:00,-5392.21,15708.37,35079.35,48780.76,95.16
2023-03-17T05:00+01:00,-5836,17499.45,34948.81,51931.54,95.16
2023-03-17T06:00+01:00,-5199.7,20356.91,35458.67,58119.12,95.16
2023-03-17T07:00+01:00,-4854.05,20498.43,37872.99,62527.2,95.16
2023-03-17T08:00+01:00,-4670.41,19722.65,41945.67,64892.3,95.16
2023-03-17T09:00+01:00,-4470.37,17953.52,44795.37,64845.76,95.16
2023-03-17T10:00+01:00,-7709.18,17696.51,46960.18,64449.1,95.16
2023-03-17T11:00+01:00,-8786.65,17185,46864.27,62994.71,88.66
2023-03-17T12:00+01:00,-7709.21,17077.13,45026.07,61974.33,86.5
2023-03-17T13:00+01:00,-4868.19,17062.45,41078.51,61375.86,86.5
2023-03-17T14:00+01:00,-2284.48,18386.03,35237.03,59070.28,86.5
2023-03-17T15:00+01:00,857.14,19976.82,29709.93,59312.3,86.5
2023-03-17T16:00+01:00,3815.69,20967.52,23897.17,58758.2,86.5
2023-03-17T17:00+01:00,6929.02,22073.19,20312.49,60151.21,86.5
2023-03-17T18:00+01:00,4654.26,23234.07,20214.04,62097.84,86.5
2023-03-17T19:00+01:00,4317.23,23269.55,21628.24,62500.12,86.5
2023-03-17T20:00+01:00,2114.75,22797.26,21945.01,58398.6,86.5
2023-03-17T21:00+01:00,758.64,22256.83,21746.88,54546.95,86.5
2023-03-17T22:00+01:00,1057.43,21205.64,22313.27,51528.41,86.5
2023-03-17T23:00+01:00,-750.6,20109.9,22446.82,48204.89,86.5
2023-03-18T00:00+01:00,-667.2,18227.66,22270.85,45693.13,86.5
2023-03-18T01:00+01:00,-822.62,16997.5,22011.18,43203.8,86.5
2023-03-18T02:00+01:00,-479.33,16044.05,21397.25,42084.59,86.5
2023-03-18T03:00+01:00,-777.67,16594.67,20804.74,40965.95,86.5
2023-03-18T04:00+01:00,322.25,17150.36,19998.52,41141.73,86.5
2023-03-18T05:00+01:00,-334.94,17746.03,19345.89,42077.6,86.5
2023-03-18T06:00+01:00,-494.19,18197.3,19367.31,43207.28,86.5
2023-03-18T07:00+01:00,51.23,17776.78,21430.2,46019.6,86.5
2023-03-18T08:00+01:00,-631.19,17238.01,25378.49,49272.36,86.5
2023-03-18T09:00+01:00,-1651.12,16627.44,30362.57,51573.42,86.5
2023-03-18T10:00+01:00,-1261.03,14844.56,34701.77,52246.56,86.5
2023-03-18T11:00+01:00,-1341,14010.21,37688.1,52615.47,86.5
2023-03-18T12:00+01:00,-2011.86,13458.02,38978.75,51923.74,86.5
2023-03-18T13:00+01:00,-1533.41,13123.79,37154.12,50609.1,86.5
2023-03-18T14:00+01:00,-678.72,13297.93,32969.89,48692.79,86.5
2023-03-18T15:00+01:00,2421.95,15170.4,25912.73,47249.88,86.5
2023-03-18T16:00+01:00,4159.24,18327.83,17910.72,46853.45,86.5
2023-03-18T17:00+01:00,8418.53,20487.79,11933.65,48867.62,86.5
2023-03-18T18:00+01:00,10452.27,21182.38,10265.53,51572.04,86.5
2023-03-18T19:00+01:00,8654.56,21231.52,11447.34,52140.42,86.5
2023-03-18T20:00+01:00,5013.94,21248.51,12652.24,48994.48,86.5
2023-03-18T21:00+01:00,3905.19,20702.42,13822.12,46065.9,86.5
2023-03-18T22:00+01:00,2632.34,19628.38,15162.97,44289.85,86.5
2023-03-18T23:00+01:00,2370.53,18420.56,15895.39,41646.35,86.5
2023-03-19T00:00+01:00,55.54,17735.92,16812.03,39137.94,86.5
2023-03-19T01:00+01:00,170.72,16734.56,16515.17,37667.74,86.5
2023-03-19T02:00+01:00,-847.64,16585.14,16691.14,36397.5,86.5
2023-03-19T03:00+01:00,223.78,16585.77,16259.52,36721.6,86.5
2023-03-19T04:00+01:00,1539.32,16401.43,15850.24,36732.36,86.5
2023-03-19T05:00+01:00,1493.38,16952.47,15125.91,37165.16,86.5
2023-03-19T06:00+01:00,1312.63,17084.99,14753.64,37453.96,86.5
2023-03-19T07:00+01:00,348.55,17668.66,16087.12,39498.05,86.5
2023-03-19T08:00+01:00,655.42,17908.34,19515.82,43372.22,86.5
2023-03-19T09:00+01:00,83.43,18128.14,22969.69,46166.84,86.5
2023-03-19T10:00+01:00,1318.53,17662.78,26352.69,48477.96,86.5
2023-03-19T11:00+01:00,2120.92,16552.99,29081.55,50327.51,86.5
2023-03-19T12:00+01:00,1365.78,15759.93,30143.21,50013.72,86.5
2023-03-19T13:00+01:00,1471.34,15058.23,28970.66,47725.21,86.5
2023-03-19T14:00+01:00,1698.82,15436.73,26475.9,46027.42,86.5
2023-03-19T15:00+01:00,2446.52,17981.88,22118.96,45131.69,86.5
2023-03-19T16:00+01:00,1329.16,19496.26,17799.7,45065.04,86.5
2023-03-19T17:00+01:00,5882,22031.04,13672.14,46709.53,86.5
2023-03-19T18:00+01:00,1652.97,25059,12216.48,48783.5,86.5
2023-03-19T19:00+01:00,4687.25,25508.8,12607.14,49552.14,86.5
2023-03-19T20:00+01:00,1764.48,25699.33,12744.84,47105.62,86.5
2023-03-19T21:00+01:00,105.07,25665.28,13371.74,44871.7,86.5
2023-03-19T22:00+01:00,1549,25102.43,13541.91,44468.63,86.5
2023-03-19T23:00+01:00,887.72,24215.1,13807.4,42136.4,86.5
2023-03-20T00:00+01:00,-1295.55,23615.57,14554.56,40829.08,86.5
2023-03-20T01:00+01:00,-1719.2,23424.49,15479.81,39906.99,86.5
2023-03-20T02:00+01:00,-1539.83,23147.45,16122.29,39559.14,86.5
2023-03-20T03:00+01:00,-780.17,23575.14,16271.07,40146.1,86.5
2023-03-20T04:00+01:00,-384.56,24275.21,16777.03,42008.36,86.5
2023-03-20T05:00+01:00,267.27,26136.74,17876.08,46222.6,86.5
2023-03-20T06:00+01:00,3155.16,27885.6,17869.86,53369.62,86.5
2023-03-20T07:00+01:00,1953.84,28877.15,18976.1,58429.48,86.5
2023-03-20T08:00+01:00,2471.32,28521.79,22032.96,61361.32,86.5
2023-03-20T09:00+01:00,558.14,28360.45,26077.07,62064.99,86.5
2023-03-20T10:00+01:00,714.04,27118.62,29836.14,62839.54,86.5
2023-03-20T11:00+01:00,132.9,25695.74,32021.97,63146.19,86.5
2023-03-20T12:00+01:00,-18.04,25520.85,32475.2,63110.68,86.5
2023-03-20T13:00+01:00,442.04,26200.63,31576.26,62832.5,86.5
2023-03-20T14:00+01:00,761.25,26632.83,29837.23,60915.38,86.5
2023-03-20T15:00+01:00,1261.4,27252.97,26881.88,59674.73,86.5
2023-03-20T16:00+01:00,1519.17,28387.74,22471.66,58921.12,86.5
2023-03-20T17:00+01:00,5028.82,29403.47,18172.34,60011.16,86.5
2023-03-20T18:00+01:00,6533.79,30098.8,15648.15,61760.86,86.5
2023-03-20T19:00+01:00,4777.19,30334.97,15440.01,62446.7,86.5
2023-03-20T20:00+01:00,4721.71,30113.31,15797.97,58758.33,86.5
2023-03-20T21:00+01:00,4264.85,29420.39,15676.73,55111.88,86.5
2023-03-20T22:00+01:00,2161.97,28956.63,15015.65,51734.78,86.5
2023-03-20T23:00+01:00,994.53,27986.03,14105.67,47738.49,86.5
2023-03-21T00:00+01:00,2009.04,26571.2,13324.89,44769.08,86.5
2023-03-21T01:00+01:00,1903.15,26017.52,12473.06,42961.29,86.5
2023-03-21T02:00+01:00,2794.65,25953.02,11672.43,42385.9,86.5
2023-03-21T03:00+01:00,4228.2,25972.76,11303,42862,86.5
2023-03-21T04:00+01:00,5581.32,26276.64,11229.52,44789.24,86.5
2023-03-21T05:00+01:00,5313.77,27360.51,11667.62,47832.88,86.5
2023-03-21T06:00+01:00,6355.45,28410.22,13508.25,54260.88,86.5
2023-03-21T07:00+01:00,3942.5,29156.57,17596.54,58648.08,86.5
2023-03-21T08:00+01:00,2278.46,29233.87,22587.44,61949.26,86.5
2023-03-21T09:00+01:00,-953.56,28837.1,28022.13,62857.46,86.5
2023-03-21T10:00+01:00,-2682.67,27807.97,32614.54,63618.69,86.5
2023-03-21T11:00+01:00,-3491.34,26659.48,35581.04,64014.07,86.5
2023-03-21T12:00+01:00,-3797.31,25930.86,36743.74,63659.86,86.5
2023-03-21T13:00+01:00,-1727.38,25462,36075.2,63122.04,86.5
2023-03-21T14:00+01:00,-1316.57,26053.94,33644.61,61688.62,86.5
2023-03-21T15:00+01:00,272.21,26648.14,29516.93,60444.15,86.5
2023-03-21T16:00+01:00,1738.54,27760.88,25628.07,59689.64,86.5
2023-03-21T17:00+01:00,3666.7,28608.83,23278.18,60852.42,86.5
2023-03-21T18:00+01:00,3982.98,29418.1,23067.03,62563.3,86.5
2023-03-21T19:00+01:00,987.83,29021.91,24918.08,63513.91,86.5
2023-03-21T20:00+01:00,-1986.62,28705.8,25771.58,59967.07,86.5
2023-03-21T21:00+01:00,-1313.76,26732.02,26656.47,55853.34,86.5
2023-03-21T22:00+01:00,-3303.57,24545.49,27402.8,52377.49,86.5
2023-03-21T23:00+01:00,-4370.54,21046.21,27519.07,48527.44,86.5
2023-03-22T00:00+01:00,-4420.5,17427.88,28601.4,45102.67,86.5
2023-03-22T01:00+01:00,-3505.09,14713.6,29429.3,43988.42,86.5
2023-03-22T02:00+01:00,-2744.67,14421.39,30130.84,44256.83,86.5
2023-03-22T03:00+01:00,-1598.96,14455.99,29957.23,44879.51,86.5
2023-03-22T04:00+01:00,-273.98,14429.53,30056.75,46032.9,86.5
2023-03-22T05:00+01:00,-570.45,15489.19,31317.83,49222.27,86.5
2023-03-22T06:00+01:00,-378.25,17438.76,33827.53,56056.86,86.5
2023-03-22T07:00+01:00,-2494.35,18460.8,37855.04,61063.71,86.5
2023-03-22T08:00+01:00,-6647.28,17941.57,42355.05,62922.84,86.5
2023-03-22T09:00+01:00,-9089.78,16708.38,49276.88,62651.97,86.5
2023-03-22T10:00+01:00,-11318.43,15974.37,55629.23,63057.44,86.5
2023-03-22T11:00+01:00,-12835.67,15813.4,59533.76,63299.56,86.5
2023-03-22T12:00+01:00,-12019.4,15772.43,58119.77,63482.63,86.5
2023-03-22T13:00+01:00,-11147.02,15766.96,55659.76,63198.34,86.5
2023-03-22T14:00+01:00,-10370.25,16409.42,52990.89,61973.51,86.5
2023-03-22T15:00+01:00,-7864.4,16903.01,48647.86,61087.63,86.5
2023-03-22T16:00+01:00,-5770.78,17973.93,40924.53,60042.11,86.5
2023-03-22T17:00+01:00,-1872.79,19497.74,36346.78,60815.11,86.5
2023-03-22T18:00+01:00,-670.5,19566.26,33916.81,63167.65,86.5
2023-03-22T19:00+01:00,-1542.66,19610.57,34325.19,63849.11,86.5
2023-03-22T20:00+01:00,-3168.6,18493.44,35307.15,60826.51,86.5
2023-03-22T21:00+01:00,-2506.86,16028.97,35924.22,56672.42,86.5
2023-03-22T22:00+01:00,-3743.14,14094.22,36859.02,52471.16,86.5
2023-03-22T23:00+01:00,-3541.04,12391.65,37726.23,48502.88,86.5
2023-03-23T00:00+01:00,-5175.69,11538.69,37639.61,46145.83,86.5
2023-03-23T01:00+01:00,-6126.56,11304.55,37780.07,45008.55,86.5
2023-03-23T02:00+01:00,-6638.82,11244.62,38054.38,44548.34,86.5
2023-03-23T03:00+01:00,-5590.92,11362.14,37424.51,45051.45,86.5
2023-03-23T04:00+01:00,-5930.18,11563.34,38010.67,46145.74,86.5
2023-03-23T05:00+01:00,-4590.54,11886.39,39439.85,49667.73,86.5
2023-03-23T06:00+01:00,-5127.75,13525.8,41068.27,56138.9,86.5
2023-03-23T07:00+01:00,-6100.11,15814.46,41432.78,60678.01,86.5
2023-03-23T08:00+01:00,-7487.86,17652.69,41579.09,62434.18,86.5
2023-03-23T09:00+01:00,-8952.4,19069.91,43018.92,62345.92,86.5
2023-03-23T10:00+01:00,-6861.9,18801.62,45701.5,64422.17,86.5
2023-03-23T11:00+01:00,-7421.06,19070.61,47157.15,65509.73,86.5
2023-03-23T12:00+01:00,-3086.15,18145.93,47000.74,65972.11,86.5
2023-03-23T13:00+01:00,-2361.35,17646.08,46737.46,65737.65,86.5
2023-03-23T14:00+01:00,-553.05,17038.84,45816.9,64040.24,86.5
2023-03-23T15:00+01:00,72.2,16864.67,41506.86,62317.94,86.5
2023-03-23T16:00+01:00,2033.29,17202.17,36606.35,61097.92,86.5
2023-03-23T17:00+01:00,5567.86,17444.88,32069.24,62375.49,86.5
2023-03-23T18:00+01:00,4318.69,17326.73,30384.49,62996.1,86.5
2023-03-23T19:00+01:00,3586.41,17312.46,30856.12,62591.14,86.5
2023-03-23T20:00+01:00,996.21,16921.79,32210.53,59071.13,86.5
2023-03-23T21:00+01:00,-1962.88,16197.48,34414.33,55450.05,86.5
2023-03-23T22:00+01:00,-1498.11,14102.47,35278.03,52238.63,86.5
2023-03-23T23:00+01:00,-3360.31,11870.47,35036.01,48904.06,86.5
2023-03-24T00:00+01:00,-4226.3,10829.44,34281.51,46026.72,86.5
2023-03-24T01:00+01:00,-6054.41,10858.75,36155.13,44608.28,86.5
2023-03-24T02:00+01:00,-6097.4,10670.41,38191.3,44206.26,86.5
2023-03-24T03:00+01:00,-5623.36,10634.08,40162.1,45204.72,86.5
2023-03-24T04:00+01:00,-7246.93,10757.29,42693.35,46424.27,86.5
2023-03-24T05:00+01:00,-8977.09,11954.85,43935.4,49706.48,86.5
2023-03-24T06:00+01:00,-8380.93,14273.52,43690.01,55425.58,86.5
2023-03-24T07:00+01:00,-8599.89,15570.53,43659.68,60450.05,86.5
2023-03-24T08:00+01:00,-9639.31,16757.81,44441.68,63536.88,86.5
2023-03-24T09:00+01:00,-7891.59,16825.18,46485.79,64610,86.5
2023-03-24T10:00+01:00,-6003.95,16781.81,48524.38,65313.36,86.5
2023-03-24T11:00+01:00,-6075.31,17193.45,50026.36,65519.88,87.69
2023-03-24T12:00+01:00,-6575.74,17027.41,50240.24,63902.11,88.09
2023-03-24T13:00+01:00,-7234.52,17228.15,49128.22,61923.78,88.09
2023-03-24T14:00+01:00,-6641.53,16982.23,46390.56,60345.08,88.09
2023-03-24T15:00+01:00,-5541.86,16807.03,42707.21,59477.27,88.09
2023-03-24T16:00+01:00,-2226.2,15811.45,38325.4,58652.89,88.09
2023-03-24T17:00+01:00,2644.74,15770.99,33780.91,59333.86,88.09
2023-03-24T18:00+01:00,2210.31,16765.04,32329.06,60951.59,88.09
2023-03-24T19:00+01:00,1618.43,15934.24,35075.11,61349.39,88.09
2023-03-24T20:00+01:00,-750.57,13704.28,37071.14,57354.49,88.09
2023-03-24T21:00+01:00,-3397.35,12310.59,38171.06,53038.98,88.09
2023-03-24T22:00+01:00,-5689.4,11846.16,38624.4,50736.75,88.09
2023-03-24T23:00+01:00,-8703.05,11563.72,38828.41,47242.96,88.09
2023-03-25T00:00+01:00,-10996.66,11029.37,40226.21,44329.16,88.09
2023-03-25T01:00+01:00,-10482.94,10891.75,38674.18,42585.62,88.09
2023-03-25T02:00+01:00,-10363.52,10853.18,38982.24,41468.17,88.09
2023-03-25T03:00+01:00,-9470.97,10809.04,38528.92,41340.38,88.09
2023-03-25T04:00+01:00,-8660.54,10563.39,38901.29,41821.08,88.09
2023-03-25T05:00+01:00,-8943.87,10596.33,38793.08,42448.02,88.09
2023-03-25T06:00+01:00,-10522.26,10583.05,39581.21,43123.58,88.09
2023-03-25T07:00+01:00,-12114.22,10635.29,44253.56,45902.12,88.09
2023-03-25T08:00+01:00,-13995.5,10627.71,49195.4,49655.18,88.09
2023-03-25T09:00+01:00,-14089.32,10695.52,52649.98,52699.5,88.09
2023-03-25T10:00+01:00,-12701.49,10728.34,53328.96,53722.11,88.09
2023-03-25T11:00+01:00,-10497.92,10761.83,52628.6,54631.16,88.09
2023-03-25T12:00+01:00,-9128.41,10615.09,51614.37,53660.77,88.09
2023-03-25T13:00+01:00,-11944.98,10636.8,51636.61,51788.11,88.09
2023-03-25T14:00+01:00,-11009.33,10661.67,48839.3,50309.89,88.09
2023-03-25T15:00+01:00,-10079.2,10585.76,47290.34,49721.1,88.09
2023-03-25T16:00+01:00,-10245.36,10601.56,46914.16,49661.22,88.09
2023-03-25T17:00+01:00,-11007.33,10624.88,44814.72,51361.29,88.09
2023-03-25T18:00+01:00,-9762.16,11038.53,42085.58,53352.63,88.09
2023-03-25T19:00+01:00,-10044.22,10829.5,42781.22,53871.84,88.09
2023-03-25T20:00+01:00,-10098.24,9988.89,43972.1,50827.75,88.09
2023-03-25T21:00+01:00,-12071.48,9595.68,44084.55,48411.09,88.09
2023-03-25T22:00+01:00,-10726.34,9542.25,41653.12,46532.42,88.09
2023-03-25T23:00+01:00,-11070.27,9628.66,40332.57,43275.72,88.09
2023-03-26T00:00+01:00,-9665.38,9481.24,38666.8,41531.9,88.09
2023-03-26T01:00+01:00,-9346.03,9102.39,36828.5,40000.94,88.09
2023-03-26T03:00+02:00,-8684.76,9437.55,35100.95,39493.62,88.09
2023-03-26T04:00+02:00,-6717.76,9392.83,31841.28,39464.71,88.09
2023-03-26T05:00+02:00,-3579.33,9416.35,28378.88,39835.24,88.09
2023-03-26T06:00+02:00,-1560.31,9575.65,24805.82,39269.56,88.09
2023-03-26T07:00+02:00,1752.05,9686.95,21794.3,39570.32,88.09
2023-03-26T08:00+02:00,4355.86,9706.67,21070.92,41748.15,88.09
2023-03-26T09:00+02:00,3626.12,9838.7,23000.94,44825.62,88.09
2023-03-26T10:00+02:00,4535.82,9799.5,25714.94,47765.5,88.09
2023-03-26T11:00+02:00,4937.57,9618.41,27857.27,50221.76,88.09
2023-03-26T12:00+02:00,4775.4,9506.81,30725.25,50222.82,88.09
2023-03-26T13:00+02:00,3096.65,9446.21,33487.63,49087.97,88.09
2023-03-26T14:00+02:00,1548.21,9884.13,34681.68,48396.94,88.09
2023-03-26T15:00+02:00,113.22,10104.28,34727,47410.21,88.09
2023-03-26T16:00+02:00,328.97,10664.85,32495.53,46833.77,88.09
2023-03-26T17:00+02:00,1991.49,11495.89,30992.93,47993.81,88.09
2023-03-26T18:00+02:00,1346.67,13396.69,28815.51,50726.94,88.09
2023-03-26T19:00+02:00,601.12,13973.18,27886.23,51757.92,88.09
2023-03-26T20:00+02:00,-491.5,14667.75,28701.47,51018.56,88.09
2023-03-26T21:00+02:00,-1580.82,14167.41,29545.34,49514.84,88.09
2023-03-26T22:00+02:00,-1533.24,13317.24,29703.42,48587.67,88.09
2023-03-26T23:00+02:00,-3013.39,12853.34,29682.72,45321.76,88.09
2023-03-27T00:00+02:00,-2894.52,12617.11,30065.28,43909.34,88.09
2023-03-27T01:00+02:00,-4643.87,12451.78,30287.12,42680,88.09
2023-03-27T02:00+02:00,-3595.27,12247.68,30751.64,42212.52,88.09
2023-03-27T03:00+02:00,-4522.34,12537.29,31285.78,42911.94,88.09
2023-03-27T04:00+02:00,-2867.89,12774.12,30797.9,44435.7,88.09
2023-03-27T05:00+02:00,-3312.04,14515.45,29820.75,47733.5,88.09
2023-03-27T06:00+02:00,-447.42,16690.77,29271.11,54976.32,88.09
2023-03-27T07:00+02:00,1657.37,17486.95,28790.09,59279.44,88.09
2023-03-27T08:00+02:00,1255.28,18578.56,29838.98,61815.34,88.09
2023-03-27T09:00+02:00,-1069.59,19111.79,35240.95,62128.4,88.09
2023-03-27T10:00+02:00,-3016.88,17619.11,42862.98,63395.13,88.09
2023-03-27T11:00+02:00,-4590.51,16898.13,47186.4,64003.09,88.09
2023-03-27T12:00+02:00,-5111,15286.87,50644.46,63606.26,88.09
2023-03-27T13:00+02:00,-6298.44,14787.68,53286.7,63485.47,88.09
2023-03-27T14:00+02:00,-8259.21,14385.2,54564.2,61823.07,88.09
2023-03-27T15:00+02:00,-8306.24,14278.81,53182.24,60413.62,88.09
2023-03-27T16:00+02:00,-7145.72,14908.87,50404.56,59663.18,88.09
2023-03-27T17:00+02:00,-6229.57,16783.93,45129.63,59620.63,88.09
2023-03-27T18:00+02:00,-3293.57,19134.16,38373.86,60554.61,88.09
2023-03-27T19:00+02:00,-2688.76,20451.26,35007.09,61875.73,88.09
2023-03-27T20:00+02:00,-3362.29,20868.31,34795.88,60995.52,88.09
2023-03-27T21:00+02:00,-4048.2,20785.1,34764.32,57232.5,88.09
2023-03-27T22:00+02:00,-6098.84,20167.1,35362.29,54663.05,88.09
2023-03-27T23:00+02:00,-7314.58,18583.39,34106.04,51343.32,88.09
2023-03-28T00:00+02:00,-5915.13,17000.83,34349.73,49172.96,88.09
2023-03-28T01:00+02:00,-5187.34,16154.85,33995.15,48090.5,88.09
2023-03-28T02:00+02:00,-4464.3,16460.19,32585.22,47556.87,88.09
2023-03-28T03:00+02:00,-4218.23,17816.14,29827.93,47303.68,88.09
2023-03-28T04:00+02:00,-2992.03,19789.64,27142.73,48873.04,88.09
2023-03-28T05:00+02:00,-1264.46,21167.38,25860.2,52019.24,88.09
2023-03-28T06:00+02:00,1168.7,23607.75,24451.75,58524.98,88.09
2023-03-28T07:00+02:00,2373.53,25252.3,23102.51,62458.78,88.09
2023-03-28T08:00+02:00,2383.77,25526.35,24443.52,64246.74,88.09
2023-03-28T09:00+02:00,-95.2,25652.85,28771.84,64551.66,88.09
2023-03-28T10:00+02:00,-603.59,24330.1,34978.83,64283.7,88.09
2023-03-28T11:00+02:00,-1225.7,22401.26,39395.83,64840.77,88.09
2023-03-28T12:00+02:00,-1184.81,21124.14,41211.96,64993.57,88.09
2023-03-28T13:00+02:00,837.46,19382.98,42360.69,63359.91,88.09
2023-03-28T14:00+02:00,-239.45,18195.35,42672.05,61311.71,88.09
2023-03-28T15:00+02:00,579.39,17443.04,40895.57,60331.85,88.09
2023-03-28T16:00+02:00,100.06,18814.19,35828.34,58922.66,88.09
2023-03-28T17:00+02:00,3969.39,21779.27,27934.49,58985.32,88.09
2023-03-28T18:00+02:00,7063.71,25334.3,19843.82,59966.06,88.09
2023-03-28T19:00+02:00,8541.16,26276.55,15461.27,61329.39,88.09
2023-03-28T20:00+02:00,6347.1,26307.65,16724.97,59560.39,88.09
2023-03-28T21:00+02:00,4270.76,25561.73,19063.17,56697.7,88.09
2023-03-28T22:00+02:00,2482.09,24388.39,20509.13,53502.52,88.09
2023-03-28T23:00+02:00,92.84,22648.63,21914.91,49717.66,88.09
2023-03-29T00:00+02:00,-681.12,21344.37,22122.42,46957.57,88.09
2023-03-29T01:00+02:00,-1472.79,20894.71,22029.07,45574.8,88.09
2023-03-29T02:00+02:00,-1273.02,20863.15,21987.86,45189.56,88.09
2023-03-29T03:00+02:00,-1544.63,21283.86,22263.86,45657.12,88.09
2023-03-29T04:00+02:00,-701.51,21797.67,22403.34,47230.04,88.09
2023-03-29T05:00+02:00,-826.48,22587.16,22802.53,50476.12,88.09
2023-03-29T06:00+02:00,1146.48,25150.49,23100.36,56995.22,88.09
2023-03-29T07:00+02:00,1906.53,26517.39,22966.53,61269.28,88.09
2023-03-29T08:00+02:00,1414.84,26911.33,23597.43,63643.31,88.09
2023-03-29T09:00+02:00,1271.1,27014.77,24455.22,64486.28,88.09
2023-03-29T10:00+02:00,2965.42,26194.86,26824.19,65515.96,88.09
2023-03-29T11:00+02:00,3735.76,23920.05,29288.35,66020.67,88.09
2023-03-29T12:00+02:00,2938.78,23118.35,31920.93,64902.32,88.09
2023-03-29T13:00+02:00,3833.83,21963.37,33616.53,63500.32,88.09
2023-03-29T14:00+02:00,1888.88,21909.66,33584.24,61577.93,88.09
2023-03-29T15:00+02:00,2018.8,22280.46,31357.54,60792.81,88.09
2023-03-29T16:00+02:00,3781.79,22909.91,26752.43,59458.71,88.09
2023-03-29T17:00+02:00,6723.9,23568.17,21885.75,59788.06,88.09
2023-03-29T18:00+02:00,7034.87,25529.1,17220.55,60037.08,88.09
2023-03-29T19:00+02:00,7414.49,26192.29,16306.44,60941.4,88.09
2023-03-29T20:00+02:00,5507.7,25681.65,18364.77,58787.03,88.09
2023-03-29T21:00+02:00,4332.06,24083.41,20409.28,55420.99,88.09
2023-03-29T22:00+02:00,2636.54,21195.22,22709.77,52091.68,88.09
2023-03-29T23:00+02:00,404.42,18145.92,24686.1,48480.4,88.09
2023-03-30T00:00+02:00,-2211.9,16276.86,27022.5,44872.06,88.09
2023-03-30T01:00+02:00,-3351.01,15085.23,28109.55,43515.48,88.09
2023-03-30T02:00+02:00,-3400.57,14526.36,28896.9,42927.25,88.09
2023-03-30T03:00+02:00,-2214.03,14308.68,30126.85,42923.76,88.09
2023-03-30T04:00+02:00,-2269.95,14597.32,31229.44,45647.49,88.09
2023-03-30T05:00+02:00,-1756.76,15546.16,32564.14,49753.25,88.09
2023-03-30T06:00+02:00,-2044.4,17607.64,35179.66,55752.69,88.09
2023-03-30T07:00+02:00,-2572.92,18873.42,36428.57,60582.24,88.09
2023-03-30T08:00+02:00,-2845.52,19406.01,39063.33,63264.2,88.09
2023-03-30T09:00+02:00,-3380.58,18224.81,42218.06,64640.66,88.09
2023-03-30T10:00+02:00,-6136.03,17001.26,46761.16,65577.08,88.09
2023-03-30T11:00+02:00,-5111.49,15367.27,50227.97,66023.14,88.09
2023-03-30T12:00+02:00,-5353.06,13054.85,54690.1,66627.23,88.09
2023-03-30T13:00+02:00,-7487.36,12822.44,57843.56,65012,88.09
2023-03-30T14:00+02:00,-9261.7,12509.67,59015.49,63445.47,88.09
2023-03-30T15:00+02:00,-8984.67,12565.22,57997.76,62176.02,88.09
2023-03-30T16:00+02:00,-7936.19,12380.63,54171.46,61189.99,88.09
2023-03-30T17:00+02:00,-5641.6,12794.05,50126.47,60958.56,88.09
2023-03-30T18:00+02:00,-2693.73,15102.95,43080.41,61309.59,88.09
2023-03-30T19:00+02:00,-2397.05,17617.93,37986.55,61971.33,88.09
2023-03-30T20:00+02:00,-3953.32,18520.85,37270.67,60677.44,88.09
2023-03-30T21:00+02:00,-5073.19,16989.59,37510.28,57358.8,88.09
2023-03-30T22:00+02:00,-5000.37,15313.29,37202.41,54025.36,88.09
2023-03-30T23:00+02:00,-4569.38,13873.69,35651.04,49972.25,88.09
2023-03-31T00:00+02:00,-3892.31,13018.7,35558.8,47175.38,88.09
2023-03-31T01:00+02:00,-4643.94,12792.06,36160.96,46158.6,88.09
2023-03-31T02:00+02:00,-4634.82,12488.74,35625.72,45224.8,88.09
2023-03-31T03:00+02:00,-2380.45,12512.27,33312.37,45153.05,88.09
2023-03-31T04:00+02:00,-1079.14,13711.31,29896.38,46163.74,88.09
2023-03-31T05:00+02:00,678.79,15284.11,27297.92,49314.98,88.09
2023-03-31T06:00+02:00,3069.96,17458.25,25932.99,55439,88.09
2023-03-31T07:00+02:00,3888.73,18457.29,25449.68,59525.57,88.09
2023-03-31T08:00+02:00,6068.42,18664.07,26101.36,62402.73,88.09
2023-03-31T09:00+02:00,5924.23,18459.59,27646.26,62894.64,88.09
2023-03-31T10:00+02:00,5154.06,18249.1,31355.24,64096.18,88.09
2023-03-31T11:00+02:00,3422.14,17871.68,35387.09,63860.06,88.48
2023-03-31T12:00+02:00,2412.91,16901.34,37905.57,63277.37,88.61
2023-03-31T13:00+02:00,1509.43,16027.9,37132.66,61291.42,88.61
2023-03-31T14:00+02:00,1278.09,15977.25,36734.01,59441.51,88.61
2023-03-31T15:00+02:00,1876.33,16347.12,35375.46,58386.56,88.61
2023-03-31T16:00+02:00,3513.63,16364.27,32390.33,57595.78,88.61
2023-03-31T17:00+02:00,6661.54,16821.15,28060.86,57898.22,88.61
2023-03-31T18:00+02:00,7098.3,17117.88,24718.8,57989.84,88.61
2023-03-31T19:00+02:00,7638.46,17108.43,23881.64,59139.41,88.61
2023-03-31T20:00+02:00,5765.61,16880.39,25743.01,57514.18,88.61
2023-03-31T21:00+02:00,4246.97,15820.47,27472.54,54293.08,88.61
2023-03-31T22:00+02:00,1092.61,15277.85,28495.91,51697.61,88.61
2023-03-31T23:00+02:00,-222.59,13284.86,29075.84,47982.02,88.61
2023-04-01T00:00+02:00,-2040.62,11425.98,30540.13,44728.48,88.61
2023-04-01T01:00+02:00,-2886.75,10567.15,31181.87,42753.58,88.61
2023-04-01T02:00+02:00,-3110.83,10339.97,31836.29,41755.35,88.61
2023-04-01T03:00+02:00,-1798.54,10285.91,32716.81,41828.83,88.61
2023-04-01T04:00+02:00,-1696.74,10347.47,33499.01,42120.12,88.61
2023-04-01T05:00+02:00,-2735.04,10480.37,34600.65,43007.12,88.61
2023-04-01T06:00+02:00,-4769.23,10485.82,36474.25,45044.58,88.61
2023-04-01T07:00+02:00,-4479.04,10457.57,37701.28,47553.16,88.61
2023-04-01T08:00+02:00,-3874.73,10546.2,40159.87,51196.48,88.61
2023-04-01T09:00+02:00,-4704.25,10590.48,43063.53,54306.76,88.61
2023-04-01T10:00+02:00,-4667.75,10919.65,44932.89,56401.84,88.61
2023-04-01T11:00+02:00,-4375.51,11046.76,46154.03,57681.38,88.61
2023-04-01T12:00+02:00,-3961.32,11095.51,46369.35,57219.6,88.61
2023-04-01T13:00+02:00,-3810.55,11405.69,46201.85,55701.24,88.61
2023-04-01T14:00+02:00,-3676.5,11719.88,45849.54,54003.72,88.61
2023-04-01T15:00+02:00,-4739.61,11852.58,45547.31,53421.72,88.61
2023-04-01T16:00+02:00,-4833.84,11876.23,45006.2,52825.59,88.61
2023-04-01T17:00+02:00,-5698.3,12018.66,43360.02,53965.94,88.61
2023-04-01T18:00+02:00,-6377.22,12638.35,40655.28,53896.77,88.61
2023-04-01T19:00+02:00,-8546.96,12714.84,38917.11,54872.48,88.61
2023-04-01T20:00+02:00,-10256.45,12541.75,38512.52,53074.36,88.61
2023-04-01T21:00+02:00,-10251.77,12340.59,37723.28,50194.67,88.61
2023-04-01T22:00+02:00,-9063.57,12378.08,36579.82,48710.47,88.61
2023-04-01T23:00+02:00,-8793.92,12348.16,36089.09,45604.41,88.61
2023-04-02T00:00+02:00,-9411.3,11080.1,36445.49,43931.43,88.61
2023-04-02T01:00+02:00,-9835.04,10795.35,36412.9,41681.7,88.61
2023-04-02T02:00+02:00,-9634.42,10718.6,34691.22,40207.71,88.61
2023-04-02T03:00+02:00,-7164.52,10522.76,33181.98,39750.37,88.61
2023-04-02T04:00+02:00,-5730.17,10556.32,31501.52,39990.65,88.61
2023-04-02T05:00+02:00,-5116.89,10769.38,30576.58,39991.94,88.61
2023-04-02T06:00+02:00,-5999.29,10994.06,29938.8,39929.47,88.61
2023-04-02T07:00+02:00,-5635.74,11017.77,29616.68,41172.26,88.61
2023-04-02T08:00+02:00,-4819.17,11153.02,31149.96,44197.34,88.61
2023-04-02T09:00+02:00,-4204.33,10988.61,34790.19,47340.65,88.61
2023-04-02T10:00+02:00,-3826,10855.89,37996.52,49650.49,88.61
2023-04-02T11:00+02:00,-3390.72,11104.75,40034.78,50940.37,88.61
2023-04-02T12:00+02:00,-3354.23,10857.6,41651.76,51204.37,88.61
2023-04-02T13:00+02:00,-5056.44,10451.05,42921.79,50161.47,88.61
2023-04-02T14:00+02:00,-5721.57,10460.05,43448.41,48651.03,88.61
2023-04-02T15:00+02:00,-5241.88,10911.14,42043.79,47791.8,88.61
2023-04-02T16:00+02:00,-3739.66,11776.44,38904.4,47515.18,88.61
2023-04-02T17:00+02:00,-3011.5,13831.19,34728.23,48844.82,88.61
2023-04-02T18:00+02:00,-3255.45,15980.28,30080.75,50858.54,88.61
2023-04-02T19:00+02:00,-3185.42,17161.03,26453.54,51754.09,88.61
2023-04-02T20:00+02:00,-3888.79,18383.3,25791.32,51584.78,88.61
2023-04-02T21:00+02:00,-2510.53,18886.65,25426.73,50015.85,88.61
2023-04-02T22:00+02:00,-3226.23,19243.89,24789.01,49246.53,88.61
2023-04-02T23:00+02:00,-3643.21,19700.33,24008.08,47102.38,88.61
2023-04-03T00:00+02:00,-3038.56,18234.9,22748.23,44980.12,88.61
2023-04-03T01:00+02:00,-1334.81,18136.43,21606.2,43088.3,88.61
2023-04-03T02:00+02:00,243.43,18489.39,20782.96,42481.73,88.61
2023-04-03T03:00+02:00,766.28,20071.05,20420.44,42902.7,88.61
2023-04-03T04:00+02:00,-108.07,21572.99,20077.3,44425.09,88.61
2023-04-03T05:00+02:00,-226.23,23910.77,20282.86,48212.73,88.61
2023-04-03T06:00+02:00,2119.16,25950.86,20354.28,55006.49,88.61
2023-04-03T07:00+02:00,129.52,26876.41,21140.93,59051.95,88.61
2023-04-03T08:00+02:00,-392.26,26542.91,24497.75,61108.35,88.61
2023-04-03T09:00+02:00,-3905.14,25522,31536.55,61948.1,88.61
2023-04-03T10:00+02:00,-4611.2,22737.62,39844.57,62051.55,88.61
2023-04-03T11:00+02:00,-5532.6,20329.64,44659.28,62309.46,88.61
2023-04-03T12:00+02:00,-4473.97,18997.22,46261.76,61586.82,88.61
2023-04-03T13:00+02:00,-3261.01,17819.92,45160.75,60714.1,88.61
2023-04-03T14:00+02:00,-3705.81,18261.05,43302.15,58746.06,88.61
2023-04-03T15:00+02:00,-1707.48,18711.19,40617.78,57926.06,88.61
2023-04-03T16:00+02:00,-899.34,19779.11,35888.57,57031.66,88.61
2023-04-03T17:00+02:00,752.46,23245.03,29400.59,57515.11,88.61
2023-04-03T18:00+02:00,3292.41,26949.72,22665.74,58464.45,88.61
2023-04-03T19:00+02:00,3429,29163.22,18418.52,60514.56,88.61
2023-04-03T20:00+02:00,2259.26,29466.36,18479.38,59220.36,88.61
2023-04-03T21:00+02:00,1480.89,29142.64,18960.23,56418.1,88.61
2023-04-03T22:00+02:00,1691.16,28299.37,18226.79,53278.42,88.61
2023-04-03T23:00+02:00,1853.18,26169.42,17231.85,49708.78,88.61
2023-04-04T00:00+02:00,3537.54,25103.28,16333.92,47748.33,88.61
2023-04-04T01:00+02:00,3700.5,25206.71,15014.78,46185.5,88.61
2023-04-04T02:00+02:00,4142.32,25608.29,14048.85,45369.5,88.61
2023-04-04T03:00+02:00,5314.69,25874.92,13225.39,45396.61,88.61
2023-04-04T04:00+02:00,5394.72,26913.4,12445.38,46350.71,88.61
2023-04-04T05:00+02:00,5301.74,29364.56,11812.64,49759.54,88.61
2023-04-04T06:00+02:00,5362.26,32039.16,11534.65,55440.04,88.61
2023-04-04T07:00+02:00,2834.67,33085.45,13395.04,59394.47,88.61
2023-04-04T08:00+02:00,427.18,32969.38,19605.15,61882.32,88.61
2023-04-04T09:00+02:00,-2550.88,29684.17,28246.82,62013.13,88.61
2023-04-04T10:00+02:00,-4397.77,25684.14,34285.73,62281.64,88.61
2023-04-04T11:00+02:00,-3463.42,22546.86,37845.35,61892.16,88.61
2023-04-04T12:00+02:00,133.75,20381.67,39849.06,61493.59,88.61
2023-04-04T13:00+02:00,-532.5,19579.73,40628.83,59826.7,88.61
2023-04-04T14:00+02:00,-2034.44,19044.32,39761.12,57953.24,88.61
2023-04-04T15:00+02:00,-2200.8,18927.2,36837.67,56350.8,88.61
2023-04-04T16:00+02:00,-904.85,21534.2,30868.47,55958.12,88.61
2023-04-04T17:00+02:00,1584.55,26368.54,23166.61,56925.06,88.61
2023-04-04T18:00+02:00,4565.69,31361.6,15187.07,58219.15,88.61
2023-04-04T19:00+02:00,5020.11,32554.36,10485.59,59314.26,88.61
2023-04-04T20:00+02:00,5289.54,32743.63,10220.46,58995.78,88.61
2023-04-04T21:00+02:00,4782.51,32410.86,10782.51,56076.32,88.61
2023-04-04T22:00+02:00,3189.41,31789.74,10917.66,53184.26,88.61
2023-04-04T23:00+02:00,3377.83,30104.97,10826.13,49791.19,88.61
2023-04-05T00:00+02:00,4741.82,27966.7,10560.26,47346.26,88.61
2023-04-05T01:00+02:00,4695.52,27186.92,9974.87,45934.16,88.61
2023-04-05T02:00+02:00,3757.64,27424.8,9458.85,44898.49,88.61
2023-04-05T03:00+02:00,4158.13,27490.81,8888.5,45569.01,88.61
2023-04-05T04:00+02:00,5032.5,28480.53,8460.49,46465.04,88.61
2023-04-05T05:00+02:00,5435.27,30419.29,8333.56,49703.01,88.61
2023-04-05T06:00+02:00,5766.14,32486.03,8529.29,55096.89,88.61
2023-04-05T07:00+02:00,3286.29,33152.53,10931.43,59551.24,88.61
2023-04-05T08:00+02:00,1658.3,31818.03,18172.54,61387.23,88.61
2023-04-05T09:00+02:00,-1541.15,29974.8,26819.5,61810.1,88.61
2023-04-05T10:00+02:00,-4039.64,27051.06,34319.62,62132.9,88.61
2023-04-05T11:00+02:00,-1888.91,22818.47,38457.08,61926.47,88.61
2023-04-05T12:00+02:00,-2668.58,21041.87,40077.37,60576.8,88.61
2023-04-05T13:00+02:00,-647.9,20289.83,40174.59,58793.46,88.61
2023-04-05T14:00+02:00,-872.83,20356.59,38069.83,57106.93,88.61
2023-04-05T15:00+02:00,-1029.69,21628.97,34739.02,56840.28,88.61
2023-04-05T16:00+02:00,432.53,22979.98,28973.93,55838.55,88.61
2023-04-05T17:00+02:00,1522.68,27483.18,21813.66,55858.82,88.61
2023-04-05T18:00+02:00,2948.08,31691.05,14039.49,56982.14,88.61
2023-04-05T19:00+02:00,4904.9,33343.77,9133.63,58494.17,88.61
2023-04-05T20:00+02:00,3522.44,33372.98,8989.35,58382.3,88.61
2023-04-05T21:00+02:00,1595.68,32467.9,9741.86,55218.8,88.61
2023-04-05T22:00+02:00,2586.2,31744.64,10522.59,52850.12,88.61
2023-04-05T23:00+02:00,2136.5,29638.22,11147.86,49757.15,88.61
2023-04-06T00:00+02:00,1162.37,27360.75,11685.5,47277.34,88.61
2023-04-06T01:00+02:00,1800.75,26267.28,12241.62,45755.3,88.61
2023-04-06T02:00+02:00,1477.69,25837.89,12594.1,44981.23,88.61
2023-04-06T03:00+02:00,3149.55,25534.21,12642.56,44771.68,88.61
2023-04-06T04:00+02:00,3675.68,25481.23,12631.91,46291.7,88.61
2023-04-06T05:00+02:00,4161.94,26499.23,12821.48,49595.93,88.61
2023-04-06T06:00+02:00,5715.99,27174.53,13283.38,54523.96,88.61
2023-04-06T07:00+02:00,4093.15,27376.51,16439.54,57945.07,88.61
2023-04-06T08:00+02:00,-939.67,26896.34,24292.97,60357.8,88.61
2023-04-06T09:00+02:00,-4923.18,25482.65,32362.77,60769.63,88.61
2023-04-06T10:00+02:00,-7753.68,23394.3,40265.57,60412.5,88.61
2023-04-06T11:00+02:00,-8745.33,21161.25,47140.44,60510.68,88.61
2023-04-06T12:00+02:00,-9790.11,20135.8,50081.24,59784.03,88.61
2023-04-06T13:00+02:00,-9519.06,18805.35,49578.02,58410.97,88.61
2023-04-06T14:00+02:00,-9245.34,18243.01,47434.38,57077.55,88.61
2023-04-06T15:00+02:00,-6825.23,18312.46,42778.86,56575.76,88.61
2023-04-06T16:00+02:00,-3214.03,19224.47,36541.6,56582.44,88.61
2023-04-06T17:00+02:00,113.81,22261.49,28503.92,56708,88.61
2023-04-06T18:00+02:00,2682.59,25127.51,20999.86,57004.46,88.61
2023-04-06T19:00+02:00,1443.8,25918.28,18143.6,57457.99,88.61
2023-04-06T20:00+02:00,-1065.55,26295.07,21335.92,55996.49,88.61
2023-04-06T21:00+02:00,-2309.72,25624.03,24766.4,53906.77,88.61
2023-04-06T22:00+02:00,-4815.77,24158.12,26017.36,51097.81,88.61
2023-04-06T23:00+02:00,-5718.37,22279.62,25831.28,47212.42,88.61
2023-04-07T00:00+02:00,-3390.86,19357.65,24416.24,44355.98,88.61
2023-04-07T01:00+02:00,-2282.34,18526.6,22852.32,41855.9,88.61
2023-04-07T02:00+02:00,-3489.88,18932.07,21482.94,40577.25,88.61
2023-04-07T03:00+02:00,-3174.85,19099.83,20851.29,40315.57,88.61
2023-04-07T04:00+02:00,-2932.64,19178.54,20082.11,40343.28,88.61
2023-04-07T05:00+02:00,-4422.95,20110.38,19499.13,39889.16,88.61
2023-04-07T06:00+02:00,-5852.52,20786.85,19475.68,39788.23,88.61
2023-04-07T07:00+02:00,-7061.98,21150.59,20613.86,41423.8,88.61
2023-04-07T08:00+02:00,-7213.12,21211.92,23922.14,44418.08,88.61
2023-04-07T09:00+02:00,-6803.93,20141.75,28339.39,46738.89,88.61
2023-04-07T10:00+02:00,-8517.24,18687.85,34265.56,48533.1,88.61
2023-04-07T11:00+02:00,-8671.53,17344.56,39216.53,50502.03,88.61
2023-04-07T12:00+02:00,-10006.51,15908.39,40914.47,50889.96,88.61
2023-04-07T13:00+02:00,-10069.68,15721.96,40557.14,48244.43,88.61
2023-04-07T14:00+02:00,-9615.9,15714.89,38694.79,46460.62,88.61
2023-04-07T15:00+02:00,-8645.19,16659.44,35568.15,45668.57,88.61
2023-04-07T16:00+02:00,-5329.48,17475.14,31688.55,45465.17,88.61
2023-04-07T17:00+02:00,-3658.53,19484.98,27108.01,46930.15,88.61
2023-04-07T18:00+02:00,-1855.16,22196.7,22428.69,48789.78,88.61
2023-04-07T19:00+02:00,-3006.17,22809.93,19017.35,49775.09,88.61
2023-04-07T20:00+02:00,-2966.57,22941.84,18516.87,49311.44,88.61
2023-04-07T21:00+02:00,-2602.08,22287.9,17943.52,47695.15,88.61
2023-04-07T22:00+02:00,-3185.12,21412.19,17109.98,45925.39,88.61
2023-04-07T23:00+02:00,-2692,20601.41,16429.71,43723.62,88.61
2023-04-08T00:00+02:00,-1703.92,19400.85,15903.34,41286.82,88.61
2023-04-08T01:00+02:00,-1347.82,18817.86,14961.7,38936.94,88.61
2023-04-08T02:00+02:00,-727.64,18466.07,13843.64,37643.42,88.61
2023-04-08T03:00+02:00,-584.24,18673.01,12656.52,37628.44,88.61
2023-04-08T04:00+02:00,708.31,18734.75,11878.06,38162.37,88.61
2023-04-08T05:00+02:00,1021.04,19422.97,11530.01,38461.63,88.61
2023-04-08T06:00+02:00,1836.64,19897.46,11758.16,39756.29,88.61
2023-04-08T07:00+02:00,2649.92,20102.82,12467.82,41532.12,88.61
2023-04-08T08:00+02:00,2937.76,20210.57,14019.22,44731.27,88.61
2023-04-08T09:00+02:00,3193.94,20130.32,15699.99,46932.41,88.61
2023-04-08T10:00+02:00,2618.5,19777.75,17970.6,48381.4,88.61
2023-04-08T11:00+02:00,3156.63,19017.29,19859.62,49102.68,88.61
2023-04-08T12:00+02:00,3478.54,18496.81,20810.51,48366.53,88.61
2023-04-08T13:00+02:00,4361.07,18356.43,21010.96,47152.38,88.61
2023-04-08T14:00+02:00,3854.72,18208.97,21034.43,46193.47,88.61
2023-04-08T15:00+02:00,5753.22,18128.53,20271.33,45867.93,88.61
2023-04-08T16:00+02:00,6763.51,18080.84,18363.13,45607.29,88.61
2023-04-08T17:00+02:00,6718.95,19135.26,15558.25,46557.5,88.61
2023-04-08T18:00+02:00,8399.56,20491.63,12723.96,47800.34,88.61
2023-04-08T19:00+02:00,5993.25,21106.21,11115.42,48270.98,88.61
2023-04-08T20:00+02:00,3314.27,21223.36,10828.34,47042.97,88.61
2023-04-08T21:00+02:00,3239.96,21328.85,10788.62,44597.59,88.61
2023-04-08T22:00+02:00,4478.54,20883.31,10280.49,42982.51,88.61
2023-04-08T23:00+02:00,4636.61,19914.12,9709.77,40755.62,88.61
2023-04-09T00:00+02:00,4593.52,18829.96,9282.05,38723.47,88.61
2023-04-09T01:00+02:00,4459.35,18056.59,9074.11,36311.96,88.61
2023-04-09T02:00+02:00,5030.13,17416.41,8963.56,35290.36,88.61
2023-04-09T03:00+02:00,5008.41,16906.92,8865.01,35154.29,88.61
2023-04-09T04:00+02:00,5866.14,16774.58,8710.24,35206.54,88.61
2023-04-09T05:00+02:00,6008.38,16776.92,8686.72,35746.75,88.61
2023-04-09T06:00+02:00,5535.84,16511.24,8724.36,35561.84,88.61
2023-04-09T07:00+02:00,5079.34,16448.27,10729.87,36594.92,88.61
2023-04-09T08:00+02:00,4275.11,15538.58,15970.1,38977.68,88.61
2023-04-09T09:00+02:00,-1098.13,14374.72,22729.47,41364.3,88.61
2023-04-09T10:00+02:00,-3610.18,12622.77,29250.71,41458.06,88.61
2023-04-09T11:00+02:00,-3760.44,11200.88,33012.16,42416.43,88.61
2023-04-09T12:00+02:00,-2979.55,10719.87,34296.16,41910.62,88.61
2023-04-09T13:00+02:00,-2925.37,10594.93,34561.28,40475.68,88.61
2023-04-09T14:00+02:00,-4199.6,10499.86,33433.82,38787.6,88.61
2023-04-09T15:00+02:00,-3402.45,10385.35,31845.49,36928.8,88.61
2023-04-09T16:00+02:00,-11.67,10719.17,28236.46,36406.35,88.61
2023-04-09T17:00+02:00,1256.94,11803.38,22932.33,37235.05,88.61
2023-04-09T18:00+02:00,4500.78,14016.07,16258.78,40204.89,88.61
2023-04-09T19:00+02:00,3893.32,15505.47,12595.32,42028.22,88.61
2023-04-09T20:00+02:00,2268.55,16036.52,13349.18,42164.69,88.61
2023-04-09T21:00+02:00,1436.96,15280.51,15940.39,41909.29,88.61
2023-04-09T22:00+02:00,-891.48,14925.68,18229.26,41543.91,88.61
2023-04-09T23:00+02:00,-604.6,13251.77,20462.58,39085.38,88.61
2023-04-10T00:00+02:00,-1345.48,11848.55,21695.19,37028.35,88.61
2023-04-10T01:00+02:00,-2387.48,11252.8,21957.61,35425.67,88.61
2023-04-10T02:00+02:00,-2607.78,11004.74,21756.69,34611.09,88.61
2023-04-10T03:00+02:00,-1585.49,10766.43,22697.52,34388.3,88.61
2023-04-10T04:00+02:00,80.32,10556.51,23187.28,34896.62,88.61
2023-04-10T05:00+02:00,-782.57,10412.46,24004.09,35654.22,88.61
2023-04-10T06:00+02:00,-2367.05,10368.55,25655.77,36070.96,88.61
2023-04-10T07:00+02:00,-3753.33,10131.39,29479.34,37078.19,88.61
2023-04-10T08:00+02:00,-8926.75,9887.47,35786.6,39668.6,88.61
2023-04-10T09:00+02:00,-11634.55,9757.14,42026.11,42088.68,88.61
2023-04-10T10:00+02:00,-15605.29,9660.06,48924.03,42871.49,88.61
2023-04-10T11:00+02:00,-17693.73,9631.37,53588.72,44056.24,88.61
2023-04-10T12:00+02:00,-18290.78,9271.16,54506.57,44218.37,88.61
2023-04-10T13:00+02:00,-18258,9221.01,52191.31,42264.94,88.61
2023-04-10T14:00+02:00,-19226.89,9379.58,50613.02,41102.11,88.61
2023-04-10T15:00+02:00,-18800.88,9378.76,50215.64,41648.54,88.61
2023-04-10T16:00+02:00,-15005.27,9356.46,46665.66,42817.43,88.61
2023-04-10T17:00+02:00,-11110.48,9576.44,44029.39,44883.56,88.61
2023-04-10T18:00+02:00,-9489.29,10257.76,40472.82,46825.08,88.61
2023-04-10T19:00+02:00,-9091.52,10933.15,38116.41,48110.49,88.61
2023-04-10T20:00+02:00,-11012.02,11129.2,40594.64,48090.71,88.61
2023-04-10T21:00+02:00,-12739.7,11046.67,42675.4,47518.34,88.61
2023-04-10T22:00+02:00,-14272.2,10808.4,42609.23,47341.9,88.61
2023-04-10T23:00+02:00,-13786.55,10633.39,41282.37,44153.62,88.61
2023-04-11T00:00+02:00,-12946.86,10220.08,40684.43,41856.69,88.61
2023-04-11T01:00+02:00,-10709,10032.35,37655.93,40368.94,88.61
2023-04-11T02:00+02:00,-9596.1,10064.53,35509.26,39544.73,88.61
2023-04-11T03:00+02:00,-8423.66,10089.35,34621.45,39363.54,88.61
2023-04-11T04:00+02:00,-7467.22,10239.87,34616.63,41175.56,88.61
2023-04-11T05:00+02:00,-6943.19,11281.8,35275.67,44603.28,88.61
2023-04-11T06:00+02:00,-3678.78,13308.63,34269.07,51575.38,88.61
2023-04-11T07:00+02:00,-2964.11,14514.34,33433.63,55846.99,88.61
2023-04-11T08:00+02:00,-3332.05,14604.73,35588.12,57960.6,88.61
2023-04-11T09:00+02:00,-5771.48,14378.08,41109.89,59324.76,88.61
2023-04-11T10:00+02:00,-6947.4,13080.47,48627.44,60764.64,88.61
2023-04-11T11:00+02:00,-8301.54,12278.37,56055.3,61599.18,88.61
2023-04-11T12:00+02:00,-10455.98,11660.63,60384.73,62206.45,88.61
2023-04-11T13:00+02:00,-10824.91,11493.47,59891.98,60178.86,88.61
2023-04-11T14:00+02:00,-11277.19,11196.75,59594.87,58314.07,88.61
2023-04-11T15:00+02:00,-11993.65,11047.24,59029.04,56891.97,88.61
2023-04-11T16:00+02:00,-11405.84,11363.36,55096.82,55603.34,88.61
2023-04-11T17:00+02:00,-5802.57,13551.05,45934.5,55711.82,88.61
2023-04-11T18:00+02:00,-489.98,17226.19,33601.44,56134.44,88.61
2023-04-11T19:00+02:00,4631.74,18622.42,22155.71,56283.82,88.61
2023-04-11T20:00+02:00,6630.13,19240.92,16860.03,55266.14,88.61
2023-04-11T21:00+02:00,7569.32,18671.72,14852.74,52614.66,88.61
2023-04-11T22:00+02:00,8014.51,17631.83,14604.32,49452.36,88.61
2023-04-11T23:00+02:00,9516.67,15944.95,15648.99,46581.42,88.61
2023-04-12T00:00+02:00,8728.96,14546.45,18502.2,44181.55,88.61
2023-04-12T01:00+02:00,8127.54,13810.84,20829.88,42007.9,88.61
2023-04-12T02:00+02:00,5079.56,14334.68,21696.98,41433.79,88.61
2023-04-12T03:00+02:00,6350.12,14499.07,23798.31,42205.09,88.61
2023-04-12T04:00+02:00,4772.54,15074.1,26141.76,43190.09,88.61
2023-04-12T05:00+02:00,3650.53,16403.99,28775.97,46564,88.61
2023-04-12T06:00+02:00,915.92,18185.42,32321.83,52794.31,88.61
2023-04-12T07:00+02:00,-2271.04,19967.65,36048.23,58193.12,88.61
2023-04-12T08:00+02:00,-4928.07,20834.12,39220.53,60918.2,88.61
2023-04-12T09:00+02:00,-4589.66,20011.35,41242.3,61767.66,88.61
2023-04-12T10:00+02:00,-2630.36,18818.84,44906.48,63564.35,88.61
2023-04-12T11:00+02:00,-3045.85,17065.5,47767.27,65048.48,88.61
2023-04-12T12:00+02:00,-3206.27,16271.37,47989.47,64404.82,88.61
2023-04-12T13:00+02:00,-1484.15,16621.91,45219.18,63126.93,88.61
2023-04-12T14:00+02:00,-26.35,16621.59,40839.51,60937.8,88.61
2023-04-12T15:00+02:00,1765.31,17278.23,36914.52,59045.7,88.61
2023-04-12T16:00+02:00,5583.67,16977.07,33784.76,57881.03,88.61
2023-04-12T17:00+02:00,4344.1,17956.89,29916.87,58242.66,88.61
2023-04-12T18:00+02:00,6801.16,18407.8,25815.74,58607.9,88.61
2023-04-12T19:00+02:00,7988.2,18495.94,23531.26,59698.64,88.61
2023-04-12T20:00+02:00,5676.07,18799.72,22517.98,58476.97,88.61
2023-04-12T21:00+02:00,4514.43,17797.66,21791.26,55497.63,88.61
2023-04-12T22:00+02:00,5194.57,17067.14,22331.35,51663.43,88.61
2023-04-12T23:00+02:00,2611.15,16075.6,24094.59,48025.9,88.61
2023-04-13T00:00+02:00,1330.51,14730.39,26951.82,45403.3,88.61
2023-04-13T01:00+02:00,-221.62,13764.27,30390.7,43439.13,88.61
2023-04-13T02:00+02:00,-1811.38,13703.05,30961.44,43546.81,88.61
2023-04-13T03:00+02:00,-2297.19,13971.3,32281.25,43844.37,88.61
2023-04-13T04:00+02:00,-1240.4,14344.07,33035.45,44938.38,88.61
2023-04-13T05:00+02:00,-1815.42,15474.83,33750.75,47573.89,88.61
2023-04-13T06:00+02:00,-1330.74,16803.95,35822.4,53377.62,88.61
2023-04-13T07:00+02:00,-939.12,17649.05,36340.98,57413.1,88.61
2023-04-13T08:00+02:00,-2347.11,18184.26,38017.2,60141.51,88.61
2023-04-13T09:00+02:00,-3564.77,17767.47,43008.84,61413.96,88.61
2023-04-13T10:00+02:00,-2788.66,16102,47904.13,63534.53,88.61
2023-04-13T11:00+02:00,-2864.08,16063.7,50014.78,63258.26,88.61
2023-04-13T12:00+02:00,-1705.04,15071.91,49041.29,62002.34,88.61
2023-04-13T13:00+02:00,-1912.15,15119.13,47289.48,60442.89,88.61
2023-04-13T14:00+02:00,-3305.82,16340.05,44435.11,57291.41,88.61
2023-04-13T15:00+02:00,-1985.78,16776.24,40541.4,56748.04,88.61
2023-04-13T16:00+02:00,1580.51,16930.54,36836.12,56117.72,88.61
2023-04-13T17:00+02:00,3559.99,19563.82,30492.59,56961.42,88.61
2023-04-13T18:00+02:00,5320.14,23671.49,22459.91,56798.67,88.61
2023-04-13T19:00+02:00,5724.4,26323.71,16079.67,57295.06,88.61
2023-04-13T20:00+02:00,4192.95,27286.49,14130.13,56823.78,88.61
2023-04-13T21:00+02:00,3125.14,27152.95,13729.01,54441.01,88.61
2023-04-13T22:00+02:00,3308.05,26807.63,14116.63,51401.56,88.61
2023-04-13T23:00+02:00,3152.48,25624.07,14100.37,48433.91,88.61
2023-04-14T00:00+02:00,2099.84,23935.95,14454.17,45454.37,88.61
2023-04-14T01:00+02:00,2757.44,23113.03,14122.4,43711.71,88.61
2023-04-14T02:00+02:00,4271.53,22513.82,13905.8,42945.74,88.61
2023-04-14T03:00+02:00,4970.99,22477.55,12934.47,42870.5,88.61
2023-04-14T04:00+02:00,5928.28,22659.81,12224.29,44669.1,88.61
2023-04-14T05:00+02:00,6303.46,24319.89,11790.59,47476.2,88.61
2023-04-14T06:00+02:00,7938.88,26246.29,12051.29,52850.65,88.61
2023-04-14T07:00+02:00,6429.52,27405.37,13691.43,57101.92,88.61
2023-04-14T08:00+02:00,4924.73,27554.49,17421.36,59255.56,88.61
2023-04-14T09:00+02:00,2704.14,27155.91,21790.96,59959.03,88.61
2023-04-14T10:00+02:00,2206.42,25737.39,26146.25,60014.51,88.61
2023-04-14T11:00+02:00,4002.64,22711.27,29678.64,60263.34,91.38
2023-04-14T12:00+02:00,4353.64,20017.72,31466.77,60050.09,92.3
2023-04-14T13:00+02:00,2785.01,19650.04,31373.15,58173.06,92.3
2023-04-14T14:00+02:00,3684.21,19571.69,31531.92,55686.97,92.3
2023-04-14T15:00+02:00,2856.42,19791.67,30365.95,54793.17,92.3
2023-04-14T16:00+02:00,3767.11,20374.6,27713.04,54446.85,92.3
2023-04-14T17:00+02:00,3778.68,22564.96,23733.49,54876.49,92.3
2023-04-14T18:00+02:00,5353.03,25704.71,19483.23,55388.37,92.3
2023-04-14T19:00+02:00,4460.59,27213.15,15798.53,55984.72,92.3
2023-04-14T20:00+02:00,2821.2,27083.81,15808.83,55168.13,92.3
2023-04-14T21:00+02:00,3502.31,26243.38,16618.61,52907.07,92.3
2023-04-14T22:00+02:00,2485.94,24884.05,16455.94,50287.97,92.3
2023-04-14T23:00+02:00,3306.42,22141.01,15870.16,47719.94,92.3
2023-04-15T00:00+02:00,400.03,20934.29,15397.77,44834.64,92.3
2023-04-15T01:00+02:00,1852.14,19785.85,14958.77,42571.2,92.3
2023-04-15T02:00+02:00,3103.08,18643.85,14590.92,41385.94,92.3
2023-04-15T03:00+02:00,3837.95,17975.59,14732.98,40999.27,92.3
2023-04-15T04:00+02:00,4056.17,17472.07,15398.5,41140,92.3
2023-04-15T05:00+02:00,3874.62,17019.58,16793.61,41691.1,92.3
2023-04-15T06:00+02:00,2836.12,16878.49,18667.42,42689.42,92.3
2023-04-15T07:00+02:00,1365.12,17029.84,21284.58,44396.35,92.3
2023-04-15T08:00+02:00,506.67,17117.67,25403.66,47348.96,92.3
2023-04-15T09:00+02:00,783.73,16052.87,29086.51,50306,92.3
2023-04-15T10:00+02:00,851.67,14532.46,32069.25,51533.44,92.3
2023-04-15T11:00+02:00,2258.33,13670.01,34511.16,53125.24,92.3
2023-04-15T12:00+02:00,3288.84,12668.21,34939.47,52777,92.3
2023-04-15T13:00+02:00,3830.08,13134.83,34487.84,50737.26,92.3
2023-04-15T14:00+02:00,3632.92,13238.96,33458.51,49459.48,92.3
2023-04-15T15:00+02:00,3866.8,13845.56,31979.61,48906.92,92.3
2023-04-15T16:00+02:00,4398.44,14368.6,29999.15,49243.11,92.3
2023-04-15T17:00+02:00,5310.19,15476.52,27760.06,50212.3,92.3
2023-04-15T18:00+02:00,3783.65,17298.07,25488.86,51265.88,92.3
2023-04-15T19:00+02:00,2395.36,18855.09,23455.49,51250.44,92.3
2023-04-15T20:00+02:00,1132.53,19227.47,22752.84,50169.38,92.3
2023-04-15T21:00+02:00,1505.99,19038.21,21956.75,47776.22,92.3
2023-04-15T22:00+02:00,1640.87,18845.45,20580.06,46029.98,92.3
2023-04-15T23:00+02:00,2090.1,18172.77,19184.95,43477.04,92.3
2023-04-16T00:00+02:00,2432.18,16980.87,17692.16,40760.44,92.3
2023-04-16T01:00+02:00,3009.77,16043.64,16755.19,38879.51,92.3
2023-04-16T02:00+02:00,3055.52,15851.72,16217.04,37555.92,92.3
2023-04-16T03:00+02:00,3864.06,15515.62,16163.5,37416.25,92.3
2023-04-16T04:00+02:00,4894.42,15438.42,15822.43,37643.17,92.3
2023-04-16T05:00+02:00,4495.32,15643.33,15491.22,37876.97,92.3
2023-04-16T06:00+02:00,4462.14,15792.18,15469.41,37403.68,92.3
2023-04-16T07:00+02:00,5155.38,16382.95,16023.36,38743.32,92.3
2023-04-16T08:00+02:00,5635.55,17306.67,16869.98,42045.14,92.3
2023-04-16T09:00+02:00,5703.6,18201.59,18175.6,45070.4,92.3
2023-04-16T10:00+02:00,6272.87,17623.61,20713.34,47040.04,92.3
2023-04-16T11:00+02:00,6041.09,17402.31,22745.88,49232.74,92.3
2023-04-16T12:00+02:00,6173.8,17199.26,23800.14,48825.41,92.3
2023-04-16T13:00+02:00,7083.57,16629.52,24287.77,46997.05,92.3
2023-04-16T14:00+02:00,7806.57,16490.87,23986.76,45443.16,92.3
2023-04-16T15:00+02:00,6889.6,17091.93,22907.14,44740.23,92.3
2023-04-16T16:00+02:00,8403.12,17068.91,21074.93,44444.61,92.3
2023-04-16T17:00+02:00,7868.73,18399.66,18613.26,45687.66,92.3
2023-04-16T18:00+02:00,6857.68,20589.45,15810.07,48022.14,92.3
2023-04-16T19:00+02:00,7766,21608.55,13584.84,48733.13,92.3
2023-04-16T20:00+02:00,5853.49,21759.34,13066.79,48131.24,92.3
2023-04-16T21:00+02:00,5953.5,21775.9,13185.32,46634.04,92.3
2023-04-16T22:00+02:00,6438.56,21479.08,12997.82,45747.18,92.3
2023-04-16T23:00+02:00,6115.7,21235.69,12750.04,43346.13,92.3
2023-04-17T00:00+02:00,6468.46,21092.78,12102.2,41343.34,92.3
2023-04-17T01:00+02:00,6433.3,20852.47,11562.94,39628.16,92.3
2023-04-17T02:00+02:00,6288.46,20870.81,11201.95,39123.04,92.3
2023-04-17T03:00+02:00,7107.22,21277.54,11179.71,39704.46,92.3
2023-04-17T04:00+02:00,7556.05,22186.09,11339.73,41177.48,92.3
2023-04-17T05:00+02:00,8631.09,23739.27,11526.46,45411.12,92.3
2023-04-17T06:00+02:00,9534.33,25611.09,12272.91,52399.25,92.3
2023-04-17T07:00+02:00,8832.81,26182.39,14097.22,56978.98,92.3
2023-04-17T08:00+02:00,8530.98,26585.52,16773.27,60042.48,92.3
2023-04-17T09:00+02:00,5909.24,26492.7,21078.78,61026.96,92.3
2023-04-17T10:00+02:00,4168.44,25555.58,26184.95,60985.86,92.3
2023-04-17T11:00+02:00,5238.33,23931.48,31034.17,62206.84,92.3
2023-04-17T12:00+02:00,4729.48,21657.79,35279.54,61875.12,92.3
2023-04-17T13:00+02:00,3053.69,20741.29,37892.38,61018.29,92.3
2023-04-17T14:00+02:00,3884.17,19358.86,38168.74,59707.6,92.3
2023-04-17T15:00+02:00,3949.37,19467.18,36101.54,58414.31,92.3
2023-04-17T16:00+02:00,3936.42,20535.13,33420.43,57539.72,92.3
2023-04-17T17:00+02:00,4616.11,21764.32,30285.21,58016.86,92.3
2023-04-17T18:00+02:00,5277.46,23364.85,26372.21,58713.01,92.3
2023-04-17T19:00+02:00,5705.42,24346.29,22766.18,59125.07,92.3
2023-04-17T20:00+02:00,4687.2,24348.41,21759.42,57684.99,92.3
2023-04-17T21:00+02:00,3144.85,24210.59,22339.54,55235.61,92.3
2023-04-17T22:00+02:00,3507.84,23328.98,21998.68,51831.71,92.3
2023-04-17T23:00+02:00,4049.61,21376.86,22054.73,47876.65,92.3
2023-04-18T00:00+02:00,3248.79,19631.12,21884.41,45137.23,92.3
2023-04-18T01:00+02:00,4111,18777.53,21211.27,43559.43,92.3
2023-04-18T02:00+02:00,5047.19,18746.78,20805.46,42653.27,92.3
2023-04-18T03:00+02:00,4692.82,19486.99,20793.93,42572.49,92.3
2023-04-18T04:00+02:00,4925.65,19878.36,21296.15,44377.96,92.3
2023-04-18T05:00+02:00,4531.65,20747.67,22160.82,47888.23,92.3
2023-04-18T06:00+02:00,5737.96,22572,22940.31,54042.82,92.3
2023-04-18T07:00+02:00,4915.69,23795.17,24253.45,58304.45,92.3
2023-04-18T08:00+02:00,2976.35,24746.71,26581.85,61262.87,92.3
2023-04-18T09:00+02:00,1716.08,24681.62,30061.05,62466.59,92.3
2023-04-18T10:00+02:00,1052.27,23834.35,34617.55,63185.18,92.3
2023-04-18T11:00+02:00,934.38,22322.74,37910.36,63585.11,92.3
2023-04-18T12:00+02:00,771.04,21150.18,40363.69,62820.47,92.3
2023-04-18T13:00+02:00,92.34,20507.27,41654.52,61832.46,92.3
2023-04-18T14:00+02:00,-1102.79,20777.24,42062.31,59405.88,92.3
2023-04-18T15:00+02:00,-294.03,20944.98,40667.87,57742.92,92.3
2023-04-18T16:00+02:00,-462.43,21411.53,38436.08,57281.01,92.3
2023-04-18T17:00+02:00,-83.92,22000.95,35063.14,57836.49,92.3
2023-04-18T18:00+02:00,1036.36,23186.01,31788.24,58974.4,92.3
2023-04-18T19:00+02:00,2549.06,23596.81,28163.26,59726.66,92.3
2023-04-18T20:00+02:00,1805.34,23455.24,28067.96,58442.74,92.3
2023-04-18T21:00+02:00,1.47,23013.62,29736.63,55669.66,92.3
2023-04-18T22:00+02:00,616.94,21593.69,30190.65,52579.48,92.3
2023-04-18T23:00+02:00,-828.99,20401.4,29687.72,48599.25,92.3
2023-04-19T00:00+02:00,-3548.42,18790.97,28589.07,45994.31,92.3
2023-04-19T01:00+02:00,-234.7,18104.8,27347.5,44025.24,92.3
2023-04-19T02:00+02:00,414.75,17402.04,26218.33,43335.8,92.3
2023-04-19T03:00+02:00,1708.16,17373.35,25493.28,43725.17,92.3
2023-04-19T04:00+02:00,1274.84,17666.34,25687.72,45227.21,92.3
2023-04-19T05:00+02:00,72.62,19403.52,26095.99,48770.35,92.3
2023-04-19T06:00+02:00,639.51,21167.96,26939.15,55010.18,92.3
2023-04-19T07:00+02:00,1382.56,21430.3,28094.35,59099.68,92.3
2023-04-19T08:00+02:00,845.66,22216.97,31319.01,61260.81,92.3
2023-04-19T09:00+02:00,-133.49,22034.38,37600.94,61963.48,92.3
2023-04-19T10:00+02:00,-1720.88,18920.81,46360.91,63038.55,92.3
2023-04-19T11:00+02:00,-1168.17,16755.2,51915.9,63851.6,92.3
2023-04-19T12:00+02:00,-3277.38,16172.92,54204.05,62522.77,92.3
2023-04-19T13:00+02:00,-4347.12,16124.24,54734.54,61606.96,92.3
2023-04-19T14:00+02:00,-4213.23,15928.01,53503.27,59796.12,92.3
2023-04-19T15:00+02:00,-4507.86,16019.81,50868.72,58430.26,92.3
2023-04-19T16:00+02:00,-3671.48,16874.77,47503.35,57468.16,92.3
2023-04-19T17:00+02:00,-1977.2,17761.81,44534.79,57963.29,92.3
2023-04-19T18:00+02:00,-2838.9,19914.02,39746.56,58094.14,92.3
2023-04-19T19:00+02:00,-504.41,21220.58,34053.28,59622.9,92.3
2023-04-19T20:00+02:00,-1602.44,21501.68,30747.91,58254.94,92.3
2023-04-19T21:00+02:00,-906.03,21412.31,30032.86,55760.2,92.3
2023-04-19T22:00+02:00,-2147.55,20748.25,28662.76,52372.4,92.3
2023-04-19T23:00+02:00,-1254.83,20085.74,28208.45,48803.72,92.3
2023-04-20T00:00+02:00,1484.15,18833.98,27184.77,46484.21,92.3
2023-04-20T01:00+02:00,1336.42,18760.87,25580.16,44758.1,92.3
2023-04-20T02:00+02:00,2250.92,19088.11,24810.52,44304.86,92.3
2023-04-20T03:00+02:00,3451.73,19308.9,24729.16,44607,92.3
2023-04-20T04:00+02:00,4177.24,19912.31,23507.38,45123.57,92.3
2023-04-20T05:00+02:00,4384.63,20956.87,23147.71,48768.67,92.3
2023-04-20T06:00+02:00,4299.2,22316.17,24076.47,54559.75,92.3
2023-04-20T07:00+02:00,5800.56,22846.49,25230.36,58585.44,92.3
2023-04-20T08:00+02:00,5069.95,22716.56,27824.1,61497.82,92.3
2023-04-20T09:00+02:00,3475.49,22334.39,31033.07,61269.05,92.3
2023-04-20T10:00+02:00,4467.88,21849.81,33968.59,62120.98,92.3
2023-04-20T11:00+02:00,3695.89,21288,35658.58,63236.62,92.3
2023-04-20T12:00+02:00,5804.81,20655.84,37347.62,63791.15,92.3
2023-04-20T13:00+02:00,4958.11,20119.46,39969.77,62554.51,92.3
2023-04-20T14:00+02:00,3664.13,20249.9,41198.07,60829.26,92.3
2023-04-20T15:00+02:00,3628.4,19778.57,40319.98,59718.06,92.3
2023-04-20T16:00+02:00,2891.89,19976.87,37429.88,59242.62,92.3
2023-04-20T17:00+02:00,3982.83,20270.99,34611.8,59445.88,92.3
2023-04-20T18:00+02:00,5618.83,21237.66,30653.81,59831.98,92.3
2023-04-20T19:00+02:00,4643.02,22111.85,26911.23,59040.92,92.3
2023-04-20T20:00+02:00,4321.15,22650.25,26937.65,57622.05,92.3
2023-04-20T21:00+02:00,2044.97,22279.56,28882.66,55569.4,92.3
2023-04-20T22:00+02:00,-1242.13,21704.44,29621.74,53176.15,92.3
2023-04-20T23:00+02:00,-3486.44,20992.22,30049.16,49799.59,92.3
2023-04-21T00:00+02:00,-3542,18921.24,30812.43,47246.17,92.3
2023-04-21T01:00+02:00,-3482.45,18338.53,30346.18,44382.94,92.3
2023-04-21T02:00+02:00,-3577.76,18459.88,29979.2,43777.56,92.3
2023-04-21T03:00+02:00,-2306.53,18692.61,29257.79,44178.25,92.3
2023-04-21T04:00+02:00,-1741.28,19040.37,28723.27,45432.48,92.3
2023-04-21T05:00+02:00,-1366.73,19836.55,28460.6,47786.65,92.3
2023-04-21T06:00+02:00,1396.1,20522.45,28838.89,53708.3,92.3
2023-04-21T07:00+02:00,-78.28,21402.94,30309.64,57482.46,92.3
2023-04-21T08:00+02:00,922.14,21470.24,33481.43,59409.44,92.3
2023-04-21T09:00+02:00,-401.46,20292.52,38797.75,59971.05,92.3
2023-04-21T10:00+02:00,-2985.09,18549.88,45154.39,59722.21,92.3
2023-04-21T11:00+02:00,-5824.14,16195.67,52058.32,60145.85,89.52
2023-04-21T12:00+02:00,-9167.51,15395.94,56079.38,59617.32,88.6
2023-04-21T13:00+02:00,-12273.65,14865.53,58060.21,57615.86,88.6
2023-04-21T14:00+02:00,-12132.38,13704.32,57018.9,55890.46,88.6
2023-04-21T15:00+02:00,-11878.02,13521.9,55486.07,55086.34,88.6
2023-04-21T16:00+02:00,-8807.42,14047.22,51806.58,54596.14,88.6
2023-04-21T17:00+02:00,-6020.57,15458.14,43825.77,55288.27,88.6
2023-04-21T18:00+02:00,-2552.27,19466.95,34320.38,54931.51,88.6
2023-04-21T19:00+02:00,-362.86,20909.25,28282.64,54410.89,88.6
2023-04-21T20:00+02:00,-2528.93,20907.18,29557.6,53183.32,88.6
2023-04-21T21:00+02:00,-3395.99,19862.36,31808.96,52371.86,88.6
2023-04-21T22:00+02:00,-4628.75,18674.02,31390.88,50077.91,88.6
2023-04-21T23:00+02:00,-5168.54,17517.26,30798,46326.66,88.6
2023-04-22T00:00+02:00,-5486.1,17552.37,29392.03,43327.3,88.6
2023-04-22T01:00+02:00,-5090.71,16665.08,28373.35,41271.49,88.6
2023-04-22T02:00+02:00,-5176.61,16120.11,28145.51,39696.76,88.6
2023-04-22T03:00+02:00,-4012.69,15989.36,27847.14,39378.16,88.6
2023-04-22T04:00+02:00,-3245.52,15952.38,27376.29,39437,88.6
2023-04-22T05:00+02:00,-2962.62,16330.02,26773.22,39464.22,88.6
2023-04-22T06:00+02:00,-1733.71,16080.23,26908.1,40375.66,88.6
2023-04-22T07:00+02:00,-2570.87,15848.78,29076.82,42369.51,88.6
2023-04-22T08:00+02:00,-2914.62,15030.01,32593.1,45350.51,88.6
2023-04-22T09:00+02:00,-3516.11,14090.14,36839.13,47350.13,88.6
2023-04-22T10:00+02:00,-4988.37,12733.95,42487.03,48769.74,88.6
2023-04-22T11:00+02:00,-5857.16,11693.1,47557.25,49158.87,88.6
2023-04-22T12:00+02:00,-9296.14,11748.38,50778.32,48623.12,88.6
2023-04-22T13:00+02:00,-10048.07,11401.88,50666.5,47376.28,88.6
2023-04-22T14:00+02:00,-9750.56,11435.4,48490.99,46546.53,88.6
2023-04-22T15:00+02:00,-5826.24,11282.94,44670.38,46017.84,88.6
2023-04-22T16:00+02:00,-2474.3,12174.78,37998.15,45850.72,88.6
2023-04-22T17:00+02:00,-625.4,14491.85,31331.74,46486.75,88.6
2023-04-22T18:00+02:00,1088.37,16134.16,25994.29,47705.17,88.6
2023-04-22T19:00+02:00,2110.36,16590.12,23815.42,47850.95,88.6
2023-04-22T20:00+02:00,-38.15,16881.52,24676.91,47053.7,88.6
2023-04-22T21:00+02:00,-1154.51,16738.43,25097.43,46060.13,88.6
2023-04-22T22:00+02:00,-1337.92,16576.53,22660.98,44082,88.6
2023-04-22T23:00+02:00,152.87,16470.92,21281.07,41752.25,88.6
2023-04-23T00:00+02:00,1400,15086.77,20522.21,39276.64,88.6
2023-04-23T01:00+02:00,2492.1,13775.3,19398.13,37024.49,88.6
2023-04-23T02:00+02:00,4043.37,12897.09,18549.56,35818.06,88.6
2023-04-23T03:00+02:00,3909.2,12695.64,18336.92,35221.11,88.6
2023-04-23T04:00+02:00,3662.02,12658.87,17601.15,35267.01,88.6
2023-04-23T05:00+02:00,4537.97,12594.57,17148.25,35659.17,88.6
2023-04-23T06:00+02:00,5042.42,12660.07,16639.8,35804.05,88.6
2023-04-23T07:00+02:00,5463.54,12786.6,17497.85,37419.66,88.6
2023-04-23T08:00+02:00,7103.36,12276.67,20483.19,40904.49,88.6
2023-04-23T09:00+02:00,6653.88,11096.99,24819.31,42989.67,88.6
2023-04-23T10:00+02:00,4890.17,10535.44,30409.34,44060.75,88.6
2023-04-23T11:00+02:00,4959.7,9800.47,34752.94,46474.77,88.6
2023-04-23T12:00+02:00,-9.26,9741.44,38039.4,46368.89,88.6
2023-04-23T13:00+02:00,-3082.53,9726.43,39285.52,43968.32,88.6
2023-04-23T14:00+02:00,-1864.63,9774.68,38070.45,42228.39,88.6
2023-04-23T15:00+02:00,-492.63,9846.11,36616.56,41321.96,88.6
2023-04-23T16:00+02:00,2494.17,10804.43,31732.8,41067.16,88.6
2023-04-23T17:00+02:00,4076.45,13828.96,24374.02,42839.27,88.6
2023-04-23T18:00+02:00,5667.07,16195.59,18308.25,44345.21,88.6
2023-04-23T19:00+02:00,8801.06,16666.45,16130.02,44943.74,88.6
2023-04-23T20:00+02:00,6717.58,16676.1,18173.23,45039.64,88.6
2023-04-23T21:00+02:00,3555.96,16734.55,21662.81,44546.66,88.6
2023-04-23T22:00+02:00,1508.22,16338.63,23427.7,44446.14,88.6
2023-04-23T23:00+02:00,1493.87,14649.48,24593.45,41745.44,88.6
2023-04-24T00:00+02:00,1345.97,13614.93,25262.92,39464.12,88.6
2023-04-24T01:00+02:00,1363.03,12760.55,26117.32,38106.88,88.6
2023-04-24T02:00+02:00,1012.56,12637.27,26660.01,37519.36,88.6
2023-04-24T03:00+02:00,1442.43,12548.99,27420.07,38120.54,88.6
2023-04-24T04:00+02:00,1565.96,12942.63,27427.38,40009.06,88.6
2023-04-24T05:00+02:00,1297.02,14693.6,28190.35,44425.15,88.6
2023-04-24T06:00+02:00,2431.2,17470.36,30053.21,52309.22,88.6
2023-04-24T07:00+02:00,3074.04,17810.13,33180.46,57557.14,88.6
2023-04-24T08:00+02:00,18.52,17439.15,37660.14,60350.5,88.6
2023-04-24T09:00+02:00,-2503.92,16599.79,43414.94,61865.54,88.6
2023-04-24T10:00+02:00,-4683.57,15955.63,47051.69,62124.02,88.6
2023-04-24T11:00+02:00,-5712.48,15961.3,50333.21,62817.95,88.6
2023-04-24T12:00+02:00,-5967.26,15608.57,51994.07,62049.79,88.6
2023-04-24T13:00+02:00,-5977.74,15300.59,53052.57,61499.29,88.6
2023-04-24T14:00+02:00,-5607.31,14782.6,52313.77,60047.3,88.6
2023-04-24T15:00+02:00,-6351,15217.91,51108.8,59006.16,88.6
2023-04-24T16:00+02:00,-5374.83,14933.12,48645.87,58173.58,88.6
2023-04-24T17:00+02:00,-4506.29,16713.76,45755.4,57808.39,88.6
2023-04-24T18:00+02:00,-2519.55,19283.29,41516.87,58469.56,88.6
2023-04-24T19:00+02:00,-2919.76,20798.66,37010.42,58392.85,88.6
2023-04-24T20:00+02:00,-2168.82,21282.08,33625.32,57118.15,88.6
2023-04-24T21:00+02:00,-610.53,21238.38,32604.54,55299.5,88.6
2023-04-24T22:00+02:00,-2044.94,20890.83,31653.43,52064.64,88.6
2023-04-24T23:00+02:00,-2763.43,19320.51,31281.91,49015.02,88.6
2023-04-25T00:00+02:00,-1717.66,18307.64,30393.95,46297.29,88.6
2023-04-25T01:00+02:00,-583.92,17865.14,29831.44,44518.35,88.6
2023-04-25T02:00+02:00,328.52,17460.59,29378.66,43661.87,88.6
2023-04-25T03:00+02:00,1673.74,18130.99,27743.72,43934.73,88.6
2023-04-25T04:00+02:00,2518.68,19141.95,26846.11,44910.04,88.6
2023-04-25T05:00+02:00,1964.93,20276.84,25964.1,48269.67,88.6
2023-04-25T06:00+02:00,5362.52,21567.61,26496.37,54747.5,88.6
2023-04-25T07:00+02:00,4480.04,22214.73,27962.31,59615.22,88.6
2023-04-25T08:00+02:00,2522.73,22392.06,31773.89,61510.39,88.6
2023-04-25T09:00+02:00,942.7,22157.93,36939.52,62374.41,88.6
2023-04-25T10:00+02:00,-386.01,21275.45,40703.25,62872.76,88.6
2023-04-25T11:00+02:00,-383.19,20703.97,43213.84,63810.13,88.6
2023-04-25T12:00+02:00,968.38,19705,44888.59,63026.24,88.6
2023-04-25T13:00+02:00,-549.96,19052.55,45452.38,61269.72,88.6
2023-04-25T14:00+02:00,-1352.86,19415.39,45631.65,59689.65,88.6
2023-04-25T15:00+02:00,-586.6,19890.89,45449.75,58598.67,88.6
2023-04-25T16:00+02:00,-1003.4,19990.92,42875.44,57698.36,88.6
2023-04-25T17:00+02:00,-2388.71,21813.99,38699.03,58005.42,88.6
2023-04-25T18:00+02:00,-157.88,23822.66,33259.95,58446.95,88.6
2023-04-25T19:00+02:00,1424.66,24976.87,27749.08,58769.15,88.6
2023-04-25T20:00+02:00,1756.45,26064.61,25038.94,57727.87,88.6
2023-04-25T21:00+02:00,1644.46,26169.17,25079.43,56069.24,88.6
2023-04-25T22:00+02:00,1008.12,26051.87,24983.2,52951.27,88.6
2023-04-25T23:00+02:00,-585.69,24323.58,25273.01,49424.59,88.6
2023-04-26T00:00+02:00,344.95,22540.54,25432.96,45927.46,88.6
2023-04-26T01:00+02:00,972.72,21200.07,26103.73,44804.02,88.6
2023-04-26T02:00+02:00,1020.66,20599.79,25761.74,44381.83,88.6
2023-04-26T03:00+02:00,1610.91,20085.39,25589.4,44720.49,88.6
2023-04-26T04:00+02:00,2394.42,19908.45,25386.83,46032.58,88.6
2023-04-26T05:00+02:00,2923.07,20947.03,25439.12,49689.3,88.6
2023-04-26T06:00+02:00,6081.33,22303.51,25299.92,55524.92,88.6
2023-04-26T07:00+02:00,4904,22716.7,26887.61,59182.8,88.6
2023-04-26T08:00+02:00,2720.12,23198.86,32592.35,60803.36,88.6
2023-04-26T09:00+02:00,285.3,22182.12,38807.14,60504.35,88.6
2023-04-26T10:00+02:00,-867.22,21223.2,42150.34,61494.05,88.6
2023-04-26T11:00+02:00,-2100.09,21614.34,42564.4,61841.5,88.6
2023-04-26T12:00+02:00,-147.29,21268.55,42668.5,61321.78,88.6
2023-04-26T13:00+02:00,129.06,20279.68,44095.52,60222.18,88.6
2023-04-26T14:00+02:00,1392.9,19001.4,42984.15,58395.29,88.6
2023-04-26T15:00+02:00,-277.15,18299.65,41587.62,57415.22,88.6
2023-04-26T16:00+02:00,-134.93,19134.63,37903.72,56974.29,88.6
2023-04-26T17:00+02:00,1453.4,22191.29,32474.02,57439.08,88.6
2023-04-26T18:00+02:00,6164.12,24577.55,24992.82,57704.76,88.6
2023-04-26T19:00+02:00,8878.7,25305.64,18319.34,57851.16,88.6
2023-04-26T20:00+02:00,10304.37,24964.87,15560.91,56412.75,88.6
2023-04-26T21:00+02:00,8836.05,24869.69,15535.74,55017.63,88.6
2023-04-26T22:00+02:00,7540.9,24522.26,15370.18,51582.4,88.6
2023-04-26T23:00+02:00,7396.96,23440.38,15286.74,48166.93,88.6
2023-04-27T00:00+02:00,5413.33,22324.49,14818.56,45436.46,88.6
2023-04-27T01:00+02:00,5478.59,21475.22,15190.65,43719.28,88.6
2023-04-27T02:00+02:00,6364.71,20377.78,15250.17,43257.37,88.6
2023-04-27T03:00+02:00,7099.86,20022.33,15158.34,43916.98,88.6
2023-04-27T04:00+02:00,7843.94,20292.57,14822.9,44717.72,88.6
2023-04-27T05:00+02:00,9892.28,21533.17,14548.29,48089.61,88.6
2023-04-27T06:00+02:00,11594.24,23089.91,14363.63,54353.8,88.6
2023-04-27T07:00+02:00,10413.83,23677.4,16867.43,58157.06,88.6
2023-04-27T08:00+02:00,9589.38,23135.03,22065.44,60519.87,88.6
2023-04-27T09:00+02:00,6425.5,21822.25,30195.19,61088.64,88.6
2023-04-27T10:00+02:00,5254.43,18653.13,36841.69,60661.79,88.6
2023-04-27T11:00+02:00,3396.24,17711.99,40709.91,61049.07,88.6
2023-04-27T12:00+02:00,3514.93,17254.78,41088.82,59909.49,88.6
2023-04-27T13:00+02:00,4476.28,16342.98,41160.53,58979.87,88.6
2023-04-27T14:00+02:00,3918.25,16261.96,39859.4,57829.94,88.6
2023-04-27T15:00+02:00,4572.51,16496.03,36394.8,56524.29,88.6
2023-04-27T16:00+02:00,6254.6,18013.78,31615.35,55886.55,88.6
2023-04-27T17:00+02:00,8411,21772.3,24818.7,56766.75,88.6
2023-04-27T18:00+02:00,11051.83,24632.99,17592.3,57123.04,88.6
2023-04-27T19:00+02:00,13619.64,25564.7,11914.44,57110.23,88.6
2023-04-27T20:00+02:00,13188.66,25559.14,9932.9,56058.01,88.6
2023-04-27T21:00+02:00,11299.38,25448.44,11028.16,54391.16,88.6
2023-04-27T22:00+02:00,10618.21,24284.3,12469.61,51069.92,88.6
2023-04-27T23:00+02:00,9995.34,21622.79,13578.71,47454.49,88.6
2023-04-28T00:00+02:00,7830.03,19954.94,14800.73,44439.68,88.6
2023-04-28T01:00+02:00,6709.9,18792.91,16098.95,42690.68,88.6
2023-04-28T02:00+02:00,6057.24,18064.33,16996.11,41505.13,88.6
2023-04-28T03:00+02:00,6793.3,18092.4,17714.49,41420.19,88.6
2023-04-28T04:00+02:00,7060.84,18599.79,18697.92,42651.15,88.6
2023-04-28T05:00+02:00,4468.82,20040.04,19779.26,45990.91,88.6
2023-04-28T06:00+02:00,6130.51,21189.27,21615.04,52222.4,88.6
2023-04-28T07:00+02:00,5799.76,21587.3,23991.21,57213.73,88.6
2023-04-28T08:00+02:00,5794.22,21889.44,24690.24,60040.1,88.6
2023-04-28T09:00+02:00,7228.68,21315.43,27079.31,60916.4,88.6
2023-04-28T10:00+02:00,8066.37,20701.5,29496.32,62318.7,88.6
2023-04-28T11:00+02:00,7251.56,20570.79,30819.59,62599.08,85.15
2023-04-28T12:00+02:00,7494.14,20443.79,31101.07,61762.89,84
2023-04-28T13:00+02:00,7504.41,19958.27,30817.95,59565.37,84
2023-04-28T14:00+02:00,8334.54,19370.68,29581.54,57521.6,84
2023-04-28T15:00+02:00,7457.24,20056.36,27381.18,56461.4,84
2023-04-28T16:00+02:00,8797.2,20301.83,24966.64,55541.88,84
2023-04-28T17:00+02:00,8672.63,20845.44,22795.54,55490.08,84
2023-04-28T18:00+02:00,8315.15,21059.6,21129.45,55440,84
2023-04-28T19:00+02:00,7647.45,21123.66,19622.54,55261.38,84
2023-04-28T20:00+02:00,7371.64,21137.46,19678.29,53646.62,84
2023-04-28T21:00+02:00,5795.66,21149.53,20287.54,51819.61,84
2023-04-28T22:00+02:00,4105.81,20789.83,20103.27,49301.48,84
2023-04-28T23:00+02:00,1848.05,20396.44,19004.23,45692.98,84
2023-04-29T00:00+02:00,2249.52,19892.64,18309.54,42968.42,84
2023-04-29T01:00+02:00,2143.88,19280.93,18098.52,40817.02,84
2023-04-29T02:00+02:00,1690.46,18657.43,17816.31,38941.84,84
2023-04-29T03:00+02:00,2486.82,17811.76,17353.34,38871.37,84
2023-04-29T04:00+02:00,2604.91,17508.09,16899.63,39012.25,84
2023-04-29T05:00+02:00,2778.38,17674.65,16921.53,39569.38,84
2023-04-29T06:00+02:00,3472.12,17670.61,17372.15,40916.05,84
2023-04-29T07:00+02:00,3820.86,17986.53,19206.13,43415.52,84
2023-04-29T08:00+02:00,3260.35,18137.46,22071.34,46851.45,84
2023-04-29T09:00+02:00,2639.38,17422.64,26261.2,50320.33,84
2023-04-29T10:00+02:00,1258.73,15879.72,31131.11,51885.77,84
2023-04-29T11:00+02:00,107.45,14105.5,34920.37,52415.06,84
2023-04-29T12:00+02:00,808.19,13393.14,37101.88,51303.3,84
2023-04-29T13:00+02:00,905.7,12120.78,37713.71,49517.28,84
2023-04-29T14:00+02:00,1580.59,11874.5,37453.87,47773.68,84
2023-04-29T15:00+02:00,1938.02,12315.85,36391.53,47131.62,84
2023-04-29T16:00+02:00,2499.05,13035.63,33983.53,46483.44,84
2023-04-29T17:00+02:00,2548.92,14879.55,29701.28,47468.27,84
2023-04-29T18:00+02:00,4162.28,17267.12,25134.58,48519.63,84
2023-04-29T19:00+02:00,4038.76,17857.02,21264.38,48826.62,84
2023-04-29T20:00+02:00,4638.4,18037.85,18933.47,48623.8,84
2023-04-29T21:00+02:00,3662.99,17591.35,19094.62,47548.38,84
2023-04-29T22:00+02:00,3806.75,17285.18,18971.97,45887.97,84
2023-04-29T23:00+02:00,3493.26,16825.93,18366.06,42848.2,84
2023-04-30T00:00+02:00,2723.39,15609.27,17644.84,39551.66,84
2023-04-30T01:00+02:00,3344.46,14479.52,16654.53,37687.94,84
2023-04-30T02:00+02:00,3865.48,14255.4,15886.44,36483.63,84
2023-04-30T03:00+02:00,4640.6,13940.42,15145.38,36008.81,84
2023-04-30T04:00+02:00,5320.12,14037.31,14479.6,35893.09,84
2023-04-30T05:00+02:00,6165.48,14015.94,14292.52,36193.93,84
2023-04-30T06:00+02:00,5988.34,13727.66,14806.84,36328.77,84
2023-04-30T07:00+02:00,5065.76,12889.59,18105.66,38012.78,84
2023-04-30T08:00+02:00,4120.37,11182.06,24777.94,40958.26,84
2023-04-30T09:00+02:00,1680.32,10162.68,32797.59,43373.35,84
2023-04-30T10:00+02:00,-1989.85,9805.38,37657.18,44806.85,84
2023-04-30T11:00+02:00,-6192.89,9797.24,40878.95,46215.08,84
2023-04-30T12:00+02:00,-4351.37,9707.99,42142.88,45820.27,84
2023-04-30T13:00+02:00,-6374.74,9614.11,42194.61,43435.06,84
2023-04-30T14:00+02:00,-6453.35,9661.88,41002.62,41389.95,84
2023-04-30T15:00+02:00,-6259.09,9831.3,38895.87,40309.27,84
2023-04-30T16:00+02:00,-1781.96,10011.42,33872.97,39919.58,84
2023-04-30T17:00+02:00,2523.93,11673.39,27125.41,40565.84,84
2023-04-30T18:00+02:00,4231.09,15774.25,18913.86,42494.3,84
2023-04-30T19:00+02:00,6649,17351.92,12826.49,42982.08,84
2023-04-30T20:00+02:00,6971.6,17361.05,11422.52,43284.46,84
2023-04-30T21:00+02:00,4743.67,17480.77,12777.77,43404.54,84
2023-04-30T22:00+02:00,2923.89,17551.2,14033.11,41673.51,84
2023-04-30T23:00+02:00,2535.6,17011.29,14980.82,39210.98,84
2023-05-01T00:00+02:00,2864.45,14443.17,15416.97,37463.21,84
2023-05-01T01:00+02:00,1889.95,13043.76,16672.28,35640.12,84
2023-05-01T02:00+02:00,2039.13,12168.36,17479.37,34687.48,84
2023-05-01T03:00+02:00,1607.76,11833.56,17957.41,34339,84
2023-05-01T04:00+02:00,2048.39,11456.74,18456.47,34480.66,84
2023-05-01T05:00+02:00,2299.96,11834.9,18817.59,35329.59,84
2023-05-01T06:00+02:00,1837,11598.01,19464.79,35482.3,84
2023-05-01T07:00+02:00,958.18,11467.09,21942.64,37350.24,84
2023-05-01T08:00+02:00,1079.22,11317.11,24193.12,40269.83,84
2023-05-01T09:00+02:00,1901.02,10748.25,27876.79,43701.22,84
2023-05-01T10:00+02:00,3250.99,9502.5,32004.43,45623.04,84
2023-05-01T11:00+02:00,1876.24,9420.42,35626.47,46246.94,84
2023-05-01T12:00+02:00,518.21,9402.12,36577.16,45701.42,84
2023-05-01T13:00+02:00,-588.22,9055.36,35205.45,44475.11,84
2023-05-01T14:00+02:00,683.62,9100.59,32778.41,43536.52,84
2023-05-01T15:00+02:00,4947.21,9051.45,29676.15,43238.26,84
2023-05-01T16:00+02:00,7297.92,9801.51,25659.07,43416.95,84
2023-05-01T17:00+02:00,7105.2,12619.76,21709.91,43722.37,84
2023-05-01T18:00+02:00,9226.56,14666.1,17365.44,45042.24,84
2023-05-01T19:00+02:00,9355.78,14995.26,14427.86,44809.27,84
2023-05-01T20:00+02:00,9611.05,15201.15,13734.62,44592.31,84
2023-05-01T21:00+02:00,8435.32,15275.71,13869.24,45058.38,84
2023-05-01T22:00+02:00,6380.26,15435.89,14574.41,43606.31,84
2023-05-01T23:00+02:00,5130.42,15379.09,17010.7,40658.22,84
2023-05-02T00:00+02:00,4434.52,13753.31,18989.59,38637.13,84
2023-05-02T01:00+02:00,3701.04,12683.05,21007.91,37307.25,84
2023-05-02T02:00+02:00,3996.23,12289.66,22831.11,37171,84
2023-05-02T03:00+02:00,3341.08,12022.93,23924.73,37593.79,84
2023-05-02T04:00+02:00,2887.44,12442.05,24317.21,39629.82,84
2023-05-02T05:00+02:00,3249.59,14488.34,24698.18,43564.78,84
2023-05-02T06:00+02:00,7372.49,15574.35,25498.97,52249.53,84
2023-05-02T07:00+02:00,5576.46,16282.1,27073.33,57739.22,84
2023-05-02T08:00+02:00,6379.54,16807.92,28972.66,60571.04,84
2023-05-02T09:00+02:00,6599.96,16330.29,31656.02,61237.95,84
2023-05-02T10:00+02:00,7433.12,16341.9,34372.14,61997.89,84
2023-05-02T11:00+02:00,7742.98,15172.46,36607.43,62880.38,84
2023-05-02T12:00+02:00,6111.06,14670.59,38951.28,61720.73,84
2023-05-02T13:00+02:00,5777.79,14338.85,41211.34,60932.28,84
2023-05-02T14:00+02:00,4659.29,13863.3,41620.97,59350.35,84
2023-05-02T15:00+02:00,3953.5,14267.96,40816.99,58379.23,84
2023-05-02T16:00+02:00,4075.15,14446.98,37826.99,56687.11,84
2023-05-02T17:00+02:00,6485.39,15547.33,33205.66,56931.71,84
2023-05-02T18:00+02:00,8191.2,17332.53,27424.58,57656.54,84
2023-05-02T19:00+02:00,10295.18,18213.96,21637.09,57556.18,84
2023-05-02T20:00+02:00,10125.62,18359.9,17301.02,56056.89,84
2023-05-02T21:00+02:00,9916.94,18424.44,16398.33,54306.34,84
2023-05-02T22:00+02:00,9340.19,18181.64,15861.6,50761.96,84
2023-05-02T23:00+02:00,9389.89,17381.52,15470.19,46635.64,84
2023-05-03T00:00+02:00,9012.48,16602.43,15137.4,44101.86,84
2023-05-03T01:00+02:00,8673.35,16294.73,14926.02,42467.62,84
2023-05-03T02:00+02:00,9192.04,16064.73,14849.13,41767.44,84
2023-05-03T03:00+02:00,10004,15888.96,14570.18,42443.23,84
2023-05-03T04:00+02:00,10423.82,16441.72,14283.85,43878.13,84
2023-05-03T05:00+02:00,11752.94,17532.15,13827.98,47323.89,84
2023-05-03T06:00+02:00,13260.91,18308.87,15052.08,53322.43,84
2023-05-03T07:00+02:00,12824.3,18883.22,18351.27,57638.33,84
2023-05-03T08:00+02:00,10872.29,18277.91,23614.32,60647.14,84
2023-05-03T09:00+02:00,6467.34,17354.56,30167.91,60348.48,84
2023-05-03T10:00+02:00,3684.73,15633.72,35240.45,59935.74,84
2023-05-03T11:00+02:00,5718.83,13846.84,39268.43,60213.86,84
2023-05-03T12:00+02:00,3321.58,12646.23,42828.6,59957.8,84
2023-05-03T13:00+02:00,3132.9,11720.04,44666.34,57405.18,84
2023-05-03T14:00+02:00,1978.45,11329.25,44280.36,57102.04,84
2023-05-03T15:00+02:00,2444.57,11814.56,41368.29,56263.54,84
2023-05-03T16:00+02:00,4132.19,13484.01,36160.81,55524.01,84
2023-05-03T17:00+02:00,6655.76,15719.06,28757.24,55349.45,84
2023-05-03T18:00+02:00,12264.23,17655.31,20545.67,56092.91,84
2023-05-03T19:00+02:00,14788.11,18957.11,14208.46,56532.78,84
2023-05-03T20:00+02:00,14017.34,19191.08,12181.45,55818.88,84
2023-05-03T21:00+02:00,13111.06,18980.11,13860.04,54718.68,84
2023-05-03T22:00+02:00,11862.14,18361.54,15320.86,51061.76,84
2023-05-03T23:00+02:00,9774.92,17731.16,16049.65,46717.49,84
2023-05-04T00:00+02:00,8029.64,16505.19,16312.6,43560.14,84
2023-05-04T01:00+02:00,8795.72,15022.04,16587.74,42170.83,84
2023-05-04T02:00+02:00,8975.52,14605.97,16518.85,41473.94,84
2023-05-04T03:00+02:00,9856.8,14899.67,16275.89,41664.18,84
2023-05-04T04:00+02:00,10219.79,15184.27,15947.97,43028.84,84
2023-05-04T05:00+02:00,10451.27,16484.26,15815.93,46300.6,84
2023-05-04T06:00+02:00,11713.32,17291.48,17480.81,52621.18,84
2023-05-04T07:00+02:00,10036.27,17432.64,22104.09,57104.42,84
2023-05-04T08:00+02:00,6531.22,17152.86,27586.73,60079.52,84
2023-05-04T09:00+02:00,3279.16,16106.66,34655.58,59983.15,84
2023-05-04T10:00+02:00,1312.93,13303.18,41402.67,59986.29,84
2023-05-04T11:00+02:00,-152.22,12059.28,46458.89,60447.91,84
2023-05-04T12:00+02:00,-490.9,11118.04,49318.89,59716.58,84
2023-05-04T13:00+02:00,-2680.32,10870.24,49523.5,58918.68,84
2023-05-04T14:00+02:00,-1962.26,11145.49,47665,57112.39,84
2023-05-04T15:00+02:00,1519.42,11101.96,44433.6,56569.33,84
2023-05-04T16:00+02:00,4224.51,12157.64,39552.69,55568.53,84
2023-05-04T17:00+02:00,5462.23,14224.04,34086.03,55738.7,84
2023-05-04T18:00+02:00,8348,15994.28,28389.9,56960.78,84
2023-05-04T19:00+02:00,8428.23,16012.9,24514.34,57854.35,84
2023-05-04T20:00+02:00,6506.54,16755.65,23978.68,56845.52,84
2023-05-04T21:00+02:00,6055.72,16818.68,26448.8,56193.46,84
2023-05-04T22:00+02:00,2713.04,16711.28,27579.54,52619.94,84
2023-05-04T23:00+02:00,122.82,16185.23,28148.1,48614.28,84
2023-05-05T00:00+02:00,-677.87,15776.79,28179.44,45045.61,84
2023-05-05T01:00+02:00,-620.23,15234.89,28262.59,43701.2,84
2023-05-05T02:00+02:00,-639.56,15105.5,28416.34,42918.67,84
2023-05-05T03:00+02:00,-50.38,15159.43,28587.02,42773.32,84
2023-05-05T04:00+02:00,-381.46,15283.38,28919.75,44037.69,84
2023-05-05T05:00+02:00,715.83,15559.73,28714.99,47664.89,84
2023-05-05T06:00+02:00,2502.7,16952.69,29737.91,54336.58,84
2023-05-05T07:00+02:00,1851.04,17232.58,32986.91,59112.18,84
2023-05-05T08:00+02:00,1361.98,16587.96,37430.3,62201.77,84
2023-05-05T09:00+02:00,-856.02,15617.6,42402.04,62770.66,84
2023-05-05T10:00+02:00,-1867.09,14374.71,47079.87,62514.6,84
2023-05-05T11:00+02:00,-2768.39,13812.13,50180.2,61708.64,84.28
2023-05-05T12:00+02:00,-3686.45,13878.02,51279.73,61458.22,84.38
2023-05-05T13:00+02:00,-1516.57,13588.99,49318.3,60319.26,84.38
2023-05-05T14:00+02:00,943.92,13268.84,45179.45,59113.12,84.38
2023-05-05T15:00+02:00,3421.08,14147.42,38994.45,57693.56,84.38
2023-05-05T16:00+02:00,6135.96,14990.96,35110.94,57134.2,84.38
2023-05-05T17:00+02:00,7440.89,15869.9,31583.06,58792.08,84.38
2023-05-05T18:00+02:00,7537.78,17333.82,28381.34,58785.13,84.38
2023-05-05T19:00+02:00,7570.07,17865.36,25380.73,58236.54,84.38
2023-05-05T20:00+02:00,5115.26,18367.75,24180.04,55975.78,84.38
2023-05-05T21:00+02:00,3978,18315.47,23532.49,53768.76,84.38
2023-05-05T22:00+02:00,1506.78,17801.02,22909.89,49912.82,84.38
2023-05-05T23:00+02:00,2619.2,17603.23,21742.09,46506.01,84.38
2023-05-06T00:00+02:00,3086.45,17074.53,21048.43,44257.48,84.38
2023-05-06T01:00+02:00,2964.92,16734.5,19905.84,42454.34,84.38
2023-05-06T02:00+02:00,3824.21,16041.22,18761.95,40923.1,84.38
2023-05-06T03:00+02:00,4956.26,15416.21,17954.22,40348.34,84.38
2023-05-06T04:00+02:00,6523.13,15157.78,16984.64,40321.68,84.38
2023-05-06T05:00+02:00,6813.4,15185.01,16493.44,40976.73,84.38
2023-05-06T06:00+02:00,6956.13,15269.71,16755.97,42170.91,84.38
2023-05-06T07:00+02:00,7107.35,15044.84,19031.84,44932.19,84.38
2023-05-06T08:00+02:00,7401.12,14387.09,22536.72,48332.68,84.38
2023-05-06T09:00+02:00,5733.59,13302.47,26972.06,50616.63,84.38
2023-05-06T10:00+02:00,5009.03,11892.7,32321.78,51950.04,84.38
2023-05-06T11:00+02:00,4460.28,10785.01,36591.29,52585.8,84.38
2023-05-06T12:00+02:00,2677.55,10166.04,38928.13,51964.66,84.38
2023-05-06T13:00+02:00,1286.42,10008.11,39194.4,50018.87,84.38
2023-05-06T14:00+02:00,1520.13,9991.18,38745.9,48483.13,84.38
2023-05-06T15:00+02:00,3142.62,10126.55,36883.88,48228.57,84.38
2023-05-06T16:00+02:00,2985.53,11101.94,34084.51,48097.03,84.38
2023-05-06T17:00+02:00,3975.06,12698.3,29544.09,48799.62,84.38
2023-05-06T18:00+02:00,4419.75,14592.59,25185.27,49151.94,84.38
2023-05-06T19:00+02:00,4217.58,15495.64,21911.96,49004.58,84.38
2023-05-06T20:00+02:00,2627.08,16147.22,20599.68,47398.13,84.38
2023-05-06T21:00+02:00,1907.3,16371.17,21583.89,46883.72,84.38
2023-05-06T22:00+02:00,407.67,16429.19,21080.81,45036.64,84.38
2023-05-06T23:00+02:00,1296.64,15903.06,20942.61,41914.89,84.38
2023-05-07T00:00+02:00,795.96,14928.28,20989.94,39026.32,84.38
2023-05-07T01:00+02:00,767.18,14085.14,21200.18,37040.58,84.38
2023-05-07T02:00+02:00,537.79,13302.98,20951.68,35737.08,84.38
2023-05-07T03:00+02:00,1173.36,12837.67,20823.72,35359.62,84.38
2023-05-07T04:00+02:00,1591.4,12550.78,21260.68,35448.75,84.38
2023-05-07T05:00+02:00,1183.69,12368.01,22070.88,35839.12,84.38
2023-05-07T06:00+02:00,78.41,11924.88,24467.79,36563.54,84.38
2023-05-07T07:00+02:00,-1417.12,11149.57,28780.05,38806.27,84.38
2023-05-07T08:00+02:00,-2179.7,10300.32,34286.33,42572.1,84.38
2023-05-07T09:00+02:00,-2127.6,9634.69,39146.53,45516.16,84.38
2023-05-07T10:00+02:00,-6711.27,9226.07,44964.25,47131.32,84.38
2023-05-07T11:00+02:00,-8933.63,9081.58,49154.24,47659.16,84.38
2023-05-07T12:00+02:00,-8880.88,9035.67,49739.24,47115,84.38
2023-05-07T13:00+02:00,-8811.2,8969.48,47895.53,45461.8,84.38
2023-05-07T14:00+02:00,-8375.09,8995.43,45928.76,44759.73,84.38
2023-05-07T15:00+02:00,-7143.99,9087.75,43850.92,44715.33,84.38
2023-05-07T16:00+02:00,-3843.23,9687.57,40240.56,45296.16,84.38
2023-05-07T17:00+02:00,-1069.82,10673.85,35762.82,46314.62,84.38
2023-05-07T18:00+02:00,1220.77,12709.66,30703.84,47470.38,84.38
2023-05-07T19:00+02:00,2277.02,14627.02,26790.22,48259,84.38
2023-05-07T20:00+02:00,1934.2,15465.29,25177.46,47735.89,84.38
2023-05-07T21:00+02:00,579.57,15774.77,26326.77,47589.2,84.38
2023-05-07T22:00+02:00,-632.25,15633.06,26795.23,46251.63,84.38
2023-05-07T23:00+02:00,-1125.68,15176.36,25933.47,43176,84.38
2023-05-08T00:00+02:00,-432.29,14186.26,25017.33,41106.91,84.38
2023-05-08T01:00+02:00,538.69,13802.68,23912.13,39043.23,84.38
2023-05-08T02:00+02:00,1196.98,13589.58,23318.43,38295.24,84.38
2023-05-08T03:00+02:00,1936.61,13507.77,22682.86,38279.88,84.38
2023-05-08T04:00+02:00,3635.71,13567.51,22101.89,39734.28,84.38
2023-05-08T05:00+02:00,5695.36,13945.68,22482.1,43401.55,84.38
2023-05-08T06:00+02:00,9199.28,15445.88,23027.76,51530.28,84.38
2023-05-08T07:00+02:00,9139.48,16059.53,25243.78,56927.07,84.38
2023-05-08T08:00+02:00,10063.27,15792.12,29885.17,60155.97,84.38
2023-05-08T09:00+02:00,5743.24,15826.91,35737.49,61451.18,84.38
2023-05-08T10:00+02:00,3763.05,15898.8,40814.36,62094.66,84.38
2023-05-08T11:00+02:00,1710.72,15855.91,43612.13,62609.15,84.38
2023-05-08T12:00+02:00,297.17,16107.37,44531.23,61999.14,84.38
2023-05-08T13:00+02:00,363.34,16172.08,44023.81,60980.37,84.38
2023-05-08T14:00+02:00,2632.31,15528.01,42206.6,59617.17,84.38
2023-05-08T15:00+02:00,3238.29,15524.67,40243.85,58922.3,84.38
2023-05-08T16:00+02:00,3508.96,15183.19,36194.32,57802.14,84.38
2023-05-08T17:00+02:00,4939.09,16298.15,31678.27,58171.04,84.38
2023-05-08T18:00+02:00,7257.37,17375.7,26312.32,57689.3,84.38
2023-05-08T19:00+02:00,8858.41,17884.16,21706.84,57387.66,84.38
2023-05-08T20:00+02:00,7148.35,18053.94,20420.12,55876.92,84.38
2023-05-08T21:00+02:00,6722.94,17746.07,23052.18,55151.55,84.38
2023-05-08T22:00+02:00,5333.52,17194.33,25588.31,52206.16,84.38
2023-05-08T23:00+02:00,1950.86,16883.79,26776.27,47921.67,84.38
2023-05-09T00:00+02:00,1627.69,15744.12,25549.45,44454.92,84.38
2023-05-09T01:00+02:00,2776.71,14411.63,25823.07,43665.44,84.38
2023-05-09T02:00+02:00,2552.08,14117.5,25296.97,42716.28,84.38
2023-05-09T03:00+02:00,3775.14,14031.38,24872.15,42722.52,84.38
2023-05-09T04:00+02:00,5282.42,14482.94,24916.21,43824.57,84.38
2023-05-09T05:00+02:00,5166.9,15406.81,25134.61,47081.34,84.38
2023-05-09T06:00+02:00,7906.92,16563.51,26317.46,53628.86,84.38
2023-05-09T07:00+02:00,5434.11,16871.88,29121.01,58432.72,84.38
2023-05-09T08:00+02:00,3446.94,17205.97,34531.07,61314.61,84.38
2023-05-09T09:00+02:00,686.27,17092.5,40825.19,61737.23,84.38
2023-05-09T10:00+02:00,-1531.21,16288.75,46086.82,61427.51,84.38
2023-05-09T11:00+02:00,-1821.42,15916.47,50499.63,62464.24,84.38
2023-05-09T12:00+02:00,-2809.45,15462.77,52278,62080.81,84.38
2023-05-09T13:00+02:00,-4020.34,15337.37,52606.3,60631.53,84.38
2023-05-09T14:00+02:00,-5111.91,14884.1,51555.25,59565.45,84.38
2023-05-09T15:00+02:00,-4197.47,15563.26,47347.3,58434.79,84.38
2023-05-09T16:00+02:00,-1338.71,16594.3,41866.34,57552.5,84.38
2023-05-09T17:00+02:00,2059.11,17218.77,36156.53,59163.09,84.38
2023-05-09T18:00+02:00,5795.44,16953.4,29478.21,59462.99,84.38
2023-05-09T19:00+02:00,9019.85,17410.64,25837.03,58818.38,84.38
2023-05-09T20:00+02:00,7480.6,17069.64,25205.44,56995.61,84.38
2023-05-09T21:00+02:00,6390.12,16100.85,26932.17,56021.9,84.38
2023-05-09T22:00+02:00,4094.01,15452.02,26753.86,52545.78,84.38
2023-05-09T23:00+02:00,3103.89,15150.85,26371.83,48502.85,84.38
2023-05-10T00:00+02:00,3875.56,15168.43,25589.37,45910.53,84.38
2023-05-10T01:00+02:00,5532.58,14910.36,24681.51,44227.83,84.38
2023-05-10T02:00+02:00,7163.11,14642.06,24183.11,43112.61,84.38
2023-05-10T03:00+02:00,6672.56,14660.97,24380.53,43166.54,84.38
2023-05-10T04:00+02:00,6996.19,14782.46,24156.94,44640.23,84.38
2023-05-10T05:00+02:00,7444.44,15964.17,24180,47651.74,84.38
2023-05-10T06:00+02:00,8887.83,18092.31,24522.93,54436.34,84.38
2023-05-10T07:00+02:00,9093.08,18919.39,25155.48,58856.35,84.38
2023-05-10T08:00+02:00,8077.79,18867.76,27183.35,61846.83,84.38
2023-05-10T09:00+02:00,8243.43,18392.75,29962.56,62582.3,84.38
2023-05-10T10:00+02:00,7824.89,18207.06,32441.77,63178.09,84.38
2023-05-10T11:00+02:00,7022.89,17938.64,34519.98,63973.7,84.38
2023-05-10T12:00+02:00,5998.77,17965.19,34601.37,63237.68,84.38
2023-05-10T13:00+02:00,7008.38,17746.79,33896.49,62350.17,84.38
2023-05-10T14:00+02:00,8600.25,16588.84,32823.91,61168.24,84.38
2023-05-10T15:00+02:00,9515.33,17326.23,30081.41,59842.48,84.38
2023-05-10T16:00+02:00,9801.62,18827.38,26297.52,58491,84.38
2023-05-10T17:00+02:00,12139.69,19941.84,21646.72,58377.03,84.38
2023-05-10T18:00+02:00,12967.77,21720.26,17289.12,58367.34,84.38
2023-05-10T19:00+02:00,12757.07,22633.53,13738.02,57804.52,84.38
2023-05-10T20:00+02:00,12542.03,22869.98,11689.71,56006.19,84.38
2023-05-10T21:00+02:00,12303.1,22380.96,11310.4,54549.4,84.38
2023-05-10T22:00+02:00,11148.43,22271.72,11174.31,50992.53,84.38
2023-05-10T23:00+02:00,10549.7,21767.37,10635.38,47161.56,84.38
2023-05-11T00:00+02:00,11072.71,20113.46,10376.93,44933.88,84.38
2023-05-11T01:00+02:00,11346.35,18927.01,10122.49,43159.52,84.38
2023-05-11T02:00+02:00,11324.71,18803.77,9935.91,42072.54,84.38
2023-05-11T03:00+02:00,11650.73,19424.15,10033.6,42187.18,84.38
2023-05-11T04:00+02:00,11752.53,19871.36,10143.26,43278.9,84.38
2023-05-11T05:00+02:00,11347.93,21178.77,10406.4,46228.02,84.38
2023-05-11T06:00+02:00,13051.35,22644.52,11579.47,52854.72,84.38
2023-05-11T07:00+02:00,11355.67,23283.38,13465.31,57565.06,84.38
2023-05-11T08:00+02:00,11868.97,23456.68,15926.73,60394,84.38
2023-05-11T09:00+02:00,11747.83,22506.78,19405.99,61627.38,84.38
2023-05-11T10:00+02:00,10838.88,21992.44,23013.63,62568.79,84.38
2023-05-11T11:00+02:00,11490.45,20898.51,26007.04,63172.05,84.38
2023-05-11T12:00+02:00,10882.5,20152.66,27219.53,62469.41,84.38
2023-05-11T13:00+02:00,10225.98,19997.25,27393.76,61503.97,84.38
2023-05-11T14:00+02:00,10301.22,19610.62,26697.08,60210.14,84.38
2023-05-11T15:00+02:00,9141.91,20351.6,25480.3,59413.22,84.38
2023-05-11T16:00+02:00,8655.69,20986.45,23620.98,58604.38,84.38
2023-05-11T17:00+02:00,10266.92,21883.52,21390,59053.7,84.38
2023-05-11T18:00+02:00,10959.77,22505.66,18911.62,59231.58,84.38
2023-05-11T19:00+02:00,10858.03,22925.74,16699.42,58448.1,84.38
2023-05-11T20:00+02:00,9589.21,22757.66,16102.5,56630.02,84.38
2023-05-11T21:00+02:00,8373.04,22202.83,16756.69,54809.88,84.38
2023-05-11T22:00+02:00,7091.69,21328.49,17764.13,51377.22,84.38
2023-05-11T23:00+02:00,6429.97,19659.04,18878.04,47617.24,84.38
2023-05-12T00:00+02:00,5371.77,17518.99,19480.68,44224.75,84.38
2023-05-12T01:00+02:00,6465.37,16127.11,19711.79,42576.41,84.38
2023-05-12T02:00+02:00,7068.04,15856.1,19277.51,41647.34,84.38
2023-05-12T03:00+02:00,7298.87,16171.8,18750.73,41427.39,84.38
2023-05-12T04:00+02:00,8303.26,16331.34,18008.88,42592.76,84.38
2023-05-12T05:00+02:00,9169.49,17682.81,17378.99,45696.56,84.38
2023-05-12T06:00+02:00,11164.21,18904.93,17896.7,52258.26,84.38
2023-05-12T07:00+02:00,9832.66,19543.94,19432.28,57253.6,84.38
2023-05-12T08:00+02:00,10656.02,19571.23,22101.79,59899.31,84.38
2023-05-12T09:00+02:00,11649.89,18988.64,26423.79,61193.94,84.38
2023-05-12T10:00+02:00,6555.43,18334.8,33043.55,62384.29,84.38
2023-05-12T11:00+02:00,4476.6,16206.73,38927.44,62423.87,86.1
2023-05-12T12:00+02:00,3084.27,15047.08,41737.57,61091.92,86.67
2023-05-12T13:00+02:00,2479.21,14832.19,42085.64,59511.95,86.67
2023-05-12T14:00+02:00,2240.38,14760.34,40675.83,58516.71,86.67
2023-05-12T15:00+02:00,3407.95,14997.27,38850.41,58614.44,86.67
2023-05-12T16:00+02:00,3611.64,15930.18,36585.71,57452.06,86.67
2023-05-12T17:00+02:00,4699.86,16910.6,33705.09,57456.98,86.67
2023-05-12T18:00+02:00,6094.88,17551.42,29364.09,56938.35,86.67
2023-05-12T19:00+02:00,7279.81,17955.86,24338.13,55957.83,86.67
2023-05-12T20:00+02:00,6699.1,18022.42,21642.25,53734.38,86.67
2023-05-12T21:00+02:00,6867.02,16951.01,22863.05,52223.09,86.67
2023-05-12T22:00+02:00,6277.9,15514.45,23735.8,48961.67,86.67
2023-05-12T23:00+02:00,5033.05,14141.46,23073.95,44984.14,86.67
2023-05-13T00:00+02:00,5865.18,12781.02,22100.59,41955.27,86.67
2023-05-13T01:00+02:00,7076.64,11521.26,20626.28,40141.83,86.67
2023-05-13T02:00+02:00,6931.96,10680.04,19096.64,38553.81,86.67
2023-05-13T03:00+02:00,7669.61,10561.25,17830.25,38143.38,86.67
2023-05-13T04:00+02:00,8371.61,10775.11,17070.82,38376.1,86.67
2023-05-13T05:00+02:00,8854.57,11111.78,16902.98,38702.44,86.67
2023-05-13T06:00+02:00,8893.79,10871.32,18295.33,40195.14,86.67
2023-05-13T07:00+02:00,8934.55,10743.88,21108.98,43037.9,86.67
2023-05-13T08:00+02:00,8436.41,10371.96,24439.63,46457.96,86.67
2023-05-13T09:00+02:00,6038.44,10290.64,29991.63,48956.1,86.67
2023-05-13T10:00+02:00,4545.22,9677.84,37021.31,50479.28,86.67
2023-05-13T11:00+02:00,1586.53,9233.05,42052.47,50981.43,86.67
2023-05-13T12:00+02:00,-663.13,9034.97,43665.56,50556.55,86.67
2023-05-13T13:00+02:00,-2157.02,9060.36,42492.16,49135.96,86.67
2023-05-13T14:00+02:00,-1216.71,8837.56,40650.13,48034.65,86.67
2023-05-13T15:00+02:00,1681.11,8339.13,38690.36,47028.12,86.67
2023-05-13T16:00+02:00,4163.58,8701.28,35725.49,46846.43,86.67
2023-05-13T17:00+02:00,4417.52,9688.95,31748.27,46996.23,86.67
2023-05-13T18:00+02:00,5386.25,11605.25,26820.2,47793.81,86.67
2023-05-13T19:00+02:00,7250.23,12517.86,21167.08,47571.53,86.67
2023-05-13T20:00+02:00,6942.67,13204.73,17830.72,46375.99,86.67
2023-05-13T21:00+02:00,6253.21,13454.49,17384.41,44863.88,86.67
2023-05-13T22:00+02:00,5636.48,13126.92,16876.64,43266.6,86.67
2023-05-13T23:00+02:00,6613.5,12615.6,15120.21,40441.15,86.67
2023-05-14T00:00+02:00,7955.26,12019.22,13829.6,38187.11,86.67
2023-05-14T01:00+02:00,8802.58,11658.24,12805.79,36385.48,86.67
2023-05-14T02:00+02:00,8777.64,11732.33,12356.64,35249.54,86.67
2023-05-14T03:00+02:00,9586.36,11599.87,11691.89,34662.56,86.67
2023-05-14T04:00+02:00,9950.91,11408.45,11843.45,34709.54,86.67
2023-05-14T05:00+02:00,10052.51,11004.72,12473.58,34846.86,86.67
2023-05-14T06:00+02:00,9109.93,10031.88,14513.12,35241.13,86.67
2023-05-14T07:00+02:00,8243.71,9205.95,18297.53,37442.4,86.67
2023-05-14T08:00+02:00,6049.94,9528.98,22241.12,40517.93,86.67
2023-05-14T09:00+02:00,4932.78,9577.52,27883.83,43083.53,86.67
2023-05-14T10:00+02:00,3880.72,8972.5,33573.1,44712.51,86.67
2023-05-14T11:00+02:00,2519.03,8494.91,36940.96,46104.89,86.67
2023-05-14T12:00+02:00,470.11,8584.09,37207.75,45862.51,86.67
2023-05-14T13:00+02:00,426.41,8761.54,35226.08,43914.92,86.67
2023-05-14T14:00+02:00,2575.57,8811.25,33805.55,42232.3,86.67
2023-05-14T15:00+02:00,4630.22,8692.59,31475.63,41331.58,86.67
2023-05-14T16:00+02:00,5837.09,9419.09,28748.82,41050.86,86.67
2023-05-14T17:00+02:00,7044.94,11157.46,24889.13,42886.49,86.67
2023-05-14T18:00+02:00,8392.61,13336.9,19883.62,45136.49,86.67
2023-05-14T19:00+02:00,8947.64,15239.83,15069.2,44909.58,86.67
2023-05-14T20:00+02:00,11203.69,15883.53,11934.78,44676.24,86.67
2023-05-14T21:00+02:00,10715.4,15854.06,10979.33,44853,86.67
2023-05-14T22:00+02:00,11370.64,15697.81,10335.45,44014.35,86.67
2023-05-14T23:00+02:00,11326.53,15217.67,9874.57,41064.36,86.67
2023-05-15T00:00+02:00,11954.44,15246.64,9300.96,39056.02,86.67
2023-05-15T01:00+02:00,10718.87,15307.19,9154.14,37781.79,86.67
2023-05-15T02:00+02:00,10952.26,15109.42,9099.77,37166.26,86.67
2023-05-15T03:00+02:00,11220.45,15187.54,9259.36,37718.4,86.67
2023-05-15T04:00+02:00,11918.9,15449.73,9731.78,39577.2,86.67
2023-05-15T05:00+02:00,12351.85,16344.36,10307.22,43036,86.67
2023-05-15T06:00+02:00,12880.03,17251.03,12429.25,50282.86,86.67
2023-05-15T07:00+02:00,11545.45,17641.42,16504.49,55591.78,86.67
2023-05-15T08:00+02:00,8706.55,18030.55,21691.33,58473.84,86.67
2023-05-15T09:00+02:00,7492.52,17226.42,27836.95,59362.63,86.67
2023-05-15T10:00+02:00,6637.78,15834.72,33242.82,59491.8,86.67
2023-05-15T11:00+02:00,6991.3,13822.85,37024.8,59399.09,86.67
2023-05-15T12:00+02:00,6058.74,13150.68,38499.99,59060.97,86.67
2023-05-15T13:00+02:00,4922.85,12987.66,39139.3,58723.61,86.67
2023-05-15T14:00+02:00,4407.17,12777.03,40191.93,57602.08,86.67
2023-05-15T15:00+02:00,3800.63,12617.79,40434.26,57327,86.67
2023-05-15T16:00+02:00,3906.98,12794.75,38673.44,56292.56,86.67
2023-05-15T17:00+02:00,4016.88,13836.26,35639.32,56850.19,86.67
2023-05-15T18:00+02:00,6102.36,14708.94,31646.74,57704.68,86.67
2023-05-15T19:00+02:00,6412.83,15175.4,27822.71,57182.18,86.67
2023-05-15T20:00+02:00,7073.97,15058.34,25967.64,55278.31,86.67
2023-05-15T21:00+02:00,5483.22,14626.75,26342.36,53521.6,86.67
2023-05-15T22:00+02:00,4351.16,14310.7,26685.4,50290.68,86.67
2023-05-15T23:00+02:00,3594.83,13290.85,27676.05,46726.22,86.67
2023-05-16T00:00+02:00,4121.91,11864.46,27920.55,43949.05,86.67
2023-05-16T01:00+02:00,4500.36,11254.75,27961.42,42131.91,86.67
2023-05-16T02:00+02:00,4358.41,11046.7,28460.18,41528.93,86.67
2023-05-16T03:00+02:00,4682.12,11135.32,28492.14,41749.94,86.67
2023-05-16T04:00+02:00,4488.59,11373.12,28844.3,43323.86,86.67
2023-05-16T05:00+02:00,4759.32,11983.12,29309.07,46235.5,86.67
2023-05-16T06:00+02:00,5662.39,14116.54,30557.9,53063.29,86.67
2023-05-16T07:00+02:00,4675.74,14855.62,33359.62,58360.88,86.67
2023-05-16T08:00+02:00,3484.72,15243.08,38100.2,60724.54,86.67
2023-05-16T09:00+02:00,1263.77,14589.32,40790.96,61221.49,86.67
2023-05-16T10:00+02:00,1094.01,14843.51,41224.89,61320.7,86.67
2023-05-16T11:00+02:00,1765.66,14538.38,43897.63,61767.35,86.67
2023-05-16T12:00+02:00,786.52,14144.32,45459.31,61598.58,86.67
2023-05-16T13:00+02:00,-616.11,14014.69,46309.42,60568.35,86.67
2023-05-16T14:00+02:00,-1897.94,13784.01,46878.69,59509.08,86.67
2023-05-16T15:00+02:00,-1634.86,13595.09,45599.23,58952.19,86.67
2023-05-16T16:00+02:00,365.47,12893.22,43851.61,57980.5,86.67
2023-05-16T17:00+02:00,1681.01,13367.01,41059.18,57974.2,86.67
2023-05-16T18:00+02:00,3043.29,14512.3,38357.57,59509.72,86.67
2023-05-16T19:00+02:00,3775.37,15502.38,35207.06,59827.47,86.67
2023-05-16T20:00+02:00,2262.64,15998.02,31467.88,56674.74,86.67
2023-05-16T21:00+02:00,2751.74,15928.67,30424.51,55010.42,86.67
2023-05-16T22:00+02:00,2460.37,15558.72,30996.21,52124.3,86.67
2023-05-16T23:00+02:00,1765.27,14267.68,31069.89,48696.16,86.67
2023-05-17T00:00+02:00,2049.44,12770.76,30632.17,45833.18,86.67
2023-05-17T01:00+02:00,2318.02,12640.27,30555.29,44255.81,86.67
2023-05-17T02:00+02:00,2453.92,12500.83,30147.63,43478.27,86.67
2023-05-17T03:00+02:00,3209.16,12580.72,29327.31,43784.95,86.67
2023-05-17T04:00+02:00,3698.9,12792.76,28606.03,45021.52,86.67
2023-05-17T05:00+02:00,4823.97,13639.23,28147.64,47481.02,86.67
2023-05-17T06:00+02:00,5338.17,14941.43,29562.81,54111.89,86.67
2023-05-17T07:00+02:00,2425.75,15156.62,32435.29,59013.95,86.67
2023-05-17T08:00+02:00,1226.28,14777.23,39508.09,62329.58,86.67
2023-05-17T09:00+02:00,-910.91,13926.51,43815.25,61680.14,86.67
2023-05-17T10:00+02:00,-463.53,13125.21,46704.32,62508.44,86.67
2023-05-17T11:00+02:00,1806.31,12389.92,48261.8,63677.32,86.67
2023-05-17T12:00+02:00,744.26,12366.19,49715.14,62783.24,86.67
2023-05-17T13:00+02:00,313.64,11736.35,50227.87,61109.79,86.67
2023-05-17T14:00+02:00,216.63,11594.92,49147.84,59182.32,86.67
2023-05-17T15:00+02:00,1429.1,11206.17,46549.91,57705.97,86.67
2023-05-17T16:00+02:00,4027.02,10716.21,42540.22,56135.37,86.67
2023-05-17T17:00+02:00,5851.07,11712.54,36878.47,55615.08,86.67
2023-05-17T18:00+02:00,6984.18,14755.21,28896.19,55479.57,86.67
2023-05-17T19:00+02:00,9136.31,16106.97,21687.67,54930.25,86.67
2023-05-17T20:00+02:00,11753.56,16139.5,17118.23,53277.6,86.67
2023-05-17T21:00+02:00,11022.06,16134.01,16245.54,51311.5,86.67
2023-05-17T22:00+02:00,7317.34,16166.04,16543.97,47975.39,86.67
2023-05-17T23:00+02:00,7556.71,15072.6,16650.96,44357.36,86.67
2023-05-18T00:00+02:00,9487.17,12853.1,16359.93,41323.3,86.67
2023-05-18T01:00+02:00,10074.28,12238.08,16042.58,39424.72,86.67
2023-05-18T02:00+02:00,10174.1,12089.17,15407.6,38528.72,86.67
2023-05-18T03:00+02:00,9905.11,12272.39,14821.52,38066.17,86.67
2023-05-18T04:00+02:00,10664.45,12196.65,14192.64,38329.34,86.67
2023-05-18T05:00+02:00,9556.89,12162.08,13922.91,37390.2,86.67
2023-05-18T06:00+02:00,6772.81,11974.55,15410.33,37419.18,86.67
2023-05-18T07:00+02:00,4539.82,11749.85,19446.22,39377.25,86.67
2023-05-18T08:00+02:00,1390.44,10957.11,26207.73,42617.74,86.67
2023-05-18T09:00+02:00,-889.72,9683.98,34383.98,44651.07,86.67
2023-05-18T10:00+02:00,-2555.93,8588.35,39749.72,45482.94,86.67
2023-05-18T11:00+02:00,-1697.72,8503.14,41428.62,45891.31,86.67
2023-05-18T12:00+02:00,-2731.08,8389.51,41931.95,45609.43,86.67
2023-05-18T13:00+02:00,-4679.64,8409.55,42401.81,43953.72,86.67
2023-05-18T14:00+02:00,-3307.57,8427.29,40451.14,42343.39,86.67
2023-05-18T15:00+02:00,-2286.25,8553.81,37598.79,41398.6,86.67
2023-05-18T16:00+02:00,827.2,8878.16,33390.31,41501.52,86.67
2023-05-18T17:00+02:00,3482.49,9628.87,28526.87,42316.33,86.67
2023-05-18T18:00+02:00,5214.85,11644.11,22808.97,43485.07,86.67
2023-05-18T19:00+02:00,5703.67,13310.44,17801,44055.78,86.67
2023-05-18T20:00+02:00,7121.1,13522.33,15345.71,44084.76,86.67
2023-05-18T21:00+02:00,5216.72,12721.27,16462.28,42191.34,86.67
2023-05-18T22:00+02:00,4666.97,11622.7,17746.36,39789.57,86.67
2023-05-18T23:00+02:00,5496.87,11986.37,18186.08,38648.59,86.67
2023-05-19T00:00+02:00,6480.16,11245.05,17660.71,37531.4,86.67
2023-05-19T01:00+02:00,7091.45,10728.46,16771.26,36290.55,86.67
2023-05-19T02:00+02:00,6932.42,10757.61,15830.52,35391.67,86.67
2023-05-19T03:00+02:00,7793.12,10460.37,15238.55,35156.35,86.67
2023-05-19T04:00+02:00,8370.45,11082.63,15024.52,36330.55,86.67
2023-05-19T05:00+02:00,8513.92,12117.8,15021.91,38322.62,86.67
2023-05-19T06:00+02:00,8237.47,12509.33,16833.67,42602.17,86.67
2023-05-19T07:00+02:00,7825.97,12699.79,20208.15,46691.32,86.67
2023-05-19T08:00+02:00,5870.56,12100.81,24486.92,49900.49,86.67
2023-05-19T09:00+02:00,4609.26,10701.4,31048.29,50984.29,86.67
2023-05-19T10:00+02:00,2213.31,9023.08,37921.01,51601.4,86.67
2023-05-19T11:00+02:00,1170.64,8677.55,42585.67,52744.35,86.67
2023-05-19T12:00+02:00,909.64,8806.7,44320.58,52584.8,86.67
2023-05-19T13:00+02:00,1981.84,8829.17,43292.59,51248.66,86.67
2023-05-19T14:00+02:00,2072.5,8821.07,41986.8,50113.25,86.67
2023-05-19T15:00+02:00,2022.23,8842.08,40061.13,49501.08,86.67
2023-05-19T16:00+02:00,3556.72,8998.87,37019.49,49214.85,86.67
2023-05-19T17:00+02:00,3761.6,9727.93,33891.55,49953.12,86.67
2023-05-19T18:00+02:00,4794.67,10790.7,30049.46,50678.47,86.67
2023-05-19T19:00+02:00,5324.51,11325.45,26584.4,50469.66,86.67
2023-05-19T20:00+02:00,4987.25,11456.69,24334.96,49121.92,86.67
2023-05-19T21:00+02:00,3651.35,11300.17,25260.44,47755.19,86.67
2023-05-19T22:00+02:00,1053.58,10905.53,26366.86,44982.31,86.67
2023-05-19T23:00+02:00,1360.24,9837.44,26002.84,41775.95,86.67
2023-05-20T00:00+02:00,2289.12,8926.99,24657.8,38784.75,86.67
2023-05-20T01:00+02:00,3443.23,8395.14,23179.43,37077.3,86.67
2023-05-20T02:00+02:00,3405.04,8038.17,22506.77,35989.72,86.67
2023-05-20T03:00+02:00,4266.52,7939.31,22066.99,35684.86,86.67
2023-05-20T04:00+02:00,3933.56,7922,22048.53,35904.15,86.67
2023-05-20T05:00+02:00,3880.03,7901.46,22863.93,36737.17,86.67
2023-05-20T06:00+02:00,3885.22,7866.63,25092.13,39035.66,86.67
2023-05-20T07:00+02:00,3331.87,7907.98,27039.45,42043.49,86.67
2023-05-20T08:00+02:00,2611.94,7808.73,31823.93,45167.3,86.67
2023-05-20T09:00+02:00,711.63,7735.1,38794.06,47378.2,86.67
2023-05-20T10:00+02:00,-3737.9,7640.8,45164.64,49317.69,86.67
2023-05-20T11:00+02:00,-5169.74,7731.73,48134.25,50282.25,86.67
2023-05-20T12:00+02:00,-5086.62,7736.36,47800.66,49751.82,86.67
2023-05-20T13:00+02:00,-6347.74,7642.86,47432.06,48154.81,86.67
2023-05-20T14:00+02:00,-8056.64,7650.88,47622.44,46553.06,86.67
2023-05-20T15:00+02:00,-6337.51,7684.11,46072.75,45953,86.67
2023-05-20T16:00+02:00,-5061.04,7709.31,44261.92,45817.95,86.67
2023-05-20T17:00+02:00,-2469.5,7875.26,41235.36,46453.38,86.67
2023-05-20T18:00+02:00,369.55,8309.33,36376.38,47490.24,86.67
2023-05-20T19:00+02:00,1810.93,8708.46,30528.92,47012.84,86.67
2023-05-20T20:00+02:00,1944.6,9065.46,25474.38,45388.84,86.67
2023-05-20T21:00+02:00,1416.31,9366.63,24321.63,44355.9,86.67
2023-05-20T22:00+02:00,2177.55,9611.73,23618.81,42790.8,86.67
2023-05-20T23:00+02:00,2012.44,9190.28,23167.28,39873.53,86.67
2023-05-21T00:00+02:00,874.87,8520.61,22809.43,37724.72,86.67
2023-05-21T01:00+02:00,1289.44,8679.87,22164.69,35921.99,86.67
2023-05-21T02:00+02:00,1564.15,8454.71,21831.59,34840.66,86.67
2023-05-21T03:00+02:00,2534.28,8411.12,21227.16,33927.91,86.67
2023-05-21T04:00+02:00,3319.93,8348.53,20817.45,33887.83,86.67
2023-05-21T05:00+02:00,4090.22,8348.59,20603.91,34264.61,86.67
2023-05-21T06:00+02:00,3273.09,8424.5,21934.02,35121.75,86.67
2023-05-21T07:00+02:00,2751.11,8582.23,23669.5,37107.89,86.67
2023-05-21T08:00+02:00,2782.78,8504.1,26841.13,40411.07,86.67
2023-05-21T09:00+02:00,-786.99,8536.1,32550.71,42826.1,86.67
2023-05-21T10:00+02:00,-3120.71,8038.68,38542.36,45272.27,86.67
2023-05-21T11:00+02:00,-6741.2,7997.44,43640.34,46774.19,86.67
2023-05-21T12:00+02:00,-8193.09,7996.27,45215.78,46393.08,86.67
2023-05-21T13:00+02:00,-9549.85,8096.47,45539.61,44359.46,86.67
2023-05-21T14:00+02:00,-7786.9,8016.27,43363.01,42558.66,86.67
2023-05-21T15:00+02:00,-7933.78,8158.68,42064.48,42000.44,86.67
2023-05-21T16:00+02:00,-7749.67,8596.01,41545.68,41943.12,86.67
2023-05-21T17:00+02:00,-3917.32,9640.34,38154.75,43563.23,86.67
2023-05-21T18:00+02:00,2505.14,9522.3,31596.86,45542.13,86.67
2023-05-21T19:00+02:00,5608.34,10281.12,26405.05,46184.87,86.67
2023-05-21T20:00+02:00,6483.56,11004.27,24904.33,45943.2,86.67
2023-05-21T21:00+02:00,5581.24,11266.69,25745.1,46036.96,86.67
2023-05-21T22:00+02:00,3774.16,11246.9,26389.3,45549.31,86.67
2023-05-21T23:00+02:00,3802.7,10401.42,26298.19,43119.38,86.67
2023-05-22T00:00+02:00,3979.9,9312.51,25476.9,40933.15,86.67
2023-05-22T01:00+02:00,5118.34,8789.1,23863.45,39770.07,86.67
2023-05-22T02:00+02:00,6564.07,8803.33,22440.92,38575.09,86.67
2023-05-22T03:00+02:00,7936.14,9379.92,22189.21,38452.48,86.67
2023-05-22T04:00+02:00,8156.57,9890.85,21912.65,39685.62,86.67
2023-05-22T05:00+02:00,7845.46,11540.8,20813.04,42698.67,86.67
2023-05-22T06:00+02:00,9134.08,13233.21,21997.37,50044.34,86.67
2023-05-22T07:00+02:00,9218.75,14116.99,25737.5,54960.64,86.67
2023-05-22T08:00+02:00,7549.33,14511.88,29326.34,58174.62,86.67
2023-05-22T09:00+02:00,5158.11,14544.13,34522.47,58889.21,86.67
2023-05-22T10:00+02:00,4020.76,13502.6,40871.77,59839.65,86.67
2023-05-22T11:00+02:00,585.06,13112.89,46607.36,60150.38,86.67
2023-05-22T12:00+02:00,-1158.38,13040.32,48809.36,59738.89,86.67
2023-05-22T13:00+02:00,-1240.6,12857.26,48223.42,58959.51,86.67
2023-05-22T14:00+02:00,1997.1,12509.7,44904.38,57941.47,86.67
2023-05-22T15:00+02:00,3199.86,12638.86,41147.2,57420.83,86.67
2023-05-22T16:00+02:00,6653.45,13488.86,36236.44,56642.55,86.67
2023-05-22T17:00+02:00,9525.56,14606.64,31654.66,57004.44,86.67
2023-05-22T18:00+02:00,10076.34,15819.39,26238.92,56664.12,86.67
2023-05-22T19:00+02:00,11003.28,16883.04,21881.38,56394.67,86.67
2023-05-22T20:00+02:00,11025.46,16964.1,20608.41,54933.43,86.67
2023-05-22T21:00+02:00,9285.83,16853.96,20848.4,52819.81,86.67
2023-05-22T22:00+02:00,7820.67,16488.76,19961.88,49732.94,86.67
2023-05-22T23:00+02:00,7729.37,15427.66,20097.02,45634.56,86.67
2023-05-23T00:00+02:00,6872.34,13089.62,20917.98,42996.18,86.67
2023-05-23T01:00+02:00,6604.53,11967.43,20790.54,40936.37,86.67
2023-05-23T02:00+02:00,7590.44,11814.18,20087.54,39480.32,86.67
2023-05-23T03:00+02:00,7473.2,12183.63,20953.51,39330.68,86.67
2023-05-23T04:00+02:00,6931.38,12238.05,22808.79,40587.83,86.67
2023-05-23T05:00+02:00,7435.02,12622.03,24360.1,43916.9,86.67
2023-05-23T06:00+02:00,7922.43,14031.6,27709.23,51091.53,86.67
2023-05-23T07:00+02:00,7153.8,14432.01,31814.31,56855.65,86.67
2023-05-23T08:00+02:00,6263.56,14546.42,36215.92,60421.93,86.67
2023-05-23T09:00+02:00,4876.41,14589.34,39503.1,61901.43,86.67
2023-05-23T10:00+02:00,3902.75,13512.79,42911.35,62947.03,86.67
2023-05-23T11:00+02:00,1643.02,13028.99,45197.99,63378.03,86.67
2023-05-23T12:00+02:00,368.61,12437.31,47157.02,62806.8,86.67
2023-05-23T13:00+02:00,-1842.82,12190.5,49068.5,61346.85,86.67
2023-05-23T14:00+02:00,-3054.63,12019.88,49339.56,59826.47,86.67
2023-05-23T15:00+02:00,-2607.58,12461.86,48550.78,58744.2,86.67
2023-05-23T16:00+02:00,-1959.51,12416.07,46630.98,57615.25,86.67
2023-05-23T17:00+02:00,893.8,12343.33,44038.59,58524.66,86.67
2023-05-23T18:00+02:00,2968.62,13278.57,40861.28,58704.08,86.67
2023-05-23T19:00+02:00,3368.27,14716.92,36550.66,58094.69,86.67
2023-05-23T20:00+02:00,3701.83,14955.83,33170.7,55978.14,86.67
2023-05-23T21:00+02:00,3173.26,14583.32,30622.02,53585.73,86.67
2023-05-23T22:00+02:00,2686.93,14242.94,28055.06,50137.56,86.67
2023-05-23T23:00+02:00,3120.97,13514.81,27017.48,45955.12,86.67
2023-05-24T00:00+02:00,2041.03,13046.65,26311.62,43079.14,86.67
2023-05-24T01:00+02:00,4590.06,12441.05,25475.42,41757.73,86.67
2023-05-24T02:00+02:00,4473.1,12319.57,24462.62,40791.12,86.67
2023-05-24T03:00+02:00,5023.91,12376.93,23267.15,41005.39,86.67
2023-05-24T04:00+02:00,7248.04,12457.24,21912.03,41854.16,86.67
2023-05-24T05:00+02:00,8546.33,14360.65,20792.34,44511.71,86.67
2023-05-24T06:00+02:00,9761.32,16103.51,21671.43,51222.73,86.67
2023-05-24T07:00+02:00,9637.91,16665.54,23187.18,56279.38,86.67
2023-05-24T08:00+02:00,11690.1,16856.45,25406.3,59089.75,86.67
2023-05-24T09:00+02:00,10410.98,16684.05,28595.27,59699.24,86.67
2023-05-24T10:00+02:00,10200.71,15780.95,29989.53,60486.5,86.67
2023-05-24T11:00+02:00,11654.46,14712.66,31321.51,61076.81,86.67
2023-05-24T12:00+02:00,10983.7,14640.07,32638.25,60260,86.67
2023-05-24T13:00+02:00,10771.81,14459.45,33203.53,58887.31,86.67
2023-05-24T14:00+02:00,9787.84,14485.97,33417.1,57885.57,86.67
2023-05-24T15:00+02:00,7693.97,15160.41,32907.51,56865.44,86.67
2023-05-24T16:00+02:00,7604.36,15950.43,30228.6,55533.88,86.67
2023-05-24T17:00+02:00,8260.68,17590.02,26248.25,56053.92,86.67
2023-05-24T18:00+02:00,11874.52,18688.77,21236.92,56565.96,86.67
2023-05-24T19:00+02:00,12659.99,19688.56,16298.41,55933.12,86.67
2023-05-24T20:00+02:00,13358.67,19931.6,13343.96,54294.7,86.67
2023-05-24T21:00+02:00,11888.82,19983.3,12813.29,52314.13,86.67
2023-05-24T22:00+02:00,10263.09,19400.33,13642.94,49126.89,86.67
2023-05-24T23:00+02:00,11025.54,17078.67,14503.39,45026.48,86.67
2023-05-25T00:00+02:00,11391.87,15171.01,14999.23,41946.93,86.67
2023-05-25T01:00+02:00,10165.22,14169.27,15612.11,40582.5,86.67
2023-05-25T02:00+02:00,9408.46,13720.37,15737.98,39628.69,86.67
2023-05-25T03:00+02:00,9645.05,13813.19,15752.3,40026.71,86.67
2023-05-25T04:00+02:00,9798.93,14206.94,16254.76,41081.99,86.67
2023-05-25T05:00+02:00,10785,14810.54,17202.2,44252.48,86.67
2023-05-25T06:00+02:00,12124.64,15403.19,19754.28,51086.35,86.67
2023-05-25T07:00+02:00,11355.26,15741.51,23505.41,56165.86,86.67
2023-05-25T08:00+02:00,9330.37,15353.83,29038.09,59118.71,86.67
2023-05-25T09:00+02:00,6643.19,13758.9,34985.11,59376.34,86.67
2023-05-25T10:00+02:00,3743.36,11897.49,40415.64,59899.6,86.67
2023-05-25T11:00+02:00,2929.55,11277.93,44432.72,60464.26,86.67
2023-05-25T12:00+02:00,466.32,10802.74,47272.95,59730.22,86.67
2023-05-25T13:00+02:00,576.25,10258.31,48483.06,59168.17,86.67
2023-05-25T14:00+02:00,-213.62,9871.67,48657.14,57735.94,86.67
2023-05-25T15:00+02:00,945.16,9873.39,47388.98,56839.05,86.67
2023-05-25T16:00+02:00,2976.46,9440.96,43801.28,55990.7,86.67
2023-05-25T17:00+02:00,6034.77,10591.4,38474.94,55746.29,86.67
2023-05-25T18:00+02:00,10034.45,13516.7,31376.03,56389.46,86.67
2023-05-25T19:00+02:00,11254.5,15275.99,25163.68,56266.12,86.67
2023-05-25T20:00+02:00,10903.17,15948.26,21967.63,54350.38,86.67
2023-05-25T21:00+02:00,8096.33,16003.41,22302.4,52729.98,86.67
2023-05-25T22:00+02:00,7164.55,15542.51,23070.65,49896.84,86.67
2023-05-25T23:00+02:00,6874.4,13480.36,23111.55,45840.91,86.67
2023-05-26T00:00+02:00,6783.29,12171.21,22571.15,43102.66,86.67
2023-05-26T01:00+02:00,7621.98,11151.65,21690.83,41404.89,86.67
2023-05-26T02:00+02:00,8336.48,10754.97,20679.93,40400.96,86.67
2023-05-26T03:00+02:00,9038.64,10445.62,20253.98,40787.54,86.67
2023-05-26T04:00+02:00,9524.98,10751.22,19934.75,41854.87,86.67
2023-05-26T05:00+02:00,10332.74,11572.15,19989.86,44463.12,86.67
2023-05-26T06:00+02:00,11573.31,12323.63,21427.12,50926.54,86.67
2023-05-26T07:00+02:00,11630.98,12469.5,24928.77,55812.9,86.67
2023-05-26T08:00+02:00,10297.56,12057.49,31757.45,58857.16,86.67
2023-05-26T09:00+02:00,6001.74,9871.1,39576,59022.67,86.67
2023-05-26T10:00+02:00,2971.98,8806.26,46277.24,59438.8,86.67
2023-05-26T11:00+02:00,531.78,8749.44,51381.81,60016.66,82.5
2023-05-26T12:00+02:00,-1121.59,8529.58,53508.07,59113.73,81.11
2023-05-26T13:00+02:00,-1436.58,8273.48,53471.95,57756.15,81.11
2023-05-26T14:00+02:00,-1840.27,8097.27,52229.98,56012.58,81.11
2023-05-26T15:00+02:00,-338.29,7895.02,50388.23,55009.64,81.11
2023-05-26T16:00+02:00,2959.76,7593.44,46371.62,54368.11,81.11
2023-05-26T17:00+02:00,6797.74,8144.55,39588.74,53924.12,81.11
2023-05-26T18:00+02:00,8750.13,10402.87,31588.29,53626.96,81.11
2023-05-26T19:00+02:00,9940.59,11975.74,24746.76,52481.1,81.11
2023-05-26T20:00+02:00,10719.96,12580.65,20393.55,51013.46,81.11
2023-05-26T21:00+02:00,8951.65,12568.79,20244.81,49010.97,81.11
2023-05-26T22:00+02:00,7421.75,12096.53,21162.21,46510.08,81.11
2023-05-26T23:00+02:00,6814.86,11440.64,21144.53,42777.66,81.11
2023-05-27T00:00+02:00,7356.9,10528.21,20123.01,39628.87,81.11
2023-05-27T01:00+02:00,8408.7,9455.23,19155.58,38051.74,81.11
2023-05-27T02:00+02:00,8450.25,9381.86,17886.98,36462.03,81.11
2023-05-27T03:00+02:00,8887.94,9233.54,16994.97,36090.08,81.11
2023-05-27T04:00+02:00,9374.01,9296.12,16144.55,35748.51,81.11
2023-05-27T05:00+02:00,9729.58,9316.63,15293.34,35838.47,81.11
2023-05-27T06:00+02:00,10063.1,9297.08,16906.19,37317.07,81.11
2023-05-27T07:00+02:00,8856.51,9038.7,21262.46,40640.41,81.11
2023-05-27T08:00+02:00,5659.33,8374.2,27815.56,44259.64,81.11
2023-05-27T09:00+02:00,2130.97,7715.7,35546.45,46349.54,81.11
2023-05-27T10:00+02:00,-2100.85,7476.47,41686.02,47328.28,81.11
2023-05-27T11:00+02:00,-4283.45,7464.38,46120.32,47422.2,81.11
2023-05-27T12:00+02:00,-6369.29,7423.08,48435.79,46890.95,81.11
2023-05-27T13:00+02:00,-7649.16,7375.38,48338.57,45477.62,81.11
2023-05-27T14:00+02:00,-7745.46,7408.29,46653.85,43974.21,81.11
2023-05-27T15:00+02:00,-6067.48,7394.79,43840.97,43067.82,81.11
2023-05-27T16:00+02:00,-1307.31,7365.44,38524.21,42489.02,81.11
2023-05-27T17:00+02:00,4606.64,7758.04,30978.11,42793.14,81.11
2023-05-27T18:00+02:00,9129.8,9617.69,22455.4,43338.39,81.11
2023-05-27T19:00+02:00,12049.31,11017.47,15512.89,43162.72,81.11
2023-05-27T20:00+02:00,10984.7,11904.41,12216.61,42362.19,81.11
2023-05-27T21:00+02:00,11156.72,11944.99,12171.63,41545.84,81.11
2023-05-27T22:00+02:00,9772.66,11763.77,13212.06,40491.91,81.11
2023-05-27T23:00+02:00,8534.56,11135.16,13953.74,37628.45,81.11
2023-05-28T00:00+02:00,8587.1,10500.79,13931.33,35252.89,81.11
2023-05-28T01:00+02:00,8861.36,9741.73,13497.24,33550.52,81.11
2023-05-28T02:00+02:00,9158.74,9036.97,12601.85,32498.26,81.11
2023-05-28T03:00+02:00,10593.99,8384.2,11634.69,32233.77,81.11
2023-05-28T04:00+02:00,11951.82,8344.39,10873.02,31834.62,81.11
2023-05-28T05:00+02:00,13344.46,8201.01,10722.4,31673.87,81.11
2023-05-28T06:00+02:00,11361.22,7974.61,13154.57,32431.7,81.11
2023-05-28T07:00+02:00,8704.39,7765.55,18778.04,35316.76,81.11
2023-05-28T08:00+02:00,3737.39,7609.19,26249.69,38302.28,81.11
2023-05-28T09:00+02:00,-1220.3,7615.98,34292.74,40166.11,81.11
2023-05-28T10:00+02:00,-3314.61,7223.34,40481.91,41539.93,81.11
2023-05-28T11:00+02:00,-6117.95,7201.27,44275.22,42712.21,81.11
2023-05-28T12:00+02:00,-7939.77,6985.72,44814.1,42047.69,81.11
2023-05-28T13:00+02:00,-7376.93,7002.77,44245.41,40479.76,81.11
2023-05-28T14:00+02:00,-7166.7,6952.27,42571.89,39148.02,81.11
2023-05-28T15:00+02:00,-6709.2,6954.32,40275.82,38334.56,81.11
2023-05-28T16:00+02:00,-6206.32,7115.88,39774.98,38487.04,81.11
2023-05-28T17:00+02:00,-2002.45,7348.82,34864.72,39159.7,81.11
2023-05-28T18:00+02:00,3561.72,7606.81,29737.55,40208.82,81.11
2023-05-28T19:00+02:00,6764.51,7993.77,24525.83,40358.96,81.11
2023-05-28T20:00+02:00,6430.51,8020.43,21725.73,40131.42,81.11
2023-05-28T21:00+02:00,5231,8242.08,22435.99,39731.09,81.11
2023-05-28T22:00+02:00,4332.16,8265.73,23318.54,39229.29,81.11
2023-05-28T23:00+02:00,3487.74,7991.21,22768.61,36598.52,81.11
2023-05-29T00:00+02:00,4338.83,7683.76,21817.09,34979.42,81.11
2023-05-29T01:00+02:00,4151.76,7533.46,20991.47,33140.13,81.11
2023-05-29T02:00+02:00,5109.83,7304.3,20028.42,32200.7,81.11
2023-05-29T03:00+02:00,4747.86,7214.14,19524.6,31767.48,81.11
2023-05-29T04:00+02:00,4758.32,7250.97,18883.06,31696.8,81.11
2023-05-29T05:00+02:00,4824.35,7281.98,18961.19,31877.18,81.11
2023-05-29T06:00+02:00,3471.92,7303.52,20706.15,32531.51,81.11
2023-05-29T07:00+02:00,1143.56,7397.25,24852.05,35108.62,81.11
2023-05-29T08:00+02:00,-1839.45,7517.05,31705.69,38488.21,81.11
2023-05-29T09:00+02:00,-5934.35,7383.26,38739.69,41035.79,81.11
2023-05-29T10:00+02:00,-8881.75,7339.37,43958.07,42168.8,81.11
2023-05-29T11:00+02:00,-9310.59,7317.11,47043.8,43393.23,81.11
2023-05-29T12:00+02:00,-10104.26,6899.85,47530.36,43205.11,81.11
2023-05-29T13:00+02:00,-10295.15,6790.05,47284.43,41643.62,81.11
2023-05-29T14:00+02:00,-8262.67,6761.25,44896.18,40484.8,81.11
2023-05-29T15:00+02:00,-7392.29,6739.72,42703.63,39889.11,81.11
2023-05-29T16:00+02:00,-7668.1,6756.33,42625.16,40040.2,81.11
2023-05-29T17:00+02:00,-3889.27,7060.23,39280.63,41423.37,81.11
2023-05-29T18:00+02:00,970.37,7302.25,35608.01,42757.14,81.11
2023-05-29T19:00+02:00,4738.78,8135.14,29896.24,42925.96,81.11
2023-05-29T20:00+02:00,6437.54,8453.59,25871.93,42601.6,81.11
2023-05-29T21:00+02:00,5807.12,8918.92,25583.97,42119.8,81.11
2023-05-29T22:00+02:00,4764.52,8644.99,25934.89,41701.88,81.11
2023-05-29T23:00+02:00,4322.41,8380.15,25532.52,38779.13,81.11
2023-05-30T00:00+02:00,3747.13,8341.73,23908.92,36550.38,81.11
2023-05-30T01:00+02:00,3937.19,8311.39,21932.34,35658.18,81.11
2023-05-30T02:00+02:00,6041.46,7970.01,20378.79,34922.93,81.11
2023-05-30T03:00+02:00,6539.54,8288.68,19472.2,35184.29,81.11
2023-05-30T04:00+02:00,7160.83,9111.83,19078.73,36438.74,81.11
2023-05-30T05:00+02:00,9453.88,10150.51,18515.68,39668.07,81.11
2023-05-30T06:00+02:00,11556.29,11733.59,19741.35,46705.12,81.11
2023-05-30T07:00+02:00,11237.08,12154.42,22779.94,52367.4,81.11
2023-05-30T08:00+02:00,9076.59,12089.63,27810.38,55848.29,81.11
2023-05-30T09:00+02:00,5682.41,11122.59,34476.24,56910.54,81.11
2023-05-30T10:00+02:00,4141.71,9223.56,40518.83,57536.92,81.11
2023-05-30T11:00+02:00,888.25,8252.58,45117.89,57804.14,81.11
2023-05-30T12:00+02:00,1479.24,7983.12,46557.64,57469.73,81.11
2023-05-30T13:00+02:00,-107.46,7894.45,46406.53,56807.46,81.11
2023-05-30T14:00+02:00,1123.93,7998.23,45208.45,55645.45,81.11
2023-05-30T15:00+02:00,2667.39,8209.52,42420.04,54689.8,81.11
2023-05-30T16:00+02:00,4576.4,8936.08,38254.16,53896.76,81.11
2023-05-30T17:00+02:00,7839.35,10367.75,32572.52,53967.08,81.11
2023-05-30T18:00+02:00,9832.22,13919.52,25757.73,54167.65,81.11
2023-05-30T19:00+02:00,12723.55,15467.57,19574.14,53941.9,81.11
2023-05-30T20:00+02:00,13090.23,15655.43,16088.16,52529.73,81.11
2023-05-30T21:00+02:00,10777.45,15728.67,16606.57,50443.8,81.11
2023-05-30T22:00+02:00,9804.93,14429.01,18660.26,47988.54,81.11
2023-05-30T23:00+02:00,8498.47,12719.05,19649.39,43859.21,81.11
2023-05-31T00:00+02:00,8367.96,11795.47,19480.22,41483.33,81.11
2023-05-31T01:00+02:00,8174.54,11364.61,18722.84,39576.1,81.11
2023-05-31T02:00+02:00,8688.88,11127.02,17603.98,38869.19,81.11
2023-05-31T03:00+02:00,9474.38,11523.22,16670.77,39271.06,81.11
2023-05-31T04:00+02:00,10307.79,11720.07,16011.56,40037.36,81.11
2023-05-31T05:00+02:00,11883.32,12208.78,15903.41,42801.45,81.11
2023-05-31T06:00+02:00,13633.91,13067.36,18103.4,49975.36,81.11
2023-05-31T07:00+02:00,13082.48,13186.1,22856.84,55214.93,81.11
2023-05-31T08:00+02:00,10088.6,12351.32,29717.95,57927.49,81.11
2023-05-31T09:00+02:00,5205.33,10826.95,38459.62,58248.45,81.11
2023-05-31T10:00+02:00,1306.16,8655.83,46005.4,58607.54,81.11
2023-05-31T11:00+02:00,-633.19,7757.45,51556.36,59329.3,81.11
2023-05-31T12:00+02:00,-2232.53,7686.52,54017.91,59208.26,81.11
2023-05-31T13:00+02:00,-3858.95,7349.93,54958.83,58288.42,81.11
2023-05-31T14:00+02:00,-4081.62,7274.47,54164.08,56767.63,81.11
2023-05-31T15:00+02:00,-1879.4,7258.76,51659.83,55958.09,81.11
2023-05-31T16:00+02:00,770.11,7366.82,47497.56,55658.64,81.11
2023-05-31T17:00+02:00,5413.34,8490.04,40711.08,55819.19,81.11
2023-05-31T18:00+02:00,8959.17,11101.9,32681.39,56035.32,81.11
2023-05-31T19:00+02:00,13531.95,12810.39,25810.15,56065.36,81.11
2023-05-31T20:00+02:00,13788.51,12980.64,22267.41,54939.9,81.11
2023-05-31T21:00+02:00,11396.55,12906.78,22581.76,52896.46,81.11
2023-05-31T22:00+02:00,8668.91,12414.17,24053.3,50151.69,81.11
2023-05-31T23:00+02:00,7284.67,11474.87,24485.41,46160.94,81.11
2023-06-01T00:00+02:00,8561.78,10304.6,23365.66,43451.31,81.11
2023-06-01T01:00+02:00,8253.97,9974.51,22575.9,41775.02,81.11
2023-06-01T02:00+02:00,8930.76,10106.25,21773.45,40959.85,81.11
2023-06-01T03:00+02:00,10547.63,9884.41,21580.75,41313.07,81.11
2023-06-01T04:00+02:00,10466.36,9887.54,21627.45,42379.4,81.11
2023-06-01T05:00+02:00,10665.42,10603.48,22037.43,44404.41,81.11
2023-06-01T06:00+02:00,12960.1,11433.71,23621.61,51063.04,81.11
2023-06-01T07:00+02:00,11653.78,11944.36,26919.15,56144.15,81.11
2023-06-01T08:00+02:00,7957.08,12493.23,31156.52,58667.61,81.11
2023-06-01T09:00+02:00,4049.63,12467.17,37873.75,58927.27,81.11
2023-06-01T10:00+02:00,864.13,11478.87,43939.95,59707.16,81.11
2023-06-01T11:00+02:00,-1029.65,10174.53,48492.74,60071.44,81.11
2023-06-01T12:00+02:00,-2693.19,9723.95,50885.97,60042.14,81.11
2023-06-01T13:00+02:00,-3606.57,9520.8,52098.89,59210.57,81.11
2023-06-01T14:00+02:00,-3336.41,9331.13,50784.09,57703.23,81.11
2023-06-01T15:00+02:00,-1326.9,8979.8,48910.69,57004.92,81.11
2023-06-01T16:00+02:00,-204.23,10285.29,45094.12,56041.58,81.11
2023-06-01T17:00+02:00,4406.92,10829.86,40599.38,56783.66,81.11
2023-06-01T18:00+02:00,6805.3,12391.09,33907.25,56415.14,81.11
2023-06-01T19:00+02:00,10447.32,13251.46,28756.66,56136.96,81.11
2023-06-01T20:00+02:00,11350.47,12751.2,25491.38,54455.6,81.11
2023-06-01T21:00+02:00,8765.39,12264.25,24664.87,52546.43,81.11
2023-06-01T22:00+02:00,8421.56,11746.84,24771.83,50804.07,81.11
2023-06-01T23:00+02:00,9409.9,10874.36,23664.51,47230.43,81.11
2023-06-02T00:00+02:00,7190.36,10307.64,22604.77,44018.97,81.11
2023-06-02T01:00+02:00,9186.65,9708.72,21064.78,41635.57,81.11
2023-06-02T02:00+02:00,9948.05,9472.49,19810.44,40721.95,81.11
2023-06-02T03:00+02:00,10692.76,9703.31,18366.84,40381.29,81.11
2023-06-02T04:00+02:00,11857.17,9878.2,17506.81,41364.28,81.11
2023-06-02T05:00+02:00,14223.78,10636.1,16933.94,43703.06,81.11
2023-06-02T06:00+02:00,14503.8,11516.23,18214.69,49889.46,81.11
2023-06-02T07:00+02:00,14214.88,11655.36,21218.11,55124.06,81.11
2023-06-02T08:00+02:00,12824.5,11487.17,26828.12,58180.44,81.11
2023-06-02T09:00+02:00,9895.14,10271.38,34017,58944.53,81.11
2023-06-02T10:00+02:00,7019.88,8376.29,41149.97,59146.07,81.11
2023-06-02T11:00+02:00,4152.2,7298.2,46356.33,59183.13,78.93
2023-06-02T12:00+02:00,1074.35,7116.42,48968.46,58372.92,78.2
2023-06-02T13:00+02:00,1100.75,6927.26,49416.01,57074.06,78.2
2023-06-02T14:00+02:00,892.86,6799.91,48187.59,55856.25,78.2
2023-06-02T15:00+02:00,2063.82,6889.78,45631.34,55061.51,78.2
2023-06-02T16:00+02:00,4261.85,7550.33,41441.98,54103.38,78.2
2023-06-02T17:00+02:00,6784.61,8627.95,36141.94,53823.66,78.2
2023-06-02T18:00+02:00,10518.75,9783.89,29996.01,53599.23,78.2
2023-06-02T19:00+02:00,11921.74,10546.71,24954.63,52822.93,78.2
2023-06-02T20:00+02:00,12024.75,10471.65,21504.55,50906.95,78.2
2023-06-02T21:00+02:00,9673.52,10398.55,21828.5,49030.8,78.2
2023-06-02T22:00+02:00,7718.43,10065.97,23999.71,46355.26,78.2
2023-06-02T23:00+02:00,6693.71,9508.82,24909.72,43017.02,78.2
2023-06-03T00:00+02:00,5573.23,8814.25,24128.09,40135.99,78.2
2023-06-03T01:00+02:00,5173.06,8842.96,22603.32,38444.71,78.2
2023-06-03T02:00+02:00,6057.84,8905.61,21057.05,37323.69,78.2
2023-06-03T03:00+02:00,7421.22,8835.88,19724.35,36881.89,78.2
2023-06-03T04:00+02:00,8451.14,8724.71,18466.31,37095.6,78.2
2023-06-03T05:00+02:00,8393.19,8720.7,18108.66,37160.25,78.2
2023-06-03T06:00+02:00,8268.79,8889.1,19565.13,38653.95,78.2
2023-06-03T07:00+02:00,7736.63,8673.05,22805.86,41471.73,78.2
2023-06-03T08:00+02:00,4724.67,8425.92,28947.89,44690.4,78.2
2023-06-03T09:00+02:00,1442.78,7175.47,37285.04,46869.66,78.2
2023-06-03T10:00+02:00,-3781.06,6868.8,44507.99,47930.37,78.2
2023-06-03T11:00+02:00,-6398.53,6619.06,48887.56,48306.4,78.2
2023-06-03T12:00+02:00,-9416.89,6520.66,50627.6,47864.61,78.2
2023-06-03T13:00+02:00,-9334.56,6464.17,50304.79,46099.31,78.2
2023-06-03T14:00+02:00,-8167.11,6393.56,48471.57,44943.15,78.2
2023-06-03T15:00+02:00,-5833.22,6388.04,45196.59,44194.53,78.2
2023-06-03T16:00+02:00,-2332.26,6452.84,40599.89,43695.83,78.2
2023-06-03T17:00+02:00,2379.5,7039.52,34213.86,44238.2,78.2
2023-06-03T18:00+02:00,8237.37,8019.8,26754.1,44647.83,78.2
2023-06-03T19:00+02:00,10813.27,8949.18,20335.08,44412.15,78.2
2023-06-03T20:00+02:00,10554.31,9630.09,16732.33,43430.01,78.2
2023-06-03T21:00+02:00,8485.34,9645.24,17394.63,42488.59,78.2
2023-06-03T22:00+02:00,6979.59,9447.57,19168.39,41170.98,78.2
2023-06-03T23:00+02:00,5738.63,9201.99,19902.4,38459.42,78.2
2023-06-04T00:00+02:00,7926.53,7763.29,19180.56,36358.53,78.2
2023-06-04T01:00+02:00,8427.81,7468.37,17791.82,34603.73,78.2
2023-06-04T02:00+02:00,9889.03,7458.52,15918.42,33579.55,78.2
2023-06-04T03:00+02:00,10549,7419.93,14133.14,32890.01,78.2
2023-06-04T04:00+02:00,11362.31,7459.96,12922.57,32704.48,78.2
2023-06-04T05:00+02:00,11405.96,7443.18,12945.12,32872.49,78.2
2023-06-04T06:00+02:00,10290.73,7438.44,15463.94,33817.39,78.2
2023-06-04T07:00+02:00,9127.2,7025.86,20468.74,36442.48,78.2
2023-06-04T08:00+02:00,5291.44,6965.17,27411.91,39644.72,78.2
2023-06-04T09:00+02:00,-218.16,6855.49,35126.1,41747.39,78.2
2023-06-04T10:00+02:00,-6096.41,6651.32,42091.73,43220.68,78.2
2023-06-04T11:00+02:00,-7552.82,6276.56,45793.65,44486.01,78.2
2023-06-04T12:00+02:00,-10083.23,6398.52,47678.53,43959.41,78.2
2023-06-04T13:00+02:00,-8932.78,6339.67,46008.82,42544.24,78.2
2023-06-04T14:00+02:00,-8039.92,6308.17,44217.22,41563.6,78.2
2023-06-04T15:00+02:00,-7527.1,6364.28,42474.57,40899.57,78.2
2023-06-04T16:00+02:00,-3625.93,6738.62,37545.13,40442.53,78.2
2023-06-04T17:00+02:00,3136.68,7182.59,31322.69,41474.3,78.2
2023-06-04T18:00+02:00,8194.01,8678.4,24248.79,42931.87,78.2
2023-06-04T19:00+02:00,10432.36,10532.76,18433.78,43567.96,78.2
2023-06-04T20:00+02:00,10748.22,11227.52,15101.38,43652.02,78.2
2023-06-04T21:00+02:00,11091.2,11335.72,15207.21,43111.05,78.2
2023-06-04T22:00+02:00,10330.18,11341.67,16711.17,42868.98,78.2
2023-06-04T23:00+02:00,9640.11,10609.15,16970.63,39962.66,78.2
2023-06-05T00:00+02:00,10072.58,9896.45,16041.21,38018.83,78.2
2023-06-05T01:00+02:00,10793.89,9706.42,15187.33,36682.6,78.2
2023-06-05T02:00+02:00,12468.51,9543.81,14422.41,36162.16,78.2
2023-06-05T03:00+02:00,12959.29,9739.93,13553.64,36318.04,78.2
2023-06-05T04:00+02:00,13324.6,10254.12,12873.79,37055.86,78.2
2023-06-05T05:00+02:00,13846.96,11260.73,13053.6,40257.8,78.2
2023-06-05T06:00+02:00,13243.5,12465.93,15505.05,47747.92,78.2
2023-06-05T07:00+02:00,11685.1,13076.43,19711.84,52700.74,78.2
2023-06-05T08:00+02:00,11814.45,12830.55,25451.48,56107.67,78.2
2023-06-05T09:00+02:00,7951.2,11776.21,32268.76,57016.05,78.2
2023-06-05T10:00+02:00,4942.24,10746,38739.31,57610.04,78.2
2023-06-05T11:00+02:00,4308.94,9907.98,43123.6,58699.2,78.2
2023-06-05T12:00+02:00,2780.5,9383.5,44748.85,58317.56,78.2
2023-06-05T13:00+02:00,3741.83,9228.6,44625.86,57798.85,78.2
2023-06-05T14:00+02:00,4206.15,9390.33,42675.94,56525.81,78.2
2023-06-05T15:00+02:00,7099.95,9713.62,39621.11,55887.1,78.2
2023-06-05T16:00+02:00,8589.2,10477.89,35286.97,55161.73,78.2
2023-06-05T17:00+02:00,10896.93,11979.72,29518.1,54972.52,78.2
2023-06-05T18:00+02:00,12011.97,14548.61,24093.42,54726.5,78.2
2023-06-05T19:00+02:00,12306.95,15399.67,19181.62,54462.3,78.2
2023-06-05T20:00+02:00,12515.05,15608.62,16422.72,52791.29,78.2
2023-06-05T21:00+02:00,10983.96,15662.28,16707.12,50520.56,78.2
2023-06-05T22:00+02:00,10874.58,15195.04,17528.41,47897.19,78.2
2023-06-05T23:00+02:00,11450.14,12974.15,17486.18,44302.05,78.2
2023-06-06T00:00+02:00,10961.93,12799.72,16556.72,41623.12,78.2
2023-06-06T01:00+02:00,11946.33,12735.43,15130.46,40030.53,78.2
2023-06-06T02:00+02:00,12797.36,12628.35,14229.38,39026.77,78.2
2023-06-06T03:00+02:00,13728.12,12534.42,13155.77,39149.19,78.2
2023-06-06T04:00+02:00,13925.63,12958.12,12895.41,40109.04,78.2
2023-06-06T05:00+02:00,13842.38,14124.62,13226.39,42771.98,78.2
2023-06-06T06:00+02:00,14749.17,15593.81,15003.46,49295.48,78.2
2023-06-06T07:00+02:00,14212.21,15796.65,18079.07,54248.93,78.2
2023-06-06T08:00+02:00,12732.86,15293.53,22839.71,57027.59,78.2
2023-06-06T09:00+02:00,10773.78,13933.42,28652.75,58289.02,78.2
2023-06-06T10:00+02:00,9465.07,12045.02,34157.34,58819.54,78.2
2023-06-06T11:00+02:00,8952.81,10403.23,38062.97,59938.26,78.2
2023-06-06T12:00+02:00,7168.17,10347.34,39610.61,59900.79,78.2
2023-06-06T13:00+02:00,6645.06,10991.25,39086.58,59398,78.2
2023-06-06T14:00+02:00,7120,11499.14,37839.36,57946.93,78.2
2023-06-06T15:00+02:00,8381.76,11273.15,35783.94,57536.73,78.2
2023-06-06T16:00+02:00,8066.21,12609.42,32813.07,56320.08,78.2
2023-06-06T17:00+02:00,10250.36,14209.49,28666.17,56390.37,78.2
2023-06-06T18:00+02:00,11526.99,15985.41,23336.47,56340.65,78.2
2023-06-06T19:00+02:00,12258.19,17135.89,18159.87,55452.18,78.2
2023-06-06T20:00+02:00,12911.8,17318.47,14638.65,53426.66,78.2
2023-06-06T21:00+02:00,12780.47,17659.08,12986,50898.81,78.2
2023-06-06T22:00+02:00,12670.66,17339.87,12737.96,48529.87,78.2
2023-06-06T23:00+02:00,12265.72,16687.9,12647.51,44781.92,78.2
2023-06-07T00:00+02:00,12789.03,15445.8,12109.63,42291.57,78.2
2023-06-07T01:00+02:00,13257.83,14269.24,11867.52,40878.36,78.2
2023-06-07T02:00+02:00,13438.15,14011.34,11526.03,39818.13,78.2
2023-06-07T03:00+02:00,14187.97,14241.88,11092.9,39978.09,78.2
2023-06-07T04:00+02:00,13755.56,14978.02,10846.56,40932.3,78.2
2023-06-07T05:00+02:00,13451.12,16208.49,11271.48,43363.83,78.2
2023-06-07T06:00+02:00,11858.96,17766.37,13416.27,49268.14,78.2
2023-06-07T07:00+02:00,12170.53,18071.79,16693.85,54148.72,78.2
2023-06-07T08:00+02:00,11032.88,17971.42,21719.67,57690.19,78.2
2023-06-07T09:00+02:00,8204.16,16919.94,27422.33,58897.42,78.2
2023-06-07T10:00+02:00,6011.44,15144.59,32903.83,59426.19,78.2
2023-06-07T11:00+02:00,5429.8,13858.27,37086.18,60000.94,78.2
2023-06-07T12:00+02:00,3675.47,13579.19,39580.75,59625.22,78.2
2023-06-07T13:00+02:00,4332.88,13241,40971.37,58321.11,78.2
2023-06-07T14:00+02:00,4267.65,12642.77,40513.74,56628.38,78.2
2023-06-07T15:00+02:00,4659.25,13411.04,37715.62,56163.12,78.2
2023-06-07T16:00+02:00,7007.6,13610.1,33801.96,54782.39,78.2
2023-06-07T17:00+02:00,7472.11,15710,29138.61,54820.73,78.2
2023-06-07T18:00+02:00,10188.08,17383.42,23491.72,54909.38,78.2
2023-06-07T19:00+02:00,10593.88,18232.52,18455.97,54350.85,78.2
2023-06-07T20:00+02:00,10219.8,18572.84,15476.1,51805.26,78.2
2023-06-07T21:00+02:00,9647.38,18294.43,14647.22,49550.48,78.2
2023-06-07T22:00+02:00,10139.24,16814,14285.19,47633.14,78.2
2023-06-07T23:00+02:00,10364.73,15836.23,14532.01,44219.18,78.2
2023-06-08T00:00+02:00,11704.2,13562.31,14058.25,41262.11,78.2
2023-06-08T01:00+02:00,12007.46,12369.14,13515.98,39212.14,78.2
2023-06-08T02:00+02:00,11212.04,12127.56,13006.93,38018.34,78.2
2023-06-08T03:00+02:00,11836.55,12075.51,12518.71,37666.25,78.2
2023-06-08T04:00+02:00,12480.76,12002.76,12199.04,37427.4,78.2
2023-06-08T05:00+02:00,11925.92,11994.83,12486.18,37444.72,78.2
2023-06-08T06:00+02:00,10401.63,12481.79,14691.99,40254.54,78.2
2023-06-08T07:00+02:00,9428.33,12407.39,18655.28,43520,78.2
2023-06-08T08:00+02:00,5675,11957.4,24044.82,46463.58,78.2
2023-06-08T09:00+02:00,1320.57,11149.35,30311.98,47847.04,78.2
2023-06-08T10:00+02:00,188.11,10158.77,36333.32,49324.62,78.2
2023-06-08T11:00+02:00,134.1,8882.88,40916.91,50376.02,78.2
2023-06-08T12:00+02:00,-1604.16,8841.73,42723.56,50043.95,78.2
2023-06-08T13:00+02:00,-2490.2,8593.18,41818.82,49073.26,78.2
2023-06-08T14:00+02:00,-1744.39,8761.29,40494.79,48029.04,78.2
2023-06-08T15:00+02:00,917.74,8990.05,38747.93,47523.56,78.2
2023-06-08T16:00+02:00,2365.68,9015.4,35700.35,46981.41,78.2
2023-06-08T17:00+02:00,3920.75,10210.03,31656.46,47876.02,78.2
2023-06-08T18:00+02:00,5747.68,12231.14,27499.26,48493.85,78.2
2023-06-08T19:00+02:00,8268.04,13064.1,21941.93,48291.06,78.2
2023-06-08T20:00+02:00,8472.74,13633.49,18168.94,46560.1,78.2
2023-06-08T21:00+02:00,8912.33,13685.63,16886.01,45585.94,78.2
2023-06-08T22:00+02:00,8134.95,13350.73,16805.5,44453.46,78.2
2023-06-08T23:00+02:00,7036.94,13191.74,16673.51,41076.8,78.2
2023-06-09T00:00+02:00,8353.59,12651.08,15776.61,38819.83,78.2
2023-06-09T01:00+02:00,8871.88,11980.95,14948.03,37071.03,78.2
2023-06-09T02:00+02:00,9399.65,11701.37,14411.5,36178.05,78.2
2023-06-09T03:00+02:00,10644.75,11501.29,14214.27,35912.43,78.2
2023-06-09T04:00+02:00,11150.65,11495.99,14658.26,36527.4,78.2
2023-06-09T05:00+02:00,11124.12,11577.97,15980.59,39040.15,78.2
2023-06-09T06:00+02:00,11704.22,12473.92,18933.2,44687.48,78.2
2023-06-09T07:00+02:00,9609.21,12882.8,22297.3,48984.88,78.2
2023-06-09T08:00+02:00,6543.08,12453.76,27410.8,52055.66,78.2
2023-06-09T09:00+02:00,2860.07,11870.59,34268.63,53316.35,78.2
2023-06-09T10:00+02:00,-2280.36,10845.67,41396.1,53845.92,78.2
2023-06-09T11:00+02:00,-4200.69,9401.57,47213.88,54761.72,81.88
2023-06-09T12:00+02:00,-5910.06,9028.33,50615.42,54802.52,83.11
2023-06-09T13:00+02:00,-5771.52,8827.66,50766.57,53759.58,83.11
2023-06-09T14:00+02:00,-5947.76,8876.1,49343.86,53158.17,83.11
2023-06-09T15:00+02:00,-4691.48,9063.64,46648.49,52671.15,83.11
2023-06-09T16:00+02:00,-988.49,9073.1,43145.7,52219.39,83.11
2023-06-09T17:00+02:00,690.57,10107.36,38680.75,52367.14,83.11
2023-06-09T18:00+02:00,3899.32,11432.55,33604.23,52409.83,83.11
2023-06-09T19:00+02:00,5927.2,11885.07,28722.02,51599.98,83.11
2023-06-09T20:00+02:00,4961.26,11806.86,25675.07,50071.38,83.11
2023-06-09T21:00+02:00,2678.39,11869.41,26798.94,48531.97,83.11
2023-06-09T22:00+02:00,1996.57,11342.13,28501.21,46837.28,83.11
2023-06-09T23:00+02:00,60.85,10762.36,28452.15,43367.05,83.11
2023-06-10T00:00+02:00,1553.51,9675.51,27192.17,40764.7,83.11
2023-06-10T01:00+02:00,2777.02,8871.07,25773.64,38847.87,83.11
2023-06-10T02:00+02:00,3414.72,8532.55,24078.45,37741.62,83.11
2023-06-10T03:00+02:00,4673.16,8191.68,22880.69,37148.16,83.11
2023-06-10T04:00+02:00,5238.39,7833.11,22110.33,36950.18,83.11
2023-06-10T05:00+02:00,5322.79,8105.84,21997.98,36950.21,83.11
2023-06-10T06:00+02:00,5907.53,8232.56,23056.55,39272.11,83.11
2023-06-10T07:00+02:00,4572.78,8288.13,26781.02,42353.96,83.11
2023-06-10T08:00+02:00,2912.8,7954.25,32675.02,45798.98,83.11
2023-06-10T09:00+02:00,-1774.97,7224.68,39328.08,47995.91,83.11
2023-06-10T10:00+02:00,-4737.62,7125.97,45214.13,49425.52,83.11
2023-06-10T11:00+02:00,-6531.52,6822.52,49797.57,50253.07,83.11
2023-06-10T12:00+02:00,-8495.56,6727.68,51774.32,49780.97,83.11
2023-06-10T13:00+02:00,-8502.88,6600.83,51748.8,48187.99,83.11
2023-06-10T14:00+02:00,-8206.06,6618.29,49787.99,47271.72,83.11
2023-06-10T15:00+02:00,-8276.34,6758.54,48289.63,46955.51,83.11
2023-06-10T16:00+02:00,-6560,7213.1,45267.23,46751.77,83.11
2023-06-10T17:00+02:00,-2584.61,8267.91,39336.55,47245.86,83.11
2023-06-10T18:00+02:00,-7.77,9086.27,34214.86,48145.06,83.11
2023-06-10T19:00+02:00,2372.04,9868.03,28860.55,47651,83.11
2023-06-10T20:00+02:00,3140.45,10316.36,26126.37,46274.18,83.11
2023-06-10T21:00+02:00,834.11,10742.82,26540.74,45019.02,83.11
2023-06-10T22:00+02:00,-1732.91,11334.96,27323.83,44239.68,83.11
2023-06-10T23:00+02:00,-2100.14,10891.82,27937.64,41718.12,83.11
2023-06-11T00:00+02:00,-539.12,9856.14,27542.39,39059.6,83.11
2023-06-11T01:00+02:00,717.56,8933.36,26728.56,36933.87,83.11
2023-06-11T02:00+02:00,750.74,8520.95,26020.69,35567.88,83.11
2023-06-11T03:00+02:00,1949.48,8114.08,25540.91,34889.55,83.11
2023-06-11T04:00+02:00,2943.61,8139.87,25029.04,34567.74,83.11
2023-06-11T05:00+02:00,2476.81,8153.43,25087.77,34184.45,83.11
2023-06-11T06:00+02:00,2498.79,7715.27,26638.78,35585.39,83.11
2023-06-11T07:00+02:00,1814.17,7181.77,29466.15,38004.93,83.11
2023-06-11T08:00+02:00,-211.76,7005.45,34166.24,41238.15,83.11
2023-06-11T09:00+02:00,-3125.48,6438.96,40881.46,43504.95,83.11
2023-06-11T10:00+02:00,-8029.14,6194.62,46922.62,44761.61,83.11
2023-06-11T11:00+02:00,-11056.6,6112.45,50665.78,45887.64,83.11
2023-06-11T12:00+02:00,-12564.11,6094.7,51745.4,45153.11,83.11
2023-06-11T13:00+02:00,-12864.2,6015.91,51090.78,43773.44,83.11
2023-06-11T14:00+02:00,-11911.18,6035.03,49485.99,43004.28,83.11
2023-06-11T15:00+02:00,-12148.67,6083.16,49265.29,42691.24,83.11
2023-06-11T16:00+02:00,-8957.42,6365.57,46846.64,42885.22,83.11
2023-06-11T17:00+02:00,-3578.28,7037.72,42409.35,44746.88,83.11
2023-06-11T18:00+02:00,237.42,8677.47,35074,46133.9,83.11
2023-06-11T19:00+02:00,4173.54,10487.16,28792.34,46654.4,83.11
2023-06-11T20:00+02:00,4059.01,11655.75,24927.79,46676.08,83.11
2023-06-11T21:00+02:00,1708.26,12763.67,24435.85,46483.08,83.11
2023-06-11T22:00+02:00,1018.72,12872.38,26469.48,45937.02,83.11
2023-06-11T23:00+02:00,7.73,12735.17,26970.75,42905.12,83.11
2023-06-12T00:00+02:00,1189.5,11872.14,27039.35,40957.08,83.11
2023-06-12T01:00+02:00,2068.15,11490.06,25842.69,40137.73,83.11
2023-06-12T02:00+02:00,2809.87,11156.19,24151.1,39059.76,83.11
2023-06-12T03:00+02:00,5089.52,11121.62,22230.07,38977.66,83.11
2023-06-12T04:00+02:00,6126.78,10982.06,20930.91,39208.34,83.11
2023-06-12T05:00+02:00,8251.78,11375.16,20505.28,41933.38,83.11
2023-06-12T06:00+02:00,10087.29,12002.83,22220.97,49414.62,83.11
2023-06-12T07:00+02:00,9919.08,12488.49,25348.21,55087.78,83.11
2023-06-12T08:00+02:00,9428.6,12394.63,30219.06,58222.68,83.11
2023-06-12T09:00+02:00,4934.3,11659.67,37735.39,59092.44,83.11
2023-06-12T10:00+02:00,262.85,10758.27,46510.46,59902.96,83.11
2023-06-12T11:00+02:00,-2329.73,10487.79,52437.66,61215.16,83.11
2023-06-12T12:00+02:00,-4953.78,10057.93,55416.16,61295.51,83.11
2023-06-12T13:00+02:00,-5162.76,10047.32,55647.83,61057.31,83.11
2023-06-12T14:00+02:00,-4876.63,10186.89,53662.95,59984.82,83.11
2023-06-12T15:00+02:00,-3625.14,10656.75,50141.74,58782.5,83.11
2023-06-12T16:00+02:00,-1458.53,11353.08,44948.08,56918.04,83.11
2023-06-12T17:00+02:00,1908.58,13037.37,39702.99,57168.27,83.11
2023-06-12T18:00+02:00,5195.47,14636.92,33415.18,57844.84,83.11
2023-06-12T19:00+02:00,7834.82,15322.76,27782.06,57234.92,83.11
2023-06-12T20:00+02:00,8191.52,15751.74,24146.21,55281.32,83.11
2023-06-12T21:00+02:00,5188.26,15871.9,25025.82,53324.04,83.11
2023-06-12T22:00+02:00,4113.8,15367.11,27461.59,51472.02,83.11
2023-06-12T23:00+02:00,2362.28,14913.97,27848.17,47156.16,83.11
2023-06-13T00:00+02:00,2974.2,13472.91,26930.65,44323.64,83.11
2023-06-13T01:00+02:00,3241.58,13473.85,25508.55,42558.16,83.11
2023-06-13T02:00+02:00,4720.94,13288.33,23280.17,41590.92,83.11
2023-06-13T03:00+02:00,6347.89,13156.64,21020.44,41345.75,83.11
2023-06-13T04:00+02:00,7473.45,13180.52,20085.99,41192.9,83.11
2023-06-13T05:00+02:00,8760.29,13616.65,20256.45,43500.02,83.11
2023-06-13T06:00+02:00,10444.2,15006.26,22171.57,50716.42,83.11
2023-06-13T07:00+02:00,8990.23,15431.64,25245.21,56033.79,83.11
2023-06-13T08:00+02:00,6026.51,15042.97,31296.22,59172.01,83.11
2023-06-13T09:00+02:00,2515.05,13287.96,39736.54,59512.23,83.11
2023-06-13T10:00+02:00,-1411.46,10758.9,48345.69,60060.52,83.11
2023-06-13T11:00+02:00,-4758.02,9698.77,54366.51,60558.74,83.11
2023-06-13T12:00+02:00,-6066.6,9121.43,56567.06,60326.57,83.11
2023-06-13T13:00+02:00,-7179.2,8699.61,57321.49,60041.98,83.11
2023-06-13T14:00+02:00,-7421.26,9287.08,55954.5,59965.3,83.11
2023-06-13T15:00+02:00,-6098.79,9119.25,53673,59107.75,83.11
2023-06-13T16:00+02:00,-3924.93,9498.4,49994.91,58226.59,83.11
2023-06-13T17:00+02:00,-863.41,11380.18,44768.98,57662.42,83.11
2023-06-13T18:00+02:00,1711.94,14294.85,38840.67,58096.03,83.11
2023-06-13T19:00+02:00,5162.66,15124.24,33380.9,57687.95,83.11
2023-06-13T20:00+02:00,5940.28,15138.43,28061.76,55746.51,83.11
2023-06-13T21:00+02:00,6577.38,15127.49,25525.22,53440.01,83.11
2023-06-13T22:00+02:00,5171.41,14892.32,25682.85,50838.2,83.11
2023-06-13T23:00+02:00,4006.91,14283.54,26092.49,46378.88,83.11
2023-06-14T00:00+02:00,4653.53,12871.99,25618.26,43604.56,83.11
2023-06-14T01:00+02:00,5627.64,12426.56,24182.34,42335.37,83.11
2023-06-14T02:00+02:00,6540.73,12321.78,22344.74,41427.2,83.11
2023-06-14T03:00+02:00,7962.03,12459.91,20668.17,41319.92,83.11
2023-06-14T04:00+02:00,9288.64,12812.27,19519.63,41581.46,83.11
2023-06-14T05:00+02:00,9608.42,13710.04,19335.76,44010.92,83.11
2023-06-14T06:00+02:00,10011.3,15384.81,20770.94,50928.39,83.11
2023-06-14T07:00+02:00,9726.38,16049.84,23482,56028.46,83.11
2023-06-14T08:00+02:00,8158.72,15767.71,29996.88,58557.86,83.11
2023-06-14T09:00+02:00,1120.99,14523.55,39179.06,58954.18,83.11
2023-06-14T10:00+02:00,-2111.7,12221.35,46800.88,59419.4,83.11
2023-06-14T11:00+02:00,-2355.06,10778.9,50799.74,60401.02,83.11
2023-06-14T12:00+02:00,-3936.59,10554.85,50846.21,60055.46,83.11
2023-06-14T13:00+02:00,-1435.14,10443.9,49703.88,59579.73,83.11
2023-06-14T14:00+02:00,735.33,10870.59,47677.09,59032.35,83.11
2023-06-14T15:00+02:00,1184.64,11490.29,44223.04,58213.83,83.11
2023-06-14T16:00+02:00,2437.03,12596.02,39362.76,56752.55,83.11
2023-06-14T17:00+02:00,5386.28,15167.29,33222.45,56473.11,83.11
2023-06-14T18:00+02:00,6632.81,17920.21,27057.2,56790.62,83.11
2023-06-14T19:00+02:00,8822.22,19259.47,21542.86,56157.83,83.11
2023-06-14T20:00+02:00,10094.14,19398.25,17675.16,54435.79,83.11
2023-06-14T21:00+02:00,9679.31,19451.67,16302.49,52015.14,83.11
2023-06-14T22:00+02:00,9117.26,18772.74,16677.95,49439.16,83.11
2023-06-14T23:00+02:00,7863.92,17794.82,17044.96,45774.43,83.11
2023-06-15T00:00+02:00,8596.8,16844.11,16553.99,43287.33,83.11
2023-06-15T01:00+02:00,9722.28,16367.16,15126.21,42139.24,83.11
2023-06-15T02:00+02:00,10292.55,16544.3,13515.11,41148.78,83.11
2023-06-15T03:00+02:00,11249.52,16642.18,12217.54,41040.3,83.11
2023-06-15T04:00+02:00,11406.19,16893.68,11626.1,41286.22,83.11
2023-06-15T05:00+02:00,11855.28,17740.38,11975.64,43348.94,83.11
2023-06-15T06:00+02:00,13364.27,18929.95,14304.57,50027.3,83.11
2023-06-15T07:00+02:00,11453.76,19427.27,18422.68,55474.37,83.11
2023-06-15T08:00+02:00,8443.39,19092.69,24064.01,58074.24,83.11
2023-06-15T09:00+02:00,4157.18,18106.21,31358.74,58596,83.11
2023-06-15T10:00+02:00,2458.42,16231.69,37705.38,59296.64,83.11
2023-06-15T11:00+02:00,893.97,14890.25,40315.72,60467.5,83.11
2023-06-15T12:00+02:00,1431.08,14801,41023.92,60162,83.11
2023-06-15T13:00+02:00,2293.63,14782.02,40585.96,59389.15,83.11
2023-06-15T14:00+02:00,1813.78,15185.28,40294.99,58207.72,83.11
2023-06-15T15:00+02:00,1478.04,15646.63,38384.98,57230.73,83.11
2023-06-15T16:00+02:00,2804.99,16323.53,34823.71,56245.92,83.11
2023-06-15T17:00+02:00,5635.68,17860.13,29475.08,56135.97,83.11
2023-06-15T18:00+02:00,8364.71,19862.98,23591.84,56204.3,83.11
2023-06-15T19:00+02:00,10124.28,21034.26,18050.96,56236.11,83.11
2023-06-15T20:00+02:00,11121.11,21458.64,14010.62,54590.32,83.11
2023-06-15T21:00+02:00,10445.57,21967.39,12668.08,52610.01,83.11
2023-06-15T22:00+02:00,8812.44,22407.08,12001.19,49922.26,83.11
2023-06-15T23:00+02:00,8494.86,21847.99,11833.34,46200.3,83.11
2023-06-16T00:00+02:00,7685.78,20855.79,11500.18,43215.49,83.11
2023-06-16T01:00+02:00,8081.5,19950.4,11059.37,41546.58,83.11
2023-06-16T02:00+02:00,8802.64,19316.52,10839.9,40742.04,83.11
2023-06-16T03:00+02:00,9060.3,19613.38,10652.44,41219.48,83.11
2023-06-16T04:00+02:00,9531.09,19681.88,10793.59,41551,83.11
2023-06-16T05:00+02:00,9719.12,20347.95,11650.13,43810.3,83.11
2023-06-16T06:00+02:00,11229.04,21204.8,13838.39,50527.05,83.11
2023-06-16T07:00+02:00,9620.75,21635.41,17706.87,55700.62,83.11
2023-06-16T08:00+02:00,7467.12,21667.8,23142.26,58506.52,83.11
2023-06-16T09:00+02:00,2944.38,20900.03,29607.83,58942.06,83.11
2023-06-16T10:00+02:00,1700.88,18850.1,34708.6,59369.9,83.11
2023-06-16T11:00+02:00,2196.39,17901.01,36926.5,60018.64,87.75
2023-06-16T12:00+02:00,1445.94,17300.37,38996.05,59403.59,89.3
2023-06-16T13:00+02:00,804.72,16248.91,40474.12,58431.06,89.3
2023-06-16T14:00+02:00,-933.98,16053.12,41112.37,56979.81,89.3
2023-06-16T15:00+02:00,385.18,15986.58,39081.46,56560.19,89.3
2023-06-16T16:00+02:00,350.9,17155.58,35539.94,55811.38,89.3
2023-06-16T17:00+02:00,1738.28,18926.36,30910.03,55312.4,89.3
2023-06-16T18:00+02:00,5434.56,20566.36,25031.73,54991.84,89.3
2023-06-16T19:00+02:00,7663.97,21781.16,18832.54,54413.69,89.3
2023-06-16T20:00+02:00,8742.13,22162.75,14074.24,52293.89,89.3
2023-06-16T21:00+02:00,8367.86,22177.22,12220.67,49911.46,89.3
2023-06-16T22:00+02:00,8041.1,21409.81,11461.06,47735.46,89.3
2023-06-16T23:00+02:00,8580.23,19957.86,11103.73,44442.9,89.3
2023-06-17T00:00+02:00,10237.52,17195.9,10632.04,41843.24,89.3
2023-06-17T01:00+02:00,11431.18,15805.07,9959.94,40027.05,89.3
2023-06-17T02:00+02:00,12485.03,14775.95,9567.06,38633.21,89.3
2023-06-17T03:00+02:00,12998.47,14314.16,9619.64,38054.3,89.3
2023-06-17T04:00+02:00,13593.56,13681.13,9530.3,37615.24,89.3
2023-06-17T05:00+02:00,13300.21,13294.51,9756.41,37296.74,89.3
2023-06-17T06:00+02:00,13045.47,12913.97,11749.66,39135.74,89.3
2023-06-17T07:00+02:00,11829.74,12466.16,16005.31,42179.38,89.3
2023-06-17T08:00+02:00,8798.43,11639.9,22061.15,45440.89,89.3
2023-06-17T09:00+02:00,5757.41,10566.02,29224.21,47649.02,89.3
2023-06-17T10:00+02:00,3719.61,8744.6,35886.67,49282.79,89.3
2023-06-17T11:00+02:00,2260.19,7698.44,40050.63,49914.09,89.3
2023-06-17T12:00+02:00,-311.55,7730.4,42023.2,48836.06,89.3
2023-06-17T13:00+02:00,-1684.4,7565.71,42669.26,47136.76,89.3
2023-06-17T14:00+02:00,-2344.67,7493.03,41869.52,46053.9,89.3
2023-06-17T15:00+02:00,-525.41,7499.78,39369.62,45777.24,89.3
2023-06-17T16:00+02:00,1292.75,8366.85,34814,45373.41,89.3
2023-06-17T17:00+02:00,3631.32,11001.18,28883.48,45773.56,89.3
2023-06-17T18:00+02:00,7807.19,13293.61,21403.52,46528.38,89.3
2023-06-17T19:00+02:00,10566.28,14836.08,14375.53,46231.04,89.3
2023-06-17T20:00+02:00,11848.05,15160.58,10211.19,44679.57,89.3
2023-06-17T21:00+02:00,13637.01,15187.14,8278.01,43770.91,89.3
2023-06-17T22:00+02:00,12828.9,15314.03,7885.45,42927.55,89.3
2023-06-17T23:00+02:00,12420.96,15065.36,7796.46,40767.22,89.3
2023-06-18T00:00+02:00,15086.07,14162.85,7539.35,38263.45,89.3
2023-06-18T01:00+02:00,14624.97,12898.84,7503.67,36355.84,89.3
2023-06-18T02:00+02:00,14177.64,12450.32,7418.88,35083.27,89.3
2023-06-18T03:00+02:00,13399.76,12356.28,7386.92,34361.85,89.3
2023-06-18T04:00+02:00,13100.83,12114.4,7485.69,30908.88,89.3
2023-06-18T05:00+02:00,13414.33,11849.08,8405.05,33835.85,89.3
2023-06-18T06:00+02:00,12573.5,10903.42,11339.29,34801.06,89.3
2023-06-18T07:00+02:00,9677.09,9920.89,16646.43,37069.09,89.3
2023-06-18T08:00+02:00,6353.54,8903.9,23894.64,40403.62,89.3
2023-06-18T09:00+02:00,1895.23,8182.73,31183.63,42816,89.3
2023-06-18T10:00+02:00,-2075.7,8180.77,37237.82,44373.61,89.3
2023-06-18T11:00+02:00,-4319.61,7971.36,40897.95,45441.34,89.3
2023-06-18T12:00+02:00,-5664.76,8087.52,42448.43,45480.52,89.3
2023-06-18T13:00+02:00,-5808.56,8080.21,42210.2,44100.96,89.3
2023-06-18T14:00+02:00,-4173.85,8214.12,39905.66,43909,89.3
2023-06-18T15:00+02:00,-1808.22,8538.31,36053.77,43422.97,89.3
2023-06-18T16:00+02:00,1757.46,9684.62,30902.48,43335.45,89.3
2023-06-18T17:00+02:00,6238.16,11740.07,24855.48,44643.98,89.3
2023-06-18T18:00+02:00,7617.86,15100.94,18856.36,45767.36,89.3
2023-06-18T19:00+02:00,10885.78,17113.21,14000.19,46021.29,89.3
2023-06-18T20:00+02:00,10551.28,17659.94,12367.95,45647.41,89.3
2023-06-18T21:00+02:00,9808.28,17520.1,12976.51,45642.8,89.3
2023-06-18T22:00+02:00,8108.23,17649,15239.2,45498.64,89.3
2023-06-18T23:00+02:00,5963.03,16687.22,17799.31,42305.95,89.3
2023-06-19T00:00+02:00,7270.94,13039.29,19701.87,38655.88,89.3
2023-06-19T01:00+02:00,8034.2,11608.67,20548.17,38156.84,89.3
2023-06-19T02:00+02:00,6374.34,11972.42,21597.39,37317.82,89.3
2023-06-19T03:00+02:00,7225.89,11533.33,21788.17,37016.72,89.3
2023-06-19T04:00+02:00,6510.57,12020.91,22337.13,37308.45,89.3
2023-06-19T05:00+02:00,7834.42,12669.47,23238.93,40073.26,89.3
2023-06-19T06:00+02:00,8887.74,15776.38,24399.24,49097.26,89.3
2023-06-19T07:00+02:00,7337.79,18237.59,25228.09,54756.46,89.3
2023-06-19T08:00+02:00,7122.8,18749.48,26790.52,58115.05,89.3
2023-06-19T09:00+02:00,5621.22,18866.36,29045.32,59954.81,89.3
2023-06-19T10:00+02:00,4541.95,18477.55,33480.56,61047.47,89.3
2023-06-19T11:00+02:00,5261.76,16471.98,39259.88,62078.3,89.3
2023-06-19T12:00+02:00,2481.39,15105.17,43706.9,61236.07,89.3
2023-06-19T13:00+02:00,2539.44,13908.81,45769.11,60744.26,89.3
2023-06-19T14:00+02:00,1863.58,13634.84,45479.64,59910.97,89.3
2023-06-19T15:00+02:00,1469.31,14467.53,42202.15,58680.13,89.3
2023-06-19T16:00+02:00,2415.81,16887.1,37569.42,57657.84,89.3
2023-06-19T17:00+02:00,4136.95,20064.86,31973.65,57735.52,89.3
2023-06-19T18:00+02:00,6538.32,23013.54,24670.65,57543.18,89.3
2023-06-19T19:00+02:00,8647.27,24634.28,18030.73,57302.39,89.3
2023-06-19T20:00+02:00,9920.76,25133.41,13412.32,55242.31,89.3
2023-06-19T21:00+02:00,9759.44,25464.43,11381.91,53018.52,89.3
2023-06-19T22:00+02:00,8900.66,25053.14,10981.16,50449.22,89.3
2023-06-19T23:00+02:00,9017.92,23508.52,11141.56,46971.42,89.3
2023-06-20T00:00+02:00,8427.58,21559.88,11318.35,44315.31,89.3
2023-06-20T01:00+02:00,7757.34,20943.33,11628.25,42843.92,89.3
2023-06-20T02:00+02:00,7628.78,20515.93,11597.11,42223.08,89.3
2023-06-20T03:00+02:00,8890.26,20233.38,11803.55,41743.11,89.3
2023-06-20T04:00+02:00,9535.22,20303.54,12464,42655,89.3
2023-06-20T05:00+02:00,9039.86,21339.78,12664.13,44725.74,89.3
2023-06-20T06:00+02:00,10594.93,22562.12,14352.33,51621.21,89.3
2023-06-20T07:00+02:00,10649.72,22801.5,16776.92,56770.83,89.3
2023-06-20T08:00+02:00,10052.46,22737.12,20703.49,60237.25,89.3
2023-06-20T09:00+02:00,7700.85,21922.24,26463.12,60500.46,89.3
2023-06-20T10:00+02:00,3505.62,20881.69,32064.8,60962.78,89.3
2023-06-20T11:00+02:00,631.91,20018.32,36849.78,61979.42,89.3
2023-06-20T12:00+02:00,331.58,19259.89,40204.61,61219.97,89.3
2023-06-20T13:00+02:00,-247.89,18126.78,42100.43,61333.27,89.3
2023-06-20T14:00+02:00,-1142.5,17939.15,42344.96,61130,89.3
2023-06-20T15:00+02:00,-1889.07,18747.95,40556.73,60263.74,89.3
2023-06-20T16:00+02:00,-141.81,20562.21,36901.49,59787.58,89.3
2023-06-20T17:00+02:00,2014.86,22135.08,31659.99,59505.95,89.3
2023-06-20T18:00+02:00,3605.06,23657.08,25888.16,58779.74,89.3
2023-06-20T19:00+02:00,5981.39,23709.82,21338.92,58137.56,89.3
2023-06-20T20:00+02:00,6969,23307.53,19409.2,55092.23,89.3
2023-06-20T21:00+02:00,7000.98,22924.76,19077.04,53372.38,89.3
2023-06-20T22:00+02:00,4870.1,23008.82,18869.08,50459.23,89.3
2023-06-20T23:00+02:00,4505.17,22090.24,18039.33,47474.88,89.3
2023-06-21T00:00+02:00,4309.35,21782.13,15794.72,44858.11,89.3
2023-06-21T01:00+02:00,5704.59,21378.03,14339.38,43923.61,89.3
2023-06-21T02:00+02:00,7370.78,20764.12,13889.2,42585,89.3
2023-06-21T03:00+02:00,7532.53,20477.47,14521.06,42700.68,89.3
2023-06-21T04:00+02:00,8058.56,20136.76,15500.38,43570.68,89.3
2023-06-21T05:00+02:00,8080.19,20473.58,17143.91,45454.87,89.3
2023-06-21T06:00+02:00,8295.16,21806.75,20580.07,52392.51,89.3
2023-06-21T07:00+02:00,7075.72,22344.82,24225.04,57109.9,89.3
2023-06-21T08:00+02:00,3845.7,22135.62,29393.95,60038.58,89.3
2023-06-21T09:00+02:00,1609.77,19880.36,35900.18,61369.28,89.3
2023-06-21T10:00+02:00,27.3,17907.06,41353.16,62251.78,89.3
2023-06-21T11:00+02:00,-597.5,16682.59,43711.57,63959,89.3
2023-06-21T12:00+02:00,-291.37,16272.95,44303.17,64168.02,89.3
2023-06-21T13:00+02:00,-908.38,16788.17,43678.74,62395.9,89.3
2023-06-21T14:00+02:00,625.81,17083.59,43264.29,61427.6,89.3
2023-06-21T15:00+02:00,1715.16,17007.82,40997.97,60905.64,89.3
2023-06-21T16:00+02:00,2107.59,17608.85,37599.69,59464.51,89.3
2023-06-21T17:00+02:00,3115.78,20103.73,31701.79,59396.6,89.3
2023-06-21T18:00+02:00,4319.34,23913.49,23925.58,58554.09,89.3
2023-06-21T19:00+02:00,8746.34,25351.21,17264.7,58009.15,89.3
2023-06-21T20:00+02:00,9789.05,25655.54,12827.5,55808.07,89.3
2023-06-21T21:00+02:00,8770.88,25730.75,11127.53,53330.5,89.3
2023-06-21T22:00+02:00,7249.37,25677.67,10818.66,51261.44,89.3
2023-06-21T23:00+02:00,6570.43,24838.57,10701.26,47563.31,89.3
2023-06-22T00:00+02:00,7537.66,23040.48,10551.47,44586.35,89.3
2023-06-22T01:00+02:00,7397.12,22334.01,10291.28,42626.46,89.3
2023-06-22T02:00+02:00,7214.68,22295.16,9931.07,41818.11,89.3
2023-06-22T03:00+02:00,8409.36,22280.23,9809.78,42097.97,89.3
2023-06-22T04:00+02:00,8461.76,22254.14,10483.74,42758.86,89.3
2023-06-22T05:00+02:00,8720.06,22606.67,11785.16,45009.75,89.3
2023-06-22T06:00+02:00,9291.18,23819.9,14754.36,51197.25,89.3
2023-06-22T07:00+02:00,8472.11,24154.28,18768.92,56277.1,89.3
2023-06-22T08:00+02:00,6299,24076.1,23720.04,59748.81,89.3
2023-06-22T09:00+02:00,2665.27,23021.02,30390.88,60724.66,89.3
2023-06-22T10:00+02:00,1097.88,21355.75,36330.22,61480.16,89.3
2023-06-22T11:00+02:00,-862.94,20176.47,39939.88,62885.08,89.3
2023-06-22T12:00+02:00,-1641.39,20407.86,40506.28,63019.02,89.3
2023-06-22T13:00+02:00,-1990.02,21347.06,39177.57,62287.86,89.3
2023-06-22T14:00+02:00,-32.91,21000.25,36959.91,60847.75,89.3
2023-06-22T15:00+02:00,2570.18,20900.16,35880.72,59855.38,89.3
2023-06-22T16:00+02:00,1940.31,20673.72,35144.26,58455.52,89.3
2023-06-22T17:00+02:00,2704.98,20658.52,33685.63,58890.86,89.3
2023-06-22T18:00+02:00,957.39,22609.26,30421.48,58580.09,89.3
2023-06-22T19:00+02:00,516.32,22967.19,27579.61,57417.25,89.3
2023-06-22T20:00+02:00,1279.18,22783.41,25926.67,53873.51,89.3
2023-06-22T21:00+02:00,-174.52,21874.82,26643.95,51154.5,89.3
2023-06-22T22:00+02:00,-2874.96,21052.86,27613.52,49089.48,89.3
2023-06-22T23:00+02:00,-3886.6,19661.24,27873.62,46188.06,89.3
2023-06-23T00:00+02:00,-2880.59,17134.16,27811.79,44614.26,89.3
2023-06-23T01:00+02:00,-1582.93,15118.02,26733.99,42448.02,89.3
2023-06-23T02:00+02:00,-434.13,14560.04,25882.51,41219.96,89.3
2023-06-23T03:00+02:00,1327.26,14602.61,25298.64,41090.76,89.3
2023-06-23T04:00+02:00,1717.27,15261.41,24783.32,41304.56,89.3
2023-06-23T05:00+02:00,2077.09,16246.51,24755.32,43663.81,89.3
2023-06-23T06:00+02:00,5033.95,17805.97,25789.55,50535.15,89.3
2023-06-23T07:00+02:00,6707.66,18151.65,26528.57,55816,89.3
2023-06-23T08:00+02:00,5889.81,18448.65,27847.6,58666.2,89.3
2023-06-23T09:00+02:00,6532.04,18258.53,30122.14,59445.65,89.3
2023-06-23T10:00+02:00,6173.11,17681.78,33099.27,60367.93,89.3
2023-06-23T11:00+02:00,5540.5,16869.01,35753.94,60885.76,89
2023-06-23T12:00+02:00,4629.63,16244.32,38543.42,60320.94,88.9
2023-06-23T13:00+02:00,4355.17,14945.67,39894.33,59038.09,88.9
2023-06-23T14:00+02:00,2519.79,15492.21,39484.58,57344.05,88.9
2023-06-23T15:00+02:00,2993.74,15362.88,38940.73,56391.79,88.9
2023-06-23T16:00+02:00,5223.75,14682.46,37235.57,55690.68,88.9
2023-06-23T17:00+02:00,5946.37,15469.76,33482.44,55617.92,88.9
2023-06-23T18:00+02:00,6282.22,17695.59,28900.23,55439.81,88.9
2023-06-23T19:00+02:00,8344.86,18772.59,22973.27,54428.28,88.9
2023-06-23T20:00+02:00,9982.32,18954.44,17582.98,51832.38,88.9
2023-06-23T21:00+02:00,10345.2,19095.33,14372.28,49377.02,88.9
2023-06-23T22:00+02:00,10685.66,18702.59,13220.38,47312.32,88.9
2023-06-23T23:00+02:00,9938.31,18462.41,12927.86,44170.36,88.9
2023-06-24T00:00+02:00,10196.41,17016.17,12554.15,41674.27,88.9
2023-06-24T01:00+02:00,10710.94,15285.1,12282.91,39585.96,88.9
2023-06-24T02:00+02:00,11197.13,13694.48,12002.32,37925.88,88.9
2023-06-24T03:00+02:00,12765.48,12405.89,11725.3,37050.56,88.9
2023-06-24T04:00+02:00,12798.68,12177.69,11530.22,36760.7,88.9
2023-06-24T05:00+02:00,12371.07,12146.38,11800.81,36794.96,88.9
2023-06-24T06:00+02:00,12246.83,12056.61,13549.75,38759.34,88.9
2023-06-24T07:00+02:00,11064.32,11486.85,17618.12,41501.3,88.9
2023-06-24T08:00+02:00,9587.1,9988.92,23966.97,45031.58,88.9
2023-06-24T09:00+02:00,5309.54,8431.37,31333.18,46984.46,88.9
2023-06-24T10:00+02:00,1778.35,7279.7,38434.67,48535.71,88.9
2023-06-24T11:00+02:00,-1140.48,7063.95,43459.38,49739.26,88.9
2023-06-24T12:00+02:00,-2555.27,7000.41,45555.64,49267.33,88.9
2023-06-24T13:00+02:00,-4744.79,6908.62,46160.86,47952.02,88.9
2023-06-24T14:00+02:00,-4490.01,6905.04,44861.45,46641.48,88.9
2023-06-24T15:00+02:00,-2924.51,6945.7,41769.92,46039.79,88.9
2023-06-24T16:00+02:00,722.34,7408.58,36740,45808.9,88.9
2023-06-24T17:00+02:00,5524.89,9045.9,29711.4,46070.48,88.9
2023-06-24T18:00+02:00,8940.77,12318.87,21752.52,46154.18,88.9
2023-06-24T19:00+02:00,11665.34,14336.57,14858.61,45449.04,88.9
2023-06-24T20:00+02:00,13820.35,14797.83,10535.14,44056.03,88.9
2023-06-24T21:00+02:00,13557.17,14944.42,8772.34,42446.28,88.9
2023-06-24T22:00+02:00,12809.28,14943.02,8537.9,41482.59,88.9
2023-06-24T23:00+02:00,13087.44,14984.72,8507.54,39409.72,88.9
2023-06-25T00:00+02:00,12686.72,13780.44,8442.75,37074.64,88.9
2023-06-25T01:00+02:00,13182.54,12572.61,8488.69,35147.79,88.9
2023-06-25T02:00+02:00,12960.81,11651.43,8554.17,34003.39,88.9
2023-06-25T03:00+02:00,12975.86,11408.72,8631.04,33533.85,88.9
2023-06-25T04:00+02:00,13856.33,10611.03,8713.95,33200,88.9
2023-06-25T05:00+02:00,13558.62,10175.81,9379.58,32754.03,88.9
2023-06-25T06:00+02:00,12624.65,9417.54,11883.99,34029.87,88.9
2023-06-25T07:00+02:00,11368.81,7620.46,16945.85,36696.23,88.9
2023-06-25T08:00+02:00,8656.25,6849.4,23684.9,39776.44,88.9
2023-06-25T09:00+02:00,3641.88,6762.68,31180.88,42062.58,88.9
2023-06-25T10:00+02:00,-651.69,6711.42,37418.21,43799.34,88.9
2023-06-25T11:00+02:00,-1818.77,6607.11,41588.27,45232.38,88.9
2023-06-25T12:00+02:00,-4588.68,6648.87,43434.69,44993.66,88.9
2023-06-25T13:00+02:00,-5420,6611.17,43403.87,43780.45,88.9
2023-06-25T14:00+02:00,-3716.15,6615.27,41567.15,42627.95,88.9
2023-06-25T15:00+02:00,-2207.15,6638.52,38650.2,41843.14,88.9
2023-06-25T16:00+02:00,1718.25,6805.13,34214.55,41546.62,88.9
2023-06-25T17:00+02:00,6655.02,7860.4,28597.93,43048.74,88.9
2023-06-25T18:00+02:00,8100.56,11658.96,21663.6,44387.06,88.9
2023-06-25T19:00+02:00,11418,14379.49,15109.3,45989.05,88.9
2023-06-25T20:00+02:00,11734.07,15513.21,11848.89,45377.73,88.9
2023-06-25T21:00+02:00,11391.04,16160.73,11266.39,44612.3,88.9
2023-06-25T22:00+02:00,11812.52,15934.45,12563.68,45101.19,88.9
2023-06-25T23:00+02:00,10672.59,15491.24,14412.47,42103.63,88.9
2023-06-26T00:00+02:00,10214.59,13574.73,16066.92,39131.72,88.9
2023-06-26T01:00+02:00,9649.76,12406.6,16968.99,37959.11,88.9
2023-06-26T02:00+02:00,8297.62,11903.91,18250.03,37215.78,88.9
2023-06-26T03:00+02:00,8547.76,11679.33,19595.53,37494.9,88.9
2023-06-26T04:00+02:00,7971.64,12027,20450.02,38571.06,88.9
2023-06-26T05:00+02:00,9581.92,12403.8,20384.05,41568.34,88.9
2023-06-26T06:00+02:00,11368.51,13266.81,22767.9,48955.85,88.9
2023-06-26T07:00+02:00,11183.28,13671.67,27495.99,54431.09,88.9
2023-06-26T08:00+02:00,9653.59,13234.24,34262.99,58214,88.9
2023-06-26T09:00+02:00,4400.98,12249.64,42523.28,60033.54,88.9
2023-06-26T10:00+02:00,-750.42,10364.05,50954.11,61340.83,88.9
2023-06-26T11:00+02:00,-3282.53,9038.58,54952.79,61775.17,88.9
2023-06-26T12:00+02:00,-6365.29,8559,59479.76,61532.31,88.9
2023-06-26T13:00+02:00,-7434.35,8269.28,60192.73,61240.23,88.9
2023-06-26T14:00+02:00,-9620.49,8348.76,61407.14,60340.66,88.9
2023-06-26T15:00+02:00,-9220.86,8583.59,59522.53,59498.86,88.9
2023-06-26T16:00+02:00,-6942.77,9479.04,56208.43,58503.84,88.9
2023-06-26T17:00+02:00,-4145.2,10751.51,51384.01,58438.28,88.9
2023-06-26T18:00+02:00,-1124.58,12365.69,44865.45,57850.98,88.9
2023-06-26T19:00+02:00,1691.94,14556.34,37194.55,56945.2,88.9
2023-06-26T20:00+02:00,5089.37,15372.11,31277.36,55686.55,88.9
2023-06-26T21:00+02:00,6698.1,15111.77,28010.9,53725.19,88.9
2023-06-26T22:00+02:00,5319.02,15643.14,25868.19,51719.76,88.9
2023-06-26T23:00+02:00,4582.43,15404.15,25153.08,47934.05,88.9
2023-06-27T00:00+02:00,5064.24,14016.89,25743.06,46136.43,88.9
2023-06-27T01:00+02:00,6130.92,12819.74,24472.21,43858.56,88.9
2023-06-27T02:00+02:00,7079.52,12417.15,23731.79,42910.63,88.9
2023-06-27T03:00+02:00,8116.12,12456.84,22990.13,42973.2,88.9
2023-06-27T04:00+02:00,8595.25,12558.51,22778.44,43548.73,88.9
2023-06-27T05:00+02:00,9553.39,13003.38,22241.98,45507.34,88.9
2023-06-27T06:00+02:00,12401.69,14169.58,22982.89,52465.48,88.9
2023-06-27T07:00+02:00,12015.16,14565.5,25179.55,56961.44,88.9
2023-06-27T08:00+02:00,8140.03,14931.33,31163.24,59280.63,88.9
2023-06-27T09:00+02:00,3568.92,14100.61,39754.55,59756.24,88.9
2023-06-27T10:00+02:00,-428.03,13679.99,46491.96,60155.88,88.9
2023-06-27T11:00+02:00,-3403.46,13475.66,49569.91,61261.53,88.9
2023-06-27T12:00+02:00,-5465.78,14281.91,50410.27,59773.5,88.9
2023-06-27T13:00+02:00,-3906.53,14087.98,51752.3,59070.54,88.9
2023-06-27T14:00+02:00,-4001.46,13650.19,51378.92,58202.74,88.9
2023-06-27T15:00+02:00,-3895.2,13125.17,49809.89,57734.1,88.9
2023-06-27T16:00+02:00,-2532.65,13573.39,46221.42,56372.2,88.9
2023-06-27T17:00+02:00,-284.5,14943.44,40224.25,57408.68,88.9
2023-06-27T18:00+02:00,2785.49,17040.62,34862.55,57564.58,88.9
2023-06-27T19:00+02:00,7524.23,18353.84,27874.1,57017.26,88.9
2023-06-27T20:00+02:00,7975.57,18869.82,22863.62,55422.12,88.9
2023-06-27T21:00+02:00,8697.7,18852.26,20359.42,53535.47,88.9
2023-06-27T22:00+02:00,7589.02,18548.7,19542.45,51453.87,88.9
2023-06-27T23:00+02:00,8839.87,17445.46,18887.34,48533.34,88.9
2023-06-28T00:00+02:00,6767.47,16688.72,18601.86,44957.41,88.9
2023-06-28T01:00+02:00,8129.5,15386.11,18211.56,43002.55,88.9
2023-06-28T02:00+02:00,8758.99,15003.9,17979.24,42418.86,88.9
2023-06-28T03:00+02:00,8541.89,15104.48,18029.84,42523.94,88.9
2023-06-28T04:00+02:00,9007.57,15336.83,17543.19,42950.78,88.9
2023-06-28T05:00+02:00,9815.96,16769.93,16996.56,45445.53,88.9
2023-06-28T06:00+02:00,11057.23,18538.54,17743.42,52286.38,88.9
2023-06-28T07:00+02:00,11044.65,19227.73,20299.76,57206.6,88.9
2023-06-28T08:00+02:00,9057.38,19163.24,25479.63,59552.03,88.9
2023-06-28T09:00+02:00,5045.43,19191.44,30845.13,59755.23,88.9
2023-06-28T10:00+02:00,1865.08,18838,35776.9,60125.25,88.9
2023-06-28T11:00+02:00,1843.57,17987.93,39198.26,60929.82,88.9
2023-06-28T12:00+02:00,-29.74,17051.81,40867.5,60241.97,88.9
2023-06-28T13:00+02:00,-38.71,16895.49,41328.03,59036.74,88.9
2023-06-28T14:00+02:00,-965.32,17023.95,40491.91,57988.62,88.9
2023-06-28T15:00+02:00,462.34,17312.51,38352.74,57134.28,88.9
2023-06-28T16:00+02:00,913.81,18203.51,34754.19,56365.78,88.9
2023-06-28T17:00+02:00,2352.49,21095.68,29527.62,56349.05,88.9
2023-06-28T18:00+02:00,5179.19,23810.01,22484.78,55932.68,88.9
2023-06-28T19:00+02:00,8966.86,23998.65,15688.05,55402.2,88.9
2023-06-28T20:00+02:00,11692.89,24147.61,11414.51,53302.06,88.9
2023-06-28T21:00+02:00,11869.89,24081.42,9591.56,51236.77,88.9
2023-06-28T22:00+02:00,11036.8,23886.17,9333.09,49272.02,88.9
2023-06-28T23:00+02:00,10610.85,22971.14,9061.67,46245.15,88.9
2023-06-29T00:00+02:00,9730.33,22275.24,9019.78,43572.73,88.9
2023-06-29T01:00+02:00,10321.24,21380.1,8878.57,41847.12,88.9
2023-06-29T02:00+02:00,10701.65,20967.97,8664.86,40751.5,88.9
2023-06-29T03:00+02:00,11640.38,20682.11,8171.42,40566.16,88.9
2023-06-29T04:00+02:00,12275.95,20901.39,8332.24,41330.54,88.9
2023-06-29T05:00+02:00,11635.46,22004.95,9381.14,43676.83,88.9
2023-06-29T06:00+02:00,12871.36,22526.08,12373.13,50486.92,88.9
2023-06-29T07:00+02:00,11741.6,22215.58,17163.75,55664.36,88.9
2023-06-29T08:00+02:00,8431.47,21560.24,22693.71,58804.58,88.9
2023-06-29T09:00+02:00,5792.69,20719.43,28585.37,60310.78,88.9
2023-06-29T10:00+02:00,4000.04,19739.71,33298.02,60878.21,88.9
2023-06-29T11:00+02:00,3816.48,18565.14,36084.92,61424.32,88.9
2023-06-29T12:00+02:00,3598.03,18037.13,37492.14,61425.68,88.9
2023-06-29T13:00+02:00,3865.52,18315.6,36538.65,61145.28,88.9
2023-06-29T14:00+02:00,4079.16,18743.64,34241.8,59599.86,88.9
2023-06-29T15:00+02:00,6454.39,18796.9,31375.95,58476.8,88.9
2023-06-29T16:00+02:00,6092.86,20498.52,27665.29,57788.44,88.9
2023-06-29T17:00+02:00,7829.59,22245.88,23335.03,57696.92,88.9
2023-06-29T18:00+02:00,10285.8,23676.76,19608.34,57602.36,88.9
2023-06-29T19:00+02:00,10667.44,24569.23,15492.86,56715.61,88.9
2023-06-29T20:00+02:00,10587.71,24845.69,13084.91,54766.63,88.9
2023-06-29T21:00+02:00,9729.55,24891.91,11782.05,52310.03,88.9
2023-06-29T22:00+02:00,8584.42,24741.4,11260.16,49997.05,88.9
2023-06-29T23:00+02:00,8114.39,23318.23,11136.73,46800.32,88.9
2023-06-30T00:00+02:00,9684.52,21223.93,10524.72,43967.32,88.9
2023-06-30T01:00+02:00,10079.8,19929.88,10277.99,42425.98,88.9
2023-06-30T02:00+02:00,11075.27,18972.12,10276.07,41327.2,88.9
2023-06-30T03:00+02:00,11766.04,18800.76,10440.64,41807.62,88.9
2023-06-30T04:00+02:00,12174.9,18924.08,10440.15,42352.13,88.9
2023-06-30T05:00+02:00,12262.01,20122.88,10638.21,44570.5,88.9
2023-06-30T06:00+02:00,13650.41,21682.34,12085.05,51140.9,88.9
2023-06-30T07:00+02:00,12981.59,22250.67,14277.21,56288.79,88.9
2023-06-30T08:00+02:00,13914.27,21913.72,16954.63,58850.63,88.9
2023-06-30T09:00+02:00,13411.61,21079.13,20602,59668.29,88.9
2023-06-30T10:00+02:00,13004.92,20047.03,23445.02,60438.62,88.9
2023-06-30T11:00+02:00,12638.8,18688.77,25760.74,61032.52,86.21
2023-06-30T12:00+02:00,11737.34,17091.68,28286.4,59891.06,85.31
2023-06-30T13:00+02:00,11021.62,15765.21,30144.67,58346.38,85.31
2023-06-30T14:00+02:00,9625.21,15345.42,31086.45,56341.52,85.31
2023-06-30T15:00+02:00,9560.12,14986.24,30931.36,55673.26,85.31
2023-06-30T16:00+02:00,10351.32,14914.99,28498.97,55072.43,85.31
2023-06-30T17:00+02:00,10257.41,17065.26,24269.11,54810.52,85.31
2023-06-30T18:00+02:00,12625.35,18862.34,19137.94,54558.34,85.31
2023-06-30T19:00+02:00,14973.94,19360.27,14500.06,53417.92,85.31
2023-06-30T20:00+02:00,15278.23,19250.92,11680.25,51170.66,85.31
2023-06-30T21:00+02:00,15041.56,18984.38,11643.4,48794.29,85.31
2023-06-30T22:00+02:00,13406.86,18528.27,12346.88,46763.82,85.31
2023-06-30T23:00+02:00,10976.33,16990.18,14172.14,43701.9,85.31
2023-07-01T00:00+02:00,10650.37,14395.91,15550.61,40851.77,85.31
2023-07-01T01:00+02:00,10175.09,11802.37,17510.14,38829.58,85.31
2023-07-01T02:00+02:00,8554.39,10381.56,19826.38,37597.52,85.31
2023-07-01T03:00+02:00,8099.78,9106.27,21362.35,37016.61,85.31
2023-07-01T04:00+02:00,7252.8,8437.34,23240.9,37084.32,85.31
2023-07-01T05:00+02:00,6494.15,7371.77,25262.61,37744.94,85.31
2023-07-01T06:00+02:00,6160.4,7134.37,28201.91,39751.04,85.31
2023-07-01T07:00+02:00,4099.9,6922.09,31186.45,42232.44,85.31
2023-07-01T08:00+02:00,2197.17,6651.11,36357.23,45182.85,85.31
2023-07-01T09:00+02:00,713.56,6270.36,42691.51,47830.34,85.31
2023-07-01T10:00+02:00,-2484.42,6104.72,47410.3,50110.76,85.31
2023-07-01T11:00+02:00,-5740.92,6024.41,50061.61,51434.43,85.31
2023-07-01T12:00+02:00,-7112.85,5959.22,51210.59,50978.26,85.31
2023-07-01T13:00+02:00,-6900.65,5918.79,50340.5,49554,85.31
2023-07-01T14:00+02:00,-4967.28,5900.34,47932.81,48038.2,85.31
2023-07-01T15:00+02:00,-3322.8,6057.37,45938.28,47363.63,85.31
2023-07-01T16:00+02:00,-1569.71,6140.57,44456.39,46897.52,85.31
2023-07-01T17:00+02:00,2951.01,6342.49,40505.19,47330.96,85.31
2023-07-01T18:00+02:00,4696.82,6610.97,37078.33,47728.52,85.31
2023-07-01T19:00+02:00,5086.85,7359.25,33647.09,47097.48,85.31
2023-07-01T20:00+02:00,3211.95,7627.32,31574.58,45467.65,85.31
2023-07-01T21:00+02:00,2652.99,7588.25,30254.65,43777.36,85.31
2023-07-01T22:00+02:00,911.74,7859.04,30107.35,42678.54,85.31
2023-07-01T23:00+02:00,928.27,7653.03,30673.16,40313.71,85.31
2023-07-02T00:00+02:00,-2230.36,7194.52,31144.12,38384.39,85.31
2023-07-02T01:00+02:00,-2507.76,7086.56,31684.79,36768.06,85.31
2023-07-02T02:00+02:00,-2210.52,7026.66,31445.46,35731.96,85.31
2023-07-02T03:00+02:00,-1957.04,7142.21,31531.27,35452.6,85.31
2023-07-02T04:00+02:00,-63.78,7182.98,29948.17,34890.26,85.31
2023-07-02T05:00+02:00,157.03,7004.38,30349.04,34892.79,85.31
2023-07-02T06:00+02:00,-1277.82,7114.35,32197.44,35943.2,85.31
2023-07-02T07:00+02:00,-2010.32,6879.34,35842.43,38216.01,85.31
2023-07-02T08:00+02:00,-3991.16,6474.62,39661.24,41414.4,85.31
2023-07-02T09:00+02:00,-9698.54,6409.02,45980.84,43862.98,85.31
2023-07-02T10:00+02:00,-10734.8,6293.1,49130.33,45750.2,85.31
2023-07-02T11:00+02:00,-11404.39,6147.36,53138.75,47684.69,85.31
2023-07-02T12:00+02:00,-11506.22,6184.91,53102.45,47038.83,85.31
2023-07-02T13:00+02:00,-8820.59,6159.29,50259,45740.74,85.31
2023-07-02T14:00+02:00,-10756.03,6100.61,48935.32,43614,85.31
2023-07-02T15:00+02:00,-12247.92,6160.27,49568,42956.55,85.31
2023-07-02T16:00+02:00,-11085.18,6434.49,49239.47,43377.46,85.31
2023-07-02T17:00+02:00,-11621.44,6840.4,49251.85,44832.48,85.31
2023-07-02T18:00+02:00,-8420.41,7725.17,46303.24,46076.94,85.31
2023-07-02T19:00+02:00,-6713.36,9411.4,40884.6,47067.01,85.31
2023-07-02T20:00+02:00,157.18,11364.99,31488.15,45956.44,85.31
2023-07-02T21:00+02:00,3240.11,11626.43,27606.15,45346.3,85.31
2023-07-02T22:00+02:00,2928.76,11592.14,25949.71,45172.09,85.31
2023-07-02T23:00+02:00,1574.44,11298.43,26555.31,42713.98,85.31
2023-07-03T00:00+02:00,2796.42,10219.37,26598.79,40132.6,85.31
2023-07-03T01:00+02:00,3004.66,9753.97,26815.14,39051.54,85.31
2023-07-03T02:00+02:00,1817.74,9547.64,27911.27,38189.02,85.31
2023-07-03T03:00+02:00,1686.04,9711.23,29090.76,38419.35,85.31
2023-07-03T04:00+02:00,1646.26,9873.51,29744.31,39710.65,85.31
2023-07-03T05:00+02:00,2419.76,10016.54,30556.73,42885.15,85.31
2023-07-03T06:00+02:00,3613.37,10377.18,33288.04,50296.34,85.31
2023-07-03T07:00+02:00,3621.2,10907.84,36312.47,55335.82,85.31
2023-07-03T08:00+02:00,-786.14,10997.97,43431.33,59146.26,85.31
2023-07-03T09:00+02:00,-5699.85,10749.27,51671.92,60885.34,85.31
2023-07-03T10:00+02:00,-9974.89,10079.54,58218.47,61948.89,85.31
2023-07-03T11:00+02:00,-8909.54,9143.01,59850.21,62228.74,85.31
2023-07-03T12:00+02:00,-10508.1,8755.71,61383.47,62406.52,85.31
2023-07-03T13:00+02:00,-8329.85,8394.47,61731.86,61262.86,85.31
2023-07-03T14:00+02:00,-9224.92,8165.11,60875.2,59370.33,85.31
2023-07-03T15:00+02:00,-9541.17,8204.42,59274.06,58923.68,85.31
2023-07-03T16:00+02:00,-6094.84,8147.2,54624.02,58368.98,85.31
2023-07-03T17:00+02:00,-2323.21,8756.09,49664.29,58557,85.31
2023-07-03T18:00+02:00,1813.75,10808.75,41828.84,58085.34,85.31
2023-07-03T19:00+02:00,7632.49,12133.78,33246.71,56985.26,85.31
2023-07-03T20:00+02:00,9158.13,12931.73,26759.05,54417.4,85.31
2023-07-03T21:00+02:00,12080.71,12780.31,24504.46,51982.16,85.31
2023-07-03T22:00+02:00,9632.17,11817.99,25827.72,49205,85.31
2023-07-03T23:00+02:00,5447.79,11112.81,29355.87,46047.82,85.31
2023-07-04T00:00+02:00,2194.19,9843.43,32299.46,44110.74,85.31
2023-07-04T01:00+02:00,144.19,8880.46,35767.54,43731.41,85.31
2023-07-04T02:00+02:00,-696.51,9029.42,35058.08,42779.61,85.31
2023-07-04T03:00+02:00,-1131.83,9278.45,34196.2,42482.6,85.31
2023-07-04T04:00+02:00,523.63,9534.88,32586.39,43428.52,85.31
2023-07-04T05:00+02:00,2664.98,9755.81,32443.37,46010.29,85.31
2023-07-04T06:00+02:00,5375.12,10393.6,33342.61,52457.73,85.31
2023-07-04T07:00+02:00,5445.43,10751.92,36234.05,57261.46,85.31
2023-07-04T08:00+02:00,871.56,10888.73,43602.98,59664.56,85.31
2023-07-04T09:00+02:00,-4448.43,10340.61,51727.54,60722.93,85.31
2023-07-04T10:00+02:00,-9030.26,10338.14,55885.07,60890.2,85.31
2023-07-04T11:00+02:00,-12384.75,10683.61,59861.76,61629.65,85.31
2023-07-04T12:00+02:00,-12855.35,10765.34,60736.36,60511.94,85.31
2023-07-04T13:00+02:00,-12931.04,10930.4,60046.4,59896.4,85.31
2023-07-04T14:00+02:00,-12785.16,10955.45,57411.73,58884.46,85.31
2023-07-04T15:00+02:00,-9805.39,10997.27,54889.67,58039.87,85.31
2023-07-04T16:00+02:00,-5883.25,11799.54,49780.78,57972.49,85.31
2023-07-04T17:00+02:00,-1437.41,13075.07,43132.85,58381.47,85.31
2023-07-04T18:00+02:00,2268.42,15197.31,34158.68,58767.9,85.31
2023-07-04T19:00+02:00,9736.56,18014.45,22748.39,57684.67,85.31
2023-07-04T20:00+02:00,12479.64,19301.63,15576.39,55520.39,85.31
2023-07-04T21:00+02:00,12738.32,19341.41,12098.05,52726.55,85.31
2023-07-04T22:00+02:00,12136.05,18843.07,11489.65,50426.11,85.31
2023-07-04T23:00+02:00,10713.24,17592.52,12639.46,46502.48,85.31
2023-07-05T00:00+02:00,11077.68,15051.91,15640.41,43515.96,85.31
2023-07-05T01:00+02:00,9839.54,12280.78,19932.57,41463.62,85.31
2023-07-05T02:00+02:00,6562.9,9964.78,25117.39,40912.35,85.31
2023-07-05T03:00+02:00,3710.26,9164.27,29833.64,41661.98,85.31
2023-07-05T04:00+02:00,569.85,9125.68,34100.49,42697.85,85.31
2023-07-05T05:00+02:00,-424.68,9211.98,36756.32,45382.78,85.31
2023-07-05T06:00+02:00,562.37,9592.47,42086.42,52913.43,85.31
2023-07-05T07:00+02:00,-1350.28,10136.05,46174.3,57437.74,85.31
2023-07-05T08:00+02:00,-4758.96,10155.76,50110.13,60253.58,85.31
2023-07-05T09:00+02:00,-8565.71,10087.47,54006.86,61271,85.31
2023-07-05T10:00+02:00,-10913.01,10545.75,57596.2,62457.45,85.31
2023-07-05T11:00+02:00,-11861.75,9791.38,62770.8,63634.27,85.31
2023-07-05T12:00+02:00,-13471.49,9431.22,64590,61988.12,85.31
2023-07-05T13:00+02:00,-13701.48,9289.07,63856.49,60506.95,85.31
2023-07-05T14:00+02:00,-13694.51,9252.89,63604.68,59102.72,85.31
2023-07-05T15:00+02:00,-13938.39,9219.27,62598.7,57895.98,85.31
2023-07-05T16:00+02:00,-13439.93,9410.43,60780.45,57452.78,85.31
2023-07-05T17:00+02:00,-13712.78,10058.89,58970.63,57652.32,85.31
2023-07-05T18:00+02:00,-9536.33,11486.49,53035.67,57918.6,85.31
2023-07-05T19:00+02:00,-3427.66,15108.52,42882.06,57603.45,85.31
2023-07-05T20:00+02:00,-117.09,16089.29,34515.16,54955.52,85.31
2023-07-05T21:00+02:00,1800.14,16123.47,30022.84,52803.59,85.31
2023-07-05T22:00+02:00,1665.68,16012.29,28012.22,51483.43,85.31
2023-07-05T23:00+02:00,-192.15,16004.89,27107.46,47599.77,85.31
2023-07-06T00:00+02:00,-463.01,14827.6,27171.38,45312.23,85.31
2023-07-06T01:00+02:00,686.38,14348.56,26470.24,42903.22,85.31
2023-07-06T02:00+02:00,2015.72,14218.26,25062.49,41764.75,85.31
2023-07-06T03:00+02:00,3436.55,13418.34,23998.32,41973.02,85.31
2023-07-06T04:00+02:00,4344.88,13531.7,23029.9,42495.27,85.31
2023-07-06T05:00+02:00,6858.45,13715.87,22628.48,44733.38,85.31
2023-07-06T06:00+02:00,10483.11,14544.66,23324.24,51135.1,85.31
2023-07-06T07:00+02:00,11558.64,14805.21,26245.31,55902.13,85.31
2023-07-06T08:00+02:00,7957.9,14910.79,32246.24,58612.26,85.31
2023-07-06T09:00+02:00,1302.67,14192.38,39716.68,58653.58,85.31
2023-07-06T10:00+02:00,-1617.47,13764.92,45348.28,58701.01,85.31
2023-07-06T11:00+02:00,-4144.58,13536.65,46990.69,59196.59,85.31
2023-07-06T12:00+02:00,-4004.26,13626.97,46125.44,58740.95,85.31
2023-07-06T13:00+02:00,-2543.73,14032.62,45427.61,58294.09,85.31
2023-07-06T14:00+02:00,-1318.33,13854.43,44257.94,56913.12,85.31
2023-07-06T15:00+02:00,-26.19,13547.8,42640.51,56084.25,85.31
2023-07-06T16:00+02:00,1887.94,13645.11,38734.17,55853.58,85.31
2023-07-06T17:00+02:00,5613.11,15375.23,32059.8,55600.71,85.31
2023-07-06T18:00+02:00,10002.88,18383.85,23377.35,55566.5,85.31
2023-07-06T19:00+02:00,13165.19,20187.61,15776.7,55134.66,85.31
2023-07-06T20:00+02:00,14971.63,20659.98,10613.65,53394.17,85.31
2023-07-06T21:00+02:00,14393.94,20943.7,8645.83,51084.07,85.31
2023-07-06T22:00+02:00,12988.35,20898.74,8497.06,49074.03,85.31
2023-07-06T23:00+02:00,12429.83,19693.56,8879.7,45673.26,85.31
2023-07-07T00:00+02:00,13143.53,17838.44,9175.72,43346.45,85.31
2023-07-07T01:00+02:00,13517.23,16535.7,9419.51,41181.06,85.31
2023-07-07T02:00+02:00,12597.92,16338.07,9743.97,40164.55,85.31
2023-07-07T03:00+02:00,13332.84,15847.4,9953.18,40240.96,85.31
2023-07-07T04:00+02:00,13339.5,15955.85,10456.45,40674.88,85.31
2023-07-07T05:00+02:00,13891.6,16104.64,11359.12,42960.49,85.31
2023-07-07T06:00+02:00,15221.12,16362.82,14200.93,49383.28,85.31
2023-07-07T07:00+02:00,14702.3,16489.23,19434.57,54292.9,85.31
2023-07-07T08:00+02:00,11306.53,15793.12,26213.41,57591.18,85.31
2023-07-07T09:00+02:00,6732.41,14252.62,33737.83,58180.44,85.31
2023-07-07T10:00+02:00,2133.36,12756.38,40567.92,58660.21,85.31
2023-07-07T11:00+02:00,1314.65,11209.17,45042.69,59225.58,84.94
2023-07-07T12:00+02:00,-926.2,10780.61,47058.07,58681.15,84.82
2023-07-07T13:00+02:00,-593.71,10677.93,47433.91,57185.56,84.82
2023-07-07T14:00+02:00,-413.09,10561.87,45958.28,55833.52,84.82
2023-07-07T15:00+02:00,68.94,10452.27,42988.61,54963.73,84.82
2023-07-07T16:00+02:00,3993.23,11212.44,37841.57,54553.56,84.82
2023-07-07T17:00+02:00,8349.08,13055.06,30847.44,54320.1,84.82
2023-07-07T18:00+02:00,10575.07,16626.03,22664.81,53965.92,84.82
2023-07-07T19:00+02:00,12621.17,17442.84,16091.05,53241.02,84.82
2023-07-07T20:00+02:00,14469.51,17525.65,13050.96,51147.76,84.82
2023-07-07T21:00+02:00,12261.45,17324.29,14148.36,49033.87,84.82
2023-07-07T22:00+02:00,8780.07,16798.31,17294.1,47342.79,84.82
2023-07-07T23:00+02:00,6877.78,14776.92,20010.35,44106.12,84.82
2023-07-08T00:00+02:00,7260.56,12430.94,20898.52,41162.01,84.82
2023-07-08T01:00+02:00,7885.44,11228.84,20799.14,39293.96,84.82
2023-07-08T02:00+02:00,8190.12,10556.32,20322.32,37908.24,84.82
2023-07-08T03:00+02:00,8297.72,10394.77,19721.34,37247.66,84.82
2023-07-08T04:00+02:00,8851.21,10365.5,18895.72,37050.3,84.82
2023-07-08T05:00+02:00,8828.16,10348.66,19032,37015.68,84.82
2023-07-08T06:00+02:00,8417.93,10248.08,20759.38,39530.82,84.82
2023-07-08T07:00+02:00,7805.35,9875.65,24131.31,42473.2,84.82
2023-07-08T08:00+02:00,6647.48,9161.34,28471.88,45404.92,84.82
2023-07-08T09:00+02:00,3908.85,8387.99,34475.26,48276.71,84.82
2023-07-08T10:00+02:00,-1022.45,7936.82,40140.99,49062.74,84.82
2023-07-08T11:00+02:00,-4150.29,7798.4,44512.45,49458.12,84.82
2023-07-08T12:00+02:00,-6271.14,7726.48,47776.27,48900.97,84.82
2023-07-08T13:00+02:00,-6469.57,7538.79,48328.45,47540.86,84.82
2023-07-08T14:00+02:00,-8028.96,7523.17,47819.26,46558.17,84.82
2023-07-08T15:00+02:00,-5779.61,7641.19,44842.28,46158.93,84.82
2023-07-08T16:00+02:00,-1791.27,8081.23,39659.78,46059.03,84.82
2023-07-08T17:00+02:00,2055.39,10530.82,32874.36,46549.99,84.82
2023-07-08T18:00+02:00,5834.68,13193.41,25274.4,46948.7,84.82
2023-07-08T19:00+02:00,9155.29,14235.49,19625.13,46201.71,84.82
2023-07-08T20:00+02:00,9220.64,14316.52,17625.46,44620.03,84.82
2023-07-08T21:00+02:00,6981.23,14450,18710.56,43629.42,84.82
2023-07-08T22:00+02:00,3480.96,14611.72,20492.86,43173.78,84.82
2023-07-08T23:00+02:00,1877.74,14455.25,21386.81,41124.93,84.82
2023-07-09T00:00+02:00,2314.37,13743.6,21393.51,38701.19,84.82
2023-07-09T01:00+02:00,3391.13,12878.23,20128.92,36730.45,84.82
2023-07-09T02:00+02:00,4699.96,12487.22,18668.3,35399.98,84.82
2023-07-09T03:00+02:00,6207.07,11708.48,16538.53,34421.05,84.82
2023-07-09T04:00+02:00,7872.38,11598.53,15068.63,34118.33,84.82
2023-07-09T05:00+02:00,7969.59,11618.08,14654.26,33763.54,84.82
2023-07-09T06:00+02:00,7563.05,11090.66,16868.31,34964.03,84.82
2023-07-09T07:00+02:00,6279.08,9887.41,21139.12,37601.94,84.82
2023-07-09T08:00+02:00,3090.75,8897.66,26896.72,40725.77,84.82
2023-07-09T09:00+02:00,797.42,8203.71,33620.61,43117.68,84.82
2023-07-09T10:00+02:00,-1563.48,7656.49,39267.26,44921.7,84.82
2023-07-09T11:00+02:00,-4235.37,7495.2,43678.53,46154.62,84.82
2023-07-09T12:00+02:00,-5867.05,7708.4,46107.11,45919.49,84.82
2023-07-09T13:00+02:00,-6435.62,7749.32,45863.91,44497.56,84.82
2023-07-09T14:00+02:00,-7086.85,7781.08,43725.89,43860.84,84.82
2023-07-09T15:00+02:00,-4476.06,8216.23,39647.03,43837.04,84.82
2023-07-09T16:00+02:00,465.11,9040.65,34088.24,44082.89,84.82
2023-07-09T17:00+02:00,4874.16,11139.02,28630.31,46195.71,84.82
2023-07-09T18:00+02:00,8091.6,13592.89,23306.38,46593.46,84.82
2023-07-09T19:00+02:00,8959.46,15017.5,19756.52,46828.99,84.82
2023-07-09T20:00+02:00,8992.5,15450.48,17906.28,46731.65,84.82
2023-07-09T21:00+02:00,8397.18,15646.75,17282.45,45936.95,84.82
2023-07-09T22:00+02:00,7971.2,15799.88,16628.02,45882.43,84.82
2023-07-09T23:00+02:00,5605.98,15835.11,14736.37,42865.21,84.82
2023-07-10T00:00+02:00,8477.15,15144.15,13347.27,40698.81,84.82
2023-07-10T01:00+02:00,8420.76,14894.2,13097.94,39090.54,84.82
2023-07-10T02:00+02:00,8698.51,14819.63,12207.11,38177.18,84.82
2023-07-10T03:00+02:00,9806.8,14744.44,11770.99,38196.4,84.82
2023-07-10T04:00+02:00,10650.06,14954.85,11638.02,39025.54,84.82
2023-07-10T05:00+02:00,12156.34,15464.57,12171.27,42218.22,84.82
2023-07-10T06:00+02:00,14264.36,16312.91,13933.29,49594.5,84.82
2023-07-10T07:00+02:00,14560.19,16990.6,16968.71,55577.95,84.82
2023-07-10T08:00+02:00,13886.9,17359.14,21062.41,59534.18,84.82
2023-07-10T09:00+02:00,12495.5,16754.82,26707.89,61171.45,84.82
2023-07-10T10:00+02:00,6919.53,16070.58,33513.49,61859.2,84.82
2023-07-10T11:00+02:00,5001.35,14714.17,40206.8,62147.73,84.82
2023-07-10T12:00+02:00,230.79,14112.55,45290.23,60841.16,84.82
2023-07-10T13:00+02:00,-1558.41,12848.57,48285.24,59751.96,84.82
2023-07-10T14:00+02:00,-4020.54,13326.26,48671.65,59333.65,84.82
2023-07-10T15:00+02:00,-2967.41,14003.16,46619.6,58575.07,84.82
2023-07-10T16:00+02:00,-1194.44,14479.16,43625.22,57650.87,84.82
2023-07-10T17:00+02:00,1542.34,16223.94,36988.68,57576.79,84.82
2023-07-10T18:00+02:00,5238.11,18886.39,28432.48,57701.81,84.82
2023-07-10T19:00+02:00,10752.93,19980.47,19652.86,56785.24,84.82
2023-07-10T20:00+02:00,12228.06,20543.55,13587.29,54504.92,84.82
2023-07-10T21:00+02:00,12017.17,20625.99,10548.14,51938.32,84.82
2023-07-10T22:00+02:00,11000.22,20825.39,9675.23,49846.87,84.82
2023-07-10T23:00+02:00,10598.34,20719,9468.14,46078.24,84.82
2023-07-11T00:00+02:00,11078.37,18693.86,9064.01,43143.21,84.82
2023-07-11T01:00+02:00,11816.46,17607.58,9328.1,41223.48,84.82
2023-07-11T02:00+02:00,10454.05,17116.17,10085,39725.56,84.82
2023-07-11T03:00+02:00,10719.36,17015.26,11121.27,40017.69,84.82
2023-07-11T04:00+02:00,10579.06,17020.53,12885.96,40927.32,84.82
2023-07-11T05:00+02:00,9811.18,17087.97,15246.43,43410.31,84.82
2023-07-11T06:00+02:00,10357.02,17660.62,19384.18,50110.52,84.82
2023-07-11T07:00+02:00,8487.3,17466.5,25249.36,55153.4,84.82
2023-07-11T08:00+02:00,5286.33,17048.79,31555.99,58423.81,84.82
2023-07-11T09:00+02:00,2095.79,14855.45,39228.5,59177.08,84.82
2023-07-11T10:00+02:00,19.2,12471.38,46770.1,60172.23,84.82
2023-07-11T11:00+02:00,-17.97,10942.41,51936.25,61548.78,84.82
2023-07-11T12:00+02:00,-1451.27,10490.84,54486.45,61298.52,84.82
2023-07-11T13:00+02:00,-4521.88,10149.53,55690.04,60599.68,84.82
2023-07-11T14:00+02:00,-3761.02,10022,54063.6,59549.64,84.82
2023-07-11T15:00+02:00,-928.74,10275.95,50070.97,58691.39,84.82
2023-07-11T16:00+02:00,1403.76,11705.98,43781.86,58153.62,84.82
2023-07-11T17:00+02:00,3638.76,14871.3,35135.87,58173.89,84.82
2023-07-11T18:00+02:00,8212.84,17718.84,25768.76,58624.16,84.82
2023-07-11T19:00+02:00,12460.46,18914.59,17484.87,58113.24,84.82
2023-07-11T20:00+02:00,14147.98,19139.65,13745.42,55934.18,84.82
2023-07-11T21:00+02:00,12446.06,18639.37,13783.22,54469.33,84.82
2023-07-11T22:00+02:00,9850.77,18115.41,16689.33,52261.91,84.82
2023-07-11T23:00+02:00,7002.94,16965.18,19854.37,48340.03,84.82
2023-07-12T00:00+02:00,5758.94,15203.62,22892.57,44805.49,84.82
2023-07-12T01:00+02:00,4988.32,13383.44,25078.61,43195.2,84.82
2023-07-12T02:00+02:00,4111.48,12964.77,25899.71,42954.52,84.82
2023-07-12T03:00+02:00,4528.58,12488.28,25906.1,43626.83,84.82
2023-07-12T04:00+02:00,4573.92,12518.19,25758.34,44102.08,84.82
2023-07-12T05:00+02:00,5480.2,13248.82,24836.7,45758.96,84.82
2023-07-12T06:00+02:00,7763.28,14858.46,26613.69,51721.99,84.82
2023-07-12T07:00+02:00,6841.54,15498.42,28658.78,56130.9,84.82
2023-07-12T08:00+02:00,4492.7,15514.58,32657.97,59136.92,84.82
2023-07-12T09:00+02:00,901.33,14961.82,39733.88,60552.98,84.82
2023-07-12T10:00+02:00,-2154.24,13387.13,47598.61,60836.17,84.82
2023-07-12T11:00+02:00,-5213.75,11071.89,54971.26,60695.93,84.82
2023-07-12T12:00+02:00,-7881.14,10061.66,59460.12,61178.36,84.82
2023-07-12T13:00+02:00,-10287.14,10054.53,60589.92,60590.53,84.82
2023-07-12T14:00+02:00,-9543.03,10231.22,58511.91,59402.73,84.82
2023-07-12T15:00+02:00,-5578.17,10180.82,54408.87,58983.01,84.82
2023-07-12T16:00+02:00,-1500.3,10467.69,48726.93,58134.12,84.82
2023-07-12T17:00+02:00,983.78,12594.06,41642.05,57532.91,84.82
2023-07-12T18:00+02:00,4721.71,15826.87,33926.24,58010.27,84.82
2023-07-12T19:00+02:00,8081.38,17318.6,25799.77,56977.87,84.82
2023-07-12T20:00+02:00,10917.24,17839.05,19192.94,54263.45,84.82
2023-07-12T21:00+02:00,10862.8,18098.72,16836.6,52104.56,84.82
2023-07-12T22:00+02:00,8936.27,17753.23,16387.94,49696.69,84.82
2023-07-12T23:00+02:00,7407.56,16817.8,16425.25,45273.85,84.82
2023-07-13T00:00+02:00,9056.87,15556.08,15817.84,42343.29,84.82
2023-07-13T01:00+02:00,9715.78,14252.15,16454.07,41031.66,84.82
2023-07-13T02:00+02:00,8378.2,14014.05,17259.46,40273.59,84.82
2023-07-13T03:00+02:00,8657.61,13878,18337.21,40510.7,84.82
2023-07-13T04:00+02:00,8741.1,14165.89,18445.18,41787.94,84.82
2023-07-13T05:00+02:00,9157.72,14600.29,18921.74,43457.82,84.82
2023-07-13T06:00+02:00,10424.47,15300.01,21203.19,49654.88,84.82
2023-07-13T07:00+02:00,10289.22,15930.24,23917.67,54199.1,84.82
2023-07-13T08:00+02:00,7055.52,15659.61,30907.57,57461.5,84.82
2023-07-13T09:00+02:00,2104.27,14198.08,40107.94,58630.86,84.82
2023-07-13T10:00+02:00,-1740.88,12100.98,48267.21,59552.75,84.82
2023-07-13T11:00+02:00,-2844.89,11798.3,52653.98,61079.84,84.82
2023-07-13T12:00+02:00,-3503.93,10783.16,54565.03,60563.32,84.82
2023-07-13T13:00+02:00,-4780.75,10573.94,55422.73,60360.1,84.82
2023-07-13T14:00+02:00,-5000.61,10464.92,55112.31,59656.25,84.82
2023-07-13T15:00+02:00,-4103.36,10569.28,50530.72,58733.56,84.82
2023-07-13T16:00+02:00,-1713.96,11049.96,46225.3,57549.32,84.82
2023-07-13T17:00+02:00,2068.01,12667.51,40933.62,57614.36,84.82
2023-07-13T18:00+02:00,5149.92,15605.01,32437.1,57714.77,84.82
2023-07-13T19:00+02:00,8345.01,18432.8,24424.02,56470.86,84.82
2023-07-13T20:00+02:00,10873.04,19003.23,17725.86,53638.75,84.82
2023-07-13T21:00+02:00,11687.04,18922.77,14129.39,51636.99,84.82
2023-07-13T22:00+02:00,11467.31,18647.84,13084.05,49851.13,84.82
2023-07-13T23:00+02:00,10941.42,18235.79,12643.07,46316.39,84.82
2023-07-14T00:00+02:00,12226.94,16588.32,12222.73,43845.27,84.82
2023-07-14T01:00+02:00,12738.24,15143.84,12080.15,42148.61,84.82
2023-07-14T02:00+02:00,12840.31,14699.07,11992.04,41410.55,84.82
2023-07-14T03:00+02:00,13197.94,14460.9,11507.85,41099.99,84.82
2023-07-14T04:00+02:00,13876.16,14940.1,10901.49,41612.17,84.82
2023-07-14T05:00+02:00,14656.13,15694.74,11165.79,43891.3,84.82
2023-07-14T06:00+02:00,17081.86,16362.34,13425.24,49986.5,84.82
2023-07-14T07:00+02:00,16442.9,16339.43,18088.38,54716.47,84.82
2023-07-14T08:00+02:00,13373.09,15729.96,24694.36,57275.13,84.82
2023-07-14T09:00+02:00,9696.67,13652.53,32099.54,57881.35,84.82
2023-07-14T10:00+02:00,6765.98,12164.85,38081,58765.42,84.82
2023-07-14T11:00+02:00,5815.9,11320.24,41374.46,59902.46,85.34
2023-07-14T12:00+02:00,4695.15,11037.81,41638.13,59450.82,85.51
2023-07-14T13:00+02:00,4958.84,10938.88,40544.87,57785.89,85.51
2023-07-14T14:00+02:00,5777.09,10780.35,38770.3,55720.7,85.51
2023-07-14T15:00+02:00,6578.04,11136.73,36274.47,54558.69,85.51
2023-07-14T16:00+02:00,7261.4,12079.61,32898.24,53437.28,85.51
2023-07-14T17:00+02:00,8771.62,14621.52,28950.21,53809.28,85.51
2023-07-14T18:00+02:00,12898.5,16138.09,22654.05,54123.47,85.51
2023-07-14T19:00+02:00,15657.82,16936.59,16318.21,52910.81,85.51
2023-07-14T20:00+02:00,16267.8,17321.96,12842.65,50775.44,85.51
2023-07-14T21:00+02:00,12988.32,16980.49,13974.83,48832.55,85.51
2023-07-14T22:00+02:00,10899.5,15250.43,18384.8,46825.46,85.51
2023-07-14T23:00+02:00,7536.25,12341.39,23220.24,44011.86,85.51
2023-07-15T00:00+02:00,5785.88,9657.91,27025.9,42147.36,85.51
2023-07-15T01:00+02:00,2972.07,9424.62,29968.23,40527.35,85.51
2023-07-15T02:00+02:00,1083.79,9294.44,31741.64,39354.89,85.51
2023-07-15T03:00+02:00,847.11,9624.93,32557.06,39157.39,85.51
2023-07-15T04:00+02:00,699.13,9738.68,31965.29,39001.52,85.51
2023-07-15T05:00+02:00,348.16,9692.71,31049.7,38950.22,85.51
2023-07-15T06:00+02:00,560.99,9673.18,31951.73,40881.75,85.51
2023-07-15T07:00+02:00,423.91,9494.96,33308.28,43489.89,85.51
2023-07-15T08:00+02:00,686.49,9175.56,36199.43,46681.46,85.51
2023-07-15T09:00+02:00,-1507.07,8360.81,41713.07,49048.24,85.51
2023-07-15T10:00+02:00,-4419.89,7697.74,47639.85,50664.44,85.51
2023-07-15T11:00+02:00,-6917.09,7508.27,50646.42,53190.55,85.51
2023-07-15T12:00+02:00,-10104.64,7328.08,52868.28,52990.11,85.51
2023-07-15T13:00+02:00,-8118.77,7280.25,52653.28,51351.91,85.51
2023-07-15T14:00+02:00,-7904.94,7258.55,49478.49,48639.61,85.51
2023-07-15T15:00+02:00,-5697.65,7308.15,45544.19,47459.34,85.51
2023-07-15T16:00+02:00,-784.61,7404.64,40543.42,47063.32,85.51
2023-07-15T17:00+02:00,3622.39,7998.4,35230.37,46770.02,85.51
2023-07-15T18:00+02:00,9028.31,8392.11,30327.16,47650.78,85.51
2023-07-15T19:00+02:00,9883.2,9052.31,27730.53,47432.18,85.51
2023-07-15T20:00+02:00,9413.4,9463.08,25844.74,45933.07,85.51
2023-07-15T21:00+02:00,7652.9,9402.67,26896.62,44332.62,85.51
2023-07-15T22:00+02:00,6121.27,9141.79,27111.27,44539.94,85.51
2023-07-15T23:00+02:00,4192.62,8739.21,26139.75,41474.95,85.51
2023-07-16T00:00+02:00,4892.23,8820.11,25498.71,38889.43,85.51
2023-07-16T01:00+02:00,4192.66,8964.7,26995.6,37450.26,85.51
2023-07-16T02:00+02:00,3543.15,8968.41,28593.43,36727.2,85.51
2023-07-16T03:00+02:00,1170.23,8994.11,29820.86,36304,85.51
2023-07-16T04:00+02:00,238.59,9020.92,30105.88,35813.47,85.51
2023-07-16T05:00+02:00,1379.07,8821.9,28666.52,35422.56,85.51
2023-07-16T06:00+02:00,959.06,8766.61,29213.2,35665.43,85.51
2023-07-16T07:00+02:00,-701.35,8862.85,33527.25,37577.02,85.51
2023-07-16T08:00+02:00,-5208.27,8557.61,39762.28,40785.98,85.51
2023-07-16T09:00+02:00,-10206.07,7727.59,46196.69,42989.65,85.51
2023-07-16T10:00+02:00,-12796.11,7294.67,51457.88,44475.72,85.51
2023-07-16T11:00+02:00,-14648.34,6980.67,55050.83,45947.89,85.51
2023-07-16T12:00+02:00,-15630.93,6776.22,55784.76,45861.71,85.51
2023-07-16T13:00+02:00,-14729.24,6729.32,53913.75,44467.48,85.51
2023-07-16T14:00+02:00,-13167.47,6776.08,50990.31,43303.78,85.51
2023-07-16T15:00+02:00,-12444.84,6836.82,49560.55,42539.9,85.51
2023-07-16T16:00+02:00,-12271.69,7207.47,47695.76,42298.07,85.51
2023-07-16T17:00+02:00,-7242.39,8791.27,42772.59,43236.7,85.51
2023-07-16T18:00+02:00,-1409.27,10341.36,36144.22,44811.57,85.51
2023-07-16T19:00+02:00,6459.66,11267.1,26115.11,44895.5,85.51
2023-07-16T20:00+02:00,10911.12,12424.26,19391.35,44381.32,85.51
2023-07-16T21:00+02:00,11415.92,12909,18187.04,43569.89,85.51
2023-07-16T22:00+02:00,10845.24,12572.84,17738.63,42935.48,85.51
2023-07-16T23:00+02:00,9684.67,12246.11,17974.19,40209.57,85.51
2023-07-17T00:00+02:00,8933.96,11389.13,18705.21,38008.32,85.51
2023-07-17T01:00+02:00,8265.69,11311.11,19445.78,36558.4,85.51
2023-07-17T02:00+02:00,7521.21,11205.38,19440.3,35771.41,85.51
2023-07-17T03:00+02:00,8005.7,11143.77,20236.37,35909.3,85.51
2023-07-17T04:00+02:00,7899.78,11427.01,21141.33,37253.69,85.51
2023-07-17T05:00+02:00,8005.7,12506.63,22199.84,40852.05,85.51
2023-07-17T06:00+02:00,9915.64,12980.13,24796.79,48341.67,85.51
2023-07-17T07:00+02:00,10528.55,12770.24,27716,53562.59,85.51
2023-07-17T08:00+02:00,6794.42,12867.36,34613.89,56915.35,85.51
2023-07-17T09:00+02:00,1927.7,11193.59,43448.04,57676.55,85.51
2023-07-17T10:00+02:00,-3370.05,10849.82,51105.89,58649.02,85.51
2023-07-17T11:00+02:00,-6949.23,11226.31,56007.06,59858.1,85.51
2023-07-17T12:00+02:00,-7309.13,11254.72,56836.14,59693.46,85.51
2023-07-17T13:00+02:00,-8393.54,11398.76,56923.18,58798.12,85.51
2023-07-17T14:00+02:00,-9062.58,11373.74,55782.37,57771.68,85.51
2023-07-17T15:00+02:00,-7202.88,10876.35,53550.02,57127.56,85.51
2023-07-17T16:00+02:00,-4221.53,10546.63,49677.46,56608.16,85.51
2023-07-17T17:00+02:00,-820.83,11234.11,44679,57419.32,85.51
2023-07-17T18:00+02:00,1713.88,13159.46,38662.13,57702.65,85.51
2023-07-17T19:00+02:00,6509.52,15072.57,32225.06,57048.95,85.51
2023-07-17T20:00+02:00,8896.51,15719.81,26342.37,55377.35,85.51
2023-07-17T21:00+02:00,9150.75,15357.69,22278.6,53008.42,85.51
2023-07-17T22:00+02:00,8109.51,14938.84,21455.15,50617.38,85.51
2023-07-17T23:00+02:00,6880.13,14712.06,21008.53,46755.27,85.51
2023-07-18T00:00+02:00,7156.88,13779.15,20278.93,44105.28,85.51
2023-07-18T01:00+02:00,7446.43,13023.76,19309.55,42294.62,85.51
2023-07-18T02:00+02:00,7995.63,12901.37,18219.66,41215.04,85.51
2023-07-18T03:00+02:00,8924.43,13114.25,17635.56,41116.64,85.51
2023-07-18T04:00+02:00,10387.2,13259.21,16888.92,41743.36,85.51
2023-07-18T05:00+02:00,11400.92,14291.07,16577.68,44091.11,85.51
2023-07-18T06:00+02:00,13591.97,15382.06,17578.41,50090.27,85.51
2023-07-18T07:00+02:00,13382.18,15811.83,21204.88,54407.35,85.51
2023-07-18T08:00+02:00,9563.75,15511.32,27751.37,57357.56,85.51
2023-07-18T09:00+02:00,3310.53,14710.95,36142.69,58277.72,85.51
2023-07-18T10:00+02:00,695.96,13229.07,43223.5,58830.51,85.51
2023-07-18T11:00+02:00,-1045.82,12866.32,46498.5,59906.7,85.51
2023-07-18T12:00+02:00,-834.09,13037.03,45518.06,60548.15,85.51
2023-07-18T13:00+02:00,1224.97,13471.2,42254.93,59817.01,85.51
2023-07-18T14:00+02:00,3133.73,14253.02,39186.32,58186.2,85.51
2023-07-18T15:00+02:00,4525.3,14755.21,36906.5,57014.88,85.51
2023-07-18T16:00+02:00,4337.12,15671.03,34389.38,56108.23,85.51
2023-07-18T17:00+02:00,5702.17,17721.14,29817.64,55973.55,85.51
2023-07-18T18:00+02:00,8069.68,19885.65,22279.41,55635.79,85.51
2023-07-18T19:00+02:00,11069.65,21587.97,14587.97,54955.32,85.51
2023-07-18T20:00+02:00,12464.03,21876.84,10465.56,52970.45,85.51
2023-07-18T21:00+02:00,11774.77,21991.05,9060.36,51095.99,85.51
2023-07-18T22:00+02:00,10788.25,21975.63,8704.31,48891.51,85.51
2023-07-18T23:00+02:00,9045.9,21462.25,8387.45,45226.45,85.51
2023-07-19T00:00+02:00,10748.16,19534.68,7963.31,42659.27,85.51
2023-07-19T01:00+02:00,12390.2,18628.37,7653.98,40858.54,85.51
2023-07-19T02:00+02:00,12478.67,18251.74,7599.28,39764.86,85.51
2023-07-19T03:00+02:00,12387.02,18146.15,7585.03,39758.23,85.51
2023-07-19T04:00+02:00,12734.28,18526.76,7817.84,40724.7,85.51
2023-07-19T05:00+02:00,14027.42,18890.18,8787.33,43124.01,85.51
2023-07-19T06:00+02:00,13945.92,19889.79,11959.54,48861.12,85.51
2023-07-19T07:00+02:00,13217.71,19924.13,16399.88,53747.62,85.51
2023-07-19T08:00+02:00,10240.93,20198.03,21535.57,57083.32,85.51
2023-07-19T09:00+02:00,6400.77,19284.57,27840.47,58041.94,85.51
2023-07-19T10:00+02:00,5156.43,16403,34633.91,59520.02,85.51
2023-07-19T11:00+02:00,3932.36,14265.33,38816.62,60113.14,85.51
2023-07-19T12:00+02:00,2822.31,13858.92,40550.38,59744.59,85.51
2023-07-19T13:00+02:00,1414.93,13621.36,41191.8,58797.24,85.51
2023-07-19T14:00+02:00,1458.78,13744.8,40509.06,57271.44,85.51
2023-07-19T15:00+02:00,2385.04,13945.37,38553.66,56464.63,85.51
2023-07-19T16:00+02:00,4110.32,14058.63,36151.99,55627.36,85.51
2023-07-19T17:00+02:00,6754.74,15093.58,31221.84,55898.83,85.51
2023-07-19T18:00+02:00,8608.95,17994.6,25347.7,55788.44,85.51
2023-07-19T19:00+02:00,10570.69,19504.68,20088.3,55184.61,85.51
2023-07-19T20:00+02:00,11384.35,19797.92,15966.64,52943.66,85.51
2023-07-19T21:00+02:00,10978.25,19781.11,14109.08,51180.84,85.51
2023-07-19T22:00+02:00,9690.98,18982.99,13474.33,48663.74,85.51
2023-07-19T23:00+02:00,8816.45,18477.18,12881.16,44618.07,85.51
2023-07-20T00:00+02:00,9848.13,17103.31,12931.95,42066,85.51
2023-07-20T01:00+02:00,11482.81,15070.68,13331.02,40338.96,85.51
2023-07-20T02:00+02:00,10709.68,14653.88,14044.35,39641.17,85.51
2023-07-20T03:00+02:00,10307.43,14626.02,14989.15,39387.61,85.51
2023-07-20T04:00+02:00,11558.12,14431.17,15534.44,40890.06,85.51
2023-07-20T05:00+02:00,11321.2,14898.77,16438.42,43264.63,85.51
2023-07-20T06:00+02:00,11885.36,16300.14,18293.98,49360.82,85.51
2023-07-20T07:00+02:00,11858.31,16718.06,21269.76,54154.32,85.51
2023-07-20T08:00+02:00,8577.57,16777.83,27023.93,57535.31,85.51
2023-07-20T09:00+02:00,4187.54,15825.88,34579.94,58663.8,85.51
2023-07-20T10:00+02:00,1637.2,14105.25,40848.35,58763.36,85.51
2023-07-20T11:00+02:00,210.9,13521.3,45458.44,59945.24,85.51
2023-07-20T12:00+02:00,-251.01,12278.61,47361.1,60207.99,85.51
2023-07-20T13:00+02:00,-1971.73,12388.78,48028.42,59032.38,85.51
2023-07-20T14:00+02:00,-1890.49,12275.41,47139.01,57701.96,85.51
2023-07-20T15:00+02:00,-1092.89,12954.48,44350.64,56405.64,85.51
2023-07-20T16:00+02:00,1526.44,13127.07,40508.15,55733.52,85.51
2023-07-20T17:00+02:00,3822.84,15174.48,35167.47,55841.21,85.51
2023-07-20T18:00+02:00,4735.19,18465.05,27449.98,55902.22,85.51
2023-07-20T19:00+02:00,9341.37,19728.49,18862.6,54726.26,85.51
2023-07-20T20:00+02:00,11035.78,20170.44,13288.31,52745.95,85.51
2023-07-20T21:00+02:00,10867.56,20254.86,11208.31,50757.77,85.51
2023-07-20T22:00+02:00,10433.69,19580.04,10843.38,48421.63,85.51
2023-07-20T23:00+02:00,10791.78,18659,10380.9,45120.57,85.51
2023-07-21T00:00+02:00,9859.87,18106.39,10364.75,42642.3,85.51
2023-07-21T01:00+02:00,10881.97,16806.78,9826.95,40606.67,85.51
2023-07-21T02:00+02:00,11294.56,16217.48,9605.3,39595.08,85.51
2023-07-21T03:00+02:00,11858.93,15949.01,9618.69,39621.29,85.51
2023-07-21T04:00+02:00,12117.35,16482.85,9579.74,40529.61,85.51
2023-07-21T05:00+02:00,12474.37,17036.67,9338.42,42797.56,85.51
2023-07-21T06:00+02:00,13839.27,18030.3,10816.68,48799.1,85.51
2023-07-21T07:00+02:00,13496.84,18128.47,14190.06,53144.38,85.51
2023-07-21T08:00+02:00,13140.27,18261.71,18452.39,56190.59,85.51
2023-07-21T09:00+02:00,10812.78,17862.7,23194.43,57501.33,85.51
2023-07-21T10:00+02:00,9287.69,16884.32,26777.46,58017,85.51
2023-07-21T11:00+02:00,10399.6,15413.71,29520.07,58324.46,88.4
2023-07-21T12:00+02:00,10095.18,14876.63,31810.18,57800.61,89.36
2023-07-21T13:00+02:00,7932.12,14795.95,31339.91,56691.98,89.36
2023-07-21T14:00+02:00,8244.04,14556.51,30769.68,54531.99,89.36
2023-07-21T15:00+02:00,8290.56,14519.86,29769.64,54309.16,89.36
2023-07-21T16:00+02:00,9231.04,14620.75,27940.23,54088.62,89.36
2023-07-21T17:00+02:00,9489.43,15603.61,25352.26,53295.87,89.36
2023-07-21T18:00+02:00,10250.4,17333.44,21216.67,52825.06,89.36
2023-07-21T19:00+02:00,11424.25,17845.55,17325.26,51731.23,89.36
2023-07-21T20:00+02:00,10752.81,18077.92,14397.11,49376.42,89.36
2023-07-21T21:00+02:00,9949.98,17856.57,13197.76,47522.64,89.36
2023-07-21T22:00+02:00,8225.54,17148.58,14702.76,45281.37,89.36
2023-07-21T23:00+02:00,6654.41,15804.25,16522.48,42072.09,89.36
2023-07-22T00:00+02:00,7083.68,13287.73,17706.58,39359.47,89.36
2023-07-22T01:00+02:00,7964.99,11076.78,19028.46,38034.22,89.36
2023-07-22T02:00+02:00,6646.68,10169.94,19257.84,36945.9,89.36
2023-07-22T03:00+02:00,7085.7,10033.38,18718.48,36289.96,89.36
2023-07-22T04:00+02:00,7493.8,9818.21,18650.13,36261.26,89.36
2023-07-22T05:00+02:00,8139.79,9413.27,18591.6,36339.02,89.36
2023-07-22T06:00+02:00,8982.04,9278.36,19222.62,37922.18,89.36
2023-07-22T07:00+02:00,8301.36,9200.79,22259.34,40616.3,89.36
2023-07-22T08:00+02:00,5232.8,9560.33,27413.97,43949.61,89.36
2023-07-22T09:00+02:00,959.53,9766.26,34567.17,46083.88,89.36
2023-07-22T10:00+02:00,-437.74,9510.52,40074.9,47934.98,89.36
2023-07-22T11:00+02:00,-2233.55,9323.99,43587.99,49008.09,89.36
2023-07-22T12:00+02:00,-3553.04,8874.01,44187.82,47657,89.36
2023-07-22T13:00+02:00,-4533.61,8630.57,43652.82,45829.08,89.36
2023-07-22T14:00+02:00,-5338.06,8033.41,43282,44630.78,89.36
2023-07-22T15:00+02:00,-3207.56,7839.46,41465.72,44321.92,89.36
2023-07-22T16:00+02:00,638.16,7869.27,37486.34,44195.65,89.36
2023-07-22T17:00+02:00,3330.42,8054.85,32713.64,44735.73,89.36
2023-07-22T18:00+02:00,8684.23,8444.66,26486.19,45226.35,89.36
2023-07-22T19:00+02:00,12270.8,9263.51,19818.18,44620.31,89.36
2023-07-22T20:00+02:00,13698.77,9418.99,15058.18,43271.76,89.36
2023-07-22T21:00+02:00,13689.06,9626.21,13769.9,42148.19,89.36
2023-07-22T22:00+02:00,12239.75,9500.46,14762.73,40663.13,89.36
2023-07-22T23:00+02:00,10831.37,9130.57,16998.37,38320.06,89.36
2023-07-23T00:00+02:00,8437.05,9053.61,18487.08,35984.29,89.36
2023-07-23T01:00+02:00,7261.08,8544.87,20447.33,34904.41,89.36
2023-07-23T02:00+02:00,5761.48,8370.75,22179.48,34508.89,89.36
2023-07-23T03:00+02:00,4663.41,8068.58,22987.54,33775.38,89.36
2023-07-23T04:00+02:00,2856.74,7776.41,24402.17,34148.16,89.36
2023-07-23T05:00+02:00,1207.06,7197.24,25490.16,33900.43,89.36
2023-07-23T06:00+02:00,325.9,7121.61,28399.08,34617.99,89.36
2023-07-23T07:00+02:00,-998.25,7090.58,31723.9,36865.14,89.36
2023-07-23T08:00+02:00,-4476,7114.88,37429.05,39515.52,89.36
2023-07-23T09:00+02:00,-7126.25,7094.4,44002.13,42370.65,89.36
2023-07-23T10:00+02:00,-10537.6,7142.7,48837.11,44099.04,89.36
2023-07-23T11:00+02:00,-12120.8,7153.71,52639.82,45521.02,89.36
2023-07-23T12:00+02:00,-14310.22,7140.47,54367.73,45763.22,89.36
2023-07-23T13:00+02:00,-12928.57,7137.06,51697.38,44704.01,89.36
2023-07-23T14:00+02:00,-10283.3,7132.43,47892.9,43915.35,89.36
2023-07-23T15:00+02:00,-11162.73,7178.15,48410.49,43465.96,89.36
2023-07-23T16:00+02:00,-10114.52,7801.37,47074.69,43706.77,89.36
2023-07-23T17:00+02:00,-8972.49,8264.76,45537.38,44930.15,89.36
2023-07-23T18:00+02:00,-5362.87,9080.93,41361.74,46086.07,89.36
2023-07-23T19:00+02:00,844.99,9725.05,33532.73,45629.77,89.36
2023-07-23T20:00+02:00,3777.21,10428,27987.06,44741.01,89.36
2023-07-23T21:00+02:00,4895.05,10767.88,26292.16,43599.64,89.36
2023-07-23T22:00+02:00,4842.36,10707.75,25725.25,42847.76,89.36
2023-07-23T23:00+02:00,3849.93,10612.58,25956.75,40918.8,89.36
2023-07-24T00:00+02:00,3698.85,10052.82,26570.44,39016.96,89.36
2023-07-24T01:00+02:00,3301.8,10099.13,26311.8,38035.52,89.36
2023-07-24T02:00+02:00,3096.18,9949.66,25182.69,37227.38,89.36
2023-07-24T03:00+02:00,4781.97,10065.9,23866.02,37044.12,89.36
2023-07-24T04:00+02:00,6523.77,10450.63,22930.68,37855.9,89.36
2023-07-24T05:00+02:00,7234.12,11528.5,21617.58,41534.8,89.36
2023-07-24T06:00+02:00,10966.73,12517.6,21739.68,48432.68,89.36
2023-07-24T07:00+02:00,11088.06,13003.55,23917.75,53338.32,89.36
2023-07-24T08:00+02:00,10642.27,13606.22,27918.8,57185.26,89.36
2023-07-24T09:00+02:00,8001.91,13282.27,31853.92,59420.57,89.36
2023-07-24T10:00+02:00,7783.26,12842.8,34951.07,60699.47,89.36
2023-07-24T11:00+02:00,6753.12,11626.85,39779.87,61827.4,89.36
2023-07-24T12:00+02:00,6467.7,10658.98,42140.1,60910.83,89.36
2023-07-24T13:00+02:00,4177.97,10714.61,42977.5,60032.33,89.36
2023-07-24T14:00+02:00,4344.49,10905.31,43280.89,58810.31,89.36
2023-07-24T15:00+02:00,3002.07,10881.41,43228.4,55907.71,89.36
2023-07-24T16:00+02:00,3401.29,10854.33,41118.72,55029.24,89.36
2023-07-24T17:00+02:00,5499.63,11122.83,35905.57,55086.92,89.36
2023-07-24T18:00+02:00,7733.92,12522.34,32058.44,54961.97,89.36
2023-07-24T19:00+02:00,9807.3,13174.5,28561.81,54271.38,89.36
2023-07-24T20:00+02:00,9334.03,13669.1,25560.24,52276.64,89.36
2023-07-24T21:00+02:00,8512.58,13795.43,23662.64,50219.58,89.36
2023-07-24T22:00+02:00,7429.51,13864.17,21579.83,47813.28,89.36
2023-07-24T23:00+02:00,7481.42,13240.18,21372.67,44606.51,89.36
2023-07-25T00:00+02:00,7674.27,11674.72,20511.1,41995.51,89.36
2023-07-25T01:00+02:00,8391.77,11200.4,19913.71,40775.79,89.36
2023-07-25T02:00+02:00,9487.85,10952.3,19479.22,40260.01,89.36
2023-07-25T03:00+02:00,10937.07,10477.45,18450.25,40424.83,89.36
2023-07-25T04:00+02:00,11543.93,10847.57,17443.06,40786.76,89.36
2023-07-25T05:00+02:00,12666.21,12299.39,17170.64,43343.58,89.36
2023-07-25T06:00+02:00,13299.39,14312.13,17494.26,48766.38,89.36
2023-07-25T07:00+02:00,14983.63,14527.03,19028.99,52999.99,89.36
2023-07-25T08:00+02:00,13123.72,14741.92,22784.44,55861.78,89.36
2023-07-25T09:00+02:00,10575.98,14700.42,27606.79,57586.28,89.36
2023-07-25T10:00+02:00,9902.16,13893.73,31606.08,58905.16,89.36
2023-07-25T11:00+02:00,8959.09,13431.14,34113.96,59995.09,89.36
2023-07-25T12:00+02:00,7729.15,13037.91,35829.35,59077.43,89.36
2023-07-25T13:00+02:00,7090.62,12200.49,37295.25,57939.78,89.36
2023-07-25T14:00+02:00,5775.05,12153.47,38452.83,57662.58,89.36
2023-07-25T15:00+02:00,5206.71,12143.4,37715.48,56541.33,89.36
2023-07-25T16:00+02:00,6599.98,11895.52,35919.6,55364.2,89.36
2023-07-25T17:00+02:00,7941.49,12612.77,31745.2,55099.46,89.36
2023-07-25T18:00+02:00,9242.74,13677.45,27848.92,54600.65,89.36
2023-07-25T19:00+02:00,11036.67,14440.68,24177.45,53806.89,89.36
2023-07-25T20:00+02:00,11782.72,14924.35,20370.42,51594.9,89.36
2023-07-25T21:00+02:00,11304.82,14434.57,19221,50089.8,89.36
2023-07-25T22:00+02:00,10195.96,14035.38,19572.03,47436.96,89.36
2023-07-25T23:00+02:00,8472.77,12988.09,20202.98,43943.44,89.36
2023-07-26T00:00+02:00,8049.09,11592.66,21133.19,41612.23,89.36
2023-07-26T01:00+02:00,6734.62,11040.79,21891.86,40185.3,89.36
2023-07-26T02:00+02:00,6737.93,10697.6,21854.5,39459.47,89.36
2023-07-26T03:00+02:00,7873.64,10306.55,21384.05,39703.96,89.36
2023-07-26T04:00+02:00,8918,10356.89,20754.81,40329.34,89.36
2023-07-26T05:00+02:00,10502,10925.62,20651.19,42915.08,89.36
2023-07-26T06:00+02:00,13753,12139.05,20924.34,48845.02,89.36
2023-07-26T07:00+02:00,14486.1,13021.12,22289.62,53183.27,89.36
2023-07-26T08:00+02:00,12577.82,13021.2,26025.99,56213.58,89.36
2023-07-26T09:00+02:00,8506.94,13092.84,31833.78,57982.12,89.36
2023-07-26T10:00+02:00,7111.48,12037.35,38454.16,59298.03,89.36
2023-07-26T11:00+02:00,4192.59,11025.73,43382.99,59766.12,89.36
2023-07-26T12:00+02:00,3439.29,10757.4,45740.49,59630.38,89.36
2023-07-26T13:00+02:00,2886.24,10519,45255.5,57523.64,89.36
2023-07-26T14:00+02:00,2498.74,10682.28,45071.38,55904.67,89.36
2023-07-26T15:00+02:00,2126.63,10673.08,43449.69,55256.46,89.36
2023-07-26T16:00+02:00,2037.75,10439.28,41697.02,54784.96,89.36
2023-07-26T17:00+02:00,4586.4,10947.07,36950.33,54706.02,89.36
2023-07-26T18:00+02:00,8270.51,11952.13,29842.91,54099.49,89.36
2023-07-26T19:00+02:00,11974.31,13565.47,22540.34,53435.26,89.36
2023-07-26T20:00+02:00,14534.72,13729.12,18264.29,51398.38,89.36
2023-07-26T21:00+02:00,13464.07,13505.86,17601.85,49980.5,89.36
2023-07-26T22:00+02:00,12039.83,12696.04,18252.98,46913.32,89.36
2023-07-26T23:00+02:00,11167.46,11422.82,19578.88,43369.96,89.36
2023-07-27T00:00+02:00,9434.04,10318.53,20920.77,41460.29,89.36
2023-07-27T01:00+02:00,8404.61,9696.51,22317.23,40264.45,89.36
2023-07-27T02:00+02:00,8637.39,9368.44,22253.18,39385.13,89.36
2023-07-27T03:00+02:00,8961.02,9210.58,22142.96,39323.82,89.36
2023-07-27T04:00+02:00,9764.19,8761.39,21964.6,40366.53,89.36
2023-07-27T05:00+02:00,11206.93,9233.35,21492.92,43173.8,89.36
2023-07-27T06:00+02:00,13247.9,10844.23,22865.1,49201.31,89.36
2023-07-27T07:00+02:00,14113.31,11753.31,24911.82,53878.02,89.36
2023-07-27T08:00+02:00,13552.96,11999.69,27217.4,56772.23,89.36
2023-07-27T09:00+02:00,12793.52,11402.49,29710.46,58383.76,89.36
2023-07-27T10:00+02:00,10801.29,11322.99,32184.1,59869.12,89.36
2023-07-27T11:00+02:00,10818.36,11248.42,33639.22,60789.87,89.36
2023-07-27T12:00+02:00,12313.13,10932.11,34427.52,59872.85,89.36
2023-07-27T13:00+02:00,10854.52,10504.73,34661.39,58830.56,89.36
2023-07-27T14:00+02:00,10961.88,10751.82,33827.99,57814.63,89.36
2023-07-27T15:00+02:00,11634.61,10790.94,32038.45,56707.14,89.36
2023-07-27T16:00+02:00,11778.39,11721.71,30171.12,55559.83,89.36
2023-07-27T17:00+02:00,12240.5,12965.47,28033.85,55891.22,89.36
2023-07-27T18:00+02:00,11680.44,13894.7,25152.09,55263.49,89.36
2023-07-27T19:00+02:00,11759.4,14034.02,22998.85,53730.48,89.36
2023-07-27T20:00+02:00,10565.53,14005.21,22057.49,51230.77,89.36
2023-07-27T21:00+02:00,10738.28,13876.39,21607.58,49434.31,89.36
2023-07-27T22:00+02:00,9455.08,13493.2,21786.45,47004.84,89.36
2023-07-27T23:00+02:00,7846.75,12528.35,21850.28,43656.54,89.36
2023-07-28T00:00+02:00,7275.71,11467.41,21334.58,41308.12,89.36
2023-07-28T01:00+02:00,7496.1,10930.84,20764.53,40012.26,89.36
2023-07-28T02:00+02:00,7958.79,10883.38,20123.13,39249.06,89.36
2023-07-28T03:00+02:00,8928.88,10778.62,19865.96,39501.72,89.36
2023-07-28T04:00+02:00,9012.86,10943.23,19716.98,40247.04,89.36
2023-07-28T05:00+02:00,9896.44,11740.74,19602.27,42890.12,89.36
2023-07-28T06:00+02:00,12343.15,13148.39,20653.62,48532.17,89.36
2023-07-28T07:00+02:00,13183.96,13566.53,22444.77,53422.46,89.36
2023-07-28T08:00+02:00,12981.14,13528.95,25141.38,57089.44,89.36
2023-07-28T09:00+02:00,11369.36,13320.67,28971.69,58444.76,89.36
2023-07-28T10:00+02:00,10625.85,12712.18,32624.09,59509.38,89.36
2023-07-28T11:00+02:00,8737.3,11783.99,35425.44,60213.36,87.84
2023-07-28T12:00+02:00,5619.08,11523.37,36877.51,59003.35,87.33
2023-07-28T13:00+02:00,7163.09,10899.69,37099.57,56971.72,87.33
2023-07-28T14:00+02:00,7541.8,10484.13,37258.27,55979.86,87.33
2023-07-28T15:00+02:00,7686,10368.4,35367.4,54506.87,87.33
2023-07-28T16:00+02:00,10000.05,10492.71,31620.78,53247.33,87.33
2023-07-28T17:00+02:00,13063.84,12038.77,25933.17,53617.42,87.33
2023-07-28T18:00+02:00,14137.92,14234.73,20365.07,53342.21,87.33
2023-07-28T19:00+02:00,14846.32,15571.74,15819.21,52020.56,87.33
2023-07-28T20:00+02:00,14514.9,15890.6,12631.44,49785.56,87.33
2023-07-28T21:00+02:00,13590.54,15671.7,11802.77,47970.73,87.33
2023-07-28T22:00+02:00,12188.36,15452.37,11515.48,45905.25,87.33
2023-07-28T23:00+02:00,11279.3,14590.22,11768.43,42475.71,87.33
2023-07-29T00:00+02:00,12045.21,12987.73,11803.2,39791.43,87.33
2023-07-29T01:00+02:00,12022.1,11482.27,12268.95,37316.46,87.33
2023-07-29T02:00+02:00,12219.12,10316.23,12936.34,36126.61,87.33
2023-07-29T03:00+02:00,12028.39,9657.96,13646.13,35630.26,87.33
2023-07-29T04:00+02:00,11092,9397.34,13987.47,35752.38,87.33
2023-07-29T05:00+02:00,10926.57,9422.01,14631.01,36487.36,87.33
2023-07-29T06:00+02:00,10986.82,9292.51,15931.1,37987.87,87.33
2023-07-29T07:00+02:00,11061.21,9237.94,18451.62,40770.13,87.33
2023-07-29T08:00+02:00,10245.29,8958.01,21649.4,44154.79,87.33
2023-07-29T09:00+02:00,8610.96,8608.38,26213.78,46790.14,87.33
2023-07-29T10:00+02:00,5674.08,8228.23,31402.64,48170.61,87.33
2023-07-29T11:00+02:00,2338.07,8155.66,37830.19,49579.58,87.33
2023-07-29T12:00+02:00,29.14,7690.74,42844.88,49206.54,87.33
2023-07-29T13:00+02:00,-3989.86,7597.05,43802.61,47194.76,87.33
2023-07-29T14:00+02:00,-6110.79,7575.68,45485.13,45796.48,87.33
2023-07-29T15:00+02:00,-4905.82,7710.76,43698.74,45895.6,87.33
2023-07-29T16:00+02:00,-736.26,7813.31,39964.76,45852.62,87.33
2023-07-29T17:00+02:00,1625.16,7932.58,36516.67,45972.79,87.33
2023-07-29T18:00+02:00,6601.82,8229.82,29859.1,46135.59,87.33
2023-07-29T19:00+02:00,11040.61,8832.61,21844.59,45625.5,87.33
2023-07-29T20:00+02:00,12001.86,9220.47,17209.26,43643.78,87.33
2023-07-29T21:00+02:00,11860.02,9050.38,16364.44,42514.65,87.33
2023-07-29T22:00+02:00,10760.38,8907.43,16236.86,41310.5,87.33
2023-07-29T23:00+02:00,9204.26,8571.58,16211.52,38810.12,87.33
2023-07-30T00:00+02:00,10130.17,8037.98,16607.78,36237.23,87.33
2023-07-30T01:00+02:00,9959.74,7895.18,17208.05,34865.42,87.33
2023-07-30T02:00+02:00,8144.75,7805.36,17839.45,33809.48,87.33
2023-07-30T03:00+02:00,6916.67,7815.87,18391.1,33253.64,87.33
2023-07-30T04:00+02:00,7549.38,7777.08,18576.02,33221.6,87.33
2023-07-30T05:00+02:00,7128.24,7804.58,19348.58,33606.44,87.33
2023-07-30T06:00+02:00,6497.65,7772.45,20158.45,34170.23,87.33
2023-07-30T07:00+02:00,5918.28,7740.73,22493.7,36014.29,87.33
2023-07-30T08:00+02:00,3532.48,7723.36,28309.64,38870.6,87.33
2023-07-30T09:00+02:00,-1038.5,7690.65,35074.14,41764.12,87.33
2023-07-30T10:00+02:00,-4335.47,7702.37,40700.92,43544.16,87.33
2023-07-30T11:00+02:00,-7104.47,7690.47,46319.94,45572.78,87.33
2023-07-30T12:00+02:00,-8395.95,7550.7,47248.85,45116.11,87.33
2023-07-30T13:00+02:00,-6465.22,7479.26,44476.32,43873.14,87.33
2023-07-30T14:00+02:00,-8965.9,7459.66,46040.04,42335.6,87.33
2023-07-30T15:00+02:00,-10445.22,7464.73,46354.98,41441.02,87.33
2023-07-30T16:00+02:00,-12542.22,7739.65,48323.12,40930.52,87.33
2023-07-30T17:00+02:00,-10360.23,8511.98,45967.15,42065.35,87.33
2023-07-30T18:00+02:00,-7633.43,9716.61,41564.27,43912.44,87.33
2023-07-30T19:00+02:00,888.68,9951.45,34490.62,44655.29,87.33
2023-07-30T20:00+02:00,2475.54,10303.63,29295,43516.59,87.33
2023-07-30T21:00+02:00,2673.49,10126.74,28551.29,42377.29,87.33
2023-07-30T22:00+02:00,2027.38,9943.01,28915.96,41912.15,87.33
2023-07-30T23:00+02:00,1911.23,9439.05,28308.67,40135.6,87.33
2023-07-31T00:00+02:00,3485.08,8286.54,28096.35,38869.86,87.33
2023-07-31T01:00+02:00,2581.53,7939.91,28844.24,37654.53,87.33
2023-07-31T02:00+02:00,2361.51,8074.37,28884.2,37237.39,87.33
2023-07-31T03:00+02:00,2891.25,7677.32,29278.73,37213.24,87.33
2023-07-31T04:00+02:00,3555.53,7375.62,29360.64,38291.98,87.33
2023-07-31T05:00+02:00,4561.99,7568.26,29022.85,41784.53,87.33
2023-07-31T06:00+02:00,8372.05,7640.32,30235.17,47412.36,87.33
2023-07-31T07:00+02:00,9894.82,8082.66,31961.7,52561.06,87.33
2023-07-31T08:00+02:00,8385.28,8305.91,34379.61,55980.79,87.33
2023-07-31T09:00+02:00,6679.93,8413.65,38241.69,57418.36,87.33
2023-07-31T10:00+02:00,6304.04,8034.75,42909.35,58493.23,87.33
2023-07-31T11:00+02:00,3923.14,7985.9,47508.51,59731.24,87.33
2023-07-31T12:00+02:00,1525.72,7975.64,49785.26,59937.72,87.33
2023-07-31T13:00+02:00,-816.36,8053.38,50536.53,59532.82,87.33
2023-07-31T14:00+02:00,-1012.73,8354.13,49866.55,58165.73,87.33
2023-07-31T15:00+02:00,49.86,8109.25,47926.2,57048.6,87.33
2023-07-31T16:00+02:00,2142.03,7969.44,44448.75,56084.68,87.33
2023-07-31T17:00+02:00,6687.5,7885.26,38574.59,55902.2,87.33
2023-07-31T18:00+02:00,9705.31,8488.46,33618.84,55290.66,87.33
2023-07-31T19:00+02:00,10396.07,9157.41,30363.78,53835.56,87.33
2023-07-31T20:00+02:00,10437.85,9191.55,28577.89,51569.58,87.33
2023-07-31T21:00+02:00,9973.62,8731.8,28353.86,50298.4,87.33
2023-07-31T22:00+02:00,8037.38,8607.22,28327.91,47492,87.33
2023-07-31T23:00+02:00,6093.88,8353.18,28911.38,44317.2,87.33
2023-08-01T00:00+02:00,3549.98,7991.52,27397.91,41546.81,87.33
2023-08-01T01:00+02:00,3017.05,7885.2,27024.8,39990.2,87.33
2023-08-01T02:00+02:00,5337.3,7840.68,25972.05,38895.7,87.33
2023-08-01T03:00+02:00,5558.93,7866.95,25798.06,38810.46,87.33
2023-08-01T04:00+02:00,6755.86,7985.32,25811.69,39819.45,87.33
2023-08-01T05:00+02:00,7598,8570.2,26567.84,42666.22,87.33
2023-08-01T06:00+02:00,10325.18,9127.28,28321.84,48809.87,87.33
2023-08-01T07:00+02:00,11061.42,9518.92,29869.64,53634.12,87.33
2023-08-01T08:00+02:00,11567.3,9854.59,30847.61,56594.88,87.33
2023-08-01T09:00+02:00,12528.24,10189.94,33374.77,58292.57,87.33
2023-08-01T10:00+02:00,9935.1,10279.15,37599.37,59327.52,87.33
2023-08-01T11:00+02:00,7703.47,10093.13,42706.8,60970.28,87.33
2023-08-01T12:00+02:00,4025.37,9828.57,46703.99,59853.95,87.33
2023-08-01T13:00+02:00,1065.92,9729.46,49786.61,58379.28,87.33
2023-08-01T14:00+02:00,-2580.91,9887.28,52661.44,56660.04,87.33
2023-08-01T15:00+02:00,-3730.22,9583.08,53449.77,55900.26,87.33
2023-08-01T16:00+02:00,-3380.8,9227.68,51381.02,55318.35,87.33
2023-08-01T17:00+02:00,-725.34,9154.09,47986.17,55311.72,87.33
2023-08-01T18:00+02:00,2738.59,9039.55,42091.71,55286.6,87.33
2023-08-01T19:00+02:00,6962.52,9267.04,34082.53,54026.51,87.33
2023-08-01T20:00+02:00,8305.78,9550.65,28732.19,51900.43,87.33
2023-08-01T21:00+02:00,7686.1,9345.84,28219.44,50560.86,87.33
2023-08-01T22:00+02:00,6479.15,8826.54,27828.1,47778.69,87.33
2023-08-01T23:00+02:00,5158.09,8742.82,28071.88,44592.39,87.33
2023-08-02T00:00+02:00,5672.11,8293.62,27359.61,42247.49,87.33
2023-08-02T01:00+02:00,5250.72,8061.7,26470.89,40771.49,87.33
2023-08-02T02:00+02:00,7548.12,8141.16,24815.67,40324.29,87.33
2023-08-02T03:00+02:00,8856.98,8534.74,23787.52,40134.05,87.33
2023-08-02T04:00+02:00,9919.33,9235.35,22326.64,40934.98,87.33
2023-08-02T05:00+02:00,11316.7,10049.76,21486.84,43509.11,87.33
2023-08-02T06:00+02:00,13601.72,11152.35,22236.27,49300.07,87.33
2023-08-02T07:00+02:00,14647.69,11507.05,23751.9,53822.01,87.33
2023-08-02T08:00+02:00,14822.1,11640.44,27430.65,56598.19,87.33
2023-08-02T09:00+02:00,12892.99,10977.3,31340.14,58149.69,87.33
2023-08-02T10:00+02:00,11451.98,9563.35,36054.93,59870.41,87.33
2023-08-02T11:00+02:00,9647.85,8998.38,40334.51,61310.3,87.33
2023-08-02T12:00+02:00,6735.5,8715.24,44462.25,60729.76,87.33
2023-08-02T13:00+02:00,5500.75,8610.1,47211.28,60426.45,87.33
2023-08-02T14:00+02:00,2789.4,8800.84,48132.75,59192.04,87.33
2023-08-02T15:00+02:00,1193.67,8889.68,47570.52,58695.5,87.33
2023-08-02T16:00+02:00,2700.73,8644.37,46027.36,57153.34,87.33
2023-08-02T17:00+02:00,4700.96,8209.54,43235.63,56296.95,87.33
2023-08-02T18:00+02:00,5268.87,8680.75,38572.67,55681.22,87.33
2023-08-02T19:00+02:00,6491.17,9059.68,35930.82,55008.54,87.33
2023-08-02T20:00+02:00,8034.53,8746.77,33195.9,53264.44,87.33
2023-08-02T21:00+02:00,7017.78,8519.1,32669.68,50977.04,87.33
2023-08-02T22:00+02:00,5424.21,8269.2,32806.85,48883.02,87.33
2023-08-02T23:00+02:00,2894.9,7398.13,33323.52,45535.83,87.33
2023-08-03T00:00+02:00,2465.6,6809.63,33317.27,43123.3,87.33
2023-08-03T01:00+02:00,2059.09,6701.08,33185.98,41339.38,87.33
2023-08-03T02:00+02:00,1741.03,6713.64,33753.57,40747.97,87.33
2023-08-03T03:00+02:00,1081.86,6663.22,34442.05,41211.6,87.33
2023-08-03T04:00+02:00,819.46,6725.83,34981.09,41767.47,87.33
2023-08-03T05:00+02:00,1777.26,7032.17,35638.17,44831.94,87.33
2023-08-03T06:00+02:00,2323.87,7242.93,37978.18,50434.61,87.33
2023-08-03T07:00+02:00,402.17,7752.37,41672.9,54794.98,87.33
2023-08-03T08:00+02:00,-2001.77,7808.03,46935.94,57608.52,87.33
2023-08-03T09:00+02:00,-5269.71,7929.69,51615.7,58202.1,87.33
2023-08-03T10:00+02:00,-7963.88,8274.71,55440.03,59790.01,87.33
2023-08-03T11:00+02:00,-7863.4,7968.49,58837.55,60986.81,87.33
2023-08-03T12:00+02:00,-9198.37,7982.88,61176.79,60366.97,87.33
2023-08-03T13:00+02:00,-10300.87,7761.3,62455.84,58670.42,87.33
2023-08-03T14:00+02:00,-11779.68,7715.45,63096.34,56986.02,87.33
2023-08-03T15:00+02:00,-11799.36,8160.08,61832.61,55542.52,87.33
2023-08-03T16:00+02:00,-9389.27,8547.26,57902.35,55379.53,87.33
2023-08-03T17:00+02:00,-4612,9218.76,52040.27,56135.5,87.33
2023-08-03T18:00+02:00,329.49,10467.86,44346.61,55782.96,87.33
2023-08-03T19:00+02:00,4597.97,10553.44,38764.95,55172.96,87.33
2023-08-03T20:00+02:00,6368.21,10694.46,33523.3,52491.89,87.33
2023-08-03T21:00+02:00,6799.27,10745.31,30136.15,50635.7,87.33
2023-08-03T22:00+02:00,6904.79,10420.94,27474.91,47635.08,87.33
2023-08-03T23:00+02:00,7324.58,10323.89,24996.13,44142.27,87.33
2023-08-04T00:00+02:00,8836.88,9889.82,22918.19,42006.76,87.33
2023-08-04T01:00+02:00,9723.88,9659.15,21289.27,40100.28,87.33
2023-08-04T02:00+02:00,10991.38,9354.24,19549.34,38785.94,87.33
2023-08-04T03:00+02:00,12805.9,9162.89,18589.63,38792.82,87.33
2023-08-04T04:00+02:00,14018.33,9488.48,16805.84,39437.41,87.33
2023-08-04T05:00+02:00,16312.04,10315.6,16124.24,42303.94,87.33
2023-08-04T06:00+02:00,15524.74,12080.26,16449.8,47586.17,87.33
2023-08-04T07:00+02:00,16377.78,12727.26,18171.06,52590.51,87.33
2023-08-04T08:00+02:00,16527.58,12575.21,21542.75,55728.74,87.33
2023-08-04T09:00+02:00,14358.26,11645.09,26320.29,57470,87.33
2023-08-04T10:00+02:00,14878.54,10330.12,30661.07,58299.58,87.33
2023-08-04T11:00+02:00,13680.81,9685.58,33993.05,58602.03,84.33
2023-08-04T12:00+02:00,11368.53,9625.88,35426.4,57737.81,83.33
2023-08-04T13:00+02:00,9785.88,9708.53,36751.36,56184.07,83.33
2023-08-04T14:00+02:00,9196.65,9491.42,37233.65,54599.06,83.33
2023-08-04T15:00+02:00,9731.46,9262.52,35756.58,54280.5,83.33
2023-08-04T16:00+02:00,10044.79,9618.3,32006.56,52948.2,83.33
2023-08-04T17:00+02:00,11357.17,11496.95,27649.52,52642.31,83.33
2023-08-04T18:00+02:00,11979.11,13431.31,22689.94,52679.39,83.33
2023-08-04T19:00+02:00,13345.92,14490.71,17464.82,51758.6,83.33
2023-08-04T20:00+02:00,14249.88,14757.56,13417.25,49323.46,83.33
2023-08-04T21:00+02:00,13776.26,14768.68,11988.75,47682.9,83.33
2023-08-04T22:00+02:00,13218.3,14036.89,11478.34,44940.23,83.33
2023-08-04T23:00+02:00,13518.38,13371.61,11462.15,41858.88,83.33
2023-08-05T00:00+02:00,14062.47,11618.08,11403.28,39407.48,83.33
2023-08-05T01:00+02:00,14893.94,10436.61,11530.65,37514.58,83.33
2023-08-05T02:00+02:00,14618.58,10058.54,11158.85,36099.74,83.33
2023-08-05T03:00+02:00,14955.91,9863.6,10887.36,35650.9,83.33
2023-08-05T04:00+02:00,15799.34,9650.07,10794.34,35618.29,83.33
2023-08-05T05:00+02:00,16255.93,9639.01,10708.35,36252.62,83.33
2023-08-05T06:00+02:00,16302.57,9917.35,10912.85,37560.26,83.33
2023-08-05T07:00+02:00,16031.98,9948.38,13202.25,39762.1,83.33
2023-08-05T08:00+02:00,15884.44,9291.66,17751.13,42897.6,83.33
2023-08-05T09:00+02:00,13395.66,8487.92,23259.5,45063.34,83.33
2023-08-05T10:00+02:00,10542.47,8126.84,28048.77,46315.84,83.33
2023-08-05T11:00+02:00,9569.43,7720.51,31699.84,47324.74,83.33
2023-08-05T12:00+02:00,8139.91,7617.98,33361.95,47198.22,83.33
2023-08-05T13:00+02:00,6425.37,7675.08,32896.07,45893.56,83.33
2023-08-05T14:00+02:00,6165.75,7842.29,31401.64,44568.56,83.33
2023-08-05T15:00+02:00,7212.2,8221.98,28761.54,43907.39,83.33
2023-08-05T16:00+02:00,9475.35,8379.37,25289.85,43977.52,83.33
2023-08-05T17:00+02:00,11564.64,10097.09,21404.63,44570.35,83.33
2023-08-05T18:00+02:00,13460.63,10869.3,17983.32,45064.48,83.33
2023-08-05T19:00+02:00,13793.5,11163.56,15163.82,44508.6,83.33
2023-08-05T20:00+02:00,12105.71,11260.92,13833.57,43079.72,83.33
2023-08-05T21:00+02:00,11849.58,11190.54,13926.93,42035.21,83.33
2023-08-05T22:00+02:00,11666.49,10450.37,14549.31,40305.94,83.33
2023-08-05T23:00+02:00,11819.37,9370.43,14292.86,37934.68,83.33
2023-08-06T00:00+02:00,10933.54,8803.22,13697.32,35530.07,83.33
2023-08-06T01:00+02:00,11898.98,7980.49,12726.02,34305.86,83.33
2023-08-06T02:00+02:00,12745.58,7963.27,12562.56,33474.51,83.33
2023-08-06T03:00+02:00,12660.51,7960.89,12059.82,33225.9,83.33
2023-08-06T04:00+02:00,12731.38,8045.86,11834.32,33011.78,83.33
2023-08-06T05:00+02:00,12896.99,8042.18,12028.15,33105,83.33
2023-08-06T06:00+02:00,12413.03,8086.65,13013.72,33240.74,83.33
2023-08-06T07:00+02:00,12859.85,7674.16,14908.34,34828.53,83.33
2023-08-06T08:00+02:00,12609.41,7340.26,17819.44,37711.13,83.33
2023-08-06T09:00+02:00,11396.74,7151.63,22333.22,40932.09,83.33
2023-08-06T10:00+02:00,10354.51,7172.98,26907.59,43617.05,83.33
2023-08-06T11:00+02:00,9026.22,7377.94,31230.93,45526.92,83.33
2023-08-06T12:00+02:00,6394.88,7482.23,34121.63,46072.99,83.33
2023-08-06T13:00+02:00,5902.33,7533.24,34171.46,45407.42,83.33
2023-08-06T14:00+02:00,4411.1,7598.65,34783.28,44204.33,83.33
2023-08-06T15:00+02:00,3675.38,7617.07,34924.79,43795.3,83.33
2023-08-06T16:00+02:00,5471.88,7660.06,33474.45,43837.99,83.33
2023-08-06T17:00+02:00,6963.61,7729.72,31940.02,45276,83.33
2023-08-06T18:00+02:00,4549.19,7815.68,29855.23,46127.76,83.33
2023-08-06T19:00+02:00,7044.62,8311.59,27812.81,45692.74,83.33
2023-08-06T20:00+02:00,5505.16,8239.35,27299.79,44655.74,83.33
2023-08-06T21:00+02:00,3150.89,8089.1,27504.75,44347.28,83.33
2023-08-06T22:00+02:00,1734.51,7777.03,28069.27,43352.38,83.33
2023-08-06T23:00+02:00,654.74,7677.13,29292.64,40810.85,83.33
2023-08-07T00:00+02:00,1545.74,7462.62,29975.31,39099.23,83.33
2023-08-07T01:00+02:00,-588.39,7405.52,31896.94,37909.92,83.33
2023-08-07T02:00+02:00,-1278.75,7572.56,33578.06,37905.59,83.33
2023-08-07T03:00+02:00,-1539.98,7568.86,33932.14,37917.08,83.33
2023-08-07T04:00+02:00,-1197.41,7980.64,34865.34,39183.06,83.33
2023-08-07T05:00+02:00,-1308.23,8515.22,36247.61,42164.51,83.33
2023-08-07T06:00+02:00,-2430.22,9568.59,38748.62,48392.63,83.33
2023-08-07T07:00+02:00,-2249.1,10553.67,39818.81,52937.74,83.33
2023-08-07T08:00+02:00,-731.14,11166.46,42015.44,56282.16,83.33
2023-08-07T09:00+02:00,-1817.8,11245.65,46194.85,58012.34,83.33
2023-08-07T10:00+02:00,-2905.71,11322.34,49868.01,58632.99,83.33
2023-08-07T11:00+02:00,-4074.16,10913.53,52986.62,59089.51,83.33
2023-08-07T12:00+02:00,-3973.4,10291.73,55040.15,59107.74,83.33
2023-08-07T13:00+02:00,-6987.86,9987.95,57491.43,58068.08,83.33
2023-08-07T14:00+02:00,-6685.89,9958.32,55711.21,56638.47,83.33
2023-08-07T15:00+02:00,-6768.82,9654.73,55327.67,55662.81,83.33
2023-08-07T16:00+02:00,-7792.21,9616.41,54110.66,55403.39,83.33
2023-08-07T17:00+02:00,-5916.98,9620.96,52205.24,55910.64,83.33
2023-08-07T18:00+02:00,-4392.28,10260.65,48545.44,55934.1,83.33
2023-08-07T19:00+02:00,-2135.65,11226.22,42125.36,54594.3,83.33
2023-08-07T20:00+02:00,171.01,12896.74,35260.05,52106.94,83.33
2023-08-07T21:00+02:00,2198.94,12397.05,34629.82,50499.73,83.33
2023-08-07T22:00+02:00,299.82,12002.76,34272.27,47188.68,83.33
2023-08-07T23:00+02:00,-798.98,11597.91,33574.01,43327.29,83.33
2023-08-08T00:00+02:00,-1911.15,10231.33,33501.98,41066.14,83.33
2023-08-08T01:00+02:00,-2892.9,9460.21,34245.56,39965.69,83.33
2023-08-08T02:00+02:00,-2219.98,9288.88,34180.02,39046.26,83.33
2023-08-08T03:00+02:00,-538.05,9401.63,33872.37,39101.18,83.33
2023-08-08T04:00+02:00,710.57,9794.02,33166.59,39780.03,83.33
2023-08-08T05:00+02:00,541.41,11449.22,32744.34,42158.64,83.33
2023-08-08T06:00+02:00,554.83,12790.28,34203.88,47986.47,83.33
2023-08-08T07:00+02:00,1238.41,13050.13,37922.5,53043.15,83.33
2023-08-08T08:00+02:00,744.44,11830.77,43228.11,56613.38,83.33
2023-08-08T09:00+02:00,-509.81,10092.76,50056.83,57170.3,83.33
2023-08-08T10:00+02:00,-3265.46,9922.09,55042.33,57873.16,83.33
2023-08-08T11:00+02:00,-5512.77,9516.18,58512.93,58545.38,83.33
2023-08-08T12:00+02:00,-6618.58,9580.48,59563.84,58632.26,83.33
2023-08-08T13:00+02:00,-6844.72,9289.19,59413.32,58636.85,83.33
2023-08-08T14:00+02:00,-6799.07,9079.96,58092.03,57188.34,83.33
2023-08-08T15:00+02:00,-6364.69,9026.35,56441.57,56516.34,83.33
2023-08-08T16:00+02:00,-4230.17,9537,52485.3,55058.99,83.33
2023-08-08T17:00+02:00,-2092.9,10390.26,49315.05,55221.89,83.33
2023-08-08T18:00+02:00,102.2,11769.92,42913.15,54745.76,83.33
2023-08-08T19:00+02:00,4793.1,12301.99,36199.14,54793.82,83.33
2023-08-08T20:00+02:00,5293.02,12976.75,31785.83,53311.48,83.33
2023-08-08T21:00+02:00,4488.06,13047.84,29559.39,51461.02,83.33
2023-08-08T22:00+02:00,3469.21,12640,28477.64,48194.44,83.33
2023-08-08T23:00+02:00,3655.94,12429.1,28007.58,44828.12,83.33
2023-08-09T00:00+02:00,3836.68,11879.9,26537.6,41647.2,83.33
2023-08-09T01:00+02:00,3790.78,10863.5,26885.37,40481.24,83.33
2023-08-09T02:00+02:00,4821.82,10216.04,26671.99,39409.83,83.33
2023-08-09T03:00+02:00,6215.43,9803.05,26130.64,39401.42,83.33
2023-08-09T04:00+02:00,7403.5,9591.1,25636.82,40647.2,83.33
2023-08-09T05:00+02:00,8070.94,10310.54,25123.35,43456.98,83.33
2023-08-09T06:00+02:00,11357.8,11278.77,25423.07,49413.52,83.33
2023-08-09T07:00+02:00,12323.78,11738.48,25561.98,53884.37,83.33
2023-08-09T08:00+02:00,12127.12,11830.38,27366.18,56951.47,83.33
2023-08-09T09:00+02:00,11330.97,11749.25,31348.28,57888.61,83.33
2023-08-09T10:00+02:00,9092.24,11406.78,35796.28,58290.2,83.33
2023-08-09T11:00+02:00,5857.07,11272.88,39070.54,58560.93,83.33
2023-08-09T12:00+02:00,4406.45,11091.81,42277.39,58617.33,83.33
2023-08-09T13:00+02:00,4670.19,10752.29,44449.46,57848.14,83.33
2023-08-09T14:00+02:00,3356.82,10658.11,43412.33,55951.56,83.33
2023-08-09T15:00+02:00,3703.6,11313.65,40074.16,55132.75,83.33
2023-08-09T16:00+02:00,6158.6,12079.96,35886.08,54544.74,83.33
2023-08-09T17:00+02:00,8935.56,13308.52,31824.66,55169.8,83.33
2023-08-09T18:00+02:00,10376.6,15095.45,26708.99,55353.98,83.33
2023-08-09T19:00+02:00,11808.62,16658.71,20827.94,54373.17,83.33
2023-08-09T20:00+02:00,12654.73,17186.95,16934.6,52281.36,83.33
2023-08-09T21:00+02:00,11904.27,17363.24,16192.41,51494.75,83.33
2023-08-09T22:00+02:00,11674.2,16436.01,15587.11,48174.92,83.33
2023-08-09T23:00+02:00,12246.93,15197.29,15003.39,45020.07,83.33
2023-08-10T00:00+02:00,12005.72,14367.33,14383.77,42477.12,83.33
2023-08-10T01:00+02:00,11371.78,14014.78,13750.15,40599.72,83.33
2023-08-10T02:00+02:00,11856.35,13589.94,13345.88,39548.97,83.33
2023-08-10T03:00+02:00,12846.44,13371.45,12764.59,39387.75,83.33
2023-08-10T04:00+02:00,13155.64,13779.9,12283.07,40308.04,83.33
2023-08-10T05:00+02:00,14891.27,14527.42,12170,43187.88,83.33
2023-08-10T06:00+02:00,15706.2,15569.97,13147.76,49086.52,83.33
2023-08-10T07:00+02:00,14576.61,16201.6,16922.47,53915.57,83.33
2023-08-10T08:00+02:00,13462.17,15326.25,22849.19,56780.86,83.33
2023-08-10T09:00+02:00,9990.91,13477.39,30545.86,57134.26,83.33
2023-08-10T10:00+02:00,7103.89,11175.6,38313.78,57626.3,83.33
2023-08-10T11:00+02:00,4131.34,9780.66,44057.75,58365.18,83.33
2023-08-10T12:00+02:00,3079.76,8776.22,46478.2,57540.84,83.33
2023-08-10T13:00+02:00,2898.73,8511.35,46696.26,56238.13,83.33
2023-08-10T14:00+02:00,1757.84,8726.05,45869.99,55168.3,83.33
2023-08-10T15:00+02:00,3477.22,9047.38,42779.73,54415.56,83.33
2023-08-10T16:00+02:00,5288.96,10433.5,37533.65,53560.78,83.33
2023-08-10T17:00+02:00,10169.89,12431.84,30060.1,53623.01,83.33
2023-08-10T18:00+02:00,13150.98,16336.19,21205.05,54216.51,83.33
2023-08-10T19:00+02:00,15240.35,18409.74,13612.16,53636.38,83.33
2023-08-10T20:00+02:00,16584.43,18903.06,9559.33,51835.05,83.33
2023-08-10T21:00+02:00,14959.27,19023.73,9009.03,50522.28,83.33
2023-08-10T22:00+02:00,14542.82,18495.2,8862.54,47199.13,83.33
2023-08-10T23:00+02:00,14689.73,17289.81,8621.11,43557.52,83.33
2023-08-11T00:00+02:00,15540.88,15638.36,8679.17,41514.69,83.33
2023-08-11T01:00+02:00,15101.11,14834.45,8780.68,39902.49,83.33
2023-08-11T02:00+02:00,13829.32,14636.87,8896.39,38626.54,83.33
2023-08-11T03:00+02:00,14530.24,14575.5,8845.79,38580.72,83.33
2023-08-11T04:00+02:00,14447.56,14705,9245.68,39198.46,83.33
2023-08-11T05:00+02:00,15491,15186.8,9854.02,41999.61,83.33
2023-08-11T06:00+02:00,15845.58,15627.01,11962.47,47388.38,83.33
2023-08-11T07:00+02:00,15221.63,15796.85,16752.68,51995.96,83.33
2023-08-11T08:00+02:00,12467.7,14922.03,23809.62,55667.44,83.33
2023-08-11T09:00+02:00,7738.23,13552.08,31484.57,56692.86,83.33
2023-08-11T10:00+02:00,6429.08,10951.34,38453.97,57517.68,83.33
2023-08-11T11:00+02:00,2981.57,10083.89,43617.47,57890.81,83.98
2023-08-11T12:00+02:00,1791.37,9428.52,46967.35,56965.08,84.2
2023-08-11T13:00+02:00,1336.78,8852.69,46917.22,55327.82,84.2
2023-08-11T14:00+02:00,2241.02,8662.51,45448.27,53829.95,84.2
2023-08-11T15:00+02:00,2108.18,8858.93,43216.48,53129.02,84.2
2023-08-11T16:00+02:00,4239.78,9877.1,37952.42,53035.51,84.2
2023-08-11T17:00+02:00,9253.19,11769.64,30631.91,52817.74,84.2
2023-08-11T18:00+02:00,13316.05,14546.71,20999.92,52804.03,84.2
2023-08-11T19:00+02:00,16321.21,16032.68,13554.82,52284.5,84.2
2023-08-11T20:00+02:00,16665.87,16371.03,10618.19,50328.71,84.2
2023-08-11T21:00+02:00,14991.89,16228.21,10979.49,48793.28,84.2
2023-08-11T22:00+02:00,12523.63,16117.88,12341.57,45372.79,84.2
2023-08-11T23:00+02:00,12397.23,15086.72,13199.94,42448.9,84.2
2023-08-12T00:00+02:00,11978.34,13046.69,13514.8,40020.48,84.2
2023-08-12T01:00+02:00,12506.05,11552.25,13586.27,38316.02,84.2
2023-08-12T02:00+02:00,12581.16,10833.14,13698.44,37374.12,84.2
2023-08-12T03:00+02:00,12506.97,10363.86,14028.48,37074.08,84.2
2023-08-12T04:00+02:00,13099.28,9976.99,13984.11,37283.54,84.2
2023-08-12T05:00+02:00,11715.54,10202.38,13707.16,37877.39,84.2
2023-08-12T06:00+02:00,12221.37,10219.34,14674.64,39190.68,84.2
2023-08-12T07:00+02:00,10935.09,10274.03,17974.39,41680.98,84.2
2023-08-12T08:00+02:00,10857.05,10113.66,21086.63,44790.89,84.2
2023-08-12T09:00+02:00,9383.76,9457.91,24982.7,47543.03,84.2
2023-08-12T10:00+02:00,8015.76,9131.82,28724.73,49150.56,84.2
2023-08-12T11:00+02:00,7507.99,8765.27,31974.33,49956.72,84.2
2023-08-12T12:00+02:00,6617.84,7771.42,34724.64,50005.9,84.2
2023-08-12T13:00+02:00,6378.32,7281.05,36572.34,49015.4,84.2
2023-08-12T14:00+02:00,5351.56,7164.93,36729.59,48346.94,84.2
2023-08-12T15:00+02:00,5694.46,7170.73,35859.74,47635.25,84.2
2023-08-12T16:00+02:00,8005.73,7193.59,32919.86,46537.14,84.2
2023-08-12T17:00+02:00,9654.53,7519.8,27718.58,46324.28,84.2
2023-08-12T18:00+02:00,11028.83,9144.11,23951.23,47530.82,84.2
2023-08-12T19:00+02:00,13540.32,9550.4,19714.17,46687.86,84.2
2023-08-12T20:00+02:00,13249.25,9693.69,17372.52,45367.05,84.2
2023-08-12T21:00+02:00,13044.9,9834.88,16504.36,44692.1,84.2
2023-08-12T22:00+02:00,12040.3,9915.95,16563.29,42714.56,84.2
2023-08-12T23:00+02:00,11855.49,9706.89,16653.97,40133.42,84.2
2023-08-13T00:00+02:00,11549.69,9105.54,16773.07,37575.2,84.2
2023-08-13T01:00+02:00,11003.07,8658.3,16873.05,35994.67,84.2
2023-08-13T02:00+02:00,11024.18,8349.92,16730.48,34617.79,84.2
2023-08-13T03:00+02:00,11800.31,8049.09,16107.93,34055.53,84.2
2023-08-13T04:00+02:00,10904.55,8063.36,15989.51,33657.64,84.2
2023-08-13T05:00+02:00,11242.94,8082.08,16022.87,34135.61,84.2
2023-08-13T06:00+02:00,10629.77,8139.42,17146.25,34749.34,84.2
2023-08-13T07:00+02:00,10629.95,7918.39,19410.82,36934.28,84.2
2023-08-13T08:00+02:00,9314.48,7188.76,23038.06,39873.96,84.2
2023-08-13T09:00+02:00,6242.33,6801.61,29116.73,42269.85,84.2
2023-08-13T10:00+02:00,2505.81,6704.89,35477.72,43876.88,84.2
2023-08-13T11:00+02:00,406.41,6605.8,39681.88,45260.19,84.2
2023-08-13T12:00+02:00,-1966.06,6527.84,41564.36,44732.43,84.2
2023-08-13T13:00+02:00,-2289.08,6475.83,41204.87,43670.47,84.2
2023-08-13T14:00+02:00,-907.51,6469.87,39430.17,42112.16,84.2
2023-08-13T15:00+02:00,282.12,6473.08,36851.01,41981.74,84.2
2023-08-13T16:00+02:00,6554.2,6685.25,30671.14,41408,84.2
2023-08-13T17:00+02:00,10684.3,7760.1,23736.4,42003.34,84.2
2023-08-13T18:00+02:00,14563.51,10751.49,17329.69,43326.43,84.2
2023-08-13T19:00+02:00,16597.81,12606.04,12010.06,43680.65,84.2
2023-08-13T20:00+02:00,16299.38,13619.66,9070.76,43313.5,84.2
2023-08-13T21:00+02:00,16088.52,14069.61,8754.15,43286.1,84.2
2023-08-13T22:00+02:00,14795.03,14181.33,9086.71,41747.77,84.2
2023-08-13T23:00+02:00,14389.82,13991.58,9519.38,39375.7,84.2
2023-08-14T00:00+02:00,14019.82,13809.87,9641.72,37717.84,84.2
2023-08-14T01:00+02:00,13206.64,13726.57,9663.89,36581.56,84.2
2023-08-14T02:00+02:00,12962.64,13640.18,9726.01,35812.26,84.2
2023-08-14T03:00+02:00,13019.97,13725.24,9513.19,35834.67,84.2
2023-08-14T04:00+02:00,14537.69,13668.3,9443.31,36833.88,84.2
2023-08-14T05:00+02:00,15325.32,14467.91,9296.02,40143.42,84.2
2023-08-14T06:00+02:00,16836.28,15084.43,10281.16,46208.73,84.2
2023-08-14T07:00+02:00,16252.83,14669.61,14494.18,50991.73,84.2
2023-08-14T08:00+02:00,15086.71,14408.58,20988.37,54821.38,84.2
2023-08-14T09:00+02:00,11068.08,12938.48,28484.83,56676.68,84.2
2023-08-14T10:00+02:00,9044.99,10715.8,34957.17,57787.02,84.2
2023-08-14T11:00+02:00,8924.81,9867.95,39703.58,58833.08,84.2
2023-08-14T12:00+02:00,8445.8,9251.24,41681.85,58664.33,84.2
2023-08-14T13:00+02:00,7701.29,9256.99,41288.96,57699.04,84.2
2023-08-14T14:00+02:00,9517.68,9635.57,37960.19,55964.37,84.2
2023-08-14T15:00+02:00,11012.39,10355.14,34178.97,55152.3,84.2
2023-08-14T16:00+02:00,12644.77,12579.06,29349.19,53908.98,84.2
2023-08-14T17:00+02:00,13928.81,15311.03,23828.26,54224.4,84.2
2023-08-14T18:00+02:00,15065.38,17360.46,18034.02,54611.14,84.2
2023-08-14T19:00+02:00,15378.58,18280.79,13087.73,54142.44,84.2
2023-08-14T20:00+02:00,14905.12,18469.84,11315.1,52383.08,84.2
2023-08-14T21:00+02:00,12135.61,18663.57,12082.06,51083.33,84.2
2023-08-14T22:00+02:00,11494.02,17992.87,13195.93,47922.8,84.2
2023-08-14T23:00+02:00,10694.89,16591.51,14576.2,44412.6,84.2
2023-08-15T00:00+02:00,11554.96,14923.04,15567.36,42077.99,84.2
2023-08-15T01:00+02:00,11448.95,13272.34,15786.88,40725.38,84.2
2023-08-15T02:00+02:00,12512.24,12801.82,15322.24,39681.06,84.2
2023-08-15T03:00+02:00,13114.99,12608.31,14937.68,39845.46,84.2
2023-08-15T04:00+02:00,13180.8,12967.39,14232.67,39329.46,84.2
2023-08-15T05:00+02:00,13614.78,13912.89,14709.32,41993.5,84.2
2023-08-15T06:00+02:00,14385.48,15283.56,15702.74,47316.89,84.2
2023-08-15T07:00+02:00,13444.86,15458.58,19662.27,52368.78,84.2
2023-08-15T08:00+02:00,13656.6,14716.82,24217.77,55455.18,84.2
2023-08-15T09:00+02:00,12274.85,13312.25,30079.66,56142.37,84.2
2023-08-15T10:00+02:00,10828.33,12119.35,35126.53,57610.51,84.2
2023-08-15T11:00+02:00,8340.58,11898.81,38770.44,58964.06,84.2
2023-08-15T12:00+02:00,7595.12,11769.7,40736.86,58707.44,84.2
2023-08-15T13:00+02:00,6872.07,11665.43,40778.07,58106.35,84.2
2023-08-15T14:00+02:00,9326.61,10602.23,40568.63,57178.35,84.2
2023-08-15T15:00+02:00,10865.94,10549.43,37281.62,55951.7,84.2
2023-08-15T16:00+02:00,11591.78,11995.23,31556.72,54207.29,84.2
2023-08-15T17:00+02:00,12793.32,14529.03,25386.13,53516.16,84.2
2023-08-15T18:00+02:00,14859.71,16946,19787.3,53939.92,84.2
2023-08-15T19:00+02:00,14956.58,18331.16,15291.48,53174.18,84.2
2023-08-15T20:00+02:00,16096.42,18501.77,12513.83,51628.56,84.2
2023-08-15T21:00+02:00,13966.34,18415.31,11954.43,50545.74,84.2
2023-08-15T22:00+02:00,13158.6,17892.1,11536.17,47044.21,84.2
2023-08-15T23:00+02:00,12200.88,17348.95,11309.3,43586.3,84.2
2023-08-16T00:00+02:00,11875,16723.71,10984.78,41390.87,84.2
2023-08-16T01:00+02:00,13564,15796.19,10518.83,39673.97,84.2
2023-08-16T02:00+02:00,14844.28,14927.06,10334.35,38973.84,84.2
2023-08-16T03:00+02:00,14957.57,14630.86,10217.88,39320.14,84.2
2023-08-16T04:00+02:00,15145.54,15153.72,9949.58,39777.7,84.2
2023-08-16T05:00+02:00,15743.69,15975.29,9945.85,42923.46,84.2
2023-08-16T06:00+02:00,16811.74,17839.98,10723.24,48603.45,84.2
2023-08-16T07:00+02:00,16463.37,18243.68,13488.37,53370.83,84.2
2023-08-16T08:00+02:00,14724.38,18179.1,18018.31,56711.86,84.2
2023-08-16T09:00+02:00,13151.33,17429.82,24066.88,58199.03,84.2
2023-08-16T10:00+02:00,12154.34,15070.7,29474.42,58858.54,84.2
2023-08-16T11:00+02:00,10978.88,13579.36,34469.71,59439.19,84.2
2023-08-16T12:00+02:00,9697.68,12964.59,36656.13,58582.5,84.2
2023-08-16T13:00+02:00,8368.12,13147.08,37487.82,57605.72,84.2
2023-08-16T14:00+02:00,8468.46,12849.38,36971.54,56298.59,84.2
2023-08-16T15:00+02:00,9109.16,12765.6,34758.58,55655.76,84.2
2023-08-16T16:00+02:00,9463.94,13796.62,30688.98,54747.44,84.2
2023-08-16T17:00+02:00,12128.46,15815.56,25066.87,55267.75,84.2
2023-08-16T18:00+02:00,13425.25,18406.58,18633.33,55189.78,84.2
2023-08-16T19:00+02:00,14380.5,19007.34,14719.91,54110.47,84.2
2023-08-16T20:00+02:00,13970.56,18990.57,13907.66,52567.14,84.2
2023-08-16T21:00+02:00,12055.62,18793.94,14803.3,51114.63,84.2
2023-08-16T22:00+02:00,10612.39,17673.18,15737.68,47924.51,84.2
2023-08-16T23:00+02:00,11164.57,15714.47,15736.41,44390.59,84.2
2023-08-17T00:00+02:00,11028.9,14390.71,15236.45,41351.59,84.2
2023-08-17T01:00+02:00,11948.62,13598.11,15099.24,40094.26,84.2
2023-08-17T02:00+02:00,12981.22,13350.99,14786.14,39609.08,84.2
2023-08-17T03:00+02:00,13027.48,13065.08,14732.58,39852.44,84.2
2023-08-17T04:00+02:00,12345.73,13267.5,14555.04,40328.26,84.2
2023-08-17T05:00+02:00,13610.38,13980.39,14655.14,43228.82,84.2
2023-08-17T06:00+02:00,15169.97,15209.57,15932.33,49112.32,84.2
2023-08-17T07:00+02:00,14745.21,15417.26,18304.03,53627.11,84.2
2023-08-17T08:00+02:00,14738.52,15260.13,22050.2,56808.81,84.2
2023-08-17T09:00+02:00,13245.13,14918.79,26628.2,58564.23,84.2
2023-08-17T10:00+02:00,11114.51,13829.69,31638.58,59807.3,84.2
2023-08-17T11:00+02:00,8963.57,13216.16,35947.4,60716.98,84.2
2023-08-17T12:00+02:00,8639.22,12840.76,37721.1,60597.44,84.2
2023-08-17T13:00+02:00,7809.92,13007.37,38232.66,59543.07,84.2
2023-08-17T14:00+02:00,7905.3,13165.44,36289.89,58349.72,84.2
2023-08-17T15:00+02:00,8760.51,13742.57,33258.74,57120.43,84.2
2023-08-17T16:00+02:00,9366.48,14839.24,29368.69,56128.17,84.2
2023-08-17T17:00+02:00,11307.18,16459.25,24430.01,55757.65,84.2
2023-08-17T18:00+02:00,11617.36,17692.78,20185.21,56192.55,84.2
2023-08-17T19:00+02:00,12183.29,18091.53,17885.59,55347.18,84.2
2023-08-17T20:00+02:00,12302.78,18228.78,16387.55,53864.79,84.2
2023-08-17T21:00+02:00,11931.66,18005.88,16262.04,52645.5,84.2
2023-08-17T22:00+02:00,11793.24,16972.04,15558.98,48413.89,84.2
2023-08-17T23:00+02:00,10964.35,15791.58,14758.71,44416.06,84.2
2023-08-18T00:00+02:00,11437.25,15047.44,13228.44,42371.75,84.2
2023-08-18T01:00+02:00,10942.52,14950.57,12720.27,40785.18,84.2
2023-08-18T02:00+02:00,11656.8,14831.79,12924.67,40021.67,84.2
2023-08-18T03:00+02:00,11856.52,14628.85,12873.3,39905.75,84.2
2023-08-18T04:00+02:00,12141.54,15021.18,12788.26,40458.81,84.2
2023-08-18T05:00+02:00,12365.71,15913.97,13166.64,43413.62,84.2
2023-08-18T06:00+02:00,14080.25,16947.51,14579.73,49326.64,84.2
2023-08-18T07:00+02:00,13872.12,17174.74,17295.85,53911.59,84.2
2023-08-18T08:00+02:00,12508.26,16960.14,22118.93,57129.47,84.2
2023-08-18T09:00+02:00,9713.84,16013.52,28615.99,58629.02,84.2
2023-08-18T10:00+02:00,6644.83,14151.76,35111.27,59483.69,84.2
2023-08-18T11:00+02:00,4312.52,12679.34,40621.15,60164.39,86.06
2023-08-18T12:00+02:00,1950.11,11741.95,44434.4,58533.99,86.68
2023-08-18T13:00+02:00,1172.35,10933.27,46163.54,56545.52,86.68
2023-08-18T14:00+02:00,892.91,10516.64,45424.94,55193.7,86.68
2023-08-18T15:00+02:00,3569.18,10526.92,42508.99,54677.3,86.68
2023-08-18T16:00+02:00,5399.62,11755.17,37396.85,54500.91,86.68
2023-08-18T17:00+02:00,8246.43,14184.4,30456.56,54814.14,86.68
2023-08-18T18:00+02:00,10384.75,16845.39,22077.22,54539.42,86.68
2023-08-18T19:00+02:00,13183.08,17579.05,16184.81,53756.66,86.68
2023-08-18T20:00+02:00,13013.43,17397.67,15465.16,52049.78,86.68
2023-08-18T21:00+02:00,10683.66,17119.36,17081.04,50159.98,86.68
2023-08-18T22:00+02:00,9415.1,16138.17,19040.31,46882.99,86.68
2023-08-18T23:00+02:00,6649.66,15098.69,19774.46,43386.83,86.68
2023-08-19T00:00+02:00,6845.63,13359.39,18943.2,40984.9,86.68
2023-08-19T01:00+02:00,7827.03,11752.02,18862.53,39246.96,86.68
2023-08-19T02:00+02:00,8810.68,10547.59,18603.96,37633.22,86.68
2023-08-19T03:00+02:00,8864.19,9996.87,18454.11,36945.8,86.68
2023-08-19T04:00+02:00,9247.12,10028.96,17887.2,37074.5,86.68
2023-08-19T05:00+02:00,9448.34,10150.4,17917.84,37689.28,86.68
2023-08-19T06:00+02:00,9337.21,10303.84,19252.83,38726.09,86.68
2023-08-19T07:00+02:00,8647.24,9853.76,23272.02,41471.07,86.68
2023-08-19T08:00+02:00,5634.82,9360.53,29235.16,45042.28,86.68
2023-08-19T09:00+02:00,4062,8910.4,35300.75,48352.83,86.68
2023-08-19T10:00+02:00,2696.27,7629.8,40758.19,50260.05,86.68
2023-08-19T11:00+02:00,2036.04,7067.67,44423.69,51407.45,86.68
2023-08-19T12:00+02:00,747.09,7046.05,44670.82,50891.72,86.68
2023-08-19T13:00+02:00,-372,7022.29,43727.68,49785.46,86.68
2023-08-19T14:00+02:00,384.39,7001.92,41219.37,48339.04,86.68
2023-08-19T15:00+02:00,3352.12,7895.05,37028.43,47816.01,86.68
2023-08-19T16:00+02:00,7924.72,8637.91,32386.6,47950.74,86.68
2023-08-19T17:00+02:00,10691.12,10260.45,26617.43,48031.93,86.68
2023-08-19T18:00+02:00,13072.42,12442.71,20266.4,48047.41,86.68
2023-08-19T19:00+02:00,12968.24,13503.95,15326.11,47163.18,86.68
2023-08-19T20:00+02:00,12559.95,13360.59,13215.74,45547.01,86.68
2023-08-19T21:00+02:00,11917.78,13343.99,12859.46,44592.04,86.68
2023-08-19T22:00+02:00,11418.64,13220.32,12442.51,42464.43,86.68
2023-08-19T23:00+02:00,11617.4,12697,11494.41,39933.22,86.68
2023-08-20T00:00+02:00,11913.99,11739.76,11294.14,37736.71,86.68
2023-08-20T01:00+02:00,12776.1,10960.53,10827.49,36125.05,86.68
2023-08-20T02:00+02:00,12458.81,10238.16,10466.53,35131.07,86.68
2023-08-20T03:00+02:00,12635.46,10163.92,10384.2,34138.38,86.68
2023-08-20T04:00+02:00,12904.37,10106.64,10315.37,34015.13,86.68
2023-08-20T05:00+02:00,12841.24,10169.19,10431.68,34330.35,86.68
2023-08-20T06:00+02:00,12614.4,10205.88,10712.34,34636.54,86.68
2023-08-20T07:00+02:00,11965.34,9930.07,13952.58,36601.46,86.68
2023-08-20T08:00+02:00,11089.64,8837.67,19784.91,39717.82,86.68
2023-08-20T09:00+02:00,7060.59,8293.82,27139.86,42406.11,86.68
2023-08-20T10:00+02:00,5194.11,7423.47,34117.47,43854.47,86.68
2023-08-20T11:00+02:00,2027.9,6900.19,39342.43,45318.52,86.68
2023-08-20T12:00+02:00,-2350.51,7004.75,42603.15,45233.18,86.68
2023-08-20T13:00+02:00,-3908.82,6964.11,43454.76,43975.46,86.68
2023-08-20T14:00+02:00,-3874.81,6979.67,41982.16,42783.08,86.68
2023-08-20T15:00+02:00,-972.43,7215.19,38511.44,42277.21,86.68
2023-08-20T16:00+02:00,1890.1,8781.55,33029.45,42213.64,86.68
2023-08-20T17:00+02:00,7193.7,10588.66,25427.68,43112.63,86.68
2023-08-20T18:00+02:00,11493.76,14074.44,17128.66,44697.16,86.68
2023-08-20T19:00+02:00,12606.03,16833.32,11107.83,45451.15,86.68
2023-08-20T20:00+02:00,12547.29,17660.83,9014.76,45319.82,86.68
2023-08-20T21:00+02:00,11846.11,17940.74,9085.35,45318.03,86.68
2023-08-20T22:00+02:00,11558.32,17847.31,9110.22,43653.48,86.68
2023-08-20T23:00+02:00,11602.99,17392.2,8956.36,40892.3,86.68
2023-08-21T00:00+02:00,11382.3,17181.01,8848.62,38700.03,86.68
2023-08-21T01:00+02:00,11511.28,17118.78,8617.9,37436.82,86.68
2023-08-21T02:00+02:00,12552.36,16966.15,8422.29,36614.28,86.68
2023-08-21T03:00+02:00,13307.17,17060.15,8284.7,36552.52,86.68
2023-08-21T04:00+02:00,13049.04,17565.49,8384.61,37627.04,86.68
2023-08-21T05:00+02:00,13919.95,18707.48,8330.83,41195.67,86.68
2023-08-21T06:00+02:00,15339.78,19899.8,9085.33,47776.53,86.68
2023-08-21T07:00+02:00,14451.43,20332.93,12758.91,52738.4,86.68
2023-08-21T08:00+02:00,12357.28,19918.57,19087.14,56982.4,86.68
2023-08-21T09:00+02:00,8780.23,18960.1,26508.94,58844.23,86.68
2023-08-21T10:00+02:00,5146.73,17874.69,34022.55,59453.06,86.68
2023-08-21T11:00+02:00,3400.98,16668.76,39403.8,60641.9,86.68
2023-08-21T12:00+02:00,2424.48,15875.26,42274.38,60475.44,86.68
2023-08-21T13:00+02:00,2260.12,15051.01,42928.85,59603.86,86.68
2023-08-21T14:00+02:00,1881.25,15721.56,41174.24,58086.12,86.68
2023-08-21T15:00+02:00,2772.47,17347.76,37783.22,57684.46,86.68
2023-08-21T16:00+02:00,3475.61,19156.21,32485.66,56565.2,86.68
2023-08-21T17:00+02:00,6839.1,21724.36,25063.13,56716.53,86.68
2023-08-21T18:00+02:00,8397.04,24323.52,17250.72,56568.37,86.68
2023-08-21T19:00+02:00,11508.47,25353.94,11295.4,56137.88,86.68
2023-08-21T20:00+02:00,11293.96,25748.61,9202.71,54779.61,86.68
2023-08-21T21:00+02:00,9711.79,25781.56,9074.95,53076.93,86.68
2023-08-21T22:00+02:00,9415.65,25167.2,8880.61,49182.78,86.68
2023-08-21T23:00+02:00,9046.82,24094.43,8911.35,45778.72,86.68
2023-08-22T00:00+02:00,9920.12,23153.74,8738.34,43446.24,86.68
2023-08-22T01:00+02:00,9402.32,23125.15,8843.14,41947.04,86.68
2023-08-22T02:00+02:00,9363.94,22770.34,9037.53,40799.78,86.68
2023-08-22T03:00+02:00,11303.94,22412.88,9172.07,40541.76,86.68
2023-08-22T04:00+02:00,11537.31,22451.65,9358.59,41298.42,86.68
2023-08-22T05:00+02:00,11660.64,23145.71,9630.19,44327.57,86.68
2023-08-22T06:00+02:00,12579.35,24297.48,10473.18,50810.28,86.68
2023-08-22T07:00+02:00,12495.26,24416.75,13815.8,55513.6,86.68
2023-08-22T08:00+02:00,11006.65,24080.61,19817,58976.22,86.68
2023-08-22T09:00+02:00,6215.04,23329.39,26830.59,59847.81,86.68
2023-08-22T10:00+02:00,3519.78,21482.26,33847.22,59851.04,86.68
2023-08-22T11:00+02:00,1460.79,19970.34,38967.66,60539.92,86.68
2023-08-22T12:00+02:00,944.63,19032.56,41346.5,59846.36,86.68
2023-08-22T13:00+02:00,612.95,18095.62,41639.35,58866.23,86.68
2023-08-22T14:00+02:00,1217.68,18479.54,39813.99,57723.08,86.68
2023-08-22T15:00+02:00,2058.87,19768.1,36286.79,56957.75,86.68
2023-08-22T16:00+02:00,4686.27,20639.37,31602.97,56643.49,86.68
2023-08-22T17:00+02:00,5506.3,22991.25,25273.29,56294.55,86.68
2023-08-22T18:00+02:00,7083.22,25139.9,18423.83,56064.17,86.68
2023-08-22T19:00+02:00,8808.11,26394.4,12742.66,55406.55,86.68
2023-08-22T20:00+02:00,8483.88,26810.55,10589.23,53878.16,86.68
2023-08-22T21:00+02:00,7220.77,26790.16,10009.22,52220,86.68
2023-08-22T22:00+02:00,7528.98,26317.92,9289.85,48293.92,86.68
2023-08-22T23:00+02:00,7196.74,25194.9,9185.62,44500.48,86.68
2023-08-23T00:00+02:00,7260.86,23875.55,8610.27,42089.73,86.68
2023-08-23T01:00+02:00,7768.18,22603.11,8322.71,40771.74,86.68
2023-08-23T02:00+02:00,9069.26,22539.78,8027.64,39886.39,86.68
2023-08-23T03:00+02:00,9202.21,22713.68,8100.58,40166.25,86.68
2023-08-23T04:00+02:00,9968.81,22919.62,8311.41,41039.37,86.68
2023-08-23T05:00+02:00,11016.3,23402.04,8319.4,43931.45,86.68
2023-08-23T06:00+02:00,13153.54,24412.39,8940.67,50005,86.68
2023-08-23T07:00+02:00,10117.6,24796.89,12938.67,54469.44,86.68
2023-08-23T08:00+02:00,8543.96,24311.2,19844.1,57565.28,86.68
2023-08-23T09:00+02:00,3690.72,23449.53,27737.59,58283.32,86.68
2023-08-23T10:00+02:00,-109.88,21877.53,35380.44,59094.38,86.68
2023-08-23T11:00+02:00,-1089.7,20547.61,41145.45,60142.02,86.68
2023-08-23T12:00+02:00,-1555.96,18709.83,44245.96,59633.67,86.68
2023-08-23T13:00+02:00,-2273.84,17289.8,44971.03,58621.85,86.68
2023-08-23T14:00+02:00,-2262.31,17191.54,43648.86,57495.44,86.68
2023-08-23T15:00+02:00,-1907.33,18597.06,39863.95,56344,86.68
2023-08-23T16:00+02:00,190.59,21287.92,34482.24,55869.1,86.68
2023-08-23T17:00+02:00,3204.29,24103.38,26681.48,56379.25,86.68
2023-08-23T18:00+02:00,4985.6,26570.34,17826.35,55867.55,86.68
2023-08-23T19:00+02:00,9000.01,27109.03,11289.64,55050.94,86.68
2023-08-23T20:00+02:00,8660.5,27381.57,9135.48,53997.07,86.68
2023-08-23T21:00+02:00,7437.56,27316.35,8720.29,52023.12,86.68
2023-08-23T22:00+02:00,6561.92,27099.65,8219.28,48293.02,86.68
2023-08-23T23:00+02:00,6261.04,26625.38,7935.09,44583.52,86.68
2023-08-24T00:00+02:00,5588.87,25490.43,7667.12,42224.53,86.68
2023-08-24T01:00+02:00,7902.89,24510.52,7660.78,40800.94,86.68
2023-08-24T02:00+02:00,8833.12,23838.46,7749.8,40006.35,86.68
2023-08-24T03:00+02:00,8710.55,23742.45,7825.1,40174.21,86.68
2023-08-24T04:00+02:00,9385.62,24007.01,8094.3,40731.8,86.68
2023-08-24T05:00+02:00,9294.64,24738.03,8203.11,43585.34,86.68
2023-08-24T06:00+02:00,11403.48,25580.89,9046.11,49958.01,86.68
2023-08-24T07:00+02:00,10246.15,25435.46,13235.85,54427.46,86.68
2023-08-24T08:00+02:00,8516.93,24918.58,19830.05,57552.38,86.68
2023-08-24T09:00+02:00,4997.6,24029.87,27542.52,59141.95,86.68
2023-08-24T10:00+02:00,1801.15,22204.75,34514.86,60445.61,86.68
2023-08-24T11:00+02:00,520.79,20935.12,39300.42,61304.66,86.68
2023-08-24T12:00+02:00,-1578.08,20776.93,40723.48,62079.38,86.68
2023-08-24T13:00+02:00,-788.86,20975.53,40265.98,61874.21,86.68
2023-08-24T14:00+02:00,1275.19,20770.8,38837.55,60905.52,86.68
2023-08-24T15:00+02:00,1954.12,21415.08,34369.12,59268.74,86.68
2023-08-24T16:00+02:00,2476.8,23156.32,27934.74,57729.23,86.68
2023-08-24T17:00+02:00,5547.42,25163.42,21952.18,56567.41,86.68
2023-08-24T18:00+02:00,7653.55,26174.12,17317.14,56709.21,86.68
2023-08-24T19:00+02:00,8995.17,26341.56,14081.22,56087.06,86.68
2023-08-24T20:00+02:00,5539.12,26615.03,13221.87,54635.26,86.68
2023-08-24T21:00+02:00,4432.59,26288.91,13829.51,52289.46,86.68
2023-08-24T22:00+02:00,3111.38,25474.39,14799.73,48086.24,86.68
2023-08-24T23:00+02:00,2786.77,23939.34,15616.08,44748.78,86.68
2023-08-25T00:00+02:00,3236.74,21506.29,16344.98,42754,86.68
2023-08-25T01:00+02:00,5329.45,19979.77,16622.31,41613.62,86.68
2023-08-25T02:00+02:00,6333.25,19753.06,16806.81,41340.4,86.68
2023-08-25T03:00+02:00,6800.53,19531.77,16829.8,41471.4,86.68
2023-08-25T04:00+02:00,7067.3,19670.51,17109.43,42685.14,86.68
2023-08-25T05:00+02:00,7779.59,20923.07,16819.26,45625.36,86.68
2023-08-25T06:00+02:00,9564.46,22571.18,16418.96,50842.02,86.68
2023-08-25T07:00+02:00,9765.76,22895.36,18932.32,54813.39,86.68
2023-08-25T08:00+02:00,7365.5,22956.27,22439.63,58240.32,86.68
2023-08-25T09:00+02:00,5784.06,22492.92,26627.46,60192.89,86.68
2023-08-25T10:00+02:00,3774.13,22149.2,29578.52,61837.83,86.68
2023-08-25T11:00+02:00,4674.47,21310.92,30457.87,62940.09,85.8
2023-08-25T12:00+02:00,5094.23,21350.98,30876.56,61883,85.5
2023-08-25T13:00+02:00,6336.9,21426.66,31999.75,60973.36,85.5
2023-08-25T14:00+02:00,5167.1,21355.35,31582.61,59159.02,85.5
2023-08-25T15:00+02:00,5595.72,21591.9,29132.53,57072.87,85.5
2023-08-25T16:00+02:00,6806.65,21735.99,25610.32,55825.7,85.5
2023-08-25T17:00+02:00,7002.02,22771.13,22380.98,55684.28,85.5
2023-08-25T18:00+02:00,8193.2,23233.36,17736.35,55000.79,85.5
2023-08-25T19:00+02:00,9729.53,23016.68,14026.58,53610.24,85.5
2023-08-25T20:00+02:00,10352.64,23188.03,12556.54,51946.55,85.5
2023-08-25T21:00+02:00,8959.33,23258.25,12355.81,49513.16,85.5
2023-08-25T22:00+02:00,5841.59,22921.61,12412.28,45692.82,85.5
2023-08-25T23:00+02:00,6717.25,21273.91,12606.77,42492.33,85.5
2023-08-26T00:00+02:00,6892.15,19274.09,12856.38,40120.02,85.5
2023-08-26T01:00+02:00,7743.01,17272.13,13511.22,39015.53,85.5
2023-08-26T02:00+02:00,7903.17,16116.05,14299.01,38088.6,85.5
2023-08-26T03:00+02:00,7739.29,15692.94,14583.19,37367.16,85.5
2023-08-26T04:00+02:00,7980.51,15201.35,14577.54,37190.08,85.5
2023-08-26T05:00+02:00,8245.04,14964.39,15390.55,38217.52,85.5
2023-08-26T06:00+02:00,8279.84,14737.79,17584.55,39245.43,85.5
2023-08-26T07:00+02:00,7892.4,14253.46,20321.92,41543.89,85.5
2023-08-26T08:00+02:00,5209.16,14890.99,24354.34,45234.84,85.5
2023-08-26T09:00+02:00,4421.71,13286.76,31962.03,48601.3,85.5
2023-08-26T10:00+02:00,746.16,10652.63,39853.61,50615.78,85.5
2023-08-26T11:00+02:00,-2245.01,10207.17,45401,51365.52,85.5
2023-08-26T12:00+02:00,-4494.23,9997.95,48320.24,51602.27,85.5
2023-08-26T13:00+02:00,-6006.5,9917.91,47487.49,49954.82,85.5
2023-08-26T14:00+02:00,-4301.78,10050.05,43445.86,48151.26,85.5
2023-08-26T15:00+02:00,-948.51,11300.64,38246.92,47105.21,85.5
2023-08-26T16:00+02:00,3319.46,12793.6,31174.55,46150.34,85.5
2023-08-26T17:00+02:00,5638.26,15317.81,24259.44,46559.42,85.5
2023-08-26T18:00+02:00,8356.61,18054.39,18029.19,47100.65,85.5
2023-08-26T19:00+02:00,9909.09,18961.87,13108.96,45901.74,85.5
2023-08-26T20:00+02:00,9208.59,19221.87,11015.82,44415.92,85.5
2023-08-26T21:00+02:00,8195.78,19370.05,10620.95,43090.76,85.5
2023-08-26T22:00+02:00,7645.38,19207.91,10232,40484.13,85.5
2023-08-26T23:00+02:00,8464.14,18010.78,9580.4,37914.98,85.5
2023-08-27T00:00+02:00,9306,16466.05,9240.73,36154.41,85.5
2023-08-27T01:00+02:00,9942.42,15365.38,8980.73,34392.79,85.5
2023-08-27T02:00+02:00,9577.97,14710.85,8880.36,33523.29,85.5
2023-08-27T03:00+02:00,9719.36,14298.65,8911.83,32952.38,85.5
2023-08-27T04:00+02:00,9681.88,14168.14,9135.19,32806.28,85.5
2023-08-27T05:00+02:00,10321.93,13686.75,9602.21,33464.04,85.5
2023-08-27T06:00+02:00,9218.6,13859.31,10953.29,34155.35,85.5
2023-08-27T07:00+02:00,9610.41,13300.68,12956.6,36452.21,85.5
2023-08-27T08:00+02:00,10141.05,13050.93,15641.17,39908.44,85.5
2023-08-27T09:00+02:00,12322.33,11611.25,18359.15,42934.74,85.5
2023-08-27T10:00+02:00,14135.27,10791.01,20803.17,45151.56,85.5
2023-08-27T11:00+02:00,13894.94,10542.94,25031.45,47599.12,85.5
2023-08-27T12:00+02:00,11538.36,9958.69,27676.05,47079.22,85.5
2023-08-27T13:00+02:00,9595.4,9829.63,27986.6,44107.59,85.5
2023-08-27T14:00+02:00,8764.88,9794.09,27307.48,42284.44,85.5
2023-08-27T15:00+02:00,9379.47,9895.55,26725.95,42608.89,85.5
2023-08-27T16:00+02:00,8783.45,10724.63,25435.24,43716.92,85.5
2023-08-27T17:00+02:00,7200.77,13903.9,22641.23,44377.74,85.5
2023-08-27T18:00+02:00,7677.81,16762.37,18059.64,44866.32,85.5
2023-08-27T19:00+02:00,8879.13,17627.55,15391.34,44482.58,85.5
2023-08-27T20:00+02:00,9318.61,17839.65,14626.62,44486.09,85.5
2023-08-27T21:00+02:00,7217.77,17658.52,16315.81,43410.28,85.5
2023-08-27T22:00+02:00,5302.57,16416.37,18688.82,42306.57,85.5
2023-08-27T23:00+02:00,3843.8,14042.71,21055.23,40187.3,85.5
2023-08-28T00:00+02:00,5277.9,12200.05,22102.98,38782.97,85.5
2023-08-28T01:00+02:00,4204.43,11596.95,22142.21,37578.88,85.5
2023-08-28T02:00+02:00,4260.55,11532.52,21444,37137.57,85.5
2023-08-28T03:00+02:00,5146.82,11860.39,20310.23,37235.54,85.5
2023-08-28T04:00+02:00,6412.37,13023.61,19073.09,38113.99,85.5
2023-08-28T05:00+02:00,8036.22,14997.22,18347.31,42090.62,85.5
2023-08-28T06:00+02:00,8555.91,19285.37,18098.24,49413.88,85.5
2023-08-28T07:00+02:00,8959.27,22610.15,17862.91,53772.67,85.5
2023-08-28T08:00+02:00,8885.96,23490.05,18941.41,56472.12,85.5
2023-08-28T09:00+02:00,9563.32,23437.79,20661.74,58017.73,85.5
2023-08-28T10:00+02:00,9075.6,23272.79,22668.37,59050.71,85.5
2023-08-28T11:00+02:00,8916.4,23205.52,24409.96,60008.09,85.5
2023-08-28T12:00+02:00,8399.86,22590.25,26802.64,60175.87,85.5
2023-08-28T13:00+02:00,7745.59,22077.29,26813.8,59288.55,85.5
2023-08-28T14:00+02:00,6885.55,22764.29,24270.97,57643.48,85.5
2023-08-28T15:00+02:00,7565.74,23281.11,21918.67,56752.38,85.5
2023-08-28T16:00+02:00,8478.65,24066.29,19421.39,56111.47,85.5
2023-08-28T17:00+02:00,10352.1,25171.21,15907.53,55780.35,85.5
2023-08-28T18:00+02:00,11002.51,25881.44,12783.24,55736.79,85.5
2023-08-28T19:00+02:00,12345.79,26092.38,10242.9,55258.83,85.5
2023-08-28T20:00+02:00,11285.94,26239.13,9369.73,54008.92,85.5
2023-08-28T21:00+02:00,10752.18,25958.38,9338.72,51527,85.5
2023-08-28T22:00+02:00,9514.61,25034.4,9076.03,47199.27,85.5
2023-08-28T23:00+02:00,9158.29,23051.73,8967.12,43695.96,85.5
2023-08-29T00:00+02:00,10101.8,21607.04,9088.92,41792.52,85.5
2023-08-29T01:00+02:00,11150.3,20013.13,9599.69,40459.57,85.5
2023-08-29T02:00+02:00,11556.04,19002.95,9591.93,39809.82,85.5
2023-08-29T03:00+02:00,11578.32,19281.11,9155.09,40193.97,85.5
2023-08-29T04:00+02:00,11791.08,20143.72,9117.4,41281.84,85.5
2023-08-29T05:00+02:00,12516.44,21866.56,9449.61,44748.08,85.5
2023-08-29T06:00+02:00,12455.15,24607.62,9771.49,50985.64,85.5
2023-08-29T07:00+02:00,12314.97,25670.28,10785.42,55499.28,85.5
2023-08-29T08:00+02:00,13174.7,25847.51,12617.32,58448.7,85.5
2023-08-29T09:00+02:00,12637.43,25781.24,14556.36,59472.11,85.5
2023-08-29T10:00+02:00,13023.57,25508.65,16815.61,60266.9,85.5
2023-08-29T11:00+02:00,13303.49,24525.06,19972.84,61593.47,85.5
2023-08-29T12:00+02:00,12503.75,23743.87,22351.59,60868.48,85.5
2023-08-29T13:00+02:00,12214.14,23162.83,23720.81,59877.44,85.5
2023-08-29T14:00+02:00,10101.06,23272.67,23040.22,58598.72,85.5
2023-08-29T15:00+02:00,10646.01,23552.36,21596.69,57515.46,85.5
2023-08-29T16:00+02:00,10786.55,24184.38,18784.05,55950.34,85.5
2023-08-29T17:00+02:00,10560.07,25747.99,15390.55,55747.78,85.5
2023-08-29T18:00+02:00,11841.74,26634.08,11855.32,55927.84,85.5
2023-08-29T19:00+02:00,11757.38,27093.85,9342.22,55194.14,85.5
2023-08-29T20:00+02:00,10840.58,27193.97,8674.95,53885.53,85.5
2023-08-29T21:00+02:00,10856.9,26682.56,8766.08,51342.77,85.5
2023-08-29T22:00+02:00,10722.53,25335,8700.79,47718.43,85.5
2023-08-29T23:00+02:00,10719.96,22396.73,8670.72,44205.34,85.5
2023-08-30T00:00+02:00,11665.32,20602.2,8287.23,41714.66,85.5
2023-08-30T01:00+02:00,11614.62,19914.38,8467.46,40281.28,85.5
2023-08-30T02:00+02:00,12887.87,18981.52,8925.25,39710.52,85.5
2023-08-30T03:00+02:00,12577.31,18787.45,9293.13,39749.5,85.5
2023-08-30T04:00+02:00,12228.08,19215.65,10005.36,40815.71,85.5
2023-08-30T05:00+02:00,10570.22,21366.89,10595.72,44102.39,85.5
2023-08-30T06:00+02:00,11518.04,24182.82,11494.45,50668.05,85.5
2023-08-30T07:00+02:00,10014.34,24851.57,14699.13,54983.09,85.5
2023-08-30T08:00+02:00,8886.38,24891.1,18368.46,57771.87,85.5
2023-08-30T09:00+02:00,6341.81,24186.73,23444.41,58534.37,85.5
2023-08-30T10:00+02:00,5150.38,21629.85,30187.68,59164.72,85.5
2023-08-30T11:00+02:00,3641.6,18208.12,36193.83,60191.74,85.5
2023-08-30T12:00+02:00,3552.38,16752.26,37681.06,59719.68,85.5
2023-08-30T13:00+02:00,4848.38,16860.84,35277.92,58398.97,85.5
2023-08-30T14:00+02:00,5871.44,17598.07,32124.59,57154.46,85.5
2023-08-30T15:00+02:00,7798.28,18629.75,28767.78,55891.84,85.5
2023-08-30T16:00+02:00,8237.05,20541.97,25099.93,55395.49,85.5
2023-08-30T17:00+02:00,8526.96,23260.89,21161.54,55476.44,85.5
2023-08-30T18:00+02:00,9013.35,25051.46,17470.81,55938.28,85.5
2023-08-30T19:00+02:00,9914.21,25404.18,14904.29,55620.56,85.5
2023-08-30T20:00+02:00,8487.83,25531.28,14657.59,54513.29,85.5
2023-08-30T21:00+02:00,6042.34,24934.41,15889.45,51967.78,85.5
2023-08-30T22:00+02:00,5524.98,22478.67,17037.31,48226.47,85.5
2023-08-30T23:00+02:00,5680.68,19619.67,16734.46,44283.5,85.5
2023-08-31T00:00+02:00,5386.39,17733.68,16536.25,41541.36,85.5
2023-08-31T01:00+02:00,6636.24,16007.92,16433.01,39887.23,85.5
2023-08-31T02:00+02:00,7179.49,15624.76,16851.41,39105.59,85.5
2023-08-31T03:00+02:00,8133.64,14806.78,17437.15,39483.68,85.5
2023-08-31T04:00+02:00,8247.33,14685.93,18718.36,40305.97,85.5
2023-08-31T05:00+02:00,7830.61,15962.12,19003.18,43618.28,85.5
2023-08-31T06:00+02:00,7591.18,20443.09,20290.92,50647.64,85.5
2023-08-31T07:00+02:00,6518.04,21382.86,22269.8,55003.52,85.5
2023-08-31T08:00+02:00,4843.05,21369.76,26583.78,57661.96,85.5
2023-08-31T09:00+02:00,2441.89,20177.25,32619.27,58894.97,85.5
2023-08-31T10:00+02:00,-25.71,17057.1,39194.98,59260.52,85.5
2023-08-31T11:00+02:00,-170.05,14666.64,44948.8,59741.41,85.5
2023-08-31T12:00+02:00,-1374.9,13801.93,48212.48,60193.91,85.5
2023-08-31T13:00+02:00,-1756.27,12961.79,48909.67,59481.42,85.5
2023-08-31T14:00+02:00,-2685.88,13010.53,48130.56,58426.59,85.5
2023-08-31T15:00+02:00,-2415.94,13322.09,45625.79,56642.7,85.5
2023-08-31T16:00+02:00,-978.32,14267.61,40336.26,55623.75,85.5
2023-08-31T17:00+02:00,817.92,18213.63,32828.22,56118.6,85.5
2023-08-31T18:00+02:00,4902.93,21386.08,24716.78,56059.19,85.5
2023-08-31T19:00+02:00,6893.28,21988.32,20153.68,55632.69,85.5
2023-08-31T20:00+02:00,6207.46,21953.16,20013.45,54515.37,85.5
2023-08-31T21:00+02:00,5248.23,21392.57,20631.41,52163.6,85.5
2023-08-31T22:00+02:00,4161.2,19670.17,21414.62,49113.86,85.5
2023-08-31T23:00+02:00,4514.93,17035.3,21035.85,46108.02,85.5
2023-09-01T00:00+02:00,3946.76,16275.92,19895.69,44034.08,85.5
2023-09-01T01:00+02:00,5539.62,15626.74,19293.21,42127.05,85.5
2023-09-01T02:00+02:00,7890.54,14609.71,18722.34,41758.02,85.5
2023-09-01T03:00+02:00,9323.37,14274.04,18118.76,41589.42,85.5
2023-09-01T04:00+02:00,9591.35,15052.75,17475.35,42306.57,85.5
2023-09-01T05:00+02:00,9340.98,16944.86,17305.76,45296.62,85.5
2023-09-01T06:00+02:00,11587.04,19482.88,17582.79,51912.64,85.5
2023-09-01T07:00+02:00,11424.37,20029.95,19107.53,56359.02,85.5
2023-09-01T08:00+02:00,11454.03,20079.37,21630.77,59018.08,85.5
2023-09-01T09:00+02:00,11446.34,19478.25,25529.96,59810.64,85.5
2023-09-01T10:00+02:00,8733.85,18121.65,29832.93,60616.51,85.5
2023-09-01T11:00+02:00,7457.03,17231.67,32448.12,60804.54,84.38
2023-09-01T12:00+02:00,8854.75,15676.02,33505.53,59727.17,84
2023-09-01T13:00+02:00,9774.47,14898.79,33874.87,58058.72,84
2023-09-01T14:00+02:00,10793.47,13918.76,32863.12,56985.34,84
2023-09-01T15:00+02:00,9841.79,14453.22,30499.48,55440.14,84
2023-09-01T16:00+02:00,10499.45,15778.64,27008.3,54660.88,84
2023-09-01T17:00+02:00,11359.58,18507.09,22083.59,54882.41,84
2023-09-01T18:00+02:00,11369,20900.93,16475.61,54748.78,84
2023-09-01T19:00+02:00,12851.15,21676.73,12102.55,54069.56,84
2023-09-01T20:00+02:00,12204.58,21788.69,10751.29,52775.24,84
2023-09-01T21:00+02:00,11713.23,21661.96,10481.92,49847.46,84
2023-09-01T22:00+02:00,11158.08,20951.82,10086.94,46645.3,84
2023-09-01T23:00+02:00,11458.26,19450.55,9980.54,43567.83,84
2023-09-02T00:00+02:00,12105.48,17242.14,9948.47,40490.76,84
2023-09-02T01:00+02:00,12070.44,15632.45,9737.61,38764.57,84
2023-09-02T02:00+02:00,11424.66,15404.35,9178.41,37382.73,84
2023-09-02T03:00+02:00,12224.1,14961.15,8748.55,36440.05,84
2023-09-02T04:00+02:00,12063.78,14837.8,8625.15,36342.1,84
2023-09-02T05:00+02:00,12944.42,14918.02,8639.25,37359.81,84
2023-09-02T06:00+02:00,13315.28,15201.63,8747.58,38668.06,84
2023-09-02T07:00+02:00,12957.15,15178.61,11360.12,40856.03,84
2023-09-02T08:00+02:00,11498.4,14596.44,16923.26,44294.2,84
2023-09-02T09:00+02:00,8690.83,13094.75,23444.2,47081.85,84
2023-09-02T10:00+02:00,5480.23,11872.41,30002.04,48815.51,84
2023-09-02T11:00+02:00,3507.91,11130.82,35416.52,49608.06,84
2023-09-02T12:00+02:00,2139.99,10120.87,38363.02,49044.62,84
2023-09-02T13:00+02:00,664,9474.52,39357.02,47348.95,84
2023-09-02T14:00+02:00,1174.3,9232.13,37990.47,46048.27,84
2023-09-02T15:00+02:00,1785.43,9807.16,34992.26,45385.12,84
2023-09-02T16:00+02:00,5239.55,10989.67,30246.76,44867.43,84
2023-09-02T17:00+02:00,8651.23,12563.37,23739.36,45815.76,84
2023-09-02T18:00+02:00,12412.89,14653.67,16221.98,46150.77,84
2023-09-02T19:00+02:00,13306.37,15393.76,11116.85,46260.82,84
2023-09-02T20:00+02:00,13272.26,15496.12,10211.74,45390.85,84
2023-09-02T21:00+02:00,12349.14,15435.2,10471.61,43640.16,84
2023-09-02T22:00+02:00,11887.42,15094.09,10546.01,41380.16,84
2023-09-02T23:00+02:00,11450.74,14995.12,10477.24,38938.95,84
2023-09-03T00:00+02:00,11262.56,14044.51,10259.33,36661.05,84
2023-09-03T01:00+02:00,9905.15,13737.48,10490.35,35174.59,84
2023-09-03T02:00+02:00,11013.83,12537.33,10488.25,34061.98,84
2023-09-03T03:00+02:00,10649.84,12181.71,10641.83,33508.78,84
2023-09-03T04:00+02:00,10860.63,11847.66,11146.64,33470.45,84
2023-09-03T05:00+02:00,10576.35,11704.96,11896.05,34254.78,84
2023-09-03T06:00+02:00,10109.08,11645.63,12264.47,35133.21,84
2023-09-03T07:00+02:00,10270.21,11128.39,14477.33,37022.17,84
2023-09-03T08:00+02:00,10215.79,10400.29,18873.93,39921.57,84
2023-09-03T09:00+02:00,7197.38,9641.78,25263.61,42820.26,84
2023-09-03T10:00+02:00,3697.87,8308.76,32834.77,44705.9,84
2023-09-03T11:00+02:00,1769.96,8039.66,37799.02,45694.55,84
2023-09-03T12:00+02:00,-2002.84,8009.8,40546.25,45101.92,84
2023-09-03T13:00+02:00,-4921.23,7966.08,41656.11,43648.92,84
2023-09-03T14:00+02:00,-4301.66,7955.41,40064.09,42295.58,84
2023-09-03T15:00+02:00,-1382.37,7973.62,36357.48,41812.86,84
2023-09-03T16:00+02:00,2998.44,8735.3,31188.31,41973.25,84
2023-09-03T17:00+02:00,6821.66,11567.33,24043.01,43306.28,84
2023-09-03T18:00+02:00,11144.08,14496.76,16882.22,45253.38,84
2023-09-03T19:00+02:00,12470.37,15749.77,11898.23,45630.42,84
2023-09-03T20:00+02:00,12382.42,16026.72,11001.62,45428.47,84
2023-09-03T21:00+02:00,12594.42,15866.56,11466.98,44080.46,84
2023-09-03T22:00+02:00,12936.38,15256.24,11530.2,42562.9,84
2023-09-03T23:00+02:00,11621.63,14747.2,11549.53,39898.02,84
2023-09-04T00:00+02:00,9969.95,14524.54,11699.54,38124.64,84
2023-09-04T01:00+02:00,10300.84,13796,12087.41,36732.91,84
2023-09-04T02:00+02:00,11050.91,12988.56,12267.85,36562.4,84
2023-09-04T03:00+02:00,11557.5,13544.75,12405.3,36320.04,84
2023-09-04T04:00+02:00,11515.34,13694.39,12391.55,37631.13,84
2023-09-04T05:00+02:00,12266.53,15042.55,12376.79,41267.14,84
2023-09-04T06:00+02:00,14892.88,16108.75,13072.95,48398.8,84
2023-09-04T07:00+02:00,13835.11,16391.25,16375.84,53376.72,84
2023-09-04T08:00+02:00,12300.46,15904.38,23516.55,57048.34,84
2023-09-04T09:00+02:00,8062.83,14644.52,31224.47,58076.74,84
2023-09-04T10:00+02:00,4263.43,12441.72,38374.88,58169.77,84
2023-09-04T11:00+02:00,2091.41,11248.52,43578.5,58514.86,84
2023-09-04T12:00+02:00,589.91,10368.12,46245.82,57669.9,84
2023-09-04T13:00+02:00,701.14,10007.61,46263.61,56602.96,84
2023-09-04T14:00+02:00,896.09,10153.61,44414.76,55555,84
2023-09-04T15:00+02:00,2628.5,11030.37,40422.37,54833.22,84
2023-09-04T16:00+02:00,5772.59,12845.56,34187.94,54258.9,84
2023-09-04T17:00+02:00,9643.2,16339.63,25855.83,55340.27,84
2023-09-04T18:00+02:00,12993.54,19380.81,17195.38,56253.62,84
2023-09-04T19:00+02:00,13480.18,20533.82,13295.51,55866.69,84
2023-09-04T20:00+02:00,12821.47,20333.51,14639.61,54793,84
2023-09-04T21:00+02:00,10405.42,19408.83,17093.73,52019.76,84
2023-09-04T22:00+02:00,9399.86,17612.39,18535.39,48270.23,84
2023-09-04T23:00+02:00,8548.72,15328.55,19775.33,44430.57,84
2023-09-05T00:00+02:00,6679.11,14315.73,20335.41,41931.7,84
2023-09-05T01:00+02:00,6242.04,13626.88,20346.51,40897.39,84
2023-09-05T02:00+02:00,7308.52,13322.7,20205.99,40228.18,84
2023-09-05T03:00+02:00,7650.8,13291.36,19517.1,40573.45,84
2023-09-05T04:00+02:00,7604.69,13581.09,19215.72,41097.7,84
2023-09-05T05:00+02:00,8264.75,15719.26,19142.64,44570.03,84
2023-09-05T06:00+02:00,11066.43,17432.49,19328.08,51997.32,84
2023-09-05T07:00+02:00,10867.02,17948.73,21721.19,56466.41,84
2023-09-05T08:00+02:00,8577.93,17868.37,27301.12,59316.22,84
2023-09-05T09:00+02:00,5161.17,16917.42,33046.23,59877.22,84
2023-09-05T10:00+02:00,5001.64,13324.15,38580.46,59533.19,84
2023-09-05T11:00+02:00,2014.55,12501.24,42962.93,60016.31,84
2023-09-05T12:00+02:00,-391.72,12119.49,45468.88,59648.8,84
2023-09-05T13:00+02:00,763,11634.24,45685.5,58514.35,84
2023-09-05T14:00+02:00,366.38,12140.64,43907.73,57428.54,84
2023-09-05T15:00+02:00,3209.39,12877.43,39750.21,56347.32,84
2023-09-05T16:00+02:00,6957.14,14173.07,33471.94,55236.84,84
2023-09-05T17:00+02:00,9141.3,18544.15,25107.97,55692.81,84
2023-09-05T18:00+02:00,11935.52,21765.5,16931.32,56333.13,84
2023-09-05T19:00+02:00,12484.59,22522.51,13108.76,56357.41,84
2023-09-05T20:00+02:00,11415.63,22597.3,14561.4,55667,84
2023-09-05T21:00+02:00,9430.82,22022.85,16577.82,52564.09,84
2023-09-05T22:00+02:00,8175.92,20606.29,17034.77,48465.24,84
2023-09-05T23:00+02:00,8047.9,18409.76,16292.62,45360.58,84
2023-09-06T00:00+02:00,8823.33,17277.93,15023,43154.66,84
2023-09-06T01:00+02:00,10297.63,16104.73,14135.83,41173.62,84
2023-09-06T02:00+02:00,11502.6,16130.36,13211.69,39990,84
2023-09-06T03:00+02:00,12331.1,16722.96,12296.27,39898.68,84
2023-09-06T04:00+02:00,11599.72,17444.64,11301.37,41216.8,84
2023-09-06T05:00+02:00,11528.83,19545.22,10785.11,44804.22,84
2023-09-06T06:00+02:00,13492.58,21203.44,11088.73,51673.83,84
2023-09-06T07:00+02:00,13567.12,21835.23,14186.74,55952.24,84
2023-09-06T08:00+02:00,10495.4,21167.1,21801.74,58903.06,84
2023-09-06T09:00+02:00,5240.8,20097.46,29952.47,59968.14,84
2023-09-06T10:00+02:00,4742.35,16286.81,36772.63,59697.72,84
2023-09-06T11:00+02:00,2771.22,13999.28,42138.37,60776.51,84
2023-09-06T12:00+02:00,-891.88,13450.84,45300.38,59608,84
2023-09-06T13:00+02:00,-134.38,12499.34,46083.63,58481.18,84
2023-09-06T14:00+02:00,279.44,12654.43,44260.11,57255.86,84
2023-09-06T15:00+02:00,1910.43,13761.72,40257.27,56390.96,84
2023-09-06T16:00+02:00,4132.88,15990.86,33973.72,55463.63,84
2023-09-06T17:00+02:00,5888.5,19505.68,25850.01,56246.7,84
2023-09-06T18:00+02:00,11240.42,21794.98,17887.19,56946.02,84
2023-09-06T19:00+02:00,12100.73,22556.81,15058.36,57379.67,84
2023-09-06T20:00+02:00,9135.7,22434.14,18120.99,56794.51,84
2023-09-06T21:00+02:00,5261.99,21215.85,21834.42,53607.41,84
2023-09-06T22:00+02:00,3601.65,19227.34,23008.19,49600.03,84
2023-09-06T23:00+02:00,3784.96,17304.3,22572.19,45629.7,84
2023-09-07T00:00+02:00,4028.87,16570.34,21751.57,42976.44,84
2023-09-07T01:00+02:00,7533.76,14516.44,20612.73,41445.62,84
2023-09-07T02:00+02:00,9424.04,13585.5,19222.2,40700.42,84
2023-09-07T03:00+02:00,10125.14,13462.15,18003.13,40401.37,84
2023-09-07T04:00+02:00,11157.38,13861.64,17136.38,41251.86,84
2023-09-07T05:00+02:00,10083.06,16462.56,17380.08,44349.79,84
2023-09-07T06:00+02:00,11961,18579.12,18352.7,51626.06,84
2023-09-07T07:00+02:00,10022.55,19273.13,21926.38,56221.82,84
2023-09-07T08:00+02:00,6137.33,19261,28474.27,59056.55,84
2023-09-07T09:00+02:00,3120.4,18103.77,34434.16,59980.36,84
2023-09-07T10:00+02:00,918.58,15508.77,41102.35,60252.52,84
2023-09-07T11:00+02:00,-1107.8,13363,47082.86,60900.93,84
2023-09-07T12:00+02:00,-3520.71,12092.11,51207.89,60481.27,84
2023-09-07T13:00+02:00,-4641.51,11520.53,52886.11,59423.74,84
2023-09-07T14:00+02:00,-4520.11,11401.74,51822,58202.68,84
2023-09-07T15:00+02:00,-3673.9,12432.68,48588.41,57538.26,84
2023-09-07T16:00+02:00,-723.61,13694,43250.73,56698.36,84
2023-09-07T17:00+02:00,1431.88,17587.76,35422.3,57115.87,84
2023-09-07T18:00+02:00,3995.9,20761.34,26927.95,57697.99,84
2023-09-07T19:00+02:00,4607.08,21619.83,23966.57,57320.62,84
2023-09-07T20:00+02:00,2027.45,21553.56,27451.1,57030.93,84
2023-09-07T21:00+02:00,-544.86,20931.83,29822.16,54243.67,84
2023-09-07T22:00+02:00,-170.66,19528.5,29411.45,50245.98,84
2023-09-07T23:00+02:00,1827.78,16343.56,27901.73,46445.68,84
2023-09-08T00:00+02:00,4012.57,14534.41,26134.78,43877.66,84
2023-09-08T01:00+02:00,4842.56,13933.74,24251.81,42115.94,84
2023-09-08T02:00+02:00,6815.76,13608.89,22379.27,41127.83,84
2023-09-08T03:00+02:00,7989.14,13484.29,20255.57,40868.4,84
2023-09-08T04:00+02:00,9290.59,14069.1,18568.46,41674.85,84
2023-09-08T05:00+02:00,7770.43,17580.89,17462.08,44541.88,84
2023-09-08T06:00+02:00,10380.41,19327.79,16916.23,51398.2,84
2023-09-08T07:00+02:00,9501.41,20215.94,19448.1,55682.85,84
2023-09-08T08:00+02:00,7971.01,20053.61,25876.55,58979.1,84
2023-09-08T09:00+02:00,4030.16,18853.42,32030.11,59930.81,84
2023-09-08T10:00+02:00,2468.22,16619.79,37734.13,60238.68,84
2023-09-08T11:00+02:00,1257.2,15059.61,42918.96,60528.78,82.57
2023-09-08T12:00+02:00,-719.59,13560.14,45784.85,59821.8,82.09
2023-09-08T13:00+02:00,-2159.49,13249.23,46387.59,58098.59,82.09
2023-09-08T14:00+02:00,-1170.29,13577.46,44425.19,56361.95,82.09
2023-09-08T15:00+02:00,456.57,13958.15,39945.06,55480.38,82.09
2023-09-08T16:00+02:00,2954.9,16840.28,32671.54,54527.13,82.09
2023-09-08T17:00+02:00,5898.36,21400.74,23696.43,55013.25,82.09
2023-09-08T18:00+02:00,8653.69,23969.38,14956.18,55184.73,82.09
2023-09-08T19:00+02:00,10592.9,24529.16,11022.03,54962.48,82.09
2023-09-08T20:00+02:00,9673.18,24314.33,11622.55,54235.04,82.09
2023-09-08T21:00+02:00,7154.14,23611.41,12836.99,51246.45,82.09
2023-09-08T22:00+02:00,6469.2,22782.1,13459.01,47600.28,82.09
2023-09-08T23:00+02:00,5423.63,21619.63,13574.56,44383.03,82.09
2023-09-09T00:00+02:00,5687.5,20072.66,13126.91,42016.95,82.09
2023-09-09T01:00+02:00,6355.13,19140.08,12303.04,39993.74,82.09
2023-09-09T02:00+02:00,6592.18,18659.2,11045.68,38474.63,82.09
2023-09-09T03:00+02:00,7262.16,18673.57,9934.06,37820.36,82.09
2023-09-09T04:00+02:00,8211.85,18464.51,9212.47,37626.21,82.09
2023-09-09T05:00+02:00,9077.03,18479.26,8915.43,38240.02,82.09
2023-09-09T06:00+02:00,10481.34,18452.97,9158.61,40257.57,82.09
2023-09-09T07:00+02:00,10277.27,18209.06,12032.42,42679.24,82.09
2023-09-09T08:00+02:00,7253.08,16954.55,19809.49,46370.54,82.09
2023-09-09T09:00+02:00,4376.54,13845.46,27882.42,48968.96,82.09
2023-09-09T10:00+02:00,2056.33,11834.62,34592.93,50129.41,82.09
2023-09-09T11:00+02:00,-67.12,10413.16,39996,50644.18,82.09
2023-09-09T12:00+02:00,-1853.04,9659.42,43249.42,50086.81,82.09
2023-09-09T13:00+02:00,-4354.59,9715.41,43787.51,48394.34,82.09
2023-09-09T14:00+02:00,-3143.73,9999.47,41548.39,46850.24,82.09
2023-09-09T15:00+02:00,255.42,10392.25,37034.37,45880.88,82.09
2023-09-09T16:00+02:00,3981.78,12467.61,30264.09,46081.34,82.09
2023-09-09T17:00+02:00,6523.12,16829.45,21443.98,46835.27,82.09
2023-09-09T18:00+02:00,9898.57,20248.58,12860.28,47929.71,82.09
2023-09-09T19:00+02:00,11348.07,21152.25,8462.31,47766.08,82.09
2023-09-09T20:00+02:00,10658.14,21360.54,8217.79,47754.36,82.09
2023-09-09T21:00+02:00,9622.72,20943.98,8449.7,45398.53,82.09
2023-09-09T22:00+02:00,9590.06,20201.25,8325.05,42903.07,82.09
2023-09-09T23:00+02:00,9040,19291.37,8381.3,40284.02,82.09
2023-09-10T00:00+02:00,9359.52,17524.09,8229.66,37949.93,82.09
2023-09-10T01:00+02:00,9234.95,16858.18,8209.14,36417.24,82.09
2023-09-10T02:00+02:00,9690.86,16365.24,7675.78,34695.53,82.09
2023-09-10T03:00+02:00,10271.83,15927.58,7354.96,34128.99,82.09
2023-09-10T04:00+02:00,9895.21,16001.57,7207.93,33823.15,82.09
2023-09-10T05:00+02:00,10236.23,15980.71,7122.92,34243.22,82.09
2023-09-10T06:00+02:00,10458.17,16048.2,7338.89,35046.8,82.09
2023-09-10T07:00+02:00,10951.44,15452.34,9736.37,36876.8,82.09
2023-09-10T08:00+02:00,8893.49,13906.46,16924.55,40560.94,82.09
2023-09-10T09:00+02:00,6505.61,11746.44,25306.07,43790.42,82.09
2023-09-10T10:00+02:00,3794.66,9997.03,32353.44,45252.12,82.09
2023-09-10T11:00+02:00,1158.33,9083.56,37738.55,46418.22,82.09
2023-09-10T12:00+02:00,-349.38,8796.51,40013.67,45800.14,82.09
2023-09-10T13:00+02:00,-4009.24,8838.18,40964.29,44140.56,82.09
2023-09-10T14:00+02:00,-2363.05,8864.07,39053.09,42693.8,82.09
2023-09-10T15:00+02:00,-1206.23,9215.94,35489.3,42215.32,82.09
2023-09-10T16:00+02:00,2531,11472.86,28813.47,42439.67,82.09
2023-09-10T17:00+02:00,5043.41,16794.43,20230.13,44111.36,82.09
2023-09-10T18:00+02:00,10285.05,20046.11,12097.71,46300.31,82.09
2023-09-10T19:00+02:00,10094.2,21088.92,8227.54,46677.34,82.09
2023-09-10T20:00+02:00,10427.62,21289.99,8031.62,47194.59,82.09
2023-09-10T21:00+02:00,10416.07,21151.02,8568.47,45687.61,82.09
2023-09-10T22:00+02:00,10003.5,20357.36,9019.91,43629.99,82.09
2023-09-10T23:00+02:00,9306.52,19509.19,9305.17,41482.65,82.09
2023-09-11T00:00+02:00,9404.94,18811.36,10071.24,39737.07,82.09
2023-09-11T01:00+02:00,9703.66,18396.24,10863.46,38779.66,82.09
2023-09-11T02:00+02:00,9845.6,18024.53,11064.74,38219.28,82.09
2023-09-11T03:00+02:00,10204.59,17971.14,11274.78,38454.93,82.09
2023-09-11T04:00+02:00,9772.71,18592.22,11397.11,39228.44,82.09
2023-09-11T05:00+02:00,10376.88,20008.46,11374.93,43016.88,82.09
2023-09-11T06:00+02:00,11825.71,21608.92,11704.75,50705.85,82.09
2023-09-11T07:00+02:00,12048.65,22082.21,13966.89,55494.46,82.09
2023-09-11T08:00+02:00,10843.08,21313.43,20485.04,58710.48,82.09
2023-09-11T09:00+02:00,7105.37,20309.12,28589.93,60033.63,82.09
2023-09-11T10:00+02:00,5100.79,17840.21,35749.64,60973.86,82.09
2023-09-11T11:00+02:00,3859.39,15514.38,41095.53,61631.31,82.09
2023-09-11T12:00+02:00,3052.58,14346.79,43744.88,60506.41,82.09
2023-09-11T13:00+02:00,2327.61,14650.79,43855.29,59765.63,82.09
2023-09-11T14:00+02:00,2218.74,15521.42,41829.46,58433.23,82.09
2023-09-11T15:00+02:00,2343.83,17552.81,37398.4,57886.78,82.09
2023-09-11T16:00+02:00,3936.43,20486.54,30694.65,57594.56,82.09
2023-09-11T17:00+02:00,7975.86,22824.76,22189.05,58023.34,82.09
2023-09-11T18:00+02:00,12843.38,24111.85,14338.09,57877.46,82.09
2023-09-11T19:00+02:00,13694.53,24639.55,10892.1,57858.57,82.09
2023-09-11T20:00+02:00,13823.42,24775.07,9983.13,57145.27,82.09
2023-09-11T21:00+02:00,12804.38,24551.27,9289.95,53640.69,82.09
2023-09-11T22:00+02:00,10876.99,24118.2,8991.13,49379.4,82.09
2023-09-11T23:00+02:00,11352.85,23163.46,8457.94,45740.36,82.09
2023-09-12T00:00+02:00,10489.24,22473.73,8455.53,43328.62,82.09
2023-09-12T01:00+02:00,11116.02,21990.45,8665.86,42333.04,82.09
2023-09-12T02:00+02:00,11196.84,21920.12,8523.25,41930.98,82.09
2023-09-12T03:00+02:00,11155.96,22019.17,8277.54,42039.55,82.09
2023-09-12T04:00+02:00,11134.09,22440.26,8351.68,42797.32,82.09
2023-09-12T05:00+02:00,12083.42,23542.63,8474.06,46228.1,82.09
2023-09-12T06:00+02:00,12431.18,24918.04,9078.8,53289.21,82.09
2023-09-12T07:00+02:00,14582.09,25361.22,11659.52,58002.62,82.09
2023-09-12T08:00+02:00,11996.35,25241.63,17580.56,60923.21,82.09
2023-09-12T09:00+02:00,8113.66,24876.04,23921.59,62239.11,82.09
2023-09-12T10:00+02:00,4552.55,23772.97,30211.55,62965.33,82.09
2023-09-12T11:00+02:00,3203.99,21874.49,35382.19,63648.75,82.09
2023-09-12T12:00+02:00,1943.26,20961.88,37779.58,62727.2,82.09
2023-09-12T13:00+02:00,1826.36,20604.58,38045.04,61000.96,82.09
2023-09-12T14:00+02:00,3292.91,19394.75,36814.3,59919.06,82.09
2023-09-12T15:00+02:00,3671.86,21068.41,33917.66,59318.42,82.09
2023-09-12T16:00+02:00,5003.35,22774.14,27585.54,58751.89,82.09
2023-09-12T17:00+02:00,7271.46,25012.15,21000.8,59622.07,82.09
2023-09-12T18:00+02:00,10856.9,25850.67,15100.1,59617.82,82.09
2023-09-12T19:00+02:00,10035.3,26234.69,13211,58849.32,82.09
2023-09-12T20:00+02:00,10645.07,26013.33,13370.91,57633.89,82.09
2023-09-12T21:00+02:00,9178.92,25529.89,13842.02,53748.64,82.09
2023-09-12T22:00+02:00,7587.67,24051.97,15497.75,50403.87,82.09
2023-09-12T23:00+02:00,6668.8,21924.64,17010.12,46980.45,82.09
2023-09-13T00:00+02:00,6429.98,20467.94,16855.24,44892.63,82.09
2023-09-13T01:00+02:00,5681.12,20139.05,17298.46,43003.24,82.09
2023-09-13T02:00+02:00,6116.42,19494.72,17999.9,42756.29,82.09
2023-09-13T03:00+02:00,6527.69,19648.27,17178.44,42334.9,82.09
2023-09-13T04:00+02:00,7274.34,20129.53,16533.14,43124.3,82.09
2023-09-13T05:00+02:00,7556.33,20988.79,17368.26,46334.12,82.09
2023-09-13T06:00+02:00,9894.95,21837.25,18696.1,53725.96,82.09
2023-09-13T07:00+02:00,9237.16,22294.46,20746.86,58120.14,82.09
2023-09-13T08:00+02:00,9086.33,22338.66,23986.52,60437.73,82.09
2023-09-13T09:00+02:00,8551.21,21930.25,27352.39,61706.76,82.09
2023-09-13T10:00+02:00,6787.24,21776.06,30281.67,62094.22,82.09
2023-09-13T11:00+02:00,7672.72,21590.35,32450.75,62774.36,82.09
2023-09-13T12:00+02:00,5548.73,21576.97,33954.75,62846.94,82.09
2023-09-13T13:00+02:00,6064.5,21181.41,35179.91,62363.06,82.09
2023-09-13T14:00+02:00,4790.29,20864.95,33898.91,60444.5,82.09
2023-09-13T15:00+02:00,5042.8,21592.65,31095.67,59652.67,82.09
2023-09-13T16:00+02:00,6695.45,22517.7,28383.95,58870.78,82.09
2023-09-13T17:00+02:00,7657.72,23088.79,24746.63,59111.43,82.09
2023-09-13T18:00+02:00,7728.28,24494.33,21433.41,59505.12,82.09
2023-09-13T19:00+02:00,8057.95,25096.68,18916.69,59273.77,82.09
2023-09-13T20:00+02:00,7391.65,25220.46,18508.15,58047.72,82.09
2023-09-13T21:00+02:00,5959.48,24904.14,17476.96,54346.02,82.09
2023-09-13T22:00+02:00,6824.01,23515.69,15602.86,50542.93,82.09
2023-09-13T23:00+02:00,6639.23,22755.39,13925.33,46864.57,82.09
2023-09-14T00:00+02:00,7209.02,22391.35,12517.08,44453.11,82.09
2023-09-14T01:00+02:00,7908.33,22260.05,11613.4,43139.9,82.09
2023-09-14T02:00+02:00,8893.73,22281.94,10970.82,42208.34,82.09
2023-09-14T03:00+02:00,8864.66,22343.37,10146.11,41706.46,82.09
2023-09-14T04:00+02:00,9408.61,22633.88,9569.32,42484.36,82.09
2023-09-14T05:00+02:00,9486.76,24192.16,9400.25,45443.36,82.09
2023-09-14T06:00+02:00,11733.18,26331.43,9639.42,52894.48,82.09
2023-09-14T07:00+02:00,11595.21,27091.01,10861.49,57205.84,82.09
2023-09-14T08:00+02:00,10522.26,26783.89,14960.25,59560.26,82.09
2023-09-14T09:00+02:00,8181.06,26119.19,21077.48,60022.42,82.09
2023-09-14T10:00+02:00,5268.87,23518.21,28208.13,60265.96,82.09
2023-09-14T11:00+02:00,4106.94,21129.72,33980.79,60723.64,82.09
2023-09-14T12:00+02:00,2664.39,19397.16,36879.26,59779.31,82.09
2023-09-14T13:00+02:00,1414.79,19054.86,37938.56,58610.15,82.09
2023-09-14T14:00+02:00,2543.75,18293.5,37081.03,57027.2,82.09
2023-09-14T15:00+02:00,2379.14,19597.68,34152.4,56309.21,82.09
2023-09-14T16:00+02:00,3889.74,21839.28,28520.74,55639.22,82.09
2023-09-14T17:00+02:00,6717.52,24916.44,20680.51,56175.06,82.09
2023-09-14T18:00+02:00,8821.89,27293.42,12888.06,56496.12,82.09
2023-09-14T19:00+02:00,10561.87,28411.14,9275.73,56994.7,82.09
2023-09-14T20:00+02:00,8679.17,28769.99,9254.6,56099.75,82.09
2023-09-14T21:00+02:00,8978.22,27540.44,9793.89,52327.34,82.09
2023-09-14T22:00+02:00,8561.98,25437.76,10918.86,48872.37,82.09
2023-09-14T23:00+02:00,9114.24,22353.66,11779,45327.26,82.09
2023-09-15T00:00+02:00,8562.4,20889.76,12075.8,43011.96,82.09
2023-09-15T01:00+02:00,8916.61,19760.48,12065.25,42068.69,82.09
2023-09-15T02:00+02:00,9623.72,19757.91,11963.71,41140.23,82.09
2023-09-15T03:00+02:00,9352.4,19936.75,12062.12,41234.59,82.09
2023-09-15T04:00+02:00,8816.67,20481.12,12175.75,41850.16,82.09
2023-09-15T05:00+02:00,8757.93,21739.49,12511.76,45012.73,82.09
2023-09-15T06:00+02:00,9548.3,23491.94,13174.51,51822.34,82.09
2023-09-15T07:00+02:00,8321.84,23918.5,15883.91,56097.8,82.09
2023-09-15T08:00+02:00,6652.7,23666.58,22201.23,59043.4,82.09
2023-09-15T09:00+02:00,4187.44,21740.2,28814.62,59693.4,82.09
2023-09-15T10:00+02:00,3444.16,18373.18,35432.11,59504.8,82.09
2023-09-15T11:00+02:00,3616.72,14400.01,41610.51,59026.18,82.27
2023-09-15T12:00+02:00,326.41,13138.61,45608.44,57877.44,82.33
2023-09-15T13:00+02:00,-1276.57,12948.4,46137.94,55974.3,82.33
2023-09-15T14:00+02:00,-810.55,13037.29,43834.76,54581.7,82.33
2023-09-15T15:00+02:00,301.52,14269.53,39824.59,54038.48,82.33
2023-09-15T16:00+02:00,2010.25,16992.53,33140.41,53529.2,82.33
2023-09-15T17:00+02:00,4788.18,21186.62,24646.38,54693.4,82.33
2023-09-15T18:00+02:00,8117.78,22978.52,16707.83,55049.79,82.33
2023-09-15T19:00+02:00,8309.91,23202.96,15066.74,55134.96,82.33
2023-09-15T20:00+02:00,6893.36,22693.78,18773.73,54721.33,82.33
2023-09-15T21:00+02:00,4851.65,20577.77,22282.49,51230.05,82.33
2023-09-15T22:00+02:00,3454.67,17868.31,23370.61,47436.06,82.33
2023-09-15T23:00+02:00,2633.94,16147.09,23163.09,44274.38,82.33
2023-09-16T00:00+02:00,4241.86,14384.62,22078.49,41409.36,82.33
2023-09-16T01:00+02:00,4900.14,13364.99,20353.34,39493.43,82.33
2023-09-16T02:00+02:00,5842.12,13092.88,18861.11,37942.33,82.33
2023-09-16T03:00+02:00,6139.6,13081.98,17516.55,37422.58,82.33
2023-09-16T04:00+02:00,6493.5,13464.75,16391.94,37243.25,82.33
2023-09-16T05:00+02:00,6742.43,13845.17,15327.77,37934.65,82.33
2023-09-16T06:00+02:00,7973.6,14136.05,14599.48,40027.66,82.33
2023-09-16T07:00+02:00,8659.25,14130.54,16028.94,42272.98,82.33
2023-09-16T08:00+02:00,6610.37,13732.87,21755.84,45832.72,82.33
2023-09-16T09:00+02:00,5302.21,12194.79,28087.06,48110.04,82.33
2023-09-16T10:00+02:00,2594.58,10733.68,34551.63,49481.33,82.33
2023-09-16T11:00+02:00,860.35,9095.28,39723.13,50417.21,82.33
2023-09-16T12:00+02:00,-1386.53,8762.06,42099.64,49811.92,82.33
2023-09-16T13:00+02:00,-2337.46,8619.96,42661.53,47887.68,82.33
2023-09-16T14:00+02:00,-1992.87,8846.98,39919.71,46652.6,82.33
2023-09-16T15:00+02:00,1088.82,9949.68,34858.74,46644.5,82.33
2023-09-16T16:00+02:00,4540.3,12509.74,27005.79,46161.71,82.33
2023-09-16T17:00+02:00,8657.73,15200.89,18114.19,47133.83,82.33
2023-09-16T18:00+02:00,11507.56,17287.68,11325.26,48063.34,82.33
2023-09-16T19:00+02:00,14056.37,17706.98,8860.36,48295.34,82.33
2023-09-16T20:00+02:00,12301.23,17769.96,9082.83,47371.35,82.33
2023-09-16T21:00+02:00,11492.65,17253.11,9650.48,44322.62,82.33
2023-09-16T22:00+02:00,12029.78,16058.18,9799.87,41667.37,82.33
2023-09-16T23:00+02:00,11719.88,15137.76,9585.18,38684.68,82.33
2023-09-17T00:00+02:00,11453.21,14440.37,9436.31,36293.48,82.33
2023-09-17T01:00+02:00,11625.03,13437.97,9482.45,34784.98,82.33
2023-09-17T02:00+02:00,11502.83,12682.18,9364.26,34011.84,82.33
2023-09-17T03:00+02:00,10580.7,12890.97,9567.52,33576.68,82.33
2023-09-17T04:00+02:00,10676.26,12553.53,10289.08,33345.51,82.33
2023-09-17T05:00+02:00,10727.98,12359.24,10819.36,33607.81,82.33
2023-09-17T06:00+02:00,10638.26,12434.07,11094.99,34627.82,82.33
2023-09-17T07:00+02:00,10164.19,12188.6,12924.14,35815.12,82.33
2023-09-17T08:00+02:00,8766.54,11666.38,18131.23,39619.87,82.33
2023-09-17T09:00+02:00,7245.02,10526.78,25286.74,43224.13,82.33
2023-09-17T10:00+02:00,4679.15,9016.99,32370.99,45286.56,82.33
2023-09-17T11:00+02:00,1788.16,8273.88,37526.96,46796.67,82.33
2023-09-17T12:00+02:00,-208.72,8000.07,40414.43,46181.27,82.33
2023-09-17T13:00+02:00,-2267.21,7856.19,41102.56,44404.92,82.33
2023-09-17T14:00+02:00,-2032.81,7844.66,39284.94,43090.21,82.33
2023-09-17T15:00+02:00,276.46,7940.67,35448.1,42548.84,82.33
2023-09-17T16:00+02:00,2347.98,9846.13,29851.99,42984.77,82.33
2023-09-17T17:00+02:00,6286.12,12618.24,22703.12,44603.12,82.33
2023-09-17T18:00+02:00,9692.63,14002.65,16801.9,46194.99,82.33
2023-09-17T19:00+02:00,8237.59,15371.05,15723.07,47376.62,82.33
2023-09-17T20:00+02:00,7947.56,15032.99,17827.9,48124.7,82.33
2023-09-17T21:00+02:00,6656.84,14613.09,20108.3,46442.96,82.33
2023-09-17T22:00+02:00,4879.27,14302.26,20767.32,44112.02,82.33
2023-09-17T23:00+02:00,5225.95,13647.77,20308.46,42347.14,82.33
2023-09-18T00:00+02:00,4666.48,13308.76,20363.13,40361.18,82.33
2023-09-18T01:00+02:00,5111.67,12530.01,20289.6,38732.43,82.33
2023-09-18T02:00+02:00,5917.83,12138.97,20742.56,38037.31,82.33
2023-09-18T03:00+02:00,6349.51,11778.32,21212.63,38398.7,82.33
2023-09-18T04:00+02:00,5942.36,12025.12,23021.81,39788.76,82.33
2023-09-18T05:00+02:00,4748.34,13149.37,25358.07,43093.12,82.33
2023-09-18T06:00+02:00,7458.46,14055.53,28870.62,51512.88,82.33
2023-09-18T07:00+02:00,5181.91,14339.57,33649.47,56686.86,82.33
2023-09-18T08:00+02:00,3607.8,14785.27,37743.92,59771.61,82.33
2023-09-18T09:00+02:00,3652.54,14247.29,39218.23,60726.48,82.33
2023-09-18T10:00+02:00,5030.42,13531.2,41047.21,62437.19,82.33
2023-09-18T11:00+02:00,4595.04,13150.27,42054.32,63687.76,82.33
2023-09-18T12:00+02:00,4965.78,13676.5,42264.75,62241.82,82.33
2023-09-18T13:00+02:00,7865.73,13457.35,41319.57,60942.82,82.33
2023-09-18T14:00+02:00,9167.96,12644.03,40401.9,59717.56,82.33
2023-09-18T15:00+02:00,9193.41,13005.11,39068.09,59043.43,82.33
2023-09-18T16:00+02:00,7938.66,12847.82,38059.71,58900.03,82.33
2023-09-18T17:00+02:00,7842.71,14338.88,34336.9,59336.28,82.33
2023-09-18T18:00+02:00,8078.07,16692.17,29530.77,59141.09,82.33
2023-09-18T19:00+02:00,8543.98,17478.53,28729.39,59195.89,82.33
2023-09-18T20:00+02:00,5550.53,16971.71,30749.47,57918.71,82.33
2023-09-18T21:00+02:00,2816.97,15457.91,33472.32,54054.7,82.33
2023-09-18T22:00+02:00,2312.31,12631.75,33853.52,50896.08,82.33
2023-09-18T23:00+02:00,2387.61,11819.94,32595.73,47051.82,82.33
2023-09-19T00:00+02:00,419.48,11963.6,32870.78,43894.72,82.33
2023-09-19T01:00+02:00,1471.52,12198.84,32464.7,41540.04,82.33
2023-09-19T02:00+02:00,1381.21,12077.47,32383.95,41273.6,82.33
2023-09-19T03:00+02:00,2155.36,12083.17,32478.91,41373.96,82.33
2023-09-19T04:00+02:00,2373.89,12017.1,32523.15,42331.26,82.33
2023-09-19T05:00+02:00,2686.55,12430.85,33488.81,45485.14,82.33
2023-09-19T06:00+02:00,4813.06,13335.51,34236.71,52270.66,82.33
2023-09-19T07:00+02:00,3184.97,14750.35,35428.97,56826.44,82.33
2023-09-19T08:00+02:00,2815.03,14153.79,39199.28,59030.36,82.33
2023-09-19T09:00+02:00,-1156.77,13188.68,45547.12,59605.97,82.33
2023-09-19T10:00+02:00,-3417.59,12757.69,51152.9,60747.03,82.33
2023-09-19T11:00+02:00,-3423.9,11773.08,55201.41,60876.29,82.33
2023-09-19T12:00+02:00,-4638.13,10353.77,56733.19,60204.11,82.33
2023-09-19T13:00+02:00,-5765.52,10006.16,54677.31,57969.87,82.33
2023-09-19T14:00+02:00,-8157.9,9773.46,55776.74,56584.1,82.33
2023-09-19T15:00+02:00,-6173.55,9792.43,53127.88,56191.17,82.33
2023-09-19T16:00+02:00,-3851.44,9574.43,51781.24,56336.66,82.33
2023-09-19T17:00+02:00,-1993.77,10758.16,45830.17,57287.29,82.33
2023-09-19T18:00+02:00,904.66,13919.47,36469.45,56628.59,82.33
2023-09-19T19:00+02:00,2870.12,14879.89,33532.21,57957.3,82.33
2023-09-19T20:00+02:00,3132.58,14844.53,33836.46,56329.4,82.33
2023-09-19T21:00+02:00,1704.28,13992.61,35199.75,52731.91,82.33
2023-09-19T22:00+02:00,-1071.85,13254.79,35723.07,48796.06,82.33
2023-09-19T23:00+02:00,30.6,12545.94,34774.54,45382.54,82.33
2023-09-20T00:00+02:00,341.28,12406.05,33569.46,43031.5,82.33
2023-09-20T01:00+02:00,1721.7,12517.74,31761.64,41557.1,82.33
2023-09-20T02:00+02:00,1698.05,12650.28,30270.86,40531.35,82.33
2023-09-20T03:00+02:00,907.79,13106.89,31502.57,40897.89,82.33
2023-09-20T04:00+02:00,1635.91,13104.95,30615.53,41674.67,82.33
2023-09-20T05:00+02:00,3146.87,13746.29,29994.95,44893.2,82.33
2023-09-20T06:00+02:00,5023.59,15438.6,30070.91,51895.77,82.33
2023-09-20T07:00+02:00,5531.62,16164.21,32370.44,56506.44,82.33
2023-09-20T08:00+02:00,4709.24,15461.65,36236.39,59407.05,82.33
2023-09-20T09:00+02:00,858.74,14368.88,42259.86,60240.09,82.33
2023-09-20T10:00+02:00,-974.91,12779.49,49688.73,60372.89,82.33
2023-09-20T11:00+02:00,-3220.37,11476.86,54170.76,60742.18,82.33
2023-09-20T12:00+02:00,-5607.96,9877.66,57827.09,59796.59,82.33
2023-09-20T13:00+02:00,-7452.6,9563.57,58703.21,59005.56,82.33
2023-09-20T14:00+02:00,-5225.52,9544.62,55389.68,57397,82.33
2023-09-20T15:00+02:00,-3188.4,9449.85,52110.93,56139.15,82.33
2023-09-20T16:00+02:00,420.61,10633.68,45363.35,55630.4,82.33
2023-09-20T17:00+02:00,5930.86,13521.41,35460.54,55710.41,82.33
2023-09-20T18:00+02:00,10702.11,16435.86,24504.74,57222.02,82.33
2023-09-20T19:00+02:00,11649.89,17666.18,22286.18,58471.16,82.33
2023-09-20T20:00+02:00,9776.91,17130.78,25057.19,56923.23,82.33
2023-09-20T21:00+02:00,7214.72,15661.35,27871.74,53401.07,82.33
2023-09-20T22:00+02:00,4733.54,13971.57,29281.68,48844.28,82.33
2023-09-20T23:00+02:00,3973.88,13075.64,29867.93,45332.23,82.33
2023-09-21T00:00+02:00,5447.66,12601.57,27526.24,43570.48,82.33
2023-09-21T01:00+02:00,4801.42,12034.89,27816.92,42269.22,82.33
2023-09-21T02:00+02:00,4953.15,11829.63,27106.48,41567.18,82.33
2023-09-21T03:00+02:00,4819.54,11802.56,27017.81,41695.3,82.33
2023-09-21T04:00+02:00,4361.21,12108.3,27421.58,42428.8,82.33
2023-09-21T05:00+02:00,4534.79,13598.23,27603.95,45659,82.33
2023-09-21T06:00+02:00,4829.99,14960.5,28925.63,53033.3,82.33
2023-09-21T07:00+02:00,7859.55,15507.97,30172.83,57686.99,82.33
2023-09-21T08:00+02:00,5756.04,16396,33111.32,59653.66,82.33
2023-09-21T09:00+02:00,3020.28,16748.67,37821.34,60798.37,82.33
2023-09-21T10:00+02:00,1767.06,16333.92,41672.21,62062.23,82.33
2023-09-21T11:00+02:00,1217.02,15257.7,44315.84,62616.38,82.33
2023-09-21T12:00+02:00,44.6,14744.85,45395.81,62113.84,82.33
2023-09-21T13:00+02:00,1534.82,14699.33,44066.36,61573.32,82.33
2023-09-21T14:00+02:00,3517.08,14716.16,40148.53,59959.26,82.33
2023-09-21T15:00+02:00,5364.48,16292.46,35395.17,59764.97,82.33
2023-09-21T16:00+02:00,7437.69,18667.97,28021.34,59051.67,82.33
2023-09-21T17:00+02:00,7557.68,21272.49,20992.36,58957.77,82.33
2023-09-21T18:00+02:00,9594.58,22580.15,18784.14,58276.55,82.33
2023-09-21T19:00+02:00,9943.21,22527.08,19078.38,60255.19,82.33
2023-09-21T20:00+02:00,7348.3,22092.12,20563.53,59192.52,82.33
2023-09-21T21:00+02:00,6583.85,19848.88,22492.01,55211.38,82.33
2023-09-21T22:00+02:00,4946.32,17546.88,23328.6,50478.88,82.33
2023-09-21T23:00+02:00,4784.08,16115.1,22173.77,46101.89,82.33
2023-09-22T00:00+02:00,5279.18,15878.32,22925.17,43764.45,82.33
2023-09-22T01:00+02:00,5911.78,14894.81,23397.95,42614.06,82.33
2023-09-22T02:00+02:00,4681.61,15514.68,22872.23,41954.74,82.33
2023-09-22T03:00+02:00,7102.91,14710.43,21304.08,41857.43,82.33
2023-09-22T04:00+02:00,7672.9,15434.2,19983.05,42730.63,82.33
2023-09-22T05:00+02:00,7533.9,17438.77,19260.83,45084.49,82.33
2023-09-22T06:00+02:00,8910.88,19370.56,18711.76,52227.92,82.33
2023-09-22T07:00+02:00,9938,20274.12,20029.99,57036.98,82.33
2023-09-22T08:00+02:00,10516.09,20419.29,22536.46,59777.29,82.33
2023-09-22T09:00+02:00,10677.2,19400.11,25604.98,60906.7,82.33
2023-09-22T10:00+02:00,9901.25,18786.89,29014.62,61411.16,82.33
2023-09-22T11:00+02:00,8751.46,18140.95,32607.41,61777.58,83.6
2023-09-22T12:00+02:00,7886.62,17318.58,35513.72,61638.3,84.03
2023-09-22T13:00+02:00,6020.78,17257.64,36080.17,60012.72,84.03
2023-09-22T14:00+02:00,5136.7,17656.51,35344.26,57085.56,84.03
2023-09-22T15:00+02:00,5784.54,18044.09,32708.92,56325.09,84.03
2023-09-22T16:00+02:00,5148.02,19976.52,28272.52,55064.62,84.03
2023-09-22T17:00+02:00,2846.64,22824.07,23385.6,55531.32,84.03
2023-09-22T18:00+02:00,6928.74,22716.9,18407.93,55389.78,84.03
2023-09-22T19:00+02:00,7413.28,23060.28,16750.37,55348.92,84.03
2023-09-22T20:00+02:00,7024.08,22229.91,17782.96,52685.48,84.03
2023-09-22T21:00+02:00,6775.68,20635.28,18254.83,50071.84,84.03
2023-09-22T22:00+02:00,6031.6,18790.13,18497.46,45782.42,84.03
2023-09-22T23:00+02:00,5784.43,16294.79,19330.68,42436.33,84.03
2023-09-23T00:00+02:00,4827.55,14645.91,19637.47,40196.28,84.03
2023-09-23T01:00+02:00,4698.88,13267.11,20069.23,38466.79,84.03
2023-09-23T02:00+02:00,4669.45,12036.51,20743.2,37477.73,84.03
2023-09-23T03:00+02:00,5909.15,11051.99,21120.18,36679.23,84.03
2023-09-23T04:00+02:00,5492.36,10793.95,21444.85,36304.45,84.03
2023-09-23T05:00+02:00,4348.7,11318.96,21699.73,37224.65,84.03
2023-09-23T06:00+02:00,3540.23,12454.87,22364.92,39913.19,84.03
2023-09-23T07:00+02:00,3960.34,13317.45,22746.43,42156.18,84.03
2023-09-23T08:00+02:00,3013.36,13475.96,26524.65,45496.39,84.03
2023-09-23T09:00+02:00,1008.36,12777.53,33044.84,48490.98,84.03
2023-09-23T10:00+02:00,512.35,10747.15,38756.82,49486.24,84.03
2023-09-23T11:00+02:00,-57.25,9818.26,42941.45,50098.62,84.03
2023-09-23T12:00+02:00,-2983.85,9996.09,44498.32,49421.16,84.03
2023-09-23T13:00+02:00,-4388.55,9798.04,45072.53,48305.29,84.03
2023-09-23T14:00+02:00,-2772.72,9753.56,43509.47,47138.16,84.03
2023-09-23T15:00+02:00,153.25,9605.24,40295.41,46218.2,84.03
2023-09-23T16:00+02:00,1721.11,9985.95,34221.18,46014.02,84.03
2023-09-23T17:00+02:00,5791.31,12556.94,26394.92,47037.55,84.03
2023-09-23T18:00+02:00,9493.16,14441.08,18638.64,48255.6,84.03
2023-09-23T19:00+02:00,9693.19,14878.13,16305.31,48840.26,84.03
2023-09-23T20:00+02:00,9511.86,14817.32,16864.83,47285.43,84.03
2023-09-23T21:00+02:00,8821.78,14100.66,17392.9,44247.04,84.03
2023-09-23T22:00+02:00,7373.42,13288.53,17394.53,42027.28,84.03
2023-09-23T23:00+02:00,6908.92,12844.18,17058.83,39375.56,84.03
2023-09-24T00:00+02:00,7064.53,11331.91,16657.71,37069.55,84.03
2023-09-24T01:00+02:00,7930.95,10176.6,15642.96,35275.36,84.03
2023-09-24T02:00+02:00,9283.7,9839.44,14514.83,33874.15,84.03
2023-09-24T03:00+02:00,10083.39,9634.63,13558.87,33275.24,84.03
2023-09-24T04:00+02:00,10612.75,9793.93,12711.82,33180.91,84.03
2023-09-24T05:00+02:00,10619.03,10190.56,12515.29,33584.16,84.03
2023-09-24T06:00+02:00,11433.6,10464.52,12425.19,34796.74,84.03
2023-09-24T07:00+02:00,11273.1,10505.06,13558.7,36664.85,84.03
2023-09-24T08:00+02:00,9692.08,9921.07,19494.67,39677.13,84.03
2023-09-24T09:00+02:00,9045.78,7769.18,27654.02,42900.93,84.03
2023-09-24T10:00+02:00,3491.4,7716.21,35770.42,44579.46,84.03
2023-09-24T11:00+02:00,275.6,7790.25,41647.05,45849.38,84.03
2023-09-24T12:00+02:00,-4148.88,7871.58,44619.91,45009.15,84.03
2023-09-24T13:00+02:00,-3763.15,7928.18,43224.07,42887.81,84.03
2023-09-24T14:00+02:00,-3964.66,7968.73,41155.19,41193.98,84.03
2023-09-24T15:00+02:00,-1773.45,8295.66,38743.9,40843.09,84.03
2023-09-24T16:00+02:00,4390.85,8627.79,32309.35,41156.14,84.03
2023-09-24T17:00+02:00,8630.44,10330.5,24888.92,42776.32,84.03
2023-09-24T18:00+02:00,12495.84,12506.36,17445.53,44818.37,84.03
2023-09-24T19:00+02:00,12776.6,12964.48,16106.07,46289.33,84.03
2023-09-24T20:00+02:00,11139.36,13035.06,18994.09,45326.36,84.03
2023-09-24T21:00+02:00,9139.28,12261.6,22870.74,43018.74,84.03
2023-09-24T22:00+02:00,6721.36,11178.61,25973.55,41314.03,84.03
2023-09-24T23:00+02:00,5521.82,9739.09,27907.55,39279.91,84.03
2023-09-25T00:00+02:00,4972.74,9567.55,28496.64,37733.89,84.03
2023-09-25T01:00+02:00,4236.38,9404.5,28745.63,36941.75,84.03
2023-09-25T02:00+02:00,3957.58,9470.72,28680.25,36780.97,84.03
2023-09-25T03:00+02:00,4876.07,9477.51,28193.67,37406.38,84.03
2023-09-25T04:00+02:00,5212.32,9777.59,27692.14,38940.64,84.03
2023-09-25T05:00+02:00,4556.64,10472.23,29522.38,43049.62,84.03
2023-09-25T06:00+02:00,6079.21,13326.74,30541.37,52028.02,84.03
2023-09-25T07:00+02:00,5834.57,15752.1,31253.99,57141.44,84.03
2023-09-25T08:00+02:00,2505.52,16216.28,35612.36,59765.08,84.03
2023-09-25T09:00+02:00,-502.56,15190.63,41034.08,60545.46,84.03
2023-09-25T10:00+02:00,-2150.5,13960.74,45748.04,60484.49,84.03
2023-09-25T11:00+02:00,-2568.61,12189.97,49752.94,59985.25,84.03
2023-09-25T12:00+02:00,-3831.82,11872.37,50942.53,58425.68,84.03
2023-09-25T13:00+02:00,-2047.54,11930.3,49703.66,57004.21,84.03
2023-09-25T14:00+02:00,-1183.38,12616.93,45833.32,55890.8,84.03
2023-09-25T15:00+02:00,1277.82,14380.76,40093.67,55225.75,84.03
2023-09-25T16:00+02:00,3371.05,17572.52,32257.33,54913.82,84.03
2023-09-25T17:00+02:00,7611.62,21192.35,21662.23,55742.79,84.03
2023-09-25T18:00+02:00,11402.18,24180.22,13537.6,56961.37,84.03
2023-09-25T19:00+02:00,11612.28,25021.04,11540.59,58357.81,84.03
2023-09-25T20:00+02:00,10999.37,24936.63,11578.98,56465.03,84.03
2023-09-25T21:00+02:00,10720.41,23638.93,11558.23,52539.64,84.03
2023-09-25T22:00+02:00,10264.68,22102.53,11190.54,48678.45,84.03
2023-09-25T23:00+02:00,10271.82,20996.72,10488.12,45191.74,84.03
2023-09-26T00:00+02:00,10052.66,20270.49,9458.6,42626.38,84.03
2023-09-26T01:00+02:00,10926.47,19796.43,8537.96,41117.33,84.03
2023-09-26T02:00+02:00,11819.74,19796.99,7932.06,40179.11,84.03
2023-09-26T03:00+02:00,12733.78,19882.06,7768.88,40724.76,84.03
2023-09-26T04:00+02:00,13041.14,20262.8,7746.31,41425.38,84.03
2023-09-26T05:00+02:00,12915,21665.43,7817.61,45019.96,84.03
2023-09-26T06:00+02:00,13182.39,24136.35,8420.21,53197.94,84.03
2023-09-26T07:00+02:00,12629.01,25271.52,10300.96,57340.36,84.03
2023-09-26T08:00+02:00,12076.68,24844.91,16585.69,59425.72,84.03
2023-09-26T09:00+02:00,7737.75,23090.17,25036.66,60233.22,84.03
2023-09-26T10:00+02:00,4133.86,20561.22,32683.16,59598.55,84.03
2023-09-26T11:00+02:00,2828.73,18475.47,38576.52,59685.36,84.03
2023-09-26T12:00+02:00,1241.42,16176.46,42091.75,58316.22,84.03
2023-09-26T13:00+02:00,1701.64,15049.7,42293.95,56946.63,84.03
2023-09-26T14:00+02:00,1110.9,15960.58,39614.1,56425.27,84.03
2023-09-26T15:00+02:00,2244.17,19139.66,33950.71,56363.22,84.03
2023-09-26T16:00+02:00,4929.97,22273.9,26368.88,56020.14,84.03
2023-09-26T17:00+02:00,9045.82,24883.98,17708.83,57189.77,84.03
2023-09-26T18:00+02:00,12075.77,26410.96,11525.79,58126.24,84.03
2023-09-26T19:00+02:00,12563.42,26629.67,10542.78,59474.98,84.03
2023-09-26T20:00+02:00,10987.84,26454.58,11297.89,57333.37,84.03
2023-09-26T21:00+02:00,10806.96,24541.37,12487.16,53714.08,84.03
2023-09-26T22:00+02:00,9894.63,22803.03,12800.2,49920.51,84.03
2023-09-26T23:00+02:00,9239.12,20875.76,12573.61,46044.85,84.03
2023-09-27T00:00+02:00,8202.13,19706.02,12571.97,43157.02,84.03
2023-09-27T01:00+02:00,8596.8,19198.27,12122.84,41841.4,84.03
2023-09-27T02:00+02:00,9438.38,18886.59,11708.59,40861.82,84.03
2023-09-27T03:00+02:00,10495.7,19015.78,11374.41,40891.65,84.03
2023-09-27T04:00+02:00,11093.13,19633.27,10766.95,42284.45,84.03
2023-09-27T05:00+02:00,11908.16,21250.93,9599.41,45481.2,84.03
2023-09-27T06:00+02:00,12597.15,24674.15,8874.97,53471.37,84.03
2023-09-27T07:00+02:00,13169.58,25510.68,9704.38,57926.23,84.03
2023-09-27T08:00+02:00,12225.82,25230.26,14692.46,59993.79,84.03
2023-09-27T09:00+02:00,10028.59,22977.71,22378.49,60692.99,84.03
2023-09-27T10:00+02:00,6399.09,20750.94,29824.57,60442.54,84.03
2023-09-27T11:00+02:00,4369.67,18751.31,35802.32,60059.29,84.03
2023-09-27T12:00+02:00,2506.86,16812.36,39172.49,59391.49,84.03
2023-09-27T13:00+02:00,1988.26,16692.53,39294.31,57989.8,84.03
2023-09-27T14:00+02:00,3473.69,16917.85,36454.34,56892.56,84.03
2023-09-27T15:00+02:00,4558.56,18890.03,30888.1,56428.35,84.03
2023-09-27T16:00+02:00,7282.19,21625.11,24285.1,55864.25,84.03
2023-09-27T17:00+02:00,9638.42,24552.71,16828.98,57429.99,84.03
2023-09-27T18:00+02:00,10812.98,25698.58,11790.73,58250.06,84.03
2023-09-27T19:00+02:00,11506.33,25961.51,13010.03,59919.95,84.03
2023-09-27T20:00+02:00,7761.98,24949.88,16864.53,57774.49,84.03
2023-09-27T21:00+02:00,7755.59,22112.14,21223.75,53843.16,84.03
2023-09-27T22:00+02:00,6107.49,18891.69,23993.47,49420.62,84.03
2023-09-27T23:00+02:00,4998.81,16233.56,26068.05,45712.1,84.03
2023-09-28T00:00+02:00,5986.08,13925.26,27259.07,43713.02,84.03
2023-09-28T01:00+02:00,5873.24,13068.46,27065.37,42544.85,84.03
2023-09-28T02:00+02:00,6030.92,12967.23,26286.31,41281.15,84.03
2023-09-28T03:00+02:00,6663.03,13146.75,25593.69,41319.36,84.03
2023-09-28T04:00+02:00,7076.69,13385.43,25826.36,42294.46,84.03
2023-09-28T05:00+02:00,5776.56,15918.67,25843.18,46103.38,84.03
2023-09-28T06:00+02:00,6791.11,18054.78,26073.2,53977,84.03
2023-09-28T07:00+02:00,6852.43,18902.57,25872.16,58748.88,84.03
2023-09-28T08:00+02:00,6252.07,19041.04,28605.55,60833.09,84.03
2023-09-28T09:00+02:00,5524.51,18244.84,33022.61,61214.53,84.03
2023-09-28T10:00+02:00,4897.57,16440.06,38854.36,61772.34,84.03
2023-09-28T11:00+02:00,2467.73,15118.36,43542.6,61598.22,84.03
2023-09-28T12:00+02:00,959.69,14492.19,45213.17,60489.54,84.03
2023-09-28T13:00+02:00,938.13,14478.09,45241.15,59133.94,84.03
2023-09-28T14:00+02:00,3821.04,14169.5,41861.48,58129.26,84.03
2023-09-28T15:00+02:00,4380.58,16239.08,37243.64,57242.21,84.03
2023-09-28T16:00+02:00,5110.88,19398.38,28788.64,56655.48,84.03
2023-09-28T17:00+02:00,9035.54,22053.59,19213.22,58419.58,84.03
2023-09-28T18:00+02:00,12522.39,23223.6,12521.55,58950.03,84.03
2023-09-28T19:00+02:00,12899.12,24019.63,11161.68,60297.23,84.03
2023-09-28T20:00+02:00,11468.9,23783.82,11686.88,57574.51,84.03
2023-09-28T21:00+02:00,12261.53,22128.41,11659.19,53795.68,84.03
2023-09-28T22:00+02:00,11922.09,20737.08,11900.92,49363.71,84.03
2023-09-28T23:00+02:00,10987.05,18918.89,12578.43,45649.65,84.03
2023-09-29T00:00+02:00,10072.48,18177.48,13493.22,42835.07,84.03
2023-09-29T01:00+02:00,8762.78,17470.17,14628.43,41209.56,84.03
2023-09-29T02:00+02:00,8299.14,16810.17,15651.47,40357.27,84.03
2023-09-29T03:00+03:00,7569.58,16755.04,16177.14,40581.74,84.03
2023-09-29T04:00+03:00,7769.16,17138.38,16716.96,41970,84.03
2023-09-29T05:00+02:00,7662.36,18078.53,17564.03,45319.73,84.03
2023-09-29T06:00+02:00,9274.46,19003.57,19250.37,52770.47,84.03
2023-09-29T07:00+02:00,9764.42,19438.76,22146.15,57691.79,84.03
2023-09-29T08:00+02:00,7858.84,19326.59,26996.43,60392.31,84.03
2023-09-29T09:00+02:00,5479.03,18791.7,31822.89,60507.29,84.03
2023-09-29T10:00+02:00,7847.7,16978.41,35323.43,61044.68,84.03
2023-09-29T11:00+02:00,7644.33,15039.08,38559.86,61222.2,82.24
2023-09-29T12:00+02:00,5425.38,14617.19,40600.51,60320.75,81.65
2023-09-29T13:00+02:00,4140.73,14001.36,42057.19,58088.35,81.65
2023-09-29T14:00+02:00,3884.72,13858.92,41999.64,56308.27,81.65
2023-09-29T15:00+02:00,2984.74,14695.64,40765.24,56380.76,81.65
2023-09-29T16:00+02:00,3080.92,16105.89,37846.2,56564.7,81.65
2023-09-29T17:00+02:00,4718.37,17611.77,34812.53,57263.87,81.65
2023-09-29T18:00+02:00,4576.11,18395.44,33103.83,57577.18,81.65
2023-09-29T19:00+02:00,2864.88,18571.07,33323.98,58646.58,81.65
2023-09-29T20:00+02:00,552.46,17910.61,34477.97,55660.04,81.65
2023-09-29T21:00+02:00,-469.72,16537.18,33792.15,52161.83,81.65
2023-09-29T22:00+02:00,-1112.55,14951.71,33076.99,48680.02,81.65
2023-09-29T23:00+02:00,-1129.67,14049.18,31366.91,45449.14,81.65
2023-09-30T00:00+02:00,-2620.04,14282.67,29476.67,42684.72,81.65
2023-09-30T01:00+02:00,-819.73,14014.02,27645.33,40319.87,81.65
2023-09-30T02:00+02:00,486.8,13654.31,25782.62,39073.36,81.65
2023-09-30T03:00+02:00,2028.37,13156.34,24127.34,38479.79,81.65
2023-09-30T04:00+02:00,3126.95,13318.24,22598.71,38399.64,81.65
2023-09-30T05:00+02:00,3365.01,13884.78,21585.51,39358.46,81.65
2023-09-30T06:00+02:00,4434.39,14590.41,20603.45,41336.2,81.65
2023-09-30T07:00+02:00,5706.65,15127.48,21035.1,43939.21,81.65
2023-09-30T08:00+02:00,6543.28,14596.02,23903.09,47188.02,81.65
2023-09-30T09:00+02:00,4659.4,13552.44,28215.57,49467.26,81.65
2023-09-30T10:00+02:00,3871.96,11722.88,34140.36,50500.74,81.65
2023-09-30T11:00+02:00,3094.96,10046.14,40143.72,50780.76,81.65
2023-09-30T12:00+02:00,-804.2,10351.15,43164.69,49352.14,81.65
2023-09-30T13:00+02:00,-2139.23,10156.7,42917.65,47540.09,81.65
2023-09-30T14:00+02:00,-2664.4,10087.32,40853.37,46144.58,81.65
2023-09-30T15:00+02:00,535.67,10561.71,35727.94,45863.6,81.65
2023-09-30T16:00+02:00,4109.28,12338.71,28378.91,45921.6,81.65
2023-09-30T17:00+02:00,8106.63,15189.85,19364,47130.96,81.65
2023-09-30T18:00+02:00,12927.53,16410.51,13250.12,48814.85,81.65
2023-09-30T19:00+02:00,13417.05,16485.48,11877.08,49562.55,81.65
2023-09-30T20:00+02:00,12216.02,15996.45,12404.78,47425.34,81.65
2023-09-30T21:00+02:00,13060.7,15070.58,12404.76,44704.96,81.65
2023-09-30T22:00+02:00,12025.22,14284.17,11965.84,41917.16,81.65
2023-09-30T23:00+02:00,11708.56,13519.92,11894.22,38911.2,81.65
2023-10-01T00:00+02:00,10911.74,13290.16,12593.62,36861.44,81.65
2023-10-01T01:00+02:00,11223.68,11874.8,12282.17,35218.58,81.65
2023-10-01T02:00+02:00,11177.48,10763.27,12941.85,33816.69,81.65
2023-10-01T03:00+02:00,10888.39,10823.67,13476.96,33427.03,81.65
2023-10-01T04:00+02:00,9784.08,10886.81,14126.65,33505.96,81.65
2023-10-01T05:00+02:00,9568.19,10735.16,14268.91,34229.33,81.65
2023-10-01T06:00+02:00,9345.92,11181.21,14808.38,35347.59,81.65
2023-10-01T07:00+02:00,9849.09,11316.06,16415.81,37091.63,81.65
2023-10-01T08:00+02:00,9852.19,10225.32,21012.48,40282.89,81.65
2023-10-01T09:00+02:00,7731.05,8895.47,26882.9,43004.67,81.65
2023-10-01T10:00+02:00,5496.72,8378.48,32816.29,44913.27,81.65
2023-10-01T11:00+02:00,2515.74,8158.68,38842.67,46601.49,81.65
2023-10-01T12:00+02:00,-1591.39,8067.52,41967.27,45902.84,81.65
2023-10-01T13:00+02:00,-4100.62,8042.39,43015.66,44035.54,81.65
2023-10-01T14:00+02:00,-2891.62,8002.82,40875.91,42379.26,81.65
2023-10-01T15:00+02:00,-36.14,8236.77,36323.65,42080.64,81.65
2023-10-01T16:00+02:00,3669.47,9651.64,29428.63,41497.69,81.65
2023-10-01T17:00+02:00,5793.19,13850.79,21526.54,43247.86,81.65
2023-10-01T18:00+02:00,9108.44,16338.54,16366.16,45839.44,81.65
2023-10-01T19:00+02:00,8150.37,17997.73,15347.43,47407.7,81.65
2023-10-01T20:00+02:00,6656.74,18421.69,15510.13,45755.02,81.65
2023-10-01T21:00+02:00,6605.6,18576.9,15847.99,43589.92,81.65
2023-10-01T22:00+02:00,5607.31,17970.73,15855.68,41483.05,81.65
2023-10-01T23:00+02:00,4636.84,17111.79,15678.28,39043.3,81.65
2023-10-02T00:00+02:00,4654,16386.27,15382.28,36694.47,81.65
2023-10-02T01:00+02:00,6019.52,16055.52,15073.51,35735.69,81.65
2023-10-02T02:00+02:00,7251.32,15954.72,15016.18,35340.4,81.65
2023-10-02T03:00+02:00,8462.25,15340.37,14944.39,35543.43,81.65
2023-10-02T04:00+02:00,7338.39,16127.17,14777.93,35885.54,81.65
2023-10-02T05:00+02:00,6099.31,17769.87,14830.48,39141.43,81.65
2023-10-02T06:00+02:00,6724.58,19819.98,15399.53,44742.27,81.65
2023-10-02T07:00+02:00,5208.77,20695.01,16770.95,48477.89,81.65
2023-10-02T08:00+02:00,2475.75,20677.54,21797.77,51290.35,81.65
2023-10-02T09:00+02:00,57.1,20227.44,28177.52,53079.44,81.65
2023-10-02T10:00+02:00,-2385.15,19041.93,33846.94,54083.99,81.65
2023-10-02T11:00+02:00,-3320.72,16549.09,38803.39,54319.43,81.65
2023-10-02T12:00+02:00,-3846.74,15048.2,41821.95,54565.83,81.65
2023-10-02T13:00+02:00,-3183.19,14179.15,42007.6,53567.13,81.65
2023-10-02T14:00+02:00,-2483.56,14648.37,39241.44,52686.94,81.65
2023-10-02T15:00+02:00,-326.12,16199.63,32826.12,51369.24,81.65
2023-10-02T16:00+02:00,1493.8,20765.1,24374.91,50754.74,81.65
2023-10-02T17:00+02:00,6419.32,23696.2,16185.14,51763.41,81.65
2023-10-02T18:00+02:00,9077.74,24569.42,11297.58,53095.24,81.65
2023-10-02T19:00+02:00,7780.66,25301.66,11070.85,54079.48,81.65
2023-10-02T20:00+02:00,6207.98,24900.48,12549.42,51108.92,81.65
2023-10-02T21:00+02:00,6575.97,22111.27,13783.73,47806.12,81.65
2023-10-02T22:00+02:00,6088.67,19503.75,14888.99,44810.75,81.65
2023-10-02T23:00+02:00,7452.87,15114.96,16336.28,41604.95,81.65
2023-10-03T00:00+02:00,6501.98,12241.95,18103.47,37753.13,81.65
2023-10-03T01:00+02:00,5076.19,10475.23,19334.01,35578.58,81.65
2023-10-03T02:00+02:00,3898.48,9253.69,21782.7,34649.24,81.65
2023-10-03T03:00+02:00,2068.77,8760.73,25929.15,34862.87,81.65
2023-10-03T04:00+02:00,537.12,7995.77,30505.44,35995.45,81.65
2023-10-03T05:00+02:00,-2056.65,7950.11,33194.62,37078.84,81.65
2023-10-03T06:00+02:00,-6663.14,7617.26,38484.33,38703.23,81.65
2023-10-03T07:00+02:00,-10694.4,7786.79,41957.87,40831.76,81.65
2023-10-03T08:00+02:00,-11646.28,7708.68,48049.42,44784.9,81.65
2023-10-03T09:00+02:00,-13772.34,7580.41,53253.45,47832.82,81.65
2023-10-03T10:00+02:00,-14582.22,7387.43,56817.46,50479.04,81.65
2023-10-03T11:00+02:00,-15676.23,7362.8,60842.57,52304.93,81.65
2023-10-03T12:00+02:00,-16520.6,7536.21,61583.83,51614.07,81.65
2023-10-03T13:00+02:00,-15787.05,7783.82,59691.41,49911.96,81.65
2023-10-03T14:00+02:00,-15201.96,7767.55,57934.77,48170.3,81.65
2023-10-03T15:00+02:00,-11136.63,8017.37,53831.27,46941.72,81.65
2023-10-03T16:00+02:00,-8231.24,9027.1,48083.8,46929.51,81.65
2023-10-03T17:00+02:00,-6646.26,10601.07,44026.8,48620.2,81.65
2023-10-03T18:00+02:00,-4985.12,11866.7,41412.99,49509.06,81.65
2023-10-03T19:00+02:00,-5193.85,12409.7,40743.38,49089.97,81.65
2023-10-03T20:00+02:00,-5283.27,11812.4,41394.41,47058.2,81.65
2023-10-03T21:00+02:00,-6446.35,11489.89,41555.47,44986.21,81.65
2023-10-03T22:00+02:00,-6967.75,11430.62,40465.41,43908.98,81.65
2023-10-03T23:00+02:00,-6588.97,11167.29,38001.98,41457.28,81.65
2023-10-04T00:00+02:00,-4256.97,11224.17,36947.95,39685.48,81.65
2023-10-04T01:00+02:00,-3269.9,10925.98,36373.03,38615.26,81.65
2023-10-04T02:00+02:00,-3043.02,11235.58,34778.83,37352.72,81.65
2023-10-04T03:00+02:00,-3215.77,11441.98,35036.29,37757.92,81.65
2023-10-04T04:00+02:00,-1388.91,11436.03,34325.77,39444.93,81.65
2023-10-04T05:00+02:00,436.75,11807.48,34108.18,43474.43,81.65
2023-10-04T06:00+02:00,2172.1,13095.08,34755.89,52637.1,81.65
2023-10-04T07:00+02:00,3829.84,14165.32,34044.78,57796.14,81.65
2023-10-04T08:00+02:00,3617.97,14516.23,37513.9,60280.95,81.65
2023-10-04T09:00+02:00,-3.31,13848.88,43633.34,61781.4,81.65
2023-10-04T10:00+02:00,-3136.75,13535.31,49276.24,60925.59,81.65
2023-10-04T11:00+02:00,-5743.74,13946.38,54673.11,61013.8,81.65
2023-10-04T12:00+02:00,-7123.13,13665.67,56391.86,60133.54,81.65
2023-10-04T13:00+02:00,-7632.94,13348.9,55580.21,59123,81.65
2023-10-04T14:00+02:00,-6717.14,13091.91,52625.96,58525.46,81.65
2023-10-04T15:00+02:00,-2635.72,14136.57,46496.11,57768.53,81.65
2023-10-04T16:00+02:00,1446.78,15560.38,39145.63,57746.54,81.65
2023-10-04T17:00+02:00,5028.77,18067.94,31322.19,58384.9,81.65
2023-10-04T18:00+02:00,6893.31,19083.98,28102.05,60278.61,81.65
2023-10-04T19:00+02:00,6457.58,18999.2,29508.75,61700.26,81.65
2023-10-04T20:00+02:00,3234.64,18771.17,31335.98,58880.4,81.65
2023-10-04T21:00+02:00,586.35,17938.55,32273.73,55005.53,81.65
2023-10-04T22:00+02:00,534.31,16364.9,31749.99,50533.18,81.65
2023-10-04T23:00+02:00,-2054.9,15192.55,31960.68,46270.33,81.65
2023-10-05T00:00+02:00,-1613.23,14736.2,32779.27,44132.94,81.65
2023-10-05T01:00+02:00,-869.11,14362.86,32777.76,42982.86,81.65
2023-10-05T02:00+02:00,-1141.41,14277.55,32541.87,42327.34,81.65
2023-10-05T03:00+02:00,-286.94,14309.13,32213.81,42224.91,81.65
2023-10-05T04:00+02:00,70.36,14729.6,32046.95,43548.95,81.65
2023-10-05T05:00+02:00,276.35,16216.27,31893.32,47263.3,81.65
2023-10-05T06:00+02:00,446.61,19448.32,32420.74,54705.88,81.65
2023-10-05T07:00+02:00,394.16,20364.07,33088.74,59968.66,81.65
2023-10-05T08:00+02:00,1846.79,19853.49,35675.36,62446.88,81.65
2023-10-05T09:00+02:00,-592.93,19124.86,38502.43,62233.51,81.65
2023-10-05T10:00+02:00,-447.69,18011.39,43498.72,62659.78,81.65
2023-10-05T11:00+02:00,-1292.63,17054.34,47646.3,63270.51,81.65
2023-10-05T12:00+02:00,-1393.4,16578.42,47231.31,62164.74,81.65
2023-10-05T13:00+02:00,-438.7,17131.23,43771.2,60968.39,81.65
2023-10-05T14:00+02:00,3789.14,17148.14,39712.78,60349.83,81.65
2023-10-05T15:00+02:00,4655.09,18673.42,33572.9,60036.09,81.65
2023-10-05T16:00+02:00,7892.24,19868.09,27252.71,59354.85,81.65
2023-10-05T17:00+02:00,10191.58,21589.55,20726.17,59422.82,81.65
2023-10-05T18:00+02:00,10451.65,23332.4,16095.7,59296.83,81.65
2023-10-05T19:00+02:00,12022.26,23440.63,15999.98,60834.97,81.65
2023-10-05T20:00+02:00,9916.71,23177.17,17041.14,58043.22,81.65
2023-10-05T21:00+02:00,8873.95,21364.14,18140.77,54081.19,81.65
2023-10-05T22:00+02:00,7001.8,20096.84,19223.03,50290.36,81.65
2023-10-05T23:00+02:00,5453.8,18199.51,20363.54,46724.73,81.65
2023-10-06T00:00+02:00,5950.12,16697.28,21360.18,43823.57,81.65
2023-10-06T01:00+02:00,5706.81,15293.66,21695.39,42019.82,81.65
2023-10-06T02:00+02:00,4705.19,15749.43,22077.86,41087.76,81.65
2023-10-06T03:00+02:00,6409.69,15417.95,22880.19,41491.57,81.65
2023-10-06T04:00+02:00,5894.16,15810.27,23935,42986.37,81.65
2023-10-06T05:00+02:00,4700.22,16968.49,24835.23,47034.23,81.65
2023-10-06T06:00+02:00,4276.89,19041.81,27864.41,55132.04,81.65
2023-10-06T07:00+02:00,4365.87,19556.18,30464.14,60268.57,81.65
2023-10-06T08:00+02:00,1724.82,19887.39,35532.72,62733.86,81.65
2023-10-06T09:00+02:00,-1812.3,18737,42932.73,63190.46,81.65
2023-10-06T10:00+02:00,-3058.9,15591.64,49610.95,63383.8,81.65
2023-10-06T11:00+02:00,-5155,13391.95,56102.19,62677.07,80.38
2023-10-06T12:00+02:00,-6026.19,12746.12,58351.29,61600.3,79.95
2023-10-06T13:00+02:00,-6348.16,12431.31,56671.69,59455.44,79.95
2023-10-06T14:00+02:00,-5171.31,12055.75,53354.24,58178.41,79.95
2023-10-06T15:00+02:00,-4324.61,12445.94,51759.52,57273.49,79.95
2023-10-06T16:00+02:00,-1359.26,13067.8,47047.06,56368.83,79.95
2023-10-06T17:00+02:00,41.64,14909.85,40255.8,56979.02,79.95
2023-10-06T18:00+02:00,-725.87,16455.47,37899.01,58188.84,79.95
2023-10-06T19:00+02:00,-2263.09,16599.7,40038.69,59318.22,79.95
2023-10-06T20:00+02:00,-4580.18,15447.28,41408.13,55988.74,79.95
2023-10-06T21:00+02:00,-5094.34,14672.57,41450.78,51575.02,79.95
2023-10-06T22:00+02:00,-4682.14,14196.6,39819.04,47735.91,79.95
2023-10-06T23:00+02:00,-5266.51,13337.92,40102.11,44758.62,79.95
2023-10-07T00:00+02:00,-4411.99,12195.45,39399.56,42618.2,79.95
2023-10-07T01:00+02:00,-3771.87,11669.23,38537.49,41101.96,79.95
2023-10-07T02:00+02:00,-2226.63,11352.88,36965.28,39797.11,79.95
2023-10-07T03:00+02:00,-1738.52,11152.18,36440.98,39130.11,79.95
2023-10-07T04:00+02:00,-1528.42,10791.95,36547.44,39856.14,79.95
2023-10-07T05:00+02:00,-1572.53,10481.55,35924.48,40306.81,79.95
2023-10-07T06:00+02:00,-1428,10309.06,34408.85,42272.06,79.95
2023-10-07T07:00+02:00,-422.89,9732.05,33802.9,44865.91,79.95
2023-10-07T08:00+02:00,512.43,9351.64,36309.73,48413.12,79.95
2023-10-07T09:00+02:00,657.07,9171.14,39120.7,49823.68,79.95
2023-10-07T10:00+02:00,14.05,9233.42,42184.99,52235.37,79.95
2023-10-07T11:00+02:00,861.04,9323.99,44197.69,52495.62,79.95
2023-10-07T12:00+02:00,1598.44,9131.75,45473.99,51855.6,79.95
2023-10-07T13:00+02:00,1896.14,8405.25,43665.01,50413.75,79.95
2023-10-07T14:00+02:00,1313.38,8287.31,42284.29,48524.29,79.95
2023-10-07T15:00+02:00,1837.96,8576.55,41445.16,48377.09,79.95
2023-10-07T16:00+02:00,3463.68,8989.4,38123.22,48326.1,79.95
2023-10-07T17:00+02:00,4221.6,10553.43,34195.46,49531.41,79.95
2023-10-07T18:00+02:00,1516,11738.42,32643.07,51492.56,79.95
2023-10-07T19:00+02:00,-443.64,12741.52,32895.56,51336.46,79.95
2023-10-07T20:00+02:00,-639.87,12482,32135.34,48381.37,79.95
2023-10-07T21:00+02:00,40.08,11956.85,32002.67,45278.27,79.95
2023-10-07T22:00+02:00,84.06,11276.79,30761.92,43474.54,79.95
2023-10-07T23:00+02:00,-246.51,11374.97,28966.72,40489.77,79.95
2023-10-08T00:00+02:00,430.82,11714.88,27732.69,37768.5,79.95
2023-10-08T01:00+02:00,1200.96,11575,26086.11,36335.47,79.95
2023-10-08T02:00+02:00,1831.49,11434.84,24170.03,35174.41,79.95
2023-10-08T03:00+02:00,3234.93,11493.99,21831.86,34481.16,79.95
2023-10-08T04:00+02:00,3383.04,12030.67,19981.63,33844.3,79.95
2023-10-08T05:00+02:00,4783.38,12066.91,16888.58,34261.51,79.95
2023-10-08T06:00+02:00,5707.58,12409.88,14814.94,35652.44,79.95
2023-10-08T07:00+02:00,8615.83,12595.47,14383.53,38016.06,79.95
2023-10-08T08:00+02:00,9841.92,12645.55,15836.08,40985.17,79.95
2023-10-08T09:00+02:00,10989.02,12257.6,18576.67,43884.59,79.95
2023-10-08T10:00+02:00,10457.8,11778.02,21309.67,45952.06,79.95
2023-10-08T11:00+02:00,10177.89,11154.14,23855.85,47828.53,79.95
2023-10-08T12:00+02:00,10776.02,10828.09,25220.19,47275.13,79.95
2023-10-08T13:00+02:00,11169,10591.61,25690.03,45852.72,79.95
2023-10-08T14:00+02:00,10940.84,10805.54,24364.62,44345.89,79.95
2023-10-08T15:00+02:00,11483.7,12041.37,20770.74,43723.84,79.95
2023-10-08T16:00+02:00,12341.81,14706.7,15936.4,44291.71,79.95
2023-10-08T17:00+02:00,13903.58,17285.1,11081.96,46251.74,79.95
2023-10-08T18:00+02:00,13894.9,18905.03,8636.02,48141.36,79.95
2023-10-08T19:00+02:00,14183.82,19616.11,8765.12,49155.36,79.95
2023-10-08T20:00+02:00,12629.76,19654.07,9782.23,46996.41,79.95
2023-10-08T21:00+02:00,10996.59,19343.1,10607.68,44929.98,79.95
2023-10-08T22:00+02:00,8543.05,19060.85,11629.72,43168.14,79.95
2023-10-08T23:00+02:00,7476.18,18146.31,12746.21,40435.74,79.95
2023-10-09T00:00+02:00,7222.92,17624.9,13666.28,38188.14,79.95
2023-10-09T01:00+02:00,6718.6,16854.28,15315.23,36933.8,79.95
2023-10-09T02:00+02:00,6244.2,16296.51,17068.15,36663.89,79.95
2023-10-09T03:00+02:00,6346.09,15975.28,18489.16,37455.46,79.95
2023-10-09T04:00+02:00,5996.05,16375.88,19459.96,38744.27,79.95
2023-10-09T05:00+02:00,3595.16,19007.81,20684.09,43114.93,79.95
2023-10-09T06:00+02:00,4923.83,21940.24,22320.2,52295.17,79.95
2023-10-09T07:00+02:00,4375.38,23373.94,24005.88,58056.33,79.95
2023-10-09T08:00+02:00,3215.91,24193.32,26314.36,60584.31,79.95
2023-10-09T09:00+02:00,2655.24,24611.55,27914.95,61580.27,79.95
2023-10-09T10:00+02:00,3089.2,24838.82,28341.93,63018.98,79.95
2023-10-09T11:00+02:00,6437.46,24548.83,28523.68,63744.94,79.95
2023-10-09T12:00+02:00,7288.24,24517.29,28730.2,63378.2,79.95
2023-10-09T13:00+02:00,6958.33,24473.95,28840.09,61773.44,79.95
2023-10-09T14:00+02:00,5924.09,25243.55,27312.98,60785.06,79.95
2023-10-09T15:00+02:00,5366.32,26322.46,25057.27,59891.15,79.95
2023-10-09T16:00+02:00,6259.73,27232.87,22753.41,59214.41,79.95
2023-10-09T17:00+02:00,4617.58,28903.08,20414.24,59454.95,79.95
2023-10-09T18:00+02:00,3186.44,29844.26,18781.97,59951.72,79.95
2023-10-09T19:00+02:00,4352.85,30348.35,17733.29,60480.49,79.95
2023-10-09T20:00+02:00,2572.31,30256,17423.13,57176.8,79.95
2023-10-09T21:00+02:00,2646.4,29155.48,16407.27,53426.66,79.95
2023-10-09T22:00+02:00,3063.46,27646.3,15112.74,49298.72,79.95
2023-10-09T23:00+02:00,4037.73,26321.3,13875.76,45940.56,79.95
2023-10-10T00:00+02:00,3256.78,25779.19,12519.25,44041.31,79.95
2023-10-10T01:00+02:00,3991.46,25607.78,11552.9,42631.51,79.95
2023-10-10T02:00+02:00,5499.74,25434.94,10780.56,41658.05,79.95
2023-10-10T03:00+02:00,6034.35,25383.12,10534.03,41975.5,79.95
2023-10-10T04:00+02:00,6072.14,25541.54,10618.26,43098.08,79.95
2023-10-10T05:00+02:00,5485.34,27275.48,11008.42,46349.06,79.95
2023-10-10T06:00+02:00,7841.55,29652.13,11762.45,53939.13,79.95
2023-10-10T07:00+02:00,6939.91,30892.92,12505.72,59028.61,79.95
2023-10-10T08:00+02:00,5867.85,31027.91,15775.86,61086.67,79.95
2023-10-10T09:00+02:00,4392.35,30292.31,21411.01,61613.46,79.95
2023-10-10T10:00+02:00,4348.02,27082.65,27838.59,63106.23,79.95
2023-10-10T11:00+02:00,2320.3,24607.24,33501.49,63578.6,79.95
2023-10-10T12:00+02:00,1438.13,22473.37,36514.76,62373.94,79.95
2023-10-10T13:00+02:00,2959.68,20696.85,37889.91,60588.22,79.95
2023-10-10T14:00+02:00,3006.2,20478.65,37544.77,59228.54,79.95
2023-10-10T15:00+02:00,4357.27,20773.43,34118.98,58848.08,79.95
2023-10-10T16:00+02:00,4080.76,23393.63,28790.76,58750.81,79.95
2023-10-10T17:00+02:00,6582.38,24886.01,23918.04,59865.79,79.95
2023-10-10T18:00+02:00,4703.32,25542.28,23529.6,61074.94,79.95
2023-10-10T19:00+02:00,1934.14,25516.69,27245.88,62547.24,79.95
2023-10-10T20:00+02:00,498.17,23699.38,30934.95,59700.64,79.95
2023-10-10T21:00+02:00,-1115.22,20779.22,32761.33,55276.77,79.95
2023-10-10T22:00+02:00,-962.25,17483.06,34045.79,51665.63,79.95
2023-10-10T23:00+02:00,-250.46,14383.76,34191.17,47553.88,79.95
2023-10-11T00:00+02:00,-1061.03,12877.63,34018.83,43862.89,79.95
2023-10-11T01:00+02:00,-1054.97,12783.68,34146.88,42415.84,79.95
2023-10-11T02:00+02:00,-1118.95,12467.94,34425.19,41963.84,79.95
2023-10-11T03:00+02:00,-564.82,12485.45,34509.94,41987.01,79.95
2023-10-11T04:00+02:00,-109.48,12764.6,34963,43337.1,79.95
2023-10-11T05:00+02:00,1008.32,13232.64,36161.37,47186.34,79.95
2023-10-11T06:00+02:00,353.88,14454.35,38528.95,54577.7,79.95
2023-10-11T07:00+02:00,-2178.42,16780.32,39259.94,59525.69,79.95
2023-10-11T08:00+02:00,-2877.51,16376.19,42754.55,62087.66,79.95
2023-10-11T09:00+02:00,-4923.84,14451.77,49388.21,62644.75,79.95
2023-10-11T10:00+02:00,-4604.26,13487.55,54527.92,63164.48,79.95
2023-10-11T11:00+02:00,-7239.72,13287.65,58203.97,62893.12,79.95
2023-10-11T12:00+02:00,-8967.76,12715.57,59773.64,62560.84,79.95
2023-10-11T13:00+02:00,-9919.24,12425.12,59658.43,61157.8,79.95
2023-10-11T14:00+02:00,-9783.62,12224.18,58806.71,60162.96,79.95
2023-10-11T15:00+02:00,-7722.48,12028.15,55652.09,59459.2,79.95
2023-10-11T16:00+02:00,-4864.39,12942.29,49764.29,59309.13,79.95
2023-10-11T17:00+02:00,-2828.83,16439.48,40291.25,59778.19,79.95
2023-10-11T18:00+02:00,902.65,17477.09,36975.67,61405.42,79.95
2023-10-11T19:00+02:00,-251.95,17260.56,37865.52,63397.86,79.95
2023-10-11T20:00+02:00,-2503.17,17208.41,38456.39,59404.19,79.95
2023-10-11T21:00+02:00,-2899.36,16484.73,39494.25,55195.45,79.95
2023-10-11T22:00+02:00,-3286.78,15086.68,38890.39,51180.04,79.95
2023-10-11T23:00+02:00,-2953.99,13855.95,39204.27,47779.85,79.95
2023-10-12T00:00+02:00,-647.9,12800.28,37113.45,46196.85,79.95
2023-10-12T01:00+02:00,-1348.21,12662.28,35760.57,44884.06,79.95
2023-10-12T02:00+02:00,-461.57,12577.3,33881.6,43359.54,79.95
2023-10-12T03:00+02:00,-202.93,13372.57,32006.13,42787.54,79.95
2023-10-12T04:00+02:00,164.72,15456,29807.22,43370.37,79.95
2023-10-12T05:00+02:00,-231.3,19526.73,28156.37,47752.25,79.95
2023-10-12T06:00+02:00,-410.44,25162.47,27323.33,56429.52,79.95
2023-10-12T07:00+02:00,-189.93,27999.92,26749.25,61679.18,79.95
2023-10-12T08:00+02:00,1437.97,28265.11,26435.7,63542.31,79.95
2023-10-12T09:00+02:00,1442.25,28314.32,27035.08,64337.04,79.95
2023-10-12T10:00+02:00,2939.87,28130.04,28643.63,65299,79.95
2023-10-12T11:00+02:00,5704.25,26890.55,29266.94,66043.72,79.95
2023-10-12T12:00+02:00,6171.51,25858.04,29750.67,65286.85,79.95
2023-10-12T13:00+02:00,6874.68,25360.03,29025.31,64321.64,79.95
2023-10-12T14:00+02:00,7573.82,25767.73,26224.63,62889.33,79.95
2023-10-12T15:00+02:00,6625.26,27920.64,21982.95,62126.34,79.95
2023-10-12T16:00+02:00,7701.77,29629.22,18036.73,60838.86,79.95
2023-10-12T17:00+02:00,7937.33,30473.97,15026.2,60542.82,79.95
2023-10-12T18:00+02:00,6960.72,30939.6,14146.19,61314.96,79.95
2023-10-12T19:00+02:00,5452.9,31449.23,14074.17,61521.9,79.95
2023-10-12T20:00+02:00,3257.13,31294.79,14043.46,57836.95,79.95
2023-10-12T21:00+02:00,3992.24,30154.92,14265.36,54359.95,79.95
2023-10-12T22:00+02:00,3600.78,28201.93,14390.57,50161.91,79.95
2023-10-12T23:00+02:00,2452.42,25895.62,14853.77,46221.96,79.95
2023-10-13T00:00+02:00,3723.22,22815.99,15194.8,43856.65,79.95
2023-10-13T01:00+02:00,4645.79,20979.52,15953.31,42063.12,79.95
2023-10-13T02:00+02:00,4064.58,19819.43,16926.97,40682.6,79.95
2023-10-13T03:00+02:00,5311.06,18315.59,18137.24,41629.17,79.95
2023-10-13T04:00+02:00,5172.75,18607.12,19610.26,42388.9,79.95
2023-10-13T05:00+02:00,5334.7,18869.98,21875.37,46294.28,79.95
2023-10-13T06:00+02:00,6135.86,19959.59,25206.5,54336.95,79.95
2023-10-13T07:00+02:00,4572.08,20771.93,30487.41,60208.77,79.95
2023-10-13T08:00+02:00,1599.25,19668.02,36882.05,62836.71,79.95
2023-10-13T09:00+02:00,-620.59,16933.17,44951.13,63812.52,79.95
2023-10-13T10:00+02:00,-2200.92,12727.87,51717.43,63996.5,79.95
2023-10-13T11:00+02:00,-3364.07,11842.88,56532.26,64019.82,83.44
2023-10-13T12:00+02:00,-5908.53,11210.43,60526.59,63279.32,84.61
2023-10-13T13:00+02:00,-7868.82,10393.28,61879.72,61155.73,84.61
2023-10-13T14:00+02:00,-8312.86,10430.66,59785.93,58829.97,84.61
2023-10-13T15:00+02:00,-8081.96,10762.85,58103.13,58525.74,84.61
2023-10-13T16:00+02:00,-5182.86,10987.75,53978.57,58790.12,84.61
2023-10-13T17:00+02:00,-3015.32,11958.07,47479.88,59209.49,84.61
2023-10-13T18:00+02:00,-2427.64,12909.73,45424.83,60287.72,84.61
2023-10-13T19:00+02:00,-2940.63,13075.85,45115.28,60291.09,84.61
2023-10-13T20:00+02:00,-2910.94,12301.55,44653.12,56114.03,84.61
2023-10-13T21:00+02:00,-2012.72,11228.62,44350.62,51983.94,84.61
2023-10-13T22:00+02:00,-2029.46,10897.23,43639.62,49008.09,84.61
2023-10-13T23:00+02:00,-3554.48,10450.16,43344.45,45834.53,84.61
2023-10-14T00:00+02:00,-6612.72,10134.21,43176.57,43528.04,84.61
2023-10-14T01:00+02:00,-5277.09,9645.64,40950.71,41106.47,84.61
2023-10-14T02:00+02:00,-4584.06,9577.66,40331.15,41101.54,84.61
2023-10-14T03:00+02:00,-4189.31,9617.58,39596.29,40803.49,84.61
2023-10-14T04:00+02:00,-3333.24,9576.64,38449.35,39663.58,84.61
2023-10-14T05:00+02:00,-2648.52,9471.38,37405.49,40286.5,84.61
2023-10-14T06:00+02:00,-3291.31,9282.9,38740.81,42257.13,84.61
2023-10-14T07:00+02:00,-4847.23,9296.57,40136.65,44416.29,84.61
2023-10-14T08:00+02:00,-5245.63,9984.96,41354.04,48245.87,84.61
2023-10-14T09:00+02:00,-5343.46,10076.1,43574.98,50868.96,84.61
2023-10-14T10:00+02:00,-4313.1,10565.32,46342.13,52190.69,84.61
2023-10-14T11:00+02:00,-5531.44,10542.14,49732.19,53373.47,84.61
2023-10-14T12:00+02:00,-5680.48,10373.02,50619.36,53118.74,84.61
2023-10-14T13:00+02:00,-6320.98,10398.07,49547.84,51111.05,84.61
2023-10-14T14:00+02:00,-4984.13,10149.22,48184.87,49889.32,84.61
2023-10-14T15:00+02:00,-5214.74,9997.24,45537.03,48771.85,84.61
2023-10-14T16:00+02:00,-3549.32,10758.48,40374.17,48148.15,84.61
2023-10-14T17:00+02:00,-2409.47,11792.42,35990.69,49920.6,84.61
2023-10-14T18:00+02:00,-2748.86,12861.29,34121.78,51440.57,84.61
2023-10-14T19:00+02:00,-2706.85,12622.88,34588.19,51360.76,84.61
2023-10-14T20:00+02:00,-6385.86,12006.28,35352.55,48700.94,84.61
2023-10-14T21:00+02:00,-6286.21,11516.2,35005.68,46330.73,84.61
2023-10-14T22:00+02:00,-5562.52,11426.92,34429.43,44302.27,84.61
2023-10-14T23:00+02:00,-5543.45,11360.5,34540.43,41958.29,84.61
2023-10-15T00:00+02:00,-5247.79,10888.36,34937.8,39692.85,84.61
2023-10-15T01:00+02:00,-3676.78,10292.56,34181.98,38017.57,84.61
2023-10-15T02:00+02:00,-1259.69,10071.36,33254.25,38124.78,84.61
2023-10-15T03:00+02:00,-818.46,10049.39,32769.48,37952.98,84.61
2023-10-15T04:00+02:00,-283.37,10134.26,32167.68,37754.63,84.61
2023-10-15T05:00+02:00,408.74,9892.88,31218.5,37477.69,84.61
2023-10-15T06:00+02:00,-958.84,10035.04,31922.7,38952.12,84.61
2023-10-15T07:00+02:00,-1774.65,9999.27,32462.79,40617.23,84.61
2023-10-15T08:00+02:00,-3497.92,10137.63,33700.74,43889.99,84.61
2023-10-15T09:00+02:00,-5896.68,11085.43,37767.85,46360.42,84.61
2023-10-15T10:00+02:00,-5399.9,10917.85,42793.17,48807.8,84.61
2023-10-15T11:00+02:00,-4658.42,10736.51,45746.61,50971.98,84.61
2023-10-15T12:00+02:00,-5286.17,9859.32,48994.81,51635.65,84.61
2023-10-15T13:00+02:00,-5334.94,9312.12,49740.18,49510.93,84.61
2023-10-15T14:00+02:00,-6664.05,9213.94,48838.83,47768.99,84.61
2023-10-15T15:00+02:00,-6476.28,9237.21,47739.89,47146.75,84.61
2023-10-15T16:00+02:00,-3982.8,9981.6,42646.89,46473.2,84.61
2023-10-15T17:00+02:00,-2991.8,12864.06,36361.35,48663.67,84.61
2023-10-15T18:00+02:00,-1489.02,15505.14,32397.59,51777.98,84.61
2023-10-15T19:00+02:00,-2067.43,16742.88,31986.77,53030.84,84.61
2023-10-15T20:00+02:00,-3928.72,17331.99,31518.38,50454.72,84.61
2023-10-15T21:00+02:00,-3063.06,17192.86,31109.14,48147.92,84.61
2023-10-15T22:00+02:00,-3123.18,17080.68,30531.63,46887.06,84.61
2023-10-15T23:00+02:00,-2463.05,16452.43,29637.33,43923.23,84.61
2023-10-16T00:00+02:00,-1064.54,15608.82,28153.04,43033.89,84.61
2023-10-16T01:00+02:00,-203.86,15324.41,26274.11,41345.02,84.61
2023-10-16T02:00+02:00,2267.69,15477.13,25220.86,40934.52,84.61
2023-10-16T03:00+02:00,3012.9,15489.14,24952.39,41285.53,84.61
2023-10-16T04:00+02:00,3187.47,16006.82,24541.17,42923.58,84.61
2023-10-16T05:00+02:00,870.85,18902.88,24315.54,46806,84.61
2023-10-16T06:00+02:00,1351.06,24736.29,23879.59,56061.73,84.61
2023-10-16T07:00+02:00,2300.06,28698.13,22744.49,61925.26,84.61
2023-10-16T08:00+02:00,2232.66,29626.69,23909.98,64325.25,84.61
2023-10-16T09:00+02:00,373.73,29039.46,27399.46,64130.13,84.61
2023-10-16T10:00+02:00,-511.23,27098.36,30985.18,64375.33,84.61
2023-10-16T11:00+02:00,-1038.21,25139.37,34563.54,63841.26,84.61
2023-10-16T12:00+02:00,-557.75,24682.19,36179.69,62977.73,84.61
2023-10-16T13:00+02:00,-48.66,24420.89,35893.69,61678.24,84.61
2023-10-16T14:00+02:00,-101.08,24557.46,32526.42,60397.3,84.61
2023-10-16T15:00+02:00,-552.4,28107.87,27327.74,59288.95,84.61
2023-10-16T16:00+02:00,1007.34,31274.96,20111.4,58892.16,84.61
2023-10-16T17:00+02:00,5247.09,33930.89,12795.47,59437.72,84.61
2023-10-16T18:00+02:00,6301.52,35212.79,10092.84,61332.47,84.61
2023-10-16T19:00+02:00,6104.69,35470.58,10460.92,61935.4,84.61
2023-10-16T20:00+02:00,5123.23,34563.29,10491.29,58504.34,84.61
2023-10-16T21:00+02:00,4995.57,33417.55,10488.21,54833.24,84.61
2023-10-16T22:00+02:00,5435.48,31555.95,10225.54,51286.48,84.61
2023-10-16T23:00+02:00,5724.07,29107.14,10052.33,47939.99,84.61
2023-10-17T00:00+02:00,5134.78,27904.48,9862.85,46061.46,84.61
2023-10-17T01:00+02:00,6477.58,27072.3,10090.53,43922.04,84.61
2023-10-17T02:00+02:00,6262.54,26559.82,10064.29,43225.77,84.61
2023-10-17T03:00+02:00,6928.92,26177.9,10180.34,43822.67,84.61
2023-10-17T04:00+02:00,5889.47,26747.7,10372.99,45007.33,84.61
2023-10-17T05:00+02:00,5518.45,29007.27,10701.09,48768.85,84.61
2023-10-17T06:00+02:00,7390.24,32464.47,10928.78,56368.53,84.61
2023-10-17T07:00+02:00,8593.71,34081.73,11346.54,62057.5,84.61
2023-10-17T08:00+02:00,8511.31,34213.98,13730.09,64065.32,84.61
2023-10-17T09:00+02:00,6472.09,33541.93,17950.61,63967.73,84.61
2023-10-17T10:00+02:00,4393.5,32309.64,22216.37,64455.95,84.61
2023-10-17T11:00+02:00,3586.04,29628.53,25851.04,64666.18,84.61
2023-10-17T12:00+02:00,2425.43,27928.5,28557.88,63213.5,84.61
2023-10-17T13:00+02:00,3848.18,26378.66,28467.76,61620.54,84.61
2023-10-17T14:00+02:00,4045.34,26599.47,26956.82,59867.21,84.61
2023-10-17T15:00+02:00,3900.12,28275.42,24232.32,59103.04,84.61
2023-10-17T16:00+02:00,4398.27,30730.35,19467.24,59038.98,84.61
2023-10-17T17:00+02:00,5149,33355.56,13409.92,60395.1,84.61
2023-10-17T18:00+02:00,6694.61,34052.46,12150.28,62887.24,84.61
2023-10-17T19:00+02:00,6723.37,33900.44,14406.76,63797.93,84.61
2023-10-17T20:00+02:00,5129.29,32815.65,16008.06,60850.42,84.61
2023-10-17T21:00+02:00,4670.84,30334.87,17053.44,56980.37,84.61
2023-10-17T22:00+02:00,4047.18,27650.71,17388.9,53451.96,84.61
2023-10-17T23:00+02:00,4230.54,23878.16,17483.69,49319.1,84.61
2023-10-18T00:00+02:00,7205.92,19824.84,17627.43,46679.28,84.61
2023-10-18T01:00+02:00,8108.79,18418.6,17403.35,45081.06,84.61
2023-10-18T02:00+02:00,8543.89,18070.16,17341.67,44177.09,84.61
2023-10-18T03:00+02:00,8209.39,18447.21,17405.74,44554.01,84.61
2023-10-18T04:00+02:00,6896.44,20023.19,17863.67,45619.46,84.61
2023-10-18T05:00+02:00,5581.1,22606.31,18471.01,49084.18,84.61
2023-10-18T06:00+02:00,5336.06,25801.95,19913.02,56723.8,84.61
2023-10-18T07:00+02:00,6106.75,26507,21443.05,62254,84.61
2023-10-18T08:00+02:00,6372.53,26463.11,25089.68,64884.52,84.61
2023-10-18T09:00+02:00,2205.1,25677.69,31054.71,65211.65,84.61
2023-10-18T10:00+02:00,1878.94,23369.02,35954.2,64883.04,84.61
2023-10-18T11:00+02:00,3466.31,19528.17,40081.29,65268.74,82.44
2023-10-18T12:00+02:00,3517.46,17489.38,42998.64,64322.7,81.72
2023-10-18T13:00+02:00,3821.97,16657.7,42476.78,63020.82,81.72
2023-10-18T14:00+02:00,2785.41,17417.98,40265.87,61166.92,81.72
2023-10-18T15:00+02:00,3454.9,18552.23,37435.91,60206.06,81.72
2023-10-18T16:00+02:00,2684.22,21701.48,34073.56,60679.76,81.72
2023-10-18T17:00+02:00,2121.75,22510.91,32161.34,61632.41,81.72
2023-10-18T18:00+02:00,1868.34,22661.75,34296.13,64410.55,81.72
2023-10-18T19:00+02:00,100.95,22294.33,37066,64690.58,81.72
2023-10-18T20:00+02:00,-646.34,20248.96,37164.72,61549.33,81.72
2023-10-18T21:00+02:00,144.24,17428.2,37480.33,58014.18,81.72
2023-10-18T22:00+02:00,472.31,15693.87,37039.77,54620.42,81.72
2023-10-18T23:00+02:00,-106.3,14634.41,36249.89,51532.83,81.72
2023-10-19T00:00+02:00,-248.24,13335.36,35266.75,48300.23,81.72
2023-10-19T01:00+02:00,-534.95,12996.7,35730.26,46763.55,81.72
2023-10-19T02:00+02:00,-658.19,12532.21,34897.44,45396.09,81.72
2023-10-19T03:00+02:00,319.1,12498.21,33952.52,45602.02,81.72
2023-10-19T04:00+02:00,1078.92,13231.11,33539.76,46632.62,81.72
2023-10-19T05:00+02:00,3066.4,15324.85,32176.58,49930.93,81.72
2023-10-19T06:00+02:00,3563.82,18746.27,32094.46,56209.69,81.72
2023-10-19T07:00+02:00,2814.84,21774.87,31913.11,62009.79,81.72
2023-10-19T08:00+02:00,3042.32,23147.81,32212.58,65210.77,81.72
2023-10-19T09:00+02:00,3073.88,23196.34,33534.35,66417.94,81.72
2023-10-19T10:00+02:00,4179.71,23071.08,33988.57,66828.99,81.72
2023-10-19T11:00+02:00,4317.1,23094.94,34152.93,67291.41,81.72
2023-10-19T12:00+02:00,4578.34,23602.28,33684.33,66497.01,81.72
2023-10-19T13:00+02:00,5105.41,23601.92,33897.53,65876.35,81.72
2023-10-19T14:00+02:00,4801.28,23677.62,33022.07,64773.4,81.72
2023-10-19T15:00+02:00,4305.16,24150.85,30554.49,63776.96,81.72
2023-10-19T16:00+02:00,4297.62,24366.98,28947.01,63357.06,81.72
2023-10-19T17:00+02:00,4734.13,24269.29,27804.64,63777.08,81.72
2023-10-19T18:00+02:00,3920.44,24558.09,27731.44,65517.98,81.72
2023-10-19T19:00+02:00,1935.92,24738.1,28620.8,64746.08,81.72
2023-10-19T20:00+02:00,2213.72,23925.48,28904.06,60843.04,81.72
2023-10-19T21:00+02:00,2846.58,20906.63,29882.42,56590.28,81.72
2023-10-19T22:00+02:00,2024.14,18724.71,29679.4,52714.74,81.72
2023-10-19T23:00+02:00,1446.78,16813.66,29391.21,48357.48,81.72
2023-10-20T00:00+02:00,1556.46,14852.08,30002.06,46111.12,81.72
2023-10-20T01:00+02:00,2867.98,14566.88,29131.16,45037.2,81.72
2023-10-20T02:00+02:00,1626,14467.03,30076.37,43843.73,81.72
2023-10-20T03:00+02:00,1339.51,14833.89,30843.7,43948.39,81.72
2023-10-20T04:00+02:00,1519.38,14934.26,31853.77,45895.25,81.72
2023-10-20T05:00+02:00,2647.84,15335.18,32732.67,49448.62,81.72
2023-10-20T06:00+02:00,2551.42,17236.68,35602.8,56437.53,81.72
2023-10-20T07:00+02:00,682.76,18695.1,38421.08,62281.21,81.72
2023-10-20T08:00+02:00,-1359.44,19272.49,40798.78,65139.87,81.72
2023-10-20T09:00+02:00,-1663.81,19388.66,42314.57,66631.18,81.72
2023-10-20T10:00+02:00,-115.12,19046,44304.01,67565.48,81.72
2023-10-20T11:00+02:00,1548.22,18441.43,45472.56,68280.27,81.32
2023-10-20T12:00+02:00,776.95,17849.48,46155.41,66690.71,81.19
2023-10-20T13:00+02:00,1478.97,16292.3,46945.07,65053.58,81.19
2023-10-20T14:00+02:00,892.62,15185.82,47095.54,62647.88,81.19
2023-10-20T15:00+02:00,670,13908.55,46515.76,61010.84,81.19
2023-10-20T16:00+02:00,1342.68,14338.76,43846.56,60278.71,81.19
2023-10-20T17:00+02:00,1672.91,16113.4,39459.83,62093.11,81.19
2023-10-20T18:00+02:00,3942.71,17718.39,36857.8,63579.62,81.19
2023-10-20T19:00+02:00,5058.99,17403.73,34969.74,62535.33,81.19
2023-10-20T20:00+02:00,3813.24,16289.19,33507.33,57822.21,81.19
2023-10-20T21:00+02:00,4974.89,15425.18,32085.33,53562.56,81.19
2023-10-20T22:00+02:00,4586.87,14540.85,30788.97,50011.46,81.19
2023-10-20T23:00+02:00,5055.99,12400.25,31370.16,46494.08,81.19
2023-10-21T00:00+02:00,5082.71,9891.52,31189.45,44323.39,81.19
2023-10-21T01:00+02:00,5802.55,9220.95,31190.91,42869.2,81.19
2023-10-21T02:00+02:00,5328.06,9110.39,30739.59,42066.58,81.19
2023-10-21T03:00+02:00,5878.26,9087.87,30368.03,41711.12,81.19
2023-10-21T04:00+02:00,7097.03,9230.32,29638.61,41873.8,81.19
2023-10-21T05:00+02:00,7209.11,9664.31,29202.65,42889.79,81.19
2023-10-21T06:00+02:00,6845.23,10143.54,29586,44194.72,81.19
2023-10-21T07:00+02:00,6604.13,10648.79,29733.63,46015.1,81.19
2023-10-21T08:00+02:00,5432.07,10761.81,31926.28,48449.68,81.19
2023-10-21T09:00+02:00,4614.75,10676.34,35677.69,51013.93,81.19
2023-10-21T10:00+02:00,3839.9,10057.41,40968.5,52970.82,81.19
2023-10-21T11:00+02:00,2930.37,9309.26,43811.2,54194.62,81.19
2023-10-21T12:00+02:00,-824.64,8983.66,46019.45,53487.96,81.19
2023-10-21T13:00+02:00,-2538.63,8891.04,46084.26,51938.78,81.19
2023-10-21T14:00+02:00,-776.07,9304.77,42872.48,50172.84,81.19
2023-10-21T15:00+02:00,3960.33,10317.84,37276.49,48434.14,81.19
2023-10-21T16:00+02:00,5746.54,11770.02,30574.64,47906,81.19
2023-10-21T17:00+02:00,7746.74,13890.97,23918.69,49034.37,81.19
2023-10-21T18:00+02:00,8591.26,14701.5,23752.69,51973.3,81.19
2023-10-21T19:00+02:00,7342.56,14421.76,26405.01,51977.44,81.19
2023-10-21T20:00+02:00,4455.68,12873.8,28204.49,48635.61,81.19
2023-10-21T21:00+02:00,2921.54,11747.78,28471.23,46270.42,81.19
2023-10-21T22:00+02:00,1507.89,11925.45,28867.32,44218.57,81.19
2023-10-21T23:00+02:00,455.4,11365.66,29533.56,41313.98,81.19
2023-10-22T00:00+02:00,-1664.82,10116.25,31406.07,39082.47,81.19
2023-10-22T01:00+02:00,-2699.21,9351.17,32151.37,37100.04,81.19
2023-10-22T02:00+02:00,-1788.95,8754.49,32647.93,36996.46,81.19
2023-10-22T03:00+02:00,-1173.91,8501.2,32580.65,37032.89,81.19
2023-10-22T04:00+02:00,-2370.58,8525.62,33132.14,37262.04,81.19
2023-10-22T05:00+02:00,-1913.2,8602.62,33448.61,37504.42,81.19
2023-10-22T06:00+02:00,-1093.1,8661.25,33598.67,38236.78,81.19
2023-10-22T07:00+02:00,-337.5,9064.91,33974.55,40288.93,81.19
2023-10-22T08:00+02:00,-1054.79,9072.06,34503.75,43310.6,81.19
2023-10-22T09:00+02:00,-1896.21,9368.65,38807.19,46237.66,81.19
2023-10-22T10:00+02:00,-2650.75,9388.17,44209.95,48581.51,81.19
2023-10-22T11:00+02:00,-3956.23,9125.03,47235.97,50645.76,81.19
2023-10-22T12:00+02:00,-4826.65,8687.8,48856.58,50984.97,81.19
2023-10-22T13:00+02:00,-5258.75,8598.31,47300.88,48814.7,81.19
2023-10-22T14:00+02:00,-4687.88,9043.74,44294.75,47139.94,81.19
2023-10-22T15:00+02:00,-1149.53,11087.63,37345.9,46056.05,81.19
2023-10-22T16:00+02:00,2240.2,13874.99,29551.77,46361.32,81.19
2023-10-22T17:00+02:00,6368.3,16132.29,22409.68,48378.29,81.19
2023-10-22T18:00+02:00,6730.54,18151.56,20792.09,52257.27,81.19
2023-10-22T19:00+02:00,4623.09,19250.44,21079.82,52248.22,81.19
2023-10-22T20:00+02:00,3076.69,19165.44,20715.8,49435.42,81.19
2023-10-22T21:00+02:00,3193.37,18847.4,20288.03,47710.49,81.19
2023-10-22T22:00+02:00,3995.92,18580.68,19911.52,46860.63,81.19
2023-10-22T23:00+02:00,4321.41,18545.57,19142.87,44609.12,81.19
2023-10-23T00:00+02:00,3313.75,18732.76,18302.75,43048.57,81.19
2023-10-23T01:00+02:00,4747.74,18557.25,17297.72,41703.09,81.19
2023-10-23T02:00+02:00,5397.49,18801.09,16291.64,40726.5,81.19
2023-10-23T03:00+02:00,6644.8,19569.33,15038.25,41282.23,81.19
2023-10-23T04:00+02:00,6913.67,21209.44,13933.18,42810.79,81.19
2023-10-23T05:00+02:00,6868.54,23153.85,13045.7,46554.08,81.19
2023-10-23T06:00+02:00,9281.51,26740.25,12265.73,54834.98,81.19
2023-10-23T07:00+02:00,9354.68,29080.66,11653.01,60192,81.19
2023-10-23T08:00+02:00,10174.99,30137.67,13104.72,62361.23,81.19
2023-10-23T09:00+02:00,8228.28,30208.68,18577.65,62849.57,81.19
2023-10-23T10:00+02:00,4358.81,29681.26,23876.9,63471.8,81.19
2023-10-23T11:00+02:00,2493.56,28950.77,26944.55,64556.44,81.19
2023-10-23T12:00+02:00,1971.02,28568.77,26887.2,63411.72,81.19
2023-10-23T13:00+02:00,3512.84,28625.2,25356.47,62055.5,81.19
2023-10-23T14:00+02:00,5677.77,28763.48,23021.41,61326.62,81.19
2023-10-23T15:00+02:00,6453.52,29608.6,19052.37,60274.12,81.19
2023-10-23T16:00+02:00,7019.03,30358.74,15717.08,59639.14,81.19
2023-10-23T17:00+02:00,7730.86,31320.85,13574.07,61570.94,81.19
2023-10-23T18:00+02:00,7642.29,31355.8,15081.36,63653.88,81.19
2023-10-23T19:00+02:00,3978.97,31445.53,18145.85,62376.65,81.19
2023-10-23T20:00+02:00,2838.2,30567.82,20279.64,59177.89,81.19
2023-10-23T21:00+02:00,1687.96,27740.27,21882.9,55949.14,81.19
2023-10-23T22:00+02:00,-286.44,25703.4,22484.45,52342.6,81.19
2023-10-23T23:00+02:00,-97.17,24460.82,23642.53,48754.65,81.19
2023-10-24T00:00+02:00,-2229.28,23665.33,24594.68,46039.69,81.19
2023-10-24T01:00+02:00,-2992.2,23122.49,25490.1,44836.55,81.19
2023-10-24T02:00+02:00,-2914.28,22708.04,25902.04,44025.89,81.19
2023-10-24T03:00+02:00,-2641.17,22401.74,26420.28,44785.62,81.19
2023-10-24T04:00+02:00,-1915.31,22867.98,26744.52,46404.57,81.19
2023-10-24T05:00+02:00,-556.61,23851.83,26620.37,49697.91,81.19
2023-10-24T06:00+02:00,1106.71,25842.11,26667.43,57348.82,81.19
2023-10-24T07:00+02:00,1953.38,28426.37,26163.75,62903.79,81.19
2023-10-24T08:00+02:00,1755.32,29303.82,26347.62,64831.52,81.19
2023-10-24T09:00+02:00,567.94,30146.64,26350.13,65947.08,81.19
2023-10-24T10:00+02:00,2104.88,30667.27,25027.55,66571.18,81.19
2023-10-24T11:00+02:00,3940.07,30718.2,23568.03,66869.44,81.19
2023-10-24T12:00+02:00,5909.94,30327.1,22666.1,65201.03,81.19
2023-10-24T13:00+02:00,6032.86,30894.04,21565.75,65269.15,81.19
2023-10-24T14:00+02:00,6778.56,29975.54,20368.22,64532.29,81.19
2023-10-24T15:00+02:00,6578.86,29985.45,19668.46,62770.25,81.19
2023-10-24T16:00+02:00,5811.66,30093.55,18527.32,61799.28,81.19
2023-10-24T17:00+02:00,6242.03,30578.27,17993.65,62075.69,81.19
2023-10-24T18:00+02:00,6754.65,31357.49,17735.87,63679.04,81.19
2023-10-24T19:00+02:00,6035.66,31403.62,18842.62,62799.13,81.19
2023-10-24T20:00+02:00,3346.18,30581.17,19803.54,59590.63,81.19
2023-10-24T21:00+02:00,2755.9,29372.39,20620.83,56969.58,81.19
2023-10-24T22:00+02:00,2488.86,26813.03,20974.99,53157.08,81.19
2023-10-24T23:00+02:00,3141.58,23827.42,21177.19,49554.13,81.19
2023-10-25T00:00+02:00,4800.38,22356.44,21816.81,47190.77,81.19
2023-10-25T01:00+02:00,5605.09,20252.85,22740.59,45758.22,81.19
2023-10-25T02:00+02:00,5502.97,18626.72,23121.76,45359.14,81.19
2023-10-25T03:00+02:00,5414.81,18676.87,23160.22,45918.2,81.19
2023-10-25T04:00+02:00,4933.87,20019.34,22911.28,46521.16,81.19
2023-10-25T05:00+02:00,3726.67,23657.73,22280.92,49410.23,81.19
2023-10-25T06:00+02:00,3301.4,27996.16,22473.26,56107.5,81.19
2023-10-25T07:00+02:00,4094.67,29709.37,22616.6,61912.72,81.19
2023-10-25T08:00+02:00,4899.89,29997.52,23477.06,63443.06,81.19
2023-10-25T09:00+02:00,2932.01,30201.93,26677.74,63543.32,81.19
2023-10-25T10:00+02:00,1481.32,29155.72,29910.12,64014.19,81.19
2023-10-25T11:00+02:00,627.43,28633.25,32560.43,63867.13,81.19
2023-10-25T12:00+02:00,899.01,28291.76,32761.5,63668.46,81.19
2023-10-25T13:00+02:00,1193.19,27902.36,31485.08,62170.23,81.19
2023-10-25T14:00+02:00,2707.55,28440.85,29309.85,60768.97,81.19
2023-10-25T15:00+02:00,1688.74,29818.27,26200.44,61790.75,81.19
2023-10-25T16:00+02:00,3528.2,30781.42,22648.06,61492.28,81.19
2023-10-25T17:00+02:00,4108.86,31255.23,20905.13,62891.25,81.19
2023-10-25T18:00+02:00,1722.77,31526.32,22336.92,64903.72,81.19
2023-10-25T19:00+02:00,277.48,31297.67,23896.27,63990.68,81.19
2023-10-25T20:00+02:00,16.62,29962.9,25081.33,60752.66,81.19
2023-10-25T21:00+02:00,1649.71,27464.81,25703.72,56989.54,81.19
2023-10-25T22:00+02:00,560.56,25006.62,25960.89,53961.54,81.19
2023-10-25T23:00+02:00,445,23036.08,25994.07,50324.68,81.19
2023-10-26T00:00+02:00,261.54,22027.8,26069.17,47567.93,81.19
2023-10-26T01:00+02:00,-260.24,21379.79,26091.52,45511.55,81.19
2023-10-26T02:00+02:00,656.29,20593.92,25727.95,44499.52,81.19
2023-10-26T03:00+02:00,2383.05,19999.64,24652.34,44727.83,81.19
2023-10-26T04:00+02:00,2653.39,20861.64,23304.45,45979.49,81.19
2023-10-26T05:00+02:00,3237.98,23665.19,21980.31,49442.57,81.19
2023-10-26T06:00+02:00,4050.14,27549.05,20494.22,56806.35,81.19
2023-10-26T07:00+02:00,6347.7,30687.4,19272.12,62961.73,81.19
2023-10-26T08:00+02:00,7103.48,31363.37,19012.8,65148.82,81.19
2023-10-26T09:00+02:00,7175,31459.55,19866.95,65602.42,81.19
2023-10-26T10:00+02:00,7889.2,31611.45,20967.39,66344.92,81.19
2023-10-26T11:00+02:00,8911.07,31476.46,21873.47,67265.35,81.19
2023-10-26T12:00+02:00,10146.26,30467.18,22110.93,66627.18,81.19
2023-10-26T13:00+02:00,10211.88,29867.91,21904.65,65729.03,81.19
2023-10-26T14:00+02:00,9159.39,30040.88,21417.03,64061.79,81.19
2023-10-26T15:00+02:00,8878.1,30672.23,19555.6,62319.26,81.19
2023-10-26T16:00+02:00,8169.89,31477.08,17469.06,61944.52,81.19
2023-10-26T17:00+02:00,6816.12,32232.66,16275.14,62290.52,81.19
2023-10-26T18:00+02:00,6580.57,32574.81,16476.7,64294.51,81.19
2023-10-26T19:00+02:00,4714.84,32693.58,17135.99,63829.24,81.19
2023-10-26T20:00+02:00,5852.93,31409.68,16859.9,60877.67,81.19
2023-10-26T21:00+02:00,5904.07,29589.88,16504.31,57593.88,81.19
2023-10-26T22:00+02:00,5642.83,27861.48,15821.46,53604.51,81.19
2023-10-26T23:00+02:00,6145.97,26057.37,15263.32,50067.77,81.19
2023-10-27T00:00+02:00,5562.88,24838.03,14875.3,47178.8,81.19
2023-10-27T01:00+02:00,6088.19,24165.2,14597.89,45661.83,81.19
2023-10-27T02:00+02:00,5995.68,24052.18,14712.06,44568.48,81.19
2023-10-27T03:00+02:00,6669.46,23994.13,15127.09,44766.42,81.19
2023-10-27T04:00+02:00,6189.4,24083.23,15387.76,46241.94,81.19
2023-10-27T05:00+02:00,6837.54,25387.1,15602.93,49506.45,81.19
2023-10-27T06:00+02:00,6521.14,29213.9,15475.56,56620.05,81.19
2023-10-27T07:00+02:00,7046.1,30076.07,16042.97,61911.62,81.19
2023-10-27T08:00+02:00,7222.7,30391.62,17303.76,64260.98,81.19
2023-10-27T09:00+02:00,6732.75,30305.04,20061.56,65215.51,81.19
2023-10-27T10:00+02:00,6829.18,29889.29,23164.83,66137.32,81.19
2023-10-27T11:00+02:00,6516.46,28795.77,26452.94,66108.43,79.85
2023-10-27T12:00+02:00,5289.94,27716.26,28299.76,65013.23,79.41
2023-10-27T13:00+02:00,4390.72,27041.22,29015.77,63265.92,79.41
2023-10-27T14:00+02:00,4345.79,26714.38,28007.74,60904.78,79.41
2023-10-27T15:00+02:00,4602.65,26755.96,26325.3,59665.15,79.41
2023-10-27T16:00+02:00,5550.91,27172.76,23987.86,59389.21,79.41
2023-10-27T17:00+02:00,5800.95,28045.33,21411.44,60775.47,79.41
2023-10-27T18:00+02:00,4773.56,28313.34,21235.47,62550.54,79.41
2023-10-27T19:00+02:00,4826.74,28036.23,21695.07,61501.5,79.41
2023-10-27T20:00+02:00,4379.61,26297.44,22438.29,58095.16,79.41
2023-10-27T21:00+02:00,6112.05,22145.24,22534.95,53923.4,79.41
2023-10-27T22:00+02:00,5895.03,19065.83,22364.26,50865.22,79.41
2023-10-27T23:00+02:00,6636.61,15635.97,22432.54,46975.67,79.41
2023-10-28T00:00+02:00,7955.48,12823.23,22503.84,43420.65,79.41
2023-10-28T01:00+02:00,8005.93,11156.52,22905.18,41506.55,79.41
2023-10-28T02:00+02:00,7781.42,10443.17,22718.35,39834.36,79.41
2023-10-28T03:00+02:00,7974.04,10323.18,23512.71,40188.8,79.41
2023-10-28T04:00+02:00,9060.14,10490.14,23209.91,40740.04,79.41
2023-10-28T05:00+02:00,8046.96,11016.87,23389.44,41413.12,79.41
2023-10-28T06:00+02:00,8035.56,11672.07,22964.88,43411.12,79.41
2023-10-28T07:00+02:00,8521.32,12957.99,22215.46,45825.88,79.41
2023-10-28T08:00+02:00,8072.33,13760.35,22952.97,48722.39,79.41
2023-10-28T09:00+02:00,7393.93,13570.17,26899.53,51334.71,79.41
2023-10-28T10:00+02:00,7646.24,12281.15,31360.51,52661.92,79.41
2023-10-28T11:00+02:00,8407.43,10734.7,35058.46,53852.82,79.41
2023-10-28T12:00+02:00,8211.12,10155.95,36853.52,54087.44,79.41
2023-10-28T13:00+02:00,8390.63,10177.27,34724.94,52588.26,79.41
2023-10-28T14:00+02:00,9364.25,10867.1,32682.73,51144.66,79.41
2023-10-28T15:00+02:00,9447.93,11652.45,28620.36,50160.13,79.41
2023-10-28T16:00+02:00,8075.7,13268.32,24776.73,49854.6,79.41
2023-10-28T17:00+02:00,6147.81,14339.18,23200.11,51420.22,79.41
2023-10-28T18:00+02:00,7621.11,14446.7,23959.9,53468.23,79.41
2023-10-28T19:00+02:00,7104.3,13748.62,25651.47,52726.74,79.41
2023-10-28T20:00+02:00,7168.8,12928.12,27465.01,49939.17,79.41
2023-10-28T21:00+02:00,6168.62,11033.46,29539.88,47888,79.41
2023-10-28T22:00+02:00,5355.91,9507.07,30650.67,45886.21,79.41
2023-10-28T23:00+02:00,3873.31,8520.51,30915.83,42810.7,79.41
2023-10-29T00:00+02:00,-762.48,7537.81,31732.53,40554.48,79.41
2023-10-29T01:00+02:00,-2097.49,7213.77,33423.45,38378.24,79.41
2023-10-29T02:00+02:00,-3138.02,7146.08,34581.38,37379.16,79.41
2023-10-29T02:00+01:00,-3952.22,7492.63,34400.63,37440.48,79.41
2023-10-29T03:00+01:00,-3941.09,7837.31,34146.9,37403.07,79.41
2023-10-29T04:00+01:00,-4917.13,7839.97,36511.86,38141.79,79.41
2023-10-29T05:00+01:00,-5055.14,7725.3,37752.68,39123.56,79.41
2023-10-29T06:00+01:00,-6296.33,7516.62,39106.56,41179.65,79.41
2023-10-29T07:00+01:00,-7910.1,7525.64,43007.3,44225.69,79.41
2023-10-29T08:00+01:00,-9427.82,7522.98,48414.48,47983.1,79.41
2023-10-29T09:00+01:00,-9554.85,7689.42,51426.23,50366.86,79.41
2023-10-29T10:00+01:00,-8893.74,7781.83,51938.94,51955,79.41
2023-10-29T11:00+01:00,-9095.74,7863.1,52699.4,53538.78,79.41
2023-10-29T12:00+01:00,-8852,7689.95,51113.22,53449.65,79.41
2023-10-29T13:00+01:00,-9346.99,7479.58,49605.08,51537.84,79.41
2023-10-29T14:00+01:00,-5257.14,7441.05,45884.57,49695.85,79.41
2023-10-29T15:00+01:00,-2324.81,7505.49,40754.47,49173.01,79.41
2023-10-29T16:00+01:00,-1208.49,7726.51,38816.81,49631.18,79.41
2023-10-29T17:00+01:00,-1327.7,7960.73,39659.05,52949.59,79.41
2023-10-29T18:00+01:00,-2894.1,8036.8,42035.14,54130.39,79.41
2023-10-29T19:00+01:00,-4904.83,7828.67,43975.51,52785.2,79.41
2023-10-29T20:00+01:00,-7620.6,7639.77,44564.88,50604.6,79.41
2023-10-29T21:00+01:00,-8299.85,7552.76,44187.49,48718.44,79.41
2023-10-29T22:00+01:00,-8364.86,7497.46,43511.82,47338.07,79.41
2023-10-29T23:00+01:00,-7869.05,7209.69,43280.14,44951.84,79.41
2023-10-30T00:00+01:00,-9256.83,9200.12,42631.89,43178.28,79.41
2023-10-30T01:00+01:00,-8203.34,9285.83,41879.12,42094.03,79.41
2023-10-30T02:00+01:00,-6748.07,9166.03,39296.54,40719.37,79.41
2023-10-30T03:00+01:00,-6123.81,9482.38,38323.51,41360.77,79.41
2023-10-30T04:00+01:00,-3846.27,9746.12,37179.37,42513.75,79.41
2023-10-30T05:00+01:00,-2053.31,11171.29,35795.97,45966.81,79.41
2023-10-30T06:00+01:00,1651.19,14579.08,35021.5,53250.64,79.41
2023-10-30T07:00+01:00,1126.73,18554.61,34911.76,58164.85,79.41
2023-10-30T08:00+01:00,-431.37,19926.76,37234.19,61217.05,79.41
2023-10-30T09:00+01:00,-2232.4,19715.46,41365.01,61353.63,79.41
2023-10-30T10:00+01:00,-1433.55,18701.21,42375.96,61931.53,79.41
2023-10-30T11:00+01:00,-1616.27,19357.54,40621.51,63034.77,79.41
2023-10-30T12:00+01:00,-759.15,21651.94,37571.7,61877.06,79.41
2023-10-30T13:00+01:00,1363.58,23834.76,32072.4,61269.61,79.41
2023-10-30T14:00+01:00,2882.64,25845.87,25052.22,59807.6,79.41
2023-10-30T15:00+01:00,5176.49,27382.57,20024.1,59209.02,79.41
2023-10-30T16:00+01:00,6210.97,27398.55,18538.87,59336.14,79.41
2023-10-30T17:00+01:00,6567.72,27384.02,19130.77,61949.52,79.41
2023-10-30T18:00+01:00,4628.36,27197.14,20419.42,62352.57,79.41
2023-10-30T19:00+01:00,4869.08,26947.79,20324.62,60769.76,79.41
2023-10-30T20:00+01:00,4224.58,25792.19,19411.45,57218.55,79.41
2023-10-30T21:00+01:00,5908.76,23073.45,17771.46,53557.35,79.41
2023-10-30T22:00+01:00,6264.38,21576.78,16863.01,49935.17,79.41
2023-10-30T23:00+01:00,6522.85,19272.18,16753.23,45540.09,79.41
2023-10-31T00:00+01:00,7645.94,16947.14,17463.35,43599.99,79.41
2023-10-31T01:00+01:00,7673.33,15701.23,18676.59,41776.13,79.41
2023-10-31T02:00+01:00,6572.5,15290.89,20844.22,40888.46,79.41
2023-10-31T03:00+01:00,6596.51,14058.02,23389,41123.59,79.41
2023-10-31T04:00+01:00,4453.77,14290.85,26005.65,42461.19,79.41
2023-10-31T05:00+01:00,3448.13,15573.63,29332.34,45340.74,79.41
2023-10-31T06:00+01:00,-597.83,19116.93,33958.49,52311.54,79.41
2023-10-31T07:00+01:00,-3603.82,20910.88,36834.18,56813.82,79.41
2023-10-31T08:00+01:00,-3176.46,20163.85,41131.4,60018.12,79.41
2023-10-31T09:00+01:00,-2738.38,18370.91,43804.42,61022.59,79.41
2023-10-31T10:00+01:00,-3337.58,18018.02,45834.69,62221.76,79.41
2023-10-31T11:00+01:00,-2936.15,17666.33,45952.32,62791.77,79.41
2023-10-31T12:00+01:00,-3222.1,17461.05,45005.8,62284.86,79.41
2023-10-31T13:00+01:00,-1334.58,17335.9,42717.67,60833.28,79.41
2023-10-31T14:00+01:00,1853.94,17520.38,38400.97,60397.95,79.41
2023-10-31T15:00+01:00,1362.17,19611.53,31899.65,59455.83,79.41
2023-10-31T16:00+01:00,3185.18,22472.95,26831.44,59675.66,79.41
2023-10-31T17:00+01:00,2816.63,23853.65,25473.09,61267.12,79.41
2023-10-31T18:00+01:00,2298.42,24026.18,25747.56,61705.79,79.41
2023-10-31T19:00+01:00,3827.96,22664.43,24963.89,60074.71,79.41
2023-10-31T20:00+01:00,4792.62,20184.88,24233.25,56937.92,79.41
2023-10-31T21:00+01:00,8527.92,16605.4,23334.99,53175.67,79.41
2023-10-31T22:00+01:00,7774.56,15685.77,22279.92,49879.62,79.41
2023-10-31T23:00+01:00,8917.12,13435.05,21425.86,46106.07,79.41
2023-11-01T00:00+01:00,10242.73,10257.62,21787.97,43044.52,79.41
2023-11-01T01:00+01:00,9351.11,9792.97,21092.54,41081.07,79.41
2023-11-01T02:00+01:00,9512.1,10053.37,21101.31,40491.44,79.41
2023-11-01T03:00+01:00,9585.47,10225.74,21860.51,40025.88,79.41
2023-11-01T04:00+01:00,9774.72,10424.48,22834.08,40413.56,79.41
2023-11-01T05:00+01:00,8704.14,10753.24,23353.32,41881.42,79.41
2023-11-01T06:00+01:00,9216.36,11117.9,24111.35,45378.16,79.41
2023-11-01T07:00+01:00,7200.34,11754.26,25549.84,48343.96,79.41
2023-11-01T08:00+01:00,5450.12,11638.08,30311.63,50591.55,79.41
2023-11-01T09:00+01:00,4651.27,10797.36,35379.51,52249.51,79.41
2023-11-01T10:00+01:00,2485.8,10471.46,39561.26,53992.32,79.41
2023-11-01T11:00+01:00,1886.28,10209.68,42011.69,54818.06,79.41
2023-11-01T12:00+01:00,1807.82,10213.89,41978.67,54408.26,79.41
2023-11-01T13:00+01:00,3593.61,9972.33,40064.06,52829.01,79.41
2023-11-01T14:00+01:00,6174.66,10879.65,36527.02,52042.52,79.41
2023-11-01T15:00+01:00,6482.95,12294.67,33464.64,52186.45,79.41
2023-11-01T16:00+01:00,6706.09,12656.21,33793.11,53683.9,79.41
2023-11-01T17:00+01:00,6414.71,12795.55,37453.38,57561.98,79.41
2023-11-01T18:00+01:00,3534.45,12338.15,41136.06,58314.48,79.41
2023-11-01T19:00+01:00,2388.99,10837.6,42773.72,57196.27,79.41
2023-11-01T20:00+01:00,2006.47,9891.95,42625.2,54851.17,79.41
2023-11-01T21:00+01:00,203.61,9264.61,42074.06,52402.86,79.41
2023-11-01T22:00+01:00,507.62,8938.56,41041.88,50423.58,79.41
2023-11-01T23:00+01:00,-1235.14,8744.14,39684.85,47060.27,79.41
2023-11-02T00:00+01:00,-206.03,8693.66,37369.5,44226.02,79.41
2023-11-02T01:00+01:00,-108.82,8517.68,36016.94,42718.65,79.41
2023-11-02T02:00+01:00,159.73,8321.5,35701.77,42411.68,79.41
2023-11-02T03:00+01:00,774.52,8366.89,35923.43,42418.42,79.41
2023-11-02T04:00+01:00,315.11,8662.83,37570.86,43870.44,79.41
2023-11-02T05:00+01:00,55.27,9065.1,40329.25,48456.54,79.41
2023-11-02T06:00+01:00,1554.95,9618.85,44784.22,56314.67,79.41
2023-11-02T07:00+01:00,2006.46,10629.89,48592.64,61777.77,79.41
2023-11-02T08:00+01:00,-2162.24,11720.98,50422.31,64268.88,79.41
2023-11-02T09:00+01:00,-1764.94,12592.18,50676.66,64581.4,79.41
2023-11-02T10:00+01:00,-1588.25,13085.89,52047.06,64913.85,79.41
2023-11-02T11:00+01:00,-166.77,13328.04,52618.22,66618.07,79.41
2023-11-02T12:00+01:00,-1085.43,13563.3,53180.63,66522.46,79.41
2023-11-02T13:00+01:00,378.08,13544.6,51827.9,65852.7,79.41
2023-11-02T14:00+01:00,1204.34,13425.64,50566.05,64743.6,79.41
2023-11-02T15:00+01:00,1790.04,12817.99,48456.76,64000.56,79.41
2023-11-02T16:00+01:00,1543.76,12750.64,47764.78,64344.81,79.41
2023-11-02T17:00+01:00,2401.07,12809.79,47624.51,66113.14,79.41
2023-11-02T18:00+01:00,1611.36,12701.09,47148.53,66060.61,79.41
2023-11-02T19:00+01:00,2814.4,12080.86,45216.1,63504.94,79.41
2023-11-02T20:00+01:00,3748.9,11150.6,42609.85,59988.87,79.41
2023-11-02T21:00+01:00,3154.22,10802.69,40996.42,56077.46,79.41
2023-11-02T22:00+01:00,2394.91,10650.46,39014.65,52541.2,79.41
2023-11-02T23:00+01:00,3313.2,10287.89,37640.72,49172.81,79.41
2023-11-03T00:00+01:00,655.29,9902.89,38420.62,46342.93,79.41
2023-11-03T01:00+01:00,-669.06,10020.79,37169.84,44781.86,79.41
2023-11-03T02:00+01:00,-153.48,10108.47,36322.29,44213.62,79.41
2023-11-03T03:00+01:00,741.06,10097.79,35884.25,44653.24,79.41
2023-11-03T04:00+01:00,591.42,10333.73,36710.77,46110.56,79.41
2023-11-03T05:00+01:00,2880.61,10528.76,36667.04,49566.76,79.41
2023-11-03T06:00+01:00,6084.34,12169.69,37470.66,56468.84,79.41
2023-11-03T07:00+01:00,6128.5,14147.39,38001.93,61812.62,79.41
2023-11-03T08:00+01:00,4846.05,14860.18,38980.53,64317.68,79.41
2023-11-03T09:00+01:00,3426.08,14847.29,41094.88,64941.04,79.41
2023-11-03T10:00+01:00,3029.81,14532.87,43320.89,64931.28,79.41
2023-11-03T11:00+01:00,3701.86,14630.27,44587.43,64898.32,78.61
2023-11-03T12:00+01:00,4290.78,14310.85,43475.17,63670.92,78.35
2023-11-03T13:00+01:00,5526.95,14539.56,41578.46,62374.61,78.35
2023-11-03T14:00+01:00,6957.14,14451.06,37860.92,60809.22,78.35
2023-11-03T15:00+01:00,8936.73,15126.7,32862.36,60232.39,78.35
2023-11-03T16:00+01:00,11210.92,15566.43,30150.15,61022.74,78.35
2023-11-03T17:00+01:00,10509.55,15757.33,31608.75,63186.4,78.35
2023-11-03T18:00+01:00,7575.28,16028.02,33149.35,62777.23,78.35
2023-11-03T19:00+01:00,6888.77,15273.41,34633.44,60878.04,78.35
2023-11-03T20:00+01:00,5691.98,13960.08,36276.9,57761.99,78.35
2023-11-03T21:00+01:00,4667.21,11272.98,36946.02,54360.54,78.35
2023-11-03T22:00+01:00,1589.73,10020.68,35554.38,50436.74,78.35
2023-11-03T23:00+01:00,264.7,9306.37,35314.42,47138.18,78.35
2023-11-04T00:00+01:00,-419.31,8327.6,35709.8,44341.4,78.35
2023-11-04T01:00+01:00,-2299.88,8148.59,36132.27,43166.41,78.35
2023-11-04T02:00+01:00,-1901.77,8133.56,36604.53,42615.77,78.35
2023-11-04T03:00+01:00,-2242.88,8146.51,36741.13,42610.69,78.35
2023-11-04T04:00+01:00,-1287.57,8200.02,36734.7,43345.46,78.35
2023-11-04T05:00+01:00,-713.55,8271.19,37165.1,43876.14,78.35
2023-11-04T06:00+01:00,-1300.23,8144,37614.33,45361.89,78.35
2023-11-04T07:00+01:00,-1630.51,8159.37,38484.34,47539.44,78.35
2023-11-04T08:00+01:00,-1525.74,8176.75,42271.88,50372.46,78.35
2023-11-04T09:00+01:00,-2899.15,8300.98,47484.11,53193.78,78.35
2023-11-04T10:00+01:00,-4494.66,8209.85,51776.64,54601.45,78.35
2023-11-04T11:00+01:00,-6821.4,8136.74,53725.63,56080.16,78.35
2023-11-04T12:00+01:00,-6754.34,7981.67,51417.02,55508.09,78.35
2023-11-04T13:00+01:00,-3130.11,7922.86,46971.23,52501.97,78.35
2023-11-04T14:00+01:00,-818.37,8015.58,43438.9,51799.87,78.35
2023-11-04T15:00+01:00,-483.38,8098.36,41954.1,52818.71,78.35
2023-11-04T16:00+01:00,-2201.54,8112.5,42983.05,54174.64,78.35
2023-11-04T17:00+01:00,-4716.13,8185.81,46074.69,58024.09,78.35
2023-11-04T18:00+01:00,-5242.91,8096.38,49055.61,57865.96,78.35
2023-11-04T19:00+01:00,-6642.52,8120.93,49665.36,55614.85,78.35
2023-11-04T20:00+01:00,-7862.23,8163.94,49464.57,52208.35,78.35
2023-11-04T21:00+01:00,-7371.62,7991.85,48014.51,50056.19,78.35
2023-11-04T22:00+01:00,-6002.92,8083.26,44998.63,48138.45,78.35
2023-11-04T23:00+01:00,-5261.8,7822.64,42566.19,45267.63,78.35
2023-11-05T00:00+01:00,-3963.88,7898.78,39874.39,42636.91,78.35
2023-11-05T01:00+01:00,-4166.31,7991.52,38412.1,40839.98,78.35
2023-11-05T02:00+01:00,-3074.24,7899.04,36625.56,39416.44,78.35
2023-11-05T03:00+01:00,-2805.09,8003.22,35618.7,39515.98,78.35
2023-11-05T04:00+01:00,-1555.4,7994.62,34524.83,39988.9,78.35
2023-11-05T05:00+01:00,-1328.68,8122.99,34408.31,40290.26,78.35
2023-11-05T06:00+01:00,-1797.66,8121.56,33735.3,40545.72,78.35
2023-11-05T07:00+01:00,-417.63,8193.85,33412.37,41973.54,78.35
2023-11-05T08:00+01:00,758.19,8211.63,34643.24,44781.73,78.35
2023-11-05T09:00+01:00,2310.68,8294.45,35565.08,46975.52,78.35
2023-11-05T10:00+01:00,3587.71,8543.44,36493.03,49155.1,78.35
2023-11-05T11:00+01:00,4013.12,8911.26,37681.81,51703.31,78.35
2023-11-05T12:00+01:00,4144.9,9092.97,38534.36,51714.27,78.35
2023-11-05T13:00+01:00,4382.26,8837.23,37420.7,50311.28,78.35
2023-11-05T14:00+01:00,4169.28,8678.82,35838.65,49098.88,78.35
2023-11-05T15:00+01:00,3025.26,8711.62,33860.93,48763.95,78.35
2023-11-05T16:00+01:00,1409.52,9154.72,33631.89,49657.14,78.35
2023-11-05T17:00+01:00,563.8,9987.48,35575.16,52928.75,78.35
2023-11-05T18:00+01:00,-2101.78,10634.91,37948.61,53849.32,78.35
2023-11-05T19:00+01:00,-3094.18,9903.13,41329.54,52664.73,78.35
2023-11-05T20:00+01:00,-5512.97,9003.82,43679.18,50246.44,78.35
2023-11-05T21:00+01:00,-8538.41,8891.24,46168.42,48752.87,78.35
2023-11-05T22:00+01:00,-8727.22,8886.2,47174.46,48149.97,78.35
2023-11-05T23:00+01:00,-9627.16,8794.71,47683.68,46402.75,78.35
2023-11-06T00:00+01:00,-12693.63,9510.94,48717.86,44795.7,78.35
2023-11-06T01:00+01:00,-13389.64,9891.05,47893.17,43350.78,78.35
2023-11-06T02:00+01:00,-12446.18,9854.7,47004.62,42701.78,78.35
2023-11-06T03:00+01:00,-12598.64,9778.54,47637.95,43371.7,78.35
2023-11-06T04:00+01:00,-12201.04,10217.06,47016.4,44599.21,78.35
2023-11-06T05:00+01:00,-8648.74,11049.77,46391.78,48510.22,78.35
2023-11-06T06:00+01:00,-5530.68,13079.24,46393.54,56906.77,78.35
2023-11-06T07:00+01:00,-4169.33,14983.46,46384.75,62082.76,78.35
2023-11-06T08:00+01:00,-3992.73,15710.49,48884.74,64604.2,78.35
2023-11-06T09:00+01:00,-5482.54,14289.86,54287.97,65236.55,78.35
2023-11-06T10:00+01:00,-7184.14,12862.47,58658.2,65786.68,78.35
2023-11-06T11:00+01:00,-8078.72,12417.04,59602.63,66595.23,78.35
2023-11-06T12:00+01:00,-7923.84,13160.01,58149.03,66470.89,78.35
2023-11-06T13:00+01:00,-4002.79,13518.72,54047.8,65394.2,78.35
2023-11-06T14:00+01:00,-912.46,14421.58,48022.9,63572.81,78.35
2023-11-06T15:00+01:00,2437.9,15726.17,41958.47,63889.16,78.35
2023-11-06T16:00+01:00,2191.23,17774.14,38402.81,64810.63,78.35
2023-11-06T17:00+01:00,1108.04,18821.86,38917.39,67767.6,78.35
2023-11-06T18:00+01:00,-237.33,19119.08,40923.86,67699.73,78.35
2023-11-06T19:00+01:00,-2173.27,19340.38,42145.88,65953.43,78.35
2023-11-06T20:00+01:00,-2917.52,17786.47,42789.92,62398.14,78.35
2023-11-06T21:00+01:00,-3132.82,15517.53,43503.78,58786.4,78.35
2023-11-06T22:00+01:00,-2583.7,13928.63,42960.21,55592.01,78.35
2023-11-06T23:00+01:00,-3058.51,12863.85,41450.43,52063.32,78.35
2023-11-07T00:00+01:00,-4228.84,13414.94,40307.28,48243.63,78.35
2023-11-07T01:00+01:00,-4336.31,13125.76,39087.49,46614.5,78.35
2023-11-07T02:00+01:00,-3244.71,12830.18,38684.97,46079.74,78.35
2023-11-07T03:00+01:00,-2332.53,13329.81,37861.81,46700.4,78.35
2023-11-07T04:00+01:00,-1206.74,13796.61,37197.1,48201.58,78.35
2023-11-07T05:00+01:00,-709.08,15443.52,37014.84,51314.2,78.35
2023-11-07T06:00+01:00,-341.3,18942.12,36776.32,59379.27,78.35
2023-11-07T07:00+01:00,-106.23,20375.84,36831.37,64310.85,78.35
2023-11-07T08:00+01:00,-91.04,19823.02,39674.08,66571.34,78.35
2023-11-07T09:00+01:00,-1509.34,19421.6,43527.75,67145.55,78.35
2023-11-07T10:00+01:00,-798.15,18376.56,45869.27,67377.97,78.35
2023-11-07T11:00+01:00,659.65,17215.37,46849.78,67224.11,78.35
2023-11-07T12:00+01:00,1577.56,17219.32,45875.31,67354.92,78.35
2023-11-07T13:00+01:00,1540.6,17806.31,42951.61,65958.87,78.35
2023-11-07T14:00+01:00,4246.92,18566.52,39121.61,64406.15,78.35
2023-11-07T15:00+01:00,5547.87,19790.98,34609.68,64479.2,78.35
2023-11-07T16:00+01:00,5506.58,20711.68,32443.49,65002.23,78.35
2023-11-07T17:00+01:00,4166.08,21543.72,34059.19,67384.59,78.35
2023-11-07T18:00+01:00,2027.85,21930.53,36152.27,67249.08,78.35
2023-11-07T19:00+01:00,-450.69,21620.07,37636.11,65224.68,78.35
2023-11-07T20:00+01:00,-2016.77,20575.7,39092.57,62156.99,78.35
2023-11-07T21:00+01:00,-2861.64,19622.05,38883.67,58241.46,78.35
2023-11-07T22:00+01:00,-4781.92,18661.46,39162.35,54604.68,78.35
2023-11-07T23:00+01:00,-5179.76,16287.66,39062.51,51103.62,78.35
2023-11-08T00:00+01:00,-4428.01,15092.64,39054.6,48501.04,78.35
2023-11-08T01:00+01:00,-4542.75,14998.9,39547.4,47477.93,78.35
2023-11-08T02:00+01:00,-5221.48,14020.87,39867.4,46901.5,78.35
2023-11-08T03:00+01:00,-5967.71,13754.22,40021.44,47066.89,78.35
2023-11-08T04:00+01:00,-5677.43,14554.41,40451.42,48525.5,78.35
2023-11-08T05:00+01:00,-3435.99,15895.31,40448.71,52281.96,78.35
2023-11-08T06:00+01:00,-888.69,18063.7,40354.97,59523.85,78.35
2023-11-08T07:00+01:00,-1409.48,19967.48,40438.1,65202.74,78.35
2023-11-08T08:00+01:00,-2151.8,20373.21,42742.38,67570.52,78.35
2023-11-08T09:00+01:00,-2837.69,19737.82,46474.06,67388.23,78.35
2023-11-08T10:00+01:00,-2364.95,18435.83,50142.82,67585.71,78.35
2023-11-08T11:00+01:00,-2689.3,17261.62,53476.57,67679.75,78.35
2023-11-08T12:00+01:00,-2405.74,16562.7,53952.5,67611.39,78.35
2023-11-08T13:00+01:00,-3206.59,17000.43,51035.45,66365.54,78.35
2023-11-08T14:00+01:00,-352.97,18469.65,45992.62,65075.15,78.35
2023-11-08T15:00+01:00,2170.32,19856.84,39292.75,65099.18,78.35
2023-11-08T16:00+01:00,3224.91,20463.6,36035.81,65315.35,78.35
2023-11-08T17:00+01:00,2944.18,20929.28,38389.25,68372.42,78.35
2023-11-08T18:00+01:00,197.68,21055.05,40970.33,68216.99,78.35
2023-11-08T19:00+01:00,-2646.85,20994.32,42769.78,67107.78,78.35
2023-11-08T20:00+01:00,-3660.07,20318.18,43222.83,63594.8,78.35
2023-11-08T21:00+01:00,-4085.31,17937.26,43480.1,59372.92,78.35
2023-11-08T22:00+01:00,-4281.78,16817.69,42146.18,55822.44,78.35
2023-11-08T23:00+01:00,-3765.75,15951.27,41272.5,52346.3,78.35
2023-11-09T00:00+01:00,-2330.18,14457.91,39421.85,49489.37,78.35
2023-11-09T01:00+01:00,-2519.69,14389.07,37615.44,47799.94,78.35
2023-11-09T02:00+01:00,-2229.47,14409.78,36441.03,47190.12,78.35
2023-11-09T03:00+01:00,-1547.39,14717.49,35991.13,47448.81,78.35
2023-11-09T04:00+01:00,-1606.6,15677.45,35560.97,48589.54,78.35
2023-11-09T05:00+01:00,-1539.47,17477.56,35201.64,52021.38,78.35
2023-11-09T06:00+01:00,-1755.72,21033.43,35652.43,59444.67,78.35
2023-11-09T07:00+01:00,-755.88,23068.16,36428.61,64816.32,78.35
2023-11-09T08:00+01:00,-67.33,22773.73,38388.67,67292.28,78.35
2023-11-09T09:00+01:00,543.03,22044.16,39912.1,67535.36,78.35
2023-11-09T10:00+01:00,1497.9,21873.28,40601.76,68909.5,78.35
2023-11-09T11:00+01:00,2686.51,22526.43,39588.58,69117.52,78.35
2023-11-09T12:00+01:00,3022.72,23026.54,39009.58,68288.72,78.35
2023-11-09T13:00+01:00,4054.45,23662.16,37714.59,66996.29,78.35
2023-11-09T14:00+01:00,3435.14,24561.72,34825.02,65577.94,78.35
2023-11-09T15:00+01:00,4153.68,26130.48,31241.61,65585.79,78.35
2023-11-09T16:00+01:00,2040.78,27197.13,31056.82,66344.47,78.35
2023-11-09T17:00+01:00,119.51,27128.8,32872.74,68483.94,78.35
2023-11-09T18:00+01:00,-680.45,26986.77,35003.81,67700.95,78.35
2023-11-09T19:00+01:00,-1524.38,25767.93,37499.35,66180.8,78.35
2023-11-09T20:00+01:00,-2947.86,24025.18,37727.26,62575.46,78.35
2023-11-09T21:00+01:00,-2315.23,20710.73,38059.09,58539.99,78.35
2023-11-09T22:00+01:00,-1271.34,18416.41,37813.5,54817.38,78.35
2023-11-09T23:00+01:00,-2178.96,17219.89,36564.48,50998.23,78.35
2023-11-10T00:00+01:00,-1006.88,16238.63,35022.72,48819.04,78.35
2023-11-10T01:00+01:00,-541.74,15155.14,34210.16,46808.22,78.35
2023-11-10T02:00+01:00,-1088.55,14731.6,33959.55,46353.42,78.35
2023-11-10T03:00+01:00,-884.85,14798.87,34009.29,46633.04,78.35
2023-11-10T04:00+01:00,-775.23,15564.25,33454.05,47626.32,78.35
2023-11-10T05:00+01:00,-126.79,17234.16,33930.56,51008.53,78.35
2023-11-10T06:00+01:00,266.54,21678.59,34324.31,58865.74,78.35
2023-11-10T07:00+01:00,38.35,25069.13,34018.53,65082.62,78.35
2023-11-10T08:00+01:00,-705.22,25380.33,34504.14,67270.27,78.35
2023-11-10T09:00+01:00,-709.92,25346.26,37103.69,67200.55,78.35
2023-11-10T10:00+01:00,-965.9,24622.3,40440.4,67431.02,78.35
2023-11-10T11:00+01:00,-2161.59,24204.99,43563.6,68171.07,76.93
2023-11-10T12:00+01:00,-2159.16,23559.87,44414.3,67114.89,76.46
2023-11-10T13:00+01:00,-2989.77,23802.87,41902.36,65221.77,76.46
2023-11-10T14:00+01:00,-631.83,24838.23,36461.19,63574.55,76.46
2023-11-10T15:00+01:00,1871.11,26466.26,30090.07,62990.55,76.46
2023-11-10T16:00+01:00,2799.01,27501.27,25774.08,63591.94,76.46
2023-11-10T17:00+01:00,3369,28000.56,25467.01,65182.19,76.46
2023-11-10T18:00+01:00,2640.13,27516.34,25792.8,64489.82,76.46
2023-11-10T19:00+01:00,2590.64,26710.86,24827.06,62784.88,76.46
2023-11-10T20:00+01:00,2073.21,25468.48,23823.62,58957.98,76.46
2023-11-10T21:00+01:00,3207.73,23581.08,22607.82,55548.49,76.46
2023-11-10T22:00+01:00,3609.36,22756.75,21182.55,52443.36,76.46
2023-11-10T23:00+01:00,3581.02,21399.31,20617.13,48665.15,76.46
2023-11-11T00:00+01:00,4926.15,19527.51,20037.34,45906.2,76.46
2023-11-11T01:00+01:00,5869.05,18379.65,20378.19,43756.99,76.46
2023-11-11T02:00+01:00,5811.79,17545.17,20203,42550.27,76.46
2023-11-11T03:00+01:00,6056.49,17466.23,20569.37,42532.64,76.46
2023-11-11T04:00+01:00,5837.33,17552.94,20681.22,42665.86,76.46
2023-11-11T05:00+01:00,4830.02,17967.46,21456.21,42672.78,76.46
2023-11-11T06:00+01:00,2799.87,19012.36,22521.15,44219.37,76.46
2023-11-11T07:00+01:00,1069.58,20478.35,22768.9,47530.26,76.46
2023-11-11T08:00+01:00,1014.42,21862.95,24851.27,50788.15,76.46
2023-11-11T09:00+01:00,524.78,21669.92,28339.7,53725.39,76.46
2023-11-11T10:00+01:00,382.19,21104.02,30284.44,54958.03,76.46
2023-11-11T11:00+01:00,1554.71,20677.22,31348.43,55814.18,76.46
2023-11-11T12:00+01:00,1607.96,20476.79,32362.47,55046.24,76.46
2023-11-11T13:00+01:00,2070,20031.15,31494.66,54090.55,76.46
2023-11-11T14:00+01:00,1984.06,21068.37,27801.62,52540.15,76.46
2023-11-11T15:00+01:00,3628.33,22394.14,23075.58,52317.78,76.46
2023-11-11T16:00+01:00,4085.11,23579.66,20804.02,53678.37,76.46
2023-11-11T17:00+01:00,3796.65,24263.39,21246.42,56535.37,76.46
2023-11-11T18:00+01:00,2754.94,24283.52,21555.43,56520.72,76.46
2023-11-11T19:00+01:00,1581.31,24186.3,21637.55,54645.18,76.46
2023-11-11T20:00+01:00,2073.18,23361.75,21344.21,51373.75,76.46
2023-11-11T21:00+01:00,3082.52,22225.73,20019.55,49281.34,76.46
2023-11-11T22:00+01:00,3019.57,21991.8,18360.6,47379.44,76.46
2023-11-11T23:00+01:00,4015.91,20462.52,16968.45,44160.51,76.46
2023-11-12T00:00+01:00,5781.21,19054.83,16146.06,41707.62,76.46
2023-11-12T01:00+01:00,8073.49,17371.48,15715.33,39942.32,76.46
2023-11-12T02:00+01:00,8696.31,16795.84,15326.31,39178.27,76.46
2023-11-12T03:00+01:00,9166.93,16692.95,14764.96,38992.96,76.46
2023-11-12T04:00+01:00,9441.85,17049.59,14230.95,39532.54,76.46
2023-11-12T05:00+01:00,8759.85,17654.54,13899.82,39896.83,76.46
2023-11-12T06:00+01:00,8633.85,18002.72,13830.29,40408.84,76.46
2023-11-12T07:00+01:00,7697.16,18917.24,13390.75,41960.76,76.46
2023-11-12T08:00+01:00,8373.41,19589.79,15241.36,45297.43,76.46
2023-11-12T09:00+01:00,7828.72,19944.63,18625.55,48482.14,76.46
2023-11-12T10:00+01:00,7746.28,19875.1,21435.64,51326.45,76.46
2023-11-12T11:00+01:00,6978.98,19802.2,23437.35,52845.21,76.46
2023-11-12T12:00+01:00,7550.08,19804.03,22600.35,52705.34,76.46
2023-11-12T13:00+01:00,9125.69,20260.99,19646.33,50478.78,76.46
2023-11-12T14:00+01:00,8638.22,21469.51,16536.7,49775.8,76.46
2023-11-12T15:00+01:00,9573.09,22764.77,13531.69,49804.59,76.46
2023-11-12T16:00+01:00,8121.56,23983.32,13240.12,51532.88,76.46
2023-11-12T17:00+01:00,6427.48,25029.51,14526.56,54932.92,76.46
2023-11-12T18:00+01:00,7205.88,25050.2,15166.62,55193.67,76.46
2023-11-12T19:00+01:00,6552.25,25039.34,15769.14,53686.91,76.46
2023-11-12T20:00+01:00,5655.7,24518.16,16364.67,51038.59,76.46
2023-11-12T21:00+01:00,6407.72,23162.67,16171.49,49537.32,76.46
2023-11-12T22:00+01:00,5841.59,22260.49,16445.59,48373.06,76.46
2023-11-12T23:00+01:00,5967,20833.8,16205.5,45232.79,76.46
2023-11-13T00:00+01:00,5738.32,19764.55,15940.33,43235.14,76.46
2023-11-13T01:00+01:00,6703.77,18799.68,15466.85,41406.02,76.46
2023-11-13T02:00+01:00,7822.9,17995.02,14647.37,40849.88,76.46
2023-11-13T03:00+01:00,8849.11,18639.71,14851.69,41490.3,76.46
2023-11-13T04:00+01:00,8839.3,19020.51,15836.66,42924.91,76.46
2023-11-13T05:00+01:00,7383.46,20761.3,16995.04,46767.8,76.46
2023-11-13T06:00+01:00,7479.75,23923.35,18784.1,55679.42,76.46
2023-11-13T07:00+01:00,9005.73,24891.42,19483.39,62142.62,76.46
2023-11-13T08:00+01:00,9717.02,25147.92,21137.74,65247.64,76.46
2023-11-13T09:00+01:00,8276.32,25131.94,23943.45,66186.71,76.46
2023-11-13T10:00+01:00,8204.88,25109.23,27195.49,67145.35,76.46
2023-11-13T11:00+01:00,7976.92,25030.3,29292.61,68332.4,76.46
2023-11-13T12:00+01:00,5925.4,24623.06,32164.42,68389.81,76.46
2023-11-13T13:00+01:00,4626.34,23610.07,35785.35,68065.06,76.46
2023-11-13T14:00+01:00,2247.86,22129.89,39566.85,67383.96,76.46
2023-11-13T15:00+01:00,-628.32,20649.81,42190.92,66716.1,76.46
2023-11-13T16:00+01:00,-885.4,19788.33,44003.1,66953.23,76.46
2023-11-13T17:00+01:00,-1218.03,20207.73,46625.15,68831.63,76.46
2023-11-13T18:00+01:00,-4255.01,20439.07,46444.84,67889.02,76.46
2023-11-13T19:00+01:00,-4806.97,19850.97,46767.03,66304.06,76.46
2023-11-13T20:00+01:00,-4762.84,16584.29,47479.53,62317.96,76.46
2023-11-13T21:00+01:00,-5426.3,13685.13,48721.77,59183.86,76.46
2023-11-13T22:00+01:00,-7885.45,12191.73,48646.94,55870.37,76.46
2023-11-13T23:00+01:00,-8477.8,10811.2,49352.36,52139.08,76.46
2023-11-14T00:00+01:00,-8696.45,10008.56,49176.17,48607.34,76.46
2023-11-14T01:00+01:00,-9197.25,9875.45,48380,46629.89,76.46
2023-11-14T02:00+01:00,-7167.1,9740.02,46708.91,45805.67,76.46
2023-11-14T03:00+01:00,-6239.1,10100.07,45850.85,46140.9,76.46
2023-11-14T04:00+01:00,-6379.14,10417.12,46172.91,47542.19,76.46
2023-11-14T05:00+01:00,-8961.13,10640.04,51292.38,52161.52,76.46
2023-11-14T06:00+01:00,-7836.18,11803.3,53883.16,59604.02,76.46
2023-11-14T07:00+01:00,-6829.36,15532.16,52196.27,64177.35,76.46
2023-11-14T08:00+01:00,-5490.44,16430.13,53179.91,66730.58,76.46
2023-11-14T09:00+01:00,-5561.04,15966.56,54906.48,67411.92,76.46
2023-11-14T10:00+01:00,-5753.62,16143.95,56415.9,67959.99,76.46
2023-11-14T11:00+01:00,-4518.65,15788.37,56582.89,68772.89,76.46
2023-11-14T12:00+01:00,-3819.51,16090.22,56278.68,68332.66,76.46
2023-11-14T13:00+01:00,-3627.67,17049.99,53743.51,67368.16,76.46
2023-11-14T14:00+01:00,-1887.04,17563.65,49430.87,66642.02,76.46
2023-11-14T15:00+01:00,-124.44,18183.99,44621.39,65693.09,76.46
2023-11-14T16:00+01:00,2355.59,19034.06,40868.32,66630.67,76.46
2023-11-14T17:00+01:00,4739.57,20035.34,37360.41,68605.57,76.46
2023-11-14T18:00+01:00,5474.83,20016.78,35085.02,67071.62,76.46
2023-11-14T19:00+01:00,6085.06,19940.67,33181.3,65611.52,76.46
2023-11-14T20:00+01:00,5972.29,19231.38,32035.66,61918.87,76.46
2023-11-14T21:00+01:00,4651.17,18335.34,31851.26,57782.4,76.46
2023-11-14T22:00+01:00,2335.64,16993.53,31760,54240.45,76.46
2023-11-14T23:00+01:00,2698.52,15746.5,31652.29,50435.04,76.46
2023-11-15T00:00+01:00,2131.99,14555.36,31187.42,47649.95,76.46
2023-11-15T01:00+01:00,2128.65,14043.83,31530.47,46448.96,76.46
2023-11-15T02:00+01:00,1735.87,13503.24,31601.59,46396.54,76.46
2023-11-15T03:00+01:00,2439.13,13214.64,32025.61,46987.04,76.46
2023-11-15T04:00+01:00,2244.08,14131.38,31918.84,48414.51,76.46
2023-11-15T05:00+01:00,2439.02,17147.27,31103.69,52123.1,76.46
2023-11-15T06:00+01:00,2927.9,22089.18,30365.71,59939.89,76.46
2023-11-15T07:00+01:00,2661.8,26135.91,28867.51,65099.83,76.46
2023-11-15T08:00+01:00,3257.74,27789.28,27841.41,66960.86,76.46
2023-11-15T09:00+01:00,1817.18,28177.55,29261.11,67279.72,76.46
2023-11-15T10:00+01:00,2648.12,28117.19,31330.74,67712.9,76.46
2023-11-15T11:00+01:00,3808.66,27469.03,32849.78,68517.41,76.46
2023-11-15T12:00+01:00,2219.6,27575.39,33216.78,67566.61,76.46
2023-11-15T13:00+01:00,1457.13,27648.19,32788.84,66162.42,76.46
2023-11-15T14:00+01:00,2371.72,27991.79,31151.55,64679.44,76.46
2023-11-15T15:00+01:00,2443.77,28858.37,27965.68,64411.29,76.46
2023-11-15T16:00+01:00,1399.14,29218.39,27427.65,65021.66,76.46
2023-11-15T17:00+01:00,-386.03,29666.43,29695.61,67362.32,76.46
2023-11-15T18:00+01:00,-2682.3,30030.77,31928.31,66912.22,76.46
2023-11-15T19:00+01:00,-4061.26,29958.68,34299.74,65585.67,76.46
2023-11-15T20:00+01:00,-4872.88,28168.47,35643.1,62372.74,76.46
2023-11-15T21:00+01:00,-4761.14,25243.33,36481.3,59206.48,76.46
2023-11-15T22:00+01:00,-5426.32,22759.56,36253.96,55769.4,76.46
2023-11-15T23:00+01:00,-4749.66,20373.97,36727.92,52121.08,76.46
2023-11-16T00:00+01:00,-7527.56,18875.69,38451.46,49763.96,76.46
2023-11-16T01:00+01:00,-9018.9,17496,39481.32,48640.76,76.46
2023-11-16T02:00+01:00,-9050.42,17463.71,39867.91,47741.75,76.46
2023-11-16T03:00+01:00,-8110.71,17114.22,39658.56,48781.41,76.46
2023-11-16T04:00+01:00,-7216.43,17949.5,38047.41,49893.02,76.46
2023-11-16T05:00+01:00,-6108.59,20989.06,35861.95,52216.94,76.46
2023-11-16T06:00+01:00,-5367.68,27287.33,33988.34,60317.08,76.46
2023-11-16T07:00+01:00,-5240.73,31689.91,31584.38,65851.95,76.46
2023-11-16T08:00+01:00,-4542.53,33406.76,31113.03,68103.72,76.46
2023-11-16T09:00+01:00,-4725.95,33728.52,31600.65,68110.98,76.46
2023-11-16T10:00+01:00,-2581.79,33120.84,31099.66,69060.18,76.46
2023-11-16T11:00+01:00,-1831.59,33811.24,29348.87,68564.74,76.46
2023-11-16T12:00+01:00,-801.52,35224.77,27068.47,68264.74,76.46
2023-11-16T13:00+01:00,653.88,36565.04,23397.21,67516.86,76.46
2023-11-16T14:00+01:00,1739.72,37410.5,20023.82,66621.39,76.46
2023-11-16T15:00+01:00,1769.45,38120.95,17508.35,65892.78,76.46
2023-11-16T16:00+01:00,1637.05,38467.16,16803.48,66479.99,76.46
2023-11-16T17:00+01:00,1385.96,38565.79,17223.16,67821.3,76.46
2023-11-16T18:00+01:00,1063.18,38102.12,17865.61,66837.92,76.46
2023-11-16T19:00+01:00,-542.57,37762.45,18291.29,65014.73,76.46
2023-11-16T20:00+01:00,214.12,36423.4,18272.84,61505.14,76.46
2023-11-16T21:00+01:00,190.3,34471.95,18296.54,58001.22,76.46
2023-11-16T22:00+01:00,2179.72,31195.56,17862.99,54987.7,76.46
2023-11-16T23:00+01:00,3116.88,28467.59,17790.33,51538.37,76.46
2023-11-17T00:00+01:00,1232.97,27729.67,18002.23,48828.88,76.46
2023-11-17T01:00+01:00,857.72,27150,18348.59,47412.53,76.46
2023-11-17T02:00+01:00,1205.39,26778.1,19709.94,47002.16,76.46
2023-11-17T03:00+01:00,1831.2,25741.51,20591.04,47592.45,76.46
2023-11-17T04:00+01:00,2523.24,25477.59,21187.38,48815.08,76.46
2023-11-17T05:00+01:00,1826.29,27091.73,21059.73,52067.12,76.46
2023-11-17T06:00+01:00,860.43,32214.56,21454.95,59184.29,76.46
2023-11-17T07:00+01:00,948.85,35439.33,21100.1,64681,76.46
2023-11-17T08:00+01:00,813.18,36308.81,22071.34,67245.05,76.46
2023-11-17T09:00+01:00,1053.22,36182.75,23517.23,67389.98,76.46
2023-11-17T10:00+01:00,1573.68,35977.67,25041.14,67815.92,76.46
2023-11-17T11:00+01:00,1182.88,35843.65,26281.96,67719.6,76.53
2023-11-17T12:00+01:00,270.57,35459.76,26177.71,67191.7,76.55
2023-11-17T13:00+01:00,1218.53,35143.22,24442.63,65923.59,76.55
2023-11-17T14:00+01:00,1542.34,35393.84,21686.45,64389.81,76.55
2023-11-17T15:00+01:00,3760.92,35581.59,18024.36,63780.15,76.55
2023-11-17T16:00+01:00,3963.26,36221.27,16332.29,64610.13,76.55
2023-11-17T17:00+01:00,3662,36569.29,16896.72,66794.27,76.55
2023-11-17T18:00+01:00,2544.02,36586.19,16841,66314.38,76.55
2023-11-17T19:00+01:00,1412.12,36623.26,16236.68,64115.85,76.55
2023-11-17T20:00+01:00,2067.84,35855.86,15410.11,60473.81,76.55
2023-11-17T21:00+01:00,3389.74,33877.35,14566.6,56705.65,76.55
2023-11-17T22:00+01:00,3939.06,31223.29,13775.98,53313.46,76.55
2023-11-17T23:00+01:00,5519.88,28285.39,13668.58,50092.17,76.55
2023-11-18T00:00+01:00,5592.87,25366.96,13504.33,47549.1,76.55
2023-11-18T01:00+01:00,6609.34,23135.54,12903.43,45314.58,76.55
2023-11-18T02:00+01:00,8331.94,21527.29,12326.81,43630.87,76.55
2023-11-18T03:00+01:00,10310.64,20056.57,12658.15,43031.1,76.55
2023-11-18T04:00+01:00,11181.38,19326.79,13005.75,43236.3,76.55
2023-11-18T05:00+01:00,10780.42,19197.55,13515.96,43624.86,76.55
2023-11-18T06:00+01:00,9456.55,19845.91,14213.36,45007.78,76.55
2023-11-18T07:00+01:00,9250.26,20535.65,14868.14,47742.02,76.55
2023-11-18T08:00+01:00,9889.8,20848.18,17832.45,51102.7,76.55
2023-11-18T09:00+01:00,9358.36,20073.16,21905.65,54014.48,76.55
2023-11-18T10:00+01:00,7671.57,20057.64,25218.48,55483.74,76.55
2023-11-18T11:00+01:00,6533.18,20065.9,28443.77,55938.13,76.55
2023-11-18T12:00+01:00,6060.94,19482.14,28831.35,56251.66,76.55
2023-11-18T13:00+01:00,4457.7,19747.81,27593.25,54570.07,76.55
2023-11-18T14:00+01:00,4282.74,19783.98,27259.1,53593.18,76.55
2023-11-18T15:00+01:00,4544.8,20051.63,27352.43,54110.62,76.55
2023-11-18T16:00+01:00,3426.32,20909.99,30602.7,56109.65,76.55
2023-11-18T17:00+01:00,2600.6,21293.64,34490.47,58782.75,76.55
2023-11-18T18:00+01:00,-451.13,20268.85,37114.83,58466.67,76.55
2023-11-18T19:00+01:00,-781.12,17535.65,38666.9,56488.09,76.55
2023-11-18T20:00+01:00,-1065.99,14126.31,39265.6,53615.46,76.55
2023-11-18T21:00+01:00,-3916.64,12586.31,39462.81,51430.33,76.55
2023-11-18T22:00+01:00,-3261.42,12020.93,39114.34,49576.23,76.55
2023-11-18T23:00+01:00,-6107.65,11021.57,39062.54,46607.28,76.55
2023-11-19T00:00+01:00,-6690.58,9870.14,39428.14,44209.69,76.55
2023-11-19T01:00+01:00,-7416.03,9626.18,39838.27,42632.68,76.55
2023-11-19T02:00+01:00,-7021.05,9352.16,39648.84,41811.11,76.55
2023-11-19T03:00+01:00,-6526.01,9321.28,39399.53,41902.65,76.55
2023-11-19T04:00+01:00,-4938.04,9395.57,39503.73,42054.16,76.55
2023-11-19T05:00+01:00,-5691.63,9440.52,39862.18,42161.34,76.55
2023-11-19T06:00+01:00,-7578.98,9388.38,41931.18,42447.33,76.55
2023-11-19T07:00+01:00,-8469.57,9381.84,43422.13,43945.22,76.55
2023-11-19T08:00+01:00,-10332.92,9387.8,46606.66,46847.34,76.55
2023-11-19T09:00+01:00,-10281.66,9461.55,49642.47,49894.62,76.55
2023-11-19T10:00+01:00,-9053.02,9482.45,51940.99,52330.9,76.55
2023-11-19T11:00+01:00,-8851.28,9512.52,53750.15,54454.96,76.55
2023-11-19T12:00+01:00,-9252,9496.02,54284.69,54488.37,76.55
2023-11-19T13:00+01:00,-7481.34,9462.17,51711.02,52335.23,76.55
2023-11-19T14:00+01:00,-7761.76,9550.82,49540.02,51012.36,76.55
2023-11-19T15:00+01:00,-7062.14,9994.17,45692.8,49889.08,76.55
2023-11-19T16:00+01:00,-5573.04,11788.95,41887.85,51740.6,76.55
2023-11-19T17:00+01:00,-5394.12,13659.51,40251.56,55086.69,76.55
2023-11-19T18:00+01:00,-3979.79,13727.89,39591.55,55773.15,76.55
2023-11-19T19:00+01:00,-3879.24,13730.14,37933.55,53814.3,76.55
2023-11-19T20:00+01:00,-4623.8,13533.76,36328.53,51359.23,76.55
2023-11-19T21:00+01:00,-3433.41,13229,35461.7,49200.09,76.55
2023-11-19T22:00+01:00,-1175.88,12926.46,33953.77,47660.44,76.55
2023-11-19T23:00+01:00,-1941.18,12468.6,33183.96,44711.54,76.55
2023-11-20T00:00+01:00,-1022.94,11871.6,32176.33,43286.98,76.55
2023-11-20T01:00+01:00,-730.72,12038.15,31515.4,41702.09,76.55
2023-11-20T02:00+01:00,-700.13,12586.26,31174.11,40900.54,76.55
2023-11-20T03:00+01:00,199.3,12587.63,30762.45,41441.39,76.55
2023-11-20T04:00+01:00,553.14,13737.93,30011.84,43367.17,76.55
2023-11-20T05:00+01:00,383.24,17556.75,30012.59,47521.36,76.55
2023-11-20T06:00+01:00,750.07,21332.23,30487.67,55973.43,76.55
2023-11-20T07:00+01:00,738.29,25408.44,30416.62,62647.8,76.55
2023-11-20T08:00+01:00,449.57,26815.01,30951.01,65298.84,76.55
2023-11-20T09:00+01:00,-460.34,27265.58,32844.51,65678.27,76.55
2023-11-20T10:00+01:00,-1033.47,27925.07,35255.31,66472.06,76.55
2023-11-20T11:00+01:00,-1640.86,28206.76,37122.08,67168.43,76.55
2023-11-20T12:00+01:00,-1926.26,28454.54,36881.51,66421.16,76.55
2023-11-20T13:00+01:00,-2365.6,29462.39,34374.34,65495.45,76.55
2023-11-20T14:00+01:00,-661.85,30188.4,30023.26,64021.02,76.55
2023-11-20T15:00+01:00,1207.04,31039.95,24902.95,64126.44,76.55
2023-11-20T16:00+01:00,1658.59,32319.24,21653.84,64850.54,76.55
2023-11-20T17:00+01:00,1509.45,33204.9,21131.51,66536.64,76.55
2023-11-20T18:00+01:00,1850.65,34391.04,21193.71,66291.43,76.55
2023-11-20T19:00+01:00,2740.15,34153.97,20555.21,64732.67,76.55
2023-11-20T20:00+01:00,1674.56,33397.97,19206.86,61270.52,76.55
2023-11-20T21:00+01:00,1732.01,31466.31,18181.62,57442.17,76.55
2023-11-20T22:00+01:00,3304.32,29534.47,17377.14,54563.86,76.55
2023-11-20T23:00+01:00,3570.35,27660.4,17675.12,51279.18,76.55
2023-11-21T00:00+01:00,2559.31,26129.81,17964.8,48420.92,76.55
2023-11-21T01:00+01:00,1993.81,25781.88,17156.37,46331.23,76.55
2023-11-21T02:00+01:00,2740.07,25462.51,16538.16,45550.67,76.55
2023-11-21T03:00+01:00,4475.46,25437.39,16135.94,46421.16,76.55
2023-11-21T04:00+01:00,4811.27,26419.57,15785.65,47943.74,76.55
2023-11-21T05:00+01:00,4283.87,28552.16,15975.5,51443.39,76.55
2023-11-21T06:00+01:00,3021.15,34645.56,16690.15,59409.97,76.55
2023-11-21T07:00+01:00,2976.64,36629.99,17429.32,65124.51,76.55
2023-11-21T08:00+01:00,3633.56,36706.65,18618.97,67212.52,76.55
2023-11-21T09:00+01:00,3017.26,36735.84,20128.24,67427.66,76.55
2023-11-21T10:00+01:00,2638.44,36538.59,22051.5,68332.27,76.55
2023-11-21T11:00+01:00,3278.2,36299.9,22362.78,68426.32,76.55
2023-11-21T12:00+01:00,2587.5,36448.51,22517.43,68063,76.55
2023-11-21T13:00+01:00,2591.57,36623.9,21689.78,67288.78,76.55
2023-11-21T14:00+01:00,2003.08,36818.58,21141.19,66412.91,76.55
2023-11-21T15:00+01:00,3100.89,37115.01,19602.79,66637.16,76.55
2023-11-21T16:00+01:00,713.41,38141.66,19183.44,67230.49,76.55
2023-11-21T17:00+01:00,646.85,37909.95,19575.39,68759.09,76.55
2023-11-21T18:00+01:00,197,38441.3,19687.99,68009.34,76.55
2023-11-21T19:00+01:00,538.65,37758.58,19829.54,66009.24,76.55
2023-11-21T20:00+01:00,892.99,36071.52,19454.93,62464.96,76.55
2023-11-21T21:00+01:00,1788.13,33411.71,19002.57,59206.39,76.55
2023-11-21T22:00+01:00,2683.8,30530.75,18669.41,55899.11,76.55
2023-11-21T23:00+01:00,3233.49,28981.26,18082.56,51838.91,76.55
2023-11-22T00:00+01:00,1470.07,28112.44,17071.85,48441.56,76.55
2023-11-22T01:00+01:00,2000.84,27567.36,16334.83,46969.91,76.55
2023-11-22T02:00+01:00,4602.95,26726.06,15784.26,46148.17,76.55
2023-11-22T03:00+01:00,5987.8,26462.86,15286.35,46783.71,76.55
2023-11-22T04:00+01:00,6867.59,27223.48,15156.15,48474.13,76.55
2023-11-22T05:00+01:00,6008.4,28990.91,15320.52,51449.29,76.55
2023-11-22T06:00+01:00,5958.55,33191.08,15679.43,58842.23,76.55
2023-11-22T07:00+01:00,7531.93,34139.94,16612.22,64136.63,76.55
2023-11-22T08:00+01:00,7532.29,34126.1,18577.67,66056.09,76.55
2023-11-22T09:00+01:00,4790.2,34180.92,22638.53,67045.04,76.55
2023-11-22T10:00+01:00,3467.17,33704.52,25686.11,67484.36,76.55
2023-11-22T11:00+01:00,3595.7,33218.03,28419.65,68766.32,76.55
2023-11-22T12:00+01:00,3194.57,32783.98,30344.5,68819.99,76.55
2023-11-22T13:00+01:00,4123.43,32524.45,28664.76,67969.71,76.55
2023-11-22T14:00+01:00,3391.69,33443.21,26163.56,67163.72,76.55
2023-11-22T15:00+01:00,4302.11,34081.39,24527.99,67391.04,76.55
2023-11-22T16:00+01:00,3872.54,34678.51,23908.74,68515.86,76.55
2023-11-22T17:00+01:00,1900.49,35087.11,26162.42,70153.19,76.55
2023-11-22T18:00+01:00,-1313.44,35903.34,29075.88,69922.76,76.55
2023-11-22T19:00+01:00,-3331.74,35651.48,31513.13,68474.89,76.55
2023-11-22T20:00+01:00,-4457.4,32897.54,33788.62,64841.6,76.55
2023-11-22T21:00+01:00,-3863.82,28544.47,35219.53,60686.37,76.55
2023-11-22T22:00+01:00,-3480.82,25195.47,35520.91,57688.62,76.55
2023-11-22T23:00+01:00,-3730.27,21972.35,37071.95,53900.97,76.55
2023-11-23T00:00+01:00,-5343.29,18746.26,39500.25,50160.53,76.55
2023-11-23T01:00+01:00,-6038.25,17794.44,41139.02,49001.62,76.55
2023-11-23T02:00+01:00,-6971.79,17267.46,42186.84,48719.87,76.55
2023-11-23T03:00+01:00,-8012.38,17080.05,43410.92,48837.76,76.55
2023-11-23T04:00+01:00,-7984.3,17286.99,43956.53,50053.06,76.55
2023-11-23T05:00+01:00,-6407.32,17922.23,44061.28,53129.26,76.55
2023-11-23T06:00+01:00,-5556.27,19801.8,45851.94,60237.74,76.55
2023-11-23T07:00+01:00,-5216.76,21356.74,46435.82,66211.26,76.55
2023-11-23T08:00+01:00,-6408.28,22183.81,47668.76,68282.13,76.55
2023-11-23T09:00+01:00,-7414.4,21335.63,50693.9,68378.07,76.55
2023-11-23T10:00+01:00,-7502.42,21257.12,53641.06,69339.48,76.55
2023-11-23T11:00+01:00,-6887.03,20323.82,55790.76,69824.65,76.55
2023-11-23T12:00+01:00,-5993.31,19148.06,56410.98,69668.73,76.55
2023-11-23T13:00+01:00,-6846.18,19004.64,55697.58,68874.98,76.55
2023-11-23T14:00+01:00,-6076.65,19439.83,54066.05,67599.94,76.55
2023-11-23T15:00+01:00,-6354.71,20265.83,52278.64,67467.47,76.55
2023-11-23T16:00+01:00,-6172.89,20766.11,52298.75,68512.97,76.55
2023-11-23T17:00+01:00,-6701.35,21597.13,52995.2,70465.32,76.55
2023-11-23T18:00+01:00,-6852.78,20476.91,53055.28,68970.44,76.55
2023-11-23T19:00+01:00,-7569.71,19404.18,53686.41,67078.69,76.55
2023-11-23T20:00+01:00,-8586.58,17741.8,53202.42,63479.27,76.55
2023-11-23T21:00+01:00,-8751.66,16455.66,53059.15,60240.08,76.55
2023-11-23T22:00+01:00,-10063.25,16011.42,51375.69,56439.97,76.55
2023-11-23T23:00+01:00,-13520.16,16122.57,51127.17,53039.22,76.55
2023-11-24T00:00+01:00,-13506.48,14329.97,50085.36,49975.2,76.55
2023-11-24T01:00+01:00,-14020.94,14314.2,49389.84,48225.21,76.55
2023-11-24T02:00+01:00,-12836.48,14539.96,46646.1,46958,76.55
2023-11-24T03:00+01:00,-11656.89,14699.65,45102.68,47209.81,76.55
2023-11-24T04:00+01:00,-11396.53,14877.95,45409.42,48776.3,76.55
2023-11-24T05:00+01:00,-9142.63,15754.91,44571.02,52791.02,76.55
2023-11-24T06:00+01:00,-4655.87,18282.66,45515.26,59504.33,76.55
2023-11-24T07:00+01:00,-4820.45,20458.59,45220.13,64859.31,76.55
2023-11-24T08:00+01:00,-4972.09,21129.36,45530.69,66810.52,76.55
2023-11-24T09:00+01:00,-4499.2,20915.62,47630.01,68139.59,76.55
2023-11-24T10:00+01:00,-5891.09,20903.34,50376.07,69345.26,76.55
2023-11-24T11:00+01:00,-5927.31,20254.1,52743.96,70099.52,76.06
2023-11-24T12:00+01:00,-5216.45,19061.58,53783.15,68781.87,75.9
2023-11-24T13:00+01:00,-4640.88,18203.85,53067.06,67949.44,75.9
2023-11-24T14:00+01:00,-4575.68,18569.36,51158.73,66474.48,75.9
2023-11-24T15:00+01:00,-2819.3,19315.4,47449.62,65612.63,75.9
2023-11-24T16:00+01:00,-2424.34,19618.02,45717.44,66650.89,75.9
2023-11-24T17:00+01:00,-4172.51,20394.53,46650.24,68690.62,75.9
2023-11-24T18:00+01:00,-4770.07,20702.42,47319.53,68132.32,75.9
2023-11-24T19:00+01:00,-5848.94,20552.87,47101.5,66451.49,75.9
2023-11-24T20:00+01:00,-6100.87,19599.47,46773.47,62542.66,75.9
2023-11-24T21:00+01:00,-5768.58,18343.91,44634,59052,75.9
2023-11-24T22:00+01:00,-6254.28,18064.81,42351.2,55786.12,75.9
2023-11-24T23:00+01:00,-5447.39,17048.73,40452.14,53075.78,75.9
2023-11-25T00:00+01:00,-4304.09,16085.51,38817.8,51341.47,75.9
2023-11-25T01:00+01:00,-3171.7,14591.47,37291.09,49597.97,75.9
2023-11-25T02:00+01:00,-1555.7,14203.81,35743.69,47886.02,75.9
2023-11-25T03:00+01:00,-1451.3,13638.14,36007.7,46192.1,75.9
2023-11-25T04:00+01:00,-2180.73,13672.73,35057.27,46213.01,75.9
2023-11-25T05:00+01:00,-2247.99,14187.92,34000.05,46006.86,75.9
2023-11-25T06:00+01:00,-1599.81,15764.65,33418.13,46278.63,75.9
2023-11-25T07:00+01:00,-1301.12,17203.54,33384.99,49152.26,75.9
2023-11-25T08:00+01:00,-1891.89,18258.15,34818.8,53086.91,75.9
2023-11-25T09:00+01:00,-2684.95,18720.55,35579.15,55903.78,75.9
2023-11-25T10:00+01:00,-1977.67,19980.23,36190.35,56736.76,75.9
2023-11-25T11:00+01:00,-275.61,20523.6,35528.18,57779.26,75.9
2023-11-25T12:00+01:00,-347.73,21590.41,34915.49,57905.78,75.9
2023-11-25T13:00+01:00,-258.66,21942.43,33143.6,56973.05,75.9
2023-11-25T14:00+01:00,-544.67,22591.8,30865.39,55912.15,75.9
2023-11-25T15:00+01:00,-335.62,23969.79,28894.47,55919.45,75.9
2023-11-25T16:00+01:00,-2609.61,25968.94,29127.38,58085.09,75.9
2023-11-25T17:00+01:00,-3773.84,26883.46,28965.98,60311.3,75.9
2023-11-25T18:00+01:00,-4421.77,27393.66,28504.2,60004.51,75.9
2023-11-25T19:00+01:00,-4536.19,27018.28,26187.86,57728.24,75.9
2023-11-25T20:00+01:00,-3821.38,27091.98,24312.14,55080.8,75.9
2023-11-25T21:00+01:00,-2641.27,27125.57,21286.47,52761.05,75.9
2023-11-25T22:00+01:00,-2286.06,26985.11,18928.94,50545.61,75.9
2023-11-25T23:00+01:00,-1506.02,26778.76,17536.2,47389.06,75.9
2023-11-26T00:00+01:00,-513.66,26687.84,16301.69,45219.56,75.9
2023-11-26T01:00+01:00,-2689.96,27103.71,16067.82,42920.34,75.9
2023-11-26T02:00+01:00,-2045.68,27691.91,15637.88,41855.6,75.9
2023-11-26T03:00+01:00,-2282.58,27900.94,15627.71,41565.1,75.9
2023-11-26T04:00+01:00,-706.71,27680.81,15730.46,41911.24,75.9
2023-11-26T05:00+01:00,-2056.99,28030.97,16296.02,42117.36,75.9
2023-11-26T06:00+01:00,-2580.93,28175.96,16549.36,42537.94,75.9
2023-11-26T07:00+01:00,-1728.79,27302.71,16293.81,43899.6,75.9
2023-11-26T08:00+01:00,-552.5,27744.62,17253.14,46951.95,75.9
2023-11-26T09:00+01:00,-1583.58,29246.33,18660.09,49893.12,75.9
2023-11-26T10:00+01:00,-538.17,29139.83,20415.49,51866.42,75.9
2023-11-26T11:00+01:00,1053.89,29004.78,21771.44,53915.65,75.9
2023-11-26T12:00+01:00,440.37,29091.62,21582.76,54107.96,75.9
2023-11-26T13:00+01:00,823.84,29503.89,20181.34,53155.94,75.9
2023-11-26T14:00+01:00,817.1,30521.56,18391.89,52597.14,75.9
2023-11-26T15:00+01:00,-395.13,32094.44,16569.52,52973.1,75.9
2023-11-26T16:00+01:00,-1620.3,33380.33,17666.69,54655.41,75.9
2023-11-26T17:00+01:00,-2350.71,33784.86,18552.63,57126.08,75.9
2023-11-26T18:00+01:00,-3107.37,34191.57,18370.9,57422.26,75.9
2023-11-26T19:00+01:00,-4362.49,34230.06,17918.8,55850.84,75.9
2023-11-26T20:00+01:00,-3928.55,33889.53,17028.53,53463.84,75.9
2023-11-26T21:00+01:00,-3152.86,32900.1,16598.42,51418.24,75.9
2023-11-26T22:00+01:00,-1188.45,31565.58,16118.87,50284.03,75.9
2023-11-26T23:00+01:00,-33.49,29273.53,15492.86,46905.6,75.9
2023-11-27T00:00+01:00,-1157.43,29024.26,15343.2,44881.02,75.9
2023-11-27T01:00+01:00,-509.35,28565.21,14798.64,43380.29,75.9
2023-11-27T02:00+01:00,-316.45,28323.05,14416.08,43185.94,75.9
2023-11-27T03:00+01:00,1482.99,27857.84,14260.2,43769.58,75.9
2023-11-27T04:00+01:00,2673.79,28038.44,14457.42,45616.07,75.9
2023-11-27T05:00+01:00,2288,29949.73,15303.25,49230.13,75.9
2023-11-27T06:00+01:00,2832.24,33679.11,16955.53,57828.44,75.9
2023-11-27T07:00+01:00,2783.76,36305.47,18695.15,64125.44,75.9
2023-11-27T08:00+01:00,1752.7,36727.08,21048.26,67006.93,75.9
2023-11-27T09:00+01:00,52.55,36858.46,23691.9,68029.47,75.9
2023-11-27T10:00+01:00,-548.1,36579.1,26297.16,69316.16,75.9
2023-11-27T11:00+01:00,-1420,35961.54,28359.19,70231.87,75.9
2023-11-27T12:00+01:00,-2398.75,35428.85,29893.57,70353.47,75.9
2023-11-27T13:00+01:00,-2910.56,35956.19,30578.58,70516.2,75.9
2023-11-27T14:00+01:00,-2328.02,36242.15,29916.99,69670.95,75.9
2023-11-27T15:00+01:00,-2426.6,35509.99,30339.2,69891.78,75.9
2023-11-27T16:00+01:00,-3686.15,36082.14,32162.26,71302.9,75.9
2023-11-27T17:00+01:00,-2976.36,36243.27,32777.09,72274.29,75.9
2023-11-27T18:00+01:00,-4666.9,36116.4,33263.99,71682.87,75.9
2023-11-27T19:00+01:00,-4950.73,35587.66,33114.47,69693.42,75.9
2023-11-27T20:00+01:00,-5277.41,34204.99,32260.92,65914.16,75.9
2023-11-27T21:00+01:00,-4763.12,32098.74,31974.14,62302.91,75.9
2023-11-27T22:00+01:00,-4544.55,30563.23,31663.33,59005.03,75.9
2023-11-27T23:00+01:00,-4636.33,28110.96,32134.83,55222.12,75.9
2023-11-28T00:00+01:00,-3079.87,24092.8,31457.72,52811.76,75.9
2023-11-28T01:00+01:00,-4116.61,21922.79,31106.86,50949.54,75.9
2023-11-28T02:00+01:00,-4916.23,21896.78,31083.51,49938.34,75.9
2023-11-28T03:00+01:00,-3990.85,22054.47,30787.67,50160.96,75.9
2023-11-28T04:00+01:00,-4697.34,22813.33,31479.73,51325.41,75.9
2023-11-28T05:00+01:00,-4158.52,25247.88,31938.05,55057.64,75.9
2023-11-28T06:00+01:00,-5751.13,30569.9,31653.87,63164.55,75.9
2023-11-28T07:00+01:00,-4879.98,35119.38,30368.65,69461.77,75.9
2023-11-28T08:00+01:00,-4549.43,37311.58,27927.93,71446.99,75.9
2023-11-28T09:00+01:00,-1820.01,37711.08,24922.02,71464.71,75.9
2023-11-28T10:00+01:00,478.79,38240.76,22500.46,71878.06,75.9
2023-11-28T11:00+01:00,4102.24,38854.72,20676.17,72066.6,75.9
2023-11-28T12:00+01:00,6093.56,39550.42,19094.4,71924.32,75.9
2023-11-28T13:00+01:00,5411.73,39868.86,17931.36,71375.82,75.9
2023-11-28T14:00+01:00,6949.96,40154.94,17163.95,70685.11,75.9
2023-11-28T15:00+01:00,6256.15,40376.25,16699.11,70365.21,75.9
2023-11-28T16:00+01:00,5071.34,40892.71,17093.43,70908.03,75.9
2023-11-28T17:00+01:00,2523.34,41543.47,17472.99,71637.49,75.9
2023-11-28T18:00+01:00,2366.76,41792.77,17836.54,70616.26,75.9
2023-11-28T19:00+01:00,2442.79,41113.29,18750.3,68749.06,75.9
2023-11-28T20:00+01:00,-231.94,40132.19,19284.29,65060.32,75.9
2023-11-28T21:00+01:00,-1180.48,38123.92,21086.34,61910.13,75.9
2023-11-28T22:00+01:00,-992.71,34591.1,22587.16,59137.51,75.9
2023-11-28T23:00+01:00,-1483.8,31826.5,24844.31,56067.7,75.9
2023-11-29T00:00+01:00,-2593.2,29771.08,26254.83,53582.94,75.9
2023-11-29T01:00+01:00,-4034.4,27248.09,28586.62,51701.73,75.9
2023-11-29T02:00+01:00,-5319.23,25844.77,30557.63,50982.75,75.9
2023-11-29T03:00+01:00,-5950.48,25424.91,32357.1,51165.7,75.9
2023-11-29T04:00+01:00,-8028.6,26274.84,34041.78,52985.15,75.9
2023-11-29T05:00+01:00,-9643.07,29169.43,34631.03,56024.52,75.9
2023-11-29T06:00+01:00,-9385.86,33662.75,34917.13,63073.25,75.9
2023-11-29T07:00+01:00,-8983.87,37636.36,34572.11,68529.84,75.9
2023-11-29T08:00+01:00,-8945.38,39263.57,33519.88,71249.91,75.9
2023-11-29T09:00+01:00,-9992.93,39518.79,32815.1,71861.72,75.9
2023-11-29T10:00+01:00,-8195.16,39170.13,32457.47,72157.76,75.9
2023-11-29T11:00+01:00,-4960.89,39205.24,32161.9,72447.06,75.9
2023-11-29T12:00+01:00,-4355.82,39087.17,31753.6,71943.34,75.9
2023-11-29T13:00+01:00,-3506.12,39232.45,30100.91,71142.33,75.9
2023-11-29T14:00+01:00,-3408.27,39542.24,27459.84,70270,75.9
2023-11-29T15:00+01:00,-2498.71,40194.62,24493.8,69891.8,75.9
2023-11-29T16:00+01:00,-2010.48,40667.86,22756.55,70823.06,75.9
2023-11-29T17:00+01:00,-2437.07,40903.65,22153.03,72084.29,75.9
2023-11-29T18:00+01:00,-1623.58,41193.28,21197.83,71034.02,75.9
2023-11-29T19:00+01:00,-1401.1,40437.07,19952.78,69305.78,75.9
2023-11-29T20:00+01:00,-353.72,39563.49,17933.83,65576.13,75.9
2023-11-29T21:00+01:00,756.22,38208.22,15961.28,61962.5,75.9
2023-11-29T22:00+01:00,171.85,37799.34,14433.25,58771.52,75.9
2023-11-29T23:00+01:00,1151.5,37309.55,13242.33,55551.64,75.9
2023-11-30T00:00+01:00,3277.16,35119.85,12687.66,53191.75,75.9
2023-11-30T01:00+01:00,3934.27,34090.86,11665.78,51356.24,75.9
2023-11-30T02:00+01:00,4896.62,33634.34,10894.62,50530.8,75.9
2023-11-30T03:00+01:00,5461.02,33724.72,10063.14,50324.75,75.9
2023-11-30T04:00+01:00,5404.38,34617.63,9826.11,51474.76,75.9
2023-11-30T05:00+01:00,6492.49,36793.74,9663.91,54501.6,75.9
2023-11-30T06:00+01:00,7736.48,39396.07,9743.95,61326.6,75.9
2023-11-30T07:00+01:00,9482.43,40873.39,10100.38,67110.28,75.9
2023-11-30T08:00+01:00,8690.81,41627.78,10525.4,70045.02,75.9
2023-11-30T09:00+01:00,9145.33,41463.38,11511.37,70791.66,75.9
2023-11-30T10:00+01:00,9321.51,40993.51,12256.23,71055.42,75.9
2023-11-30T11:00+01:00,9114.14,40895.65,12542.91,71154.06,75.9
2023-11-30T12:00+01:00,10424.32,40636.71,12153.8,70592.38,75.9
2023-11-30T13:00+01:00,10176.55,40800.68,11871.79,70433.03,75.9
2023-11-30T14:00+01:00,10728.94,40797.37,11174.02,69551.47,75.9
2023-11-30T15:00+01:00,10254.92,40858.6,10381.38,69151.93,75.9
2023-11-30T16:00+01:00,10080.01,41512.53,10223.34,69892.21,75.9
2023-11-30T17:00+01:00,8221.83,41793.14,10901.11,71100.76,75.9
2023-11-30T18:00+01:00,8935.8,41828.24,10932.06,70465.07,75.9
2023-11-30T19:00+01:00,9005.66,40771.23,10589.79,68958.31,75.9
2023-11-30T20:00+01:00,7305.78,40092.77,10257.15,65413.16,75.9
2023-11-30T21:00+01:00,6810.26,39449.24,9800.77,62143.32,75.9
2023-11-30T22:00+01:00,5984.98,38473.89,9680.37,58869.06,75.9
2023-11-30T23:00+01:00,5420.14,37559.35,9511.71,55461.62,75.9
2023-12-01T00:00+01:00,6296.64,35213.9,9680.11,52728.55,75.9
2023-12-01T01:00+01:00,5565.27,34325.59,9714.99,50960.11,75.9
2023-12-01T02:00+01:00,5537.86,34054.77,10230.95,50290.54,75.9
2023-12-01T03:00+01:00,5461.49,33998.5,10162.67,50326.32,75.9
2023-12-01T04:00+01:00,6227.8,34040.22,10549.95,51434.37,75.9
2023-12-01T05:00+01:00,5927.61,35987.51,10928.89,54261.34,75.9
2023-12-01T06:00+01:00,8119.21,39046.28,10856.18,61151.47,75.9
2023-12-01T07:00+01:00,8689.18,40688.65,11472.16,66647.24,75.9
2023-12-01T08:00+01:00,8702.65,41743.53,11642.64,69752.69,75.9
2023-12-01T09:00+01:00,8505.51,41752.39,11635.13,71026.17,75.9
2023-12-01T10:00+01:00,8468.38,41692.57,11910.11,71507.35,75.9
2023-12-01T11:00+01:00,8798.15,41752.25,11806.6,71573.44,72.56
2023-12-01T12:00+01:00,9558.78,41570.56,11776.6,70998.62,71.45
2023-12-01T13:00+01:00,9513.84,41570.11,11671.61,69909.67,71.45
2023-12-01T14:00+01:00,9154.48,41704.84,11246.72,68505.62,71.45
2023-12-01T15:00+01:00,8028.87,41813.62,11426.24,67935.17,71.45
2023-12-01T16:00+01:00,7110.26,42416.88,12264.48,68779.05,71.45
2023-12-01T17:00+01:00,6073.86,42512.4,13158.57,69726.2,71.45
2023-12-01T18:00+01:00,5681.45,42852.52,13544.86,68478.81,71.45
2023-12-01T19:00+01:00,5213.7,41628.13,13122.24,66428.84,71.45
2023-12-01T20:00+01:00,4302.81,40509.7,12665.83,62935.57,71.45
2023-12-01T21:00+01:00,3377.39,39427.52,12279,59754.78,71.45
2023-12-01T22:00+01:00,1078.61,38845.55,11968.86,57188.94,71.45
2023-12-01T23:00+01:00,1769.45,36977.19,11611.08,53734.26,71.45
2023-12-02T00:00+01:00,1214.96,35137.78,11328.52,50951.16,71.45
2023-12-02T01:00+01:00,2443.44,33796.35,11333.74,49284.73,71.45
2023-12-02T02:00+01:00,2193.31,33141.33,11250.72,48071.05,71.45
2023-12-02T03:00+01:00,2407.86,33108.57,11317.66,47470.88,71.45
2023-12-02T04:00+01:00,2372.89,33152.74,11172.37,47284.24,71.45
2023-12-02T05:00+01:00,1836.91,33587.53,10842.61,47510.32,71.45
2023-12-02T06:00+01:00,578.54,34567.83,10246.32,48072.67,71.45
2023-12-02T07:00+01:00,703,36242.33,9858.61,50826.68,71.45
2023-12-02T08:00+01:00,1566.5,38086.98,9850.34,54426.49,71.45
2023-12-02T09:00+01:00,2755.32,38237.18,10221.57,57869.47,71.45
2023-12-02T10:00+01:00,3181.24,38250.28,10663.75,59535.28,71.45
2023-12-02T11:00+01:00,4612.14,38149.25,11094.8,60819.42,71.45
2023-12-02T12:00+01:00,5893.95,38230.74,10892.93,60861.06,71.45
2023-12-02T13:00+01:00,5166.33,38249.5,10667.73,59769.03,71.45
2023-12-02T14:00+01:00,5155.38,38383.92,10359.49,58933.56,71.45
2023-12-02T15:00+01:00,4475.4,38387.96,10218.26,58748.75,71.45
2023-12-02T16:00+01:00,3671.78,38564.18,10659.46,60026.03,71.45
2023-12-02T17:00+01:00,4032.04,38793.68,11522.14,61701.98,71.45
2023-12-02T18:00+01:00,2470.61,38687.49,12398.26,60994.65,71.45
2023-12-02T19:00+01:00,616.48,38426.17,13162.23,59059.74,71.45
2023-12-02T20:00+01:00,-961.59,38208.07,13096.43,56194.2,71.45
2023-12-02T21:00+01:00,-2706.65,37888.9,13230.62,53921.29,71.45
2023-12-02T22:00+01:00,-1310.81,36879.91,12988.02,52642.72,71.45
2023-12-02T23:00+01:00,-1822.75,35254.98,13114.54,50178.64,71.45
2023-12-03T00:00+01:00,-1641.98,33975.87,13495.68,48173.87,71.45
2023-12-03T01:00+01:00,-1457.03,32098.12,13942.98,46706.09,71.45
2023-12-03T02:00+01:00,-1524.12,31580.03,14083.8,44839.89,71.45
2023-12-03T03:00+01:00,-555.66,30636.65,14582.12,44708.84,71.45
2023-12-03T04:00+01:00,244.51,30105.5,14585.3,45096.72,71.45
2023-12-03T05:00+01:00,-1064.66,30372.78,14557.72,44877.7,71.45
2023-12-03T06:00+01:00,-1317.32,30184.66,15125.62,44776.22,71.45
2023-12-03T07:00+01:00,-1818.49,30576.34,15811.46,46624.85,71.45
2023-12-03T08:00+01:00,-949.67,31204.19,16068.14,50219.34,71.45
2023-12-03T09:00+01:00,-396.87,32093.35,16419.98,53572.33,71.45
2023-12-03T10:00+01:00,573.71,32616.68,17928.95,55574.88,71.45
2023-12-03T11:00+01:00,1600.26,32676.84,18800.71,57445.85,71.45
2023-12-03T12:00+01:00,930.5,32753.44,18809.91,56960.22,71.45
2023-12-03T13:00+01:00,1130.76,32448.2,17576.3,55111.28,71.45
2023-12-03T14:00+01:00,754.56,33154.03,16534.37,54308.16,71.45
2023-12-03T15:00+01:00,717.23,34841.03,14959.49,54594.11,71.45
2023-12-03T16:00+01:00,-923.31,35892.53,15326.36,56215.61,71.45
2023-12-03T17:00+01:00,-1362.05,36136.31,17223.59,58733.16,71.45
2023-12-03T18:00+01:00,-3488.77,36146.88,18617.78,59344.19,71.45
2023-12-03T19:00+01:00,-4766.86,35745.37,19975.08,58241.16,71.45
2023-12-03T20:00+01:00,-4143.58,33684.07,21329.1,56251.08,71.45
2023-12-03T21:00+01:00,-3477,32060.54,21929.54,54465.82,71.45
2023-12-03T22:00+01:00,-2706.94,31738.65,22026.03,53736.06,71.45
2023-12-03T23:00+01:00,-4503.92,31631.57,22451.15,51389.52,71.45
2023-12-04T00:00+01:00,-4857.8,30657.82,23216.84,49797.62,71.45
2023-12-04T01:00+01:00,-4901.57,29808.52,23757.95,48672.99,71.45
2023-12-04T02:00+01:00,-4793.74,29370.82,23981.86,47909.71,71.45
2023-12-04T03:00+01:00,-4585.53,29159.58,24535.19,48262.65,71.45
2023-12-04T04:00+01:00,-4565.64,29708.14,25118.18,49627.31,71.45
2023-12-04T05:00+01:00,-4613.06,31065.78,25585.31,52730.73,71.45
2023-12-04T06:00+01:00,-3045.24,34056.01,26619.63,60637.52,71.45
2023-12-04T07:00+01:00,-2052.04,37323.77,26945.87,67092.22,71.45
2023-12-04T08:00+01:00,-3385.48,39517.01,27835.2,70457.07,71.45
2023-12-04T09:00+01:00,-3502.32,39821.23,27659,71657.56,71.45
2023-12-04T10:00+01:00,-2878.44,39860.4,27425,72382.05,71.45
2023-12-04T11:00+01:00,-165.61,39683.57,26385.66,73192.98,71.45
2023-12-04T12:00+01:00,-13.41,39780.64,26013.55,73052.66,71.45
2023-12-04T13:00+01:00,362.29,39802.71,25656.12,72498.14,71.45
2023-12-04T14:00+01:00,-1049.28,40266.63,25607.25,71286.68,71.45
2023-12-04T15:00+01:00,-2435.26,40331.67,26715.82,71282.85,71.45
2023-12-04T16:00+01:00,-3544.29,40240.74,28464.1,72129.14,71.45
2023-12-04T17:00+01:00,-6100.21,40339.49,29505.07,73747.41,71.45
2023-12-04T18:00+01:00,-7183.47,40353.1,30006.45,73051.67,71.45
2023-12-04T19:00+01:00,-5538.09,38811.73,30420.09,71428.79,71.45
2023-12-04T20:00+01:00,-7595.05,37053.14,31017.04,67890.14,71.45
2023-12-04T21:00+01:00,-6982.77,34460.96,31252.43,64561.94,71.45
2023-12-04T22:00+01:00,-5902.75,32302.23,30950.09,61500.82,71.45
2023-12-04T23:00+01:00,-6260.29,29818.85,31525.36,57874.1,71.45
2023-12-05T00:00+01:00,-6497.97,27404.76,32002.1,55222.46,71.45
2023-12-05T01:00+01:00,-6841.32,26263.21,32239.13,52631.8,71.45
2023-12-05T02:00+01:00,-6197.7,25282.7,32727.43,51875.13,71.45
2023-12-05T03:00+01:00,-6320.16,24876.24,32468.81,51996.77,71.45
2023-12-05T04:00+01:00,-6576.05,25638.67,32595.18,53018.68,71.45
2023-12-05T05:00+01:00,-6131.56,27715.9,32849.52,56544.89,71.45
2023-12-05T06:00+01:00,-6635.54,31667.24,33275.52,63825.3,71.45
2023-12-05T07:00+01:00,-6901.17,35762.94,33538.29,69611.02,71.45
2023-12-05T08:00+01:00,-6587.68,37231.11,33577.07,72263.1,71.45
2023-12-05T09:00+01:00,-6915.18,38252.03,33511.77,72580.4,71.45
2023-12-05T10:00+01:00,-6599.31,38406.06,33291.33,72844.89,71.45
2023-12-05T11:00+01:00,-4795.63,38144.96,32491.59,73001.4,71.45
2023-12-05T12:00+01:00,-4163.76,38228.67,31701.23,72608.06,71.45
2023-12-05T13:00+01:00,-3676.9,38281.11,30487.6,72025.58,71.45
2023-12-05T14:00+01:00,-3739.32,38110.33,29017.98,71005.92,71.45
2023-12-05T15:00+01:00,-3678.42,37849.93,28109.7,70847.12,71.45
2023-12-05T16:00+01:00,-3900.77,37948.45,28359.69,71626.79,71.45
2023-12-05T17:00+01:00,-6249.07,38259.85,28906.58,72676.29,71.45
2023-12-05T18:00+01:00,-6094.13,38450.82,27785.84,71718.21,71.45
2023-12-05T19:00+01:00,-5935.16,38506.6,26317.55,69877.44,71.45
2023-12-05T20:00+01:00,-4404.8,38201.28,25240.55,66629.51,71.45
2023-12-05T21:00+01:00,-4889.53,37047.27,24329.05,63830.32,71.45
2023-12-05T22:00+01:00,-3957.57,34406.15,22752.33,60300.22,71.45
2023-12-05T23:00+01:00,-2632.69,32877,21388.18,56872.34,71.45
2023-12-06T00:00+01:00,-4392.43,32406.66,20549.75,54137.17,71.45
2023-12-06T01:00+01:00,-3198.14,31969.17,19758.77,52288.26,71.45
2023-12-06T02:00+01:00,-2167.92,31794.8,19190.78,51472.75,71.45
2023-12-06T03:00+01:00,-968.27,31387.46,19077.38,51883.87,71.45
2023-12-06T04:00+01:00,-70.97,31709.71,18944.47,52761.77,71.45
2023-12-06T05:00+01:00,-347.98,33813.55,18788.66,56018.37,71.45
2023-12-06T06:00+01:00,1254.92,36957.41,18936.79,62820.66,71.45
2023-12-06T07:00+01:00,2587.68,39567.74,18785.27,68221.24,71.45
2023-12-06T08:00+01:00,1736.54,40649,18701.38,70688.43,71.45
2023-12-06T09:00+01:00,2421.6,40983.21,18531.12,71808.95,71.45
2023-12-06T10:00+01:00,3137.31,40984.92,18600.04,72590.43,71.45
2023-12-06T11:00+01:00,5949.69,40943.47,18254.4,73197.58,71.45
2023-12-06T12:00+01:00,7237.15,40243.64,17792.6,72803.22,71.45
2023-12-06T13:00+01:00,6116.72,39872.24,17455.29,71844.82,71.45
2023-12-06T14:00+01:00,6554.46,39234.21,16685.03,70487.1,71.45
2023-12-06T15:00+01:00,6601.27,38921.92,16115.72,70164.1,71.45
2023-12-06T16:00+01:00,5746.69,39140.21,16341.46,70491.06,71.45
2023-12-06T17:00+01:00,5202.59,39604.72,16666.3,71443.25,71.45
2023-12-06T18:00+01:00,3925.19,39569.01,16269.61,70551.88,71.45
2023-12-06T19:00+01:00,4672.15,39341.35,15727.98,68845.1,71.45
2023-12-06T20:00+01:00,4744.41,38919.03,15010.44,64776.16,71.45
2023-12-06T21:00+01:00,4523.06,37759.82,14136.42,61533.62,71.45
2023-12-06T22:00+01:00,3616.14,36752.8,13243.6,58348.77,71.45
2023-12-06T23:00+01:00,5914.35,34740.09,12568.69,55265.71,71.45
2023-12-07T00:00+01:00,4803.75,33569.29,12213.86,52926.36,71.45
2023-12-07T01:00+01:00,4829.39,32729.59,11885.9,50873.44,71.45
2023-12-07T02:00+01:00,5270.59,32621.45,11482.24,49855.6,71.45
2023-12-07T03:00+01:00,6061.75,32234.36,11111.15,50141.49,71.45
2023-12-07T04:00+01:00,7177.99,32687.25,10590.01,51584.13,71.45
2023-12-07T05:00+01:00,8048.98,34246.53,9959.46,54391.49,71.45
2023-12-07T06:00+01:00,8188.47,37147.74,9826.37,61190.74,71.45
2023-12-07T07:00+01:00,9528.68,38562.29,9833.97,66882.14,71.45
2023-12-07T08:00+01:00,9986.87,39526.59,10251.27,69439.56,71.45
2023-12-07T09:00+01:00,10154.21,40057.84,12125.06,70042.99,71.45
2023-12-07T10:00+01:00,10448.43,39673.71,14117.31,70310.04,71.45
2023-12-07T11:00+01:00,8326.75,39547.67,15851.5,70113.44,71.45
2023-12-07T12:00+01:00,8507.18,39498.95,16585.77,69625.24,71.45
2023-12-07T13:00+01:00,8621.32,39563.55,16130.81,69081.14,71.45
2023-12-07T14:00+01:00,7868.02,39803.45,14312.35,67995.58,71.45
2023-12-07T15:00+01:00,8342.41,39868.12,12523.89,67891.98,71.45
2023-12-07T16:00+01:00,7317.52,40958.09,13375.52,69067.12,71.45
2023-12-07T17:00+01:00,6112.75,41320.05,15760.24,70564.12,71.45
2023-12-07T18:00+01:00,4689.67,40668.25,18678.39,70134.12,71.45
2023-12-07T19:00+01:00,3786.17,38714.33,21000.29,69143.59,71.45
2023-12-07T20:00+01:00,1575.84,36159.33,22851.22,65673.56,71.45
2023-12-07T21:00+01:00,1080.16,32148.31,24970.12,62088.43,71.45
2023-12-07T22:00+01:00,351.75,29874.32,26293.01,58755.02,71.45
2023-12-07T23:00+01:00,6.69,27726.54,27335.27,55089.5,71.45
2023-12-08T00:00+01:00,-3473.85,26220.64,28184.07,50956.88,71.45
2023-12-08T01:00+01:00,-4632.36,25865.24,28579.55,50143.64,71.45
2023-12-08T02:00+01:00,-4524.26,25756.39,29381.32,49849.02,71.45
2023-12-08T03:00+01:00,-4324.02,25866.86,29998.85,49935.86,71.45
2023-12-08T04:00+01:00,-4764.96,26154.86,29513.52,50665.4,71.45
2023-12-08T05:00+01:00,-3890.17,27482.61,28811.93,53087.13,71.45
2023-12-08T06:00+01:00,-3222.04,32244.04,28681.8,60345.5,71.45
2023-12-08T07:00+01:00,-1624.14,34388.03,28157.33,66559.74,71.45
2023-12-08T08:00+01:00,-2034.21,36016.68,28703.68,70039.89,71.45
2023-12-08T09:00+01:00,-2469.95,36289.81,29499.06,71133.64,71.45
2023-12-08T10:00+01:00,55.14,36775.04,28692.35,71838.78,71.45
2023-12-08T11:00+01:00,2879.44,36707.84,26232.59,71695.77,70.24
2023-12-08T12:00+01:00,5059.04,36432.96,24504.49,71345.34,69.84
2023-12-08T13:00+01:00,6306.12,36157.68,22109.57,69956.12,69.84
2023-12-08T14:00+01:00,5763.05,36562.72,20238.26,68534.04,69.84
2023-12-08T15:00+01:00,5712.43,36653.71,19134.1,68110.63,69.84
2023-12-08T16:00+01:00,5198.38,36453.51,18499.4,68753.31,69.84
2023-12-08T17:00+01:00,4229.62,36566.23,17895.54,69154.59,69.84
2023-12-08T18:00+01:00,5627.53,36575.23,17455.17,67545.69,69.84
2023-12-08T19:00+01:00,5203.26,35919.87,17045.49,65497.78,69.84
2023-12-08T20:00+01:00,5427.37,33958.84,16965.59,61522.58,69.84
2023-12-08T21:00+01:00,5549.82,31068.59,17147.44,57934.42,69.84
2023-12-08T22:00+01:00,6386.42,28074.73,17956.98,55004.79,69.84
2023-12-08T23:00+01:00,5479.15,24690.78,19178.27,51477.72,69.84
2023-12-09T00:00+01:00,3939.49,22013.41,21077.31,48143.62,69.84
2023-12-09T01:00+01:00,2745.26,20078.7,21811.44,45746.46,69.84
2023-12-09T02:00+01:00,1890.99,18937.08,22729.72,44377.98,69.84
2023-12-09T03:00+01:00,1853.94,18588.43,23833.81,44087.19,69.84
2023-12-09T04:00+01:00,2235.03,18604.98,23712.83,43860.66,69.84
2023-12-09T05:00+01:00,2015.78,18753.69,24053.12,44182.84,69.84
2023-12-09T06:00+01:00,1004.91,19735.29,25515.49,45623.67,69.84
2023-12-09T07:00+01:00,1161.74,21427.93,26943.24,49164.96,69.84
2023-12-09T08:00+01:00,365.15,23233.73,28448.48,52230.62,69.84
2023-12-09T09:00+01:00,694.36,23395.36,30823.37,55364.17,69.84
2023-12-09T10:00+01:00,-277.97,22956.35,33554.76,56727.77,69.84
2023-12-09T11:00+01:00,203.34,22262.22,36032.07,57979.55,69.84
2023-12-09T12:00+01:00,-1121.69,21683.05,36945.4,57861.99,69.84
2023-12-09T13:00+01:00,-1753.89,21154.79,36846.87,56355.8,69.84
2023-12-09T14:00+01:00,-2910.2,20865.97,36644.54,55465.06,69.84
2023-12-09T15:00+01:00,-4066.62,20700.35,38360.1,56467.92,69.84
2023-12-09T16:00+01:00,-7081.96,20249.23,42768.94,58551.26,69.84
2023-12-09T17:00+01:00,-6625.86,18876.62,46327.55,61096.48,69.84
2023-12-09T18:00+01:00,-8658.76,18142.4,47493.57,60998.33,69.84
2023-12-09T19:00+01:00,-9151.86,16570.26,49032.52,59545.15,69.84
2023-12-09T20:00+01:00,-9705.56,14300.24,48458.64,55958.11,69.84
2023-12-09T21:00+01:00,-10235.5,13149.59,47696.76,53203.12,69.84
2023-12-09T22:00+01:00,-9236.7,12279.21,47011.59,51628.42,69.84
2023-12-09T23:00+01:00,-10238.22,11548.04,47955.05,49360.14,69.84
2023-12-10T00:00+01:00,-10301.14,10876.38,47373.4,46931.74,69.84
2023-12-10T01:00+01:00,-10286.46,10714.27,45677.41,44587.69,69.84
2023-12-10T02:00+01:00,-10897.44,10706.25,44857.56,43061.09,69.84
2023-12-10T03:00+01:00,-9483.4,10759.07,43204.04,42615.39,69.84
2023-12-10T04:00+01:00,-8841.94,10822.18,42049.87,42379.24,69.84
2023-12-10T05:00+01:00,-7548.58,10910.43,40914.33,42607.2,69.84
2023-12-10T06:00+01:00,-8316.25,10955.91,40319.15,42944.47,69.84
2023-12-10T07:00+01:00,-7732.54,11086.17,41187.95,44491.08,69.84
2023-12-10T08:00+01:00,-6570.48,11541.38,42727.93,47602.31,69.84
2023-12-10T09:00+01:00,-7635.43,11940.65,44920.7,50807.13,69.84
2023-12-10T10:00+01:00,-7586.79,12014.94,46934.15,53049.94,69.84
2023-12-10T11:00+01:00,-7417.43,11960.09,49301.62,55262.05,69.84
2023-12-10T12:00+01:00,-7816.46,11865.88,50459.22,55613.15,69.84
2023-12-10T13:00+01:00,-8472.68,11829.34,49878.4,54228.08,69.84
2023-12-10T14:00+01:00,-7899.46,12190.16,47732.89,53308.13,69.84
2023-12-10T15:00+01:00,-7981.61,13695.73,44840.11,53064.87,69.84
2023-12-10T16:00+01:00,-9047.37,15588.71,43526.56,54685.1,69.84
2023-12-10T17:00+01:00,-8627.28,16534.9,42458.73,56323.88,69.84
2023-12-10T18:00+01:00,-5788.47,16916.44,40738.61,56465.96,69.84
2023-12-10T19:00+01:00,-6070.98,17126.66,39629.82,54777.6,69.84
2023-12-10T20:00+01:00,-6109.57,16656.3,37953.19,51947.22,69.84
2023-12-10T21:00+01:00,-5801.86,16565.88,38034.98,50167.16,69.84
2023-12-10T22:00+01:00,-4694.94,16021.15,36647.89,49353.4,69.84
2023-12-10T23:00+01:00,-4629.2,14208.76,36551.92,46502.59,69.84
2023-12-11T00:00+01:00,-5969.22,13493.31,38537.85,44567.58,69.84
2023-12-11T01:00+01:00,-7595.29,13026.36,39999.18,43230.87,69.84
2023-12-11T02:00+01:00,-7400.65,12906.71,39850.33,43042.9,69.84
2023-12-11T03:00+01:00,-7829.36,13030.06,39930.55,43651.33,69.84
2023-12-11T04:00+01:00,-7912.04,14243.33,39011.06,44952.34,69.84
2023-12-11T05:00+01:00,-6127.17,16757.32,37624.16,48085.67,69.84
2023-12-11T06:00+01:00,-3163.63,19570.87,36329.83,56178.72,69.84
2023-12-11T07:00+01:00,-933.44,22623.71,35829.35,62740.04,69.84
2023-12-11T08:00+01:00,491.54,24001.91,35919.11,65838.33,69.84
2023-12-11T09:00+01:00,-2139.22,24662.53,36820.14,66981.06,69.84
2023-12-11T10:00+01:00,-1711.25,25205.12,38107.11,67588.53,69.84
2023-12-11T11:00+01:00,-2295.67,25823.09,39365.48,68155.98,69.84
2023-12-11T12:00+01:00,-2657.89,25939.04,39484.73,67832.12,69.84
2023-12-11T13:00+01:00,-2720.83,26456.9,39628.18,67635.91,69.84
2023-12-11T14:00+01:00,-3014.16,26668.28,38543.44,66482.96,69.84
2023-12-11T15:00+01:00,-2733.04,27073.79,36977.01,66631.26,69.84
2023-12-11T16:00+01:00,-2737.73,27951.29,35594.27,67691.52,69.84
2023-12-11T17:00+01:00,-4045.77,28785.18,34617.97,68890.25,69.84
2023-12-11T18:00+01:00,-4757.27,29598.61,33916.48,67966.72,69.84
2023-12-11T19:00+01:00,-3481.31,29705.26,32733.5,66466.34,69.84
2023-12-11T20:00+01:00,-4804.26,29435.59,31223.5,62776.82,69.84
2023-12-11T21:00+01:00,-4322.25,28103.4,30387.05,59306.41,69.84
2023-12-11T22:00+01:00,-3875.93,26951.43,28598.08,55924.85,69.84
2023-12-11T23:00+01:00,-4400.53,26476.13,26290.37,52189.39,69.84
2023-12-12T00:00+01:00,-2725.42,26578.53,23383.49,48859.94,69.84
2023-12-12T01:00+01:00,-976.56,26301.3,20867.59,47257.17,69.84
2023-12-12T02:00+01:00,1892.16,26332.07,18409.91,46554.46,69.84
2023-12-12T03:00+01:00,3483.24,26761.49,16609.61,46510.44,69.84
2023-12-12T04:00+01:00,4137.68,27847.96,15410.08,47564.22,69.84
2023-12-12T05:00+01:00,4392.98,30337.91,14727.45,50795.92,69.84
2023-12-12T06:00+01:00,5731.03,34189.59,14192.16,57922.61,69.84
2023-12-12T07:00+01:00,5330.23,36742.7,13602.66,64374.22,69.84
2023-12-12T08:00+01:00,6482.97,37635.49,13527.8,66967.79,69.84
2023-12-12T09:00+01:00,6337.91,37890.47,15033.61,67144.37,69.84
2023-12-12T10:00+01:00,5184.68,37734.76,16382.14,67323.34,69.84
2023-12-12T11:00+01:00,6081.77,37669.72,16488.95,67324.56,69.84
2023-12-12T12:00+01:00,7665.18,37921.76,16209.59,66978.88,69.84
2023-12-12T13:00+01:00,7722.29,37934.63,15816.94,66587.98,69.84
2023-12-12T14:00+01:00,6597.72,37870.94,16069.35,65960.13,69.84
2023-12-12T15:00+01:00,5364.69,37443.95,17449.21,66028.1,69.84
2023-12-12T16:00+01:00,3348.33,37469.84,19960.46,67126.15,69.84
2023-12-12T17:00+01:00,2146.05,37593.5,22603.45,68119.23,69.84
2023-12-12T18:00+01:00,2201.12,37157.38,24062.46,67565.82,69.84
2023-12-12T19:00+01:00,1807.39,35665.21,25267.9,65873.44,69.84
2023-12-12T20:00+01:00,1694.67,32448.46,26262.48,62745.02,69.84
2023-12-12T21:00+01:00,-311.15,30369.56,27113.36,59846.6,69.84
2023-12-12T22:00+01:00,-868.68,28020.41,27808.27,56214.11,69.84
2023-12-12T23:00+01:00,-1465.21,25398.07,27998.73,52219.2,69.84
2023-12-13T00:00+01:00,-2324.4,22463.18,28356.86,48241.5,69.84
2023-12-13T01:00+01:00,-2872.39,21257.76,28313.31,46476.4,69.84
2023-12-13T02:00+01:00,-2632.54,21496.14,27946.87,46140.62,69.84
2023-12-13T03:00+01:00,-1109.23,21150.58,27807.39,46913.85,69.84
2023-12-13T04:00+01:00,-901.62,21917.23,27345.4,48190.12,69.84
2023-12-13T05:00+01:00,734.75,24357.8,27189.24,51359.04,69.84
2023-12-13T06:00+01:00,832.1,28729.13,26848.68,59225.43,69.84
2023-12-13T07:00+01:00,2079.42,33090.3,26549.94,65779.73,69.84
2023-12-13T08:00+01:00,732.19,34949.88,26621.32,68473.76,69.84
2023-12-13T09:00+01:00,336.16,34969.56,27291.89,68281.1,69.84
2023-12-13T10:00+01:00,64.22,35294.78,28374.21,68598.2,69.84
2023-12-13T11:00+01:00,1215.6,34964.71,28818.61,69273.45,69.84
2023-12-13T12:00+01:00,2017.43,34842.13,28321.15,68755.6,69.84
2023-12-13T13:00+01:00,1821.14,35229.97,27528.93,68235.39,69.84
2023-12-13T14:00+01:00,2571.93,35531.14,25499.8,67260.24,69.84
2023-12-13T15:00+01:00,2855.77,35764.42,23910.09,67095.41,69.84
2023-12-13T16:00+01:00,2307.91,35778.74,23865.4,68660.24,69.84
2023-12-13T17:00+01:00,-708.92,36496.89,24713.72,69741.56,69.84
2023-12-13T18:00+01:00,465.54,36081.58,25224.45,69518.06,69.84
2023-12-13T19:00+01:00,1611.11,35003.96,25132.94,67861.41,69.84
2023-12-13T20:00+01:00,1041.23,32677.22,24525.65,64156.97,69.84
2023-12-13T21:00+01:00,1126,30481.23,23769.71,59946.14,69.84
2023-12-13T22:00+01:00,1501.83,29146.35,22542.62,56888.48,69.84
2023-12-13T23:00+01:00,2159.68,27484.67,21459.36,52704.32,69.84
2023-12-14T00:00+01:00,4236.86,25390.64,19686.34,49606.62,69.84
2023-12-14T01:00+01:00,5362.76,24298.46,18022.88,47600.39,69.84
2023-12-14T02:00+01:00,5272.02,24653.26,16882.91,46396.11,69.84
2023-12-14T03:00+01:00,6208.58,24925.23,15800.9,46609.8,69.84
2023-12-14T04:00+01:00,6241.24,25803.66,14690.15,48161.64,69.84
2023-12-14T05:00+01:00,7237.41,28383.94,13635.69,51384.92,69.84
2023-12-14T06:00+01:00,5876.51,34600.65,12931.27,58209.99,69.84
2023-12-14T07:00+01:00,6329.11,38091.12,12337.56,64171.22,69.84
2023-12-14T08:00+01:00,7720.39,38823.68,12000.23,66708.53,69.84
2023-12-14T09:00+01:00,7012.69,39387.81,12438.5,67028.7,69.84
2023-12-14T10:00+01:00,8255.55,39279.01,13373.51,67965.77,69.84
2023-12-14T11:00+01:00,9518.91,39029.98,13695.74,68013.03,69.84
2023-12-14T12:00+01:00,9297.85,38826.54,14180.23,67784.34,69.84
2023-12-14T13:00+01:00,7761.68,39311.19,14163.41,67127.23,69.84
2023-12-14T14:00+01:00,6550.64,39328.64,13325.81,65909.5,69.84
2023-12-14T15:00+01:00,6406.67,39579.46,12237.32,65297.66,69.84
2023-12-14T16:00+01:00,6258.38,39910.28,12035.23,66039.62,69.84
2023-12-14T17:00+01:00,5267.05,40178.34,12439.51,67171.44,69.84
2023-12-14T18:00+01:00,5226.71,39916.27,12626.04,66322.56,69.84
2023-12-14T19:00+01:00,4888.99,39105.5,13215.78,64448.45,69.84
2023-12-14T20:00+01:00,4829.69,37386.56,13674.29,60639.58,69.84
2023-12-14T21:00+01:00,6689.44,32982.02,14199.55,57506.01,69.84
2023-12-14T22:00+01:00,5893.67,30183.2,14686.23,54430.89,69.84
2023-12-14T23:00+01:00,4838.97,28102.07,15480.24,50714.14,69.84
2023-12-15T00:00+01:00,2575.6,26724.21,16394.51,47978.58,69.84
2023-12-15T01:00+01:00,1922.32,26040.8,16778.29,46299.24,69.84
2023-12-15T02:00+01:00,3100.69,25331.74,17469.38,45532.77,69.84
2023-12-15T03:00+01:00,4330.95,24416.56,17783.89,45938.07,69.84
2023-12-15T04:00+01:00,3870.25,25038.42,18790.87,47091.6,69.84
2023-12-15T05:00+01:00,3473.72,26574.64,19083.94,50038.47,69.84
2023-12-15T06:00+01:00,2876.88,30404.56,19092.53,57472.69,69.84
2023-12-15T07:00+01:00,3536.24,33001.12,19438.91,63560.04,69.84
2023-12-15T08:00+01:00,2824.33,33751.82,20203.28,66302.06,69.84
2023-12-15T09:00+01:00,2010.88,33873.51,22245.61,66932.17,69.84
2023-12-15T10:00+01:00,3550.16,33475.15,24475.33,67836.38,69.84
2023-12-15T11:00+01:00,3780.91,32689.34,25321.94,67790.19,67.41
2023-12-15T12:00+01:00,4731.34,31537.93,25717.68,67207.99,66.6
2023-12-15T13:00+01:00,5128.23,31353.17,25049.63,65754.44,66.6
2023-12-15T14:00+01:00,4886.72,31631,23933.92,64185.06,66.6
2023-12-15T15:00+01:00,4545,31793.68,22505.95,63917.26,66.6
2023-12-15T16:00+01:00,5105.01,32018.57,23231.51,65125.48,66.6
2023-12-15T17:00+01:00,4719.52,32151.76,24309.67,66023.52,66.6
2023-12-15T18:00+01:00,3047.84,32182.86,24374.6,64853.29,66.6
2023-12-15T19:00+01:00,2083.7,31580.64,24362.83,62900.21,66.6
2023-12-15T20:00+01:00,558.03,29931.81,24694.03,59410.29,66.6
2023-12-15T21:00+01:00,250.66,27158.52,25560.09,56269.42,66.6
2023-12-15T22:00+01:00,241.33,24720.38,26202.86,53393.26,66.6
2023-12-15T23:00+01:00,592.12,21340.12,26668.26,49722.42,66.6
2023-12-16T00:00+01:00,1535,18666.46,27347.61,46931.44,66.6
2023-12-16T01:00+01:00,1287.21,17069.19,28125.17,45247.95,66.6
2023-12-16T02:00+01:00,1681.44,16405.1,29004.66,44111.12,66.6
2023-12-16T03:00+01:00,2513.39,15907.39,30233.13,44926.38,66.6
2023-12-16T04:00+01:00,2008.33,15861.71,30995.89,45632.51,66.6
2023-12-16T05:00+01:00,1243.22,15285.8,31173.97,46114.4,66.6
2023-12-16T06:00+01:00,-138.83,16034.05,32096.19,47086.51,66.6
2023-12-16T07:00+01:00,-1063.18,17719.59,33217.89,50150.32,66.6
2023-12-16T08:00+01:00,-2392.37,18757.67,35598.46,53929.28,66.6
2023-12-16T09:00+01:00,-3987.4,19254.02,38592.71,56919.87,66.6
2023-12-16T10:00+01:00,-4988.58,18553.84,41770.43,57737.95,66.6
2023-12-16T11:00+01:00,-3463.73,18280.65,44235.41,58083.91,66.6
2023-12-16T12:00+01:00,-4612.25,17976.68,45474.74,57510.37,66.6
2023-12-16T13:00+01:00,-3721.23,17557.02,44241.6,55763.59,66.6
2023-12-16T14:00+01:00,-3973.56,17495.73,42175.06,54730.3,66.6
2023-12-16T15:00+01:00,-3453.82,18020.19,40128.95,55051.57,66.6
2023-12-16T16:00+01:00,-1980.22,18544.68,39365.6,57239.03,66.6
2023-12-16T17:00+01:00,-4230.73,19307.71,39486.33,59110.1,66.6
2023-12-16T18:00+01:00,-6377.36,20244.12,38774.2,58596.6,66.6
2023-12-16T19:00+01:00,-6744.52,20313.01,38249.93,56950.52,66.6
2023-12-16T20:00+01:00,-7233.67,19396.08,38262.43,53779.29,66.6
2023-12-16T21:00+01:00,-5354.57,18571.44,37492.74,51679.28,66.6
2023-12-16T22:00+01:00,-5303.45,18410.17,36113.08,49966.81,66.6
2023-12-16T23:00+01:00,-4846.21,17083.4,36227.08,47858.37,66.6
2023-12-17T00:00+01:00,-4786.78,15895.02,35750.02,44921.42,66.6
2023-12-17T01:00+01:00,-5979.01,15855.07,34497.38,43203.92,66.6
2023-12-17T02:00+01:00,-5015.39,15967.22,33265.76,42377.22,66.6
2023-12-17T03:00+01:00,-3067.15,15496.09,33513.69,42329.13,66.6
2023-12-17T04:00+01:00,-2498.18,15270.41,34112.78,42300.86,66.6
2023-12-17T05:00+01:00,-3275.62,15465.16,34134.69,42326.59,66.6
2023-12-17T06:00+01:00,-3195.31,15614.29,34229.7,43023.06,66.6
2023-12-17T07:00+01:00,-3506,15783.98,34491.01,44800.75,66.6
2023-12-17T08:00+01:00,-2347.93,16427.14,35623.43,47771.46,66.6
2023-12-17T09:00+01:00,-3804.84,16560.34,39807.42,50659.82,66.6
2023-12-17T10:00+01:00,-5425.01,16497.54,44071.42,52572.68,66.6
2023-12-17T11:00+01:00,-6709.5,16114.08,47062.53,54085.52,66.6
2023-12-17T12:00+01:00,-8812.89,15901.9,48768.64,54214.91,66.6
2023-12-17T13:00+01:00,-8313.26,15741.04,47057.52,53365.68,66.6
2023-12-17T14:00+01:00,-5893.72,16188.99,41240.61,51912.25,66.6
2023-12-17T15:00+01:00,-3138.94,17459.5,36419.19,51859.53,66.6
2023-12-17T16:00+01:00,-3746.07,18298.06,36418.46,54474.26,66.6
2023-12-17T17:00+01:00,-5990.44,19548.34,37346.38,56864.56,66.6
2023-12-17T18:00+01:00,-6798.47,20087.12,38131.45,56932.82,66.6
2023-12-17T19:00+01:00,-7244.88,19939.08,39275.72,56208.34,66.6
2023-12-17T20:00+01:00,-6735.15,19210.2,39417.58,54117.8,66.6
2023-12-17T21:00+01:00,-6834.32,19016.79,38823.4,52143.03,66.6
2023-12-17T22:00+01:00,-5824.74,18429.82,38059.74,50948.97,66.6
2023-12-17T23:00+01:00,-5047.22,17628.52,37789.72,48488,66.6
2023-12-18T00:00+01:00,-5394.32,15816.29,38386.84,47626.1,66.6
2023-12-18T01:00+01:00,-5682.58,15135.64,37995.97,45561.08,66.6
2023-12-18T02:00+01:00,-6248.5,15222.33,36861.48,45009.05,66.6
2023-12-18T03:00+01:00,-5490.94,15180.22,36668.48,45356.98,66.6
2023-12-18T04:00+01:00,-5116.54,15759.57,36524.12,47009.91,66.6
2023-12-18T05:00+01:00,-4473.75,17550.69,36126.87,50681.9,66.6
2023-12-18T06:00+01:00,-3643.67,21302.01,37214.25,58154.46,66.6
2023-12-18T07:00+01:00,-2167.65,22288.96,37380.96,64645.93,66.6
2023-12-18T08:00+01:00,-1998.19,23402.2,37184.5,67513.07,66.6
2023-12-18T09:00+01:00,-3014.11,22945.03,41006.18,68176.82,66.6
2023-12-18T10:00+01:00,-3784.62,22271.22,44575.55,68048.06,66.6
2023-12-18T11:00+01:00,-4501.65,21814.03,47211.62,68096.84,66.6
2023-12-18T12:00+01:00,-4487.25,21705.39,47566.88,67457.9,66.6
2023-12-18T13:00+01:00,-2384.65,21562.01,45728.45,66219.63,66.6
2023-12-18T14:00+01:00,-711.97,21677.98,41266.7,64883.54,66.6
2023-12-18T15:00+01:00,787.78,22149.09,37651.79,65559.4,66.6
2023-12-18T16:00+01:00,1434.35,22117.76,37214.5,67396.41,66.6
2023-12-18T17:00+01:00,-149.14,22374,39443.39,69153.2,66.6
2023-12-18T18:00+01:00,-2081.18,22233.32,40820.79,68396.27,66.6
2023-12-18T19:00+01:00,-3599.21,22203.44,42268.45,66921.26,66.6
2023-12-18T20:00+01:00,-5824.69,21719.28,43353.77,63735.41,66.6
2023-12-18T21:00+01:00,-7406.4,20867.37,43804.35,60621.65,66.6
2023-12-18T22:00+01:00,-7330.66,19997.52,42888.68,56968.49,66.6
2023-12-18T23:00+01:00,-6490.28,18625.94,41680.49,53830.03,66.6
2023-12-19T00:00+01:00,-7310.5,16918.69,41721,50845.7,66.6
2023-12-19T01:00+01:00,-6630.34,16656.94,40781.3,49140.92,66.6
2023-12-19T02:00+01:00,-7140.12,16822.18,39361.51,48181.88,66.6
2023-12-19T03:00+01:00,-4784.93,16408.37,37706.54,48149.34,66.6
2023-12-19T04:00+01:00,-3530.59,17033.49,36004.89,49179.74,66.6
2023-12-19T05:00+01:00,-1590.68,18086.59,35551.36,52420.24,66.6
2023-12-19T06:00+01:00,299.66,20221.55,34929.12,58784.13,66.6
2023-12-19T07:00+01:00,1599.26,21103.55,34921.75,65025.59,66.6
2023-12-19T08:00+01:00,1233.73,21939.36,34858.26,67993.85,66.6
2023-12-19T09:00+01:00,962.09,21884.4,37972.82,68262.57,66.6
2023-12-19T10:00+01:00,-1016.4,21517.19,42013.55,68737.39,66.6
2023-12-19T11:00+01:00,-1625.59,20578.13,45410.27,68866.64,66.6
2023-12-19T12:00+01:00,-1884.79,20303.47,46813.73,68541.83,66.6
2023-12-19T13:00+01:00,-3528.8,20885.06,44772.28,67706.09,66.6
2023-12-19T14:00+01:00,-2755.32,22047.22,41670.15,66952.58,66.6
2023-12-19T15:00+01:00,-250.27,21946.97,39367.38,66924.36,66.6
2023-12-19T16:00+01:00,821.84,21631.7,37173.74,67796.62,66.6
2023-12-19T17:00+01:00,1288.88,21538.3,37038.86,68725.86,66.6
2023-12-19T18:00+01:00,965.47,21668.78,35897.17,67876.66,66.6
2023-12-19T19:00+01:00,422,21803.43,35462.02,65490.7,66.6
2023-12-19T20:00+01:00,157.26,20952.61,34861.3,61251.32,66.6
2023-12-19T21:00+01:00,-1526.98,20299.26,34399.29,57581.56,66.6
2023-12-19T22:00+01:00,-2393.44,19362.39,34785.9,54587.54,66.6
2023-12-19T23:00+01:00,-2420.76,16759.94,35099.25,50592.89,66.6
2023-12-20T00:00+01:00,-1545.08,14594.83,34784.91,47120.76,66.6
2023-12-20T01:00+01:00,-1667.85,13513.73,35336.39,45650.78,66.6
2023-12-20T02:00+01:00,-2677.1,13370.91,35813.78,45172.77,66.6
2023-12-20T03:00+01:00,-3097.42,13718.82,37924.2,46164.29,66.6
2023-12-20T04:00+01:00,-3410.64,13932.27,39156.74,47495.57,66.6
2023-12-20T05:00+01:00,-3896.74,14556.04,41246.04,50405.87,66.6
2023-12-20T06:00+01:00,-3527.1,15932.36,42161.7,56060.44,66.6
2023-12-20T07:00+01:00,-3197.62,17503.11,44809.32,62817.68,66.6
2023-12-20T08:00+01:00,-5977.23,19047.17,47108.52,66160.51,66.6
2023-12-20T09:00+01:00,-6251.15,19613.75,48111.75,66205.39,66.6
2023-12-20T10:00+01:00,-7426.14,19575.85,51331.19,66401.37,66.6
2023-12-20T11:00+01:00,-7178.58,18830.41,53859.16,66731.42,66.6
2023-12-20T12:00+01:00,-8914.26,18166.85,55421.19,66515.14,66.6
2023-12-20T13:00+01:00,-9287.03,17374.04,54986.39,66692.55,66.6
2023-12-20T14:00+01:00,-8198.02,17690.67,53260.38,65296.69,66.6
2023-12-20T15:00+01:00,-4649.09,17664.51,51660.88,65312.44,66.6
2023-12-20T16:00+01:00,-4043.7,16716.42,50317.43,66115.06,66.6
2023-12-20T17:00+01:00,-5548.42,16973.17,48769.2,66661.51,66.6
2023-12-20T18:00+01:00,-4854.22,16698.81,46299.77,65350.96,66.6
2023-12-20T19:00+01:00,-5445.27,16294.11,44591.37,63657.06,66.6
2023-12-20T20:00+01:00,-4766.57,15124.08,45750.98,60935.89,66.6
2023-12-20T21:00+01:00,-3188.08,13460.11,46889.86,57713.5,66.6
2023-12-20T22:00+01:00,-5896.24,12719.57,45569.26,54435.64,66.6
2023-12-20T23:00+01:00,-9281.66,12117.27,45018.65,50466.73,66.6
2023-12-21T00:00+01:00,-10206.47,10699.49,45766.48,47128.31,66.6
2023-12-21T01:00+01:00,-12190.2,10548.62,46889.36,45682.46,66.6
2023-12-21T02:00+01:00,-12661.65,10600.72,47686.84,45062.82,66.6
2023-12-21T03:00+01:00,-11958.35,10421.88,48135.69,44592.45,66.6
2023-12-21T04:00+01:00,-11379.12,10458.77,48563.98,45592.32,66.6
2023-12-21T05:00+01:00,-11091.96,11037.75,49658.12,48329.44,66.6
2023-12-21T06:00+01:00,-10662,11817.01,52396.24,53988.06,66.6
2023-12-21T07:00+01:00,-10399.72,11853.1,55204.54,59704.72,66.6
2023-12-21T08:00+01:00,-11152.57,12447.51,58188.64,63883.95,66.6
2023-12-21T09:00+01:00,-12946.24,12683.32,59255.91,65295.9,66.6
2023-12-21T10:00+01:00,-11772.77,12597.53,59868.94,65885.08,66.6
2023-12-21T11:00+01:00,-11220.93,12522.93,60834.39,66308.24,66.6
2023-12-21T12:00+01:00,-11351.38,12457.36,60852.1,66082.88,66.6
2023-12-21T13:00+01:00,-10518.55,12058.95,60594.53,65669.9,66.6
2023-12-21T14:00+01:00,-10194.38,11759.79,58460.87,64501.54,66.6
2023-12-21T15:00+01:00,-10678.03,11668.13,57689.85,63795.68,66.6
2023-12-21T16:00+01:00,-10594.85,11830.02,57072.93,64410.25,66.6
2023-12-21T17:00+01:00,-9813.71,11788.38,56053.21,65179.32,66.6
2023-12-21T18:00+01:00,-10070.2,11494.63,56252.08,64652.9,66.6
2023-12-21T19:00+01:00,-10847.55,11123.03,55656.05,62673.19,66.6
2023-12-21T20:00+01:00,-10626.12,10956.86,55825.76,59371.58,66.6
2023-12-21T21:00+01:00,-11368.65,10566.2,54612.41,55993.4,66.6
2023-12-21T22:00+01:00,-13685.78,10678.8,51572.22,52738.12,66.6
2023-12-21T23:00+01:00,-14839.79,10817.91,51429.87,49169.86,66.6
2023-12-22T00:00+01:00,-13862.2,10328.02,50868.69,47860.81,66.6
2023-12-22T01:00+01:00,-13547.73,9762.58,50095.06,45588.43,66.6
2023-12-22T02:00+01:00,-12785.96,9528.94,49903.54,44360.07,66.6
2023-12-22T03:00+01:00,-11000.6,9412.76,48649.47,44594.68,66.6
2023-12-22T04:00+01:00,-12068.08,9453.26,49905.52,45862.41,66.6
2023-12-22T05:00+01:00,-10652.33,9620.61,50889.56,47975.51,66.6
2023-12-22T06:00+01:00,-12367.26,10046.85,54531.91,53161.88,66.6
2023-12-22T07:00+01:00,-12309.62,10703.73,55915.14,57693.73,66.6
2023-12-22T08:00+01:00,-13152.75,11187.97,56907.04,60973.31,66.6
2023-12-22T09:00+01:00,-12604.7,11136.1,57789.99,62341.52,66.6
2023-12-22T10:00+01:00,-12250.01,10968.86,58637.69,62703.4,66.6
2023-12-22T11:00+01:00,-10312.24,10877.28,58961.92,63343.7,66.6
2023-12-22T12:00+01:00,-10790.3,10850.94,57813.73,63444.06,66.6
2023-12-22T13:00+01:00,-9269.88,10104.23,56294.02,62255.21,66.6
2023-12-22T14:00+01:00,-8368.12,9703.34,53148.57,60548.92,66.6
2023-12-22T15:00+01:00,-7176.03,9678.26,52334.2,59822.17,66.6
2023-12-22T16:00+01:00,-8141.16,9867.4,53108.75,61065.01,66.6
2023-12-22T17:00+01:00,-9745.5,9951.9,52931.98,61862.62,66.6
2023-12-22T18:00+01:00,-9070.52,10100.02,53097.87,61791.81,66.6
2023-12-22T19:00+01:00,-9185.64,9987.07,53149.62,59672.62,66.6
2023-12-22T20:00+01:00,-11248.57,9414.23,53520.04,56936.07,66.6
2023-12-22T21:00+01:00,-12073.57,9455.53,53923.9,53933.59,66.6
2023-12-22T22:00+01:00,-12507.6,9547.68,53756.1,51737.01,66.6
2023-12-22T23:00+01:00,-15243.33,9689.99,54315.52,49004.1,66.6
2023-12-23T00:00+01:00,-15227.15,9713.59,52873.43,45614.89,66.6
2023-12-23T01:00+01:00,-14451.49,9586.17,50484.65,43952.99,66.6
2023-12-23T02:00+01:00,-14458.78,9465.56,49563,42544.08,66.6
2023-12-23T03:00+01:00,-13471.1,9450.3,47765.77,42081.11,66.6
2023-12-23T04:00+01:00,-12562.71,9460.6,45906.5,42285.76,66.6
2023-12-23T05:00+01:00,-9924.34,9499.15,43794.97,42949.66,66.6
2023-12-23T06:00+01:00,-10591.45,9419.83,43700.2,43655.73,66.6
2023-12-23T07:00+01:00,-8945.51,9615.86,42100.81,45623.55,66.6
2023-12-23T08:00+01:00,-5772.78,9967.23,40191.7,49294.86,66.6
2023-12-23T09:00+01:00,-3440.78,10626.33,39481.04,52362.57,66.6
2023-12-23T10:00+01:00,219.05,10553.5,39605.64,55051.83,66.6
2023-12-23T11:00+01:00,11.23,10801.82,40324.98,56291.02,66.6
2023-12-23T12:00+01:00,1682.02,10276.94,41565.15,56925.02,66.6
2023-12-23T13:00+01:00,-469.79,10012.4,41330.02,55629.07,66.6
2023-12-23T14:00+01:00,-275.48,9874.81,39758.43,54647.04,66.6
2023-12-23T15:00+01:00,-101.14,10174.05,37712.4,54814.76,66.6
2023-12-23T16:00+01:00,993.71,10789.51,35973.19,55867.98,66.6
2023-12-23T17:00+01:00,1702.47,11741.29,34726.62,57992.56,66.6
2023-12-23T18:00+01:00,915.63,12400.83,34285.29,56977.28,66.6
2023-12-23T19:00+01:00,1491.82,11841.05,34126.06,55122.47,66.6
2023-12-23T20:00+01:00,-49.69,10509.32,35417.7,51469.05,66.6
2023-12-23T21:00+01:00,-1081.88,9952.86,36833.84,48861.09,66.6
2023-12-23T22:00+01:00,-2712.31,9429.54,37303.37,46816.08,66.6
2023-12-23T23:00+01:00,-4834.13,8906.89,37942.94,43657.79,66.6
2023-12-24T00:00+01:00,-5592.81,8535.26,38714.5,40489.88,66.6
2023-12-24T01:00+01:00,-7007.4,8455.93,39271.64,38116.13,66.6
2023-12-24T02:00+01:00,-6667.38,8390.78,39751.36,37372.82,66.6
2023-12-24T03:00+01:00,-8307.6,8442.84,40833.22,37311.04,66.6
2023-12-24T04:00+01:00,-7767.73,8507.57,41156.95,37504.16,66.6
2023-12-24T05:00+01:00,-7912.97,8530.16,41610.35,38197.82,66.6
2023-12-24T06:00+01:00,-9850.63,8440.96,43504.26,38671.32,66.6
2023-12-24T07:00+01:00,-11912.92,8406.06,46112.61,41227.86,66.6
2023-12-24T08:00+01:00,-9930.64,8393.59,47082.01,45025.42,66.6
2023-12-24T09:00+01:00,-9416.02,8427.31,48385.26,47928.88,66.6
2023-12-24T10:00+01:00,-10175.31,8408.89,51734.57,50386.72,66.6
2023-12-24T11:00+01:00,-9595.84,8479.18,52650.18,51759.82,66.6
2023-12-24T12:00+01:00,-9146.71,8522.32,53014.54,52039.1,66.6
2023-12-24T13:00+01:00,-9316.54,8493.48,52931.34,51259.56,66.6
2023-12-24T14:00+01:00,-10543.37,8471.75,52883.07,50663.98,66.6
2023-12-24T15:00+01:00,-10919.7,8470.45,52762.3,50651.83,66.6
2023-12-24T16:00+01:00,-11653.2,8481.16,52977.67,51884.97,66.6
2023-12-24T17:00+01:00,-11837.46,8401.79,54200.2,53196.42,66.6
2023-12-24T18:00+01:00,-11275.88,8307.96,53046.33,51705.62,66.6
2023-12-24T19:00+01:00,-11756.34,8340.49,51444.66,48795.57,66.6
2023-12-24T20:00+01:00,-13069.11,8327.98,50758.87,46668.88,66.6
2023-12-24T21:00+01:00,-13178.27,8360.72,51030.46,45515.9,66.6
2023-12-24T22:00+01:00,-13752.74,8330.46,50251.27,45162.83,66.6
2023-12-24T23:00+01:00,-14119.52,8252.98,48464.63,43011.97,66.6
2023-12-25T00:00+01:00,-15087.87,8160.22,47112.64,40747.99,66.6
2023-12-25T01:00+01:00,-15257.48,8140.38,46414.75,38501.85,66.6
2023-12-25T02:00+01:00,-15787.39,8100.96,45811.32,36941.32,66.6
2023-12-25T03:00+01:00,-13934.07,8121.29,44595.62,37001.97,66.6
2023-12-25T04:00+01:00,-13176.2,8123.57,44262.59,37503.02,66.6
2023-12-25T05:00+01:00,-14240.39,8178.24,44618.98,37377.96,66.6
2023-12-25T06:00+01:00,-15733.92,8249.05,45604.07,38371.71,66.6
2023-12-25T07:00+01:00,-14353.15,8319.08,44815.6,39814.86,66.6
2023-12-25T08:00+01:00,-14515.95,8342.16,47093.92,43037.51,66.6
2023-12-25T09:00+01:00,-11395.08,8419.36,46857.01,46232.67,66.6
2023-12-25T10:00+01:00,-10276.32,8444.87,48237.34,48835.09,66.6
2023-12-25T11:00+01:00,-9804.33,8476.59,49479.55,50711.92,66.6
2023-12-25T12:00+01:00,-10611.36,8460.93,49061.8,49990.33,66.6
2023-12-25T13:00+01:00,-10488.39,8523.54,47071.21,48024.33,66.6
2023-12-25T14:00+01:00,-8924.46,8571.59,43471.94,46666.51,66.6
2023-12-25T15:00+01:00,-6582.83,8688.67,40030.52,45819.58,66.6
2023-12-25T16:00+01:00,-4031.57,8947.59,37184.56,47661.74,66.6
2023-12-25T17:00+01:00,-2991.88,9244.55,35155.74,49707.8,66.6
2023-12-25T18:00+01:00,-4184.73,9260.42,36144.54,49848.71,66.6
2023-12-25T19:00+01:00,-5045.34,9174.93,36934.95,48557.88,66.6
2023-12-25T20:00+01:00,-6800.43,8706.1,38164.21,46740.11,66.6
2023-12-25T21:00+01:00,-7243.16,8545.6,40540.28,45421.56,66.6
2023-12-25T22:00+01:00,-7860.44,8570.75,41982.23,44197.14,66.6
2023-12-25T23:00+01:00,-9946.91,8509.2,42615.18,41484.43,66.6
2023-12-26T00:00+01:00,-11050.7,8603.87,41574.99,39132.76,66.6
2023-12-26T01:00+01:00,-13376.31,8490.15,41598.99,36787.7,66.6
2023-12-26T02:00+01:00,-12491.64,8261.38,41354.77,36454.6,66.6
2023-12-26T03:00+01:00,-12328.54,8418.1,42278.11,36768.2,66.6
2023-12-26T04:00+01:00,-13023.33,8450.8,43141.05,37293.62,66.6
2023-12-26T05:00+01:00,-14188.12,8493.04,44555.87,38156.41,66.6
2023-12-26T06:00+01:00,-15277.91,8536.43,45511.26,38207.68,66.6
2023-12-26T07:00+01:00,-16004.18,8465.87,47129.45,39995.94,66.6
2023-12-26T08:00+01:00,-15128.45,8499.25,47969.41,43008.63,66.6
2023-12-26T09:00+01:00,-15104.77,8632.66,52098.89,46644.7,66.6
2023-12-26T10:00+01:00,-15328.27,8735,54101.58,48988.64,66.6
2023-12-26T11:00+01:00,-14980.43,8760.25,55609.29,51083.97,66.6
2023-12-26T12:00+01:00,-15023.46,8800.25,54452.66,50481.66,66.6
2023-12-26T13:00+01:00,-15813.37,8853.59,55017.31,48736.23,66.6
2023-12-26T14:00+01:00,-15142.17,8986.73,52109.61,47156.36,66.6
2023-12-26T15:00+01:00,-13303.8,9232.03,50135.78,47292.76,66.6
2023-12-26T16:00+01:00,-10067.6,9804,48048.82,49646.75,66.6
2023-12-26T17:00+01:00,-9406.17,10435.8,46726.89,51636.23,66.6
2023-12-26T18:00+01:00,-8993.71,11254.75,44691.97,51711.81,66.6
2023-12-26T19:00+01:00,-8344.84,11570.43,42160.13,50889.82,66.6
2023-12-26T20:00+01:00,-6496.02,11132.54,40237.79,49194.91,66.6
2023-12-26T21:00+01:00,-4729.72,11132.07,38256.99,47721.94,66.6
2023-12-26T22:00+01:00,-3091.8,10691.68,35780.14,46525.11,66.6
2023-12-26T23:00+01:00,-2612.42,10285.37,33298.45,43675.81,66.6
2023-12-27T00:00+01:00,-2217.04,10361.23,30283.63,40704.98,66.6
2023-12-27T01:00+01:00,-79.23,10591.61,27728.48,38259.59,66.6
2023-12-27T02:00+01:00,3740.12,10273.95,24751.68,38014.74,66.6
2023-12-27T03:00+01:00,4571.26,10240.48,22190.26,37749.61,66.6
2023-12-27T04:00+01:00,6914.24,10575.92,19746.93,38485.73,66.6
2023-12-27T05:00+01:00,8599.52,11012.3,18202.55,40619.87,66.6
2023-12-27T06:00+01:00,11321.64,11938.95,17185.02,43778.41,66.6
2023-12-27T07:00+01:00,11322.91,13073.03,16689.27,47340.96,66.6
2023-12-27T08:00+01:00,10862.83,13519.06,17534.89,49955.07,66.6
2023-12-27T09:00+01:00,10503.88,13698.48,21751.76,51596.28,66.6
2023-12-27T10:00+01:00,8164.07,13011.11,26896.44,52376.28,66.6
2023-12-27T11:00+01:00,6237.3,12638.39,31184.41,53418.21,66.6
2023-12-27T12:00+01:00,5438,12505.61,32166.19,53167.49,66.6
2023-12-27T13:00+01:00,4082.02,12534.87,30207.81,51956.89,66.6
2023-12-27T14:00+01:00,4611.07,13787.49,27921.08,51105.86,66.6
2023-12-27T15:00+01:00,6795.19,14674.31,27760.13,51305.39,66.6
2023-12-27T16:00+01:00,6269.38,14809.15,31163.7,53489.25,66.6
2023-12-27T17:00+01:00,4089.17,14627.59,35526.94,56062.44,66.6
2023-12-27T18:00+01:00,260.57,13881.13,39091.08,55988.77,66.6
2023-12-27T19:00+01:00,-2936.3,12415.06,42098.42,54356.93,66.6
2023-12-27T20:00+01:00,-6951.46,11580.78,44210.03,51953.75,66.6
2023-12-27T21:00+01:00,-9016.41,10996.08,47158.17,50486.99,66.6
2023-12-27T22:00+01:00,-11530.88,10412.23,47996.88,48724.75,66.6
2023-12-27T23:00+01:00,-11717.58,10164.79,48173.75,46163.66,66.6
2023-12-28T00:00+01:00,-10812.74,8993.75,45975.18,42851.09,66.6
2023-12-28T01:00+01:00,-9867.65,8868.15,44690.4,41303.05,66.6
2023-12-28T02:00+01:00,-9669.21,8851.44,43600.91,40498.47,66.6
2023-12-28T03:00+01:00,-11436.53,8876.25,44649.77,40448.63,66.6
2023-12-28T04:00+01:00,-9277.58,8814.44,43836.67,40706.28,66.6
2023-12-28T05:00+01:00,-8898.24,8962.52,44314.09,42294,66.6
2023-12-28T06:00+01:00,-10498.61,9441.58,47466.36,46109.52,66.6
2023-12-28T07:00+01:00,-11751.05,9579.62,48582.44,49127.93,66.6
2023-12-28T08:00+01:00,-12320.51,9698.21,49949.72,51709.75,66.6
2023-12-28T09:00+01:00,-13807.25,9668.57,52882.05,53789.58,66.6
2023-12-28T10:00+01:00,-14166.62,9893.33,55292.39,54503.68,66.6
2023-12-28T11:00+01:00,-13858.09,10100.34,57286.52,55686.12,66.6
2023-12-28T12:00+01:00,-13399.51,10274.86,57188.22,56309.52,66.6
2023-12-28T13:00+01:00,-13275.07,10068.6,56194.72,55094.53,66.6
2023-12-28T14:00+01:00,-12455.03,9996.59,54006.68,53881.16,66.6
2023-12-28T15:00+01:00,-11828.11,10125.27,51465.31,54329.5,66.6
2023-12-28T16:00+01:00,-11361.61,10100.73,50773.42,55760.87,66.6
2023-12-28T17:00+01:00,-11431.42,10050.4,51370.64,57689.61,66.6
2023-12-28T18:00+01:00,-11146.83,10056.18,52260.36,58092.7,66.6
2023-12-28T19:00+01:00,-12822.9,9939.65,52951.47,56561.33,66.6
2023-12-28T20:00+01:00,-14566.43,9614.93,53299.11,53131.86,66.6
2023-12-28T21:00+01:00,-15514.96,9470.43,53995.9,50779.08,66.6
2023-12-28T22:00+01:00,-15557.31,9454.12,53346.8,48664.76,66.6
2023-12-28T23:00+01:00,-16022.98,9328.61,53243.16,45643.54,66.6
2023-12-29T00:00+01:00,-14090.66,9080.97,49429.86,42415.32,66.6
2023-12-29T01:00+01:00,-14469.11,8860.39,47768.28,40167.78,66.6
2023-12-29T02:00+01:00,-14525.75,8817.72,46861.15,38922.59,66.6
2023-12-29T03:00+01:00,-13817.21,8796.9,46378.85,39096.23,66.6
2023-12-29T04:00+01:00,-12478.97,8773.78,45805.78,39806.33,66.6
2023-12-29T05:00+01:00,-13463.65,8838.66,48227.87,42066.98,66.6
2023-12-29T06:00+01:00,-12242.03,8979.8,50662.86,45013.82,66.6
2023-12-29T07:00+01:00,-13077.86,9076.13,52172.95,47597.05,66.6
2023-12-29T08:00+01:00,-16787.86,9358.63,56233.74,51418.35,66.6
2023-12-29T09:00+01:00,-15445.95,9364.91,57577.83,53470.04,66.6
2023-12-29T10:00+01:00,-14521.05,9438.45,59744.48,54636.9,66.6
2023-12-29T11:00+01:00,-13660.62,9386.04,60912.19,55545.31,66.6
2023-12-29T12:00+01:00,-14909.23,9281.45,61602.58,55927.38,66.6
2023-12-29T13:00+01:00,-14261.38,9272.56,60759.16,54719.15,66.6
2023-12-29T14:00+01:00,-13910.28,9231.25,57572.62,53837.08,66.6
2023-12-29T15:00+01:00,-13118.17,9430.43,54856.34,54225.37,66.6
2023-12-29T16:00+01:00,-11948.28,9547.84,53275.3,55284.1,66.6
2023-12-29T17:00+01:00,-11757.34,9647.48,52500.32,57260.82,66.6
2023-12-29T18:00+01:00,-13266.36,9571.78,51923.93,57048.5,66.6
2023-12-29T19:00+01:00,-12669.41,9492.1,51091.67,55041.64,66.6
2023-12-29T20:00+01:00,-13096.39,9302.47,49871.68,52099.98,66.6
2023-12-29T21:00+01:00,-13122.74,9241.11,49301.17,49544,66.6
2023-12-29T22:00+01:00,-13861.46,9139.48,48553.85,47302.6,66.6
2023-12-29T23:00+01:00,-14797.8,9047.55,48832.28,44044.9,66.6
2023-12-30T00:00+01:00,-15482.4,8913.58,48627.78,41463.89,66.6
2023-12-30T01:00+01:00,-17145.38,8866.84,48483.21,39584.06,66.6
2023-12-30T02:00+01:00,-17780.56,8852.13,49469.37,39319.88,66.6
2023-12-30T03:00+01:00,-16307.33,8898,48743.91,39693.13,66.6
2023-12-30T04:00+01:00,-15529.55,8904.48,48230.19,40183.54,66.6
2023-12-30T05:00+01:00,-15745.8,8925.54,48208.42,40412.2,66.6
2023-12-30T06:00+01:00,-15711.5,8881.08,47554.31,40710.84,66.6
2023-12-30T07:00+01:00,-14789.55,8630.33,46745.61,43040.41,66.6
2023-12-30T08:00+01:00,-12328.39,8726.66,46190.84,45591.62,66.6
2023-12-30T09:00+01:00,-11737.98,8827.9,47630.48,47812.57,66.6
2023-12-30T10:00+01:00,-11493.51,8878.05,50369.65,49830.71,66.6
2023-12-30T11:00+01:00,-10682.47,8844.38,52328.27,51401.7,66.6
2023-12-30T12:00+01:00,-10933.42,8815.82,51569.42,51097.88,66.6
2023-12-30T13:00+01:00,-9099.29,8869.12,47466.82,49671.57,66.6
2023-12-30T14:00+01:00,-4431.96,9061.54,40841.61,48130.87,66.6
2023-12-30T15:00+01:00,172.37,9575.17,33662.85,48200.1,66.6
2023-12-30T16:00+01:00,3492.17,11001.79,28688.92,49880.38,66.6
2023-12-30T17:00+01:00,5857.25,12193.09,27823.15,52688.71,66.6
2023-12-30T18:00+01:00,4838.15,11698.85,28113.17,53540.51,66.6
2023-12-30T19:00+01:00,3149.73,10991.85,28669.09,51672.27,66.6
2023-12-30T20:00+01:00,1699.74,10169.42,29188.47,48793.17,66.6
2023-12-30T21:00+01:00,893.62,10013.57,28750.95,46168.8,66.6
2023-12-30T22:00+01:00,2876.31,9653.95,28491.78,44365.54,66.6
2023-12-30T23:00+01:00,1617.24,9146.51,29135.25,41074.26,66.6
2023-12-31T00:00+01:00,-864.18,8797.8,29545.66,38361.87,66.6
2023-12-31T01:00+01:00,-2204.86,8464.08,29686.82,36412.87,66.6
2023-12-31T02:00+01:00,-3205.45,8503.46,30305.33,35189.71,66.6
2023-12-31T03:00+01:00,-2687.54,8540.59,31299.92,35430.82,66.6
2023-12-31T04:00+01:00,-3370.18,8699.49,32704.29,35961.74,66.6
2023-12-31T05:00+01:00,-4017.98,9103.84,33997.89,36132.9,66.6
2023-12-31T06:00+01:00,-5188.36,9076.68,35316.91,36744.62,66.6
2023-12-31T07:00+01:00,-5657.06,9118.91,37107.96,38557.68,66.6
2023-12-31T08:00+01:00,-7771.64,9195.84,40410.67,41436.85,66.6
2023-12-31T09:00+01:00,-8741.32,9173.33,44737.52,44422.6,66.6
2023-12-31T10:00+01:00,-11072.8,9186.9,47891.01,46637.91,66.6
2023-12-31T11:00+01:00,-9546.95,8917.15,49209.68,48188.81,66.6
2023-12-31T12:00+01:00,-9303.31,8872.63,49232.79,49025.15,66.6
2023-12-31T13:00+01:00,-7189.23,8854.32,48056.36,48420.68,66.6
2023-12-31T14:00+01:00,-7564.69,8785.36,45207.98,48105.07,66.6
2023-12-31T15:00+01:00,-7583.29,8873.02,43713.19,48502.36,66.6
2023-12-31T16:00+01:00,-7143.42,8986.36,42827.23,50202.91,66.6
2023-12-31T17:00+01:00,-7244.17,9018.64,42551.19,52685.43,66.6
2023-12-31T18:00+01:00,-7590.43,8910.42,42773.37,52607.45,66.6
2023-12-31T19:00+01:00,-7090.11,8960.29,42660.78,50394.88,66.6
2023-12-31T20:00+01:00,-8253.63,8656.95,43368.32,47080.3,66.6
2023-12-31T21:00+01:00,-8682.1,8658.71,43196.25,45158.81,66.6
2023-12-31T22:00+01:00,-9860.96,8603.95,43042.37,44088.28,66.6
2023-12-31T23:00+01:00,-11435.18,8599.63,42940.38,42140.06,66.6