Date (GMT+1),Cross border electricity trading,Non-Renewable,Renewable,Load,"CO2 Emission Allowances, Auction DE"
2019-01-01T00:00+01:00,-9677.56,14768.95,30717.46,43273.5,19.25
2019-01-01T01:00+01:00,-10021.95,13049.73,32405.84,41631.5,19.25
2019-01-01T02:00+01:00,-11210.88,12531.31,32733.27,40084.71,19.25
2019-01-01T03:00+01:00,-11405.08,12547.07,34208.6,39269.81,19.25
2019-01-01T04:00+01:00,-12342.53,12483.22,35949.38,39032.75,19.25
2019-01-01T05:00+01:00,-12909.64,12375.82,37164.78,38570.52,19.25
2019-01-01T06:00+01:00,-13945.76,12176.39,38475.78,38047.56,19.25
2019-01-01T07:00+01:00,-14597.87,12216.14,39315.64,38756.2,19.25
2019-01-01T08:00+01:00,-14181.52,12239.9,40206.43,39575.23,19.25
2019-01-01T09:00+01:00,-13430.11,12703.77,40595.48,42118.94,19.25
2019-01-01T10:00+01:00,-13808.12,12773.94,42468.67,44866.68,19.25
2019-01-01T11:00+01:00,-13935.07,12884.86,45184.88,47785.09,19.25
2019-01-01T12:00+01:00,-13378.97,12998.56,45707.78,49116.87,19.25
2019-01-01T13:00+01:00,-14214.04,12959.27,45921.86,48786.04,19.25
2019-01-01T14:00+01:00,-15126.82,12938.07,45572.53,48528.48,19.25
2019-01-01T15:00+01:00,-15876.84,12969.19,44355.56,48982.95,19.25
2019-01-01T16:00+01:00,-15826.5,12854.07,45018.79,50726.64,19.25
2019-01-01T17:00+01:00,-14830.25,12891.44,45469.82,53893.43,19.25
2019-01-01T18:00+01:00,-13874.72,12740.51,45515.71,54658.18,19.25
2019-01-01T19:00+01:00,-13421.09,12742.54,45135.05,53663.6,19.25
2019-01-01T20:00+01:00,-13553.01,12708.14,45011.09,51355.76,19.25
2019-01-01T21:00+01:00,-13424.69,12666.08,44576.38,49733.41,19.25
2019-01-01T22:00+01:00,-12115.17,12653.72,43484.25,48741.58,19.25
2019-01-01T23:00+01:00,-12442.8,12441.71,43318.02,45919.32,19.25
2019-01-02T00:00+01:00,-11299.12,12525.99,41667.97,43719.72,19.25
2019-01-02T01:00+01:00,-11829.92,11972.23,40447.87,42212.97,19.25
2019-01-02T02:00+01:00,-12315.01,12151.6,39940.98,41807.39,19.25
2019-01-02T03:00+01:00,-12402.3,12305.21,39363.38,42330.68,19.25
2019-01-02T04:00+01:00,-11896.21,12390.31,39602.38,43757.98,19.25
2019-01-02T05:00+01:00,-12146.73,13322.11,40695.59,46896.07,19.25
2019-01-02T06:00+01:00,-11742.75,15140.22,42094.63,52714.26,19.25
2019-01-02T07:00+01:00,-11346.11,17085.27,42360.47,58136.26,19.25
2019-01-02T08:00+01:00,-10497.43,18922.69,41417.12,61514.12,19.25
2019-01-02T09:00+01:00,-10093.96,21130.34,41782.59,63429.45,19.25
2019-01-02T10:00+01:00,-10611.44,21577.36,44015.48,64466.21,19.25
2019-01-02T11:00+01:00,-11017.22,21747.09,46298.51,65755.93,19.25
2019-01-02T12:00+01:00,-11163.34,21912.44,47040.06,66016.36,19.25
2019-01-02T13:00+01:00,-11215.41,21654.24,45560.18,65282.62,19.25
2019-01-02T14:00+01:00,-10109.08,22905.77,41361.41,64117.46,19.25
2019-01-02T15:00+01:00,-6928.05,25296.47,36069.74,64009.86,19.25
2019-01-02T16:00+01:00,-7732.48,28193.06,32853.6,65227.25,19.25
2019-01-02T17:00+01:00,-5310.97,29380.45,31683.6,68510.32,19.25
2019-01-02T18:00+01:00,-4930.23,30257.97,29935.7,68247.36,19.25
2019-01-02T19:00+01:00,-5030.76,30539.71,28121.75,66477.66,19.25
2019-01-02T20:00+01:00,-6281.64,30829.5,26364.19,62719.83,19.25
2019-01-02T21:00+01:00,-5303.77,29883.82,24927.08,59541.87,19.25
2019-01-02T22:00+01:00,-6579.48,29565.02,23686.21,57643.22,19.25
2019-01-02T23:00+01:00,-7621.38,28352.55,22423.5,53959.19,19.25
2019-01-03T00:00+01:00,-8714.76,27634.14,22113.09,51007.94,19.25
2019-01-03T01:00+01:00,-8712.03,28141.88,22158.38,50046.26,19.25
2019-01-03T02:00+01:00,-8775.05,28387.52,21697.61,49751.43,19.25
2019-01-03T03:00+01:00,-8004.94,28465.3,22098.78,49640.84,19.25
2019-01-03T04:00+01:00,-7838.9,28385.49,22837.29,50417.04,19.25
2019-01-03T05:00+01:00,-10208.07,30098.74,23540.69,53021.77,19.25
2019-01-03T06:00+01:00,-11015.73,34334.68,23766.59,57841,19.25
2019-01-03T07:00+01:00,-8110.21,36234.97,23900.26,62218.61,19.25
2019-01-03T08:00+01:00,-9744.57,38208.34,24019.08,64800.43,19.25
2019-01-03T09:00+01:00,-8959.68,39758.01,24496.5,66152.36,19.25
2019-01-03T10:00+01:00,-8945.68,40704.67,24314.98,66814.73,19.25
2019-01-03T11:00+01:00,-8468.48,41127.04,23640.22,67815.31,19.25
2019-01-03T12:00+01:00,-6878.81,41468.81,22373.25,68012.39,19.25
2019-01-03T13:00+01:00,-5347.47,41438.59,20449.33,66870.07,19.25
2019-01-03T14:00+01:00,-4621.26,41227.66,18194.58,65817.47,19.25
2019-01-03T15:00+01:00,-3568.59,41478.55,16292.63,65260.67,19.25
2019-01-03T16:00+01:00,-4737.32,41934.14,16246.21,66578.6,19.25
2019-01-03T17:00+01:00,-3874.22,41849.91,17385.16,69665.81,19.25
2019-01-03T18:00+01:00,-4868.4,41203.54,17821.13,69336.98,19.25
2019-01-03T19:00+01:00,-5078.65,41352.94,17686.74,67354.03,19.25
2019-01-03T20:00+01:00,-7833.02,41863.31,17438.69,63666.9,19.25
2019-01-03T21:00+01:00,-8703.94,41306.66,16653.19,60674.58,19.25
2019-01-03T22:00+01:00,-7857.05,40056.89,15563.94,58432.22,19.25
2019-01-03T23:00+01:00,-7362.76,37323.69,15015.3,55109.29,19.25
2019-01-04T00:00+01:00,-7104.97,35258.62,15029.5,51952.63,19.25
2019-01-04T01:00+01:00,-8617.76,34004.95,16501.68,50064.67,19.25
2019-01-04T02:00+01:00,-9175.05,33120.33,18163.57,49507.42,19.25
2019-01-04T03:00+01:00,-10092.8,32637.27,20021.94,49910.71,19.25
2019-01-04T04:00+01:00,-10558.27,32126.22,21843.62,51006.77,19.25
2019-01-04T05:00+01:00,-12290.36,32411.82,23427.47,53476.36,19.25
2019-01-04T06:00+01:00,-11134.84,33246.25,25174.43,58351.83,19.25
2019-01-04T07:00+01:00,-9996.33,34595.74,27405.35,63758.32,19.25
2019-01-04T08:00+01:00,-9166.02,35003.19,28597.84,66920.59,19.25
2019-01-04T09:00+01:00,-9108.92,35369.65,30126.43,68494.62,19.25
2019-01-04T10:00+01:00,-8746.25,35099.74,32290.28,69278.43,19.25
2019-01-04T11:00+01:00,-9398.35,35127.87,34450.02,69847.4,19.25
2019-01-04T12:00+01:00,-9953.7,34721.05,36032.63,70270.25,19.25
2019-01-04T13:00+01:00,-11192.86,33594.73,36490.36,69058.62,19.25
2019-01-04T14:00+01:00,-12247.46,34337.95,35459.16,67290.08,19.25
2019-01-04T15:00+01:00,-11580.71,34668.21,34300.69,66557.56,19.25
2019-01-04T16:00+01:00,-10496.69,34368.77,34498.52,67897.1,19.25
2019-01-04T17:00+01:00,-9548.29,34726.24,34876.4,70008.75,19.25
2019-01-04T18:00+01:00,-9196.75,34096.64,34737.41,69308.86,19.25
2019-01-04T19:00+01:00,-8857.06,32283.47,34270.19,67292.18,19.25
2019-01-04T20:00+01:00,-12400.22,30907.68,34027.33,63345.18,19.25
2019-01-04T21:00+01:00,-12242.02,28390.3,33933.24,60342.82,19.25
2019-01-04T22:00+01:00,-11876.03,27066.52,34031.44,58484.76,19.25
2019-01-04T23:00+01:00,-11044.21,24106.18,35286.37,54449.4,19.25
2019-01-05T00:00+01:00,-12006.13,21169.28,36206.14,51625.39,19.25
2019-01-05T01:00+01:00,-12662.79,19930.84,36723.17,49262.11,19.25
2019-01-05T02:00+01:00,-13099.46,19647.5,37613.19,47940.23,19.25
2019-01-05T03:00+01:00,-13462.06,18970.47,38636.91,47466.86,19.25
2019-01-05T04:00+01:00,-13533.01,18820.02,39322.91,47544.92,19.25
2019-01-05T05:00+01:00,-14633.97,19357.29,39038,47613.98,19.25
2019-01-05T06:00+01:00,-15909.18,20129.63,39602.22,48282.48,19.25
2019-01-05T07:00+01:00,-14761.62,22573.04,38340.15,50760.51,19.25
2019-01-05T08:00+01:00,-14152.81,24498.17,37124.64,54305.59,19.25
2019-01-05T09:00+01:00,-14410.37,26869.89,36151.23,57591.84,19.25
2019-01-05T10:00+01:00,-14148.85,29128.62,35321.15,59710.84,19.25
2019-01-05T11:00+01:00,-13638.84,29758.92,34766.68,60919.74,19.25
2019-01-05T12:00+01:00,-12803.44,30386.67,33631.28,60791.03,19.25
2019-01-05T13:00+01:00,-12271.82,30716.92,32551.98,59516.68,19.25
2019-01-05T14:00+01:00,-12445.19,30854.66,30655.41,58472.44,19.25
2019-01-05T15:00+01:00,-11632.83,31241.96,28934.35,58036.2,19.25
2019-01-05T16:00+01:00,-11375.51,31499.72,28108.35,59074.61,19.25
2019-01-05T17:00+01:00,-9734.14,32303.24,27625.1,61927.61,19.25
2019-01-05T18:00+01:00,-9127.02,32146.01,27512.67,61934.2,19.25
2019-01-05T19:00+01:00,-10139.77,31668.24,26736.14,60093.35,19.25
2019-01-05T20:00+01:00,-11120.83,30744.48,26405.57,56237.39,19.25
2019-01-05T21:00+01:00,-10620.82,29258.99,25870.52,53912.03,19.25
2019-01-05T22:00+01:00,-10519.48,28638.84,24767.24,52895.44,19.25
2019-01-05T23:00+01:00,-10402.24,27623.42,24201.76,49839.57,19.25
2019-01-06T00:00+01:00,-13048.64,26589.99,23502.14,46644.44,19.25
2019-01-06T01:00+01:00,-13911.85,26834.89,22531.38,44544.78,19.25
2019-01-06T02:00+01:00,-13189.79,27586.8,21398.53,43208.11,19.25
2019-01-06T03:00+01:00,-11445.33,27378.39,20857.15,43042.46,19.25
2019-01-06T04:00+01:00,-9141.78,27091,20181.5,43028.6,19.25
2019-01-06T05:00+01:00,-10993.82,27725.6,19577,42614.1,19.25
2019-01-06T06:00+01:00,-11685.39,28021.28,18250.11,42256,19.25
2019-01-06T07:00+01:00,-12295.28,29672.91,17046.03,43350.85,19.25
2019-01-06T08:00+01:00,-10617.82,30976.61,16602,45962.1,19.25
2019-01-06T09:00+01:00,-8951.23,32775.94,16210.43,49469.09,19.25
2019-01-06T10:00+01:00,-7878.25,33872.62,16743.01,52441.9,19.25
2019-01-06T11:00+01:00,-7639.89,35254.37,17042.48,55008.68,19.25
2019-01-06T12:00+01:00,-8533.39,36025.35,17332.91,55497.32,19.25
2019-01-06T13:00+01:00,-8631.45,35950.84,17409.02,54102.85,19.25
2019-01-06T14:00+01:00,-9168.33,35389.24,16519.79,53472.83,19.25
2019-01-06T15:00+01:00,-10314.97,36726.18,15726.54,52709.34,19.25
2019-01-06T16:00+01:00,-9945.56,37430.02,15985.74,54462.72,19.25
2019-01-06T17:00+01:00,-9627.26,38042.04,17072.18,58011.14,19.25
2019-01-06T18:00+01:00,-10055.35,38153.51,17800.3,58919.07,19.25
2019-01-06T19:00+01:00,-11465.69,38038.7,18228.37,57341.68,19.25
2019-01-06T20:00+01:00,-11195.77,37484.22,17752.04,54976.19,19.25
2019-01-06T21:00+01:00,-10320.25,37013.4,17638.99,53388.44,19.25
2019-01-06T22:00+01:00,-9697.1,36190.89,17563.02,52721.29,19.25
2019-01-06T23:00+01:00,-10536.5,35414.31,17538.8,49863.64,19.25
2019-01-07T00:00+01:00,-10817.22,34433.06,17812.09,46879.9,19.25
2019-01-07T01:00+01:00,-11722.98,33854.91,17998.1,45258.16,19.25
2019-01-07T02:00+01:00,-12198.01,33499.69,18312.05,44778.65,19.25
2019-01-07T03:00+01:00,-11532.84,33164.58,18278.69,45422.3,19.25
2019-01-07T04:00+01:00,-11694.44,34069.91,18457.89,47302.47,19.25
2019-01-07T05:00+01:00,-11538.12,36240.13,18925.51,51569.32,19.25
2019-01-07T06:00+01:00,-8362.18,39189.52,18505.15,60305.08,19.25
2019-01-07T07:00+01:00,-6673.3,41744.29,17505.17,66740.44,19.25
2019-01-07T08:00+01:00,-5526.06,42497.73,16720.75,69549.2,19.25
2019-01-07T09:00+01:00,-4890.05,42793.72,16771.96,69841.81,19.25
2019-01-07T10:00+01:00,-4876.61,42976.26,18181,71109.36,19.25
2019-01-07T11:00+01:00,-5553.81,43067.05,20500.82,72052.3,19.25
2019-01-07T12:00+01:00,-5502.32,42424.18,22927.62,71923.2,19.25
2019-01-07T13:00+01:00,-6479.86,42562.22,24409.56,71849.67,19.25
2019-01-07T14:00+01:00,-9455.73,42592.95,25347.12,71547.96,19.25
2019-01-07T15:00+01:00,-9459.79,42351.1,26558,71468.45,19.25
2019-01-07T16:00+01:00,-8990.95,41898.78,28631.2,72522.09,19.25
2019-01-07T17:00+01:00,-11088.39,41267.61,31584.11,74738.5,19.25
2019-01-07T18:00+01:00,-11907.46,39254.52,35001.01,73832.22,19.25
2019-01-07T19:00+01:00,-12515.04,34171.16,38530.02,71895.37,19.25
2019-01-07T20:00+01:00,-12808.54,27826.12,41960.07,68574.39,19.25
2019-01-07T21:00+01:00,-13974.29,23971.59,43820.8,65527.47,19.25
2019-01-07T22:00+01:00,-12949.83,20588.72,43366.96,62293.79,19.25
2019-01-07T23:00+01:00,-13194.65,18685.92,44100.64,58307.36,19.25
2019-01-08T00:00+01:00,-12468.52,16452.47,44361.36,54342.68,19.25
2019-01-08T01:00+01:00,-13261.25,15797.11,44265.01,52541.81,19.25
2019-01-08T02:00+01:00,-12496.52,15738.75,44103.43,51658.94,19.25
2019-01-08T03:00+01:00,-13336.91,15932.07,44412.25,52231.7,19.25
2019-01-08T04:00+01:00,-13167.42,16434.19,44134.99,53853.28,19.25
2019-01-08T05:00+01:00,-13559.83,18028.39,44156.07,57330.03,19.25
2019-01-08T06:00+01:00,-12213.28,20723.21,45822.47,64688.82,19.25
2019-01-08T07:00+01:00,-11254.8,23369.07,46558.58,71017.34,19.25
2019-01-08T08:00+01:00,-11101.04,24868.98,47377.98,73450.37,19.25
2019-01-08T09:00+01:00,-10822.64,24295.89,49130.35,73559.06,19.25
2019-01-08T10:00+01:00,-10925.81,23631.08,50893.02,74189.49,19.25
2019-01-08T11:00+01:00,-10652.52,23207.33,51857.16,74794.6,19.25
2019-01-08T12:00+01:00,-10990.8,22973.44,52752.76,74561.48,19.25
2019-01-08T13:00+01:00,-10795.21,22786.16,52274.79,74364.21,19.25
2019-01-08T14:00+01:00,-10869.65,22910.07,50985.15,73600.49,19.25
2019-01-08T15:00+01:00,-10793.53,23378.68,49547.91,73175.69,19.25
2019-01-08T16:00+01:00,-10981.29,23389.07,49426.69,73941.12,19.25
2019-01-08T17:00+01:00,-11118.71,23891.12,49320.03,75838.58,19.25
2019-01-08T18:00+01:00,-11110.26,23926.14,49078.52,75289.89,19.25
2019-01-08T19:00+01:00,-10939.01,22832.97,48892.29,73503.32,19.25
2019-01-08T20:00+01:00,-10445.65,21896.94,48633,69594.01,19.25
2019-01-08T21:00+01:00,-10611.9,20548.68,47947.97,66029.52,19.25
2019-01-08T22:00+01:00,-11212.37,19417.46,46152.75,62941,19.25
2019-01-08T23:00+01:00,-11764.32,17498.46,45306.69,59162.24,19.25
2019-01-09T00:00+01:00,-12356.75,16958.39,44636.15,55372.12,19.25
2019-01-09T01:00+01:00,-12067.93,16756.28,43236.21,53542.35,19.25
2019-01-09T02:00+01:00,-11843.38,16693.72,42639.64,52590.28,19.25
2019-01-09T03:00+01:00,-11520.04,16876.87,42340.61,53146.34,19.25
2019-01-09T04:00+01:00,-11124.3,17791.77,41998,54757.89,19.25
2019-01-09T05:00+01:00,-12025.03,20807.68,41296.69,57799.11,19.25
2019-01-09T06:00+01:00,-11426.27,24751.02,41532.9,64940.28,19.25
2019-01-09T07:00+01:00,-10971.12,28926.54,41622.27,71410.73,19.25
2019-01-09T08:00+01:00,-10408.72,30519.86,41361.77,74113.96,19.25
2019-01-09T09:00+01:00,-10479.14,30816.42,41418.22,74678.38,19.25
2019-01-09T10:00+01:00,-10366.64,30816.02,42627.86,75513.11,19.25
2019-01-09T11:00+01:00,-10440,31169.01,43748,76393.5,19.25
2019-01-09T12:00+01:00,-11511.69,31096.44,44089.33,75900.56,19.25
2019-01-09T13:00+01:00,-10943.21,31290.21,43809.69,75566.76,19.25
2019-01-09T14:00+01:00,-10688.71,30988.2,42491.86,74872.83,19.25
2019-01-09T15:00+01:00,-10509.87,31810.34,40911.08,74166.7,19.25
2019-01-09T16:00+01:00,-11650.26,32835.85,39841.16,74594.5,19.25
2019-01-09T17:00+01:00,-9938.48,33467.16,38808.79,76940.12,19.25
2019-01-09T18:00+01:00,-10907.31,33560.81,38288.36,76115.02,19.25
2019-01-09T19:00+01:00,-10121.34,32947.44,37525.25,74170.29,19.25
2019-01-09T20:00+01:00,-12483.92,33119.38,35871.07,70072.42,19.25
2019-01-09T21:00+01:00,-12187.48,32834.6,33264.08,66522.36,19.25
2019-01-09T22:00+01:00,-11645.34,31806.59,30323.44,63496.48,19.25
2019-01-09T23:00+01:00,-12178.48,31951.5,27997.76,58937.6,19.25
2019-01-10T00:00+01:00,-9474.58,32400.2,25631.46,56289.19,19.25
2019-01-10T01:00+01:00,-11047.36,33034.05,23783.24,53924.14,19.25
2019-01-10T02:00+01:00,-9689.42,33079.59,21950.94,52990.33,19.25
2019-01-10T03:00+01:00,-10263.18,34411.58,20477.55,53123.13,19.25
2019-01-10T04:00+01:00,-10512.34,35568.81,19410.99,53828.28,19.25
2019-01-10T05:00+01:00,-9918.86,38720.37,18196.36,56592.18,19.25
2019-01-10T06:00+01:00,-7214.67,41969.33,17144.05,63571.89,19.25
2019-01-10T07:00+01:00,-4720.18,43286.25,16290.06,69607.68,19.25
2019-01-10T08:00+01:00,-4337.66,45050.77,15213.52,72144.08,19.25
2019-01-10T09:00+01:00,-3658.79,45686.58,14619.66,72132.8,19.25
2019-01-10T10:00+01:00,-3298.22,45590.31,14631.4,73066.13,19.25
2019-01-10T11:00+01:00,-2207.33,46083.95,14637.02,73606.63,19.25
2019-01-10T12:00+01:00,-811.83,45821.75,14389.36,73194.61,19.25
2019-01-10T13:00+01:00,-525.32,45910.06,13892.98,72751.7,19.25
2019-01-10T14:00+01:00,-397.92,46092.88,12796.33,71722.42,19.25
2019-01-10T15:00+01:00,138.93,45962.2,11637.22,71260.48,19.25
2019-01-10T16:00+01:00,-785.94,46232.57,11295.94,71608.8,19.25
2019-01-10T17:00+01:00,-904.44,46886.71,11644.53,74052.25,19.25
2019-01-10T18:00+01:00,-467.22,46917.09,12070.11,73372.18,19.25
2019-01-10T19:00+01:00,-1652.47,45999.3,12430.32,71630.02,19.25
2019-01-10T20:00+01:00,-4068.82,45121.8,12598.27,67981.46,19.25
2019-01-10T21:00+01:00,-5179.74,44332.84,13237.17,64276.06,19.25
2019-01-10T22:00+01:00,-7011.52,43489.62,13999.1,62144.05,19.25
2019-01-10T23:00+01:00,-8398.8,41694.05,14961.78,58345.74,19.25
2019-01-11T00:00+01:00,-8554.16,39830.05,15724.07,56155.01,19.25
2019-01-11T01:00+01:00,-9508.48,39240.33,16578.95,54064.37,19.25
2019-01-11T02:00+01:00,-9180.3,38576.14,18173.6,53552.58,19.25
2019-01-11T03:00+01:00,-8684.33,37158.2,20042.5,54003.82,19.25
2019-01-11T04:00+01:00,-10164.85,37265.36,21334.88,55371.26,19.25
2019-01-11T05:00+01:00,-11626.68,38979.73,22632.99,58230.03,19.25
2019-01-11T06:00+01:00,-11120.01,40445.63,24134.44,65882.37,19.25
2019-01-11T07:00+01:00,-9973.07,42168.45,25207.02,72238.78,19.25
2019-01-11T08:00+01:00,-8751.87,42634.17,25917.21,74872.8,19.25
2019-01-11T09:00+01:00,-8664.86,42428.96,26909.59,75441.89,19.25
2019-01-11T10:00+01:00,-7640.5,42392.08,28212.92,76100.52,19.25
2019-01-11T11:00+01:00,-8453.1,42540.18,29632.73,76731.23,19.25
2019-01-11T12:00+01:00,-8866.78,41671.03,31524.84,76125.78,19.25
2019-01-11T13:00+01:00,-10336.7,40858.73,32991.3,74858.3,19.25
2019-01-11T14:00+01:00,-11402.48,39778.09,33870.42,73072.26,19.25
2019-01-11T15:00+01:00,-11229.67,38326.59,34455.51,72033.36,19.25
2019-01-11T16:00+01:00,-12699.38,38267.54,34788.81,72450.99,19.25
2019-01-11T17:00+01:00,-12320.54,38857.42,35330.27,74497,19.25
2019-01-11T18:00+01:00,-12651.08,38062.54,35488.39,73328.08,19.25
2019-01-11T19:00+01:00,-11991.25,36309.61,34165.7,71433.2,19.25
2019-01-11T20:00+01:00,-12136.67,33811.95,33476.85,67075.84,19.25
2019-01-11T21:00+01:00,-11263.91,31513.17,32887.24,63358.82,19.25
2019-01-11T22:00+01:00,-11412.81,29649.27,32010.21,60957.77,19.25
2019-01-11T23:00+01:00,-11825.32,27623.39,31572.41,57247.62,19.25
2019-01-12T00:00+01:00,-12057.04,27106.37,30904.14,53108.38,19.25
2019-01-12T01:00+01:00,-13120.39,26881.48,30252.58,50643.92,19.25
2019-01-12T02:00+01:00,-13179.52,26774.73,29418.51,48896.7,19.25
2019-01-12T03:00+01:00,-13088.75,26458.46,28831.67,48197.29,19.25
2019-01-12T04:00+01:00,-12996.11,25740.68,28997,48590.1,19.25
2019-01-12T05:00+01:00,-14682.48,24597.89,29869.26,48959.25,19.25
2019-01-12T06:00+01:00,-16589.7,24778.25,31021.82,50438.61,19.25
2019-01-12T07:00+01:00,-15585.32,25121.57,31919.66,53617.9,19.25
2019-01-12T08:00+01:00,-14580.77,26095.13,32879.53,57112.18,19.25
2019-01-12T09:00+01:00,-13641.88,26839.88,34546.57,60615.76,19.25
2019-01-12T10:00+01:00,-13562.13,26771.38,37255.71,63117.89,19.25
2019-01-12T11:00+01:00,-13178.96,25695.07,39995.44,64503.68,19.25
2019-01-12T12:00+01:00,-13176.18,24940.94,42436.01,64171.21,19.25
2019-01-12T13:00+01:00,-13771.2,23507.33,43359.68,62527.97,19.25
2019-01-12T14:00+01:00,-14118.51,22567.19,43662.83,61440.44,19.25
2019-01-12T15:00+01:00,-13827.55,22199.11,43418.95,60945.82,19.25
2019-01-12T16:00+01:00,-13908.54,22483.54,43514.46,62024.15,19.25
2019-01-12T17:00+01:00,-13246.06,23210.44,43643.16,64572.14,19.25
2019-01-12T18:00+01:00,-13703.28,22942.69,43889.35,64288.33,19.25
2019-01-12T19:00+01:00,-14015.1,22324,43418.12,62196.86,19.25
2019-01-12T20:00+01:00,-14858.54,20702.37,42941.52,58821.47,19.25
2019-01-12T21:00+01:00,-13531.85,18617.1,41643.06,55973.98,19.25
2019-01-12T22:00+01:00,-13773.16,17985.42,40668.8,54753.96,19.25
2019-01-12T23:00+01:00,-14070.22,16620.55,40542.48,52136.55,19.25
2019-01-13T00:00+01:00,-13886.89,14020.93,40464.01,48630.94,19.25
2019-01-13T01:00+01:00,-14332.88,13429.55,39429.13,46459.82,19.25
2019-01-13T02:00+01:00,-15085.66,13388.02,38195.63,45147.91,19.25
2019-01-13T03:00+01:00,-15253.52,13949.4,37458.68,44375.96,19.25
2019-01-13T04:00+01:00,-14656.24,14030.35,36935.18,44239.38,19.25
2019-01-13T05:00+01:00,-14448.17,13905.82,36788.35,43914.06,19.25
2019-01-13T06:00+01:00,-14491.79,13912.87,37906.76,43403.22,19.25
2019-01-13T07:00+01:00,-14530.53,13776.26,39296.43,45517.63,19.25
2019-01-13T08:00+01:00,-14625.61,13891.56,41142.95,49170.94,19.25
2019-01-13T09:00+01:00,-13989.31,13966.96,43258.65,53349.25,19.25
2019-01-13T10:00+01:00,-13746.52,13989.6,45470.21,56528.72,19.25
2019-01-13T11:00+01:00,-13911.62,14520.36,47134.44,59699.29,19.25
2019-01-13T12:00+01:00,-13252.22,14119.99,48279.56,59841.54,19.25
2019-01-13T13:00+01:00,-12555.23,13095.58,48774.23,58765.6,19.25
2019-01-13T14:00+01:00,-12037.87,13115.04,48722.58,57778.67,19.25
2019-01-13T15:00+01:00,-12333.21,13256.19,48923.71,57318.29,19.25
2019-01-13T16:00+01:00,-12268.42,13425.03,48993.17,58352.38,19.25
2019-01-13T17:00+01:00,-12605.55,13632.16,49853.28,61290.58,19.25
2019-01-13T18:00+01:00,-12483.93,13664.37,50858.6,62178.76,19.25
2019-01-13T19:00+01:00,-12674.27,13331.8,51397.23,60646.46,19.25
2019-01-13T20:00+01:00,-11936.08,12816.33,50879.99,57853.71,19.25
2019-01-13T21:00+01:00,-11806.04,12983.51,50727.3,56377.24,19.25
2019-01-13T22:00+01:00,-11619.37,13231.84,49080.74,56072.08,19.25
2019-01-13T23:00+01:00,-11300.04,12989.46,47508.25,53406.5,19.25
2019-01-14T00:00+01:00,-12939.22,12915.19,47422.55,50735.13,19.25
2019-01-14T01:00+01:00,-12984.25,13008.12,46269.86,48555.11,19.25
2019-01-14T02:00+01:00,-12997.9,12980.26,45283.94,47900.04,19.25
2019-01-14T03:00+01:00,-12073.85,13599,44245.31,48430.71,19.25
2019-01-14T04:00+01:00,-11665.43,14231.57,43607.79,50192.88,19.25
2019-01-14T05:00+01:00,-12254.45,16184.42,44053.86,54625.88,19.25
2019-01-14T06:00+01:00,-10927.78,20212.63,44088.93,63125.88,19.25
2019-01-14T07:00+01:00,-7230.19,23359.86,43390.03,70083.78,19.25
2019-01-14T08:00+01:00,-7178.9,24993.05,42578.87,72643.46,19.25
2019-01-14T09:00+01:00,-7459,25533.12,43241.59,72851.89,19.25
2019-01-14T10:00+01:00,-7394.78,25614.34,45350.66,73190.55,19.25
2019-01-14T11:00+01:00,-7781.94,25343.05,48236.39,73923.06,19.25
2019-01-14T12:00+01:00,-8631.48,24484.44,49459.21,73699.32,19.25
2019-01-14T13:00+01:00,-9097.49,24442.21,49580.8,73679.62,19.25
2019-01-14T14:00+01:00,-9960.17,24919.45,47705.5,73067.5,19.25
2019-01-14T15:00+01:00,-9638.59,25928.19,44780.49,72176.47,19.25
2019-01-14T16:00+01:00,-8576.01,26451.56,42382.99,71863.52,19.25
2019-01-14T17:00+01:00,-7844.74,27405.11,40961.41,75081.15,19.25
2019-01-14T18:00+01:00,-7921.94,28549.98,40238.09,74490.4,19.25
2019-01-14T19:00+01:00,-7324.35,28327.65,39485.31,72582.4,19.25
2019-01-14T20:00+01:00,-8118.84,27420.63,39229.46,68568.18,19.25
2019-01-14T21:00+01:00,-9909.5,27195.33,38901.84,65127.86,19.25
2019-01-14T22:00+01:00,-10250.92,26321.35,38116.68,62093.19,19.25
2019-01-14T23:00+01:00,-11035.69,24589.05,37708.87,57972.26,19.25
2019-01-15T00:00+01:00,-12269.6,23877.47,37400.53,55247.62,19.25
2019-01-15T01:00+01:00,-13629.67,23401.09,38042.33,53486.95,19.25
2019-01-15T02:00+01:00,-13574.91,23384.14,37763.31,52800.67,19.25
2019-01-15T03:00+01:00,-13352.51,23231.73,38695.51,53001.7,19.25
2019-01-15T04:00+01:00,-13087.92,23738.97,39611.78,54095.24,19.25
2019-01-15T05:00+01:00,-14514.86,24959.62,40219.22,57552.96,19.25
2019-01-15T06:00+01:00,-16454.66,28325.54,40961.4,64530.1,19.25
2019-01-15T07:00+01:00,-14532.12,30066.27,41595.82,71171.32,19.25
2019-01-15T08:00+01:00,-12697.72,31214.69,41154.62,73636.39,19.25
2019-01-15T09:00+01:00,-12756.53,31872.21,41762.57,73636.39,19.25
2019-01-15T10:00+01:00,-11999.91,31943.02,42767.86,74559.66,19.25
2019-01-15T11:00+01:00,-11305.5,31620.21,44121.84,74976.06,19.25
2019-01-15T12:00+01:00,-11254.57,31318.62,45209.44,74332.06,19.25
2019-01-15T13:00+01:00,-11976.45,30900.21,45500.54,74173.48,19.25
2019-01-15T14:00+01:00,-13019.27,30407.13,45222.09,73788.86,19.25
2019-01-15T15:00+01:00,-12401.66,30462.83,45382.7,73356.2,19.25
2019-01-15T16:00+01:00,-12995.98,30031.57,45329.37,73354.33,19.25
2019-01-15T17:00+01:00,-11904.15,29770.77,45456.11,75389.2,19.25
2019-01-15T18:00+01:00,-11603.9,28908.81,45408.4,74714.36,19.25
2019-01-15T19:00+01:00,-11666.23,27409.48,45214.08,72983.36,19.25
2019-01-15T20:00+01:00,-11872.06,25223.77,44595.3,69192.41,19.25
2019-01-15T21:00+01:00,-12185.69,23624.67,43806.7,65762.41,19.25
2019-01-15T22:00+01:00,-12759.83,22652.37,42316.1,62786.82,19.25
2019-01-15T23:00+01:00,-12925.2,22232.34,41903.98,58543.94,19.25
2019-01-16T00:00+01:00,-11179.23,21186.97,40989.02,55013.96,19.25
2019-01-16T01:00+01:00,-11825.27,20548.53,39957.94,52838.76,19.25
2019-01-16T02:00+01:00,-12530.34,20984.22,38931.74,51772.43,19.25
2019-01-16T03:00+01:00,-12567.2,21442.32,38191.06,51958.92,19.25
2019-01-16T04:00+01:00,-12073.1,21857.9,37586.33,53467.13,19.25
2019-01-16T05:00+01:00,-11993.88,24543.1,35886.18,56729.77,19.25
2019-01-16T06:00+01:00,-12336.35,30119.93,35694.86,64814.3,19.25
2019-01-16T07:00+01:00,-11019.96,32102.49,35601.71,71820.28,19.25
2019-01-16T08:00+01:00,-10229.19,34008.92,35724.54,74074.66,19.25
2019-01-16T09:00+01:00,-11130.64,34288.17,37687.9,74106.53,19.25
2019-01-16T10:00+01:00,-10665.2,33427.75,40580.27,74872.97,19.25
2019-01-16T11:00+01:00,-10145.97,32034.5,43220.31,75494.88,19.25
2019-01-16T12:00+01:00,-11132.24,31656.57,44380.51,74921.61,19.25
2019-01-16T13:00+01:00,-11532.17,30891.35,43851.23,74780.67,19.25
2019-01-16T14:00+01:00,-11415.68,31546.13,41294.98,73333,19.25
2019-01-16T15:00+01:00,-11192.7,33504.42,38049.13,72869.46,19.25
2019-01-16T16:00+01:00,-9529.01,33805.33,36094.26,72828.63,19.25
2019-01-16T17:00+01:00,-10305.77,34329.81,36270.21,75758.63,19.25
2019-01-16T18:00+01:00,-10661.75,34537.67,37214.71,75266.79,19.25
2019-01-16T19:00+01:00,-11270.46,33135.98,38420.09,73561.94,19.25
2019-01-16T20:00+01:00,-12400.75,29452.37,39583.74,69290.06,19.25
2019-01-16T21:00+01:00,-12542.56,26919.83,40305.74,65801.8,19.25
2019-01-16T22:00+01:00,-12753.82,25697.61,39862.85,62842.32,19.25
2019-01-16T23:00+01:00,-12781.89,23017.44,40659.4,59021.92,19.25
2019-01-17T00:00+01:00,-13124.56,20757.32,40860.85,56022.99,19.25
2019-01-17T01:00+01:00,-14043.37,20020.71,40984.85,54091.74,19.25
2019-01-17T02:00+01:00,-14203.91,20016.9,41394.4,52880.78,19.25
2019-01-17T03:00+01:00,-14372.63,20554.03,41844.58,52887.25,19.25
2019-01-17T04:00+01:00,-13708.62,21173.87,41967.56,54526.01,19.25
2019-01-17T05:00+01:00,-14026.08,22596.69,41122.55,57758.43,19.25
2019-01-17T06:00+01:00,-14017.95,27971.31,40476.25,65348.52,19.25
2019-01-17T07:00+01:00,-13043.35,33005.63,39507.43,72285.58,19.25
2019-01-17T08:00+01:00,-13189.91,34963.59,38809.51,74624.08,19.25
2019-01-17T09:00+01:00,-12731.24,35630.53,38749.39,74488.78,19.25
2019-01-17T10:00+01:00,-12530.71,35228.77,40211.53,75055.82,19.25
2019-01-17T11:00+01:00,-12528.28,34323.82,41702.55,76032.23,19.25
2019-01-17T12:00+01:00,-12135.3,33915.36,41455.62,75965.22,19.25
2019-01-17T13:00+01:00,-12143.23,33903.29,40805.14,75556.4,19.25
2019-01-17T14:00+01:00,-11790.7,34692.02,39390.59,74640.79,19.25
2019-01-17T15:00+01:00,-11486.06,35668.49,36864.5,73697.74,19.25
2019-01-17T16:00+01:00,-11067.82,35830.08,36100.95,73411.78,19.25
2019-01-17T17:00+01:00,-10841.28,35549.34,37621.23,76172.9,19.25
2019-01-17T18:00+01:00,-11314.87,34177.86,37981.6,76154.37,19.25
2019-01-17T19:00+01:00,-10421.24,33622.8,37958.26,74066.59,19.25
2019-01-17T20:00+01:00,-12289.3,32876.73,37771.98,70442.22,19.25
2019-01-17T21:00+01:00,-13340.33,31674.32,37202.14,66494.45,19.25
2019-01-17T22:00+01:00,-13899.29,31155.13,35470.74,63293.46,19.25
2019-01-17T23:00+01:00,-12958.11,29903.78,33188.58,58995.34,19.25
2019-01-18T00:00+01:00,-14141.48,30026.41,31075.9,56386.89,19.25
2019-01-18T01:00+01:00,-13145.5,29908.89,29391.75,54035.35,19.25
2019-01-18T02:00+01:00,-13398.68,31249.49,26701.73,52701.72,19.25
2019-01-18T03:00+01:00,-13766.75,33182.72,24262.76,53003.68,19.25
2019-01-18T04:00+01:00,-14581.27,36044.89,22244.29,54331.05,19.25
2019-01-18T05:00+01:00,-13815.86,39456.73,20734.33,57046.69,19.25
2019-01-18T06:00+01:00,-9224.75,42333.94,19981.16,64262.75,19.25
2019-01-18T07:00+01:00,-6907.28,44615.03,20056.19,70588.46,19.25
2019-01-18T08:00+01:00,-8991.24,46074.1,19637.19,72812.87,19.25
2019-01-18T09:00+01:00,-9024.57,46224.94,20153.69,72591.23,19.25
2019-01-18T10:00+01:00,-8770.16,46255.97,20895.81,72374.73,19.25
2019-01-18T11:00+01:00,-8679.65,46126.86,22757.09,72591.09,19.25
2019-01-18T12:00+01:00,-8707.47,45778.64,23926.55,71712.08,19.25
2019-01-18T13:00+01:00,-8483.43,45593.18,23838.32,70314.54,19.25
2019-01-18T14:00+01:00,-7371.44,45428.17,21297.33,69141.43,19.25
2019-01-18T15:00+01:00,-5601.61,45827.41,16906.9,68358.16,19.25
2019-01-18T16:00+01:00,-5096.13,46319.06,14125.54,68716.87,19.25
2019-01-18T17:00+01:00,-3357.22,46582.21,14983.67,72114.1,19.25
2019-01-18T18:00+01:00,-5371.93,46487.57,15604.56,71874.22,19.25
2019-01-18T19:00+01:00,-4659.41,46169.46,15670.73,69861.75,19.25
2019-01-18T20:00+01:00,-5330.41,45301.33,15208.51,65832.78,19.25
2019-01-18T21:00+01:00,-7815.74,45201.46,14895.95,62809.61,19.25
2019-01-18T22:00+01:00,-8983.41,44300.77,14350.84,60454.43,19.25
2019-01-18T23:00+01:00,-9593.41,42626.57,13992.98,57746.68,19.25
2019-01-19T00:00+01:00,-8142.56,40393.27,13774.52,55144.16,19.25
2019-01-19T01:00+01:00,-8899.43,39912.91,13446.29,52974.06,19.25
2019-01-19T02:00+01:00,-9670.47,40066.18,12844.76,51509.06,19.25
2019-01-19T03:00+01:00,-8315.65,39934.16,12543.22,50794.42,19.25
2019-01-19T04:00+01:00,-9392.8,39843.9,12715.8,50550.93,19.25
2019-01-19T05:00+01:00,-8891.09,39631.92,12631.8,50368.66,19.25
2019-01-19T06:00+01:00,-9828.94,39952.95,12828.33,51013.65,19.25
2019-01-19T07:00+01:00,-9709.32,40497.82,13333.15,53741.69,19.25
2019-01-19T08:00+01:00,-7695.65,40974.28,14365.74,57326.91,19.25
2019-01-19T09:00+01:00,-7854.05,41096.45,17896.5,60261.59,19.25
2019-01-19T10:00+01:00,-10326.71,40913.36,21862.15,61820.86,19.25
2019-01-19T11:00+01:00,-12285,40614.12,24684.62,62263.48,19.25
2019-01-19T12:00+01:00,-12346.77,40108.52,24728.66,61218.44,19.25
2019-01-19T13:00+01:00,-12628.21,40006.8,23095.46,59174.74,19.25
2019-01-19T14:00+01:00,-10468.4,39497.61,19341.3,57660.48,19.25
2019-01-19T15:00+01:00,-8548.5,40294.14,14501.15,57492.82,19.25
2019-01-19T16:00+01:00,-6654.33,41243.9,12022.58,58692.95,19.25
2019-01-19T17:00+01:00,-6250.79,41267.55,13156.26,62977.23,19.25
2019-01-19T18:00+01:00,-6525.97,41291.8,14666.65,63635.17,19.25
2019-01-19T19:00+01:00,-6762.51,41130.82,15490.47,61750.93,19.25
2019-01-19T20:00+01:00,-9980.63,40582.57,15772.32,58073.48,19.25
2019-01-19T21:00+01:00,-10427.02,39479.92,15730.33,55799.21,19.25
2019-01-19T22:00+01:00,-10238.17,39149.57,15286.18,55118.8,19.25
2019-01-19T23:00+01:00,-9002.93,37653.09,14805.06,53054.21,19.25
2019-01-20T00:00+01:00,-10639.2,36538.65,13886.51,50636.58,19.25
2019-01-20T01:00+01:00,-10451.11,36581.79,12723.06,48697.29,19.25
2019-01-20T02:00+01:00,-10543.09,37163.3,11815.26,47598,19.25
2019-01-20T03:00+01:00,-10942.32,37446.87,11027.55,47006.23,19.25
2019-01-20T04:00+01:00,-10247.75,37455.6,10336.52,46615.18,19.25
2019-01-20T05:00+01:00,-10627.27,37439.91,9816.11,46194.22,19.25
2019-01-20T06:00+01:00,-12135.49,37918.44,9489.88,45522.4,19.25
2019-01-20T07:00+01:00,-12150.39,39001.45,9443.37,47243.63,19.25
2019-01-20T08:00+01:00,-11151.88,39588.61,10131.67,50511.91,19.25
2019-01-20T09:00+01:00,-10236.52,39706.58,13152.45,53892.6,19.25
2019-01-20T10:00+01:00,-12284.35,40099.09,16898.58,55740.85,19.25
2019-01-20T11:00+01:00,-12203.57,40152.83,19391.26,57434.89,19.25
2019-01-20T12:00+01:00,-12384.63,40062.83,19902.13,57191.01,19.25
2019-01-20T13:00+01:00,-12230.59,40343.47,18748.08,55503.22,19.25
2019-01-20T14:00+01:00,-13013.69,40579.74,15737.33,54071.1,19.25
2019-01-20T15:00+01:00,-10076.44,41026.27,11544.52,53763.78,19.25
2019-01-20T16:00+01:00,-6898.47,41479.99,8820.3,55077.7,19.25
2019-01-20T17:00+01:00,-5623.56,41834.72,9063.1,59647.52,19.25
2019-01-20T18:00+01:00,-5345.39,42207.55,9779.87,61474.77,19.25
2019-01-20T19:00+01:00,-6185.06,42655.28,10094.7,60299.18,19.25
2019-01-20T20:00+01:00,-7041.54,42869.71,10311.92,57812.35,19.25
2019-01-20T21:00+01:00,-7670.17,42483.3,10546.02,56372.9,19.25
2019-01-20T22:00+01:00,-7765.07,42382.96,10814.08,56834.42,19.25
2019-01-20T23:00+01:00,-8447.52,42001.19,10996.57,54721.12,19.25
2019-01-21T00:00+01:00,-9126.55,41346.31,11246.44,53015.96,19.25
2019-01-21T01:00+01:00,-11185.3,41747.04,11736.1,51334.46,19.25
2019-01-21T02:00+01:00,-11299.31,41674.44,12457.98,50631.09,19.25
2019-01-21T03:00+01:00,-11112.87,41645.96,13037.05,50935.16,19.25
2019-01-21T04:00+01:00,-11855.22,42339.99,13343.75,52636.43,19.25
2019-01-21T05:00+01:00,-12348.88,44356.08,13862.09,56705.56,19.25
2019-01-21T06:00+01:00,-7933.72,46072.15,14182.89,65138.42,19.25
2019-01-21T07:00+01:00,-5642.81,47528.26,14124.25,72031.24,19.25
2019-01-21T08:00+01:00,-6196.91,48256.51,14208.83,74066.37,19.25
2019-01-21T09:00+01:00,-7104.51,48563.53,16513.16,74096.7,19.25
2019-01-21T10:00+01:00,-6001.8,48183.55,19839.08,74121.16,19.25
2019-01-21T11:00+01:00,-7011.75,47769.57,22715.96,74500.47,19.25
2019-01-21T12:00+01:00,-7639.79,47480.28,23799.96,73791.18,19.25
2019-01-21T13:00+01:00,-8151.15,47655.43,23364.93,73292.72,19.25
2019-01-21T14:00+01:00,-7745.1,47901.34,20713.22,72253.03,19.25
2019-01-21T15:00+01:00,-4063.41,47958.6,16399.21,71700.96,19.25
2019-01-21T16:00+01:00,-4250.48,48325.09,13460.85,71880.68,19.25
2019-01-21T17:00+01:00,-5211.75,49073.68,13386.22,75690.13,19.25
2019-01-21T18:00+01:00,-5636.88,49287.66,13598.56,75967.01,19.25
2019-01-21T19:00+01:00,-2831.49,48688.62,13418.3,74213.35,19.25
2019-01-21T20:00+01:00,-4360.96,47116.45,13428.94,70517.46,19.25
2019-01-21T21:00+01:00,-7133.53,46756.98,13477.37,67148.75,19.25
2019-01-21T22:00+01:00,-6893.76,45844.8,13036.35,64590.17,19.25
2019-01-21T23:00+01:00,-8370.08,44303.44,13017.6,60611,19.25
2019-01-22T00:00+01:00,-10163.51,44533.65,13425.7,57873.6,19.25
2019-01-22T01:00+01:00,-10156.56,43810.35,14141.65,56271.56,19.25
2019-01-22T02:00+01:00,-9668.84,43738.74,15060.11,55216.89,19.25
2019-01-22T03:00+01:00,-10261.45,43593.01,16091.65,55047.66,19.25
2019-01-22T04:00+01:00,-9875.16,43405.53,16807.62,56205.54,19.25
2019-01-22T05:00+01:00,-11192.19,44318.15,17396.47,59425.1,19.25
2019-01-22T06:00+01:00,-9222.14,45407.11,17926.38,66913.4,19.25
2019-01-22T07:00+01:00,-7490.86,46195.24,19072.8,73554.84,19.25
2019-01-22T08:00+01:00,-7449.36,46800.32,20334.02,75904.3,19.25
2019-01-22T09:00+01:00,-8996.68,46559.13,22704.65,76120.12,19.25
2019-01-22T10:00+01:00,-9302.08,46583.64,25255.4,76397.65,19.25
2019-01-22T11:00+01:00,-9623.02,46515.59,27097.53,76769.13,19.25
2019-01-22T12:00+01:00,-10628.57,46326.28,27944.15,76131.08,19.25
2019-01-22T13:00+01:00,-10719.17,45891.12,27763.35,75564.36,19.25
2019-01-22T14:00+01:00,-9739.97,46077.43,26109.04,74984.02,19.25
2019-01-22T15:00+01:00,-9183.84,46562.09,24001.01,74327.19,19.25
2019-01-22T16:00+01:00,-7500.5,46856.04,23050.73,74145.71,19.25
2019-01-22T17:00+01:00,-8744.56,46984.47,24031.74,77184.72,19.25
2019-01-22T18:00+01:00,-8699.58,46925.45,25221.54,77039.92,19.25
2019-01-22T19:00+01:00,-8870.21,46155.16,25004.75,75441.48,19.25
2019-01-22T20:00+01:00,-9380.67,44996.97,23748.97,71332.79,19.25
2019-01-22T21:00+01:00,-9455.58,44406.61,22436.88,67638.26,19.25
2019-01-22T22:00+01:00,-9753.08,43890.33,21184.16,64866,19.25
2019-01-22T23:00+01:00,-10726.79,42967.61,19952.71,61095.3,19.25
2019-01-23T00:00+01:00,-11849.72,43417.68,19014.39,58651.7,19.25
2019-01-23T01:00+01:00,-11715.85,43016.85,18410.1,56622.06,19.25
2019-01-23T02:00+01:00,-10948.64,43245.93,17637.92,55840.08,19.25
2019-01-23T03:00+01:00,-10299.82,43326.53,17026.59,55880.04,19.25
2019-01-23T04:00+01:00,-9914.3,43874.98,16187.86,56688.69,19.25
2019-01-23T05:00+01:00,-10506,45688.42,15687.19,59679.37,19.25
2019-01-23T06:00+01:00,-6750.01,47326.79,15368.24,66726.89,19.25
2019-01-23T07:00+01:00,-3637.24,48636.26,15077.23,73568.22,19.25
2019-01-23T08:00+01:00,-4505.57,49000.59,14949.22,75515.97,19.25
2019-01-23T09:00+01:00,-3055.25,48559.6,15749.25,75722.73,19.25
2019-01-23T10:00+01:00,-4134.91,48328.7,17056.26,76029.53,19.25
2019-01-23T11:00+01:00,-3686.83,48217.94,17793.05,76218.08,19.25
2019-01-23T12:00+01:00,-3727.93,48418.2,17882.19,75666.06,19.25
2019-01-23T13:00+01:00,-3245.12,48473.43,17141.39,75107.09,19.25
2019-01-23T14:00+01:00,-2480.93,48276.89,16126.81,74232.96,19.25
2019-01-23T15:00+01:00,-960.81,48362.75,14753.98,73493.84,19.25
2019-01-23T16:00+01:00,-420.18,48304.81,14322.96,73387.42,19.25
2019-01-23T17:00+01:00,-1774.58,48708.63,15332.58,76218.6,19.25
2019-01-23T18:00+01:00,-4085.39,48724.19,16216.78,76328.35,19.25
2019-01-23T19:00+01:00,-2405.09,48406.66,15896.74,74568.5,19.25
2019-01-23T20:00+01:00,-3422.67,47682.46,14879.21,70666.04,19.25
2019-01-23T21:00+01:00,-3692.54,46211.88,14194.26,67323.86,19.25
2019-01-23T22:00+01:00,-4633.73,45562.02,13652.47,64928,19.25
2019-01-23T23:00+01:00,-4986.9,45007.69,12928.2,60884.09,19.25
2019-01-24T00:00+01:00,-4579.62,45101.61,12371.63,58611.46,19.25
2019-01-24T01:00+01:00,-4601.27,44547.66,11707.77,56547.02,19.25
2019-01-24T02:00+01:00,-4614.68,44300.78,11419.45,54880.69,19.25
2019-01-24T03:00+01:00,-4379.24,44277.28,11095.98,54830.5,19.25
2019-01-24T04:00+01:00,-3565.29,44379.93,10713.83,55476.99,19.25
2019-01-24T05:00+01:00,-2264.08,45374.17,10299.34,58404.44,19.25
2019-01-24T06:00+01:00,-1153.17,46582.32,10416.66,65178.27,19.25
2019-01-24T07:00+01:00,1384.57,48076.76,10438.67,71712.86,19.25
2019-01-24T08:00+01:00,-434.82,48971.42,10623.07,74250.12,19.25
2019-01-24T09:00+01:00,-792.33,49264.7,11167.5,74765.98,19.25
2019-01-24T10:00+01:00,657.95,49486.36,12340.65,75593.45,19.25
2019-01-24T11:00+01:00,2023.17,49023.98,12964.42,76033.42,19.25
2019-01-24T12:00+01:00,2404.64,48503.87,13024.83,75379.98,19.25
2019-01-24T13:00+01:00,2158.55,48569.02,12376.53,75084.03,19.25
2019-01-24T14:00+01:00,2779.02,48557.46,11139.75,74210.51,19.25
2019-01-24T15:00+01:00,4465.48,48470,9959.4,74098.78,19.25
2019-01-24T16:00+01:00,3769.11,48492.51,9268.11,73670.18,19.25
2019-01-24T17:00+01:00,2159.29,48983.04,9469.41,76026.61,19.25
2019-01-24T18:00+01:00,2694.65,49073.25,9365.55,75627.88,19.25
2019-01-24T19:00+01:00,2901.75,48399.92,9230.74,73856.41,19.25
2019-01-24T20:00+01:00,2338.62,47230.32,8938.32,69842.64,19.25
2019-01-24T21:00+01:00,439.81,46706.94,8800.8,66445.93,19.25
2019-01-24T22:00+01:00,354.3,45823.88,8404.17,63808.94,19.25
2019-01-24T23:00+01:00,-460.18,45039.55,8275.31,60084.32,19.25
2019-01-25T00:00+01:00,-873.68,44473.3,8393.56,57770.27,19.25
2019-01-25T01:00+01:00,-1711.62,44401.84,8345.12,55983.19,19.25
2019-01-25T02:00+01:00,-1960.39,44342.07,8410.23,55108.45,19.25
2019-01-25T03:00+01:00,-1952.81,44423.95,8430.08,54911.83,19.25
2019-01-25T04:00+01:00,-2090.41,44581.61,8352.94,56041.04,19.25
2019-01-25T05:00+01:00,-809.62,45255.36,8517.8,59071.54,19.25
2019-01-25T06:00+01:00,1509.92,45959.54,8626.91,65883.3,19.25
2019-01-25T07:00+01:00,1952.28,46873.17,9455.15,72406.85,19.25
2019-01-25T08:00+01:00,1938.58,47129.39,10140.53,74781.5,19.25
2019-01-25T09:00+01:00,1171.9,47239.95,11667.39,75263.74,19.25
2019-01-25T10:00+01:00,-817.35,47397.13,13853.96,75675.68,19.25
2019-01-25T11:00+01:00,-680.34,47123.75,15630.15,75870.02,19.25
2019-01-25T12:00+01:00,-1023.97,46759.01,17028.12,75005.5,19.25
2019-01-25T13:00+01:00,-2369.62,46284.33,18003.86,73552.61,19.25
2019-01-25T14:00+01:00,-2975.86,46144.5,18131.74,72316.54,19.25
2019-01-25T15:00+01:00,-3671.84,46042.57,17960.77,71403.8,19.25
2019-01-25T16:00+01:00,-4112.6,45976.36,18720.15,71560.51,19.25
2019-01-25T17:00+01:00,-4635.88,45924.23,20764.33,74442.49,19.25
2019-01-25T18:00+01:00,-6709.58,44966.97,23247.18,74540.92,19.25
2019-01-25T19:00+01:00,-8837.39,43701.29,24666.93,72840.48,19.25
2019-01-25T20:00+01:00,-11886.1,41837.05,25705.05,68910.02,19.25
2019-01-25T21:00+01:00,-13402.05,40261.42,26019.25,66072.15,19.25
2019-01-25T22:00+01:00,-12636.2,37608.32,25702.93,64169.15,19.25
2019-01-25T23:00+01:00,-13312.41,35723.48,25675.95,60697.04,19.25
2019-01-26T00:00+01:00,-13202.44,32815.59,25952.11,57941.7,19.25
2019-01-26T01:00+01:00,-12167.33,31321.53,26500.36,55350.25,19.25
2019-01-26T02:00+01:00,-12966.01,30647.42,26752.76,53796.4,19.25
2019-01-26T03:00+01:00,-12753.52,30928.09,26726.48,52912.92,19.25
2019-01-26T04:00+01:00,-12543.57,31194.17,26160.91,52617.78,19.25
2019-01-26T05:00+01:00,-13601.14,31743.27,24900.73,52371.87,19.25
2019-01-26T06:00+01:00,-13756.97,32423.12,25430.8,53111.39,19.25
2019-01-26T07:00+01:00,-12995.53,32922.04,25969.63,56138.57,19.25
2019-01-26T08:00+01:00,-13582.6,34311,25798.22,59898.52,19.25
2019-01-26T09:00+01:00,-12543.55,34883.18,26552.25,62967.64,19.25
2019-01-26T10:00+01:00,-11377.58,34899.25,27182.95,64832.54,19.25
2019-01-26T11:00+01:00,-10740.08,34917.53,28442.25,65472.24,19.25
2019-01-26T12:00+01:00,-11299.78,34399.61,29259.37,64899.77,19.25
2019-01-26T13:00+01:00,-11993.52,33359.97,29656.21,62880.45,19.25
2019-01-26T14:00+01:00,-12165.51,32583.68,29085.51,61474.35,19.25
2019-01-26T15:00+01:00,-11112.95,31366.13,28113.81,60830.18,19.25
2019-01-26T16:00+01:00,-10956.8,31438.3,28301.11,61002.05,19.25
2019-01-26T17:00+01:00,-11269.76,31703.96,29115.2,64116.41,19.25
2019-01-26T18:00+01:00,-12006.25,31630.81,30452.01,64804.84,19.25
2019-01-26T19:00+01:00,-13253.03,31155.99,31691.63,62656.08,19.25
2019-01-26T20:00+01:00,-14674.71,28448.66,32861.5,58924.82,19.25
2019-01-26T21:00+01:00,-13759.21,25936.84,33723.2,57022.46,19.25
2019-01-26T22:00+01:00,-14190.66,24967.42,33822.64,55930.73,19.25
2019-01-26T23:00+01:00,-14201.19,23114.32,34380.67,52893.51,19.25
2019-01-27T00:00+01:00,-12651.4,20395.37,35012.46,50109.45,19.25
2019-01-27T01:00+01:00,-13296.68,19167.48,34909.67,48092.24,19.25
2019-01-27T02:00+01:00,-13778.07,18184.16,35308.19,46628.64,19.25
2019-01-27T03:00+01:00,-12395.88,17991,36007.75,46289.3,19.25
2019-01-27T04:00+01:00,-11839.88,18025.71,36489.57,46273.86,19.25
2019-01-27T05:00+01:00,-12543.49,18052.3,36093.01,45902.46,19.25
2019-01-27T06:00+01:00,-12953.98,18102.47,35843.95,45108.6,19.25
2019-01-27T07:00+01:00,-12610,18782.57,35311.65,47364.82,19.25
2019-01-27T08:00+01:00,-13195.51,20006.77,34673.11,50038.23,19.25
2019-01-27T09:00+01:00,-13669.53,22259.12,35269.28,53595.67,19.25
2019-01-27T10:00+01:00,-14153.33,24011.18,35786.91,56182.28,19.25
2019-01-27T11:00+01:00,-13628.21,24996.37,36390.29,58740.4,19.25
2019-01-27T12:00+01:00,-14788.55,25918.83,36146.65,58659.19,19.25
2019-01-27T13:00+01:00,-13347.43,24875.39,34893.29,56171.01,19.25
2019-01-27T14:00+01:00,-12400.39,24389.76,32408.65,54708.03,19.25
2019-01-27T15:00+01:00,-9765.15,24668.02,29019.27,54045.93,19.25
2019-01-27T16:00+01:00,-9995.32,27077.51,27067.96,54792.08,19.25
2019-01-27T17:00+01:00,-11713.66,30393.38,26802.15,58818.54,19.25
2019-01-27T18:00+01:00,-14035.51,31835.26,27770.83,60501.78,19.25
2019-01-27T19:00+01:00,-14843.58,32237.96,28290.03,59609.79,19.25
2019-01-27T20:00+01:00,-15987.88,31971.69,28175.6,57344.16,19.25
2019-01-27T21:00+01:00,-14374.44,30872.59,27997.24,55862.84,19.25
2019-01-27T22:00+01:00,-13586.24,30700.92,27675.04,56070.09,19.25
2019-01-27T23:00+01:00,-14233.95,28509.66,27426.48,53118.04,19.25
2019-01-28T00:00+01:00,-13783.2,26709.74,26841.54,50832.01,19.25
2019-01-28T01:00+01:00,-14445.87,26235.76,26940.92,49137.96,19.25
2019-01-28T02:00+01:00,-10649.62,25685.92,26922.01,48689.97,19.25
2019-01-28T03:00+01:00,-9129.48,25411.01,26672.2,49164.56,19.25
2019-01-28T04:00+01:00,-9753.16,26065.74,25736.64,50952.37,19.25
2019-01-28T05:00+01:00,-10318.69,29457.15,25005.83,54596.73,19.25
2019-01-28T06:00+01:00,-10469.27,36177.73,25736.96,63431.52,19.25
2019-01-28T07:00+01:00,-8463.88,39470.51,25824.74,70458.6,19.25
2019-01-28T08:00+01:00,-10746.01,41317.94,26579.85,72956.12,19.25
2019-01-28T09:00+01:00,-11626.52,41423.93,29035.08,73928.64,19.25
2019-01-28T10:00+01:00,-11998.69,41239.15,30688.93,74692.77,19.25
2019-01-28T11:00+01:00,-12096.15,41519.28,31869.18,75360.42,19.25
2019-01-28T12:00+01:00,-12185.44,41771.24,33206.94,75311.84,19.25
2019-01-28T13:00+01:00,-12087.78,41442.09,33271.81,75046.17,19.25
2019-01-28T14:00+01:00,-11490.45,41179.29,32649.57,74287.42,19.25
2019-01-28T15:00+01:00,-10624.9,41173.86,31347.46,73715.95,19.25
2019-01-28T16:00+01:00,-11569.21,41313.2,30995.03,73299.21,19.25
2019-01-28T17:00+01:00,-10359.67,41280.87,30162.56,75380.23,19.25
2019-01-28T18:00+01:00,-10593.03,41364.72,29131.85,75276.62,19.25
2019-01-28T19:00+01:00,-11112.85,41283.16,28846.31,73049.1,19.25
2019-01-28T20:00+01:00,-12343.81,40260.66,28285.12,69157.2,19.25
2019-01-28T21:00+01:00,-12894.27,38873.39,27403.87,65713.28,19.25
2019-01-28T22:00+01:00,-13546.95,38309.12,26611.93,63164.74,19.25
2019-01-28T23:00+01:00,-15256.84,37314.44,26449.26,59010.15,19.25
2019-01-29T00:00+01:00,-15459.94,36355.3,26538.2,55798.75,19.25
2019-01-29T01:00+01:00,-15359.23,35436.56,26819.82,54033.27,19.25
2019-01-29T02:00+01:00,-15486.54,35444.7,26535.65,53130.36,19.25
2019-01-29T03:00+01:00,-15330.59,35841.44,26422.56,53596.58,19.25
2019-01-29T04:00+01:00,-15405.78,37096.06,25814.77,54792.36,19.25
2019-01-29T05:00+01:00,-15677.2,39236.08,24940.62,58462.37,19.25
2019-01-29T06:00+01:00,-13199.24,41782.76,23694.61,66024.36,19.25
2019-01-29T07:00+01:00,-10244.67,44275.21,22942.17,71910.64,19.25
2019-01-29T08:00+01:00,-9715.89,45040.61,22304,73884.84,19.25
2019-01-29T09:00+01:00,-8041.25,44821.47,22255.36,74122.56,19.25
2019-01-29T10:00+01:00,-8858.87,44706.15,23782.55,74196.27,19.25
2019-01-29T11:00+01:00,-7093.5,43952.31,25922.03,74626.06,19.25
2019-01-29T12:00+01:00,-8200.99,43302.86,26801.53,73718.38,19.25
2019-01-29T13:00+01:00,-9160.57,43938.26,26407.34,73129.69,19.25
2019-01-29T14:00+01:00,-8976.18,44297.98,23975.55,71980.59,19.25
2019-01-29T15:00+01:00,-8127.57,44473.2,20537.03,71305.52,19.25
2019-01-29T16:00+01:00,-6314.12,44809.04,17664.77,70365.44,19.25
2019-01-29T17:00+01:00,-6658.73,45060.57,18349.99,73459.5,19.25
2019-01-29T18:00+01:00,-6892.2,45537.79,19674.8,74609.67,19.25
2019-01-29T19:00+01:00,-7394.05,45084.24,21597.05,72827.14,19.25
2019-01-29T20:00+01:00,-10029.93,44797.67,22401.91,69381.98,19.25
2019-01-29T21:00+01:00,-12809.37,44452.06,22342.28,65655.96,19.25
2019-01-29T22:00+01:00,-14058.19,43532.38,21945,63150.94,19.25
2019-01-29T23:00+01:00,-13475.1,41241.76,21988.41,59168.39,19.25
2019-01-30T00:00+01:00,-13156,39674.34,21898.45,56670.13,19.25
2019-01-30T01:00+01:00,-13174.51,38572.02,22155.4,55131.74,19.25
2019-01-30T02:00+01:00,-12363.21,37176.54,22618.01,54123.28,19.25
2019-01-30T03:00+01:00,-11605.19,36342.09,23182.15,54165.95,19.25
2019-01-30T04:00+01:00,-11786.47,36659.86,23837,55270.59,19.25
2019-01-30T05:00+01:00,-13106.34,39005.38,24451.06,58900.12,19.25
2019-01-30T06:00+01:00,-13311.15,41138.19,25180.14,66154.66,19.25
2019-01-30T07:00+01:00,-11929.23,42368.13,25987.75,71562.75,19.25
2019-01-30T08:00+01:00,-11453.45,42675.42,27017.6,73128.4,19.25
2019-01-30T09:00+01:00,-12525.26,42465,28529.23,73135.41,19.25
2019-01-30T10:00+01:00,-11871.78,42345.53,30239.71,75219.32,19.25
2019-01-30T11:00+01:00,-11752.31,41800.93,32813.31,75971.29,19.25
2019-01-30T12:00+01:00,-14002.23,41433.64,34813.93,75361.82,19.25
2019-01-30T13:00+01:00,-13753.14,41195.43,34507.77,75173.52,19.25
2019-01-30T14:00+01:00,-14878.57,41991.68,32216.66,74031.82,19.25
2019-01-30T15:00+01:00,-13840.99,42503.71,30128.64,72830.44,19.25
2019-01-30T16:00+01:00,-13567.64,43113.96,28497.65,72222.39,19.25
2019-01-30T17:00+01:00,-12205.49,42661.92,29058.68,74767.24,19.25
2019-01-30T18:00+01:00,-12488.31,42337.32,29044.33,75184.4,19.25
2019-01-30T19:00+01:00,-11080.2,42208.44,28462.36,73514.65,19.25
2019-01-30T20:00+01:00,-12876.13,41796.52,26918.09,69774.67,19.25
2019-01-30T21:00+01:00,-14393.16,41131.78,24997.39,66272.21,19.25
2019-01-30T22:00+01:00,-13618.37,40963.01,23108.27,63840.82,19.25
2019-01-30T23:00+01:00,-12005.87,40311.93,21707.66,59917.11,19.25
2019-01-31T00:00+01:00,-12681.41,40198.06,20551.17,57036.2,19.25
2019-01-31T01:00+01:00,-11219.77,39979.27,19442.6,55231.27,19.25
2019-01-31T02:00+01:00,-10874.16,39896.08,18590.81,54225.36,19.25
2019-01-31T03:00+01:00,-10732.5,40293.83,17864.31,54271.56,19.25
2019-01-31T04:00+01:00,-11759.16,40819.96,17109.21,55358.77,19.25
2019-01-31T05:00+01:00,-11840.34,42899.8,16525.22,58298.79,19.25
2019-01-31T06:00+01:00,-7826.29,44949.63,16468.6,64894.63,19.25
2019-01-31T07:00+01:00,-6706.75,46332.6,16735.37,70905,19.25
2019-01-31T08:00+01:00,-8633.34,47282.31,18028.98,72759.54,19.25
2019-01-31T09:00+01:00,-9020.46,47335.23,21192.86,72780.37,19.25
2019-01-31T10:00+01:00,-9152.65,47082.8,23753.88,73538.07,19.25
2019-01-31T11:00+01:00,-9694.25,46659.4,25669.94,73790.06,19.25
2019-01-31T12:00+01:00,-10661.43,46505.63,26354.84,72974.64,19.25
2019-01-31T13:00+01:00,-9896.08,46165.39,25526.56,72205.16,19.25
2019-01-31T14:00+01:00,-7273.54,46107,22268.32,71093.78,19.25
2019-01-31T15:00+01:00,-5955.45,46424.17,17307.22,70300.69,19.25
2019-01-31T16:00+01:00,-6136.56,47020.33,13576.78,69990.43,19.25
2019-01-31T17:00+01:00,-5028.78,47303.31,14163.75,73209.52,19.25
2019-01-31T18:00+01:00,-5691.01,47201.37,16475.3,74084.39,19.25
2019-01-31T19:00+01:00,-5181.89,46500.5,19474.07,72655.91,19.25
2019-01-31T20:00+01:00,-8773.56,45072.18,21872.64,69314.42,19.25
2019-01-31T21:00+01:00,-12302.05,43406.41,23503.29,66091.52,19.25
2019-01-31T22:00+01:00,-12633.72,40538.5,24297.25,64034.52,19.25
2019-01-31T23:00+01:00,-13438.93,37815.53,25759.11,60462.79,19.25
2019-02-01T00:00+01:00,-12938.92,35633.74,26974.25,57801.16,19.25
2019-02-01T01:00+01:00,-13135.5,34386.71,27412.14,56070.18,19.25
2019-02-01T02:00+01:00,-12213.21,33036.91,28493.99,55478.58,19.25
2019-02-01T03:00+01:00,-9857.09,30813.77,28706.81,55525.34,19.25
2019-02-01T04:00+01:00,-10026.76,31519.13,29022.53,56348.45,19.25
2019-02-01T05:00+01:00,-12348.02,34656.85,28910.53,59579.71,19.25
2019-02-01T06:00+01:00,-13893.07,39537.85,28724.02,66359.78,19.25
2019-02-01T07:00+01:00,-12752.8,42657.91,28140.99,72294.13,19.25
2019-02-01T08:00+01:00,-11084.15,43831.74,27086.58,74202.38,19.25
2019-02-01T09:00+01:00,-9968.84,44042.39,26401.67,74922.14,19.25
2019-02-01T10:00+01:00,-9597.61,44389.22,26545.26,75488.71,19.25
2019-02-01T11:00+01:00,-9636.12,44276.67,26202.16,75631.7,20.85
2019-02-01T12:00+01:00,-9227.82,43971.77,25368.73,74650.22,21.38
2019-02-01T13:00+01:00,-9431.38,43693.77,24475.19,73031.42,21.38
2019-02-01T14:00+01:00,-8376.89,43808.81,22555.68,71257.47,21.38
2019-02-01T15:00+01:00,-7398.12,43897.6,20211.31,70066.56,21.38
2019-02-01T16:00+01:00,-7138.99,44084.93,18177.52,69572.12,21.38
2019-02-01T17:00+01:00,-6272.82,43801.57,17764.01,71960.46,21.38
2019-02-01T18:00+01:00,-6066.34,43603.62,17548.3,72563.01,21.38
2019-02-01T19:00+01:00,-5729.13,43481.21,16822.87,70659.28,21.38
2019-02-01T20:00+01:00,-5645.69,43117.16,15585.95,66629.16,21.38
2019-02-01T21:00+01:00,-6772.12,42433.62,14564.04,62658.12,21.38
2019-02-01T22:00+01:00,-6498.91,41374.32,13702.42,60473.75,21.38
2019-02-01T23:00+01:00,-8163.49,39770.88,13111.07,56535.72,21.38
2019-02-02T00:00+01:00,-6562.49,37318.7,12708.79,54063.91,21.38
2019-02-02T01:00+01:00,-6175.02,35425.64,12736.81,52145.53,21.38
2019-02-02T02:00+01:00,-5095.54,33839.39,12451.03,50538.26,21.38
2019-02-02T03:00+01:00,-3141.16,32967.19,12267.43,50445.29,21.38
2019-02-02T04:00+01:00,-2348.64,32885.51,12067.3,50332.34,21.38
2019-02-02T05:00+01:00,-3293.52,33340.23,11895.52,50317.21,21.38
2019-02-02T06:00+01:00,-5475.55,34665.66,11860.13,51011.23,21.38
2019-02-02T07:00+01:00,-6346.55,37154.99,11875.25,54198.49,21.38
2019-02-02T08:00+01:00,-5009.45,38749.81,12132.14,57873.58,21.38
2019-02-02T09:00+01:00,-3682.31,39752.01,12621.78,60922.44,21.38
2019-02-02T10:00+01:00,-3390.53,40083.69,12921.95,62699.35,21.38
2019-02-02T11:00+01:00,-2381.52,40099.83,13645.81,63509.81,21.38
2019-02-02T12:00+01:00,-4269.34,40118.92,14051.49,62615.8,21.38
2019-02-02T13:00+01:00,-5501.05,39325.33,14389.53,60513.54,21.38
2019-02-02T14:00+01:00,-5935.62,39180.31,13974.54,59479.3,21.38
2019-02-02T15:00+01:00,-5653.27,39605.34,12700.51,58938.02,21.38
2019-02-02T16:00+01:00,-4381.94,39860.76,12081.98,59152.5,21.38
2019-02-02T17:00+01:00,-2751.99,40016.3,12456.05,62209.04,21.38
2019-02-02T18:00+01:00,-3763.47,40312.95,12573.45,63834.55,21.38
2019-02-02T19:00+01:00,-5785.45,40239.09,12972.11,61742.06,21.38
2019-02-02T20:00+01:00,-7501.96,39576.74,13309.01,58160.88,21.38
2019-02-02T21:00+01:00,-8396.1,38581.51,13708.34,55666.24,21.38
2019-02-02T22:00+01:00,-7957.33,37442.83,14312.39,55060.59,21.38
2019-02-02T23:00+01:00,-8827.77,34688.28,14787.9,52871.9,21.38
2019-02-03T00:00+01:00,-10131.99,32903.87,15864.41,50383.44,21.38
2019-02-03T01:00+01:00,-10299.51,31047.55,17123.13,48303.98,21.38
2019-02-03T02:00+01:00,-9935.24,29886.3,18288.15,46857.76,21.38
2019-02-03T03:00+01:00,-8237.61,27642.72,20011.34,46055,21.38
2019-02-03T04:00+01:00,-8191.19,26439.45,20811.76,46439.88,21.38
2019-02-03T05:00+01:00,-8556.5,26308.5,20801.05,46155.81,21.38
2019-02-03T06:00+01:00,-11453.55,28134.58,20157.38,45727.97,21.38
2019-02-03T07:00+01:00,-12765.31,30882.95,20257.62,47134.76,21.38
2019-02-03T08:00+01:00,-14324,33050.8,20539.01,50650.42,21.38
2019-02-03T09:00+01:00,-13761.85,34310.9,20682.98,54487.18,21.38
2019-02-03T10:00+01:00,-13628.87,35101.69,20936.83,56998.78,21.38
2019-02-03T11:00+01:00,-11595.11,35291.04,21549.12,58857.28,21.38
2019-02-03T12:00+01:00,-11068.19,35279.18,22146.03,58668,21.38
2019-02-03T13:00+01:00,-12791.98,35199.54,22310.43,56805.21,21.38
2019-02-03T14:00+01:00,-12747.24,35220.05,21942.41,55582.47,21.38
2019-02-03T15:00+01:00,-12035.31,35404.57,20362.44,54854.42,21.38
2019-02-03T16:00+01:00,-11624.11,35853.34,19010.26,55296.68,21.38
2019-02-03T17:00+01:00,-8746.89,36321.72,18872.49,58553.37,21.38
2019-02-03T18:00+01:00,-9535.32,36815.04,18853.27,61833.76,21.38
2019-02-03T19:00+01:00,-9784.29,37028.85,18912.21,60816.43,21.38
2019-02-03T20:00+01:00,-10796.98,36886.4,19534.66,58095.85,21.38
2019-02-03T21:00+01:00,-11084.67,36566.69,19872.29,56415.57,21.38
2019-02-03T22:00+01:00,-9694.12,35612.74,20084.48,56623.29,21.38
2019-02-03T23:00+01:00,-10712.08,34500.43,20475.82,54253.1,21.38
2019-02-04T00:00+01:00,-10728.52,32275.44,20871.32,52095.24,21.38
2019-02-04T01:00+01:00,-10755.93,30564.6,21628.25,50588.49,21.38
2019-02-04T02:00+01:00,-9586.82,29655.02,22641.65,50018.88,21.38
2019-02-04T03:00+01:00,-8342.42,29199.77,22639.53,50049.75,21.38
2019-02-04T04:00+01:00,-7909.19,30292.14,22919.03,51775.46,21.38
2019-02-04T05:00+01:00,-9757.66,33422.34,23273.34,55974.52,21.38
2019-02-04T06:00+01:00,-9579.28,36711.79,23926.03,63956.88,21.38
2019-02-04T07:00+01:00,-8027.82,39165.62,24294.1,70861.19,21.38
2019-02-04T08:00+01:00,-8336.67,39949.15,25988.5,72816.07,21.38
2019-02-04T09:00+01:00,-9720.57,39216.65,29170.31,72921.21,21.38
2019-02-04T10:00+01:00,-11445.09,38956.82,32036.7,73381.59,21.38
2019-02-04T11:00+01:00,-11652.13,38476.54,34704.93,73785.96,21.38
2019-02-04T12:00+01:00,-11456.91,36688.78,37069.89,72863.98,21.38
2019-02-04T13:00+01:00,-11907.07,36241.94,37308.44,72413.11,21.38
2019-02-04T14:00+01:00,-11488.57,36303.52,35042.03,71565.67,21.38
2019-02-04T15:00+01:00,-11390.37,37484.67,32128.38,71318.12,21.38
2019-02-04T16:00+01:00,-11395.53,38744.73,30435.65,71192.15,21.38
2019-02-04T17:00+01:00,-10921.23,39261.08,31974.25,74136.1,21.38
2019-02-04T18:00+01:00,-9864.3,38404.5,33523.44,76001.46,21.38
2019-02-04T19:00+01:00,-10254.46,37537.38,34080.95,74482.19,21.38
2019-02-04T20:00+01:00,-10650.68,34724.68,33930.19,70358.3,21.38
2019-02-04T21:00+01:00,-11713.63,33058.59,33732.31,66562.07,21.38
2019-02-04T22:00+01:00,-11084.11,31695.84,32771.79,64127.86,21.38
2019-02-04T23:00+01:00,-10715.72,30280.83,32539.53,60439.46,21.38
2019-02-05T00:00+01:00,-10773.74,29088.87,31215.66,57340.34,21.38
2019-02-05T01:00+01:00,-10165.39,29280.73,29965.92,55158.82,21.38
2019-02-05T02:00+01:00,-10418.64,29393.02,28885.47,54042.78,21.38
2019-02-05T03:00+01:00,-10143.6,30402.8,27671.03,54295.43,21.38
2019-02-05T04:00+01:00,-11130.26,32197.56,26180.02,55603.67,21.38
2019-02-05T05:00+01:00,-12781.8,34614.45,25686.27,58749.1,21.38
2019-02-05T06:00+01:00,-11374.78,39308.61,25575.87,66041.22,21.38
2019-02-05T07:00+01:00,-8173.95,41787.79,24942.53,72132.04,21.38
2019-02-05T08:00+01:00,-8465.56,43082.97,24844.27,74108.15,21.38
2019-02-05T09:00+01:00,-8901.52,43744.77,24805.67,74226.63,21.38
2019-02-05T10:00+01:00,-8279.59,44132.39,26578.24,74589.24,21.38
2019-02-05T11:00+01:00,-8699.01,44155.65,26490.46,75139.4,21.38
2019-02-05T12:00+01:00,-10883.98,44245.77,26819.45,74666.34,21.38
2019-02-05T13:00+01:00,-10104.17,44592.45,26001.41,73951.63,21.38
2019-02-05T14:00+01:00,-8376.54,44789.77,24024.04,72730.37,21.38
2019-02-05T15:00+01:00,-6589.09,44732.07,20927.64,71686.56,21.38
2019-02-05T16:00+01:00,-5435.06,45100.41,18147.45,70784.51,21.38
2019-02-05T17:00+01:00,-4180.27,46329.72,17314.2,73722.89,21.38
2019-02-05T18:00+01:00,-5113.86,46802.15,17082.16,75359.43,21.38
2019-02-05T19:00+01:00,-6016.25,46299.54,17384.48,73858.81,21.38
2019-02-05T20:00+01:00,-5975.87,45887.77,18052.19,70189.51,21.38
2019-02-05T21:00+01:00,-7336.32,44041.99,19029.49,66868.02,21.38
2019-02-05T22:00+01:00,-7769.98,41503.3,19707.61,63909.61,21.38
2019-02-05T23:00+01:00,-8456.11,39135.65,19965.56,60267.41,21.38
2019-02-06T00:00+01:00,-9423.51,36115.12,20659.94,57295.62,21.38
2019-02-06T01:00+01:00,-8883.4,34220.88,20850.76,55030.31,21.38
2019-02-06T02:00+01:00,-9127.65,34471.33,21271.45,54133.07,21.38
2019-02-06T03:00+01:00,-8438.81,34544.6,21834.49,54856.44,21.38
2019-02-06T04:00+01:00,-7426.74,34336.4,22549.38,56264.97,21.38
2019-02-06T05:00+01:00,-9835.11,36274.96,22939.35,59924.28,21.38
2019-02-06T06:00+01:00,-10531.71,41001.75,24089.12,66758.89,21.38
2019-02-06T07:00+01:00,-9853.9,42982.77,24977.42,72590.86,21.38
2019-02-06T08:00+01:00,-10040.71,43125.4,26971.96,74051.08,21.38
2019-02-06T09:00+01:00,-10920.3,42182.06,29667.67,74108.36,21.38
2019-02-06T10:00+01:00,-12082.61,42631.08,31816.45,74350.19,21.38
2019-02-06T11:00+01:00,-12449.57,42167.36,33535.31,74608.24,21.38
2019-02-06T12:00+01:00,-13477.75,41633.35,33812.69,74150.92,21.38
2019-02-06T13:00+01:00,-13197.44,42060.73,32732.69,73357.77,21.38
2019-02-06T14:00+01:00,-12257.73,42204.79,29984.4,72079.53,21.38
2019-02-06T15:00+01:00,-10396.61,43215.74,26085.76,70924.97,21.38
2019-02-06T16:00+01:00,-8828.77,43221.73,22831.65,70283.69,21.38
2019-02-06T17:00+01:00,-7327.4,43648.82,21904.52,73103.22,21.38
2019-02-06T18:00+01:00,-7298.53,43964.29,22039.39,74948.14,21.38
2019-02-06T19:00+01:00,-6140.95,43940.38,21439.04,73559.46,21.38
2019-02-06T20:00+01:00,-6062.92,42946.29,20612.18,69671.58,21.38
2019-02-06T21:00+01:00,-7889.78,41380.44,19828.77,65943.64,21.38
2019-02-06T22:00+01:00,-9046.61,40160.09,19298.88,63128.91,21.38
2019-02-06T23:00+01:00,-9839.25,37672.63,18999.94,59759.42,21.38
2019-02-07T00:00+01:00,-7744.08,31688.68,19048.6,55620.41,21.38
2019-02-07T01:00+01:00,-7212.47,30377.56,19468.2,53492.46,21.38
2019-02-07T02:00+01:00,-7695.72,29914.89,20452.69,52341.43,21.38
2019-02-07T03:00+01:00,-6117.15,29651.08,22269.01,53123.45,21.38
2019-02-07T04:00+01:00,-6194.24,29677.96,24889.75,54611.52,21.38
2019-02-07T05:00+01:00,-8376.85,30276.17,27153.79,58356.21,21.38
2019-02-07T06:00+01:00,-10108.45,32791.99,29477.72,65952.82,21.38
2019-02-07T07:00+01:00,-8889.91,33514.57,31273.58,72211.9,21.38
2019-02-07T08:00+01:00,-7496.89,33917.06,32677.74,74605.85,21.38
2019-02-07T09:00+01:00,-7495.28,33598.66,34617.24,75332.87,21.38
2019-02-07T10:00+01:00,-8457.99,33063.82,36094.45,75961.1,21.38
2019-02-07T11:00+01:00,-8473.11,32951.98,37623.3,76700.69,21.38
2019-02-07T12:00+01:00,-7637.88,32354.38,38430.75,76191.6,21.38
2019-02-07T13:00+01:00,-8209.72,31760.14,37970.72,75610.65,21.38
2019-02-07T14:00+01:00,-8239.29,31575.07,37284.11,74505.88,21.38
2019-02-07T15:00+01:00,-6974.64,31081.69,36259.99,73182.2,21.38
2019-02-07T16:00+01:00,-7934.6,31133.52,35877.4,72153.95,21.38
2019-02-07T17:00+01:00,-7715.27,31511.03,37048.14,74190.24,21.38
2019-02-07T18:00+01:00,-8086.89,31574.7,38645.55,75865.37,21.38
2019-02-07T19:00+01:00,-9477.91,30440.92,39817.88,73986.31,21.38
2019-02-07T20:00+01:00,-10566.39,28031.5,40508.12,70178.06,21.38
2019-02-07T21:00+01:00,-11005.85,25428.66,40619.4,66678.24,21.38
2019-02-07T22:00+01:00,-10748.22,24040.61,39610.12,64126.67,21.38
2019-02-07T23:00+01:00,-11135.14,22982.88,39414.11,59822.65,21.38
2019-02-08T00:00+01:00,-10674.89,22257.14,38143.06,56685.48,21.38
2019-02-08T01:00+01:00,-10990.62,21882.73,37153.91,54626.46,21.38
2019-02-08T02:00+01:00,-10653.72,22126.16,36167.43,53709.12,21.38
2019-02-08T03:00+01:00,-9665.95,22851.61,35841.7,53732.82,21.38
2019-02-08T04:00+01:00,-9705.91,23452.43,35826.93,54874,21.38
2019-02-08T05:00+01:00,-11847.98,25115.27,36431.21,58369.13,21.38
2019-02-08T06:00+01:00,-10032.05,27327.68,37591.48,65727.79,21.38
2019-02-08T07:00+01:00,-8318.54,28206.24,37537.04,72008.19,21.38
2019-02-08T08:00+01:00,-8286.91,28695.77,38196.53,73657.71,21.38
2019-02-08T09:00+01:00,-9360.14,27949.52,40843.68,73635.91,21.38
2019-02-08T10:00+01:00,-10464.44,26641.51,43643.53,73851.37,21.38
2019-02-08T11:00+01:00,-11046.35,25843.23,46610.29,74053.94,22.8
2019-02-08T12:00+01:00,-11125.09,24792.71,48394.98,73127.33,23.28
2019-02-08T13:00+01:00,-10703.94,23437.59,48096.97,71477.62,23.28
2019-02-08T14:00+01:00,-10020.8,23280.05,45769.8,70121.53,23.28
2019-02-08T15:00+01:00,-9212.9,24021.35,42699.01,69765.82,23.28
2019-02-08T16:00+01:00,-8255.91,24871.34,39984.68,69579.18,23.28
2019-02-08T17:00+01:00,-8406.24,25503.45,40741.33,72114.03,23.28
2019-02-08T18:00+01:00,-9628.21,25898.82,42603.33,73166.52,23.28
2019-02-08T19:00+01:00,-9724.56,24701.42,44113.96,71269.76,23.28
2019-02-08T20:00+01:00,-10325.87,20837.77,45195.6,67516.96,23.28
2019-02-08T21:00+01:00,-10791.55,17129.77,45927.81,63777.53,23.28
2019-02-08T22:00+01:00,-8771.31,14899.9,44961.75,61619.82,23.28
2019-02-08T23:00+01:00,-11146.7,13770.8,44782.74,58089.74,23.28
2019-02-09T00:00+01:00,-10670.71,12010.97,44171.22,54445.18,23.28
2019-02-09T01:00+01:00,-11483.43,11982.37,44214.12,52152.15,23.28
2019-02-09T02:00+01:00,-11493.29,11822.11,44414.13,50675.06,23.28
2019-02-09T03:00+01:00,-11324.39,11874.83,44651.19,50420.67,23.28
2019-02-09T04:00+01:00,-10492.45,11902.43,44403.66,50537.74,23.28
2019-02-09T05:00+01:00,-11249.06,11986.95,44827.79,50448.85,23.28
2019-02-09T06:00+01:00,-11267.98,12285.87,46303.05,51312.24,23.28
2019-02-09T07:00+01:00,-11499.4,12494.98,46775.91,54582.47,23.28
2019-02-09T08:00+01:00,-11843.08,12469.79,48391.87,58551.04,23.28
2019-02-09T09:00+01:00,-10928.16,12480.3,51313.93,61319.78,23.28
2019-02-09T10:00+01:00,-11594.63,12406.78,55453.48,62886.17,23.28
2019-02-09T11:00+01:00,-11254.68,12422.5,57925.99,64199.21,23.28
2019-02-09T12:00+01:00,-11331.43,12405.81,58074.06,63010.33,23.28
2019-02-09T13:00+01:00,-11736.11,12330.33,57184.93,61327.65,23.28
2019-02-09T14:00+01:00,-11370.61,12287.71,55058.93,59586.63,23.28
2019-02-09T15:00+01:00,-11079.23,12398.04,51191.64,59161.15,23.28
2019-02-09T16:00+01:00,-10695.32,13396.27,47682.95,58782.08,23.28
2019-02-09T17:00+01:00,-10850.76,14185.37,46687.29,61570.65,23.28
2019-02-09T18:00+01:00,-12069.3,14867.11,46523.36,64024.4,23.28
2019-02-09T19:00+01:00,-11868.45,14646.42,45935.63,61619.53,23.28
2019-02-09T20:00+01:00,-10374.61,14004.21,44619.47,57907.22,23.28
2019-02-09T21:00+01:00,-9951.21,12964.34,42870.59,55309.28,23.28
2019-02-09T22:00+01:00,-9586.05,12780,40416.85,53934.79,23.28
2019-02-09T23:00+01:00,-9094.35,13173.06,38694.5,50924.87,23.28
2019-02-10T00:00+01:00,-10312.7,13548.33,37116.52,46741.43,23.28
2019-02-10T01:00+01:00,-8643.46,12603.96,35489.27,44372.82,23.28
2019-02-10T02:00+01:00,-9142.5,12368.75,35278.48,44386.44,23.28
2019-02-10T03:00+01:00,-8224.77,12330.04,35991.56,44365,23.28
2019-02-10T04:00+01:00,-8141.26,12073.36,36211.95,44787.83,23.28
2019-02-10T05:00+01:00,-10588.72,12090.22,36926.49,44546.74,23.28
2019-02-10T06:00+01:00,-11318.41,12118.48,37816.67,44299.78,23.28
2019-02-10T07:00+01:00,-11032.14,12595.03,37516.7,46218.46,23.28
2019-02-10T08:00+01:00,-10954.92,12958.21,38469.61,49473.5,23.28
2019-02-10T09:00+01:00,-11357.16,13075.05,39640.92,52941.76,23.28
2019-02-10T10:00+01:00,-11495.94,13452.33,41733.66,55399.55,23.28
2019-02-10T11:00+01:00,-11336.86,14138.78,43544.3,57781.59,23.28
2019-02-10T12:00+01:00,-11701.34,13720.83,44117.77,57656.14,23.28
2019-02-10T13:00+01:00,-12272.22,13314.59,43439.97,55543.19,23.28
2019-02-10T14:00+01:00,-11154.22,13309.66,42643.03,54132.18,23.28
2019-02-10T15:00+01:00,-10021.07,13112.47,41913.09,54072.26,23.28
2019-02-10T16:00+01:00,-8932.06,13220.36,42381.39,54487.98,23.28
2019-02-10T17:00+01:00,-8854.79,13436.09,42803.93,57613.58,23.28
2019-02-10T18:00+01:00,-8261.89,13447.18,43629.25,60437.52,23.28
2019-02-10T19:00+01:00,-9873.4,13371.51,43959.45,59607.03,23.28
2019-02-10T20:00+01:00,-11052.55,13332.25,43891.94,57208.51,23.28
2019-02-10T21:00+01:00,-11046.93,13170.19,44657.59,55673.72,23.28
2019-02-10T22:00+01:00,-11712.38,12892.74,44838.82,55408.6,23.28
2019-02-10T23:00+01:00,-12665.27,13010.69,44524.68,52136.45,23.28
2019-02-11T00:00+01:00,-13071.39,12372.14,44218.64,50217.44,23.28
2019-02-11T01:00+01:00,-13423.93,12546.83,43009.8,48839.32,23.28
2019-02-11T02:00+01:00,-13047.42,12569.52,43202.32,48340.87,23.28
2019-02-11T03:00+01:00,-12394.77,12629.34,42855.43,49156.74,23.28
2019-02-11T04:00+01:00,-12018.57,13459.37,42541.66,51168.19,23.28
2019-02-11T05:00+01:00,-11985.35,15552.54,42041.42,55324.54,23.28
2019-02-11T06:00+01:00,-11696.96,19454.74,42702.69,63463.08,23.28
2019-02-11T07:00+01:00,-9367.79,22109.34,42704.86,70149.88,23.28
2019-02-11T08:00+01:00,-8584.35,23971.55,42753.39,72727.25,23.28
2019-02-11T09:00+01:00,-9702.92,24309.34,44098.59,73385.26,23.28
2019-02-11T10:00+01:00,-9956.3,24490.17,46331.67,74104.45,23.28
2019-02-11T11:00+01:00,-9712.83,24695.22,47835.29,75314.9,23.28
2019-02-11T12:00+01:00,-10038.7,24894.06,48689.16,74453.83,23.28
2019-02-11T13:00+01:00,-8595.92,25124.55,48715.48,73643.04,23.28
2019-02-11T14:00+01:00,-7934.08,25856.73,47410.38,72585.06,23.28
2019-02-11T15:00+01:00,-8127.02,26491,44457.32,71507.01,23.28
2019-02-11T16:00+01:00,-8067.52,27074.28,39864.69,70223.66,23.28
2019-02-11T17:00+01:00,-6659.88,27826.53,39127.95,72074.72,23.28
2019-02-11T18:00+01:00,-5349.26,28845.91,39123.49,74208.98,23.28
2019-02-11T19:00+01:00,-6010.27,29007.11,37974.74,72875.92,23.28
2019-02-11T20:00+01:00,-8513.41,28739.09,36417.08,68875.27,23.28
2019-02-11T21:00+01:00,-7766.35,27798.97,34926.88,65341.26,23.28
2019-02-11T22:00+01:00,-7620.06,27168.3,34223.63,62325.52,23.28
2019-02-11T23:00+01:00,-9005.89,26226.55,34754.53,58344.3,23.28
2019-02-12T00:00+01:00,-9638.21,25360.98,35033.11,55266.63,23.28
2019-02-12T01:00+01:00,-9131.05,24364.15,35169.96,53482.08,23.28
2019-02-12T02:00+01:00,-9966.4,24376.3,34710.31,52391.41,23.28
2019-02-12T03:00+01:00,-9860.4,24566.47,34475.26,52839.34,23.28
2019-02-12T04:00+01:00,-10248.02,26310.98,33682.72,53988.04,23.28
2019-02-12T05:00+01:00,-11828.08,30837.69,31460.36,57174.41,23.28
2019-02-12T06:00+01:00,-12164.03,35814.58,29743.92,64716.46,23.28
2019-02-12T07:00+01:00,-9191.61,38653.04,28246.36,70262.74,23.28
2019-02-12T08:00+01:00,-9485.62,40891.36,26666.29,72166.43,23.28
2019-02-12T09:00+01:00,-10578.96,42371.82,26586.21,72295.06,23.28
2019-02-12T10:00+01:00,-9847.46,43401.98,28010.03,73087.05,23.28
2019-02-12T11:00+01:00,-10093.32,43304.34,29504.21,74496.94,23.28
2019-02-12T12:00+01:00,-10723,42947.02,29845.41,74074.25,23.28
2019-02-12T13:00+01:00,-9734.4,42375.17,28948.11,73155.38,23.28
2019-02-12T14:00+01:00,-7860.87,41913.66,27094.08,71812.49,23.28
2019-02-12T15:00+01:00,-6376.16,42096.24,24112.25,70581.17,23.28
2019-02-12T16:00+01:00,-5102.94,42873.05,21036.17,69490.43,23.28
2019-02-12T17:00+01:00,-6959.74,43805.33,20295.7,71604.12,23.28
2019-02-12T18:00+01:00,-7213.66,43999.99,22893.09,74337.28,23.28
2019-02-12T19:00+01:00,-7335.55,42133.04,26214.63,72691.34,23.28
2019-02-12T20:00+01:00,-8708.78,39609.49,28068.35,68866.61,23.28
2019-02-12T21:00+01:00,-9213.56,36649,29852.2,65614.85,23.28
2019-02-12T22:00+01:00,-10017.87,34957.69,30487.52,63258.34,23.28
2019-02-12T23:00+01:00,-11185.12,33232.94,31165.53,59311.82,23.28
2019-02-13T00:00+01:00,-11456.41,30978.49,30935.55,55971.03,23.28
2019-02-13T01:00+01:00,-12060.43,30868,30935.04,54263.85,23.28
2019-02-13T02:00+01:00,-11495.47,30096.92,31551.96,53690.3,23.28
2019-02-13T03:00+01:00,-10669.01,29750.15,31595.45,54088.82,23.28
2019-02-13T04:00+01:00,-12752.19,31575.62,30936.84,55196.07,23.28
2019-02-13T05:00+01:00,-11464.08,33300.39,30604.46,58378.06,23.28
2019-02-13T06:00+01:00,-11971.47,37702.83,30422.58,66299.54,23.28
2019-02-13T07:00+01:00,-9127.34,39202.48,29684.68,71783,23.28
2019-02-13T08:00+01:00,-8714.8,39647.61,31019.48,73233.91,23.28
2019-02-13T09:00+01:00,-10841.13,38325.75,33908.39,73451.33,23.28
2019-02-13T10:00+01:00,-12747.05,37614.16,37298.53,73703.48,23.28
2019-02-13T11:00+01:00,-12754.98,37311.62,38464.33,73795.6,23.28
2019-02-13T12:00+01:00,-14109.44,37226.5,38882.05,72808.64,23.28
2019-02-13T13:00+01:00,-14018.85,37061.72,37553.16,72132.34,23.28
2019-02-13T14:00+01:00,-12987.34,37986.68,34382.12,70923.95,23.28
2019-02-13T15:00+01:00,-9697.38,39000.86,30232.48,70188.08,23.28
2019-02-13T16:00+01:00,-7342.53,40089.86,25633.5,69628.78,23.28
2019-02-13T17:00+01:00,-7100.88,41213.47,23529.77,71852.18,23.28
2019-02-13T18:00+01:00,-5968.18,41532.76,23827.33,74548.38,23.28
2019-02-13T19:00+01:00,-5264.75,41433.75,24274.11,72962.61,23.28
2019-02-13T20:00+01:00,-6292.41,40503.05,24082.09,68951.64,23.28
2019-02-13T21:00+01:00,-8215.02,39086.67,23493.62,65755.66,23.28
2019-02-13T22:00+01:00,-8232.03,37486.61,23045.19,62768.54,23.28
2019-02-13T23:00+01:00,-7907.52,36042.9,21828.79,58651.26,23.28
2019-02-14T00:00+01:00,-7325.96,35359.26,20650.32,55554.46,23.28
2019-02-14T01:00+01:00,-7109.94,35377.37,19707.91,53616.23,23.28
2019-02-14T02:00+01:00,-6960.92,35412.66,18316.81,52637.78,23.28
2019-02-14T03:00+01:00,-6303.46,35433.65,17058.47,52960.12,23.28
2019-02-14T04:00+01:00,-5392.6,35914.89,16403.19,54574.39,23.28
2019-02-14T05:00+01:00,-4520.26,38140.81,16148.72,58393.71,23.28
2019-02-14T06:00+01:00,-2518.7,40622.13,15704.65,65599.03,23.28
2019-02-14T07:00+01:00,-1866.24,42241.16,15320.36,71040.27,23.28
2019-02-14T08:00+01:00,-2491.38,42300.29,17435.69,72362.03,23.28
2019-02-14T09:00+01:00,-4723.11,41916.2,21660.66,71948.48,23.28
2019-02-14T10:00+01:00,-7452.7,41357.01,25605.66,71731.37,23.28
2019-02-14T11:00+01:00,-8210.55,40254.1,29619.01,71799.49,23.28
2019-02-14T12:00+01:00,-9469.12,39514.87,31465.75,71194.45,23.28
2019-02-14T13:00+01:00,-10778.31,39864.85,30833.9,70258.03,23.28
2019-02-14T14:00+01:00,-7697.18,39641.31,27435.2,68931.12,23.28
2019-02-14T15:00+01:00,-3925.27,39279.93,22128.06,68166,23.28
2019-02-14T16:00+01:00,-1956.09,41134.2,15613.77,67281.08,23.28
2019-02-14T17:00+01:00,629.91,41847.61,12567.05,69344,23.28
2019-02-14T18:00+01:00,817.95,42116.02,13455.74,72755.78,23.28
2019-02-14T19:00+01:00,-548.29,42264.59,14685.28,71368.74,23.28
2019-02-14T20:00+01:00,-2731.68,41972.09,15654.01,67654.41,23.28
2019-02-14T21:00+01:00,-4110.88,40764.99,16668.77,64350.35,23.28
2019-02-14T22:00+01:00,-5053.53,39452.91,16749.23,61630.36,23.28
2019-02-14T23:00+01:00,-5422.25,37815.28,16334.75,57663.44,23.28
2019-02-15T00:00+01:00,-3608.3,36623.84,15933.72,54658.12,23.28
2019-02-15T01:00+01:00,-3216.66,35826.85,15566.49,53022.92,23.28
2019-02-15T02:00+01:00,-4303.35,35597,14957.28,52214.91,23.28
2019-02-15T03:00+01:00,-3776.51,35675.75,14286.55,52486.39,23.28
2019-02-15T04:00+01:00,-2515.95,36053.41,13840.76,53965.94,23.28
2019-02-15T05:00+01:00,-3324.82,37874.03,13719.6,57416.38,23.28
2019-02-15T06:00+01:00,-879.69,39884.17,13997.45,64727.32,23.28
2019-02-15T07:00+01:00,-542.78,40694.1,14555.26,70223.79,23.28
2019-02-15T08:00+01:00,-2406.01,40567.79,18132.01,71377.42,23.28
2019-02-15T09:00+01:00,-6336.78,39675.71,24528.54,71294.27,23.28
2019-02-15T10:00+01:00,-8167.26,38142.45,29301.5,71470.73,23.28
2019-02-15T11:00+01:00,-9358.27,37176.8,31524.17,71217.34,20.81
2019-02-15T12:00+01:00,-10362.28,37233.1,31855.41,69864.13,19.99
2019-02-15T13:00+01:00,-10755.47,37464.06,30661.86,68100.62,19.99
2019-02-15T14:00+01:00,-8431.39,37049.55,27306.79,66109.36,19.99
2019-02-15T15:00+01:00,-3785.15,36890.72,22168.09,65033.68,19.99
2019-02-15T16:00+01:00,-847.52,37732.38,16472.59,64609.4,19.99
2019-02-15T17:00+01:00,-753.31,38969.54,15182.41,67074.69,19.99
2019-02-15T18:00+01:00,-604.94,39029.33,18284.51,70963.41,19.99
2019-02-15T19:00+01:00,-2038.75,37747.11,21727.65,69940.16,19.99
2019-02-15T20:00+01:00,-6249.41,36454.51,24323.22,65966.57,19.99
2019-02-15T21:00+01:00,-7923.57,33625.79,26289.53,62323.66,19.99
2019-02-15T22:00+01:00,-8680.16,30832.89,26873.33,59626.66,19.99
2019-02-15T23:00+01:00,-10264.7,29382.68,27470.85,55828.46,19.99
2019-02-16T00:00+01:00,-9602.32,26412.93,27676.82,52275.45,19.99
2019-02-16T01:00+01:00,-10066.24,25307.25,27431.56,50156.64,19.99
2019-02-16T02:00+01:00,-13310.79,25815.38,27538.79,49145.86,19.99
2019-02-16T03:00+01:00,-12508.16,25503.84,27752.67,48891.95,19.99
2019-02-16T04:00+01:00,-12540.23,25897.85,27680.52,48715.3,19.99
2019-02-16T05:00+01:00,-12602.05,25928.44,27801.83,48865.29,19.99
2019-02-16T06:00+01:00,-13705.48,26791.57,29021.26,50847.57,19.99
2019-02-16T07:00+01:00,-12739.81,26931.59,30048.44,53789.23,19.99
2019-02-16T08:00+01:00,-13997.32,27027.82,33811.04,57202.64,19.99
2019-02-16T09:00+01:00,-14763.57,25792.1,38365.08,59081.07,19.99
2019-02-16T10:00+01:00,-13914.42,24730.33,39593.57,59414.65,19.99
2019-02-16T11:00+01:00,-15046.34,25491.04,39700.11,59826.74,19.99
2019-02-16T12:00+01:00,-15078.61,26320.07,39775.18,59101.51,19.99
2019-02-16T13:00+01:00,-14050.01,25650.72,38196.56,56907.79,19.99
2019-02-16T14:00+01:00,-13704.64,26285.68,34202.4,55258.87,19.99
2019-02-16T15:00+01:00,-10649.61,27388.85,28101.64,54244.58,19.99
2019-02-16T16:00+01:00,-6940.8,28306.76,21701.57,54280.94,19.99
2019-02-16T17:00+01:00,-5063.08,29666.41,19689.89,57757.82,19.99
2019-02-16T18:00+01:00,-6454.84,30603.6,21141.67,62352.04,19.99
2019-02-16T19:00+01:00,-7986.77,31003.27,22535.45,60828.58,19.99
2019-02-16T20:00+01:00,-10781.76,30740.23,22883.49,57565.72,19.99
2019-02-16T21:00+01:00,-9890.52,30139.32,22389.81,54565.64,19.99
2019-02-16T22:00+01:00,-9525.74,29743.21,21307.06,52972.73,19.99
2019-02-16T23:00+01:00,-10301.75,29568.12,19828.82,49845.08,19.99
2019-02-17T00:00+01:00,-11029.78,29477.91,18032.1,46742.2,19.99
2019-02-17T01:00+01:00,-11173.08,29413.76,16011.34,44876.14,19.99
2019-02-17T02:00+01:00,-9856.39,29357.74,15112.07,44156.36,19.99
2019-02-17T03:00+01:00,-8299.35,29087.4,14952.88,44101.78,19.99
2019-02-17T04:00+01:00,-7045.41,28708.16,14434.79,44403.59,19.99
2019-02-17T05:00+01:00,-7789.14,28339,13737.7,44003.56,19.99
2019-02-17T06:00+01:00,-8601.59,28585.86,13517.54,43713.99,19.99
2019-02-17T07:00+01:00,-8167.39,28378.99,14219.51,45207.62,19.99
2019-02-17T08:00+01:00,-9365.52,28272.04,18815.07,48287.24,19.99
2019-02-17T09:00+01:00,-11974.89,27825.72,24951.81,51370.92,19.99
2019-02-17T10:00+01:00,-13462.28,27103.52,29407.9,53047.94,19.99
2019-02-17T11:00+01:00,-14219.56,26863.18,31628.5,54540.17,19.99
2019-02-17T12:00+01:00,-14370.3,26696.17,32225.24,53542.81,19.99
2019-02-17T13:00+01:00,-12469.01,25312.9,30970.04,51404.08,19.99
2019-02-17T14:00+01:00,-10618.38,25456.16,27748.12,49861,19.99
2019-02-17T15:00+01:00,-9157.12,26739.25,22524.13,48974.22,19.99
2019-02-17T16:00+01:00,-6378.3,28209.35,17256.99,49434.32,19.99
2019-02-17T17:00+01:00,-3914.93,29417.51,15760.71,53463.62,19.99
2019-02-17T18:00+01:00,-5415.34,30281.62,18894.54,59022.49,19.99
2019-02-17T19:00+01:00,-7752.17,30665.31,21631.51,58096.7,19.99
2019-02-17T20:00+01:00,-9190.98,30440.68,23251.21,55411.65,19.99
2019-02-17T21:00+01:00,-9706.06,29849.04,24192.5,53575.33,19.99
2019-02-17T22:00+01:00,-11125.29,29696.4,24606.37,53664.41,19.99
2019-02-17T23:00+01:00,-12409.82,28944.79,24622.75,50610.66,19.99
2019-02-18T00:00+01:00,-10737.69,28309.68,23965.42,48364.73,19.99
2019-02-18T01:00+01:00,-9728.6,27914.76,23048.77,46808.36,19.99
2019-02-18T02:00+01:00,-9640,27928.42,21837,46291.21,19.99
2019-02-18T03:00+01:00,-8239.7,28647.93,20088.05,46960.84,19.99
2019-02-18T04:00+01:00,-6728.61,30000.9,18846.35,48856.37,19.99
2019-02-18T05:00+01:00,-6109.77,31889.73,17906.75,53303.88,19.99
2019-02-18T06:00+01:00,-3527.72,35575.67,17919.25,62472.23,19.99
2019-02-18T07:00+01:00,-1882.25,37408.24,17907.19,68077,19.99
2019-02-18T08:00+01:00,-3884.66,38193.86,21715.77,69533.22,19.99
2019-02-18T09:00+01:00,-8045.39,37882.9,27338.9,69450.43,19.99
2019-02-18T10:00+01:00,-9591.62,36977.78,30817.77,69464.17,19.99
2019-02-18T11:00+01:00,-9977.7,36004.81,32834.68,69980.04,19.99
2019-02-18T12:00+01:00,-10349.2,34678.82,33345.38,68844.9,19.99
2019-02-18T13:00+01:00,-10090.03,34625.51,32212.93,67748.36,19.99
2019-02-18T14:00+01:00,-8603.42,35117.67,28955.52,66473.96,19.99
2019-02-18T15:00+01:00,-4556.89,36085.35,23524.42,65624.12,19.99
2019-02-18T16:00+01:00,-1187.33,37106.46,17102.35,64941.62,19.99
2019-02-18T17:00+01:00,739.25,37757.53,14835.38,67292.89,19.99
2019-02-18T18:00+01:00,-533.12,38339.95,17343.9,71170.91,19.99
2019-02-18T19:00+01:00,-2035.5,38283.49,20045.1,69871.16,19.99
2019-02-18T20:00+01:00,-4243.14,37231.35,22359.73,66017.44,19.99
2019-02-18T21:00+01:00,-7311.83,34653.44,24369.15,62356.06,19.99
2019-02-18T22:00+01:00,-8573.91,32824.32,25772.77,59440.5,19.99
2019-02-18T23:00+01:00,-10327.78,30518.81,26817.15,54997.08,19.99
2019-02-19T00:00+01:00,-13046.78,29616,27797.24,52227.72,19.99
2019-02-19T01:00+01:00,-11394.78,28333.57,29503.26,50643.78,19.99
2019-02-19T02:00+01:00,-12392.34,27850.99,30320.24,50208.27,19.99
2019-02-19T03:00+01:00,-12783.45,28063.24,30343.71,50850.76,19.99
2019-02-19T04:00+01:00,-12973.12,29561.38,30014.1,52162.55,19.99
2019-02-19T05:00+01:00,-12756.18,31636.45,31013.03,55768.3,19.99
2019-02-19T06:00+01:00,-10532.81,33123.48,32097.46,64464.23,19.99
2019-02-19T07:00+01:00,-9389.2,33897.87,32451.16,70765.95,19.99
2019-02-19T08:00+01:00,-10004.92,33996.71,35186.82,72705.37,19.99
2019-02-19T09:00+01:00,-11501.9,33561.94,37992.41,72794.79,19.99
2019-02-19T10:00+01:00,-12340.07,32066.48,40540.72,72972.33,19.99
2019-02-19T11:00+01:00,-11184.49,31706.47,42594.57,73302.89,19.99
2019-02-19T12:00+01:00,-12333.11,31136.68,43718.18,72571.46,19.99
2019-02-19T13:00+01:00,-11946.9,31336.44,43320.99,71853.7,19.99
2019-02-19T14:00+01:00,-12084.61,31743.8,41918.58,70611.02,19.99
2019-02-19T15:00+01:00,-11618.28,31959.36,38922.12,70068.56,19.99
2019-02-19T16:00+01:00,-9774.45,33228.6,35229.92,69163.08,19.99
2019-02-19T17:00+01:00,-7607.61,34628.93,32569.4,70922.97,19.99
2019-02-19T18:00+01:00,-7506.88,34459.62,32233.79,74324.93,19.99
2019-02-19T19:00+01:00,-8552.58,34729.22,32170.95,72813.78,19.99
2019-02-19T20:00+01:00,-8822.06,33722.05,32029.82,68409.34,19.99
2019-02-19T21:00+01:00,-8983.59,31962.67,31406.72,64648.56,19.99
2019-02-19T22:00+01:00,-9867.3,30719.05,30159.53,61473.39,19.99
2019-02-19T23:00+01:00,-9971.14,28938.32,28861.81,57361.24,19.99
2019-02-20T00:00+01:00,-8653.68,28204.8,28158.42,54069.08,19.99
2019-02-20T01:00+01:00,-8608.93,28404.84,27484.89,52286.88,19.99
2019-02-20T02:00+01:00,-8085.12,28596.87,26600,51194.34,19.99
2019-02-20T03:00+01:00,-8135.25,29076.44,25709.04,51727.56,19.99
2019-02-20T04:00+01:00,-7306.44,30210.08,24473.19,52949.66,19.99
2019-02-20T05:00+01:00,-9099.55,32788.86,23843.42,57049.5,19.99
2019-02-20T06:00+01:00,-6079.6,36825.68,23424.41,64780.76,19.99
2019-02-20T07:00+01:00,-4763.45,38057.86,23265.45,70365.02,19.99
2019-02-20T08:00+01:00,-5414.87,37929.23,24523.26,71752.34,19.99
2019-02-20T09:00+01:00,-6413.48,37908.31,26749.36,71511.66,19.99
2019-02-20T10:00+01:00,-6761.01,37699.07,29311.06,71377.32,19.99
2019-02-20T11:00+01:00,-8043.64,37482.22,32274.82,71773.88,19.99
2019-02-20T12:00+01:00,-8986.59,36404.49,33706,70916.96,19.99
2019-02-20T13:00+01:00,-9030.18,35949.08,33288.25,70227.07,19.99
2019-02-20T14:00+01:00,-8234.36,35936.52,31481.16,68761.57,19.99
2019-02-20T15:00+01:00,-5813.1,36259.13,27864.69,67993.43,19.99
2019-02-20T16:00+01:00,-3197.31,37196.88,23447.06,67012.8,19.99
2019-02-20T17:00+01:00,-2407.02,38046.27,20579.71,68983.45,19.99
2019-02-20T18:00+01:00,-3083.45,38415.08,20778.78,72613.04,19.99
2019-02-20T19:00+01:00,-3361.52,38526.56,21740.33,71277.07,19.99
2019-02-20T20:00+01:00,-4289.3,38063.53,22570.63,67184.55,19.99
2019-02-20T21:00+01:00,-6284.3,37058.53,23242.48,63617.04,19.99
2019-02-20T22:00+01:00,-8110.95,35650.02,23794.22,60521.5,19.99
2019-02-20T23:00+01:00,-9802.03,33850.58,24670,56364.04,19.99
2019-02-21T00:00+01:00,-9717.2,31792.89,25481.94,53073.76,19.99
2019-02-21T01:00+01:00,-10385.41,30882.39,25909.37,51548.16,19.99
2019-02-21T02:00+01:00,-10784.93,30662.66,26234.26,50781.62,19.99
2019-02-21T03:00+01:00,-10922.14,30772.14,26461.33,51247.09,19.99
2019-02-21T04:00+01:00,-11378.77,31887.95,26187.92,52812.72,19.99
2019-02-21T05:00+01:00,-12263.26,34176.99,25944.11,56325.68,19.99
2019-02-21T06:00+01:00,-10666.88,37064.65,26411.89,64434.44,19.99
2019-02-21T07:00+01:00,-7467.76,37675.03,26264.57,69541.14,19.99
2019-02-21T08:00+01:00,-6852.81,37734.91,28103.54,71306.14,19.99
2019-02-21T09:00+01:00,-9274.91,37399.1,30997.98,71786.74,19.99
2019-02-21T10:00+01:00,-11331.02,37217.33,33677.96,72349.24,19.99
2019-02-21T11:00+01:00,-11717.05,36775.12,35243.39,72310.51,19.99
2019-02-21T12:00+01:00,-11731.14,35714.18,36350.06,70948.29,19.99
2019-02-21T13:00+01:00,-11289.15,35256.63,36291.83,69973.97,19.99
2019-02-21T14:00+01:00,-10375.62,35569.66,33454.2,69347.05,19.99
2019-02-21T15:00+01:00,-8496.7,36387.51,28797.91,69166.61,19.99
2019-02-21T16:00+01:00,-7044.45,37944.94,24680.08,68244.17,19.99
2019-02-21T17:00+01:00,-2769.88,38623.86,22345.99,69615.44,19.99
2019-02-21T18:00+01:00,-3443.35,39214.24,22504.81,72262.12,19.99
2019-02-21T19:00+01:00,-3654.54,39290.37,23293.91,71169.29,19.99
2019-02-21T20:00+01:00,-5452.5,38740.46,23770.32,66826.02,19.99
2019-02-21T21:00+01:00,-8054.06,38210.54,23487.4,62875.43,19.99
2019-02-21T22:00+01:00,-10186.94,37263.89,23095.3,60125.08,19.99
2019-02-21T23:00+01:00,-11318.84,36000.34,22886.73,55784.71,19.99
2019-02-22T00:00+01:00,-11919.02,34427.8,22018.57,52470.15,19.99
2019-02-22T01:00+01:00,-11313.19,33592.02,21497.33,50250.9,19.99
2019-02-22T02:00+01:00,-11698.89,33595.76,20652.29,49273.53,19.99
2019-02-22T03:00+01:00,-10398.71,33731.94,20183.08,49948.78,19.99
2019-02-22T04:00+01:00,-8946.53,34238.18,19032.86,51595.4,19.99
2019-02-22T05:00+01:00,-8395.62,36166.5,18547.62,55532.57,19.99
2019-02-22T06:00+01:00,-5584.38,38885.05,18682,63248.66,19.99
2019-02-22T07:00+01:00,-4585.58,39652.91,19330.67,68581.94,19.99
2019-02-22T08:00+01:00,-4215.8,39878.38,20435.36,70669.3,19.99
2019-02-22T09:00+01:00,-4706.87,39904.78,22146.79,71550.68,19.99
2019-02-22T10:00+01:00,-4297.13,39956.83,23724.01,71980.92,19.99
2019-02-22T11:00+01:00,-3758.78,40068,24340.09,72178.33,18.76
2019-02-22T12:00+01:00,-4014.01,40112.63,23450.39,71191.16,18.35
2019-02-22T13:00+01:00,-4334.05,40023.09,22807.21,69380.61,18.35
2019-02-22T14:00+01:00,-3445.18,39563.33,21433.74,67434.17,18.35
2019-02-22T15:00+01:00,-1080.43,39283.75,18506.98,66235.27,18.35
2019-02-22T16:00+01:00,228.13,39681.33,15052.46,65494.26,18.35
2019-02-22T17:00+01:00,2149.54,40136.83,13245.76,66522.77,18.35
2019-02-22T18:00+01:00,80.05,40255.9,14413.05,69561.47,18.35
2019-02-22T19:00+01:00,-1243.68,40134.15,15970.42,68387.59,18.35
2019-02-22T20:00+01:00,-1591.62,37795.63,17018.98,64465.9,18.35
2019-02-22T21:00+01:00,-2536.91,34777.61,18306.44,61178.26,18.35
2019-02-22T22:00+01:00,-3803.2,32743.17,18935.17,58846.91,18.35
2019-02-22T23:00+01:00,-6881.02,31289.59,20009.48,55193.14,18.35
2019-02-23T00:00+01:00,-8536.28,29356.4,20733.07,51579.23,18.35
2019-02-23T01:00+01:00,-8599.59,28564.4,20910.81,49825.83,18.35
2019-02-23T02:00+01:00,-8646.41,28173.44,20770.86,48572.54,18.35
2019-02-23T03:00+01:00,-7252.93,28152.28,19498.51,48507.8,18.35
2019-02-23T04:00+01:00,-6540.67,28695.74,18008.17,48601.43,18.35
2019-02-23T05:00+01:00,-7302.66,29032.56,17197.64,48891.94,18.35
2019-02-23T06:00+01:00,-7647.26,29760.32,17049.06,50009.9,18.35
2019-02-23T07:00+01:00,-5696.64,30168.29,18093.24,52557.78,18.35
2019-02-23T08:00+01:00,-7645.56,30136,22456.39,56554.68,18.35
2019-02-23T09:00+01:00,-11158.4,29844.77,27616.42,59093.85,18.35
2019-02-23T10:00+01:00,-11946.86,29413.55,31166.58,59859.43,18.35
2019-02-23T11:00+01:00,-13585.49,28783.32,33372.91,60109.26,18.35
2019-02-23T12:00+01:00,-13822.17,27722.43,33270.95,58707.28,18.35
2019-02-23T13:00+01:00,-13440.44,27830.06,30886.41,56858.76,18.35
2019-02-23T14:00+01:00,-11157.37,28145.43,26574.83,55241.76,18.35
2019-02-23T15:00+01:00,-6957.7,28491.46,21098.08,54120.89,18.35
2019-02-23T16:00+01:00,-2758.67,29363.88,15713.06,54054.06,18.35
2019-02-23T17:00+01:00,-1395.58,30751.53,13901.37,56395.63,18.35
2019-02-23T18:00+01:00,-801.31,31490.53,16849.65,60715.02,18.35
2019-02-23T19:00+01:00,-2818.61,31208.5,19472.77,59758.54,18.35
2019-02-23T20:00+01:00,-6143.65,30686.29,21117.05,56604.94,18.35
2019-02-23T21:00+01:00,-7528.52,30107.58,21614.53,54336.68,18.35
2019-02-23T22:00+01:00,-8519.52,30151.4,20532.54,53128.04,18.35
2019-02-23T23:00+01:00,-11264.82,30009.97,19138.17,50117.86,18.35
2019-02-24T00:00+01:00,-9869.74,29511.34,17550.39,46797.75,18.35
2019-02-24T01:00+01:00,-8829.61,28809.64,16048.01,44644.77,18.35
2019-02-24T02:00+01:00,-6926.32,27995.22,15142.72,43879.14,18.35
2019-02-24T03:00+01:00,-5797.47,28047.45,14769.63,43637.21,18.35
2019-02-24T04:00+01:00,-5108.38,28129.88,14598.97,43876.92,18.35
2019-02-24T05:00+01:00,-6698.49,28555.92,14509.5,43427.94,18.35
2019-02-24T06:00+01:00,-8046.79,28617.52,14262.99,43155.57,18.35
2019-02-24T07:00+01:00,-8646.06,29133.17,14366.49,44708.72,18.35
2019-02-24T08:00+01:00,-9968.11,29272.02,18272.89,48028.28,18.35
2019-02-24T09:00+01:00,-11929.09,29107.99,23115.13,50840.99,18.35
2019-02-24T10:00+01:00,-13501.03,28618.44,25711.21,52531.24,18.35
2019-02-24T11:00+01:00,-12312.83,28091.92,27108.15,54011.82,18.35
2019-02-24T12:00+01:00,-11043.78,27837.93,28010.71,53013.8,18.35
2019-02-24T13:00+01:00,-9654.22,27104.07,27378.89,50852.67,18.35
2019-02-24T14:00+01:00,-8428.55,26302.88,24686.4,49516.16,18.35
2019-02-24T15:00+01:00,-7221.17,27228.37,20440.07,48650.95,18.35
2019-02-24T16:00+01:00,-5138.04,28594.55,14099.43,48872.62,18.35
2019-02-24T17:00+01:00,-1259.58,31380.46,10057.44,51939.5,18.35
2019-02-24T18:00+01:00,-167.09,32929.04,10544.54,57534.55,18.35
2019-02-24T19:00+01:00,-118.88,33041.72,11388.6,56939.46,18.35
2019-02-24T20:00+01:00,-546.2,32681.24,11984.77,54513.76,18.35
2019-02-24T21:00+01:00,-1444.64,32401.95,12055.31,52693.2,18.35
2019-02-24T22:00+01:00,-2002.69,32496.05,12067.12,52365.51,18.35
2019-02-24T23:00+01:00,-3692.24,31897.11,12050.83,49300.83,18.35
2019-02-25T00:00+01:00,-3181.34,30800.58,11622.58,47159.63,18.35
2019-02-25T01:00+01:00,-4444.82,30878.84,11209.05,46140.58,18.35
2019-02-25T02:00+01:00,-3491.76,30930.19,11155.12,45701,18.35
2019-02-25T03:00+01:00,-3100.08,31559.87,11729.22,46272.62,18.35
2019-02-25T04:00+01:00,-2718.93,32435.99,12251.78,48315.27,18.35
2019-02-25T05:00+01:00,-3255.86,34723.91,12345.16,52790.9,18.35
2019-02-25T06:00+01:00,-240.96,37190.99,12428.18,61440.28,18.35
2019-02-25T07:00+01:00,680.61,37967.46,13287.45,66695.65,18.35
2019-02-25T08:00+01:00,-2974.04,38090.72,17652.46,68563.93,18.35
2019-02-25T09:00+01:00,-4783.01,37641.62,23295.07,68447.6,18.35
2019-02-25T10:00+01:00,-6841.12,36512.26,27361.45,68842.36,18.35
2019-02-25T11:00+01:00,-8138.92,36125.21,30012.85,69169.69,18.35
2019-02-25T12:00+01:00,-8802.23,35341.47,31190,68416,18.35
2019-02-25T13:00+01:00,-7986.06,34708.93,30720.94,67802.48,18.35
2019-02-25T14:00+01:00,-6251.27,34014.39,27913.99,66648.57,18.35
2019-02-25T15:00+01:00,-2875.25,34920.56,22847.77,65448.35,18.35
2019-02-25T16:00+01:00,1417.61,35749.19,15997.25,64723,18.35
2019-02-25T17:00+01:00,4014.16,36767.67,12523.25,66233.65,18.35
2019-02-25T18:00+01:00,3151.94,37292.84,13881.26,70299.12,18.35
2019-02-25T19:00+01:00,2465.86,37403.81,15257.96,69779.55,18.35
2019-02-25T20:00+01:00,997.85,37483.99,16075.71,65619.38,18.35
2019-02-25T21:00+01:00,-600.51,36498.11,16245.68,62205.51,18.35
2019-02-25T22:00+01:00,-1761.73,34739.27,15712.75,59172.66,18.35
2019-02-25T23:00+01:00,-3368.42,32908.54,15459.74,55059.64,18.35
2019-02-26T00:00+01:00,-5366.51,31499.63,14846.68,51182.31,18.35
2019-02-26T01:00+01:00,-3966.64,31058.44,14319.82,49407.22,18.35
2019-02-26T02:00+01:00,-3225.84,31155.16,14216.16,48814.09,18.35
2019-02-26T03:00+01:00,-3732.07,31862.04,14166.72,49493.77,18.35
2019-02-26T04:00+01:00,-3223.03,32839.8,14102.96,50819.17,18.35
2019-02-26T05:00+01:00,-3668.5,34889.31,13728.94,54633.82,18.35
2019-02-26T06:00+01:00,379.95,36801.08,13342.86,62689.86,18.35
2019-02-26T07:00+01:00,-216.8,38067.23,13712.57,67480.36,18.35
2019-02-26T08:00+01:00,-1905.09,38159.99,17416.86,68716.99,18.35
2019-02-26T09:00+01:00,-2803.2,37878.32,22120.73,68603.48,18.35
2019-02-26T10:00+01:00,-5789.2,37127.43,25730,68736.79,18.35
2019-02-26T11:00+01:00,-6790.71,36276.46,27959.53,69200.98,18.35
2019-02-26T12:00+01:00,-6595.63,35100.45,28447.53,68147.22,18.35
2019-02-26T13:00+01:00,-5171.27,34749.92,27292.51,67372.12,18.35
2019-02-26T14:00+01:00,-3438.87,34862.55,24577.78,66335.7,18.35
2019-02-26T15:00+01:00,-1157.35,35813.32,20155.04,65434.35,18.35
2019-02-26T16:00+01:00,1757.08,36621.02,14384.01,64388.92,18.35
2019-02-26T17:00+01:00,5185.32,37405.9,10400.24,65795.93,18.35
2019-02-26T18:00+01:00,4397.29,38249.05,10235.36,69697.17,18.35
2019-02-26T19:00+01:00,4935.5,38564.73,10490.14,69253.03,18.35
2019-02-26T20:00+01:00,5368.4,37969.35,10005.3,65383.18,18.35
2019-02-26T21:00+01:00,3887.84,37019.39,9774.84,61517.4,18.35
2019-02-26T22:00+01:00,2654.99,35635.74,9631.16,58373.08,18.35
2019-02-26T23:00+01:00,600.4,34103.16,9388.24,54150.43,18.35
2019-02-27T00:00+01:00,1147.56,33117.72,9339.47,51087.8,18.35
2019-02-27T01:00+01:00,2125.45,31286.5,9541.23,49520.89,18.35
2019-02-27T02:00+01:00,1445.51,30768.57,9773.25,49071.41,18.35
2019-02-27T03:00+01:00,2431.98,30813.78,9963.25,50139.04,18.35
2019-02-27T04:00+01:00,2153.59,31452.85,10442.01,51857.72,18.35
2019-02-27T05:00+01:00,768.11,34228.39,10852.94,55485.79,18.35
2019-02-27T06:00+01:00,2620.85,36143.62,11861.12,63134.33,18.35
2019-02-27T07:00+01:00,2437.99,36625.72,13698.69,67806.69,18.35
2019-02-27T08:00+01:00,-748.43,36650.49,19210.14,69480.8,18.35
2019-02-27T09:00+01:00,-4486.32,35863.68,25812.15,69357.68,18.35
2019-02-27T10:00+01:00,-6465.39,34100.16,30225.61,69824.18,18.35
2019-02-27T11:00+01:00,-6749.8,32413.06,32221.24,69760.62,18.35
2019-02-27T12:00+01:00,-7995.12,32414.74,32884.55,68557.97,18.35
2019-02-27T13:00+01:00,-6526.41,32034.34,32349.8,67710.63,18.35
2019-02-27T14:00+01:00,-5379.42,31871.69,29882.42,66549.22,18.35
2019-02-27T15:00+01:00,-3900.62,32921.35,25169.5,65332.8,18.35
2019-02-27T16:00+01:00,-358.94,34383.94,18942.74,64442.22,18.35
2019-02-27T17:00+01:00,680.5,35676.31,15383.15,65953.12,18.35
2019-02-27T18:00+01:00,308.54,36082.03,17623.93,70662.04,18.35
2019-02-27T19:00+01:00,-1371.85,36130.15,21052.01,70702.78,18.35
2019-02-27T20:00+01:00,-5860.67,35033.11,24747.98,67155.48,18.35
2019-02-27T21:00+01:00,-6866.47,32079.33,27826.06,62834.02,18.35
2019-02-27T22:00+01:00,-9494.99,29708.66,29871.08,59491.37,18.35
2019-02-27T23:00+01:00,-11100.37,27495.13,31390.9,55800.26,18.35
2019-02-28T00:00+01:00,-11319.9,25645.2,32574.71,52432.25,18.35
2019-02-28T01:00+01:00,-11879.19,24327.09,34022.4,50430.97,18.35
2019-02-28T02:00+01:00,-12414.28,23402.39,34060.22,49812.32,18.35
2019-02-28T03:00+01:00,-11740.87,23562.27,33726.65,50436.06,18.35
2019-02-28T04:00+01:00,-11168.5,24583.94,32906.67,51789.52,18.35
2019-02-28T05:00+01:00,-10056.33,26533.4,32235.79,54772.51,18.35
2019-02-28T06:00+01:00,-9180.32,29721.45,32915.32,62246.32,18.35
2019-02-28T07:00+01:00,-7244.49,31676.83,32803.47,67321.89,18.35
2019-02-28T08:00+01:00,-7592.26,31729.13,34935.8,68931.17,18.35
2019-02-28T09:00+01:00,-9880.34,30834.13,36998.11,69105.83,18.35
2019-02-28T10:00+01:00,-11093.82,30595.73,38722.24,69028.68,18.35
2019-02-28T11:00+01:00,-12053.22,30445.41,39948.75,69437.54,18.35
2019-02-28T12:00+01:00,-11959.53,30126.66,39848.18,68257.62,18.35
2019-02-28T13:00+01:00,-10239.44,29474.71,40018.07,67121.81,18.35
2019-02-28T14:00+01:00,-8661.31,28850.78,37612.56,66232.76,18.35
2019-02-28T15:00+01:00,-7194.21,29479.46,33658.94,66555.41,18.35
2019-02-28T16:00+01:00,-4443.39,31162.43,28416.67,65757.92,18.35
2019-02-28T17:00+01:00,-31.92,32520.29,24384.86,67405.21,18.35
2019-02-28T18:00+01:00,-940.08,33501.29,22820.85,70480.3,18.35
2019-02-28T19:00+01:00,-1451.25,33797.49,21588.76,69747.76,18.35
2019-02-28T20:00+01:00,-1113.85,33105.85,20585.8,65464.18,18.35
2019-02-28T21:00+01:00,-761.71,31688.1,19363.59,61597.95,18.35
2019-02-28T22:00+01:00,-2745.72,31115.09,18430.09,58229.06,18.35
2019-02-28T23:00+01:00,-5206.79,30206.58,17761.08,53797.77,18.35
2019-03-01T00:00+00:00,-6210.89,29083.31,17105.97,50550.06,18.35
2019-03-01T01:00+01:00,-6032.85,28438.09,16642.09,49010.54,18.35
2019-03-01T02:00+01:00,-5407.48,28314.67,16362.68,48094.69,18.35
2019-03-01T03:00+01:00,-4401.87,27833.02,16238.89,48335.34,18.35
2019-03-01T04:00+01:00,-3008.53,28500.5,16283.81,50021.42,18.35
2019-03-01T05:00+01:00,-3044.39,29845.51,16313.2,53765.8,18.35
2019-03-01T06:00+01:00,-590.04,33222.19,16393.23,61342.62,18.35
2019-03-01T07:00+01:00,-378.96,35001.43,16563.64,66630.01,18.35
2019-03-01T08:00+01:00,-84.17,35792.58,17573.01,69478,18.35
2019-03-01T09:00+01:00,-399.28,35910.69,19405.34,70560.45,18.35
2019-03-01T10:00+01:00,-249.87,36137.44,21051.78,71935.91,18.35
2019-03-01T11:00+01:00,-718.81,36036.15,23160.44,72652.5,20.57
2019-03-01T12:00+01:00,-991.73,36024.02,24020.82,71714.65,21.31
2019-03-01T13:00+01:00,-1727.21,35945.95,23827.26,70183.11,21.31
2019-03-01T14:00+01:00,-3596.25,36011.38,23197.35,68459.03,21.31
2019-03-01T15:00+01:00,-3351.88,35992.18,21369.06,67311.87,21.31
2019-03-01T16:00+01:00,-1072.05,35985.37,19493.66,66381.12,21.31
2019-03-01T17:00+01:00,1113.89,35987.19,18018.59,67058.46,21.31
2019-03-01T18:00+01:00,277.83,35916.12,17105.24,68658.21,21.31
2019-03-01T19:00+01:00,938.55,35995.39,16190.29,67299.04,21.31
2019-03-01T20:00+01:00,-707,35176.42,15294.73,62948.91,21.31
2019-03-01T21:00+01:00,-340.33,34062.18,14860.43,59510.15,21.31
2019-03-01T22:00+01:00,-1921.8,33305.27,14426.6,56844.24,21.31
2019-03-01T23:00+01:00,-4878.47,32335.3,14076.31,53013.11,21.31
2019-03-02T00:00+01:00,-4916.43,30809.27,13649.58,50246.78,21.31
2019-03-02T01:00+01:00,-5583.54,29568.66,13360.04,47974.88,21.31
2019-03-02T02:00+01:00,-4844.91,28747.21,13220.63,47036.2,21.31
2019-03-02T03:00+01:00,-4837.48,28131.83,13014.23,46757.76,21.31
2019-03-02T04:00+01:00,-3998.49,27771.39,13209.27,46715.62,21.31
2019-03-02T05:00+01:00,-5015.62,27862.92,13254.82,46906.58,21.31
2019-03-02T06:00+01:00,-5596.3,28535.13,13406,48341.28,21.31
2019-03-02T07:00+01:00,-4011.89,29216.92,13849.16,51365.12,21.31
2019-03-02T08:00+01:00,-2240.32,29844.15,14891.84,55653.45,21.31
2019-03-02T09:00+01:00,-1674.62,30304.66,16335.88,58707.68,21.31
2019-03-02T10:00+01:00,-996.7,30375.04,17503.95,60193.1,21.31
2019-03-02T11:00+01:00,-1550.6,29944.57,18863.29,60830.08,21.31
2019-03-02T12:00+01:00,-3198.83,29735.01,20539.38,59534.4,21.31
2019-03-02T13:00+01:00,-4001.83,28205.56,21593.54,57361.26,21.31
2019-03-02T14:00+01:00,-5524.16,27305.15,21662.37,55722.24,21.31
2019-03-02T15:00+01:00,-5125.55,26925.35,21141.29,55017,21.31
2019-03-02T16:00+01:00,-3778.64,27003.06,20541.15,55126.54,21.31
2019-03-02T17:00+01:00,-2158.87,27013.68,20841.4,57355.25,21.31
2019-03-02T18:00+01:00,-2635.61,27289.07,23245.49,60854.98,21.31
2019-03-02T19:00+01:00,-5416.93,26693.68,26633.16,60355.77,21.31
2019-03-02T20:00+01:00,-8801.53,23839.29,29638.48,56148.67,21.31
2019-03-02T21:00+01:00,-9176.98,19708.28,32566.23,53004.25,21.31
2019-03-02T22:00+01:00,-9607.79,17520.72,33720.23,51496.35,21.31
2019-03-02T23:00+01:00,-11735.98,14938.25,35654.17,48441.41,21.31
2019-03-03T00:00+01:00,-12530.04,12804.5,37222.23,45629.81,21.31
2019-03-03T01:00+01:00,-13720.18,12214.51,38679.09,43425.93,21.31
2019-03-03T02:00+01:00,-13616.8,11888.01,39356.91,42548.79,21.31
2019-03-03T03:00+01:00,-13608.66,11643.93,40655.97,42671.75,21.31
2019-03-03T04:00+01:00,-13157.14,11742.8,41182.9,43315.41,21.31
2019-03-03T05:00+01:00,-13081.46,11807.73,42135.97,43497.7,21.31
2019-03-03T06:00+01:00,-13453.19,11795,44302.5,43625.27,21.31
2019-03-03T07:00+01:00,-14083.11,11809.62,45529.95,45007.21,21.31
2019-03-03T08:00+01:00,-13485.22,11804.16,47972.56,48675.7,21.31
2019-03-03T09:00+01:00,-13346.31,11692.85,50166.96,51639.84,21.31
2019-03-03T10:00+01:00,-13076.43,11686.56,51727.2,53704.11,21.31
2019-03-03T11:00+01:00,-13480.67,11693.56,52427.14,55830.46,21.31
2019-03-03T12:00+01:00,-13722.33,11832.37,51135.44,55041.27,21.31
2019-03-03T13:00+01:00,-12153.86,12123.86,48690.17,52669.12,21.31
2019-03-03T14:00+01:00,-11657.29,11975.26,46623.6,51171.64,21.31
2019-03-03T15:00+01:00,-11249.17,12066.18,44086.05,51006.34,21.31
2019-03-03T16:00+01:00,-10590.63,12491.96,41052.56,51160.88,21.31
2019-03-03T17:00+01:00,-10420.38,12922.41,40283,53037.47,21.31
2019-03-03T18:00+01:00,-11219.69,13353.92,41442.98,57011.47,21.31
2019-03-03T19:00+01:00,-13703.21,13217.88,43574.63,57061.67,21.31
2019-03-03T20:00+01:00,-14211,12824.88,44857.83,54114.95,21.31
2019-03-03T21:00+01:00,-13906.26,12403.77,44992.43,52433.98,21.31
2019-03-03T22:00+01:00,-14230.77,12052.85,43451.04,51886.26,21.31
2019-03-03T23:00+01:00,-15001.19,11884.56,43480.9,49000.44,21.31
2019-03-04T00:00+01:00,-13268.2,11847.9,43172.68,47310.46,21.31
2019-03-04T01:00+01:00,-13954.52,11640.51,43273.73,45678.42,21.31
2019-03-04T02:00+01:00,-12974.09,11661.52,43674.23,45111.78,21.31
2019-03-04T03:00+01:00,-12550.57,11770.8,43281.3,46274.94,21.31
2019-03-04T04:00+01:00,-11700.82,11984.13,42742.31,47885.18,21.31
2019-03-04T05:00+01:00,-11868.69,13054.5,43468.13,51749.8,21.31
2019-03-04T06:00+01:00,-10485.52,14370.35,45865.91,59274.79,21.31
2019-03-04T07:00+01:00,-11473.21,15263,48184.86,64628.7,21.31
2019-03-04T08:00+01:00,-12966.35,15146.74,50745.04,67943.41,21.31
2019-03-04T09:00+01:00,-13453.85,14729.96,53624.88,68686.87,21.31
2019-03-04T10:00+01:00,-13270.55,14887.47,55774.05,69767.62,21.31
2019-03-04T11:00+01:00,-13289.49,15262.9,57027.46,70773.76,21.31
2019-03-04T12:00+01:00,-12962,16405.8,56590.3,69497.28,21.31
2019-03-04T13:00+01:00,-12215.73,17099.08,55905.72,68562.39,21.31
2019-03-04T14:00+01:00,-11419,17047.72,54991.43,67643.53,21.31
2019-03-04T15:00+01:00,-11185.55,16878.6,53816.27,67224.68,21.31
2019-03-04T16:00+01:00,-11333.06,17343.8,51094.97,65849.46,21.31
2019-03-04T17:00+01:00,-11368.02,18046.69,48917.1,67179.36,21.31
2019-03-04T18:00+01:00,-11719.89,19335.92,48428.67,70079.9,21.31
2019-03-04T19:00+01:00,-11377.67,19628.97,48070.76,69821.57,21.31
2019-03-04T20:00+01:00,-12729.36,18127.91,47446.81,65355.15,21.31
2019-03-04T21:00+01:00,-11953.07,16507.64,47380.64,61712.08,21.31
2019-03-04T22:00+01:00,-10841.68,15543.15,45794.5,58891.43,21.31
2019-03-04T23:00+01:00,-11022.42,15124.28,44736.56,54817.35,21.31
2019-03-05T00:00+01:00,-11169.03,13919.62,44930.15,51977.4,21.31
2019-03-05T01:00+01:00,-11443.56,14029.66,44848.8,50588.13,21.31
2019-03-05T02:00+01:00,-12257.17,13832.83,44460.08,49813.12,21.31
2019-03-05T03:00+01:00,-12176.73,14034.3,44836.95,50229.34,21.31
2019-03-05T04:00+01:00,-11071.35,14530.75,44346.21,51456.01,21.31
2019-03-05T05:00+01:00,-11365.95,15619.38,44243.39,55081.95,21.31
2019-03-05T06:00+01:00,-11674.38,18365.59,44870.69,61545.09,21.31
2019-03-05T07:00+01:00,-12262.05,21344.56,45898.08,66489.92,21.31
2019-03-05T08:00+01:00,-12026.31,21789.01,48111.14,69360.88,21.31
2019-03-05T09:00+01:00,-12119.48,21554,51245.97,70380.44,21.31
2019-03-05T10:00+01:00,-11676.45,20542.61,53426.36,71485.9,21.31
2019-03-05T11:00+01:00,-11941.32,21026.79,54018.25,71919.56,21.31
2019-03-05T12:00+01:00,-10804.69,21106.12,52914.46,71170.59,21.31
2019-03-05T13:00+01:00,-9870.19,21359.76,50668.1,69886.09,21.31
2019-03-05T14:00+01:00,-10268.81,21882.73,47916.99,68715.97,21.31
2019-03-05T15:00+01:00,-8706.88,23125.58,44259.77,67773.13,21.31
2019-03-05T16:00+01:00,-5670.35,23914.84,38587.45,66940.77,21.31
2019-03-05T17:00+01:00,-4097.93,24963.19,32098.09,67626.19,21.31
2019-03-05T18:00+01:00,-1219.07,26341.94,29336.98,70452.82,21.31
2019-03-05T19:00+01:00,872.98,26383.87,29033.51,70135.36,21.31
2019-03-05T20:00+01:00,-1079.65,26092.4,28503.93,66297.56,21.31
2019-03-05T21:00+01:00,-1532.22,25418.2,28093.57,62486.93,21.31
2019-03-05T22:00+01:00,-2722.18,24961.95,27053.11,59641.62,21.31
2019-03-05T23:00+01:00,-4595.85,24095.28,26260.55,55168.24,21.31
2019-03-06T00:00+01:00,-5333.46,22837.87,26175.85,51450.78,21.31
2019-03-06T01:00+01:00,-6591.2,22017.88,25443.82,49421.45,21.31
2019-03-06T02:00+01:00,-5167.85,21361.36,24893.73,48895.56,21.31
2019-03-06T03:00+01:00,-3393.05,21346.92,24664.51,49498.36,21.31
2019-03-06T04:00+01:00,-4748.13,22303.63,24774.37,51400.11,21.31
2019-03-06T05:00+01:00,-4995.13,23868.02,25349.49,54907.86,21.31
2019-03-06T06:00+01:00,-3186.62,25599.26,27313.3,61805.16,21.31
2019-03-06T07:00+01:00,-4075.93,25962.24,30714.74,66634.77,21.31
2019-03-06T08:00+01:00,-6595.37,25674.79,36070.68,69022.18,21.31
2019-03-06T09:00+01:00,-8578.58,24820.29,39747.71,69677.44,21.31
2019-03-06T10:00+01:00,-8858.31,23917.24,43672.65,69554.48,21.31
2019-03-06T11:00+01:00,-9709.97,22612.28,48298.57,70356.05,21.31
2019-03-06T12:00+01:00,-11158.32,20492.69,50541.99,69994.48,21.31
2019-03-06T13:00+01:00,-11435.46,20565.33,49649.09,69595.1,21.31
2019-03-06T14:00+01:00,-10275.57,21523.57,47574.26,68478.23,21.31
2019-03-06T15:00+01:00,-8083.9,21694.77,43826.47,68228.66,21.31
2019-03-06T16:00+01:00,-7087.82,22904.85,40391.81,67199.13,21.31
2019-03-06T17:00+01:00,-5884.82,24305.3,39166.56,68361.92,21.31
2019-03-06T18:00+01:00,-5137.05,24342.16,40316.92,71837.17,21.31
2019-03-06T19:00+01:00,-6369.5,24319.33,40664.07,71631.24,21.31
2019-03-06T20:00+01:00,-7722.21,23962.87,39852.81,67496.31,21.31
2019-03-06T21:00+01:00,-8081.9,21439.52,39061.7,62929.26,21.31
2019-03-06T22:00+01:00,-8910.22,20255.97,37827.27,59480.12,21.31
2019-03-06T23:00+01:00,-9581.08,19215.5,36475.01,55163.7,21.31
2019-03-07T00:00+01:00,-8762.05,17495.72,35060.74,52338.99,21.31
2019-03-07T01:00+01:00,-9226.58,17272.63,34105.6,50108.58,21.31
2019-03-07T02:00+01:00,-7935.82,16982.44,34042.2,48698.8,21.31
2019-03-07T03:00+01:00,-7810.27,16866.57,34489.26,48769.78,21.31
2019-03-07T04:00+01:00,-6904.86,16443.05,35707.34,50170.42,21.31
2019-03-07T05:00+01:00,-7070.61,16949.79,36802.47,53943.3,21.31
2019-03-07T06:00+01:00,-8399.88,19905.76,38363.49,61622.24,21.31
2019-03-07T07:00+01:00,-9840.17,22068.95,40725.05,66607.18,21.31
2019-03-07T08:00+01:00,-10420.27,21720.47,45537.96,69346.9,21.31
2019-03-07T09:00+01:00,-11990.67,20288.15,51224.71,70169.55,21.31
2019-03-07T10:00+01:00,-11086.9,18859.55,54336.5,71567.89,21.31
2019-03-07T11:00+01:00,-11276.89,18458.14,55148.04,72073.92,21.31
2019-03-07T12:00+01:00,-11694.85,17794.11,56026.14,71719.68,21.31
2019-03-07T13:00+01:00,-11082.2,17863.98,56227.04,70667.66,21.31
2019-03-07T14:00+01:00,-10055.32,17368.35,55924.31,69803.33,21.31
2019-03-07T15:00+01:00,-10377.1,17310.27,54498.5,69188.35,21.31
2019-03-07T16:00+01:00,-10048.11,17797.86,51380.34,67858.09,21.31
2019-03-07T17:00+01:00,-9256.24,19854.28,46455.09,68263.2,21.31
2019-03-07T18:00+01:00,-9698.05,21211.91,45408.36,71341.7,21.31
2019-03-07T19:00+01:00,-10494.98,21535.54,46133.31,71920.09,21.31
2019-03-07T20:00+01:00,-11553.34,20210.82,47859.92,67821.57,21.31
2019-03-07T21:00+01:00,-12234.43,18135.06,49753.17,63685.86,21.31
2019-03-07T22:00+01:00,-12895.23,16502.48,49161.07,60289.13,21.31
2019-03-07T23:00+01:00,-12451.24,14683.25,49568.56,56393.13,21.31
2019-03-08T00:00+01:00,-13154.31,14019.15,49589.57,53334.44,21.31
2019-03-08T01:00+01:00,-13946.31,13812.29,49235.1,50978.67,21.31
2019-03-08T02:00+01:00,-13917.61,13804.52,49624.3,49912.8,21.31
2019-03-08T03:00+01:00,-13336.06,13828.32,49752.96,50942.02,21.31
2019-03-08T04:00+01:00,-13955.77,14258.12,48962.27,52529.91,21.31
2019-03-08T05:00+01:00,-13893.03,15875.85,48612.57,55704.72,21.31
2019-03-08T06:00+01:00,-14724.07,18922.09,49564.17,62379.26,21.31
2019-03-08T07:00+01:00,-13755.74,20497.71,50242.47,66822.33,21.31
2019-03-08T08:00+01:00,-12940.89,20434.39,52182.98,69370.72,21.31
2019-03-08T09:00+01:00,-11958.34,19270.1,52869.05,70239,21.31
2019-03-08T10:00+01:00,-11626.35,18903.89,54168.23,70852.73,21.31
2019-03-08T11:00+01:00,-11502.42,19053.16,55167.22,71365.41,22.49
2019-03-08T12:00+01:00,-12599.7,19231.81,54938.56,70460.62,22.88
2019-03-08T13:00+01:00,-11804.93,19194.02,52525.31,68809.58,22.88
2019-03-08T14:00+01:00,-10840.88,19537.03,49459.59,66632.64,22.88
2019-03-08T15:00+01:00,-9063.69,20973.12,44999.1,65376.88,22.88
2019-03-08T16:00+01:00,-7758.18,22085.98,38870.16,64361.84,22.88
2019-03-08T17:00+01:00,-1321.13,22521.78,32336.78,65083.13,22.88
2019-03-08T18:00+01:00,228.6,22425.76,29771.58,67574.56,22.88
2019-03-08T19:00+01:00,-366.78,22376.2,29377.83,67448.88,22.88
2019-03-08T20:00+01:00,-1518.71,21522.67,30243.43,63437.48,22.88
2019-03-08T21:00+01:00,-4774.01,20770.67,32415.38,59775.24,22.88
2019-03-08T22:00+01:00,-9536.73,19757.44,34524.31,56890.78,22.88
2019-03-08T23:00+01:00,-11147.6,17638.65,36680.65,53077.83,22.88
2019-03-09T00:00+01:00,-12495.38,14402.28,39148.37,50418.84,22.88
2019-03-09T01:00+01:00,-13077.92,12659.93,41078.67,48400.57,22.88
2019-03-09T02:00+01:00,-13892.05,11839.85,42637.04,47107.45,22.88
2019-03-09T03:00+01:00,-13599.48,11527.13,44450.86,47370.72,22.88
2019-03-09T04:00+01:00,-12149.93,11652.82,45981.58,47947.5,22.88
2019-03-09T05:00+01:00,-12706.17,11887.16,47754.32,48548.6,22.88
2019-03-09T06:00+01:00,-13894.13,12028.26,48788.18,49694.87,22.88
2019-03-09T07:00+01:00,-15644.5,11915.72,49438.55,52580.72,22.88
2019-03-09T08:00+01:00,-15431.55,11854.49,51468.93,56113.23,22.88
2019-03-09T09:00+01:00,-13699.81,12200.79,53583.99,58857.49,22.88
2019-03-09T10:00+01:00,-13708.13,12165.31,55955.29,60236.41,22.88
2019-03-09T11:00+01:00,-13628.47,12132.33,56650.22,61099.5,22.88
2019-03-09T12:00+01:00,-13151.3,12090.07,56624.59,59867.3,22.88
2019-03-09T13:00+01:00,-13576.31,12103.09,55173.19,58434.81,22.88
2019-03-09T14:00+01:00,-12741.42,12043.49,52554.78,57062.28,22.88
2019-03-09T15:00+01:00,-11271.08,12065.28,49165.35,56369.26,22.88
2019-03-09T16:00+01:00,-11037.68,12920.07,46859.04,56407.56,22.88
2019-03-09T17:00+01:00,-11345.25,14133.02,45319.43,57283.92,22.88
2019-03-09T18:00+01:00,-12576.61,14599.99,45157.16,60056.73,22.88
2019-03-09T19:00+01:00,-13634.62,14165.44,46410.47,59894.57,22.88
2019-03-09T20:00+01:00,-14207.61,12658.42,47356.42,56266.08,22.88
2019-03-09T21:00+01:00,-13718.89,12511.15,47595.04,53441.71,22.88
2019-03-09T22:00+01:00,-13187.89,12564.71,45753.97,51300.58,22.88
2019-03-09T23:00+01:00,-12662.16,12342.84,45396.28,48436.67,22.88
2019-03-10T00:00+01:00,-15083.96,12221.44,43191.89,45639.62,22.88
2019-03-10T01:00+01:00,-14444.41,11908.81,41257.24,43279.96,22.88
2019-03-10T02:00+01:00,-11755.12,11669.94,38292.84,42617.96,22.88
2019-03-10T03:00+01:00,-11116.93,11608.17,36130.27,42088.69,22.88
2019-03-10T04:00+01:00,-9763.22,11751.38,33292.58,41896.94,22.88
2019-03-10T05:00+01:00,-7429.83,12071.09,29905.26,41811.72,22.88
2019-03-10T06:00+01:00,-6342.51,12505.49,27106.96,41590.21,22.88
2019-03-10T07:00+01:00,-5729.01,13769.83,25257.16,42959.38,22.88
2019-03-10T08:00+01:00,-3759.53,14886.93,25547.34,46756.17,22.88
2019-03-10T09:00+01:00,-2867.84,15062.37,27224.83,50656.14,22.88
2019-03-10T10:00+01:00,-2612.56,14882.99,28497.07,53652.27,22.88
2019-03-10T11:00+01:00,-2420.89,14956.49,28880.81,55656.44,22.88
2019-03-10T12:00+01:00,-3693.49,15452.83,29732.74,55176.6,22.88
2019-03-10T13:00+01:00,-3989.45,15202.69,30622.95,53699.24,22.88
2019-03-10T14:00+01:00,-4039.79,14520.49,30879.28,52980.83,22.88
2019-03-10T15:00+01:00,-4239.87,14646.65,30338.93,52638.62,22.88
2019-03-10T16:00+01:00,-3923.7,15159.73,29209.67,51950.4,22.88
2019-03-10T17:00+01:00,-3956.06,15927.68,29449.39,53263.42,22.88
2019-03-10T18:00+01:00,-4889.72,16019.95,31491.18,56917.98,22.88
2019-03-10T19:00+01:00,-7245.7,16370.96,33306.33,57406.44,22.88
2019-03-10T20:00+01:00,-8488.72,15708.76,35097.27,55219.56,22.88
2019-03-10T21:00+01:00,-8969.4,14879.37,37091.77,53787.8,22.88
2019-03-10T22:00+01:00,-9381.21,14620.91,37162.22,53292.58,22.88
2019-03-10T23:00+01:00,-9472.85,13831.21,37399.66,50371.87,22.88
2019-03-11T00:00+01:00,-8796.2,12957.08,38255.73,48703.87,22.88
2019-03-11T01:00+01:00,-8429.39,12510.94,37773.06,47033.58,22.88
2019-03-11T02:00+01:00,-8991.8,12287.5,38321.27,46649.68,22.88
2019-03-11T03:00+01:00,-8309.33,12143.32,38367.89,47149.09,22.88
2019-03-11T04:00+01:00,-7557.32,12854.36,37860.2,48995.63,22.88
2019-03-11T05:00+01:00,-7073.83,15062.42,36580.19,52820.81,22.88
2019-03-11T06:00+01:00,-6641.44,18892.53,36253.31,61104.72,22.88
2019-03-11T07:00+01:00,-6144.84,20749.7,37074.89,66546.3,22.88
2019-03-11T08:00+01:00,-6535.08,21276.36,38260.41,69425.62,22.88
2019-03-11T09:00+01:00,-6764.58,21598.84,40014.63,70226.67,22.88
2019-03-11T10:00+01:00,-5268.34,21510.65,42997.32,71271.81,22.88
2019-03-11T11:00+01:00,-6400.39,21334.08,45308.32,71894.3,22.88
2019-03-11T12:00+01:00,-7951.28,20940.29,46305.2,71689.59,22.88
2019-03-11T13:00+01:00,-6180.57,20775.07,45546.94,71036.45,22.88
2019-03-11T14:00+01:00,-6647.52,20047.41,44385.68,69688.49,22.88
2019-03-11T15:00+01:00,-6011.22,20181.92,42256.86,68480.45,22.88
2019-03-11T16:00+01:00,-5528.43,20518.3,39173.82,67276.35,22.88
2019-03-11T17:00+01:00,-3341.39,22132.67,35302.44,68030.19,22.88
2019-03-11T18:00+01:00,-285.56,22761.19,33351.62,70429.86,22.88
2019-03-11T19:00+01:00,-2559.78,23201.07,32516.27,71004.72,22.88
2019-03-11T20:00+01:00,-3898.06,23063.66,31021.58,66578.68,22.88
2019-03-11T21:00+01:00,-2125.02,22694.94,29705.79,62711.66,22.88
2019-03-11T22:00+01:00,-2826.61,22219.99,27466.94,59744.02,22.88
2019-03-11T23:00+01:00,-3855.38,21481.4,26311.78,55683.63,22.88
2019-03-12T00:00+01:00,-3873.12,20933.26,25287.08,52556,22.88
2019-03-12T01:00+01:00,-4853,20893.84,24188.95,50318.26,22.88
2019-03-12T02:00+01:00,-4267.49,20371.96,23379.55,49470.5,22.88
2019-03-12T03:00+01:00,-2794.57,20428.77,23599.81,50562.19,22.88
2019-03-12T04:00+01:00,-1587.68,20648.04,24420.28,52210.17,22.88
2019-03-12T05:00+01:00,-2483.66,21187.38,25866.12,55596.77,22.88
2019-03-12T06:00+01:00,-466.64,22543.79,28296.83,62894.26,22.88
2019-03-12T07:00+01:00,-3436.67,22923.01,31199.54,67648.63,22.88
2019-03-12T08:00+01:00,-4361.6,22844.02,35657.19,69886.53,22.88
2019-03-12T09:00+01:00,-7352.41,22320.79,41116.89,70275.87,22.88
2019-03-12T10:00+01:00,-9083.97,20928.94,47381.43,70675.81,22.88
2019-03-12T11:00+01:00,-10524.36,19384.85,52151.21,71070.77,22.88
2019-03-12T12:00+01:00,-12668.14,18088.71,54793.54,70502.84,22.88
2019-03-12T13:00+01:00,-11961.31,17064.55,56513.7,70401.64,22.88
2019-03-12T14:00+01:00,-11150.39,16662.12,55283.04,69426.72,22.88
2019-03-12T15:00+01:00,-10840.51,17351.75,51476.17,69163.72,22.88
2019-03-12T16:00+01:00,-9488.33,18818.57,46352.6,67889.63,22.88
2019-03-12T17:00+01:00,-9095.71,20620.14,43720.99,69035.49,22.88
2019-03-12T18:00+01:00,-9275.8,21626.74,45194.05,71919.74,22.88
2019-03-12T19:00+01:00,-11516.22,21333.7,47798.59,72394.82,22.88
2019-03-12T20:00+01:00,-12378.24,19478.37,48986.49,68106.27,22.88
2019-03-12T21:00+01:00,-12009.1,17104.35,49525.08,63939.15,22.88
2019-03-12T22:00+01:00,-12344.01,15387.8,47781.56,60689.7,22.88
2019-03-12T23:00+01:00,-11512.84,13960.36,47206.28,56700.03,22.88
2019-03-13T00:00+01:00,-11389.62,13389.66,46531.33,53020.78,22.88
2019-03-13T01:00+01:00,-11924.39,13280.71,45678.8,51288.13,22.88
2019-03-13T02:00+01:00,-12281.48,13211.56,45368.03,50794.32,22.88
2019-03-13T03:00+01:00,-12510.43,13242.17,46091.86,51532.95,22.88
2019-03-13T04:00+01:00,-11690,13463.38,45739.33,53351.63,22.88
2019-03-13T05:00+01:00,-12345.43,14704.41,45689.28,56733.4,22.88
2019-03-13T06:00+01:00,-13109.3,16773.91,47131.65,64162.55,22.88
2019-03-13T07:00+01:00,-14069.62,18181.42,48478.87,68931.73,22.88
2019-03-13T08:00+01:00,-13562.31,18188.97,52957.84,70832.61,22.88
2019-03-13T09:00+01:00,-13536.84,16424.32,56850.5,71565.89,22.88
2019-03-13T10:00+01:00,-13756.5,15461.73,58190.4,72612.16,22.88
2019-03-13T11:00+01:00,-12432.64,15892.13,58773.95,72912.13,22.88
2019-03-13T12:00+01:00,-11303.71,15706.83,58736.28,72861.55,22.88
2019-03-13T13:00+01:00,-10815.25,15698.63,58789.71,72602.54,22.88
2019-03-13T14:00+01:00,-12156.68,15696.54,57055.68,71330.5,22.88
2019-03-13T15:00+01:00,-11732.15,16342.59,54496.96,70370.32,22.88
2019-03-13T16:00+01:00,-11462.38,17193.13,51273.68,69501.4,22.88
2019-03-13T17:00+01:00,-11274.71,18595.69,47888.33,69984.16,22.88
2019-03-13T18:00+01:00,-11701.62,19261.7,47734.27,71940.56,22.88
2019-03-13T19:00+01:00,-11587.83,19471.06,48165.79,72325.94,22.88
2019-03-13T20:00+01:00,-13938.6,18588.23,47661.74,68081.07,22.88
2019-03-13T21:00+01:00,-14051.99,17376.34,46624.98,64340.46,22.88
2019-03-13T22:00+01:00,-13626.57,16381.61,45006.28,60897.11,22.88
2019-03-13T23:00+01:00,-13877.22,15411.46,44301.36,57048.04,22.88
2019-03-14T00:00+01:00,-12505.22,13543.9,43119.85,53863.18,22.88
2019-03-14T01:00+01:00,-12263.77,13454.32,41787.78,51697.96,22.88
2019-03-14T02:00+01:00,-11795.83,13441.95,41344.1,50775.14,22.88
2019-03-14T03:00+01:00,-10046.99,13327.56,40974.98,51257.66,22.88
2019-03-14T04:00+01:00,-9159.52,13547.99,41169.01,52655.03,22.88
2019-03-14T05:00+01:00,-9550.49,14951.15,40971.61,56216.29,22.88
2019-03-14T06:00+01:00,-9604.48,17120.06,41553.92,63306.13,22.88
2019-03-14T07:00+01:00,-8700.7,18638.97,42185.33,68545.87,22.88
2019-03-14T08:00+01:00,-8952.32,18973.05,45043.71,71101.61,22.88
2019-03-14T09:00+01:00,-10144.38,18482.71,48168.71,72252.43,22.88
2019-03-14T10:00+01:00,-9461.05,18218.13,49932.67,73393.54,22.88
2019-03-14T11:00+01:00,-9201.35,18331.45,51044.52,74350.25,22.88
2019-03-14T12:00+01:00,-10107.92,18307.86,50789.3,74068.99,22.88
2019-03-14T13:00+01:00,-9590.8,18580.75,49927.86,73450.95,22.88
2019-03-14T14:00+01:00,-9605.06,18905.57,48550.38,71980.21,22.88
2019-03-14T15:00+01:00,-9734.48,18876.9,48104.61,71149.96,22.88
2019-03-14T16:00+01:00,-9805.26,19147.21,47044.13,70099.13,22.88
2019-03-14T17:00+01:00,-9591.24,19011.81,46535.92,70379.79,22.88
2019-03-14T18:00+01:00,-10326.68,18994.7,46076.01,71733.91,22.88
2019-03-14T19:00+01:00,-11198.54,19321.24,45331.43,71583.43,22.88
2019-03-14T20:00+01:00,-11124.4,18851.65,44095.06,67210.05,22.88
2019-03-14T21:00+01:00,-10505.63,17783.01,43938.19,63368.18,22.88
2019-03-14T22:00+01:00,-11564.03,16514.28,43572.9,60435.34,22.88
2019-03-14T23:00+01:00,-11990.49,15198.57,44032.79,56474.43,22.88
2019-03-15T00:00+01:00,-12365.53,14889.3,44031.97,53004.36,22.88
2019-03-15T01:00+01:00,-13108.66,14531.46,43743.28,50948.08,22.88
2019-03-15T02:00+01:00,-12038.91,13846.67,42819.61,50238.63,22.88
2019-03-15T03:00+01:00,-10242.78,13304.91,41468.11,50759.02,22.88
2019-03-15T04:00+01:00,-8801.47,13533.47,40187.13,52210.82,22.88
2019-03-15T05:00+01:00,-7548.2,15180.84,39379.47,55363.79,22.88
2019-03-15T06:00+01:00,-7165.72,18352.65,38527.06,62108.84,22.88
2019-03-15T07:00+01:00,-7200.95,20160.13,37969.85,67365.6,22.88
2019-03-15T08:00+01:00,-6289.07,20199.73,39681.35,70198.6,22.88
2019-03-15T09:00+01:00,-5283.07,20089.16,41996.98,71186.84,22.88
2019-03-15T10:00+01:00,-6243.59,20111.38,44372.49,72343.88,22.88
2019-03-15T11:00+01:00,-7911.56,19758.97,48111.22,73497.54,22.8
2019-03-15T12:00+01:00,-9154.88,18960.94,50805.88,73239.61,22.77
2019-03-15T13:00+01:00,-9245.93,17327.15,52607.67,72151.52,22.77
2019-03-15T14:00+01:00,-9873.9,15995.28,53323,70404.48,22.77
2019-03-15T15:00+01:00,-10870.64,15765.09,53455.07,69367.9,22.77
2019-03-15T16:00+01:00,-10629.52,15737.5,52825.76,68580.28,22.77
2019-03-15T17:00+01:00,-11280.17,16255.75,51631.1,68651.5,22.77
2019-03-15T18:00+01:00,-10908.11,17267.01,51916.96,69551.25,22.77
2019-03-15T19:00+01:00,-12692.9,17817.16,51942.7,69654.78,22.77
2019-03-15T20:00+01:00,-13135.38,16232.86,50706.5,64751.8,22.77
2019-03-15T21:00+01:00,-12855.49,14872.58,49973.21,61105.08,22.77
2019-03-15T22:00+01:00,-12309.92,13701.62,48203.3,58246.65,22.77
2019-03-15T23:00+01:00,-14461.14,13096.02,47808.76,54610.95,22.77
2019-03-16T00:00+01:00,-13361.5,11770.86,47229.89,51305.93,22.77
2019-03-16T01:00+01:00,-13405.97,11798.03,46087,49006.77,22.77
2019-03-16T02:00+01:00,-12931.6,11729.37,44609.48,47564.24,22.77
2019-03-16T03:00+01:00,-11227.49,11510.2,43063.34,47236.5,22.77
2019-03-16T04:00+01:00,-9754.89,11338.26,40400.3,47560.26,22.77
2019-03-16T05:00+01:00,-9164.45,11318.34,37765.14,47636.66,22.77
2019-03-16T06:00+01:00,-8391.02,11885.22,35749.44,48189.9,22.77
2019-03-16T07:00+01:00,-7196.54,12949.62,34069.57,50817.33,22.77
2019-03-16T08:00+01:00,-7884.66,13775.9,34619.44,54615.3,22.77
2019-03-16T09:00+01:00,-7457.8,13493.05,37182.27,57492.51,22.77
2019-03-16T10:00+01:00,-8107.81,12951.32,38969.07,59344.43,22.77
2019-03-16T11:00+01:00,-8810.72,12780.85,41183.84,60468.63,22.77
2019-03-16T12:00+01:00,-10623.81,12713.09,42525.85,59767.34,22.77
2019-03-16T13:00+01:00,-10899.43,12483.94,44210.02,58491.53,22.77
2019-03-16T14:00+01:00,-10626.38,11883.8,45780.05,57378.68,22.77
2019-03-16T15:00+01:00,-10406.95,11670.57,46315.44,56510.45,22.77
2019-03-16T16:00+01:00,-9779.79,11870.95,45509.57,56004.71,22.77
2019-03-16T17:00+01:00,-10829.64,12196.17,43869.85,56691.04,22.77
2019-03-16T18:00+01:00,-11195.67,12159.32,43279.14,59080.36,22.77
2019-03-16T19:00+01:00,-10778.95,11849.28,43668.66,60017.27,22.77
2019-03-16T20:00+01:00,-11527.32,11073.32,44522.52,56499.24,22.77
2019-03-16T21:00+01:00,-11822.57,10669.67,45555.81,53804.31,22.77
2019-03-16T22:00+01:00,-11782.29,10279.94,44287.87,52108.07,22.77
2019-03-16T23:00+01:00,-13690.42,10122.04,43703.59,48961.28,22.77
2019-03-17T00:00+01:00,-15015.67,9906.84,41505.46,45582.99,22.77
2019-03-17T01:00+01:00,-14841.87,9901.52,40348.46,43796.3,22.77
2019-03-17T02:00+01:00,-14387.57,9884.84,39551.07,42929.18,22.77
2019-03-17T03:00+01:00,-12985.4,9922.62,39383.25,42892.62,22.77
2019-03-17T04:00+01:00,-13345.01,9981.63,39956.35,43385.4,22.77
2019-03-17T05:00+01:00,-13894.87,10021.18,40598.19,43259.4,22.77
2019-03-17T06:00+01:00,-14104.14,10108.07,41333.03,43076.5,22.77
2019-03-17T07:00+01:00,-14615.55,10071.82,43511.27,45007.77,22.77
2019-03-17T08:00+01:00,-15478.14,10181.11,48114.56,48224.8,22.77
2019-03-17T09:00+01:00,-16062.42,10222.14,53158.31,51471.52,22.77
2019-03-17T10:00+01:00,-15549.64,10063.75,56012.08,53398.28,22.77
2019-03-17T11:00+01:00,-15216.51,10226.06,56558.93,55733.49,22.77
2019-03-17T12:00+01:00,-15151.09,10081.72,55286.04,54757.78,22.77
2019-03-17T13:00+01:00,-12901.97,10308.13,52773.31,53425.6,22.77
2019-03-17T14:00+01:00,-12389.75,10294.69,49068.62,52231.22,22.77
2019-03-17T15:00+01:00,-11108.74,10380.61,46041.73,51733.58,22.77
2019-03-17T16:00+01:00,-9417.14,10664.34,41578.44,52360.87,22.77
2019-03-17T17:00+01:00,-8650.85,11739.71,38016.84,53687.82,22.77
2019-03-17T18:00+01:00,-9317.9,14016.65,37256.53,56268.92,22.77
2019-03-17T19:00+01:00,-10841.15,14679.14,37096.58,57584.88,22.77
2019-03-17T20:00+01:00,-10996.59,14636.91,38096.24,55126.8,22.77
2019-03-17T21:00+01:00,-9745.96,13043.1,39379.78,53334.12,22.77
2019-03-17T22:00+01:00,-10228.24,13216.22,40156.55,53571.37,22.77
2019-03-17T23:00+01:00,-11170.96,12251.3,41310.74,50681.92,22.77
2019-03-18T00:00+01:00,-10770.77,12543.2,41636.68,48196.36,22.77
2019-03-18T01:00+01:00,-11060.39,12705.98,41509.59,47160.07,22.77
2019-03-18T02:00+01:00,-11322.09,13199.16,41118.29,46695.63,22.77
2019-03-18T03:00+01:00,-10474.21,13421.24,40650.37,47405.14,22.77
2019-03-18T04:00+01:00,-11026.01,14344.1,40355.77,49179.76,22.77
2019-03-18T05:00+01:00,-10401.12,15801.99,40203.83,52679.9,22.77
2019-03-18T06:00+01:00,-10104.68,18550.83,41431.83,60325.61,22.77
2019-03-18T07:00+01:00,-8270.98,20485.11,42182.59,65967.22,22.77
2019-03-18T08:00+01:00,-9492.28,20630.7,45741.4,68792.66,22.77
2019-03-18T09:00+01:00,-11425.01,20392.81,49198.9,69040.72,22.77
2019-03-18T10:00+01:00,-11053.73,20000.53,51770.37,69695.87,22.77
2019-03-18T11:00+01:00,-12274.83,20141.67,52810.31,70765.87,22.77
2019-03-18T12:00+01:00,-12166.07,20887.97,52768.62,70437.39,22.77
2019-03-18T13:00+01:00,-11530.14,21073.84,51609.29,69215.81,22.77
2019-03-18T14:00+01:00,-11200.55,21583.74,50295.49,68295.48,22.77
2019-03-18T15:00+01:00,-9412.79,21819.05,48267.75,67526.29,22.77
2019-03-18T16:00+01:00,-10189.46,23133.09,44028.51,66115.04,22.77
2019-03-18T17:00+01:00,-8170.78,24664.81,38281.76,66307.9,22.77
2019-03-18T18:00+01:00,-5254.98,25539,35060.64,68244.38,22.77
2019-03-18T19:00+01:00,-5475.79,26668.49,33326.77,70156.88,22.77
2019-03-18T20:00+01:00,-4762.23,26941.18,31535.3,65999.3,22.77
2019-03-18T21:00+01:00,-6576.8,26736.2,30754.49,62376.13,22.77
2019-03-18T22:00+01:00,-6777.17,26568.06,29298.11,58957.11,22.77
2019-03-18T23:00+01:00,-8816.45,25498.79,27730.09,54555.38,22.77
2019-03-19T00:00+01:00,-7994.9,25950.99,26442.09,51795.45,22.77
2019-03-19T01:00+01:00,-7881.28,25967.93,24957.01,50523.34,22.77
2019-03-19T02:00+01:00,-6901.2,26368.38,23709.63,49805.76,22.77
2019-03-19T03:00+01:00,-4748.55,26569.24,22926.84,50476.97,22.77
2019-03-19T04:00+01:00,-4450.28,28047.58,21663.08,52356.52,22.77
2019-03-19T05:00+01:00,-4149.09,29903.65,20953.4,56173.52,22.77
2019-03-19T06:00+01:00,-1999.17,32606.49,20809.55,63129.08,22.77
2019-03-19T07:00+01:00,-4616.99,34767.27,21552.54,67489.62,22.77
2019-03-19T08:00+01:00,-6722.76,35388.65,24612.13,68943.9,22.77
2019-03-19T09:00+01:00,-8120.51,35349.91,29685.75,68939.18,22.77
2019-03-19T10:00+01:00,-9850.31,35210.51,33058.05,69743.51,22.77
2019-03-19T11:00+01:00,-10147.94,34849.74,33011.83,70543.9,22.77
2019-03-19T12:00+01:00,-8922.94,34782.03,31957.06,69463.9,22.77
2019-03-19T13:00+01:00,-7364.52,34580.21,31234.62,68757.62,22.77
2019-03-19T14:00+01:00,-7195.36,34748.95,29265.97,68202.28,22.77
2019-03-19T15:00+01:00,-6094.11,35578.3,25584.51,67099.74,22.77
2019-03-19T16:00+01:00,-3245.16,36044.88,20115.33,66023.14,22.77
2019-03-19T17:00+01:00,595.48,37165.1,14161.26,66449.55,22.77
2019-03-19T18:00+01:00,2920.34,37715.25,11167.69,68496.47,22.77
2019-03-19T19:00+01:00,3477.55,37659.5,11362.98,70581.32,22.77
2019-03-19T20:00+01:00,1079.22,37269.2,11557.18,66664.94,22.77
2019-03-19T21:00+01:00,2195.61,36002.5,12111.93,62932.15,22.77
2019-03-19T22:00+01:00,236.91,34332.62,13031.38,59938.61,22.77
2019-03-19T23:00+01:00,-1701.41,32184.2,14300.86,56149.34,22.77
2019-03-20T00:00+01:00,-3767.7,30867.73,15568.48,52963.24,22.77
2019-03-20T01:00+01:00,-4182.91,29619.63,17071.38,51401.61,22.77
2019-03-20T02:00+01:00,-4044.23,28651.86,18342.27,50741.17,22.77
2019-03-20T03:00+01:00,-3918.17,28559.98,19232.7,51371.42,22.77
2019-03-20T04:00+01:00,-4120.88,29043.34,20139.8,52906.46,22.77
2019-03-20T05:00+01:00,-5949.56,30889.61,21412.81,56947.7,22.77
2019-03-20T06:00+01:00,-4595.4,33060.66,22883.67,63551.75,22.77
2019-03-20T07:00+01:00,-4943.73,33570.01,26858.84,68044.51,22.77
2019-03-20T08:00+01:00,-7691.84,33522.26,31900.74,69949.34,22.77
2019-03-20T09:00+01:00,-11985.19,33198.44,35934.97,69887.3,22.77
2019-03-20T10:00+01:00,-12648.25,32423.61,38485.6,69990.09,22.77
2019-03-20T11:00+01:00,-12756.03,31806.04,40357,70135.03,22.77
2019-03-20T12:00+01:00,-11707.53,31088.48,40242.39,69711.4,22.77
2019-03-20T13:00+01:00,-10904.46,30554.67,38598.78,69588.99,22.77
2019-03-20T14:00+01:00,-8152.25,30476.64,35661.8,68207.59,22.77
2019-03-20T15:00+01:00,-6953.35,31336.19,31500.17,66807.12,22.77
2019-03-20T16:00+01:00,-3899.55,32111.17,25298.18,65638.07,22.77
2019-03-20T17:00+01:00,545.67,33116.8,18870.18,66152.89,22.77
2019-03-20T18:00+01:00,2739.49,33649.22,16354.39,68513.52,22.77
2019-03-20T19:00+01:00,1699.24,34128.85,16638.27,70588.89,22.77
2019-03-20T20:00+01:00,1041.76,33689.3,16513.62,66645.55,22.77
2019-03-20T21:00+01:00,-1025.4,33298.02,16494.13,62874.77,22.77
2019-03-20T22:00+01:00,-2274.19,32473.42,16568.73,59627.66,22.77
2019-03-20T23:00+01:00,-4402.31,31140.85,16529.83,54937.35,22.77
2019-03-21T00:00+01:00,-4691.23,29502.13,16656,51609.86,22.77
2019-03-21T01:00+01:00,-4626.99,28627.44,16806.76,49703.48,22.77
2019-03-21T02:00+01:00,-4643.32,27854.09,17208.4,48860.74,22.77
2019-03-21T03:00+01:00,-4444.29,27981.76,17577.66,49946.95,22.77
2019-03-21T04:00+01:00,-4470.94,29246.1,17944.36,51339.31,22.77
2019-03-21T05:00+01:00,-5401.97,31076.87,18572.87,55596.58,22.77
2019-03-21T06:00+01:00,-2743.32,33232.88,19560.62,62763.61,22.77
2019-03-21T07:00+01:00,-4776.06,34157.06,23476.15,67679.96,22.77
2019-03-21T08:00+01:00,-6825.5,34062.95,29450.37,69743.13,22.77
2019-03-21T09:00+01:00,-11417.87,33025.25,35224.15,69615.27,22.77
2019-03-21T10:00+01:00,-12842.02,30981.85,40026.59,69582.68,22.77
2019-03-21T11:00+01:00,-13323.57,29947.76,42884.27,70673.26,22.77
2019-03-21T12:00+01:00,-13767.07,29513.96,42942.86,70454.02,22.77
2019-03-21T13:00+01:00,-11655.34,29575.73,41341.47,69356.35,22.77
2019-03-21T14:00+01:00,-9739.12,29047.4,38083.28,67809.94,22.77
2019-03-21T15:00+01:00,-7769.87,29979.54,32424.28,66628.13,22.77
2019-03-21T16:00+01:00,-5115.77,32679.39,24969.58,64862.31,22.77
2019-03-21T17:00+01:00,-375.08,35039.61,18393.08,65787.68,22.77
2019-03-21T18:00+01:00,1717.45,35995.47,15195.25,68244.61,22.77
2019-03-21T19:00+01:00,727.38,36315.8,14819.48,70564.89,22.77
2019-03-21T20:00+01:00,1226.62,36142.15,13842.14,66526.51,22.77
2019-03-21T21:00+01:00,718.84,35635.51,13198.38,62353.12,22.77
2019-03-21T22:00+01:00,-1146.97,34832.04,12900.83,58861.84,22.77
2019-03-21T23:00+01:00,-2419.03,32733.43,12681.25,54596.09,22.77
2019-03-22T00:00+01:00,-2997.84,31438.34,12255.92,50937.34,22.77
2019-03-22T01:00+01:00,-2937.42,30923.96,11957.45,49099.23,22.77
2019-03-22T02:00+01:00,-2796.25,30901.06,11708.92,48133,22.77
2019-03-22T03:00+01:00,-2126.49,31037.85,11211.23,48781.57,22.77
2019-03-22T04:00+01:00,-1509.74,31534.12,10847.05,50276.22,22.77
2019-03-22T05:00+01:00,-1876.15,33488.38,10834.33,54455.04,22.77
2019-03-22T06:00+01:00,445.79,34796.74,11604.78,61421.12,22.77
2019-03-22T07:00+01:00,-1385.12,35304.98,15143.46,66270.57,22.77
2019-03-22T08:00+01:00,-4267.33,35346.76,20646.02,68266.31,22.77
2019-03-22T09:00+01:00,-6782.41,35270.64,26092.93,68174.93,22.77
2019-03-22T10:00+01:00,-8516.03,34404.75,30822.37,68334.33,22.77
2019-03-22T11:00+01:00,-8947.39,32919.24,33904.93,68449.99,21.17
2019-03-22T12:00+01:00,-9125.28,31048.05,34551.4,67417.5,20.64
2019-03-22T13:00+01:00,-8193.04,30940.41,33383.66,66159.76,20.64
2019-03-22T14:00+01:00,-6867.91,30725.38,30754.93,64536.87,20.64
2019-03-22T15:00+01:00,-4511,31087.56,26154.96,63449.64,20.64
2019-03-22T16:00+01:00,-1429.55,32245.56,19938.69,62030.48,20.64
2019-03-22T17:00+01:00,2291.02,33446.62,14055.7,62878.57,20.64
2019-03-22T18:00+01:00,3620.41,33907.86,12905.96,64643.9,20.64
2019-03-22T19:00+01:00,2244.46,34038.39,15221.82,66630.64,20.64
2019-03-22T20:00+01:00,438.65,33215.61,16864.92,63084.72,20.64
2019-03-22T21:00+01:00,-4179.01,32341.66,18238.84,59173.76,20.64
2019-03-22T22:00+01:00,-5501.01,31241.64,19073.07,55890.28,20.64
2019-03-22T23:00+01:00,-5956.41,29389.52,19462.93,52057.52,20.64
2019-03-23T00:00+01:00,-6735.76,27036.11,19274,48727.18,20.64
2019-03-23T01:00+01:00,-6585.38,25711.33,18518.38,46357.5,20.64
2019-03-23T02:00+01:00,-6541.32,25387,17451.51,45117.82,20.64
2019-03-23T03:00+01:00,-5961.45,25333.95,16550.12,45364.01,20.64
2019-03-23T04:00+01:00,-5298.18,25496.45,16094.06,45584.63,20.64
2019-03-23T05:00+01:00,-5594.9,26247.55,15500.97,46229.96,20.64
2019-03-23T06:00+01:00,-5667.96,26774.62,15399.35,46987.27,20.64
2019-03-23T07:00+01:00,-7263.38,27185.64,18583.32,50231.57,20.64
2019-03-23T08:00+01:00,-9473.43,27013.83,23601.32,54009.1,20.64
2019-03-23T09:00+01:00,-10676.96,26959.12,28000.29,56626.72,20.64
2019-03-23T10:00+01:00,-11264.23,25819.33,31729.7,57367.39,20.64
2019-03-23T11:00+01:00,-12612.09,25201.12,34771.29,57471.33,20.64
2019-03-23T12:00+01:00,-13345.96,24194.72,36350.04,56775.2,20.64
2019-03-23T13:00+01:00,-11661.52,24014.1,36253.15,54969.2,20.64
2019-03-23T14:00+01:00,-10371.9,22804.12,34834.42,53486.29,20.64
2019-03-23T15:00+01:00,-8780.79,22589.48,31706.93,52843.47,20.64
2019-03-23T16:00+01:00,-6346.91,23401.13,26511.39,51835.95,20.64
2019-03-23T17:00+01:00,-4264.35,24795.35,20393.17,53226.38,20.64
2019-03-23T18:00+01:00,-1253.63,26071.26,17204.13,55992.92,20.64
2019-03-23T19:00+01:00,-1873.35,26404.7,16796.09,57786.94,20.64
2019-03-23T20:00+01:00,-2425,26227.04,16288.44,54442.95,20.64
2019-03-23T21:00+01:00,-2100.19,25180.57,16146.51,51229.53,20.64
2019-03-23T22:00+01:00,-3225.91,24907.23,15568.11,49750.89,20.64
2019-03-23T23:00+01:00,-3985.12,24395.99,15052.75,46307.46,20.64
2019-03-24T00:00+01:00,-3733.8,22884.2,14411.14,43354.3,20.64
2019-03-24T01:00+01:00,-4693.21,22503.89,13595.07,41698.84,20.64
2019-03-24T02:00+01:00,-4460.8,22023.15,12747.7,40689.13,20.64
2019-03-24T03:00+01:00,-3084.16,22295.88,12329.46,40871.75,20.64
2019-03-24T04:00+01:00,-2675.65,22585.71,11792.94,41548.32,20.64
2019-03-24T05:00+01:00,-2529.7,22817.37,11241.7,41636.56,20.64
2019-03-24T06:00+01:00,-3545.74,22864.04,11302.69,40845.52,20.64
2019-03-24T07:00+01:00,-4226.86,23040.69,13827.37,43294.02,20.64
2019-03-24T08:00+01:00,-5245.58,23155.09,17815.92,46683.89,20.64
2019-03-24T09:00+01:00,-6063.61,22532.04,22365.52,49480.64,20.64
2019-03-24T10:00+01:00,-5856.92,21285.71,26526.25,51051.77,20.64
2019-03-24T11:00+01:00,-6380.01,20314.06,29625.98,52617.24,20.64
2019-03-24T12:00+01:00,-7213.83,19788.46,30948.6,52180.91,20.64
2019-03-24T13:00+01:00,-5666.72,18347.76,31225.39,50538.51,20.64
2019-03-24T14:00+01:00,-4532.96,17157.56,30393.64,48875.69,20.64
2019-03-24T15:00+01:00,-4019.29,17233.94,27987.92,48236.95,20.64
2019-03-24T16:00+01:00,-2966.69,19259.45,24353.75,48625.78,20.64
2019-03-24T17:00+01:00,-3408.64,22141.02,20363.5,50279.3,20.64
2019-03-24T18:00+01:00,-4019.33,24100.21,18824.45,53674.45,20.64
2019-03-24T19:00+01:00,-5907.68,24554.39,20106.82,56589.3,20.64
2019-03-24T20:00+01:00,-7079.66,24251.12,22624.6,54380.96,20.64
2019-03-24T21:00+01:00,-8344.46,23788.54,25325.04,52386.48,20.64
2019-03-24T22:00+01:00,-8891.36,23235.07,26761,52088.02,20.64
2019-03-24T23:00+01:00,-12579.45,22397.86,28151.7,49165.8,20.64
2019-03-25T00:00+01:00,-10578.31,20041.55,28886.96,46500.49,20.64
2019-03-25T01:00+01:00,-10487.48,19012.04,30158.88,45301.32,20.64
2019-03-25T02:00+01:00,-10209.89,17964.54,30548.68,44890.9,20.64
2019-03-25T03:00+01:00,-9448.89,17556.63,31517.1,45511.58,20.64
2019-03-25T04:00+01:00,-9423.74,17938.71,33133.9,47859.04,20.64
2019-03-25T05:00+01:00,-12035.98,20445.49,34208.97,51801.08,20.64
2019-03-25T06:00+01:00,-11951.95,23166.14,35081.46,58797.07,20.64
2019-03-25T07:00+01:00,-11715.68,24100.95,37655.07,64559.09,20.64
2019-03-25T08:00+01:00,-11095.24,23989.55,42113.84,67656.5,20.64
2019-03-25T09:00+01:00,-11086.5,22866.68,46540.85,68656.38,20.64
2019-03-25T10:00+01:00,-11391.42,21371.95,50933.08,69940.73,20.64
2019-03-25T11:00+01:00,-10614.6,20038.94,52576.29,71091.66,20.64
2019-03-25T12:00+01:00,-11128.83,19288.1,52686.89,70340.08,20.64
2019-03-25T13:00+01:00,-10650.02,19319.18,50250.38,70202.08,20.64
2019-03-25T14:00+01:00,-9121.44,20648.96,47917.24,68842.6,20.64
2019-03-25T15:00+01:00,-8033.48,21816.01,44948.44,68284.33,20.64
2019-03-25T16:00+01:00,-7393.54,23438.11,39397.83,66843.28,20.64
2019-03-25T17:00+01:00,-5869.07,26213.57,32916.76,66254.35,20.64
2019-03-25T18:00+01:00,-3599.29,27161.52,28847.12,67680.26,20.64
2019-03-25T19:00+01:00,-1348.98,27449.44,27620.02,69577.41,20.64
2019-03-25T20:00+01:00,-2703.87,27198.34,26510.92,66088.63,20.64
2019-03-25T21:00+01:00,-4892.15,26532.89,26175.27,61741.16,20.64
2019-03-25T22:00+01:00,-5488.36,26156.85,25069.31,58317.72,20.64
2019-03-25T23:00+01:00,-6793.31,25447.61,24807.71,53580.87,20.64
2019-03-26T00:00+01:00,-6896.44,24571.99,24029.35,51157.98,20.64
2019-03-26T01:00+01:00,-6696.83,24193.51,23554.77,49648.35,20.64
2019-03-26T02:00+01:00,-5641.22,23818.61,24434.63,49369.57,20.64
2019-03-26T03:00+01:00,-5636.17,23373.53,25501.77,50323.81,20.64
2019-03-26T04:00+01:00,-6754.86,23742.38,27263.84,51663.14,20.64
2019-03-26T05:00+01:00,-7643.98,25380.94,28724.19,54868.42,20.64
2019-03-26T06:00+01:00,-7762.41,27753.55,30285.05,61549.42,20.64
2019-03-26T07:00+01:00,-6987.15,29187.65,31998.15,66528.42,20.64
2019-03-26T08:00+01:00,-8547.93,29711.72,34986.57,69129.25,20.64
2019-03-26T09:00+01:00,-11275.62,29300.83,38982.48,69590.68,20.64
2019-03-26T10:00+01:00,-9795.34,27839.58,42602.34,70421.01,20.64
2019-03-26T11:00+01:00,-10762.37,27640.94,43896.5,71157.55,20.64
2019-03-26T12:00+01:00,-11049.67,27671.3,43637.89,70061.44,20.64
2019-03-26T13:00+01:00,-9085.14,26974.24,43857.1,69471.33,20.64
2019-03-26T14:00+01:00,-9142.07,27055.04,42648.26,68641.8,20.64
2019-03-26T15:00+01:00,-8125.18,27369.2,38350.41,67526.87,20.64
2019-03-26T16:00+01:00,-7043.58,28714.59,34294.17,66509.48,20.64
2019-03-26T17:00+01:00,-3362.42,30513.56,28896.42,66634.87,20.64
2019-03-26T18:00+01:00,-2226.64,31583.21,24739.53,67923.93,20.64
2019-03-26T19:00+01:00,-1496.93,32322.62,22506.86,69060.37,20.64
2019-03-26T20:00+01:00,-601.87,31736.89,20559.06,65447.43,20.64
2019-03-26T21:00+01:00,-437.88,31065.4,18705.7,61482.06,20.64
2019-03-26T22:00+01:00,-2016.22,30416.37,17554.77,58272.34,20.64
2019-03-26T23:00+01:00,-3917.92,29207.77,17123.73,53915.69,20.64
2019-03-27T00:00+01:00,-3443.74,28103.3,16570.03,50545.3,20.64
2019-03-27T01:00+01:00,-3246.16,27548.32,16313.4,48723.13,20.64
2019-03-27T02:00+01:00,-3150.49,27125.12,16356.44,48124.18,20.64
2019-03-27T03:00+01:00,-2562.3,27258.57,16363.9,48580.94,20.64
2019-03-27T04:00+01:00,-2774.93,28022.79,16362.93,50278.39,20.64
2019-03-27T05:00+01:00,-3554.38,29507.59,16388.24,54273.85,20.64
2019-03-27T06:00+01:00,-1451.28,31311.81,16951.86,61422.66,20.64
2019-03-27T07:00+01:00,-638.01,31619.89,19139.13,66520.68,20.64
2019-03-27T08:00+01:00,613.07,32031.04,22483.21,68907.04,20.64
2019-03-27T09:00+01:00,-91.31,31856.5,25944.14,69224.07,20.64
2019-03-27T10:00+01:00,-1744.12,31382.07,28957.39,69978.85,20.64
2019-03-27T11:00+01:00,-2791.39,31307.4,30444.44,71103.13,20.64
2019-03-27T12:00+01:00,-4023.2,31176.76,31420.53,70003.46,20.64
2019-03-27T13:00+01:00,-4218.16,31118.01,31468.35,69107.32,20.64
2019-03-27T14:00+01:00,-4157.2,31072.33,30133.27,68138.8,20.64
2019-03-27T15:00+01:00,-3540.52,31134.72,27762.55,67195.51,20.64
2019-03-27T16:00+01:00,-2660.74,31708.58,24903.8,65933.5,20.64
2019-03-27T17:00+01:00,-152.61,32081.74,21614.79,66371.82,20.64
2019-03-27T18:00+01:00,1341.09,32876.06,19551.9,67944.94,20.64
2019-03-27T19:00+01:00,755.38,33180.55,18705.22,69716.54,20.64
2019-03-27T20:00+01:00,921.26,32989.01,18096.57,66010.73,20.64
2019-03-27T21:00+01:00,-136.07,32514.73,17250,61774.1,20.64
2019-03-27T22:00+01:00,-2778,31982.21,16635.44,58198.68,20.64
2019-03-27T23:00+01:00,-4991,30970.61,16337.74,53365.07,20.64
2019-03-28T00:00+01:00,-4739.05,29211.18,16012.91,49814.2,20.64
2019-03-28T01:00+01:00,-3548.57,28963.14,15920.53,48259.79,20.64
2019-03-28T02:00+01:00,-2602.41,28259.76,15358.75,47170.45,20.64
2019-03-28T03:00+01:00,-2056.99,28242.73,14679.52,48026.1,20.64
2019-03-28T04:00+01:00,-1900.42,29257.98,14168.06,49386.7,20.64
2019-03-28T05:00+01:00,-2078.54,31150.61,13731.14,53407.44,20.64
2019-03-28T06:00+01:00,1260.37,32401.02,13884.2,60259.22,20.64
2019-03-28T07:00+01:00,967.64,33380.55,15814.66,65150.53,20.64
2019-03-28T08:00+01:00,179.65,33575.37,19039.31,67511.19,20.64
2019-03-28T09:00+01:00,-853.35,33183.47,22913.23,67697.68,20.64
2019-03-28T10:00+01:00,-1710.77,32344.27,26042.7,68351.05,20.64
2019-03-28T11:00+01:00,-891.95,31614.47,26792.95,69514.69,20.64
2019-03-28T12:00+01:00,-477.97,31452.25,25472.6,68569.52,20.64
2019-03-28T13:00+01:00,167.16,31759.77,23037.86,67908.35,20.64
2019-03-28T14:00+01:00,1774.12,31952.92,20173.22,66885.94,20.64
2019-03-28T15:00+01:00,3610.49,32128.37,17460.31,66024.19,20.64
2019-03-28T16:00+01:00,5090.56,32899.27,14892.52,64859.96,20.64
2019-03-28T17:00+01:00,6267.48,33336.99,12199.37,65268.81,20.64
2019-03-28T18:00+01:00,5996.14,33623.99,10894.56,66425.21,20.64
2019-03-28T19:00+01:00,5337.4,33784.44,11223.98,68022.37,20.64
2019-03-28T20:00+01:00,6277.04,33041.61,11140.67,64804.53,20.64
2019-03-28T21:00+01:00,5803.4,31971.59,11337.61,61145.72,20.64
2019-03-28T22:00+01:00,3054.2,30874.84,11680.23,57681.14,20.64
2019-03-28T23:00+01:00,1253.15,29171.5,12032.09,53108.15,20.64
2019-03-29T00:00+01:00,164.51,28069.09,12574.84,49424.92,20.64
2019-03-29T01:00+01:00,-1545.24,27123.54,13022.31,47234.44,20.64
2019-03-29T02:00+01:00,-1632.6,26754.85,13583.86,46239.34,20.64
2019-03-29T03:00+01:00,183.56,26606.23,14279.19,47040.18,20.64
2019-03-29T04:00+01:00,887.78,26813.81,14769.16,49102.02,20.64
2019-03-29T05:00+01:00,99.3,28218.03,15277.32,53171.74,20.64
2019-03-29T06:00+01:00,1870.41,29656.11,16403.27,59721.33,20.64
2019-03-29T07:00+01:00,582.87,30090.58,19739.07,64606.9,20.64
2019-03-29T08:00+01:00,-912.44,29917.12,24065.16,66941.4,20.64
2019-03-29T09:00+01:00,-2468.82,28896.51,29226.2,66815.42,20.64
2019-03-29T10:00+01:00,-4809.88,27830.37,33830.31,67298.7,20.64
2019-03-29T11:00+01:00,-6712.48,27562.17,36004.86,67660.82,21.53
2019-03-29T12:00+01:00,-6762.32,26792.52,36851.41,66545.44,21.83
2019-03-29T13:00+01:00,-5854.32,25950.72,36237.33,64753.14,21.83
2019-03-29T14:00+01:00,-5104.28,25297.1,33915,63310.44,21.83
2019-03-29T15:00+01:00,-3386.24,25920.37,29371.76,62219.11,21.83
2019-03-29T16:00+01:00,733.23,27035.56,22735.06,61073.38,21.83
2019-03-29T17:00+01:00,4226.51,28614.57,15695.62,61244.75,21.83
2019-03-29T18:00+01:00,6174.57,29675.58,12211.16,62649.53,21.83
2019-03-29T19:00+01:00,5164.2,29981.88,12596.2,64945.95,21.83
2019-03-29T20:00+01:00,4658.64,29742.94,13329.67,61733.55,21.83
2019-03-29T21:00+01:00,3112.21,28763.48,13527.79,58069.15,21.83
2019-03-29T22:00+01:00,322.28,28028.46,13344.42,54554.76,21.83
2019-03-29T23:00+01:00,-1790.46,26919.34,13128.08,50246.84,21.83
2019-03-30T00:00+01:00,-1897.14,25226.43,12699.91,46997.99,21.83
2019-03-30T01:00+01:00,-2033.78,23855.16,12478.82,45176.17,21.83
2019-03-30T02:00+01:00,-2186.34,23330.56,12545.81,44301.91,21.83
2019-03-30T03:00+01:00,-991.46,22549.37,12870.96,44250.64,21.83
2019-03-30T04:00+01:00,-1269.22,22289.14,13178.92,44865.34,21.83
2019-03-30T05:00+01:00,-1533.48,22195,13536.87,45238.6,21.83
2019-03-30T06:00+01:00,-2966.03,22140.9,14826.68,45605.68,21.83
2019-03-30T07:00+01:00,-4633.34,22064.86,20388.78,48676.19,21.83
2019-03-30T08:00+01:00,-5822.63,21482.32,26770.61,52875.48,21.83
2019-03-30T09:00+01:00,-9233.87,20415.04,31481,54780.5,21.83
2019-03-30T10:00+01:00,-10716.43,19295.51,35704.87,55041.91,21.83
2019-03-30T11:00+01:00,-10684.83,18417.88,39411.13,54989.91,21.83
2019-03-30T12:00+01:00,-11273.93,17166.76,41591.69,54183.4,21.83
2019-03-30T13:00+01:00,-9817.46,16348.42,41246.11,52527.57,21.83
2019-03-30T14:00+01:00,-8844.7,15802.63,38514.82,50918.22,21.83
2019-03-30T15:00+01:00,-8122.13,17154.3,32928.46,50411.13,21.83
2019-03-30T16:00+01:00,-5205.94,19454.28,25899.4,49589.49,21.83
2019-03-30T17:00+01:00,-938.43,21430.98,18391.7,50569.95,21.83
2019-03-30T18:00+01:00,433.18,22600.42,14535.02,52806.1,21.83
2019-03-30T19:00+01:00,408.96,22973.18,14469.8,55230.88,21.83
2019-03-30T20:00+01:00,-1298.62,22909.82,14906.06,52520.97,21.83
2019-03-30T21:00+01:00,-1100.73,22850.03,15351.99,49407.07,21.83
2019-03-30T22:00+01:00,-2296.45,22405.38,15741.78,47894.09,21.83
2019-03-30T23:00+01:00,-4251.68,22092.92,16379.07,44761.34,21.83
2019-03-31T00:00+01:00,-5528,21179.85,16625.28,42898.19,21.83
2019-03-31T01:00+01:00,-6046.71,20686.84,17000.11,38374.28,21.83
2019-03-31T03:00+02:00,-5186.36,19759.05,17144.37,40444.13,21.83
2019-03-31T04:00+02:00,-4078.55,18852.88,17769.79,40489.82,21.83
2019-03-31T05:00+02:00,-2430.18,18252.74,18014.34,41104.96,21.83
2019-03-31T06:00+02:00,-2679.16,17886.94,17670.71,41433.95,21.83
2019-03-31T07:00+02:00,-3265.82,18300.58,18148.56,42101.13,21.83
2019-03-31T08:00+02:00,-5048.59,17931.2,21955.34,44982.82,21.83
2019-03-31T09:00+02:00,-6347.95,16707.39,28155.21,48743.08,21.83
2019-03-31T10:00+02:00,-7305.9,15088.89,34150.99,51619.03,21.83
2019-03-31T11:00+02:00,-7999.04,14424.36,37495.77,53482.65,21.83
2019-03-31T12:00+02:00,-8649.07,14121.81,39374.41,53196.42,21.83
2019-03-31T13:00+02:00,-8385.33,13553.64,39400.72,51150.29,21.83
2019-03-31T14:00+02:00,-7122.69,13434.17,38264,49421.44,21.83
2019-03-31T15:00+02:00,-6394.85,13481.85,35989.17,48170.08,21.83
2019-03-31T16:00+02:00,-4388.08,13455.8,32284.29,47919.44,21.83
2019-03-31T17:00+02:00,-5012.09,14977.32,27588.19,48790.06,21.83
2019-03-31T18:00+02:00,-5162.19,19472.52,22444.74,49802.5,21.83
2019-03-31T19:00+02:00,-2863.65,21901.41,19859.93,51162.88,21.83
2019-03-31T20:00+02:00,-4089.69,22179.47,20919.22,52880.23,21.83
2019-03-31T21:00+02:00,-4312.18,22167.62,21698.53,51375.86,21.83
2019-03-31T22:00+02:00,-4857.66,21931.65,21675.31,50598.36,21.83
2019-03-31T23:00+02:00,-5371.08,20725.14,21493.77,47441.39,21.83
2019-04-01T00:00+02:00,-4698.01,19063.6,21181.29,44141.26,21.83
2019-04-01T01:00+02:00,-4459.61,18165.71,20365.76,42576.75,21.83
2019-04-01T02:00+02:00,-4533.24,18218.01,20131.46,42073.52,21.83
2019-04-01T03:00+02:00,-3713.55,18818.59,19530.98,42767.3,21.83
2019-04-01T04:00+02:00,-3658.52,19812.88,19145.96,45189.88,21.83
2019-04-01T05:00+02:00,-3572.64,22893.24,18990.38,49490.64,21.83
2019-04-01T06:00+02:00,364.62,26268.36,19295.51,58333.88,21.83
2019-04-01T07:00+02:00,650.85,26957.47,20649.12,63425.34,21.83
2019-04-01T08:00+02:00,-1754.32,27176.26,24510.49,65920.91,21.83
2019-04-01T09:00+02:00,-4560.46,26878.26,28191.92,66358.07,21.83
2019-04-01T10:00+02:00,-7407.84,26683.63,34590.92,66966.89,21.83
2019-04-01T11:00+02:00,-9842.06,25669.76,40326.77,67396.74,21.83
2019-04-01T12:00+02:00,-12455.74,24594.37,43065.77,66363.92,21.83
2019-04-01T13:00+02:00,-12835.91,24345.1,44372.19,65887.59,21.83
2019-04-01T14:00+02:00,-11964.82,23632.27,44276.93,64810.57,21.83
2019-04-01T15:00+02:00,-10651.81,22913.84,42079.13,63785.44,21.83
2019-04-01T16:00+02:00,-10077.64,23290.52,37463.2,61969.36,21.83
2019-04-01T17:00+02:00,-7434.32,25216.56,31116.5,61521.43,21.83
2019-04-01T18:00+02:00,-3240.96,26524.17,24480.7,62212.21,21.83
2019-04-01T19:00+02:00,-907.76,27531.39,20986.84,63377.74,21.83
2019-04-01T20:00+02:00,-2699.36,27566.53,24407.03,64063.22,21.83
2019-04-01T21:00+02:00,-5206.41,26470.46,28665.7,61270.21,21.83
2019-04-01T22:00+02:00,-9920.42,25475.89,30477.83,57769.26,21.83
2019-04-01T23:00+02:00,-11085.63,22904.49,31218.11,53344.6,21.83
2019-04-02T00:00+02:00,-12373.62,21906.21,31370.38,50758.75,21.83
2019-04-02T01:00+02:00,-11952.18,21045.81,30967.18,49028.2,21.83
2019-04-02T02:00+02:00,-10395.39,20992,30331.23,48212.29,21.83
2019-04-02T03:00+02:00,-8070.24,21137.02,29044.18,49050.3,21.83
2019-04-02T04:00+02:00,-7667.24,22036.62,28389.55,50406.22,21.83
2019-04-02T05:00+02:00,-7840.83,24692.15,27497.3,54191,21.83
2019-04-02T06:00+02:00,-7324.88,27321.84,27717.81,61854.36,21.83
2019-04-02T07:00+02:00,-5102.37,27656.55,28317.11,66225.94,21.83
2019-04-02T08:00+02:00,-6179.9,27660.5,31403.81,68051.76,21.83
2019-04-02T09:00+02:00,-8955.96,27486.41,34284.4,68172.34,21.83
2019-04-02T10:00+02:00,-10938.95,27571.74,38227.05,68546.24,21.83
2019-04-02T11:00+02:00,-11333.48,26416.65,42045.01,68993.56,21.83
2019-04-02T12:00+02:00,-11802.32,24573.45,44766.96,68555.12,21.83
2019-04-02T13:00+02:00,-11219.46,23714.28,46500.36,68622.54,21.83
2019-04-02T14:00+02:00,-10052.12,23587.7,46440.2,67653.25,21.83
2019-04-02T15:00+02:00,-9788.97,23625.42,45142.17,66759,21.83
2019-04-02T16:00+02:00,-9012.22,24407.77,40537.46,65219.79,21.83
2019-04-02T17:00+02:00,-7070.07,26108.68,35123.7,64669.73,21.83
2019-04-02T18:00+02:00,-2475.19,27151.15,29185.97,64864.33,21.83
2019-04-02T19:00+02:00,-2960.7,27880.33,26931.31,64951.87,21.83
2019-04-02T20:00+02:00,-3780.2,27874.72,27403.02,65367.98,21.83
2019-04-02T21:00+02:00,-5899.21,27224.07,28141.08,62234.01,21.83
2019-04-02T22:00+02:00,-7099.94,26581.04,27903.2,58036.1,21.83
2019-04-02T23:00+02:00,-8820.09,26048.34,26306.07,53334.52,21.83
2019-04-03T00:00+02:00,-8768.16,26111.16,25469.67,49788.86,21.83
2019-04-03T01:00+02:00,-7814.84,25818.17,24181.6,47717.95,21.83
2019-04-03T02:00+02:00,-7024.13,25105.36,22496.79,47256.85,21.83
2019-04-03T03:00+02:00,-5862.75,25790.59,20628.34,47425.48,21.83
2019-04-03T04:00+02:00,-4599.6,26897.23,18380.3,48674.74,21.83
2019-04-03T05:00+02:00,-3273.15,28708.78,16533.85,52808.59,21.83
2019-04-03T06:00+02:00,269.24,31430.46,15677.07,60951.3,21.83
2019-04-03T07:00+02:00,304.79,33479.52,15647.68,65402.3,21.83
2019-04-03T08:00+02:00,61.01,34370.87,16675.47,67420.78,21.83
2019-04-03T09:00+02:00,-662.23,34754.02,18368.89,67857.58,21.83
2019-04-03T10:00+02:00,-473.86,34755.05,21383.79,69061.42,21.83
2019-04-03T11:00+02:00,-984.61,34858.72,24393.87,69811.89,21.83
2019-04-03T12:00+02:00,-4462.71,34805.35,26712.45,69145.59,21.83
2019-04-03T13:00+02:00,-4924.63,34752.3,27907.61,68944.95,21.83
2019-04-03T14:00+02:00,-5170.56,34761.89,27775.63,68056.33,21.83
2019-04-03T15:00+02:00,-5297.31,34603.26,26010.78,66960,21.83
2019-04-03T16:00+02:00,-4654.26,34910.59,22731.27,65645.39,21.83
2019-04-03T17:00+02:00,-1901.19,34829.4,18791.16,65592.9,21.83
2019-04-03T18:00+02:00,1140.05,34970.22,15846.96,65552.69,21.83
2019-04-03T19:00+02:00,254.33,34995.99,15779.94,65933.51,21.83
2019-04-03T20:00+02:00,-1401.85,35020.83,17440.91,65246.71,21.83
2019-04-03T21:00+02:00,-3044.2,33364.79,19095.87,61942.2,21.83
2019-04-03T22:00+02:00,-5177.59,31505.45,19480.12,57916.26,21.83
2019-04-03T23:00+02:00,-7475.35,30174.64,20027.36,53287.5,21.83
2019-04-04T00:00+02:00,-7152.83,29524.87,19532.06,50535.55,21.83
2019-04-04T01:00+02:00,-7362.41,29217.55,18411.89,48710.22,21.83
2019-04-04T02:00+02:00,-6278.75,28773.21,17623.75,47803.61,21.83
2019-04-04T03:00+02:00,-4784.17,28704.69,16100.16,47990.26,21.83
2019-04-04T04:00+02:00,-4749.15,30262.67,14655.68,49668.76,21.83
2019-04-04T05:00+02:00,-4048.58,32534.64,13624.95,53409.12,21.83
2019-04-04T06:00+02:00,-1688.42,34048.31,13394.35,60916.42,21.83
2019-04-04T07:00+02:00,-2479.47,35319.71,14453.63,65894.56,21.83
2019-04-04T08:00+02:00,-2571.1,35794.76,16140.43,68082.44,21.83
2019-04-04T09:00+02:00,-3004.76,35855.43,18167.41,68220.39,21.83
2019-04-04T10:00+02:00,-865.03,35448.21,20982.34,69542.96,21.83
2019-04-04T11:00+02:00,-3442.32,35380.53,23685.03,70223.7,21.83
2019-04-04T12:00+02:00,-4443.27,35225.4,25443.64,70003.45,21.83
2019-04-04T13:00+02:00,-3355.97,34374.21,26543.25,69308.78,21.83
2019-04-04T14:00+02:00,-3407.34,33707.99,26787.71,68271.92,21.83
2019-04-04T15:00+02:00,-2782.66,33427.22,25786.85,67366.88,21.83
2019-04-04T16:00+02:00,-3233.7,33799.53,23375.33,65692.05,21.83
2019-04-04T17:00+02:00,-1271.68,34553.29,19961.47,65569.41,21.83
2019-04-04T18:00+02:00,515.84,35341.22,16811.99,65507.18,21.83
2019-04-04T19:00+02:00,-263.73,35434.53,15649.01,65494.96,21.83
2019-04-04T20:00+02:00,-3001.81,35358.27,17016.75,64969.32,21.83
2019-04-04T21:00+02:00,-3293.47,34115.39,17756.5,62018.38,21.83
2019-04-04T22:00+02:00,-4007.7,32353.33,17563.89,58631.21,21.83
2019-04-04T23:00+02:00,-7151.61,31643.33,17388.85,54155.58,21.83
2019-04-05T00:00+02:00,-5987.34,30807.42,17020.04,50883.33,21.83
2019-04-05T01:00+02:00,-5123.46,30328.88,16414.1,48822.22,21.83
2019-04-05T02:00+02:00,-5029.07,29919.89,15878.57,47780.52,21.83
2019-04-05T03:00+02:00,-4033.43,29891.72,15476.56,48088.77,21.83
2019-04-05T04:00+02:00,-3318.23,30697.69,15213.92,49663.49,21.83
2019-04-05T05:00+02:00,-2370.31,32044.75,14837.44,53149.37,21.83
2019-04-05T06:00+02:00,-2190.93,33614.55,15104.61,60510.95,21.83
2019-04-05T07:00+02:00,-2055.09,34656.2,15679.61,65824.39,21.83
2019-04-05T08:00+02:00,297.26,35228.85,16661.89,68789.76,21.83
2019-04-05T09:00+02:00,-1007.44,35498.46,18224.82,69324.22,21.83
2019-04-05T10:00+02:00,-1138.19,35517.56,20161.65,69886.36,21.83
2019-04-05T11:00+02:00,-1760.01,35264.68,21598.11,70293.98,23.58
2019-04-05T12:00+02:00,-672.12,34504.55,22059.52,69395.74,24.17
2019-04-05T13:00+02:00,-305.94,33626.04,22895.02,68321.89,24.17
2019-04-05T14:00+02:00,-928.94,33111.38,22154.06,66417.54,24.17
2019-04-05T15:00+02:00,756.07,32811.32,20799.66,65159.74,24.17
2019-04-05T16:00+02:00,816.39,32674.99,19159.75,63737.17,24.17
2019-04-05T17:00+02:00,1570.99,33362.49,16310.25,63619.85,24.17
2019-04-05T18:00+02:00,4003.24,33710.16,13219.82,63475.8,24.17
2019-04-05T19:00+02:00,4244.34,33915.31,11691.11,63224.46,24.17
2019-04-05T20:00+02:00,3035.74,33906.16,11666.8,62056.77,24.17
2019-04-05T21:00+02:00,1625.77,32747.84,11734.68,58620.74,24.17
2019-04-05T22:00+02:00,150.28,30630.7,11799.79,55125.44,24.17
2019-04-05T23:00+02:00,-1504.3,28588.67,11995.15,51325.89,24.17
2019-04-06T00:00+02:00,-3168.61,27519.45,11825.46,47762.79,24.17
2019-04-06T01:00+02:00,-4211.67,26743.98,12183.08,45607.88,24.17
2019-04-06T02:00+02:00,-3870.19,25896.8,12322.12,44808.16,24.17
2019-04-06T03:00+02:00,-2966.33,25192.15,12196.25,44605.67,24.17
2019-04-06T04:00+02:00,-2846.88,25318.69,12169.35,44739.6,24.17
2019-04-06T05:00+02:00,-2946.18,25897.22,12382.1,45456.3,24.17
2019-04-06T06:00+02:00,-2920.38,26281.1,12713.77,46771.07,24.17
2019-04-06T07:00+02:00,-3074.47,26441.8,14420.26,49164,24.17
2019-04-06T08:00+02:00,-3442.46,26526.67,17652.57,52896.59,24.17
2019-04-06T09:00+02:00,-6927.95,26931.38,21244.03,55247.96,24.17
2019-04-06T10:00+02:00,-9437.25,26900.42,26389.52,56037.07,24.17
2019-04-06T11:00+02:00,-10940.22,26056.07,31232.33,55923.29,24.17
2019-04-06T12:00+02:00,-13922.09,24802.48,34748.97,55616,24.17
2019-04-06T13:00+02:00,-14045.19,22962.03,37333.53,54175.26,24.17
2019-04-06T14:00+02:00,-13244.64,21822.38,37482.36,52648.27,24.17
2019-04-06T15:00+02:00,-12473.5,22252.65,34827.73,52016.13,24.17
2019-04-06T16:00+02:00,-10983.44,23129.92,31264.5,50918.27,24.17
2019-04-06T17:00+02:00,-9444.28,23820.52,26784.27,50670.82,24.17
2019-04-06T18:00+02:00,-5835.67,24652.17,21180.56,51503.88,24.17
2019-04-06T19:00+02:00,-4858,25043.68,18414.13,51650.49,24.17
2019-04-06T20:00+02:00,-6261.08,25206.09,20886.2,52029.33,24.17
2019-04-06T21:00+02:00,-9053.77,25234.77,23673.67,50893.66,24.17
2019-04-06T22:00+02:00,-11456.33,25019.09,24687.51,49334.04,24.17
2019-04-06T23:00+02:00,-12986.32,24096.43,23854.95,45812.5,24.17
2019-04-07T00:00+02:00,-13305.64,23779.87,21635.7,42342.99,24.17
2019-04-07T01:00+02:00,-13575.24,23770.36,19600.1,40221.77,24.17
2019-04-07T02:00+02:00,-12207.55,23708.11,17980.84,39095.97,24.17
2019-04-07T03:00+02:00,-9800.66,23538.96,16552.76,39134.83,24.17
2019-04-07T04:00+02:00,-9428.27,23286.67,15545.81,39483.77,24.17
2019-04-07T05:00+02:00,-8424.96,23429.75,14781.65,39994.24,24.17
2019-04-07T06:00+02:00,-9376.4,23809.22,14730.52,39882.34,24.17
2019-04-07T07:00+02:00,-8466.53,23955.95,16497.8,41605.81,24.17
2019-04-07T08:00+02:00,-8361.54,23443.2,20595.85,45406.82,24.17
2019-04-07T09:00+02:00,-9644.77,23011.65,24579.07,48420.24,24.17
2019-04-07T10:00+02:00,-11928.49,22612.57,29549.82,50098.82,24.17
2019-04-07T11:00+02:00,-12403.75,20946.17,35073.18,51606.62,24.17
2019-04-07T12:00+02:00,-13237.22,19607.31,38739.17,51257.18,24.17
2019-04-07T13:00+02:00,-12811.74,17674.71,39027.86,49161.37,24.17
2019-04-07T14:00+02:00,-11070.66,16212.43,36621.77,47450.3,24.17
2019-04-07T15:00+02:00,-9300.48,17139.87,32413.47,46710.71,24.17
2019-04-07T16:00+02:00,-7579.46,19515.91,27377.07,46302.6,24.17
2019-04-07T17:00+02:00,-6051.91,22541.97,21632.2,47481.89,24.17
2019-04-07T18:00+02:00,-4271.13,24831.1,16336.38,48774.56,24.17
2019-04-07T19:00+02:00,-2150.34,26634.04,13387.93,49956.36,24.17
2019-04-07T20:00+02:00,-3752.44,27078.48,14397.34,51124.66,24.17
2019-04-07T21:00+02:00,-4667.34,27507.1,16036.82,49781.2,24.17
2019-04-07T22:00+02:00,-5984.09,27526.96,16633.36,48841.18,24.17
2019-04-07T23:00+02:00,-7914.23,26852.1,16037.19,45710.84,24.17
2019-04-08T00:00+02:00,-8375.17,25974.2,15219.49,42713.34,24.17
2019-04-08T01:00+02:00,-6788.01,25686.92,14104.2,41475.58,24.17
2019-04-08T02:00+02:00,-6388.24,25868.38,12796.97,41001.32,24.17
2019-04-08T03:00+02:00,-4726.62,26877.13,11728.93,41697.19,24.17
2019-04-08T04:00+02:00,-4320.52,27822.48,11272.7,43699.96,24.17
2019-04-08T05:00+02:00,-3056.5,29653.11,11591.67,48598.89,24.17
2019-04-08T06:00+02:00,-126.75,32262.58,12520.16,57685.22,24.17
2019-04-08T07:00+02:00,1012.15,33632.05,14453.4,63207.4,24.17
2019-04-08T08:00+02:00,-1294.31,33995.53,18667.42,66170.5,24.17
2019-04-08T09:00+02:00,-5260.88,34332,23006.65,66379.01,24.17
2019-04-08T10:00+02:00,-6383.21,34031.46,27528.38,67156.2,24.17
2019-04-08T11:00+02:00,-6464.75,33259.32,31630.08,67837.66,24.17
2019-04-08T12:00+02:00,-7733.95,32326.74,34255.4,67573.28,24.17
2019-04-08T13:00+02:00,-9591.3,31910.29,35233.74,67027.62,24.17
2019-04-08T14:00+02:00,-9961.41,31601,34231.28,65715.95,24.17
2019-04-08T15:00+02:00,-9538.1,32423.17,32007.32,64768.66,24.17
2019-04-08T16:00+02:00,-8075.31,32463.33,28948.23,63275.48,24.17
2019-04-08T17:00+02:00,-5337.83,32952.6,25600.18,62794.6,24.17
2019-04-08T18:00+02:00,-3097.33,33296.96,22549.99,63199.76,24.17
2019-04-08T19:00+02:00,-2052.2,32930.97,20815.61,63176.56,24.17
2019-04-08T20:00+02:00,-4090.69,32777.73,21683.34,62991.18,24.17
2019-04-08T21:00+02:00,-4117.46,32309.61,22684.64,60329.38,24.17
2019-04-08T22:00+02:00,-7193.89,30538.91,21931.67,56423.02,24.17
2019-04-08T23:00+02:00,-8741.95,28538.87,21141.76,51620.13,24.17
2019-04-09T00:00+02:00,-7338.07,27716.54,20625.4,49109.07,24.17
2019-04-09T01:00+02:00,-7803.41,27444.2,19725.44,47153.24,24.17
2019-04-09T02:00+02:00,-6847.45,27242.27,19066.87,46365.22,24.17
2019-04-09T03:00+02:00,-4926.05,26416.58,18573.39,46765.11,24.17
2019-04-09T04:00+02:00,-4222.01,26969.1,18504.91,48256.46,24.17
2019-04-09T05:00+02:00,-4620.58,28840.13,18505.99,52026.46,24.17
2019-04-09T06:00+02:00,-2030.12,31571.58,18870.64,59989.85,24.17
2019-04-09T07:00+02:00,-2970.21,32919.45,19139.37,64497.69,24.17
2019-04-09T08:00+02:00,-3976.67,33536.19,21331.5,66967.04,24.17
2019-04-09T09:00+02:00,-5826.94,33920.24,25024.36,67468.44,24.17
2019-04-09T10:00+02:00,-6779.72,33417.48,29473.81,68642.3,24.17
2019-04-09T11:00+02:00,-8489.34,32478.51,32920.91,69347.66,24.17
2019-04-09T12:00+02:00,-10640.22,31763.76,35740.67,68647.55,24.17
2019-04-09T13:00+02:00,-11383.84,31188.54,36894.57,67899.18,24.17
2019-04-09T14:00+02:00,-11445.21,30752.66,36153.77,66507.48,24.17
2019-04-09T15:00+02:00,-10715.74,30768.62,33831.02,65267.39,24.17
2019-04-09T16:00+02:00,-9836,31184.03,30873.05,64240.34,24.17
2019-04-09T17:00+02:00,-7022.06,31870.74,27615.3,64467.69,24.17
2019-04-09T18:00+02:00,-4919.46,32275.61,24484.18,64679.86,24.17
2019-04-09T19:00+02:00,-3604.57,32411.9,22313.36,64907.72,24.17
2019-04-09T20:00+02:00,-4253.88,32491,23174.59,64395.29,24.17
2019-04-09T21:00+02:00,-5946.09,31661.62,24541.44,61163.13,24.17
2019-04-09T22:00+02:00,-8267.56,30906.37,24260.25,57240.49,24.17
2019-04-09T23:00+02:00,-10878.03,29850.21,23204.5,52460.45,24.17
2019-04-10T00:00+02:00,-9274.05,28761.61,21646.96,49297.18,24.17
2019-04-10T01:00+02:00,-8736.41,28674.39,20214.18,47702.99,24.17
2019-04-10T02:00+02:00,-7531.33,28459.02,19803.1,46871.9,24.17
2019-04-10T03:00+02:00,-6858.47,28049.07,19143.21,47907.22,24.17
2019-04-10T04:00+02:00,-6204.21,28414.77,19103.15,49513.71,24.17
2019-04-10T05:00+02:00,-4792.06,29606.17,19619.7,53257.84,24.17
2019-04-10T06:00+02:00,-3998.11,31727.92,20828.19,60602.31,24.17
2019-04-10T07:00+02:00,-2680.18,32702.42,21799.62,65129.19,24.17
2019-04-10T08:00+02:00,-3733.55,32916.83,23672.13,67366.52,24.17
2019-04-10T09:00+02:00,-6358.95,32898.53,27501.48,67723.92,24.17
2019-04-10T10:00+02:00,-7196.25,31918.97,33347.1,68488.27,24.17
2019-04-10T11:00+02:00,-8901.44,30496.52,36817.17,68686.02,24.17
2019-04-10T12:00+02:00,-9723.86,29848.25,37626.99,67965.53,24.17
2019-04-10T13:00+02:00,-9594.67,29824.32,37120.29,67490.97,24.17
2019-04-10T14:00+02:00,-9544.59,29335.31,36139.78,66210.22,24.17
2019-04-10T15:00+02:00,-9091.48,29729.34,33707.98,65237.88,24.17
2019-04-10T16:00+02:00,-7832.13,30152.54,30821.49,63864.28,24.17
2019-04-10T17:00+02:00,-5452.05,30676.72,27913.38,63643.52,24.17
2019-04-10T18:00+02:00,-4408.87,31692.44,24785.26,63798.18,24.17
2019-04-10T19:00+02:00,-4720.68,32362.48,22357.92,63692.46,24.17
2019-04-10T20:00+02:00,-5049.4,32326.45,23147.06,63466.32,24.17
2019-04-10T21:00+02:00,-6499.62,31929.39,24920.03,60887.24,24.17
2019-04-10T22:00+02:00,-8694.47,30779.79,25127.57,56890.63,24.17
2019-04-10T23:00+02:00,-10623.26,29968.04,24248.99,52770.99,24.17
2019-04-11T00:00+02:00,-9195.57,28365.71,23001.46,49494.86,24.17
2019-04-11T01:00+02:00,-7732.84,27500.88,21598.55,47997.25,24.17
2019-04-11T02:00+02:00,-8168.38,27247.83,20184.61,47280.62,24.17
2019-04-11T03:00+02:00,-6510.55,27711.58,19167.94,47712.27,24.17
2019-04-11T04:00+02:00,-5446.98,28728.14,18277.74,49293.13,24.17
2019-04-11T05:00+02:00,-6186.29,31146.77,17843.19,52362.53,24.17
2019-04-11T06:00+02:00,-4758.68,33671.96,17781.75,59625.25,24.17
2019-04-11T07:00+02:00,-3739.37,34393.41,18950.28,64131.21,24.17
2019-04-11T08:00+02:00,-5379.27,34409.22,21059.47,66233.48,24.17
2019-04-11T09:00+02:00,-7616.73,34115.03,25867.91,66143.96,24.17
2019-04-11T10:00+02:00,-9630.66,33473.27,32531.11,66779.93,24.17
2019-04-11T11:00+02:00,-11540.17,32983.35,35377.11,67729.32,24.17
2019-04-11T12:00+02:00,-11305.59,32566.56,34330.05,67509.15,24.17
2019-04-11T13:00+02:00,-9457,31903.57,33212.68,66572.86,24.17
2019-04-11T14:00+02:00,-8828.43,31628.99,32209.16,64801.31,24.17
2019-04-11T15:00+02:00,-7673.4,31704.32,29897.36,64388.46,24.17
2019-04-11T16:00+02:00,-6189.59,31693.43,27600.6,63079.02,24.17
2019-04-11T17:00+02:00,-5247.19,32710.97,24419.44,63240.22,24.17
2019-04-11T18:00+02:00,-3135.29,33852.37,20549.86,63370.13,24.17
2019-04-11T19:00+02:00,91.08,33953.27,17785.63,63595.72,24.17
2019-04-11T20:00+02:00,-647.75,34120.49,17261.21,63591.55,24.17
2019-04-11T21:00+02:00,-2826.05,33646.37,17697.75,61054.89,24.17
2019-04-11T22:00+02:00,-4832.93,32700.61,17403.72,57414.14,24.17
2019-04-11T23:00+02:00,-7457.16,31828.91,16860.39,52828.81,24.17
2019-04-12T00:00+02:00,-7127.88,31192.56,16488.71,49731.56,24.17
2019-04-12T01:00+02:00,-5575.31,31033.55,15989.01,48446.76,24.17
2019-04-12T02:00+02:00,-5085.87,30753.71,15758.29,47768.1,24.17
2019-04-12T03:00+02:00,-4497.68,30654.91,15584.5,48274.72,24.17
2019-04-12T04:00+02:00,-3877.44,30624.97,15693.83,49704.24,24.17
2019-04-12T05:00+02:00,-4312.59,31580.81,15774.73,52859.21,24.17
2019-04-12T06:00+02:00,-1588.7,33661.25,15954.14,59866,24.17
2019-04-12T07:00+02:00,-2336.22,34475.5,17097.25,65120.1,24.17
2019-04-12T08:00+02:00,-4934.23,34515.5,20280.05,67703.54,24.17
2019-04-12T09:00+02:00,-5332.03,34357.58,24868.49,67953.34,24.17
2019-04-12T10:00+02:00,-5303.46,33842.78,29249.63,68718.5,24.17
2019-04-12T11:00+02:00,-7366.81,33318.7,31055.82,69132.26,26.08
2019-04-12T12:00+02:00,-6797.65,32620.29,31297.17,67792.33,26.72
2019-04-12T13:00+02:00,-6463.52,31389.56,30360.27,66512.79,26.72
2019-04-12T14:00+02:00,-6782.34,31177.07,28771.67,64693.87,26.72
2019-04-12T15:00+02:00,-5912.34,31503.15,26663.59,63570.2,26.72
2019-04-12T16:00+02:00,-3811.25,31464.84,22732.07,62686.52,26.72
2019-04-12T17:00+02:00,-2441.21,31978.05,20402.68,62849.52,26.72
2019-04-12T18:00+02:00,-906.65,32487.05,17718.46,62888.68,26.72
2019-04-12T19:00+02:00,1558.92,32611.35,15530.04,62541.99,26.72
2019-04-12T20:00+02:00,1212.57,32168.24,15468.55,62195.33,26.72
2019-04-12T21:00+02:00,-952.33,31574.22,15461.17,59615.87,26.72
2019-04-12T22:00+02:00,-3252.81,30955.89,15411.66,56626.28,26.72
2019-04-12T23:00+02:00,-5344.58,30339.95,15355.71,52736.37,26.72
2019-04-13T00:00+02:00,-6507.51,29494.95,15153.29,49290.31,26.72
2019-04-13T01:00+02:00,-6592.09,28633.35,15279.28,46980.22,26.72
2019-04-13T02:00+02:00,-6645.14,27787.81,15798.79,45753.95,26.72
2019-04-13T03:00+02:00,-6447.39,27680.46,16360.68,45645.64,26.72
2019-04-13T04:00+02:00,-6994.43,27530.93,16547.25,45952.74,26.72
2019-04-13T05:00+02:00,-7878.47,28081.9,16811.87,46231.16,26.72
2019-04-13T06:00+02:00,-8789.04,28297.22,17397.91,47510.59,26.72
2019-04-13T07:00+02:00,-8826.36,28528.58,18408.58,50291.98,26.72
2019-04-13T08:00+02:00,-8783.48,28686.71,21347.02,54071.24,26.72
2019-04-13T09:00+02:00,-9029.22,28476.9,25897.28,57081.94,26.72
2019-04-13T10:00+02:00,-9814.28,27399.2,30829.03,58735.23,26.72
2019-04-13T11:00+02:00,-10848.72,25943.18,34530,59209.95,26.72
2019-04-13T12:00+02:00,-11272.2,24759.08,35597.02,58332.57,26.72
2019-04-13T13:00+02:00,-11471.41,23724.25,35094.2,56211,26.72
2019-04-13T14:00+02:00,-11802.11,24046.65,34327.92,54694.82,26.72
2019-04-13T15:00+02:00,-9738.22,23613.89,32877,54132.18,26.72
2019-04-13T16:00+02:00,-9856.5,24066.12,30370.88,53643.26,26.72
2019-04-13T17:00+02:00,-9925.7,26026.33,27491.53,54138.61,26.72
2019-04-13T18:00+02:00,-8134.32,27066.83,23551.97,55052.81,26.72
2019-04-13T19:00+02:00,-7588.85,27998.86,21214.44,54876.65,26.72
2019-04-13T20:00+02:00,-7173.44,28489.46,21053.99,54579.4,26.72
2019-04-13T21:00+02:00,-9546.52,28821.59,22446.47,53124.19,26.72
2019-04-13T22:00+02:00,-10958.52,28327.35,22907.86,51350.67,26.72
2019-04-13T23:00+02:00,-11048.25,26534.09,22877.5,47898.27,26.72
2019-04-14T00:00+02:00,-10155.87,25550.58,22197.84,45449.51,26.72
2019-04-14T01:00+02:00,-9615.49,23833.65,22081.18,43479.96,26.72
2019-04-14T02:00+02:00,-9627.62,23436.6,21125.98,42186.98,26.72
2019-04-14T03:00+02:00,-9985.52,23951.96,20506.12,42005.16,26.72
2019-04-14T04:00+02:00,-10852.07,24807.43,20203.55,42381.73,26.72
2019-04-14T05:00+02:00,-11023.64,25122.3,19831.9,42401.8,26.72
2019-04-14T06:00+02:00,-11919.64,25443.35,19783.71,42189.67,26.72
2019-04-14T07:00+02:00,-12464.95,25728.02,20907.82,43808.29,26.72
2019-04-14T08:00+02:00,-12495.21,26003.4,22942.23,46953.74,26.72
2019-04-14T09:00+02:00,-12885.51,26018.64,26759.23,50275.93,26.72
2019-04-14T10:00+02:00,-13421.55,24590.12,31334.12,52497.27,26.72
2019-04-14T11:00+02:00,-13092.03,23148.48,34977.27,54475.32,26.72
2019-04-14T12:00+02:00,-12480.36,21655.32,36464.53,54111.92,26.72
2019-04-14T13:00+02:00,-12165.47,20516.45,36114.67,52286.13,26.72
2019-04-14T14:00+02:00,-11916.62,19257.84,34771.87,50357.13,26.72
2019-04-14T15:00+02:00,-11442.45,19579.36,33108.95,49318.28,26.72
2019-04-14T16:00+02:00,-9888.36,21873.22,30618.91,49270.97,26.72
2019-04-14T17:00+02:00,-9830.6,24173.59,28064.4,50458.99,26.72
2019-04-14T18:00+02:00,-9921.7,26009.29,24477.78,51535.31,26.72
2019-04-14T19:00+02:00,-9273.87,26732.88,22002.96,51873.14,26.72
2019-04-14T20:00+02:00,-8726.3,26679.78,21597.78,52346.23,26.72
2019-04-14T21:00+02:00,-9151.11,26832.3,22446.01,51735.4,26.72
2019-04-14T22:00+02:00,-9640.25,26811.84,22426.84,51031.91,26.72
2019-04-14T23:00+02:00,-11006.53,26556.1,22357.16,48004.52,26.72
2019-04-15T00:00+02:00,-8546.46,25888.85,21767.88,45650.3,26.72
2019-04-15T01:00+02:00,-8922.44,25783.95,21300.78,44484.17,26.72
2019-04-15T02:00+02:00,-9534.89,25679.99,20869.42,43821.77,26.72
2019-04-15T03:00+02:00,-10076.96,25587.96,20960.93,44053.58,26.72
2019-04-15T04:00+02:00,-9001.77,26318.67,20762.57,45944.61,26.72
2019-04-15T05:00+02:00,-7405.68,27976.2,20807.89,50219.06,26.72
2019-04-15T06:00+02:00,-3927.34,29745.9,21104.67,57515.14,26.72
2019-04-15T07:00+02:00,-3971.29,30305.4,22854.28,62867.86,26.72
2019-04-15T08:00+02:00,-5162.19,30294.52,26788.52,65646.75,26.72
2019-04-15T09:00+02:00,-8152.53,29069.91,31991.05,66800.97,26.72
2019-04-15T10:00+02:00,-11729.37,27824.03,37104.9,67188.17,26.72
2019-04-15T11:00+02:00,-11752.12,25944.85,42647.15,67807.45,26.72
2019-04-15T12:00+02:00,-12617.99,23227.88,47684.02,66604.94,26.72
2019-04-15T13:00+02:00,-12252.95,20699.7,50610.85,65560.75,26.72
2019-04-15T14:00+02:00,-12354.18,19493.94,49787.61,64496.28,26.72
2019-04-15T15:00+02:00,-13057.82,20436.43,46955.6,63455.12,26.72
2019-04-15T16:00+02:00,-11871.25,22420.64,42332.39,62279.33,26.72
2019-04-15T17:00+02:00,-10000.97,25114.94,37277.83,62388.08,26.72
2019-04-15T18:00+02:00,-6847.89,26893.59,31950.28,62555.74,26.72
2019-04-15T19:00+02:00,-4741.6,27498.52,27900.12,62801.29,26.72
2019-04-15T20:00+02:00,-5893.67,27839.57,29074.23,62700.3,26.72
2019-04-15T21:00+02:00,-9001.23,27405.01,32789.85,60765.72,26.72
2019-04-15T22:00+02:00,-10957.37,26130.03,34067.05,57273.75,26.72
2019-04-15T23:00+02:00,-11685.38,23935.85,33593.5,53376.7,26.72
2019-04-16T00:00+02:00,-10759.84,21323.09,31923.39,50177.8,26.72
2019-04-16T01:00+02:00,-8945.31,20809.62,30557,48627.73,26.72
2019-04-16T02:00+02:00,-8577.6,20658.54,29201.67,47882.17,26.72
2019-04-16T03:00+02:00,-7173.55,21421.56,27745.22,48387.4,26.72
2019-04-16T04:00+02:00,-7148.32,22996.24,26758.5,49994.7,26.72
2019-04-16T05:00+02:00,-7956.35,25509.54,26219.99,54029.03,26.72
2019-04-16T06:00+02:00,-5667.28,27795.91,26599.52,60600.35,26.72
2019-04-16T07:00+02:00,-5203.89,28119.92,27781.31,65074.18,26.72
2019-04-16T08:00+02:00,-6019.61,28285.69,31218.65,67252.75,26.72
2019-04-16T09:00+02:00,-8728.69,27873.55,35085.68,68041.01,26.72
2019-04-16T10:00+02:00,-11632.59,26248.59,40166.51,67942.76,26.72
2019-04-16T11:00+02:00,-12220.6,23874.72,45708.26,68195.54,26.72
2019-04-16T12:00+02:00,-13236.51,22038.15,50540.48,67658.65,26.72
2019-04-16T13:00+02:00,-13321.35,20401.91,51415.64,66628.89,26.72
2019-04-16T14:00+02:00,-12975.02,20785.5,49102,65104.12,26.72
2019-04-16T15:00+02:00,-12341.75,23381.42,45182.31,64397.5,26.72
2019-04-16T16:00+02:00,-12039.42,25535.45,40017.05,63512.39,26.72
2019-04-16T17:00+02:00,-8372.36,27496.27,34662.24,63519.27,26.72
2019-04-16T18:00+02:00,-4917.24,28227.62,29743.15,63703.06,26.72
2019-04-16T19:00+02:00,-4624.79,28515.53,26431.79,63130.73,26.72
2019-04-16T20:00+02:00,-6055.3,28410.14,28217.17,63149.11,26.72
2019-04-16T21:00+02:00,-8274.32,28153.51,30765.1,61445.53,26.72
2019-04-16T22:00+02:00,-10365.19,27232.8,31479.94,57781.35,26.72
2019-04-16T23:00+02:00,-12148.75,25505.27,31602.88,53515.28,26.72
2019-04-17T00:00+02:00,-10874.15,24318.4,30570.71,50018.3,26.72
2019-04-17T01:00+02:00,-9930.93,23835.11,29446.41,47809.62,26.72
2019-04-17T02:00+02:00,-9997.87,24293.17,28205.53,47246.19,26.72
2019-04-17T03:00+02:00,-8908.28,24760.59,26853.88,47394.59,26.72
2019-04-17T04:00+02:00,-8439.71,25376,25703.63,48916.78,26.72
2019-04-17T05:00+02:00,-8719.88,27271.03,25004.67,52626.26,26.72
2019-04-17T06:00+02:00,-5223.71,29252.65,24995.17,58953.6,26.72
2019-04-17T07:00+02:00,-3742.44,29749.16,26003.56,63891.58,26.72
2019-04-17T08:00+02:00,-3902.55,29921.51,27604.23,66688.08,26.72
2019-04-17T09:00+02:00,-5819.9,30017.39,30564.12,67365.62,26.72
2019-04-17T10:00+02:00,-7641.98,29324.07,36116.75,68394.26,26.72
2019-04-17T11:00+02:00,-10842.77,27463.25,43037.32,68981.98,26.72
2019-04-17T12:00+02:00,-12015.53,23503.88,46917.1,67383.42,26.72
2019-04-17T13:00+02:00,-11909.74,22565.4,47357.74,66222.42,26.72
2019-04-17T14:00+02:00,-11759.97,22663.65,45969.26,64872.11,26.72
2019-04-17T15:00+02:00,-10829.49,23019.88,42898.28,63298.78,26.72
2019-04-17T16:00+02:00,-9597.3,24234.4,38738.03,61950.96,26.72
2019-04-17T17:00+02:00,-8152.86,26750.16,33021.17,61638.16,26.72
2019-04-17T18:00+02:00,-4146.29,28045.38,27689.93,61649.77,26.72
2019-04-17T19:00+02:00,-1545.26,28180.39,24110.46,62163.25,26.72
2019-04-17T20:00+02:00,-3146.12,27996.53,26252.91,62173.71,26.72
2019-04-17T21:00+02:00,-6168.6,27363.85,29930.54,60185.47,26.72
2019-04-17T22:00+02:00,-8934.46,26127.42,30971.17,56728.64,26.72
2019-04-17T23:00+02:00,-12405.32,25067.5,30798.55,52881.51,26.72
2019-04-18T00:00+02:00,-11263.6,23125.98,29961.22,49191.48,26.72
2019-04-18T01:00+02:00,-9595.43,21788.59,29058.2,47204.35,26.72
2019-04-18T02:00+02:00,-7538.34,20711.25,28236.37,46522.53,26.72
2019-04-18T03:00+02:00,-6761.78,20095.35,27246.64,46518.27,26.72
2019-04-18T04:00+02:00,-7042.14,20919.45,26484.31,47831.54,26.72
2019-04-18T05:00+02:00,-7868.14,24113.66,25970.94,51561.81,26.72
2019-04-18T06:00+02:00,-5147.64,26130.18,26258.34,57401.42,26.72
2019-04-18T07:00+02:00,-2618.41,26282.25,27693.98,62138.22,26.72
2019-04-18T08:00+02:00,-3535.22,25864.16,29755.96,64727.46,26.72
2019-04-18T09:00+02:00,-5910.81,25056.17,33592.21,65281.52,26.72
2019-04-18T10:00+02:00,-9251.66,23229.2,39985.08,65727.38,26.72
2019-04-18T11:00+02:00,-12038.61,20798.14,46944,65091.55,26.72
2019-04-18T12:00+02:00,-13139.26,18457.36,53692.27,64529.44,26.72
2019-04-18T13:00+02:00,-13522.99,16046.72,57897.89,64225.68,26.72
2019-04-18T14:00+02:00,-12763.51,14820.58,56438.36,62615.94,26.72
2019-04-18T15:00+02:00,-12914.73,14707.8,54006.72,61530.24,26.72
2019-04-18T16:00+02:00,-10951.4,15024.46,49745.18,60191.32,26.72
2019-04-18T17:00+02:00,-10241.4,19093.15,43539.82,59877.56,26.72
2019-04-18T18:00+02:00,-7782.56,20619.64,36400.6,59010.02,26.72
2019-04-18T19:00+02:00,-4817.15,20624.49,30303.2,58663.6,26.72
2019-04-18T20:00+02:00,-5947.88,20939.22,30161.05,58104.26,26.72
2019-04-18T21:00+02:00,-7970.87,20673.56,32984.03,56055.5,26.72
2019-04-18T22:00+02:00,-10168.14,19879.64,33863.97,52549.27,26.72
2019-04-18T23:00+02:00,-11803.79,17737.65,33433.69,48075.36,26.72
2019-04-19T00:00+02:00,-10838.12,15041.67,32137.95,44517.69,26.72
2019-04-19T01:00+02:00,-10462.98,14089.69,30775.27,42288.45,26.72
2019-04-19T02:00+02:00,-9635.94,14321.54,29101.6,41014.31,26.72
2019-04-19T03:00+02:00,-9189.44,14701.13,27542.75,40465.42,26.72
2019-04-19T04:00+02:00,-8539.41,15415.07,26394.46,40260.71,26.72
2019-04-19T05:00+02:00,-9096.06,15535.53,25068.68,40060.58,26.72
2019-04-19T06:00+02:00,-9801.94,16173.74,24218.76,39387.81,26.72
2019-04-19T07:00+02:00,-11343.66,16726.27,25645.7,41554.22,26.72
2019-04-19T08:00+02:00,-10922.37,17391.85,27701.13,45054.43,26.72
2019-04-19T09:00+02:00,-11274.96,16909.24,30950.83,47778.06,26.72
2019-04-19T10:00+02:00,-13085.91,15299.85,36604.45,49279.97,26.72
2019-04-19T11:00+02:00,-12926.36,13950.71,41551.06,50918.67,26.72
2019-04-19T12:00+02:00,-15000.46,12774.37,45891.33,50153.96,26.72
2019-04-19T13:00+02:00,-16101.65,12119.45,47821.1,48407.93,26.72
2019-04-19T14:00+02:00,-16204.27,11861.33,46105.17,47009.31,26.72
2019-04-19T15:00+02:00,-15572.76,11856.86,42963.67,45595.67,26.72
2019-04-19T16:00+02:00,-12566.66,12764.99,38118.14,44616.41,26.72
2019-04-19T17:00+02:00,-9144.75,14736.73,32081.78,45442.56,26.72
2019-04-19T18:00+02:00,-5278.16,17305.67,25820.56,46592.44,26.72
2019-04-19T19:00+02:00,-4678.67,18252.84,20825.91,47115.81,26.72
2019-04-19T20:00+02:00,-5179.03,18080.82,21256.88,47408.75,26.72
2019-04-19T21:00+02:00,-6358.75,18094.68,23814.16,46970.85,26.72
2019-04-19T22:00+02:00,-8076.91,17996.26,24506.53,45086.84,26.72
2019-04-19T23:00+02:00,-8233.7,17659.17,23527.67,41693.87,26.72
2019-04-20T00:00+02:00,-6775.05,16475.67,22601.04,38998.55,26.72
2019-04-20T01:00+02:00,-5768.16,15180.94,21266.24,37224.97,26.72
2019-04-20T02:00+02:00,-5928.5,14839.32,19535.49,36291.78,26.72
2019-04-20T03:00+02:00,-4495.49,15262.97,17770.18,36008.6,26.72
2019-04-20T04:00+02:00,-2960,15715.1,16620,36938.17,26.72
2019-04-20T05:00+02:00,-2224.85,16597.04,15846.22,38523.91,26.72
2019-04-20T06:00+02:00,-1717.08,17509.88,15926.54,39719.61,26.72
2019-04-20T07:00+02:00,-2166.55,17678.07,18660.62,42838.04,26.72
2019-04-20T08:00+02:00,-2870.54,17561.21,23036.58,46547.67,26.72
2019-04-20T09:00+02:00,-3887.26,16280.17,27907.79,49583.56,26.72
2019-04-20T10:00+02:00,-6665.1,14680.57,33222.89,50334.68,26.72
2019-04-20T11:00+02:00,-10103.78,13562.98,37833.67,50779.26,26.72
2019-04-20T12:00+02:00,-11382.46,12731.87,40735.29,50459.57,26.72
2019-04-20T13:00+02:00,-9956.08,12260.95,41317.06,49282.15,26.72
2019-04-20T14:00+02:00,-8706.94,12146.12,39547.18,48053.33,26.72
2019-04-20T15:00+02:00,-7344.87,12270.17,36161.93,46971.38,26.72
2019-04-20T16:00+02:00,-4512.43,13582.36,31560.95,46228.27,26.72
2019-04-20T17:00+02:00,-2808.05,16276.16,25581.46,47377.28,26.72
2019-04-20T18:00+02:00,1006.6,17373,19566.22,47821.13,26.72
2019-04-20T19:00+02:00,1480.54,17596.19,15734.21,47513.68,26.72
2019-04-20T20:00+02:00,946.69,17932.81,16507.72,46977.09,26.72
2019-04-20T21:00+02:00,-1077.73,17889.6,19298.15,46228.05,26.72
2019-04-20T22:00+02:00,-2595.46,17631.48,20361.24,44038.72,26.72
2019-04-20T23:00+02:00,-3058.67,16589.94,20090.1,41011.48,26.72
2019-04-21T00:00+02:00,-2108.43,14705.21,18724.75,38045.03,26.72
2019-04-21T01:00+02:00,-1640.08,14026.41,17196.66,35600.66,26.72
2019-04-21T02:00+02:00,-765.74,13687.49,15578.46,34463.78,26.72
2019-04-21T03:00+02:00,221.16,14023.92,14434.81,34218.7,26.72
2019-04-21T04:00+02:00,962.42,14550.11,13346.37,34747.68,26.72
2019-04-21T05:00+02:00,2252.89,14667.79,12658.38,35361.28,26.72
2019-04-21T06:00+02:00,1680.71,14397.54,12936.87,35568.42,26.72
2019-04-21T07:00+02:00,1574.57,14379.07,16222.13,37556.92,26.72
2019-04-21T08:00+02:00,1.41,14099.95,21451.17,41253.56,26.72
2019-04-21T09:00+02:00,-3362.68,13971.47,26645.51,43918.73,26.72
2019-04-21T10:00+02:00,-4724.69,12746.56,31743.15,44774.7,26.72
2019-04-21T11:00+02:00,-5703.08,12176.42,36334.32,45566.22,26.72
2019-04-21T12:00+02:00,-7750.67,11707.59,39041.18,44565.05,26.72
2019-04-21T13:00+02:00,-8157.81,10986.42,39110.43,42776.03,26.72
2019-04-21T14:00+02:00,-8394.57,10975.94,37478.85,41192.74,26.72
2019-04-21T15:00+02:00,-5986.93,11056.86,34366.76,40177.16,26.72
2019-04-21T16:00+02:00,-3084.36,11392.26,29769.3,39848.5,26.72
2019-04-21T17:00+02:00,-71.53,13050.34,23885.84,40933.23,26.72
2019-04-21T18:00+02:00,2812.77,15207.88,17844.02,42078.56,26.72
2019-04-21T19:00+02:00,2904.35,15853.9,14219.25,42636.03,26.72
2019-04-21T20:00+02:00,2034.9,15833.09,15556.38,43740.21,26.72
2019-04-21T21:00+02:00,-346.96,15781.7,19819.6,43937.01,26.72
2019-04-21T22:00+02:00,-3969.74,15164.65,22716.85,42302.35,26.72
2019-04-21T23:00+02:00,-5076.53,13874.97,25164.03,39187.03,26.72
2019-04-22T00:00+02:00,-6249.58,12014.5,26244.64,36459.47,26.72
2019-04-22T01:00+02:00,-6415.4,11323.41,26601.3,34959.93,26.72
2019-04-22T02:00+02:00,-7040.73,11289.23,26420.46,34214.15,26.72
2019-04-22T03:00+02:00,-7054.91,11147.11,26441.38,34190.18,26.72
2019-04-22T04:00+02:00,-6597.82,10880.74,26434.03,34744.03,26.72
2019-04-22T05:00+02:00,-6555.36,10940.58,26780.57,35483.91,26.72
2019-04-22T06:00+02:00,-6315.87,10852.73,28085.99,35959.26,26.72
2019-04-22T07:00+02:00,-7248.66,10601.69,30456.51,38459.49,26.72
2019-04-22T08:00+02:00,-7535.49,10390.07,33142.01,41769.82,26.72
2019-04-22T09:00+02:00,-9086.34,10350.29,37667.03,44334.75,26.72
2019-04-22T10:00+02:00,-11592.62,10009.43,44338.82,46440.96,26.72
2019-04-22T11:00+02:00,-12834.22,9482.97,50689.52,48347.99,26.72
2019-04-22T12:00+02:00,-13103.72,9287.45,51904.06,47906.39,26.72
2019-04-22T13:00+02:00,-12875.38,8992.12,50119.64,46680.36,26.72
2019-04-22T14:00+02:00,-13081.89,8923.4,48690.04,45032.58,26.72
2019-04-22T15:00+02:00,-13055.47,8693.17,48399.77,44673.48,26.72
2019-04-22T16:00+02:00,-12874.69,8915.5,47012.93,44170.1,26.72
2019-04-22T17:00+02:00,-12265.68,9154.82,45804.21,45131.52,26.72
2019-04-22T18:00+02:00,-9503.51,9487.26,41723.24,46870.68,26.72
2019-04-22T19:00+02:00,-7598.29,9733.41,39016.62,47145.18,26.72
2019-04-22T20:00+02:00,-8250.62,9677.23,40786.74,47439.62,26.72
2019-04-22T21:00+02:00,-10182.06,9696.64,43121.87,47716.72,26.72
2019-04-22T22:00+02:00,-10589.03,9550.87,43254.58,46119.74,26.72
2019-04-22T23:00+02:00,-10985.45,9485.21,39755.16,43006.09,26.72
2019-04-23T00:00+02:00,-10083.86,9609.22,37874.73,40225.3,26.72
2019-04-23T01:00+02:00,-10639.39,9566.5,37248.85,38467.34,26.72
2019-04-23T02:00+02:00,-10347.99,9623.9,37008.09,37654.78,26.72
2019-04-23T03:00+02:00,-9873.56,9668.19,36662.59,37961.7,26.72
2019-04-23T04:00+02:00,-8253.17,9799.58,36601.27,39928.45,26.72
2019-04-23T05:00+02:00,-8807.5,9989.47,41009.37,45165.68,26.72
2019-04-23T06:00+02:00,-7559.62,10602.15,42731.36,52850.96,26.72
2019-04-23T07:00+02:00,-6894,11061.62,45304.87,59656.05,26.72
2019-04-23T08:00+02:00,-8432.79,11170.02,50219.17,63310.51,26.72
2019-04-23T09:00+02:00,-11462.49,11127.92,55461.54,64473.15,26.72
2019-04-23T10:00+02:00,-11496.7,11182.26,59697.7,65191.38,26.72
2019-04-23T11:00+02:00,-11819.13,11258.5,61596.95,66222.36,26.72
2019-04-23T12:00+02:00,-11470.74,11995.61,62162.92,65939.92,26.72
2019-04-23T13:00+02:00,-10305.37,12774.91,61427.78,65588.48,26.72
2019-04-23T14:00+02:00,-9419.82,12648.04,58972.13,63999.47,26.72
2019-04-23T15:00+02:00,-9142.15,13107.13,55884.74,63051.24,26.72
2019-04-23T16:00+02:00,-6093.01,13342.82,51967.05,62245.74,26.72
2019-04-23T17:00+02:00,-4719.79,13986.71,47830.36,61810.04,26.72
2019-04-23T18:00+02:00,-3869.12,15093.7,43844.41,61826.92,26.72
2019-04-23T19:00+02:00,-2104.8,15578.54,39611.97,61046.38,26.72
2019-04-23T20:00+02:00,-2343.75,15667.26,38633.77,60081.2,26.72
2019-04-23T21:00+02:00,-2958.31,15325.17,38600.53,57653.18,26.72
2019-04-23T22:00+02:00,-4195.42,14429.45,37249.78,53112.13,26.72
2019-04-23T23:00+02:00,-4631.03,13234.14,36185.15,48862.73,26.72
2019-04-24T00:00+02:00,-2982.15,12508.19,34929.83,45791.02,26.72
2019-04-24T01:00+02:00,-2427.19,11976.99,33194.84,44307.4,26.72
2019-04-24T02:00+02:00,-943.21,11682.9,31652.38,43610.57,26.72
2019-04-24T03:00+02:00,1679.6,11640.38,29906.77,44118.24,26.72
2019-04-24T04:00+02:00,2452.38,12758.41,28682.06,45398.42,26.72
2019-04-24T05:00+02:00,2156.04,14191.08,28331.53,48930,26.72
2019-04-24T06:00+02:00,3588.08,15431.42,29408.08,55659.37,26.72
2019-04-24T07:00+02:00,5793.15,16489.86,31773.81,61180.55,26.72
2019-04-24T08:00+02:00,4154.78,16802.45,34647.87,64246.09,26.72
2019-04-24T09:00+02:00,641.49,16401.8,39284.71,65233.57,26.72
2019-04-24T10:00+02:00,-32.07,15620,43671.91,66772.54,26.72
2019-04-24T11:00+02:00,-2482.1,15166.71,46946.5,67309.02,26.72
2019-04-24T12:00+02:00,-3190.83,14907.99,49046.06,66516.49,26.72
2019-04-24T13:00+02:00,-2200.48,14523.06,49665.33,65980.38,26.72
2019-04-24T14:00+02:00,-2280.7,14096.46,48610.77,64910.92,26.72
2019-04-24T15:00+02:00,-1890.64,14473.08,45376.54,63581.56,26.72
2019-04-24T16:00+02:00,-139.79,15111.32,41310.08,62052.8,26.72
2019-04-24T17:00+02:00,1649.77,16443.32,37679.57,61500.12,26.72
2019-04-24T18:00+02:00,3545.81,16760.09,35170.76,61584.15,26.72
2019-04-24T19:00+02:00,2195.63,17256.92,32922.83,61646.9,26.72
2019-04-24T20:00+02:00,-513.77,17448.17,34572.34,60689.69,26.72
2019-04-24T21:00+02:00,-1524.18,17337.49,36979.07,59212.14,26.72
2019-04-24T22:00+02:00,-4719.55,16771.57,36710.78,55207.08,26.72
2019-04-24T23:00+02:00,-3920.76,14805.15,34783.16,50609.26,26.72
2019-04-25T00:00+02:00,17.51,12942.69,32272.81,47062.18,26.72
2019-04-25T01:00+02:00,2130.17,12010.84,28369.22,44782.59,26.72
2019-04-25T02:00+02:00,1986.66,13581.39,24309.34,43331.8,26.72
2019-04-25T03:00+02:00,3000.63,15569.03,21011.49,43762.97,26.72
2019-04-25T04:00+02:00,2577.96,16910.55,20690.08,45624.08,26.72
2019-04-25T05:00+02:00,4270.77,17442.96,21713.5,49415.67,26.72
2019-04-25T06:00+02:00,6840.1,18442.72,21849.93,55952.81,26.72
2019-04-25T07:00+02:00,5204.3,19286.31,24230.75,61094.36,26.72
2019-04-25T08:00+02:00,4215.26,19642.48,28756.12,64149.16,26.72
2019-04-25T09:00+02:00,1626.81,19535.35,34582.69,65485.69,26.72
2019-04-25T10:00+02:00,-2812.12,19679.7,39522.08,66601.71,26.72
2019-04-25T11:00+02:00,-4463.82,19515.97,43262.68,67569.75,26.72
2019-04-25T12:00+02:00,-4436.66,18433.21,45387.27,67433.15,26.72
2019-04-25T13:00+02:00,-3968.07,17827.44,46082.12,65709.63,26.72
2019-04-25T14:00+02:00,-3840.91,18025.98,45631.96,64577.31,26.72
2019-04-25T15:00+02:00,-2682.79,18013.83,42101.91,63864.91,26.72
2019-04-25T16:00+02:00,-2561.91,19315.21,37357.62,62470.56,26.72
2019-04-25T17:00+02:00,401.05,20483.69,31504.28,62063.48,26.72
2019-04-25T18:00+02:00,3911.43,20971.66,25663.53,61270.76,26.72
2019-04-25T19:00+02:00,5022.58,21298.07,21786.46,60587.52,26.72
2019-04-25T20:00+02:00,4208.06,21404.28,22673.63,59433.56,26.72
2019-04-25T21:00+02:00,4148.27,20642.74,25215.63,58395.64,26.72
2019-04-25T22:00+02:00,1600.75,19397.86,26595.57,54607.57,26.72
2019-04-25T23:00+02:00,-2333.47,19284.35,26518.76,50501.13,26.72
2019-04-26T00:00+02:00,1370.5,17559.91,24524.09,47680.18,26.72
2019-04-26T01:00+02:00,2133.84,16919.96,22083.19,44908.65,26.72
2019-04-26T02:00+02:00,4074.86,17111.67,19820.9,43407.1,26.72
2019-04-26T03:00+02:00,4717.85,17905.99,18368.93,43545.45,26.72
2019-04-26T04:00+02:00,5281.84,19302.31,17930.5,45343.94,26.72
2019-04-26T05:00+02:00,5396.52,20129.84,18499.56,48887.02,26.72
2019-04-26T06:00+02:00,6620.26,21856.93,18880.94,55647.83,26.72
2019-04-26T07:00+02:00,7094.9,22858.43,20184.46,61275.55,26.72
2019-04-26T08:00+02:00,5750.78,23092.42,22693.49,64699.8,26.72
2019-04-26T09:00+02:00,4510.05,22764.59,26644.7,66153.78,26.72
2019-04-26T10:00+02:00,6095.11,22682.46,29026.07,67541.15,26.72
2019-04-26T11:00+02:00,5696.99,22596.7,30392.97,68384.17,26.77
2019-04-26T12:00+02:00,4791.62,22692.47,30829.55,67457.03,26.79
2019-04-26T13:00+02:00,4695.55,22460.72,30562.4,65704.61,26.79
2019-04-26T14:00+02:00,3106.6,22386.33,30051.87,63951.71,26.79
2019-04-26T15:00+02:00,2769.89,22483.58,29400.59,62003.31,26.79
2019-04-26T16:00+02:00,3321.36,22826.49,28197.03,61190.74,26.79
2019-04-26T17:00+02:00,4690.77,22995.98,26597.32,60942.59,26.79
2019-04-26T18:00+02:00,4504.32,23246.45,23846.48,60869.43,26.79
2019-04-26T19:00+02:00,6119.02,23340.99,21856.93,59932.1,26.79
2019-04-26T20:00+02:00,5662.81,23150.08,20447.65,58280.46,26.79
2019-04-26T21:00+02:00,5345.22,22674.17,20541.06,56170.24,26.79
2019-04-26T22:00+02:00,3538.09,21899.63,20594.83,53113.95,26.79
2019-04-26T23:00+02:00,2435.24,19785.5,19921.34,49331.98,26.79
2019-04-27T00:00+02:00,1732.56,17904.58,20123.93,45012.64,26.79
2019-04-27T01:00+02:00,2006.26,15906.47,21459.32,43018.46,26.79
2019-04-27T02:00+02:00,1817.1,14706.09,22194.93,42281.52,26.79
2019-04-27T03:00+02:00,776.12,14540.8,22808.15,42538.22,26.79
2019-04-27T04:00+02:00,2473.76,14533.51,22724.22,43120.97,26.79
2019-04-27T05:00+02:00,2332.17,14594.64,21780.41,43395.05,26.79
2019-04-27T06:00+02:00,945.74,15166.48,21716.58,43949.29,26.79
2019-04-27T07:00+02:00,1697.55,16282.91,22629.86,47155.31,26.79
2019-04-27T08:00+02:00,306.48,17481.97,24475.4,51249.99,26.79
2019-04-27T09:00+02:00,-996.36,18085.57,28621.51,54056.57,26.79
2019-04-27T10:00+02:00,-2898.12,18181.52,32455.04,56089.5,26.79
2019-04-27T11:00+02:00,-3428.61,17421.4,34533.73,56741.15,26.79
2019-04-27T12:00+02:00,-4145.85,17211.71,35293.63,55827.81,26.79
2019-04-27T13:00+02:00,-2866.76,16689.39,34674.84,54306.09,26.79
2019-04-27T14:00+02:00,-2575,16742.62,33958.35,52102.94,26.79
2019-04-27T15:00+02:00,-1784.22,16670.08,31808.61,51575.12,26.79
2019-04-27T16:00+02:00,-1638.57,17518.63,28866.94,51037.34,26.79
2019-04-27T17:00+02:00,-400.18,18596.15,25085.19,51626.01,26.79
2019-04-27T18:00+02:00,2546.2,19786.76,20693.64,52540.32,26.79
2019-04-27T19:00+02:00,2817.81,20940.89,18194.57,51637.17,26.79
2019-04-27T20:00+02:00,3251.36,20443.25,16728.49,50699.17,26.79
2019-04-27T21:00+02:00,3429.4,20222.99,16567.95,49429.48,26.79
2019-04-27T22:00+02:00,1679.83,20271.91,16774.58,47373.78,26.79
2019-04-27T23:00+02:00,489.56,19336.98,17092.39,43567.56,26.79
2019-04-28T00:00+02:00,328.91,17941.21,17115.59,41026.19,26.79
2019-04-28T01:00+02:00,-1320.3,17564.04,17508.68,39311.33,26.79
2019-04-28T02:00+02:00,280.03,16949.44,17764.73,38570.64,26.79
2019-04-28T03:00+02:00,1407.62,16309.19,17935.47,38378.51,26.79
2019-04-28T04:00+02:00,2730.27,15742.97,17181.31,38653,26.79
2019-04-28T05:00+02:00,3481.85,16198.06,16116.62,38699.27,26.79
2019-04-28T06:00+02:00,2156.97,16913.05,15512.36,38721.83,26.79
2019-04-28T07:00+02:00,2093.59,17594.78,16155.84,40725.06,26.79
2019-04-28T08:00+02:00,909.37,18612.13,17715.04,43693.62,26.79
2019-04-28T09:00+02:00,188.63,19043.88,20317.35,46894.8,26.79
2019-04-28T10:00+02:00,-190.65,19372.87,22495.39,49173.95,26.79
2019-04-28T11:00+02:00,-415.27,19516.93,24521.79,51405.5,26.79
2019-04-28T12:00+02:00,-1713.19,19685.95,26625.79,51297.15,26.79
2019-04-28T13:00+02:00,-1264.43,19122.58,27387.44,49718.51,26.79
2019-04-28T14:00+02:00,-1779.32,19006.81,26694.67,48635.93,26.79
2019-04-28T15:00+02:00,-1214.22,19012.62,25060.18,47427.87,26.79
2019-04-28T16:00+02:00,-257.88,19460.51,23374.88,46733.06,26.79
2019-04-28T17:00+02:00,663.38,20950.73,20291.74,47979.21,26.79
2019-04-28T18:00+02:00,2411.23,23078.36,16470.22,49328.08,26.79
2019-04-28T19:00+02:00,3730.59,24454.91,12759.63,50025.98,26.79
2019-04-28T20:00+02:00,3512.74,24787.12,11090.35,50008.22,26.79
2019-04-28T21:00+02:00,4253.57,24965.66,11006.1,50430.97,26.79
2019-04-28T22:00+02:00,4410.96,25146.9,11180.76,49482.33,26.79
2019-04-28T23:00+02:00,2154.5,24529.3,11570.36,46112.14,26.79
2019-04-29T00:00+02:00,955.73,23848.21,12146.17,43820.89,26.79
2019-04-29T01:00+02:00,2056.21,22762.49,12625.41,42448.05,26.79
2019-04-29T02:00+02:00,2501.45,21948.92,13230.71,41908.85,26.79
2019-04-29T03:00+02:00,3368.93,21699.11,13825.78,42700.7,26.79
2019-04-29T04:00+02:00,2964.76,22489.09,14301.33,44493.46,26.79
2019-04-29T05:00+02:00,1818.5,25121.8,15247.78,49038.58,26.79
2019-04-29T06:00+02:00,3852.33,27177.46,16773.41,56418.43,26.79
2019-04-29T07:00+02:00,2242.69,28116.31,19569.26,61733.64,26.79
2019-04-29T08:00+02:00,1794.77,28092.23,22860.18,64251.38,26.79
2019-04-29T09:00+02:00,316.77,27850.53,26173.05,64907.72,26.79
2019-04-29T10:00+02:00,-436.05,27551.79,29627.1,66225.74,26.79
2019-04-29T11:00+02:00,-598.82,27429.18,31777.6,67379.1,26.79
2019-04-29T12:00+02:00,-1692.45,27054.43,32611.21,67091.59,26.79
2019-04-29T13:00+02:00,-1613.65,27042.05,32936.05,66492,26.79
2019-04-29T14:00+02:00,-1144.55,26907.23,32891.81,65663.89,26.79
2019-04-29T15:00+02:00,-696.74,26327.77,31871.74,65352.41,26.79
2019-04-29T16:00+02:00,-204.51,26129.85,30404.36,64200.32,26.79
2019-04-29T17:00+02:00,184.65,26506.47,28734.3,63829.33,26.79
2019-04-29T18:00+02:00,1216.95,26932.87,26567.12,63646.22,26.79
2019-04-29T19:00+02:00,2131.2,27145.83,24125.35,63014.32,26.79
2019-04-29T20:00+02:00,1706.6,27018.49,22294.14,61343.66,26.79
2019-04-29T21:00+02:00,542.07,26888.06,21699,59045.43,26.79
2019-04-29T22:00+02:00,120.27,26563.03,20349.33,55290.99,26.79
2019-04-29T23:00+02:00,-1681.67,25740.37,19191.03,50668.81,26.79
2019-04-30T00:00+02:00,-1418.37,24494.16,18196.03,47203.48,26.79
2019-04-30T01:00+02:00,518.5,24057.67,17155.91,45758.69,26.79
2019-04-30T02:00+02:00,2306.72,23223.03,16738.38,44917.74,26.79
2019-04-30T03:00+02:00,4057.64,22355.06,16374.96,45441.1,26.79
2019-04-30T04:00+02:00,4358.93,22850.56,16643.42,47167.42,26.79
2019-04-30T05:00+02:00,2450.52,25154.71,16876.11,50704.68,26.79
2019-04-30T06:00+02:00,4247.61,26986.38,17357.88,57631.88,26.79
2019-04-30T07:00+02:00,3190.46,28006.49,18553.12,62608.14,26.79
2019-04-30T08:00+02:00,3304.81,28306.28,20398.9,65201.45,26.79
2019-04-30T09:00+02:00,-419.18,28791,24514.59,65485.12,26.79
2019-04-30T10:00+02:00,701.92,27759.18,29489.64,65780.26,26.79
2019-04-30T11:00+02:00,-1963.39,26954.56,34128.67,66109.87,26.79
2019-04-30T12:00+02:00,-4441.41,26205.61,37221.21,65614.37,26.79
2019-04-30T13:00+02:00,-6002.64,25644.78,38734.97,64970.09,26.79
2019-04-30T14:00+02:00,-5809.22,24927.22,38697.3,63581.13,26.79
2019-04-30T15:00+02:00,-4907.7,24940.14,36712.33,62357.83,26.79
2019-04-30T16:00+02:00,-3682.05,25434.05,33136.53,60625.69,26.79
2019-04-30T17:00+02:00,-1454.01,26162.87,28107.28,59835.12,26.79
2019-04-30T18:00+02:00,2819.19,26875.93,22494.74,59443.78,26.79
2019-04-30T19:00+02:00,6325.67,27144.93,17446.42,59117.84,26.79
2019-04-30T20:00+02:00,5583.15,27104.54,15486.11,57676.5,26.79
2019-04-30T21:00+02:00,6551.93,26146.7,16051.82,56228.18,26.79
2019-04-30T22:00+02:00,3629.22,24292.39,16410.63,52274.64,26.79
2019-04-30T23:00+02:00,1280.68,22452.39,16136.2,48067.12,26.79
2019-05-01T00:00+02:00,1437.8,20045.37,15294.85,44671.59,26.79
2019-05-01T01:00+02:00,1227.01,19054.47,14808.39,42506.75,26.79
2019-05-01T02:00+02:00,848.41,18853.53,14852.61,40888.93,26.79
2019-05-01T03:00+02:00,1796.38,18461.35,15344.59,40509.15,26.79
2019-05-01T04:00+02:00,1956.08,17602.05,15932.02,40369.69,26.79
2019-05-01T05:00+02:00,567.9,16962.5,16575.45,39819.3,26.79
2019-05-01T06:00+02:00,263.46,15303.06,17863.47,38689.83,26.79
2019-05-01T07:00+02:00,-687.77,14932.22,20886.69,41086.32,26.79
2019-05-01T08:00+02:00,-2959.5,15175.74,25303.52,44508.54,26.79
2019-05-01T09:00+02:00,-3545.03,15006.25,30279.5,47616.87,26.79
2019-05-01T10:00+02:00,-6775.18,14759.22,35072.95,49937.58,26.79
2019-05-01T11:00+02:00,-7208.96,13924.54,38826.77,51253.4,26.79
2019-05-01T12:00+02:00,-7658.3,13119.98,41080.64,50257.14,26.79
2019-05-01T13:00+02:00,-7821.82,12649.12,42520.43,48241.88,26.79
2019-05-01T14:00+02:00,-8887.91,12279.85,43314.33,46512.35,26.79
2019-05-01T15:00+02:00,-6597.85,12240.07,42134.29,46178.35,26.79
2019-05-01T16:00+02:00,-6235.15,12390,39509.22,45667.64,26.79
2019-05-01T17:00+02:00,-4895,13166.88,35354.41,46206.92,26.79
2019-05-01T18:00+02:00,-2290.25,15340.84,29703.67,47303.46,26.79
2019-05-01T19:00+02:00,40.03,16851.04,24677.74,48143.01,26.79
2019-05-01T20:00+02:00,-283.05,18529.58,22010.47,48053.83,26.79
2019-05-01T21:00+02:00,-2.95,18487.17,21905.34,48169,26.79
2019-05-01T22:00+02:00,-920.79,18398.91,21985.54,47251.22,26.79
2019-05-01T23:00+02:00,-1866.83,17425.39,22054.85,43486.22,26.79
2019-05-02T00:00+02:00,-2951.15,17149.04,22056.38,40974.84,26.79
2019-05-02T01:00+02:00,-3238.19,15366.18,22662.7,39886.84,26.79
2019-05-02T02:00+02:00,-2269.19,14618.97,23454.82,39763.09,26.79
2019-05-02T03:00+02:00,-2003.41,14333.12,24015.95,40408.75,26.79
2019-05-02T04:00+02:00,-1837.79,14471.07,24695.96,42434.98,26.79
2019-05-02T05:00+02:00,-2488.44,18375.67,25375.4,46779.3,26.79
2019-05-02T06:00+02:00,1994.37,20472.29,26590.86,55215.21,26.79
2019-05-02T07:00+02:00,417.5,21349.38,29243.83,61109.94,26.79
2019-05-02T08:00+02:00,-1549.02,21586.89,32960.7,63744.32,26.79
2019-05-02T09:00+02:00,-3124.8,21705.91,37248.44,64516.95,26.79
2019-05-02T10:00+02:00,-3948.53,21662.51,41958.81,65605.37,26.79
2019-05-02T11:00+02:00,-6229.69,21684.78,46362.3,66411.38,26.79
2019-05-02T12:00+02:00,-7809.44,20267.51,48708.63,65871.07,26.79
2019-05-02T13:00+02:00,-8380.97,19970.79,48942.38,64989.02,26.79
2019-05-02T14:00+02:00,-7040.37,20156.26,47808.41,64227.13,26.79
2019-05-02T15:00+02:00,-6863.39,20350.28,44754.97,64106.07,26.79
2019-05-02T16:00+02:00,-4673.98,21151.2,41355.5,63342.21,26.79
2019-05-02T17:00+02:00,-2137.98,21776.53,36983.46,63128.46,26.79
2019-05-02T18:00+02:00,-509.92,22372.36,31985.44,62832.55,26.79
2019-05-02T19:00+02:00,2353.21,22625.27,28473.86,62305.93,26.79
2019-05-02T20:00+02:00,2871.58,22297.09,27156.91,60713.71,26.79
2019-05-02T21:00+02:00,1304.03,21748.34,27864.07,59137.62,26.79
2019-05-02T22:00+02:00,-2065.35,21524.5,28491.79,55495.54,26.79
2019-05-02T23:00+02:00,-3953.56,20506.31,28190.09,51351.66,26.79
2019-05-03T00:00+02:00,-3858.06,19519.55,27992.7,47681.65,26.79
2019-05-03T01:00+02:00,-2429.09,18964.7,27213.12,45878.79,26.79
2019-05-03T02:00+02:00,-3049.76,18742.5,26357.44,44827.08,26.79
2019-05-03T03:00+02:00,-2381.47,19233.06,25461.25,45269.41,26.79
2019-05-03T04:00+02:00,-1363.95,20200.87,25025.97,46660.53,26.79
2019-05-03T05:00+02:00,-851.88,21866.94,24688.77,50618.92,26.79
2019-05-03T06:00+02:00,770.16,23502.22,25001.47,57250.51,26.79
2019-05-03T07:00+02:00,1633.9,24250.88,25086,61866.56,26.79
2019-05-03T08:00+02:00,1150.47,24610.17,28327.01,64754.89,26.79
2019-05-03T09:00+02:00,1462.65,23992.45,33124.37,66283.18,26.79
2019-05-03T10:00+02:00,243.99,23902.26,35917.85,66735.58,26.79
2019-05-03T11:00+02:00,-1588.93,24296.09,37561.36,67291.17,24.94
2019-05-03T12:00+02:00,-3527.27,23938.23,39914.23,66264.32,24.32
2019-05-03T13:00+02:00,-4307.76,23090.3,41287.69,65154.72,24.32
2019-05-03T14:00+02:00,-6848.15,22717.89,41223.7,63748.24,24.32
2019-05-03T15:00+02:00,-6638.19,22582.76,40583.25,63094.64,24.32
2019-05-03T16:00+02:00,-6078.55,23185.6,38621.66,61836.18,24.32
2019-05-03T17:00+02:00,-4825.3,24110.29,35543.59,61401.28,24.32
2019-05-03T18:00+02:00,-2562.76,24126.82,30697.45,60756.72,24.32
2019-05-03T19:00+02:00,41.71,24524.52,26195.66,60346.4,24.32
2019-05-03T20:00+02:00,1908.39,24899.57,23422.44,58908.81,24.32
2019-05-03T21:00+02:00,2662.48,24642.72,22701.54,57790.27,24.32
2019-05-03T22:00+02:00,189.24,23290.53,22963.93,54525.61,24.32
2019-05-03T23:00+02:00,-1649.16,22592.05,22341.68,50619.69,24.32
2019-05-04T00:00+02:00,-3181.41,21615.52,21289.09,46637.5,24.32
2019-05-04T01:00+02:00,-4112.44,21275.14,21668.33,44641.02,24.32
2019-05-04T02:00+02:00,-3562.83,20252.45,21958.82,43548.98,24.32
2019-05-04T03:00+02:00,-2880.39,20019.03,22289.71,43246.02,24.32
2019-05-04T04:00+02:00,-1541.7,19624,22701.65,44017.01,24.32
2019-05-04T05:00+02:00,-2501.79,19276.12,23044.84,44375.33,24.32
2019-05-04T06:00+02:00,-3060.67,19415.87,22885.54,45433.99,24.32
2019-05-04T07:00+02:00,-2918.26,19516.99,24679.88,48356.57,24.32
2019-05-04T08:00+02:00,-2036.35,19653.4,26964.63,52663.12,24.32
2019-05-04T09:00+02:00,-2918.94,19904.97,29573.58,55743.93,24.32
2019-05-04T10:00+02:00,-2334,19692.38,31537.43,57450.93,24.32
2019-05-04T11:00+02:00,-3025.9,20321.05,31884.78,58123.29,24.32
2019-05-04T12:00+02:00,-3672.64,20324.14,32846.67,57275.18,24.32
2019-05-04T13:00+02:00,-3198.87,18915.04,33584.88,56066.35,24.32
2019-05-04T14:00+02:00,-2688.62,17487.55,34479.11,54676.39,24.32
2019-05-04T15:00+02:00,-2070.14,16819.51,34296.27,53634.32,24.32
2019-05-04T16:00+02:00,-1296.62,16609.02,33337.52,52928.38,24.32
2019-05-04T17:00+02:00,-1852.03,17368.31,30988.55,53351.3,24.32
2019-05-04T18:00+02:00,-1734.06,20439.15,26523.3,53880.13,24.32
2019-05-04T19:00+02:00,887.83,21272.83,21331.42,52795.97,24.32
2019-05-04T20:00+02:00,-324.99,21587.82,17863.13,50959.26,24.32
2019-05-04T21:00+02:00,155.59,21574.46,17674.94,50458.34,24.32
2019-05-04T22:00+02:00,-549.05,21515.04,17523.26,48817.48,24.32
2019-05-04T23:00+02:00,-111.4,20365.99,18801.44,45948.3,24.32
2019-05-05T00:00+02:00,-1326.89,18369.13,19507.95,42796.7,24.32
2019-05-05T01:00+02:00,-2062.36,17122.96,20205.26,40783.21,24.32
2019-05-05T02:00+02:00,-1429.26,16416.92,20036.24,40044.21,24.32
2019-05-05T03:00+02:00,-1830.84,16295.72,19269.92,39968.8,24.32
2019-05-05T04:00+02:00,-1485.74,16690.6,18015.88,40010.73,24.32
2019-05-05T05:00+02:00,-309.86,16521.81,17742.59,39561.72,24.32
2019-05-05T06:00+02:00,-919.47,16721.33,18075.22,39353.93,24.32
2019-05-05T07:00+02:00,-1220.05,16600.26,20227.71,41445.02,24.32
2019-05-05T08:00+02:00,-3112.74,16969.24,23294.71,44565.96,24.32
2019-05-05T09:00+02:00,-4673.18,17286.09,28641.72,47590.69,24.32
2019-05-05T10:00+02:00,-5621.86,16931.38,32508.41,50081.33,24.32
2019-05-05T11:00+02:00,-6406.21,17026.28,34409.2,52192.33,24.32
2019-05-05T12:00+02:00,-5828.05,17050.94,35532.94,52038.68,24.32
2019-05-05T13:00+02:00,-4660.95,15795.26,34613.51,50344.28,24.32
2019-05-05T14:00+02:00,-4110.68,14911.82,34533.53,48691.42,24.32
2019-05-05T15:00+02:00,-2351.73,14704.15,33320.42,48222.73,24.32
2019-05-05T16:00+02:00,-1149.46,15257.64,31311.47,48158,24.32
2019-05-05T17:00+02:00,-1851.85,17313.97,28345.93,49394.95,24.32
2019-05-05T18:00+02:00,-571.25,19453.33,24335.41,50953.99,24.32
2019-05-05T19:00+02:00,-148.4,21491.87,20353.04,50966.75,24.32
2019-05-05T20:00+02:00,-311.97,21954.29,17990.43,50773.96,24.32
2019-05-05T21:00+02:00,-645.21,22122.53,18225.41,51516.45,24.32
2019-05-05T22:00+02:00,-1170.07,22202.27,19283.22,50791.97,24.32
2019-05-05T23:00+02:00,-2410.57,21478.44,19684.35,47525.88,24.32
2019-05-06T00:00+02:00,-3301.91,20121.78,20614.21,45050.44,24.32
2019-05-06T01:00+02:00,-3440.29,19697.5,21687.43,43466.94,24.32
2019-05-06T02:00+02:00,-3204.4,19638.99,22849.85,43244.58,24.32
2019-05-06T03:00+02:00,-2786.53,19619.38,23547.42,44237.42,24.32
2019-05-06T04:00+02:00,-3600.36,20853.37,24038.61,46267.24,24.32
2019-05-06T05:00+02:00,-4672.64,23258.89,23592.27,50426.95,24.32
2019-05-06T06:00+02:00,-1044.14,25456.24,23622.36,57552.74,24.32
2019-05-06T07:00+02:00,-197,26429.28,25376.92,63135.36,24.32
2019-05-06T08:00+02:00,-117.29,26525.03,29542.11,65798.62,24.32
2019-05-06T09:00+02:00,-3610.12,25962.36,36617.12,66499.06,24.32
2019-05-06T10:00+02:00,-6188.35,26351.29,40050.19,67653.55,24.32
2019-05-06T11:00+02:00,-5716.01,26604.66,39879.98,68916.36,24.32
2019-05-06T12:00+02:00,-5454.41,26692.6,39362.83,68474.88,24.32
2019-05-06T13:00+02:00,-4439.19,27095,38727.02,67802.54,24.32
2019-05-06T14:00+02:00,-5938.48,27011,37999.47,66342.84,24.32
2019-05-06T15:00+02:00,-5218.07,27276.15,36702.09,65790.9,24.32
2019-05-06T16:00+02:00,-3984.46,27626.41,34316.03,64420.81,24.32
2019-05-06T17:00+02:00,-1176.69,28929.97,29936.8,64584.27,24.32
2019-05-06T18:00+02:00,1163.41,30123.88,25208.46,64355.81,24.32
2019-05-06T19:00+02:00,4230.86,30651.76,21214.45,64374.76,24.32
2019-05-06T20:00+02:00,3357.36,30931.1,18789.31,62359.45,24.32
2019-05-06T21:00+02:00,1699.4,31155.66,17983.71,60347.21,24.32
2019-05-06T22:00+02:00,-370.31,30996.57,17592.8,56742.77,24.32
2019-05-06T23:00+02:00,-2091.69,30119.06,17817.51,52653.85,24.32
2019-05-07T00:00+02:00,-2643.72,28788.55,17735.89,49807.67,24.32
2019-05-07T01:00+02:00,-4053.44,28455.84,17582.1,48059.63,24.32
2019-05-07T02:00+02:00,-2247.55,28178.88,17255.07,47197.38,24.32
2019-05-07T03:00+02:00,-1150.14,28204,17110.43,48141.2,24.32
2019-05-07T04:00+02:00,-821.17,28905.81,17015.27,49756.76,24.32
2019-05-07T05:00+02:00,1568.05,29597.62,16393.17,53013.13,24.32
2019-05-07T06:00+02:00,3167.42,31074.73,16440.43,59545.56,24.32
2019-05-07T07:00+02:00,3151.94,31811.98,18306.92,64158.76,24.32
2019-05-07T08:00+02:00,1556.86,32136.49,22768.39,66601.85,24.32
2019-05-07T09:00+02:00,-105.99,31405.52,28296.76,66864.83,24.32
2019-05-07T10:00+02:00,-3369.14,30632.42,31531.59,67337.14,24.32
2019-05-07T11:00+02:00,-3339.06,30841.7,32275.12,68763.05,24.32
2019-05-07T12:00+02:00,-2340.59,31068.39,32200.93,68208.91,24.32
2019-05-07T13:00+02:00,-2919.17,30931.47,32198.47,67387.8,24.32
2019-05-07T14:00+02:00,-4422.81,31212.43,31293.07,66259.8,24.32
2019-05-07T15:00+02:00,-1875.88,30897.03,29189.05,65192.22,24.32
2019-05-07T16:00+02:00,-673.8,30935.86,25984.09,63438.46,24.32
2019-05-07T17:00+02:00,2194.74,31827.96,21032.05,63132.14,24.32
2019-05-07T18:00+02:00,4883.63,32788.38,15912.65,62815.58,24.32
2019-05-07T19:00+02:00,6099.7,32886.23,11687.71,62619.28,24.32
2019-05-07T20:00+02:00,7177.45,32952.93,9602.76,61427.8,24.32
2019-05-07T21:00+02:00,5374.87,32893.5,9771.3,59889.82,24.32
2019-05-07T22:00+02:00,3671.2,32658.76,10438.25,56157.45,24.32
2019-05-07T23:00+02:00,2948.39,31061.76,11784.57,52077.81,24.32
2019-05-08T00:00+02:00,1.73,28836.15,13271.02,48633.59,24.32
2019-05-08T01:00+02:00,-1649.21,27364.6,14688.06,46977.05,24.32
2019-05-08T02:00+02:00,-1821.22,26785.73,15393.7,46139.94,24.32
2019-05-08T03:00+02:00,541.54,26668.08,15531.57,46828.35,24.32
2019-05-08T04:00+02:00,1633.64,26790.24,16137.07,48885.97,24.32
2019-05-08T05:00+02:00,1455.84,27550.47,16656.02,52116.63,24.32
2019-05-08T06:00+02:00,2521.65,29262.23,18160.2,58801.37,24.32
2019-05-08T07:00+02:00,2560.16,30205.15,20828.23,63999.41,24.32
2019-05-08T08:00+02:00,1995.59,30360.77,23122.91,66596.73,24.32
2019-05-08T09:00+02:00,349.61,30256.47,26572.16,66970.95,24.32
2019-05-08T10:00+02:00,-1425.55,29589.61,31992.65,67923.14,24.32
2019-05-08T11:00+02:00,-2480.1,28370.73,36456.97,68759.56,24.32
2019-05-08T12:00+02:00,-5748.73,27502.36,38400.03,68256.85,24.32
2019-05-08T13:00+02:00,-6001.66,26876.53,38756.95,67884.59,24.32
2019-05-08T14:00+02:00,-4151.43,26668.03,38312.18,67576.46,24.32
2019-05-08T15:00+02:00,-1775.99,26249.54,37250.85,67666.08,24.32
2019-05-08T16:00+02:00,-2542.36,26942.23,34872.83,66295.57,24.32
2019-05-08T17:00+02:00,-3729.23,27856.28,33132.64,66244.67,24.32
2019-05-08T18:00+02:00,-2134.17,28122.15,30745.67,65744.32,24.32
2019-05-08T19:00+02:00,-2249.37,28357.2,28533.04,64789.74,24.32
2019-05-08T20:00+02:00,-2201.62,28305.78,26844.4,62377.18,24.32
2019-05-08T21:00+02:00,-3016.04,28410.92,26655.52,60280.33,24.32
2019-05-08T22:00+02:00,-3637.11,27509.22,26508.58,57465.73,24.32
2019-05-08T23:00+02:00,-5839.74,25672.32,26540.98,52399.98,24.32
2019-05-09T00:00+02:00,-4206.55,22149.14,26055.08,48820.46,24.32
2019-05-09T01:00+02:00,-2920.63,20465.69,26227.44,46621.41,24.32
2019-05-09T02:00+02:00,-1382.57,19204.49,25679.83,45956.66,24.32
2019-05-09T03:00+02:00,-1642.76,19757.44,24552.64,46305.92,24.32
2019-05-09T04:00+02:00,330.17,20548.88,23665.33,47868.17,24.32
2019-05-09T05:00+02:00,-268.85,24457,22517.15,51667.98,24.32
2019-05-09T06:00+02:00,-183.82,27886.77,21984.6,58572.83,24.32
2019-05-09T07:00+02:00,855.76,28987.06,22635.62,63515.46,24.32
2019-05-09T08:00+02:00,497.61,29306.19,25250.08,65981.73,24.32
2019-05-09T09:00+02:00,-2062.68,28815.91,29492.81,66543.22,24.32
2019-05-09T10:00+02:00,-3637.52,28061.33,31734.43,67343.92,24.32
2019-05-09T11:00+02:00,-3972.07,28013.02,31986.34,68301.76,24.32
2019-05-09T12:00+02:00,-3345.4,28189.09,31946.06,67464.68,24.32
2019-05-09T13:00+02:00,-2969.26,28060.6,31551.59,66642.02,24.32
2019-05-09T14:00+02:00,-2111.36,27687.54,29865.22,65902.42,24.32
2019-05-09T15:00+02:00,-528.02,27616.11,27926.26,65408.15,24.32
2019-05-09T16:00+02:00,159.87,28063.49,25260.41,63546.94,24.32
2019-05-09T17:00+02:00,2607,29196.52,21899.09,63338.24,24.32
2019-05-09T18:00+02:00,3866.46,30484.22,18872.1,63578.76,24.32
2019-05-09T19:00+02:00,4168.87,30870.42,16761.19,63099.67,24.32
2019-05-09T20:00+02:00,3234.45,30997.93,15619.61,62127.58,24.32
2019-05-09T21:00+02:00,2271.31,30821.68,15682.66,60198.1,24.32
2019-05-09T22:00+02:00,571.04,29826.15,16510.85,56706.52,24.32
2019-05-09T23:00+02:00,-2877.74,27881.33,17131.02,52012.18,24.32
2019-05-10T00:00+02:00,-2683.14,26849.55,17378.61,48213.34,24.32
2019-05-10T01:00+02:00,-2120.98,26673.07,17430.77,46544.56,24.32
2019-05-10T02:00+02:00,-1780.92,26162.98,17422.64,46112.05,24.32
2019-05-10T03:00+02:00,-770.61,25823.39,17793.12,46437.01,24.32
2019-05-10T04:00+02:00,245.54,25947.66,18705.71,48153.24,24.32
2019-05-10T05:00+02:00,-2532.18,27667.65,18914.34,51492.4,24.32
2019-05-10T06:00+02:00,-388.85,29490.04,19851.13,58151.49,24.32
2019-05-10T07:00+02:00,2334.38,30474.07,21874.23,63840.95,24.32
2019-05-10T08:00+02:00,-1571.04,30910.39,24868.97,66597.3,24.32
2019-05-10T09:00+02:00,-4207.34,31180.37,29293.12,66727.47,24.32
2019-05-10T10:00+02:00,-5308.41,31034.62,32711.21,67878.88,24.32
2019-05-10T11:00+02:00,-7104.07,30828.76,35150.06,68523.48,25.84
2019-05-10T12:00+02:00,-8434.84,30657.3,36774.33,67406.03,26.35
2019-05-10T13:00+02:00,-7647.49,29845.23,37490.74,66122.52,26.35
2019-05-10T14:00+02:00,-7948.34,28881.92,37192.95,64236.63,26.35
2019-05-10T15:00+02:00,-7655.21,28803.29,35678.14,62922.39,26.35
2019-05-10T16:00+02:00,-5796.4,28569.32,32360.29,61897,26.35
2019-05-10T17:00+02:00,-3254.6,29174.82,27026.88,61450.31,26.35
2019-05-10T18:00+02:00,1534.82,29686.73,21111.3,61378.98,26.35
2019-05-10T19:00+02:00,4135.33,29898.67,16239.14,61026.73,26.35
2019-05-10T20:00+02:00,4711.78,30074.67,12627.31,59166.88,26.35
2019-05-10T21:00+02:00,3674.44,30253.68,11276.68,57312.43,26.35
2019-05-10T22:00+02:00,4614.69,30311.66,10110.48,54523,26.35
2019-05-10T23:00+02:00,2473.83,29482.21,9781.77,50693.43,26.35
2019-05-11T00:00+02:00,1291.3,27593.86,9879.21,47276.21,26.35
2019-05-11T01:00+02:00,637.1,26954.77,10350.72,44435.36,26.35
2019-05-11T02:00+02:00,1464.74,25763.84,11008.4,42894.4,26.35
2019-05-11T03:00+02:00,1155.8,25035.33,11503.74,42447.98,26.35
2019-05-11T04:00+02:00,7.56,25555.86,12161.88,42860.12,26.35
2019-05-11T05:00+02:00,524.15,25182.29,12757.03,43108.48,26.35
2019-05-11T06:00+02:00,-1052.95,25357.43,14138.9,44394.22,26.35
2019-05-11T07:00+02:00,-492.47,25243.8,16735.58,47691.2,26.35
2019-05-11T08:00+02:00,372.71,24838.27,18909.15,51626.8,26.35
2019-05-11T09:00+02:00,-297.25,24391.21,22413.34,54241.11,26.35
2019-05-11T10:00+02:00,-912.61,23288.59,26098.83,56263.15,26.35
2019-05-11T11:00+02:00,-2622.02,22887.02,28998.37,57121.47,26.35
2019-05-11T12:00+02:00,-3961.43,21698.95,30836.83,56360.57,26.35
2019-05-11T13:00+02:00,-3984.21,19699.66,31276.88,54709.7,26.35
2019-05-11T14:00+02:00,-2569.96,17727.28,32623.9,52726.97,26.35
2019-05-11T15:00+02:00,-2040.36,16516.13,32371.81,52320.55,26.35
2019-05-11T16:00+02:00,-2390.28,16786.17,31846.81,51775.57,26.35
2019-05-11T17:00+02:00,-3094.77,18157.07,31129.05,52502.49,26.35
2019-05-11T18:00+02:00,-3696.36,19895.04,30410.19,53251.63,26.35
2019-05-11T19:00+02:00,-4038.65,20546.39,28703.33,53287.06,26.35
2019-05-11T20:00+02:00,-4836.4,20722.82,26873.99,51705.83,26.35
2019-05-11T21:00+02:00,-4493.42,20733.59,26731.88,50459.92,26.35
2019-05-11T22:00+02:00,-4793.48,19890.61,26448.45,49040.12,26.35
2019-05-11T23:00+02:00,-5622.56,18021.83,25855.88,45823.14,26.35
2019-05-12T00:00+02:00,-5203.66,15896.75,25530.48,42211.19,26.35
2019-05-12T01:00+02:00,-5003.71,14564.9,25560.61,40298.21,26.35
2019-05-12T02:00+02:00,-4924.51,13512.28,25704.49,39660.21,26.35
2019-05-12T03:00+02:00,-3771.27,12652.69,25557.84,39324.67,26.35
2019-05-12T04:00+02:00,-3347.09,12904.32,24985.94,39495.92,26.35
2019-05-12T05:00+02:00,-3301.06,12967.14,24798.48,39154,26.35
2019-05-12T06:00+02:00,-3911.21,12991.2,24852.66,39467.61,26.35
2019-05-12T07:00+02:00,-3098.85,13153.43,25419.62,41405.83,26.35
2019-05-12T08:00+02:00,-5037.53,13983.56,29810.19,44788.98,26.35
2019-05-12T09:00+02:00,-5760.12,13169.83,34717,47866.34,26.35
2019-05-12T10:00+02:00,-6216.18,12269.03,38478.71,49844.36,26.35
2019-05-12T11:00+02:00,-6760.71,12301.33,42538.8,51305.92,26.35
2019-05-12T12:00+02:00,-7074.5,12007.63,45043.5,51049.02,26.35
2019-05-12T13:00+02:00,-9286.24,11745.2,46043.29,48619.24,26.35
2019-05-12T14:00+02:00,-9499.35,11219,45754.88,47358.5,26.35
2019-05-12T15:00+02:00,-8659.36,11204.79,44330.73,46759.94,26.35
2019-05-12T16:00+02:00,-6667.61,10998.79,41812.52,46072.54,26.35
2019-05-12T17:00+02:00,-4944.82,11600.11,38176.33,47291.76,26.35
2019-05-12T18:00+02:00,-4184.53,14045.16,33373.45,48672.06,26.35
2019-05-12T19:00+02:00,-2485.75,16706.23,28586.36,49190.35,26.35
2019-05-12T20:00+02:00,-3003.58,18587.48,24361.05,48882.55,26.35
2019-05-12T21:00+02:00,-3104.95,19874.36,23903.54,49026.11,26.35
2019-05-12T22:00+02:00,-2958.29,19527.93,23770.74,48587.91,26.35
2019-05-12T23:00+02:00,-4462.9,19158.9,23467.58,45108.41,26.35
2019-05-13T00:00+02:00,-2296.13,18078.09,23201.54,43144.61,26.35
2019-05-13T01:00+02:00,-1939.03,17293.2,22711.28,42093.62,26.35
2019-05-13T02:00+02:00,-1158.05,17063.33,22273.05,41239.9,26.35
2019-05-13T03:00+02:00,109.85,17360.08,22062.08,42090.28,26.35
2019-05-13T04:00+02:00,60.18,18926.3,21636.47,44341.4,26.35
2019-05-13T05:00+02:00,-652.76,22181.36,20823.39,48429.85,26.35
2019-05-13T06:00+02:00,1842.13,25256.9,20679.81,55991.74,26.35
2019-05-13T07:00+02:00,3816.45,26180.05,22095.34,61723.98,26.35
2019-05-13T08:00+02:00,2001.78,26304.82,26851.56,64888.54,26.35
2019-05-13T09:00+02:00,-2827.5,26009.19,33203.61,65224.54,26.35
2019-05-13T10:00+02:00,-5512.71,25168.37,39022.05,65990.53,26.35
2019-05-13T11:00+02:00,-6168.51,23440.92,43037.17,66808.61,26.35
2019-05-13T12:00+02:00,-5783.16,21696.88,45303.49,65926.16,26.35
2019-05-13T13:00+02:00,-5198.64,20713.47,45908.52,65247.72,26.35
2019-05-13T14:00+02:00,-4484.07,19741.43,45784.93,64481.68,26.35
2019-05-13T15:00+02:00,-4230.84,19109.44,44819.33,63778.22,26.35
2019-05-13T16:00+02:00,-3697.53,19349.25,42226.84,62854.75,26.35
2019-05-13T17:00+02:00,-2524.96,21239.54,37181.81,62340.7,26.35
2019-05-13T18:00+02:00,-213.95,24103.38,30594.24,61808.54,26.35
2019-05-13T19:00+02:00,3207.5,25674.17,24328.24,61584.28,26.35
2019-05-13T20:00+02:00,3912.71,26045,20014.01,60204.79,26.35
2019-05-13T21:00+02:00,4639.39,26188.69,19434.1,58718.93,26.35
2019-05-13T22:00+02:00,2774.83,25710.3,19961.98,55372.88,26.35
2019-05-13T23:00+02:00,-523.5,24752.71,20003.82,50736,26.35
2019-05-14T00:00+02:00,-1978.77,22969.36,19738.44,47764.12,26.35
2019-05-14T01:00+02:00,-190.1,21082.21,19041.98,45889.39,26.35
2019-05-14T02:00+02:00,83.46,20533.66,18733.09,45270.12,26.35
2019-05-14T03:00+02:00,926.77,20619.02,18600.01,45714.74,26.35
2019-05-14T04:00+02:00,1884.09,21090.72,18526.33,47750.33,26.35
2019-05-14T05:00+02:00,1078.65,24046.93,18382.8,50965.4,26.35
2019-05-14T06:00+02:00,4425.8,26491.44,18662.29,57604.29,26.35
2019-05-14T07:00+02:00,5869.92,27137.11,20348.7,62920.64,26.35
2019-05-14T08:00+02:00,3921.33,26950.25,25258.66,65295.52,26.35
2019-05-14T09:00+02:00,-959.64,25812.2,32023.63,65469.52,26.35
2019-05-14T10:00+02:00,-3058.38,24119.64,36745.3,66301.11,26.35
2019-05-14T11:00+02:00,-3049.77,24164.7,38856.18,67376.76,26.35
2019-05-14T12:00+02:00,-2553.04,23067.34,39660.57,66007.97,26.35
2019-05-14T13:00+02:00,-2360.06,22375.97,39986.8,65556.09,26.35
2019-05-14T14:00+02:00,-2590.05,22619.03,39909.47,64625.82,26.35
2019-05-14T15:00+02:00,-1280.4,21861.83,39290.11,63917.94,26.35
2019-05-14T16:00+02:00,-816.47,22013.92,37107.55,62331.41,26.35
2019-05-14T17:00+02:00,-1273.42,23804.16,33168.76,62267.63,26.35
2019-05-14T18:00+02:00,449.49,25951.5,28247.3,62290.22,26.35
2019-05-14T19:00+02:00,4070.63,26778.88,23278.13,62126.19,26.35
2019-05-14T20:00+02:00,5177.84,26893.75,19233.14,60709.29,26.35
2019-05-14T21:00+02:00,5315.97,26557.26,18719.92,59028.92,26.35
2019-05-14T22:00+02:00,2044.92,26426.65,19416.85,55859.14,26.35
2019-05-14T23:00+02:00,-240.81,25105.28,19697.64,51379.13,26.35
2019-05-15T00:00+02:00,-1395.57,23007.52,18803.89,48284.56,26.35
2019-05-15T01:00+02:00,-1261.93,21980.49,17659.25,46400.22,26.35
2019-05-15T02:00+02:00,606.15,21765.89,16833.16,45812.12,26.35
2019-05-15T03:00+02:00,2305.28,22295.3,16126.01,46501.43,26.35
2019-05-15T04:00+02:00,3041.31,23120.55,16009.43,48071.17,26.35
2019-05-15T05:00+02:00,2650.43,25079.56,15755.33,51281.34,26.35
2019-05-15T06:00+02:00,3929.49,27542.81,16557.31,58427.46,26.35
2019-05-15T07:00+02:00,4928.41,28347.94,18545.84,63708.06,26.35
2019-05-15T08:00+02:00,2858.88,28462.32,22384.19,66385.35,26.35
2019-05-15T09:00+02:00,-983.94,28049.28,29481.47,66768.16,26.35
2019-05-15T10:00+02:00,-2491.46,26196.59,35528.22,67201.41,26.35
2019-05-15T11:00+02:00,-4249.64,24635.35,38997.59,68544.78,26.35
2019-05-15T12:00+02:00,-5343.8,24425.97,39690.66,67916.67,26.35
2019-05-15T13:00+02:00,-4741,24302.98,39300.34,67199.77,26.35
2019-05-15T14:00+02:00,-3448.47,23905.8,37563.16,66466.31,26.35
2019-05-15T15:00+02:00,-2670.58,23611.96,34859.86,65682.19,26.35
2019-05-15T16:00+02:00,-1705.6,24829.37,31808.21,64214.02,26.35
2019-05-15T17:00+02:00,279.69,26286.82,28402.84,64345.53,26.35
2019-05-15T18:00+02:00,1865.9,27292.7,24935.28,64257.94,26.35
2019-05-15T19:00+02:00,3199.93,27967.27,21195.54,64074.67,26.35
2019-05-15T20:00+02:00,3740.94,28057.55,18365.12,62022.59,26.35
2019-05-15T21:00+02:00,3834.29,27665.59,17995.85,60238.07,26.35
2019-05-15T22:00+02:00,1252.8,27322.17,18208.38,56787.94,26.35
2019-05-15T23:00+02:00,-1629.27,26519.41,18232.66,52326.76,26.35
2019-05-16T00:00+02:00,-1177.3,24835.1,18409.73,49138.18,26.35
2019-05-16T01:00+02:00,-997.42,23604.4,18480.77,47555.96,26.35
2019-05-16T02:00+02:00,632.33,22847.32,18400.89,46989.9,26.35
2019-05-16T03:00+02:00,1031.79,22819.23,18150.55,47417,26.35
2019-05-16T04:00+02:00,1987.45,23204.85,18142.29,48866.7,26.35
2019-05-16T05:00+02:00,952.7,25266.57,18231.05,52079.71,26.35
2019-05-16T06:00+02:00,2041.76,27803.69,19318.28,59078.88,26.35
2019-05-16T07:00+02:00,2763.88,29052.53,20906.73,64368.95,26.35
2019-05-16T08:00+02:00,3520.64,29478.53,23396.77,66957.48,26.35
2019-05-16T09:00+02:00,2746.31,29009.51,26552.97,67886.77,26.35
2019-05-16T10:00+02:00,2607.95,28785.87,28936.31,68820.7,26.35
2019-05-16T11:00+02:00,2612.13,28808.25,30262.55,69975.58,26.35
2019-05-16T12:00+02:00,2787.06,28343.3,30782.39,69050.77,26.35
2019-05-16T13:00+02:00,1769.79,28052.02,30715.57,68345.89,26.35
2019-05-16T14:00+02:00,397.53,28224.32,29474.73,66997.46,26.35
2019-05-16T15:00+02:00,1008.23,28717.33,28427.66,66233.36,26.35
2019-05-16T16:00+02:00,2274.15,28086.25,26885.31,65490.43,26.35
2019-05-16T17:00+02:00,2713.33,28658.44,24785.98,65691.93,26.35
2019-05-16T18:00+02:00,3522.52,28654.44,23629.47,65254.28,26.35
2019-05-16T19:00+02:00,6016.06,28534.44,22059.6,64826.9,26.35
2019-05-16T20:00+02:00,4460.41,28367.47,21124.68,62811.73,26.35
2019-05-16T21:00+02:00,2872.83,28057,20551.14,60797.19,26.35
2019-05-16T22:00+02:00,952.35,27432.57,19524.84,57248.68,26.35
2019-05-16T23:00+02:00,-1444.61,26610.53,18982.39,52475.43,26.35
2019-05-17T00:00+02:00,-190.39,24253.87,18259.02,49115.75,26.35
2019-05-17T01:00+02:00,506.32,23230.16,17574.82,47425.41,26.35
2019-05-17T02:00+02:00,2152.27,22765.66,16949.67,46430.48,26.35
2019-05-17T03:00+02:00,4105.06,22227.04,16739.27,46988.9,26.35
2019-05-17T04:00+02:00,4507.21,22893.2,16470.19,48433.9,26.35
2019-05-17T05:00+02:00,4236.84,24703.4,16616.92,51454.54,26.35
2019-05-17T06:00+02:00,6017.96,27243.22,17546.66,58471.16,26.35
2019-05-17T07:00+02:00,6013.58,28171.06,19827.25,63755,26.35
2019-05-17T08:00+02:00,5016.68,28379.56,23127.36,66317.76,26.35
2019-05-17T09:00+02:00,2780.58,28398.72,27002.98,66565.09,26.35
2019-05-17T10:00+02:00,457.78,28339.38,30524.65,67334.99,26.35
2019-05-17T11:00+02:00,-166.25,28114.36,33039.93,68245.95,25.35
2019-05-17T12:00+02:00,-1722.63,27870.96,33775.84,67454.5,25.01
2019-05-17T13:00+02:00,-2494.74,27485.71,33632.31,65887.72,25.01
2019-05-17T14:00+02:00,-2379.73,27277.32,32704.1,64186.67,25.01
2019-05-17T15:00+02:00,-915.15,26658.61,31257.07,63024.75,25.01
2019-05-17T16:00+02:00,847.32,26425.82,28531.78,61990.6,25.01
2019-05-17T17:00+02:00,2546.75,26877.12,24714.79,61273.84,25.01
2019-05-17T18:00+02:00,5145.12,27254.54,20398.42,60822.5,25.01
2019-05-17T19:00+02:00,8077.39,27392.92,17002.02,60191.11,25.01
2019-05-17T20:00+02:00,7708.1,27280.11,15394.14,58082.46,25.01
2019-05-17T21:00+02:00,4934.55,26978.83,16047.95,56186.9,25.01
2019-05-17T22:00+02:00,1981.86,26293.08,16364.05,53403.54,25.01
2019-05-17T23:00+02:00,-511.11,25482.37,16559.31,48911.32,25.01
2019-05-18T00:00+02:00,-1115.31,24853.22,16495.03,44960.58,25.01
2019-05-18T01:00+02:00,-1504.53,24043.45,16014.36,43300.07,25.01
2019-05-18T02:00+02:00,-790.5,23033.99,15826.85,42121.67,25.01
2019-05-18T03:00+02:00,185.83,22102.66,15870.99,41823.57,25.01
2019-05-18T04:00+02:00,575.82,22060.63,15813.42,42201.26,25.01
2019-05-18T05:00+02:00,-414.1,22912.3,15970.88,42164.99,25.01
2019-05-18T06:00+02:00,-502.86,23597.53,16792.6,43507.86,25.01
2019-05-18T07:00+02:00,-1969.44,24380.05,19014.96,46910.29,25.01
2019-05-18T08:00+02:00,-3892.39,24567.72,23104.46,50690.54,25.01
2019-05-18T09:00+02:00,-5965.82,24411.22,28810.48,53213.82,25.01
2019-05-18T10:00+02:00,-6929.16,23038.99,34283.88,54967.94,25.01
2019-05-18T11:00+02:00,-8715.8,21393.86,39116.06,55402.78,25.01
2019-05-18T12:00+02:00,-10203.44,20121.65,41610.26,54608.49,25.01
2019-05-18T13:00+02:00,-10228.09,19697.1,41042.41,52883.6,25.01
2019-05-18T14:00+02:00,-9231.79,19622.22,38177.94,51343.66,25.01
2019-05-18T15:00+02:00,-7119.83,19930.48,34166.78,50340.92,25.01
2019-05-18T16:00+02:00,-6026.34,21830.06,29650.49,49601.68,25.01
2019-05-18T17:00+02:00,-4151.45,23202.59,24961.03,50087.94,25.01
2019-05-18T18:00+02:00,-711.18,23670.69,20087.46,50670.27,25.01
2019-05-18T19:00+02:00,1651.52,24105.39,16241.2,50343.24,25.01
2019-05-18T20:00+02:00,2502.02,24252.86,14628.65,48878.31,25.01
2019-05-18T21:00+02:00,904.93,24187.49,14593.87,48254.34,25.01
2019-05-18T22:00+02:00,-1110.15,24039.28,14400.94,47133.42,25.01
2019-05-18T23:00+02:00,-760.69,23880.76,13846.04,43989.14,25.01
2019-05-19T00:00+02:00,-1222.91,23199.39,12922.99,40858.17,25.01
2019-05-19T01:00+02:00,-2126.27,22699.83,11786.02,38552.39,25.01
2019-05-19T02:00+02:00,-1099.89,21705.42,11100.33,37544.52,25.01
2019-05-19T03:00+02:00,156.62,21411.05,11011.74,37150.34,25.01
2019-05-19T04:00+02:00,1727.24,20742.58,11000.71,36997.01,25.01
2019-05-19T05:00+02:00,1843.79,19625.53,11118.37,36942.49,25.01
2019-05-19T06:00+02:00,2058.8,19215.52,13262.31,37449.48,25.01
2019-05-19T07:00+02:00,339.64,19489.74,16657.11,39953.23,25.01
2019-05-19T08:00+02:00,-2257.86,20033.37,20908.2,43526.58,25.01
2019-05-19T09:00+02:00,-4759.21,20291.85,25921.94,46447.46,25.01
2019-05-19T10:00+02:00,-5205.43,19532.57,31204.77,48473.4,25.01
2019-05-19T11:00+02:00,-6162.7,18306.41,35832.53,50374.84,25.01
2019-05-19T12:00+02:00,-8816.19,17855.97,37562.11,50409.49,25.01
2019-05-19T13:00+02:00,-9370.84,17521.04,37372.23,48444.45,25.01
2019-05-19T14:00+02:00,-7795.77,17281.61,35488.99,47018.5,25.01
2019-05-19T15:00+02:00,-5536.6,17206.68,33357.28,46537.13,25.01
2019-05-19T16:00+02:00,-4022.06,18246.19,30631.94,46616.52,25.01
2019-05-19T17:00+02:00,-3048.09,19666.48,27132.8,48138.57,25.01
2019-05-19T18:00+02:00,-2426.61,22185.69,23036.12,49566.82,25.01
2019-05-19T19:00+02:00,147.24,23649.39,19714.53,49865.76,25.01
2019-05-19T20:00+02:00,3.88,23714.44,17123.98,49790.06,25.01
2019-05-19T21:00+02:00,495.1,24055.88,16139.6,49296.65,25.01
2019-05-19T22:00+02:00,783.81,24137.35,15969.31,48707.23,25.01
2019-05-19T23:00+02:00,-1129.51,24162.17,15698.15,44864.87,25.01
2019-05-20T00:00+02:00,-2444.41,23656.51,14934.19,42018.99,25.01
2019-05-20T01:00+02:00,-517.74,22856.8,14467.28,40784.06,25.01
2019-05-20T02:00+02:00,2229.47,21472.77,14050.14,40316.53,25.01
2019-05-20T03:00+02:00,3474.12,21324.35,13446.23,40885.92,25.01
2019-05-20T04:00+02:00,3205.96,22693.06,12989.23,42582.11,25.01
2019-05-20T05:00+02:00,2226.24,25230,12880.15,46581.5,25.01
2019-05-20T06:00+02:00,6269.86,27666.81,13869.87,55442.99,25.01
2019-05-20T07:00+02:00,4968.22,28960.57,15405.14,61464.35,25.01
2019-05-20T08:00+02:00,4858.36,29491.86,17380.79,64713.8,25.01
2019-05-20T09:00+02:00,4057.05,29662.1,19816.73,65830.57,25.01
2019-05-20T10:00+02:00,3440.38,29799.96,21876.77,67013.31,25.01
2019-05-20T11:00+02:00,3581.86,30076.2,23741.21,68203.47,25.01
2019-05-20T12:00+02:00,2768.71,29977.2,24790.91,68036.65,25.01
2019-05-20T13:00+02:00,3226.93,29559.3,25051.74,67798.62,25.01
2019-05-20T14:00+02:00,2250.73,29662.47,24754.01,66822.59,25.01
2019-05-20T15:00+02:00,4000.84,29547.3,24818.53,66095.92,25.01
2019-05-20T16:00+02:00,2457.07,29383.86,24630.8,64847.39,25.01
2019-05-20T17:00+02:00,803,29415.6,24742.48,64955.02,25.01
2019-05-20T18:00+02:00,2393.47,29257.24,23895.9,64785.64,25.01
2019-05-20T19:00+02:00,1870.61,29319.91,22533.02,64194.68,25.01
2019-05-20T20:00+02:00,1653.7,29052.23,21975.69,62044.19,25.01
2019-05-20T21:00+02:00,564.94,28340.97,21637.07,59276.58,25.01
2019-05-20T22:00+02:00,-1710.56,27107.04,21997.77,55812.37,25.01
2019-05-20T23:00+02:00,-3072.84,25096.52,22236.38,51536.11,25.01
2019-05-21T00:00+02:00,-429.18,21592.46,22577.64,48233.3,25.01
2019-05-21T01:00+02:00,-26.97,20364.96,22399.2,46565.5,25.01
2019-05-21T02:00+02:00,-131.87,19900.39,22421.48,45639.71,25.01
2019-05-21T03:00+02:00,950.71,19826.99,21770.93,46176.56,25.01
2019-05-21T04:00+02:00,1777.73,20916.66,21064.11,47712.84,25.01
2019-05-21T05:00+02:00,1427.9,23476.23,20972.18,51115.31,25.01
2019-05-21T06:00+02:00,1719.56,26405.04,22728.33,58549.9,25.01
2019-05-21T07:00+02:00,2436.61,27644.69,24806.66,64049.49,25.01
2019-05-21T08:00+02:00,2530.93,28114.02,26221.7,67456.24,25.01
2019-05-21T09:00+02:00,2533.98,28068.47,27903.05,68111.24,25.01
2019-05-21T10:00+02:00,3344.22,27849.38,29602.33,69219.15,25.01
2019-05-21T11:00+02:00,3550.36,27763.14,31124.13,70834.01,25.01
2019-05-21T12:00+02:00,1959.86,27620.49,31761.03,70210.03,25.01
2019-05-21T13:00+02:00,2549.8,27487.98,31868.61,69328.11,25.01
2019-05-21T14:00+02:00,2378.11,27255.9,31878.43,68244.89,25.01
2019-05-21T15:00+02:00,1372.45,27330.21,31148.78,67286.49,25.01
2019-05-21T16:00+02:00,676.16,27326.64,30691.85,66259.4,25.01
2019-05-21T17:00+02:00,960.4,27541.89,29857.38,65905.63,25.01
2019-05-21T18:00+02:00,1774.51,27337.18,29193.45,65466.02,25.01
2019-05-21T19:00+02:00,1744.19,27241.46,28814.92,64603.42,25.01
2019-05-21T20:00+02:00,651.03,27043.64,28241.16,62474.51,25.01
2019-05-21T21:00+02:00,-390.02,26314.7,28370.18,60188.02,25.01
2019-05-21T22:00+02:00,-3171.59,25815.84,27678.76,56825.79,25.01
2019-05-21T23:00+02:00,-5672.25,24292.69,27574.43,52048.3,25.01
2019-05-22T00:00+02:00,-5156.33,21356.63,27172.69,48650.48,25.01
2019-05-22T01:00+02:00,-4074.92,20418.3,27015.78,46508.56,25.01
2019-05-22T02:00+02:00,-3241.22,19438.14,27045.52,45575.98,25.01
2019-05-22T03:00+02:00,-2410.95,19087.71,27022.72,45629.77,25.01
2019-05-22T04:00+02:00,-1512.62,19442.6,27787.02,46997.16,25.01
2019-05-22T05:00+02:00,-1839.47,20630.28,28705.04,50574.52,25.01
2019-05-22T06:00+02:00,-1735.65,24556.08,29441.19,58264.22,25.01
2019-05-22T07:00+02:00,-1157.1,27169,30356.07,64295.71,25.01
2019-05-22T08:00+02:00,-636.02,27385.23,31393.22,67130.15,25.01
2019-05-22T09:00+02:00,859.95,27466.72,32426.82,67609.21,25.01
2019-05-22T10:00+02:00,592.89,27450.74,33925.2,68348.79,25.01
2019-05-22T11:00+02:00,9.52,27329.34,35710.26,69057.65,25.01
2019-05-22T12:00+02:00,-1738.74,27173.78,37431.17,67897.93,25.01
2019-05-22T13:00+02:00,-3203.2,26435.24,38462.53,67101.29,25.01
2019-05-22T14:00+02:00,-4978.01,26366.65,38784.02,66050.56,25.01
2019-05-22T15:00+02:00,-5302.04,25797.81,38301.47,64689.7,25.01
2019-05-22T16:00+02:00,-4548.57,25705.13,36243.21,62992.58,25.01
2019-05-22T17:00+02:00,-2333.75,26054.49,33380.06,63221.34,25.01
2019-05-22T18:00+02:00,957.81,26347.01,29047.43,63055.25,25.01
2019-05-22T19:00+02:00,4253.12,26963.15,23909.24,62773.37,25.01
2019-05-22T20:00+02:00,5588.13,26956.06,19064.76,60894.15,25.01
2019-05-22T21:00+02:00,6269.93,26931.62,17039.69,58964.6,25.01
2019-05-22T22:00+02:00,4463.61,26669.44,15856.96,55873.8,25.01
2019-05-22T23:00+02:00,3954.21,25251.28,15069.56,51275.97,25.01
2019-05-23T00:00+02:00,3980.94,24082.34,14767.07,47676.9,25.01
2019-05-23T01:00+02:00,6853.18,22482,14446.93,46380.06,25.01
2019-05-23T02:00+02:00,7557.34,21320.1,14340.49,45815.81,25.01
2019-05-23T03:00+02:00,7958.7,21264.34,14296.77,46117.71,25.01
2019-05-23T04:00+02:00,8755.39,21735.88,14338.67,47716.25,25.01
2019-05-23T05:00+02:00,7475.05,23816.13,14773.26,50775.2,25.01
2019-05-23T06:00+02:00,7788.02,25504.34,16935.33,58060.62,25.01
2019-05-23T07:00+02:00,7009.9,26376.54,21263.45,63208.14,25.01
2019-05-23T08:00+02:00,3811.72,26401.32,26759.03,66029.64,25.01
2019-05-23T09:00+02:00,294.97,25524.08,33507.42,66414.73,25.01
2019-05-23T10:00+02:00,-2897.86,24634.63,38360.5,66527.17,25.01
2019-05-23T11:00+02:00,-4681.07,23911.5,41226.07,67093.84,25.01
2019-05-23T12:00+02:00,-5326.1,23768.53,42130.93,66652.35,25.01
2019-05-23T13:00+02:00,-4231.65,23699.29,41535.55,65965.1,25.01
2019-05-23T14:00+02:00,-2981.89,23513.68,39552.74,64817.86,25.01
2019-05-23T15:00+02:00,-1895.49,24120.76,36379.01,63936.37,25.01
2019-05-23T16:00+02:00,454.93,24658.95,31862.5,63014.33,25.01
2019-05-23T17:00+02:00,3085.25,25842.23,26247.53,62920.73,25.01
2019-05-23T18:00+02:00,7128.72,26693.58,19966.8,63015.72,25.01
2019-05-23T19:00+02:00,10169.02,27022.7,14546.29,62431.88,25.01
2019-05-23T20:00+02:00,10954.46,26961.5,11190.28,60445.91,25.01
2019-05-23T21:00+02:00,10559.34,27021.12,10447.29,58838.16,25.01
2019-05-23T22:00+02:00,8600.65,26805.26,10629.42,55950.74,25.01
2019-05-23T23:00+02:00,7397.1,25672.61,10888.45,51127.15,25.01
2019-05-24T00:00+02:00,6921.34,23652.74,11439.3,48031.22,25.01
2019-05-24T01:00+02:00,7454.95,21861.59,12141.79,45650.66,25.01
2019-05-24T02:00+02:00,7149.88,21346.7,12809.55,44665.34,25.01
2019-05-24T03:00+02:00,8386.81,20909.91,13694.96,45083.01,25.01
2019-05-24T04:00+02:00,8193.08,21122.67,14703,46612.87,25.01
2019-05-24T05:00+02:00,6700,22837.61,15872.2,49646.24,25.01
2019-05-24T06:00+02:00,8049.8,24462.97,18382.32,57051.18,25.01
2019-05-24T07:00+02:00,7362.94,25295.16,22164.27,62368.7,25.01
2019-05-24T08:00+02:00,4619.93,25410.12,26454.73,65299.03,25.01
2019-05-24T09:00+02:00,968.45,25307.47,32142.37,65990.14,25.01
2019-05-24T10:00+02:00,-1109.93,24595.95,37709.93,66777.36,25.01
2019-05-24T11:00+02:00,-1639.96,22638.25,41630.69,67360.81,25.46
2019-05-24T12:00+02:00,-4623.09,21735.02,43487.8,66707.57,25.61
2019-05-24T13:00+02:00,-5069.31,21134.32,43795.58,65403.37,25.61
2019-05-24T14:00+02:00,-4944.16,20527.4,43158.19,63390.24,25.61
2019-05-24T15:00+02:00,-2395.88,20118.79,40888.55,62617.17,25.61
2019-05-24T16:00+02:00,-882.16,20248.1,37124.86,61243.67,25.61
2019-05-24T17:00+02:00,1284.47,21486.72,32411.99,61225.55,25.61
2019-05-24T18:00+02:00,4669.05,22503.22,27281.26,60891.78,25.61
2019-05-24T19:00+02:00,7890.82,22843.95,22430.07,60074.96,25.61
2019-05-24T20:00+02:00,7515.98,23060.1,18743.22,57913.25,25.61
2019-05-24T21:00+02:00,7462.67,23198.55,17059.3,55825.96,25.61
2019-05-24T22:00+02:00,6448.28,22907.09,16787.22,52957.02,25.61
2019-05-24T23:00+02:00,4287.16,21638.36,16617.05,48402.15,25.61
2019-05-25T00:00+02:00,4737.73,19411.7,16470.87,45380.22,25.61
2019-05-25T01:00+02:00,3980.45,17809.41,16059.71,42809.23,25.61
2019-05-25T02:00+02:00,3851.35,17531.24,15158.14,41545.73,25.61
2019-05-25T03:00+02:00,4071.17,17258.32,14687.81,41117.2,25.61
2019-05-25T04:00+02:00,5010.93,17308.84,14294.11,41205.13,25.61
2019-05-25T05:00+02:00,5270.23,17125.11,14338.71,41220.71,25.61
2019-05-25T06:00+02:00,4652.37,17293.47,15881.72,43205.41,25.61
2019-05-25T07:00+02:00,3913.06,17802.64,18974.64,46693.73,25.61
2019-05-25T08:00+02:00,3148.59,18506.29,22780.32,50710.62,25.61
2019-05-25T09:00+02:00,848.28,18882.82,27028.93,53455.66,25.61
2019-05-25T10:00+02:00,-1015.6,18993.09,30610.25,54805.65,25.61
2019-05-25T11:00+02:00,-1797.21,18382.94,32862.25,55301.24,25.61
2019-05-25T12:00+02:00,-2986.19,17941.66,33757.35,54453.87,25.61
2019-05-25T13:00+02:00,-2273.46,16896.34,34376.42,52191.96,25.61
2019-05-25T14:00+02:00,-2173.87,15979.48,33939.39,50443.71,25.61
2019-05-25T15:00+02:00,-820.59,15990.57,31960.67,50229.66,25.61
2019-05-25T16:00+02:00,309.61,16864.91,29242.2,49617.94,25.61
2019-05-25T17:00+02:00,1631.84,17708.23,26174.25,50469.55,25.61
2019-05-25T18:00+02:00,4407.43,18684.55,21869.21,50862.85,25.61
2019-05-25T19:00+02:00,5971.24,19283.54,17851.76,50499.73,25.61
2019-05-25T20:00+02:00,5403.56,19577.08,14835.28,49095.76,25.61
2019-05-25T21:00+02:00,6041.74,19810.8,13801.65,48134.82,25.61
2019-05-25T22:00+02:00,4632.35,19830.16,13973.67,46966.66,25.61
2019-05-25T23:00+02:00,3190.13,19435.19,13993.19,43661.16,25.61
2019-05-26T00:00+02:00,3775.07,17256.48,13845.41,40735.34,25.61
2019-05-26T01:00+02:00,2901.57,16148.71,14276.22,38659.24,25.61
2019-05-26T02:00+02:00,2422.08,14293.55,15614.45,37593.9,25.61
2019-05-26T03:00+02:00,2783.92,12893.99,17376.48,37676.74,25.61
2019-05-26T04:00+02:00,2851.36,12420.41,19755.49,38101.06,25.61
2019-05-26T05:00+02:00,1522.96,12195.77,21926.79,37864.08,25.61
2019-05-26T06:00+02:00,-316.06,11974.57,24548.93,38376.65,25.61
2019-05-26T07:00+02:00,-1352.54,12008.36,27711.22,40850.65,25.61
2019-05-26T08:00+02:00,-4331.52,11658.01,31644.76,44108.56,25.61
2019-05-26T09:00+02:00,-5597.89,11465.78,38334.27,47044.01,25.61
2019-05-26T10:00+02:00,-6730.66,11095.93,44569.79,48883.13,25.61
2019-05-26T11:00+02:00,-8012.7,10795.38,47892.51,50978.2,25.61
2019-05-26T12:00+02:00,-10799.89,10690.18,49759.94,51050.14,25.61
2019-05-26T13:00+02:00,-9899.55,10648.74,47632.87,49269.9,25.61
2019-05-26T14:00+02:00,-9397.8,10598.97,44960.25,47694.29,25.61
2019-05-26T15:00+02:00,-7793.07,10565.99,42994.07,47091.66,25.61
2019-05-26T16:00+02:00,-7697.31,10551.63,41673.43,47182.9,25.61
2019-05-26T17:00+02:00,-6244.6,11096.77,40793.52,48174.05,25.61
2019-05-26T18:00+02:00,-4690.97,13633.21,36270.05,49171.84,25.61
2019-05-26T19:00+02:00,-3159.85,14748.69,31567.65,49528.76,25.61
2019-05-26T20:00+02:00,-3281.14,15211.96,28393.33,48527.62,25.61
2019-05-26T21:00+02:00,-2372.56,15327.05,28140.79,48650.88,25.61
2019-05-26T22:00+02:00,-3117.87,15342.38,28819.39,48177.96,25.61
2019-05-26T23:00+02:00,-3807.98,14501.41,29803.99,45125.48,25.61
2019-05-27T00:00+02:00,-3745,12992.18,29578.52,43297.19,25.61
2019-05-27T01:00+02:00,-2843.32,12271.9,28596.16,41860.01,25.61
2019-05-27T02:00+02:00,-1011.85,12136.46,27599.72,40987.8,25.61
2019-05-27T03:00+02:00,-168.51,12426.17,26883.83,40909.71,25.61
2019-05-27T04:00+02:00,349.74,13309.87,26307.49,42412.68,25.61
2019-05-27T05:00+02:00,1296.6,14973.39,25319.62,46124.43,25.61
2019-05-27T06:00+02:00,2759.83,18514.12,25401.59,54729.51,25.61
2019-05-27T07:00+02:00,5395.56,20200.13,26975.54,60817.79,25.61
2019-05-27T08:00+02:00,6324.27,20856.61,30219.82,64066.49,25.61
2019-05-27T09:00+02:00,4250.67,21301.03,35007.93,65320.41,25.61
2019-05-27T10:00+02:00,577.54,21003.89,40017.73,66568.39,25.61
2019-05-27T11:00+02:00,-894.36,21343.58,41740.73,67426.16,25.61
2019-05-27T12:00+02:00,-3790.39,21856.3,40866.55,67122.32,25.61
2019-05-27T13:00+02:00,-1709.73,21807.96,39658.96,66720.22,25.61
2019-05-27T14:00+02:00,-633.16,21673.3,38697.62,65416.05,25.61
2019-05-27T15:00+02:00,-158.93,21889.23,35799.87,64340.44,25.61
2019-05-27T16:00+02:00,1252.25,22491.92,31396.41,63521.23,25.61
2019-05-27T17:00+02:00,3976.4,22994.42,27451.64,63215.18,25.61
2019-05-27T18:00+02:00,6795.93,23470.33,23922.46,62213.76,25.61
2019-05-27T19:00+02:00,7918.49,23554.63,20628.83,61588.92,25.61
2019-05-27T20:00+02:00,8200.1,23331.09,17934.53,59447.96,25.61
2019-05-27T21:00+02:00,8419.52,23244.36,16883.54,57584.48,25.61
2019-05-27T22:00+02:00,8908,22643.95,16232.78,54706.72,25.61
2019-05-27T23:00+02:00,7577.68,21659.68,15094.55,50065.3,25.61
2019-05-28T00:00+02:00,7512.48,20420.67,13764.23,46892.62,25.61
2019-05-28T01:00+02:00,8026.28,19908.98,12336.71,44968.33,25.61
2019-05-28T02:00+02:00,8747.52,19891.64,11443.15,43767.54,25.61
2019-05-28T03:00+02:00,8914.13,20621.06,11120.74,44273.97,25.61
2019-05-28T04:00+02:00,9336.02,21694.48,10992.94,46062.47,25.61
2019-05-28T05:00+02:00,9293.18,22269.1,11250.19,49201.98,25.61
2019-05-28T06:00+02:00,12613.32,23831.16,12016.4,56215.83,25.61
2019-05-28T07:00+02:00,10663.27,25273.92,13791.94,61716.36,25.61
2019-05-28T08:00+02:00,10137.46,26335.44,15932.37,64574.75,25.61
2019-05-28T09:00+02:00,9114.97,26380.25,18532.73,65160.74,25.61
2019-05-28T10:00+02:00,8715.92,26162.87,21717.53,66035.4,25.61
2019-05-28T11:00+02:00,8138.35,26134.58,24350.04,67337.54,25.61
2019-05-28T12:00+02:00,7951.29,25386.44,26048.9,66891.76,25.61
2019-05-28T13:00+02:00,6936.31,24731.82,27348.53,65922.57,25.61
2019-05-28T14:00+02:00,7498.69,23658.08,28263.96,64575.75,25.61
2019-05-28T15:00+02:00,5997.55,23453.84,28519.27,63550.6,25.61
2019-05-28T16:00+02:00,5722.93,23256.14,27540.4,62648.96,25.61
2019-05-28T17:00+02:00,6563.93,23686.46,26033.67,62856.3,25.61
2019-05-28T18:00+02:00,7914.08,23893.57,23925.08,62660.35,25.61
2019-05-28T19:00+02:00,7544.34,24175.5,21593.39,61784.28,25.61
2019-05-28T20:00+02:00,8235.55,24355.78,18685.03,59705.35,25.61
2019-05-28T21:00+02:00,7854.98,24052.23,17148.1,57482.88,25.61
2019-05-28T22:00+02:00,5956.53,23469.14,16913.47,54456.67,25.61
2019-05-28T23:00+02:00,4335.84,22009.54,16291.03,49712.34,25.61
2019-05-29T00:00+02:00,5101.45,20000.89,16038.12,46745.58,25.61
2019-05-29T01:00+02:00,5500.55,19221.71,16032.16,45300.51,25.61
2019-05-29T02:00+02:00,5013.79,18867.06,16176.19,44663.71,25.61
2019-05-29T03:00+02:00,5569.39,18794.56,16229.29,45203.05,25.61
2019-05-29T04:00+02:00,6207.94,19263.31,15472.38,46486.2,25.61
2019-05-29T05:00+02:00,7285.62,20347.79,14486.42,49224.78,25.61
2019-05-29T06:00+02:00,8503.56,23751.99,14552.99,56084.23,25.61
2019-05-29T07:00+02:00,8334.81,25067.69,16320.2,61187.33,25.61
2019-05-29T08:00+02:00,7624.16,25223.28,19863.03,63919.52,25.61
2019-05-29T09:00+02:00,5913.93,24403.12,23831.51,64583.6,25.61
2019-05-29T10:00+02:00,4421.3,24459.28,26871.68,65310.47,25.61
2019-05-29T11:00+02:00,4085.62,24143.64,29270.44,65838.28,25.61
2019-05-29T12:00+02:00,1633,23940.63,30338.42,65085.3,25.61
2019-05-29T13:00+02:00,1547.11,23112.59,30778.74,64176.66,25.61
2019-05-29T14:00+02:00,2252.4,22713.39,30414.22,62940.94,25.61
2019-05-29T15:00+02:00,2823.36,21991.47,28793.49,61629.28,25.61
2019-05-29T16:00+02:00,3536.65,22576.41,25976.1,60042.14,25.61
2019-05-29T17:00+02:00,5047.46,23031.57,21966.42,59568.04,25.61
2019-05-29T18:00+02:00,8515.32,23494.38,17357.26,58846.65,25.61
2019-05-29T19:00+02:00,9018.16,23881.58,13654.54,58316.27,25.61
2019-05-29T20:00+02:00,8764.92,23846.81,11556.43,56337.75,25.61
2019-05-29T21:00+02:00,8837,24034.18,11448.18,54402.74,25.61
2019-05-29T22:00+02:00,6378,22449.45,13093.07,51815,25.61
2019-05-29T23:00+02:00,2732.84,19581.7,16097.32,47678.88,25.61
2019-05-30T00:00+02:00,1273.05,16886.93,21730.36,45485.26,25.61
2019-05-30T01:00+02:00,-723.87,14202.03,23612.09,43282.22,25.61
2019-05-30T02:00+02:00,-1175.66,12619.75,24177.98,41533.16,25.61
2019-05-30T03:00+02:00,-1472.33,12182.79,24579.87,41409.32,25.61
2019-05-30T04:00+02:00,175.46,12201.14,24838.69,41380.2,25.61
2019-05-30T05:00+02:00,-432.2,11457.6,25909.97,40964.05,25.61
2019-05-30T06:00+02:00,-1891.13,11271.05,28314.49,40507.29,25.61
2019-05-30T07:00+02:00,-4617.12,11259.52,31391.33,42838.99,25.61
2019-05-30T08:00+02:00,-5791.93,11202.01,35314.61,45961.16,25.61
2019-05-30T09:00+02:00,-7707.01,11133.79,40850.81,48288.05,25.61
2019-05-30T10:00+02:00,-9894.66,10821.3,45688.93,49890.03,25.61
2019-05-30T11:00+02:00,-10605.73,10698.25,48979.01,51297.92,25.61
2019-05-30T12:00+02:00,-11801.34,10987.53,50134.49,51388.32,25.61
2019-05-30T13:00+02:00,-12295.6,11058.48,48909.91,49794.11,25.61
2019-05-30T14:00+02:00,-11894.53,11192.79,46810.12,48295.44,25.61
2019-05-30T15:00+02:00,-9717.34,11272.51,43872.29,47136.1,25.61
2019-05-30T16:00+02:00,-6027.94,11313.69,39966.38,46507.5,25.61
2019-05-30T17:00+02:00,-4588.6,12708,35235.55,47371.68,25.61
2019-05-30T18:00+02:00,-3887.9,15538.22,30095.33,48185.21,25.61
2019-05-30T19:00+02:00,-1454.05,17341.98,24787.38,48423.56,25.61
2019-05-30T20:00+02:00,-234.38,17901.71,20636.36,47752.86,25.61
2019-05-30T21:00+02:00,673.37,18065.23,18949.09,47334.2,25.61
2019-05-30T22:00+02:00,-45.73,17980.07,19229.62,46573.16,25.61
2019-05-30T23:00+02:00,-1034.23,17589.35,20232.85,43114.23,25.61
2019-05-31T00:00+02:00,-2025.95,15587.94,21504.28,40531.53,25.61
2019-05-31T01:00+02:00,-2505.11,14735.53,22542.14,39542.29,25.61
2019-05-31T02:00+02:00,-2112.29,13361.76,23108.24,38997.95,25.61
2019-05-31T03:00+02:00,-776.81,13195.49,21610.67,39018.46,25.61
2019-05-31T04:00+02:00,23.64,13824.09,20101.7,39203.38,25.61
2019-05-31T05:00+02:00,1488.85,14946.87,19353.09,41440.82,25.61
2019-05-31T06:00+02:00,3887.34,16632.96,19306.37,46846.5,25.61
2019-05-31T07:00+02:00,4995.98,17631.3,20138.34,51964.21,25.61
2019-05-31T08:00+02:00,5737.02,18106.8,22806.43,55385.46,25.61
2019-05-31T09:00+02:00,4713.12,17702.59,26511.26,56461.17,25.61
2019-05-31T10:00+02:00,2281.27,17453.2,30671.52,57367.11,25.61
2019-05-31T11:00+02:00,447.15,17498.1,33302.07,58455.6,25.61
2019-05-31T12:00+02:00,-603.99,16657.14,34617.44,58585.4,25.61
2019-05-31T13:00+02:00,-3238.58,16777.38,34695.84,56995.8,25.61
2019-05-31T14:00+02:00,-2700.79,16882.72,33380.52,55775.58,25.61
2019-05-31T15:00+02:00,-1143.32,16668.21,31207.92,54737.1,25.61
2019-05-31T16:00+02:00,414.86,17262.08,28321.42,53856.98,25.61
2019-05-31T17:00+02:00,3475.49,17396.51,24809.21,54260.18,25.61
2019-05-31T18:00+02:00,5964.52,17995.61,20511.77,54150.93,25.61
2019-05-31T19:00+02:00,8129.05,18245.31,16219.45,53316.6,25.61
2019-05-31T20:00+02:00,8676.59,18280.82,13023.64,51611.1,25.61
2019-05-31T21:00+02:00,7747.24,18287.75,12257.36,50270.02,25.61
2019-05-31T22:00+02:00,6580.99,18225.88,12225.97,48858.38,25.61
2019-05-31T23:00+02:00,5187.4,17786.3,12742.36,45326.36,25.61
2019-06-01T00:00+02:00,5076.76,16059.85,13002.87,42372.58,25.61
2019-06-01T01:00+02:00,4367.63,14956.89,12950.31,39998.06,25.61
2019-06-01T02:00+02:00,3693.41,14173.64,13517.81,38956.4,25.61
2019-06-01T03:00+02:00,3316.97,13954.49,14378.53,38497.38,25.61
2019-06-01T04:00+02:00,4001.39,12722.39,15349.5,38781.14,25.61
2019-06-01T05:00+02:00,3499.08,12249.37,16707.68,38910.9,25.61
2019-06-01T06:00+02:00,2149.58,13015.88,19260.71,41397.11,25.61
2019-06-01T07:00+02:00,762.93,13814.05,22302.58,44783.2,25.61
2019-06-01T08:00+02:00,-794.79,14333.58,27006.06,48825.26,25.61
2019-06-01T09:00+02:00,-3971.14,13483.87,33218.39,51945.87,25.61
2019-06-01T10:00+02:00,-5236.09,11672.31,38980.41,53582.28,25.61
2019-06-01T11:00+02:00,-6867.52,11477.95,41829.66,54273.24,25.61
2019-06-01T12:00+02:00,-6827.85,11240.72,42934.19,53706.91,25.61
2019-06-01T13:00+02:00,-5356.43,11028.24,42890.94,52458.63,25.61
2019-06-01T14:00+02:00,-4168.84,11038.24,41132.55,51242.26,25.61
2019-06-01T15:00+02:00,-4133.66,11176.91,37955.67,50337.44,25.61
2019-06-01T16:00+02:00,-3579.95,12283.01,33464.38,49844.28,25.61
2019-06-01T17:00+02:00,-44.16,14015.05,27292.91,49957.1,25.61
2019-06-01T18:00+02:00,3085.67,15872.43,20865.67,50267.31,25.61
2019-06-01T19:00+02:00,6487.42,16354.84,14952.29,49577.75,25.61
2019-06-01T20:00+02:00,6889.46,16416.97,11470.13,47931.6,25.61
2019-06-01T21:00+02:00,6623.65,16622.55,10576.44,46803.17,25.61
2019-06-01T22:00+02:00,6469.43,16640.49,10443.17,45868.79,25.61
2019-06-01T23:00+02:00,5715.92,16220.44,10170.55,42828.91,25.61
2019-06-02T00:00+02:00,5006.9,15628.6,10142.14,40182.94,25.61
2019-06-02T01:00+02:00,5222.34,14331.77,10730.25,38346.66,25.61
2019-06-02T02:00+02:00,3385.95,13621.46,11429.63,36862.3,25.61
2019-06-02T03:00+02:00,4108.53,12609.84,12467.4,36458.43,25.61
2019-06-02T04:00+02:00,4353.64,11782.93,13499.53,36307.01,25.61
2019-06-02T05:00+02:00,4778.14,10979.75,14975.73,35767.01,25.61
2019-06-02T06:00+02:00,3472.89,10648.55,17671.66,36961.99,25.61
2019-06-02T07:00+02:00,1292.6,10462.87,21357.07,39646.3,25.61
2019-06-02T08:00+02:00,-1015.44,10378.77,25569.6,43377.39,25.61
2019-06-02T09:00+02:00,-4171.07,10473.58,30919.69,46382.72,25.61
2019-06-02T10:00+02:00,-6421,10418.59,36272.3,48027.18,25.61
2019-06-02T11:00+02:00,-7881.15,10248.24,40517.99,49617.08,25.61
2019-06-02T12:00+02:00,-9920.41,10070.1,43267.56,49330.32,25.61
2019-06-02T13:00+02:00,-11527.59,9597.72,44586.93,47841.59,25.61
2019-06-02T14:00+02:00,-10582.85,9521.01,44249.62,46655.58,25.61
2019-06-02T15:00+02:00,-9619.7,9588.18,41962.36,46046.18,25.61
2019-06-02T16:00+02:00,-7778.8,9876.31,38006.21,46112.17,25.61
2019-06-02T17:00+02:00,-3798.24,10820.98,32132.43,47207.35,25.61
2019-06-02T18:00+02:00,571.42,13353.56,25317.75,48392.76,25.61
2019-06-02T19:00+02:00,2801.53,14364.05,19464.24,48773.42,25.61
2019-06-02T20:00+02:00,3836.67,14616.48,16593.22,48555.72,25.61
2019-06-02T21:00+02:00,2634.49,14880.82,18080.88,47696.06,25.61
2019-06-02T22:00+02:00,1060.02,14885.53,21600.47,48057.24,25.61
2019-06-02T23:00+02:00,-1643.8,14527.66,25851.09,45230.17,25.61
2019-06-03T00:00+02:00,-387.33,12569.12,27366.57,43308.49,25.61
2019-06-03T01:00+02:00,264.86,10826.9,27442.73,41588.23,25.61
2019-06-03T02:00+02:00,1337.48,10299.85,26036.46,40733.31,25.61
2019-06-03T03:00+02:00,2802.55,10811.11,23254.31,40527.36,25.61
2019-06-03T04:00+02:00,3323.96,12488.84,21134.11,40579.41,25.61
2019-06-03T05:00+02:00,4212.29,14711.92,21734.76,44159.84,25.61
2019-06-03T06:00+02:00,5756.61,17813.05,22436.69,53431.86,25.61
2019-06-03T07:00+02:00,5198,20887.82,23545.44,60092.78,25.61
2019-06-03T08:00+02:00,2858.8,21947.51,26386.9,63352.67,25.61
2019-06-03T09:00+02:00,823.12,22620.41,30457.78,64662.18,25.61
2019-06-03T10:00+02:00,-1394.28,22377.67,34662.88,66155.75,25.61
2019-06-03T11:00+02:00,-3719.54,22655.2,37862.53,67626.04,25.61
2019-06-03T12:00+02:00,-5455.59,22922.92,40044.94,67301.14,25.61
2019-06-03T13:00+02:00,-4500.78,22863.92,40985.3,66732.08,25.61
2019-06-03T14:00+02:00,-3995.09,22801.76,40248.83,65477.26,25.61
2019-06-03T15:00+02:00,-2405.34,22757.23,36108.69,65140.06,25.61
2019-06-03T16:00+02:00,-519.34,23322.33,30702.18,64079.09,25.61
2019-06-03T17:00+02:00,2891.71,24245.27,25788.59,63620.46,25.61
2019-06-03T18:00+02:00,5201.44,24996.18,20330.1,63157.75,25.61
2019-06-03T19:00+02:00,6217.55,25533.92,18355.51,62498.5,25.61
2019-06-03T20:00+02:00,6983.25,25392.24,15487.88,60081.56,25.61
2019-06-03T21:00+02:00,6942.45,25361.64,13012.75,57843.06,25.61
2019-06-03T22:00+02:00,6966.26,24760.14,11471.52,54539.36,25.61
2019-06-03T23:00+02:00,5708.47,24105.62,10913.77,50541.18,25.61
2019-06-04T00:00+02:00,5666.27,23011.35,10296.63,47420.2,25.61
2019-06-04T01:00+02:00,8825.53,21848.47,9659.34,45824.08,25.61
2019-06-04T02:00+02:00,8313.68,21242.42,9144.94,44747.18,25.61
2019-06-04T03:00+02:00,8563.01,21405.88,9275.32,44949.78,25.61
2019-06-04T04:00+02:00,8798.11,21775.45,9922.64,45856.12,25.61
2019-06-04T05:00+02:00,7650.06,22796.43,10774.46,48992.75,25.61
2019-06-04T06:00+02:00,8558.91,24101.2,12809.48,56411.94,25.61
2019-06-04T07:00+02:00,7404.95,25250.19,16058.13,62460.55,25.61
2019-06-04T08:00+02:00,5571.93,25462.98,20595.61,65405.42,25.61
2019-06-04T09:00+02:00,3073,25313.83,25883.31,66288.86,25.61
2019-06-04T10:00+02:00,1013.85,24808.31,30743.92,67522.66,25.61
2019-06-04T11:00+02:00,-1156.62,24244.4,34507.52,68388.97,25.61
2019-06-04T12:00+02:00,-2179.92,23645.12,36435.3,68105.81,25.61
2019-06-04T13:00+02:00,-3275.72,23573.53,36987.31,67651.32,25.61
2019-06-04T14:00+02:00,-3517.09,23218.98,36622.23,66664.46,25.61
2019-06-04T15:00+02:00,-2779.92,23066.74,35394.99,65557.02,25.61
2019-06-04T16:00+02:00,-1938.17,22819.78,33102.93,64268.22,25.61
2019-06-04T17:00+02:00,-671.79,23664.36,29807.39,63971.5,25.61
2019-06-04T18:00+02:00,1647.2,24155.39,26185.57,63384.52,25.61
2019-06-04T19:00+02:00,3099.01,24296.13,24516,62656.61,25.61
2019-06-04T20:00+02:00,2031.2,23720.45,25174.93,61043.35,25.61
2019-06-04T21:00+02:00,-302.36,22540.03,28260.34,58715.98,25.61
2019-06-04T22:00+02:00,-3059.12,20177.45,30899.05,56156.42,25.61
2019-06-04T23:00+02:00,-4140.18,17519.37,31905.82,52237.36,25.61
2019-06-05T00:00+02:00,-2242.72,15774.38,30527.14,49036.42,25.61
2019-06-05T01:00+02:00,-1109.23,14973.32,27857.61,47210.88,25.61
2019-06-05T02:00+02:00,1412.44,15153.68,25102.46,45785.89,25.61
2019-06-05T03:00+02:00,3888.54,15195.99,22985.02,45523.34,25.61
2019-06-05T04:00+02:00,5894.61,15387.81,22588.19,46620.56,25.61
2019-06-05T05:00+02:00,5475.65,17423.71,21717.07,49061.92,25.61
2019-06-05T06:00+02:00,5892.86,20709.76,22079.72,56708.09,25.61
2019-06-05T07:00+02:00,5453.9,22063.93,23663.19,62842.31,25.61
2019-06-05T08:00+02:00,4996.46,22933.49,25785.7,65445.46,25.61
2019-06-05T09:00+02:00,2036.3,23419.56,28906.31,66126.3,25.61
2019-06-05T10:00+02:00,1317.94,23233.81,32440.17,67471.45,25.61
2019-06-05T11:00+02:00,-320.27,23390.89,35009.84,68580.17,25.61
2019-06-05T12:00+02:00,-508.08,23478.44,36441.66,68075.81,25.61
2019-06-05T13:00+02:00,-1119.26,23519.83,36640.08,67848.6,25.61
2019-06-05T14:00+02:00,-328,22852.27,35788.67,66560.52,25.61
2019-06-05T15:00+02:00,60.57,23018.92,33571.75,65486.84,25.61
2019-06-05T16:00+02:00,1699.64,23034.96,30193.21,64523.52,25.61
2019-06-05T17:00+02:00,3363.05,23576.13,26309.62,64158.51,25.61
2019-06-05T18:00+02:00,5061.6,23901.6,22632.95,63464.01,25.61
2019-06-05T19:00+02:00,6261.82,24251.58,19935.51,62490.85,25.61
2019-06-05T20:00+02:00,5705.89,24225.72,18818.25,60001.34,25.61
2019-06-05T21:00+02:00,3950.75,23395.2,21163.27,57378.5,25.61
2019-06-05T22:00+02:00,2583.8,20936.17,25497.19,55248.49,25.61
2019-06-05T23:00+02:00,324.97,17128.12,30095.25,51155.12,25.61
2019-06-06T00:00+02:00,1159.62,13786.96,31998.98,48922.82,25.61
2019-06-06T01:00+02:00,531.78,12928.61,31698.67,47449.92,25.61
2019-06-06T02:00+02:00,-409.31,12696.89,31833.65,46429.4,25.61
2019-06-06T03:00+02:00,1331.16,13147.01,31007.84,46843.23,25.61
2019-06-06T04:00+02:00,1725.05,12826.1,30018.28,47167.23,25.61
2019-06-06T05:00+02:00,1992.4,14706.93,27816.96,49877.28,25.61
2019-06-06T06:00+02:00,4162.26,18233.63,24935.5,56316.78,25.61
2019-06-06T07:00+02:00,5849.98,20288.96,25209.37,62260.35,25.61
2019-06-06T08:00+02:00,5380.13,20873.81,27692.83,65330.12,25.61
2019-06-06T09:00+02:00,5357.88,20695.98,30905.16,66214.89,25.61
2019-06-06T10:00+02:00,3066.2,19928.14,34861.8,67799.59,25.61
2019-06-06T11:00+02:00,1307.8,19932.62,37805.01,68703.22,25.61
2019-06-06T12:00+02:00,343.36,19828.71,39686.77,68197.77,25.61
2019-06-06T13:00+02:00,1595.77,19561.72,40134.26,67435.99,25.61
2019-06-06T14:00+02:00,693,19687.45,39630.37,65386.43,25.61
2019-06-06T15:00+02:00,1153.45,19782.58,37576.65,63863.52,25.61
2019-06-06T16:00+02:00,3438.82,20291.03,34849.3,62560.11,25.61
2019-06-06T17:00+02:00,3869.84,21309.52,30125.72,62124.04,25.61
2019-06-06T18:00+02:00,5637.32,21995.84,25016.55,61277.5,25.61
2019-06-06T19:00+02:00,5442.55,22394.9,20355.83,60049.71,25.61
2019-06-06T20:00+02:00,6527.82,22795.67,16073.46,57177.68,25.61
2019-06-06T21:00+02:00,6889.65,22974.07,13574.28,55087.88,25.61
2019-06-06T22:00+02:00,7781.83,22845.9,12692.78,52816.37,25.61
2019-06-06T23:00+02:00,7678.1,22230.65,11573.95,48948.5,25.61
2019-06-07T00:00+02:00,7271.49,21589.58,11055,46202.94,25.61
2019-06-07T01:00+02:00,7834.27,20863.85,10948.39,44478.14,25.61
2019-06-07T02:00+02:00,8716.29,19950.25,10933.53,43408.67,25.61
2019-06-07T03:00+02:00,9264.53,19330.65,10799.65,43745.02,25.61
2019-06-07T04:00+02:00,9542.66,19739.64,10750.94,44774.28,25.61
2019-06-07T05:00+02:00,8990.26,21314.12,11505.36,47409.4,25.61
2019-06-07T06:00+02:00,7839.43,23072.54,14043.38,54057.46,25.61
2019-06-07T07:00+02:00,6335.12,23623.16,17704.31,59494.1,25.61
2019-06-07T08:00+02:00,4331.88,23165.78,23098.38,62716.74,25.61
2019-06-07T09:00+02:00,2865.75,21502.2,30067.85,63592.05,25.61
2019-06-07T10:00+02:00,-2224.89,20650.54,36156.64,64857.03,25.61
2019-06-07T11:00+02:00,-2552.3,18596.34,40728.48,65856.1,24.58
2019-06-07T12:00+02:00,-4641.01,16336.47,43432.26,65514.62,24.24
2019-06-07T13:00+02:00,-5959.82,14741.62,44884.24,64599.47,24.24
2019-06-07T14:00+02:00,-5923.83,14326.78,45514.89,63175.98,24.24
2019-06-07T15:00+02:00,-5589.89,14138.05,44448.16,62368.47,24.24
2019-06-07T16:00+02:00,-5932.41,15313.62,41274.84,61197.59,24.24
2019-06-07T17:00+02:00,-3980.82,17084.07,37094.58,60680.45,24.24
2019-06-07T18:00+02:00,-1658.89,17712.84,32697.03,59440.93,24.24
2019-06-07T19:00+02:00,281.52,17946.24,30048.88,58365.18,24.24
2019-06-07T20:00+02:00,924.91,17171.1,29995.2,56536.14,24.24
2019-06-07T21:00+02:00,-369.04,15984.1,31145.83,53864.44,24.24
2019-06-07T22:00+02:00,-2521.75,14892.9,31892.61,51288.5,24.24
2019-06-07T23:00+02:00,-2921.7,11817.16,31831.94,47602.1,24.24
2019-06-08T00:00+02:00,-3099.03,9365.58,31227.55,44608.77,24.24
2019-06-08T01:00+02:00,-4515.14,9346.58,31047.05,43020.22,24.24
2019-06-08T02:00+02:00,-5677.49,9581.13,30667.55,42127.61,24.24
2019-06-08T03:00+02:00,-4053.37,9255.25,31079.04,41504.29,24.24
2019-06-08T04:00+02:00,-3493.81,8914.7,31706.13,41385.31,24.24
2019-06-08T05:00+02:00,-3898.28,8672.79,32995.39,41472.33,24.24
2019-06-08T06:00+02:00,-4884.2,8620.01,35212.54,43324.66,24.24
2019-06-08T07:00+02:00,-6137.81,8706.63,38448.36,46640.18,24.24
2019-06-08T08:00+02:00,-8149.24,8744.9,44248.13,50098.56,24.24
2019-06-08T09:00+02:00,-8263.89,8554.15,49021.67,53154.31,24.24
2019-06-08T10:00+02:00,-10211.1,8465.88,53605.3,54725.13,24.24
2019-06-08T11:00+02:00,-10889.73,8398.01,55398.73,55814,24.24
2019-06-08T12:00+02:00,-10988.5,8093.53,54917.07,54368.11,24.24
2019-06-08T13:00+02:00,-11142.82,8037.35,54238.27,52623.58,24.24
2019-06-08T14:00+02:00,-11434.51,8029.92,52041.12,50675.39,24.24
2019-06-08T15:00+02:00,-11507.74,7992.96,51825.2,49596.54,24.24
2019-06-08T16:00+02:00,-11572.79,8124.53,50542.61,49693.11,24.24
2019-06-08T17:00+02:00,-11787.35,8361.7,49843.69,50462.44,24.24
2019-06-08T18:00+02:00,-9052.27,8814.51,43587.88,49571.11,24.24
2019-06-08T19:00+02:00,-4464.8,8950.67,37407.85,48558.36,24.24
2019-06-08T20:00+02:00,-2117.86,9124.7,30760.17,46420,24.24
2019-06-08T21:00+02:00,-2761.63,10248.37,27449.2,45081.99,24.24
2019-06-08T22:00+02:00,-2059.88,11010.94,26972.95,44422.88,24.24
2019-06-08T23:00+02:00,-2319.83,10422.62,27635.18,41771,24.24
2019-06-09T00:00+02:00,-2522.08,9306.08,27546.56,39332.16,24.24
2019-06-09T01:00+02:00,-3198.17,8927.81,27412.91,37437.26,24.24
2019-06-09T02:00+02:00,-2595.7,8701.33,26603.95,36263.41,24.24
2019-06-09T03:00+02:00,-1376.86,8662.16,25309.55,35742.09,24.24
2019-06-09T04:00+02:00,22.65,8688.55,24448.77,35676.21,24.24
2019-06-09T05:00+02:00,1283.79,8765.2,23673.31,34997.94,24.24
2019-06-09T06:00+02:00,1112.45,8784.16,23086.05,35877.21,24.24
2019-06-09T07:00+02:00,-204.47,8840.68,24272.72,38004.01,24.24
2019-06-09T08:00+02:00,-2232.9,8858.64,28475.29,41206.06,24.24
2019-06-09T09:00+02:00,-4401.07,8800.41,33722.42,44061.63,24.24
2019-06-09T10:00+02:00,-6456.22,8787.15,38174.86,45767.81,24.24
2019-06-09T11:00+02:00,-7454.1,9085.15,40277.16,47352.33,24.24
2019-06-09T12:00+02:00,-8396.31,9058.09,40125.2,46564.47,24.24
2019-06-09T13:00+02:00,-6562.75,8938.66,37519.83,44393,24.24
2019-06-09T14:00+02:00,-3587.85,9014.65,33609.03,43008.72,24.24
2019-06-09T15:00+02:00,-1646.44,9500.99,28811.64,42288.99,24.24
2019-06-09T16:00+02:00,2445.38,10620.79,24038.01,41966.45,24.24
2019-06-09T17:00+02:00,5361.57,12526.57,19248.54,42734.58,24.24
2019-06-09T18:00+02:00,6163.47,14098.55,15748.58,43716.38,24.24
2019-06-09T19:00+02:00,7894.53,14706.67,13607.08,43991.44,24.24
2019-06-09T20:00+02:00,6750.62,14839.57,12822.13,43361.23,24.24
2019-06-09T21:00+02:00,5104.32,14972.17,13485.54,42701.86,24.24
2019-06-09T22:00+02:00,3683.93,14993.89,14988.71,42237.55,24.24
2019-06-09T23:00+02:00,2734.34,14458.85,15568.87,39472.91,24.24
2019-06-10T00:00+02:00,2930.82,12881.09,15716.38,37205.11,24.24
2019-06-10T01:00+02:00,3401.05,12241.59,15369.02,35743.91,24.24
2019-06-10T02:00+02:00,3361.62,12036.03,15177.2,35049.74,24.24
2019-06-10T03:00+02:00,3765.78,11451.97,15286.01,34613.21,24.24
2019-06-10T04:00+02:00,4515.27,11296.42,15629.4,34766.68,24.24
2019-06-10T05:00+02:00,3811.93,11159.94,16231.24,35227.62,24.24
2019-06-10T06:00+02:00,1304.91,11330.31,17576.85,36004.86,24.24
2019-06-10T07:00+02:00,862.24,12037.39,19350.97,38339.78,24.24
2019-06-10T08:00+02:00,-6.91,12734.7,21107.96,41520.82,24.24
2019-06-10T09:00+02:00,-1088.97,13169.02,24156.13,44189.48,24.24
2019-06-10T10:00+02:00,-1808.18,12979.02,28759.83,46186.95,24.24
2019-06-10T11:00+02:00,-3448.64,12786.2,32908.85,48627.66,24.24
2019-06-10T12:00+02:00,-5405.1,12140.85,35337.71,49353.81,24.24
2019-06-10T13:00+02:00,-7415.64,11579.27,35593.27,47530.68,24.24
2019-06-10T14:00+02:00,-5722.14,11338.79,33964.53,46329.36,24.24
2019-06-10T15:00+02:00,-3496.66,11797.29,31292.6,46087.08,24.24
2019-06-10T16:00+02:00,-1180.97,12619.3,28919.96,46258.25,24.24
2019-06-10T17:00+02:00,616.48,14060.48,26177.97,47341.77,24.24
2019-06-10T18:00+02:00,2146.85,15482.93,23356.98,48162.66,24.24
2019-06-10T19:00+02:00,2452.82,16136.72,21715.51,48002.97,24.24
2019-06-10T20:00+02:00,3087.66,16168.9,20913.06,46813.94,24.24
2019-06-10T21:00+02:00,2372.91,16195.7,20253.82,46442.4,24.24
2019-06-10T22:00+02:00,1793.15,15982.35,19287.31,45634.77,24.24
2019-06-10T23:00+02:00,1000.78,15179.69,18821.95,42422.72,24.24
2019-06-11T00:00+02:00,2186.78,14349.12,18705.57,40489.83,24.24
2019-06-11T01:00+02:00,2977.64,13878.82,17904.51,39427.67,24.24
2019-06-11T02:00+02:00,4062.92,13591.88,17367.23,38783.14,24.24
2019-06-11T03:00+02:00,5392.43,13657.22,16817.31,38870.68,24.24
2019-06-11T04:00+02:00,5607.27,14038.38,16343.35,40441.69,24.24
2019-06-11T05:00+02:00,6687.61,16174.83,16545.73,44356.23,24.24
2019-06-11T06:00+02:00,6079.45,20100.78,16665.94,52719.39,24.24
2019-06-11T07:00+02:00,7371.85,22576.23,18138.32,58794.27,24.24
2019-06-11T08:00+02:00,6763.22,23762.82,20178.83,61509.36,24.24
2019-06-11T09:00+02:00,4657.36,24579.56,22616.06,63320.66,24.24
2019-06-11T10:00+02:00,3784.33,24440.01,25286.76,65077.2,24.24
2019-06-11T11:00+02:00,4125,24694.65,26904.54,66574.88,24.24
2019-06-11T12:00+02:00,2897.31,25189.28,28020.94,66498.16,24.24
2019-06-11T13:00+02:00,2887.69,25179.65,28323.71,65727.08,24.24
2019-06-11T14:00+02:00,2975.64,25035.43,27693.92,64561.29,24.24
2019-06-11T15:00+02:00,3438.3,25353.7,25963.16,64204.75,24.24
2019-06-11T16:00+02:00,3264.02,25735.34,24012.78,62807.59,24.24
2019-06-11T17:00+02:00,4922.48,25998,20982.15,62145.76,24.24
2019-06-11T18:00+02:00,5990.79,26153.88,18070.89,61949.25,24.24
2019-06-11T19:00+02:00,6502.12,26156.62,15295.94,61036.38,24.24
2019-06-11T20:00+02:00,5811.71,26269.42,13051.12,58720.2,24.24
2019-06-11T21:00+02:00,6047.55,25713.28,13070.01,56518.91,24.24
2019-06-11T22:00+02:00,6164.74,24893.66,14087.28,54309.46,24.24
2019-06-11T23:00+02:00,5164.04,23250.45,15153.48,50414.8,24.24
2019-06-12T00:00+02:00,3818.99,22416.37,15769.67,47173.27,24.24
2019-06-12T01:00+02:00,4921.91,20951.91,15592.02,45599.95,24.24
2019-06-12T02:00+02:00,7030.63,19567.25,15002.81,44909.18,24.24
2019-06-12T03:00+02:00,8087.92,19195.32,13952.77,44838.97,24.24
2019-06-12T04:00+02:00,8622.65,20050.66,12321.62,45017.02,24.24
2019-06-12T05:00+02:00,8323.3,23276.77,12453.88,48685.29,24.24
2019-06-12T06:00+02:00,7439.75,25539.88,13630.99,56590.66,24.24
2019-06-12T07:00+02:00,6862.53,26965.91,15851.71,61938.03,24.24
2019-06-12T08:00+02:00,6402.17,27666.36,18750.75,64889.97,24.24
2019-06-12T09:00+02:00,3445.16,27734.41,22103.06,66167.18,24.24
2019-06-12T10:00+02:00,2454.99,27621.73,24652.86,68090.47,24.24
2019-06-12T11:00+02:00,832.52,28537.08,26352.64,69521.56,24.24
2019-06-12T12:00+02:00,2985.37,28618.69,29039.24,68617.86,24.24
2019-06-12T13:00+02:00,2247.59,27939.86,30447.36,67312.45,24.24
2019-06-12T14:00+02:00,-456.58,27275.5,30132.82,66150.2,24.24
2019-06-12T15:00+02:00,395.2,26844.08,29164.16,64695.32,24.24
2019-06-12T16:00+02:00,1225.63,26916.67,29137.92,63518.44,24.24
2019-06-12T17:00+02:00,1591.95,27102.94,28072.25,63215.08,24.24
2019-06-12T18:00+02:00,2661.08,27311.61,25334.32,62810.22,24.24
2019-06-12T19:00+02:00,2921.6,27461.83,21557.89,61357.34,24.24
2019-06-12T20:00+02:00,3552.19,27757.64,18607.91,59126.96,24.24
2019-06-12T21:00+02:00,4019.71,27433.27,16280.13,56744.48,24.24
2019-06-12T22:00+02:00,3400.7,26544.13,17275.89,54509.27,24.24
2019-06-12T23:00+02:00,1328.84,24231.42,18621.33,50684.78,24.24
2019-06-13T00:00+02:00,2951.35,19291.1,19336.33,46988.31,24.24
2019-06-13T01:00+02:00,4561.28,17595.09,19725.89,44862.24,24.24
2019-06-13T02:00+02:00,4403.29,17033.09,20200.59,43848.99,24.24
2019-06-13T03:00+02:00,4651.03,17037.42,19902.51,44279.24,24.24
2019-06-13T04:00+02:00,5493.18,16901.97,19312.95,45440.18,24.24
2019-06-13T05:00+02:00,4874.54,18828.72,19071.74,47906.16,24.24
2019-06-13T06:00+02:00,4479.6,22922.89,19643.92,55248.49,24.24
2019-06-13T07:00+02:00,4313.07,24518.2,21346.35,61055.12,24.24
2019-06-13T08:00+02:00,2832.45,24794.91,26027.12,63964.51,24.24
2019-06-13T09:00+02:00,-946.05,23897.38,33086.72,65060.12,24.24
2019-06-13T10:00+02:00,-4567.52,20206.31,40565.27,66048.81,24.24
2019-06-13T11:00+02:00,-6563.5,18033.86,46006.1,67625.76,24.24
2019-06-13T12:00+02:00,-8667.33,17375.17,48110.2,67112.55,24.24
2019-06-13T13:00+02:00,-7813.34,17077.81,47818.62,66549.64,24.24
2019-06-13T14:00+02:00,-7534.91,17189.06,45107.06,65319.69,24.24
2019-06-13T15:00+02:00,-4454.37,17515.43,41165.14,64109.94,24.24
2019-06-13T16:00+02:00,-2083.76,18734.88,36562.53,62509.95,24.24
2019-06-13T17:00+02:00,97.96,22399.37,29717.7,62072.06,24.24
2019-06-13T18:00+02:00,2174.68,25575.22,23494.83,61536.76,24.24
2019-06-13T19:00+02:00,3970.92,26189.6,17805.09,60317.72,24.24
2019-06-13T20:00+02:00,5302.73,26244.99,13541.02,58003.08,24.24
2019-06-13T21:00+02:00,4113.17,25882.26,13439.81,55931.19,24.24
2019-06-13T22:00+02:00,4085.97,24721.69,14923.61,54141.33,24.24
2019-06-13T23:00+02:00,2743.57,22849.05,15965.59,50444.87,24.24
2019-06-14T00:00+02:00,4596.04,20265.79,15882.86,47305.42,24.24
2019-06-14T01:00+02:00,4769.81,18970.44,16278.03,45703.16,24.24
2019-06-14T02:00+02:00,5382.89,18743.33,16767.72,44765.7,24.24
2019-06-14T03:00+02:00,5643.87,18712.12,16384.3,44569.21,24.24
2019-06-14T04:00+02:00,5774.24,18858.57,16149.02,44960.81,24.24
2019-06-14T05:00+02:00,6086.22,20069.83,16707.92,47488.38,24.24
2019-06-14T06:00+02:00,4828.36,23542.17,19493.11,54700.45,24.24
2019-06-14T07:00+02:00,2603.34,24986.76,23714.16,60381.68,24.24
2019-06-14T08:00+02:00,1162.53,25096.38,26884.76,63770.86,24.24
2019-06-14T09:00+02:00,-1548.14,24823.06,30857.64,64923.14,24.24
2019-06-14T10:00+02:00,-3579.19,24520.47,35246.25,66246.24,24.24
2019-06-14T11:00+02:00,-4604.68,23771.1,38483.02,67061.81,24.56
2019-06-14T12:00+02:00,-5248.45,22410.59,39822.58,66119.52,24.67
2019-06-14T13:00+02:00,-4790,21643.32,38737.48,64520.22,24.67
2019-06-14T14:00+02:00,-3668.8,22030.6,35657.84,63542.59,24.67
2019-06-14T15:00+02:00,-1665.58,23196.95,32165.81,62896.78,24.67
2019-06-14T16:00+02:00,1136.75,23715.06,27672.31,61785.44,24.67
2019-06-14T17:00+02:00,2389.51,24526.83,23064.38,61508.3,24.67
2019-06-14T18:00+02:00,3417.74,24848.62,19508.41,60889.53,24.67
2019-06-14T19:00+02:00,4229.06,24944.96,16382.42,59753.33,24.67
2019-06-14T20:00+02:00,3585.35,24811.92,14722.75,57148.94,24.67
2019-06-14T21:00+02:00,3056.18,24627.83,15109.03,54959.39,24.67
2019-06-14T22:00+02:00,1418.46,24006.65,16611.99,53073,24.67
2019-06-14T23:00+02:00,1514.48,22375.14,17874.7,49619.5,24.67
2019-06-15T00:00+02:00,2037.99,18953.94,19445.91,46023.23,24.67
2019-06-15T01:00+02:00,2754.28,16158.52,19955.96,43723.5,24.67
2019-06-15T02:00+02:00,2755.61,15419.1,20357.32,42323.46,24.67
2019-06-15T03:00+02:00,3589.61,14731.47,20271.79,41889.95,24.67
2019-06-15T04:00+02:00,3711.97,14254.66,20184.72,41323.12,24.67
2019-06-15T05:00+02:00,4469.31,13572.14,21778.11,40583.42,24.67
2019-06-15T06:00+02:00,4104.77,12954.95,24104.85,43653.59,24.67
2019-06-15T07:00+02:00,1262.26,13856.11,27203.87,47680.12,24.67
2019-06-15T08:00+02:00,-755.24,14125.14,30929.15,50576.63,24.67
2019-06-15T09:00+02:00,-1264.32,14268.25,35808.68,53971.91,24.67
2019-06-15T10:00+02:00,-3485.04,13774.71,39945.31,56685.1,24.67
2019-06-15T11:00+02:00,-6300.76,13431,42653.9,56580.89,24.67
2019-06-15T12:00+02:00,-6889.39,13338.23,42861.77,55375.39,24.67
2019-06-15T13:00+02:00,-4282.73,12557.45,42741.43,53196.62,24.67
2019-06-15T14:00+02:00,-4720.44,11983.96,42531.82,51496.94,24.67
2019-06-15T15:00+02:00,-3667.95,11553.14,41515.29,51206.97,24.67
2019-06-15T16:00+02:00,-2730.58,12468.55,40574.7,51642.39,24.67
2019-06-15T17:00+02:00,-2112.75,13992.02,36522.95,52022.04,24.67
2019-06-15T18:00+02:00,-1310.01,15717.34,32150.71,51365.73,24.67
2019-06-15T19:00+02:00,1385.58,16278.76,27970.69,50850.45,24.67
2019-06-15T20:00+02:00,1176.88,16722.29,22627.74,48322.97,24.67
2019-06-15T21:00+02:00,1599.45,17302.95,19349.11,46570.77,24.67
2019-06-15T22:00+02:00,2054.42,17506.67,17547.69,45676.87,24.67
2019-06-15T23:00+02:00,1565.85,17246.19,16504.71,42527.02,24.67
2019-06-16T00:00+02:00,2287.41,15805.53,15209.61,39614.72,24.67
2019-06-16T01:00+02:00,4876.42,14671.5,13933.26,37778.14,24.67
2019-06-16T02:00+02:00,5676.73,13925.54,13269.23,37245.28,24.67
2019-06-16T03:00+02:00,6405.61,13245.53,13673.21,37124.45,24.67
2019-06-16T04:00+02:00,7504.42,12150.48,14243.64,37420.18,24.67
2019-06-16T05:00+02:00,7351.79,11694.1,14839.34,37521.28,24.67
2019-06-16T06:00+02:00,6794.54,11470.13,16024.24,38228.25,24.67
2019-06-16T07:00+02:00,5246.19,12211.89,17337.09,40428.82,24.67
2019-06-16T08:00+02:00,3795.66,12945.14,19445.22,43560.88,24.67
2019-06-16T09:00+02:00,4339.23,12867.37,22327.35,46194.87,24.67
2019-06-16T10:00+02:00,4615.9,12620.14,25201.18,48115.1,24.67
2019-06-16T11:00+02:00,3379.39,12650.04,27225.18,50557.22,24.67
2019-06-16T12:00+02:00,1665.91,12533.27,27943.72,50473.41,24.67
2019-06-16T13:00+02:00,2195.48,12224.7,28065.17,48533.76,24.67
2019-06-16T14:00+02:00,2648.36,12030.74,27012.73,47024.43,24.67
2019-06-16T15:00+02:00,3628.43,12151.38,25308.46,46782.84,24.67
2019-06-16T16:00+02:00,4679.58,13342.6,23258.93,46480.32,24.67
2019-06-16T17:00+02:00,4666.33,16099.22,20918.92,47333.1,24.67
2019-06-16T18:00+02:00,6061.68,18329.75,16920.21,48361.24,24.67
2019-06-16T19:00+02:00,6642.53,19588.82,12942.22,48244.62,24.67
2019-06-16T20:00+02:00,8034.71,20463.11,10081.65,47607.52,24.67
2019-06-16T21:00+02:00,7824.04,20994.56,8737.77,46871.58,24.67
2019-06-16T22:00+02:00,8068.82,21070.12,8851.53,47399.83,24.67
2019-06-16T23:00+02:00,7571.18,20234.47,9148,44524.67,24.67
2019-06-17T00:00+02:00,7378.84,20039.35,9910.57,42243.82,24.67
2019-06-17T01:00+02:00,7967.18,18803.08,10536.91,40910.25,24.67
2019-06-17T02:00+02:00,7777.72,18517.44,10869.46,40100.22,24.67
2019-06-17T03:00+02:00,7654.33,18742.49,11357.4,40391.63,24.67
2019-06-17T04:00+02:00,8241.23,19700.41,11915.23,42208.06,24.67
2019-06-17T05:00+02:00,7911.27,21401.95,12477.89,45523.57,24.67
2019-06-17T06:00+02:00,7377.86,24093.36,14601.1,53538.01,24.67
2019-06-17T07:00+02:00,6002.19,25333.59,18364.03,59674.46,24.67
2019-06-17T08:00+02:00,4388.45,25504.37,23744.68,63229.46,24.67
2019-06-17T09:00+02:00,1809.56,25254.27,29595.6,64189.28,24.67
2019-06-17T10:00+02:00,-714.04,25000.16,33808.82,65425.93,24.67
2019-06-17T11:00+02:00,-3059.45,25072.98,35862.2,66567.3,24.67
2019-06-17T12:00+02:00,-2659.72,25567.2,35661.37,66301.35,24.67
2019-06-17T13:00+02:00,-1092.44,25731.17,34495.45,65878.11,24.67
2019-06-17T14:00+02:00,-1177.96,25851.53,33151.28,64747.36,24.67
2019-06-17T15:00+02:00,267.09,25858.99,30984.63,63536.48,24.67
2019-06-17T16:00+02:00,1364.89,26623.97,28207.85,62558.53,24.67
2019-06-17T17:00+02:00,2353.27,27916.78,24165.61,62362.28,24.67
2019-06-17T18:00+02:00,3792.81,29492.52,19352.25,61883.13,24.67
2019-06-17T19:00+02:00,6487.49,29821.97,14620.13,61253.65,24.67
2019-06-17T20:00+02:00,6255.84,29839.5,11821.19,58894.26,24.67
2019-06-17T21:00+02:00,4370.86,29753.3,11653.89,56406.54,24.67
2019-06-17T22:00+02:00,3016.75,28830.92,13226.21,54213.83,24.67
2019-06-17T23:00+02:00,1847.09,26165.32,15081.32,50452.11,24.67
2019-06-18T00:00+02:00,2783.49,23545.32,16551.11,47024.87,24.67
2019-06-18T01:00+02:00,3937.28,21493.55,17079.36,45520.82,24.67
2019-06-18T02:00+02:00,5006.43,20459.49,16784.59,44682.33,24.67
2019-06-18T03:00+02:00,5336.19,20441.7,15923.05,44776.84,24.67
2019-06-18T04:00+02:00,6181.25,21024.83,14785.65,45512.42,24.67
2019-06-18T05:00+02:00,5456.91,23143.33,14517.58,48066.58,24.67
2019-06-18T06:00+02:00,5346.23,26470.4,15680.45,55573.78,24.67
2019-06-18T07:00+02:00,4623.37,28064.39,18425.96,61649.99,24.67
2019-06-18T08:00+02:00,3744.89,28321.39,22455.31,64974.59,24.67
2019-06-18T09:00+02:00,275.44,28087.79,28072.51,66229.75,24.67
2019-06-18T10:00+02:00,-2230.88,27203.78,33104,67510.78,24.67
2019-06-18T11:00+02:00,-3128.83,26172.31,36644.75,69112.3,24.67
2019-06-18T12:00+02:00,-4237.9,25210.7,37746.99,68279.75,24.67
2019-06-18T13:00+02:00,-3411.92,24851.23,37556.65,67371.27,24.67
2019-06-18T14:00+02:00,-2567.61,24968.71,35799.22,66542.23,24.67
2019-06-18T15:00+02:00,-1310.48,25272.45,32665.94,65741.55,24.67
2019-06-18T16:00+02:00,-376.76,26997.74,28917.84,64633.26,24.67
2019-06-18T17:00+02:00,1888.44,28311.28,24270.79,64293.02,24.67
2019-06-18T18:00+02:00,3395.22,28837.08,18883.55,63701.17,24.67
2019-06-18T19:00+02:00,5447.4,28801.05,14722.72,62782.1,24.67
2019-06-18T20:00+02:00,5326.04,28943.52,12668.29,60321.79,24.67
2019-06-18T21:00+02:00,4137.09,28674.02,12588.24,57747.21,24.67
2019-06-18T22:00+02:00,3846.64,27838.81,13923.1,55335.73,24.67
2019-06-18T23:00+02:00,2808.9,26553.07,14566.56,51397.96,24.67
2019-06-19T00:00+02:00,3645.28,25416.79,14473.16,48185.45,24.67
2019-06-19T01:00+02:00,4807.78,23900.09,14263.26,46379.3,24.67
2019-06-19T02:00+02:00,5319.53,23005.32,14135.87,45092.69,24.67
2019-06-19T03:00+02:00,5640.55,23122.79,13863.76,45126.08,24.67
2019-06-19T04:00+02:00,5431.16,23397.25,13415.19,45731.5,24.67
2019-06-19T05:00+02:00,4826.52,25096.97,14223.95,48045.6,24.67
2019-06-19T06:00+02:00,4312.26,26686.99,16423.84,55627.27,24.67
2019-06-19T07:00+02:00,2688.68,27077.59,19784.61,61305.91,24.67
2019-06-19T08:00+02:00,1222.98,27146.33,23863.94,64492.32,24.67
2019-06-19T09:00+02:00,83.38,26892.39,29053.16,65909.32,24.67
2019-06-19T10:00+02:00,-1876.31,26556.7,34132.37,67745.07,24.67
2019-06-19T11:00+02:00,-3498.93,25364,38106.91,69085.68,24.67
2019-06-19T12:00+02:00,-5826.59,24565.83,39523.52,69016.39,24.67
2019-06-19T13:00+02:00,-5298.31,24736.94,38735.87,68226.74,24.67
2019-06-19T14:00+02:00,-4723.93,24746.71,36809.74,66974.1,24.67
2019-06-19T15:00+02:00,-2412.83,25094.15,33734.18,65660.64,24.67
2019-06-19T16:00+02:00,-1798.75,25656.65,30480.56,64250.09,24.67
2019-06-19T17:00+02:00,-854.5,26578.19,26844.69,64337.92,24.67
2019-06-19T18:00+02:00,2002.81,26762.86,21726.18,63597.95,24.67
2019-06-19T19:00+02:00,3291.64,27117.86,16991.1,61807.7,24.67
2019-06-19T20:00+02:00,4527.76,27025.74,14757.56,59068.65,24.67
2019-06-19T21:00+02:00,3714.1,26926,14570.49,56172.26,24.67
2019-06-19T22:00+02:00,3279.67,26289.88,15437.06,53551.12,24.67
2019-06-19T23:00+02:00,2211.55,24778.07,14920.58,48635.66,24.67
2019-06-20T00:00+02:00,2602.21,22288.45,15048.97,45773.06,24.67
2019-06-20T01:00+02:00,4262.19,20645.19,15855.37,43943.74,24.67
2019-06-20T02:00+02:00,4411.24,19953.43,16544.58,43321.85,24.67
2019-06-20T03:00+02:00,3974.72,19612.48,15992.17,43153.29,24.67
2019-06-20T04:00+02:00,3561.27,19697.86,15685.13,43005.57,24.67
2019-06-20T05:00+02:00,3824.51,19943.61,15098.85,42793.06,24.67
2019-06-20T06:00+02:00,2329.27,20504.15,17069.19,44747.2,24.67
2019-06-20T07:00+02:00,-772.64,22848.08,19580.27,48183.18,24.67
2019-06-20T08:00+02:00,-3047.7,23525.6,21934.88,50815.33,24.67
2019-06-20T09:00+02:00,-4124.67,23490.06,25416.7,52609.38,24.67
2019-06-20T10:00+02:00,-4474.7,22808.86,28984.02,54445.89,24.67
2019-06-20T11:00+02:00,-5239.56,22461.53,31383.38,56302.13,24.67
2019-06-20T12:00+02:00,-6192.99,21802.3,32249.72,56066.57,24.67
2019-06-20T13:00+02:00,-5738.36,21212.1,32727.98,54753.46,24.67
2019-06-20T14:00+02:00,-4135.57,20211.08,31579.57,53478.95,24.67
2019-06-20T15:00+02:00,-5088.37,20795.2,28856.34,52702.32,24.67
2019-06-20T16:00+02:00,-1873.66,21898.69,25693.26,52015.63,24.67
2019-06-20T17:00+02:00,1059.07,22295.7,22624.84,52352.98,24.67
2019-06-20T18:00+02:00,3087.23,22599.67,18925.71,52994.78,24.67
2019-06-20T19:00+02:00,3960.71,23491.96,14999.33,52106.56,24.67
2019-06-20T20:00+02:00,4650.02,23702.11,12223.96,50763.34,24.67
2019-06-20T21:00+02:00,5005.69,23959.57,10874.17,49600.94,24.67
2019-06-20T22:00+02:00,4695.76,23674.11,10525.13,48935.11,24.67
2019-06-20T23:00+02:00,3934.89,22801.92,10554.17,45433.92,24.67
2019-06-21T00:00+02:00,5263.62,20374.42,10450.06,42833.44,24.67
2019-06-21T01:00+02:00,4552.99,19497.17,10095.44,40915.73,24.67
2019-06-21T02:00+02:00,6436.8,19010.84,9784.35,40569.56,24.67
2019-06-21T03:00+02:00,6759.75,19002.41,9976.36,40344.49,24.67
2019-06-21T04:00+02:00,6962.77,19237.77,10253.38,41203.88,24.67
2019-06-21T05:00+02:00,6964.11,20190.8,11080.03,43283.56,24.67
2019-06-21T06:00+02:00,7269.37,21741.17,13040.72,49233.4,24.67
2019-06-21T07:00+02:00,5745.47,22788.54,15544.43,54207.23,24.67
2019-06-21T08:00+02:00,4210.17,23015.91,19825.19,57520.64,24.67
2019-06-21T09:00+02:00,2839.78,22574.22,25032.03,58999.24,24.67
2019-06-21T10:00+02:00,1021.76,22186.69,29226.02,60273.42,24.67
2019-06-21T11:00+02:00,-1245.7,22184.49,32651.16,61412.11,24.82
2019-06-21T12:00+02:00,-2670.35,22055.18,34433.36,61037.47,24.87
2019-06-21T13:00+02:00,-2603.47,21178.66,34585.16,60197.86,24.87
2019-06-21T14:00+02:00,-1496.64,20273.55,33451.4,59019.59,24.87
2019-06-21T15:00+02:00,-944.41,20401.69,31242.05,58255.3,24.87
2019-06-21T16:00+02:00,423.5,21155.9,28202.32,57050.2,24.87
2019-06-21T17:00+02:00,2787.62,21988.7,24701.12,56637.74,24.87
2019-06-21T18:00+02:00,4040.61,22425.15,20422.54,56244.23,24.87
2019-06-21T19:00+02:00,5605.08,22712.55,16354.35,55162.26,24.87
2019-06-21T20:00+02:00,5826.44,22831.75,13601.03,52872.8,24.87
2019-06-21T21:00+02:00,6020.39,22548,12912.57,50309.4,24.87
2019-06-21T22:00+02:00,5200.16,22070.77,13354.85,48951.38,24.87
2019-06-21T23:00+02:00,4327.69,20678.54,13517.39,45632.19,24.87
2019-06-22T00:00+02:00,5339.12,18213.31,13392.47,42923.37,24.87
2019-06-22T01:00+02:00,5119.84,16539.45,13206.8,40860.99,24.87
2019-06-22T02:00+02:00,4704.6,15696.62,13363.29,39304.34,24.87
2019-06-22T03:00+02:00,4388.49,15678.63,13221.21,38795.63,24.87
2019-06-22T04:00+02:00,4684.78,15582.64,13448.28,39054.97,24.87
2019-06-22T05:00+02:00,4182.64,15364.42,14300.9,39401.23,24.87
2019-06-22T06:00+02:00,4399.49,15495.39,16114.61,41703.13,24.87
2019-06-22T07:00+02:00,3819,16294.66,18055.46,44924.04,24.87
2019-06-22T08:00+02:00,3115.26,16651.41,21603.23,48576.08,24.87
2019-06-22T09:00+02:00,2040.05,15916.7,25418.39,51572.33,24.87
2019-06-22T10:00+02:00,528.56,15597.55,29228.79,53245.86,24.87
2019-06-22T11:00+02:00,-173.52,15347.04,31855.53,54425.36,24.87
2019-06-22T12:00+02:00,-941.95,15115.37,33120.2,53959.95,24.87
2019-06-22T13:00+02:00,-1739.77,14799.54,32936.33,52396.7,24.87
2019-06-22T14:00+02:00,-1843.76,14584.18,32066.39,51258.77,24.87
2019-06-22T15:00+02:00,-1454.52,14827.33,30543.39,50642.61,24.87
2019-06-22T16:00+02:00,-981.61,15395.14,28086.7,49968.04,24.87
2019-06-22T17:00+02:00,960.31,16423.05,25225.42,50070.29,24.87
2019-06-22T18:00+02:00,1616.79,17917.8,22418.55,50233.72,24.87
2019-06-22T19:00+02:00,3123.94,18371.31,20180.43,49394.2,24.87
2019-06-22T20:00+02:00,2037.38,18329.96,18373.57,47281.48,24.87
2019-06-22T21:00+02:00,716.95,17916.48,18239.54,45828.43,24.87
2019-06-22T22:00+02:00,-189.1,17255.81,19785.54,45149.51,24.87
2019-06-22T23:00+02:00,-1441.67,15188.6,20623.07,42773.68,24.87
2019-06-23T00:00+02:00,-1081.1,14012.94,20482.08,39678.89,24.87
2019-06-23T01:00+02:00,-1390.26,12692.25,20248.18,37922.84,24.87
2019-06-23T02:00+02:00,146.83,11941.86,19588.39,37091.96,24.87
2019-06-23T03:00+02:00,1011.49,11185.95,19268.3,36922.51,24.87
2019-06-23T04:00+02:00,2564.07,10724.7,19106.72,36138.96,24.87
2019-06-23T05:00+02:00,1161.89,10732.26,19126.8,35539.8,24.87
2019-06-23T06:00+02:00,156.25,10749.2,19669.89,36854.62,24.87
2019-06-23T07:00+02:00,-221.03,11026.58,21102.84,39225.54,24.87
2019-06-23T08:00+02:00,-810.26,11380.59,24215.28,42481.16,24.87
2019-06-23T09:00+02:00,-4046.64,11334.7,29005.45,45261.8,24.87
2019-06-23T10:00+02:00,-6165.58,11206.99,34167.34,47338.23,24.87
2019-06-23T11:00+02:00,-7741.85,11589.4,39331.04,49042.11,24.87
2019-06-23T12:00+02:00,-8746.23,10965.06,42285.43,49308.37,24.87
2019-06-23T13:00+02:00,-10575.87,10615.65,42955.06,47903.63,24.87
2019-06-23T14:00+02:00,-10346.21,10546.94,41751.5,46601.36,24.87
2019-06-23T15:00+02:00,-8911.09,10614.21,39853.62,46097.99,24.87
2019-06-23T16:00+02:00,-5287.36,10582.46,36305.52,46370.17,24.87
2019-06-23T17:00+02:00,-3078.01,12094.19,31714.91,47103.38,24.87
2019-06-23T18:00+02:00,-816.93,15076.9,26601.31,48181.42,24.87
2019-06-23T19:00+02:00,324.43,16505.3,22325.35,48302.4,24.87
2019-06-23T20:00+02:00,757.5,16644.08,20196.92,47717.73,24.87
2019-06-23T21:00+02:00,584.75,16340.12,21595.41,47054.59,24.87
2019-06-23T22:00+02:00,-972.14,15915.27,24383.07,47594.44,24.87
2019-06-23T23:00+02:00,-2173.15,14531.62,25662.67,44658.23,24.87
2019-06-24T00:00+02:00,-1282.68,13191.36,26015.08,42471.21,24.87
2019-06-24T01:00+02:00,-940.65,11566.8,25306.14,41137.17,24.87
2019-06-24T02:00+02:00,342.31,11186.07,24266.51,40361.21,24.87
2019-06-24T03:00+02:00,2091.74,11293.55,23553.93,40614.99,24.87
2019-06-24T04:00+02:00,3668.03,11739.98,22988.87,42219.17,24.87
2019-06-24T05:00+02:00,2590.26,14268.86,23535.47,45329.55,24.87
2019-06-24T06:00+02:00,3030.12,18371.18,25334.87,53973.94,24.87
2019-06-24T07:00+02:00,3641.98,19532.89,27634.46,60404.63,24.87
2019-06-24T08:00+02:00,1752.73,19774.56,31213.23,63940.52,24.87
2019-06-24T09:00+02:00,-751.07,19224.08,36497.53,65398.71,24.87
2019-06-24T10:00+02:00,-4763.68,19130.36,42389.36,66949.98,24.87
2019-06-24T11:00+02:00,-6848.72,18766.48,46736.85,68226.46,24.87
2019-06-24T12:00+02:00,-8645.57,18035.98,48793.43,68051.2,24.87
2019-06-24T13:00+02:00,-8080.85,18080.75,48787.56,67534.39,24.87
2019-06-24T14:00+02:00,-8108.48,18412.17,47294.4,66671.48,24.87
2019-06-24T15:00+02:00,-6788.62,19194.55,44847.19,65861.13,24.87
2019-06-24T16:00+02:00,-4106.91,19535.89,40895.36,65080.34,24.87
2019-06-24T17:00+02:00,-1306.43,20860.45,35805.87,64717.51,24.87
2019-06-24T18:00+02:00,582.85,21670.45,29799.22,64312.5,24.87
2019-06-24T19:00+02:00,2620.97,22312.47,24963.46,63273.51,24.87
2019-06-24T20:00+02:00,2036.75,23035.77,22783.88,61104.91,24.87
2019-06-24T21:00+02:00,708.46,22948.83,23876.84,58510.52,24.87
2019-06-24T22:00+02:00,-1026.28,22178.25,25969.52,56326.01,24.87
2019-06-24T23:00+02:00,-2193.25,19752.75,27060.82,51932.46,24.87
2019-06-25T00:00+02:00,228.66,16685.13,27095.53,48882.94,24.87
2019-06-25T01:00+02:00,1585,15683.77,26500.69,47282.88,24.87
2019-06-25T02:00+02:00,2343.69,14793.52,25514.01,46318.02,24.87
2019-06-25T03:00+02:00,2921.59,14771.67,24390.64,46097.3,24.87
2019-06-25T04:00+02:00,3341.61,15814.27,23555.52,46813.41,24.87
2019-06-25T05:00+02:00,2513.48,18334.93,23187.26,49669.54,24.87
2019-06-25T06:00+02:00,2498.99,22092.78,23539.08,56782,24.87
2019-06-25T07:00+02:00,2650.5,24094.01,24153.56,62835.61,24.87
2019-06-25T08:00+02:00,1640.86,24771.54,26360.34,65935.37,24.87
2019-06-25T09:00+02:00,-579.9,24749.71,30342.45,67303.97,24.87
2019-06-25T10:00+02:00,-1980.09,24783.89,34770.32,68673.11,24.87
2019-06-25T11:00+02:00,-3036.04,24526.05,38386.98,69752.5,24.87
2019-06-25T12:00+02:00,-3187.89,24263.59,40735.03,69814.1,24.87
2019-06-25T13:00+02:00,-3669.1,23873.46,41825.27,69339.56,24.87
2019-06-25T14:00+02:00,-3459.23,23831.33,41299.02,68278.24,24.87
2019-06-25T15:00+02:00,-2589.68,24130.44,38666.44,67353.11,24.87
2019-06-25T16:00+02:00,-2416.76,24909.49,34241.11,66224.85,24.87
2019-06-25T17:00+02:00,-559.2,26190.83,27998.15,65422.23,24.87
2019-06-25T18:00+02:00,3808.46,26423.15,20982.11,64475.22,24.87
2019-06-25T19:00+02:00,6337.39,26970.51,15324.12,64084.82,24.87
2019-06-25T20:00+02:00,7255.33,27470.31,12800.27,61437.92,24.87
2019-06-25T21:00+02:00,6258.03,27284.57,12708.65,59007.04,24.87
2019-06-25T22:00+02:00,3277.47,26598.67,13692.93,56947.1,24.87
2019-06-25T23:00+02:00,3678,25585.1,14045.14,53011.48,24.87
2019-06-26T00:00+02:00,5006.57,23066.68,13589.13,49774.45,24.87
2019-06-26T01:00+02:00,4924.97,22244.11,13011.05,47574.13,24.87
2019-06-26T02:00+02:00,6639.61,21861.55,13185.85,46392.86,24.87
2019-06-26T03:00+02:00,6482.85,21760.75,14219.27,46285.43,24.87
2019-06-26T04:00+02:00,7551,21317.35,14728.71,47489.18,24.87
2019-06-26T05:00+02:00,6899.97,22092.93,15299.58,49948.39,24.87
2019-06-26T06:00+02:00,5620.99,24077.49,17220.6,57315.17,24.87
2019-06-26T07:00+02:00,3557.76,25223.03,20601.24,63646.28,24.87
2019-06-26T08:00+02:00,2432.99,25339.76,25373,67150.48,24.87
2019-06-26T09:00+02:00,-110.58,24821.1,31243,68410.88,24.87
2019-06-26T10:00+02:00,-3226.93,24576.1,36996.56,69750.78,24.87
2019-06-26T11:00+02:00,-4630.95,23463.02,41456.03,70766.74,24.87
2019-06-26T12:00+02:00,-4927.16,22081.23,44760.46,70294.93,24.87
2019-06-26T13:00+02:00,-5622.04,20719.32,45897.67,69604.89,24.87
2019-06-26T14:00+02:00,-6654.7,20225.56,46024.73,68647.69,24.87
2019-06-26T15:00+02:00,-5240.78,19998.04,45196.55,68244.53,24.87
2019-06-26T16:00+02:00,-4145.89,19641.03,43032,66971.39,24.87
2019-06-26T17:00+02:00,-2311.34,21097.38,39185.42,66496.28,24.87
2019-06-26T18:00+02:00,-1430.83,23021.11,34426.46,65545.17,24.87
2019-06-26T19:00+02:00,1743.41,23578.97,29528.52,64358.36,24.87
2019-06-26T20:00+02:00,1390.98,23331.95,26427.22,61764.55,24.87
2019-06-26T21:00+02:00,1860.47,21921.02,25391.83,59230.1,24.87
2019-06-26T22:00+02:00,188.13,20802.92,25530.53,57050.33,24.87
2019-06-26T23:00+02:00,230.54,18716.72,24913.78,53212.11,24.87
2019-06-27T00:00+02:00,649.32,16695.83,24145.55,50124.52,24.87
2019-06-27T01:00+02:00,1678.46,15810.85,24066.28,48497.48,24.87
2019-06-27T02:00+02:00,2963.11,14693.18,23653.59,47623.53,24.87
2019-06-27T03:00+02:00,2826.59,14787.74,23123.28,47282.64,24.87
2019-06-27T04:00+02:00,3588.88,15447.12,22493.63,47885.45,24.87
2019-06-27T05:00+02:00,3928.39,17347.13,22460.74,50118.97,24.87
2019-06-27T06:00+02:00,3953.85,19845.65,24135.66,56653.13,24.87
2019-06-27T07:00+02:00,2008.17,21582.68,27576.6,62472.91,24.87
2019-06-27T08:00+02:00,870.93,21702.13,31977.41,65771.61,24.87
2019-06-27T09:00+02:00,-1915.45,21000.93,36571.38,66916.51,24.87
2019-06-27T10:00+02:00,-3893.48,20207.96,40648.68,68682,24.87
2019-06-27T11:00+02:00,-5682.46,19650.63,43817.81,69500.94,24.87
2019-06-27T12:00+02:00,-5898.38,18614.65,45999.32,69108.11,24.87
2019-06-27T13:00+02:00,-5781.16,18016.42,46667.83,68230.62,24.87
2019-06-27T14:00+02:00,-5467.26,18083.75,45799.61,67166.51,24.87
2019-06-27T15:00+02:00,-4697.15,18614.05,44296.19,66052.43,24.87
2019-06-27T16:00+02:00,-4294.15,18767.29,41445.86,64825.92,24.87
2019-06-27T17:00+02:00,-2604.69,19750.95,37781.52,64241.29,24.87
2019-06-27T18:00+02:00,-249.86,21421.3,32813.41,63611.61,24.87
2019-06-27T19:00+02:00,3890.78,21474.9,27402.74,62718.02,24.87
2019-06-27T20:00+02:00,3851.61,21756.43,23366.8,60177.46,24.87
2019-06-27T21:00+02:00,3495.08,21628.99,21335.72,57508.12,24.87
2019-06-27T22:00+02:00,3146.27,21437.63,20209.99,55424.15,24.87
2019-06-27T23:00+02:00,3507.28,19961.47,19109.49,51661.68,24.87
2019-06-28T00:00+02:00,5401.42,18230.62,17995.56,48151.15,24.87
2019-06-28T01:00+02:00,5745.01,17557.51,16553.93,46368.39,24.87
2019-06-28T02:00+02:00,5537.7,17844.35,15483.07,45435.4,24.87
2019-06-28T03:00+02:00,5718.99,18297.4,14720.07,45392.65,24.87
2019-06-28T04:00+02:00,6648.84,18572.12,13840.66,46092.64,24.87
2019-06-28T05:00+02:00,7553.78,19835.34,13170.46,48132.96,24.87
2019-06-28T06:00+02:00,7831.12,22644.88,13941.67,55197.98,24.87
2019-06-28T07:00+02:00,7255.34,23438.26,16237.41,60743.2,24.87
2019-06-28T08:00+02:00,5339.02,23332.66,20408.98,63743.1,24.87
2019-06-28T09:00+02:00,3056.99,23239.11,25547.3,64671.49,24.87
2019-06-28T10:00+02:00,1690.48,22788.86,30581.17,65853.32,24.87
2019-06-28T11:00+02:00,-1775.7,22382.5,34664.25,66704.86,26.02
2019-06-28T12:00+02:00,-2174.91,21376.78,37291.14,65881.69,26.4
2019-06-28T13:00+02:00,-1993.12,20164.06,38263.94,64518.25,26.4
2019-06-28T14:00+02:00,-2089.9,19618.08,37418.52,63023.35,26.4
2019-06-28T15:00+02:00,-1384.22,19692.42,35342.64,61860.68,26.4
2019-06-28T16:00+02:00,680.76,20060.98,31723.6,61315.4,26.4
2019-06-28T17:00+02:00,2601.93,21241.7,26609.18,61028.65,26.4
2019-06-28T18:00+02:00,6090.34,22538.1,20291.72,60326.18,26.4
2019-06-28T19:00+02:00,8914.18,22879.74,14784.16,59235.76,26.4
2019-06-28T20:00+02:00,9167.05,22799.23,11581.93,56638.54,26.4
2019-06-28T21:00+02:00,7780.46,22771.66,10804.5,54120.88,26.4
2019-06-28T22:00+02:00,6855.19,22274.19,11253.83,52235.13,26.4
2019-06-28T23:00+02:00,6738.89,20911.93,11565.87,48874.58,26.4
2019-06-29T00:00+02:00,7604.14,18392.7,11446.61,45068.63,26.4
2019-06-29T01:00+02:00,7691.57,17222.11,11095.23,43069.63,26.4
2019-06-29T02:00+02:00,8730.54,15902.46,10740.39,41864.24,26.4
2019-06-29T03:00+02:00,9337.06,15382.79,10712.81,41283.04,26.4
2019-06-29T04:00+02:00,10015.77,14978.61,10621.95,41074.22,26.4
2019-06-29T05:00+02:00,9625.56,14568.38,10946.4,40944.61,26.4
2019-06-29T06:00+02:00,8516.26,15004.89,12802.8,43091.14,26.4
2019-06-29T07:00+02:00,7013.76,15016.29,16835.67,46915.51,26.4
2019-06-29T08:00+02:00,4836.22,14870.01,21945.01,50864.98,26.4
2019-06-29T09:00+02:00,1544.39,14852.6,28125.64,53764.66,26.4
2019-06-29T10:00+02:00,-1129.16,14080.86,33295.44,55196.7,26.4
2019-06-29T11:00+02:00,-3471.13,13804.26,36613.92,55696.86,26.4
2019-06-29T12:00+02:00,-4689.13,13130.89,38267.78,55288.97,26.4
2019-06-29T13:00+02:00,-4402.14,12829.49,38520.49,54044.72,26.4
2019-06-29T14:00+02:00,-4615.74,12835.12,37394.31,52766.96,26.4
2019-06-29T15:00+02:00,-2933.62,13100.83,34881.94,52451.26,26.4
2019-06-29T16:00+02:00,-1175.17,13805.5,30801.72,51784.5,26.4
2019-06-29T17:00+02:00,1049.05,16025.76,25416.6,51815.82,26.4
2019-06-29T18:00+02:00,4785.07,17418.42,19201.03,51846.93,26.4
2019-06-29T19:00+02:00,7225.27,17880.36,13846.42,50919.14,26.4
2019-06-29T20:00+02:00,7476.35,18108.96,11249.48,48765.22,26.4
2019-06-29T21:00+02:00,5865.85,17973.84,11525.72,46913.85,26.4
2019-06-29T22:00+02:00,5232.97,17884.72,13509.62,46447.19,26.4
2019-06-29T23:00+02:00,2982.36,17347.1,15451.39,43787.38,26.4
2019-06-30T00:00+02:00,194.36,15610.68,17031.96,40829.32,26.4
2019-06-30T01:00+02:00,611.02,12984.29,18630.67,38967.66,26.4
2019-06-30T02:00+02:00,-112.6,11108.92,20080.48,38020.01,26.4
2019-06-30T03:00+02:00,115.17,10396.16,21135.56,37281.12,26.4
2019-06-30T04:00+02:00,70.49,9512.09,22645.22,37166.7,26.4
2019-06-30T05:00+02:00,-2132.95,9211.12,24025.29,36898.67,26.4
2019-06-30T06:00+02:00,-3726.87,9256.63,26743.24,38218.61,26.4
2019-06-30T07:00+02:00,-5036.56,9231.52,29959.53,40925.56,26.4
2019-06-30T08:00+02:00,-6374.71,9009.22,32490.69,44469.69,26.4
2019-06-30T09:00+02:00,-7983.15,8823.2,36699.87,47242.1,26.4
2019-06-30T10:00+02:00,-10676.57,8777.02,41980.99,49518.92,26.4
2019-06-30T11:00+02:00,-13116.35,8637.66,47198.83,51275.83,26.4
2019-06-30T12:00+02:00,-14275.07,8488.93,50891.61,50925.05,26.4
2019-06-30T13:00+02:00,-15020.12,8461.05,51032.65,49683.02,26.4
2019-06-30T14:00+02:00,-14561.99,8356.44,49150.22,48656.03,26.4
2019-06-30T15:00+02:00,-15202.59,8520.48,48984.68,48327.48,26.4
2019-06-30T16:00+02:00,-12117.32,8976.98,44988.29,48234.26,26.4
2019-06-30T17:00+02:00,-7087.84,10850.35,38176.68,49199.61,26.4
2019-06-30T18:00+02:00,58.02,12752.22,32191.71,49679.73,26.4
2019-06-30T19:00+02:00,2831.84,14330.19,27658.5,50190.32,26.4
2019-06-30T20:00+02:00,1806.57,15451.35,23745.52,49878.23,26.4
2019-06-30T21:00+02:00,2213.35,15824.4,21747.99,49142.63,26.4
2019-06-30T22:00+02:00,692.42,16178.85,21385.58,49858.75,26.4
2019-06-30T23:00+02:00,1244.31,15867.7,20577.85,46888.89,26.4
2019-07-01T00:00+02:00,2664.81,14811.38,19173.84,46069.94,26.4
2019-07-01T01:00+02:00,4614.44,14462.29,17754.42,44250.91,26.4
2019-07-01T02:00+02:00,6283.84,14618.19,17237.94,43411.73,26.4
2019-07-01T03:00+02:00,6949.95,14769.4,16812.14,43447.6,26.4
2019-07-01T04:00+02:00,6970.21,15262.59,16292.3,44124.71,26.4
2019-07-01T05:00+02:00,7099.74,16364.3,16812.58,47554.29,26.4
2019-07-01T06:00+02:00,7940.72,18100.02,18952.15,56045.66,26.4
2019-07-01T07:00+02:00,7487.03,18777.8,21747.97,61931.66,26.4
2019-07-01T08:00+02:00,6225.89,19601.57,25578.4,65645.18,26.4
2019-07-01T09:00+02:00,4505.99,19665.61,31636.99,67421.67,26.4
2019-07-01T10:00+02:00,774.23,19455.8,38685.36,69712.18,26.4
2019-07-01T11:00+02:00,-3007.33,18651.97,44500.17,71457.4,26.4
2019-07-01T12:00+02:00,-5551.75,17237.01,48440.86,71430.89,26.4
2019-07-01T13:00+02:00,-7388.2,16910.61,51207.85,71150.22,26.4
2019-07-01T14:00+02:00,-7801.91,16901.19,51708.4,70362.64,26.4
2019-07-01T15:00+02:00,-7829.48,17187.69,49981.98,69411.95,26.4
2019-07-01T16:00+02:00,-5823.75,17400.92,46592.06,67334.11,26.4
2019-07-01T17:00+02:00,-2922.64,17753.59,42816.96,67068.31,26.4
2019-07-01T18:00+02:00,-1912.09,19247.92,38842.6,66474.62,26.4
2019-07-01T19:00+02:00,72.34,19929.91,34740.39,66029.18,26.4
2019-07-01T20:00+02:00,1308.03,19705.51,31141.68,62794.22,26.4
2019-07-01T21:00+02:00,2059.82,19711.86,27513.57,59587.7,26.4
2019-07-01T22:00+02:00,16.99,19802.29,24923.54,56781.54,26.4
2019-07-01T23:00+02:00,-1317.91,18698.39,24998.89,52633.77,26.4
2019-07-02T00:00+02:00,1095.61,16127.82,25227.23,49652.24,26.4
2019-07-02T01:00+02:00,1539.91,14624.52,25159.43,47970.95,26.4
2019-07-02T02:00+02:00,1631.97,13777.43,25014.97,47003.81,26.4
2019-07-02T03:00+02:00,2212.48,13683.55,24978.42,47119.73,26.4
2019-07-02T04:00+02:00,2928.51,13737.03,24666,48127.34,26.4
2019-07-02T05:00+02:00,3549.59,15487.94,24827.63,50589.4,26.4
2019-07-02T06:00+02:00,3634.62,18596.39,26745.24,57556.47,26.4
2019-07-02T07:00+02:00,2619.66,20242.35,30882.74,63148.1,26.4
2019-07-02T08:00+02:00,320.39,19235.7,37225.74,66832.04,26.4
2019-07-02T09:00+02:00,-3106.61,18284.06,41689.74,67414.58,26.4
2019-07-02T10:00+02:00,-5515.62,18565.88,45327.63,68437.1,26.4
2019-07-02T11:00+02:00,-5596.68,17924.1,47473.31,69588.16,26.4
2019-07-02T12:00+02:00,-5940.14,17479.21,48724.89,69367.84,26.4
2019-07-02T13:00+02:00,-6135.86,17019.11,48838.39,68945,26.4
2019-07-02T14:00+02:00,-5531.52,16633.28,47768.23,67882.94,26.4
2019-07-02T15:00+02:00,-5501.37,16949.34,45865.33,66349.12,26.4
2019-07-02T16:00+02:00,-3354.95,17903.33,42829.45,65199.82,26.4
2019-07-02T17:00+02:00,-1420.28,19058.92,38038.16,64883.65,26.4
2019-07-02T18:00+02:00,1388.57,20093.73,32612.26,64246.31,26.4
2019-07-02T19:00+02:00,3754.33,20768.19,27405.25,63072.67,26.4
2019-07-02T20:00+02:00,4239.58,21851.11,22707.15,60348.06,26.4
2019-07-02T21:00+02:00,4359.15,22356.67,19225.31,57469.32,26.4
2019-07-02T22:00+02:00,3745.41,22058.23,18031.89,54945.62,26.4
2019-07-02T23:00+02:00,3949.32,20705.79,18001.83,51195.39,26.4
2019-07-03T00:00+02:00,3749.93,18237.92,18296.54,48172.19,26.4
2019-07-03T01:00+02:00,4278.69,16644.58,18820.92,46698.68,26.4
2019-07-03T02:00+02:00,5778.84,16054.3,18909.04,46062.49,26.4
2019-07-03T03:00+02:00,6085.95,15657.14,18932.79,46167.41,26.4
2019-07-03T04:00+02:00,6482.04,16118.19,18653.7,46982.21,26.4
2019-07-03T05:00+02:00,5889.6,17417.58,18725.85,49412.35,26.4
2019-07-03T06:00+02:00,4914.68,21645.54,19909.17,56427.44,26.4
2019-07-03T07:00+02:00,4865.83,22561.5,22436.54,61837.16,26.4
2019-07-03T08:00+02:00,3060.76,22230.22,28559.18,65669.22,26.4
2019-07-03T09:00+02:00,-407.18,21646.11,35228.96,66792.65,26.4
2019-07-03T10:00+02:00,-1883.72,20070.77,39658.33,68230.34,26.4
2019-07-03T11:00+02:00,-3093.17,19349.27,41949.11,69386.86,26.4
2019-07-03T12:00+02:00,-3684.55,18177.76,43530.85,68737.64,26.4
2019-07-03T13:00+02:00,-2806.76,17137.44,44284.62,67844.31,26.4
2019-07-03T14:00+02:00,-4057.44,16706.95,44421.37,66460.19,26.4
2019-07-03T15:00+02:00,-3013.43,16351.14,43220.07,66000.4,26.4
2019-07-03T16:00+02:00,-2784.02,16865.76,40794.07,64408.56,26.4
2019-07-03T17:00+02:00,-1942.56,19071.79,36177.11,64406.26,26.4
2019-07-03T18:00+02:00,644.71,20392.58,30665.04,63734.83,26.4
2019-07-03T19:00+02:00,2891.62,21486.1,24996.07,62382.4,26.4
2019-07-03T20:00+02:00,3089.14,21934.52,20997.58,60074.62,26.4
2019-07-03T21:00+02:00,3886.58,21803.96,18885.41,57826.58,26.4
2019-07-03T22:00+02:00,1590.32,21717.74,18990.05,56104.31,26.4
2019-07-03T23:00+02:00,1969.55,20482.41,19591.78,51848.73,26.4
2019-07-04T00:00+02:00,3171.23,17220.45,19661.72,48562.7,26.4
2019-07-04T01:00+02:00,4141.81,15982.58,19060.57,46871.94,26.4
2019-07-04T02:00+02:00,4436.28,15973.3,18441.98,45735,26.4
2019-07-04T03:00+02:00,5172.91,16175.65,18189.29,45970.98,26.4
2019-07-04T04:00+02:00,5904.05,16399.87,18252.26,46838.7,26.4
2019-07-04T05:00+02:00,5625.32,17219.69,19025.94,49558.74,26.4
2019-07-04T06:00+02:00,5377.52,20394.2,20919.91,56308.88,26.4
2019-07-04T07:00+02:00,4576.29,21289.64,23897.1,61767.17,26.4
2019-07-04T08:00+02:00,1811.76,21296.29,29890.9,65403.96,26.4
2019-07-04T09:00+02:00,-2636.56,20945.42,36668.39,66477.67,26.4
2019-07-04T10:00+02:00,-3964.08,19674.01,41516.54,67799.59,26.4
2019-07-04T11:00+02:00,-5303.76,18869.99,45188.37,69354.94,26.4
2019-07-04T12:00+02:00,-6279.86,17633.64,47196.66,69037.44,26.4
2019-07-04T13:00+02:00,-5502.43,16878.47,48098,68554.54,26.4
2019-07-04T14:00+02:00,-5221.7,16586.35,47894.5,67633.44,26.4
2019-07-04T15:00+02:00,-5212.46,16675.27,46310.84,66813.73,26.4
2019-07-04T16:00+02:00,-4958.02,17782.5,42773.11,65508.2,26.4
2019-07-04T17:00+02:00,-3384.23,19581.08,37544.36,64848.39,26.4
2019-07-04T18:00+02:00,-360.17,20779,31922.27,64145.56,26.4
2019-07-04T19:00+02:00,1935.99,21608.76,26832.1,63313.97,26.4
2019-07-04T20:00+02:00,2500.11,21740.84,23524.77,60778.39,26.4
2019-07-04T21:00+02:00,2317.77,21261.15,21817.19,58400.64,26.4
2019-07-04T22:00+02:00,1821.03,20470.08,21423.6,56353.5,26.4
2019-07-04T23:00+02:00,742.5,19270.02,22133.05,52705,26.4
2019-07-05T00:00+02:00,1090.87,17225.68,21899.98,49524,26.4
2019-07-05T01:00+02:00,2346.1,15738.16,21712.05,47641.11,26.4
2019-07-05T02:00+02:00,3808.3,15017.89,21892.14,46946.56,26.4
2019-07-05T03:00+02:00,3981.9,14827.71,21706.61,47002.05,26.4
2019-07-05T04:00+02:00,3654.33,15390.08,21358.06,47736.99,26.4
2019-07-05T05:00+02:00,3750.59,16340.7,21287.01,49955.7,26.4
2019-07-05T06:00+02:00,3933.05,19011.8,22396.3,57202.88,26.4
2019-07-05T07:00+02:00,3982.07,20721.39,24520.87,62871.82,26.4
2019-07-05T08:00+02:00,2760.25,21039.83,27866.94,65924.53,26.4
2019-07-05T09:00+02:00,351.91,21256.89,32211.83,67331.15,26.4
2019-07-05T10:00+02:00,-1969.81,21208.19,36629.79,68099.25,26.4
2019-07-05T11:00+02:00,-2901.98,20366.92,40789.53,68911.65,25.98
2019-07-05T12:00+02:00,-5574,18999.58,44850.38,68145.88,25.84
2019-07-05T13:00+02:00,-5912.62,18436.04,46060.69,67054.57,25.84
2019-07-05T14:00+02:00,-6571.49,17811.44,45823.93,65883.05,25.84
2019-07-05T15:00+02:00,-5897.64,17865.33,44283.58,64306.59,25.84
2019-07-05T16:00+02:00,-4293.45,18580.36,40287.62,63154.44,25.84
2019-07-05T17:00+02:00,-1616.12,19283.08,34557.2,62438.01,25.84
2019-07-05T18:00+02:00,669.36,20976.84,27708.88,61629.18,25.84
2019-07-05T19:00+02:00,4159.18,21173.94,21194.05,59980.35,25.84
2019-07-05T20:00+02:00,5802.08,21171.13,16133.35,56826.68,25.84
2019-07-05T21:00+02:00,6819.18,20900.27,13653.73,54592.18,25.84
2019-07-05T22:00+02:00,5616.8,20557.94,12541.32,52784.28,25.84
2019-07-05T23:00+02:00,5408.61,20167.54,12040.94,49253.35,25.84
2019-07-06T00:00+02:00,4837.56,18559.9,11812.57,46492.34,25.84
2019-07-06T01:00+02:00,5534.89,17264.56,11418.92,44126.7,25.84
2019-07-06T02:00+02:00,5407.83,16621.28,11283.06,42348.06,25.84
2019-07-06T03:00+02:00,5922.95,15629.71,11585.45,41799.98,25.84
2019-07-06T04:00+02:00,5588.03,15414.21,12567.78,41574.56,25.84
2019-07-06T05:00+02:00,5623.49,14277.87,14341.45,41617.15,25.84
2019-07-06T06:00+02:00,4239.1,14387.97,16983.58,43548.72,25.84
2019-07-06T07:00+02:00,1675.19,15353.08,20917.52,46814.25,25.84
2019-07-06T08:00+02:00,-224.88,15580.92,26218.59,50743.05,25.84
2019-07-06T09:00+02:00,-3687.36,14694.57,33193.24,54018.4,25.84
2019-07-06T10:00+02:00,-6216.94,12814.25,40424.96,55931.05,25.84
2019-07-06T11:00+02:00,-9690.72,11430.24,45666.99,56812.27,25.84
2019-07-06T12:00+02:00,-11569.46,10781.5,48410.94,56518.96,25.84
2019-07-06T13:00+02:00,-11254.75,10519.76,49147.39,55662.92,25.84
2019-07-06T14:00+02:00,-10991.51,10338.44,48187.89,54577.44,25.84
2019-07-06T15:00+02:00,-9968.87,10632.2,46047.19,53629.33,25.84
2019-07-06T16:00+02:00,-8033.08,11121.29,42544.08,53121.27,25.84
2019-07-06T17:00+02:00,-6062.16,12029.26,38165.03,53218.22,25.84
2019-07-06T18:00+02:00,-3771.81,13520.23,35294.86,53418.42,25.84
2019-07-06T19:00+02:00,-3075.06,13876.74,31924.16,52540.85,25.84
2019-07-06T20:00+02:00,-3163.3,13740.05,29467.2,50315.37,25.84
2019-07-06T21:00+02:00,-2713.78,13460.53,27915.98,49013.84,25.84
2019-07-06T22:00+02:00,-2790.72,13023.73,26446.75,48082.64,25.84
2019-07-06T23:00+02:00,-2366.53,12447.37,25306.2,45373.94,25.84
2019-07-07T00:00+02:00,-2338.91,11713.49,24838.03,42750.25,25.84
2019-07-07T01:00+02:00,-2655.03,10373.91,24327.79,40877.07,25.84
2019-07-07T02:00+02:00,-3170.79,10189.27,24190.92,39793.51,25.84
2019-07-07T03:00+02:00,-2345.25,10127.14,23918.62,39237.52,25.84
2019-07-07T04:00+02:00,-2085.07,10165.2,23404.28,38987.86,25.84
2019-07-07T05:00+02:00,-2483.7,10185.13,23676.75,38716.28,25.84
2019-07-07T06:00+02:00,-2745.83,10131.94,24346.08,39672.24,25.84
2019-07-07T07:00+02:00,-3213.8,10085.96,25974.58,41584.49,25.84
2019-07-07T08:00+02:00,-3973.68,10299.3,29388.65,44580.2,25.84
2019-07-07T09:00+02:00,-4456.34,10141.3,32329.16,47839.62,25.84
2019-07-07T10:00+02:00,-5957.09,10417.66,35060.27,49785.65,25.84
2019-07-07T11:00+02:00,-5218.43,10458.35,37933.57,51597.3,25.84
2019-07-07T12:00+02:00,-5802.9,10150.81,40527.12,51826.54,25.84
2019-07-07T13:00+02:00,-7500.98,9747.87,42650.97,50597.04,25.84
2019-07-07T14:00+02:00,-9315.81,9555.17,44141.47,49682.09,25.84
2019-07-07T15:00+02:00,-9449.92,9594.65,43426.96,48971.96,25.84
2019-07-07T16:00+02:00,-8753.02,9831.2,41841.24,49029.32,25.84
2019-07-07T17:00+02:00,-6271.46,10453.86,38529.71,49766.17,25.84
2019-07-07T18:00+02:00,-4359.39,11950.04,33183.25,49742.39,25.84
2019-07-07T19:00+02:00,-1622.82,13549.99,28077.61,49247.7,25.84
2019-07-07T20:00+02:00,-53.22,15009.67,22761.06,48288.72,25.84
2019-07-07T21:00+02:00,1411.14,15743.17,19338.27,47428.47,25.84
2019-07-07T22:00+02:00,1789.61,16008.61,17933.88,47606.52,25.84
2019-07-07T23:00+02:00,2428.95,15138.64,17945.26,44971.74,25.84
2019-07-08T00:00+02:00,2397.77,13535.46,17666.11,43142.18,25.84
2019-07-08T01:00+02:00,2577.04,13150.81,17730.83,41614.83,25.84
2019-07-08T02:00+02:00,3308.1,12977.45,17100.98,40354.8,25.84
2019-07-08T03:00+02:00,3528.07,13213.35,17103.61,40701.5,25.84
2019-07-08T04:00+02:00,3776.4,14068.32,17122.4,41992.81,25.84
2019-07-08T05:00+02:00,3989.21,15432.9,17605.91,45533.63,25.84
2019-07-08T06:00+02:00,4809.19,18942.96,18751.74,53561.6,25.84
2019-07-08T07:00+02:00,2499.26,20955.34,21308.36,59822.01,25.84
2019-07-08T08:00+02:00,1748.63,20921.12,26241.83,62712.68,25.84
2019-07-08T09:00+02:00,-141.26,20569.35,31588.95,64523.57,25.84
2019-07-08T10:00+02:00,-2428.42,20528.93,34795.17,66305.43,25.84
2019-07-08T11:00+02:00,-2769.97,20811.69,36308.92,67332.61,25.84
2019-07-08T12:00+02:00,-1983.14,20520.61,37294.51,67706.31,25.84
2019-07-08T13:00+02:00,-3122.99,20998.78,37544.04,67050.76,25.84
2019-07-08T14:00+02:00,-3312.13,20888.55,36837.66,65825.29,25.84
2019-07-08T15:00+02:00,-2277.47,20901.19,35487.39,64819.37,25.84
2019-07-08T16:00+02:00,-1097.53,20484.12,33439.55,63434.91,25.84
2019-07-08T17:00+02:00,-1247.1,21613.81,30299.18,62912.48,25.84
2019-07-08T18:00+02:00,1498.09,21791.41,26723.08,62110.48,25.84
2019-07-08T19:00+02:00,4692.42,21593.95,22831.54,60965.93,25.84
2019-07-08T20:00+02:00,4279.69,21513.21,19179.91,58431.49,25.84
2019-07-08T21:00+02:00,4454.86,21723.55,17340.53,56275.55,25.84
2019-07-08T22:00+02:00,3633.97,21479.67,16911.76,54067.63,25.84
2019-07-08T23:00+02:00,2074.72,20190.05,17163.46,49850.72,25.84
2019-07-09T00:00+02:00,1184.67,18134.55,17258.32,47310.28,25.84
2019-07-09T01:00+02:00,1664.98,17144.43,17555.68,45800.48,25.84
2019-07-09T02:00+02:00,1969.81,17019.6,17602.82,45243.01,25.84
2019-07-09T03:00+02:00,2119.82,16972.54,17532.88,45335.31,25.84
2019-07-09T04:00+02:00,2574.17,17374.53,17089.51,46257.81,25.84
2019-07-09T05:00+02:00,3366.17,18169.16,16674.55,48272.17,25.84
2019-07-09T06:00+02:00,4584.43,20653.17,17289.66,55470.19,25.84
2019-07-09T07:00+02:00,4806.83,21289.2,19942.51,60860.4,25.84
2019-07-09T08:00+02:00,2730.77,20804.18,24260.26,63124.2,25.84
2019-07-09T09:00+02:00,-702.5,20757.25,28991.39,64196.27,25.84
2019-07-09T10:00+02:00,-1665.42,20520.51,32726.66,65781.97,25.84
2019-07-09T11:00+02:00,-3705.1,21317.58,35106.22,67555.56,25.84
2019-07-09T12:00+02:00,-4196.85,20975.83,35943.1,66942.08,25.84
2019-07-09T13:00+02:00,-3275.26,20646.5,36848.88,66485.84,25.84
2019-07-09T14:00+02:00,-2536.89,20173.97,36719.35,65532.3,25.84
2019-07-09T15:00+02:00,-2342.09,19890.88,36384.12,64573.76,25.84
2019-07-09T16:00+02:00,-3068.66,20005.89,34930.62,63426,25.84
2019-07-09T17:00+02:00,-1640.26,20920.8,31922.94,62828.95,25.84
2019-07-09T18:00+02:00,1473.61,21711.96,27100.12,62278.02,25.84
2019-07-09T19:00+02:00,3531.31,21949.36,22258.46,61371.34,25.84
2019-07-09T20:00+02:00,4133.05,22182.1,17915,58759.01,25.84
2019-07-09T21:00+02:00,4222.35,22181.84,15404.93,56366.26,25.84
2019-07-09T22:00+02:00,2876.32,21896.24,15077.92,54088.59,25.84
2019-07-09T23:00+02:00,409.02,21337.67,15202.69,50268.52,25.84
2019-07-10T00:00+02:00,935.11,20825.31,15457.55,47344.89,25.84
2019-07-10T01:00+02:00,2351.86,19637.88,14947.61,45551.18,25.84
2019-07-10T02:00+02:00,1760.42,19732.36,14340.86,44398.21,25.84
2019-07-10T03:00+02:00,2939.61,19606.16,13866.37,44687.98,25.84
2019-07-10T04:00+02:00,3421.24,20185.95,13129.83,45680.26,25.84
2019-07-10T05:00+02:00,4085.92,21646.27,12539.86,48097.12,25.84
2019-07-10T06:00+02:00,4681.84,24198.5,13807.23,55134.24,25.84
2019-07-10T07:00+02:00,4104.27,25534.95,16654.63,60631.3,25.84
2019-07-10T08:00+02:00,1536.48,25504.65,21716.3,62847.3,25.84
2019-07-10T09:00+02:00,-1287,25488.78,27014.05,63668.08,25.84
2019-07-10T10:00+02:00,-3644.81,25371.12,31071.81,64972.79,25.84
2019-07-10T11:00+02:00,-5308.41,25358.63,34965.73,66943.3,25.84
2019-07-10T12:00+02:00,-6404.39,24406.3,37982.2,66959.74,25.84
2019-07-10T13:00+02:00,-7843.75,23548.32,39458.02,66710.84,25.84
2019-07-10T14:00+02:00,-8536.69,23541.25,39000.54,66078.26,25.84
2019-07-10T15:00+02:00,-7101.84,23402.69,36743.18,64669.84,25.84
2019-07-10T16:00+02:00,-6347.84,23821.67,33440.74,63015.09,25.84
2019-07-10T17:00+02:00,-2413.39,24847.68,28853.06,62535.64,25.84
2019-07-10T18:00+02:00,-352.65,26428.75,23140.39,62530.75,25.84
2019-07-10T19:00+02:00,2294.83,27786.9,17701.25,61510.37,25.84
2019-07-10T20:00+02:00,3048.45,28081.17,14017.83,58596.11,25.84
2019-07-10T21:00+02:00,3806.45,28056.66,11817.47,56535.9,25.84
2019-07-10T22:00+02:00,1492.52,27900.94,11410.15,53928.89,25.84
2019-07-10T23:00+02:00,312.26,26772.34,11066.2,49644.94,25.84
2019-07-11T00:00+02:00,147.87,24487.62,10911.03,47089.28,25.84
2019-07-11T01:00+02:00,2299.87,22584.75,10673.54,45558.83,25.84
2019-07-11T02:00+02:00,2721.34,22016.45,10297.55,44330.86,25.84
2019-07-11T03:00+02:00,3966.67,21791.78,10060.29,44490.28,25.84
2019-07-11T04:00+02:00,4250.36,22482.25,10062.04,45424.57,25.84
2019-07-11T05:00+02:00,5881.6,23150.9,9953.37,48117.59,25.84
2019-07-11T06:00+02:00,5803.03,26260.41,10979.22,54843.92,25.84
2019-07-11T07:00+02:00,4499.53,27805.27,12810.16,60223.44,25.84
2019-07-11T08:00+02:00,4482.03,27892.76,15510.44,63405.52,25.84
2019-07-11T09:00+02:00,3543.62,28056.79,18700.86,64827.92,25.84
2019-07-11T10:00+02:00,3469.54,28456.94,21097.26,66426.35,25.84
2019-07-11T11:00+02:00,2795.97,28988.56,23135.92,67711.75,25.84
2019-07-11T12:00+02:00,2087.15,29128.4,23704.66,67220.02,25.84
2019-07-11T13:00+02:00,307.57,29319.27,23721.77,66562.21,25.84
2019-07-11T14:00+02:00,-151.47,29615.08,23015.46,64926.74,25.84
2019-07-11T15:00+02:00,593.06,29612.55,21300.15,63894.14,25.84
2019-07-11T16:00+02:00,1632.51,29744.41,19073.46,62779.92,25.84
2019-07-11T17:00+02:00,3672.24,29602.69,16975.7,62457.09,25.84
2019-07-11T18:00+02:00,2362.03,29712.78,14691.8,61951.72,25.84
2019-07-11T19:00+02:00,5118.25,29854.4,12330.98,60970.02,25.84
2019-07-11T20:00+02:00,4346.88,29511.28,10422.46,58554.67,25.84
2019-07-11T21:00+02:00,3143.98,29338.1,9582.11,56114.16,25.84
2019-07-11T22:00+02:00,1365.56,28928.17,9628.62,53316.56,25.84
2019-07-11T23:00+02:00,1129.92,27322.03,9913.24,49553.27,25.84
2019-07-12T00:00+02:00,171.94,26022.88,10427.63,46726.32,25.84
2019-07-12T01:00+02:00,2166.26,25042.61,10558.91,45237.3,25.84
2019-07-12T02:00+02:00,3316.8,23538.73,10306.69,44263.77,25.84
2019-07-12T03:00+02:00,3566.53,23415.06,10154.3,44486.77,25.84
2019-07-12T04:00+02:00,4676.12,24052.64,9756.81,45675.81,25.84
2019-07-12T05:00+02:00,4660.6,25494.62,9451.32,48256.04,25.84
2019-07-12T06:00+02:00,4491.19,27788.14,10378.99,55211.88,25.84
2019-07-12T07:00+02:00,4879,28793.75,12608.71,60632.37,25.84
2019-07-12T08:00+02:00,3606.11,28974.07,15656.04,64126.96,25.84
2019-07-12T09:00+02:00,1737.33,29048.2,19152.04,65427.28,25.84
2019-07-12T10:00+02:00,1343.52,29105.5,22171.89,66792.48,25.84
2019-07-12T11:00+02:00,1077.11,29092.54,24164.15,67683,27.65
2019-07-12T12:00+02:00,704.78,28735.45,26241.75,66836.55,28.25
2019-07-12T13:00+02:00,-592.35,27897.8,27743.86,65214.44,28.25
2019-07-12T14:00+02:00,-1569.64,26799.7,28002.14,63639.88,28.25
2019-07-12T15:00+02:00,-1198.33,26330.36,27214.65,62827.73,28.25
2019-07-12T16:00+02:00,-332.63,26323.37,24696.75,61915.17,28.25
2019-07-12T17:00+02:00,521.68,27329.41,22916.59,61266.94,28.25
2019-07-12T18:00+02:00,2541.85,27516.56,19325.98,60512.61,28.25
2019-07-12T19:00+02:00,3807.43,27824.69,15817.85,59022.07,28.25
2019-07-12T20:00+02:00,4342.71,27774.59,13395.14,56291.45,28.25
2019-07-12T21:00+02:00,2634.12,27319.53,12468.96,53616.52,28.25
2019-07-12T22:00+02:00,775.1,26682.81,12511.84,51243.46,28.25
2019-07-12T23:00+02:00,394.02,24572.11,13356.38,48139,28.25
2019-07-13T00:00+02:00,1405.37,20845.55,14194.8,45436.09,28.25
2019-07-13T01:00+02:00,1366.09,18736.21,14377.84,43344.65,28.25
2019-07-13T02:00+02:00,743.11,18111.75,14553.31,41862.12,28.25
2019-07-13T03:00+02:00,1391.98,17475.74,14369.19,41636.8,28.25
2019-07-13T04:00+02:00,2285.82,17192.97,14565,41544.94,28.25
2019-07-13T05:00+02:00,2158.43,17037.04,15107.59,41586.88,28.25
2019-07-13T06:00+02:00,1995,17096.89,16111.85,43483.66,28.25
2019-07-13T07:00+02:00,2450.76,17190.45,17757.94,46548.26,28.25
2019-07-13T08:00+02:00,1973.09,17727.9,19763.31,49863.38,28.25
2019-07-13T09:00+02:00,360.83,18539.82,22785.66,52911.24,28.25
2019-07-13T10:00+02:00,258.97,18756.73,25229.47,54872.41,28.25
2019-07-13T11:00+02:00,-804.48,18798.64,27510.54,55880.61,28.25
2019-07-13T12:00+02:00,-2226.65,17930.32,29284.89,55087.75,28.25
2019-07-13T13:00+02:00,-4690.4,17383.2,30910.83,53440.78,28.25
2019-07-13T14:00+02:00,-5736.44,17023.57,31775.84,52273.68,28.25
2019-07-13T15:00+02:00,-5160.96,16317.87,32364.94,51758.2,28.25
2019-07-13T16:00+02:00,-4379.3,16233.1,31247.48,51383.17,28.25
2019-07-13T17:00+02:00,-3754.77,16958.7,28536.08,51957.87,28.25
2019-07-13T18:00+02:00,-789.56,17424.81,25438.59,51595.38,28.25
2019-07-13T19:00+02:00,1333.1,17766.11,21521.84,50659.3,28.25
2019-07-13T20:00+02:00,806.88,18083.88,18457.71,48303.58,28.25
2019-07-13T21:00+02:00,2387.66,17959.45,16471.74,47031.34,28.25
2019-07-13T22:00+02:00,1806.23,18079.53,15343.62,45824.89,28.25
2019-07-13T23:00+02:00,113.68,17877.23,14934.54,43070.83,28.25
2019-07-14T00:00+02:00,-1173.03,16714.38,14121.31,40581.82,28.25
2019-07-14T01:00+02:00,-1906.15,16269.3,13810.56,38641.35,28.25
2019-07-14T02:00+02:00,-1718.96,15767.63,13952.46,37345.89,28.25
2019-07-14T03:00+02:00,-955.9,15082.32,14339.06,37162.02,28.25
2019-07-14T04:00+02:00,-126.64,14334.15,14257.03,36887.15,28.25
2019-07-14T05:00+02:00,79.76,14342.64,14113.62,36848.98,28.25
2019-07-14T06:00+02:00,-614.34,14806.02,14405.32,37656.41,28.25
2019-07-14T07:00+02:00,-709.51,15551.15,15704.18,39077.48,28.25
2019-07-14T08:00+02:00,-786.4,16243.87,17741.63,42111.06,28.25
2019-07-14T09:00+02:00,-1037.67,16903.03,20179.85,45108.92,28.25
2019-07-14T10:00+02:00,-1139.69,16621.41,22043.31,47662.23,28.25
2019-07-14T11:00+02:00,-2698.56,17328.28,23871.19,49702.18,28.25
2019-07-14T12:00+02:00,-1802.47,16743.03,25012.58,49215.93,28.25
2019-07-14T13:00+02:00,-2665.57,16015.83,25888.9,48040.87,28.25
2019-07-14T14:00+02:00,-3922.02,15479.09,26419.32,47038.58,28.25
2019-07-14T15:00+02:00,-3639.82,15066.64,26084.33,46687.01,28.25
2019-07-14T16:00+02:00,-2648.19,15332.17,25060.02,46394.08,28.25
2019-07-14T17:00+02:00,-1480.42,16158.36,22622.91,47192.08,28.25
2019-07-14T18:00+02:00,960.2,17346.14,20263.09,48130.36,28.25
2019-07-14T19:00+02:00,1512.96,18726.85,17503.14,47870.07,28.25
2019-07-14T20:00+02:00,2566.56,18877.17,15335.11,47126.38,28.25
2019-07-14T21:00+02:00,2337.24,19335.3,14415.98,46735.99,28.25
2019-07-14T22:00+02:00,2121.29,19620.31,13986.04,46416.68,28.25
2019-07-14T23:00+02:00,303.21,19365.34,13528.49,43424.37,28.25
2019-07-15T00:00+02:00,534.15,19326.14,13190.83,41109.64,28.25
2019-07-15T01:00+02:00,666.46,19009.48,12473.75,39532.8,28.25
2019-07-15T02:00+02:00,1332.07,18690.52,12238.32,38709.94,28.25
2019-07-15T03:00+02:00,716.77,18686.99,12456.07,39350.45,28.25
2019-07-15T04:00+02:00,1272.6,19426.69,12792.6,41079.17,28.25
2019-07-15T05:00+02:00,2016,20899.73,12861.73,44562.61,28.25
2019-07-15T06:00+02:00,4239.14,22957.36,14041.88,52629.14,28.25
2019-07-15T07:00+02:00,6470.58,24420.28,16067.61,58639.88,28.25
2019-07-15T08:00+02:00,5290.26,25363.88,19433.61,62109.59,28.25
2019-07-15T09:00+02:00,3004.54,25685.4,23422,63254.31,28.25
2019-07-15T10:00+02:00,3066.02,25418.96,26605.64,65200.59,28.25
2019-07-15T11:00+02:00,-224.22,25025.23,29170.59,66713.25,28.25
2019-07-15T12:00+02:00,-1081.09,24364,30498.09,66334.32,28.25
2019-07-15T13:00+02:00,-2401.45,24077.02,32050.58,65768.49,28.25
2019-07-15T14:00+02:00,-2694.15,23541.54,33016,64756.85,28.25
2019-07-15T15:00+02:00,-3543.34,23133.62,33004.21,63608.46,28.25
2019-07-15T16:00+02:00,-2526.1,22982.45,32067.92,62626,28.25
2019-07-15T17:00+02:00,-1775.13,23998.68,29567.54,62466.51,28.25
2019-07-15T18:00+02:00,-698,25431.6,26473.05,61878.21,28.25
2019-07-15T19:00+02:00,1443.31,25871.44,23379.25,60758.36,28.25
2019-07-15T20:00+02:00,1990.73,26036.82,20612.75,58400.49,28.25
2019-07-15T21:00+02:00,1314.64,26157.78,19340.07,56255.37,28.25
2019-07-15T22:00+02:00,-1283.64,25797.03,19265.35,53827.69,28.25
2019-07-15T23:00+02:00,-2497.75,24432.8,18711.99,49702.96,28.25
2019-07-16T00:00+02:00,-3880.27,22740.47,17859.77,46135.4,28.25
2019-07-16T01:00+02:00,-3790.34,22000.37,17209.82,44672.3,28.25
2019-07-16T02:00+02:00,-2685.25,21674.27,16967.66,43694.2,28.25
2019-07-16T03:00+02:00,-1768.65,21230.67,17110.61,43690.54,28.25
2019-07-16T04:00+02:00,-1483.49,21370.62,17104.62,44732.69,28.25
2019-07-16T05:00+02:00,-1539.45,22847.25,17412.78,47862.1,28.25
2019-07-16T06:00+02:00,42.36,25571.33,18598.63,54536.28,28.25
2019-07-16T07:00+02:00,749.11,26600.8,20902.64,60320.66,28.25
2019-07-16T08:00+02:00,356.12,26856.5,24847.38,64027.48,28.25
2019-07-16T09:00+02:00,-1387.82,26877.65,29121.17,65518.36,28.25
2019-07-16T10:00+02:00,-3151.5,26564.09,32794.03,67043.38,28.25
2019-07-16T11:00+02:00,-4730.03,25898.66,35668.47,67539.25,28.25
2019-07-16T12:00+02:00,-6607.89,25431.59,37635.48,66883.08,28.25
2019-07-16T13:00+02:00,-8525,24895.55,39097.16,66206.6,28.25
2019-07-16T14:00+02:00,-8482.74,23899.64,39851.25,65409.18,28.25
2019-07-16T15:00+02:00,-7905.02,23996.25,38432.83,64176.08,28.25
2019-07-16T16:00+02:00,-6588.35,24035.01,35062.72,62978.66,28.25
2019-07-16T17:00+02:00,-3133.14,25077.09,30592.17,62853.98,28.25
2019-07-16T18:00+02:00,-777.18,26562.63,25273.02,62287.39,28.25
2019-07-16T19:00+02:00,1079.14,27541.93,20233.09,61346.14,28.25
2019-07-16T20:00+02:00,3500.64,27556.13,16268.6,58564.22,28.25
2019-07-16T21:00+02:00,3175.69,27754.23,14624.55,56514.83,28.25
2019-07-16T22:00+02:00,817.88,27492.87,14540.01,54199.11,28.25
2019-07-16T23:00+02:00,-810.48,26293.43,14287.42,50405.82,28.25
2019-07-17T00:00+02:00,-1407.73,24358.22,13603.76,47089.23,28.25
2019-07-17T01:00+02:00,-1553.64,24030.88,12829.9,45118.62,28.25
2019-07-17T02:00+02:00,324.61,22921.01,11675.05,43722.12,28.25
2019-07-17T03:00+02:00,1566.53,22848.05,10791.81,43606.37,28.25
2019-07-17T04:00+02:00,2815.89,23521.03,9985.47,44698.88,28.25
2019-07-17T05:00+02:00,3471.27,24807.81,9327.55,47258.6,28.25
2019-07-17T06:00+02:00,5068.76,26599.11,10194.05,54004.3,28.25
2019-07-17T07:00+02:00,6338.42,27370.6,12592.31,59502.03,28.25
2019-07-17T08:00+02:00,4018.46,27476.92,16557.66,62868.34,28.25
2019-07-17T09:00+02:00,2262.46,27657.73,21164.9,63913.36,28.25
2019-07-17T10:00+02:00,1157.39,27124.74,25201.77,65280.82,28.25
2019-07-17T11:00+02:00,-961.95,26350.13,28683.44,66202.49,28.25
2019-07-17T12:00+02:00,-2352.34,25681.96,30745.06,65759.67,28.25
2019-07-17T13:00+02:00,-3317.86,25034.27,31097.34,65176.82,28.25
2019-07-17T14:00+02:00,-2860.36,24503.62,30478.91,64017.8,28.25
2019-07-17T15:00+02:00,-1863.01,24046.01,28768.65,63185.03,28.25
2019-07-17T16:00+02:00,-2541.52,25400.29,26260.11,61585.26,28.25
2019-07-17T17:00+02:00,-957.48,27125.39,22077.86,61174.17,28.25
2019-07-17T18:00+02:00,2000.84,27853.47,17116.65,60724.22,28.25
2019-07-17T19:00+02:00,4703.96,27791.73,12556.36,59460.03,28.25
2019-07-17T20:00+02:00,5597.53,27677.08,9624.21,57198.6,28.25
2019-07-17T21:00+02:00,4831.32,27663.12,8593.63,55385.08,28.25
2019-07-17T22:00+02:00,4324.58,27482.33,8633.03,53094.14,28.25
2019-07-17T23:00+02:00,1305.06,26910.64,8653.52,48767.93,28.25
2019-07-18T00:00+02:00,1856.12,26468.79,8853.9,45708.21,28.25
2019-07-18T01:00+02:00,1571.73,25775.05,8754.79,44018.93,28.25
2019-07-18T02:00+02:00,1938.06,25323.43,8742.84,42969.8,28.25
2019-07-18T03:00+02:00,3374.37,24601.37,8816.06,43205.02,28.25
2019-07-18T04:00+02:00,4583.22,24355.28,9121.63,44153.82,28.25
2019-07-18T05:00+02:00,3640.51,25803.59,9719.36,46895.33,28.25
2019-07-18T06:00+02:00,5658.76,27452.01,11624.2,53689,28.25
2019-07-18T07:00+02:00,4837.66,28010.04,15294.81,59264.68,28.25
2019-07-18T08:00+02:00,2647.06,28072.17,20041.92,62617.68,28.25
2019-07-18T09:00+02:00,-905.96,27059.53,25473.52,63856.97,28.25
2019-07-18T10:00+02:00,-3391.14,26203.6,30626.27,65326.1,28.25
2019-07-18T11:00+02:00,-3727.64,25170.12,33834.76,66807.74,28.25
2019-07-18T12:00+02:00,-4886.08,24043.96,35326.73,66132.89,28.25
2019-07-18T13:00+02:00,-5477.04,23573.83,35805.25,65416.44,28.25
2019-07-18T14:00+02:00,-4849.55,23725.85,34064.2,64546.66,28.25
2019-07-18T15:00+02:00,-2708.05,23766.08,31407.94,63816.54,28.25
2019-07-18T16:00+02:00,-743.55,24783.54,27677.83,62169.92,28.25
2019-07-18T17:00+02:00,1317.97,26187.62,23276.23,62178.84,28.25
2019-07-18T18:00+02:00,2837.81,28007,19042.35,61569.98,28.25
2019-07-18T19:00+02:00,5516.24,28717.42,14426.72,60690.02,28.25
2019-07-18T20:00+02:00,4306.36,28981.58,11364.14,58179.1,28.25
2019-07-18T21:00+02:00,3068.76,29082.97,10549.05,56260.22,28.25
2019-07-18T22:00+02:00,2847.68,28963.61,11113.31,53591.35,28.25
2019-07-18T23:00+02:00,1210.14,27565.19,11646.69,49705.76,28.25
2019-07-19T00:00+02:00,367.75,25562.25,11594.2,47006.29,28.25
2019-07-19T01:00+02:00,589.25,24849.93,11189.8,45237.18,28.25
2019-07-19T02:00+02:00,1936.21,24563.2,11031.15,44319.51,28.25
2019-07-19T03:00+02:00,1829.76,24597.74,11174.01,44345.85,28.25
2019-07-19T04:00+02:00,1837.55,25474.15,11227.69,45180.74,28.25
2019-07-19T05:00+02:00,2687.32,26574.41,11486.35,47819.46,28.25
2019-07-19T06:00+02:00,4503.99,27973.4,12566.6,54538.27,28.25
2019-07-19T07:00+02:00,4552.56,28677.14,14265.08,59922.63,28.25
2019-07-19T08:00+02:00,3810.46,28869.88,16346.36,63132.45,28.25
2019-07-19T09:00+02:00,3081.99,28782.18,19687.19,64395.57,28.25
2019-07-19T10:00+02:00,1466.75,27949.16,23428.41,65872.96,28.25
2019-07-19T11:00+02:00,340.59,27384.24,26613.33,66987.17,28.17
2019-07-19T12:00+02:00,-1944.56,27053.78,29061.19,66266.83,28.15
2019-07-19T13:00+02:00,-2795.26,26866.25,29955.52,64790.9,28.15
2019-07-19T14:00+02:00,-3608.09,26615.41,29188.8,63320.68,28.15
2019-07-19T15:00+02:00,-1676.46,26522.02,27415.34,62045.3,28.15
2019-07-19T16:00+02:00,-844.81,26592.49,24708.2,60902.34,28.15
2019-07-19T17:00+02:00,1523.34,27049.57,21605.18,60089.53,28.15
2019-07-19T18:00+02:00,3636.95,28884.32,17101.05,59282.34,28.15
2019-07-19T19:00+02:00,5092.56,29044.71,12784.06,57651.86,28.15
2019-07-19T20:00+02:00,5252.25,28935.26,9889.03,54839.42,28.15
2019-07-19T21:00+02:00,5357.72,28904.99,9088.47,52894.42,28.15
2019-07-19T22:00+02:00,4099.09,28210.77,9405.46,50994.05,28.15
2019-07-19T23:00+02:00,1788.78,27129.86,10325.57,47523.11,28.15
2019-07-20T00:00+02:00,293.28,25043.77,10848.12,44719.75,28.15
2019-07-20T01:00+02:00,294.71,23285.83,11606.37,42622.56,28.15
2019-07-20T02:00+02:00,339.25,21185.39,12899.23,41009.94,28.15
2019-07-20T03:00+02:00,286.46,19955.99,14149.11,40406.32,28.15
2019-07-20T04:00+02:00,-591.26,19393.53,15544.49,40192.44,28.15
2019-07-20T05:00+02:00,-1609.48,18971.36,17527.1,40340.56,28.15
2019-07-20T06:00+02:00,-2162.65,18781.13,20037.11,42861.84,28.15
2019-07-20T07:00+02:00,-3777.77,18730.4,23784.27,46268.28,28.15
2019-07-20T08:00+02:00,-4771.14,18768.1,27656.81,50279.89,28.15
2019-07-20T09:00+02:00,-8794.95,18768.16,32370.41,53405.23,28.15
2019-07-20T10:00+02:00,-10236.25,17816.07,37643.94,55529.63,28.15
2019-07-20T11:00+02:00,-11972.42,16879.11,41471.03,56687.53,28.15
2019-07-20T12:00+02:00,-12782.12,15563.07,43256.97,56775.69,28.15
2019-07-20T13:00+02:00,-11863.93,14906.55,42777.79,55098.66,28.15
2019-07-20T14:00+02:00,-10822.41,15390.08,41153.1,52795.86,28.15
2019-07-20T15:00+02:00,-8695.97,15652.18,38910.6,52259.45,28.15
2019-07-20T16:00+02:00,-6757.14,16320.12,34048.04,52034.04,28.15
2019-07-20T17:00+02:00,-5451.25,18341.77,28307.27,51456.07,28.15
2019-07-20T18:00+02:00,-1096.72,19814.55,23716.49,52117.64,28.15
2019-07-20T19:00+02:00,746.02,21265.18,19531.73,51145.89,28.15
2019-07-20T20:00+02:00,1437.65,21466.65,17307.65,49344.95,28.15
2019-07-20T21:00+02:00,885.81,21511.5,17711.29,47976.58,28.15
2019-07-20T22:00+02:00,-715.41,21284.46,18341.31,46717.17,28.15
2019-07-20T23:00+02:00,-3564.69,20474.02,19026.88,43841.37,28.15
2019-07-21T00:00+02:00,-5595.42,19320.43,18736.34,40717.24,28.15
2019-07-21T01:00+02:00,-5159.69,18292.16,17198.18,38795.73,28.15
2019-07-21T02:00+02:00,-4624.64,17228.75,17753.92,37797.2,28.15
2019-07-21T03:00+02:00,-5135.52,16413.22,18814.84,37254.2,28.15
2019-07-21T04:00+02:00,-5602.31,15801.58,19827.78,37092.56,28.15
2019-07-21T05:00+02:00,-5945.99,15627.08,20418.96,37327.93,28.15
2019-07-21T06:00+02:00,-6357.76,15004.41,21251.9,37907.65,28.15
2019-07-21T07:00+02:00,-6447.52,15212.67,22520.8,39868.01,28.15
2019-07-21T08:00+02:00,-6555.28,14818.31,25539.61,42948.14,28.15
2019-07-21T09:00+02:00,-7976.41,13870.92,30616.02,45873.75,28.15
2019-07-21T10:00+02:00,-11510.38,12928.58,36553.55,48355.18,28.15
2019-07-21T11:00+02:00,-13373.66,12561.79,41846.08,50999.8,28.15
2019-07-21T12:00+02:00,-14851.14,11725.55,44674.05,51239.78,28.15
2019-07-21T13:00+02:00,-14721.12,11419.9,45907.81,49876.91,28.15
2019-07-21T14:00+02:00,-14311.84,11393.75,44968.44,48929.46,28.15
2019-07-21T15:00+02:00,-13258.59,11578.65,42416.38,48208.63,28.15
2019-07-21T16:00+02:00,-11124.97,12238.51,39137.49,47672.08,28.15
2019-07-21T17:00+02:00,-6131.02,13819.92,32937.77,48175.74,28.15
2019-07-21T18:00+02:00,-4415.95,18125.56,25735.14,48693.96,28.15
2019-07-21T19:00+02:00,-1096.32,21596.48,19095.72,48401.82,28.15
2019-07-21T20:00+02:00,1226.38,22826.54,14363.72,47652.96,28.15
2019-07-21T21:00+02:00,2794.82,23055.47,12053.7,47550.77,28.15
2019-07-21T22:00+02:00,2298.67,23179.76,11043.44,47344.87,28.15
2019-07-21T23:00+02:00,2947.54,23026.31,10291.08,44642.21,28.15
2019-07-22T00:00+02:00,3523.11,21456.13,9619.26,42174.04,28.15
2019-07-22T01:00+02:00,2659.4,20954.2,9163.89,40143.97,28.15
2019-07-22T02:00+02:00,1552.58,21215.84,8867.68,39196.59,28.15
2019-07-22T03:00+02:00,2216.37,21378.13,9014.93,39444.85,28.15
2019-07-22T04:00+02:00,2682.1,21746.82,9664.65,40896.29,28.15
2019-07-22T05:00+02:00,2994.85,22891.3,10534.39,44585.01,28.15
2019-07-22T06:00+02:00,6006.21,24842.47,13342.74,52094.56,28.15
2019-07-22T07:00+02:00,5560.97,25576.17,17586.69,58357.05,28.15
2019-07-22T08:00+02:00,4555.07,25489.8,22220.05,62199.16,28.15
2019-07-22T09:00+02:00,604.85,25200.92,26924.24,63599.36,28.15
2019-07-22T10:00+02:00,-2729.52,24731.07,31923.76,65140.69,28.15
2019-07-22T11:00+02:00,-3835.63,24261.79,36183,66598.51,28.15
2019-07-22T12:00+02:00,-4906.03,23320.76,38428.61,66571.99,28.15
2019-07-22T13:00+02:00,-5708.48,22847.21,39365.47,66364.77,28.15
2019-07-22T14:00+02:00,-5633.67,22598.91,38779.42,64993.87,28.15
2019-07-22T15:00+02:00,-5104.84,22802.68,36781.33,64177.45,28.15
2019-07-22T16:00+02:00,-4488.49,23705.53,33830.85,63342.02,28.15
2019-07-22T17:00+02:00,-2497.61,25010.5,29679.09,63011.21,28.15
2019-07-22T18:00+02:00,1541.53,26381.14,24183.78,62162.38,28.15
2019-07-22T19:00+02:00,2893.43,27108.88,19215.44,60785.13,28.15
2019-07-22T20:00+02:00,3503.98,27431.17,15029.4,57923.91,28.15
2019-07-22T21:00+02:00,4307.44,27852.26,13239.73,55987.44,28.15
2019-07-22T22:00+02:00,1373.58,28177,12782.73,53716.83,28.15
2019-07-22T23:00+02:00,392.5,27847.51,12205.55,49640.88,28.15
2019-07-23T00:00+02:00,-1729.89,27121.89,11897.06,46819.31,28.15
2019-07-23T01:00+02:00,868.7,25609.32,11639.96,45220.34,28.15
2019-07-23T02:00+02:00,1433.02,24983.41,11350.22,44041.39,28.15
2019-07-23T03:00+02:00,2221.3,24848.73,11096.21,44121.48,28.15
2019-07-23T04:00+02:00,3209.43,25053.09,10786.36,44656.65,28.15
2019-07-23T05:00+02:00,3693.51,26564.42,10653.02,47169.94,28.15
2019-07-23T06:00+02:00,3004.26,28742.52,11771.1,53897.98,28.15
2019-07-23T07:00+02:00,3333.85,30092.05,14824.7,59671.5,28.15
2019-07-23T08:00+02:00,2212.26,30327.59,19719.53,63371.6,28.15
2019-07-23T09:00+02:00,-3170.4,30203.17,25790.36,65195.53,28.15
2019-07-23T10:00+02:00,-5825.13,29014.11,30935.73,66873.42,28.15
2019-07-23T11:00+02:00,-7847,28143.94,34754.44,68208.56,28.15
2019-07-23T12:00+02:00,-8466.69,27866.85,36456.04,67656.72,28.15
2019-07-23T13:00+02:00,-8801.82,27402.97,36902.67,67181.26,28.15
2019-07-23T14:00+02:00,-8107.01,27124.91,35935.73,66182.7,28.15
2019-07-23T15:00+02:00,-7179.61,27217.13,33336.87,65193.64,28.15
2019-07-23T16:00+02:00,-5784.89,28638.88,29369.99,63860.14,28.15
2019-07-23T17:00+02:00,-2737.91,31065.22,23869.13,63588.7,28.15
2019-07-23T18:00+02:00,1283.09,31716.3,17592.28,62704.67,28.15
2019-07-23T19:00+02:00,3604.44,32094.66,12390.95,61717.32,28.15
2019-07-23T20:00+02:00,4611.36,32180.92,9667.29,59238.88,28.15
2019-07-23T21:00+02:00,3484.48,32106.57,9799.52,57499.36,28.15
2019-07-23T22:00+02:00,1535.28,31470.57,10996.68,54915.64,28.15
2019-07-23T23:00+02:00,-1585.44,30298.8,12209.2,50816.62,28.15
2019-07-24T00:00+02:00,-1718.8,28015.14,13213.53,47821.61,28.15
2019-07-24T01:00+02:00,-1056.47,27318,13902.01,46531.79,28.15
2019-07-24T02:00+02:00,-329.84,25998.22,14119.27,45586.11,28.15
2019-07-24T03:00+02:00,965.13,24528.61,14714.2,45732.98,28.15
2019-07-24T04:00+02:00,1359.4,24431.54,15278.09,46477.23,28.15
2019-07-24T05:00+02:00,1252.88,26381.16,15565.02,48944.74,28.15
2019-07-24T06:00+02:00,2654.92,27784.28,16270.08,55364.44,28.15
2019-07-24T07:00+02:00,1812.09,29909.32,18683.72,61036.34,28.15
2019-07-24T08:00+02:00,-715.04,30514.77,22033.2,64451.35,28.15
2019-07-24T09:00+02:00,-3351.69,30220.97,26732.74,66057.06,28.15
2019-07-24T10:00+02:00,-7473.9,30222.74,31163.2,67965.88,28.15
2019-07-24T11:00+02:00,-9170.36,30004.92,34405.64,69125.81,28.15
2019-07-24T12:00+02:00,-10350.35,29490.08,36462.12,68463.61,28.15
2019-07-24T13:00+02:00,-10557.77,29140.53,37558.94,67850.35,28.15
2019-07-24T14:00+02:00,-9604.87,29005.74,37228.58,67201.16,28.15
2019-07-24T15:00+02:00,-9814.77,29201.25,35181.57,66010.32,28.15
2019-07-24T16:00+02:00,-7841.21,29761.1,31306.64,64763.32,28.15
2019-07-24T17:00+02:00,-4520.42,30721.02,26111.12,63802.04,28.15
2019-07-24T18:00+02:00,-1640.56,30956.65,20130.45,62738.93,28.15
2019-07-24T19:00+02:00,993.86,31018.27,15088.4,61567.48,28.15
2019-07-24T20:00+02:00,811.36,30900.09,13461.68,59367.69,28.15
2019-07-24T21:00+02:00,652.22,30283.69,14947.97,57914.34,28.15
2019-07-24T22:00+02:00,-1104.41,29628.65,16542,55800.59,28.15
2019-07-24T23:00+02:00,-2765.72,28815.16,17291.22,52194.28,28.15
2019-07-25T00:00+02:00,-1122.06,29149.05,17303.87,49502.75,28.15
2019-07-25T01:00+02:00,-74.42,28668.41,16347.8,47986.92,28.15
2019-07-25T02:00+02:00,472.5,28209.52,15210.15,46711.58,28.15
2019-07-25T03:00+02:00,2155.26,27697.39,13848.48,46473.65,28.15
2019-07-25T04:00+02:00,3451.61,27240.26,13117.92,47163.31,28.15
2019-07-25T05:00+02:00,4768.83,28508.43,12556.76,49551.91,28.15
2019-07-25T06:00+02:00,4318.42,30597.8,13201.7,55305.59,28.15
2019-07-25T07:00+02:00,4166.35,31643.25,15700.42,61010.82,28.15
2019-07-25T08:00+02:00,1921.91,32036.18,19768,64425.69,28.15
2019-07-25T09:00+02:00,-2168.93,32143.36,25062.28,66061.91,28.15
2019-07-25T10:00+02:00,-3890.12,31201.09,29563.58,68028.73,28.15
2019-07-25T11:00+02:00,-5161.38,30684.16,33091.05,69307.02,28.15
2019-07-25T12:00+02:00,-7005.22,29875.18,35157.06,68630.33,28.15
2019-07-25T13:00+02:00,-8043.52,29667.67,35717.89,68060.24,28.15
2019-07-25T14:00+02:00,-7806.77,29602.28,34975.42,66942.24,28.15
2019-07-25T15:00+02:00,-7323.73,29751.05,33075.05,65829.21,28.15
2019-07-25T16:00+02:00,-6017.11,29904.63,30208.06,64413.3,28.15
2019-07-25T17:00+02:00,-1646.41,30930.31,25997.19,64204.63,28.15
2019-07-25T18:00+02:00,35.32,30946.37,21679.76,63504.16,28.15
2019-07-25T19:00+02:00,1118.07,30972.65,19026.59,62501.94,28.15
2019-07-25T20:00+02:00,-117.97,30847.77,18969.71,60702.41,28.15
2019-07-25T21:00+02:00,-1620.06,30732.13,21926.16,59390.85,28.15
2019-07-25T22:00+02:00,-4594.31,29792.95,23751.24,56853.02,28.15
2019-07-25T23:00+02:00,-7100.42,28583.1,24162.23,52795.31,28.15
2019-07-26T00:00+02:00,-5470.99,25797.18,23358.23,49170.94,28.15
2019-07-26T01:00+02:00,-3700.56,24491.65,21982.51,47384.72,28.15
2019-07-26T02:00+02:00,-2505.91,23913.38,20945.39,46545.06,28.15
2019-07-26T03:00+02:00,-1594.02,23795.61,20023.8,46382,28.15
2019-07-26T04:00+02:00,-2014.85,24787.65,19779,47468.46,28.15
2019-07-26T05:00+02:00,-316.32,26167.2,19314.98,50056.98,28.15
2019-07-26T06:00+02:00,58.76,27465.43,18796.94,56135.99,28.15
2019-07-26T07:00+02:00,1224.85,28821.31,20737.13,61172.79,28.15
2019-07-26T08:00+02:00,-883.51,28954.09,24967.97,64765.3,28.15
2019-07-26T09:00+02:00,-4102.05,28867.94,31247.65,66787.48,28.15
2019-07-26T10:00+02:00,-7561.25,27824.24,38107.54,68339.43,28.15
2019-07-26T11:00+02:00,-9533.29,26670.12,43209.82,69270.35,28.42
2019-07-26T12:00+02:00,-11767.56,25056.44,46367.58,68230.54,28.51
2019-07-26T13:00+02:00,-11816.3,23727.48,47372.38,66989.67,28.51
2019-07-26T14:00+02:00,-11405.33,22390.39,47284.44,65892.06,28.51
2019-07-26T15:00+02:00,-11405.53,22365.64,45187.33,64776.39,28.51
2019-07-26T16:00+02:00,-10897.04,23682.8,42380.11,64181.68,28.51
2019-07-26T17:00+02:00,-8896.33,24824.3,38027.7,64003.27,28.51
2019-07-26T18:00+02:00,-6887.83,26287.25,32931.66,63023.96,28.51
2019-07-26T19:00+02:00,-4652.97,26417.72,29207.17,61530.03,28.51
2019-07-26T20:00+02:00,-3216.14,25909.48,26650.06,58798.62,28.51
2019-07-26T21:00+02:00,-4146.32,25177.57,27219.31,56929.45,28.51
2019-07-26T22:00+02:00,-7066.14,24264.96,28497.03,54974.37,28.51
2019-07-26T23:00+02:00,-7175.38,21807.86,29222.88,50846.34,28.51
2019-07-27T00:00+02:00,-7077.54,20108.15,28514.66,47442.7,28.51
2019-07-27T01:00+02:00,-6231.32,18217.75,27481.94,44879.69,28.51
2019-07-27T02:00+02:00,-4415.91,16007.54,26504,43617.76,28.51
2019-07-27T03:00+02:00,-4153.46,15534.74,25398.27,43125.6,28.51
2019-07-27T04:00+02:00,-4023.2,16034.78,24931.59,42475.8,28.51
2019-07-27T05:00+02:00,-3668.6,16566.78,24676.52,42664.02,28.51
2019-07-27T06:00+02:00,-4404.53,16672.82,24736.01,44269.61,28.51
2019-07-27T07:00+02:00,-3568.13,17079.32,26038.63,47166.59,28.51
2019-07-27T08:00+02:00,-2976.73,17380.99,28616.93,50953.2,28.51
2019-07-27T09:00+02:00,-4972.9,17479.91,32987.57,54257.28,28.51
2019-07-27T10:00+02:00,-8950.17,16599.47,39203.28,56237.76,28.51
2019-07-27T11:00+02:00,-10625.36,15104.53,44679.7,57812.52,28.51
2019-07-27T12:00+02:00,-11493.76,13715.19,46369.07,57622.4,28.51
2019-07-27T13:00+02:00,-10952.96,12777.08,45695.5,55934.26,28.51
2019-07-27T14:00+02:00,-10724.27,12777.47,44849.68,54992.67,28.51
2019-07-27T15:00+02:00,-10061.44,13547.46,42728.49,54004.36,28.51
2019-07-27T16:00+02:00,-10108.7,15154.15,39687.22,53344.73,28.51
2019-07-27T17:00+02:00,-7389.44,16127.44,35953.28,53554.16,28.51
2019-07-27T18:00+02:00,-3955.54,17332.6,32136.54,53262.62,28.51
2019-07-27T19:00+02:00,-1512.26,17633.41,28161.97,52328.56,28.51
2019-07-27T20:00+02:00,-1502.47,17556.88,25200.79,50281.88,28.51
2019-07-27T21:00+02:00,-1964.62,17670.86,24698.03,49275.16,28.51
2019-07-27T22:00+02:00,-2302.2,17350.04,24544.62,48055.57,28.51
2019-07-27T23:00+02:00,-5358.33,16467.16,24533.04,45181.31,28.51
2019-07-28T00:00+02:00,-4641.64,14913.77,23899.43,42495.39,28.51
2019-07-28T01:00+02:00,-3724.27,13829.59,22502.06,40655.19,28.51
2019-07-28T02:00+02:00,-2128.88,12802.14,21081.95,39827.8,28.51
2019-07-28T03:00+02:00,-473.77,12798.23,20232.76,39200.53,28.51
2019-07-28T04:00+02:00,1013.44,12990.37,19450.87,38854.09,28.51
2019-07-28T05:00+02:00,582.63,13312.1,18879.83,38782.92,28.51
2019-07-28T06:00+02:00,-111.85,13664.1,18949.25,39167.46,28.51
2019-07-28T07:00+02:00,-1181.85,14443.97,19410.43,40781.43,28.51
2019-07-28T08:00+02:00,-1016.69,15221.65,21332.11,43891.51,28.51
2019-07-28T09:00+02:00,-1348.3,15090.84,24989.17,46490.66,28.51
2019-07-28T10:00+02:00,-2392.58,14933.85,27913.91,48753,28.51
2019-07-28T11:00+02:00,-3684.63,15028.61,31094.71,50586.73,28.51
2019-07-28T12:00+02:00,-4312.56,14658.09,32338.06,50653.04,28.51
2019-07-28T13:00+02:00,-4039.96,13926.94,31522.36,49657.41,28.51
2019-07-28T14:00+02:00,-2863.14,13665.39,30224.41,48529.52,28.51
2019-07-28T15:00+02:00,-2451.9,13985.96,27884.56,47910.48,28.51
2019-07-28T16:00+02:00,-1088.53,14569.53,24740.55,47590.08,28.51
2019-07-28T17:00+02:00,747.64,16098.05,21991.99,48504.26,28.51
2019-07-28T18:00+02:00,2426.74,17893.5,19076.75,49258.96,28.51
2019-07-28T19:00+02:00,3646.56,18809.37,16740.59,49564.14,28.51
2019-07-28T20:00+02:00,3894.89,19321.47,15647.05,48507.66,28.51
2019-07-28T21:00+02:00,3193.48,19603.24,15412.9,48706.32,28.51
2019-07-28T22:00+02:00,2032.54,19886.95,15264.82,47886.94,28.51
2019-07-28T23:00+02:00,1077.56,19409.2,15200.45,45010.65,28.51
2019-07-29T00:00+02:00,-410.14,19082.3,14757.48,42156.61,28.51
2019-07-29T01:00+02:00,58.35,18265.93,14509.2,41117.7,28.51
2019-07-29T02:00+02:00,1139.73,17259.27,14166.15,40762.49,28.51
2019-07-29T03:00+02:00,1650.86,17414.83,13705.97,40591.64,28.51
2019-07-29T04:00+02:00,1867.18,17894.8,13124.64,41720.59,28.51
2019-07-29T05:00+02:00,3441.36,20092.7,12886.34,45011.45,28.51
2019-07-29T06:00+02:00,6163.2,23136.81,13662.67,52748.17,28.51
2019-07-29T07:00+02:00,7526.05,24726.74,14814.43,58855.63,28.51
2019-07-29T08:00+02:00,7319.8,25539.68,16768.63,62522.08,28.51
2019-07-29T09:00+02:00,5878.17,26420.19,19038.41,63880.93,28.51
2019-07-29T10:00+02:00,5026.26,26706.14,21523.67,65875.07,28.51
2019-07-29T11:00+02:00,3837.94,27165.48,23837.2,66711.02,28.51
2019-07-29T12:00+02:00,2851,27377.12,25560.65,66189.77,28.51
2019-07-29T13:00+02:00,1745.03,27220.47,26321.02,65247.98,28.51
2019-07-29T14:00+02:00,802.71,27148.31,26223.37,64058.1,28.51
2019-07-29T15:00+02:00,986,26234.89,25679.31,63283.21,28.51
2019-07-29T16:00+02:00,889.32,25903.72,24002.99,61948.19,28.51
2019-07-29T17:00+02:00,3480.28,26013.08,21219.16,61669.73,28.51
2019-07-29T18:00+02:00,5843.2,26120.77,17404.53,60970.82,28.51
2019-07-29T19:00+02:00,7161.99,26614.05,13881.54,59966.07,28.51
2019-07-29T20:00+02:00,7148.99,26761.14,11214.59,57583.35,28.51
2019-07-29T21:00+02:00,6960.19,26739.16,9871.44,55955.92,28.51
2019-07-29T22:00+02:00,6139.6,26320.02,9411.64,53408.41,28.51
2019-07-29T23:00+02:00,4921.12,25047.82,9451.62,49382.57,28.51
2019-07-30T00:00+02:00,2965.12,24306.69,9441.27,46207.51,28.51
2019-07-30T01:00+02:00,3379.84,23908.54,9451.32,44714.86,28.51
2019-07-30T02:00+02:00,4249.73,23348.93,9569.98,43849.66,28.51
2019-07-30T03:00+02:00,5696.09,23001.3,9382.52,43683.18,28.51
2019-07-30T04:00+02:00,5646.52,23548.09,9259.4,44860.67,28.51
2019-07-30T05:00+02:00,5835.49,24633.37,9252.86,47548.89,28.51
2019-07-30T06:00+02:00,7530.87,25929.12,10094.15,53733.27,28.51
2019-07-30T07:00+02:00,8612.75,26783.84,12435.19,59345.1,28.51
2019-07-30T08:00+02:00,7866.99,26904.66,15667.25,62628.25,28.51
2019-07-30T09:00+02:00,6370.94,26856.29,19739.33,64474.25,28.51
2019-07-30T10:00+02:00,4369.3,26852.6,24055.58,66318.29,28.51
2019-07-30T11:00+02:00,2507.86,26564.63,27270.12,67764.51,28.51
2019-07-30T12:00+02:00,2.51,26238.88,29353.35,67281.05,28.51
2019-07-30T13:00+02:00,-996.54,26346.38,30699.76,66753.23,28.51
2019-07-30T14:00+02:00,-1738.74,26363.43,31038.11,66021.26,28.51
2019-07-30T15:00+02:00,-1199.61,26308.58,29972.45,64978.69,28.51
2019-07-30T16:00+02:00,-470.51,26492.01,27118.15,64111.54,28.51
2019-07-30T17:00+02:00,2317.37,26696.79,23717.49,63338.56,28.51
2019-07-30T18:00+02:00,4657.58,26936.77,19557.12,63138.3,28.51
2019-07-30T19:00+02:00,6660.53,26819.95,15695.95,61813.85,28.51
2019-07-30T20:00+02:00,6987.52,26614.72,13027.98,59312.39,28.51
2019-07-30T21:00+02:00,6387,26632.88,12610.68,57800.37,28.51
2019-07-30T22:00+02:00,4807.05,26205.52,13121.93,54754.18,28.51
2019-07-30T23:00+02:00,2126.25,25205.6,13208.04,50464.83,28.51
2019-07-31T00:00+02:00,4463.14,22762.86,13024.88,47366.94,28.51
2019-07-31T01:00+02:00,3375.69,21732.78,13557.03,45714.72,28.51
2019-07-31T02:00+02:00,2074.23,22154.88,13332.23,44744.37,28.51
2019-07-31T03:00+02:00,2698.11,22303.51,13830.37,44544.14,28.51
2019-07-31T04:00+02:00,3291.81,21771.56,14671.41,45524.29,28.51
2019-07-31T05:00+02:00,4638.93,22793.04,14438.89,48553.18,28.51
2019-07-31T06:00+02:00,6283.55,25531.76,15262.65,55271.96,28.51
2019-07-31T07:00+02:00,6888.52,26625.18,16745.69,60835.38,28.51
2019-07-31T08:00+02:00,5701.8,26925.08,19000.98,63571.07,28.51
2019-07-31T09:00+02:00,4274.59,27300.94,21691.35,64285.74,28.51
2019-07-31T10:00+02:00,3550.08,27044.74,25041.24,66069.21,28.51
2019-07-31T11:00+02:00,2913.78,26874.58,27716.78,67690.92,28.51
2019-07-31T12:00+02:00,1084.3,27203.82,28479.74,66650.42,28.51
2019-07-31T13:00+02:00,666.52,27075.61,28760.96,65557.93,28.51
2019-07-31T14:00+02:00,965.15,26599.95,29474.18,64593.16,28.51
2019-07-31T15:00+02:00,190.61,25698.87,29323.67,63846.17,28.51
2019-07-31T16:00+02:00,158.36,25619.66,27544.06,62568.59,28.51
2019-07-31T17:00+02:00,1960.88,26068.48,24163.07,62045.99,28.51
2019-07-31T18:00+02:00,4569.99,26112.74,20517.07,61855.78,28.51
2019-07-31T19:00+02:00,6240.5,25764.35,16803.96,60581.5,28.51
2019-07-31T20:00+02:00,7424.25,26233.32,13024.65,58041.46,28.51
2019-07-31T21:00+02:00,7914.41,26863.49,11007.35,56310.71,28.51
2019-07-31T22:00+02:00,6176.61,26320.58,10588.08,53203.06,28.51
2019-07-31T23:00+02:00,4944.62,25071.98,10634.36,49040.55,28.51
2019-08-01T00:00+02:00,1827.01,24725.73,10878.72,46013.76,28.51
2019-08-01T01:00+02:00,1485.78,23736.87,11101.46,44447.22,28.51
2019-08-01T02:00+02:00,1601.27,23467.79,11134.76,43758.32,28.51
2019-08-01T03:00+02:00,1983.5,23925.56,11180.39,43628.38,28.51
2019-08-01T04:00+02:00,2397.53,24171.89,11498.89,44757.18,28.51
2019-08-01T05:00+02:00,2385.01,25611.61,11483.83,47430.7,28.51
2019-08-01T06:00+02:00,5127.24,26813.15,12443.28,53354.76,28.51
2019-08-01T07:00+02:00,4978.82,27906.54,14948.73,58504.12,28.51
2019-08-01T08:00+02:00,3395.65,28258.95,18955.31,61457.67,28.51
2019-08-01T09:00+02:00,820.49,28089.36,24668.21,63026.39,28.51
2019-08-01T10:00+02:00,-2194.21,27041.36,30072.33,64724.84,28.51
2019-08-01T11:00+02:00,-5463.33,26867.65,33006.97,65605.91,28.51
2019-08-01T12:00+02:00,-6649.12,27031,33026.4,65158.06,28.51
2019-08-01T13:00+02:00,-4089.77,27033.64,31635.96,64457.42,28.51
2019-08-01T14:00+02:00,-3148.43,27253.93,29556.15,63606.88,28.51
2019-08-01T15:00+02:00,-2516.21,27532,27351.99,62370.61,28.51
2019-08-01T16:00+02:00,-1073.41,27333,24306.7,61034.19,28.51
2019-08-01T17:00+02:00,1399.82,28337.17,20471.16,60410.94,28.51
2019-08-01T18:00+02:00,5462.39,28608.22,15669.55,60031.64,28.51
2019-08-01T19:00+02:00,7466.51,28698.11,11340.58,58830,28.51
2019-08-01T20:00+02:00,7201.63,28757.42,8800.7,56518.03,28.51
2019-08-01T21:00+02:00,6066.62,28786.33,8429.46,55002.39,28.51
2019-08-01T22:00+02:00,5506.72,28203.71,8433.7,52379.09,28.51
2019-08-01T23:00+02:00,3476.61,27894.98,8486.9,48415.71,28.51
2019-08-02T00:00+02:00,1820.22,27445.69,8441.38,45642,28.51
2019-08-02T01:00+02:00,1807.44,27175.45,8254.73,43851.37,28.51
2019-08-02T02:00+02:00,2360.31,26763.88,8047.13,42899.56,28.51
2019-08-02T03:00+02:00,2587.32,26891.17,8061.58,43051.78,28.51
2019-08-02T04:00+02:00,2762.25,27510.52,7915.34,43989.93,28.51
2019-08-02T05:00+02:00,3371.6,27926.16,7971.42,46799.02,28.51
2019-08-02T06:00+02:00,5373.13,28736.4,8992.25,52775.09,28.51
2019-08-02T07:00+02:00,7111.31,28774.2,11814.69,58236.76,28.51
2019-08-02T08:00+02:00,5140.54,28842.94,16030.94,61578.53,28.51
2019-08-02T09:00+02:00,2814.17,28642,20849.19,62953.16,28.51
2019-08-02T10:00+02:00,1091.03,28394.68,25080.93,64536.57,28.51
2019-08-02T11:00+02:00,-73.84,28015.68,27802.97,65373.64,28.95
2019-08-02T12:00+02:00,-984.17,27807.49,28362.61,64343.19,29.1
2019-08-02T13:00+02:00,-1683.67,27393.3,27720.87,62799.15,29.1
2019-08-02T14:00+02:00,-1695.95,26554.34,27005.02,61518.26,29.1
2019-08-02T15:00+02:00,-1832.63,26270.58,26192.18,60596.51,29.1
2019-08-02T16:00+02:00,-658,26699.19,24103.35,59527.67,29.1
2019-08-02T17:00+02:00,1842.56,26979.44,20988.63,59577.39,29.1
2019-08-02T18:00+02:00,4149.27,26650.39,18244.09,58604.53,29.1
2019-08-02T19:00+02:00,5255.61,26557.1,15711.75,56922.9,29.1
2019-08-02T20:00+02:00,5210.32,26544.4,13277.49,54534.78,29.1
2019-08-02T21:00+02:00,5396.1,26294.03,12705.54,52695,29.1
2019-08-02T22:00+02:00,2882.25,26121.98,12047.95,49704.61,29.1
2019-08-02T23:00+02:00,1187.37,25177.12,11679.43,46090.81,29.1
2019-08-03T00:00+02:00,156,23357.97,11358.03,43029.4,29.1
2019-08-03T01:00+02:00,-63.32,22235.2,11521.63,41532.98,29.1
2019-08-03T02:00+02:00,715.6,20664.84,11296.21,40075.65,29.1
2019-08-03T03:00+02:00,323.75,20566.97,11144.24,39733.73,29.1
2019-08-03T04:00+02:00,105.11,20832.84,11138.01,39719.66,29.1
2019-08-03T05:00+02:00,434.08,20687.4,11250.92,40071.72,29.1
2019-08-03T06:00+02:00,72.91,20966.26,12016.61,41496.4,29.1
2019-08-03T07:00+02:00,503.69,21517.18,14163.17,44749.43,29.1
2019-08-03T08:00+02:00,804.28,21287.37,17252.43,48316.8,29.1
2019-08-03T09:00+02:00,-1025.56,21553.56,20739.08,51107.8,29.1
2019-08-03T10:00+02:00,-2584.87,21377.56,23536.73,53182.1,29.1
2019-08-03T11:00+02:00,-3911.53,21451.81,25708.21,53957.69,29.1
2019-08-03T12:00+02:00,-3648.12,20042.42,27924.9,53460.6,29.1
2019-08-03T13:00+02:00,-3600.64,18925.11,29230.54,52098.73,29.1
2019-08-03T14:00+02:00,-5315.75,18326.31,29643.62,50423.3,29.1
2019-08-03T15:00+02:00,-4915.95,18349.12,29568.14,49701.8,29.1
2019-08-03T16:00+02:00,-3843.65,17960.22,27681.73,49309.67,29.1
2019-08-03T17:00+02:00,-3484.8,19260.18,24355.43,49731.16,29.1
2019-08-03T18:00+02:00,-1506.74,21587.91,19895.55,49408.25,29.1
2019-08-03T19:00+02:00,1829.71,22536.53,15385.86,48486.97,29.1
2019-08-03T20:00+02:00,1832.81,23206.52,12024.84,46508.14,29.1
2019-08-03T21:00+02:00,2625.21,23240.55,11020.73,45875.93,29.1
2019-08-03T22:00+02:00,2000.95,22938.22,10840.48,44267.15,29.1
2019-08-03T23:00+02:00,883.05,22288.58,10483.05,41403.54,29.1
2019-08-04T00:00+02:00,-254.42,20379.83,10037.57,38968.22,29.1
2019-08-04T01:00+02:00,192.99,18938.13,9858.36,37792.96,29.1
2019-08-04T02:00+02:00,174.08,18313.47,9683.88,36766.58,29.1
2019-08-04T03:00+02:00,1191.12,17535.06,9624.34,36442.77,29.1
2019-08-04T04:00+02:00,1219.63,17640.08,9451.21,36335.38,29.1
2019-08-04T05:00+02:00,1904.6,17586.69,9385.81,36519.64,29.1
2019-08-04T06:00+02:00,1839.53,17584.93,10304.97,36856.35,29.1
2019-08-04T07:00+02:00,536.89,17183.88,13212.28,38755,29.1
2019-08-04T08:00+02:00,-1291.87,16352.63,17332.33,41783.3,29.1
2019-08-04T09:00+02:00,-2963.84,15660.79,22848.49,44646.35,29.1
2019-08-04T10:00+02:00,-3305.18,13741.18,28133.13,46742.66,29.1
2019-08-04T11:00+02:00,-5296.96,13666.98,31262.26,48777.83,29.1
2019-08-04T12:00+02:00,-6910.59,13897.5,32686.83,48080.51,29.1
2019-08-04T13:00+02:00,-5958.14,13422.95,33479.42,47035.28,29.1
2019-08-04T14:00+02:00,-5215.09,13260.62,33393.93,46180.37,29.1
2019-08-04T15:00+02:00,-6037.21,13396.94,31785.11,45508.45,29.1
2019-08-04T16:00+02:00,-5661.05,14620.29,28457.1,45287.95,29.1
2019-08-04T17:00+02:00,-4278.79,17960.42,23033.67,45599.79,29.1
2019-08-04T18:00+02:00,-1484.72,20433.92,16812.6,46118.83,29.1
2019-08-04T19:00+02:00,2143.31,21826.36,11749.26,45723.42,29.1
2019-08-04T20:00+02:00,5171.18,22045.7,8829.76,45199.27,29.1
2019-08-04T21:00+02:00,5528.95,22177.59,8475.95,45475.11,29.1
2019-08-04T22:00+02:00,4374.65,22179.01,8657.7,44378.9,29.1
2019-08-04T23:00+02:00,2460.92,21645.9,9054.46,41245.87,29.1
2019-08-05T00:00+02:00,606.47,21215.65,9692.68,39608.65,29.1
2019-08-05T01:00+02:00,-412.55,20770.37,10083.86,38572.9,29.1
2019-08-05T02:00+02:00,446.23,20367.54,10588.6,37560.15,29.1
2019-08-05T03:00+02:00,844.05,20048.95,11122.88,37640.11,29.1
2019-08-05T04:00+02:00,794.72,20871.88,11508,38908.85,29.1
2019-08-05T05:00+02:00,618.64,22852.51,11783.68,42685.44,29.1
2019-08-05T06:00+02:00,4781.13,24063.27,12665.42,49840.66,29.1
2019-08-05T07:00+02:00,5281.84,25898.86,15310.89,55244.66,29.1
2019-08-05T08:00+02:00,5545.28,26720.24,17697.45,59312.98,29.1
2019-08-05T09:00+02:00,4366.57,27507.53,19845.45,61018.67,29.1
2019-08-05T10:00+02:00,3449.11,27241.37,22532.34,62636.18,29.1
2019-08-05T11:00+02:00,2255.62,26949.56,24749.08,64260.03,29.1
2019-08-05T12:00+02:00,2112.37,26505.89,26252.8,63416.28,29.1
2019-08-05T13:00+02:00,516.45,26276.17,27741.22,62865.56,29.1
2019-08-05T14:00+02:00,-363.58,25971.84,28048.23,62227.1,29.1
2019-08-05T15:00+02:00,-363.45,26112.37,27355.45,61359.1,29.1
2019-08-05T16:00+02:00,431.85,26231.64,24858.93,59990.99,29.1
2019-08-05T17:00+02:00,1454.56,27214.39,22492.22,59738.91,29.1
2019-08-05T18:00+02:00,3931.08,27601.35,19418.57,59180.45,29.1
2019-08-05T19:00+02:00,4954.49,27829.84,15744,58249.77,29.1
2019-08-05T20:00+02:00,4486.71,28641.45,12867.6,55957.63,29.1
2019-08-05T21:00+02:00,4213.55,28413.43,11964.93,54323.75,29.1
2019-08-05T22:00+02:00,2544.63,27783,12497.69,50852.95,29.1
2019-08-05T23:00+02:00,223.14,26009.48,12870.55,47156.88,29.1
2019-08-06T00:00+02:00,-906.09,24812.96,13307.83,45124.91,29.1
2019-08-06T01:00+02:00,-230.02,23328.94,13577.86,43213.44,29.1
2019-08-06T02:00+02:00,-58.25,23142.66,13602.51,42329.38,29.1
2019-08-06T03:00+02:00,368.04,23222.83,13395.41,42175.18,29.1
2019-08-06T04:00+02:00,583.03,23684.35,13080.09,43307.44,29.1
2019-08-06T05:00+02:00,1780.57,24780.92,13041.46,46138.76,29.1
2019-08-06T06:00+02:00,2853.98,27950.55,13483.15,52495.46,29.1
2019-08-06T07:00+02:00,4174.25,29328.04,15611.26,58035.9,29.1
2019-08-06T08:00+02:00,2706.66,29342.95,19002.24,61501.83,29.1
2019-08-06T09:00+02:00,1195.5,29221.03,23378.73,63288.67,29.1
2019-08-06T10:00+02:00,-750.66,27965.23,29157.2,65091.2,29.1
2019-08-06T11:00+02:00,-3448.52,26832.57,34448.35,66684.09,29.1
2019-08-06T12:00+02:00,-6885.61,25324.09,37512.15,65796.66,29.1
2019-08-06T13:00+02:00,-7630.71,24385.95,38279.68,64900.43,29.1
2019-08-06T14:00+02:00,-6872.29,24240.24,36564.37,64046.88,29.1
2019-08-06T15:00+02:00,-5452.87,24636.5,34463.32,62494.56,29.1
2019-08-06T16:00+02:00,-3151.22,25590.18,31386.23,61032.4,29.1
2019-08-06T17:00+02:00,-4.58,27232.7,25955.02,61331.58,29.1
2019-08-06T18:00+02:00,3041.33,28538.9,19509.37,60469.9,29.1
2019-08-06T19:00+02:00,4716.72,29115.4,14910.41,58519.05,29.1
2019-08-06T20:00+02:00,4830.58,29145.73,11736.33,56160.53,29.1
2019-08-06T21:00+02:00,4676.61,28940.57,10582.44,54995.74,29.1
2019-08-06T22:00+02:00,4179.77,28082.64,10588.75,51316.87,29.1
2019-08-06T23:00+02:00,1948.79,26588.11,10744.84,47468.09,29.1
2019-08-07T00:00+02:00,528.09,24597.63,10900.03,44725.18,29.1
2019-08-07T01:00+02:00,44.84,23692.31,11274.7,42968.84,29.1
2019-08-07T02:00+02:00,644.04,23106.53,11909.97,42424.63,29.1
2019-08-07T03:00+02:00,1461.14,22994.5,12685.77,42798.92,29.1
2019-08-07T04:00+02:00,1099.23,23103.72,13629.84,44081.22,29.1
2019-08-07T05:00+02:00,1699.37,24020.32,14136.76,46924.15,29.1
2019-08-07T06:00+02:00,2923.35,26498.82,15594.48,53112.99,29.1
2019-08-07T07:00+02:00,3334.05,28341.26,17562.9,58419.62,29.1
2019-08-07T08:00+02:00,2668.49,28722.54,19323.64,61565.45,29.1
2019-08-07T09:00+02:00,1492.68,28490.07,22951.83,63166.8,29.1
2019-08-07T10:00+02:00,881.76,27449.5,26736.58,65091.06,29.1
2019-08-07T11:00+02:00,-492.5,27575.46,29231.84,66526.35,29.1
2019-08-07T12:00+02:00,-1837.01,27320.65,29811.68,65879.33,29.1
2019-08-07T13:00+02:00,-2371.8,26928.53,29780.05,65327.6,29.1
2019-08-07T14:00+02:00,-1166.65,26153.45,29379.17,63939.19,29.1
2019-08-07T15:00+02:00,-366.54,25715.85,27716.51,62510.48,29.1
2019-08-07T16:00+02:00,31.57,26614.15,26068.75,61319.46,29.1
2019-08-07T17:00+02:00,1794.06,26667.75,23610.31,61240.03,29.1
2019-08-07T18:00+02:00,3220.96,26844.92,21045.28,60563.57,29.1
2019-08-07T19:00+02:00,4590.09,26838.97,18144.68,59366.34,29.1
2019-08-07T20:00+02:00,4663.91,27535.96,15854.84,57173.1,29.1
2019-08-07T21:00+02:00,3241.57,27655.49,15375.12,55715.97,29.1
2019-08-07T22:00+02:00,1230.83,26651.77,15975.99,52099.99,29.1
2019-08-07T23:00+02:00,-453.33,23645.57,16154.43,48416.42,29.1
2019-08-08T00:00+02:00,-210.74,19290.68,16199.63,45494.62,29.1
2019-08-08T01:00+02:00,557,17838.11,16668.87,43778.13,29.1
2019-08-08T02:00+02:00,583.34,16644.93,17807.73,43104.3,29.1
2019-08-08T03:00+02:00,613.57,15902.71,18519.27,43323.23,29.1
2019-08-08T04:00+02:00,378.9,16245.96,19179.73,44336.15,29.1
2019-08-08T05:00+02:00,132.14,17832.8,19857.56,47581.06,29.1
2019-08-08T06:00+02:00,1545.61,20187.81,21229.1,53189.47,29.1
2019-08-08T07:00+02:00,2063.09,21458.03,23589.07,58480.29,29.1
2019-08-08T08:00+02:00,802.37,21370.14,26550.92,61992.32,29.1
2019-08-08T09:00+02:00,-4217.57,21161.34,32681.07,63602.47,29.1
2019-08-08T10:00+02:00,-5889.74,19331.4,39611.9,65265.64,29.1
2019-08-08T11:00+02:00,-8108.88,17490.03,45724.2,67061.74,29.1
2019-08-08T12:00+02:00,-9976.5,16024.15,49066.98,67022.02,29.1
2019-08-08T13:00+02:00,-10956.44,15246.1,49987.82,66112.29,29.1
2019-08-08T14:00+02:00,-10005.28,14787.55,49935.17,64854.08,29.1
2019-08-08T15:00+02:00,-9003.22,14941.17,48779.38,64308.64,29.1
2019-08-08T16:00+02:00,-7850.43,15667.53,45932.57,62802.99,29.1
2019-08-08T17:00+02:00,-7122.14,17905.64,39719.46,61950.32,29.1
2019-08-08T18:00+02:00,-2709.95,20685.4,31819.17,61249.02,29.1
2019-08-08T19:00+02:00,2839.87,21495.92,23951.16,60006.04,29.1
2019-08-08T20:00+02:00,4210.46,21973.36,18143.47,57188.1,29.1
2019-08-08T21:00+02:00,5324.07,22180.23,16317.95,55991.93,29.1
2019-08-08T22:00+02:00,4611.13,21977.16,15096.25,52864.32,29.1
2019-08-08T23:00+02:00,3235.61,21786.26,14194.79,48801.83,29.1
2019-08-09T00:00+02:00,2014.7,21557.53,13453.13,46021.68,29.1
2019-08-09T01:00+02:00,2837.12,20413.28,12690.64,44094.51,29.1
2019-08-09T02:00+02:00,3901.26,19934.42,12551.5,43193.18,29.1
2019-08-09T03:00+02:00,3866.52,20069.3,12360.11,43232.04,29.1
2019-08-09T04:00+02:00,3809.65,20603.79,11942.68,44182.46,29.1
2019-08-09T05:00+02:00,4635.62,22332.4,11940.78,47167.61,29.1
2019-08-09T06:00+02:00,5870.13,24255.41,13456.02,53018.4,29.1
2019-08-09T07:00+02:00,5360.14,25292.39,16954.1,58389.25,29.1
2019-08-09T08:00+02:00,4707.05,25447.57,21375.1,61844.42,29.1
2019-08-09T09:00+02:00,1397.84,25271.55,25543.33,63411.92,29.1
2019-08-09T10:00+02:00,-1373.47,25672.38,29095.93,64859.33,29.1
2019-08-09T11:00+02:00,-1421.64,25542.18,32549.75,65978.73,28.55
2019-08-09T12:00+02:00,-1130.41,24854.76,34624.18,65791.46,28.37
2019-08-09T13:00+02:00,-1677.58,24161.61,34499.42,64645.74,28.37
2019-08-09T14:00+02:00,-3039.15,24347.65,32831.41,63025.31,28.37
2019-08-09T15:00+02:00,-461.95,24017.79,30227.81,61419.35,28.37
2019-08-09T16:00+02:00,-819.1,25238.89,27795.21,61061.74,28.37
2019-08-09T17:00+02:00,2145.66,26050.18,24485.51,61340.77,28.37
2019-08-09T18:00+02:00,3475.7,26160.32,21436.17,60315.35,28.37
2019-08-09T19:00+02:00,4312.4,26157.69,19981.56,58606.93,28.37
2019-08-09T20:00+02:00,3770.58,25466.25,20587.17,56692.08,28.37
2019-08-09T21:00+02:00,1449.06,24228.83,22698,54923.18,28.37
2019-08-09T22:00+02:00,-1711.32,21533.39,23511.4,51735.49,28.37
2019-08-09T23:00+02:00,-1418.6,17550.19,24123.67,48204.12,28.37
2019-08-10T00:00+02:00,-1045.6,14277.81,25512.33,45926.39,28.37
2019-08-10T01:00+02:00,-1991.2,12851.79,25095.77,43650.06,28.37
2019-08-10T02:00+02:00,-2321.88,11878.51,26248.77,42133.3,28.37
2019-08-10T03:00+02:00,-2313.99,10793.06,26270.47,41487.3,28.37
2019-08-10T04:00+02:00,-3092.51,10812.66,27579.03,41537.3,28.37
2019-08-10T05:00+02:00,-3271.73,10610.13,28797.31,42112.9,28.37
2019-08-10T06:00+02:00,-3945.43,10732.45,30293.76,43927.08,28.37
2019-08-10T07:00+02:00,-3589.45,10476.22,32956.16,47288.97,28.37
2019-08-10T08:00+02:00,-4135.6,11010.8,37214.53,50752.44,28.37
2019-08-10T09:00+02:00,-4121.81,10351.31,42387.94,54614.28,28.37
2019-08-10T10:00+02:00,-7728.63,9890.02,45829.2,56154.02,28.37
2019-08-10T11:00+02:00,-9350.25,10437.68,49379.57,57417.61,28.37
2019-08-10T12:00+02:00,-8102.62,9852.14,50847.94,57579.87,28.37
2019-08-10T13:00+02:00,-10310.69,8769.18,51812.58,56151.68,28.37
2019-08-10T14:00+02:00,-10573.61,8523.62,51801.24,54607.16,28.37
2019-08-10T15:00+02:00,-10719.39,8481.5,51807.22,53919.16,28.37
2019-08-10T16:00+02:00,-10336.3,8577.99,49852.92,53793.48,28.37
2019-08-10T17:00+02:00,-8040.82,8947.14,47117.9,53858.32,28.37
2019-08-10T18:00+02:00,-5680.75,8963.25,44016.54,53490.49,28.37
2019-08-10T19:00+02:00,-4490.44,9220.9,36869.66,52095.83,28.37
2019-08-10T20:00+02:00,-4302.2,10553.78,30976.71,49765.59,28.37
2019-08-10T21:00+02:00,-3439.83,11333.27,29252.44,48478.87,28.37
2019-08-10T22:00+02:00,-4306.29,11919.18,29604.74,46399.98,28.37
2019-08-10T23:00+02:00,-5170.11,10627.72,30700.18,43898.74,28.37
2019-08-11T00:00+02:00,-3991.28,9292.97,31082.86,42200.52,28.37
2019-08-11T01:00+02:00,-4686.26,8697.12,30676.19,40403.93,28.37
2019-08-11T02:00+02:00,-4716.02,8632.8,30013.44,39210.51,28.37
2019-08-11T03:00+02:00,-4619.41,8699.4,29243.68,38720.31,28.37
2019-08-11T04:00+02:00,-4290.35,8701.52,28774.33,38460.89,28.37
2019-08-11T05:00+02:00,-3721.33,8704.1,28565.01,38750.43,28.37
2019-08-11T06:00+02:00,-4371.1,8684.33,28667.61,39384.42,28.37
2019-08-11T07:00+02:00,-5328.06,9072.55,30520.95,41527.28,28.37
2019-08-11T08:00+02:00,-5595.15,9179.93,34083.19,44552.34,28.37
2019-08-11T09:00+02:00,-7409.71,9351.13,40584.12,47525.61,28.37
2019-08-11T10:00+02:00,-9919.14,9267.96,46724.72,50046.22,28.37
2019-08-11T11:00+02:00,-11486.48,9218.76,50070.67,52494.02,28.37
2019-08-11T12:00+02:00,-12229.7,9183.66,49387.47,51894.88,28.37
2019-08-11T13:00+02:00,-12137.85,9170.08,48244.21,49935.74,28.37
2019-08-11T14:00+02:00,-11778.64,9291.91,46339.47,48723.06,28.37
2019-08-11T15:00+02:00,-10037.51,9424.92,42891.05,47934.68,28.37
2019-08-11T16:00+02:00,-5462.84,10358.61,36897.23,46525.76,28.37
2019-08-11T17:00+02:00,-1957.63,12533.88,30872.54,46505.3,28.37
2019-08-11T18:00+02:00,1953.4,15016.72,24283.89,47848.75,28.37
2019-08-11T19:00+02:00,3654.58,16402.26,18579.23,47668.77,28.37
2019-08-11T20:00+02:00,4426.9,17463.18,17048.31,47086.92,28.37
2019-08-11T21:00+02:00,4398.98,17887.26,16848.54,46933.73,28.37
2019-08-11T22:00+02:00,4764.1,17585.69,17266.76,45532.42,28.37
2019-08-11T23:00+02:00,2068.89,16913.82,18397.05,43133.57,28.37
2019-08-12T00:00+02:00,1238.84,15886.51,19456.33,41398.65,28.37
2019-08-12T01:00+02:00,1364.19,14188.06,20538.41,40411.41,28.37
2019-08-12T02:00+02:00,1937,13005.02,20817.84,39680.71,28.37
2019-08-12T03:00+02:00,1630.39,12895.67,20744.67,39271.49,28.37
2019-08-12T04:00+02:00,1592.75,13846.13,20931.55,40518.69,28.37
2019-08-12T05:00+02:00,2060.96,16109.85,21127.13,44730.91,28.37
2019-08-12T06:00+02:00,3974,18636.4,21697.3,51679.87,28.37
2019-08-12T07:00+02:00,5106.46,21003.8,22318.73,57501.27,28.37
2019-08-12T08:00+02:00,3056.3,22916.85,24572.37,61188.19,28.37
2019-08-12T09:00+02:00,2072.29,22561.73,29560.47,62746.16,28.37
2019-08-12T10:00+02:00,-418.09,21375.25,34268.72,64449.15,28.37
2019-08-12T11:00+02:00,-2034.23,21437.88,36263.49,66067.88,28.37
2019-08-12T12:00+02:00,-2397.48,21264.63,36245.62,65344.66,28.37
2019-08-12T13:00+02:00,-1867.26,21510.63,34708.89,64689.95,28.37
2019-08-12T14:00+02:00,-463.67,21968.11,32425.72,63578.58,28.37
2019-08-12T15:00+02:00,723.32,22683.89,31224.56,62128.39,28.37
2019-08-12T16:00+02:00,1532.01,23767.8,29220.21,61277.5,28.37
2019-08-12T17:00+02:00,2881.05,24515.98,25173.92,60843.54,28.37
2019-08-12T18:00+02:00,3495.53,25585.62,20761.53,59949.55,28.37
2019-08-12T19:00+02:00,5116.51,26072.66,17525.45,58803.12,28.37
2019-08-12T20:00+02:00,6100.65,26240.16,15180.31,56904.68,28.37
2019-08-12T21:00+02:00,4731.19,25815.51,14146.67,55666.53,28.37
2019-08-12T22:00+02:00,3522.64,24510.7,14424.57,51804.46,28.37
2019-08-12T23:00+02:00,2817.32,22066.04,15036.17,47801.1,28.37
2019-08-13T00:00+02:00,3595.69,20010.73,15808.65,45373.67,28.37
2019-08-13T01:00+02:00,3558.41,19513.56,16273.47,43396.7,28.37
2019-08-13T02:00+02:00,3536.33,18484.16,16518.16,42657.35,28.37
2019-08-13T03:00+02:00,3364.05,18440.44,16646.2,42569.1,28.37
2019-08-13T04:00+02:00,3102.96,18972.82,16600.05,43754.98,28.37
2019-08-13T05:00+02:00,4644.43,19887.01,17295.74,47080.14,28.37
2019-08-13T06:00+02:00,6757.89,21728.64,18054.73,53418.09,28.37
2019-08-13T07:00+02:00,5526.32,22781.65,20054,58479.1,28.37
2019-08-13T08:00+02:00,4483.78,23223.42,23477.91,61751.44,28.37
2019-08-13T09:00+02:00,2680.78,21860.54,29596.46,62973.49,28.37
2019-08-13T10:00+02:00,-505.5,20798.13,35564.49,64508.87,28.37
2019-08-13T11:00+02:00,-2118.09,19616.16,39089.8,66369.63,28.37
2019-08-13T12:00+02:00,-3308.43,18602.71,40859.99,66106.42,28.37
2019-08-13T13:00+02:00,-2973.62,18069.74,41385.9,64957.8,28.37
2019-08-13T14:00+02:00,-2650,17316.56,41120.35,64221.39,28.37
2019-08-13T15:00+02:00,-2057.57,17500.58,39283.93,63365.15,28.37
2019-08-13T16:00+02:00,-635.92,18261.99,35554.08,61930.93,28.37
2019-08-13T17:00+02:00,502.06,20728.13,29914.07,61270.55,28.37
2019-08-13T18:00+02:00,3011.83,23415.57,24027.68,60702.1,28.37
2019-08-13T19:00+02:00,6182.43,24569.34,18995.21,59120.91,28.37
2019-08-13T20:00+02:00,5477.43,25024.57,15399.66,56852.18,28.37
2019-08-13T21:00+02:00,5521.15,24353.4,14801.93,55828.23,28.37
2019-08-13T22:00+02:00,5160.45,22592.84,15046.69,51838.13,28.37
2019-08-13T23:00+02:00,3971.29,20788.66,15526.69,48010.01,28.37
2019-08-14T00:00+02:00,4003.01,18430.99,16283.48,45675.98,28.37
2019-08-14T01:00+02:00,3103.1,17391.85,16737.58,43792.46,28.37
2019-08-14T02:00+02:00,3236.88,16784.76,16468.78,42809.06,28.37
2019-08-14T03:00+02:00,3518.02,17022.77,16674.68,43089.8,28.37
2019-08-14T04:00+02:00,3414.88,17896.51,16676.71,44111.38,28.37
2019-08-14T05:00+02:00,4164.87,19450.37,16094.52,47016.17,28.37
2019-08-14T06:00+02:00,6477.22,22172.83,16229.13,53352.67,28.37
2019-08-14T07:00+02:00,7573.47,22750.27,18531.24,58622.36,28.37
2019-08-14T08:00+02:00,6589.32,22395.58,21401.97,61154.94,28.37
2019-08-14T09:00+02:00,3148.39,21900.85,27629.71,62200.49,28.37
2019-08-14T10:00+02:00,1678.27,19327.8,34411.95,63605.18,28.37
2019-08-14T11:00+02:00,-169.6,17739.82,37717.77,65199.24,28.37
2019-08-14T12:00+02:00,-1268.83,17744.84,39621.75,64665.63,28.37
2019-08-14T13:00+02:00,-1358.81,17102.08,39138.86,63907.61,28.37
2019-08-14T14:00+02:00,-1983.07,17229.46,38987.36,62493.22,28.37
2019-08-14T15:00+02:00,-1567.71,17446.65,37038.49,61335.2,28.37
2019-08-14T16:00+02:00,-71.38,19139.92,31514.83,59819.98,28.37
2019-08-14T17:00+02:00,2281.27,21713.26,25488.91,59210.91,28.37
2019-08-14T18:00+02:00,5981.49,23042.94,19572.04,58790.12,28.37
2019-08-14T19:00+02:00,8834.86,23424.52,13999.01,58074.38,28.37
2019-08-14T20:00+02:00,9229.38,23550.25,11148.91,56204.03,28.37
2019-08-14T21:00+02:00,8630.46,23111.57,11932,54838.62,28.37
2019-08-14T22:00+02:00,7071.14,21691.62,13182.94,50969.86,28.37
2019-08-14T23:00+02:00,4612.57,19408.62,15795.65,47176.94,28.37
2019-08-15T00:00+02:00,2617.27,16375.15,18064.93,44507.26,28.37
2019-08-15T01:00+02:00,1295.26,14699.76,20394.56,42873.21,28.37
2019-08-15T02:00+02:00,343.75,13900.64,22601.7,42358.06,28.37
2019-08-15T03:00+02:00,-897.38,13686.7,24502.08,42722.16,28.37
2019-08-15T04:00+02:00,-633.4,13938.8,25959.87,43904.12,28.37
2019-08-15T05:00+02:00,-323.65,13997.82,27014.83,47019.19,28.37
2019-08-15T06:00+02:00,2756.04,14315.94,27860.98,52644.87,28.37
2019-08-15T07:00+02:00,2874.71,16390.5,28830.1,56865.62,28.37
2019-08-15T08:00+02:00,3164.07,17412.41,29644.5,60120.3,28.37
2019-08-15T09:00+02:00,2400.01,17675.09,30946.87,61568.32,28.37
2019-08-15T10:00+02:00,3100.75,17262.01,32292.96,63290.56,28.37
2019-08-15T11:00+02:00,3177.04,17444.5,33710.55,64990.89,28.37
2019-08-15T12:00+02:00,2808.4,17458.29,34870.82,64792.79,28.37
2019-08-15T13:00+02:00,2531.79,16547.83,36246.55,64396.02,28.37
2019-08-15T14:00+02:00,1833.73,15949.38,37447.1,63185.44,28.37
2019-08-15T15:00+02:00,2450.9,15283.38,37861.9,62689.74,28.37
2019-08-15T16:00+02:00,2095.74,14867.53,36933.36,61967.05,28.37
2019-08-15T17:00+02:00,1131.03,16441.05,34232.5,61034.28,28.37
2019-08-15T18:00+02:00,1718.05,17703.73,29735.97,60653.29,28.37
2019-08-15T19:00+02:00,3447.34,19037.84,24952.35,59023.42,28.37
2019-08-15T20:00+02:00,4639.48,19018.07,21706.22,56769.75,28.37
2019-08-15T21:00+02:00,4700.1,18888.47,21414.4,55118.52,28.37
2019-08-15T22:00+02:00,1857.93,18354.26,21417.84,51495.02,28.37
2019-08-15T23:00+02:00,-1723.68,17784.93,21868.97,47733.35,28.37
2019-08-16T00:00+02:00,-2448.02,16302.43,21949.29,45009.01,28.37
2019-08-16T01:00+02:00,-2089.67,15197.42,22033.94,43677.45,28.37
2019-08-16T02:00+02:00,-532.79,14416.03,21222.32,43050.7,28.37
2019-08-16T03:00+02:00,656.59,14607.15,20702.69,43092.38,28.37
2019-08-16T04:00+02:00,1349.3,15381.41,19628.5,43889.02,28.37
2019-08-16T05:00+02:00,2811.98,16657.15,18724.17,46689.33,28.37
2019-08-16T06:00+02:00,4979.36,19060.89,18253.37,52504.98,28.37
2019-08-16T07:00+02:00,5240.02,19856.79,19482.81,57216.11,28.37
2019-08-16T08:00+02:00,5083.76,20653.03,22440.71,60221.99,28.37
2019-08-16T09:00+02:00,3243.32,20397.31,27439.63,61723.71,28.37
2019-08-16T10:00+02:00,659.71,19499.51,31552.11,63398.14,28.37
2019-08-16T11:00+02:00,-924.59,18826.25,34568.34,64088.96,26.68
2019-08-16T12:00+02:00,-1612.65,17646.78,36431.32,63298.34,26.12
2019-08-16T13:00+02:00,-2236.86,16152.67,37344.36,62081.26,26.12
2019-08-16T14:00+02:00,-3136.88,15578.36,37000.95,60347.75,26.12
2019-08-16T15:00+02:00,-3077.34,16042.71,34661.56,58646.01,26.12
2019-08-16T16:00+02:00,-570.93,16711.93,31132.02,57696.84,26.12
2019-08-16T17:00+02:00,2584.65,18481.68,26247.24,57017.85,26.12
2019-08-16T18:00+02:00,4874.25,19899.35,20425.22,56230.75,26.12
2019-08-16T19:00+02:00,6140.14,20553.35,15103.04,55316.07,26.12
2019-08-16T20:00+02:00,6474.54,20712.89,13355.26,53456.82,26.12
2019-08-16T21:00+02:00,6327.29,20482.36,13889.97,52218.42,26.12
2019-08-16T22:00+02:00,3367.08,19226.51,15848.52,48619.64,26.12
2019-08-16T23:00+02:00,1653.02,16510.92,18559.67,45395.07,26.12
2019-08-17T00:00+02:00,-192.7,13958.3,20913.17,43463.25,26.12
2019-08-17T01:00+02:00,-611.73,11217.72,23298.53,41809.5,26.12
2019-08-17T02:00+02:00,-2505.05,10487.52,25110.28,41062.58,26.12
2019-08-17T03:00+02:00,-3091.04,10567.64,26330.58,40870.04,26.12
2019-08-17T04:00+02:00,-2479.99,10797.63,27482.48,40982.28,26.12
2019-08-17T05:00+02:00,-1944.35,10635.11,28221.08,42170.09,26.12
2019-08-17T06:00+02:00,-2042.29,10813.51,29154.4,43431.38,26.12
2019-08-17T07:00+02:00,-1672.84,10588.33,30700.05,46420.23,26.12
2019-08-17T08:00+02:00,-1963.43,10795.7,32014.14,49445.28,26.12
2019-08-17T09:00+02:00,-1320.25,10867.08,33354.63,52199.91,26.12
2019-08-17T10:00+02:00,-977.32,10809.85,35534.49,53871.54,26.12
2019-08-17T11:00+02:00,-2835.75,11082.58,37624.34,55012.8,26.12
2019-08-17T12:00+02:00,-4689.27,11009.63,39834.87,54770.86,26.12
2019-08-17T13:00+02:00,-4779.72,10447.93,40796.32,53659.76,26.12
2019-08-17T14:00+02:00,-5371.81,10045.04,40426.93,52761.88,26.12
2019-08-17T15:00+02:00,-4325.36,9972.79,38226.95,51979.68,26.12
2019-08-17T16:00+02:00,-2942.5,10532.15,34720.25,50930.23,26.12
2019-08-17T17:00+02:00,-2129.6,12920.56,30049.19,51080.2,26.12
2019-08-17T18:00+02:00,-1398.86,14652.1,25771.4,50540.47,26.12
2019-08-17T19:00+02:00,803.08,14899.49,21680.54,49391.42,26.12
2019-08-17T20:00+02:00,2249.41,15026.11,18997.97,47895.04,26.12
2019-08-17T21:00+02:00,2175.2,14972.69,18223.49,46882.72,26.12
2019-08-17T22:00+02:00,-11.32,14989.35,17759.38,44563.12,26.12
2019-08-17T23:00+02:00,-541.89,14632.2,16766.12,41910.27,26.12
2019-08-18T00:00+02:00,1477.92,13743.78,16005.52,39458.72,26.12
2019-08-18T01:00+02:00,2260.06,12568.11,15196.44,37519.56,26.12
2019-08-18T02:00+02:00,1789.83,12300.62,14595.25,36707.23,26.12
2019-08-18T03:00+02:00,2055.02,12323.77,14433.82,35904.71,26.12
2019-08-18T04:00+02:00,2567.47,13072.24,14448.78,35928.48,26.12
2019-08-18T05:00+02:00,3543.69,11755.12,15071.91,36809.6,26.12
2019-08-18T06:00+02:00,1800.6,11626.1,15751.33,37382.69,26.12
2019-08-18T07:00+02:00,1221.32,12063.72,17609.92,39062.22,26.12
2019-08-18T08:00+02:00,90.56,12533.43,20800.53,42320.98,26.12
2019-08-18T09:00+02:00,-468.13,12483.48,25386.57,45155.89,26.12
2019-08-18T10:00+02:00,-1998.06,11194.68,31198.53,47823.92,26.12
2019-08-18T11:00+02:00,-4733.9,10391.52,36425.4,50147.29,26.12
2019-08-18T12:00+02:00,-6939.96,9813.49,40177.35,50397.36,26.12
2019-08-18T13:00+02:00,-8200.56,9283.8,41818.54,49316.96,26.12
2019-08-18T14:00+02:00,-8919.07,9235.71,41598.75,48286.4,26.12
2019-08-18T15:00+02:00,-7663.41,9270.64,40413.01,47497.3,26.12
2019-08-18T16:00+02:00,-6858.72,9602.12,37688.15,46995.13,26.12
2019-08-18T17:00+02:00,-3618.44,10534.17,33328.44,47154.85,26.12
2019-08-18T18:00+02:00,-1289.56,12745.46,29058,48162.14,26.12
2019-08-18T19:00+02:00,2402.06,13808.76,23950.71,47539.23,26.12
2019-08-18T20:00+02:00,3097.47,13926.05,20434.49,47582.16,26.12
2019-08-18T21:00+02:00,3587.66,14015.13,20488.73,48056.5,26.12
2019-08-18T22:00+02:00,3461.65,14272.03,19849.14,46717.28,26.12
2019-08-18T23:00+02:00,955.51,13995.32,18601.69,43253.4,26.12
2019-08-19T00:00+02:00,1977.1,12794.02,18297.23,41693.42,26.12
2019-08-19T01:00+02:00,2589.03,12244.5,18394.55,40343.18,26.12
2019-08-19T02:00+02:00,3393.08,11843.55,19055.92,39719.98,26.12
2019-08-19T03:00+02:00,3036.44,12107.74,19197.87,39857.12,26.12
2019-08-19T04:00+02:00,2187.54,12719.64,19428.29,41247.93,26.12
2019-08-19T05:00+02:00,2436.47,14770.01,20011.41,45472.94,26.12
2019-08-19T06:00+02:00,4792.06,18351.16,20631.3,52901.08,26.12
2019-08-19T07:00+02:00,5455.15,20173.19,22511.31,58673.1,26.12
2019-08-19T08:00+02:00,3641.56,20454.11,25220.98,62317.88,26.12
2019-08-19T09:00+02:00,1375.79,19663.52,30231.14,64138.52,26.12
2019-08-19T10:00+02:00,-359.41,18446.13,36261.71,65958,26.12
2019-08-19T11:00+02:00,-3681.09,17937.72,42108.02,67433.95,26.12
2019-08-19T12:00+02:00,-5514.38,16729.28,45974.6,67629.2,26.12
2019-08-19T13:00+02:00,-6314.39,15950.42,46252.6,66390.75,26.12
2019-08-19T14:00+02:00,-6550.54,16125.34,45439.48,64716.72,26.12
2019-08-19T15:00+02:00,-5228.44,15843.47,42742.92,63173.84,26.12
2019-08-19T16:00+02:00,-3906.73,16896.37,37623.49,61305.02,26.12
2019-08-19T17:00+02:00,-1740.09,19272.62,31790.51,60555.71,26.12
2019-08-19T18:00+02:00,3495,21241.56,25063.67,60617.66,26.12
2019-08-19T19:00+02:00,5878.23,22475.64,18530.91,59405.33,26.12
2019-08-19T20:00+02:00,5648.2,23271.08,14603.09,57739.74,26.12
2019-08-19T21:00+02:00,5108.72,23224.07,13848.24,55912.67,26.12
2019-08-19T22:00+02:00,3306.01,23012.55,13477.87,51346.38,26.12
2019-08-19T23:00+02:00,3337.89,21729.51,13213.81,47083.46,26.12
2019-08-20T00:00+02:00,2230.15,18268,13488.23,44963.83,26.12
2019-08-20T01:00+02:00,3807.85,17632.63,13821.02,43653.16,26.12
2019-08-20T02:00+02:00,4825.93,17320.05,14676.89,42914.31,26.12
2019-08-20T03:00+02:00,3891.32,18037.69,15312.72,43025.46,26.12
2019-08-20T04:00+02:00,3455.77,19006.49,15497.17,44151.62,26.12
2019-08-20T05:00+02:00,2235.03,21167.43,15256.13,47188.44,26.12
2019-08-20T06:00+02:00,3656.46,23848.48,15756.89,53671.57,26.12
2019-08-20T07:00+02:00,4087.59,25036.04,16938.04,58353.9,26.12
2019-08-20T08:00+02:00,4312.32,25091.87,19201.45,61488.98,26.12
2019-08-20T09:00+02:00,3373.88,24830.2,22827.52,62767.08,26.12
2019-08-20T10:00+02:00,2454.86,24183.17,25687.04,64476.97,26.12
2019-08-20T11:00+02:00,2268.16,23778.22,27403.99,65827.46,26.12
2019-08-20T12:00+02:00,2815.94,23312.81,27481.89,64933.1,26.12
2019-08-20T13:00+02:00,3724.33,23162.49,26759.44,64280.22,26.12
2019-08-20T14:00+02:00,3688.71,23141.93,25342.36,63093.84,26.12
2019-08-20T15:00+02:00,4039.02,23246.24,23230,61986.26,26.12
2019-08-20T16:00+02:00,4871.26,23675.09,20548.9,60721.36,26.12
2019-08-20T17:00+02:00,5073.55,24881.43,18101.75,60432.5,26.12
2019-08-20T18:00+02:00,5208.44,26320.24,15596.97,60130.72,26.12
2019-08-20T19:00+02:00,5720.35,26651.15,13904.39,59350.32,26.12
2019-08-20T20:00+02:00,4101.33,26476.21,13039.15,57670.37,26.12
2019-08-20T21:00+02:00,3636.94,25874.84,12987.73,55553.43,26.12
2019-08-20T22:00+02:00,3163.89,24881.02,13075.25,51201.95,26.12
2019-08-20T23:00+02:00,2772.97,23391.71,13138.54,47338.36,26.12
2019-08-21T00:00+02:00,2772.49,20958.05,13417.45,44844.79,26.12
2019-08-21T01:00+02:00,4286.96,19749.23,13095.48,43375.54,26.12
2019-08-21T02:00+02:00,4600.77,19163.56,12866.24,42607.02,26.12
2019-08-21T03:00+02:00,4848.7,19293.03,12603.24,42751.82,26.12
2019-08-21T04:00+02:00,4736.05,19960.7,11975.7,43607.04,26.12
2019-08-21T05:00+02:00,5533.19,22031.88,11760.2,47178.23,26.12
2019-08-21T06:00+02:00,6466.25,24635.46,12027.73,53771.38,26.12
2019-08-21T07:00+02:00,4834,25843.7,14541.61,58717.34,26.12
2019-08-21T08:00+02:00,3015.94,25965.71,18479.07,60808.08,26.12
2019-08-21T09:00+02:00,706.4,25423.12,23974.56,62153.77,26.12
2019-08-21T10:00+02:00,-1358.58,23943.8,30058.44,63673.06,26.12
2019-08-21T11:00+02:00,-2502.06,22259.13,34107.36,64972.26,26.12
2019-08-21T12:00+02:00,-3840.31,21462.52,35487.96,64602.07,26.12
2019-08-21T13:00+02:00,-3499.02,20895.12,34774.84,63853.36,26.12
2019-08-21T14:00+02:00,-2288.49,20773.35,32798.29,62414.15,26.12
2019-08-21T15:00+02:00,-1043.71,20820.54,30289.06,61391.36,26.12
2019-08-21T16:00+02:00,48.07,22581.07,26492.84,59962.44,26.12
2019-08-21T17:00+02:00,1861.85,24847.89,21287.55,59459.7,26.12
2019-08-21T18:00+02:00,3157.71,26971.99,15515.74,58940.97,26.12
2019-08-21T19:00+02:00,5307.59,27402.32,11489.87,58147.16,26.12
2019-08-21T20:00+02:00,4787.85,27202.99,9955.1,56934.82,26.12
2019-08-21T21:00+02:00,3467.88,26741.86,10011.06,55384.62,26.12
2019-08-21T22:00+02:00,3114.12,25332.51,10495.49,50539.57,26.12
2019-08-21T23:00+02:00,2603.38,23812.83,11089.75,46799.51,26.12
2019-08-22T00:00+02:00,2893.36,20359.42,11752.57,44308.56,26.12
2019-08-22T01:00+02:00,3411.96,19299.95,12503.02,42940.75,26.12
2019-08-22T02:00+02:00,3637.08,18669.57,13746.44,42129.62,26.12
2019-08-22T03:00+02:00,3222.88,18622.23,14384.49,42287.2,26.12
2019-08-22T04:00+02:00,3555.29,18484.77,14992.38,43393.41,26.12
2019-08-22T05:00+02:00,2659.38,20449.29,15582.29,47002.49,26.12
2019-08-22T06:00+02:00,3193.69,23223.37,16639.82,53390.17,26.12
2019-08-22T07:00+02:00,2070.18,24336.37,19811.52,58175.67,26.12
2019-08-22T08:00+02:00,622.41,24019.76,24456.63,60871.03,26.12
2019-08-22T09:00+02:00,-887.67,22429.45,28560.35,61977.21,26.12
2019-08-22T10:00+02:00,-3564.27,21081.84,33235.77,63423.8,26.12
2019-08-22T11:00+02:00,-4237.36,19284.14,37322.64,64805.59,26.12
2019-08-22T12:00+02:00,-4652.15,18125.77,39927.93,64433.88,26.12
2019-08-22T13:00+02:00,-4287.16,17211.84,41246.71,64006.29,26.12
2019-08-22T14:00+02:00,-4834.61,17116.34,40612.09,63019.62,26.12
2019-08-22T15:00+02:00,-3185.99,17162.34,37700.81,62195.35,26.12
2019-08-22T16:00+02:00,-2257.44,18806.43,32636.06,60827.9,26.12
2019-08-22T17:00+02:00,704.3,22436.53,26004.44,60215.65,26.12
2019-08-22T18:00+02:00,2562.98,25751.76,18889.71,59532.62,26.12
2019-08-22T19:00+02:00,4001.77,26945.97,13851.56,58628.6,26.12
2019-08-22T20:00+02:00,3778.83,26900.61,12519.6,57439.8,26.12
2019-08-22T21:00+02:00,2430.63,26527.53,12936.76,56066.6,26.12
2019-08-22T22:00+02:00,2132.68,25183.5,13516.66,51992.24,26.12
2019-08-22T23:00+02:00,1323.41,22857.2,13817.88,48356.23,26.12
2019-08-23T00:00+02:00,1658.2,20401.25,14083.51,45482.8,26.12
2019-08-23T01:00+02:00,3515.52,19362.75,14076.02,44128.77,26.12
2019-08-23T02:00+02:00,3750.78,19215.94,13622.41,42904.51,26.12
2019-08-23T03:00+02:00,4514.71,19367.81,13409.65,42871.29,26.12
2019-08-23T04:00+02:00,5005.91,19665.66,13154.49,43880.72,26.12
2019-08-23T05:00+02:00,3413.52,22138.53,13150.91,47031.13,26.12
2019-08-23T06:00+02:00,4650.3,24867.44,13780.3,53435.32,26.12
2019-08-23T07:00+02:00,3632.29,25684.47,16436.87,58168.7,26.12
2019-08-23T08:00+02:00,3158.43,24891.1,20857.82,60899.97,26.12
2019-08-23T09:00+02:00,156.62,24294.15,26272.02,62297.34,26.12
2019-08-23T10:00+02:00,-2290.47,22766.23,31298.72,63969.96,26.12
2019-08-23T11:00+02:00,-4292.62,21871.25,34378.63,65078.42,25.53
2019-08-23T12:00+02:00,-5819.81,21050.95,35969.47,63849.47,25.33
2019-08-23T13:00+02:00,-5040.77,19952.43,35927.68,62673.78,25.33
2019-08-23T14:00+02:00,-4350.39,19430.34,34519.96,61283.6,25.33
2019-08-23T15:00+02:00,-3976.13,20396.25,31447.77,60164.74,25.33
2019-08-23T16:00+02:00,-1065.94,21915.41,26894.91,59205.42,25.33
2019-08-23T17:00+02:00,1299.56,25168.36,21449.68,58620.11,25.33
2019-08-23T18:00+02:00,2143.3,26807.92,15753.61,57824.76,25.33
2019-08-23T19:00+02:00,4113.12,27239.01,11679.31,56730.31,25.33
2019-08-23T20:00+02:00,4213.9,26861.92,11273.68,55442.16,25.33
2019-08-23T21:00+02:00,2262.58,25821.16,13005.27,53353.19,25.33
2019-08-23T22:00+02:00,929.47,23865.16,14335.16,49123.91,25.33
2019-08-23T23:00+02:00,332.58,21163.43,14783.94,45917.13,25.33
2019-08-24T00:00+02:00,1800.38,18176.3,14637.07,43171.1,25.33
2019-08-24T01:00+02:00,2054.74,16984.98,14053.1,41461.98,25.33
2019-08-24T02:00+02:00,1553.13,16997.81,13479.01,40071.81,25.33
2019-08-24T03:00+02:00,2905.81,17382.95,13167.28,39602.74,25.33
2019-08-24T04:00+02:00,2656.46,17032.22,12951.74,39389.28,25.33
2019-08-24T05:00+02:00,2346.79,17333.36,12936.57,40274.52,25.33
2019-08-24T06:00+02:00,1702.21,17819.42,13738.33,41811.32,25.33
2019-08-24T07:00+02:00,1726.42,18151.22,16391.85,44885.92,25.33
2019-08-24T08:00+02:00,188.32,18366.49,20788.77,48642.75,25.33
2019-08-24T09:00+02:00,-1509.21,17955.01,25095.5,51556.64,25.33
2019-08-24T10:00+02:00,-3370.84,15618.03,30555.22,53486.35,25.33
2019-08-24T11:00+02:00,-6062.46,14276.69,35813.89,54688.7,25.33
2019-08-24T12:00+02:00,-8271.78,13722.88,38402.54,54175.51,25.33
2019-08-24T13:00+02:00,-8200.07,12892.83,38726.21,52841.58,25.33
2019-08-24T14:00+02:00,-8276.36,12975.9,37487.58,51258.38,25.33
2019-08-24T15:00+02:00,-6753.34,13574.68,34782.49,50523.97,25.33
2019-08-24T16:00+02:00,-6160.68,14367.55,30785.99,50102.66,25.33
2019-08-24T17:00+02:00,-3188.39,16651.67,25932.08,50301.14,25.33
2019-08-24T18:00+02:00,-703.77,17977.18,20764.98,50292.99,25.33
2019-08-24T19:00+02:00,361.38,18834.94,17040.13,49460.5,25.33
2019-08-24T20:00+02:00,-340.67,19082.19,16952.54,48401.22,25.33
2019-08-24T21:00+02:00,-1712.62,18867.36,19728.79,47811.08,25.33
2019-08-24T22:00+02:00,-4039.82,18282.51,21577.33,45531.59,25.33
2019-08-24T23:00+02:00,-5325.74,16839.4,21812.61,42804.06,25.33
2019-08-25T00:00+02:00,-5590.6,16244.87,20760.1,40120.22,25.33
2019-08-25T01:00+02:00,-4895.05,15667.67,19175.02,38367.79,25.33
2019-08-25T02:00+02:00,-3441.66,15529.06,17173.03,37307.54,25.33
2019-08-25T03:00+02:00,-1779,15444.81,15606.65,36788.04,25.33
2019-08-25T04:00+02:00,-469.65,15360.71,14557.16,36496.54,25.33
2019-08-25T05:00+02:00,-800.67,15366.71,14145.08,36654.34,25.33
2019-08-25T06:00+02:00,-901,15581.83,14211.08,37038.6,25.33
2019-08-25T07:00+02:00,-2264,16477.23,15898.86,39153.31,25.33
2019-08-25T08:00+02:00,-2215.86,16142.8,19389.87,42239.42,25.33
2019-08-25T09:00+02:00,-3281.21,15110.65,23694.37,45354.8,25.33
2019-08-25T10:00+02:00,-5786.22,14317.29,29008.49,47647.5,25.33
2019-08-25T11:00+02:00,-6703.42,13188.31,33491.48,49368.83,25.33
2019-08-25T12:00+02:00,-7468.52,12451.96,35928.38,49442.95,25.33
2019-08-25T13:00+02:00,-7078.2,12227.26,35480.05,48295.6,25.33
2019-08-25T14:00+02:00,-6155.33,12487.69,33320.55,47217.05,25.33
2019-08-25T15:00+02:00,-4515.4,13951.34,29877.59,46481.5,25.33
2019-08-25T16:00+02:00,-2784.57,15958.17,25404.79,46243.56,25.33
2019-08-25T17:00+02:00,-1171.39,18623.61,20521.06,47348.38,25.33
2019-08-25T18:00+02:00,1288.72,20275.34,16117.32,48405.73,25.33
2019-08-25T19:00+02:00,1325.92,20649.56,13410.89,48586.07,25.33
2019-08-25T20:00+02:00,752.78,20286.36,14215.42,49317.32,25.33
2019-08-25T21:00+02:00,-1074.84,20001.69,15883.3,49103.6,25.33
2019-08-25T22:00+02:00,-1403.73,19838.04,16514.08,47032.26,25.33
2019-08-25T23:00+02:00,-729.73,19093.87,15805.68,43856.9,25.33
2019-08-26T00:00+02:00,594.47,18704.5,14107.43,41646.48,25.33
2019-08-26T01:00+02:00,2218.86,18642.21,12494.2,40268.21,25.33
2019-08-26T02:00+02:00,3952.85,18888.34,11390.95,39492.5,25.33
2019-08-26T03:00+02:00,4491.99,19958.27,10296.15,39408.79,25.33
2019-08-26T04:00+02:00,4716.14,22214.34,9492.44,41032.07,25.33
2019-08-26T05:00+02:00,3245.38,24668.12,9390.52,45131.3,25.33
2019-08-26T06:00+02:00,4616.93,27271.27,9590.25,53103.46,25.33
2019-08-26T07:00+02:00,4733.05,28550.89,11914,58931.12,25.33
2019-08-26T08:00+02:00,2765.72,29177.97,16736.93,62439.12,25.33
2019-08-26T09:00+02:00,152.55,29419.12,22042.73,64438.17,25.33
2019-08-26T10:00+02:00,-3127.06,28321.49,27485.22,66172.04,25.33
2019-08-26T11:00+02:00,-4243.01,27771.69,31925.88,67805.06,25.33
2019-08-26T12:00+02:00,-5772.91,26665.11,34187.18,67424.21,25.33
2019-08-26T13:00+02:00,-6903.09,26741.79,33988.37,67366.63,25.33
2019-08-26T14:00+02:00,-5508.66,26884.16,32079.65,66196.76,25.33
2019-08-26T15:00+02:00,-4153.07,27560.38,28963.29,65341.5,25.33
2019-08-26T16:00+02:00,-1579.48,27673.55,24754.37,63959.54,25.33
2019-08-26T17:00+02:00,1591.77,28706.75,20282.24,63633.75,25.33
2019-08-26T18:00+02:00,983.71,29320.23,16214.26,62831.83,25.33
2019-08-26T19:00+02:00,2539.18,30134.02,13080.66,61379.36,25.33
2019-08-26T20:00+02:00,3336.29,30307.27,12859.17,60537.79,25.33
2019-08-26T21:00+02:00,2672.91,29863.75,13726.15,58183.45,25.33
2019-08-26T22:00+02:00,-195.53,29324.91,14009.57,53981.11,25.33
2019-08-26T23:00+02:00,-1186.18,27571.25,13750.5,49933.66,25.33
2019-08-27T00:00+02:00,724.61,26877.76,13210.19,47023.92,25.33
2019-08-27T01:00+02:00,1493.97,26555.96,12620.72,45339.37,25.33
2019-08-27T02:00+02:00,2712.1,25589.78,11792.26,44773.29,25.33
2019-08-27T03:00+02:00,2976.61,25783.6,10883.86,44917.18,25.33
2019-08-27T04:00+02:00,4008.12,26420.15,10395.38,45808.05,25.33
2019-08-27T05:00+02:00,4019.01,27746.59,10462.79,49566.54,25.33
2019-08-27T06:00+02:00,4821.74,29835.09,11255.04,56268.11,25.33
2019-08-27T07:00+02:00,3055.66,30871.68,14323.57,61168.22,25.33
2019-08-27T08:00+02:00,942.54,31104.71,18793.27,64302.66,25.33
2019-08-27T09:00+02:00,-2250.73,31255.4,23662.6,65637,25.33
2019-08-27T10:00+02:00,-5101.55,31183.38,28685.14,67389.87,25.33
2019-08-27T11:00+02:00,-5852.04,30776.57,32698.83,69103.94,25.33
2019-08-27T12:00+02:00,-7123.08,30454.87,35069.29,68916.18,25.33
2019-08-27T13:00+02:00,-7071.94,29948.47,34862.64,68558.63,25.33
2019-08-27T14:00+02:00,-6742.98,29783.73,32996.76,67299.94,25.33
2019-08-27T15:00+02:00,-4138.74,30116.98,30038.87,66985.79,25.33
2019-08-27T16:00+02:00,-2074.26,30408.05,26262.65,65967.39,25.33
2019-08-27T17:00+02:00,-711.85,31087.99,22135.34,65216.44,25.33
2019-08-27T18:00+02:00,1718.49,31499.88,17282.85,64612.71,25.33
2019-08-27T19:00+02:00,2794.84,31861.79,14005.62,63921.38,25.33
2019-08-27T20:00+02:00,2627.32,32058.63,13337.01,62383.88,25.33
2019-08-27T21:00+02:00,630.98,31852.96,13564.45,59334.63,25.33
2019-08-27T22:00+02:00,-724.65,31099.4,13524.47,54616.65,25.33
2019-08-27T23:00+02:00,-593.96,28867.27,13551.28,50870.8,25.33
2019-08-28T00:00+02:00,1000.51,26853.99,13605.25,47813.32,25.33
2019-08-28T01:00+02:00,2352.8,25624.36,13446.42,46645.82,25.33
2019-08-28T02:00+02:00,2942.98,24352.14,13368.57,45775.95,25.33
2019-08-28T03:00+02:00,2851.96,24339.94,13004.62,45745.02,25.33
2019-08-28T04:00+02:00,3945.4,24873.16,12654.46,46709.96,25.33
2019-08-28T05:00+02:00,5037.92,26940.59,12330.32,50144.33,25.33
2019-08-28T06:00+02:00,5433.88,30062.19,12530.27,57426.9,25.33
2019-08-28T07:00+02:00,4092.88,31338.16,14548.77,62478.93,25.33
2019-08-28T08:00+02:00,3683.42,31657.19,17815.19,65173.18,25.33
2019-08-28T09:00+02:00,2119.86,31388.13,21326.44,66279.2,25.33
2019-08-28T10:00+02:00,-1232.96,31375,25002.27,67707.56,25.33
2019-08-28T11:00+02:00,-3226.82,31521.32,28375.08,69216.13,25.33
2019-08-28T12:00+02:00,-3837.6,31111.29,31046.1,69310.89,25.33
2019-08-28T13:00+02:00,-4713.41,30519.53,32355.94,68620.86,25.33
2019-08-28T14:00+02:00,-4360.07,29997.88,31840.11,67924.44,25.33
2019-08-28T15:00+02:00,-3451.94,30308.08,28911.41,66311.1,25.33
2019-08-28T16:00+02:00,-1881.44,30847.47,24860.13,64929.75,25.33
2019-08-28T17:00+02:00,1619.39,31141.49,20696.97,64542.61,25.33
2019-08-28T18:00+02:00,3726.1,31710.81,16278.88,64608.82,25.33
2019-08-28T19:00+02:00,4895.54,31898.8,13445.15,63707.03,25.33
2019-08-28T20:00+02:00,4313.69,31828.05,12876.5,63170.7,25.33
2019-08-28T21:00+02:00,3337.06,31756.38,12710.99,60117.39,25.33
2019-08-28T22:00+02:00,1487.54,30956.15,11396.66,54984.91,25.33
2019-08-28T23:00+02:00,401.29,29246.39,10958.9,50900.45,25.33
2019-08-29T00:00+02:00,1560.39,28058.43,10206.9,47495.72,25.33
2019-08-29T01:00+02:00,2608.7,27693.5,9474.17,46177.66,25.33
2019-08-29T02:00+02:00,4344.42,26905.59,9301.62,45263.88,25.33
2019-08-29T03:00+02:00,4716.53,26397.72,9979.28,45263.16,25.33
2019-08-29T04:00+02:00,4691.06,26741.8,10155.6,46138.63,25.33
2019-08-29T05:00+02:00,3527.98,28744.97,9997.13,49388.81,25.33
2019-08-29T06:00+02:00,4966.07,30804.85,10963.46,56590.47,25.33
2019-08-29T07:00+02:00,3378.12,31941.98,13948.57,61609.63,25.33
2019-08-29T08:00+02:00,2908.34,31985.18,17524.5,64658.25,25.33
2019-08-29T09:00+02:00,1667.91,31732.36,21708.66,65629.22,25.33
2019-08-29T10:00+02:00,-313.26,32065.78,26291.49,67335.81,25.33
2019-08-29T11:00+02:00,-2274.99,31539.49,29903.58,68339.43,25.33
2019-08-29T12:00+02:00,-4580.57,30736.33,32393.94,67786.84,25.33
2019-08-29T13:00+02:00,-5784.8,30750.72,32806.2,67229,25.33
2019-08-29T14:00+02:00,-6068.81,30487.58,32110.07,66024.73,25.33
2019-08-29T15:00+02:00,-4822.03,30246.3,30024.85,64778.39,25.33
2019-08-29T16:00+02:00,-3371.58,31315.15,25916.49,63622.17,25.33
2019-08-29T17:00+02:00,-306.84,32500.05,20769.11,63350.38,25.33
2019-08-29T18:00+02:00,1659.14,33302.26,15595.94,62744.64,25.33
2019-08-29T19:00+02:00,3853.24,33587.56,11614.7,61647.39,25.33
2019-08-29T20:00+02:00,3111.9,34027.29,10155.3,61106.19,25.33
2019-08-29T21:00+02:00,1634.36,33874.56,10013.64,58251.99,25.33
2019-08-29T22:00+02:00,1210.99,32954.52,9839.57,53784.73,25.33
2019-08-29T23:00+02:00,2125.18,30391.74,9667.22,49664.3,25.33
2019-08-30T00:00+02:00,1812.41,27875.56,9513.6,46606.33,25.33
2019-08-30T01:00+02:00,4123.16,26535.51,9437.28,44884.06,25.33
2019-08-30T02:00+02:00,4779.19,25859.53,9423.57,43928.79,25.33
2019-08-30T03:00+02:00,4548.85,25959.7,9427.81,44017.3,25.33
2019-08-30T04:00+02:00,3858.62,26560.34,9437.67,44921.38,25.33
2019-08-30T05:00+02:00,4235.74,28289.98,9526.8,48297.39,25.33
2019-08-30T06:00+02:00,4657.59,31180.41,10101.48,55684.8,25.33
2019-08-30T07:00+02:00,2957.34,32212.58,12777.47,60994.76,25.33
2019-08-30T08:00+02:00,1833.68,32625.32,17217.09,64478.98,25.33
2019-08-30T09:00+02:00,-2208.37,32366.01,22811.33,65323.51,25.33
2019-08-30T10:00+02:00,-3991.9,30893.6,28385.24,66218.96,25.33
2019-08-30T11:00+02:00,-5265.47,29324.11,32484.43,67106.49,26.43
2019-08-30T12:00+02:00,-7103.65,28444.46,34687.49,66159.16,26.8
2019-08-30T13:00+02:00,-6353.64,27280.79,35273.92,65245.74,26.8
2019-08-30T14:00+02:00,-6263.96,27006.13,33800.76,63929.76,26.8
2019-08-30T15:00+02:00,-5426.5,28819.46,30326.52,62816.68,26.8
2019-08-30T16:00+02:00,-1761.74,29904.79,25491.64,61990.97,26.8
2019-08-30T17:00+02:00,486.53,30994.23,19835.37,61317.81,26.8
2019-08-30T18:00+02:00,2365.04,32416.63,14063.41,60492.47,26.8
2019-08-30T19:00+02:00,3867.21,32156.23,10245.66,59453.61,26.8
2019-08-30T20:00+02:00,3887.67,31549.11,9658.16,58289.97,26.8
2019-08-30T21:00+02:00,1656.3,31261.89,10173.72,55506.62,26.8
2019-08-30T22:00+02:00,1382.7,30167.25,9966.02,51033.94,26.8
2019-08-30T23:00+02:00,923.5,27447.15,10172,47465.58,26.8
2019-08-31T00:00+02:00,2088.78,23425.68,10123.1,44128.4,26.8
2019-08-31T01:00+02:00,2561.12,21107.69,9940.32,42128.6,26.8
2019-08-31T02:00+02:00,4007.35,19670.11,10079.32,40653.87,26.8
2019-08-31T03:00+02:00,5074.13,18694.39,10249.79,40147.94,26.8
2019-08-31T04:00+02:00,4594.45,18404.67,10622.17,40063.13,26.8
2019-08-31T05:00+02:00,4352.23,18447.65,10815.79,40983.24,26.8
2019-08-31T06:00+02:00,4108.51,18640.34,11661.02,42669.24,26.8
2019-08-31T07:00+02:00,3894.29,19024.52,14945.51,45502.89,26.8
2019-08-31T08:00+02:00,1545.58,19418.45,20396.24,49421.6,26.8
2019-08-31T09:00+02:00,-566.06,19147.89,25600.64,52582.6,26.8
2019-08-31T10:00+02:00,-3847.92,18802,30329.54,54189.3,26.8
2019-08-31T11:00+02:00,-5291.59,17793.18,34462.9,55266.52,26.8
2019-08-31T12:00+02:00,-6872.45,16989.88,37193.4,55240.31,26.8
2019-08-31T13:00+02:00,-7043.92,16543.37,38673.13,54400.16,26.8
2019-08-31T14:00+02:00,-6435.24,15580.13,38389.21,53725.6,26.8
2019-08-31T15:00+02:00,-6092.57,15552.54,35588.85,52886.72,26.8
2019-08-31T16:00+02:00,-3464.07,16264.63,30875.71,52056.01,26.8
2019-08-31T17:00+02:00,-359.01,18437.5,24037.62,51939.65,26.8
2019-08-31T18:00+02:00,2752.62,20439.95,16595.38,51805.77,26.8
2019-08-31T19:00+02:00,5354.09,21455.6,12411.76,50907.9,26.8
2019-08-31T20:00+02:00,4705.84,21246.12,13384.25,50516.74,26.8
2019-08-31T21:00+02:00,2498.85,20217.04,16795.96,48943.17,26.8
2019-08-31T22:00+02:00,-560.26,18475.68,20339.9,47299.95,26.8
2019-08-31T23:00+02:00,-2511.49,16813.37,22893.89,45638.78,26.8
2019-09-01T00:00+02:00,-4518.74,15633.32,22722.76,43423.79,26.8
2019-09-01T01:00+02:00,-4790.36,15061.33,21702.24,40972.91,26.8
2019-09-01T02:00+02:00,-2604.68,14856.41,18967.48,39056.99,26.8
2019-09-01T03:00+02:00,-1135.28,14832.68,17467.54,38422.24,26.8
2019-09-01T04:00+02:00,104.54,14981.46,17604.04,38160.75,26.8
2019-09-01T05:00+02:00,60.68,15344.87,17339.58,38338.89,26.8
2019-09-01T06:00+02:00,-727.64,15686.34,17403.09,39130.43,26.8
2019-09-01T07:00+02:00,-1859.1,16144.75,18997.76,40464.49,26.8
2019-09-01T08:00+02:00,-2878.92,16087.56,22529.19,43223.86,26.8
2019-09-01T09:00+02:00,-4479.09,16514.07,26306.75,46088.03,26.8
2019-09-01T10:00+02:00,-5826.14,16167.7,30464.76,48132.17,26.8
2019-09-01T11:00+02:00,-6948.32,16353.65,33053.88,49930.62,26.8
2019-09-01T12:00+02:00,-7256.52,16491.2,35147.43,49866.45,26.8
2019-09-01T13:00+02:00,-6134.17,15190.09,35579.98,49168.45,26.8
2019-09-01T14:00+02:00,-5807.55,14608.79,33815.22,47997.68,26.8
2019-09-01T15:00+02:00,-5545.65,15101.14,32161.78,46645.01,26.8
2019-09-01T16:00+02:00,-4054.23,15224.69,29406.82,46908.16,26.8
2019-09-01T17:00+02:00,-3124.81,16285.78,26160.36,47735.93,26.8
2019-09-01T18:00+02:00,-1107.28,18819.4,22638.63,48533.29,26.8
2019-09-01T19:00+02:00,-861.8,20656.93,19103.87,48327.64,26.8
2019-09-01T20:00+02:00,442.19,20768.57,17692.06,48850.02,26.8
2019-09-01T21:00+02:00,1225.86,20154.02,16454.27,47006.61,26.8
2019-09-01T22:00+02:00,179.85,20175.32,15445.41,45226.52,26.8
2019-09-01T23:00+02:00,-222.86,19138.56,14574.96,42290.06,26.8
2019-09-02T00:00+02:00,759.23,17383.83,14494.84,40478.8,26.8
2019-09-02T01:00+02:00,1284.57,16535.22,15262.06,39430.68,26.8
2019-09-02T02:00+02:00,1241.09,15990.45,16357.11,39100.8,26.8
2019-09-02T03:00+02:00,1841.19,15410.75,16446.38,39410.14,26.8
2019-09-02T04:00+02:00,1374.04,16521.29,16498.97,41341.62,26.8
2019-09-02T05:00+02:00,916.81,19857.43,17197.99,45105.2,26.8
2019-09-02T06:00+02:00,3496.36,23334.86,18040.17,53261.66,26.8
2019-09-02T07:00+02:00,2449.67,25635.75,19478.4,58368.97,26.8
2019-09-02T08:00+02:00,179.76,26444.74,22164.25,60962.12,26.8
2019-09-02T09:00+02:00,-2823.68,25868,26100.64,62200.8,26.8
2019-09-02T10:00+02:00,-3746.21,25056.06,31583.52,63641.41,26.8
2019-09-02T11:00+02:00,-5573.3,24345.45,35060.83,65739.89,26.8
2019-09-02T12:00+02:00,-6951.2,25202.28,35422.04,65705.4,26.8
2019-09-02T13:00+02:00,-6149.79,25475.72,35524.86,65323.12,26.8
2019-09-02T14:00+02:00,-5254.43,24641.36,34660.98,64042.24,26.8
2019-09-02T15:00+02:00,-4244.83,24582.9,32336.31,62590.71,26.8
2019-09-02T16:00+02:00,-2557.89,25208.2,28788.28,61440.47,26.8
2019-09-02T17:00+02:00,-55.3,26175.04,24162.41,60877.6,26.8
2019-09-02T18:00+02:00,2562.77,27060.37,19040.06,60684.97,26.8
2019-09-02T19:00+02:00,4981.65,27378.11,15210.31,60547.48,26.8
2019-09-02T20:00+02:00,3719.31,27558.45,14501.56,60101.76,26.8
2019-09-02T21:00+02:00,3204.13,26888.63,14976.16,56977.74,26.8
2019-09-02T22:00+02:00,1625.7,25613.94,15184.97,52185.47,26.8
2019-09-02T23:00+02:00,-497.1,23548.07,15332.53,48067.6,26.8
2019-09-03T00:00+02:00,-216.68,21179.79,16497.86,44891.77,26.8
2019-09-03T01:00+02:00,1322.97,19226.75,17667.31,43783.53,26.8
2019-09-03T02:00+02:00,2665.84,17493.85,19442.85,43453.01,26.8
2019-09-03T03:00+02:00,2807.43,16860.08,20454.56,43748.02,26.8
2019-09-03T04:00+02:00,2203.36,17118.12,21730.71,44816.33,26.8
2019-09-03T05:00+02:00,1281.64,19162.1,22692.45,48752.86,26.8
2019-09-03T06:00+02:00,-580.03,23623.12,24359.45,56742.4,26.8
2019-09-03T07:00+02:00,-1347.52,25605.47,27036.13,61652.54,26.8
2019-09-03T08:00+02:00,-4366.54,25346.9,31291.98,63598.5,26.8
2019-09-03T09:00+02:00,-7618.89,25346.2,35200.87,63837.59,26.8
2019-09-03T10:00+02:00,-8798.47,24416.6,40577.36,65655.98,26.8
2019-09-03T11:00+02:00,-10091.65,22722.77,45265.51,67233.97,26.8
2019-09-03T12:00+02:00,-10628.49,21150.34,47434.02,67173.74,26.8
2019-09-03T13:00+02:00,-10206.57,22003.79,47420.3,66531.84,26.8
2019-09-03T14:00+02:00,-10008.53,22247.61,45926.03,65553.19,26.8
2019-09-03T15:00+02:00,-8932.67,23407.78,42428.27,64419.8,26.8
2019-09-03T16:00+02:00,-7467.06,24180.74,37099.73,62891.63,26.8
2019-09-03T17:00+02:00,-4837.7,25446.96,30651.92,62421.83,26.8
2019-09-03T18:00+02:00,-551.81,26418.71,22955.45,61715.77,26.8
2019-09-03T19:00+02:00,3315.72,26634.65,18114.9,60723.75,26.8
2019-09-03T20:00+02:00,3783.58,26617.29,16470.65,60458.12,26.8
2019-09-03T21:00+02:00,2518.82,26202.83,16069.5,57084.66,26.8
2019-09-03T22:00+02:00,1533.02,25080.31,16179.05,52647.24,26.8
2019-09-03T23:00+02:00,-651.4,23671.28,16739.95,48821.93,26.8
2019-09-04T00:00+02:00,-242.57,21217.94,16237.38,45853.91,26.8
2019-09-04T01:00+02:00,1302.42,20196.65,16025.92,44452.34,26.8
2019-09-04T02:00+02:00,1981.14,19720.81,15889.27,43288.94,26.8
2019-09-04T03:00+02:00,2704.01,19478.03,15472.58,43346.26,26.8
2019-09-04T04:00+02:00,2972.03,20139.7,15119.33,44327.76,26.8
2019-09-04T05:00+02:00,3434.38,21465.65,15772.71,48179,26.8
2019-09-04T06:00+02:00,4223.52,23529.12,16380.52,55717.61,26.8
2019-09-04T07:00+02:00,3472.28,24187.97,19027.05,60558.38,26.8
2019-09-04T08:00+02:00,433.31,24654.54,24188.16,63206.55,26.8
2019-09-04T09:00+02:00,-1972.74,24960.74,30393.86,64247.94,26.8
2019-09-04T10:00+02:00,-5326.9,23960.45,37518.08,65767.14,26.8
2019-09-04T11:00+02:00,-8209.31,21688.04,43951.03,67042.42,26.8
2019-09-04T12:00+02:00,-9517.29,19760.26,47160.03,66477.57,26.8
2019-09-04T13:00+02:00,-10365.59,18982.58,47870.51,65524.4,26.8
2019-09-04T14:00+02:00,-9853.2,18402.73,47135.78,64670.56,26.8
2019-09-04T15:00+02:00,-8415.85,18421.7,44441.37,63611.22,26.8
2019-09-04T16:00+02:00,-6070.04,18965.04,39861.31,62187.06,26.8
2019-09-04T17:00+02:00,-2797.81,21280.56,32941.22,61986.44,26.8
2019-09-04T18:00+02:00,487.57,23622.91,26920.02,61635.22,26.8
2019-09-04T19:00+02:00,3433.9,23922.62,23715.23,61407.01,26.8
2019-09-04T20:00+02:00,2715.6,23740.27,22960.53,60650,26.8
2019-09-04T21:00+02:00,622.39,23255.98,23251.39,57394.11,26.8
2019-09-04T22:00+02:00,-289.08,20781.2,23176.45,52838.87,26.8
2019-09-04T23:00+02:00,-1157.71,19446.09,21768.27,49199.94,26.8
2019-09-05T00:00+02:00,807.12,17443.3,20621.63,46879.58,26.8
2019-09-05T01:00+02:00,3192.11,15840.7,20211.72,45059.8,26.8
2019-09-05T02:00+02:00,2532.53,15390.51,20246.89,44569.2,26.8
2019-09-05T03:00+02:00,2312.54,15328.19,20914.02,44686.32,26.8
2019-09-05T04:00+02:00,2333.75,15220.16,22451.9,45898.32,26.8
2019-09-05T05:00+02:00,2608.72,16928.83,23429.17,49702.26,26.8
2019-09-05T06:00+02:00,614.87,21256.61,24405.04,57085.2,26.8
2019-09-05T07:00+02:00,919.61,23530.39,26667.4,61695.85,26.8
2019-09-05T08:00+02:00,-596.54,23570.65,30505.75,64422.07,26.8
2019-09-05T09:00+02:00,-5259.21,22568.42,35555.31,65528.62,26.8
2019-09-05T10:00+02:00,-7616.3,20800.84,40887.63,66877.8,26.8
2019-09-05T11:00+02:00,-8406.54,19430.66,44815.67,68435.32,26.8
2019-09-05T12:00+02:00,-8573.64,18176.55,47572.87,68214.16,26.8
2019-09-05T13:00+02:00,-7899.17,17272.77,48791.69,67941.06,26.8
2019-09-05T14:00+02:00,-8016.57,17021.89,48381.86,67020.6,26.8
2019-09-05T15:00+02:00,-6945.72,17392.9,46410.71,65823.66,26.8
2019-09-05T16:00+02:00,-6430.44,18666.22,42623.32,64292.02,26.8
2019-09-05T17:00+02:00,-4004.37,20306.31,38322.53,64060.87,26.8
2019-09-05T18:00+02:00,-1938.62,21992.89,33874.81,63707.85,26.8
2019-09-05T19:00+02:00,76.77,22617.73,28673.7,62992.84,26.8
2019-09-05T20:00+02:00,1174.08,22911.8,26397.4,62237.46,26.8
2019-09-05T21:00+02:00,454.3,22446.49,25133.27,58636.46,26.8
2019-09-05T22:00+02:00,-1949.81,21525.65,23356.21,53722.1,26.8
2019-09-05T23:00+02:00,-1558,19621.69,22353.27,49707.75,26.8
2019-09-06T00:00+02:00,-871.5,16923.12,21852.93,46984.92,26.8
2019-09-06T01:00+02:00,2029.83,15438.08,21489.19,45765.13,26.8
2019-09-06T02:00+02:00,2436.84,14620.55,21471.71,44880.3,26.8
2019-09-06T03:00+02:00,1961.21,15150.33,21722.19,44897.82,26.8
2019-09-06T04:00+02:00,2791.8,15534.03,21856.46,46259.99,26.8
2019-09-06T05:00+02:00,2499.39,16760.14,21886.06,49637.98,26.8
2019-09-06T06:00+02:00,3434.84,20456.81,22637.85,56624.61,26.8
2019-09-06T07:00+02:00,2954.74,22104.32,23567.34,61359.75,26.8
2019-09-06T08:00+02:00,622.8,22767.01,26550.8,64156.24,26.8
2019-09-06T09:00+02:00,-739.83,22438.55,30347.19,64736.78,26.8
2019-09-06T10:00+02:00,-1879.13,21884.13,35420.65,66085.18,26.8
2019-09-06T11:00+02:00,-4735.56,20577.14,40038.54,66790.78,25.8
2019-09-06T12:00+02:00,-5340.69,19111.76,42126.05,66019.33,25.46
2019-09-06T13:00+02:00,-5094.77,18017.87,41953.63,64467.43,25.46
2019-09-06T14:00+02:00,-4394.97,18111.06,39895.71,62718.29,25.46
2019-09-06T15:00+02:00,-3047.24,18405.11,36552.44,61551.65,25.46
2019-09-06T16:00+02:00,74.65,19272.65,31381.25,60603.74,25.46
2019-09-06T17:00+02:00,2003.4,21390.67,26529.3,60379.24,25.46
2019-09-06T18:00+02:00,3703.22,21943.84,21497.61,59736.7,25.46
2019-09-06T19:00+02:00,5167.06,21937.77,18352.11,59223.77,25.46
2019-09-06T20:00+02:00,4857.16,21467.41,18173.74,58195.29,25.46
2019-09-06T21:00+02:00,2028.13,21264.27,18846.96,54069.73,25.46
2019-09-06T22:00+02:00,1839.66,20537.51,18720.85,50238.6,25.46
2019-09-06T23:00+02:00,-505.56,19874.27,18501.74,46606.97,25.46
2019-09-07T00:00+02:00,-574.03,17604.78,18199.56,43779.85,25.46
2019-09-07T01:00+02:00,-196.94,17223.4,17491.76,42700.26,25.46
2019-09-07T02:00+02:00,1873.09,16947.31,16963.72,41749.09,25.46
2019-09-07T03:00+02:00,2244.48,17050.22,16100.83,41159.24,25.46
2019-09-07T04:00+02:00,2702.72,17244.84,14870.06,40911.1,25.46
2019-09-07T05:00+02:00,2098.73,17948.53,13415.26,41439.99,25.46
2019-09-07T06:00+02:00,3099.11,18564.79,12628.03,43128.69,25.46
2019-09-07T07:00+02:00,4201.77,19348.62,13046.64,45770.62,25.46
2019-09-07T08:00+02:00,5859.36,19699.16,14169.52,49037.93,25.46
2019-09-07T09:00+02:00,5275.4,19975.31,15971.37,51658.17,25.46
2019-09-07T10:00+02:00,5502.57,19977.33,17979.05,53570.61,25.46
2019-09-07T11:00+02:00,5310.88,19475.14,20507.07,54794.88,25.46
2019-09-07T12:00+02:00,3191.98,19206.24,22065.9,53735.37,25.46
2019-09-07T13:00+02:00,2005.97,18672.97,22386.4,52345.53,25.46
2019-09-07T14:00+02:00,1459.23,18348.41,21848.45,50692.68,25.46
2019-09-07T15:00+02:00,2252.59,17945.67,21077.07,49875.03,25.46
2019-09-07T16:00+02:00,3279.84,18062.09,19852.89,49475.68,25.46
2019-09-07T17:00+02:00,4881.53,19050.7,17281.85,50070.2,25.46
2019-09-07T18:00+02:00,6845.53,19924.92,14125.1,50745.23,25.46
2019-09-07T19:00+02:00,6426.2,20081.5,12331.92,50580.27,25.46
2019-09-07T20:00+02:00,6095.92,20150,12044.63,50117.41,25.46
2019-09-07T21:00+02:00,5138.85,20283.03,11747.55,47317.05,25.46
2019-09-07T22:00+02:00,3202.57,20129.14,11840.89,44797.06,25.46
2019-09-07T23:00+02:00,2494.68,19460.83,11551.98,42000.16,25.46
2019-09-08T00:00+02:00,1313.46,19043.65,11231.37,39432.52,25.46
2019-09-08T01:00+02:00,1410.21,19085.23,10870.37,38026.71,25.46
2019-09-08T02:00+02:00,2138.33,19055.42,10375.86,37126.5,25.46
2019-09-08T03:00+02:00,2763.46,18747.39,10226.93,36698.38,25.46
2019-09-08T04:00+02:00,2773.78,18489.56,10320.62,36650.96,25.46
2019-09-08T05:00+02:00,2534.49,18529.39,9984.77,36673.9,25.46
2019-09-08T06:00+02:00,2578.39,18556.78,9615.01,37762.66,25.46
2019-09-08T07:00+02:00,2160.12,18780.26,10403.68,39247.91,25.46
2019-09-08T08:00+02:00,2361.01,19348.95,12739.23,42640.64,25.46
2019-09-08T09:00+02:00,2162.48,18986.21,15860.94,45869.24,25.46
2019-09-08T10:00+02:00,1667.73,18719.67,18511.08,47982.59,25.46
2019-09-08T11:00+02:00,1140.33,18625.2,20318.92,50023.12,25.46
2019-09-08T12:00+02:00,1115.06,18470.9,20009.55,49667.62,25.46
2019-09-08T13:00+02:00,1228.38,18525.66,19315.58,47902.3,25.46
2019-09-08T14:00+02:00,2633.41,18554.2,18536.27,46649.95,25.46
2019-09-08T15:00+02:00,3798.05,19001.77,17203.97,46330.84,25.46
2019-09-08T16:00+02:00,2499.69,19901.04,15381.87,46291.77,25.46
2019-09-08T17:00+02:00,3573.47,20959.57,12970.67,47312.1,25.46
2019-09-08T18:00+02:00,4478.56,21781.79,11116.57,48769.67,25.46
2019-09-08T19:00+02:00,4772.21,23129.37,9952.95,49236.16,25.46
2019-09-08T20:00+02:00,4011.61,23594.79,10021.94,49667.2,25.46
2019-09-08T21:00+02:00,3325.11,23683.31,10108.4,47421.15,25.46
2019-09-08T22:00+02:00,1604.6,23644.25,9958.5,45508.64,25.46
2019-09-08T23:00+02:00,1913.74,23130.14,9755.59,42698.48,25.46
2019-09-09T00:00+02:00,2574.6,21916.51,9499.29,40118.39,25.46
2019-09-09T01:00+02:00,3305.14,21450.05,9280.15,38783.96,25.46
2019-09-09T02:00+02:00,3276.87,21209.65,9327.64,38660.93,25.46
2019-09-09T03:00+02:00,3736.82,21333.23,9584.98,39050.64,25.46
2019-09-09T04:00+02:00,4248.32,22107.89,9947.48,40598.81,25.46
2019-09-09T05:00+02:00,4448.46,23799.9,10455.53,45516.78,25.46
2019-09-09T06:00+02:00,7024.5,26196.6,11384.77,54883.84,25.46
2019-09-09T07:00+02:00,7553.64,28107.34,12776.66,60677.7,25.46
2019-09-09T08:00+02:00,7520.95,28851.99,14799.63,63673.6,25.46
2019-09-09T09:00+02:00,6765.68,28951.97,16874.99,64699.4,25.46
2019-09-09T10:00+02:00,6520.53,29064.74,18578.72,66076.97,25.46
2019-09-09T11:00+02:00,7094.75,28826.33,20002.62,67243.13,25.46
2019-09-09T12:00+02:00,5094.27,28812.85,21466.29,66491,25.46
2019-09-09T13:00+02:00,4184.84,28615.17,22417.7,65682.98,25.46
2019-09-09T14:00+02:00,3168.76,28598.27,22488.47,64485.65,25.46
2019-09-09T15:00+02:00,3471.19,28027.25,21926.1,63553.25,25.46
2019-09-09T16:00+02:00,3841.31,27525.91,21054.18,61875.98,25.46
2019-09-09T17:00+02:00,4903.5,27962.37,19220.27,61651.38,25.46
2019-09-09T18:00+02:00,4834.46,28390.72,16691.38,61636.03,25.46
2019-09-09T19:00+02:00,6562.56,28452.95,14538.71,61762.31,25.46
2019-09-09T20:00+02:00,5282.94,28365.28,13905.05,61047.93,25.46
2019-09-09T21:00+02:00,3717.54,27920.47,13623.76,56763.51,25.46
2019-09-09T22:00+02:00,3976.65,25646.75,13658.53,52636.92,25.46
2019-09-09T23:00+02:00,1825.64,23230.96,14076.91,48107.04,25.46
2019-09-10T00:00+02:00,75.74,20294.55,14595.72,44959.36,25.46
2019-09-10T01:00+02:00,1113.3,19582.51,15366.59,43593.9,25.46
2019-09-10T02:00+02:00,337.66,19201.12,16532.67,43074.94,25.46
2019-09-10T03:00+02:00,455.3,18272.75,17683.13,43656.56,25.46
2019-09-10T04:00+02:00,-313.39,18788.94,18733.93,45046.55,25.46
2019-09-10T05:00+02:00,352.06,20394.02,19469.55,49108.09,25.46
2019-09-10T06:00+02:00,2808.9,22599.37,20638.87,57405.21,25.46
2019-09-10T07:00+02:00,1940.08,23444.35,23054.64,62395.7,25.46
2019-09-10T08:00+02:00,-463.84,23716.67,27306.02,64783.79,25.46
2019-09-10T09:00+02:00,-2860.54,23470.97,31983.81,65471.16,25.46
2019-09-10T10:00+02:00,-5966,22549.63,38760.43,66998.76,25.46
2019-09-10T11:00+02:00,-8213.37,20725.02,45570.83,68398.62,25.46
2019-09-10T12:00+02:00,-9153.48,19097.55,48243.84,68009.22,25.46
2019-09-10T13:00+02:00,-10041.02,19533.37,47817.86,66925.73,25.46
2019-09-10T14:00+02:00,-9294.9,19761.11,45217.1,65726.45,25.46
2019-09-10T15:00+02:00,-7440.02,20248.37,40968.35,64596.7,25.46
2019-09-10T16:00+02:00,-3890.36,20591.53,35748.41,62831.16,25.46
2019-09-10T17:00+02:00,273.65,22095.62,29343.77,62238.34,25.46
2019-09-10T18:00+02:00,4602.64,23028.01,22104.74,61839.96,25.46
2019-09-10T19:00+02:00,7672.99,23475.87,17129.28,61696.58,25.46
2019-09-10T20:00+02:00,7580.83,23519.18,15991.41,61652.78,25.46
2019-09-10T21:00+02:00,6588.76,23112.37,15606.42,57779.79,25.46
2019-09-10T22:00+02:00,5037.63,22325.46,15093.88,53252.52,25.46
2019-09-10T23:00+02:00,2551.43,21132.91,14164.69,48901.32,25.46
2019-09-11T00:00+02:00,4328.28,19183.49,13512.44,45733.29,25.46
2019-09-11T01:00+02:00,4385.52,18356.17,13324.02,44195.97,25.46
2019-09-11T02:00+02:00,4979.5,17969.72,14216.4,43608.86,25.46
2019-09-11T03:00+02:00,4636.49,17994.56,14994.86,43744.46,25.46
2019-09-11T04:00+02:00,4007.15,18545.64,15397.44,45076.83,25.46
2019-09-11T05:00+02:00,4053.74,19950.02,16044.57,49152.16,25.46
2019-09-11T06:00+02:00,6465.7,22266.16,17738.46,58199.65,25.46
2019-09-11T07:00+02:00,5689.59,22892.78,20411.89,63127.54,25.46
2019-09-11T08:00+02:00,2572.97,23357.06,25501.83,65250.69,25.46
2019-09-11T09:00+02:00,-1177.66,23144.22,30864.18,65452.27,25.46
2019-09-11T10:00+02:00,-3260.01,22067.52,36655.99,66468.13,25.46
2019-09-11T11:00+02:00,-6447.31,20340.97,43485.11,67485.93,25.46
2019-09-11T12:00+02:00,-8612.75,19122.58,48046.34,67860.56,25.46
2019-09-11T13:00+02:00,-9805.3,18542.22,49227.71,67482.49,25.46
2019-09-11T14:00+02:00,-8989.21,18791.51,47710.59,66263.3,25.46
2019-09-11T15:00+02:00,-6612.84,18997.11,44295.9,65418.82,25.46
2019-09-11T16:00+02:00,-5920.65,19498.17,39793.73,63689.72,25.46
2019-09-11T17:00+02:00,-2509.95,20985.55,34469.39,63558.22,25.46
2019-09-11T18:00+02:00,14.01,23019.62,29644.12,63755.97,25.46
2019-09-11T19:00+02:00,1017.93,23165.63,27785.44,64365.31,25.46
2019-09-11T20:00+02:00,-303.6,22769.8,27470.35,63839.43,25.46
2019-09-11T21:00+02:00,-3238.15,22648.35,27978.53,59581.09,25.46
2019-09-11T22:00+02:00,-4200.12,21214.87,26942.84,54979.89,25.46
2019-09-11T23:00+02:00,-4922.58,19561.82,26164.39,50721.08,25.46
2019-09-12T00:00+02:00,-2455.65,18402.65,24893.47,48138.14,25.46
2019-09-12T01:00+02:00,-916.21,17078.53,22996.24,46078.45,25.46
2019-09-12T02:00+02:00,623.77,17414.48,21594.46,45101.69,25.46
2019-09-12T03:00+02:00,2552.45,17132.5,19563.77,45005.3,25.46
2019-09-12T04:00+02:00,3041,18635.48,18348.85,45800.92,25.46
2019-09-12T05:00+02:00,3502.65,21342.27,17653.58,49659.54,25.46
2019-09-12T06:00+02:00,5108.72,24516.99,17753.59,58284.33,25.46
2019-09-12T07:00+02:00,5558.8,25729.2,18535.96,63281.69,25.46
2019-09-12T08:00+02:00,5274.89,25947.6,20532.06,65437.73,25.46
2019-09-12T09:00+02:00,4048.93,25864.62,23295.77,65704.86,25.46
2019-09-12T10:00+02:00,3286.56,24973.55,27765.97,66870.89,25.46
2019-09-12T11:00+02:00,-235.52,24860.04,33031.23,67849.7,25.46
2019-09-12T12:00+02:00,-3589.47,24336.4,37000.4,67367.05,25.46
2019-09-12T13:00+02:00,-4875.51,23523.81,38971.99,66892.46,25.46
2019-09-12T14:00+02:00,-5713.5,22635.62,39204.13,65655.37,25.46
2019-09-12T15:00+02:00,-4265.07,22714.58,37523.91,64522.79,25.46
2019-09-12T16:00+02:00,-2477.15,23283.2,34001.59,63357.3,25.46
2019-09-12T17:00+02:00,484.42,24321.95,28930.6,62827.8,25.46
2019-09-12T18:00+02:00,4558.77,24958.34,22554.34,62534.47,25.46
2019-09-12T19:00+02:00,5619.81,25310.66,18951.03,62575.85,25.46
2019-09-12T20:00+02:00,5299.22,25049.07,19786.61,62408.64,25.46
2019-09-12T21:00+02:00,2785,24422.05,21420.3,58430.8,25.46
2019-09-12T22:00+02:00,-560.39,22827.45,22589.49,53858.48,25.46
2019-09-12T23:00+02:00,-1775.39,19858.88,23535.36,49892.74,25.46
2019-09-13T00:00+02:00,-1716.86,18385.66,23862.44,46993.74,25.46
2019-09-13T01:00+02:00,-515.05,17263.54,24926.25,46080.01,25.46
2019-09-13T02:00+02:00,71.87,16224.3,25805.19,45708.56,25.46
2019-09-13T03:00+02:00,462.88,15568.04,26001.22,46063.82,25.46
2019-09-13T04:00+02:00,-27.65,16608.34,25795.52,47008.92,25.46
2019-09-13T05:00+02:00,-307.74,19113.46,25174.6,50921.5,25.46
2019-09-13T06:00+02:00,1306.7,22078.94,25428.71,59535.31,25.46
2019-09-13T07:00+02:00,1966.21,24113.18,26041.66,64098.99,25.46
2019-09-13T08:00+02:00,728.3,24163.88,28175.13,66413.16,25.46
2019-09-13T09:00+02:00,469.99,24170.27,31323.92,67141.19,25.46
2019-09-13T10:00+02:00,-964.01,23913.85,35520.84,68588.39,25.46
2019-09-13T11:00+02:00,-1854.19,23317.33,39388.51,69488.3,26.03
2019-09-13T12:00+02:00,-4944.56,23078.62,40603.58,68136.1,26.22
2019-09-13T13:00+02:00,-4667.1,22396,40239.64,66769.49,26.22
2019-09-13T14:00+02:00,-4843.63,21924.31,39138.73,65189.54,26.22
2019-09-13T15:00+02:00,-3486.26,22115.08,36707.72,63447.9,26.22
2019-09-13T16:00+02:00,-774.56,22206.63,32445.73,61965.93,26.22
2019-09-13T17:00+02:00,2042.96,23940.43,26390.33,61324.93,26.22
2019-09-13T18:00+02:00,4776.15,24409.89,19885,60556.1,26.22
2019-09-13T19:00+02:00,7263.96,24788.02,15999.36,60517.14,26.22
2019-09-13T20:00+02:00,7089.8,24608.6,15258.77,59742.84,26.22
2019-09-13T21:00+02:00,6556.85,23541.17,15042.6,55729.17,26.22
2019-09-13T22:00+02:00,3974.43,23034.57,15301.45,51614.86,26.22
2019-09-13T23:00+02:00,1319.93,22416.67,15362.14,47787.66,26.22
2019-09-14T00:00+02:00,1243.38,20284.57,15114.7,44796.54,26.22
2019-09-14T01:00+02:00,1698.24,19399.69,14307.91,42681.49,26.22
2019-09-14T02:00+02:00,2102.25,19204.51,13481.92,41280.52,26.22
2019-09-14T03:00+02:00,2789.95,18929.8,12740.07,40675.17,26.22
2019-09-14T04:00+02:00,3044.86,19065.32,12174.84,41112.34,26.22
2019-09-14T05:00+02:00,3339.49,19676.65,12035.55,41875.7,26.22
2019-09-14T06:00+02:00,3560.13,20252.71,12244.04,44117.4,26.22
2019-09-14T07:00+02:00,3634.59,20782.94,13615.62,46594.2,26.22
2019-09-14T08:00+02:00,2910.73,21048.31,17405.7,50178.48,26.22
2019-09-14T09:00+02:00,767.62,20358.95,22148.86,52946.44,26.22
2019-09-14T10:00+02:00,-1655.26,19769.64,27533.13,54772.24,26.22
2019-09-14T11:00+02:00,-3694.31,18164.35,32068.84,55750.25,26.22
2019-09-14T12:00+02:00,-6156.11,17321.62,33672.42,54830.04,26.22
2019-09-14T13:00+02:00,-6128.48,16125.02,33819.95,53104.14,26.22
2019-09-14T14:00+02:00,-6361.44,16036.96,32992.47,51509.05,26.22
2019-09-14T15:00+02:00,-4164.14,15986.84,30432.62,50801.94,26.22
2019-09-14T16:00+02:00,-1055.49,17349.77,26190.26,50374.75,26.22
2019-09-14T17:00+02:00,1826.67,19922.15,20165.1,50677.56,26.22
2019-09-14T18:00+02:00,4690.74,21277.36,13837.39,51173.94,26.22
2019-09-14T19:00+02:00,5721.83,21876.2,11331.53,51253.78,26.22
2019-09-14T20:00+02:00,4178.82,21894.54,12024.09,51184.51,26.22
2019-09-14T21:00+02:00,1545.11,22145.95,13252.01,48310.05,26.22
2019-09-14T22:00+02:00,-463.12,21795.24,14650.34,45763.73,26.22
2019-09-14T23:00+02:00,-2952.87,19572.13,16575.32,42893.86,26.22
2019-09-15T00:00+02:00,-2794.46,17211.5,18657.99,41110.79,26.22
2019-09-15T01:00+02:00,-3230.95,14220.73,20859.42,39576.62,26.22
2019-09-15T02:00+02:00,-3218.78,12155.17,22627.66,38831.67,26.22
2019-09-15T03:00+02:00,-3036.86,11648.69,24247.44,38648.19,26.22
2019-09-15T04:00+02:00,-3565.89,11562.71,25521.98,38573.2,26.22
2019-09-15T05:00+02:00,-4734.3,11562.86,26917.48,39440.5,26.22
2019-09-15T06:00+02:00,-4302.39,11532.44,28143.86,40478.76,26.22
2019-09-15T07:00+02:00,-4734.83,11305.32,30100.29,42451.92,26.22
2019-09-15T08:00+02:00,-7340.37,11272.07,34852.06,45879.33,26.22
2019-09-15T09:00+02:00,-10016.21,10980.91,38481.77,48664.79,26.22
2019-09-15T10:00+02:00,-12112.63,10982.08,42524.01,50609.31,26.22
2019-09-15T11:00+02:00,-12950.29,10772.02,47034.63,52103.95,26.22
2019-09-15T12:00+02:00,-13815.79,10564.49,48935,51913.31,26.22
2019-09-15T13:00+02:00,-14740.42,10573.37,48366.35,50572.26,26.22
2019-09-15T14:00+02:00,-14476.8,10489.07,47275.2,49237.52,26.22
2019-09-15T15:00+02:00,-12910.23,10555.84,44701.71,48423.88,26.22
2019-09-15T16:00+02:00,-11467.85,11633.84,40775.56,48287.1,26.22
2019-09-15T17:00+02:00,-7710.35,14240.54,34920.65,49591.82,26.22
2019-09-15T18:00+02:00,-3248.18,17009.03,28077.68,50950.1,26.22
2019-09-15T19:00+02:00,-1612.06,18630.66,23891.99,51796.12,26.22
2019-09-15T20:00+02:00,-327.39,18840.15,22751.3,52425.41,26.22
2019-09-15T21:00+02:00,-1133.42,18718.49,22591.74,50075.62,26.22
2019-09-15T22:00+02:00,-2410.73,19210.25,21489.45,47948.47,26.22
2019-09-15T23:00+02:00,-4430.98,18842.79,19976.09,44710.88,26.22
2019-09-16T00:00+02:00,-3579.08,18565.73,18530.49,42344.56,26.22
2019-09-16T01:00+02:00,-2452.73,18035.83,17605.42,41126.13,26.22
2019-09-16T02:00+02:00,-669.29,17995.75,16985.49,40234.32,26.22
2019-09-16T03:00+02:00,255.1,18771.72,15698.27,40404.62,26.22
2019-09-16T04:00+02:00,904.2,19903.82,14743.55,42340.8,26.22
2019-09-16T05:00+02:00,2117.65,21929.01,14181.32,47020.99,26.22
2019-09-16T06:00+02:00,7837.68,23970.06,13861.56,56645.91,26.22
2019-09-16T07:00+02:00,8559.92,25944.45,14674.5,61977.33,26.22
2019-09-16T08:00+02:00,7674.02,27018.15,17601.79,64331.07,26.22
2019-09-16T09:00+02:00,4675.66,27192.77,21054.53,64891.83,26.22
2019-09-16T10:00+02:00,1924.41,27607.86,24656,66299.32,26.22
2019-09-16T11:00+02:00,-231.31,28124.96,27494.37,67346.45,26.22
2019-09-16T12:00+02:00,-780.2,28206.04,28702.56,67084.13,26.22
2019-09-16T13:00+02:00,-515.94,28249.71,28551.49,66553.26,26.22
2019-09-16T14:00+02:00,-209.43,28347.57,27724.04,65757.36,26.22
2019-09-16T15:00+02:00,280.3,28765.36,25913.89,64818.35,26.22
2019-09-16T16:00+02:00,1378.38,29052.98,22696.25,63513.56,26.22
2019-09-16T17:00+02:00,3544.84,29437.63,19437.76,63298.96,26.22
2019-09-16T18:00+02:00,5107.99,29571.07,16729.78,63156.27,26.22
2019-09-16T19:00+02:00,6878.79,29671.5,15213.46,63708.04,26.22
2019-09-16T20:00+02:00,5714.6,29614.47,15721.38,62452.06,26.22
2019-09-16T21:00+02:00,2993.46,28944.9,16426.26,58207.16,26.22
2019-09-16T22:00+02:00,-1117.05,27980.53,17406.31,53866.73,26.22
2019-09-16T23:00+02:00,-2386.29,25759.04,18286.42,49808.35,26.22
2019-09-17T00:00+02:00,-1728.97,21440.49,19095.08,47514.26,26.22
2019-09-17T01:00+02:00,-2467.62,19758.75,20481.25,46027.45,26.22
2019-09-17T02:00+02:00,-1637.76,18839.02,20979.84,44978.93,26.22
2019-09-17T03:00+02:00,-1034.04,18549.3,21542.09,45270.25,26.22
2019-09-17T04:00+02:00,-1036.88,18921.12,22118.66,46597.75,26.22
2019-09-17T05:00+02:00,-1151.48,20414.4,23214.19,50672.66,26.22
2019-09-17T06:00+02:00,963.95,22284.53,23996.21,59451.19,26.22
2019-09-17T07:00+02:00,2630.41,22823.62,26053.07,64503.7,26.22
2019-09-17T08:00+02:00,152.09,22933.62,29138.1,66692.12,26.22
2019-09-17T09:00+02:00,-4767.81,23431.29,34280.71,67194.88,26.22
2019-09-17T10:00+02:00,-6046.47,22506.97,40774.96,68568.73,26.22
2019-09-17T11:00+02:00,-7259.02,19886.56,46535.52,70065.39,26.22
2019-09-17T12:00+02:00,-8679.12,18506.92,49662.28,69473.03,26.22
2019-09-17T13:00+02:00,-9151.97,17079.33,51398.1,68893.73,26.22
2019-09-17T14:00+02:00,-9962.8,16084.65,52091,67950.26,26.22
2019-09-17T15:00+02:00,-9712.4,15691.99,52471.25,67092.71,26.22
2019-09-17T16:00+02:00,-8623.46,15597.9,50711.2,65681.18,26.22
2019-09-17T17:00+02:00,-8409.07,17701.47,46584.03,65384.46,26.22
2019-09-17T18:00+02:00,-7200.8,20789.3,40588.45,65048.8,26.22
2019-09-17T19:00+02:00,-6145.26,22373.43,37402.96,65858.54,26.22
2019-09-17T20:00+02:00,-5640.32,22621.88,35820.53,65153.37,26.22
2019-09-17T21:00+02:00,-5994.15,21740.32,34756.01,60723.65,26.22
2019-09-17T22:00+02:00,-6164.29,18939.55,33872.99,55740.99,26.22
2019-09-17T23:00+02:00,-5795.44,16801.53,33323.91,51867.36,26.22
2019-09-18T00:00+02:00,-6332.9,15629.67,32961.83,48764.79,26.22
2019-09-18T01:00+02:00,-4813.09,15343.4,31755.77,46773.29,26.22
2019-09-18T02:00+02:00,-4476.39,15430.43,29794.18,45676.86,26.22
2019-09-18T03:00+02:00,-2874.97,15287.45,28547.85,45758.35,26.22
2019-09-18T04:00+02:00,-2246.82,16338.24,27419.96,47036.95,26.22
2019-09-18T05:00+02:00,-1534.67,18571.19,26847.75,51021.62,26.22
2019-09-18T06:00+02:00,-197.04,23651.99,26723.36,60137.74,26.22
2019-09-18T07:00+02:00,-545.07,25474.54,26900.04,64536.37,26.22
2019-09-18T08:00+02:00,-3553.07,25719.96,30217.82,66184.44,26.22
2019-09-18T09:00+02:00,-7360.02,25322.78,34853.05,66520.58,26.22
2019-09-18T10:00+02:00,-9633.32,23712.09,41475.76,67412.61,26.22
2019-09-18T11:00+02:00,-10797.3,21518.23,45664.99,68134.53,26.22
2019-09-18T12:00+02:00,-11217.13,20894.63,47002.92,67518.4,26.22
2019-09-18T13:00+02:00,-10599.75,20868.82,48140.29,67344.99,26.22
2019-09-18T14:00+02:00,-10138.63,20375.92,48040.1,66335.04,26.22
2019-09-18T15:00+02:00,-9460.87,20550.56,45679.73,65054.06,26.22
2019-09-18T16:00+02:00,-8634.73,21721.49,41482.19,63746.29,26.22
2019-09-18T17:00+02:00,-7754.27,25304.57,34816.49,63508.66,26.22
2019-09-18T18:00+02:00,-4082.73,28423.58,27112.01,63049.39,26.22
2019-09-18T19:00+02:00,-443.46,28860.74,23336.59,63864.55,26.22
2019-09-18T20:00+02:00,-1637.29,28821.86,23283.93,62606.88,26.22
2019-09-18T21:00+02:00,-4379.15,27852.32,23538.08,58178.62,26.22
2019-09-18T22:00+02:00,-5963.58,26549.36,23138.24,53915.78,26.22
2019-09-18T23:00+02:00,-6200.62,24624.24,22312.17,49808.98,26.22
2019-09-19T00:00+02:00,-6810.56,23608.06,21799.7,47397.62,26.22
2019-09-19T01:00+02:00,-6671.95,22977.35,20930.83,45378.15,26.22
2019-09-19T02:00+02:00,-6713.59,22814.29,20290.61,44248.24,26.22
2019-09-19T03:00+02:00,-5113.46,23210.65,19596.36,44401.67,26.22
2019-09-19T04:00+02:00,-2963.28,23070.78,18917.76,45765.26,26.22
2019-09-19T05:00+02:00,-3790.34,25809.44,18593.61,49543.2,26.22
2019-09-19T06:00+02:00,-1018.3,29920.24,18551.92,58179.74,26.22
2019-09-19T07:00+02:00,111.4,31745.24,18824.87,62641.45,26.22
2019-09-19T08:00+02:00,-1645.45,32032.79,21861.76,64313.92,26.22
2019-09-19T09:00+02:00,-4804.98,31972.16,25423.21,64937.91,26.22
2019-09-19T10:00+02:00,-8886.11,31286.29,31199.78,65332.34,26.22
2019-09-19T11:00+02:00,-8934.53,29150.66,34936.4,66659.55,26.22
2019-09-19T12:00+02:00,-9808.28,28165.48,35893.66,66260.35,26.22
2019-09-19T13:00+02:00,-9185.69,27119.26,35798.54,65132.62,26.22
2019-09-19T14:00+02:00,-7359.92,26124.32,34922.22,64004.44,26.22
2019-09-19T15:00+02:00,-6821.98,26649.7,32055.62,62861.69,26.22
2019-09-19T16:00+02:00,-6065.91,28667.97,27537.32,61513.75,26.22
2019-09-19T17:00+02:00,-2252.84,31357.3,21188.29,61226.34,26.22
2019-09-19T18:00+02:00,923.63,32343.38,15026.44,61402.51,26.22
2019-09-19T19:00+02:00,3995.63,32586.91,12314.97,62472.62,26.22
2019-09-19T20:00+02:00,3187.17,32611.34,12524.51,61756.37,26.22
2019-09-19T21:00+02:00,-378.51,32016.12,12964.4,57006.28,26.22
2019-09-19T22:00+02:00,-1304.88,31089.2,12218.64,52680.1,26.22
2019-09-19T23:00+02:00,-1780.52,29098.07,11803.46,48549.06,26.22
2019-09-20T00:00+02:00,-826.3,27901.92,11591.46,45754.44,26.22
2019-09-20T01:00+02:00,-896.64,27244.97,11270.73,43939.23,26.22
2019-09-20T02:00+02:00,-1096.97,27151.7,10951.84,43301.7,26.22
2019-09-20T03:00+02:00,-1001.5,27295.95,10912.8,43895.27,26.22
2019-09-20T04:00+02:00,115.46,27398.17,10988.43,45400.95,26.22
2019-09-20T05:00+02:00,413.84,28788.3,11353.21,49704.69,26.22
2019-09-20T06:00+02:00,2570.08,31516.82,11814.51,57779.4,26.22
2019-09-20T07:00+02:00,4192.92,32305.54,13102.8,62369.36,26.22
2019-09-20T08:00+02:00,2907.64,32085.51,17556.17,64782.76,26.22
2019-09-20T09:00+02:00,-1951.54,31955.03,22591.76,64722.19,26.22
2019-09-20T10:00+02:00,-5732,30605.09,27924.26,65530.74,26.22
2019-09-20T11:00+02:00,-5998.77,28350.45,32611,66346.81,26.18
2019-09-20T12:00+02:00,-6432.13,26069.75,34577.84,65268.28,26.17
2019-09-20T13:00+02:00,-5787.52,24190.45,34672.07,63689.43,26.17
2019-09-20T14:00+02:00,-4532.53,23256.85,33349.8,61868.34,26.17
2019-09-20T15:00+02:00,-4024.85,24207.99,30242.54,60275.91,26.17
2019-09-20T16:00+02:00,-2375.39,26030.97,25325.07,59918.16,26.17
2019-09-20T17:00+02:00,-589.07,29304.08,19390.93,59667.77,26.17
2019-09-20T18:00+02:00,3762.86,30901.32,13516.77,59849.16,26.17
2019-09-20T19:00+02:00,5279.38,31253.63,11537.03,60748.5,26.17
2019-09-20T20:00+02:00,3321.27,31077.21,12169.51,59619.77,26.17
2019-09-20T21:00+02:00,1229.08,29524.17,12823.38,55425.5,26.17
2019-09-20T22:00+02:00,-178.61,27906.06,13112.87,51532.14,26.17
2019-09-20T23:00+02:00,-2001.63,25873.34,13398.58,47716.5,26.17
2019-09-21T00:00+02:00,-2103.92,22979.22,13590.1,44284.86,26.17
2019-09-21T01:00+02:00,-1620.06,20814.52,13678.53,42201.23,26.17
2019-09-21T02:00+02:00,-1464.28,19951.89,13808.75,41094.95,26.17
2019-09-21T03:00+02:00,-1569.71,20340.21,13985.3,40663.49,26.17
2019-09-21T04:00+02:00,-1159.29,20775.12,13930.82,41173.69,26.17
2019-09-21T05:00+02:00,-1321.38,20716.75,13932.73,42093.35,26.17
2019-09-21T06:00+02:00,60.77,21666.99,13845.29,44222.88,26.17
2019-09-21T07:00+02:00,-98.62,21168.39,14975.86,46907.05,26.17
2019-09-21T08:00+02:00,-878.72,20913.28,19346.45,50468.34,26.17
2019-09-21T09:00+02:00,-3647.19,20690.42,24832.81,52801.66,26.17
2019-09-21T10:00+02:00,-6250.54,19646.27,29570.31,54443.4,26.17
2019-09-21T11:00+02:00,-8473.78,18154.08,33291.99,55084.09,26.17
2019-09-21T12:00+02:00,-9168.61,16946.18,35098.15,53928.88,26.17
2019-09-21T13:00+02:00,-8276.93,16063.88,35260.98,52615.42,26.17
2019-09-21T14:00+02:00,-7702.99,16107.29,33741.51,50914.06,26.17
2019-09-21T15:00+02:00,-6223.92,16718.05,30584.41,50052.64,26.17
2019-09-21T16:00+02:00,-4133.26,17350.97,25570.98,49103.98,26.17
2019-09-21T17:00+02:00,-1740.84,20569.74,19451.66,49729.02,26.17
2019-09-21T18:00+02:00,653.41,23195.34,14161.27,50912.82,26.17
2019-09-21T19:00+02:00,603.45,23894.49,14630.62,51983.4,26.17
2019-09-21T20:00+02:00,-3179.44,23702.19,18227.58,51348.23,26.17
2019-09-21T21:00+02:00,-5508.33,22867.21,20510.36,48187.02,26.17
2019-09-21T22:00+02:00,-6922.04,21953.34,21068.19,45752.85,26.17
2019-09-21T23:00+02:00,-7198.48,19927.46,21045.98,42612.46,26.17
2019-09-22T00:00+02:00,-7500.87,18228.04,20439.48,39929.81,26.17
2019-09-22T01:00+02:00,-7144.02,17940.72,19611.34,37925.54,26.17
2019-09-22T02:00+02:00,-5965.92,17267.57,18751.13,36916.48,26.17
2019-09-22T03:00+02:00,-3793.8,16771.1,17684.74,36428.12,26.17
2019-09-22T04:00+02:00,-3437.69,16857.22,16787.42,36824.4,26.17
2019-09-22T05:00+02:00,-3554.51,17331.76,16477.52,37390.61,26.17
2019-09-22T06:00+02:00,-5057.2,17363.69,17059.74,38436.52,26.17
2019-09-22T07:00+02:00,-4841.29,17489.28,19116.43,40554.91,26.17
2019-09-22T08:00+02:00,-6618.58,17585.52,23476.13,43686.94,26.17
2019-09-22T09:00+02:00,-8041.41,17860.02,27010.21,46454.97,26.17
2019-09-22T10:00+02:00,-8577.27,17465.96,29225.5,48511.61,26.17
2019-09-22T11:00+02:00,-10252.27,17827.31,31727.67,49800.77,26.17
2019-09-22T12:00+02:00,-11412.02,17910.52,33036.94,49173.53,26.17
2019-09-22T13:00+02:00,-9146.5,16928.73,32805.19,47705.57,26.17
2019-09-22T14:00+02:00,-8461.42,17089.05,31341.54,46376.79,26.17
2019-09-22T15:00+02:00,-7099.59,17582.31,28533.99,45822.22,26.17
2019-09-22T16:00+02:00,-5275.84,18342.23,24393.86,45512.76,26.17
2019-09-22T17:00+02:00,-4466.11,21567.71,19549.65,47415.74,26.17
2019-09-22T18:00+02:00,-1643.7,23513.66,16431.72,49388.29,26.17
2019-09-22T19:00+02:00,-2519.73,24373.35,17502.71,51587.25,26.17
2019-09-22T20:00+02:00,-5156.42,24198.85,20346.56,52280.34,26.17
2019-09-22T21:00+02:00,-5654.29,23159.29,21923.49,50024.08,26.17
2019-09-22T22:00+02:00,-7061.91,22723.65,21978.83,48268.74,26.17
2019-09-22T23:00+02:00,-7320.85,20832.96,21373.15,44917.28,26.17
2019-09-23T00:00+02:00,-5711.03,19441.63,20288.54,43135.54,26.17
2019-09-23T01:00+02:00,-5052.85,18900,19507.36,41761.24,26.17
2019-09-23T02:00+02:00,-4356.95,18393.72,18694.19,41312.72,26.17
2019-09-23T03:00+02:00,-3606.17,18421.56,18910.15,41676.21,26.17
2019-09-23T04:00+02:00,-3607.6,18667.14,19431.23,43437.16,26.17
2019-09-23T05:00+02:00,-3341.51,21426.55,19887.45,48125.55,26.17
2019-09-23T06:00+02:00,-896.65,25631.74,19162.2,57762.99,26.17
2019-09-23T07:00+02:00,1532.94,28810.08,18772.3,63109.07,26.17
2019-09-23T08:00+02:00,938.41,29667.89,19228.55,65533.78,26.17
2019-09-23T09:00+02:00,1918.33,30023.74,19915.37,66177.09,26.17
2019-09-23T10:00+02:00,3245.12,30321.04,20931.65,67735.08,26.17
2019-09-23T11:00+02:00,3147.69,30373.22,22262.75,68830.48,26.17
2019-09-23T12:00+02:00,2749.4,29777.62,23336.05,68308.75,26.17
2019-09-23T13:00+02:00,1755.94,29524.18,23469.36,67587.47,26.17
2019-09-23T14:00+02:00,-217.92,29997.77,22612.56,66051.65,26.17
2019-09-23T15:00+02:00,620.64,30397.93,20610.32,64642.96,26.17
2019-09-23T16:00+02:00,2706.19,31465.78,17318.2,63341.72,26.17
2019-09-23T17:00+02:00,3586.03,32199.59,13949.99,63211.32,26.17
2019-09-23T18:00+02:00,4560.49,32473.54,11295.18,63313.1,26.17
2019-09-23T19:00+02:00,5467.75,32539.2,10607,64588.21,26.17
2019-09-23T20:00+02:00,4007.79,32265.56,10955.72,62395.08,26.17
2019-09-23T21:00+02:00,1481.76,31764.41,10836.33,57589.27,26.17
2019-09-23T22:00+02:00,-396.8,30525.09,10422.11,53098.67,26.17
2019-09-23T23:00+02:00,-385.39,28476.14,10287.58,48744.43,26.17
2019-09-24T00:00+02:00,1307.87,26676.47,10208.71,46187.22,26.17
2019-09-24T01:00+02:00,1783.74,26090.65,9802.85,44698.5,26.17
2019-09-24T02:00+02:00,1263.32,26141.89,9513.9,43653.14,26.17
2019-09-24T03:00+02:00,1291.62,26253.33,9291.81,44029.48,26.17
2019-09-24T04:00+02:00,1830.12,27014.12,9363.84,45352.81,26.17
2019-09-24T05:00+02:00,2593.45,29300.52,9673.37,49416.1,26.17
2019-09-24T06:00+02:00,4517.86,31885.33,10276.32,58047.41,26.17
2019-09-24T07:00+02:00,4722.51,32794.99,11761.08,62857.79,26.17
2019-09-24T08:00+02:00,4136.07,32851.05,14809.61,65209.76,26.17
2019-09-24T09:00+02:00,1936.68,32476.8,18008.62,65918.39,26.17
2019-09-24T10:00+02:00,76.91,32121.2,21594.83,66659.1,26.17
2019-09-24T11:00+02:00,-1039.15,31177.8,25353.58,67630.92,26.17
2019-09-24T12:00+02:00,-2634.17,29516.34,27951.34,67268.3,26.17
2019-09-24T13:00+02:00,-4500.03,29779.08,27757.73,66212.12,26.17
2019-09-24T14:00+02:00,-3721.71,30007.15,25433.57,65286.85,26.17
2019-09-24T15:00+02:00,-2668.8,30495.24,22241.33,64311.32,26.17
2019-09-24T16:00+02:00,781.03,30966.45,18902.69,63125.04,26.17
2019-09-24T17:00+02:00,2591.01,32074.52,16182.73,63373.21,26.17
2019-09-24T18:00+02:00,2113.49,33031.74,14931.78,63589.82,26.17
2019-09-24T19:00+02:00,2777.14,33110.1,15390.77,65139.59,26.17
2019-09-24T20:00+02:00,2408.84,32597.87,16773.94,62956.38,26.17
2019-09-24T21:00+02:00,-525.63,30134.42,17101.2,58588.78,26.17
2019-09-24T22:00+02:00,-2793.78,28359.18,16607.5,54006.24,26.17
2019-09-24T23:00+02:00,-2973.52,26757.14,15833.37,49304.79,26.17
2019-09-25T00:00+02:00,-3299.46,26417.26,15465.92,46727.54,26.17
2019-09-25T01:00+02:00,-3252.75,25927.11,15170.76,44955.46,26.17
2019-09-25T02:00+02:00,-3276.88,26201.01,14825.28,43858.11,26.17
2019-09-25T03:00+02:00,-2845.8,26444.85,14083.3,44222.74,26.17
2019-09-25T04:00+02:00,-1864.54,26773.47,13829.57,45466.38,26.17
2019-09-25T05:00+02:00,-217.71,28037.51,13864.21,49789.98,26.17
2019-09-25T06:00+02:00,2850.7,30675.09,14171.74,58722.75,26.17
2019-09-25T07:00+02:00,3063.63,32143.03,15006.92,63983.8,26.17
2019-09-25T08:00+02:00,2008.72,32651.78,16281.36,65611.94,26.17
2019-09-25T09:00+02:00,1530.66,32370.65,18291.03,66075.86,26.17
2019-09-25T10:00+02:00,1132.77,31901.72,20947.45,67181.68,26.17
2019-09-25T11:00+02:00,282.46,31768.9,23697.42,68399.93,26.17
2019-09-25T12:00+02:00,-1956.77,31496.59,25864.45,67634.17,26.17
2019-09-25T13:00+02:00,-2635.8,31574.52,26057.99,66454.52,26.17
2019-09-25T14:00+02:00,-2786.79,31238.01,24937.46,65125.99,26.17
2019-09-25T15:00+02:00,-1807.79,31282.93,22585.88,64124.63,26.17
2019-09-25T16:00+02:00,-1607.71,31776.83,19203.77,63032.07,26.17
2019-09-25T17:00+02:00,446.57,33026.26,15405.83,62910.06,26.17
2019-09-25T18:00+02:00,2579.33,33256.68,12364.87,63373.89,26.17
2019-09-25T19:00+02:00,3794.24,33300.7,11461.58,64841.33,26.17
2019-09-25T20:00+02:00,2333,33021.36,11857.24,62335.04,26.17
2019-09-25T21:00+02:00,2080.26,31735.61,12641.95,57953.68,26.17
2019-09-25T22:00+02:00,-1931.62,30319.16,13700.32,53821.68,26.17
2019-09-25T23:00+02:00,-2184.11,27860.58,14447.13,49547.1,26.17
2019-09-26T00:00+02:00,-2912.93,25971.42,14867.25,46882.28,26.17
2019-09-26T01:00+02:00,-2541.36,24886.84,15424.89,45434.53,26.17
2019-09-26T02:00+02:00,-3059.14,24632.65,15528.11,44516.29,26.17
2019-09-26T03:00+02:00,-2686.22,24645.11,15179.57,44873.74,26.17
2019-09-26T04:00+02:00,-2497.68,25321.9,14650.06,45984.7,26.17
2019-09-26T05:00+02:00,-1395.33,26932.97,14416.41,50023.76,26.17
2019-09-26T06:00+02:00,1451.1,29934.77,14923.66,59038.51,26.17
2019-09-26T07:00+02:00,3009.52,31146.19,15940.25,63900.06,26.17
2019-09-26T08:00+02:00,2395.22,31124.23,18279.6,66121.06,26.17
2019-09-26T09:00+02:00,1466.2,30937.81,20965.64,66767.83,26.17
2019-09-26T10:00+02:00,784.13,30516.13,23956.4,67838.18,26.17
2019-09-26T11:00+02:00,-698.61,30073.94,26033.77,68721.15,26.17
2019-09-26T12:00+02:00,-1887.42,30100.59,26068.14,68381.7,26.17
2019-09-26T13:00+02:00,-1308.94,30058.01,25452.42,67615.72,26.17
2019-09-26T14:00+02:00,-1724.05,30052.01,24782.85,66203.87,26.17
2019-09-26T15:00+02:00,-382.84,29966.94,23900.67,65557.32,26.17
2019-09-26T16:00+02:00,769.87,29847.2,22593.94,64573.02,26.17
2019-09-26T17:00+02:00,240.7,29911.88,21887.47,64601.57,26.17
2019-09-26T18:00+02:00,223.27,30003.61,21687,64916.46,26.17
2019-09-26T19:00+02:00,-917.8,30002.17,22292.56,66346.54,26.17
2019-09-26T20:00+02:00,-2834.44,29275.26,23543.11,63773.67,26.17
2019-09-26T21:00+02:00,-4483.02,27121.86,24672.52,59457.48,26.17
2019-09-26T22:00+02:00,-5735.45,24791.05,24606.11,55094.27,26.17
2019-09-26T23:00+02:00,-5717.47,21985.34,24583.15,50872.28,26.17
2019-09-27T00:00+02:00,-6219.19,20342.05,24585.76,48117.41,26.17
2019-09-27T01:00+02:00,-5256.8,19323.95,23957.15,46347.96,26.17
2019-09-27T02:00+02:00,-5164.96,18709.01,23928.99,45754.15,26.17
2019-09-27T03:00+03:00,-4638.13,18737.34,23222.35,45728.04,26.17
2019-09-27T04:00+03:00,-4070.78,19534.96,22365.42,46681.44,26.17
2019-09-27T05:00+02:00,-3412.71,22325.07,21722.82,50376.78,26.17
2019-09-27T06:00+02:00,-637.66,25248.8,22676.59,59175.06,26.17
2019-09-27T07:00+02:00,217.11,26827.2,23504.45,64809.82,26.17
2019-09-27T08:00+02:00,-2484.72,27890.81,24502.27,67625.31,26.17
2019-09-27T09:00+02:00,-3260.14,27893.14,25921.09,67904.01,26.17
2019-09-27T10:00+02:00,-2154.29,27235.16,27383.04,68817.05,26.17
2019-09-27T11:00+02:00,-1337.72,26710.25,30268.1,69687.4,25.52
2019-09-27T12:00+02:00,-3054.18,25943.63,32789.28,68613,25.3
2019-09-27T13:00+02:00,-3376.34,24266.6,32378.05,66828.06,25.3
2019-09-27T14:00+02:00,-3876.82,24304.88,30806.79,64634.68,25.3
2019-09-27T15:00+02:00,-3317.45,24494.79,29813.31,63912.87,25.3
2019-09-27T16:00+02:00,-2456.03,25312.27,26729.37,62444.35,25.3
2019-09-27T17:00+02:00,-796.53,27079.8,22831.48,61914.06,25.3
2019-09-27T18:00+02:00,1393.31,27610.66,20141.16,61768.86,25.3
2019-09-27T19:00+02:00,356.09,27600.31,20719.67,63037.58,25.3
2019-09-27T20:00+02:00,-502.77,25939.55,23363.37,60849.66,25.3
2019-09-27T21:00+02:00,-3102.53,22229.69,25595.76,56222.91,25.3
2019-09-27T22:00+02:00,-3503.13,18026.6,26546.72,52181.03,25.3
2019-09-27T23:00+02:00,-6138.84,15837.98,27953.96,48219.86,25.3
2019-09-28T00:00+02:00,-5556.76,12068.14,28454.02,45675.21,25.3
2019-09-28T01:00+02:00,-6090.87,11179.59,29045.99,43673.69,25.3
2019-09-28T02:00+02:00,-6998.7,11098.21,29796.61,42407.72,25.3
2019-09-28T03:00+02:00,-5755.18,10264.76,30019.82,42119.3,25.3
2019-09-28T04:00+02:00,-5109.61,9930.12,29982.21,42597.18,25.3
2019-09-28T05:00+02:00,-5502.95,9998.65,30075.83,43232.48,25.3
2019-09-28T06:00+02:00,-5986.76,10625.96,31193.73,45575.63,25.3
2019-09-28T07:00+02:00,-6581.51,10999.17,32723.54,48872.7,25.3
2019-09-28T08:00+02:00,-7196.95,10958.39,35406.51,52932.81,25.3
2019-09-28T09:00+02:00,-9056.65,11405.41,40126.01,55452.77,25.3
2019-09-28T10:00+02:00,-9858.12,10010.42,45479.28,58134.4,25.3
2019-09-28T11:00+02:00,-11027.46,9159.42,50779.65,59070.58,25.3
2019-09-28T12:00+02:00,-11150.21,9014.34,52247.98,58128.64,25.3
2019-09-28T13:00+02:00,-11393.58,8856.57,51285.78,56199.28,25.3
2019-09-28T14:00+02:00,-11366.36,8715.57,49916.96,54635.52,25.3
2019-09-28T15:00+02:00,-10616.5,8756.88,47275.11,54036.05,25.3
2019-09-28T16:00+02:00,-9299.5,9010.46,43074.12,53383.48,25.3
2019-09-28T17:00+02:00,-8571.6,10782.29,38394.26,52955.94,25.3
2019-09-28T18:00+02:00,-7027.88,11856.4,34875.84,53910.11,25.3
2019-09-28T19:00+02:00,-6933.96,12361.88,35302.73,55520.77,25.3
2019-09-28T20:00+02:00,-9238.42,11821.74,37171.47,53479.41,25.3
2019-09-28T21:00+02:00,-11193.6,10122.36,38291.02,50455.69,25.3
2019-09-28T22:00+02:00,-11091.92,9233.13,37975.23,48475.46,25.3
2019-09-28T23:00+02:00,-11683.15,8918.78,37452.54,45382.76,25.3
2019-09-29T00:00+02:00,-11241.62,8449.11,36434.28,43335.05,25.3
2019-09-29T01:00+02:00,-10945.26,8299.47,35387.7,41574.88,25.3
2019-09-29T02:00+02:00,-10975.12,8301.19,34423.46,40195.89,25.3
2019-09-29T03:00+02:00,-9789.99,8329.33,34226.63,39651.12,25.3
2019-09-29T04:00+02:00,-9971.02,8408.58,33170.55,39547.33,25.3
2019-09-29T05:00+02:00,-10155.96,8400.34,32495.29,39564.35,25.3
2019-09-29T06:00+02:00,-9306.39,8401.93,32059.26,40178.81,25.3
2019-09-29T07:00+02:00,-9286.08,8350.61,31240.93,41749.7,25.3
2019-09-29T08:00+02:00,-8936.19,8130.22,34211.92,45107.78,25.3
2019-09-29T09:00+02:00,-9217.16,8173.53,39165.97,48584.67,25.3
2019-09-29T10:00+02:00,-9640.25,8327.15,42638.53,51351.37,25.3
2019-09-29T11:00+02:00,-9784.26,8322.9,46447.03,53838.79,25.3
2019-09-29T12:00+02:00,-12074.87,8493.88,48206.5,54054.42,25.3
2019-09-29T13:00+02:00,-12970.8,8540.04,47243.77,52761.2,25.3
2019-09-29T14:00+02:00,-13462.71,8573.44,46965.82,51416.84,25.3
2019-09-29T15:00+02:00,-12433.25,8644.14,45925.81,50125.78,25.3
2019-09-29T16:00+02:00,-11389.08,8851.4,42616.68,50138.49,25.3
2019-09-29T17:00+02:00,-10090.6,9115.34,40888.8,52196.5,25.3
2019-09-29T18:00+02:00,-9493.25,9269.77,39371.77,53731.93,25.3
2019-09-29T19:00+02:00,-9841.82,9395.04,38651.46,54919.78,25.3
2019-09-29T20:00+02:00,-10730.98,9439.87,38579.21,53192.15,25.3
2019-09-29T21:00+02:00,-10309.71,9248.47,38287.03,51552.39,25.3
2019-09-29T22:00+02:00,-10934.09,9294.05,36752.92,49907.55,25.3
2019-09-29T23:00+02:00,-11066.27,9324.94,36191.8,46657.05,25.3
2019-09-30T00:00+02:00,-11419.26,9212.83,37055.12,45107.32,25.3
2019-09-30T01:00+02:00,-12706.77,9031.55,38249.02,43338.38,25.3
2019-09-30T02:00+02:00,-11692.27,8861.16,38957.34,42887.26,25.3
2019-09-30T03:00+02:00,-11283.2,8638.08,39056.67,44239.24,25.3
2019-09-30T04:00+02:00,-11241.4,8562.62,41290.72,46426.94,25.3
2019-09-30T05:00+02:00,-11048.78,9015.65,45113.96,50935.82,25.3
2019-09-30T06:00+02:00,-9890.46,11033.32,47939.59,60637.28,25.3
2019-09-30T07:00+02:00,-9896.08,12977.5,48230.08,66160.02,25.3
2019-09-30T08:00+02:00,-10213.02,13309.73,49616.77,68150.53,25.3
2019-09-30T09:00+02:00,-10413.12,12727.04,52073.48,68753.79,25.3
2019-09-30T10:00+02:00,-10954.44,12533.02,55900.86,69994.57,25.3
2019-09-30T11:00+02:00,-10642.23,11482.86,59168.69,71845.93,25.3
2019-09-30T12:00+02:00,-10820.24,11832.02,60056,70831.1,25.3
2019-09-30T13:00+02:00,-10677.38,12481.4,58833.18,70198.62,25.3
2019-09-30T14:00+02:00,-10286.36,13126.83,56255.97,68386.52,25.3
2019-09-30T15:00+02:00,-9716.09,14083.37,53604.09,67230.35,25.3
2019-09-30T16:00+02:00,-8350.96,14718.96,48373.07,65425.86,25.3
2019-09-30T17:00+02:00,-6673.52,18006.79,41241.96,64534.18,25.3
2019-09-30T18:00+02:00,-2431.26,19947.85,34008.94,65031.82,25.3
2019-09-30T19:00+02:00,1487.51,20599.16,30485.2,66728.31,25.3
2019-09-30T20:00+02:00,169.9,21082.23,27756.69,63731.32,25.3
2019-09-30T21:00+02:00,-1139.71,20870.54,25625.39,59258.64,25.3
2019-09-30T22:00+02:00,-1092.35,19969.95,23492.91,55084.4,25.3
2019-09-30T23:00+02:00,-371.53,18072.02,22078.6,50604.02,25.3
2019-10-01T00:00+02:00,-612.27,17923.33,21272.17,47721.69,25.3
2019-10-01T01:00+02:00,262.6,17611.31,20478.27,46193.64,25.3
2019-10-01T02:00+02:00,-14.18,17195.22,19766.44,45240.97,25.3
2019-10-01T03:00+02:00,272.24,17345.01,19962.61,45545.44,25.3
2019-10-01T04:00+02:00,419.3,18061.74,20641.69,47488.74,25.3
2019-10-01T05:00+02:00,-311.4,19835.85,21695.37,51578.39,25.3
2019-10-01T06:00+02:00,1523.58,21362.78,23798.84,59858.54,25.3
2019-10-01T07:00+02:00,542.88,23150.55,25759.34,65376.1,25.3
2019-10-01T08:00+02:00,-842.24,23572.07,29239.91,67419.89,25.3
2019-10-01T09:00+02:00,-4159.54,23648.84,33162.78,68033.67,25.3
2019-10-01T10:00+02:00,-5976.16,23965.7,37180.34,69305.61,25.3
2019-10-01T11:00+02:00,-6220.82,24185.6,40211.63,70240.73,25.3
2019-10-01T12:00+02:00,-7845.67,23564.88,41124.68,70117.93,25.3
2019-10-01T13:00+02:00,-6055.68,23230.95,40284.3,69792.64,25.3
2019-10-01T14:00+02:00,-4688.41,23186.28,38393.52,68453.23,25.3
2019-10-01T15:00+02:00,-3555.91,22881.42,35156.17,66796.88,25.3
2019-10-01T16:00+02:00,-1776.14,22978.43,31438.31,65403.26,25.3
2019-10-01T17:00+02:00,1081.99,23116.33,27119.05,65263.85,25.3
2019-10-01T18:00+02:00,2840.51,23751.81,23174.7,65657.62,25.3
2019-10-01T19:00+02:00,5570.49,23834.95,22112.51,66859.25,25.3
2019-10-01T20:00+02:00,3775.47,23483.65,21051.14,63557.3,25.3
2019-10-01T21:00+02:00,2089.09,23277.68,19708.73,58953.53,25.3
2019-10-01T22:00+02:00,1510.82,22370.45,18688.12,54666.44,25.3
2019-10-01T23:00+02:00,-97.82,20911.28,19054.72,50056.34,25.3
2019-10-02T00:00+02:00,146.93,19964.48,19955.27,46992.89,25.3
2019-10-02T01:00+02:00,52.83,19007.55,20517.67,45768.33,25.3
2019-10-02T02:00+02:00,-586.84,18704.72,21033.94,44837.78,25.3
2019-10-02T03:00+02:00,-1029.7,18467.81,21643.21,45245.66,25.3
2019-10-02T04:00+02:00,-976.05,18895.22,22409.46,46982.89,25.3
2019-10-02T05:00+02:00,-1439.36,19842.27,23581.84,51323.38,25.3
2019-10-02T06:00+02:00,238.85,22403.08,24468.67,59888.68,25.3
2019-10-02T07:00+02:00,1154.84,24543.83,25129.18,65000.27,25.3
2019-10-02T08:00+02:00,1149.82,24845.16,25642.91,66711.4,25.3
2019-10-02T09:00+02:00,-1004.33,24795.9,26634.19,66730.56,25.3
2019-10-02T10:00+02:00,1124.23,24438.67,28697.25,68119.85,25.3
2019-10-02T11:00+02:00,1032.98,23651.06,32767.23,69440.79,25.3
2019-10-02T12:00+02:00,-1402.55,23398.65,35391.74,69251.31,25.3
2019-10-02T13:00+02:00,-3165.41,23167.64,36642.4,67867.68,25.3
2019-10-02T14:00+02:00,-3279.82,22805.69,36631.12,66208.94,25.3
2019-10-02T15:00+02:00,-3843.24,23091.96,34830,65039.3,25.3
2019-10-02T16:00+02:00,-3882.43,23786.75,32626.52,64191.22,25.3
2019-10-02T17:00+02:00,-2358.48,24627.87,29339.31,64283.91,25.3
2019-10-02T18:00+02:00,-2024.14,25685.65,26484.01,64295.88,25.3
2019-10-02T19:00+02:00,-2296.83,25477.95,27627.84,65771.75,25.3
2019-10-02T20:00+02:00,-3906.55,24650.19,29411.82,63157.08,25.3
2019-10-02T21:00+02:00,-5743.66,22179.3,31281.8,59080.02,25.3
2019-10-02T22:00+02:00,-8454.37,20471.01,32214.81,55121.87,25.3
2019-10-02T23:00+02:00,-8486.19,18588.39,32163.64,50837.95,25.3
2019-10-03T00:00+02:00,-10015.31,17041.78,31994.41,47479.14,25.3
2019-10-03T01:00+02:00,-9023.35,16356.57,31402.76,45543.28,25.3
2019-10-03T02:00+02:00,-8759.7,16149.5,29968.09,44228.73,25.3
2019-10-03T03:00+02:00,-8126.71,16549.67,28832.61,43707.49,25.3
2019-10-03T04:00+02:00,-8116.93,16952.31,27198.26,43523.76,25.3
2019-10-03T05:00+02:00,-10477.92,18430.18,25674.35,42113.47,25.3
2019-10-03T06:00+02:00,-13312.1,20888.72,24142.14,41869.29,25.3
2019-10-03T07:00+02:00,-13668.84,22505.07,22883.55,44082.69,25.3
2019-10-03T08:00+02:00,-13282.41,23507.29,23448.2,47063.24,25.3
2019-10-03T09:00+02:00,-12290.5,23736.23,24580.17,49832.92,25.3
2019-10-03T10:00+02:00,-12028.76,23700.62,26248.41,51935.81,25.3
2019-10-03T11:00+02:00,-12406.37,24167.94,27064.49,53460.64,25.3
2019-10-03T12:00+02:00,-11598.64,24177.25,27610.79,52807.83,25.3
2019-10-03T13:00+02:00,-10775.18,22978.97,27256.65,50739.12,25.3
2019-10-03T14:00+02:00,-11172.73,22830.2,26303.24,48865.94,25.3
2019-10-03T15:00+02:00,-10229.81,23263.11,23356.66,48147.59,25.3
2019-10-03T16:00+02:00,-8562.92,24517.65,18798.33,47712.32,25.3
2019-10-03T17:00+02:00,-3709.7,24957.87,14339.72,49206.62,25.3
2019-10-03T18:00+02:00,-172,25325.57,10922.99,50941.92,25.3
2019-10-03T19:00+02:00,1207.94,25574.67,10304.19,53180.44,25.3
2019-10-03T20:00+02:00,-231.62,25633.95,10053.58,51248.71,25.3
2019-10-03T21:00+02:00,-646.27,25174.8,10081.8,48867.54,25.3
2019-10-03T22:00+02:00,-545.45,24240.74,10106.66,46833.46,25.3
2019-10-03T23:00+02:00,-583.6,22548.68,10737.17,43396.68,25.3
2019-10-04T00:00+02:00,-517.74,21711.31,11178.75,40669.3,25.3
2019-10-04T01:00+02:00,-1609.36,21445.76,12076.24,38976.94,25.3
2019-10-04T02:00+02:00,-2532,21050.55,13222.84,38537.27,25.3
2019-10-04T03:00+02:00,-2125.48,20898.14,13072.99,38881.92,25.3
2019-10-04T04:00+02:00,-2091.69,21712.55,13084.42,40260.43,25.3
2019-10-04T05:00+02:00,-2270.88,22911.29,13860.89,43375.35,25.3
2019-10-04T06:00+02:00,-1414.13,25012.6,14860.9,50162.76,25.3
2019-10-04T07:00+02:00,-1691.21,25601.12,16450.89,55043.95,25.3
2019-10-04T08:00+02:00,-1418.39,25792.16,18804.6,57574.45,25.3
2019-10-04T09:00+02:00,-2739.1,25738.38,21491.12,59201.74,25.3
2019-10-04T10:00+02:00,-4394.4,25951.57,23623.76,60066.34,25.3
2019-10-04T11:00+02:00,-4590.75,25663.24,26158.64,61401.6,23.88
2019-10-04T12:00+02:00,-3305.85,25493.82,26420.81,61380.68,23.41
2019-10-04T13:00+02:00,-3717.79,25695.9,25229.07,60046.46,23.41
2019-10-04T14:00+02:00,-3106.89,25506.13,23805.57,58526.19,23.41
2019-10-04T15:00+02:00,-2245.65,25632.99,22057.45,57647.9,23.41
2019-10-04T16:00+02:00,-2223.52,26205.96,21281.89,57526.44,23.41
2019-10-04T17:00+02:00,-1712.68,26291.95,21770.36,58158.07,23.41
2019-10-04T18:00+02:00,-2792.78,26252.3,22984.95,59009.27,23.41
2019-10-04T19:00+02:00,-3696.16,25543.55,24884.5,60604.96,23.41
2019-10-04T20:00+02:00,-7514.01,25249.09,26060,57650.07,23.41
2019-10-04T21:00+02:00,-8550.66,23768.1,26605.54,54127.46,23.41
2019-10-04T22:00+02:00,-8863.98,22273.01,26066.43,50710.24,23.41
2019-10-04T23:00+02:00,-10345.17,20581.16,25882.69,47271.59,23.41
2019-10-05T00:00+02:00,-11577.91,19828,25882.91,44827.24,23.41
2019-10-05T01:00+02:00,-11695.74,19188.91,25970.64,43333.59,23.41
2019-10-05T02:00+02:00,-11728.76,18602.39,25928.38,42193.83,23.41
2019-10-05T03:00+02:00,-10975.12,18029.92,26370.39,42134.57,23.41
2019-10-05T04:00+02:00,-9201.46,17533.6,26754.15,42815.36,23.41
2019-10-05T05:00+02:00,-9836.37,18102.18,26917.1,43446.62,23.41
2019-10-05T06:00+02:00,-10548.55,18792.45,26699.27,45370.15,23.41
2019-10-05T07:00+02:00,-10620.24,20711.85,25887.26,48043,23.41
2019-10-05T08:00+02:00,-9261.12,21850.99,25499.82,51003.78,23.41
2019-10-05T09:00+02:00,-8077.11,22118.86,26699.81,53883,23.41
2019-10-05T10:00+02:00,-7200.08,22042.54,28423.68,55163.44,23.41
2019-10-05T11:00+02:00,-7565.16,22091.08,29530.28,56297.9,23.41
2019-10-05T12:00+02:00,-7873.12,22069.2,29107.08,55832.55,23.41
2019-10-05T13:00+02:00,-7367.32,21920.03,27978.83,54008.94,23.41
2019-10-05T14:00+02:00,-7505.82,22070.11,25386.48,52224.29,23.41
2019-10-05T15:00+02:00,-5954.85,22320.05,22583.65,51625.07,23.41
2019-10-05T16:00+02:00,-2513.87,22781.52,19612.07,51152.28,23.41
2019-10-05T17:00+02:00,13.06,23682.53,16078.38,51947.4,23.41
2019-10-05T18:00+02:00,589.75,23920.97,13756.95,53088.5,23.41
2019-10-05T19:00+02:00,2356.08,23704.1,14295.5,54878.04,23.41
2019-10-05T20:00+02:00,-1861.34,23770.8,15526.18,52309.8,23.41
2019-10-05T21:00+02:00,-2358.85,22880.33,16679.52,49443.26,23.41
2019-10-05T22:00+02:00,-3644.98,22299.31,17398.97,47406.1,23.41
2019-10-05T23:00+02:00,-4473.55,21020.68,17983.19,44452.57,23.41
2019-10-06T00:00+02:00,-4764.58,19801.83,18103.99,42408.84,23.41
2019-10-06T01:00+02:00,-6908.24,19254.2,18358.44,39726.73,23.41
2019-10-06T02:00+02:00,-6292.83,18291.89,18439.67,38872.71,23.41
2019-10-06T03:00+02:00,-5219.72,18198.49,18291.83,39119.96,23.41
2019-10-06T04:00+02:00,-4584.87,18362.28,18381.61,39343.82,23.41
2019-10-06T05:00+02:00,-4741.17,18074.68,18530.98,39470.21,23.41
2019-10-06T06:00+02:00,-6175.02,18301.74,18961.14,39633,23.41
2019-10-06T07:00+02:00,-6905.36,18843.54,19983.51,40915.98,23.41
2019-10-06T08:00+02:00,-7697.96,19173.23,22458.43,44041,23.41
2019-10-06T09:00+02:00,-8906.12,19355.28,25708.59,47344.96,23.41
2019-10-06T10:00+02:00,-10140.49,19610.43,28718.65,49911.72,23.41
2019-10-06T11:00+02:00,-10119.83,19521.56,31146.77,52348.53,23.41
2019-10-06T12:00+02:00,-10755.18,19287.45,32273.9,52652.5,23.41
2019-10-06T13:00+02:00,-9439.33,18705.8,32643.54,51146.66,23.41
2019-10-06T14:00+02:00,-7394.31,17264.07,31979.41,50414.08,23.41
2019-10-06T15:00+02:00,-6710.19,17341.72,30290.01,49712.17,23.41
2019-10-06T16:00+02:00,-6882.02,17693.23,28471.77,49883.54,23.41
2019-10-06T17:00+02:00,-7394.32,20346.96,26249.32,51208.88,23.41
2019-10-06T18:00+02:00,-7442.09,21868.25,25631.48,53252.38,23.41
2019-10-06T19:00+02:00,-8741.94,22237.94,26457.66,54812.02,23.41
2019-10-06T20:00+02:00,-9868.37,22072.81,26773.74,52638.76,23.41
2019-10-06T21:00+02:00,-8730.55,21739.18,26664.91,50428.94,23.41
2019-10-06T22:00+02:00,-9659.96,21998.86,25445.35,49280.88,23.41
2019-10-06T23:00+02:00,-10382.02,21713.11,23925.59,46320.15,23.41
2019-10-07T00:00+02:00,-8517.18,20425.58,21977.27,43581.99,23.41
2019-10-07T01:00+02:00,-6339.33,20091.06,20148.19,41655.21,23.41
2019-10-07T02:00+02:00,-4698.19,20522.73,18235.05,40914.12,23.41
2019-10-07T03:00+02:00,-4081.52,21610.49,16408.81,41235.35,23.41
2019-10-07T04:00+02:00,-3471.98,23214.46,15976.8,43104.3,23.41
2019-10-07T05:00+02:00,-3477.73,25732.92,15581.05,47899.09,23.41
2019-10-07T06:00+02:00,-1171.79,30473.55,15026.19,57429.08,23.41
2019-10-07T07:00+02:00,470.89,33237.94,14641.53,63521.4,23.41
2019-10-07T08:00+02:00,594.51,34328.87,16917.7,65953.07,23.41
2019-10-07T09:00+02:00,-1669.66,34489.5,19469.72,66187.15,23.41
2019-10-07T10:00+02:00,-5206.68,35200.47,22058.86,66792,23.41
2019-10-07T11:00+02:00,-6023.3,35215.31,25186.02,67480.74,23.41
2019-10-07T12:00+02:00,-7408.66,35116.69,26886.68,67093.1,23.41
2019-10-07T13:00+02:00,-8213.68,35041.28,26499.33,66365.39,23.41
2019-10-07T14:00+02:00,-7825.53,35383.77,24790.69,64452.16,23.41
2019-10-07T15:00+02:00,-5501.47,35256.05,21995.89,63461.95,23.41
2019-10-07T16:00+02:00,-3919.84,35937.3,18241.77,62487.61,23.41
2019-10-07T17:00+02:00,-2719.23,36167.63,15040.53,62888.01,23.41
2019-10-07T18:00+02:00,-484.74,36308.98,13871.84,64444.28,23.41
2019-10-07T19:00+02:00,-665.95,36301.36,15253.46,66496.24,23.41
2019-10-07T20:00+02:00,-4420.93,36128.27,16922.62,63144.55,23.41
2019-10-07T21:00+02:00,-4264.57,33721.41,18488.86,59481.57,23.41
2019-10-07T22:00+02:00,-7254.35,30404.72,20351.56,55620.58,23.41
2019-10-07T23:00+02:00,-7005.6,25597.74,22385.66,51034.19,23.41
2019-10-08T00:00+02:00,-9663.39,23100.83,24399.57,47797.34,23.41
2019-10-08T01:00+02:00,-9498.29,21625.7,25986.46,46529.66,23.41
2019-10-08T02:00+02:00,-8788.6,19859.57,27510.44,45848.01,23.41
2019-10-08T03:00+02:00,-7153.12,17448,28746.2,46641.71,23.41
2019-10-08T04:00+02:00,-6648.51,17340.25,30042.77,48357.63,23.41
2019-10-08T05:00+02:00,-7793.43,19625.51,31049.16,52599.19,23.41
2019-10-08T06:00+02:00,-8845.62,25079.63,32763.43,60553.31,23.41
2019-10-08T07:00+02:00,-8982.16,27389.58,34137.2,66842.77,23.41
2019-10-08T08:00+02:00,-10351.13,28068.86,34831.25,68841.19,23.41
2019-10-08T09:00+02:00,-9574.57,28631.18,35175.18,69407.87,23.41
2019-10-08T10:00+02:00,-9852.39,28761.55,36595.78,70078.2,23.41
2019-10-08T11:00+02:00,-9430.03,28941.41,37857.42,71287.65,23.41
2019-10-08T12:00+02:00,-8682.18,28598.78,37604.45,70410.84,23.41
2019-10-08T13:00+02:00,-8757.49,28944.67,36272.43,69507.91,23.41
2019-10-08T14:00+02:00,-8394.76,28976.76,34547.94,67966.99,23.41
2019-10-08T15:00+02:00,-7063.98,29135.93,32144.02,66738.99,23.41
2019-10-08T16:00+02:00,-5951.59,29503.68,30403.36,65625.04,23.41
2019-10-08T17:00+02:00,-6422.91,29705.32,28057.75,65853.63,23.41
2019-10-08T18:00+02:00,-5241.12,30066.72,26487.15,66722.6,23.41
2019-10-08T19:00+02:00,-4914.91,30319.01,27175.27,67839.59,23.41
2019-10-08T20:00+02:00,-8216.96,29239.53,28561.89,64054.42,23.41
2019-10-08T21:00+02:00,-8961.72,27130.57,29387.06,59987.56,23.41
2019-10-08T22:00+02:00,-10057.1,24683.07,30151.94,56292.15,23.41
2019-10-08T23:00+02:00,-9874.78,20268.93,30762.17,52254.58,23.41
2019-10-09T00:00+02:00,-10304.22,19216.91,31430.24,49587.27,23.41
2019-10-09T01:00+02:00,-9612.57,17306.55,31661.51,48078.34,23.41
2019-10-09T02:00+02:00,-8701.94,16441.3,31723.52,46980.88,23.41
2019-10-09T03:00+02:00,-7216.59,15566.79,32081.03,47704.74,23.41
2019-10-09T04:00+02:00,-6725.97,16090.65,32564.81,49802.7,23.41
2019-10-09T05:00+02:00,-7735.69,17852.01,32937.21,53587.02,23.41
2019-10-09T06:00+02:00,-8433.55,24046.54,33130.87,61030.51,23.41
2019-10-09T07:00+02:00,-7703.35,27597.26,32910.76,66483.1,23.41
2019-10-09T08:00+02:00,-8635.11,28355.19,32935.17,68224.32,23.41
2019-10-09T09:00+02:00,-8660.27,28271.11,34447.1,68490.58,23.41
2019-10-09T10:00+02:00,-8454.41,27703.98,36799.74,69677.12,23.41
2019-10-09T11:00+02:00,-9352.89,27190.14,39228.49,70852.71,23.41
2019-10-09T12:00+02:00,-8911.3,26607.4,38780.65,70210.3,23.41
2019-10-09T13:00+02:00,-7813.62,26850.04,37330.89,69467.09,23.41
2019-10-09T14:00+02:00,-7034.29,26969.5,34830.88,68145.91,23.41
2019-10-09T15:00+02:00,-5802.93,27000.03,32643.8,66832.67,22.59
2019-10-09T16:00+02:00,-5540.16,26607.53,30838.93,65309.47,22.32
2019-10-09T17:00+02:00,-5611.12,27121.78,29440.22,65056.9,22.32
2019-10-09T18:00+02:00,-5523.67,28384.92,29362.25,65988.2,22.32
2019-10-09T19:00+02:00,-4773.17,28287.69,30081.8,67160.9,22.32
2019-10-09T20:00+02:00,-6880.02,26490.57,30801.74,63712.96,22.32
2019-10-09T21:00+02:00,-8220.58,24236.72,31565.06,59973.62,22.32
2019-10-09T22:00+02:00,-8993.84,21453.04,31499.79,56356.42,22.32
2019-10-09T23:00+02:00,-9672.97,18521.37,32140.3,52052.4,22.32
2019-10-10T00:00+02:00,-9333.55,15711.24,31592.83,49195,22.32
2019-10-10T01:00+02:00,-8106.28,14281.49,31784.18,47692.14,22.32
2019-10-10T02:00+02:00,-7020.76,13466.75,32131.74,46799.97,22.32
2019-10-10T03:00+02:00,-6510.53,12992.23,33279.38,47450.25,22.32
2019-10-10T04:00+02:00,-6693.76,13481.79,33739.25,49066.95,22.32
2019-10-10T05:00+02:00,-7897.76,16000.58,33931.69,52777.2,22.32
2019-10-10T06:00+02:00,-8110.45,20974.55,34895.24,60613.19,22.32
2019-10-10T07:00+02:00,-6714.95,22758.66,35133.63,65979.95,22.32
2019-10-10T08:00+02:00,-5806.41,23241.22,35809.66,68018.7,22.32
2019-10-10T09:00+02:00,-8637.96,23573.98,37683.46,68852.73,22.32
2019-10-10T10:00+02:00,-10252.3,23327,40977.34,69964.98,22.32
2019-10-10T11:00+02:00,-10051.3,22265.47,44930.87,71006.06,22.32
2019-10-10T12:00+02:00,-11251.09,20804.36,48351.29,70401.02,22.32
2019-10-10T13:00+02:00,-11082.48,19572.65,49842.53,70241.68,22.32
2019-10-10T14:00+02:00,-11052.18,19675.87,49967.14,69097.88,22.32
2019-10-10T15:00+02:00,-10826.25,20369.59,47698.33,67787.17,22.32
2019-10-10T16:00+02:00,-9785.61,21575.85,42755.64,66337.82,22.32
2019-10-10T17:00+02:00,-7485.27,23152.65,36987.67,66153.44,22.32
2019-10-10T18:00+02:00,-4865.42,24064.81,33769.78,66946.08,22.32
2019-10-10T19:00+02:00,-5404.62,24357.8,34395.49,68420.15,22.32
2019-10-10T20:00+02:00,-6145.98,22891.06,36263.2,65447.47,22.32
2019-10-10T21:00+02:00,-9006.89,20635.72,37798.38,61960.78,22.32
2019-10-10T22:00+02:00,-9904.86,18395.98,37429.94,58224.27,22.32
2019-10-10T23:00+02:00,-10064.1,15264.51,37608.39,54521.33,22.32
2019-10-11T00:00+02:00,-8996.92,13176.52,37842.48,51315.18,22.32
2019-10-11T01:00+02:00,-9475.12,12330.64,37946.61,49517,22.32
2019-10-11T02:00+02:00,-9591.92,12260.78,38461.05,48624.62,22.32
2019-10-11T03:00+02:00,-9002.53,12245.59,38678.64,49065.18,22.32
2019-10-11T04:00+02:00,-8129.91,12323.2,39416.45,50542.37,22.32
2019-10-11T05:00+02:00,-6969.52,13107.3,39928.15,54110.16,22.32
2019-10-11T06:00+02:00,-6636.86,16360.47,41738.55,62038.98,22.32
2019-10-11T07:00+02:00,-6996.56,19284.39,42508.99,68091,22.32
2019-10-11T08:00+02:00,-7898.37,19225.33,44684.53,70494.71,22.32
2019-10-11T09:00+02:00,-10543.29,18539.47,47800.16,70870.47,22.32
2019-10-11T10:00+02:00,-10453.64,18100.09,49891.73,70960.61,22.32
2019-10-11T11:00+02:00,-9788.84,17177.29,52494.62,71431.06,23.3
2019-10-11T12:00+02:00,-9836.46,15372.59,54046.1,71040.2,23.62
2019-10-11T13:00+02:00,-8640.26,14339.14,54437.32,70045.84,23.62
2019-10-11T14:00+02:00,-9511.07,13887.36,54123.5,68186.21,23.62
2019-10-11T15:00+02:00,-8727.09,14131.26,51503.48,66628.68,23.62
2019-10-11T16:00+02:00,-9063.46,15437.25,48007.74,65565.98,23.62
2019-10-11T17:00+02:00,-8777.81,16819.69,44598.3,66154.01,23.62
2019-10-11T18:00+02:00,-9702.24,18141.41,42998.21,67479.89,23.62
2019-10-11T19:00+02:00,-9612.89,18281.47,43759.96,68119.14,23.62
2019-10-11T20:00+02:00,-10217.28,17451.06,44883.17,63994.96,23.62
2019-10-11T21:00+02:00,-11331.96,15002.08,45602.31,60135.02,23.62
2019-10-11T22:00+02:00,-11371.23,13122.17,44620.94,56885.02,23.62
2019-10-11T23:00+02:00,-11732.33,12052.23,44636.43,53171.99,23.62
2019-10-12T00:00+02:00,-11625.82,11240.51,44230.95,50043.1,23.62
2019-10-12T01:00+02:00,-11580.62,10946.24,43271.73,48101.8,23.62
2019-10-12T02:00+02:00,-12085.84,10929.68,42030.57,46882.4,23.62
2019-10-12T03:00+02:00,-11635.64,10829.48,41182.82,46469.05,23.62
2019-10-12T04:00+02:00,-11060.8,10892.94,40258.78,46585.77,23.62
2019-10-12T05:00+02:00,-10542.52,11053.8,39381.93,47349.61,23.62
2019-10-12T06:00+02:00,-10162.94,10691.63,38436.81,49003.76,23.62
2019-10-12T07:00+02:00,-10281.05,10966.98,38237.49,51631.17,23.62
2019-10-12T08:00+02:00,-9962.42,10976.64,39714.72,54404.47,23.62
2019-10-12T09:00+02:00,-11048.1,11111.42,44169.35,56569.5,23.62
2019-10-12T10:00+02:00,-11520.09,11218.01,48350.57,58204.61,23.62
2019-10-12T11:00+02:00,-11921.56,11057.34,51863.23,59232.22,23.62
2019-10-12T12:00+02:00,-12085.11,10970.56,52608.76,58620.47,23.62
2019-10-12T13:00+02:00,-12746.07,10955.8,50513.71,56286.82,23.62
2019-10-12T14:00+02:00,-12255.67,11429.26,45775.03,54749.53,23.62
2019-10-12T15:00+02:00,-10778.49,13639.09,39770.95,53347.5,23.62
2019-10-12T16:00+02:00,-8142.07,16051.73,32499.63,52949.36,23.62
2019-10-12T17:00+02:00,-3823.13,17757.62,26116.49,53389.58,23.62
2019-10-12T18:00+02:00,-564.85,18538.89,22510.24,55438.8,23.62
2019-10-12T19:00+02:00,-385.1,18736,22132.86,56078.41,23.62
2019-10-12T20:00+02:00,-2464.94,18513.12,22076.85,52754.22,23.62
2019-10-12T21:00+02:00,-4733.56,18509.38,22472.76,50042.92,23.62
2019-10-12T22:00+02:00,-6549.44,18321.16,22609.61,47735.92,23.62
2019-10-12T23:00+02:00,-7667.82,17898.21,22264.34,44628.88,23.62
2019-10-13T00:00+02:00,-7186.7,16124.44,21929.61,41918.07,23.62
2019-10-13T01:00+02:00,-6863.65,14331.65,20658.44,39741.44,23.62
2019-10-13T02:00+02:00,-6116.15,13680.41,19647.31,38308.29,23.62
2019-10-13T03:00+02:00,-5209.41,13368.69,18918.02,37682.52,23.62
2019-10-13T04:00+02:00,-5278.95,14083.94,18143.66,38017.03,23.62
2019-10-13T05:00+02:00,-5417.95,14834.24,18340.59,38599.32,23.62
2019-10-13T06:00+02:00,-5715.11,15728.49,18846.08,39870.68,23.62
2019-10-13T07:00+02:00,-5337.87,16079.57,19439.29,41713.87,23.62
2019-10-13T08:00+02:00,-5265.91,15851.62,22813.61,44652.96,23.62
2019-10-13T09:00+02:00,-5967.36,15214.97,27603.81,47928.4,23.62
2019-10-13T10:00+02:00,-6703.55,13994.09,31718.63,50141.9,23.62
2019-10-13T11:00+02:00,-7143.09,13470.1,35014.82,52011.82,23.62
2019-10-13T12:00+02:00,-7884.49,12370.82,37378.27,51845.29,23.62
2019-10-13T13:00+02:00,-8423.43,11963,38345.52,49299.1,23.62
2019-10-13T14:00+02:00,-7824.05,11246.38,38222.08,47845.45,23.62
2019-10-13T15:00+02:00,-7700.63,10813.94,36695.88,47539.29,23.62
2019-10-13T16:00+02:00,-7135.79,11613.71,34223,47889.02,23.62
2019-10-13T17:00+02:00,-7589.5,13342.35,32144.26,49890.43,23.62
2019-10-13T18:00+02:00,-9666.22,14789.15,34774.24,53875.27,23.62
2019-10-13T19:00+02:00,-11403.06,14451.29,38618.22,56795.68,23.62
2019-10-13T20:00+02:00,-10789.77,12103.98,40378.63,55114.69,23.62
2019-10-13T21:00+02:00,-11257.86,11683.67,41708.52,52872.02,23.62
2019-10-13T22:00+02:00,-11655.59,11710.24,40368.33,51437.02,23.62
2019-10-13T23:00+02:00,-11796.85,11624,39099.7,48392.13,23.62
2019-10-14T00:00+02:00,-11343.21,11818.03,37206,45876.3,23.62
2019-10-14T01:00+02:00,-10343.92,12186.33,35261.92,43974.82,23.62
2019-10-14T02:00+02:00,-9034.83,12319.2,33058.54,42910.29,23.62
2019-10-14T03:00+02:00,-7020.89,12557.94,31111.12,42658.58,23.62
2019-10-14T04:00+02:00,-6804.95,15164.88,28680.64,44444.31,23.62
2019-10-14T05:00+02:00,-5551.67,18884.06,25036.03,49380.86,23.62
2019-10-14T06:00+02:00,-1688.01,24432.69,22336.42,58054.24,23.62
2019-10-14T07:00+02:00,341.24,28757.16,19662.35,64275.85,23.62
2019-10-14T08:00+02:00,1395.2,30541.85,19916.48,66356.4,23.62
2019-10-14T09:00+02:00,321.74,29771.65,23388.93,66719.34,23.62
2019-10-14T10:00+02:00,-4253.55,30470.28,27165.39,67511.42,23.62
2019-10-14T11:00+02:00,-7163.1,31550.49,29841.68,67811.4,23.62
2019-10-14T12:00+02:00,-8578.83,31961.32,31321.45,67127.53,23.62
2019-10-14T13:00+02:00,-8097.15,31656.28,31042.13,66557.73,23.62
2019-10-14T14:00+02:00,-7421.79,31506.66,29088.3,64970.92,23.62
2019-10-14T15:00+02:00,-6043.41,31795.1,25815.31,63610.04,23.62
2019-10-14T16:00+02:00,-4906.68,32400.47,21363.45,62218.17,23.62
2019-10-14T17:00+02:00,-3592.22,33195.71,17422.76,63013.96,23.62
2019-10-14T18:00+02:00,-2708.57,33288.44,19653.1,65242.47,23.62
2019-10-14T19:00+02:00,-4571.86,32776.7,24895.85,67599.16,23.62
2019-10-14T20:00+02:00,-9219.56,32149.82,26602.55,63965.2,23.62
2019-10-14T21:00+02:00,-10080.74,30213.63,27515.29,59899.16,23.62
2019-10-14T22:00+02:00,-10857.47,28771.59,27719.1,55623.35,23.62
2019-10-14T23:00+02:00,-10708.26,26126.2,27437.78,51415.08,23.62
2019-10-15T00:00+02:00,-9901.11,24694.57,26519.24,48782.49,23.62
2019-10-15T01:00+02:00,-7229.68,22708.81,24669.62,47189.58,23.62
2019-10-15T02:00+02:00,-6429.1,21780.59,24359.24,46410.11,23.62
2019-10-15T03:00+02:00,-4638.74,21113.22,24029.34,47307.78,23.62
2019-10-15T04:00+02:00,-4249.71,21943.41,23302.84,48921.57,23.62
2019-10-15T05:00+02:00,-5672.87,26403.78,21482.29,52668.67,23.62
2019-10-15T06:00+02:00,-2842.53,30286.99,20991.65,60775.37,23.62
2019-10-15T07:00+02:00,-906.53,32670.6,19802.77,66142.62,23.62
2019-10-15T08:00+02:00,-261.21,33247.46,20316.16,67798.3,23.62
2019-10-15T09:00+02:00,-2257.18,32820.14,23133.61,67918.34,23.62
2019-10-15T10:00+02:00,-5770.07,33062.29,25689.6,67934.03,23.62
2019-10-15T11:00+02:00,-4423.05,33074.3,28124.54,68949.32,23.62
2019-10-15T12:00+02:00,-5564.31,32891.56,29110.2,68518.45,23.62
2019-10-15T13:00+02:00,-5307.96,32816.46,27754.99,67246.81,23.62
2019-10-15T14:00+02:00,-3853.68,32740.17,25942.07,65817.56,23.62
2019-10-15T15:00+02:00,-1316.25,32444.71,22513.63,65082.17,23.62
2019-10-15T16:00+02:00,42.52,32938.29,17768.99,64005.29,23.62
2019-10-15T17:00+02:00,3309.25,33260.6,13577.71,64906.1,23.62
2019-10-15T18:00+02:00,5050.17,33342.98,12465.72,67293.56,23.62
2019-10-15T19:00+02:00,4569.48,33750.47,12879,67875.93,23.62
2019-10-15T20:00+02:00,3002.6,33009.6,13434.91,63875.4,23.62
2019-10-15T21:00+02:00,1640.24,31692.94,14379.04,59257.95,23.62
2019-10-15T22:00+02:00,-1108.6,30241.75,15630.25,54881.3,23.62
2019-10-15T23:00+02:00,-3740.74,27713.69,16977.18,50669.39,23.62
2019-10-16T00:00+02:00,-3187.62,25051.36,18100.3,47688.74,23.62
2019-10-16T01:00+02:00,-3407.23,23394.27,19291.99,46085.22,23.62
2019-10-16T02:00+02:00,-3273.71,21677.28,20637.14,45560.15,23.62
2019-10-16T03:00+02:00,-3642.23,21065.33,22049.56,46050.45,23.62
2019-10-16T04:00+02:00,-3825.36,21965.54,22293.1,47653.33,23.62
2019-10-16T05:00+02:00,-4219.16,25151.79,21923.09,51486.41,23.62
2019-10-16T06:00+02:00,-2754.2,28519.76,22248.42,59887.4,23.62
2019-10-16T07:00+02:00,-1815.57,29874.27,23042.9,66059.16,23.62
2019-10-16T08:00+02:00,-2243.12,29970.59,24613.2,68711.74,23.62
2019-10-16T09:00+02:00,-4110.97,30016.87,28700.04,69061.95,23.62
2019-10-16T10:00+02:00,-5941.35,29615.14,33909.75,70301.26,23.62
2019-10-16T11:00+02:00,-7520.14,28308.18,38195.04,70820.06,23.62
2019-10-16T12:00+02:00,-10129.57,27999.69,40156.6,70034.4,23.62
2019-10-16T13:00+02:00,-10312.78,28075.64,39506.66,69058.89,23.62
2019-10-16T14:00+02:00,-9133.58,28090.55,36642.91,67808.72,23.62
2019-10-16T15:00+02:00,-7129.03,28578.4,33496.51,67136.48,23.62
2019-10-16T16:00+02:00,-4307.18,28342.67,29851.82,65949.37,23.62
2019-10-16T17:00+02:00,-2506.44,29331.95,25181.85,66038.06,23.62
2019-10-16T18:00+02:00,-3155.35,29903.3,24596.93,67851.84,23.62
2019-10-16T19:00+02:00,-3491.26,30675.49,26299.88,69070.8,23.62
2019-10-16T20:00+02:00,-6621.72,30136.23,28437.51,65973.58,23.62
2019-10-16T21:00+02:00,-8946.01,28576.59,29560.93,61293.25,23.62
2019-10-16T22:00+02:00,-8991.36,26923.55,29426.65,57423.54,23.62
2019-10-16T23:00+02:00,-10833.83,24899.95,28856.14,52777.78,23.62
2019-10-17T00:00+02:00,-11076.68,23141.62,28113.99,49631.12,23.62
2019-10-17T01:00+02:00,-10840.31,22941.73,27781.63,47547.55,23.62
2019-10-17T02:00+02:00,-9999.4,21942.73,26836.24,46672.04,23.62
2019-10-17T03:00+02:00,-8960.97,21770.85,26362.45,46435.66,23.62
2019-10-17T04:00+02:00,-7980.9,22753.22,25813.83,47904.19,23.62
2019-10-17T05:00+02:00,-8930.77,26177.25,25517.14,51473.68,23.62
2019-10-17T06:00+02:00,-7126.45,30369.02,25660.75,59425.39,23.62
2019-10-17T07:00+02:00,-6193.98,32529.92,25684.44,65956.79,23.62
2019-10-17T08:00+02:00,-6926.31,33056.03,25987.04,67964.63,23.62
2019-10-17T09:00+02:00,-7755.5,33382.18,27054.68,68403.93,23.62
2019-10-17T10:00+02:00,-6722.69,33368.58,28672.98,69552.79,23.62
2019-10-17T11:00+02:00,-6545.86,33500.19,30301.49,70548.02,23.62
2019-10-17T12:00+02:00,-5775.86,31878.5,31248.06,69951.04,23.62
2019-10-17T13:00+02:00,-5463.47,30786.71,31589.49,68859.95,23.62
2019-10-17T14:00+02:00,-4881.58,30867.51,29378.29,67440.04,23.62
2019-10-17T15:00+02:00,-4028.39,32158,25061.8,65859.65,23.62
2019-10-17T16:00+02:00,-1417.32,33379.66,19169.74,64632.54,23.62
2019-10-17T17:00+02:00,1417.59,33935.3,14532.82,65072.98,23.62
2019-10-17T18:00+02:00,2937.57,34195.87,13426.15,67004.11,23.62
2019-10-17T19:00+02:00,1623.69,34271.19,14929,67248.69,23.62
2019-10-17T20:00+02:00,42.32,33147.16,17056.17,64021.89,23.62
2019-10-17T21:00+02:00,-2925.14,31650.93,18595.8,59905.96,23.62
2019-10-17T22:00+02:00,-4993.88,29829.43,19420.91,55846.4,23.62
2019-10-17T23:00+02:00,-6553.1,27336.07,19717.6,51812.55,23.62
2019-10-18T00:00+02:00,-5715.01,24444.4,19256.03,48427.25,23.62
2019-10-18T01:00+02:00,-4445.54,23218.5,18919.94,46609.64,23.62
2019-10-18T02:00+02:00,-3362.72,22718.35,18706.73,45200.12,23.62
2019-10-18T03:00+02:00,-3281.39,23007.98,19070.36,45355.21,23.62
2019-10-18T04:00+02:00,-3272.72,23349.94,19785.07,47034.02,23.62
2019-10-18T05:00+02:00,-4020.04,25233.02,21393.76,51161.21,23.62
2019-10-18T06:00+02:00,-2555.47,27310.78,22961.24,59498.84,23.62
2019-10-18T07:00+02:00,-2145.23,28382.25,25095.6,65759.59,23.62
2019-10-18T08:00+02:00,-2534.72,28462.98,27981.13,68056.91,23.62
2019-10-18T09:00+02:00,-5781.17,28359.42,31716.15,69178.74,23.62
2019-10-18T10:00+02:00,-8701.65,28506.64,36341.05,69709.05,23.62
2019-10-18T11:00+02:00,-9628.24,27219.96,40986.11,70708.46,25.14
2019-10-18T12:00+02:00,-10535.93,24937.16,43312.65,70320.54,25.64
2019-10-18T13:00+02:00,-10489.32,23630.81,44137.34,68615.15,25.64
2019-10-18T14:00+02:00,-10392.75,22635.8,45976.41,66463,25.64
2019-10-18T15:00+02:00,-10048.99,21569.83,44703.2,65790.58,25.64
2019-10-18T16:00+02:00,-9943.19,21816.62,42532.51,65228.72,25.64
2019-10-18T17:00+02:00,-10854.99,24217.69,39307.36,66140.66,25.64
2019-10-18T18:00+02:00,-9209.62,25342.54,37196.11,68066.35,25.64
2019-10-18T19:00+02:00,-8162.44,25448.59,36260.54,68056.34,25.64
2019-10-18T20:00+02:00,-9169.39,24413.35,35810.01,63480.68,25.64
2019-10-18T21:00+02:00,-8537.72,22166.09,34610.74,58952.07,25.64
2019-10-18T22:00+02:00,-8884.05,20829.5,32854.25,55495.79,25.64
2019-10-18T23:00+02:00,-8862.57,19158.36,31309.1,51563.64,25.64
2019-10-19T00:00+02:00,-9455.3,17933.06,29698.45,48138.09,25.64
2019-10-19T01:00+02:00,-7854.48,17074.93,28839.8,46268.82,25.64
2019-10-19T02:00+02:00,-7368.67,16359.57,29270.07,44697.13,25.64
2019-10-19T03:00+02:00,-7345.45,15550.34,29307.38,44343.78,25.64
2019-10-19T04:00+02:00,-6201.59,15255.37,29537,45176.12,25.64
2019-10-19T05:00+02:00,-7163.95,15493.28,29593.6,45984.28,25.64
2019-10-19T06:00+02:00,-7999,16680.44,29762.34,47889.54,25.64
2019-10-19T07:00+02:00,-7214.91,18375.35,29004.97,50594.28,25.64
2019-10-19T08:00+02:00,-7274.83,20772.46,29138.44,53307.5,25.64
2019-10-19T09:00+02:00,-7383.86,21901.66,31248.36,56157.56,25.64
2019-10-19T10:00+02:00,-7648.24,21923.17,32980.41,57686.58,25.64
2019-10-19T11:00+02:00,-9980.06,22651.79,34297.05,58570.02,25.64
2019-10-19T12:00+02:00,-9702.71,22593.67,34667.25,57715.68,25.64
2019-10-19T13:00+02:00,-10207.91,22054.82,33465.09,56055.3,25.64
2019-10-19T14:00+02:00,-9026.09,21924.01,31113.39,54631.68,25.64
2019-10-19T15:00+02:00,-7520.26,21710.7,28587.49,53799.22,25.64
2019-10-19T16:00+02:00,-5185.76,21851.33,25913.89,53602.3,25.64
2019-10-19T17:00+02:00,-2263.12,22244.85,23543.23,55055.34,25.64
2019-10-19T18:00+02:00,-2993.1,22726.21,23900.92,58283.32,25.64
2019-10-19T19:00+02:00,-4519.91,22584.79,24921.38,58227.83,25.64
2019-10-19T20:00+02:00,-5585.02,21762.61,24450.69,54595.24,25.64
2019-10-19T21:00+02:00,-7782.23,22216.77,24400.35,51580.01,25.64
2019-10-19T22:00+02:00,-9001.21,22296.02,23876.57,49223.6,25.64
2019-10-19T23:00+02:00,-9830.07,21866.61,23087.45,45941.76,25.64
2019-10-20T00:00+02:00,-8547.88,19553.18,21991.77,42742.66,25.64
2019-10-20T01:00+02:00,-7209.3,18337.97,20814.75,40546.54,25.64
2019-10-20T02:00+02:00,-6672.22,18750.45,19655.27,39388.97,25.64
2019-10-20T03:00+02:00,-4778.99,18949.93,18274.49,38867.64,25.64
2019-10-20T04:00+02:00,-2223.61,18924.41,16006.42,39166.91,25.64
2019-10-20T05:00+02:00,-1821.84,19114.35,14728.31,39111.34,25.64
2019-10-20T06:00+02:00,-1503.61,19152.9,13703.48,39504.96,25.64
2019-10-20T07:00+02:00,-1761.83,20175.8,13210.24,41310.42,25.64
2019-10-20T08:00+02:00,-2380.08,21795.57,14113.71,44337.02,25.64
2019-10-20T09:00+02:00,-2993,22635.14,15988.12,47342.26,25.64
2019-10-20T10:00+02:00,-3797.82,23029.5,18733.47,49755.73,25.64
2019-10-20T11:00+02:00,-4217.27,23525.41,20897.82,51853.83,25.64
2019-10-20T12:00+02:00,-5766.41,23863.36,21651.25,51546.93,25.64
2019-10-20T13:00+02:00,-5784.08,23498.67,21517.9,49634.94,25.64
2019-10-20T14:00+02:00,-4949.97,23342.76,20001.29,48137.94,25.64
2019-10-20T15:00+02:00,-4317.15,23733,17598.72,47711.65,25.64
2019-10-20T16:00+02:00,-1586.58,24375.22,14824.15,47918.14,25.64
2019-10-20T17:00+02:00,817.37,25250.39,12349.11,49962.82,25.64
2019-10-20T18:00+02:00,-413.37,25866.49,12168.64,53251.88,25.64
2019-10-20T19:00+02:00,-1642.07,26160.31,12968.39,53991.98,25.64
2019-10-20T20:00+02:00,-2140.24,25733.43,12822.99,51804.32,25.64
2019-10-20T21:00+02:00,-856.54,25232.16,12784.79,49472.25,25.64
2019-10-20T22:00+02:00,-699.45,24729.92,13072.63,47707.36,25.64
2019-10-20T23:00+02:00,-2628.01,23856.49,14164.81,44327.45,25.64
2019-10-21T00:00+02:00,-2588.53,23110.15,14830.62,42023.32,25.64
2019-10-21T01:00+02:00,-3240.04,22361.34,15424.29,41104.11,25.64
2019-10-21T02:00+02:00,-2393.61,21628.99,15584.32,40104.79,25.64
2019-10-21T03:00+02:00,-1697.76,21441.07,15684.35,40462.24,25.64
2019-10-21T04:00+02:00,-2039.16,22385.5,15694.59,42310.98,25.64
2019-10-21T05:00+02:00,-3241.02,25706.72,16358.4,47781.01,25.64
2019-10-21T06:00+02:00,-2712.42,31015.65,15736.94,57602.1,25.64
2019-10-21T07:00+02:00,-2431.59,33512.3,16010.2,64432.29,25.64
2019-10-21T08:00+02:00,-183.82,34145.04,17657.38,66893.27,25.64
2019-10-21T09:00+02:00,-3566.37,34973.57,20006.63,67396.75,25.64
2019-10-21T10:00+02:00,-6172.42,35515.13,22448.17,68255.76,25.64
2019-10-21T11:00+02:00,-3602.66,35065.46,24153.85,68939.41,25.64
2019-10-21T12:00+02:00,-3824.35,34947.48,25509.49,68571.4,25.64
2019-10-21T13:00+02:00,-4797.45,35122.49,24610.44,68337.91,25.64
2019-10-21T14:00+02:00,-4770.44,35328.3,22160.7,66732.55,25.64
2019-10-21T15:00+02:00,-2195.68,35717.71,19090.18,65361.19,25.64
2019-10-21T16:00+02:00,-644.71,35925.49,15481.77,63757.7,25.64
2019-10-21T17:00+02:00,1204.35,36555.53,12573.39,64085.04,25.64
2019-10-21T18:00+02:00,1367.98,37078.78,12320.77,66607.17,25.64
2019-10-21T19:00+02:00,1038.73,37311.19,12737.12,66791.92,25.64
2019-10-21T20:00+02:00,-978.06,37240.31,13188.52,63244.45,25.64
2019-10-21T21:00+02:00,-3644,36693.22,13998.57,59172.22,25.64
2019-10-21T22:00+02:00,-4381.09,34383.96,14933.04,55786.42,25.64
2019-10-21T23:00+02:00,-5649.68,32474.1,15236.99,51328.54,25.64
2019-10-22T00:00+02:00,-6692.35,30777.65,15360.6,47793.01,25.64
2019-10-22T01:00+02:00,-4746.49,28508.71,15509.93,46183.38,25.64
2019-10-22T02:00+02:00,-3866.58,27116.57,14971.98,44918.95,25.64
2019-10-22T03:00+02:00,-2991.47,27113.86,14542.79,45316.03,25.64
2019-10-22T04:00+02:00,-1945.06,27894.54,14554.34,46799.3,25.64
2019-10-22T05:00+02:00,-1573.9,30675.14,14719.88,51126.9,25.64
2019-10-22T06:00+02:00,-1515.16,35371.15,14720.47,59890.08,25.64
2019-10-22T07:00+02:00,-1387.97,38023.86,14642.78,65851.48,25.64
2019-10-22T08:00+02:00,-1047.34,38666.8,15638.55,67356.53,25.64
2019-10-22T09:00+02:00,-4031.82,38408.37,18648.08,67266.48,25.64
2019-10-22T10:00+02:00,-6300.37,37607.29,21025.33,68155.83,25.64
2019-10-22T11:00+02:00,-7694.64,36968.01,23894.05,68803.14,25.64
2019-10-22T12:00+02:00,-5321.31,36040.84,25260.77,67855.32,25.64
2019-10-22T13:00+02:00,-2980.92,35387.53,24994.42,67632.61,25.64
2019-10-22T14:00+02:00,-3398.58,35568.68,24384.5,66155.4,25.64
2019-10-22T15:00+02:00,-4145.1,35958.88,22234.93,65257.81,25.64
2019-10-22T16:00+02:00,-949.12,35901.25,18695.7,64223.72,25.64
2019-10-22T17:00+02:00,1048.23,37061.99,14953.58,64742.22,25.64
2019-10-22T18:00+02:00,1809.38,37861.84,13987.66,67476.91,25.64
2019-10-22T19:00+02:00,712.7,38106.39,14428.75,68038.97,25.64
2019-10-22T20:00+02:00,-2554.41,37065.7,14577.99,64068.1,25.64
2019-10-22T21:00+02:00,-1339.73,34998.05,15037.85,59982.44,25.64
2019-10-22T22:00+02:00,-2605.14,32753.81,15091.73,55886.01,25.64
2019-10-22T23:00+02:00,-3334.02,30909.88,14703.99,51208.89,25.64
2019-10-23T00:00+02:00,-3084.11,28870.16,14190.92,47885.8,25.64
2019-10-23T01:00+02:00,-296.81,26550.87,13510.52,45827.02,25.64
2019-10-23T02:00+02:00,631.2,25587.36,13156.95,44886.6,25.64
2019-10-23T03:00+02:00,1723.47,25255.45,12851.7,45297.8,25.64
2019-10-23T04:00+02:00,2107.82,25543.46,12802.14,46963.35,25.64
2019-10-23T05:00+02:00,1443.65,28616.86,12852.61,51090.07,25.64
2019-10-23T06:00+02:00,1684.29,33545.89,13039.72,59809.63,25.64
2019-10-23T07:00+02:00,1070.19,36129.2,13364.63,65927.75,25.64
2019-10-23T08:00+02:00,2160.7,37136.98,13944.97,67484.15,25.64
2019-10-23T09:00+02:00,1071.42,37592.54,15812.08,67488.91,25.64
2019-10-23T10:00+02:00,-318.77,37674.26,18210.33,67943.06,25.64
2019-10-23T11:00+02:00,-2183.8,37813.11,20470.62,68734.86,25.64
2019-10-23T12:00+02:00,-3234.09,37688.51,22102.05,67897.74,25.64
2019-10-23T13:00+02:00,-2923.12,36911.17,22959.12,67243.5,25.64
2019-10-23T14:00+02:00,-3912.47,36623.21,22396.07,65934.11,25.64
2019-10-23T15:00+02:00,-4189.45,37124.13,20311.2,64510.09,25.64
2019-10-23T16:00+02:00,-3014.67,37465.68,16704.43,63466.61,25.64
2019-10-23T17:00+02:00,-893.86,37889.92,13981.23,64229.82,25.64
2019-10-23T18:00+02:00,-1660.6,38022.16,16343.41,67387.63,25.64
2019-10-23T19:00+02:00,-4255.43,37530.57,19986,67850.95,25.64
2019-10-23T20:00+02:00,-6217.35,35327.01,21302.78,64246.27,25.64
2019-10-23T21:00+02:00,-5858.06,32650.58,21828.38,60381.74,25.64
2019-10-23T22:00+02:00,-6037.16,30382.53,20989.95,56522.99,25.64
2019-10-23T23:00+02:00,-6355.35,27769.37,20061.49,51710.18,25.64
2019-10-24T00:00+02:00,-5881.32,26410.64,18647.92,48246.32,25.64
2019-10-24T01:00+02:00,-5087.03,25763.72,17282.59,46037.26,25.64
2019-10-24T02:00+02:00,-2840.28,24717.35,16123.44,44763.97,25.64
2019-10-24T03:00+02:00,-828.78,24356.72,15205.76,45044.82,25.64
2019-10-24T04:00+02:00,-189.39,25514.43,15284.25,46946.38,25.64
2019-10-24T05:00+02:00,-865.67,27649.22,15397.02,50825.8,25.64
2019-10-24T06:00+02:00,886.58,31650.73,16133.74,59712.9,25.64
2019-10-24T07:00+02:00,1436.75,33498.6,16540.93,66284.03,25.64
2019-10-24T08:00+02:00,626.61,34340.31,17284.62,68395.4,25.64
2019-10-24T09:00+02:00,122.11,34307.97,18634.68,68467.61,25.64
2019-10-24T10:00+02:00,-626.03,34116.11,19883.01,68661.8,25.64
2019-10-24T11:00+02:00,-894.71,33961.79,22202.63,69072.68,25.64
2019-10-24T12:00+02:00,-585.72,33095.1,24929.62,68630.73,25.64
2019-10-24T13:00+02:00,-1126.75,31787.17,26082.78,68387.6,25.64
2019-10-24T14:00+02:00,-1182.35,30924.11,26166.7,66995.28,25.64
2019-10-24T15:00+02:00,-712.85,30765.54,24158.61,65655.44,25.64
2019-10-24T16:00+02:00,-722.23,31611.92,20300.14,64407.69,25.64
2019-10-24T17:00+02:00,796.37,32846.61,18055.29,65033,25.64
2019-10-24T18:00+02:00,227.51,33061.08,20617.28,68523.76,25.64
2019-10-24T19:00+02:00,-2467.29,32528.06,23278.14,68832.25,25.64
2019-10-24T20:00+02:00,-3242.09,29231.09,25760.13,65147.9,25.64
2019-10-24T21:00+02:00,-4748.41,25567.61,28096.98,60950.28,25.64
2019-10-24T22:00+02:00,-7133.39,22550.23,29569.03,56851.56,25.64
2019-10-24T23:00+02:00,-7665.58,20007.15,30349.98,52674.33,25.64
2019-10-25T00:00+02:00,-9663.82,20168.27,30360.61,49198.23,25.64
2019-10-25T01:00+02:00,-8583.9,19487.57,30303.97,47640.42,25.64
2019-10-25T02:00+02:00,-7292.5,18003.75,29478.37,46068.34,25.64
2019-10-25T03:00+02:00,-6422.26,17966.89,28227.26,46326.14,25.64
2019-10-25T04:00+02:00,-5725.81,19065.24,27809.7,48306.05,25.64
2019-10-25T05:00+02:00,-5484.97,21567.46,27979.89,52295.5,25.64
2019-10-25T06:00+02:00,-4156.69,24758.95,29496.8,60650.87,25.64
2019-10-25T07:00+02:00,-3383.81,26624.65,30203.44,67403.48,25.64
2019-10-25T08:00+02:00,-3927.56,27149.82,31334.63,69476.48,25.64
2019-10-25T09:00+02:00,-4208.17,25270.27,33985.77,69751.13,25.64
2019-10-25T10:00+02:00,-7752.34,25502.72,38171.79,70162.8,25.64
2019-10-25T11:00+02:00,-8475.34,24298.27,42656.74,70638.82,25.06
2019-10-25T12:00+02:00,-9116.88,22610.87,44729.64,69324.23,24.86
2019-10-25T13:00+02:00,-8248.39,22565.22,44219.27,67035.64,24.86
2019-10-25T14:00+02:00,-7421.03,21697.94,40976.14,65032.02,24.86
2019-10-25T15:00+02:00,-5153.47,21600.12,35196.27,63773.3,24.86
2019-10-25T16:00+02:00,-2171.08,24088.64,28324.72,62899.84,24.86
2019-10-25T17:00+02:00,-26.23,25302.05,22772.73,63806.32,24.86
2019-10-25T18:00+02:00,606.53,25798.56,23462.21,66859.34,24.86
2019-10-25T19:00+02:00,-359.27,24592.86,27054.28,66836.26,24.86
2019-10-25T20:00+02:00,-4632.05,22633.96,30072.36,63140.89,24.86
2019-10-25T21:00+02:00,-8059.35,20949.49,32619.1,59134.12,24.86
2019-10-25T22:00+02:00,-8290.11,17677.77,34184.06,56402.8,24.86
2019-10-25T23:00+02:00,-8127.64,13755.19,34966.77,52088.35,24.86
2019-10-26T00:00+02:00,-10379.8,11909.37,36207.47,49140.72,24.86
2019-10-26T01:00+02:00,-10532.6,11272.3,36466.96,47224.33,24.86
2019-10-26T02:00+02:00,-10210.38,11284.93,36175.76,45886.34,24.86
2019-10-26T03:00+02:00,-9287.19,11433.33,35819.82,45997.92,24.86
2019-10-26T04:00+02:00,-8333.49,11478.06,35977.27,46527.96,24.86
2019-10-26T05:00+02:00,-8048.2,11603.32,36385.03,47567.48,24.86
2019-10-26T06:00+02:00,-8800.23,11649.93,37566.12,49677.75,24.86
2019-10-26T07:00+02:00,-9384.88,12892.78,37524.91,52573.36,24.86
2019-10-26T08:00+02:00,-9794.92,13983.32,38477.94,55512.99,24.86
2019-10-26T09:00+02:00,-11561.49,14083.49,41345.99,58046.06,24.86
2019-10-26T10:00+02:00,-12537.98,13296.76,45446.96,59073.51,24.86
2019-10-26T11:00+02:00,-13453.02,11774.97,48836.39,59917.53,24.86
2019-10-26T12:00+02:00,-12923.6,11149.6,51133.81,58942.18,24.86
2019-10-26T13:00+02:00,-12428.28,10726.14,51580.86,57390.29,24.86
2019-10-26T14:00+02:00,-13053.94,10562.76,49694.5,55554.61,24.86
2019-10-26T15:00+02:00,-12148.1,10796.55,45003.2,54294.5,24.86
2019-10-26T16:00+02:00,-10670.68,12618.66,38887.55,53633.98,24.86
2019-10-26T17:00+02:00,-8475.25,14421.92,35056.71,55555.9,24.86
2019-10-26T18:00+02:00,-7629.32,15019.29,36357.13,59549.84,24.86
2019-10-26T19:00+02:00,-11187.91,14797.35,38462.48,59392.24,24.86
2019-10-26T20:00+02:00,-13049.33,13720.9,40401.55,55870.85,24.86
2019-10-26T21:00+02:00,-12203.71,11406.57,41426.64,53038.17,24.86
2019-10-26T22:00+02:00,-13204.56,11062.34,40758.03,50755.74,24.86
2019-10-26T23:00+02:00,-12669.22,10608.94,41635.27,47793.05,24.86
2019-10-27T00:00+02:00,-12592.82,9960.14,40554.64,45301.14,24.86
2019-10-27T01:00+02:00,-12353.71,9673.87,39189.37,43044.41,24.86
2019-10-27T02:00+02:00,-12689.23,9464.51,38927.29,41795.85,24.86
2019-10-27T02:00+01:00,-12502.91,9121.76,38286.52,41113.2,24.86
2019-10-27T03:00+01:00,-12551.77,9333.51,38778.64,41183.32,24.86
2019-10-27T04:00+01:00,-12391.9,9440.19,38150.95,41667.98,24.86
2019-10-27T05:00+01:00,-12347,9890.25,37876.83,41972.26,24.86
2019-10-27T06:00+01:00,-11522.05,9954.86,36873.94,43155.36,24.86
2019-10-27T07:00+01:00,-11808.45,10089.39,37047.32,45974.78,24.86
2019-10-27T08:00+01:00,-12767.14,10566.28,38367.74,48954.26,24.86
2019-10-27T09:00+01:00,-13458.76,11682.32,39830.68,51525.44,24.86
2019-10-27T10:00+01:00,-11930.45,11937.49,40873.53,53256.05,24.86
2019-10-27T11:00+01:00,-12183.97,13080.63,40863.97,54657.3,24.86
2019-10-27T12:00+01:00,-11415.1,14028.57,38789.82,54156.98,24.86
2019-10-27T13:00+01:00,-10452.65,14801.19,35009.4,52105.87,24.86
2019-10-27T14:00+01:00,-8180.64,15935.46,30946.57,50770.14,24.86
2019-10-27T15:00+01:00,-5783.4,17176.61,26679.18,50081.2,24.86
2019-10-27T16:00+01:00,-3605.91,18489.59,23559.44,51269.83,24.86
2019-10-27T17:00+01:00,-3652.74,19879.38,24093.78,56155.36,24.86
2019-10-27T18:00+01:00,-6442.81,21048.4,25847.96,58161.27,24.86
2019-10-27T19:00+01:00,-7368.61,21236.37,27530.08,56217.2,24.86
2019-10-27T20:00+01:00,-10717.25,20890.58,28483.24,53537.56,24.86
2019-10-27T21:00+01:00,-11403.86,20261.44,28694.02,51582.42,24.86
2019-10-27T22:00+01:00,-10263.05,19941.46,28458.46,50398.21,24.86
2019-10-27T23:00+01:00,-10339.03,15820.83,28680.22,47431.85,24.86
2019-10-28T00:00+01:00,-9720.43,19357.11,28789.55,45756.14,24.86
2019-10-28T01:00+01:00,-8628.02,18221.92,28640.81,45233.66,24.86
2019-10-28T02:00+01:00,-8345.77,17633.88,28282.21,44969.91,24.86
2019-10-28T03:00+01:00,-8546.22,18496.52,27648.29,45474.98,24.86
2019-10-28T04:00+01:00,-8765.07,20957.51,26658.96,47338.78,24.86
2019-10-28T05:00+01:00,-8884.09,24228.99,25876.27,52308.95,24.86
2019-10-28T06:00+01:00,-6629.44,29089.03,25119.07,61188.65,24.86
2019-10-28T07:00+01:00,-5864.14,32714.68,24517.93,66757.55,24.86
2019-10-28T08:00+01:00,-7565.44,34916.06,24727.53,68014.66,24.86
2019-10-28T09:00+01:00,-7263.89,35313.23,25330.72,67868.27,24.86
2019-10-28T10:00+01:00,-6293.07,34934.65,27202.55,68638.56,24.86
2019-10-28T11:00+01:00,-6874.4,35399.91,28598.14,69418.29,24.86
2019-10-28T12:00+01:00,-6820.68,35514.96,27689.13,68748.16,24.86
2019-10-28T13:00+01:00,-6143.55,36555.49,25761.62,67927.59,24.86
2019-10-28T14:00+01:00,-6064.42,38472.34,22349.86,66848.07,24.86
2019-10-28T15:00+01:00,-4279.79,39127.38,17674.32,65434.04,24.86
2019-10-28T16:00+01:00,-3409.53,39200.98,14698.21,65036.98,24.86
2019-10-28T17:00+01:00,-2114.62,39722.32,14549.74,68673.67,24.86
2019-10-28T18:00+01:00,-2442.38,39886.6,14885.57,69425.66,24.86
2019-10-28T19:00+01:00,-2229.79,39368.71,15435.21,67335.49,24.86
2019-10-28T20:00+01:00,-4513.09,39329.11,14981.78,63200.77,24.86
2019-10-28T21:00+01:00,-5415.45,38343.55,14191.25,58936.9,24.86
2019-10-28T22:00+01:00,-5645.16,36065.9,13654.31,55510.84,24.86
2019-10-28T23:00+01:00,-6250.34,33391.68,13220.59,51074.85,24.86
2019-10-29T00:00+01:00,-6746.61,32696.8,12873.95,48676.21,24.86
2019-10-29T01:00+01:00,-6685.15,31864.35,12605.25,47256.44,24.86
2019-10-29T02:00+01:00,-6150.23,31067.57,13060.27,46858.37,24.86
2019-10-29T03:00+01:00,-4453.05,30413.52,13336.17,47298.98,24.86
2019-10-29T04:00+01:00,-2850.89,31003.78,13580.85,49105.08,24.86
2019-10-29T05:00+01:00,-3619.3,33572.49,13719.5,52459.95,24.86
2019-10-29T06:00+01:00,-3855.94,37097.31,13930.18,60929.58,24.86
2019-10-29T07:00+01:00,-3703.27,38958.56,14718.55,66207.94,24.86
2019-10-29T08:00+01:00,-3334.09,39884.12,16481.76,68341.06,24.86
2019-10-29T09:00+01:00,-5069.39,40030.53,18236.83,68637.11,24.86
2019-10-29T10:00+01:00,-5795.73,39758.12,19726.11,69165.64,24.86
2019-10-29T11:00+01:00,-5420.3,39380.95,21253.46,69753.6,24.86
2019-10-29T12:00+01:00,-5518.86,39395.53,20883.13,69036.45,24.86
2019-10-29T13:00+01:00,-4816.97,39348.23,19684.97,68403.68,24.86
2019-10-29T14:00+01:00,-3933.61,39438.58,17374.82,67183.94,24.86
2019-10-29T15:00+01:00,-1828.74,39776.42,14321.71,66588.63,24.86
2019-10-29T16:00+01:00,-422.5,40106.04,11836.32,66323.76,24.86
2019-10-29T17:00+01:00,-1486.04,40304.88,12756.89,69724.33,24.86
2019-10-29T18:00+01:00,-1524.66,40432.4,14490.41,70259.52,24.86
2019-10-29T19:00+01:00,-1607.43,39952.7,14877.82,68050.98,24.86
2019-10-29T20:00+01:00,-4525.37,39512.18,15162.88,63937.27,24.86
2019-10-29T21:00+01:00,-4911.31,37828.64,15238.98,60333.12,24.86
2019-10-29T22:00+01:00,-5297.14,35547.63,14799,56772.25,24.86
2019-10-29T23:00+01:00,-5890.68,33367.84,14483.67,52544.14,24.86
2019-10-30T00:00+01:00,-3812.29,31300.22,13969.9,49493.57,24.86
2019-10-30T01:00+01:00,-3596.7,30877.99,13336.9,48316.15,24.86
2019-10-30T02:00+01:00,-2863.48,30384.69,12817.78,47525.1,24.86
2019-10-30T03:00+01:00,-1308.92,29632.69,12380.82,47985.18,24.86
2019-10-30T04:00+01:00,-710.82,30430.09,12322.77,49547.52,24.86
2019-10-30T05:00+01:00,-1096.31,33108.75,12412.16,53120.8,24.86
2019-10-30T06:00+01:00,-1378.41,37217.91,12487.19,61152.04,24.86
2019-10-30T07:00+01:00,-735,38312.27,13641.54,65643.67,24.86
2019-10-30T08:00+01:00,-1864.66,38255.81,17172.62,67688.52,24.86
2019-10-30T09:00+01:00,-5628.2,37771.88,20793.15,67660.59,24.86
2019-10-30T10:00+01:00,-6869.47,37471.26,23053.66,68253.7,24.86
2019-10-30T11:00+01:00,-7189.11,37826.74,24143.42,68814.84,24.86
2019-10-30T12:00+01:00,-6866.14,37870.71,23425.55,68291.4,24.86
2019-10-30T13:00+01:00,-5405.84,38291.62,21412.09,67720.3,24.86
2019-10-30T14:00+01:00,-2996.1,38411.22,18110.26,66710.9,24.86
2019-10-30T15:00+01:00,-923.62,38678.01,14476.52,65703.98,24.86
2019-10-30T16:00+01:00,810.09,38973.76,12068.62,65451.03,24.86
2019-10-30T17:00+01:00,1904.04,39129.37,12593.34,68918.18,24.86
2019-10-30T18:00+01:00,458.47,39103.98,13798.82,68829.61,24.86
2019-10-30T19:00+01:00,-776.4,38956.11,14585.74,67079.69,24.86
2019-10-30T20:00+01:00,-2758.2,37856.68,15444.39,63492.49,24.86
2019-10-30T21:00+01:00,-2735.3,35256.83,15805.87,60315.22,24.86
2019-10-30T22:00+01:00,-2695.02,32618.31,15445.79,56533.9,24.86
2019-10-30T23:00+01:00,-2549.12,30701.26,15012.56,52685.38,24.86
2019-10-31T00:00+01:00,-5447.35,30093.29,14554.21,49349.16,24.86
2019-10-31T01:00+01:00,-3380.99,28812.84,13990.47,47629.57,24.86
2019-10-31T02:00+01:00,-2172.93,28455.77,13444.94,47220.72,24.86
2019-10-31T03:00+01:00,-1451.91,28714.8,13077.7,47715.05,24.86
2019-10-31T04:00+01:00,-1349.45,29016.48,13129.19,48482.1,24.86
2019-10-31T05:00+01:00,-3159.01,30877.33,13430.59,50678.38,24.86
2019-10-31T06:00+01:00,-2544.29,33699.12,13856.2,55908.6,24.86
2019-10-31T07:00+01:00,-5002.13,35389.89,15380.02,60139.78,24.86
2019-10-31T08:00+01:00,-7262.6,35418.46,19523.68,62798.9,24.86
2019-10-31T09:00+01:00,-8620.09,35267.69,23956.32,63633.02,24.86
2019-10-31T10:00+01:00,-8718.96,34334.71,27016.11,64105.3,24.86
2019-10-31T11:00+01:00,-9373.31,33793.71,28797.11,64600,24.86
2019-10-31T12:00+01:00,-10075.42,32904.95,29004.54,63556.55,24.86
2019-10-31T13:00+01:00,-9252.12,33127.42,27053.08,62500.88,24.86
2019-10-31T14:00+01:00,-7993.11,34137.4,22688.46,61116.38,24.86
2019-10-31T15:00+01:00,-5815.79,35755.48,17175.94,59982.01,24.86
2019-10-31T16:00+01:00,-3828.25,36184.21,13353.64,59973.93,24.86
2019-10-31T17:00+01:00,-2938.97,36097.67,15676.41,63148.88,24.86
2019-10-31T18:00+01:00,-5065.26,35905.9,18592.04,63480.66,24.86
2019-10-31T19:00+01:00,-6918.04,34954.46,20443.83,62362.76,24.86
2019-10-31T20:00+01:00,-7965.49,32882.39,22020.84,59323.78,24.86
2019-10-31T21:00+01:00,-6979.64,28702.9,23322.83,56678.04,24.86
2019-10-31T22:00+01:00,-7709.24,26063.72,23572.07,54000.49,24.86
2019-10-31T23:00+01:00,-9238.45,23669.1,23184.45,49951.21,24.86
2019-11-01T00:00+01:00,-9293.44,22745.46,22922.77,46689.28,24.86
2019-11-01T01:00+01:00,-9318.47,21373.85,22519.2,44743.52,24.86
2019-11-01T02:00+01:00,-8500.05,20304.88,21971.75,43858.53,24.86
2019-11-01T03:00+01:00,-7247.67,19772.48,21865.38,44077.14,24.86
2019-11-01T04:00+01:00,-7004.99,19536.18,22696.15,44867.36,24.86
2019-11-01T05:00+01:00,-6316.23,19103.66,23798.6,45752.71,24.86
2019-11-01T06:00+01:00,-7910.7,19975.99,24901.27,47939.31,24.86
2019-11-01T07:00+01:00,-7361.24,20284.72,26995.89,50714.31,24.86
2019-11-01T08:00+01:00,-6812.15,20388.24,29080.75,54095.95,24.86
2019-11-01T09:00+01:00,-7524.08,20759.06,30064.11,55675.39,24.86
2019-11-01T10:00+01:00,-7169.78,21202.02,30018.1,56973.32,24.86
2019-11-01T11:00+01:00,-6549.78,21302.87,29827.87,58471.91,25.5
2019-11-01T12:00+01:00,-4958.43,21484.35,29269.09,58832,25.71
2019-11-01T13:00+01:00,-4507.38,21529.96,27565.99,57550.96,25.71
2019-11-01T14:00+01:00,-3031.39,21752.25,25725.68,56433.92,25.71
2019-11-01T15:00+01:00,-1202.14,21098.35,25131.1,56293.06,25.71
2019-11-01T16:00+01:00,-1839.25,20770.36,26041.33,57316.22,25.71
2019-11-01T17:00+01:00,-2126.08,21208.25,27215.15,60733.28,25.71
2019-11-01T18:00+01:00,-2381.97,20812.6,28661.7,60737.06,25.71
2019-11-01T19:00+01:00,-3505.74,20039.27,29644.72,59074.39,25.71
2019-11-01T20:00+01:00,-8167.48,20101.09,29822.3,55658.74,25.71
2019-11-01T21:00+01:00,-8660.92,19520.24,29490.65,52973.1,25.71
2019-11-01T22:00+01:00,-8950.53,18571.12,28847.05,51055.66,25.71
2019-11-01T23:00+01:00,-9172.05,16710.76,28271.68,47573.91,25.71
2019-11-02T00:00+01:00,-7345.06,14310.9,27944.95,44699.35,25.71
2019-11-02T01:00+01:00,-7755.98,13018.5,28072.65,42708.23,25.71
2019-11-02T02:00+01:00,-6618.47,12399.28,28238.25,41837.44,25.71
2019-11-02T03:00+01:00,-6316.27,12165.09,28269.32,41542.79,25.71
2019-11-02T04:00+01:00,-6318.49,12256.86,28955.17,42146.08,25.71
2019-11-02T05:00+01:00,-6690.04,12237.27,29948.54,43513.55,25.71
2019-11-02T06:00+01:00,-7781.65,12379.97,31044.43,45684.24,25.71
2019-11-02T07:00+01:00,-8172.84,13080.5,32716.57,48328.29,25.71
2019-11-02T08:00+01:00,-8034.92,14318.2,34365.36,52277.95,25.71
2019-11-02T09:00+01:00,-9752.26,14875.61,36426.89,54807.03,25.71
2019-11-02T10:00+01:00,-9559.69,14740.21,38450.75,55969.64,25.71
2019-11-02T11:00+01:00,-9182.95,14429.97,39928.61,57443.3,25.71
2019-11-02T12:00+01:00,-10018.16,14440.62,42077.2,56966.32,25.71
2019-11-02T13:00+01:00,-9996,14289.97,41133.74,55804.26,25.71
2019-11-02T14:00+01:00,-9566.55,14185.46,38188.4,54359.81,25.71
2019-11-02T15:00+01:00,-7619.18,15171.13,33839.76,53873.62,25.71
2019-11-02T16:00+01:00,-6622.27,16660.29,31628.69,54769.8,25.71
2019-11-02T17:00+01:00,-6232.21,17361.59,33018.86,58884.49,25.71
2019-11-02T18:00+01:00,-7319.12,17440.16,34760.08,59582.87,25.71
2019-11-02T19:00+01:00,-8863.65,16129.97,35481.79,57301.38,25.71
2019-11-02T20:00+01:00,-9633.89,14742.26,35299.88,53666.84,25.71
2019-11-02T21:00+01:00,-10681.19,13991.64,35189.46,51415.77,25.71
2019-11-02T22:00+01:00,-10673.61,13530.85,34085.15,49927.76,25.71
2019-11-02T23:00+01:00,-10926.42,12562.87,33327.03,46560.48,25.71
2019-11-03T00:00+01:00,-9882.88,11756.75,31902.48,42961.12,25.71
2019-11-03T01:00+01:00,-8486.81,11444.35,30794.4,41103.2,25.71
2019-11-03T02:00+01:00,-7430.23,11219.03,30289.29,40081.06,25.71
2019-11-03T03:00+01:00,-6042.57,11134.43,29438.41,39895.94,25.71
2019-11-03T04:00+01:00,-5686.79,11155.29,28119.8,40227.23,25.71
2019-11-03T05:00+01:00,-5206.11,11492.19,26026.75,40007.04,25.71
2019-11-03T06:00+01:00,-3944.67,11863.69,25167.97,40027.74,25.71
2019-11-03T07:00+01:00,-1957.65,12200.13,24394.91,41624,25.71
2019-11-03T08:00+01:00,-3424.89,14138.61,23492.91,44988.42,25.71
2019-11-03T09:00+01:00,-3195.18,16486.82,22430.87,47810.7,25.71
2019-11-03T10:00+01:00,-1433.93,17994.9,21593.25,50260.4,25.71
2019-11-03T11:00+01:00,107.46,19648.41,20916.61,52792.82,25.71
2019-11-03T12:00+01:00,1015.48,20124.82,19419.3,52531.94,25.71
2019-11-03T13:00+01:00,-795.78,20737.01,17868.13,50610.67,25.71
2019-11-03T14:00+01:00,763.4,21643.28,15378.17,49231.64,25.71
2019-11-03T15:00+01:00,2120.45,22573.19,13222.17,49306.63,25.71
2019-11-03T16:00+01:00,1744.86,23406.51,13125.26,50213.38,25.71
2019-11-03T17:00+01:00,2790.15,23805.15,14694.47,54214.9,25.71
2019-11-03T18:00+01:00,3079.28,23009.8,16139.69,55126.46,25.71
2019-11-03T19:00+01:00,116.99,22833.12,16923.57,53479.93,25.71
2019-11-03T20:00+01:00,-1782.87,22527.4,16700.13,50918.13,25.71
2019-11-03T21:00+01:00,-1636.18,22279.71,16675.42,48891.61,25.71
2019-11-03T22:00+01:00,-2076.78,21707.73,17912.98,47747.7,25.71
2019-11-03T23:00+01:00,-2433.59,20002.04,18903.71,44910.48,25.71
2019-11-04T00:00+01:00,-3043.35,17701.03,19945.56,42945.31,25.71
2019-11-04T01:00+01:00,-480.64,15358.89,20353.33,41999.37,25.71
2019-11-04T02:00+01:00,221.24,15156.08,20913.72,41487.56,25.71
2019-11-04T03:00+01:00,1391.22,15307.18,21091.5,42468.68,25.71
2019-11-04T04:00+01:00,784.32,16255.43,21299.14,44702.57,25.71
2019-11-04T05:00+01:00,-1796.86,20225.18,21374.8,48915.98,25.71
2019-11-04T06:00+01:00,-1060.23,26527.98,21182.82,58476.63,25.71
2019-11-04T07:00+01:00,1950.54,29883.89,21196.55,64473.51,25.71
2019-11-04T08:00+01:00,571.33,31777.15,22486.03,66827.95,25.71
2019-11-04T09:00+01:00,-127.98,32040.66,24698.44,67191.31,25.71
2019-11-04T10:00+01:00,-658.29,32276.06,25438.3,68383.37,25.71
2019-11-04T11:00+01:00,-867.5,33397.72,24912.08,68739.94,25.71
2019-11-04T12:00+01:00,653.1,33215.48,24296.13,68074.09,25.71
2019-11-04T13:00+01:00,1824.76,33700.11,21880.34,67673.88,25.71
2019-11-04T14:00+01:00,1938.58,34408.01,19517.1,66751.79,25.71
2019-11-04T15:00+01:00,3421.88,34857.57,16208.69,66223.77,25.71
2019-11-04T16:00+01:00,4317.8,35484.41,13933.24,66051.06,25.71
2019-11-04T17:00+01:00,5619.55,36017.52,14071.67,69135.47,25.71
2019-11-04T18:00+01:00,4131.01,35933.16,15062.57,69233.62,25.71
2019-11-04T19:00+01:00,2914.57,35721.33,16072.9,67561.44,25.71
2019-11-04T20:00+01:00,811.71,34380.69,16485.54,63654.68,25.71
2019-11-04T21:00+01:00,-1657.96,32426.47,17041.32,59859.36,25.71
2019-11-04T22:00+01:00,-2664.87,30021.99,17955.41,56293.78,25.71
2019-11-04T23:00+01:00,-3657.11,26764.01,18839.98,51649.53,25.71
2019-11-05T00:00+01:00,-3744.06,23922.87,18746.97,49082.06,25.71
2019-11-05T01:00+01:00,-3823.84,23422.25,19056.02,46949.98,25.71
2019-11-05T02:00+01:00,-1542.61,22567.37,19262.79,46712.98,25.71
2019-11-05T03:00+01:00,-285.64,21823.29,19312.85,47180.83,25.71
2019-11-05T04:00+01:00,220.81,22489.21,18729.53,48788.18,25.71
2019-11-05T05:00+01:00,-557.43,25889.83,18027.4,52800.33,25.71
2019-11-05T06:00+01:00,-1037.01,32862.98,18006.4,61001.74,25.71
2019-11-05T07:00+01:00,-314.96,36888.19,18352.08,66820.04,25.71
2019-11-05T08:00+01:00,-2916.9,38882.98,19396.45,68479.26,25.71
2019-11-05T09:00+01:00,-4024.43,39186.62,20466.63,68808.68,25.71
2019-11-05T10:00+01:00,-4163.5,38954.87,21828.56,69567.11,25.71
2019-11-05T11:00+01:00,-3447.86,38945.07,22837.5,70187.21,25.71
2019-11-05T12:00+01:00,-3622.61,39165.77,22328.68,69658.5,25.71
2019-11-05T13:00+01:00,-2754.01,39140.34,20461.57,69183.16,25.71
2019-11-05T14:00+01:00,-1316.08,39664.55,18335.33,67881.49,25.71
2019-11-05T15:00+01:00,-718.33,39991.01,15750.11,67350.4,25.71
2019-11-05T16:00+01:00,-1158.28,40344.99,14062.43,67420.97,25.71
2019-11-05T17:00+01:00,31.58,41148.89,14432.46,70753.48,25.71
2019-11-05T18:00+01:00,-175.87,41339.29,14702.44,70487.62,25.71
2019-11-05T19:00+01:00,-678.54,40859.94,14847.65,68417,25.71
2019-11-05T20:00+01:00,-2620.62,39745.94,15151.54,64718.16,25.71
2019-11-05T21:00+01:00,-3131.85,37231.04,15175.73,60501.4,25.71
2019-11-05T22:00+01:00,-3494.56,35103.69,14985.05,56699.85,25.71
2019-11-05T23:00+01:00,-4031.05,32690.31,14949.5,52377.4,25.71
2019-11-06T00:00+01:00,-3900.01,30579.32,14417.19,49162.22,25.71
2019-11-06T01:00+01:00,-2290.27,29034.99,14301.63,48048.01,25.71
2019-11-06T02:00+01:00,-1038.15,27411.55,13935.71,47408.75,25.71
2019-11-06T03:00+01:00,600.65,26769.24,13922.72,48324.14,25.71
2019-11-06T04:00+01:00,1095.14,27402.28,13937.26,49884.67,25.71
2019-11-06T05:00+01:00,-404.9,31022.24,13799.62,53306.62,25.71
2019-11-06T06:00+01:00,1285.22,35932.47,13681.57,61905.98,25.71
2019-11-06T07:00+01:00,1272.91,38660.71,13983.8,67239.35,25.71
2019-11-06T08:00+01:00,144.49,39324.55,15031.67,69185.66,25.71
2019-11-06T09:00+01:00,-1375.19,39753.2,16052.82,69306.21,25.71
2019-11-06T10:00+01:00,-3270.76,39871.64,16983.73,69799.56,25.71
2019-11-06T11:00+01:00,-156.83,40155.37,17442.3,70512.53,25.71
2019-11-06T12:00+01:00,234.33,40627.24,17114.13,70041.88,25.71
2019-11-06T13:00+01:00,235.32,40996.33,15933.14,69619.02,25.71
2019-11-06T14:00+01:00,-897.67,41154.36,14773.41,68733.31,25.71
2019-11-06T15:00+01:00,-600.43,41275.44,12976.5,68250.53,25.71
2019-11-06T16:00+01:00,-20.19,41784.72,11414.75,68013.07,25.71
2019-11-06T17:00+01:00,313.27,42608.13,11375.02,70926.18,25.71
2019-11-06T18:00+01:00,185.38,43194.72,11439.67,70238.05,25.71
2019-11-06T19:00+01:00,-21.48,42788.22,11066.72,67970.1,25.71
2019-11-06T20:00+01:00,28.97,41544.37,10580.56,63893.84,25.71
2019-11-06T21:00+01:00,-2035.13,40290.57,10258.98,60304.31,25.71
2019-11-06T22:00+01:00,-2335.91,37861.6,10185.75,56969.75,25.71
2019-11-06T23:00+01:00,-3224.83,35298.91,10244.72,52652.86,25.71
2019-11-07T00:00+01:00,-3956.63,33335.52,10386.12,49346.62,25.71
2019-11-07T01:00+01:00,-740.27,30992.61,10509.59,47809.64,25.71
2019-11-07T02:00+01:00,538.4,29173.81,10687.94,47126.12,25.71
2019-11-07T03:00+01:00,510.86,28987.34,10934.38,47837.06,25.71
2019-11-07T04:00+01:00,1056.7,29683.19,11380.62,49353.12,25.71
2019-11-07T05:00+01:00,1040.48,31828.41,12030.51,53127.96,25.71
2019-11-07T06:00+01:00,184.76,35974.93,13286.06,61828.4,25.71
2019-11-07T07:00+01:00,-21.66,38137.47,14944.99,67603.2,25.71
2019-11-07T08:00+01:00,-1518.01,38341.94,18954.1,69423.59,25.71
2019-11-07T09:00+01:00,-4980.63,38112.47,23069.52,69709.82,25.71
2019-11-07T10:00+01:00,-6743.92,37717.32,27062.78,70363.7,25.71
2019-11-07T11:00+01:00,-7998.87,37215.7,29823.7,71107.1,25.71
2019-11-07T12:00+01:00,-9021.31,36940.12,30181.56,70760.36,25.71
2019-11-07T13:00+01:00,-8721.64,37240.52,29081.38,70504.92,25.71
2019-11-07T14:00+01:00,-7587.87,37091.43,27426.91,69494.22,25.71
2019-11-07T15:00+01:00,-7551.46,37871.89,25930.73,69316.23,25.71
2019-11-07T16:00+01:00,-8297.94,38674.9,26307.09,69715.64,25.71
2019-11-07T17:00+01:00,-10362.69,38923.84,27593.07,72565.51,25.71
2019-11-07T18:00+01:00,-9220.24,38594.54,28339.94,72232.19,25.71
2019-11-07T19:00+01:00,-8591.27,37963.76,27917.38,70255.7,25.71
2019-11-07T20:00+01:00,-9486.07,36655.02,26801.75,65760.59,25.71
2019-11-07T21:00+01:00,-9092.74,34099.96,24683.18,61802.52,25.71
2019-11-07T22:00+01:00,-8759.77,32180.76,23516.83,58173.9,25.71
2019-11-07T23:00+01:00,-7999.05,29520.95,23249.48,53799.98,25.71
2019-11-08T00:00+01:00,-8238.75,28336.08,22424.9,50299.9,25.71
2019-11-08T01:00+01:00,-6988.67,27883.89,21375.93,49172.9,25.71
2019-11-08T02:00+01:00,-6652.92,27923.68,20417.48,48619.26,25.71
2019-11-08T03:00+01:00,-6104.62,28302.26,19936.66,49157.47,25.71
2019-11-08T04:00+01:00,-4521.05,28920.89,19127.69,50327.44,25.71
2019-11-08T05:00+01:00,-5139.53,31876.55,18309.61,53787.07,25.71
2019-11-08T06:00+01:00,-5261.91,37280.33,17472.88,61980.25,25.71
2019-11-08T07:00+01:00,-2651.59,40166.6,16509.01,67220.07,25.71
2019-11-08T08:00+01:00,-2343.03,40926.88,16937.06,69400.16,25.71
2019-11-08T09:00+01:00,-2176.55,41154.72,17866.11,69232.06,25.71
2019-11-08T10:00+01:00,-2260.29,40984.9,17503.76,69535.3,25.71
2019-11-08T11:00+01:00,-356.35,40874.39,17399.72,70194.86,24.89
2019-11-08T12:00+01:00,331.48,40945.52,16526.43,68919.99,24.62
2019-11-08T13:00+01:00,1627.16,41228.68,14775.31,68099.37,24.62
2019-11-08T14:00+01:00,1290.27,41425.03,12979.56,66964.76,24.62
2019-11-08T15:00+01:00,647.62,41436.04,11356.81,66237.11,24.62
2019-11-08T16:00+01:00,1644.47,41581.86,10439.94,66661.62,24.62
2019-11-08T17:00+01:00,2248.6,41657.37,10956.45,68764.5,24.62
2019-11-08T18:00+01:00,71.49,41618.86,11043.56,67743.92,24.62
2019-11-08T19:00+01:00,-1407.09,41477.42,10852.24,65244.71,24.62
2019-11-08T20:00+01:00,-2276.05,40957.47,10487.27,61378.16,24.62
2019-11-08T21:00+01:00,-3412.3,39243.73,10131.94,58113.11,24.62
2019-11-08T22:00+01:00,-2489.2,36289.9,10156.3,55073.54,24.62
2019-11-08T23:00+01:00,-2464.87,33023.52,10296.86,50984.47,24.62
2019-11-09T00:00+01:00,-4517.97,31908.77,10190.26,47904.08,24.62
2019-11-09T01:00+01:00,-5291.85,31541.74,10215.54,46073.25,24.62
2019-11-09T02:00+01:00,-3998.37,31263.43,10594.27,44811.22,24.62
2019-11-09T03:00+01:00,-3414.19,31155.08,10764.7,44615.34,24.62
2019-11-09T04:00+01:00,-3668.38,31363.02,11197.66,44741.44,24.62
2019-11-09T05:00+01:00,-4062.38,31317.49,11648.85,45313.91,24.62
2019-11-09T06:00+01:00,-5540.2,31504.03,12125.02,47076.38,24.62
2019-11-09T07:00+01:00,-5075.45,32044.32,12760.41,50315.28,24.62
2019-11-09T08:00+01:00,-4413.34,32973.17,14161.19,54027.16,24.62
2019-11-09T09:00+01:00,-4708.6,33684.12,15695,56870.66,24.62
2019-11-09T10:00+01:00,-4072.09,33934.06,17444.79,58565.52,24.62
2019-11-09T11:00+01:00,-5134.35,33973.12,18822.59,59464.31,24.62
2019-11-09T12:00+01:00,-5461.89,33747.62,19355.74,58870.14,24.62
2019-11-09T13:00+01:00,-6663.65,33490.99,19445.78,57100.65,24.62
2019-11-09T14:00+01:00,-7423.04,33675.41,18583.92,55761.81,24.62
2019-11-09T15:00+01:00,-4864.99,33621.61,16783.96,55613.35,24.62
2019-11-09T16:00+01:00,-3671.2,33855.17,15819.54,56504.02,24.62
2019-11-09T17:00+01:00,-3159.25,33902.43,16780.22,60580.5,24.62
2019-11-09T18:00+01:00,-3800.67,33636.57,17567.41,60716.06,24.62
2019-11-09T19:00+01:00,-5292.91,33412.05,18038.69,58912.71,24.62
2019-11-09T20:00+01:00,-7361.88,33172.48,17958.28,55260.28,24.62
2019-11-09T21:00+01:00,-8291.91,32351.76,17460.41,52715.68,24.62
2019-11-09T22:00+01:00,-9010.75,31617.08,16850.08,51210.87,24.62
2019-11-09T23:00+01:00,-8208.46,30570.4,16040.95,47886.08,24.62
2019-11-10T00:00+01:00,-6778.16,29310.37,15558.25,45784.18,24.62
2019-11-10T01:00+01:00,-9187.36,29636.73,15140.97,43970.62,24.62
2019-11-10T02:00+01:00,-7902.03,28680.73,14573.81,42850.51,24.62
2019-11-10T03:00+01:00,-6786.42,28481.62,14035.67,42333.73,24.62
2019-11-10T04:00+01:00,-5368.64,28300.87,13681.73,42618.79,24.62
2019-11-10T05:00+01:00,-6696.81,28660.86,13675.03,42624.61,24.62
2019-11-10T06:00+01:00,-7936.01,29588.66,13261.56,42244.28,24.62
2019-11-10T07:00+01:00,-8030.92,30004.73,12853.24,43750.63,24.62
2019-11-10T08:00+01:00,-7547.73,30469.18,14739.15,46942.26,24.62
2019-11-10T09:00+01:00,-8933.7,30632.26,17943.62,50289.02,24.62
2019-11-10T10:00+01:00,-10159.57,31039.61,20693.57,52271.68,24.62
2019-11-10T11:00+01:00,-10001.94,31157.51,22095.58,54152.99,24.62
2019-11-10T12:00+01:00,-11908.26,31094.42,22441.62,53350,24.62
2019-11-10T13:00+01:00,-8942.75,30920.84,20780.15,51946.52,24.62
2019-11-10T14:00+01:00,-8745.97,31554.41,17426.02,50567.03,24.62
2019-11-10T15:00+01:00,-5345.01,32008.95,13471.86,50687.65,24.62
2019-11-10T16:00+01:00,-2815.93,33240.88,11149.39,52640.84,24.62
2019-11-10T17:00+01:00,-2197.75,34072.67,12209.11,57115.51,24.62
2019-11-10T18:00+01:00,-2936.9,34427.75,13423.41,57800.75,24.62
2019-11-10T19:00+01:00,-3178.95,33964.64,14271.65,56291.79,24.62
2019-11-10T20:00+01:00,-5677.06,33478.23,14919.35,53982.71,24.62
2019-11-10T21:00+01:00,-5895.69,32783.26,15436.8,52452.82,24.62
2019-11-10T22:00+01:00,-6758.07,32573.24,15504.89,51914.54,24.62
2019-11-10T23:00+01:00,-8033.74,31720.45,16015.48,48523.64,24.62
2019-11-11T00:00+01:00,-7562.62,29898.9,16262.55,46556.98,24.62
2019-11-11T01:00+01:00,-8857.41,29345.7,16761.77,45166.88,24.62
2019-11-11T02:00+01:00,-8535.36,29028.69,17152.38,44719.22,24.62
2019-11-11T03:00+01:00,-5459,27468.75,17298.7,45437.94,24.62
2019-11-11T04:00+01:00,-4859.46,27711.58,17231.29,47487.86,24.62
2019-11-11T05:00+01:00,-5498.01,30022.2,17457.97,51980.84,24.62
2019-11-11T06:00+01:00,-2650.75,32564.65,19347.42,61069.6,24.62
2019-11-11T07:00+01:00,-226.38,33765.77,20703.03,67811.34,24.62
2019-11-11T08:00+01:00,-2207.85,34357.87,23403.13,70178.6,24.62
2019-11-11T09:00+01:00,-4027.2,34603.75,26371.15,71189.98,24.62
2019-11-11T10:00+01:00,-4953.05,34844.32,28818.12,71811.97,24.62
2019-11-11T11:00+01:00,-4387.15,34885.21,30928.81,72126.24,24.62
2019-11-11T12:00+01:00,-3951.89,34669.99,32341.53,72331.38,24.62
2019-11-11T13:00+01:00,-5194.82,34945.83,32021.5,72105.32,24.62
2019-11-11T14:00+01:00,-5129.33,35035.34,30363.77,71517.05,24.62
2019-11-11T15:00+01:00,-3674.62,34989.38,28861.94,71356.58,24.62
2019-11-11T16:00+01:00,-4137.56,34792.86,29684.47,71883.27,24.62
2019-11-11T17:00+01:00,-5046.25,34145.06,31766.15,74431.8,24.62
2019-11-11T18:00+01:00,-7586,34110.58,32991.35,73834.15,24.62
2019-11-11T19:00+01:00,-8504.91,33784.58,32993.04,72190.33,24.62
2019-11-11T20:00+01:00,-9795.55,32238.12,32788.53,68236.36,24.62
2019-11-11T21:00+01:00,-10647.93,30699.85,32152.91,64333.08,24.62
2019-11-11T22:00+01:00,-10361.74,29050.63,31106.02,60907.54,24.62
2019-11-11T23:00+01:00,-9354.48,26904.71,30372.87,56713.71,24.62
2019-11-12T00:00+01:00,-7994.09,24204.72,30516.02,53181.7,24.62
2019-11-12T01:00+01:00,-8794.94,23499.81,30699.07,51430.08,24.62
2019-11-12T02:00+01:00,-8981.71,23260.94,30475.12,50643.58,24.62
2019-11-12T03:00+01:00,-7925.82,22894.84,30197.03,51000.94,24.62
2019-11-12T04:00+01:00,-8593.96,24457.69,30632.62,52467.18,24.62
2019-11-12T05:00+01:00,-9040.36,27398.46,31622.84,56077.7,24.62
2019-11-12T06:00+01:00,-8946.84,30840.6,32821.31,64089.29,24.62
2019-11-12T07:00+01:00,-7669.27,33038.17,32555.15,69816.24,24.62
2019-11-12T08:00+01:00,-7984.94,34711.19,32789.36,71936.82,24.62
2019-11-12T09:00+01:00,-9023.24,34367.42,34372.35,72526,24.62
2019-11-12T10:00+01:00,-9601.8,34244.77,35750.96,73227.92,24.62
2019-11-12T11:00+01:00,-9960.82,33615.04,37192.45,73902.97,24.62
2019-11-12T12:00+01:00,-8991.53,33571.15,36594.69,73316.96,24.62
2019-11-12T13:00+01:00,-8307.33,34305.8,33672.61,72687.14,24.62
2019-11-12T14:00+01:00,-7033.91,35801.98,30671.68,71602.12,24.62
2019-11-12T15:00+01:00,-4508.81,36248.83,27698.67,71026.42,24.62
2019-11-12T16:00+01:00,-5278.88,36309.02,26067.35,71295.48,24.62
2019-11-12T17:00+01:00,-5176.31,36700.18,27090.71,74057.35,24.62
2019-11-12T18:00+01:00,-5984.41,36923.47,28253.51,73511.72,24.62
2019-11-12T19:00+01:00,-6414.54,36084.25,28530.23,71729.7,24.62
2019-11-12T20:00+01:00,-7376.82,34269.66,28183.51,67477.16,24.62
2019-11-12T21:00+01:00,-8342.51,32001.94,27438.12,63397.62,24.62
2019-11-12T22:00+01:00,-8400.89,30598.93,26259.84,60048.47,24.62
2019-11-12T23:00+01:00,-8527.56,29175.92,25899.74,55935.99,24.62
2019-11-13T00:00+01:00,-6941.94,26680.76,25987.59,52697.73,24.62
2019-11-13T01:00+01:00,-7780.13,26128.08,26065.01,51074.7,24.62
2019-11-13T02:00+01:00,-8897.36,26319.69,25475.07,49913,24.62
2019-11-13T03:00+01:00,-8382.79,26975.3,25330.46,50422.06,24.62
2019-11-13T04:00+01:00,-8219.97,28336.53,25454.49,52212.72,24.62
2019-11-13T05:00+01:00,-9771.68,31957.88,25178.41,55500.36,24.62
2019-11-13T06:00+01:00,-9159.47,36177.31,25267.89,62684.26,24.62
2019-11-13T07:00+01:00,-7037.4,38232.46,25544.72,68599.22,24.62
2019-11-13T08:00+01:00,-8598.14,39247.44,25762.98,70451.94,24.62
2019-11-13T09:00+01:00,-8277.82,39930.62,26473.89,70374.7,24.62
2019-11-13T10:00+01:00,-8110.23,40290.34,27220.69,70802.08,24.62
2019-11-13T11:00+01:00,-7441.98,40593.23,27676.43,71735.9,24.62
2019-11-13T12:00+01:00,-7698.91,40621.53,27284.93,71334.14,24.62
2019-11-13T13:00+01:00,-7174.37,41198.43,25529.96,70775.51,24.62
2019-11-13T14:00+01:00,-7068.18,41566.33,23398.97,69400.6,24.62
2019-11-13T15:00+01:00,-6432.49,41506.92,21365.29,69034.07,24.62
2019-11-13T16:00+01:00,-6130.08,41456.25,20551.52,69958.08,24.62
2019-11-13T17:00+01:00,-5709.06,42003.78,20806.77,72218.43,24.62
2019-11-13T18:00+01:00,-5039.04,41475.65,20286.77,71390.02,24.62
2019-11-13T19:00+01:00,-4168.01,41091.54,20174.57,69505.56,24.62
2019-11-13T20:00+01:00,-4700.61,39274.28,20041.93,65582.42,24.62
2019-11-13T21:00+01:00,-5049.66,37366.1,19738.56,61683.98,24.62
2019-11-13T22:00+01:00,-5427.41,35770.72,18815.5,58355.72,24.62
2019-11-13T23:00+01:00,-6671.38,33764.64,17877.55,54180.29,24.62
2019-11-14T00:00+01:00,-9027.47,33675.89,17477.84,51276.91,24.62
2019-11-14T01:00+01:00,-7740.97,33425.56,16693.42,49576.28,24.62
2019-11-14T02:00+01:00,-7498.03,33366.02,16233.71,48509.5,24.62
2019-11-14T03:00+01:00,-5808.72,33198.39,16043.91,49002.61,24.62
2019-11-14T04:00+01:00,-5920.2,34220.19,16575.67,50683.57,24.62
2019-11-14T05:00+01:00,-7507.75,36814.7,17321.24,54073.1,24.62
2019-11-14T06:00+01:00,-7405.87,40593.76,18683.71,62116.75,24.62
2019-11-14T07:00+01:00,-7013.99,41521.21,20484.73,67886.96,24.62
2019-11-14T08:00+01:00,-8486.4,41377.61,23673.84,69370.38,24.62
2019-11-14T09:00+01:00,-11340.95,41296.34,26527.38,69359.74,24.62
2019-11-14T10:00+01:00,-12570.27,41211.51,28117.2,70278.92,24.62
2019-11-14T11:00+01:00,-10932.89,40679.35,29046.89,70704.88,24.62
2019-11-14T12:00+01:00,-10716.78,40551.21,28346.88,70473.18,24.62
2019-11-14T13:00+01:00,-9925.59,41198.58,26525.49,69160.06,24.62
2019-11-14T14:00+01:00,-8736.74,41389.22,23202.76,68063.01,24.62
2019-11-14T15:00+01:00,-8468.97,42071.95,20605.03,67823.72,24.62
2019-11-14T16:00+01:00,-9803.19,41891.96,22120.75,69223.99,24.62
2019-11-14T17:00+01:00,-9660.76,41063.53,26494.13,72544.13,24.62
2019-11-14T18:00+01:00,-11115.85,39806.11,30167.8,72006.22,24.62
2019-11-14T19:00+01:00,-11208.44,37565.78,32063.47,70548,24.62
2019-11-14T20:00+01:00,-11985.85,34609.11,32148.84,66675.52,24.62
2019-11-14T21:00+01:00,-12175.3,32199.36,31952.17,63251.78,24.62
2019-11-14T22:00+01:00,-12592.44,30475.33,31433.69,60314.52,24.62
2019-11-14T23:00+01:00,-12696.1,28010.32,31212.35,56857.55,24.62
2019-11-15T00:00+01:00,-13385.15,25133,32133.78,53434.42,24.62
2019-11-15T01:00+01:00,-11929.1,22921.83,33421.89,52007.43,24.62
2019-11-15T02:00+01:00,-13015.68,21727.24,34621.62,50880.74,24.62
2019-11-15T03:00+01:00,-12050.02,20791.45,35831.54,51405.34,24.62
2019-11-15T04:00+01:00,-11674.27,21429.16,36819.49,53429.8,24.62
2019-11-15T05:00+01:00,-13088.36,23858.75,37451.59,57284.78,24.62
2019-11-15T06:00+01:00,-12798.06,28358.44,38533.54,64428.16,24.62
2019-11-15T07:00+01:00,-11157.29,31212.84,38310.76,70475.57,24.62
2019-11-15T08:00+01:00,-10470.16,32241.94,37891.31,73015.7,24.62
2019-11-15T09:00+01:00,-9853.27,32694.45,37546.07,73068.37,24.62
2019-11-15T10:00+01:00,-9300.35,33033.95,37382.92,72969.33,24.62
2019-11-15T11:00+01:00,-8427.73,33652.28,35541.99,72265.63,23.71
2019-11-15T12:00+01:00,-8195.5,34569.5,32517.05,72406.82,23.41
2019-11-15T13:00+01:00,-7015.37,35494.64,30147.78,70832.95,23.41
2019-11-15T14:00+01:00,-5423.08,35896.88,27616.47,69231.95,23.41
2019-11-15T15:00+01:00,-6126.5,36233.2,24442.34,68544.87,23.41
2019-11-15T16:00+01:00,-5172.22,36530.1,22796.22,69068.46,23.41
2019-11-15T17:00+01:00,-4042.24,37233.09,22560.61,71261.56,23.41
2019-11-15T18:00+01:00,-2593.67,37619.65,21542.6,70311.42,23.41
2019-11-15T19:00+01:00,-3452.89,37638.96,18905.8,67580.33,23.41
2019-11-15T20:00+01:00,-3642.99,37477.95,16125.02,63085.89,23.41
2019-11-15T21:00+01:00,-3470.53,37050.8,14117.16,59693.86,23.41
2019-11-15T22:00+01:00,-4612.89,36098.09,13047.72,56746.52,23.41
2019-11-15T23:00+01:00,-5274.17,33969.73,12714.01,53051.98,23.41
2019-11-16T00:00+01:00,-5521.49,31984.09,12736.42,49653.43,23.41
2019-11-16T01:00+01:00,-5833.8,30747.62,12600.06,47752.72,23.41
2019-11-16T02:00+01:00,-6614.65,30088.54,12260.58,46459.49,23.41
2019-11-16T03:00+01:00,-6408.43,30515.43,12160.94,46314.21,23.41
2019-11-16T04:00+01:00,-6567.06,30678.39,12183.45,46590.59,23.41
2019-11-16T05:00+01:00,-6673.9,31062.62,12157,46519.98,23.41
2019-11-16T06:00+01:00,-6560.98,31814.88,12509.19,48391.36,23.41
2019-11-16T07:00+01:00,-6123.36,32552.11,13568.82,51551.44,23.41
2019-11-16T08:00+01:00,-5436.07,33190.76,15740.41,55305.82,23.41
2019-11-16T09:00+01:00,-5504.49,33172.98,19118.19,58777.8,23.41
2019-11-16T10:00+01:00,-7763.09,33053.4,22465.24,60194.1,23.41
2019-11-16T11:00+01:00,-9281.45,32625.7,25895.74,60890.46,23.41
2019-11-16T12:00+01:00,-10707.18,31204.84,29230.51,60601.68,23.41
2019-11-16T13:00+01:00,-10453.45,29737.02,30581.71,58984.54,23.41
2019-11-16T14:00+01:00,-11084.46,29368.16,29560.62,57829.44,23.41
2019-11-16T15:00+01:00,-11441.41,30649.13,27961.21,57910.28,23.41
2019-11-16T16:00+01:00,-10742.1,31455,27477.93,59546.84,23.41
2019-11-16T17:00+01:00,-10249.43,31789.24,28556.62,62907.91,23.41
2019-11-16T18:00+01:00,-9875.55,30566.07,30210.52,63026.14,23.41
2019-11-16T19:00+01:00,-10078.84,29276.26,31198.18,61424.31,23.41
2019-11-16T20:00+01:00,-11100.74,27158.32,30508.33,57808.38,23.41
2019-11-16T21:00+01:00,-11281.53,26614.08,29094.27,55308.29,23.41
2019-11-16T22:00+01:00,-11301.9,26628.59,26679.33,53289.08,23.41
2019-11-16T23:00+01:00,-9009.06,25065.81,24797.73,49904.21,23.41
2019-11-17T00:00+01:00,-9727.96,24526.75,23667.16,46891.32,23.41
2019-11-17T01:00+01:00,-8878.75,24145.37,23206.54,45260.71,23.41
2019-11-17T02:00+01:00,-8816.16,23523.82,22333.94,44228,23.41
2019-11-17T03:00+01:00,-8305.03,23313.97,21005.28,43755.41,23.41
2019-11-17T04:00+01:00,-7504.69,23695.69,19696.39,43468.7,23.41
2019-11-17T05:00+01:00,-8781.7,24575.97,18748.01,43124.03,23.41
2019-11-17T06:00+01:00,-9597.83,25040.47,18311.12,42783.59,23.41
2019-11-17T07:00+01:00,-10413.86,27252.72,17847.92,44517.93,23.41
2019-11-17T08:00+01:00,-10304.17,28837.03,17374.69,47671.73,23.41
2019-11-17T09:00+01:00,-9422.87,30650.03,18178.69,51215.6,23.41
2019-11-17T10:00+01:00,-8581.82,32167.56,19363.43,53464.92,23.41
2019-11-17T11:00+01:00,-7471.87,31947.37,19826.13,55751.34,23.41
2019-11-17T12:00+01:00,-8609.76,32578.78,19685.98,56078.03,23.41
2019-11-17T13:00+01:00,-9245.22,32666.06,19322.44,54653.85,23.41
2019-11-17T14:00+01:00,-10202.78,32810.46,18980.41,53733.38,23.41
2019-11-17T15:00+01:00,-10558.09,33031.44,19054.63,53891.36,23.41
2019-11-17T16:00+01:00,-10527.86,33349.35,20630.22,56054.28,23.41
2019-11-17T17:00+01:00,-11103.23,33633.97,22345.97,59693.13,23.41
2019-11-17T18:00+01:00,-10890.54,33476.54,23022.28,60271,23.41
2019-11-17T19:00+01:00,-11566.17,33237.01,23446.41,58671.78,23.41
2019-11-17T20:00+01:00,-12246.92,32524.52,23654.08,56098.74,23.41
2019-11-17T21:00+01:00,-12320.42,31133.47,23878.71,54457.62,23.41
2019-11-17T22:00+01:00,-11012.01,30139.48,23755.08,53760.3,23.41
2019-11-17T23:00+01:00,-10605.02,27851.42,23608.43,50727.72,23.41
2019-11-18T00:00+01:00,-9571.93,26018.86,23564.62,47989,23.41
2019-11-18T01:00+01:00,-10152.73,26179.12,23731.71,46292.9,23.41
2019-11-18T02:00+01:00,-9010.39,25727.7,23780.94,46148.08,23.41
2019-11-18T03:00+01:00,-10013.05,26603.25,22708.72,46081.49,23.41
2019-11-18T04:00+01:00,-10162.4,28660.97,21520.38,47956.48,23.41
2019-11-18T05:00+01:00,-10004.53,32407.8,20934.4,52288.44,23.41
2019-11-18T06:00+01:00,-6710.92,36892.73,21146.16,61846.14,23.41
2019-11-18T07:00+01:00,-4048.33,38795.96,20326.95,68048.07,23.41
2019-11-18T08:00+01:00,-2842.95,40051.51,20215.8,70398.97,23.41
2019-11-18T09:00+01:00,-3633.4,41590.88,21054.74,71019.98,23.41
2019-11-18T10:00+01:00,-3612.36,41815.91,22203.77,71905.61,23.41
2019-11-18T11:00+01:00,-4629.26,41987.68,22248.46,72457.36,23.41
2019-11-18T12:00+01:00,-6230.11,42185.44,23011.12,72038.89,23.41
2019-11-18T13:00+01:00,-4908.42,42043.8,23290.17,72092.62,23.41
2019-11-18T14:00+01:00,-4546.35,42070.95,23132.25,71228.84,23.41
2019-11-18T15:00+01:00,-4455.85,41973.17,22912.91,70483.96,23.41
2019-11-18T16:00+01:00,-5709.01,42071.2,23416.08,71224.54,23.41
2019-11-18T17:00+01:00,-7333.28,42171.3,26506.11,73570.18,23.41
2019-11-18T18:00+01:00,-7606.25,40838.51,29245.13,73646.38,23.41
2019-11-18T19:00+01:00,-9182.31,38931.91,31292.93,72227.76,23.41
2019-11-18T20:00+01:00,-10296.38,34639.24,33087.59,68695.25,23.41
2019-11-18T21:00+01:00,-9363.41,30531.96,34505.75,65324.2,23.41
2019-11-18T22:00+01:00,-9208.4,26875.56,36169.65,61855.34,23.41
2019-11-18T23:00+01:00,-9449.52,22475.82,37560.38,57358.3,23.41
2019-11-19T00:00+01:00,-10225.08,19840.43,38281.72,54492.34,23.41
2019-11-19T01:00+01:00,-10430.46,19334.57,38621.94,52891.36,23.41
2019-11-19T02:00+01:00,-10120.16,19031.57,38344.75,52270.5,23.41
2019-11-19T03:00+01:00,-10142.65,19191.74,38243.4,52917.26,23.41
2019-11-19T04:00+01:00,-10845.79,21096.31,37636.13,54629.58,23.41
2019-11-19T05:00+01:00,-11893.04,25729.39,36688.82,58649.74,23.41
2019-11-19T06:00+01:00,-11469.63,31899.99,35812.67,66623.18,23.41
2019-11-19T07:00+01:00,-10283.69,36255.4,34003.25,72449.84,23.41
2019-11-19T08:00+01:00,-9186.34,38148.03,33250.81,74413.24,23.41
2019-11-19T09:00+01:00,-9470.43,38459.34,32851.97,74544.96,23.41
2019-11-19T10:00+01:00,-9798.36,39072.21,32271.19,74611.84,23.41
2019-11-19T11:00+01:00,-9026.51,40464.16,32012.05,75208.34,23.41
2019-11-19T12:00+01:00,-8812.98,41332.75,30019.05,74203.67,23.41
2019-11-19T13:00+01:00,-8046.4,42721.37,26590.36,73344.15,23.41
2019-11-19T14:00+01:00,-7197.32,44011.56,22584.25,71921.91,23.41
2019-11-19T15:00+01:00,-5862.35,45017.05,18856.64,70495.56,23.41
2019-11-19T16:00+01:00,-3806.77,46050.2,16348.16,70788.52,23.41
2019-11-19T17:00+01:00,-2591.91,47494.43,15415.22,73673.05,23.41
2019-11-19T18:00+01:00,-2987.45,47540.03,14633.03,72585.17,23.41
2019-11-19T19:00+01:00,-3296.61,46687.93,13832.87,70203.76,23.41
2019-11-19T20:00+01:00,-3614.73,45379.22,12592.2,66488.31,23.41
2019-11-19T21:00+01:00,-3564.41,44233.83,11469.67,62478.7,23.41
2019-11-19T22:00+01:00,-2847.13,42549.85,10645.63,59194.17,23.41
2019-11-19T23:00+01:00,-2152.12,40795.95,9878.51,54920.63,23.41
2019-11-20T00:00+01:00,-2984.15,38556.75,8899.98,52160.43,23.41
2019-11-20T01:00+01:00,-3096.24,37678.41,8472.7,50165.58,23.41
2019-11-20T02:00+01:00,-2375.71,37487.74,8261.14,49203.41,23.41
2019-11-20T03:00+01:00,-2223.45,37395.05,8155.57,49566.65,23.41
2019-11-20T04:00+01:00,-2477.25,38077.62,8284.31,50873.77,23.41
2019-11-20T05:00+01:00,-3025.72,40704.02,8446.44,54073.78,23.41
2019-11-20T06:00+01:00,-1712.85,43471.69,8689.96,61378.64,23.41
2019-11-20T07:00+01:00,-329.32,44600.98,9081.11,67732.99,23.41
2019-11-20T08:00+01:00,-481.4,45334.4,9925.61,69820.76,23.41
2019-11-20T09:00+01:00,-774.68,45409.81,11247.65,70395.02,23.41
2019-11-20T10:00+01:00,-844.5,45358.28,12524.06,71334.08,23.41
2019-11-20T11:00+01:00,43.26,45489.28,13213.11,72032.56,23.41
2019-11-20T12:00+01:00,-372.51,45498.34,13383.7,71539.78,23.41
2019-11-20T13:00+01:00,631.69,45202.39,12534.08,70924.08,23.41
2019-11-20T14:00+01:00,884.87,45230.04,11232.43,69816.64,23.41
2019-11-20T15:00+01:00,933.93,45344.05,9816,69512.01,23.41
2019-11-20T16:00+01:00,835.78,45537.2,9280.69,70022.37,23.41
2019-11-20T17:00+01:00,1150.84,45756.16,9814.4,72100.08,23.41
2019-11-20T18:00+01:00,1022.7,45782.8,10189.85,71403.48,23.41
2019-11-20T19:00+01:00,1525.31,45223.27,10286.1,69520.49,23.41
2019-11-20T20:00+01:00,-1060.87,44560.11,10215.85,65656.82,23.41
2019-11-20T21:00+01:00,-2162.87,43280.39,10167.65,62084.73,23.41
2019-11-20T22:00+01:00,-2838.58,42174.91,10072.26,59021.75,23.41
2019-11-20T23:00+01:00,-2509.85,39721.26,9774.59,55230.19,23.41
2019-11-21T00:00+01:00,-1140.03,36779.89,9632.82,52258,23.41
2019-11-21T01:00+01:00,-1547.75,35621,9519.17,50478.55,23.41
2019-11-21T02:00+01:00,-1719.83,35175.88,9504.63,49513.91,23.41
2019-11-21T03:00+01:00,-1959.32,35990.02,9507.21,50041.02,23.41
2019-11-21T04:00+01:00,-1480.79,36757.83,9737.15,51276.99,23.41
2019-11-21T05:00+01:00,-809.16,37919.83,10017.12,54997.77,23.41
2019-11-21T06:00+01:00,-458.45,42654.88,10688.71,62896.38,23.41
2019-11-21T07:00+01:00,-1463.21,44723.82,11404.91,68657.11,23.41
2019-11-21T08:00+01:00,-425.49,44958.26,12355.89,70813.71,23.41
2019-11-21T09:00+01:00,-521.93,45463.26,13862.59,70899.6,23.41
2019-11-21T10:00+01:00,-1403.98,45586.87,14833.84,71377.79,23.41
2019-11-21T11:00+01:00,-1608.48,45617.15,15762.75,71829.91,23.41
2019-11-21T12:00+01:00,-1392.65,45669.65,15940.34,71138.89,23.41
2019-11-21T13:00+01:00,-1961.51,45458.05,16317.48,70685.72,23.41
2019-11-21T14:00+01:00,-2663.56,45516.63,15489.26,69793.41,23.41
2019-11-21T15:00+01:00,-3080.83,45649.85,14952.75,69961.7,23.41
2019-11-21T16:00+01:00,-1476.96,45578.62,15023.18,71130.74,23.41
2019-11-21T17:00+01:00,-1834.64,45716.81,16333.61,73487.48,23.41
2019-11-21T18:00+01:00,-1557.07,45193.13,17091.04,72520.32,23.41
2019-11-21T19:00+01:00,-1468.42,44040.16,16910.64,70595.14,23.41
2019-11-21T20:00+01:00,-2593.61,41680.66,16290.71,66819.94,23.41
2019-11-21T21:00+01:00,-3130.57,39513.45,15918.74,63293.26,23.41
2019-11-21T22:00+01:00,-1700.06,35741.98,15733.42,60201.38,23.41
2019-11-21T23:00+01:00,-1921.63,34253.67,15337.62,56481.65,23.41
2019-11-22T00:00+01:00,-3296.88,33563.63,15518.33,53364.32,23.41
2019-11-22T01:00+01:00,-2499.26,32084.3,15545.17,51383.34,23.41
2019-11-22T02:00+01:00,-3605.21,32106.74,15468.42,50552.28,23.41
2019-11-22T03:00+01:00,-3398.16,32162.78,15693.64,50583.85,23.41
2019-11-22T04:00+01:00,-2906.72,32769.31,16066.73,52177.34,23.41
2019-11-22T05:00+01:00,-2847.75,34988.9,16292.32,55770.1,23.41
2019-11-22T06:00+01:00,-2918.18,39685.02,16974.61,63555.62,23.41
2019-11-22T07:00+01:00,-2703.45,42555.88,17493.11,69834.55,23.41
2019-11-22T08:00+01:00,-2906.09,43065.19,18469.49,71800.62,23.41
2019-11-22T09:00+01:00,-3320.92,42862.2,19949.56,71943.02,23.41
2019-11-22T10:00+01:00,-3729.13,42577.41,20704.48,72248.74,23.41
2019-11-22T11:00+01:00,-2963.83,42693.92,21146.6,72170.46,24.09
2019-11-22T12:00+01:00,-1933.44,42149.43,20981.22,71343.02,24.32
2019-11-22T13:00+01:00,-2909.72,42385.89,19997.11,69947.56,24.32
2019-11-22T14:00+01:00,-2499.43,42216.32,18312.37,68308.73,24.32
2019-11-22T15:00+01:00,-2067.87,42246.11,17669.27,67821.57,24.32
2019-11-22T16:00+01:00,-2739.8,41791.85,18976.73,69269.62,24.32
2019-11-22T17:00+01:00,-3650.17,41682.35,21282.58,71673.38,24.32
2019-11-22T18:00+01:00,-4553.85,40851.48,23236.16,70773.87,24.32
2019-11-22T19:00+01:00,-4996.46,38209.63,24452.21,68575.25,24.32
2019-11-22T20:00+01:00,-5159.78,34314.66,25695.46,64354.6,24.32
2019-11-22T21:00+01:00,-5531.77,30886.21,26294.39,61427.58,24.32
2019-11-22T22:00+01:00,-7159.01,28443.85,26555.33,58212.37,24.32
2019-11-22T23:00+01:00,-8776.28,24968.54,27054.6,54880.77,24.32
2019-11-23T00:00+01:00,-8936.51,22081.95,27363.59,52164.44,24.32
2019-11-23T01:00+01:00,-8329.36,19600.66,28553.78,49664.17,24.32
2019-11-23T02:00+01:00,-7662.16,18137.85,30424.38,48757.2,24.32
2019-11-23T03:00+01:00,-7505.69,17265.32,31564.76,48636.54,24.32
2019-11-23T04:00+01:00,-7084.56,16353.83,32581.9,48695.62,24.32
2019-11-23T05:00+01:00,-9062.14,16725,33983.34,49112.86,24.32
2019-11-23T06:00+01:00,-10698.73,17336.27,35347.06,50558.56,24.32
2019-11-23T07:00+01:00,-11060.58,18421.19,36096.38,54029.24,24.32
2019-11-23T08:00+01:00,-12158.19,20018.67,37936.73,57329.34,24.32
2019-11-23T09:00+01:00,-11851.27,20139.05,40659.5,59853.46,24.32
2019-11-23T10:00+01:00,-12504.23,19793.69,42356.74,61023.12,24.32
2019-11-23T11:00+01:00,-12338.71,19592.31,42520.61,61423.05,24.32
2019-11-23T12:00+01:00,-12300.22,19514.97,41170.74,60777.38,24.32
2019-11-23T13:00+01:00,-12734.51,20589.85,38709.42,58655.84,24.32
2019-11-23T14:00+01:00,-12351.13,21557.89,36685.9,57440.77,24.32
2019-11-23T15:00+01:00,-11189.35,22253.88,35190.91,57843.84,24.32
2019-11-23T16:00+01:00,-10479.55,22535.72,35379.91,60371.23,24.32
2019-11-23T17:00+01:00,-9375.18,23445.49,35742.62,62873.26,24.32
2019-11-23T18:00+01:00,-9273.49,23483.21,35468.86,62705.63,24.32
2019-11-23T19:00+01:00,-10123.76,22721.24,34639.13,60675.59,24.32
2019-11-23T20:00+01:00,-10124.75,21285.04,33409.91,56816.28,24.32
2019-11-23T21:00+01:00,-9851.58,20519.81,32074.61,54222.9,24.32
2019-11-23T22:00+01:00,-8484.98,19622.63,31162.02,52962.48,24.32
2019-11-23T23:00+01:00,-8451.48,17645.37,30765.89,50138.42,24.32
2019-11-24T00:00+01:00,-8320.11,15683.95,30125.14,47240.95,24.32
2019-11-24T01:00+01:00,-7991.97,15111.62,29795.42,45152.06,24.32
2019-11-24T02:00+01:00,-7779.02,14700.86,29055.05,44301.09,24.32
2019-11-24T03:00+01:00,-7801.57,14808.61,27965.59,44091.87,24.32
2019-11-24T04:00+01:00,-6864.58,14955.99,27352.29,44430.63,24.32
2019-11-24T05:00+01:00,-7578.32,15291.86,26743.68,43632.95,24.32
2019-11-24T06:00+01:00,-9234.92,16017.45,25917.08,43448.16,24.32
2019-11-24T07:00+01:00,-9550.78,19337.8,25076.91,45296.14,24.32
2019-11-24T08:00+01:00,-10043.02,22856.07,25380.33,48702.42,24.32
2019-11-24T09:00+01:00,-11521.79,24976.99,26139.46,51443.75,24.32
2019-11-24T10:00+01:00,-11879.35,26790.44,26376.97,53689.37,24.32
2019-11-24T11:00+01:00,-9698.09,27569.29,25764.34,55588.22,24.32
2019-11-24T12:00+01:00,-8433.52,27874.44,24523.27,54693.89,24.32
2019-11-24T13:00+01:00,-8005.68,28289.62,22647.8,52747.32,24.32
2019-11-24T14:00+01:00,-6145.17,28422.3,19832.91,51910.9,24.32
2019-11-24T15:00+01:00,-6028.54,29784.25,17113.92,51830.9,24.32
2019-11-24T16:00+01:00,-3309.86,30495.3,15812.95,54347.46,24.32
2019-11-24T17:00+01:00,-2773.58,30977.27,15992.99,58369.42,24.32
2019-11-24T18:00+01:00,-2382.58,31204.42,15621.62,58716.57,24.32
2019-11-24T19:00+01:00,-3376.62,31290.39,14692.31,56922.88,24.32
2019-11-24T20:00+01:00,-3189.48,31150.65,13572.5,54302.02,24.32
2019-11-24T21:00+01:00,-2044.59,30613.64,12498.01,52484.72,24.32
2019-11-24T22:00+01:00,-1316.31,30372.39,11494.64,51550.91,24.32
2019-11-24T23:00+01:00,-2128.43,29716.88,10697.1,48454.55,24.32
2019-11-25T00:00+01:00,-1827.62,28991.48,10162.94,46169.32,24.32
2019-11-25T01:00+01:00,-1162.96,28437.69,9720.14,44979.6,24.32
2019-11-25T02:00+01:00,595.81,28198.09,9393.45,44455.92,24.32
2019-11-25T03:00+01:00,1165.37,28475.83,9140.28,45023.3,24.32
2019-11-25T04:00+01:00,1146.62,29443.65,9151.08,46990.99,24.32
2019-11-25T05:00+01:00,-165.7,32826.13,9415.05,51238.49,24.32
2019-11-25T06:00+01:00,2130.5,37722.83,10047.87,60109.06,24.32
2019-11-25T07:00+01:00,4207.84,40800.8,10163.38,67301.05,24.32
2019-11-25T08:00+01:00,1582.51,43092.34,10510.9,69841.4,24.32
2019-11-25T09:00+01:00,565.07,44045.57,11304.47,70256.89,24.32
2019-11-25T10:00+01:00,973.32,44646.97,11945.19,71077.12,24.32
2019-11-25T11:00+01:00,1257.17,44819.01,12331.6,71800.52,24.32
2019-11-25T12:00+01:00,2439.66,44838.32,11863.87,71454.15,24.32
2019-11-25T13:00+01:00,3611.51,44981.63,11126.61,71147.06,24.32
2019-11-25T14:00+01:00,2166.47,45120.18,10272.14,70012.66,24.32
2019-11-25T15:00+01:00,1927.69,45032.43,9514.18,69804.05,24.32
2019-11-25T16:00+01:00,591.56,45265.69,9476.14,70513.24,24.32
2019-11-25T17:00+01:00,753.9,45931.29,9972.54,72070.77,24.32
2019-11-25T18:00+01:00,1897.65,45694.84,10349.7,71400.9,24.32
2019-11-25T19:00+01:00,2135.66,45229.96,10848.68,69437.68,24.32
2019-11-25T20:00+01:00,-616.79,44663.09,11148.11,65865.44,24.32
2019-11-25T21:00+01:00,-1664.17,42619.24,11589.39,62276.84,24.32
2019-11-25T22:00+01:00,-2640.61,40217.53,12043.75,58943,24.32
2019-11-25T23:00+01:00,-2982.64,38000.44,12377.7,54546.52,24.32
2019-11-26T00:00+01:00,-3794.88,35225.97,12465.14,51488.27,24.32
2019-11-26T01:00+01:00,-4541.31,34622.41,12575.66,49552.37,24.32
2019-11-26T02:00+01:00,-4059.8,33734.52,12949.17,48729.36,24.32
2019-11-26T03:00+01:00,-3564.85,33223.13,13361.25,49386.39,24.32
2019-11-26T04:00+01:00,-3736.9,34018.05,14089.37,50911.48,24.32
2019-11-26T05:00+01:00,-3450.22,35934.69,14707.08,54629.02,24.32
2019-11-26T06:00+01:00,-5035.45,41048.65,15743.08,63352.38,24.32
2019-11-26T07:00+01:00,-5642.48,44248.98,16749.3,69676.09,24.32
2019-11-26T08:00+01:00,-3391.31,44536.7,17425.42,71514.93,24.32
2019-11-26T09:00+01:00,-5448.11,44686.16,19226.17,71318.73,24.32
2019-11-26T10:00+01:00,-4008.83,44326.32,20361.58,71892.48,24.32
2019-11-26T11:00+01:00,-4166.43,44264.81,21007.92,72567.08,24.32
2019-11-26T12:00+01:00,-3192.31,43963.2,20519.43,72161.6,24.32
2019-11-26T13:00+01:00,-3002.79,43655.59,19797.48,71413.89,24.32
2019-11-26T14:00+01:00,-4064.11,43461.92,18812.11,70661.25,24.32
2019-11-26T15:00+01:00,-1663.18,43002.94,17221.32,70194.48,24.32
2019-11-26T16:00+01:00,-1813.78,42570.7,17361.95,71518.94,24.32
2019-11-26T17:00+01:00,-2991.39,43097.17,18913.14,73431.37,24.32
2019-11-26T18:00+01:00,-4330.23,43051.3,20032.29,73010.58,24.32
2019-11-26T19:00+01:00,-5996.31,42704.58,21020.83,71168.92,24.32
2019-11-26T20:00+01:00,-6759.78,40807.86,21198.12,67800.01,24.32
2019-11-26T21:00+01:00,-5628.99,37081.05,21290.19,64173.08,24.32
2019-11-26T22:00+01:00,-5845.02,34212.21,21271.77,59947.5,24.32
2019-11-26T23:00+01:00,-8206.77,32087.98,21759.08,55251.24,24.32
2019-11-27T00:00+01:00,-7386.99,28820.14,21655.15,52070.12,24.32
2019-11-27T01:00+01:00,-7130.12,27707.58,21197.55,49749.3,24.32
2019-11-27T02:00+01:00,-5908.75,26647.63,21590.35,49027.5,24.32
2019-11-27T03:00+01:00,-4638.35,25900.93,21796.91,49830.78,24.32
2019-11-27T04:00+01:00,-4843.5,26792.83,21627.18,51649.6,24.32
2019-11-27T05:00+01:00,-5623.86,29148.51,22385.46,55414.14,24.32
2019-11-27T06:00+01:00,-5340.74,32657.52,23876.02,63624.67,24.32
2019-11-27T07:00+01:00,-4702.01,35064.68,26392.74,70412.25,24.32
2019-11-27T08:00+01:00,-5769.87,35510.94,28274.05,73396.1,24.32
2019-11-27T09:00+01:00,-7609.7,36327.81,29498.26,74351.12,24.32
2019-11-27T10:00+01:00,-7902.82,36502.41,31440.43,75272.06,24.32
2019-11-27T11:00+01:00,-7591.81,35830,32774.72,75869.33,24.32
2019-11-27T12:00+01:00,-7098.78,35036.33,33758.86,75169.9,24.32
2019-11-27T13:00+01:00,-6698.16,34332.17,32923.01,74587.53,24.32
2019-11-27T14:00+01:00,-6847.95,34534.75,31276.14,73592.88,24.32
2019-11-27T15:00+01:00,-5166.48,34937.99,29713.3,72935.52,24.32
2019-11-27T16:00+01:00,-4747.73,34854.03,30651.11,73994.06,24.32
2019-11-27T17:00+01:00,-6151.9,34464.55,32980.89,75717.23,24.32
2019-11-27T18:00+01:00,-8751.88,34213.24,34608.62,75164.6,24.32
2019-11-27T19:00+01:00,-10527.53,33030.76,36186.68,73051.68,24.32
2019-11-27T20:00+01:00,-10930.94,29085.1,37838.18,68885.46,24.32
2019-11-27T21:00+01:00,-12145.37,25125.86,38918.74,64754.58,24.32
2019-11-27T22:00+01:00,-11677.43,22121.61,38725.27,61655.5,24.32
2019-11-27T23:00+01:00,-13178.47,20075.23,39006.66,57148.74,24.32
2019-11-28T00:00+01:00,-12882.14,17330.51,39440.24,53580.32,24.32
2019-11-28T01:00+01:00,-11955.36,15815.28,39565,51938.82,24.32
2019-11-28T02:00+01:00,-11702.95,15583.27,40283.71,51174.04,24.32
2019-11-28T03:00+01:00,-11857.84,15582.64,40693.24,51619.15,24.32
2019-11-28T04:00+01:00,-11650.45,16094.66,41030.47,53506.82,24.32
2019-11-28T05:00+01:00,-11027.52,17917.98,41875.67,57729.89,24.32
2019-11-28T06:00+01:00,-12675.3,22466.39,43542.61,65710.68,24.32
2019-11-28T07:00+01:00,-12714.44,25069.63,43541.34,71673.5,24.32
2019-11-28T08:00+01:00,-12082.97,26833.41,43290.02,73458.34,24.32
2019-11-28T09:00+01:00,-11937.77,26791.8,43884.66,73353.71,24.32
2019-11-28T10:00+01:00,-12058.98,26281.48,45493.39,74247.89,24.32
2019-11-28T11:00+01:00,-12681.98,26111.28,47401.05,75184.81,24.32
2019-11-28T12:00+01:00,-12360.63,26308.23,47936.01,74714.46,24.32
2019-11-28T13:00+01:00,-12384.63,26358.41,47877.44,74559.74,24.32
2019-11-28T14:00+01:00,-12526.23,26511.88,46819.25,73597.77,24.32
2019-11-28T15:00+01:00,-12116.91,27192.95,45524.83,73378.81,24.32
2019-11-28T16:00+01:00,-11649.39,27030.58,45397.85,73991.31,24.32
2019-11-28T17:00+01:00,-11654,27251.15,44523.32,75369.25,24.32
2019-11-28T18:00+01:00,-12571.66,26589.65,44934.91,74222.3,24.32
2019-11-28T19:00+01:00,-13044.45,25777.78,45005.54,72442.34,24.32
2019-11-28T20:00+01:00,-12755.68,24051.24,43658.14,68980.37,24.32
2019-11-28T21:00+01:00,-12738.98,22063.97,42801.7,64306.5,24.32
2019-11-28T22:00+01:00,-11580.49,20530.74,42261.55,61291.53,24.32
2019-11-28T23:00+01:00,-10916.74,17584.09,41946.08,57587.7,24.32
2019-11-29T00:00+01:00,-11040.29,15865.71,40294.91,53777.76,24.32
2019-11-29T01:00+01:00,-12039.99,16263.31,39830.29,51677.34,24.32
2019-11-29T02:00+01:00,-11261.7,15897.7,39179.98,50695.04,24.32
2019-11-29T03:00+01:00,-10776.25,17097.55,38758.6,51217.12,24.32
2019-11-29T04:00+01:00,-9831.18,17819.69,38869.01,53117.1,24.32
2019-11-29T05:00+01:00,-9813,19864.15,38432.16,56988.82,24.32
2019-11-29T06:00+01:00,-9750.5,26238.45,38905.35,64861.02,24.32
2019-11-29T07:00+01:00,-8602.35,30073.36,38636.63,71082.87,24.32
2019-11-29T08:00+01:00,-8688.74,31252.35,38023.73,72517.36,24.32
2019-11-29T09:00+01:00,-8684.54,31489.95,39441.76,72529.84,24.32
2019-11-29T10:00+01:00,-8675.59,30671.32,42171.86,73244.16,24.32
2019-11-29T11:00+01:00,-9231.54,30224.32,42622.1,72903.11,24.85
2019-11-29T12:00+01:00,-9616.53,30509.11,41666.35,71879.61,25.03
2019-11-29T13:00+01:00,-8927,30846.99,40415.38,71014.24,25.03
2019-11-29T14:00+01:00,-8285.05,31510.81,35718.87,69472.65,25.03
2019-11-29T15:00+01:00,-7360.81,32431.46,32215.26,68566.32,25.03
2019-11-29T16:00+01:00,-5607.99,32891.18,31113.27,69712.91,25.03
2019-11-29T17:00+01:00,-4245.95,32902.09,30922.71,71767.92,25.03
2019-11-29T18:00+01:00,-4507.52,32824.55,29562.26,70414.61,25.03
2019-11-29T19:00+01:00,-3745.61,32079.32,27763.13,68435.44,25.03
2019-11-29T20:00+01:00,-5167.45,31262.57,26208.12,64926.37,25.03
2019-11-29T21:00+01:00,-7064.25,30498.15,25100.23,61350.03,25.03
2019-11-29T22:00+01:00,-7202.77,29605.31,24096.18,58352.19,25.03
2019-11-29T23:00+01:00,-9011.27,28925.71,22833.18,54150.64,25.03
2019-11-30T00:00+01:00,-9193.18,28769,22207.2,51046.9,25.03
2019-11-30T01:00+01:00,-8931.19,28524.05,21363.98,49456.36,25.03
2019-11-30T02:00+01:00,-9649.62,28863.63,20009.03,47846.96,25.03
2019-11-30T03:00+01:00,-7657.47,28372.33,19437.89,47458.42,25.03
2019-11-30T04:00+01:00,-6710.76,27902.66,19464.59,47486.53,25.03
2019-11-30T05:00+01:00,-8033.67,28636.44,19268.5,47654.54,25.03
2019-11-30T06:00+01:00,-9606.95,29817.62,19312.83,48611.04,25.03
2019-11-30T07:00+01:00,-7982.87,30686.93,18835.65,51790.91,25.03
2019-11-30T08:00+01:00,-6352.85,32165.3,18485.36,55161.31,25.03
2019-11-30T09:00+01:00,-6745.91,32680.35,20133.48,57507.68,25.03
2019-11-30T10:00+01:00,-6355.96,32644.76,21995.39,58284.95,25.03
2019-11-30T11:00+01:00,-7228.6,32613.49,22807.66,58433.17,25.03
2019-11-30T12:00+01:00,-7020.95,32289.48,22427.77,57735.51,25.03
2019-11-30T13:00+01:00,-6633.78,32364.32,20529.1,56149.3,25.03
2019-11-30T14:00+01:00,-5865.01,32500.96,17684.59,55079.01,25.03
2019-11-30T15:00+01:00,-2443.28,32247.13,14341.38,55034.65,25.03
2019-11-30T16:00+01:00,-22.37,32577.17,13532.32,57671.56,25.03
2019-11-30T17:00+01:00,-301.12,33312.33,14356.1,60652.83,25.03
2019-11-30T18:00+01:00,-1881.59,33362.39,14791.28,60116.16,25.03
2019-11-30T19:00+01:00,-2349.38,33046.01,14525.71,58558.81,25.03
2019-11-30T20:00+01:00,-3563.82,33066.02,13852.78,55386.04,25.03
2019-11-30T21:00+01:00,-4597.69,33008.27,13503.6,52891.54,25.03
2019-11-30T22:00+01:00,-5080.39,32348.3,13589.76,51597.08,25.03
2019-11-30T23:00+01:00,-5773.6,31199.56,13734.27,48722.43,25.03
2019-12-01T00:00+01:00,-8199.19,30680.24,13826.61,46164.67,25.03
2019-12-01T01:00+01:00,-7628.15,30205.49,13531.24,44078.94,25.03
2019-12-01T02:00+01:00,-7182.39,30197.16,13073.75,43090.45,25.03
2019-12-01T03:00+01:00,-6107.11,29922.29,12888.34,42641.28,25.03
2019-12-01T04:00+01:00,-5041.63,29280.73,13101.5,42906.86,25.03
2019-12-01T05:00+01:00,-6616.26,28933.88,13571.26,43802.16,25.03
2019-12-01T06:00+01:00,-7838.04,29501.77,14450.14,47551.09,25.03
2019-12-01T07:00+01:00,-8320.91,30151.81,14567.12,47780.66,25.03
2019-12-01T08:00+01:00,-7306.52,31737.33,15059.6,50999.87,25.03
2019-12-01T09:00+01:00,-5103.02,32275.01,16250.91,52995.85,25.03
2019-12-01T10:00+01:00,-5191.25,33009.43,17060.31,54132.71,25.03
2019-12-01T11:00+01:00,-4053.58,33837.77,16544.18,56056.44,25.03
2019-12-01T12:00+01:00,-3917.15,34149.74,15780.96,55963.86,25.03
2019-12-01T13:00+01:00,-3972.92,34404.1,14202.02,54300.22,25.03
2019-12-01T14:00+01:00,-3481.11,34500.11,12567.66,53152.42,25.03
2019-12-01T15:00+01:00,-2090.96,34352.64,11565.94,53236.59,25.03
2019-12-01T16:00+01:00,-692.63,34507.08,11600.62,55312.08,25.03
2019-12-01T17:00+01:00,-1716.17,35359.88,12156.2,58112.21,25.03
2019-12-01T18:00+01:00,-2410.73,35624.69,12468.83,58649.91,25.03
2019-12-01T19:00+01:00,-3557.71,35512.04,12546.8,57564.74,25.03
2019-12-01T20:00+01:00,-4735.92,35061.67,12439.13,55115.23,25.03
2019-12-01T21:00+01:00,-4768.96,34808.68,12525.48,53553.7,25.03
2019-12-01T22:00+01:00,-3881.67,33613.57,13401.65,52923.94,25.03
2019-12-01T23:00+01:00,-5309.43,32077.51,14267.48,49984.94,25.03
2019-12-02T00:00+01:00,-5522.64,30662.72,15398.45,46551.13,25.03
2019-12-02T01:00+01:00,-6073.29,30224.39,16813.66,45428.62,25.03
2019-12-02T02:00+01:00,-5845.79,28465.32,18753.63,44793.54,25.03
2019-12-02T03:00+01:00,-5987.68,27809.39,19842.9,45129.21,25.03
2019-12-02T04:00+01:00,-7769.9,29870.29,20571.29,46874.37,25.03
2019-12-02T05:00+01:00,-10163.6,33460.39,21216.42,50709.26,25.03
2019-12-02T06:00+01:00,-8713.44,37286.46,22887.7,60076.86,25.03
2019-12-02T07:00+01:00,-7433.24,39488.58,24093.35,67590.41,25.03
2019-12-02T08:00+01:00,-6942.47,40137.1,25676.42,69189.4,25.03
2019-12-02T09:00+01:00,-8298.17,40736.32,27244.14,69774.55,25.03
2019-12-02T10:00+01:00,-8996.43,40403.87,29094.48,70763.87,25.03
2019-12-02T11:00+01:00,-9029.62,40614.22,30488.58,71522.39,25.03
2019-12-02T12:00+01:00,-9348.7,40374.32,30742.56,71361.3,25.03
2019-12-02T13:00+01:00,-8837.86,40844.11,29065.58,71174.46,25.03
2019-12-02T14:00+01:00,-7820.49,41376.91,26733.38,70530.53,25.03
2019-12-02T15:00+01:00,-6200.73,41381.1,24361.59,70138.39,25.03
2019-12-02T16:00+01:00,-7119.26,41663.72,24440.8,70876.98,25.03
2019-12-02T17:00+01:00,-6339.72,42237.98,23866.36,72303.25,25.03
2019-12-02T18:00+01:00,-6275.97,42519.54,22987.88,71220.53,25.03
2019-12-02T19:00+01:00,-5961.48,42281.53,22296.5,69557.94,25.03
2019-12-02T20:00+01:00,-6589.38,41531.83,20819.2,65469.04,25.03
2019-12-02T21:00+01:00,-6560.58,40632.49,19362.56,62010.51,25.03
2019-12-02T22:00+01:00,-5981.59,39153.45,17885.19,58792.98,25.03
2019-12-02T23:00+01:00,-5916.62,36547,16584.5,54169.9,25.03
2019-12-03T00:00+01:00,-6233.58,36250.29,15396.39,53466.2,25.03
2019-12-03T01:00+01:00,-6069.02,36398.28,14318.26,51109.42,25.03
2019-12-03T02:00+01:00,-5230.13,35449.96,14182.05,50344.61,25.03
2019-12-03T03:00+01:00,-4701.18,35449.62,13615.47,50735.68,25.03
2019-12-03T04:00+01:00,-3995.62,36349.23,13249.39,52075.99,25.03
2019-12-03T05:00+01:00,-5332.5,39887.35,12794.52,55516.53,25.03
2019-12-03T06:00+01:00,-3554.81,43202.66,12847.92,63697.83,25.03
2019-12-03T07:00+01:00,-1921.69,44860.62,13498.03,69927.85,25.03
2019-12-03T08:00+01:00,-3106.57,45475.26,14953.9,72028.98,25.03
2019-12-03T09:00+01:00,-3926.62,45546.38,17667.96,71945.16,25.03
2019-12-03T10:00+01:00,-5631.69,44952.47,21159.88,72251.91,25.03
2019-12-03T11:00+01:00,-5847.69,44245.33,24335.81,72655.52,25.03
2019-12-03T12:00+01:00,-5452.87,43112.35,25621.27,72182.2,25.03
2019-12-03T13:00+01:00,-6537.47,43137.79,25535.15,71615.68,25.03
2019-12-03T14:00+01:00,-6389.5,43652.16,24093.48,70946.01,25.03
2019-12-03T15:00+01:00,-6324.18,43706.51,21786.46,71054.27,25.03
2019-12-03T16:00+01:00,-6412.5,44287.72,21362.58,72643.09,25.03
2019-12-03T17:00+01:00,-5904.38,44584.88,22250.14,75257.15,25.03
2019-12-03T18:00+01:00,-5940.41,44022.14,23226.08,74363.85,25.03
2019-12-03T19:00+01:00,-6341.61,42407.4,24387.67,73003.43,25.03
2019-12-03T20:00+01:00,-6287.06,38909.71,25145.39,69293.04,25.03
2019-12-03T21:00+01:00,-6989.69,37188.1,26162.95,65688,25.03
2019-12-03T22:00+01:00,-7467.12,34568.2,26629.69,62160.36,25.03
2019-12-03T23:00+01:00,-8129.12,32237.28,26586.31,57813.9,25.03
2019-12-04T00:00+01:00,-7663.99,29947.3,25953.77,54863.82,25.03
2019-12-04T01:00+01:00,-7968.95,29534.03,24990.87,53079.21,25.03
2019-12-04T02:00+01:00,-8236.82,30213.91,23896.01,51744.25,25.03
2019-12-04T03:00+01:00,-8200.78,30663.33,22966.51,52223.72,25.03
2019-12-04T04:00+01:00,-8238.57,32388.4,21958.71,53918.66,25.03
2019-12-04T05:00+01:00,-7644.45,34595.83,21315.45,57427.2,25.03
2019-12-04T06:00+01:00,-6162.43,39104.42,20653.1,65352.14,25.03
2019-12-04T07:00+01:00,-6215.82,42138.54,20093.66,71610.62,25.03
2019-12-04T08:00+01:00,-5369.21,42513.8,20812.34,72478.22,25.03
2019-12-04T09:00+01:00,-6999.43,42550.68,23748.69,72114.32,25.03
2019-12-04T10:00+01:00,-8120.18,42368.29,26727.04,72006.5,25.03
2019-12-04T11:00+01:00,-8285.32,42075.48,28882.69,72479.48,25.03
2019-12-04T12:00+01:00,-8992.17,41775.69,29126.45,72096.8,25.03
2019-12-04T13:00+01:00,-8519.45,41926.32,27241.31,71499.76,25.03
2019-12-04T14:00+01:00,-6853.52,42541.37,23316.13,70379.69,25.03
2019-12-04T15:00+01:00,-5468.87,43142.03,19279.64,70610.04,25.03
2019-12-04T16:00+01:00,-4306.28,43371.17,17834.09,71878.31,25.03
2019-12-04T17:00+01:00,-3040.56,44230.25,18529.75,74588.38,25.03
2019-12-04T18:00+01:00,-3504.66,44148.13,18595.85,74088.44,25.03
2019-12-04T19:00+01:00,-3473.01,43248.15,18736.45,72115.96,25.03
2019-12-04T20:00+01:00,-4081.69,42117.35,18590.13,68265.13,25.03
2019-12-04T21:00+01:00,-4344.36,40735.65,18356.8,65074.92,25.03
2019-12-04T22:00+01:00,-3707.91,38656.67,17646.3,62285.02,25.03
2019-12-04T23:00+01:00,-4282.65,35624.98,17914.74,58319.97,25.03
2019-12-05T00:00+01:00,-4352.55,32848.58,18063.38,55579.18,25.03
2019-12-05T01:00+01:00,-4473.65,32473.81,18095.53,53674.48,25.03
2019-12-05T02:00+01:00,-4753.54,32401.84,18430.09,52690.81,25.03
2019-12-05T03:00+01:00,-4813.99,32823.6,18558.84,52779.86,25.03
2019-12-05T04:00+01:00,-4937.5,33535.23,18812.19,53969.14,25.03
2019-12-05T05:00+01:00,-5610.88,35203.53,19765.64,57621.97,25.03
2019-12-05T06:00+01:00,-4796.79,39067.74,20797.75,65639.63,25.03
2019-12-05T07:00+01:00,-4023.8,41299.35,21204.27,72082.62,25.03
2019-12-05T08:00+01:00,-4340.54,41923.51,22689.72,73967.03,25.03
2019-12-05T09:00+01:00,-6028.86,41239.78,25990.26,73727.47,25.03
2019-12-05T10:00+01:00,-7253.74,39885.79,29163.9,73486.88,25.03
2019-12-05T11:00+01:00,-7688.05,39734.94,29786.73,73465.73,25.03
2019-12-05T12:00+01:00,-7750.13,39659.38,29217.2,72781.1,25.03
2019-12-05T13:00+01:00,-6699.85,39995.63,28140.23,72201.28,25.03
2019-12-05T14:00+01:00,-6321.02,40729.65,26481.9,71663.29,25.03
2019-12-05T15:00+01:00,-4689.39,40168.45,25890.71,72522.34,25.03
2019-12-05T16:00+01:00,-5905.46,39849.18,28066.97,74636.11,25.03
2019-12-05T17:00+01:00,-6270.93,39304.77,30707.93,77070.56,25.03
2019-12-05T18:00+01:00,-6344.99,38058.01,32672.89,76290.5,25.03
2019-12-05T19:00+01:00,-7531.64,36538.39,34085.42,74658.34,25.03
2019-12-05T20:00+01:00,-6966.03,32188.85,35292.28,70177.63,25.03
2019-12-05T21:00+01:00,-7035.41,28066.45,36029.1,66726.61,25.03
2019-12-05T22:00+01:00,-7900.06,25262.9,35943.85,64169.96,25.03
2019-12-05T23:00+01:00,-7628.92,22644.78,37071.86,60331.64,25.03
2019-12-06T00:00+01:00,-8378.6,20178.6,37789.72,57527.73,25.03
2019-12-06T01:00+01:00,-7776.92,18763.6,37755.07,55830.25,25.03
2019-12-06T02:00+01:00,-6861.61,17455.94,38063.46,55065.06,25.03
2019-12-06T03:00+01:00,-8325.7,18326.88,38175.59,55216.62,25.03
2019-12-06T04:00+01:00,-8460.52,19393.17,38483.36,55915.57,25.03
2019-12-06T05:00+01:00,-8795.44,21346.97,38391.1,59265.62,25.03
2019-12-06T06:00+01:00,-8558.79,23979.45,39754.66,67042.56,25.03
2019-12-06T07:00+01:00,-6394.72,24751.84,39886.52,73355.94,25.03
2019-12-06T08:00+01:00,-6185.43,25567.91,40562.32,75324.42,25.03
2019-12-06T09:00+01:00,-8688.08,25153.18,42760.46,75356.17,25.03
2019-12-06T10:00+01:00,-8889.07,24412.84,45931.86,75698.43,25.03
2019-12-06T11:00+01:00,-8960.34,23730.66,47596.98,75708.01,24.78
2019-12-06T12:00+01:00,-11201.35,23955.32,48248.61,74608.78,24.7
2019-12-06T13:00+01:00,-10573.22,23476,47710.7,73400.77,24.7
2019-12-06T14:00+01:00,-10915.87,23270.89,45683.08,72419.8,24.7
2019-12-06T15:00+01:00,-11081.41,23761.37,44368.96,72388.89,24.7
2019-12-06T16:00+01:00,-10047.66,24589.55,44690.69,74231.37,24.7
2019-12-06T17:00+01:00,-9733.59,25083.42,45812.88,75116.74,24.7
2019-12-06T18:00+01:00,-9915.42,23927.62,46697.52,73932.92,24.7
2019-12-06T19:00+01:00,-11149.02,22712.43,47474.11,71574.03,24.7
2019-12-06T20:00+01:00,-12109.47,19707.61,48039.23,67794.45,24.7
2019-12-06T21:00+01:00,-11572.01,16494.46,47725.37,64563.37,24.7
2019-12-06T22:00+01:00,-11542.84,14924.32,46815.13,61252.44,24.7
2019-12-06T23:00+01:00,-11587.59,13119.97,47106.85,57907.09,24.7
2019-12-07T00:00+01:00,-12363.91,12099.3,47654.41,55306.79,24.7
2019-12-07T01:00+01:00,-12032.32,11891.73,47436.86,53025.48,24.7
2019-12-07T02:00+01:00,-12305.5,11795.85,47447.83,51381.74,24.7
2019-12-07T03:00+01:00,-12466.9,11858.66,47345.52,50617.21,24.7
2019-12-07T04:00+01:00,-12390.54,11828.55,47364.9,50787.43,24.7
2019-12-07T05:00+01:00,-12621.31,11901.81,47180.28,51360.14,24.7
2019-12-07T06:00+01:00,-11935.94,11935.69,46972.16,52643.84,24.7
2019-12-07T07:00+01:00,-12546.59,12927.44,47075.54,55786.1,24.7
2019-12-07T08:00+01:00,-12527.52,14623.45,45993.46,58595.41,24.7
2019-12-07T09:00+01:00,-13671.03,16803.44,46327.73,61486.23,24.7
2019-12-07T10:00+01:00,-13477.2,16567.84,46988.01,63120.43,24.7
2019-12-07T11:00+01:00,-12923.78,16646.35,47037.48,64069.82,24.7
2019-12-07T12:00+01:00,-12313.31,17455.14,46046.17,63246.11,24.7
2019-12-07T13:00+01:00,-12057.31,17344.76,43020.82,61593.23,24.7
2019-12-07T14:00+01:00,-11092.52,18092.26,40831.91,59570.66,24.7
2019-12-07T15:00+01:00,-10423.19,18428.08,39151.24,59595.41,24.7
2019-12-07T16:00+01:00,-8873.75,18808.71,37698.37,61394.16,24.7
2019-12-07T17:00+01:00,-7229.38,19061.48,37352.78,63469.29,24.7
2019-12-07T18:00+01:00,-7224.79,18575.3,37472.58,63392.52,24.7
2019-12-07T19:00+01:00,-8867.89,17778.2,37529.69,61557.11,24.7
2019-12-07T20:00+01:00,-12263.3,16857.18,38195.75,57736.8,24.7
2019-12-07T21:00+01:00,-13176.85,15682.48,38586.92,55511.55,24.7
2019-12-07T22:00+01:00,-12977.15,14570.33,38431.61,53707.72,24.7
2019-12-07T23:00+01:00,-12743.73,13148.24,39024.38,50254.52,24.7
2019-12-08T00:00+01:00,-12509.35,11620.84,39429.82,46931.11,24.7
2019-12-08T01:00+01:00,-13123.83,10936.48,38694.93,45164.12,24.7
2019-12-08T02:00+01:00,-12583.62,10596.09,38394.27,44155.78,24.7
2019-12-08T03:00+01:00,-12583.75,10605.08,39294.49,43984.6,24.7
2019-12-08T04:00+01:00,-12266.99,10619.32,39810.92,45524.65,24.7
2019-12-08T05:00+01:00,-12374.58,10712.95,40606.53,46089.82,24.7
2019-12-08T06:00+01:00,-12243.74,10756.23,42032,46720.03,24.7
2019-12-08T07:00+01:00,-12618.72,10845.29,43021.13,49179.65,24.7
2019-12-08T08:00+01:00,-12044.86,10672.57,45182.8,52432.4,24.7
2019-12-08T09:00+01:00,-12523.9,10706.09,48282.16,55656.07,24.7
2019-12-08T10:00+01:00,-11942.59,10744.65,50168.3,58670.16,24.7
2019-12-08T11:00+01:00,-12392.13,10758.28,52111.76,60804.99,24.7
2019-12-08T12:00+01:00,-12501.16,10787.53,53022.81,60843.58,24.7
2019-12-08T13:00+01:00,-12285.86,10826.7,52242.54,59315.2,24.7
2019-12-08T14:00+01:00,-11803.97,11039.9,50764.69,57911.56,24.7
2019-12-08T15:00+01:00,-11461.65,11112.15,50493.16,57330.65,24.7
2019-12-08T16:00+01:00,-12371.14,11165.53,50362.63,58785.2,24.7
2019-12-08T17:00+01:00,-12307.39,11330.25,49428.03,61320.68,24.7
2019-12-08T18:00+01:00,-12447.43,11378.43,47750.26,61484.04,24.7
2019-12-08T19:00+01:00,-12697.96,11453.76,46810.33,60180.88,24.7
2019-12-08T20:00+01:00,-11996.73,11425.56,46208.53,57449.29,24.7
2019-12-08T21:00+01:00,-12353.68,11278.9,45744.43,55953.33,24.7
2019-12-08T22:00+01:00,-11709.83,11286.84,43848.04,55031.39,24.7
2019-12-08T23:00+01:00,-11273.59,11173.8,42741.15,51637.21,24.7
2019-12-09T00:00+01:00,-10804.76,11441.98,42424.71,50210.34,24.7
2019-12-09T01:00+01:00,-11086.77,11490,41783.78,48791.05,24.7
2019-12-09T02:00+01:00,-11075.2,11520.32,41953.64,48347.57,24.7
2019-12-09T03:00+01:00,-10574.43,11550.6,41843.19,48905.72,24.7
2019-12-09T04:00+01:00,-10408.56,11860.85,41557.27,50737.2,24.7
2019-12-09T05:00+01:00,-9819.34,13708.86,41706.15,54735.36,24.7
2019-12-09T06:00+01:00,-9040.55,17741.6,43223,63688.74,24.7
2019-12-09T07:00+01:00,-8161.91,21811.8,42686.6,70439.14,24.7
2019-12-09T08:00+01:00,-7476.44,23274.16,41767.83,72632.46,24.7
2019-12-09T09:00+01:00,-6561.04,23928.46,42057.1,72188.07,24.7
2019-12-09T10:00+01:00,-5176.7,24675.89,42249.3,73181.2,24.7
2019-12-09T11:00+01:00,-5482,25487.84,42133.17,73443.33,24.7
2019-12-09T12:00+01:00,-6453.48,25653.44,41117.79,72924.55,24.7
2019-12-09T13:00+01:00,-4655.79,26355.94,38027.93,72449.81,24.7
2019-12-09T14:00+01:00,-2676.16,27058.89,34134.71,71622.04,24.7
2019-12-09T15:00+01:00,-3046.93,27373.81,31941.1,71464.31,24.7
2019-12-09T16:00+01:00,-1623.88,27887.28,32252.73,72496.15,24.7
2019-12-09T17:00+01:00,-3768.35,28223.47,34604.63,74323.25,24.7
2019-12-09T18:00+01:00,-5257.71,28061.94,35730.26,73641.39,24.7
2019-12-09T19:00+01:00,-6803.21,27563.52,37512.28,71623.9,24.7
2019-12-09T20:00+01:00,-7856.61,25026.69,39054.05,67966.5,24.7
2019-12-09T21:00+01:00,-8495.67,22098.05,40096.58,64271.28,24.7
2019-12-09T22:00+01:00,-8072.31,19773.95,39461.32,60985.24,24.7
2019-12-09T23:00+01:00,-9938.2,19153.26,39593.17,56948.39,24.7
2019-12-10T00:00+01:00,-11100.44,18984.39,39484.88,54875.06,24.7
2019-12-10T01:00+01:00,-11264.4,18635.79,38259.68,53131.92,24.7
2019-12-10T02:00+01:00,-11672.11,19763.68,36217.59,51790.76,24.7
2019-12-10T03:00+01:00,-10893.11,22098.07,33963.85,51765.04,24.7
2019-12-10T04:00+01:00,-9928.87,24107.35,31078.33,53781.19,24.7
2019-12-10T05:00+01:00,-9455.31,27852.64,28370.21,57305.04,24.7
2019-12-10T06:00+01:00,-6128.05,31923.95,26139.48,64408.51,24.7
2019-12-10T07:00+01:00,-3679.75,34996.21,23606.8,70291.08,24.7
2019-12-10T08:00+01:00,-3122.69,36714.69,22273.22,72080.22,24.7
2019-12-10T09:00+01:00,-3095.83,36805.92,24323.91,71897.67,24.7
2019-12-10T10:00+01:00,-5375.26,36738.06,27012.47,72026.93,24.7
2019-12-10T11:00+01:00,-6356.56,37320.91,28532.45,71508.8,24.7
2019-12-10T12:00+01:00,-5312.06,36965.23,29376.58,71065.41,24.7
2019-12-10T13:00+01:00,-5331.72,37097.5,29389.29,70728.83,24.7
2019-12-10T14:00+01:00,-5108.22,36826.99,27721.57,70522.49,24.7
2019-12-10T15:00+01:00,-4650.75,36815.67,25980.41,70598.4,24.7
2019-12-10T16:00+01:00,-5696.76,36343.49,27516.75,73117.71,24.7
2019-12-10T17:00+01:00,-7712.11,36495.66,31311.39,75880.86,24.7
2019-12-10T18:00+01:00,-8601.66,35302.04,34611.09,75753.83,24.7
2019-12-10T19:00+01:00,-8984.73,32690.16,37386.67,74348.54,24.7
2019-12-10T20:00+01:00,-10528.83,29829.4,39217.33,70889.4,24.7
2019-12-10T21:00+01:00,-10720.32,27475.56,40622.26,67531.96,24.7
2019-12-10T22:00+01:00,-10992.19,24041.78,41174.85,64105.21,24.7
2019-12-10T23:00+01:00,-10883.76,19755.38,42152.72,60186.41,24.7
2019-12-11T00:00+01:00,-11454.01,18088.03,42800.09,57068.18,24.7
2019-12-11T01:00+01:00,-11096.28,17315.18,42494.45,54980.92,24.7
2019-12-11T02:00+01:00,-11016.94,17305.22,41743.82,54090.4,24.7
2019-12-11T03:00+01:00,-10251.77,17966.21,40570.58,54542.82,24.7
2019-12-11T04:00+01:00,-10850.97,19996.52,38843.43,55428.63,24.7
2019-12-11T05:00+01:00,-11770.78,24358.38,36923.1,58747.08,24.7
2019-12-11T06:00+01:00,-11528.6,31513.9,35413.73,66366.69,24.7
2019-12-11T07:00+01:00,-9462.15,36315.62,32943.46,72952.04,24.7
2019-12-11T08:00+01:00,-9078.7,38471.3,30420.35,74931.8,24.7
2019-12-11T09:00+01:00,-7417.52,39618.66,29059.67,74748.89,24.7
2019-12-11T10:00+01:00,-5665.55,40086.91,28050.48,75105.96,24.7
2019-12-11T11:00+01:00,-6402.55,40384.15,27384.16,75162.54,24.7
2019-12-11T12:00+01:00,-5257.58,41261.81,25500.52,74400.88,24.7
2019-12-11T13:00+01:00,-2932.54,41534.74,22701.14,73745.71,24.7
2019-12-11T14:00+01:00,-2657.98,42211.11,19750.08,72891.51,24.7
2019-12-11T15:00+01:00,-1880.24,42461.96,17783.16,72775.15,24.7
2019-12-11T16:00+01:00,-254.85,42655.48,17127.17,73733.78,24.7
2019-12-11T17:00+01:00,-1738.11,42880.72,17729.35,74742.22,24.7
2019-12-11T18:00+01:00,-2428.97,42738.92,18060.88,73670.78,24.7
2019-12-11T19:00+01:00,-438.71,42187.61,18142.89,71855.94,24.7
2019-12-11T20:00+01:00,-1669.46,40564.76,18236.33,68061.8,24.7
2019-12-11T21:00+01:00,-5435.71,39497.34,18578.99,64087.78,24.7
2019-12-11T22:00+01:00,-4488.05,36577.68,18448.63,61139.6,24.7
2019-12-11T23:00+01:00,-4155.63,33787.4,18688.01,56461.32,24.7
2019-12-12T00:00+01:00,-6078.86,33010.68,18313.95,53434.02,24.7
2019-12-12T01:00+01:00,-5452.66,32123,19092.77,51672.16,24.7
2019-12-12T02:00+01:00,-5596.39,31193.99,18688.57,51161.53,24.7
2019-12-12T03:00+01:00,-4944.34,30967.03,18716.63,51197.07,24.7
2019-12-12T04:00+01:00,-5376.59,31827.07,19285.08,52597.76,24.7
2019-12-12T05:00+01:00,-5765.45,34144.61,19302.81,56184.66,24.7
2019-12-12T06:00+01:00,-4681.14,38208.78,19516.29,64191.06,24.7
2019-12-12T07:00+01:00,-4781.5,40257.2,19932.25,70475.25,24.7
2019-12-12T08:00+01:00,-3481.58,40949.13,20354.24,72797.94,24.7
2019-12-12T09:00+01:00,-3814.84,40593.21,21615.46,73078.95,24.7
2019-12-12T10:00+01:00,-4793.82,40634.15,22925.37,73661.61,24.7
2019-12-12T11:00+01:00,-4107.88,39588.96,23912.14,73926.95,24.7
2019-12-12T12:00+01:00,-3702.9,38730.3,24914.04,73067.01,24.7
2019-12-12T13:00+01:00,-1894.67,38279.55,24028.34,72621.27,24.7
2019-12-12T14:00+01:00,-2786.64,38758.34,23356.7,71530.62,24.7
2019-12-12T15:00+01:00,-2524.46,38972.81,22510.66,71332.81,24.7
2019-12-12T16:00+01:00,-3787.34,38784.61,23322.5,72647.46,24.7
2019-12-12T17:00+01:00,-5631.45,38824.56,25704.92,74335.34,24.7
2019-12-12T18:00+01:00,-5649.33,37301.76,28504.86,73877.8,24.7
2019-12-12T19:00+01:00,-6520.1,35575.38,30276.84,72512.37,24.7
2019-12-12T20:00+01:00,-6748.59,32093.82,31820.5,69100.01,24.7
2019-12-12T21:00+01:00,-7331.62,28688.44,33352.65,65530.65,24.7
2019-12-12T22:00+01:00,-8946.27,26470.79,34208.53,62788.59,24.7
2019-12-12T23:00+01:00,-11591.19,24404.34,36079.15,58785.71,24.7
2019-12-13T00:00+01:00,-12490.86,23061.96,37509.03,55644.35,24.7
2019-12-13T01:00+01:00,-12867.84,20850.32,38902.86,54055.93,24.7
2019-12-13T02:00+01:00,-12353.46,18805.07,39513.66,53068.25,24.7
2019-12-13T03:00+01:00,-11220.91,18246.39,39699.19,53935.57,24.7
2019-12-13T04:00+01:00,-10515.6,19128.59,39596.61,54814.86,24.7
2019-12-13T05:00+01:00,-11042.07,21452.63,39401.4,57937.33,24.7
2019-12-13T06:00+01:00,-10144.11,25767.81,39641.47,65249.73,24.7
2019-12-13T07:00+01:00,-8264.67,29177.77,38298.11,72012.82,24.7
2019-12-13T08:00+01:00,-7247.06,30774.77,36782.41,74190.86,24.7
2019-12-13T09:00+01:00,-5834.6,31559.05,35910.53,74250.86,24.7
2019-12-13T10:00+01:00,-5386.99,32137,35020.14,74695.48,24.7
2019-12-13T11:00+01:00,-5344.31,32956.02,33588.1,74362.61,25.17
2019-12-13T12:00+01:00,-3779.75,32817.99,31159.04,72603.06,25.33
2019-12-13T13:00+01:00,-2569.79,32802.76,29029.66,71160.73,25.33
2019-12-13T14:00+01:00,-3470.41,32889,26938.31,69424.33,25.33
2019-12-13T15:00+01:00,-3676.69,33490.24,25052.85,68794.84,25.33
2019-12-13T16:00+01:00,-1974,34058.02,23843.79,70275.41,25.33
2019-12-13T17:00+01:00,-1333.66,34415.64,23490.23,71163,25.33
2019-12-13T18:00+01:00,-2344.92,34262.45,23414.92,69728.7,25.33
2019-12-13T19:00+01:00,-1268.09,33514.29,23832.88,67513.87,25.33
2019-12-13T20:00+01:00,-3244.77,32032.67,24321.26,63646.08,25.33
2019-12-13T21:00+01:00,-4696.92,30486.17,24397.96,60421.85,25.33
2019-12-13T22:00+01:00,-6781.61,28243.28,25606.29,57838.35,25.33
2019-12-13T23:00+01:00,-6208.86,22598.16,27161.53,54212.48,25.33
2019-12-14T00:00+01:00,-8817.04,19765.32,29500.08,50751.11,25.33
2019-12-14T01:00+01:00,-9386.22,17183.73,30831.04,48472.72,25.33
2019-12-14T02:00+01:00,-9371.57,15047.48,31684.08,47271,25.33
2019-12-14T03:00+01:00,-7657.44,13441.12,32841.59,47246.8,25.33
2019-12-14T04:00+01:00,-7735.11,12639.42,33578.6,48305.63,25.33
2019-12-14T05:00+01:00,-8050.92,12689.66,33906.1,48584.47,25.33
2019-12-14T06:00+01:00,-8597.22,13155.7,35027.13,49368.72,25.33
2019-12-14T07:00+01:00,-9737.12,15418.47,36069,52997.08,25.33
2019-12-14T08:00+01:00,-9707.45,16298.95,38122.23,56970.56,25.33
2019-12-14T09:00+01:00,-9738.72,16098.68,41190.03,59950.18,25.33
2019-12-14T10:00+01:00,-9859.98,15137.4,44296.89,61895.58,25.33
2019-12-14T11:00+01:00,-10145.5,14032.78,47970.2,62845.01,25.33
2019-12-14T12:00+01:00,-10832.21,13035.12,50796.82,62945.6,25.33
2019-12-14T13:00+01:00,-11332.02,12198.45,51798.79,62172.23,25.33
2019-12-14T14:00+01:00,-10896.65,12088.41,51071.94,61197.59,25.33
2019-12-14T15:00+01:00,-9860.22,12680.65,49063.11,60895.61,25.33
2019-12-14T16:00+01:00,-9763.75,13273.62,48651.27,62886.96,25.33
2019-12-14T17:00+01:00,-10204.58,13572.05,49219.25,65147.73,25.33
2019-12-14T18:00+01:00,-10909.46,13399.53,49626.83,64498.46,25.33
2019-12-14T19:00+01:00,-11278.09,12720.16,49513.9,62360.7,25.33
2019-12-14T20:00+01:00,-11300.82,11799.23,49442.54,58907.66,25.33
2019-12-14T21:00+01:00,-12380.67,11476.25,48768.15,56870.41,25.33
2019-12-14T22:00+01:00,-12305.95,11524.92,47277.04,56117.48,25.33
2019-12-14T23:00+01:00,-12358.72,11137.21,45522.14,53010.52,25.33
2019-12-15T00:00+01:00,-12302.74,10884.9,42742.64,49033.37,25.33
2019-12-15T01:00+01:00,-12141.08,11027.98,39220,46357.23,25.33
2019-12-15T02:00+01:00,-11411.71,11360.25,36747.78,44979.02,25.33
2019-12-15T03:00+01:00,-9865.99,10974.79,37011.31,44684.14,25.33
2019-12-15T04:00+01:00,-11008.02,11035.47,38819.38,45553.68,25.33
2019-12-15T05:00+01:00,-12492.98,11102.74,41297.79,45758.57,25.33
2019-12-15T06:00+01:00,-12571.19,11036.99,42664.27,46067.44,25.33
2019-12-15T07:00+01:00,-12424.94,11019.02,44852.38,49010.48,25.33
2019-12-15T08:00+01:00,-12297.92,10957.16,47790.84,52422.64,25.33
2019-12-15T09:00+01:00,-13004.27,10918.27,50953.58,55156.31,25.33
2019-12-15T10:00+01:00,-12665.61,10805.65,53089.9,57090.32,25.33
2019-12-15T11:00+01:00,-13784.29,10528.55,54002.75,59379.56,25.33
2019-12-15T12:00+01:00,-13412.89,10521.76,53497.25,58778.35,25.33
2019-12-15T13:00+01:00,-13314.6,10515.78,51125.42,56886.72,25.33
2019-12-15T14:00+01:00,-12772.68,10910.64,47397.86,55613.34,25.33
2019-12-15T15:00+01:00,-11454.45,11690.4,45098.78,55674.1,25.33
2019-12-15T16:00+01:00,-10021.3,13027.69,44423.56,57857.96,25.33
2019-12-15T17:00+01:00,-11622.94,13860.31,44619.98,61216.04,25.33
2019-12-15T18:00+01:00,-11834.19,15019.74,43606.08,61112.45,25.33
2019-12-15T19:00+01:00,-13168.67,15954.88,42556.79,59876.61,25.33
2019-12-15T20:00+01:00,-13035.39,16471.07,41770.97,57685.4,25.33
2019-12-15T21:00+01:00,-12510.83,15902.38,40440.35,55684.58,25.33
2019-12-15T22:00+01:00,-12855.14,16276.82,37856.52,54877.23,25.33
2019-12-15T23:00+01:00,-12556.35,16754.42,35654.59,51173.65,25.33
2019-12-16T00:00+01:00,-11539.19,17009.33,33802.27,48123.83,25.33
2019-12-16T01:00+01:00,-11012.87,16858.64,31985.85,46484.32,25.33
2019-12-16T02:00+01:00,-10156.04,16888.4,31514.16,45741.46,25.33
2019-12-16T03:00+01:00,-8787.55,17285.7,31029.69,46014.78,25.33
2019-12-16T04:00+01:00,-9233.36,17961.8,31237.82,47844.73,25.33
2019-12-16T05:00+01:00,-8435.41,19671.44,31003.45,52193.89,25.33
2019-12-16T06:00+01:00,-6628.26,25107.78,31220.52,60825.05,25.33
2019-12-16T07:00+01:00,-6326.48,30290.82,30949.81,67746.04,25.33
2019-12-16T08:00+01:00,-7188.15,33886.29,31224.71,70432.99,25.33
2019-12-16T09:00+01:00,-7681.91,34382.48,32568.08,70740.93,25.33
2019-12-16T10:00+01:00,-7867.38,34888.14,33176.14,70974.29,25.33
2019-12-16T11:00+01:00,-7575.78,35482.56,31983.87,71266.17,25.33
2019-12-16T12:00+01:00,-7518.53,36376.62,31092.88,70769.67,25.33
2019-12-16T13:00+01:00,-6636.83,37567.5,28567.54,70152.12,25.33
2019-12-16T14:00+01:00,-5769.49,37973.79,24806.21,68803.95,25.33
2019-12-16T15:00+01:00,-5713.38,38580.89,22031.8,68269.68,25.33
2019-12-16T16:00+01:00,-4081.51,39270.29,21843.16,69824.4,25.33
2019-12-16T17:00+01:00,-5447.25,39836.33,22635.41,71229.51,25.33
2019-12-16T18:00+01:00,-5051.33,39479.82,22793.94,70616,25.33
2019-12-16T19:00+01:00,-6145.05,38940.85,22528.87,68785.61,25.33
2019-12-16T20:00+01:00,-6059.7,37820.96,21560.25,64904.62,25.33
2019-12-16T21:00+01:00,-5345.8,35434.37,20991.65,61074.87,25.33
2019-12-16T22:00+01:00,-5939.66,33849.56,19654.95,57684.15,25.33
2019-12-16T23:00+01:00,-8476.19,32678.11,19105.04,53297.2,25.33
2019-12-17T00:00+01:00,-7165.37,29531.63,19188.78,49691.31,25.33
2019-12-17T01:00+01:00,-7960.5,28400.88,20063.37,47113.84,25.33
2019-12-17T02:00+01:00,-7654.92,27277.87,21046.9,46488.96,25.33
2019-12-17T03:00+01:00,-7249.04,26165.68,21389.49,47466.96,25.33
2019-12-17T04:00+01:00,-7168.15,27155,23159.13,48582.61,25.33
2019-12-17T05:00+01:00,-7191.1,27997.97,24468.69,52890.52,25.33
2019-12-17T06:00+01:00,-8331.92,31743.03,26131.13,61025.46,25.33
2019-12-17T07:00+01:00,-9074.65,34263.97,27733.24,67828.5,25.33
2019-12-17T08:00+01:00,-8852.61,35065.42,28683.16,69936.7,25.33
2019-12-17T09:00+01:00,-10473.03,34628.92,30800.56,69654.47,25.33
2019-12-17T10:00+01:00,-10230.71,34223.22,32970.95,69453.27,25.33
2019-12-17T11:00+01:00,-10314.44,33956.24,34959.83,69815.16,25.33
2019-12-17T12:00+01:00,-10653.7,33531.41,35896.2,68872.6,25.33
2019-12-17T13:00+01:00,-10590.56,34020.18,34168.4,68073.12,25.33
2019-12-17T14:00+01:00,-9636.02,33304.8,31418.8,67527.54,25.33
2019-12-17T15:00+01:00,-8545.96,33809.02,31098.19,67462.27,25.33
2019-12-17T16:00+01:00,-9360.6,33312.33,33685.35,69273.53,25.33
2019-12-17T17:00+01:00,-10867.21,33888.27,35608.57,71815.62,25.33
2019-12-17T18:00+01:00,-9637.29,33254.08,36218.27,71310.73,25.33
2019-12-17T19:00+01:00,-11467.35,32452.09,36731.23,70006.47,25.33
2019-12-17T20:00+01:00,-12544.61,30484.17,36489.68,65621.02,25.33
2019-12-17T21:00+01:00,-13122.04,27467.55,36487.25,61326.39,25.33
2019-12-17T22:00+01:00,-12503.57,24666.99,37292.84,58425.29,25.33
2019-12-17T23:00+01:00,-13149.03,20410.49,39563.35,54792.2,25.33
2019-12-18T00:00+01:00,-12928.42,17871.21,40016.01,51507.97,25.33
2019-12-18T01:00+01:00,-13219.17,16579.63,40039.19,49169.06,25.33
2019-12-18T02:00+01:00,-13571.01,16296.29,39754,47921.74,25.33
2019-12-18T03:00+01:00,-12515.64,16886.47,37395.65,47982.03,25.33
2019-12-18T04:00+01:00,-11747.19,18776.28,35526.5,49515.1,25.33
2019-12-18T05:00+01:00,-10795.81,21413.76,33943.48,53570.84,25.33
2019-12-18T06:00+01:00,-9811.42,28891.12,32180.54,61593.7,25.33
2019-12-18T07:00+01:00,-8132.45,35028.46,29250.32,67684.87,25.33
2019-12-18T08:00+01:00,-7790.98,37870.47,26095.52,69590.86,25.33
2019-12-18T09:00+01:00,-5125.34,38711.57,24658.9,69353.55,25.33
2019-12-18T10:00+01:00,-6468.52,38985.48,25080.01,69490.82,25.33
2019-12-18T11:00+01:00,-4647.93,38847.06,25232.52,69755.16,25.33
2019-12-18T12:00+01:00,-3707.39,38298.3,24312.01,69008.41,25.33
2019-12-18T13:00+01:00,-1420.26,37700.1,22406.05,67562.51,25.33
2019-12-18T14:00+01:00,-505.44,38111.3,19473.13,66145.97,25.33
2019-12-18T15:00+01:00,73.65,38562.39,15370.44,65697.17,25.33
2019-12-18T16:00+01:00,25.64,39556.17,13838.71,67192.67,25.33
2019-12-18T17:00+01:00,882.71,39470.37,14880.58,69821.02,25.33
2019-12-18T18:00+01:00,-173.22,38574.51,16861.56,69271.44,25.33
2019-12-18T19:00+01:00,-1449.34,36751.26,19126.29,66967.35,25.33
2019-12-18T20:00+01:00,-1147.56,33404.82,21092.61,63632.99,25.33
2019-12-18T21:00+01:00,-4272.28,31120.9,22745.36,60463.2,25.33
2019-12-18T22:00+01:00,-5330.5,27764.77,23925.51,57138.62,25.33
2019-12-18T23:00+01:00,-5879.6,24406.33,25714.53,52800.5,25.33
2019-12-19T00:00+01:00,-5478.69,19528.18,27273.58,49520.03,25.33
2019-12-19T01:00+01:00,-5089.37,17940.9,28740.32,48036.2,25.33
2019-12-19T02:00+01:00,-5229.58,17115.57,30357.11,47607.05,25.33
2019-12-19T03:00+01:00,-4890.51,16586.32,31813.7,48138.82,25.33
2019-12-19T04:00+01:00,-5582.47,16737.03,32893.49,49693.57,25.33
2019-12-19T05:00+01:00,-6534.09,18577.75,33332.22,53080.79,25.33
2019-12-19T06:00+01:00,-7167.61,22437.39,33683.34,60319.63,25.33
2019-12-19T07:00+01:00,-6640.8,26640.54,33270.5,66816.67,25.33
2019-12-19T08:00+01:00,-7007.72,28073.45,32921.31,69147.86,25.33
2019-12-19T09:00+01:00,-4885.19,27605.87,34097.59,69031.32,25.33
2019-12-19T10:00+01:00,-6416.71,27118.24,36250.06,68682.91,25.33
2019-12-19T11:00+01:00,-6429.03,26378.23,37331.75,67859.9,25.33
2019-12-19T12:00+01:00,-6984.85,26257.44,36071.8,66848.09,25.33
2019-12-19T13:00+01:00,-5692.3,26603.06,33674.26,65821.47,25.33
2019-12-19T14:00+01:00,-3540.35,26408.04,30348.6,64898.76,25.33
2019-12-19T15:00+01:00,-2853.15,26806.86,28113.34,64814.53,25.33
2019-12-19T16:00+01:00,-2777.95,27014.37,29193.72,67132.46,25.33
2019-12-19T17:00+01:00,-4219.97,26885.71,31010.56,69477.5,25.33
2019-12-19T18:00+01:00,-5256.59,26370.2,32176.65,68562.61,25.33
2019-12-19T19:00+01:00,-5349.65,25541.2,32758.93,66867.97,25.33
2019-12-19T20:00+01:00,-6108.07,23922.02,31912.43,62730.55,25.33
2019-12-19T21:00+01:00,-6510.06,22703.12,31190.75,59074.76,25.33
2019-12-19T22:00+01:00,-5599.29,20384.27,30794.78,56282.84,25.33
2019-12-19T23:00+01:00,-5011.95,17090.47,30602.77,52115.24,25.33
2019-12-20T00:00+01:00,-4588.11,15285.43,29941.73,48466.6,25.33
2019-12-20T01:00+01:00,-4952.63,14589.16,30217.38,46502.36,25.33
2019-12-20T02:00+01:00,-5078.58,14480.57,30452.72,45344.43,25.33
2019-12-20T03:00+01:00,-4116.06,14318.09,30988.66,45947.93,25.33
2019-12-20T04:00+01:00,-4929.68,14607.96,32302.46,47705.94,25.33
2019-12-20T05:00+01:00,-5494.89,15583.17,33917.94,50858.29,25.33
2019-12-20T06:00+01:00,-6381.92,18292.75,34896.99,57082.15,25.33
2019-12-20T07:00+01:00,-7504.67,21406.09,35678.4,63405.54,25.33
2019-12-20T08:00+01:00,-7721.48,21497.96,36863.16,65865.32,25.33
2019-12-20T09:00+01:00,-6783.66,20898.14,39799.01,65800.4,25.33
2019-12-20T10:00+01:00,-8717.98,20222.5,41775.31,65639.77,25.33
2019-12-20T11:00+01:00,-7980.23,19885.63,41925.59,65161.58,25.33
2019-12-20T12:00+01:00,-7599.79,19777.19,41094.42,64930.21,25.33
2019-12-20T13:00+01:00,-6561.45,19407.64,39361.79,63295.34,25.33
2019-12-20T14:00+01:00,-5423.22,19547.14,37420.99,62371.28,25.33
2019-12-20T15:00+01:00,-5128.82,19750.22,35998.77,62649.13,25.33
2019-12-20T16:00+01:00,-5217.94,20298.14,36423.73,64194.99,25.33
2019-12-20T17:00+01:00,-6765.46,20465.11,36611.09,65353.5,25.33
2019-12-20T18:00+01:00,-7105.06,20339.24,36235.53,64303.36,25.33
2019-12-20T19:00+01:00,-7381.13,19856.51,35354.84,62020.79,25.33
2019-12-20T20:00+01:00,-7606.18,19232.07,34230.19,58355.73,25.33
2019-12-20T21:00+01:00,-6839.6,17004.69,33562.37,55248.85,25.33
2019-12-20T22:00+01:00,-7317.58,14982.39,32608.91,52929.48,25.33
2019-12-20T23:00+01:00,-7080.83,13794.86,31913.83,48835.52,25.33
2019-12-21T00:00+01:00,-7707.23,13172.9,32131.41,45685.52,25.33
2019-12-21T01:00+01:00,-7411.83,12411.69,32179.13,43919.7,25.33
2019-12-21T02:00+01:00,-6868.87,11999.4,31952.14,42862.21,25.33
2019-12-21T03:00+01:00,-6483.43,11766.96,31419.49,42745.25,25.33
2019-12-21T04:00+01:00,-4992.56,11882.94,29485.85,43415.73,25.33
2019-12-21T05:00+01:00,-5337.01,12574.11,27961.36,43928.38,25.33
2019-12-21T06:00+01:00,-6094.47,14870.23,26494.07,44977.19,25.33
2019-12-21T07:00+01:00,-6388.43,17317.76,25072.44,48165.53,25.33
2019-12-21T08:00+01:00,-5619.04,18421.89,25096.46,51550.05,25.33
2019-12-21T09:00+01:00,-5071.59,18730.47,26342.94,54406.53,25.33
2019-12-21T10:00+01:00,-5134.37,18862.66,27940.14,55787.42,25.33
2019-12-21T11:00+01:00,-4735.12,19172.48,28920.8,56445.3,25.33
2019-12-21T12:00+01:00,-3930.88,19333.7,27834.26,56367.83,25.33
2019-12-21T13:00+01:00,-3918.11,19464.81,26399.57,54878.02,25.33
2019-12-21T14:00+01:00,-2129.1,19554.66,24146.87,53603.22,25.33
2019-12-21T15:00+01:00,-1530.33,19555.49,22131.2,54162.9,25.33
2019-12-21T16:00+01:00,-594.13,19686.04,22881.5,56336.8,25.33
2019-12-21T17:00+01:00,-746.37,19774.12,25424.2,58670.81,25.33
2019-12-21T18:00+01:00,-2306.02,19853.73,26392.57,58867.39,25.33
2019-12-21T19:00+01:00,-3872.18,19710.34,26029.06,57303.21,25.33
2019-12-21T20:00+01:00,-5937.7,19412.65,25201.5,54004.71,25.33
2019-12-21T21:00+01:00,-4231.99,18497.66,23824.92,51345.54,25.33
2019-12-21T22:00+01:00,-3485.74,17043.96,23915.47,49505.02,25.33
2019-12-21T23:00+01:00,-2583.16,14627.94,24901.93,46301.14,25.33
2019-12-22T00:00+01:00,-3325.65,12992.17,25686.94,44300.97,25.33
2019-12-22T01:00+01:00,-4791.74,12178.22,26191.32,42558.7,25.33
2019-12-22T02:00+01:00,-4278.26,12088.66,26896.81,41846.88,25.33
2019-12-22T03:00+01:00,-5043,11950.43,26190.28,41282.99,25.33
2019-12-22T04:00+01:00,-3783.51,12198.63,26224.35,41276.65,25.33
2019-12-22T05:00+01:00,-3855.07,12549.99,25431.03,41170.26,25.33
2019-12-22T06:00+01:00,-4872.56,12846.72,24610.96,40580.52,25.33
2019-12-22T07:00+01:00,-4448.8,13296.9,24571.25,42288.5,25.33
2019-12-22T08:00+01:00,-4837.17,15518.03,24607.93,45836.47,25.33
2019-12-22T09:00+01:00,-5318.66,17048.01,24952.6,49099.08,25.33
2019-12-22T10:00+01:00,-3899.9,17623.8,25109.05,51415.72,25.33
2019-12-22T11:00+01:00,-2208.14,17631.19,25054.14,53833.02,25.33
2019-12-22T12:00+01:00,-945.98,17630.78,24230.17,53667.66,25.33
2019-12-22T13:00+01:00,-1010.68,17628.55,23280.22,52063.88,25.33
2019-12-22T14:00+01:00,-1613.01,17571.63,22432.29,50931.98,25.33
2019-12-22T15:00+01:00,-2599.95,17546.27,22032.88,51096.86,25.33
2019-12-22T16:00+01:00,-3146.3,17669,23118.05,53115.9,25.33
2019-12-22T17:00+01:00,-2758.56,17839.45,24739.71,55277.19,25.33
2019-12-22T18:00+01:00,-2129.32,17803.36,25852.36,55729.44,25.33
2019-12-22T19:00+01:00,-4552.07,17583.41,26369.07,54442.47,25.33
2019-12-22T20:00+01:00,-6814.2,17604.19,26768.05,52054.24,25.33
2019-12-22T21:00+01:00,-6537.7,16921.16,27377.98,50343.84,25.33
2019-12-22T22:00+01:00,-4832.47,14626.73,27904.07,49311.33,25.33
2019-12-22T23:00+01:00,-6026.99,12196.72,29283.21,46083.14,25.33
2019-12-23T00:00+01:00,-5264.23,11247.62,30848.18,43476.78,25.33
2019-12-23T01:00+01:00,-5320.3,10853.31,31601.76,41256.27,25.33
2019-12-23T02:00+01:00,-6279.26,10669.29,32262.81,40322.25,25.33
2019-12-23T03:00+01:00,-6847.32,10755.25,32805.26,40588,25.33
2019-12-23T04:00+01:00,-6609.54,10893.08,33669.32,41980.44,25.33
2019-12-23T05:00+01:00,-5748.42,11629.21,33473.88,44214.73,25.33
2019-12-23T06:00+01:00,-5385.96,13131.34,32998.89,47206.13,25.33
2019-12-23T07:00+01:00,-7584.69,15179.26,32939.1,51335.31,25.33
2019-12-23T08:00+01:00,-8775.12,16507.49,33134.86,54971.22,25.33
2019-12-23T09:00+01:00,-8908.85,17249.59,33179.52,56685.46,25.33
2019-12-23T10:00+01:00,-8378.97,17771.63,34660.92,57479.89,25.33
2019-12-23T11:00+01:00,-7911.2,17629.43,36506.55,58624.28,25.33
2019-12-23T12:00+01:00,-7699.05,17130.05,36805,58803.68,25.33
2019-12-23T13:00+01:00,-7029.53,16992.96,35926.18,57838.38,25.33
2019-12-23T14:00+01:00,-6658.15,17471.84,33678.38,56847.97,25.33
2019-12-23T15:00+01:00,-6487.57,17915.41,31142.2,56624.2,25.33
2019-12-23T16:00+01:00,-6373.22,18011.49,30926.62,58488,25.33
2019-12-23T17:00+01:00,-5812.27,18082.15,31546.5,60619.7,25.33
2019-12-23T18:00+01:00,-7222.74,18108.16,32265.9,60142.53,25.33
2019-12-23T19:00+01:00,-8671.98,17589.75,33547.48,58281.41,25.33
2019-12-23T20:00+01:00,-8447.36,16451.57,34810.79,55317.96,25.33
2019-12-23T21:00+01:00,-8554.62,13910.41,34831.61,52455.06,25.33
2019-12-23T22:00+01:00,-8265.91,12360.17,33960.89,50245.48,25.33
2019-12-23T23:00+01:00,-7830.14,11338.52,33659.86,46308.87,25.33
2019-12-24T00:00+01:00,-9252.14,10618.45,33375.62,43134.48,25.33
2019-12-24T01:00+01:00,-7489.52,10562.46,31285.11,40778.75,25.33
2019-12-24T02:00+01:00,-5947.99,10366.8,30397.38,40185.73,25.33
2019-12-24T03:00+01:00,-5503.84,10198.45,29960.39,39764.46,25.33
2019-12-24T04:00+01:00,-4205.11,10314.94,29342.96,40483.93,25.33
2019-12-24T05:00+01:00,-4512.06,10722.11,28705.46,41478.46,25.33
2019-12-24T06:00+01:00,-4370.94,11096.84,28123.28,42315.36,25.33
2019-12-24T07:00+01:00,-4828.62,12343.84,28861.79,45076.22,25.33
2019-12-24T08:00+01:00,-4451.77,13520.45,28188.06,48514.95,25.33
2019-12-24T09:00+01:00,-5880.2,14738.02,28885.04,51696.78,25.33
2019-12-24T10:00+01:00,-6597.67,15648.22,29724.22,53789.47,25.33
2019-12-24T11:00+01:00,-5551.39,16040.55,28802.59,54666.52,25.33
2019-12-24T12:00+01:00,-3636.77,16186.45,27562.73,54313.36,25.33
2019-12-24T13:00+01:00,-2937.01,16371.68,26216.55,53138.55,25.33
2019-12-24T14:00+01:00,-3968.3,16428.24,25388.26,51125.57,25.33
2019-12-24T15:00+01:00,-3648.55,16404.62,25353.38,50406.71,25.33
2019-12-24T16:00+01:00,-4456.15,16442.52,25494,51571.77,25.33
2019-12-24T17:00+01:00,-2884.15,16608.31,26127.72,53390.03,25.33
2019-12-24T18:00+01:00,-4756.15,16564.31,26694.57,51727.9,25.33
2019-12-24T19:00+01:00,-5420.77,16421.5,26089.2,49053.13,25.33
2019-12-24T20:00+01:00,-5753.94,15688.12,25725.32,46414.21,25.33
2019-12-24T21:00+01:00,-4894.29,14657.15,25138.23,45569.62,25.33
2019-12-24T22:00+01:00,-3718.58,14134.32,24282.33,44955,25.33
2019-12-24T23:00+01:00,-3585.23,12938.29,23701.16,42756.66,25.33
2019-12-25T00:00+01:00,-3000.3,11948.05,22968.78,40663.29,25.33
2019-12-25T01:00+01:00,-1943.21,11437.34,22375.03,38489.62,25.33
2019-12-25T02:00+01:00,-1311,11379.46,21313.6,36989.02,25.33
2019-12-25T03:00+01:00,-1244.46,11289.63,20877.46,36799.59,25.33
2019-12-25T04:00+01:00,-241.7,11305.9,20474.85,37027.95,25.33
2019-12-25T05:00+01:00,-647.06,11431.06,20365.48,37394.13,25.33
2019-12-25T06:00+01:00,-1854.8,11747.44,20097.66,37181.94,25.33
2019-12-25T07:00+01:00,-2112.64,12282.28,20578.39,38735.27,25.33
2019-12-25T08:00+01:00,-1898.75,13815.82,20523.55,42073.27,25.33
2019-12-25T09:00+01:00,-2170.81,15643.73,21369.59,46372.8,25.33
2019-12-25T10:00+01:00,-1426.5,15897.92,21828.19,49299.79,25.33
2019-12-25T11:00+01:00,-1437.94,16109.74,22848.55,51728.9,25.33
2019-12-25T12:00+01:00,-1193.13,15892.22,23256.27,50975.04,25.33
2019-12-25T13:00+01:00,-1887.43,15428.36,23378.41,47978.12,25.33
2019-12-25T14:00+01:00,-1424.06,15246.53,22670.48,46554.8,25.33
2019-12-25T15:00+01:00,-934.59,15668.49,20732.79,46424.29,25.33
2019-12-25T16:00+01:00,-1169.78,16348.81,19694.99,47363.83,25.33
2019-12-25T17:00+01:00,-233.18,16637.12,19285.53,49624.58,25.33
2019-12-25T18:00+01:00,-77.81,16926.6,19096.28,50203.65,25.33
2019-12-25T19:00+01:00,308.46,16635.62,18620.61,49455.3,25.33
2019-12-25T20:00+01:00,-1135.87,16374.84,17838.54,47576.88,25.33
2019-12-25T21:00+01:00,461.09,16116.47,18001.8,46332.75,25.33
2019-12-25T22:00+01:00,302.47,15839.61,18085.71,45723.73,25.33
2019-12-25T23:00+01:00,-1102.68,14883.12,18488.15,43181,25.33
2019-12-26T00:00+01:00,362.96,12672.64,18675.37,40296.03,25.33
2019-12-26T01:00+01:00,739.84,11678.25,18691.67,38617.34,25.33
2019-12-26T02:00+01:00,1048.46,11431.77,17638.96,37717.15,25.33
2019-12-26T03:00+01:00,1840.14,11538.97,16583.44,37584.41,25.33
2019-12-26T04:00+01:00,2741.57,11898.18,15781.17,37875.13,25.33
2019-12-26T05:00+01:00,2002.71,13121.24,14917.8,37792,25.33
2019-12-26T06:00+01:00,797.11,13876.9,14406.41,37602.12,25.33
2019-12-26T07:00+01:00,1757.1,14577.42,13903.45,39226.62,25.33
2019-12-26T08:00+01:00,956.99,16297.96,13896.76,41955.73,25.33
2019-12-26T09:00+01:00,1218.63,17389.77,15325.25,45169.58,25.33
2019-12-26T10:00+01:00,3224.98,17487.84,17457.36,47480.3,25.33
2019-12-26T11:00+01:00,2211.76,17736.3,18372.14,49534.57,25.33
2019-12-26T12:00+01:00,3509.78,17524.62,18284.82,49394.74,25.33
2019-12-26T13:00+01:00,3177.61,17380.95,16478.86,47691.51,25.33
2019-12-26T14:00+01:00,3552.54,18010.07,13737.85,46426.54,25.33
2019-12-26T15:00+01:00,3747.21,18581.02,11514.04,46190.98,25.33
2019-12-26T16:00+01:00,4251.8,18898.5,10855.2,47810.06,25.33
2019-12-26T17:00+01:00,5493.72,19141.19,11190.04,49843.56,25.33
2019-12-26T18:00+01:00,6313.36,19106.94,11674.11,50214.78,25.33
2019-12-26T19:00+01:00,5328.6,19093.48,12020.25,49303.54,25.33
2019-12-26T20:00+01:00,3214.45,19035.06,12313.61,47382.42,25.33
2019-12-26T21:00+01:00,3361.25,18935.98,12372.05,46384.29,25.33
2019-12-26T22:00+01:00,2583.84,18755.14,12533.43,45758.46,25.33
2019-12-26T23:00+01:00,1450.19,18564.63,12658.25,42954.62,25.33
2019-12-27T00:00+01:00,810.9,18123.21,12612.84,40365.96,25.33
2019-12-27T01:00+01:00,1330.32,17610.93,12679.81,38749.27,25.33
2019-12-27T02:00+01:00,2180.08,17079.91,12829.32,37963.35,25.33
2019-12-27T03:00+01:00,1676.81,17290.27,13125.7,37974.47,25.33
2019-12-27T04:00+01:00,1538.32,17761.41,13477.64,39009.94,25.33
2019-12-27T05:00+01:00,-789.61,19110.41,14472.84,40199.56,25.33
2019-12-27T06:00+01:00,-912.41,19800.91,15193.73,42898.96,25.33
2019-12-27T07:00+01:00,-263.9,21171.98,16311.43,46687.48,25.33
2019-12-27T08:00+01:00,321.25,21314.23,16822.66,49957.49,25.33
2019-12-27T09:00+01:00,-682.87,22334.63,16914.39,52403.39,25.33
2019-12-27T10:00+01:00,502.09,22656.35,17346.87,53648.33,25.33
2019-12-27T11:00+01:00,2427.26,22652.24,17953.77,54355.83,25.33
2019-12-27T12:00+01:00,2768.91,22610.09,18550.33,54704.25,25.33
2019-12-27T13:00+01:00,3076.03,22015.13,17804.58,54025.54,25.33
2019-12-27T14:00+01:00,4723.26,21729.63,15481.58,53150.09,25.33
2019-12-27T15:00+01:00,5400.21,22122.58,13175.64,53139.46,25.33
2019-12-27T16:00+01:00,4787.4,22887.82,12456.86,55115.92,25.33
2019-12-27T17:00+01:00,5665.25,23060.93,13099.34,57729.86,25.33
2019-12-27T18:00+01:00,6001.77,23401.73,13362.05,57600.52,25.33
2019-12-27T19:00+01:00,6695.26,23183.29,13678.1,55902.87,25.33
2019-12-27T20:00+01:00,4666.93,22921.38,13659.15,52323.04,25.33
2019-12-27T21:00+01:00,3209.96,22526.86,13924.48,50127.35,25.33
2019-12-27T22:00+01:00,1954.94,22080.66,13756.78,48738.46,25.33
2019-12-27T23:00+01:00,1375.79,21190.66,13316.99,45624.6,25.33
2019-12-28T00:00+01:00,1225.86,20101.77,12514.75,42619.2,25.33
2019-12-28T01:00+01:00,776.16,19537.73,11916.99,40918.92,25.33
2019-12-28T02:00+01:00,1582.33,19156.65,11648.89,40398.28,25.33
2019-12-28T03:00+01:00,2471.1,18757.18,11744.59,40446.72,25.33
2019-12-28T04:00+01:00,2752.8,18841.21,12666.47,40922.03,25.33
2019-12-28T05:00+01:00,2188.01,19048.99,12943.34,41325.74,25.33
2019-12-28T06:00+01:00,665.67,19491.42,12841.61,41684.94,25.33
2019-12-28T07:00+01:00,1076.84,20353.61,12835.59,44077.56,25.33
2019-12-28T08:00+01:00,2715.61,21172.78,13185.16,46852.34,25.33
2019-12-28T09:00+01:00,2551.29,21709.54,15396.89,49529.31,25.33
2019-12-28T10:00+01:00,901.9,21566.13,18308.62,51155.11,25.33
2019-12-28T11:00+01:00,77.21,21356.81,20669.77,52193.02,25.33
2019-12-28T12:00+01:00,-476.37,21367.47,20995.42,52375.69,25.33
2019-12-28T13:00+01:00,-318.87,21487.87,19462.33,51319.54,25.33
2019-12-28T14:00+01:00,1059.4,21603.82,17156.32,50468.7,25.33
2019-12-28T15:00+01:00,2132.74,22281.27,14668.45,50824.1,25.33
2019-12-28T16:00+01:00,2846.49,22739.75,13994.12,53052.85,25.33
2019-12-28T17:00+01:00,2743.32,23096.78,14602.56,56282.98,25.33
2019-12-28T18:00+01:00,2868.26,23211.07,15125.89,56410.11,25.33
2019-12-28T19:00+01:00,4183.11,22686.85,16196.83,54794.19,25.33
2019-12-28T20:00+01:00,2817.67,21862.52,16883.02,51864.99,25.33
2019-12-28T21:00+01:00,1369.3,20813.09,17679.38,49980.83,25.33
2019-12-28T22:00+01:00,-864.82,20285.22,18416.08,49167.18,25.33
2019-12-28T23:00+01:00,-2670.28,18743.3,19141.33,46201.63,25.33
2019-12-29T00:00+01:00,-1457.68,16453.55,18855.09,43394.37,25.33
2019-12-29T01:00+01:00,-2252.15,15665.73,18275.91,41698.09,25.33
2019-12-29T02:00+01:00,-1362.46,15340.53,17853.78,40923.09,25.33
2019-12-29T03:00+01:00,-315.14,14933.47,17837.57,40500.87,25.33
2019-12-29T04:00+01:00,557.93,14782.97,17772.03,40476.69,25.33
2019-12-29T05:00+01:00,114.64,14855.86,18316.75,40509.8,25.33
2019-12-29T06:00+01:00,-1513.4,15005.44,19346.97,39881.7,25.33
2019-12-29T07:00+01:00,-3856.27,15379.2,19471.45,41162.97,25.33
2019-12-29T08:00+01:00,-4845.82,16968.38,20305.59,43440.33,25.33
2019-12-29T09:00+01:00,-4840.16,17103.71,24323.04,46317.82,25.33
2019-12-29T10:00+01:00,-6280.07,16751.31,28225.96,48323.77,25.33
2019-12-29T11:00+01:00,-7741.95,17026.92,30595.22,50438.31,25.33
2019-12-29T12:00+01:00,-7480.15,16772.99,31068.3,50852.54,25.33
2019-12-29T13:00+01:00,-7386.12,16569.35,29226.08,49222.5,25.33
2019-12-29T14:00+01:00,-5894.9,17011.56,26235.56,48061.92,25.33
2019-12-29T15:00+01:00,-4689.33,17970.97,23141.83,48077.5,25.33
2019-12-29T16:00+01:00,-3541.64,18246.81,22482.66,50607.02,25.33
2019-12-29T17:00+01:00,-3518.87,18617.95,24235.77,53963.23,25.33
2019-12-29T18:00+01:00,-5137.92,18782.96,25910.6,54694.26,25.33
2019-12-29T19:00+01:00,-6241.08,18719.51,26980.58,53546.4,25.33
2019-12-29T20:00+01:00,-7841.09,18712.97,27219.83,51485.9,25.33
2019-12-29T21:00+01:00,-7302.33,18673.22,28219.55,50121.18,25.33
2019-12-29T22:00+01:00,-6780.09,17733.52,28575.15,49717.17,25.33
2019-12-29T23:00+01:00,-8244.12,15635.06,29222.62,46803.19,25.33
2019-12-30T00:00+01:00,-8280.52,14210.37,29954.07,44727.58,25.33
2019-12-30T01:00+01:00,-8262.03,14132.72,30188.59,42930.44,25.33
2019-12-30T02:00+01:00,-7437.84,13230.5,30448.63,42332.19,25.33
2019-12-30T03:00+01:00,-7918.02,13164.73,31310.62,42342.13,25.33
2019-12-30T04:00+01:00,-7893.79,13024.13,32224.71,43367.38,25.33
2019-12-30T05:00+01:00,-9325.32,14482.76,32817.09,44737.35,25.33
2019-12-30T06:00+01:00,-7906.69,15700.19,33352.87,47116.43,25.33
2019-12-30T07:00+01:00,-9726.99,17118.6,34205.36,50814.1,25.33
2019-12-30T08:00+01:00,-9228.14,17623.79,35715.5,53785.16,25.33
2019-12-30T09:00+01:00,-11543.27,17721.43,38692.89,55540.4,25.33
2019-12-30T10:00+01:00,-13521.39,16942.4,42211.23,55793.45,25.33
2019-12-30T11:00+01:00,-13584.19,15481.29,44252.72,56258.72,25.33
2019-12-30T12:00+01:00,-14948.43,15593.76,45013.6,56298.31,25.33
2019-12-30T13:00+01:00,-14710.19,16368.06,43223.96,54971.26,25.33
2019-12-30T14:00+01:00,-12443.35,16856.51,39487.51,54327.27,25.33
2019-12-30T15:00+01:00,-10027.61,17826.41,36199.27,54625.87,25.33
2019-12-30T16:00+01:00,-10083.93,18212.67,36769.95,56860.11,25.33
2019-12-30T17:00+01:00,-11544.54,19093.89,38565.69,60522.4,25.33
2019-12-30T18:00+01:00,-12064.33,19422.87,39484.6,60918.3,25.33
2019-12-30T19:00+01:00,-12155.3,18787.18,39687.23,59171.41,25.33
2019-12-30T20:00+01:00,-13104.23,17986.53,39601.03,56007.22,25.33
2019-12-30T21:00+01:00,-13759.17,17198.23,39704.07,53727.62,25.33
2019-12-30T22:00+01:00,-12789.69,16630.58,38754.4,52206.06,25.33
2019-12-30T23:00+01:00,-12273.88,15329.68,38011.75,48715.23,25.33
2019-12-31T00:00+01:00,-13067.52,14240.77,37198.49,45458.4,25.33
2019-12-31T01:00+01:00,-12504.4,13697.84,36675.01,43566.43,25.33
2019-12-31T02:00+01:00,-12396.19,12993.92,36842.55,42540.51,25.33
2019-12-31T03:00+01:00,-11400.16,12366.5,36940.3,42404.42,25.33
2019-12-31T04:00+01:00,-10654.07,12796,36702.04,42948.6,25.33
2019-12-31T05:00+01:00,-10629.47,13678.13,35591.17,43286.74,25.33
2019-12-31T06:00+01:00,-11762.3,15369.55,33835.31,43684.13,25.33
2019-12-31T07:00+01:00,-11379.99,16969.67,32029.12,45892.13,25.33
2019-12-31T08:00+01:00,-11359.71,18621.14,31147.16,48526.29,25.33
2019-12-31T09:00+01:00,-10778.97,19140.51,31882.7,51207.7,25.33
2019-12-31T10:00+01:00,-10913.53,19325.35,33242.81,52809.96,25.33
2019-12-31T11:00+01:00,-10918.66,19366.39,34561.42,53873.32,25.33
2019-12-31T12:00+01:00,-9263.03,19601.77,33479.17,53841.86,25.33
2019-12-31T13:00+01:00,-8089.88,19364.84,29807.76,52711.59,25.33
2019-12-31T14:00+01:00,-5284.47,19311.39,25706.35,51456.51,25.33
2019-12-31T15:00+01:00,-1627.01,19691.68,21198.07,50986.91,25.33
2019-12-31T16:00+01:00,243.92,20137.76,19060.6,52843.28,25.33
2019-12-31T17:00+01:00,1572.76,20428.75,18313.96,55325.16,25.33
2019-12-31T18:00+01:00,2801.52,20269.96,17636.59,54634.79,25.33
2019-12-31T19:00+01:00,2546.42,19785.47,17148.25,52027.73,25.33
2019-12-31T20:00+01:00,765.83,19339.85,16265.6,48993.17,25.33
2019-12-31T21:00+01:00,1445.84,19019.05,14949.48,47229.95,25.33
2019-12-31T22:00+01:00,1429.85,18890.59,14595.82,46790.32,25.33
2019-12-31T23:00+01:00,1739.73,18461.44,14060.22,44896.01,25.33