Date,cross_border_trading,non_renewable,renewable
2024-01-01T00:00+01:00,-11728.9125,8378.536596,41778.25343
2024-01-01T01:00+01:00,-11129.9725,8284.442818,41522.96191
2024-01-01T02:00+01:00,-11635.4075,8282.031575,41346.84615
2024-01-01T03:00+01:00,-11492.7,8318.30145,40363.41746
2024-01-01T04:00+01:00,-10593.885,8309.993639,40234.70911
2024-01-01T05:00+01:00,-11411.85,8345.648349,40369.49649
2024-01-01T06:00+01:00,-10643.795,8377.203364,39954.72448
2024-01-01T07:00+01:00,-11687.23,8357.52499,40285.02287
2024-01-01T08:00+01:00,-11487.7975,8352.21761,41676.21917
2024-01-01T09:00+01:00,-11008.2975,8294.832781,43912.84696
2024-01-01T10:00+01:00,-11869.1775,8423.721464,46884.72694
2024-01-01T11:00+01:00,-12295.26,8290.796431,48447.45581
2024-01-01T12:00+01:00,-10622.18,8335.354919,47889.16019
2024-01-01T13:00+01:00,-9545.4975,8306.237283,45860.94191
2024-01-01T14:00+01:00,-9195.185,8510.7312,42667.37916
2024-01-01T15:00+01:00,-6217.525,8600.856688,39226.56351
2024-01-01T16:00+01:00,-4526.2975,9172.600685,38425.88643
2024-01-01T17:00+01:00,-4577.02,9653.591941,39397.46928
2024-01-01T18:00+01:00,-5731.15,9678.299331,38601.32792
2024-01-01T19:00+01:00,-4259.405,9509.157213,37623.27995
2024-01-01T20:00+01:00,-3432.905,9320.792306,36870.95773
2024-01-01T21:00+01:00,-3550.3875,9189.197479,35236.12801
2024-01-01T22:00+01:00,-1763.5725,9008.863723,33845.59544
2024-01-01T23:00+01:00,-1862.505,8851.44662,31794.32959
2024-01-02T00:00+01:00,-2049.5725,8652.642358,30446.35063
2024-01-02T01:00+01:00,-1719.915,8582.390987,29672.75853
2024-01-02T02:00+01:00,-2226.0475,8627.772836,29567.59048
2024-01-02T03:00+01:00,-2075.64,8760.719069,31286.97161
2024-01-02T04:00+01:00,-2903.8075,8873.528725,33616.55447
2024-01-02T05:00+01:00,-4030.18,9201.584807,36615.93972
2024-01-02T06:00+01:00,-3799.995,9665.409542,39827.19502
2024-01-02T07:00+01:00,-3082.25,10197.99904,41617.02734
2024-01-02T08:00+01:00,-3239.6175,10993.11672,42927.76322
2024-01-02T09:00+01:00,-3649.09,11756.52597,43130.33463
2024-01-02T10:00+01:00,-1458.67,12134.96309,43312.44765
2024-01-02T11:00+01:00,159.8375,12560.66739,41608.14677
2024-01-02T12:00+01:00,821.4975,13065.01885,40544.78619
2024-01-02T13:00+01:00,2864.9775,13116.77901,39206.1738
2024-01-02T14:00+01:00,2119.045,13232.60591,37757.67857
2024-01-02T15:00+01:00,2083.89,12998.34395,36887.0581
2024-01-02T16:00+01:00,241.9775,13247.5097,38956.13845
2024-01-02T17:00+01:00,91.3025,13119.32363,42383.05708
2024-01-02T18:00+01:00,-1828.85,12934.56613,45269.10984
2024-01-02T19:00+01:00,-4859.0225,12156.63436,47897.10522
2024-01-02T20:00+01:00,-6961.685,11125.37401,49408.32538
2024-01-02T21:00+01:00,-9426.3075,10337.59354,50399.27802
2024-01-02T22:00+01:00,-10105.4225,9800.278588,49960.50295
2024-01-02T23:00+01:00,-12437.7275,9500.956601,50071.50734
2024-01-03T00:00+01:00,-10856.0325,9284.968685,47214.50092
2024-01-03T01:00+01:00,-10268.535,9107.117313,46644.0552
2024-01-03T02:00+01:00,-11677.005,9193.0476,46952.87828
2024-01-03T03:00+01:00,-10928.7275,9145.828443,47213.83225
2024-01-03T04:00+01:00,-11017.7875,9169.014098,47911.5801
2024-01-03T05:00+01:00,-8604.56,9379.747083,48876.24272
2024-01-03T06:00+01:00,-10407.5925,9868.802503,53793.42613
2024-01-03T07:00+01:00,-10375.0375,10427.46457,54873.05019
2024-01-03T08:00+01:00,-10441.7625,10990.64705,54747.48022
2024-01-03T09:00+01:00,-10416.0675,11405.12651,55798.21964
2024-01-03T10:00+01:00,-11110.645,11248.7524,58693.12774
2024-01-03T11:00+01:00,-10369.8025,11014.42868,60104.82974
2024-01-03T12:00+01:00,-11101.5125,10933.17764,59834.49015
2024-01-03T13:00+01:00,-10454.3575,11278.41981,58159.24883
2024-01-03T14:00+01:00,-7661.185,11089.26941,55278.47349
2024-01-03T15:00+01:00,-5240.2275,11396.24037,50929.00318
2024-01-03T16:00+01:00,-4953.175,12649.57464,47383.17445
2024-01-03T17:00+01:00,-3594.79,13537.51397,45391.26181
2024-01-03T18:00+01:00,-1969.1275,13838.48498,43848.01619
2024-01-03T19:00+01:00,-1297.32,13350.08164,42341.56833
2024-01-03T20:00+01:00,-2952.78,12670.31214,41445.50881
2024-01-03T21:00+01:00,-2721.045,11615.59882,40860.74231
2024-01-03T22:00+01:00,-3281.165,10973.88959,39651.34006
2024-01-03T23:00+01:00,-5754.9375,10653.8895,40145.40186
2024-01-04T00:00+01:00,-5351.4425,10005.51756,40623.98152
2024-01-04T01:00+01:00,-5906.4475,9707.020253,41613.22509
2024-01-04T02:00+01:00,-6923.8625,9728.755903,42757.1218
2024-01-04T03:00+01:00,-7107.84,9866.858101,43240.18627
2024-01-04T04:00+01:00,-7265.7925,9915.279635,43632.31255
2024-01-04T05:00+01:00,-6925.5875,10761.91999,43928.7417
2024-01-04T06:00+01:00,-6418.9775,12749.09941,43400.05764
2024-01-04T07:00+01:00,-4914.085,15457.65609,42484.40692
2024-01-04T08:00+01:00,-2449.465,16545.92351,40659.20339
2024-01-04T09:00+01:00,-1138.585,17426.55707,40378.27751
2024-01-04T10:00+01:00,-279.6575,17521.08554,40764.69167
2024-01-04T11:00+01:00,-1847.5925,17639.05139,40452.51408
2024-01-04T12:00+01:00,-478.36,18464.93463,38569.74215
2024-01-04T13:00+01:00,1097.41,19516.25594,35354.7088
2024-01-04T14:00+01:00,2138.085,20916.73419,31622.82944
2024-01-04T15:00+01:00,4358.625,23288.03665,26517.48411
2024-01-04T16:00+01:00,6577.215,24634.58554,22826.31411
2024-01-04T17:00+01:00,9004.7725,25438.71075,20313.78116
2024-01-04T18:00+01:00,9532.31,26252.36614,17828.96165
2024-01-04T19:00+01:00,11725.245,25939.02448,16315.59845
2024-01-04T20:00+01:00,11038.345,25206.99455,15940.91179
2024-01-04T21:00+01:00,10967.65,24429.49844,15684.34678
2024-01-04T22:00+01:00,9593.4275,22633.88301,16697.83162
2024-01-04T23:00+01:00,8174.455,20164.63033,17417.80767
2024-01-05T00:00+01:00,5375.3175,18761.95015,18936.4945
2024-01-05T01:00+01:00,3749.1825,17635.8035,20764.05273
2024-01-05T02:00+01:00,3530.0375,17262.16885,22942.71076
2024-01-05T03:00+01:00,2976.8325,17077.19453,24996.111
2024-01-05T04:00+01:00,2476.625,17060.28868,26416.89239
2024-01-05T05:00+01:00,906.39,17886.16925,28142.86634
2024-01-05T06:00+01:00,808.09,19143.36396,30019.66826
2024-01-05T07:00+01:00,-536.4275,21584.50409,31768.42463
2024-01-05T08:00+01:00,-217.1975,22842.25584,33658.72482
2024-01-05T09:00+01:00,-2103.4825,23091.51385,36085.17401
2024-01-05T10:00+01:00,-3503.1225,23036.85913,38676.45861
2024-01-05T11:00+01:00,-4168.7275,22448.61536,40870.57785
2024-01-05T12:00+01:00,-4595.8375,22827.9414,40664.84703
2024-01-05T13:00+01:00,-4689.95,22359.3538,38956.222
2024-01-05T14:00+01:00,-3174.8575,22531.32771,36899.79557
2024-01-05T15:00+01:00,-1343.785,23054.24049,34189.46474
2024-01-05T16:00+01:00,-1388.99,23538.96243,33096.32253
2024-01-05T17:00+01:00,-1350.815,24038.47993,33231.54237
2024-01-05T18:00+01:00,-1580.1075,24174.62348,33321.87229
2024-01-05T19:00+01:00,-3590.1925,24760.1407,33247.49815
2024-01-05T20:00+01:00,-4295.585,24568.12587,31941.49442
2024-01-05T21:00+01:00,-4002.59,23068.44992,31037.50222
2024-01-05T22:00+01:00,-3849.6625,21970.45439,29979.52679
2024-01-05T23:00+01:00,-2970.7,19837.13989,28088.64802
2024-01-06T00:00+01:00,-3430.52,18869.60031,26442.53198
2024-01-06T01:00+01:00,-2054.51,18300.09719,24973.10046
2024-01-06T02:00+01:00,-739.6475,17877.68635,24262.13421
2024-01-06T03:00+01:00,-142.165,17722.0884,23521.20851
2024-01-06T04:00+01:00,228.065,17862.71692,23195.66228
2024-01-06T05:00+01:00,392.875,18101.22743,22837.28147
2024-01-06T06:00+01:00,219.4,18555.85248,22855.01479
2024-01-06T07:00+01:00,-760.9375,19938.03731,22831.09756
2024-01-06T08:00+01:00,-344.7325,21924.13754,23223.32919
2024-01-06T09:00+01:00,1567.5975,22592.52,24257.81266
2024-01-06T10:00+01:00,1690.815,22718.86404,25130.22982
2024-01-06T11:00+01:00,1933.95,23402.99162,25659.96366
2024-01-06T12:00+01:00,3097.1025,23331.4936,25631.39446
2024-01-06T13:00+01:00,1925.4925,23288.86756,25107.67196
2024-01-06T14:00+01:00,1453.1725,23322.72247,24551.52381
2024-01-06T15:00+01:00,3162.39,23296.26048,23827.49294
2024-01-06T16:00+01:00,3099.3975,23439.50357,23486.23959
2024-01-06T17:00+01:00,3605.06,23800.76003,23926.49132
2024-01-06T18:00+01:00,3186.4825,23773.77598,24173.52143
2024-01-06T19:00+01:00,3461.9525,23542.18639,24090.79326
2024-01-06T20:00+01:00,2440.23,22737.58922,23979.70636
2024-01-06T21:00+01:00,495.5475,22593.99343,23698.22121
2024-01-06T22:00+01:00,332.475,22227.52726,23287.97416
2024-01-06T23:00+01:00,-806.08,21304.21814,23245.58427
2024-01-07T00:00+01:00,-913.8875,20074.43697,23051.18194
2024-01-07T01:00+01:00,-304.7675,18672.21197,23088.59106
2024-01-07T02:00+01:00,476.8175,17727.58247,23163.17379
2024-01-07T03:00+01:00,841.345,17525.95943,22976.39621
2024-01-07T04:00+01:00,1609.665,17666.21302,23190.16392
2024-01-07T05:00+01:00,876.94,17979.65858,23370.27221
2024-01-07T06:00+01:00,-157.62,18187.12762,24160.41784
2024-01-07T07:00+01:00,-379.68,18910.41762,24328.15706
2024-01-07T08:00+01:00,-578.905,20136.36433,24072.07604
2024-01-07T09:00+01:00,-1300.47,22324.08316,24444.40173
2024-01-07T10:00+01:00,-364.7375,22715.58661,24909.96073
2024-01-07T11:00+01:00,880.8025,22395.88038,26180.78166
2024-01-07T12:00+01:00,1488.6,22085.18207,26815.21685
2024-01-07T13:00+01:00,697.0975,21986.83023,26761.22286
2024-01-07T14:00+01:00,499.17,21989.61958,26304.50899
2024-01-07T15:00+01:00,1271.7675,22297.48885,24964.26832
2024-01-07T16:00+01:00,1823.2725,22657.01299,24958.94657
2024-01-07T17:00+01:00,1795.4425,23392.21583,26604.98875
2024-01-07T18:00+01:00,1142.5625,24049.66269,27788.96444
2024-01-07T19:00+01:00,-421.7875,24334.78269,29108.78194
2024-01-07T20:00+01:00,-2301.0475,23710.93475,28414.30408
2024-01-07T21:00+01:00,-2948.1775,22791.78036,27364.43937
2024-01-07T22:00+01:00,-1585.405,22551.37416,26945.06456
2024-01-07T23:00+01:00,-545.655,20736.25547,27377.73004
2024-01-08T00:00+01:00,1499.9225,19334.08616,27426.23782
2024-01-08T01:00+01:00,805.67,18231.0822,28086.22957
2024-01-08T02:00+01:00,108.6425,17961.41986,28679.75106
2024-01-08T03:00+01:00,489.0125,17743.0642,29266.25919
2024-01-08T04:00+01:00,404.96,18407.57207,28691.52519
2024-01-08T05:00+01:00,-103.2375,21307.22015,28182.30223
2024-01-08T06:00+01:00,183.355,25950.18762,28565.1126
2024-01-08T07:00+01:00,1936.2325,28954.52021,28797.77213
2024-01-08T08:00+01:00,2552.3475,30143.8934,29732.83325
2024-01-08T09:00+01:00,206.43,30309.68391,31337.34078
2024-01-08T10:00+01:00,-1389.265,30391.22299,33545.69745
2024-01-08T11:00+01:00,-2482.7925,30381.91636,36253.10579
2024-01-08T12:00+01:00,-3727.3425,30329.68904,38114.87321
2024-01-08T13:00+01:00,-3145.3725,30519.45982,37591.13082
2024-01-08T14:00+01:00,-1448.0325,30761.79679,34822.07206
2024-01-08T15:00+01:00,507.99,31390.06715,31236.20572
2024-01-08T16:00+01:00,843.245,31557.29984,29597.87892
2024-01-08T17:00+01:00,-1573.03,32471.38086,30516.53499
2024-01-08T18:00+01:00,-3339.88,32811.03353,30518.2136
2024-01-08T19:00+01:00,-1598.945,32505.76817,29863.41942
2024-01-08T20:00+01:00,-2203.9375,31812.68893,28901.91514
2024-01-08T21:00+01:00,-2244.7125,31078.23056,27834.92547
2024-01-08T22:00+01:00,-1221.3375,29463.80772,25957.40688
2024-01-08T23:00+01:00,586.34,27860.27248,24371.47709
2024-01-09T00:00+01:00,569.7925,27235.98819,23122.45418
2024-01-09T01:00+01:00,1752.725,26667.40713,22221.14223
2024-01-09T02:00+01:00,2561.2375,26673.65459,21642.62354
2024-01-09T03:00+01:00,3357.1375,26418.31916,20776.08801
2024-01-09T04:00+01:00,3698.815,27452.20712,20195.00263
2024-01-09T05:00+01:00,3125.36,28637.81773,19674.4116
2024-01-09T06:00+01:00,2489.6925,32801.23052,19892.47076
2024-01-09T07:00+01:00,5092.7825,35468.89086,19709.01174
2024-01-09T08:00+01:00,4419.7975,36102.17784,19843.67909
2024-01-09T09:00+01:00,505.255,35985.37313,22873.83361
2024-01-09T10:00+01:00,-1393.14,35594.51856,26574.27004
2024-01-09T11:00+01:00,-1337.2475,35245.50358,29343.84761
2024-01-09T12:00+01:00,-1385.5075,35344.88804,30108.19552
2024-01-09T13:00+01:00,-2019.3525,35501.84056,29175.6685
2024-01-09T14:00+01:00,-220.5825,35774.42156,25439.75422
2024-01-09T15:00+01:00,2626.4025,36197.91793,20305.19218
2024-01-09T16:00+01:00,5566.115,35833.72084,18288.78555
2024-01-09T17:00+01:00,6554.89,35867.85627,20125.68295
2024-01-09T18:00+01:00,5067.155,36162.31315,20616.38275
2024-01-09T19:00+01:00,3821.175,36215.59903,20444.01769
2024-01-09T20:00+01:00,2738.695,35963.23406,19930.77594
2024-01-09T21:00+01:00,1576.5575,35511.71213,19297.80504
2024-01-09T22:00+01:00,2039.91,34292.38307,18788.15227
2024-01-09T23:00+01:00,2212.545,32809.15306,17988.5513
2024-01-10T00:00+01:00,1128.835,32947.74076,17204.58324
2024-01-10T01:00+01:00,1114.48,32813.82311,16294.07658
2024-01-10T02:00+01:00,1868.12,32607.79972,16152.907
2024-01-10T03:00+01:00,2414.8875,32416.03265,15884.5169
2024-01-10T04:00+01:00,2742.23,32863.15644,16040.11883
2024-01-10T05:00+01:00,2983.4125,34149.19117,16339.92054
2024-01-10T06:00+01:00,2874.26,36389.1744,16780.74382
2024-01-10T07:00+01:00,3899.77,37620.74794,17262.62777
2024-01-10T08:00+01:00,4690.34,38613.57065,17905.36065
2024-01-10T09:00+01:00,2182.2475,39232.37369,19879.22609
2024-01-10T10:00+01:00,1072.8225,39080.04522,22890.92759
2024-01-10T11:00+01:00,-931.4875,39414.34805,25294.24979
2024-01-10T12:00+01:00,-1379.545,39397.09354,25488.56748
2024-01-10T13:00+01:00,-90.155,39238.31847,23767.97421
2024-01-10T14:00+01:00,2531.355,39165.75746,20019.52367
2024-01-10T15:00+01:00,4739.28,40215.4364,15162.94941
2024-01-10T16:00+01:00,5639.6575,41192.62452,13097.21688
2024-01-10T17:00+01:00,5489.69,41795.19411,14305.47379
2024-01-10T18:00+01:00,4571.9725,41779.83848,14586.67554
2024-01-10T19:00+01:00,4061.6625,41144.73123,13655.77745
2024-01-10T20:00+01:00,4370.645,40385.03839,12639.06048
2024-01-10T21:00+01:00,5195.44,38857.86672,11690.60732
2024-01-10T22:00+01:00,5249.03,37654.42755,11250.94273
2024-01-10T23:00+01:00,4704.5675,36383.29787,11008.51957
2024-01-11T00:00+01:00,5852.06,35069.65063,11033.24051
2024-01-11T01:00+01:00,5813.7825,34651.19904,11463.47059
2024-01-11T02:00+01:00,4299.015,34649.64127,12011.8956
2024-01-11T03:00+01:00,4677.51,34503.26649,12189.13638
2024-01-11T04:00+01:00,4969.335,34789.21717,12652.47543
2024-01-11T05:00+01:00,3811.2975,36531.58058,13861.10051
2024-01-11T06:00+01:00,3511.835,38687.42718,14910.90569
2024-01-11T07:00+01:00,6447.7025,39950.38224,16418.03693
2024-01-11T08:00+01:00,4113.5325,41078.06339,17970.49725
2024-01-11T09:00+01:00,2328.5275,40322.96477,20911.47177
2024-01-11T10:00+01:00,695.6025,39756.78032,24774.64015
2024-01-11T11:00+01:00,-524.8325,39101.14506,26947.71312
2024-01-11T12:00+01:00,-1524.6575,38679.68598,26518.95576
2024-01-11T13:00+01:00,-229.6475,39005.44461,24739.05877
2024-01-11T14:00+01:00,1227.96,39433.05514,21347.31199
2024-01-11T15:00+01:00,3529.4775,40220.99094,17250.30587
2024-01-11T16:00+01:00,4125.72,41216.14512,14963.30272
2024-01-11T17:00+01:00,3579.38,42196.47276,14449.29043
2024-01-11T18:00+01:00,4384.3125,42587.10941,13887.05512
2024-01-11T19:00+01:00,5492.815,42131.2631,12973.63711
2024-01-11T20:00+01:00,5564.895,40229.95596,12520.46266
2024-01-11T21:00+01:00,6316.43,37965.73023,11648.48508
2024-01-11T22:00+01:00,6485.14,36263.93843,10756.75609
2024-01-11T23:00+01:00,6337.7025,34454.04337,10594.87817
2024-01-12T00:00+01:00,5063.515,34056.74455,10549.10698
2024-01-12T01:00+01:00,6266.6475,33761.8293,10677.44713
2024-01-12T02:00+01:00,5904.2325,34060.76392,11194.77882
2024-01-12T03:00+01:00,5665.69,34369.22808,11194.52341
2024-01-12T04:00+01:00,5587.1775,34643.54489,12108.20566
2024-01-12T05:00+01:00,5308.97,35538.41722,13297.02387
2024-01-12T06:00+01:00,5093.8025,37016.94667,14308.80572
2024-01-12T07:00+01:00,5194.84,39298.81833,14822.87077
2024-01-12T08:00+01:00,4267.5425,40021.84622,15581.20903
2024-01-12T09:00+01:00,3977.1175,39787.72455,17873.37321
2024-01-12T10:00+01:00,3671.4475,39566.6798,19942.27214
2024-01-12T11:00+01:00,2271.025,39610.86522,21803.9192
2024-01-12T12:00+01:00,2264.745,39247.932,22712.14561
2024-01-12T13:00+01:00,1312.84,38795.78009,23162.52696
2024-01-12T14:00+01:00,79.49,38334.07128,22747.81177
2024-01-12T15:00+01:00,1097.3375,38656.15814,21273.70851
2024-01-12T16:00+01:00,1366.77,38522.19839,20778.74797
2024-01-12T17:00+01:00,2292.9175,38757.7216,20716.69067
2024-01-12T18:00+01:00,-145.22,39086.96846,20574.40882
2024-01-12T19:00+01:00,-582.2375,38548.3065,20680.36416
2024-01-12T20:00+01:00,-3242.4475,37602.37044,20717.92973
2024-01-12T21:00+01:00,-2862.995,34660.24188,21173.33249
2024-01-12T22:00+01:00,-2107.9,32677.7056,21098.61281
2024-01-12T23:00+01:00,-3157.7025,30771.50491,21842.55803
2024-01-13T00:00+01:00,-1734.115,29076.67567,21558.04711
2024-01-13T01:00+01:00,-1639.5,26162.82403,22679.13169
2024-01-13T02:00+01:00,-2249.7875,25307.36603,23643.66285
2024-01-13T03:00+01:00,-2262.18,24259.48823,25045.5814
2024-01-13T04:00+01:00,-1911.23,23413.36082,26272.55672
2024-01-13T05:00+01:00,-2872.965,23482.48232,26743.82332
2024-01-13T06:00+01:00,-4387.9125,24388.24387,26984.80519
2024-01-13T07:00+01:00,-4609.2225,25650.21159,28709.66688
2024-01-13T08:00+01:00,-3682.1825,25893.23942,31384.67245
2024-01-13T09:00+01:00,-4071.74,25948.10529,33770.81543
2024-01-13T10:00+01:00,-3958.635,25841.74742,35794.84418
2024-01-13T11:00+01:00,-4199.9975,25402.49723,37739.28192
2024-01-13T12:00+01:00,-5955.9275,25747.35826,39364.17622
2024-01-13T13:00+01:00,-6074.995,26120.01074,39569.69078
2024-01-13T14:00+01:00,-7379.865,25872.03859,39849.35324
2024-01-13T15:00+01:00,-8141.09,26123.25511,39655.99597
2024-01-13T16:00+01:00,-7734.34,25930.28517,39664.48817
2024-01-13T17:00+01:00,-6824.8325,25820.58706,39761.20448
2024-01-13T18:00+01:00,-7529.1825,26203.68587,40041.66961
2024-01-13T19:00+01:00,-8130.7925,26279.92317,39375.56436
2024-01-13T20:00+01:00,-9358.0275,25858.44707,37852.30049
2024-01-13T21:00+01:00,-10090.1825,25604.40513,37212.66988
2024-01-13T22:00+01:00,-9562.1125,24726.29358,36531.40901
2024-01-13T23:00+01:00,-9363.2475,23073.30775,36525.73142
2024-01-14T00:00+01:00,-11160.975,22282.72287,36463.2707
2024-01-14T01:00+01:00,-11337.9225,22330.8717,37029.2712
2024-01-14T02:00+01:00,-12151.1975,21998.23385,36612.91294
2024-01-14T03:00+01:00,-12438.4175,21379.72971,36674.59207
2024-01-14T04:00+01:00,-11566.94,21171.93037,35907.16436
2024-01-14T05:00+01:00,-11361.4025,20994.29651,34744.63133
2024-01-14T06:00+01:00,-11650.7675,21515.61026,34106.24671
2024-01-14T07:00+01:00,-10859.2075,21845.48401,33150.3446
2024-01-14T08:00+01:00,-8896.7675,22305.70741,32464.71647
2024-01-14T09:00+01:00,-6788.015,22803.07992,33884.645
2024-01-14T10:00+01:00,-5692.1275,22230.51089,35797.21846
2024-01-14T11:00+01:00,-4265.185,21199.21544,37737.74045
2024-01-14T12:00+01:00,-6088.2325,21774.945,39583.73704
2024-01-14T13:00+01:00,-7181.7675,22135.07046,39717.66386
2024-01-14T14:00+01:00,-7587.9825,22503.38862,38694.60353
2024-01-14T15:00+01:00,-7334.105,23970.74678,36437.97297
2024-01-14T16:00+01:00,-6649.5575,24774.74102,34963.87763
2024-01-14T17:00+01:00,-6465.1675,25808.6352,35804.76244
2024-01-14T18:00+01:00,-7836.5225,25805.44464,37369.49062
2024-01-14T19:00+01:00,-8482.0475,25622.45671,38397.54261
2024-01-14T20:00+01:00,-8646.045,24441.77884,38711.57221
2024-01-14T21:00+01:00,-9620.8075,23320.61069,39288.92612
2024-01-14T22:00+01:00,-8891.47,22772.67202,38759.44005
2024-01-14T23:00+01:00,-11456.64,22022.35856,39398.39454
2024-01-15T00:00+01:00,-11221.3925,20712.39221,40482.47234
2024-01-15T01:00+01:00,-12375.475,20496.97438,41354.32736
2024-01-15T02:00+01:00,-12932.7525,20676.31208,41865.31384
2024-01-15T03:00+01:00,-11635.535,20545.26733,42478.59556
2024-01-15T04:00+01:00,-11860.11,20549.3448,43010.39227
2024-01-15T05:00+01:00,-10868.95,22392.6197,41562.07816
2024-01-15T06:00+01:00,-8999.32,24787.07467,40630.5157
2024-01-15T07:00+01:00,-6722.66,27589.17607,40109.66955
2024-01-15T08:00+01:00,-5524.575,29395.25961,39218.94976
2024-01-15T09:00+01:00,-4116.0775,29852.05587,39005.02409
2024-01-15T10:00+01:00,-4356.6375,30227.1668,39652.66568
2024-01-15T11:00+01:00,-3661.7,30319.49572,40312.23056
2024-01-15T12:00+01:00,-4146.7325,30365.62982,39124.56452
2024-01-15T13:00+01:00,-3704.9925,30395.19729,37842.57871
2024-01-15T14:00+01:00,-2163.305,30963.62666,36115.72447
2024-01-15T15:00+01:00,-1540.835,32028.65752,33622.27197
2024-01-15T16:00+01:00,-1841.3675,33104.0627,31848.37
2024-01-15T17:00+01:00,-3376.9425,33643.61828,31744.52853
2024-01-15T18:00+01:00,-2983.985,34038.14988,32062.2109
2024-01-15T19:00+01:00,-4456.875,34108.72523,31712.03293
2024-01-15T20:00+01:00,-5434.3075,33580.69559,30771.46172
2024-01-15T21:00+01:00,-4391.6125,32236.38001,30014.30883
2024-01-15T22:00+01:00,-4287.87,30848.56647,27767.55833
2024-01-15T23:00+01:00,-3930.1075,28891.10539,26688.89128
2024-01-16T00:00+01:00,-3145.7925,28230.77723,26747.58336
2024-01-16T01:00+01:00,-4596.085,28408.01185,26901.43668
2024-01-16T02:00+01:00,-4955.275,28209.69923,27343.03429
2024-01-16T03:00+01:00,-4840.385,27813.59592,27326.47786
2024-01-16T04:00+01:00,-4964.665,28775.66807,27180.67644
2024-01-16T05:00+01:00,-4809.665,31400.03129,25990.17788
2024-01-16T06:00+01:00,-3441.92,35308.55885,25422.90302
2024-01-16T07:00+01:00,-1438.1075,37582.49436,23736.31906
2024-01-16T08:00+01:00,-619.0925,38339.2559,22328.37373
2024-01-16T09:00+01:00,-84.1075,38722.44147,22394.78728
2024-01-16T10:00+01:00,634.765,38481.2194,23641.84468
2024-01-16T11:00+01:00,1855.875,38073.45485,24700.13491
2024-01-16T12:00+01:00,1912.2825,37367.34798,26326.35684
2024-01-16T13:00+01:00,1528.31,37112.52692,25769.62509
2024-01-16T14:00+01:00,1162.3775,37413.66501,24848.32541
2024-01-16T15:00+01:00,2178.23,37695.59163,22920.82768
2024-01-16T16:00+01:00,289.76,38303.10162,21635.07338
2024-01-16T17:00+01:00,-1499.645,39569.59304,23383.82923
2024-01-16T18:00+01:00,-2380.2075,39717.45705,25673.59904
2024-01-16T19:00+01:00,-2419.3125,38475.859,27140.9543
2024-01-16T20:00+01:00,-2869.8775,36548.20666,28575.12861
2024-01-16T21:00+01:00,-2747.5775,34092.11909,29475.92088
2024-01-16T22:00+01:00,-489.3475,30926.23125,29865.64926
2024-01-16T23:00+01:00,-891.2525,28680.93638,30493.56172
2024-01-17T00:00+01:00,643.4825,26877.17905,30479.61313
2024-01-17T01:00+01:00,-499.4325,26351.33804,30663.16195
2024-01-17T02:00+01:00,-1539.455,26320.78088,31066.28662
2024-01-17T03:00+01:00,-2143.9075,26291.01273,31435.46529
2024-01-17T04:00+01:00,-1828.44,26802.0129,31506.54455
2024-01-17T05:00+01:00,-1716.9675,28467.02829,31552.98049
2024-01-17T06:00+01:00,-1055.545,31763.54814,32133.67446
2024-01-17T07:00+01:00,-1673.005,35119.35931,30936.0061
2024-01-17T08:00+01:00,-1751.5775,37935.09942,29932.96283
2024-01-17T09:00+01:00,653.2875,38707.13137,28555.23844
2024-01-17T10:00+01:00,778.5125,39096.99497,26074.04709
2024-01-17T11:00+01:00,3105.325,38966.07496,22519.49147
2024-01-17T12:00+01:00,6641.6,39032.98174,20444.83723
2024-01-17T13:00+01:00,7047.99,39057.776,18466.28508
2024-01-17T14:00+01:00,6434.76,39227.90496,16641.24016
2024-01-17T15:00+01:00,5914.115,39499.58592,15316.14802
2024-01-17T16:00+01:00,6705.835,39662.72226,14651.85711
2024-01-17T17:00+01:00,7485.7,40037.79672,14562.35142
2024-01-17T18:00+01:00,7946.6575,39951.0732,13928.47498
2024-01-17T19:00+01:00,7022.7575,38584.47465,13333.92044
2024-01-17T20:00+01:00,7446.075,37694.30653,13278.71175
2024-01-17T21:00+01:00,7293.355,36121.52,13107.40699
2024-01-17T22:00+01:00,6824.26,34396.5084,13623.62343
2024-01-17T23:00+01:00,6895.115,31621.48929,13801.04115
2024-01-18T00:00+01:00,7022.1825,30706.96387,13600.8341
2024-01-18T01:00+01:00,7309.9275,29436.65298,13871.59744
2024-01-18T02:00+01:00,7513.4825,28462.90112,14056.20089
2024-01-18T03:00+01:00,8503.0275,27736.81527,14265.073
2024-01-18T04:00+01:00,7622.89,29022.50656,14765.76508
2024-01-18T05:00+01:00,6563.2175,31818.71183,14316.67233
2024-01-18T06:00+01:00,6721.305,35370.59828,14087.16227
2024-01-18T07:00+01:00,7951.805,36917.39095,14255.35205
2024-01-18T08:00+01:00,8391.6,37434.17365,15854.0471
2024-01-18T09:00+01:00,7594.9425,37369.73648,16997.07387
2024-01-18T10:00+01:00,6232.62,37404.4928,18315.98929
2024-01-18T11:00+01:00,7966.5125,37142.0627,18670.32587
2024-01-18T12:00+01:00,9382.3525,36178.32952,19051.76276
2024-01-18T13:00+01:00,10506.3725,35636.7066,18701.87112
2024-01-18T14:00+01:00,9824.4125,35892.8979,18311.58708
2024-01-18T15:00+01:00,9269.505,35805.26375,17883.14942
2024-01-18T16:00+01:00,7504.33,36349.4996,19091.69271
2024-01-18T17:00+01:00,4853.66,36855.93453,21987.2698
2024-01-18T18:00+01:00,2718.29,37680.7464,24432.6176
2024-01-18T19:00+01:00,915.3325,37542.4071,26090.4341
2024-01-18T20:00+01:00,-822.2975,36547.47669,27271.24953
2024-01-18T21:00+01:00,-1599.84,34379.96989,28269.97139
2024-01-18T22:00+01:00,-948.8675,31694.02303,28055.68617
2024-01-18T23:00+01:00,-197.1725,28432.09792,29645.74558
2024-01-19T00:00+01:00,347.8475,25383.46464,31335.70349
2024-01-19T01:00+01:00,-1478.7925,24351.11323,32751.73858
2024-01-19T02:00+01:00,-2099.4,23254.35687,33834.24833
2024-01-19T03:00+01:00,-3159.05,22460.01129,34660.85313
2024-01-19T04:00+01:00,-2766.7225,23148.04729,35238.97448
2024-01-19T05:00+01:00,-2624.035,24209.47891,36025.83912
2024-01-19T06:00+01:00,-3039.1075,27646.39705,35961.27597
2024-01-19T07:00+01:00,-4439.69,31272.09434,36074.98242
2024-01-19T08:00+01:00,-4381.88,31890.71807,36745.18193
2024-01-19T09:00+01:00,-6477.8975,33020.23406,37528.20449
2024-01-19T10:00+01:00,-5708.0075,32850.43498,38248.07281
2024-01-19T11:00+01:00,-4259.025,32214.50518,39575.20593
2024-01-19T12:00+01:00,-2607.1625,30956.57706,40701.18662
2024-01-19T13:00+01:00,-4027.3925,29752.21741,40855.3349
2024-01-19T14:00+01:00,-5025.76,29921.99502,40045.13862
2024-01-19T15:00+01:00,-4962.75,30940.81819,38779.13661
2024-01-19T16:00+01:00,-5501.2325,31567.45375,39104.66694
2024-01-19T17:00+01:00,-6868.335,31117.99921,41082.70697
2024-01-19T18:00+01:00,-9140.1075,31329.01039,42954.01426
2024-01-19T19:00+01:00,-9370.42,29780.34173,43775.3789
2024-01-19T20:00+01:00,-8714.405,26927.93212,44000.63611
2024-01-19T21:00+01:00,-9105.8925,24375.89151,43219.90008
2024-01-19T22:00+01:00,-8061.375,22870.6062,41758.84038
2024-01-19T23:00+01:00,-9060.5275,21504.44591,41276.94968
2024-01-20T00:00+01:00,-10089.9525,21120.69832,41309.49994
2024-01-20T01:00+01:00,-10902.7625,21392.02817,40414.09273
2024-01-20T02:00+01:00,-10746.1375,21083.54926,40133.40323
2024-01-20T03:00+01:00,-10379.535,21247.81251,39654.15902
2024-01-20T04:00+01:00,-9550.74,21335.29478,39864.39713
2024-01-20T05:00+01:00,-10290.825,21452.63648,39478.10999
2024-01-20T06:00+01:00,-11075.9625,21469.24716,39682.20257
2024-01-20T07:00+01:00,-10161.7575,22015.28668,39988.06108
2024-01-20T08:00+01:00,-9101.8825,22376.64923,40944.86831
2024-01-20T09:00+01:00,-10610.3025,22652.18471,43257.8886
2024-01-20T10:00+01:00,-10713.3725,22153.20704,45883.44114
2024-01-20T11:00+01:00,-11197.4725,21030.46704,47860.24488
2024-01-20T12:00+01:00,-11105.045,19842.83784,49943.37122
2024-01-20T13:00+01:00,-9906.8475,19377.28893,48294.01464
2024-01-20T14:00+01:00,-8132.075,19446.23644,43321.96159
2024-01-20T15:00+01:00,-5184.23,20371.37983,37558.22739
2024-01-20T16:00+01:00,-3065.88,21855.31692,33660.50197
2024-01-20T17:00+01:00,-2306.21,22220.18481,33639.21504
2024-01-20T18:00+01:00,-3177.3175,22215.48887,34078.6206
2024-01-20T19:00+01:00,-4270.9525,22407.14367,34225.031
2024-01-20T20:00+01:00,-3360.49,21457.91138,34308.02158
2024-01-20T21:00+01:00,-3465.1125,20512.30563,34037.01666
2024-01-20T22:00+01:00,-2487.02,20153.69027,33263.20825
2024-01-20T23:00+01:00,-2746.37,19006.75816,33770.16767
2024-01-21T00:00+01:00,-4128.395,17319.18425,35331.85484
2024-01-21T01:00+01:00,-5294.26,16140.39454,36405.91111
2024-01-21T02:00+01:00,-5495.2425,14456.85485,37363.23389
2024-01-21T03:00+01:00,-6124.995,14230.11705,37398.71952
2024-01-21T04:00+01:00,-5883.35,14136.13993,37470.82612
2024-01-21T05:00+01:00,-6298.76,13798.61392,38621.86268
2024-01-21T06:00+01:00,-8506.4575,14008.93328,39555.09244
2024-01-21T07:00+01:00,-10401.7425,13769.90472,41733.66411
2024-01-21T08:00+01:00,-11251.7375,13870.43862,44932.87709
2024-01-21T09:00+01:00,-11993.5175,14251.00297,49191.35859
2024-01-21T10:00+01:00,-12870.295,13810.62901,52033.10048
2024-01-21T11:00+01:00,-11744.31,13705.03265,53351.12919
2024-01-21T12:00+01:00,-10069.5375,13442.85737,53419.07594
2024-01-21T13:00+01:00,-9284.26,13276.43564,52279.04566
2024-01-21T14:00+01:00,-9533.7925,13399.03659,51686.24356
2024-01-21T15:00+01:00,-9148.2725,13412.44073,48983.35027
2024-01-21T16:00+01:00,-8609.3225,13990.66475,46989.01713
2024-01-21T17:00+01:00,-7748.73,14571.29956,48007.59625
2024-01-21T18:00+01:00,-9176.5325,15388.71143,48222.0619
2024-01-21T19:00+01:00,-9482.06,15312.98062,48284.54932
2024-01-21T20:00+01:00,-9719.3625,14792.67913,48373.1315
2024-01-21T21:00+01:00,-11039.46,14577.29304,49218.0232
2024-01-21T22:00+01:00,-10187.4775,14234.05469,48103.46293
2024-01-21T23:00+01:00,-10016.6775,14158.81755,47608.7764
2024-01-22T00:00+01:00,-11297.3575,13526.71235,48543.00595
2024-01-22T01:00+01:00,-11497.4725,12691.46024,48397.87907
2024-01-22T02:00+01:00,-10603.23,12481.81611,47190.41424
2024-01-22T03:00+01:00,-10805.4325,12391.36063,47572.03056
2024-01-22T04:00+01:00,-10367.185,12487.51512,48829.49126
2024-01-22T05:00+01:00,-9250.295,13267.24243,50313.637
2024-01-22T06:00+01:00,-7971.505,14657.82657,51933.28506
2024-01-22T07:00+01:00,-6989.375,16084.40425,53585.75511
2024-01-22T08:00+01:00,-7621.1075,17086.21865,54412.80017
2024-01-22T09:00+01:00,-7368.9975,17424.47697,55005.69001
2024-01-22T10:00+01:00,-5982.2675,17265.20811,55585.61019
2024-01-22T11:00+01:00,-4664.51,16754.18128,56280.53322
2024-01-22T12:00+01:00,-4447.58,15854.70112,56491.45503
2024-01-22T13:00+01:00,-4157.435,15785.28176,56335.0248
2024-01-22T14:00+01:00,-3932.3525,15597.23082,54479.94615
2024-01-22T15:00+01:00,-2038.055,15352.87451,52006.55871
2024-01-22T16:00+01:00,-2191.655,15623.19142,50876.26113
2024-01-22T17:00+01:00,-3907.705,17008.63153,50306.88833
2024-01-22T18:00+01:00,-6123.525,17260.95611,50245.67272
2024-01-22T19:00+01:00,-6865.33,17421.17826,50762.08574
2024-01-22T20:00+01:00,-6366.345,16540.00229,50588.20716
2024-01-22T21:00+01:00,-7863.515,15155.3279,50831.49208
2024-01-22T22:00+01:00,-8009.825,14092.4231,49851.89097
2024-01-22T23:00+01:00,-9490.42,13773.52331,49970.56392
2024-01-23T00:00+01:00,-10230.4325,13333.82401,50037.6111
2024-01-23T01:00+01:00,-11637.6775,14116.05712,49389.47039
2024-01-23T02:00+01:00,-11867.975,14282.33532,49238.70412
2024-01-23T03:00+01:00,-11641.3975,14132.57418,49619.73303
2024-01-23T04:00+01:00,-10941.0875,14449.13164,49826.89347
2024-01-23T05:00+01:00,-10196.4175,15399.35176,49437.389
2024-01-23T06:00+01:00,-7095.895,17725.18595,49376.95455
2024-01-23T07:00+01:00,-5646.7675,19720.28367,48992.37619
2024-01-23T08:00+01:00,-4842.1025,20182.66463,48284.79503
2024-01-23T09:00+01:00,-5451.3625,20241.56998,49622.50129
2024-01-23T10:00+01:00,-3873.555,19856.69504,52171.57081
2024-01-23T11:00+01:00,-4745.145,19287.10873,54862.59892
2024-01-23T12:00+01:00,-6816.3475,18810.66047,55202.14749
2024-01-23T13:00+01:00,-5198.5275,18006.13883,53853.9553
2024-01-23T14:00+01:00,-2477.995,17313.76716,51851.62549
2024-01-23T15:00+01:00,-573.665,16994.44976,48768.38086
2024-01-23T16:00+01:00,833.5425,17827.74615,46053.61178
2024-01-23T17:00+01:00,930.3775,17521.63285,45909.2101
2024-01-23T18:00+01:00,-1449.53,17594.57508,47711.33531
2024-01-23T19:00+01:00,-3179.015,16481.49303,50156.52017
2024-01-23T20:00+01:00,-4903.81,15528.27388,51536.57075
2024-01-23T21:00+01:00,-6605.7625,13923.64687,53167.44615
2024-01-23T22:00+01:00,-7575.25,13112.28978,52613.01029
2024-01-23T23:00+01:00,-9889.1925,12680.25768,53736.68251
2024-01-24T00:00+01:00,-11026.98,11686.65615,53762.17222
2024-01-24T01:00+01:00,-12356.5125,11509.86128,53466.47438
2024-01-24T02:00+01:00,-11709.1975,11645.08184,52042.60969
2024-01-24T03:00+01:00,-10791.945,11756.15705,51018.67504
2024-01-24T04:00+01:00,-9520.3175,11990.85111,50481.80444
2024-01-24T05:00+01:00,-9991.025,12599.37861,52526.75928
2024-01-24T06:00+01:00,-9525.7175,14363.82595,54911.41369
2024-01-24T07:00+01:00,-7673.8725,16013.90639,54998.07563
2024-01-24T08:00+01:00,-5822.7175,16327.61537,55341.72966
2024-01-24T09:00+01:00,-7337.71,16177.22532,55374.71646
2024-01-24T10:00+01:00,-7211.0825,15701.53053,57751.49728
2024-01-24T11:00+01:00,-6734.6925,14967.85425,60691.63706
2024-01-24T12:00+01:00,-9282.7,15092.33025,61644.98558
2024-01-24T13:00+01:00,-9424.5175,15063.13137,61183.90882
2024-01-24T14:00+01:00,-8814.855,14929.49392,60263.29847
2024-01-24T15:00+01:00,-8711.5425,15129.76921,58288.4005
2024-01-24T16:00+01:00,-7730.7825,15195.58633,56373.88883
2024-01-24T17:00+01:00,-6450.01,16451.91737,55033.01946
2024-01-24T18:00+01:00,-7852.25,17610.89001,53565.30008
2024-01-24T19:00+01:00,-8518.0375,18003.65607,53415.3164
2024-01-24T20:00+01:00,-9093.905,16829.60263,52457.61439
2024-01-24T21:00+01:00,-9863.905,16044.76057,51642.85174
2024-01-24T22:00+01:00,-9081.8625,14871.94163,50553.5338
2024-01-24T23:00+01:00,-10101.5325,14572.98168,49711.90017
2024-01-25T00:00+01:00,-9439.39,14692.3567,49100.51959
2024-01-25T01:00+01:00,-11383.635,14801.7938,48278.89756
2024-01-25T02:00+01:00,-11191.51,14768.19563,47260.78602
2024-01-25T03:00+01:00,-9957.0075,14824.28225,46530.49255
2024-01-25T04:00+01:00,-8458.88,14814.31766,46100.08184
2024-01-25T05:00+01:00,-6776.0725,16392.6725,45032.63674
2024-01-25T06:00+01:00,-4168.8575,19688.57072,43762.41124
2024-01-25T07:00+01:00,-2249.1625,23091.67412,41551.52116
2024-01-25T08:00+01:00,-1596.8775,24921.71209,39971.06222
2024-01-25T09:00+01:00,276.7425,23643.24296,41469.93904
2024-01-25T10:00+01:00,230.83,22529.17251,43176.97247
2024-01-25T11:00+01:00,220.365,21344.35027,43091.6333
2024-01-25T12:00+01:00,908.57,21391.49042,41627.54389
2024-01-25T13:00+01:00,4709.2925,20854.06164,39032.91438
2024-01-25T14:00+01:00,4542.9975,22435.37105,34197.57858
2024-01-25T15:00+01:00,7892.4575,23591.45538,28178.36066
2024-01-25T16:00+01:00,9883.0325,23550.36501,24181.05568
2024-01-25T17:00+01:00,10669.2075,23996.65756,23224.34628
2024-01-25T18:00+01:00,9354.7825,24106.85862,23615.03214
2024-01-25T19:00+01:00,9875.055,23589.37113,23482.54305
2024-01-25T20:00+01:00,8212.975,22747.57243,23608.43745
2024-01-25T21:00+01:00,8368.085,21972.10642,23400.6349
2024-01-25T22:00+01:00,8445.6625,20757.47298,22895.97084
2024-01-25T23:00+01:00,8315.3775,19378.44774,22643.78218
2024-01-26T00:00+01:00,9387.1425,16603.66042,22407.8394
2024-01-26T01:00+01:00,7653.4875,15961.15914,23324.69442
2024-01-26T02:00+01:00,7012.3725,15427.26822,24426.17156
2024-01-26T03:00+01:00,7608.73,15762.58253,26262.95303
2024-01-26T04:00+01:00,6921.885,15743.17362,28193.3532
2024-01-26T05:00+01:00,6041.54,16242.90674,31064.95144
2024-01-26T06:00+01:00,5044.12,17515.54949,35332.3565
2024-01-26T07:00+01:00,3614.71,18721.60882,38870.60064
2024-01-26T08:00+01:00,-342.615,19460.40448,43533.02808
2024-01-26T09:00+01:00,-3110.6125,19028.41142,47343.44259
2024-01-26T10:00+01:00,-4577.92,18958.15872,50455.42351
2024-01-26T11:00+01:00,-2946.1975,17081.46344,52692.91566
2024-01-26T12:00+01:00,-2433.8375,16107.90682,53381.7723
2024-01-26T13:00+01:00,-4294.7725,15929.40756,54220.59679
2024-01-26T14:00+01:00,-4814.07,16215.30796,55131.48562
2024-01-26T15:00+01:00,-6239.64,16765.432,54862.82417
2024-01-26T16:00+01:00,-5695.8825,16951.10624,53909.78778
2024-01-26T17:00+01:00,-6042.7125,18672.60724,53810.74485
2024-01-26T18:00+01:00,-6396.4275,19565.51733,51022.96928
2024-01-26T19:00+01:00,-6309.435,20314.02532,48928.42543
2024-01-26T20:00+01:00,-6116.58,19791.77757,46739.83581
2024-01-26T21:00+01:00,-6833.8775,19515.25296,44334.88184
2024-01-26T22:00+01:00,-5421.3575,18500.29956,42151.0757
2024-01-26T23:00+01:00,-4674.55,17443.98486,40891.89755
2024-01-27T00:00+01:00,-5591.9275,16249.25471,40206.39286
2024-01-27T01:00+01:00,-4760.605,15520.18512,39880.81057
2024-01-27T02:00+01:00,-5079.89,15005.55242,39608.71454
2024-01-27T03:00+01:00,-5003.535,14444.52731,38545.30136
2024-01-27T04:00+01:00,-4006.8,14443.5862,37393.80735
2024-01-27T05:00+01:00,-3738.315,15002.7872,36404.24573
2024-01-27T06:00+01:00,-2973.63,15516.306,35763.41166
2024-01-27T07:00+01:00,-1395.0075,16167.12608,34751.22835
2024-01-27T08:00+01:00,-806.475,16715.11447,36064.10944
2024-01-27T09:00+01:00,-1277.6775,15909.13483,40321.0943
2024-01-27T10:00+01:00,-2353.7075,14263.2742,44609.22594
2024-01-27T11:00+01:00,-5505.805,13590.93308,48128.45953
2024-01-27T12:00+01:00,-5614.66,13122.25115,49335.64624
2024-01-27T13:00+01:00,-4965.255,12855.65801,46875.508
2024-01-27T14:00+01:00,-4160.2175,13691.80212,41530.4608
2024-01-27T15:00+01:00,410.7725,15779.42422,32747.19462
2024-01-27T16:00+01:00,3827.0325,18286.76508,24753.50498
2024-01-27T17:00+01:00,8262.1025,19316.72088,23288.52947
2024-01-27T18:00+01:00,6940.85,19470.74598,25071.97728
2024-01-27T19:00+01:00,5037.335,19182.72412,26789.78072
2024-01-27T20:00+01:00,1654.7225,18767.17232,26822.0639
2024-01-27T21:00+01:00,1718.4325,17834.47378,26427.89264
2024-01-27T22:00+01:00,3730.3625,16536.93991,26521.50064
2024-01-27T23:00+01:00,4394.5275,15238.31818,25798.53454
2024-01-28T00:00+01:00,5850.7675,14126.17538,23750.57976
2024-01-28T01:00+01:00,6922.075,13338.28051,22285.69004
2024-01-28T02:00+01:00,7885.915,13011.43514,21793.19266
2024-01-28T03:00+01:00,8767.0575,13288.36726,21291.53172
2024-01-28T04:00+01:00,8576.4375,12975.62355,21141.0013
2024-01-28T05:00+01:00,7882.2925,13092.36123,21540.70748
2024-01-28T06:00+01:00,6949.175,12987.83255,22471.48407
2024-01-28T07:00+01:00,5637.955,13182.37315,23959.77822
2024-01-28T08:00+01:00,5293.655,12933.76699,28109.61118
2024-01-28T09:00+01:00,2369.98,12719.14961,36010.01377
2024-01-28T10:00+01:00,-4288.3525,12268.38375,43539.02099
2024-01-28T11:00+01:00,-5369.325,11834.48874,46714.98532
2024-01-28T12:00+01:00,-3386.55,11665.9488,45709.22576
2024-01-28T13:00+01:00,-2073.5475,11539.32837,42220.50409
2024-01-28T14:00+01:00,-1409.93,12180.87986,37937.34176
2024-01-28T15:00+01:00,3512.2275,13575.59143,32110.07251
2024-01-28T16:00+01:00,3017.07,16588.50825,29545.74083
2024-01-28T17:00+01:00,337.745,17856.30117,33790.15045
2024-01-28T18:00+01:00,-2067.31,17439.32843,38283.89349
2024-01-28T19:00+01:00,-2554.0125,16680.85447,40315.40001
2024-01-28T20:00+01:00,-3102.245,16299.0289,40238.47445
2024-01-28T21:00+01:00,-2745.9175,15704.21988,39770.33958
2024-01-28T22:00+01:00,-2922.3025,15502.39435,39223.38209
2024-01-28T23:00+01:00,-3702.5,15296.00971,38947.6119
2024-01-29T00:00+01:00,-4861.035,14922.1704,39006.78608
2024-01-29T01:00+01:00,-5210.7675,14770.81509,38025.03062
2024-01-29T02:00+01:00,-4259.685,14848.70104,36511.42792
2024-01-29T03:00+01:00,-3462.325,14685.17442,35008.47464
2024-01-29T04:00+01:00,-3214.5825,15463.52369,33137.67885
2024-01-29T05:00+01:00,-1394.8575,18487.57046,32669.91885
2024-01-29T06:00+01:00,643.93,22532.73231,32924.1242
2024-01-29T07:00+01:00,2434.4625,24384.58791,32960.87282
2024-01-29T08:00+01:00,1454.7825,24988.03334,34174.63644
2024-01-29T09:00+01:00,-572.895,24714.28252,37939.63834
2024-01-29T10:00+01:00,-2422.615,23355.62748,41445.56367
2024-01-29T11:00+01:00,-707.87,22164.868,41136.44363
2024-01-29T12:00+01:00,2022.7,21405.53312,38821.38866
2024-01-29T13:00+01:00,3059.6675,22276.50767,34477.7667
2024-01-29T14:00+01:00,5170.4,23842.53448,28575.5041
2024-01-29T15:00+01:00,6625.3375,26928.17053,21625.09446
2024-01-29T16:00+01:00,7904.9825,28269.93599,17669.02525
2024-01-29T17:00+01:00,9420.115,28918.79809,18864.11952
2024-01-29T18:00+01:00,7852.105,29278.85454,20882.14302
2024-01-29T19:00+01:00,6708.3125,28694.30361,22047.58455
2024-01-29T20:00+01:00,6440.47,27086.35786,22794.34137
2024-01-29T21:00+01:00,7322.725,24764.16416,22547.27441
2024-01-29T22:00+01:00,6137.97,23143.49015,22166.18449
2024-01-29T23:00+01:00,6925.575,20158.33758,21887.18137
2024-01-30T00:00+01:00,6550.27,18435.27244,21538.36543
2024-01-30T01:00+01:00,6808.8725,17513.25033,21666.42766
2024-01-30T02:00+01:00,7635.6475,17343.92495,22649.67658
2024-01-30T03:00+01:00,7380.455,17461.75932,23592.7914
2024-01-30T04:00+01:00,7709.7975,17971.80009,24483.96957
2024-01-30T05:00+01:00,6845.005,19525.50466,25304.69327
2024-01-30T06:00+01:00,7150.3375,23185.10213,26770.8776
2024-01-30T07:00+01:00,6867.195,24891.27879,28339.45653
2024-01-30T08:00+01:00,5501.9625,25128.23227,31431.87973
2024-01-30T09:00+01:00,3168.9225,24633.88151,36749.81005
2024-01-30T10:00+01:00,749.94,22486.80024,40244.53945
2024-01-30T11:00+01:00,2206.18,21098.5755,40950.15108
2024-01-30T12:00+01:00,4748.0525,20644.75169,39554.78075
2024-01-30T13:00+01:00,6275.235,20898.66019,38096.6217
2024-01-30T14:00+01:00,6251.245,22083.06994,35905.64844
2024-01-30T15:00+01:00,4990.3975,23852.19715,34454.20084
2024-01-30T16:00+01:00,3822.4175,24761.27425,33667.38809
2024-01-30T17:00+01:00,2913.9575,25401.64465,35635.57212
2024-01-30T18:00+01:00,-717.22,25836.30148,37100.52986
2024-01-30T19:00+01:00,-2899.9975,25890.24525,37716.93405
2024-01-30T20:00+01:00,-2573.745,24911.38261,37666.05079
2024-01-30T21:00+01:00,-3435.29,23880.98204,36431.6092
2024-01-30T22:00+01:00,-3370.8775,22212.25858,35839.37594
2024-01-30T23:00+01:00,-3904.275,20992.01974,35498.43182
2024-01-31T00:00+01:00,-3725.16,20415.99417,33747.11719
2024-01-31T01:00+01:00,-3061.7375,19892.76755,32978.56051
2024-01-31T02:00+01:00,-2077.8425,19300.86551,32017.21911
2024-01-31T03:00+01:00,-142.1125,18954.25888,29701.72589
2024-01-31T04:00+01:00,1504.005,19582.33449,28120.10109
2024-01-31T05:00+01:00,2521.1275,20990.54997,26126.21932
2024-01-31T06:00+01:00,6436.99,23577.46793,25409.43872
2024-01-31T07:00+01:00,7483.425,25364.58429,24309.6483
2024-01-31T08:00+01:00,8878.1575,25890.25411,24626.99381
2024-01-31T09:00+01:00,10166.3375,25337.21867,27005.50392
2024-01-31T10:00+01:00,9241.39,25072.94999,30275.63038
2024-01-31T11:00+01:00,8345.26,23891.25982,34407.19644
2024-01-31T12:00+01:00,5595.7775,22785.35214,36364.76915
2024-01-31T13:00+01:00,5051.215,22475.49125,36336.94327
2024-01-31T14:00+01:00,5389.4725,21983.9835,36709.30168
2024-01-31T15:00+01:00,4881.15,22010.98426,36218.83594
2024-01-31T16:00+01:00,4968.59,22572.66351,35490.16035
2024-01-31T17:00+01:00,4570.755,23198.10025,37265.95542
2024-01-31T18:00+01:00,-250.7625,23419.19822,40811.31176
2024-01-31T19:00+01:00,-2242.105,22455.34447,43102.95084
2024-01-31T20:00+01:00,-5268.6,21758.94329,44006.21267
2024-01-31T21:00+01:00,-5253.6225,20605.06478,45656.18518
2024-01-31T22:00+01:00,-5603.1125,17889.72891,46845.47612
2024-01-31T23:00+01:00,-7150.1375,16710.10475,46754.53843
2024-02-01T00:00+01:00,-8095.3775,15250.01743,46995.24725
2024-02-01T01:00+01:00,-10375.0675,14846.89882,46600.39554
2024-02-01T02:00+01:00,-8577.3575,14389.29777,45806.20998
2024-02-01T03:00+01:00,-6325.48,14297.779,44734.44128
2024-02-01T04:00+01:00,-4977.585,14613.60123,43983.65305
2024-02-01T05:00+01:00,-3617.655,16099.86196,43045.79134
2024-02-01T06:00+01:00,-2346.8425,18852.16038,42617.19606
2024-02-01T07:00+01:00,-2358.1925,21514.92614,42014.33055
2024-02-01T08:00+01:00,-2390.8075,22476.70043,40845.96623
2024-02-01T09:00+01:00,-926.5425,22506.31018,40221.93925
2024-02-01T10:00+01:00,-1953.7275,22741.43503,43639.30452
2024-02-01T11:00+01:00,-2371.645,21744.16145,47202.05517
2024-02-01T12:00+01:00,-3780.3475,21014.95334,48709.40997
2024-02-01T13:00+01:00,-4128.175,21155.71165,48343.01762
2024-02-01T14:00+01:00,-2877.8525,21164.3311,46327.47758
2024-02-01T15:00+01:00,-1132.665,20980.74084,41972.43026
2024-02-01T16:00+01:00,-568.49,22149.62608,37401.51335
2024-02-01T17:00+01:00,2369.8075,22774.47628,35392.97572
2024-02-01T18:00+01:00,2795.9775,23058.63634,36028.44614
2024-02-01T19:00+01:00,1966.5225,22314.83492,35607.69266
2024-02-01T20:00+01:00,1154.265,21407.41408,35071.07429
2024-02-01T21:00+01:00,1385.065,20465.74313,34359.33313
2024-02-01T22:00+01:00,906.5,19259.90164,34128.3719
2024-02-01T23:00+01:00,879.55,17429.06569,34370.03534
2024-02-02T00:00+01:00,1111.415,15211.56205,33626.53366
2024-02-02T01:00+01:00,1250.285,14229.84482,32871.33053
2024-02-02T02:00+01:00,2350.0625,14195.00174,32926.86018
2024-02-02T03:00+01:00,3960.85,14127.35883,33119.90679
2024-02-02T04:00+01:00,3821.0325,14296.86877,33871.9325
2024-02-02T05:00+01:00,4522.7125,15008.76381,35286.88893
2024-02-02T06:00+01:00,2923.75,17310.16308,37534.16204
2024-02-02T07:00+01:00,1133.9725,19438.30342,40376.1388
2024-02-02T08:00+01:00,-1149.21,20080.136,42868.32828
2024-02-02T09:00+01:00,-2962.6125,20187.36447,45682.18917
2024-02-02T10:00+01:00,-3790.8825,19068.32907,48732.96557
2024-02-02T11:00+01:00,-2934.275,17656.11258,52035.95996
2024-02-02T12:00+01:00,-4668.865,16728.14376,54125.58284
2024-02-02T13:00+01:00,-5641.89,15745.99523,55211.53571
2024-02-02T14:00+01:00,-6353.0625,15064.87574,54655.85574
2024-02-02T15:00+01:00,-4458.4375,14914.30605,52511.84044
2024-02-02T16:00+01:00,-3041.1775,15779.3339,49544.9133
2024-02-02T17:00+01:00,-3874.7825,16837.16607,50516.00662
2024-02-02T18:00+01:00,-5948.58,17537.45742,51303.68661
2024-02-02T19:00+01:00,-7362.2825,17581.89989,51342.52175
2024-02-02T20:00+01:00,-8326.38,17264.37604,50433.36796
2024-02-02T21:00+01:00,-9777.185,15858.05007,50263.6753
2024-02-02T22:00+01:00,-10268.7725,14917.79068,48941.31941
2024-02-02T23:00+01:00,-12021.0375,14562.83113,48804.1567
2024-02-03T00:00+01:00,-12263.0575,12864.24968,49869.3941
2024-02-03T01:00+01:00,-12320.93,12412.18954,50041.77738
2024-02-03T02:00+01:00,-12895.245,12511.13278,49625.94202
2024-02-03T03:00+01:00,-12528,12412.51196,49456.23501
2024-02-03T04:00+01:00,-10846.1225,12454.8809,48512.27911
2024-02-03T05:00+01:00,-10483.1325,12529.67348,47509.87594
2024-02-03T06:00+01:00,-11283.66,12637.11374,47661.38802
2024-02-03T07:00+01:00,-11385.39,12426.39868,46822.97414
2024-02-03T08:00+01:00,-9560.925,12919.38724,47145.91848
2024-02-03T09:00+01:00,-10181.615,12847.68338,49544.62791
2024-02-03T10:00+01:00,-9916.405,12112.90709,53893.3365
2024-02-03T11:00+01:00,-9972.0575,11853.06203,56102.22269
2024-02-03T12:00+01:00,-9931.65,11235.15871,56536.58676
2024-02-03T13:00+01:00,-9733.275,10983.78576,55932.59747
2024-02-03T14:00+01:00,-9427.75,10656.38615,53576.79785
2024-02-03T15:00+01:00,-7823.9875,10874.14467,50031.66463
2024-02-03T16:00+01:00,-6561.6525,11600.34464,46614.54115
2024-02-03T17:00+01:00,-4892.4425,12625.92418,45281.20955
2024-02-03T18:00+01:00,-5226.8125,13462.64772,44305.49203
2024-02-03T19:00+01:00,-6968.3375,13999.40127,44874.3168
2024-02-03T20:00+01:00,-7695.2075,12809.24458,44474.03577
2024-02-03T21:00+01:00,-7909.065,11766.44451,45073.0631
2024-02-03T22:00+01:00,-8622.8075,11202.8096,44653.24452
2024-02-03T23:00+01:00,-10292.8175,11120.87975,44602.88875
2024-02-04T00:00+01:00,-11036.7975,10920.07463,44298.29333
2024-02-04T01:00+01:00,-12455.3375,10618.10884,45251.2658
2024-02-04T02:00+01:00,-13198.78,10720.14397,45698.64821
2024-02-04T03:00+01:00,-12401.625,10655.06132,45288.98637
2024-02-04T04:00+01:00,-10545.8925,10772.53632,44713.05218
2024-02-04T05:00+01:00,-9621.5375,10976.51025,44475.72958
2024-02-04T06:00+01:00,-10932.28,10865.07604,45993.90398
2024-02-04T07:00+01:00,-12136.815,10877.79031,48443.78286
2024-02-04T08:00+01:00,-12725.7975,10776.59677,51012.67626
2024-02-04T09:00+01:00,-15065.2825,10709.4152,54659.03838
2024-02-04T10:00+01:00,-14865.6025,10743.75518,57167.15331
2024-02-04T11:00+01:00,-14650.5875,10682.22256,58215.0433
2024-02-04T12:00+01:00,-14264.265,10823.79189,59109.0704
2024-02-04T13:00+01:00,-14272.3825,10824.71073,58302.56891
2024-02-04T14:00+01:00,-13644.1075,10851.00481,56799.92477
2024-02-04T15:00+01:00,-12522.1675,10932.68943,55251.71828
2024-02-04T16:00+01:00,-12628.3175,10902.79027,53522.92897
2024-02-04T17:00+01:00,-11063.625,11036.35821,52831.79647
2024-02-04T18:00+01:00,-12026.4675,11283.14287,52853.46751
2024-02-04T19:00+01:00,-12602.6,11352.99068,52665.85395
2024-02-04T20:00+01:00,-13591.79,11017.39846,53251.94747
2024-02-04T21:00+01:00,-14545.19,11239.61814,52989.92741
2024-02-04T22:00+01:00,-14371.435,11234.42979,52232.52403
2024-02-04T23:00+01:00,-15360.235,11483.65355,51937.45865
2024-02-05T00:00+01:00,-14809.4175,11358.34735,50829.57461
2024-02-05T01:00+01:00,-15698.73,11237.01742,50726.85765
2024-02-05T02:00+01:00,-14763.54,11226.33186,49546.63659
2024-02-05T03:00+01:00,-14702.865,11318.73887,49625.63591
2024-02-05T04:00+01:00,-14406.47,11370.28638,50411.92568
2024-02-05T05:00+01:00,-14880.9,12060.72859,52939.66153
2024-02-05T06:00+01:00,-10866.9675,13161.83607,53585.08196
2024-02-05T07:00+01:00,-9620.3325,14805.16071,54059.83191
2024-02-05T08:00+01:00,-10353.9325,15674.24584,54548.65131
2024-02-05T09:00+01:00,-12208.205,15033.49224,57854.29408
2024-02-05T10:00+01:00,-13351.49,14577.82459,61915.28941
2024-02-05T11:00+01:00,-15292.3225,14032.51032,66552.63368
2024-02-05T12:00+01:00,-15750.84,13470.12675,70425.40034
2024-02-05T13:00+01:00,-16192.25,13165.07457,71096.04546
2024-02-05T14:00+01:00,-15973.8475,13369.63642,68629.36418
2024-02-05T15:00+01:00,-14218.9275,13822.98118,62978.40007
2024-02-05T16:00+01:00,-12534.1675,15141.59119,56236.52236
2024-02-05T17:00+01:00,-10766.005,16305.35975,53549.97464
2024-02-05T18:00+01:00,-10765.85,16847.8178,53828.50437
2024-02-05T19:00+01:00,-11521.7075,16541.78867,54287.01916
2024-02-05T20:00+01:00,-12159.4175,15579.78014,54170.97491
2024-02-05T21:00+01:00,-13217.36,14352.92315,54392.67181
2024-02-05T22:00+01:00,-12783.21,13791.06779,53683.71735
2024-02-05T23:00+01:00,-13300.49,13470.14175,53165.67831
2024-02-06T00:00+01:00,-15123.74,12328.65343,53594.1884
2024-02-06T01:00+01:00,-15186.6475,11888.71365,53939.59919
2024-02-06T02:00+01:00,-15641.455,11758.65328,53569.74683
2024-02-06T03:00+01:00,-14259.25,11713.09277,53616.8796
2024-02-06T04:00+01:00,-12224.6125,11932.16819,53045.34511
2024-02-06T05:00+01:00,-11412.93,12797.30599,52776.95395
2024-02-06T06:00+01:00,-9922.2575,14718.91715,52718.03583
2024-02-06T07:00+01:00,-11536.7625,16407.47363,53723.19019
2024-02-06T08:00+01:00,-11820.225,16704.67301,55462.38821
2024-02-06T09:00+01:00,-12097.61,16048.78434,58947.54996
2024-02-06T10:00+01:00,-12765.0225,15401.95976,61550.19459
2024-02-06T11:00+01:00,-13129.4925,14831.43674,63025.92476
2024-02-06T12:00+01:00,-12520.7925,14174.99091,64071.0287
2024-02-06T13:00+01:00,-12203.095,13760.91274,64002.08521
2024-02-06T14:00+01:00,-11049.565,13609.75139,62655.56859
2024-02-06T15:00+01:00,-9850.57,13343.16592,61596.46027
2024-02-06T16:00+01:00,-10082.405,13819.24002,59696.46679
2024-02-06T17:00+01:00,-10655.5775,15316.60316,58617.65784
2024-02-06T18:00+01:00,-10731.9275,16247.00401,58147.25521
2024-02-06T19:00+01:00,-10406.4475,15833.36547,57688.00584
2024-02-06T20:00+01:00,-10560.9075,14398.29043,57455.00777
2024-02-06T21:00+01:00,-10942.4725,12414.61766,58023.68873
2024-02-06T22:00+01:00,-12177.6325,11803.09905,56907.43455
2024-02-06T23:00+01:00,-13027.735,11621.75873,55744.52139
2024-02-07T00:00+01:00,-12173.4375,11039.66688,54073.13799
2024-02-07T01:00+01:00,-12596.435,10605.31333,52078.2901
2024-02-07T02:00+01:00,-13691.2825,10590.22551,51104.89902
2024-02-07T03:00+01:00,-11225.5825,10640.44666,48978.95768
2024-02-07T04:00+01:00,-9744.8775,11235.60707,47198.14857
2024-02-07T05:00+01:00,-9931.1625,13192.95168,47606.26938
2024-02-07T06:00+01:00,-6476.13,17259.40581,45482.17067
2024-02-07T07:00+01:00,-2943.09,20204.11067,43142.91296
2024-02-07T08:00+01:00,-2043.55,22296.48846,41050.37407
2024-02-07T09:00+01:00,-1914.515,24180.17255,39310.55763
2024-02-07T10:00+01:00,-348.9925,24971.79843,38726.28398
2024-02-07T11:00+01:00,1651.4625,24915.0675,38583.37052
2024-02-07T12:00+01:00,2439.4325,25114.3911,36881.60046
2024-02-07T13:00+01:00,3903.605,26126.12678,33503.02326
2024-02-07T14:00+01:00,3416.8625,28135.87469,29116.07965
2024-02-07T15:00+01:00,4425.48,30059.36705,24162.08039
2024-02-07T16:00+01:00,4588.625,31711.81752,20202.98196
2024-02-07T17:00+01:00,5716.465,32508.59544,18136.9093
2024-02-07T18:00+01:00,5620.045,32801.91081,17836.22284
2024-02-07T19:00+01:00,6664.715,32165.06695,18338.688
2024-02-07T20:00+01:00,5626.565,31967.43249,19307.12862
2024-02-07T21:00+01:00,4452.075,29973.92589,20408.38792
2024-02-07T22:00+01:00,2752.715,28274.31284,20624.20467
2024-02-07T23:00+01:00,2542.3025,26613.93601,19609.65011
2024-02-08T00:00+01:00,2624.695,25807.99007,18485.21245
2024-02-08T01:00+01:00,3244.6975,25354.17212,17197.79359
2024-02-08T02:00+01:00,4452.7475,25343.02617,16942.95182
2024-02-08T03:00+01:00,4730.205,25774.05186,16763.45449
2024-02-08T04:00+01:00,3971.1425,26613.2895,16494.73495
2024-02-08T05:00+01:00,3517.1625,28890.86722,15996.37477
2024-02-08T06:00+01:00,6007.805,31773.64501,15178.76411
2024-02-08T07:00+01:00,7039.32,33806.8381,14566.72788
2024-02-08T08:00+01:00,7694.4775,34309.59922,14471.46114
2024-02-08T09:00+01:00,7354.56,34115.58407,16313.93943
2024-02-08T10:00+01:00,7791.9075,33465.96945,18733.39025
2024-02-08T11:00+01:00,7805.78,33298.18967,20793.41409
2024-02-08T12:00+01:00,7468.2425,33278.39406,21014.40519
2024-02-08T13:00+01:00,6791.715,33476.49237,20435.90556
2024-02-08T14:00+01:00,7353.3975,33578.58731,19279.55866
2024-02-08T15:00+01:00,6237.315,33681.04453,19037.29174
2024-02-08T16:00+01:00,4481.2775,33766.25282,19877.33754
2024-02-08T17:00+01:00,3427.395,34108.86932,21546.00094
2024-02-08T18:00+01:00,3010.7525,33944.40556,23455.96642
2024-02-08T19:00+01:00,3044.9775,32039.71294,24956.90978
2024-02-08T20:00+01:00,842.4825,29225.73576,26430.45571
2024-02-08T21:00+01:00,509.665,26431.97603,27285.70745
2024-02-08T22:00+01:00,907.6625,22334.2668,27928.08174
2024-02-08T23:00+01:00,2107.6125,18948.00516,29010.1441
2024-02-09T00:00+01:00,76.0025,17776.42348,29566.87457
2024-02-09T01:00+01:00,-771.3225,17820.67272,31144.43823
2024-02-09T02:00+01:00,-2402.765,17191.66517,33395.5899
2024-02-09T03:00+01:00,-2605.06,15984.14291,35454.89566
2024-02-09T04:00+01:00,-3193.205,16213.74312,37120.79466
2024-02-09T05:00+01:00,-2277.9275,17150.59918,38435.46949
2024-02-09T06:00+01:00,-1439.61,19166.83991,40981.76478
2024-02-09T07:00+01:00,-2197.3175,21658.79766,41522.57447
2024-02-09T08:00+01:00,-2200.555,22242.56557,43396.04306
2024-02-09T09:00+01:00,-2417.3175,21695.79685,45250.30461
2024-02-09T10:00+01:00,-1682.7275,20568.66315,45890.01306
2024-02-09T11:00+01:00,-1269.9075,19684.19355,46492.1613
2024-02-09T12:00+01:00,-1234.315,19831.06144,46100.17279
2024-02-09T13:00+01:00,-137.78,20399.58546,42591.51072
2024-02-09T14:00+01:00,685.09,21394.98036,38807.01704
2024-02-09T15:00+01:00,2151.9525,22541.7457,34142.98459
2024-02-09T16:00+01:00,3428.74,23366.88175,30276.96526
2024-02-09T17:00+01:00,5327.5025,23504.4869,29279.02581
2024-02-09T18:00+01:00,6502.2275,23561.43259,29292.60304
2024-02-09T19:00+01:00,4871.355,23362.71758,28799.017
2024-02-09T20:00+01:00,4951.5875,22075.2139,28603.28889
2024-02-09T21:00+01:00,4747.215,20578.22033,27613.84337
2024-02-09T22:00+01:00,4856.6325,19644.10145,26076.78736
2024-02-09T23:00+01:00,5750.5075,17917.94257,24460.60389
2024-02-10T00:00+01:00,4641.5125,17072.48902,23315.34699
2024-02-10T01:00+01:00,4706.945,17357.50577,21669.31402
2024-02-10T02:00+01:00,4859.805,16988.29501,20360.61131
2024-02-10T03:00+01:00,6574.1175,16889.36825,19139.11852
2024-02-10T04:00+01:00,7200.2875,16795.76595,17999.63578
2024-02-10T05:00+01:00,6100.5475,17967.16844,17372.41482
2024-02-10T06:00+01:00,6294.4675,18797.19067,17606.35718
2024-02-10T07:00+01:00,6138.52,19504.13496,17715.98995
2024-02-10T08:00+01:00,7114.9925,20158.16194,19688.18084
2024-02-10T09:00+01:00,6827.9475,21294.31009,23078.64184
2024-02-10T10:00+01:00,4062.5025,21838.40408,24952.52198
2024-02-10T11:00+01:00,3801.9375,21884.17049,26452.19829
2024-02-10T12:00+01:00,5440.035,21291.0072,26444.63179
2024-02-10T13:00+01:00,3476.79,21400.08944,25944.44179
2024-02-10T14:00+01:00,3585.8375,21045.66309,24892.75465
2024-02-10T15:00+01:00,4107.755,21107.37884,22407.86384
2024-02-10T16:00+01:00,4895.4975,21191.0144,21149.89806
2024-02-10T17:00+01:00,5367.885,21168.92317,23092.24074
2024-02-10T18:00+01:00,3257.765,21184.19535,26113.26965
2024-02-10T19:00+01:00,2198.005,20543.00569,27299.97157
2024-02-10T20:00+01:00,2392.285,18846.66646,27263.3102
2024-02-10T21:00+01:00,2758.7175,17283.61755,27388.60137
2024-02-10T22:00+01:00,2545.1725,16445.04439,27314.83169
2024-02-10T23:00+01:00,1952.105,15379.2056,27009.27125
2024-02-11T00:00+01:00,1537.145,14590.38525,27221.29191
2024-02-11T01:00+01:00,936.0475,13270.10009,27503.39936
2024-02-11T02:00+01:00,468.2975,12985.15572,28651.90196
2024-02-11T03:00+01:00,678.01,12415.27113,29187.67887
2024-02-11T04:00+01:00,291.2425,12430.73836,29582.22084
2024-02-11T05:00+01:00,386.24,12547.15242,29428.51667
2024-02-11T06:00+01:00,-300.1625,12755.48798,30603.80194
2024-02-11T07:00+01:00,-207.9975,13229.13228,30509.51723
2024-02-11T08:00+01:00,146.56,14267.05901,30839.14387
2024-02-11T09:00+01:00,337.14,15639.99967,31307.82697
2024-02-11T10:00+01:00,1470.9975,16171.83704,31771.87382
2024-02-11T11:00+01:00,2518.5025,16587.45131,32106.7517
2024-02-11T12:00+01:00,1646.5425,16831.41167,31403.37526
2024-02-11T13:00+01:00,1914.71,16821.73925,30108.45348
2024-02-11T14:00+01:00,2238.95,16868.78503,28367.4985
2024-02-11T15:00+01:00,3984.535,17335.09521,25885.23861
2024-02-11T16:00+01:00,4208.7875,18822.82417,23022.38495
2024-02-11T17:00+01:00,4292.5175,21607.23362,21217.27301
2024-02-11T18:00+01:00,5076.2275,22049.8807,20732.83454
2024-02-11T19:00+01:00,4166.745,21894.70781,20686.44323
2024-02-11T20:00+01:00,4636.445,21270.23914,20266.45148
2024-02-11T21:00+01:00,4918.5025,20402.32481,19674.96862
2024-02-11T22:00+01:00,5902.935,19640.70697,19710.74587
2024-02-11T23:00+01:00,4678.6475,19173.10697,19596.12162
2024-02-12T00:00+01:00,4959.6025,18480.29751,19175.52375
2024-02-12T01:00+01:00,4938.1875,18397.17248,19210.2762
2024-02-12T02:00+01:00,3784.44,18668.93661,19338.15625
2024-02-12T03:00+01:00,4312.955,18803.10975,19541.12174
2024-02-12T04:00+01:00,5787.8125,19048.28854,19436.57416
2024-02-12T05:00+01:00,4163.9,21122.46706,20176.3442
2024-02-12T06:00+01:00,5527.7825,23878.23992,20724.34752
2024-02-12T07:00+01:00,5705.4975,25203.77919,20572.54013
2024-02-12T08:00+01:00,5220.1625,26052.06444,21436.23304
2024-02-12T09:00+01:00,5042.39,25961.10545,23259.12878
2024-02-12T10:00+01:00,5519.24,25642.08942,25044.39763
2024-02-12T11:00+01:00,6594.69,25028.72263,27831.12518
2024-02-12T12:00+01:00,5309.2675,24368.07425,29872.91652
2024-02-12T13:00+01:00,4733.8975,24267.55105,30364.79729
2024-02-12T14:00+01:00,4221.8375,24409.46378,29084.40488
2024-02-12T15:00+01:00,6257.77,24705.38995,26134.6969
2024-02-12T16:00+01:00,8507.3825,25570.68991,22331.47122
2024-02-12T17:00+01:00,7332.315,26587.32018,20507.44996
2024-02-12T18:00+01:00,8544.7075,26648.9315,21058.00331
2024-02-12T19:00+01:00,6957.9925,26392.26305,22173.27223
2024-02-12T20:00+01:00,5136.0925,25284.45535,24279.40774
2024-02-12T21:00+01:00,4531.025,23956.46783,24653.2288
2024-02-12T22:00+01:00,2894.08,23353.7716,25137.1593
2024-02-12T23:00+01:00,3546.865,21611.83543,25157.94823
2024-02-13T00:00+01:00,1889.815,20026.6831,25545.32091
2024-02-13T01:00+01:00,3206.1975,18769.35452,26809.82723
2024-02-13T02:00+01:00,2357.72,18180.55096,27776.29234
2024-02-13T03:00+01:00,1980.385,18523.74021,28649.68901
2024-02-13T04:00+01:00,1915.665,19053.56568,29202.22954
2024-02-13T05:00+01:00,2002.21,20664.36124,29180.65345
2024-02-13T06:00+01:00,2332.0825,23943.75676,29518.99629
2024-02-13T07:00+01:00,2632.3675,26084.86825,30394.4362
2024-02-13T08:00+01:00,2071.315,25891.79877,33206.57162
2024-02-13T09:00+01:00,150.745,23863.82047,38977.94056
2024-02-13T10:00+01:00,-2237.1675,21920.35792,43823.59114
2024-02-13T11:00+01:00,-2433.95,19918.93561,47193.75035
2024-02-13T12:00+01:00,-3036.1975,19340.90664,48256.8985
2024-02-13T13:00+01:00,-1630.995,19068.49545,45564.55427
2024-02-13T14:00+01:00,-1509.235,20629.38763,40507.65678
2024-02-13T15:00+01:00,1449.05,23681.66765,34025.27507
2024-02-13T16:00+01:00,4394.39,26416.13025,27254.37267
2024-02-13T17:00+01:00,5265.755,27795.46218,24218.82799
2024-02-13T18:00+01:00,5158.145,27780.90337,26407.15435
2024-02-13T19:00+01:00,2932.1075,26962.78361,28470.50465
2024-02-13T20:00+01:00,2797.2775,25903.59301,29400.73383
2024-02-13T21:00+01:00,2595.1675,23377.92341,30272.35794
2024-02-13T22:00+01:00,2330.1325,20716.39071,29603.15133
2024-02-13T23:00+01:00,414.1075,19409.43513,28655.79762
2024-02-14T00:00+01:00,-276.8,18464.19846,28065.98304
2024-02-14T01:00+01:00,-318.195,18299.52065,28049.79764
2024-02-14T02:00+01:00,-782.32,18066.92116,29014.01325
2024-02-14T03:00+01:00,-1048.36,18177.35342,29654.9203
2024-02-14T04:00+01:00,-1403.7775,18439.92444,29935.38711
2024-02-14T05:00+01:00,-401.425,19752.92001,29802.85229
2024-02-14T06:00+01:00,26.7225,23182.98477,30058.2644
2024-02-14T07:00+01:00,516.1375,25392.55496,30086.03615
2024-02-14T08:00+01:00,543.15,25790.79274,30929.0927
2024-02-14T09:00+01:00,906.8625,25577.87006,32591.58062
2024-02-14T10:00+01:00,2814.815,24945.72271,33695.29213
2024-02-14T11:00+01:00,3149.305,24223.59275,35595.11002
2024-02-14T12:00+01:00,2636.29,22605.00703,36472.70673
2024-02-14T13:00+01:00,1780.9425,23225.39212,35421.63504
2024-02-14T14:00+01:00,2417.1075,24186.49094,32886.28324
2024-02-14T15:00+01:00,3360.675,25079.73003,28986.43406
2024-02-14T16:00+01:00,6011.95,25398.85905,26686.75764
2024-02-14T17:00+01:00,6406.7075,25647.367,26202.30285
2024-02-14T18:00+01:00,5079.5375,25948.80243,26916.47594
2024-02-14T19:00+01:00,3361.7575,26014.29103,27515.63607
2024-02-14T20:00+01:00,2002.9025,25455.00534,28125.5563
2024-02-14T21:00+01:00,1401.1875,23460.50883,28239.18414
2024-02-14T22:00+01:00,909.235,21688.37794,28213.71617
2024-02-14T23:00+01:00,951.6125,19148.71339,28036.28651
2024-02-15T00:00+01:00,1906.21,18195.83687,26980.28024
2024-02-15T01:00+01:00,1226.74,18297.8933,26188.17929
2024-02-15T02:00+01:00,2297.085,17908.74941,25959.59847
2024-02-15T03:00+01:00,3775.785,17801.95836,24674.85808
2024-02-15T04:00+01:00,4043.0275,18606.68218,23450.1576
2024-02-15T05:00+01:00,4291.99,20353.69983,22281.08749
2024-02-15T06:00+01:00,5314.4775,24324.13759,22177.65876
2024-02-15T07:00+01:00,6693.7575,26601.06815,22551.89049
2024-02-15T08:00+01:00,5680.08,27357.52768,24933.0653
2024-02-15T09:00+01:00,3100.665,27119.30034,28131.15241
2024-02-15T10:00+01:00,1981.46,26178.32291,31784.9293
2024-02-15T11:00+01:00,1406.3575,25145.25135,34191.47865
2024-02-15T12:00+01:00,891.5025,24542.28628,35303.25536
2024-02-15T13:00+01:00,1850.0925,24005.03402,34299.79582
2024-02-15T14:00+01:00,2232.805,25292.0037,30389.91075
2024-02-15T15:00+01:00,4930.565,26331.59988,25767.95478
2024-02-15T16:00+01:00,6812.195,26894.15307,22324.05936
2024-02-15T17:00+01:00,7500.5075,27496.48655,21839.3329
2024-02-15T18:00+01:00,5640.9925,27585.92905,24504.19294
2024-02-15T19:00+01:00,4954.3325,26889.10894,26161.173
2024-02-15T20:00+01:00,3626.6975,24897.07754,27651.74039
2024-02-15T21:00+01:00,3281.6925,21777.3833,28820.02246
2024-02-15T22:00+01:00,2885.26,19096.77284,28409.02976
2024-02-15T23:00+01:00,1612.83,17338.72799,28499.62665
2024-02-16T00:00+01:00,2584.4275,15562.3614,29083.06976
2024-02-16T01:00+01:00,1756.6125,14447.79811,29875.95621
2024-02-16T02:00+01:00,1162.23,14188.71806,30244.60216
2024-02-16T03:00+01:00,754.8975,14667.38763,30487.16749
2024-02-16T04:00+01:00,856.865,15489.38028,31409.47065
2024-02-16T05:00+01:00,2815.5925,16118.43349,32315.82135
2024-02-16T06:00+01:00,2261.77,18589.55584,33948.6027
2024-02-16T07:00+01:00,2935.9475,20530.30051,35302.95851
2024-02-16T08:00+01:00,919.185,20912.08031,38629.1377
2024-02-16T09:00+01:00,-98.2725,20400.24644,41573.45685
2024-02-16T10:00+01:00,-3172.185,18866.82915,43921.64105
2024-02-16T11:00+01:00,-2626.86,18325.98671,45792.27531
2024-02-16T12:00+01:00,-2157.3525,17667.36425,47220.45658
2024-02-16T13:00+01:00,-990.685,17570.55513,44445.24074
2024-02-16T14:00+01:00,-420.23,18733.43024,40727.67493
2024-02-16T15:00+01:00,2462.345,20090.52521,36631.13371
2024-02-16T16:00+01:00,2735.6,21427.62612,31789.41233
2024-02-16T17:00+01:00,4745.9425,22069.90148,30442.42314
2024-02-16T18:00+01:00,3871.33,22503.59693,30052.29855
2024-02-16T19:00+01:00,3227.8275,22556.27471,29654.13213
2024-02-16T20:00+01:00,2193.775,22173.54193,30331.60302
2024-02-16T21:00+01:00,2142.91,20817.49275,29854.40761
2024-02-16T22:00+01:00,982.72,20039.18227,29520.4227
2024-02-16T23:00+01:00,677.535,18062.5497,29756.92923
2024-02-17T00:00+01:00,-182.74,16941.02549,28675.42787
2024-02-17T01:00+01:00,414.62,16382.83766,29062.84121
2024-02-17T02:00+01:00,835.1225,16070.17351,29198.20392
2024-02-17T03:00+01:00,1535.2475,16167.18529,28018.73948
2024-02-17T04:00+01:00,2132.2575,16383.97293,28419.82131
2024-02-17T05:00+01:00,1818.285,16634.58929,29366.05498
2024-02-17T06:00+01:00,-564.0725,16790.64037,30176.18704
2024-02-17T07:00+01:00,-371.3525,17273.51409,28902.13571
2024-02-17T08:00+01:00,923.34,18062.51412,29410.32142
2024-02-17T09:00+01:00,1705.9625,17734.13465,31311.56634
2024-02-17T10:00+01:00,1472.245,17416.61409,32989.7396
2024-02-17T11:00+01:00,2803.38,16697.75592,34134.17231
2024-02-17T12:00+01:00,3566.945,16650.02723,33178.00224
2024-02-17T13:00+01:00,2813.7625,16652.21089,31107.48344
2024-02-17T14:00+01:00,4959.595,17218.46402,27344.17534
2024-02-17T15:00+01:00,6181.2275,19245.99618,21902.89529
2024-02-17T16:00+01:00,8128.24,21978.68683,15599.05011
2024-02-17T17:00+01:00,11373.1925,23371.94829,11748.04271
2024-02-17T18:00+01:00,12483.4825,24212.53873,10747.49126
2024-02-17T19:00+01:00,11528.1225,24366.23683,10240.32366
2024-02-17T20:00+01:00,11450.3425,23556.08358,9958.741796
2024-02-17T21:00+01:00,11509.61,22516.30059,9998.642671
2024-02-17T22:00+01:00,11538.945,20969.04027,10934.67931
2024-02-17T23:00+01:00,10571.58,19084.41582,12738.16469
2024-02-18T00:00+01:00,8516.655,17282.66439,14673.33088
2024-02-18T01:00+01:00,7388.355,15135.69536,16655.09888
2024-02-18T02:00+01:00,5804.2875,14015.55545,18397.97685
2024-02-18T03:00+01:00,5607.3,13217.39408,19478.01783
2024-02-18T04:00+01:00,4877.83,13515.97314,21669.30482
2024-02-18T05:00+01:00,4121.2825,13084.68797,23002.12616
2024-02-18T06:00+01:00,1541.4925,13171.67995,24870.30074
2024-02-18T07:00+01:00,1064.2525,13663.34894,27044.69566
2024-02-18T08:00+01:00,-110.425,13480.2912,32228.45341
2024-02-18T09:00+01:00,-2057.455,12917.37945,38383.81521
2024-02-18T10:00+01:00,-5205.875,12406.28156,43407.48686
2024-02-18T11:00+01:00,-3822.9,12240.91772,45180.51683
2024-02-18T12:00+01:00,-3271.28,11996.80013,44973.00499
2024-02-18T13:00+01:00,-2427.85,11932.45803,42369.21144
2024-02-18T14:00+01:00,-693.5675,11996.42461,39807.02774
2024-02-18T15:00+01:00,-1684.365,12354.74332,37641.54339
2024-02-18T16:00+01:00,-889.3625,13868.57247,34322.17641
2024-02-18T17:00+01:00,-642.54,15945.67839,33117.62882
2024-02-18T18:00+01:00,-1947.9275,16845.33811,33926.1741
2024-02-18T19:00+01:00,-1470.88,15378.98508,34606.90042
2024-02-18T20:00+01:00,-2465.525,13996.61469,35933.41264
2024-02-18T21:00+01:00,-2218.0675,12634.44596,37448.89571
2024-02-18T22:00+01:00,-2723.9,11926.18254,38496.57297
2024-02-18T23:00+01:00,-5349,11783.95525,40147.36616
2024-02-19T00:00+01:00,-10167.535,11540.72803,42747.30225
2024-02-19T01:00+01:00,-11569.205,11580.33227,43002.31649
2024-02-19T02:00+01:00,-10778.3325,11735.36958,41849.67616
2024-02-19T03:00+01:00,-11175.645,11780.9625,41936.66339
2024-02-19T04:00+01:00,-9813.4575,12066.31,40315.17423
2024-02-19T05:00+01:00,-6934.89,13358.74753,38243.17973
2024-02-19T06:00+01:00,-1464.4075,16625.99114,37761.79464
2024-02-19T07:00+01:00,-1052.715,19315.87676,38257.99702
2024-02-19T08:00+01:00,-1064.0375,19583.54472,38319.28557
2024-02-19T09:00+01:00,-2765.29,19531.75711,40667.87707
2024-02-19T10:00+01:00,-1624.27,18888.87755,42270.70398
2024-02-19T11:00+01:00,-1952.91,18546.27867,43768.49293
2024-02-19T12:00+01:00,-703.125,18517.73082,44159.3329
2024-02-19T13:00+01:00,-2.5825,18546.99705,42539.98062
2024-02-19T14:00+01:00,1294.0825,19383.28447,39708.45169
2024-02-19T15:00+01:00,4142.565,20009.35831,35897.39533
2024-02-19T16:00+01:00,4018.6075,21150.94318,32434.35333
2024-02-19T17:00+01:00,3966.765,21943.14396,30147.18119
2024-02-19T18:00+01:00,4585.0275,22691.76499,29867.60935
2024-02-19T19:00+01:00,3168.39,22463.72312,30386.37441
2024-02-19T20:00+01:00,2609.0675,21670.39345,31578.36746
2024-02-19T21:00+01:00,1644.825,20139.67485,32253.84556
2024-02-19T22:00+01:00,588.48,18641.29362,32789.34244
2024-02-19T23:00+01:00,78.9825,16887.16982,32098.80911
2024-02-20T00:00+01:00,-373.1825,15850.16061,30431.75825
2024-02-20T01:00+01:00,-166.9775,15755.4816,30331.71365
2024-02-20T02:00+01:00,-173.5675,15762.24128,30401.32138
2024-02-20T03:00+01:00,1073.1325,15611.85349,29988.31305
2024-02-20T04:00+01:00,2165.185,15871.61919,29187.23296
2024-02-20T05:00+01:00,2954.1475,17553.20254,28984.81314
2024-02-20T06:00+01:00,5468.1225,20168.52908,28520.18624
2024-02-20T07:00+01:00,5445.0175,22450.77528,27190.66255
2024-02-20T08:00+01:00,6244.045,23171.94221,28392.71377
2024-02-20T09:00+01:00,5076.76,22233.77449,31806.07641
2024-02-20T10:00+01:00,2861.5725,21811.61689,36317.57307
2024-02-20T11:00+01:00,2281.69,20074.2059,40981.6068
2024-02-20T12:00+01:00,1740.025,18121.42686,44588.77106
2024-02-20T13:00+01:00,512.055,17873.37425,45090.87851
2024-02-20T14:00+01:00,986.03,18050.35934,43350.34381
2024-02-20T15:00+01:00,3034.01,19093.34167,38363.90986
2024-02-20T16:00+01:00,5784.32,20524.07821,32911.93825
2024-02-20T17:00+01:00,7086.6775,21810.92103,30518.20451
2024-02-20T18:00+01:00,5888.365,22718.77684,32480.95472
2024-02-20T19:00+01:00,3136.3425,22928.74087,34895.40516
2024-02-20T20:00+01:00,1336.6475,21272.86094,37211.69343
2024-02-20T21:00+01:00,-1096.825,20086.31057,38352.53217
2024-02-20T22:00+01:00,-3273.185,19237.2155,37754.97904
2024-02-20T23:00+01:00,-4573.145,18128.13699,37456.408
2024-02-21T00:00+01:00,-3036.25,15708.09974,38258.71359
2024-02-21T01:00+01:00,-2279.1175,14693.61996,38470.87287
2024-02-21T02:00+01:00,-2283.305,14344.40482,37094.19404
2024-02-21T03:00+01:00,-1480.7425,14637.71536,36908.52222
2024-02-21T04:00+01:00,1350.11,14992.99773,36074.01707
2024-02-21T05:00+01:00,1535.7,17108.90558,34154.89247
2024-02-21T06:00+01:00,3860.7025,19219.08719,34098.4248
2024-02-21T07:00+01:00,5117.4075,19856.4867,33567.28892
2024-02-21T08:00+01:00,4329.535,19588.02357,35188.76894
2024-02-21T09:00+01:00,2505.08,18855.77937,39362.26849
2024-02-21T10:00+01:00,367.5925,17781.42457,44851.51502
2024-02-21T11:00+01:00,-930.7475,17233.68645,48072.28148
2024-02-21T12:00+01:00,-1754.4225,17022.52059,49363.04681
2024-02-21T13:00+01:00,-1120.17,17201.90057,46683.87357
2024-02-21T14:00+01:00,619.2275,17943.64067,42942.53636
2024-02-21T15:00+01:00,3417.7925,18754.0811,37537.57259
2024-02-21T16:00+01:00,4499.54,19352.61201,32230.19826
2024-02-21T17:00+01:00,5214.155,20082.26898,31766.53331
2024-02-21T18:00+01:00,5577.6525,20377.06745,36610.3707
2024-02-21T19:00+01:00,5014.18,19391.58307,39803.93838
2024-02-21T20:00+01:00,-129.19,17783.75494,42412.32486
2024-02-21T21:00+01:00,-2459.27,14944.94784,44564.23742
2024-02-21T22:00+01:00,-4115.9825,12404.50366,45687.39304
2024-02-21T23:00+01:00,-6828.2475,11719.47391,46100.89038
2024-02-22T00:00+01:00,-6909.205,11580.12044,45903.98926
2024-02-22T01:00+01:00,-6795.495,11408.09639,44962.7183
2024-02-22T02:00+01:00,-6409.8275,11269.50024,43221.63554
2024-02-22T03:00+01:00,-4220.755,11468.28223,40061.60595
2024-02-22T04:00+01:00,791.68,12201.80851,36535.69525
2024-02-22T05:00+01:00,1931.345,14886.22407,33434.9691
2024-02-22T06:00+01:00,4843.435,17625.85825,31098.69552
2024-02-22T07:00+01:00,6629.9875,18814.22881,30302.67952
2024-02-22T08:00+01:00,8073.0525,18972.55624,31299.0318
2024-02-22T09:00+01:00,6724.2825,18738.79956,33245.67234
2024-02-22T10:00+01:00,9070.17,18394.8491,34842.40746
2024-02-22T11:00+01:00,9334.35,18003.90878,37023.7811
2024-02-22T12:00+01:00,6670.685,17829.20646,38682.64472
2024-02-22T13:00+01:00,5192.965,18049.57772,38890.49316
2024-02-22T14:00+01:00,5470.1575,18496.17952,37918.19495
2024-02-22T15:00+01:00,5451.4075,18322.68575,38278.23455
2024-02-22T16:00+01:00,4349.305,17645.76388,40282.39709
2024-02-22T17:00+01:00,1646.7775,17025.75785,44106.60371
2024-02-22T18:00+01:00,-597.8725,16939.23192,47735.81651
2024-02-22T19:00+01:00,-4710.2375,16135.79535,50717.23362
2024-02-22T20:00+01:00,-5684.84,13135.24407,53239.60018
2024-02-22T21:00+01:00,-7363.455,11528.22964,54966.29677
2024-02-22T22:00+01:00,-8494.345,11495.53614,55004.94488
2024-02-22T23:00+01:00,-11759.165,11410.58821,55224.78186
2024-02-23T00:00+01:00,-11227.6525,11278.59278,53693.56356
2024-02-23T01:00+01:00,-12396.6325,11236.63263,52391.34466
2024-02-23T02:00+01:00,-12890.085,11552.08372,52536.94347
2024-02-23T03:00+01:00,-12072.04,11633.14189,52613.65221
2024-02-23T04:00+01:00,-10326.96,12023.95133,51228.6779
2024-02-23T05:00+01:00,-7522.455,12367.52426,50268.2773
2024-02-23T06:00+01:00,-5509.6725,14719.81772,48616.96651
2024-02-23T07:00+01:00,-4163.175,17431.67026,46038.18721
2024-02-23T08:00+01:00,-4026.755,18158.61803,44669.95142
2024-02-23T09:00+01:00,-4349.6175,18672.27858,48457.82738
2024-02-23T10:00+01:00,-6428.29,16889.76236,52219.74644
2024-02-23T11:00+01:00,-6853.67,16414.89848,53831.73252
2024-02-23T12:00+01:00,-5377.62,16860.74564,52822.33195
2024-02-23T13:00+01:00,-3083.0125,16775.86256,50113.10597
2024-02-23T14:00+01:00,-2075.78,17087.55741,46557.55266
2024-02-23T15:00+01:00,370.955,17184.09689,43678.48518
2024-02-23T16:00+01:00,3369.5075,18633.08661,37700.16222
2024-02-23T17:00+01:00,5964.7675,19482.00308,32981.73897
2024-02-23T18:00+01:00,4652.095,19807.6795,32560.31553
2024-02-23T19:00+01:00,3132.0275,19597.31116,31570.69178
2024-02-23T20:00+01:00,2347.2725,19082.09234,30667.77456
2024-02-23T21:00+01:00,1653.125,18859.95048,29570.83412
2024-02-23T22:00+01:00,762.395,18066.18338,28165.67236
2024-02-23T23:00+01:00,470.0375,17181.54303,25445.6008
2024-02-24T00:00+01:00,3821.8475,16835.53465,23427.84898
2024-02-24T01:00+01:00,3319.345,16619.80093,22974.95276
2024-02-24T02:00+01:00,3955.5325,15743.16887,22316.70365
2024-02-24T03:00+01:00,4709.79,15576.26968,21601.30523
2024-02-24T04:00+01:00,4800.005,15866.88045,21681.59583
2024-02-24T05:00+01:00,3673.655,16274.37305,21790.10781
2024-02-24T06:00+01:00,3632.5675,16572.18402,21913.19824
2024-02-24T07:00+01:00,4028.895,16827.12399,23436.56397
2024-02-24T08:00+01:00,1461.8725,16779.70364,28633.1788
2024-02-24T09:00+01:00,-724.33,16432.05864,33378.92615
2024-02-24T10:00+01:00,-2235.9975,15454.19867,38723.40025
2024-02-24T11:00+01:00,-2480.555,13752.31244,44584.61803
2024-02-24T12:00+01:00,-3700.7675,12566.3627,46662.97515
2024-02-24T13:00+01:00,-4586.6325,11996.47438,46026.69995
2024-02-24T14:00+01:00,-3650.8625,12827.90131,43115.73636
2024-02-24T15:00+01:00,-512.975,13700.00417,38035.66424
2024-02-24T16:00+01:00,1078.1275,15970.88164,31351.95754
2024-02-24T17:00+01:00,4607.4075,17149.41061,27024.24383
2024-02-24T18:00+01:00,4303.0475,17650.38659,27548.85892
2024-02-24T19:00+01:00,2198.24,17679.32514,27954.93109
2024-02-24T20:00+01:00,-182.0775,17339.94717,28832.62951
2024-02-24T21:00+01:00,-285.9825,17022.95773,29772.09065
2024-02-24T22:00+01:00,-261.0975,16395.06224,29852.22689
2024-02-24T23:00+01:00,-1916.7825,15379.60252,30359.70417
2024-02-25T00:00+01:00,-2432.725,14880.86813,31047.15788
2024-02-25T01:00+01:00,-2816.7075,14604.54255,30898.11278
2024-02-25T02:00+01:00,-2832.6775,14433.91319,29647.34252
2024-02-25T03:00+01:00,-2116.8875,14316.00131,28797.58572
2024-02-25T04:00+01:00,-2168.38,14355.01456,27248.02034
2024-02-25T05:00+01:00,-2242.6975,14436.29541,26963.53569
2024-02-25T06:00+01:00,-2173.4525,14530.34005,27296.80471
2024-02-25T07:00+01:00,-2103.045,15062.30862,27946.6332
2024-02-25T08:00+01:00,-2054.4975,15101.9963,31273.597
2024-02-25T09:00+01:00,-3924.585,15035.00503,34742.44972
2024-02-25T10:00+01:00,-4415.8025,14576.47057,38736.48151
2024-02-25T11:00+01:00,-4746.1225,14185.76223,42485.55866
2024-02-25T12:00+01:00,-4858.3675,13250.48033,43711.51508
2024-02-25T13:00+01:00,-3745.3425,12970.22653,41572.65322
2024-02-25T14:00+01:00,-1801.0125,13770.73837,36160.52628
2024-02-25T15:00+01:00,2339.0325,15766.69702,29059.23223
2024-02-25T16:00+01:00,6852.4375,18155.56109,20583.37781
2024-02-25T17:00+01:00,9744.44,20369.476,14459.08488
2024-02-25T18:00+01:00,11034.375,21153.55522,14312.72846
2024-02-25T19:00+01:00,10449.5025,21056.23323,15402.47358
2024-02-25T20:00+01:00,9784.3275,20601.75233,15496.24396
2024-02-25T21:00+01:00,9603.83,19706.11424,15614.56934
2024-02-25T22:00+01:00,10004.665,18949.06626,15302.93798
2024-02-25T23:00+01:00,10335.3075,17874.30135,15524.27188
2024-02-26T00:00+01:00,11327.565,16219.72791,16205.29867
2024-02-26T01:00+01:00,12066.0925,15574.55852,16981.15413
2024-02-26T02:00+01:00,11769.9025,15446.54547,17671.3473
2024-02-26T03:00+01:00,11994.6225,15083.47604,18264.42127
2024-02-26T04:00+01:00,12189.9025,15617.95068,19482.25278
2024-02-26T05:00+01:00,11688.505,17593.25232,19413.75218
2024-02-26T06:00+01:00,10952.07,21518.1498,20406.15241
2024-02-26T07:00+01:00,11221.075,23667.31374,21856.98669
2024-02-26T08:00+01:00,9608.885,24211.71378,25792.79235
2024-02-26T09:00+01:00,7066.2675,24014.94781,29048.94275
2024-02-26T10:00+01:00,6457.585,23218.65594,31573.22757
2024-02-26T11:00+01:00,7246.9775,22171.80196,32668.77142
2024-02-26T12:00+01:00,6891.62,21834.67487,32859.31985
2024-02-26T13:00+01:00,7129.6925,21978.3673,32058.93819
2024-02-26T14:00+01:00,7250.84,22510.23807,30247.50895
2024-02-26T15:00+01:00,8377.93,22491.46474,27469.68881
2024-02-26T16:00+01:00,8760.765,24305.53166,24706.42918
2024-02-26T17:00+01:00,8016.4,25420.6635,24437.45731
2024-02-26T18:00+01:00,6607.76,25959.81861,26079.86358
2024-02-26T19:00+01:00,4773.625,25896.68823,26958.98212
2024-02-26T20:00+01:00,3677.9425,25466.33655,26719.83564
2024-02-26T21:00+01:00,4132.44,24112.99703,25470.34338
2024-02-26T22:00+01:00,3915.095,23429.48766,23503.97478
2024-02-26T23:00+01:00,5564.07,21741.38465,22551.0054
2024-02-27T00:00+01:00,5602.465,19955.60271,22083.24087
2024-02-27T01:00+01:00,6000.03,19724.47818,21109.64849
2024-02-27T02:00+01:00,5837.12,19814.38512,19909.97192
2024-02-27T03:00+01:00,7524.765,19828.25174,18820.20654
2024-02-27T04:00+01:00,6581.645,21204.48176,18312.32348
2024-02-27T05:00+01:00,6411.8625,24083.50064,17156.22183
2024-02-27T06:00+01:00,9847.9325,27288.23269,16272.88561
2024-02-27T07:00+01:00,9689.625,29610.91452,15929.33379
2024-02-27T08:00+01:00,10533.75,30377.17339,17370.09835
2024-02-27T09:00+01:00,10180.2,30500.19604,19251.11485
2024-02-27T10:00+01:00,9834.0625,29925.98945,20955.84958
2024-02-27T11:00+01:00,9205.2125,29506.31555,21738.13781
2024-02-27T12:00+01:00,9933.3875,29179.09858,22571.03403
2024-02-27T13:00+01:00,9649.8625,29247.90036,22630.36799
2024-02-27T14:00+01:00,7503.3875,29690.83517,21339.65845
2024-02-27T15:00+01:00,8012.69,30619.09974,18856.93465
2024-02-27T16:00+01:00,8887.955,31638.9958,15078.71004
2024-02-27T17:00+01:00,10187.3475,33038.6742,11907.39125
2024-02-27T18:00+01:00,10885.8925,33909.54427,11529.93408
2024-02-27T19:00+01:00,9328.9,33896.03271,11478.70825
2024-02-27T20:00+01:00,9593.845,33008.94224,11676.66329
2024-02-27T21:00+01:00,10748.05,31242.74218,11876.1831
2024-02-27T22:00+01:00,9465.9625,30086.95769,12059.17393
2024-02-27T23:00+01:00,7882.01,28260.38297,12369.82589
2024-02-28T00:00+01:00,9037.055,26048.9642,12752.15123
2024-02-28T01:00+01:00,8554.635,25631.71596,12757.46947
2024-02-28T02:00+01:00,7958.3375,25851.54515,12384.81192
2024-02-28T03:00+01:00,7879.4375,26142.63814,12137.38549
2024-02-28T04:00+01:00,8470.07,26806.35517,11933.56286
2024-02-28T05:00+01:00,8133.0925,28613.72555,11884.33513
2024-02-28T06:00+01:00,11022.2325,31100.15673,11767.18753
2024-02-28T07:00+01:00,10803.075,32389.37999,12011.30013
2024-02-28T08:00+01:00,11077.7925,32714.27372,14065.2465
2024-02-28T09:00+01:00,8679.1125,32218.28795,16914.3071
2024-02-28T10:00+01:00,7205.625,31749.44082,20548.11138
2024-02-28T11:00+01:00,7801.145,30382.66281,24281.8833
2024-02-28T12:00+01:00,5575.4375,29393.4964,27154.48206
2024-02-28T13:00+01:00,5622.63,28389.02309,28775.81076
2024-02-28T14:00+01:00,4781.28,28627.61721,27065.68436
2024-02-28T15:00+01:00,5941.53,30032.01601,22458.57393
2024-02-28T16:00+01:00,9455.4175,30747.13562,16819.29652
2024-02-28T17:00+01:00,12072.835,31420.21594,13358.9787
2024-02-28T18:00+01:00,12315.1925,31532.77806,14531.75813
2024-02-28T19:00+01:00,11818.3475,31139.78926,16808.58472
2024-02-28T20:00+01:00,10651.055,28472.92489,18631.66819
2024-02-28T21:00+01:00,9721.2,24960.33023,20163.23265
2024-02-28T22:00+01:00,6766.2175,23707.21347,21263.39689
2024-02-28T23:00+01:00,5607.7975,21217.40524,22679.44489
2024-02-29T00:00+01:00,7130.845,18443.7962,24831.11435
2024-02-29T01:00+01:00,6184.965,17349.03391,26653.57063
2024-02-29T02:00+01:00,5923.4425,16638.87174,28104.26088
2024-02-29T03:00+01:00,6425.695,16413.82025,29007.17125
2024-02-29T04:00+01:00,6389.0875,16465.71507,30289.53877
2024-02-29T05:00+01:00,5570.64,17805.97643,31722.82988
2024-02-29T06:00+01:00,4393.935,20730.93058,33812.40084
2024-02-29T07:00+01:00,2792.2625,22633.21528,35474.06479
2024-02-29T08:00+01:00,560.715,23167.76773,38389.98635
2024-02-29T09:00+01:00,-2836.245,22830.08858,41962.71357
2024-02-29T10:00+01:00,-3878.6725,21352.16956,45831.38169
2024-02-29T11:00+01:00,-3180.865,19678.51204,48065.68012
2024-02-29T12:00+01:00,-4112.9475,18636.3612,48430.39613
2024-02-29T13:00+01:00,-3540.0475,18476.89432,48043.11251
2024-02-29T14:00+01:00,-2668.56,18546.4829,44893.51738
2024-02-29T15:00+01:00,-126.15,20399.20107,38465.18355
2024-02-29T16:00+01:00,4087.135,22551.95592,30942.00573
2024-02-29T17:00+01:00,7467.885,23927.41783,26674.07778
2024-02-29T18:00+01:00,7015.9125,24177.03135,28861.01214
2024-02-29T19:00+01:00,4397.055,23839.6223,31391.02086
2024-02-29T20:00+01:00,3544.6025,22599.56302,31881.10273
2024-02-29T21:00+01:00,3615.4625,20569.44424,31459.2272
2024-02-29T22:00+01:00,2300.79,20004.91973,30695.99196
2024-02-29T23:00+01:00,1429.47,19271.2019,29745.79649
2024-03-01T00:00+01:00,2834.17,18076.04601,28026.46116
2024-03-01T01:00+01:00,3502.125,17191.75229,27172.20542
2024-03-01T02:00+01:00,5214.0575,16794.28102,27182.91821
2024-03-01T03:00+01:00,4913.195,16818.1755,27619.68991
2024-03-01T04:00+01:00,4169.555,17312.42017,27897.77864
2024-03-01T05:00+01:00,4067.1425,18571.00521,27833.08553
2024-03-01T06:00+01:00,5405.5175,21190.55117,28329.21277
2024-03-01T07:00+01:00,7125.8525,22452.42621,29125.7366
2024-03-01T08:00+01:00,6454.0225,22865.34721,30786.59492
2024-03-01T09:00+01:00,7239.22,22680.0248,31821.03054
2024-03-01T10:00+01:00,7481.4025,22143.14122,31325.84756
2024-03-01T11:00+01:00,9023.4725,21458.97138,30456.43262
2024-03-01T12:00+01:00,10703.165,21313.21394,29818.84269
2024-03-01T13:00+01:00,10199.075,21234.64837,28625.49127
2024-03-01T14:00+01:00,8829.6275,21652.63163,26909.94376
2024-03-01T15:00+01:00,10783.1575,22256.55341,25519.40405
2024-03-01T16:00+01:00,11289.435,23076.40914,23024.16217
2024-03-01T17:00+01:00,11713.35,23731.51055,21093.24762
2024-03-01T18:00+01:00,8361.63,24202.53027,22347.07573
2024-03-01T19:00+01:00,7858.565,24281.8819,24270.44643
2024-03-01T20:00+01:00,6999.33,22993.41655,25220.38454
2024-03-01T21:00+01:00,4830.4025,21748.37907,25521.88898
2024-03-01T22:00+01:00,5587.08,19662.65862,25050.68123
2024-03-01T23:00+01:00,4139.3325,17602.75228,24511.03924
2024-03-02T00:00+01:00,3744.2975,16469.47601,24933.02368
2024-03-02T01:00+01:00,2393.615,16017.39615,24977.30468
2024-03-02T02:00+01:00,2754.6575,15848.25865,25621.86594
2024-03-02T03:00+01:00,2533.6275,15565.59975,26191.79386
2024-03-02T04:00+01:00,2609.3,15871.99812,25927.4523
2024-03-02T05:00+01:00,2835.9275,16183.45111,25579.1917
2024-03-02T06:00+01:00,1871.26,16370.32234,25506.12443
2024-03-02T07:00+01:00,2510.7,17042.15505,25903.26915
2024-03-02T08:00+01:00,3388.29,16726.65627,27378.63019
2024-03-02T09:00+01:00,4122.3375,16020.19074,29845.07171
2024-03-02T10:00+01:00,4291.6925,14838.69812,33199.74052
2024-03-02T11:00+01:00,3103.64,14092.53967,36356.59309
2024-03-02T12:00+01:00,1269.115,13440.02854,39042.28907
2024-03-02T13:00+01:00,-890.77,13014.27466,39472.38208
2024-03-02T14:00+01:00,-1460.8375,13812.95806,36823.10092
2024-03-02T15:00+01:00,-1014.3675,16018.55804,31440.59799
2024-03-02T16:00+01:00,1447.93,18391.80613,25091.90068
2024-03-02T17:00+01:00,2569.465,20428.40312,21298.42816
2024-03-02T18:00+01:00,833.745,21037.02962,25163.29779
2024-03-02T19:00+01:00,-2518.27,20729.7684,30379.16296
2024-03-02T20:00+01:00,-4539.47,18597.38525,32860.38223
2024-03-02T21:00+01:00,-4626.755,16189.05067,32910.30995
2024-03-02T22:00+01:00,-2667.955,15679.46854,31670.38524
2024-03-02T23:00+01:00,-4108.9075,14969.6058,30136.38631
2024-03-03T00:00+01:00,-5407.4675,15020.75,29226.10588
2024-03-03T01:00+01:00,-4579.08,14313.19024,28714.32717
2024-03-03T02:00+01:00,-4404.25,14432.86522,27428.15874
2024-03-03T03:00+01:00,-3655.2,14527.67453,26406.62896
2024-03-03T04:00+01:00,-3016.31,14357.98056,25594.84984
2024-03-03T05:00+01:00,-2249.82,14817.4121,24794.87778
2024-03-03T06:00+01:00,-1812.525,15474.01214,24089.8962
2024-03-03T07:00+01:00,-1055.0025,15687.94527,25899.63043
2024-03-03T08:00+01:00,-2390.85,14786.17418,30130.52325
2024-03-03T09:00+01:00,-3402.2825,14949.87968,33528.01506
2024-03-03T10:00+01:00,-5063.815,14611.78683,37611.44866
2024-03-03T11:00+01:00,-5556.1875,14586.45225,40000.72051
2024-03-03T12:00+01:00,-6815.535,14425.45449,41537.48543
2024-03-03T13:00+01:00,-6915.61,13348.49181,41149.75869
2024-03-03T14:00+01:00,-5706.625,12898.24191,38420.7661
2024-03-03T15:00+01:00,-3060.9525,13897.42297,34149.69733
2024-03-03T16:00+01:00,1000.375,16582.4173,27262.58403
2024-03-03T17:00+01:00,4240.6475,19506.76741,22187.11114
2024-03-03T18:00+01:00,2838.1175,21132.02636,23221.91344
2024-03-03T19:00+01:00,2266.495,21681.3572,24131.85754
2024-03-03T20:00+01:00,2173.6025,21587.93731,23825.8846
2024-03-03T21:00+01:00,1883.3775,21272.15676,22776.15888
2024-03-03T22:00+01:00,2948.975,21150.8521,21431.53226
2024-03-03T23:00+01:00,3498.755,20450.05732,19142.60065
2024-03-04T00:00+01:00,2127.3825,20227.75865,17161.13607
2024-03-04T01:00+01:00,3865.6575,20360.28061,15630.47448
2024-03-04T02:00+01:00,4274.9925,20619.57382,14879.43579
2024-03-04T03:00+01:00,5362.83,20963.51932,14470.12641
2024-03-04T04:00+01:00,4657.76,22783.21166,14536.66034
2024-03-04T05:00+01:00,4028.4575,26073.50044,14676.64885
2024-03-04T06:00+01:00,7326.74,29326.19438,14766.96363
2024-03-04T07:00+01:00,7708.9075,30917.4642,15352.61977
2024-03-04T08:00+01:00,6504.9975,31554.45779,17945.97898
2024-03-04T09:00+01:00,6367.2975,31025.23007,20497.60534
2024-03-04T10:00+01:00,6936.29,30110.63596,22680.26189
2024-03-04T11:00+01:00,7193.505,28547.95737,24434.75751
2024-03-04T12:00+01:00,9244.3175,28036.71317,25538.26562
2024-03-04T13:00+01:00,8401.035,28151.43474,25068.69267
2024-03-04T14:00+01:00,8685.93,28691.1778,23068.56126
2024-03-04T15:00+01:00,7895.635,29850.98849,20869.73764
2024-03-04T16:00+01:00,7891.995,31439.83593,18500.24315
2024-03-04T17:00+01:00,8667.34,32748.78153,16684.60893
2024-03-04T18:00+01:00,8077.1375,33189.4474,16926.40369
2024-03-04T19:00+01:00,5844.0325,33435.90362,17460.9122
2024-03-04T20:00+01:00,6538.0075,32589.30269,18033.00765
2024-03-04T21:00+01:00,5346.26,31168.21272,18861.94176
2024-03-04T22:00+01:00,3282.63,29468.06257,19236.82822
2024-03-04T23:00+01:00,2781.02,27042.40925,19053.22215
2024-03-05T00:00+01:00,5379.6425,24751.30497,18594.7336
2024-03-05T01:00+01:00,5220.98,23917.1513,18459.14733
2024-03-05T02:00+01:00,5361.3325,23493.66101,18509.84255
2024-03-05T03:00+01:00,5377.7075,23928.13492,18749.35742
2024-03-05T04:00+01:00,5269.085,24648.56761,18788.8489
2024-03-05T05:00+01:00,3607.31,27133.26705,19117.61517
2024-03-05T06:00+01:00,4273.565,30865.62615,20160.13345
2024-03-05T07:00+01:00,5566.9575,32854.91526,21424.08507
2024-03-05T08:00+01:00,4351.82,33698.43795,24340.09109
2024-03-05T09:00+01:00,3286.0525,33333.46269,27673.68275
2024-03-05T10:00+01:00,2243.93,32471.08536,30124.70354
2024-03-05T11:00+01:00,2397.935,31669.90867,31253.81844
2024-03-05T12:00+01:00,1880.59,32349.71769,30239.25017
2024-03-05T13:00+01:00,1159.1975,32856.90176,28894.49828
2024-03-05T14:00+01:00,2018.9025,32884.87566,27431.4322
2024-03-05T15:00+01:00,2486.2225,33280.17012,25782.331
2024-03-05T16:00+01:00,3502.79,34365.32219,24071.50168
2024-03-05T17:00+01:00,4175.2775,35327.51605,22208.55493
2024-03-05T18:00+01:00,1406.2375,36279.46989,22375.77943
2024-03-05T19:00+01:00,362.9075,36530.84929,21649.51522
2024-03-05T20:00+01:00,219.5625,35363.4784,20717.72399
2024-03-05T21:00+01:00,793.2225,34092.5178,19767.48183
2024-03-05T22:00+01:00,439.1175,32909.60469,18920.81039
2024-03-05T23:00+01:00,542.385,31122.50914,18371.99493
2024-03-06T00:00+01:00,724.24,29659.33772,16850.98702
2024-03-06T01:00+01:00,1017.9,29010.27246,15170.79798
2024-03-06T02:00+01:00,1744.8675,29164.0487,14211.93436
2024-03-06T03:00+01:00,4189.0125,28872.74454,13580.44971
2024-03-06T04:00+01:00,4518.5975,29496.03615,13293.4904
2024-03-06T05:00+01:00,3949.64,31328.77424,13469.54528
2024-03-06T06:00+01:00,7251.7875,33664.07572,13460.06979
2024-03-06T07:00+01:00,6288.8175,34624.60338,14552.22665
2024-03-06T08:00+01:00,5779.11,34673.86102,17263.005
2024-03-06T09:00+01:00,4892.05,34473.7085,21184.70503
2024-03-06T10:00+01:00,4644.475,32473.62308,24924.50634
2024-03-06T11:00+01:00,4324.1325,30081.7367,26769.77325
2024-03-06T12:00+01:00,6143.29,28940.2961,26933.08625
2024-03-06T13:00+01:00,5350.225,29394.8433,26019.86129
2024-03-06T14:00+01:00,5896.975,29946.76438,23467.68844
2024-03-06T15:00+01:00,5921.9075,31600.65468,19915.5951
2024-03-06T16:00+01:00,6529.7275,34053.75138,16249.72959
2024-03-06T17:00+01:00,7247.5975,34900.11994,13886.48479
2024-03-06T18:00+01:00,6430.42,35444.44678,14398.70577
2024-03-06T19:00+01:00,3612.615,35651.16381,15708.54625
2024-03-06T20:00+01:00,2377.835,34832.552,16322.32108
2024-03-06T21:00+01:00,2555.9625,33186.67697,16837.21136
2024-03-06T22:00+01:00,2728.7725,30825.12839,17107.26275
2024-03-06T23:00+01:00,2092.3425,28581.18074,16992.49736
2024-03-07T00:00+01:00,945.325,27069.24963,16804.84994
2024-03-07T01:00+01:00,1384.27,26048.19295,15707.585
2024-03-07T02:00+01:00,1935.28,26026.38087,15158.07511
2024-03-07T03:00+01:00,3586.6425,26391.48315,14907.19264
2024-03-07T04:00+01:00,3523,26879.5482,15333.81182
2024-03-07T05:00+01:00,3867.3125,27875.20655,16257.758
2024-03-07T06:00+01:00,5153.1475,30030.6224,17165.48097
2024-03-07T07:00+01:00,3614.1175,30564.2715,19365.35967
2024-03-07T08:00+01:00,2523.0725,30819.57825,23588.30538
2024-03-07T09:00+01:00,1563.1625,29778.21301,28654.07263
2024-03-07T10:00+01:00,204.15,26269.16576,33818.78209
2024-03-07T11:00+01:00,1697.8875,23470.89945,36918.31874
2024-03-07T12:00+01:00,3651.04,21291.44365,37384.62439
2024-03-07T13:00+01:00,2745.6875,21496.00362,35671.97217
2024-03-07T14:00+01:00,3319.385,23242.22775,33237.92284
2024-03-07T15:00+01:00,3676.3,25343.58864,30012.67239
2024-03-07T16:00+01:00,3689.2125,27420.91429,25635.66442
2024-03-07T17:00+01:00,6039.2425,28609.42734,22157.69036
2024-03-07T18:00+01:00,5829.65,28364.67487,23501.32952
2024-03-07T19:00+01:00,3192.9525,27717.87469,26755.59402
2024-03-07T20:00+01:00,1701.06,25601.27712,28999.06706
2024-03-07T21:00+01:00,2168.9925,23613.59402,29272.85301
2024-03-07T22:00+01:00,2157.3675,22264.67419,28714.93576
2024-03-07T23:00+01:00,2127.3675,20181.76407,27749.78761
2024-03-08T00:00+01:00,2745.405,18685.53862,27130.85172
2024-03-08T01:00+01:00,2270.935,18057.42395,27113.95966
2024-03-08T02:00+01:00,3151.6475,17604.57753,26945.89941
2024-03-08T03:00+01:00,4730.82,17193.15006,26527.69468
2024-03-08T04:00+01:00,5005.9375,17997.65085,26537.05005
2024-03-08T05:00+01:00,4307.4425,19350.67152,27394.60116
2024-03-08T06:00+01:00,5398.6825,20931.84428,28725.32245
2024-03-08T07:00+01:00,2023.065,21077.67209,31347.91979
2024-03-08T08:00+01:00,-713.4825,20011.66012,36455.03241
2024-03-08T09:00+01:00,-4138.095,18090.8281,43589.60777
2024-03-08T10:00+01:00,-6887.025,14976.42585,52357.0149
2024-03-08T11:00+01:00,-10581.315,12425.38319,59443.54343
2024-03-08T12:00+01:00,-11507.5,11290.53958,63052.31739
2024-03-08T13:00+01:00,-12553.6725,10893.25341,62878.45953
2024-03-08T14:00+01:00,-11118.38,10718.59238,60021.4472
2024-03-08T15:00+01:00,-9477.8925,11031.61601,56324.33318
2024-03-08T16:00+01:00,-5374.9175,13018.175,48138.28881
2024-03-08T17:00+01:00,-462.6075,15766.53628,40345.67968
2024-03-08T18:00+01:00,-2235.495,16411.60232,40570.73357
2024-03-08T19:00+01:00,-2660.06,15706.60407,42984.95622
2024-03-08T20:00+01:00,-2007.4,15107.58914,43900.10217
2024-03-08T21:00+01:00,-3065.41,14003.48126,43216.63147
2024-03-08T22:00+01:00,-3249.12,13785.80729,41185.20553
2024-03-08T23:00+01:00,-3458.095,13049.89161,39529.774
2024-03-09T00:00+01:00,-2978.215,11567.21993,38128.48537
2024-03-09T01:00+01:00,-3007.4,11082.64914,36124.42016
2024-03-09T02:00+01:00,-2588.7525,10783.21222,34712.07166
2024-03-09T03:00+01:00,-1496.7875,10728.00388,33953.76695
2024-03-09T04:00+01:00,-1119.7475,10678.89595,34236.60543
2024-03-09T05:00+01:00,-699.2725,10720.55474,34493.55046
2024-03-09T06:00+01:00,-750.6075,11128.97382,34842.35802
2024-03-09T07:00+01:00,-2823.685,11289.65667,37417.47327
2024-03-09T08:00+01:00,-4194.7675,11220.11884,43436.91245
2024-03-09T09:00+01:00,-7921.5175,10581.59102,49936.42562
2024-03-09T10:00+01:00,-11768.0725,9931.425357,56162.84806
2024-03-09T11:00+01:00,-14326.595,9789.237069,60076.35406
2024-03-09T12:00+01:00,-15323.1575,9746.528157,59976.36493
2024-03-09T13:00+01:00,-15491.41,9694.209463,58177.75534
2024-03-09T14:00+01:00,-14054.695,9777.630115,55687.39094
2024-03-09T15:00+01:00,-10468.8,10061.42109,50703.22254
2024-03-09T16:00+01:00,-4838.82,11822.53695,40918.34985
2024-03-09T17:00+01:00,-1669.19,14926.43435,33339.56048
2024-03-09T18:00+01:00,-588.965,15940.43746,33133.7748
2024-03-09T19:00+01:00,-1572.9725,15156.05407,36014.85009
2024-03-09T20:00+01:00,-2586.355,13177.44021,37342.63651
2024-03-09T21:00+01:00,-2279.1025,12549.017,37779.40788
2024-03-09T22:00+01:00,-2333.58,12507.95407,37199.35128
2024-03-09T23:00+01:00,-4389.7725,12394.76082,36947.93465
2024-03-10T00:00+01:00,-7060.925,11478.96277,36419.63386
2024-03-10T01:00+01:00,-8265.4925,10808.91114,36717.39904
2024-03-10T02:00+01:00,-8735.215,10546.15535,36735.27132
2024-03-10T03:00+01:00,-8384.6525,10482.4898,36574.16541
2024-03-10T04:00+01:00,-8524.675,10229.34754,37203.51363
2024-03-10T05:00+01:00,-8366.85,10249.72036,38428.51578
2024-03-10T06:00+01:00,-9579.815,10305.78811,39704.0038
2024-03-10T07:00+01:00,-11073.61,10356.13743,42176.56021
2024-03-10T08:00+01:00,-11169.5,9728.754409,45587.68568
2024-03-10T09:00+01:00,-11340.51,9672.635311,47967.00939
2024-03-10T10:00+01:00,-11593.74,9478.412955,50835.61717
2024-03-10T11:00+01:00,-11572.2175,9493.150519,52321.15059
2024-03-10T12:00+01:00,-10803.8225,9697.335317,53184.70434
2024-03-10T13:00+01:00,-10636.8575,9702.550579,52220.72815
2024-03-10T14:00+01:00,-11247.525,10525.6683,49397.90953
2024-03-10T15:00+01:00,-8648.385,11522.37376,45189.01001
2024-03-10T16:00+01:00,-6393.755,12832.23778,40121.93935
2024-03-10T17:00+01:00,-2461.105,14421.85808,37719.04914
2024-03-10T18:00+01:00,-1302.4,15411.12202,37663.43607
2024-03-10T19:00+01:00,-2030.935,16028.04836,36819.60291
2024-03-10T20:00+01:00,-1900.335,15795.43922,36154.57734
2024-03-10T21:00+01:00,-1527.62,14867.38526,35748.28529
2024-03-10T22:00+01:00,-2051.305,14870.17359,34468.79465
2024-03-10T23:00+01:00,-2317.49,14155.57771,33250.99365
2024-03-11T00:00+01:00,-2340.36,13538.07809,32786.07034
2024-03-11T01:00+01:00,-3111.685,13398.16398,32092.36239
2024-03-11T02:00+01:00,-2855.765,13633.96666,31254.17642
2024-03-11T03:00+01:00,-1741.89,14057.45465,30598.80155
2024-03-11T04:00+01:00,63.695,15040.1825,29942.88745
2024-03-11T05:00+01:00,-248.5725,17504.09945,30257.50094
2024-03-11T06:00+01:00,2997.145,20299.60278,29995.79966
2024-03-11T07:00+01:00,2732.5925,21649.9729,31887.24944
2024-03-11T08:00+01:00,1123.11,22022.58113,36362.41518
2024-03-11T09:00+01:00,-2090.725,21148.91713,41973.95753
2024-03-11T10:00+01:00,-3817.42,19919.19039,46168.75596
2024-03-11T11:00+01:00,-3979.2575,18455.11336,47981.71011
2024-03-11T12:00+01:00,-2748.7575,18213.39774,48157.3431
2024-03-11T13:00+01:00,-2362.6625,17922.51222,45596.59583
2024-03-11T14:00+01:00,-2834.805,20012.04136,42040.01348
2024-03-11T15:00+01:00,-221.9925,21779.15304,36227.76511
2024-03-11T16:00+01:00,2522.06,23542.28123,29419.59848
2024-03-11T17:00+01:00,5647.0425,25650.20406,22691.59114
2024-03-11T18:00+01:00,7474.645,27447.79165,20116.55579
2024-03-11T19:00+01:00,7574.13,27573.22318,18978.72957
2024-03-11T20:00+01:00,6874.325,27733.27568,17974.51976
2024-03-11T21:00+01:00,6700.9925,27025.5514,17007.78957
2024-03-11T22:00+01:00,5745.855,26080.90328,16250.53611
2024-03-11T23:00+01:00,6115.055,24901.82057,15689.68006
2024-03-12T00:00+01:00,6196.86,24370.72722,15032.99778
2024-03-12T01:00+01:00,6951.1575,23545.88519,14154.71684
2024-03-12T02:00+01:00,6674.565,23585.31444,13852.53704
2024-03-12T03:00+01:00,7996.38,23405.83994,13658.79679
2024-03-12T04:00+01:00,8237.3925,24131.12101,13386.99548
2024-03-12T05:00+01:00,7683.1675,25602.95153,13340.16095
2024-03-12T06:00+01:00,9398.3675,28218.3051,13300.55551
2024-03-12T07:00+01:00,9273.305,29576.29904,15054.25276
2024-03-12T08:00+01:00,8368.3,30001.44951,17996.88881
2024-03-12T09:00+01:00,6039.4225,30327.59319,20620.89294
2024-03-12T10:00+01:00,6487.5975,30105.67694,22770.06328
2024-03-12T11:00+01:00,7121.8,29400.51663,23640.37888
2024-03-12T12:00+01:00,7031.66,29486.11222,23088.16362
2024-03-12T13:00+01:00,7254.0125,29453.53776,21897.00859
2024-03-12T14:00+01:00,7559.4225,29955.17527,20711.12925
2024-03-12T15:00+01:00,8695.1475,30625.27636,18481.62655
2024-03-12T16:00+01:00,8996.755,31538.93958,15788.87796
2024-03-12T17:00+01:00,10082.4725,32215.92123,13409.75658
2024-03-12T18:00+01:00,10266.4925,32867.65011,12602.11569
2024-03-12T19:00+01:00,9328.1075,32574.59544,13004.00925
2024-03-12T20:00+01:00,9304.5225,31268.46007,13434.29378
2024-03-12T21:00+01:00,8847.5675,29792.7615,14179.28218
2024-03-12T22:00+01:00,7830.9675,27470.46272,14491.99287
2024-03-12T23:00+01:00,6950.905,25059.02928,14601.14181
2024-03-13T00:00+01:00,7238.1025,23425.76651,14707.35753
2024-03-13T01:00+01:00,8622.6075,22601.15315,14753.54113
2024-03-13T02:00+01:00,8480.2175,22443.57172,14992.0434
2024-03-13T03:00+01:00,8699.375,22282.34284,15630.05734
2024-03-13T04:00+01:00,8213.3425,22703.61213,15825.5458
2024-03-13T05:00+01:00,7236.2,24128.00332,16442.27585
2024-03-13T06:00+01:00,9091.9225,26038.44677,17221.52349
2024-03-13T07:00+01:00,7576.6175,26829.41937,19559.38103
2024-03-13T08:00+01:00,7569.7225,26792.52242,23287.70638
2024-03-13T09:00+01:00,6488.93,26532.24025,26251.73119
2024-03-13T10:00+01:00,5814.9575,25839.3137,29531.37116
2024-03-13T11:00+01:00,5913.51,25297.88996,31757.36454
2024-03-13T12:00+01:00,7256.365,24842.59095,32194.54352
2024-03-13T13:00+01:00,6719.2725,24947.86576,31458.34687
2024-03-13T14:00+01:00,7471.225,24634.01938,29586.91409
2024-03-13T15:00+01:00,7448.5625,25419.64067,27257.86838
2024-03-13T16:00+01:00,8925.745,26979.85026,23606.79839
2024-03-13T17:00+01:00,8704.0275,28915.17233,21268.57698
2024-03-13T18:00+01:00,8707.8825,29135.37826,21417.63615
2024-03-13T19:00+01:00,6919.155,28820.42002,22447.57955
2024-03-13T20:00+01:00,5411.545,27682.28705,23302.87509
2024-03-13T21:00+01:00,5834.8025,25015.62782,23940.76078
2024-03-13T22:00+01:00,4856.85,23050.921,23541.45783
2024-03-13T23:00+01:00,3370.265,21895.82413,23461.40809
2024-03-14T00:00+01:00,4419.0375,19058.2332,23560.74091
2024-03-14T01:00+01:00,6037.055,17158.17877,23037.34453
2024-03-14T02:00+01:00,6342.395,17383.17214,22855.41706
2024-03-14T03:00+01:00,7562.32,17269.35391,22634.85117
2024-03-14T04:00+01:00,7289.5625,18406.91744,22181.30509
2024-03-14T05:00+01:00,6298.335,20845.68128,22312.85872
2024-03-14T06:00+01:00,8114.305,22960.2269,23002.30603
2024-03-14T07:00+01:00,7833.8875,23410.2887,24354.63567
2024-03-14T08:00+01:00,7937.6075,23304.37749,27497.47436
2024-03-14T09:00+01:00,7065.39,22083.39839,31635.93546
2024-03-14T10:00+01:00,6817.6075,19585.82732,37399.36201
2024-03-14T11:00+01:00,6279.54,17487.46145,42348.17908
2024-03-14T12:00+01:00,5240.6425,15956.33196,44466.44907
2024-03-14T13:00+01:00,4178.575,15490.01024,45101.59411
2024-03-14T14:00+01:00,4122.0375,15593.46325,42854.13815
2024-03-14T15:00+01:00,5134.08,16802.35781,37604.75816
2024-03-14T16:00+01:00,4477.4,21041.64784,29232.11677
2024-03-14T17:00+01:00,8410.485,24284.72736,22502.86718
2024-03-14T18:00+01:00,8996.7975,25379.54042,22485.38008
2024-03-14T19:00+01:00,6010.9925,24903.98139,26195.66853
2024-03-14T20:00+01:00,3543.5375,23434.61519,29794.28016
2024-03-14T21:00+01:00,1596.2625,21322.68928,31521.02665
2024-03-14T22:00+01:00,2113.95,18316.62106,32133.89595
2024-03-14T23:00+01:00,1193.9425,15554.22266,32819.45502
2024-03-15T00:00+01:00,2054.815,12550.88073,32966.11851
2024-03-15T01:00+01:00,1463.8575,12197.71136,32643.27218
2024-03-15T02:00+01:00,2065.21,12191.18002,32140.95915
2024-03-15T03:00+01:00,2425.6575,12354.63001,32136.84005
2024-03-15T04:00+01:00,2558.125,13940.3825,32207.73456
2024-03-15T05:00+01:00,2116.06,15227.37569,32595.50452
2024-03-15T06:00+01:00,2562.2925,17134.64461,34051.44448
2024-03-15T07:00+01:00,1675.1225,17423.28424,37093.38457
2024-03-15T08:00+01:00,1920.72,16471.62686,41623.19949
2024-03-15T09:00+01:00,711.475,13990.05469,45429.72758
2024-03-15T10:00+01:00,272.6975,11949.10803,50470.96176
2024-03-15T11:00+01:00,-1375.745,11603.29533,54805.23662
2024-03-15T12:00+01:00,-2362.8475,11370.2556,55383.26272
2024-03-15T13:00+01:00,-1796.62,11174.03737,53516.69466
2024-03-15T14:00+01:00,1120.1725,11424.14838,50290.44347
2024-03-15T15:00+01:00,3310.32,12326.82625,45462.89487
2024-03-15T16:00+01:00,3310.9575,14939.75703,39204.31082
2024-03-15T17:00+01:00,4312.6975,16993.95119,34146.50505
2024-03-15T18:00+01:00,5397.8125,17266.62587,32971.56851
2024-03-15T19:00+01:00,4317.865,16899.56609,33355.8669
2024-03-15T20:00+01:00,3314.2725,16014.71004,34415.61752
2024-03-15T21:00+01:00,2314.165,14756.2984,35361.85209
2024-03-15T22:00+01:00,695.3925,14139.68531,34644.65391
2024-03-15T23:00+01:00,389.4275,12287.86274,35336.3706
2024-03-16T00:00+01:00,-1274.365,10512.59649,35710.51476
2024-03-16T01:00+01:00,-1558.87,9630.593367,36482.918
2024-03-16T02:00+01:00,-2390.305,9646.5702,36501.21577
2024-03-16T03:00+01:00,-2065.8225,9689.555655,37207.05467
2024-03-16T04:00+01:00,-368.4175,9714.346421,36962.33847
2024-03-16T05:00+01:00,-1347.64,9715.023163,36750.90378
2024-03-16T06:00+01:00,-1358.5675,9856.342085,37204.5218
2024-03-16T07:00+01:00,-1356.5975,10317.3022,38348.74102
2024-03-16T08:00+01:00,-2223.5375,10789.98292,40249.95609
2024-03-16T09:00+01:00,-2857.435,10740.76701,44158.2479
2024-03-16T10:00+01:00,-2520.09,10406.02489,48139.0423
2024-03-16T11:00+01:00,-4672.7775,10247.28843,52209.72934
2024-03-16T12:00+01:00,-7641.6,10181.03779,54947.01856
2024-03-16T13:00+01:00,-9598.6775,10191.40842,55158.17539
2024-03-16T14:00+01:00,-8743.835,10090.47911,52472.36089
2024-03-16T15:00+01:00,-6968.18,10885.64169,48595.69191
2024-03-16T16:00+01:00,-2014.3675,12266.93786,42023.79271
2024-03-16T17:00+01:00,592.085,14720.95752,33988.65504
2024-03-16T18:00+01:00,2309.21,15651.39749,29048.23361
2024-03-16T19:00+01:00,4613.0175,16070.6723,28057.74053
2024-03-16T20:00+01:00,3559.4625,15878.59377,27361.2241
2024-03-16T21:00+01:00,3911.215,15500.06842,25521.73617
2024-03-16T22:00+01:00,5495.1725,15659.69299,23297.80747
2024-03-16T23:00+01:00,6454.06,14523.63963,21299.1999
2024-03-17T00:00+01:00,6179.9575,13846.75676,19772.28552
2024-03-17T01:00+01:00,6798.9125,13708.9916,18090.52526
2024-03-17T02:00+01:00,7729.145,13529.73474,16598.66294
2024-03-17T03:00+01:00,8090.5325,13591.4656,15311.00651
2024-03-17T04:00+01:00,9153.0125,13842.11095,14353.56907
2024-03-17T05:00+01:00,9767.5575,14006.69757,13678.83823
2024-03-17T06:00+01:00,10093.92,14157.84972,13437.11181
2024-03-17T07:00+01:00,9503.8075,12997.59104,17466.18408
2024-03-17T08:00+01:00,7821.655,11436.43321,25497.80622
2024-03-17T09:00+01:00,5615.9075,10726.19515,33553.16402
2024-03-17T10:00+01:00,2232.2725,10472.39531,37870.54496
2024-03-17T11:00+01:00,-481.145,10454.96295,39748.73594
2024-03-17T12:00+01:00,-210.06,10380.69743,40236.50939
2024-03-17T13:00+01:00,533.12,10381.21247,37235.03355
2024-03-17T14:00+01:00,2169.5675,10454.84332,33514.99916
2024-03-17T15:00+01:00,4433.71,11567.0561,29045.73138
2024-03-17T16:00+01:00,5459.785,14874.34288,22939.45101
2024-03-17T17:00+01:00,9109.675,16395.92296,18488.9341
2024-03-17T18:00+01:00,7331.28,17747.46306,18836.83369
2024-03-17T19:00+01:00,8697.345,18511.96232,20965.54186
2024-03-17T20:00+01:00,6164.5125,19093.10424,22086.55419
2024-03-17T21:00+01:00,4885.29,19039.51752,23633.4696
2024-03-17T22:00+01:00,4200.0975,18956.44165,24397.99394
2024-03-17T23:00+01:00,2269.8725,18296.86093,24862.19403
2024-03-18T00:00+01:00,2461.895,17203.03605,25107.00474
2024-03-18T01:00+01:00,3148.6925,16978.96095,25097.66989
2024-03-18T02:00+01:00,3292.8475,16984.84626,24742.54725
2024-03-18T03:00+01:00,4333.2525,17492.96772,24328.10138
2024-03-18T04:00+01:00,4465.8075,18511.129,23608.41128
2024-03-18T05:00+01:00,3306.61,21338.04798,22454.17444
2024-03-18T06:00+01:00,4521.85,22441.51055,22238.57125
2024-03-18T07:00+01:00,4882.185,23013.51648,24402.91852
2024-03-18T08:00+01:00,6143.1375,23299.08476,27218.09258
2024-03-18T09:00+01:00,6283.1875,23005.48232,30357.80264
2024-03-18T10:00+01:00,5957.6075,22200.90577,33373.28347
2024-03-18T11:00+01:00,7443.1925,20315.51749,34624.69014
2024-03-18T12:00+01:00,8679.5775,20398.06333,34018.7719
2024-03-18T13:00+01:00,8510.2775,21006.7604,31668.53015
2024-03-18T14:00+01:00,7761.365,22722.09822,28762.9972
2024-03-18T15:00+01:00,8112.36,24356.64506,24632.77151
2024-03-18T16:00+01:00,9372.1925,26021.49951,19494.55772
2024-03-18T17:00+01:00,10036.5475,28225.19048,15481.7873
2024-03-18T18:00+01:00,11689.935,29088.37181,14251.3185
2024-03-18T19:00+01:00,8960.78,29609.92911,15182.24756
2024-03-18T20:00+01:00,7708.63,28939.87061,15509.01041
2024-03-18T21:00+01:00,8231.5525,27789.72103,15375.14283
2024-03-18T22:00+01:00,8226.12,26675.02597,15187.23049
2024-03-18T23:00+01:00,7110.65,25674.54726,14961.59479
2024-03-19T00:00+01:00,4996.295,24908.15791,14577.668
2024-03-19T01:00+01:00,5842.11,24370.01353,14627.12742
2024-03-19T02:00+01:00,6200.6125,23904.86506,14784.20065
2024-03-19T03:00+01:00,7109.3775,23811.60012,15337.57188
2024-03-19T04:00+01:00,7076.06,23760.843,16005.59019
2024-03-19T05:00+01:00,7319.4375,24425.2755,16559.22295
2024-03-19T06:00+01:00,9199.7,26168.22443,17342.51394
2024-03-19T07:00+01:00,7024.93,26795.66252,21524.14328
2024-03-19T08:00+01:00,5398.05,26240.57715,27163.80644
2024-03-19T09:00+01:00,3264.995,24148.04037,33990.76534
2024-03-19T10:00+01:00,3018.6625,20492.41906,40839.71192
2024-03-19T11:00+01:00,3290.9775,17885.54692,44610.57897
2024-03-19T12:00+01:00,2937.32,16548.29399,43953.80186
2024-03-19T13:00+01:00,1835.9125,16837.71194,41518.47426
2024-03-19T14:00+01:00,4534.095,18255.3509,36742.64451
2024-03-19T15:00+01:00,5561.8875,21784.7422,30277.84021
2024-03-19T16:00+01:00,7159.255,25078.17769,23217.45378
2024-03-19T17:00+01:00,9647.6925,27610.34836,17185.45867
2024-03-19T18:00+01:00,11338.23,28605.26582,14837.03209
2024-03-19T19:00+01:00,10033.1275,28794.88518,15284.19756
2024-03-19T20:00+01:00,6878.93,28973.31566,15498.33215
2024-03-19T21:00+01:00,7121.32,28457.73249,15016.05384
2024-03-19T22:00+01:00,6371.015,27604.72266,14172.38252
2024-03-19T23:00+01:00,5630.15,26152.79342,13227.14239
2024-03-20T00:00+01:00,4807.045,26052.73996,12344.51777
2024-03-20T01:00+01:00,5294.605,25695.09533,11597.82023
2024-03-20T02:00+01:00,4993.4225,25922.46352,10985.57871
2024-03-20T03:00+01:00,5782.7225,25514.51138,10371.16886
2024-03-20T04:00+01:00,6899.89,25931.47065,9961.343932
2024-03-20T05:00+01:00,9145.2475,26911.00674,9692.062926
2024-03-20T06:00+01:00,11901.2,28710.99088,10259.06557
2024-03-20T07:00+01:00,10351.7075,29328.53379,15128.42869
2024-03-20T08:00+01:00,5920.46,28243.72611,22642.97647
2024-03-20T09:00+01:00,3362.5175,25466.61363,29572.33937
2024-03-20T10:00+01:00,3232.135,22674.84616,34516.08832
2024-03-20T11:00+01:00,3062.98,21235.07117,36958.55076
2024-03-20T12:00+01:00,3444.015,20005.64172,37437.95067
2024-03-20T13:00+01:00,4052.2325,20416.01864,35732.54551
2024-03-20T14:00+01:00,6068.755,21626.33929,31331.68447
2024-03-20T15:00+01:00,3918.0825,25651.96141,25015.08045
2024-03-20T16:00+01:00,6373.9225,29104.22075,17771.07467
2024-03-20T17:00+01:00,9145.8475,32117.31399,11720.72554
2024-03-20T18:00+01:00,11536.64,33017.02411,9275.995039
2024-03-20T19:00+01:00,11331.145,32359.47574,9803.90669
2024-03-20T20:00+01:00,9985.4425,31141.74823,10592.74783
2024-03-20T21:00+01:00,7816.8775,29808.7961,11666.51746
2024-03-20T22:00+01:00,7505.98,27991.80079,12641.0066
2024-03-20T23:00+01:00,6221.09,25833.70334,13657.50498
2024-03-21T00:00+01:00,4550.41,23653.1075,14120.86562
2024-03-21T01:00+01:00,2984.9925,22743.11017,15543.05036
2024-03-21T02:00+01:00,3268.86,22205.31495,18149.34111
2024-03-21T03:00+01:00,3999.375,20681.28714,20856.22445
2024-03-21T04:00+01:00,2828.54,20522.25416,22382.54891
2024-03-21T05:00+01:00,2521.18,22105.24931,23078.88482
2024-03-21T06:00+01:00,5028.185,24281.17987,23383.23313
2024-03-21T07:00+01:00,3822.91,24734.13332,25792.93336
2024-03-21T08:00+01:00,2633.8275,24767.39388,28732.41948
2024-03-21T09:00+01:00,2856.3075,23875.97838,31842.21675
2024-03-21T10:00+01:00,2046.755,22544.95048,34740.71273
2024-03-21T11:00+01:00,2961.5275,21273.02576,36653.50623
2024-03-21T12:00+01:00,1953.8275,21434.6949,37966.13202
2024-03-21T13:00+01:00,1885.7325,20410.46949,38847.79974
2024-03-21T14:00+01:00,3747.32,18996.67045,37444.76131
2024-03-21T15:00+01:00,2191.575,20455.70095,33783.14511
2024-03-21T16:00+01:00,3856.8575,23435.69525,28110.03421
2024-03-21T17:00+01:00,5101.0875,26806.89136,23190.93476
2024-03-21T18:00+01:00,6619.085,27794.55207,20749.72436
2024-03-21T19:00+01:00,7489.175,27775.42435,20586.45029
2024-03-21T20:00+01:00,5537.5025,27200.81919,20998.74005
2024-03-21T21:00+01:00,6809.9675,24465.56855,21359.2376
2024-03-21T22:00+01:00,6228.385,21422.13821,22374.22424
2024-03-21T23:00+01:00,6617.225,17678.36194,23416.4412
2024-03-22T00:00+01:00,8536.0675,14867.42256,24365.74863
2024-03-22T01:00+01:00,8508.2275,13347.69204,25932.2799
2024-03-22T02:00+01:00,8641.7525,12809.46616,27429.54296
2024-03-22T03:00+01:00,8208.8525,12779.15478,28355.73639
2024-03-22T04:00+01:00,7891.1125,13204.77434,28792.10489
2024-03-22T05:00+01:00,6205.8225,15193.13444,29194.62261
2024-03-22T06:00+01:00,4697.7475,17380.38812,31071.98255
2024-03-22T07:00+01:00,5160.4175,17410.62523,34409.53314
2024-03-22T08:00+01:00,3512.6975,16717.49876,40114.02306
2024-03-22T09:00+01:00,1607.36,14384.71557,43933.01674
2024-03-22T10:00+01:00,1204.1175,12605.26924,49095.81881
2024-03-22T11:00+01:00,675.3625,12189.04201,51022.30668
2024-03-22T12:00+01:00,190.09,12423.61027,50729.83674
2024-03-22T13:00+01:00,1320.46,12519.59183,48275.47953
2024-03-22T14:00+01:00,1892.0925,13633.58494,44189.59468
2024-03-22T15:00+01:00,1755.655,15664.0145,38866.73091
2024-03-22T16:00+01:00,3931.3775,17831.36535,34135.16772
2024-03-22T17:00+01:00,5029.09,20569.74605,28776.86694
2024-03-22T18:00+01:00,6544.7975,21470.61357,24719.729
2024-03-22T19:00+01:00,7044.17,21673.95983,23291.09681
2024-03-22T20:00+01:00,8146.1575,20991.66616,21644.70871
2024-03-22T21:00+01:00,8457.285,20204.88946,19707.64411
2024-03-22T22:00+01:00,8523.7375,18382.48833,18804.41979
2024-03-22T23:00+01:00,9822.68,16288.6561,18090.0271
2024-03-23T00:00+01:00,7880.215,14824.16529,17833.59281
2024-03-23T01:00+01:00,7790.2075,13858.73598,18117.74568
2024-03-23T02:00+01:00,7356.4475,13702.16325,18902.61145
2024-03-23T03:00+01:00,6772.98,13089.27911,19648.38399
2024-03-23T04:00+01:00,7028.7775,13085.88586,21485.36441
2024-03-23T05:00+01:00,6985.7175,13290.37947,23340.74921
2024-03-23T06:00+01:00,6582.7225,12113.3922,25592.49621
2024-03-23T07:00+01:00,5217.8125,11249.64065,29542.95839
2024-03-23T08:00+01:00,4662.2625,10210.73442,34221.43302
2024-03-23T09:00+01:00,2921.765,9120.270903,40502.88267
2024-03-23T10:00+01:00,1012.375,8750.589128,47117.09618
2024-03-23T11:00+01:00,-3457.5075,8600.406019,51612.99573
2024-03-23T12:00+01:00,-7057.3925,8357.285681,55732.57367
2024-03-23T13:00+01:00,-8401.145,8320.725297,56384.49785
2024-03-23T14:00+01:00,-10514.455,8309.052075,56128.31375
2024-03-23T15:00+01:00,-7449.4175,8322.510388,53497.07835
2024-03-23T16:00+01:00,-3493.2675,8660.290926,47963.33011
2024-03-23T17:00+01:00,-783.6225,10039.44518,40290.27484
2024-03-23T18:00+01:00,416.855,11980.91124,35409.33108
2024-03-23T19:00+01:00,2257.06,12093.20835,35236.32589
2024-03-23T20:00+01:00,246.005,10866.26697,35982.66179
2024-03-23T21:00+01:00,-1837.545,10316.12908,37652.2975
2024-03-23T22:00+01:00,-3765.6125,9730.238818,39093.63515
2024-03-23T23:00+01:00,-6298.215,9000.581021,40122.94468
2024-03-24T00:00+01:00,-5827.9725,9015.113589,40394.01181
2024-03-24T01:00+01:00,-7087.8,8687.669066,39984.66723
2024-03-24T02:00+01:00,-5977.8375,8517.844721,39921.20576
2024-03-24T03:00+01:00,-5151.1375,8232.640142,39194.16644
2024-03-24T04:00+01:00,-6205.84,8208.607476,39186.4617
2024-03-24T05:00+01:00,-7022.4025,8277.761839,39500.29695
2024-03-24T06:00+01:00,-7639.49,8109.453313,40254.91087
2024-03-24T07:00+01:00,-7770.9275,8019.076199,43231.44356
2024-03-24T08:00+01:00,-7914.425,8093.42787,47046.70355
2024-03-24T09:00+01:00,-9018.84,8058.331896,51926.33886
2024-03-24T10:00+01:00,-8891.21,8052.814337,54511.82531
2024-03-24T11:00+01:00,-7673.8275,7900.566962,54817.65623
2024-03-24T12:00+01:00,-9493.93,7878.281934,55234.01912
2024-03-24T13:00+01:00,-7681.435,7840.119436,52763.68272
2024-03-24T14:00+01:00,-7513.2625,7889.962798,50903.3206
2024-03-24T15:00+01:00,-6530.94,7958.765728,49836.60466
2024-03-24T16:00+01:00,-6037.2275,8337.412771,47125.51635
2024-03-24T17:00+01:00,-4852.0975,10339.74638,43931.09235
2024-03-24T18:00+01:00,-5002.2325,12836.91291,42616.08968
2024-03-24T19:00+01:00,-6676.3425,13727.25384,42483.02186
2024-03-24T20:00+01:00,-6966.3875,13579.52373,43168.33277
2024-03-24T21:00+01:00,-6194.8225,12541.50592,41879.40104
2024-03-24T22:00+01:00,-6499.975,12996.14518,39103.42921
2024-03-24T23:00+01:00,-6197.115,13329.87415,37119.59529
2024-03-25T00:00+01:00,-5961.645,13376.1971,35040.70665
2024-03-25T01:00+01:00,-4985.8425,13378.9224,33085.63753
2024-03-25T02:00+01:00,-3390.205,13384.51309,31597.6956
2024-03-25T03:00+01:00,-3098.9825,14710.72648,29541.19576
2024-03-25T04:00+01:00,-1620.5425,16142.16527,27549.99683
2024-03-25T05:00+01:00,675.9925,18952.2209,25343.08944
2024-03-25T06:00+01:00,2300.7225,21500.61848,23507.56678
2024-03-25T07:00+01:00,2501.9975,22337.54652,24663.08602
2024-03-25T08:00+01:00,1819.3475,22667.75995,28667.11409
2024-03-25T09:00+01:00,1097.1625,21182.35333,34084.54076
2024-03-25T10:00+01:00,1935.1475,17724.27096,37265.06323
2024-03-25T11:00+01:00,1770.4125,17303.93555,39093.92996
2024-03-25T12:00+01:00,1321.7825,16857.3767,40349.01426
2024-03-25T13:00+01:00,585.17,16819.36968,40423.18229
2024-03-25T14:00+01:00,710.3525,16717.80498,38163.31313
2024-03-25T15:00+01:00,902.055,18802.05757,33008.48862
2024-03-25T16:00+01:00,4603.21,22539.0971,24742.40127
2024-03-25T17:00+01:00,8539.1725,26279.70519,15403.58413
2024-03-25T18:00+01:00,11252.8475,28133.60652,10964.71226
2024-03-25T19:00+01:00,11260.12,28275.87915,12453.2224
2024-03-25T20:00+01:00,8634.65,26641.19104,15366.55738
2024-03-25T21:00+01:00,4729.2725,25310.51427,17677.029
2024-03-25T22:00+01:00,3690.825,23891.62696,19161.94547
2024-03-25T23:00+01:00,2689.6925,21370.36014,20593.52225
2024-03-26T00:00+01:00,2290.8275,19245.42503,22114.17463
2024-03-26T01:00+01:00,2483.54,17154.83753,23225.0757
2024-03-26T02:00+01:00,1785.36,16613.8348,24440.82932
2024-03-26T03:00+01:00,1814.815,16512.62506,25721.31602
2024-03-26T04:00+01:00,1380,17046.01333,26958.22314
2024-03-26T05:00+01:00,1368.855,18351.85211,28085.52221
2024-03-26T06:00+01:00,2873.6075,19574.10507,30710.14686
2024-03-26T07:00+01:00,-282.25,19677.81226,35489.79669
2024-03-26T08:00+01:00,-3259.4575,19321.59595,39890.81684
2024-03-26T09:00+01:00,-2407.5225,17394.75367,43622.84279
2024-03-26T10:00+01:00,-2414.15,16034.84002,48459.61008
2024-03-26T11:00+01:00,-6073.195,16128.17827,52019.45315
2024-03-26T12:00+01:00,-5890.2075,15775.08876,51526.99652
2024-03-26T13:00+01:00,-5884.885,15899.28505,50732.62733
2024-03-26T14:00+01:00,-4194.1625,15579.54381,47125.40403
2024-03-26T15:00+01:00,-1420.95,16740.93759,41214.82396
2024-03-26T16:00+01:00,3861.13,17750.91512,34520.11186
2024-03-26T17:00+01:00,6513.7425,19635.13499,28315.56608
2024-03-26T18:00+01:00,4619.2075,20537.64143,26347.15732
2024-03-26T19:00+01:00,5102.5325,20606.77228,28837.4005
2024-03-26T20:00+01:00,4820.9725,19832.93335,30380.58739
2024-03-26T21:00+01:00,3572.54,19406.4903,29606.31921
2024-03-26T22:00+01:00,4126.8025,18440.24751,28341.92585
2024-03-26T23:00+01:00,3895.2475,17113.68017,27521.31679
2024-03-27T00:00+01:00,8172.54,14491.67743,26232.05529
2024-03-27T01:00+01:00,9386.8825,13315.78668,25169.45395
2024-03-27T02:00+01:00,9858.05,13267.94166,24051.44072
2024-03-27T03:00+01:00,9828.1275,13814.15238,23796.35712
2024-03-27T04:00+01:00,9326.1325,14412.98076,23315.5602
2024-03-27T05:00+01:00,8224.915,15783.78348,23170.75351
2024-03-27T06:00+01:00,8509.7525,16702.05376,23569.38659
2024-03-27T07:00+01:00,9623.765,16999.57809,27186.76124
2024-03-27T08:00+01:00,8870.4525,17100.41057,31207.54667
2024-03-27T09:00+01:00,9182.135,16397.74364,35413.72067
2024-03-27T10:00+01:00,8664.715,15388.79438,39293.64426
2024-03-27T11:00+01:00,8066.57,15305.35446,39987.26682
2024-03-27T12:00+01:00,9121.85,15289.19484,38783.43335
2024-03-27T13:00+01:00,11991.49,14748.99427,36906.7442
2024-03-27T14:00+01:00,11681.7925,14992.28974,32506.33471
2024-03-27T15:00+01:00,12422.135,16997.78172,26167.18011
2024-03-27T16:00+01:00,13318.69,19340.97216,20800.09104
2024-03-27T17:00+01:00,15745.97,20578.58063,17273.16663
2024-03-27T18:00+01:00,15441.2975,21450.68295,16599.06773
2024-03-27T19:00+01:00,14324.7025,21139.26456,17318.44357
2024-03-27T20:00+01:00,12359.4025,20670.90169,17746.81166
2024-03-27T21:00+01:00,12007.7075,20348.33932,17626.20737
2024-03-27T22:00+01:00,12153.01,18691.0482,17805.36754
2024-03-27T23:00+01:00,9747.585,17243.88287,18441.307
2024-03-28T00:00+01:00,9976.1975,14738.2303,19016.45742
2024-03-28T01:00+01:00,8933.815,13783.10025,19238.02052
2024-03-28T02:00+01:00,9234.7225,13418.80488,20123.21361
2024-03-28T03:00+01:00,9525.81,13641.33616,22515.8516
2024-03-28T04:00+01:00,9863.5375,13277.58525,24451.64278
2024-03-28T05:00+01:00,8162.3925,13913.33149,26043.08584
2024-03-28T06:00+01:00,9135.575,14859.05724,28289.00129
2024-03-28T07:00+01:00,7527.8375,14333.94917,32053.53476
2024-03-28T08:00+01:00,5751.5325,13882.91516,36055.50694
2024-03-28T09:00+01:00,4340.3175,13250.21274,40390.65523
2024-03-28T10:00+01:00,3018.69,11990.89324,43225.90982
2024-03-28T11:00+01:00,2224.515,11552.80329,47570.04085
2024-03-28T12:00+01:00,-521.07,10328.51791,52053.40178
2024-03-28T13:00+01:00,-2759.325,9630.980148,55350.98704
2024-03-28T14:00+01:00,-4909.5275,9545.555087,57450.76521
2024-03-28T15:00+01:00,-4914.5925,9574.867485,56134.71914
2024-03-28T16:00+01:00,-4044.8125,10041.18553,52048.5558
2024-03-28T17:00+01:00,-1282.1225,11107.54329,46659.56086
2024-03-28T18:00+01:00,449.4875,12349.29635,41557.47681
2024-03-28T19:00+01:00,2931.17,12650.54378,38986.72366
2024-03-28T20:00+01:00,2586.8625,11935.69841,39199.12242
2024-03-28T21:00+01:00,-19.7125,10956.10163,39479.25468
2024-03-28T22:00+01:00,-2691.4575,10335.60019,41024.21002
2024-03-28T23:00+01:00,-3545.63,9457.398312,41787.26012
2024-03-29T00:00+01:00,-7368.74,9104.124566,42839.73999
2024-03-29T01:00+01:00,-6523.43,8698.899166,42270.87906
2024-03-29T02:00+01:00,-6876.415,8658.25268,40949.29826
2024-03-29T03:00+01:00,-5343.2975,8664.254554,40667.90046
2024-03-29T04:00+01:00,-4348.0725,8751.578531,40930.59336
2024-03-29T05:00+01:00,-5712.2425,8815.509139,41362.95097
2024-03-29T06:00+01:00,-9147.8925,8830.735845,42726.05916
2024-03-29T07:00+01:00,-9972.25,8802.404695,44628.10089
2024-03-29T08:00+01:00,-7994.705,8835.357972,45820.66612
2024-03-29T09:00+01:00,-6529.945,8884.792463,46654.82829
2024-03-29T10:00+01:00,-4274.8375,8766.027967,46170.11403
2024-03-29T11:00+01:00,-3930.9275,8792.399766,46998.86886
2024-03-29T12:00+01:00,-4421.295,8756.861973,47783.2632
2024-03-29T13:00+01:00,-5354.8575,8746.890705,46853.19511
2024-03-29T14:00+01:00,-5599.7675,8743.524973,44044.21127
2024-03-29T15:00+01:00,-3341.785,8963.080769,39344.71133
2024-03-29T16:00+01:00,-201.7525,10247.49856,31119.15358
2024-03-29T17:00+01:00,3149.4575,12581.71372,23386.70809
2024-03-29T18:00+01:00,8356.31,13646.96552,19269.75763
2024-03-29T19:00+01:00,7887.355,13870.74805,18207.44793
2024-03-29T20:00+01:00,7236.705,13631.04705,18067.39463
2024-03-29T21:00+01:00,8735.4025,12300.84874,18210.6267
2024-03-29T22:00+01:00,7848.31,11651.59767,18909.836
2024-03-29T23:00+01:00,7092.3,11337.79302,18426.84757
2024-03-30T00:00+01:00,6306.59,11003.59442,17592.79955
2024-03-30T01:00+01:00,6959.42,10441.03911,16532.29005
2024-03-30T02:00+01:00,7757.9725,10542.81128,16100.57357
2024-03-30T03:00+01:00,8390.38,10365.83518,17281.18912
2024-03-30T04:00+01:00,7589.21,10311.38677,17718.95302
2024-03-30T05:00+01:00,6547.75,10798.21973,18342.73693
2024-03-30T06:00+01:00,5675.205,11001.5315,20815.9511
2024-03-30T07:00+01:00,4001.35,10590.10196,25822.77183
2024-03-30T08:00+01:00,767.005,11743.34484,30868.00556
2024-03-30T09:00+01:00,2040.985,11957.48273,34891.47068
2024-03-30T10:00+01:00,913.68,11442.15929,37843.00171
2024-03-30T11:00+01:00,-774.5275,11900.69798,40001.82564
2024-03-30T12:00+01:00,-774.8225,12284.95626,39398.95429
2024-03-30T13:00+01:00,382.4175,12538.83803,36670.52121
2024-03-30T14:00+01:00,3312.2525,12828.18481,33168.71188
2024-03-30T15:00+01:00,6976.715,12771.30887,29091.08726
2024-03-30T16:00+01:00,8559.8675,13426.80844,24114.78397
2024-03-30T17:00+01:00,10462.2675,13464.93081,22897.93525
2024-03-30T18:00+01:00,9701.0025,14031.92914,23118.94292
2024-03-30T19:00+01:00,8736.825,14936.17496,20613.63739
2024-03-30T20:00+01:00,8736.225,14651.06212,18485.10455
2024-03-30T21:00+01:00,9529.5825,14583.31563,16728.53663
2024-03-30T22:00+01:00,10620.5,14053.33691,15397.05973
2024-03-30T23:00+01:00,11176.19,12875.2048,14154.26299
2024-03-31T00:00+01:00,11733.2625,11195.4358,13340.99312
2024-03-31T01:00+01:00,12186.9525,10638.76055,13308.05563
2024-03-31T03:00+02:00,11748.16,9861.346446,14076.23291
2024-03-31T04:00+02:00,12602.68,9120.071076,13694.02691
2024-03-31T05:00+02:00,13828.8525,8650.414586,12879.53281
2024-03-31T06:00+02:00,13739.76,8805.256705,12811.65221
2024-03-31T07:00+02:00,13842.215,8844.567368,13491.64292
2024-03-31T08:00+02:00,12738.0075,8739.58863,17209.51683
2024-03-31T09:00+02:00,10145.2475,8568.5,21732.75313
2024-03-31T10:00+02:00,10120.365,8391.324153,27281.11226
2024-03-31T11:00+02:00,7234.42,8261.398936,32756.05024
2024-03-31T12:00+02:00,3320.315,8192.138603,35556.38614
2024-03-31T13:00+02:00,-375.035,8177.949681,36186.51487
2024-03-31T14:00+02:00,-317.225,7965.358745,35254.47208
2024-03-31T15:00+02:00,2708.395,7903.831628,31802.94498
2024-03-31T16:00+02:00,5443.2625,7989.595385,28753.48769
2024-03-31T17:00+02:00,8377.3375,8856.95161,23787.58267
2024-03-31T18:00+02:00,8561.1,10783.04746,18523.68489
2024-03-31T19:00+02:00,10786.0575,11151.76906,16179.48316
2024-03-31T20:00+02:00,11239.04,10698.84143,17189.67639
2024-03-31T21:00+02:00,10711.4575,10097.67405,17835.58447
2024-03-31T22:00+02:00,10264.8675,9618.258868,18245.11219
2024-03-31T23:00+02:00,9453.8475,8772.556898,18664.73534
2024-04-01T00:00+02:00,9905.315,8736.933446,17096.56196
2024-04-01T01:00+02:00,9273.0975,8703.157572,16598.58488
2024-04-01T02:00+02:00,9796.035,8629.45366,16714.93767
2024-04-01T03:00+02:00,10232.1225,8698.264557,15985.64858
2024-04-01T04:00+02:00,10270.99,9036.389401,15961.91253
2024-04-01T05:00+02:00,10923.89,9264.320207,15449.20597
2024-04-01T06:00+02:00,10036.96,9416.202281,15362.08071
2024-04-01T07:00+02:00,10330.075,9578.44483,15638.25395
2024-04-01T08:00+02:00,11934.7475,9233.320229,17509.95359
2024-04-01T09:00+02:00,11614.1525,9296.705439,19863.5202
2024-04-01T10:00+02:00,11524.9375,9068.163268,21481.3798
2024-04-01T11:00+02:00,10706.8425,9416.316264,23863.71385
2024-04-01T12:00+02:00,10392.19,9126.389123,26854.48367
2024-04-01T13:00+02:00,5876.6975,9085.621418,29603.75938
2024-04-01T14:00+02:00,5164.2875,8017.798481,33405.72359
2024-04-01T15:00+02:00,1982.1825,7889.30162,36654.14415
2024-04-01T16:00+02:00,205.03,8011.131763,38119.5391
2024-04-01T17:00+02:00,1677.6875,8054.626735,37342.94052
2024-04-01T18:00+02:00,-663.7625,8910.435952,34499.44024
2024-04-01T19:00+02:00,2070.17,9140.176027,32582.83681
2024-04-01T20:00+02:00,1683.67,9027.326449,33308.82649
2024-04-01T21:00+02:00,-42.12,8912.890382,35899.76943
2024-04-01T22:00+02:00,-1835.5,8564.950425,37416.39616
2024-04-01T23:00+02:00,-3330.5075,7743.745625,38173.39131
2024-04-02T00:00+02:00,-2755.205,7568.061559,38587.13031
2024-04-02T01:00+02:00,-3761.3325,7583.601073,39239.52403
2024-04-02T02:00+02:00,-5012.15,7700.119231,39922.51874
2024-04-02T03:00+02:00,-4895.305,7895.33268,40455.69879
2024-04-02T04:00+02:00,-4241.93,7947.070824,41202.3966
2024-04-02T05:00+02:00,-3295.3325,7886.407144,41726.07833
2024-04-02T06:00+02:00,-2781.8675,8533.625784,41970.0215
2024-04-02T07:00+02:00,-2623.0625,10206.75652,42781.74328
2024-04-02T08:00+02:00,-3192.55,10202.12049,47736.9123
2024-04-02T09:00+02:00,-5239.645,9088.43604,56140.48348
2024-04-02T10:00+02:00,-8377.51,8880.576899,63225.91908
2024-04-02T11:00+02:00,-9170.0975,8680.995057,67026.43951
2024-04-02T12:00+02:00,-9939.4025,8460.629605,67717.22819
2024-04-02T13:00+02:00,-12619.305,8419.921534,68223.77566
2024-04-02T14:00+02:00,-11752.6075,8338.907582,65946.3588
2024-04-02T15:00+02:00,-11848.49,8629.034671,62708.95661
2024-04-02T16:00+02:00,-8703.42,8717.184303,58756.28473
2024-04-02T17:00+02:00,-5205.495,9325.446909,51975.27222
2024-04-02T18:00+02:00,288.5225,11084.10154,41925.09421
2024-04-02T19:00+02:00,3370.41,12553.30142,33594.76652
2024-04-02T20:00+02:00,5987.275,12740.70486,31040.75309
2024-04-02T21:00+02:00,6210.485,12271.00112,30308.8645
2024-04-02T22:00+02:00,4888.995,12099.10539,29253.67688
2024-04-02T23:00+02:00,4210.6025,12350.92542,28534.43533
2024-04-03T00:00+02:00,4746.2325,12878.5398,27260.24521
2024-04-03T01:00+02:00,5493.925,13161.96878,26268.16382
2024-04-03T02:00+02:00,5491.3175,13515.70369,24779.59928
2024-04-03T03:00+02:00,7107.9675,13322.22102,23128.08471
2024-04-03T04:00+02:00,8409.8525,14546.02613,22228.30201
2024-04-03T05:00+02:00,8493.1825,16115.48105,21153.9567
2024-04-03T06:00+02:00,9486.6325,19044.62544,20460.39283
2024-04-03T07:00+02:00,8168.7225,20721.07603,21005.79375
2024-04-03T08:00+02:00,9228.955,20828.01224,23844.31616
2024-04-03T09:00+02:00,7492.8225,19792.47205,28377.87269
2024-04-03T10:00+02:00,7310.2925,20203.67134,31920.71009
2024-04-03T11:00+02:00,7290.0175,19291.83324,34652.35698
2024-04-03T12:00+02:00,6995.2775,18702.64665,35867.84564
2024-04-03T13:00+02:00,6797.8675,18376.27317,35834.60397
2024-04-03T14:00+02:00,6692.2175,18733.43058,35078.02548
2024-04-03T15:00+02:00,7802.9975,18766.27101,33159.72601
2024-04-03T16:00+02:00,6749.7325,19457.22495,30047.9714
2024-04-03T17:00+02:00,7529.6975,20081.5576,26909.99401
2024-04-03T18:00+02:00,7737.9175,20349.19155,24314.99459
2024-04-03T19:00+02:00,6360.8375,20748.89755,24291.40663
2024-04-03T20:00+02:00,5161.33,19470.91113,26655.81537
2024-04-03T21:00+02:00,4822.96,16681.23863,29816.75892
2024-04-03T22:00+02:00,3720.1375,14191.60307,31921.50324
2024-04-03T23:00+02:00,1726.2,12211.09597,33228.28816
2024-04-04T00:00+02:00,2226.3775,11010.44412,33655.11145
2024-04-04T01:00+02:00,1894.2825,11090.05697,34536.44253
2024-04-04T02:00+02:00,651.6875,10858.44913,34929.82967
2024-04-04T03:00+02:00,726.49,10795.74701,36166.73382
2024-04-04T04:00+02:00,1161.7875,10931.67636,34882.57763
2024-04-04T05:00+02:00,1829.775,12461.3549,34069.92131
2024-04-04T06:00+02:00,3504.535,15260.29124,34741.886
2024-04-04T07:00+02:00,2682.7325,15496.12844,36528.48134
2024-04-04T08:00+02:00,742.4175,15274.89764,39589.94347
2024-04-04T09:00+02:00,486.775,14362.15683,43445.95078
2024-04-04T10:00+02:00,304.925,13551.1794,45540.12688
2024-04-04T11:00+02:00,1126.305,12661.85236,46341.41334
2024-04-04T12:00+02:00,2113.5425,11848.58652,47740.33416
2024-04-04T13:00+02:00,2344.1975,10970.8428,49062.39268
2024-04-04T14:00+02:00,1743.16,10717.3569,50043.08699
2024-04-04T15:00+02:00,1453.51,10473.33214,50988.91713
2024-04-04T16:00+02:00,-748.1475,10394.09904,51625.57977
2024-04-04T17:00+02:00,-1963.32,11483.28146,49456.07792
2024-04-04T18:00+02:00,-308.36,12918.96545,44857.90249
2024-04-04T19:00+02:00,-383.6025,13916.47676,39631.7564
2024-04-04T20:00+02:00,-441.75,14259.26916,38625.36255
2024-04-04T21:00+02:00,1673.105,12653.06359,38570.51061
2024-04-04T22:00+02:00,2211.8975,11377.51517,38046.44818
2024-04-04T23:00+02:00,2284.8175,10156.55883,37133.65677
2024-04-05T00:00+02:00,1606.75,9245.60044,35767.38889
2024-04-05T01:00+02:00,1994.95,9408.839597,33176.51485
2024-04-05T02:00+02:00,3105.8625,10372.43009,31048.39417
2024-04-05T03:00+02:00,4255.14,10697.95663,29319.34565
2024-04-05T04:00+02:00,3807.5,11784.95499,28206.33473
2024-04-05T05:00+02:00,4080.5375,12913.75131,28307.96536
2024-04-05T06:00+02:00,4459.185,13648.69736,28876.3316
2024-04-05T07:00+02:00,5237.9925,13710.99366,29950.68452
2024-04-05T08:00+02:00,5413.125,13756.29153,33377.32469
2024-04-05T09:00+02:00,4213.3675,12508.51366,39323.99554
2024-04-05T10:00+02:00,-943.0975,11051.99173,47899.32638
2024-04-05T11:00+02:00,-5515.2075,9275.107738,55232.65025
2024-04-05T12:00+02:00,-8409.5875,8041.31127,60264.10549
2024-04-05T13:00+02:00,-9649.175,8158.933514,62480.16799
2024-04-05T14:00+02:00,-10158.2325,8322.221807,61853.79882
2024-04-05T15:00+02:00,-9795.855,8649.472792,59402.14678
2024-04-05T16:00+02:00,-5569.5925,9290.19866,54876.51902
2024-04-05T17:00+02:00,-4426.0725,10700.61878,51477.3619
2024-04-05T18:00+02:00,-3502.1325,11773.98317,47129.43785
2024-04-05T19:00+02:00,-2388.64,12798.46764,43120.03929
2024-04-05T20:00+02:00,-1961.8975,13011.55157,41386.82561
2024-04-05T21:00+02:00,-1319.8925,12793.09085,39962.41571
2024-04-05T22:00+02:00,-1855.17,12405.83494,36925.46884
2024-04-05T23:00+02:00,-848.075,12016.34111,34403.03322
2024-04-06T00:00+02:00,-1513.04,11129.06593,33359.96884
2024-04-06T01:00+02:00,-923.465,10922.13086,32724.08636
2024-04-06T02:00+02:00,50.355,10249.20596,31721.54667
2024-04-06T03:00+02:00,582.8825,9814.371337,29360.93759
2024-04-06T04:00+02:00,2054.57,9475.650992,27874.38963
2024-04-06T05:00+02:00,3381.93,9852.6719,25415.32449
2024-04-06T06:00+02:00,4318.1975,10244.46822,24807.95633
2024-04-06T07:00+02:00,5316.0625,9642.770564,26490.62238
2024-04-06T08:00+02:00,3867.3825,8670.214702,32133.06865
2024-04-06T09:00+02:00,1166.98,8024.346143,38367.30759
2024-04-06T10:00+02:00,-1668.695,7836.847132,45135.61266
2024-04-06T11:00+02:00,-4468.3975,7779.039468,49216.03493
2024-04-06T12:00+02:00,-7231.03,7684.745144,50313.0836
2024-04-06T13:00+02:00,-6943.5125,7370.485717,48326.2395
2024-04-06T14:00+02:00,-8866.715,7383.215659,49023.38148
2024-04-06T15:00+02:00,-9618.1025,7571.352654,48898.80228
2024-04-06T16:00+02:00,-7826.92,7663.403917,47707.58434
2024-04-06T17:00+02:00,-3894.765,7873.69026,42150.99072
2024-04-06T18:00+02:00,109.335,8699.134999,34944.4092
2024-04-06T19:00+02:00,-14.22,9921.033675,32589.44411
2024-04-06T20:00+02:00,-2045.2275,9776.358732,33447.69721
2024-04-06T21:00+02:00,-2668.38,8915.898896,35152.49542
2024-04-06T22:00+02:00,-2372.5525,8513.429839,35076.0729
2024-04-06T23:00+02:00,-3005.585,7824.248431,35951.34211
2024-04-07T00:00+02:00,-3481.41,7615.421052,36039.33547
2024-04-07T01:00+02:00,-5018.975,7666.907128,34985.30923
2024-04-07T02:00+02:00,-5948.495,7677.207457,35370.72267
2024-04-07T03:00+02:00,-5839.23,7706.068306,35941.33627
2024-04-07T04:00+02:00,-6976.94,7886.608433,37097.1343
2024-04-07T05:00+02:00,-6229.1375,8119.76272,38586.28427
2024-04-07T06:00+02:00,-6764.95,8224.850007,39040.86963
2024-04-07T07:00+02:00,-5966.7375,8083.482492,38938.35041
2024-04-07T08:00+02:00,-5163.915,7963.729989,40776.628
2024-04-07T09:00+02:00,-4763.965,7771.898605,41440.29466
2024-04-07T10:00+02:00,-3084.105,7767.047729,42484.24006
2024-04-07T11:00+02:00,-6170.9425,7511.668197,46405.86026
2024-04-07T12:00+02:00,-7350.8025,7492.181391,46486.90301
2024-04-07T13:00+02:00,-7385.845,7497.921235,44671.71908
2024-04-07T14:00+02:00,-7723.0675,7758.78792,42236.98969
2024-04-07T15:00+02:00,-6320.5825,8179.871387,40635.40649
2024-04-07T16:00+02:00,-2385.975,8478.632021,38440.02085
2024-04-07T17:00+02:00,4633.655,9048.936763,32220.23578
2024-04-07T18:00+02:00,10863.0275,11293.39839,22644.42015
2024-04-07T19:00+02:00,9318.4925,13937.29038,17348.66531
2024-04-07T20:00+02:00,10091.2625,14790.39673,16704.12033
2024-04-07T21:00+02:00,9048.8425,14867.92594,17821.50361
2024-04-07T22:00+02:00,8058.2225,14919.30144,19008.82155
2024-04-07T23:00+02:00,7421.5825,13880.77728,20695.85803
2024-04-08T00:00+02:00,7193.45,13169.00375,20836.529
2024-04-08T01:00+02:00,8137.365,12721.5393,19962.02725
2024-04-08T02:00+02:00,8658.58,13002.07772,18427.31085
2024-04-08T03:00+02:00,8643.515,13469.51172,16707.28846
2024-04-08T04:00+02:00,8909.5425,14535.37138,15227.43622
2024-04-08T05:00+02:00,9590.8075,16547.34657,14873.55446
2024-04-08T06:00+02:00,10808.01,18672.36908,15372.52786
2024-04-08T07:00+02:00,10877.425,19346.27975,16890.62758
2024-04-08T08:00+02:00,11411.3125,19404.02209,21418.73205
2024-04-08T09:00+02:00,8725.485,18087.71276,27861.65971
2024-04-08T10:00+02:00,7434.2925,16267.50407,34423.93046
2024-04-08T11:00+02:00,6177.15,13807.61914,39514.53335
2024-04-08T12:00+02:00,5275.595,12699.21983,41066.70314
2024-04-08T13:00+02:00,5615.4525,12873.76947,40264.67143
2024-04-08T14:00+02:00,6187.435,12675.33848,39353.49297
2024-04-08T15:00+02:00,6972.4625,13704.54161,35548.75491
2024-04-08T16:00+02:00,7603.8275,15826.12876,29083.13221
2024-04-08T17:00+02:00,9602.2975,18919.01675,22026.63264
2024-04-08T18:00+02:00,12044.405,21266.48134,16515.95571
2024-04-08T19:00+02:00,11544.4125,22476.38644,13501.62388
2024-04-08T20:00+02:00,9698.8925,22698.09912,15246.11457
2024-04-08T21:00+02:00,8003.8725,21016.21227,18431.9146
2024-04-08T22:00+02:00,6877.655,18655.67222,20467.81322
2024-04-08T23:00+02:00,6954.11,15680.1877,21451.41863
2024-04-09T00:00+02:00,7583.235,13483.45448,22175.52973
2024-04-09T01:00+02:00,6787.7025,11738.23559,22817.9934
2024-04-09T02:00+02:00,7902.4675,10142.58919,23869.14486
2024-04-09T03:00+02:00,8346.685,9615.5621,23638.78101
2024-04-09T04:00+02:00,8646.445,9743.086844,23358.88253
2024-04-09T05:00+02:00,8707.655,11057.20142,24229.59534
2024-04-09T06:00+02:00,9679.1125,12841.72706,26602.33207
2024-04-09T07:00+02:00,9362.0975,13099.34866,29688.95255
2024-04-09T08:00+02:00,7798.05,13217.57148,34877.7064
2024-04-09T09:00+02:00,6842.6575,12779.79704,39324.0103
2024-04-09T10:00+02:00,5888.53,11638.65013,42961.21021
2024-04-09T11:00+02:00,3812.615,11097.76684,45928.39954
2024-04-09T12:00+02:00,4203.88,10394.11039,48903.51254
2024-04-09T13:00+02:00,2210.5125,10412.75214,50608.64206
2024-04-09T14:00+02:00,923.655,10311.11048,51401.55522
2024-04-09T15:00+02:00,1593.915,10189.61375,49797.12757
2024-04-09T16:00+02:00,2385.11,9950.886973,47863.97241
2024-04-09T17:00+02:00,3303.5375,11315.36559,45180.58972
2024-04-09T18:00+02:00,2150.3025,12620.5947,42575.75295
2024-04-09T19:00+02:00,2236.785,13161.51233,39628.94199
2024-04-09T20:00+02:00,1844.58,13535.63984,39120.83539
2024-04-09T21:00+02:00,961.95,13395.95218,38911.36541
2024-04-09T22:00+02:00,1708.025,12956.16821,37004.99115
2024-04-09T23:00+02:00,710.5325,12321.26993,36426.97464
2024-04-10T00:00+02:00,1867.43,12071.34006,35725.72117
2024-04-10T01:00+02:00,1791.3175,11919.19172,34979.80333
2024-04-10T02:00+02:00,1953.1575,12150.41314,33375.49463
2024-04-10T03:00+02:00,3083.465,12227.00409,32105.17706
2024-04-10T04:00+02:00,3837.195,12943.61514,30587.98315
2024-04-10T05:00+02:00,4120.3925,14087.27043,29700.07488
2024-04-10T06:00+02:00,5339.8975,15796.22707,30044.95794
2024-04-10T07:00+02:00,5771.91,16838.61242,29494.32262
2024-04-10T08:00+02:00,6654.7675,17533.37479,30842.02372
2024-04-10T09:00+02:00,6054.3225,16781.33588,35662.71882
2024-04-10T10:00+02:00,6807.0075,14524.71586,40666.73166
2024-04-10T11:00+02:00,8044.8,12016.72665,44686.04491
2024-04-10T12:00+02:00,7434.48,10819.998,46688.92496
2024-04-10T13:00+02:00,7516.3725,10457.50734,46103.07636
2024-04-10T14:00+02:00,7116.4525,10351.2639,44868.96682
2024-04-10T15:00+02:00,7675.585,10376.98295,42356.08332
2024-04-10T16:00+02:00,8696.34,11035.19676,37681.38074
2024-04-10T17:00+02:00,9319.0425,13953.13427,31201.66583
2024-04-10T18:00+02:00,12564.3,18061.08406,22556.44036
2024-04-10T19:00+02:00,16233.48,18897.73977,17004.73492
2024-04-10T20:00+02:00,14706.5725,19293.24365,15405.41909
2024-04-10T21:00+02:00,13109.7925,18372.59073,16378.50251
2024-04-10T22:00+02:00,10425.905,16949.54889,18566.68852
2024-04-10T23:00+02:00,9362.3075,14630.85198,21150.67456
2024-04-11T00:00+02:00,8255.47,13016.063,24536.69929
2024-04-11T01:00+02:00,7565.5525,10863.22688,27087.31469
2024-04-11T02:00+02:00,7051.5825,10776.92886,28208.31196
2024-04-11T03:00+02:00,6656.67,11377.66318,28865.10579
2024-04-11T04:00+02:00,6230.6175,12038.32703,28851.23892
2024-04-11T05:00+02:00,5331.595,13458.93168,29650.80605
2024-04-11T06:00+02:00,5097.2725,15246.95324,31293.45793
2024-04-11T07:00+02:00,4026.9825,15596.00215,34613.43115
2024-04-11T08:00+02:00,2572.105,14705.02238,40174.75698
2024-04-11T09:00+02:00,-355.0675,13131.68759,45933.83025
2024-04-11T10:00+02:00,-1835.095,11415.01422,52440.37154
2024-04-11T11:00+02:00,-3187.705,11005.23876,55352.1481
2024-04-11T12:00+02:00,-4465.61,10591.92021,55018.81607
2024-04-11T13:00+02:00,-3599.275,10790.64923,53377.93038
2024-04-11T14:00+02:00,-1111.0675,10154.69345,51393.45372
2024-04-11T15:00+02:00,3080.8375,10389.86873,46130.12149
2024-04-11T16:00+02:00,4718.7475,10797.0299,40230.34876
2024-04-11T17:00+02:00,6697.8975,14230.98445,32895.50266
2024-04-11T18:00+02:00,11043.8575,17297.29711,24678.31392
2024-04-11T19:00+02:00,14000.5225,18227.61844,18513.52949
2024-04-11T20:00+02:00,14296.7525,18234.90376,16336.75141
2024-04-11T21:00+02:00,12934.7625,17807.60656,16481.52023
2024-04-11T22:00+02:00,12595.99,16410.76261,16550.99846
2024-04-11T23:00+02:00,10126.76,15507.23589,16945.95106
2024-04-12T00:00+02:00,12715.63,12937.59266,17462.69568
2024-04-12T01:00+02:00,12644.805,12194.72434,17885.33508
2024-04-12T02:00+02:00,13454.1075,11477.8682,18140.04251
2024-04-12T03:00+02:00,13889.535,11556.78259,18338.35949
2024-04-12T04:00+02:00,12561.14,11862.81248,18456.14853
2024-04-12T05:00+02:00,12114.94,13549.83741,19611.06991
2024-04-12T06:00+02:00,13610.5825,14792.48796,21364.00447
2024-04-12T07:00+02:00,11981.39,15054.47679,25072.91361
2024-04-12T08:00+02:00,11685.7725,14331.93629,32051.00643
2024-04-12T09:00+02:00,8061.4125,11436.72856,40788.01462
2024-04-12T10:00+02:00,3420.0025,8995.247997,49167.00718
2024-04-12T11:00+02:00,-1508.275,8466.511386,55657.1819
2024-04-12T12:00+02:00,-4145.85,8762.685375,57740.05861
2024-04-12T13:00+02:00,-6290.2975,8617.289279,59162.19712
2024-04-12T14:00+02:00,-6970.635,8270.564621,58941.8451
2024-04-12T15:00+02:00,-4835.7275,7982.034187,55361.11668
2024-04-12T16:00+02:00,-908.185,8154.171385,49523.79714
2024-04-12T17:00+02:00,5672.9375,9583.181807,40174.82798
2024-04-12T18:00+02:00,10904.68,11784.25832,29418.07487
2024-04-12T19:00+02:00,12509.155,13733.89545,22929.72391
2024-04-12T20:00+02:00,12311.6075,13562.06141,21986.83724
2024-04-12T21:00+02:00,10373.6175,12420.19437,22652.0225
2024-04-12T22:00+02:00,8957.375,12141.99752,23110.1288
2024-04-12T23:00+02:00,9022.0275,10696.25604,23903.07774
2024-04-13T00:00+02:00,7884.32,8580.103578,25191.59064
2024-04-13T01:00+02:00,7522.0075,8024.115344,26322.30002
2024-04-13T02:00+02:00,6611.3125,8239.599649,26281.64149
2024-04-13T03:00+02:00,6396.0175,8344.414676,26654.37627
2024-04-13T04:00+02:00,6570.76,8320.351803,27197.64442
2024-04-13T05:00+02:00,5710.185,8304.270319,27607.54445
2024-04-13T06:00+02:00,4393.8275,8132.508654,28364.04292
2024-04-13T07:00+02:00,4121.2925,7654.240843,30503.77762
2024-04-13T08:00+02:00,4048.79,7208.138737,35325.49085
2024-04-13T09:00+02:00,-15.4025,6811.23436,42775.65566
2024-04-13T10:00+02:00,-7183.25,6792.034217,49567.12683
2024-04-13T11:00+02:00,-8479.4175,6701.992738,52617.10274
2024-04-13T12:00+02:00,-9773.555,6668.978382,53149.6745
2024-04-13T13:00+02:00,-9923.99,6740.570466,51161.29835
2024-04-13T14:00+02:00,-9198.6425,6970.170674,48161.76903
2024-04-13T15:00+02:00,-6508.9725,7009.489861,46146.83463
2024-04-13T16:00+02:00,-4357.57,6614.503624,44471.21278
2024-04-13T17:00+02:00,980.1175,7044.560829,38423.36671
2024-04-13T18:00+02:00,5183.8075,7784.042909,31278.85991
2024-04-13T19:00+02:00,7060.11,8498.189769,25460.77437
2024-04-13T20:00+02:00,4487.9225,9853.227493,26822.91469
2024-04-13T21:00+02:00,3189.935,8340.651659,32589.84353
2024-04-13T22:00+02:00,-1851.795,8153.032002,35231.36835
2024-04-13T23:00+02:00,-4670.91,8093.221638,37849.60654
2024-04-14T00:00+02:00,-8340.1875,8085.651329,39249.46497
2024-04-14T01:00+02:00,-9414.8725,8293.953702,39394.49564
2024-04-14T02:00+02:00,-7524.85,8259.449659,37976.77457
2024-04-14T03:00+02:00,-6647.75,8202.876155,36327.22403
2024-04-14T04:00+02:00,-4716.6675,8208.452175,35212.63417
2024-04-14T05:00+02:00,-4254.9675,8114.015842,34133.02615
2024-04-14T06:00+02:00,-3801.7775,7919.052464,33398.06714
2024-04-14T07:00+02:00,-3111.37,7533.587382,35053.06416
2024-04-14T08:00+02:00,-5014.335,7104.696443,41099.24629
2024-04-14T09:00+02:00,-8640.9725,6690.064381,48978.04449
2024-04-14T10:00+02:00,-9816.02,6531.466479,51905.49109
2024-04-14T11:00+02:00,-10566.83,6449.783455,54025.39998
2024-04-14T12:00+02:00,-10926.555,6387.599826,52980.00738
2024-04-14T13:00+02:00,-10341.8925,6251.653565,50042.7589
2024-04-14T14:00+02:00,-9951.53,6207.780636,47839.27662
2024-04-14T15:00+02:00,-9721.545,6215.911818,46721.09752
2024-04-14T16:00+02:00,-10180.285,6447.85114,47154.99547
2024-04-14T17:00+02:00,-3524.04,7270.523319,42109.63586
2024-04-14T18:00+02:00,3557.3375,9011.66368,33095.02714
2024-04-14T19:00+02:00,7248.025,11850.1445,24701.7852
2024-04-14T20:00+02:00,8166.9425,13477.6564,19520.70159
2024-04-14T21:00+02:00,9572.9175,13803.94589,16456.98287
2024-04-14T22:00+02:00,11337.7675,13621.7767,14215.09602
2024-04-14T23:00+02:00,11562.1775,12757.14602,12826.03783
2024-04-15T00:00+02:00,11601.35,13188.71751,12201.87058
2024-04-15T01:00+02:00,12724.805,12623.85148,11696.61831
2024-04-15T02:00+02:00,13036.6225,12334.98797,11986.49037
2024-04-15T03:00+02:00,13105.1425,12110.27045,13124.19757
2024-04-15T04:00+02:00,12699.455,11829.56207,14520.7463
2024-04-15T05:00+02:00,11707.31,13808.79313,15460.80725
2024-04-15T06:00+02:00,11654.9075,16091.16857,17027.60055
2024-04-15T07:00+02:00,12382.1275,16510.83748,19031.23573
2024-04-15T08:00+02:00,12304.92,16257.32595,22558.97855
2024-04-15T09:00+02:00,11379.3425,14869.15237,28488.14985
2024-04-15T10:00+02:00,10372.46,12042.29558,35709.52055
2024-04-15T11:00+02:00,8405.54,9166.068369,42911.78001
2024-04-15T12:00+02:00,5718.55,8056.586611,48385.75918
2024-04-15T13:00+02:00,498.3625,7964.079408,51655.0102
2024-04-15T14:00+02:00,-3065.3725,8030.631678,54187.30481
2024-04-15T15:00+02:00,-3326.71,8264.261786,52372.69059
2024-04-15T16:00+02:00,-1065.94,8717.002328,48428.01725
2024-04-15T17:00+02:00,2173.66,10362.2448,43945.28629
2024-04-15T18:00+02:00,4185.525,11949.66799,38687.58121
2024-04-15T19:00+02:00,4027.31,12610.25509,37244.98519
2024-04-15T20:00+02:00,3265.1,12457.91373,38105.78254
2024-04-15T21:00+02:00,1253.3925,11065.94518,39470.9695
2024-04-15T22:00+02:00,-150.19,10324.29003,40652.2919
2024-04-15T23:00+02:00,-2648.6125,9844.643297,42522.04523
2024-04-16T00:00+02:00,-3362.1375,8936.938633,43182.40672
2024-04-16T01:00+02:00,-3904.9275,8235.247936,43283.60361
2024-04-16T02:00+02:00,-4160.0475,7936.536784,41625.35846
2024-04-16T03:00+02:00,-1536.5725,7967.599728,39460.14643
2024-04-16T04:00+02:00,466.7175,8285.113582,37599.2469
2024-04-16T05:00+02:00,1900.4575,10286.01819,36012.18996
2024-04-16T06:00+02:00,3879.2275,11946.76452,35974.10806
2024-04-16T07:00+02:00,4740.315,12322.03581,37919.37415
2024-04-16T08:00+02:00,3000.2425,12016.95016,42923.89996
2024-04-16T09:00+02:00,-1311.335,11604.22972,46588.24722
2024-04-16T10:00+02:00,66.025,11295.88799,48901.90452
2024-04-16T11:00+02:00,376.9575,10971.15159,49706.16786
2024-04-16T12:00+02:00,789.775,10930.47042,49487.45754
2024-04-16T13:00+02:00,2006.8325,11029.05976,49348.36174
2024-04-16T14:00+02:00,3118,10205.71787,48805.03817
2024-04-16T15:00+02:00,3063.22,9842.514428,45563.18991
2024-04-16T16:00+02:00,2622.3075,12545.73336,40978.26598
2024-04-16T17:00+02:00,4674.465,14935.65083,36363.44953
2024-04-16T18:00+02:00,5153.23,18924.69032,29844.59652
2024-04-16T19:00+02:00,7246.575,20252.1719,25139.55152
2024-04-16T20:00+02:00,7804.89,20591.98361,23264.75587
2024-04-16T21:00+02:00,6308.78,20768.97533,21403.5448
2024-04-16T22:00+02:00,6029.925,20478.74514,19964.20427
2024-04-16T23:00+02:00,7001.86,19543.55367,18587.59849
2024-04-17T00:00+02:00,6546.935,18801.26108,18108.44255
2024-04-17T01:00+02:00,7614.7325,18232.61755,17411.77403
2024-04-17T02:00+02:00,8185.9525,17808.01251,16884.6593
2024-04-17T03:00+02:00,9359.28,17822.5044,16446.57539
2024-04-17T04:00+02:00,10201.4475,17961.25427,15642.55107
2024-04-17T05:00+02:00,9987.545,20425.88238,15030.12222
2024-04-17T06:00+02:00,8010.435,24265.10059,15122.02083
2024-04-17T07:00+02:00,9355.3475,25390.12417,16274.48848
2024-04-17T08:00+02:00,9374.635,25602.19003,19327.13103
2024-04-17T09:00+02:00,8463.265,24349.48756,23705.98053
2024-04-17T10:00+02:00,8515.765,21678.84177,27769.29658
2024-04-17T11:00+02:00,9454.055,19229.08446,31814.96967
2024-04-17T12:00+02:00,10590.6375,17499.64717,34386.29554
2024-04-17T13:00+02:00,8731.75,16055.62547,35467.81933
2024-04-17T14:00+02:00,8831.1225,14996.59427,34533.50766
2024-04-17T15:00+02:00,8307.4875,15904.14121,32005.12731
2024-04-17T16:00+02:00,7778.96,17875.33471,28747.56175
2024-04-17T17:00+02:00,8388.7125,22585.5657,23621.26585
2024-04-17T18:00+02:00,8598.95,26210.7741,17761.28037
2024-04-17T19:00+02:00,10854.0625,26673.00931,13523.59621
2024-04-17T20:00+02:00,9645.595,26616.30575,12134.67868
2024-04-17T21:00+02:00,8718.5475,26464.29748,11985.10269
2024-04-17T22:00+02:00,8238.7025,25840.87866,11843.34065
2024-04-17T23:00+02:00,8511.5025,24621.11605,11401.49746
2024-04-18T00:00+02:00,7771.61,23481.9707,11233.85678
2024-04-18T01:00+02:00,7455.5025,23185.98244,11032.79171
2024-04-18T02:00+02:00,9038.035,22602.93891,10891.32305
2024-04-18T03:00+02:00,9183.445,22583.2443,11052.02491
2024-04-18T04:00+02:00,9162.08,23360.42209,10936.78759
2024-04-18T05:00+02:00,8017.375,24772.30411,11424.30807
2024-04-18T06:00+02:00,8256.4625,26287.55297,12308.55872
2024-04-18T07:00+02:00,8127.7375,26628.52852,15140.44429
2024-04-18T08:00+02:00,7145.045,26432.40085,19568.09565
2024-04-18T09:00+02:00,4799.225,25458.74043,24954.75703
2024-04-18T10:00+02:00,5032.235,21616.97798,31304.12279
2024-04-18T11:00+02:00,4749.6025,18788.4966,35692.90933
2024-04-18T12:00+02:00,4039.0875,17854.36308,38737.65972
2024-04-18T13:00+02:00,4533.9625,15841.173,41049.74328
2024-04-18T14:00+02:00,2634.8675,15948.52169,42886.11813
2024-04-18T15:00+02:00,1933.76,15047.2969,43635.54595
2024-04-18T16:00+02:00,2034.2275,14549.36166,41975.51989
2024-04-18T17:00+02:00,1602.5925,16279.53193,38008.80077
2024-04-18T18:00+02:00,2708.0425,20664.22354,30689.11385
2024-04-18T19:00+02:00,3858.7725,22513.76861,23855.1157
2024-04-18T20:00+02:00,5344.095,22103.44383,21220.02897
2024-04-18T21:00+02:00,5591.4325,21185.14012,21381.53663
2024-04-18T22:00+02:00,5450.35,19486.20221,21800.1699
2024-04-18T23:00+02:00,6435.17,16174.69504,23496.00295
2024-04-19T00:00+02:00,5558.1975,13972.60334,25252.30727
2024-04-19T01:00+02:00,5413.01,11640.62611,27974.92761
2024-04-19T02:00+02:00,3492.6275,11188.9588,30770.86399
2024-04-19T03:00+02:00,3299.985,11323.01485,33800.99285
2024-04-19T04:00+02:00,1785.37,11551.82574,35942.51809
2024-04-19T05:00+02:00,1198.0425,12187.58487,37896.61952
2024-04-19T06:00+02:00,1435.8925,12983.251,40675.65452
2024-04-19T07:00+02:00,-725.85,13648.30157,42523.57571
2024-04-19T08:00+02:00,-2508.23,13616.24449,46076.93425
2024-04-19T09:00+02:00,-2990.285,13195.92371,49946.22572
2024-04-19T10:00+02:00,-1341.5975,12423.15007,52803.84635
2024-04-19T11:00+02:00,-1405.8425,11682.34272,54336.22905
2024-04-19T12:00+02:00,-654.5625,11295.52763,54018.51709
2024-04-19T13:00+02:00,230.275,11146.93028,52911.88006
2024-04-19T14:00+02:00,771.92,10854.84702,51499.01615
2024-04-19T15:00+02:00,2078.0225,10877.12389,49895.66097
2024-04-19T16:00+02:00,2985.3125,11199.16461,48441.66743
2024-04-19T17:00+02:00,2701.1775,11850.43521,45922.03314
2024-04-19T18:00+02:00,1573.255,12165.64468,43957.61245
2024-04-19T19:00+02:00,546.975,11861.91876,41187.44977
2024-04-19T20:00+02:00,-725.3375,12003.45176,40423.74812
2024-04-19T21:00+02:00,-1147.975,11579.04752,39696.58752
2024-04-19T22:00+02:00,-332.34,11207.09013,38472.50824
2024-04-19T23:00+02:00,-686.145,10449.37779,37046.0838
2024-04-20T00:00+02:00,-1289.71,9672.377446,35653.57015
2024-04-20T01:00+02:00,-1467.255,9482.933481,34870.4644
2024-04-20T02:00+02:00,-1336.3825,9220.57042,34279.62524
2024-04-20T03:00+02:00,-735.91,9265.683743,33562.25096
2024-04-20T04:00+02:00,270.22,9424.655825,31773.22839
2024-04-20T05:00+02:00,1557.6325,9546.162331,30326.40226
2024-04-20T06:00+02:00,2183.8625,9644.909191,28620.14872
2024-04-20T07:00+02:00,4729.34,9769.882933,27633.33641
2024-04-20T08:00+02:00,5688.1875,10134.82769,29139.70439
2024-04-20T09:00+02:00,7712.0225,9795.906533,31987.0069
2024-04-20T10:00+02:00,7299.3425,9722.943379,35337.15925
2024-04-20T11:00+02:00,6928.7175,9489.132045,37712.85812
2024-04-20T12:00+02:00,5057.8925,9342.72574,39216.80804
2024-04-20T13:00+02:00,4937.1375,9242.860547,39903.70798
2024-04-20T14:00+02:00,4369.7925,9086.318877,39744.17102
2024-04-20T15:00+02:00,4008.6475,8736.780718,37702.78037
2024-04-20T16:00+02:00,5130.875,8963.501766,35744.1333
2024-04-20T17:00+02:00,7087.495,9634.543192,31567.37528
2024-04-20T18:00+02:00,7121.415,11601.05742,25848.9066
2024-04-20T19:00+02:00,7609.11,14791.7111,22057.14068
2024-04-20T20:00+02:00,7713.645,15205.19072,19392.29967
2024-04-20T21:00+02:00,6883.685,14714.83923,18623.39579
2024-04-20T22:00+02:00,6945.225,14383.26789,17164.9519
2024-04-20T23:00+02:00,7177.12,14069.1986,16992.57495
2024-04-21T00:00+02:00,8430.8825,13336.93082,15770.30444
2024-04-21T01:00+02:00,8030.56,12674.15654,16377.43982
2024-04-21T02:00+02:00,9037.7775,11595.38299,17719.58671
2024-04-21T03:00+02:00,7747.8725,11434.76249,18404.5956
2024-04-21T04:00+02:00,7194.5575,11216.87544,18526.42667
2024-04-21T05:00+02:00,7152.79,10817.52344,18718.7702
2024-04-21T06:00+02:00,6130.61,10941.47145,19366.38912
2024-04-21T07:00+02:00,5866.6725,10499.19667,20946.56067
2024-04-21T08:00+02:00,5801.285,10224.04363,24803.91971
2024-04-21T09:00+02:00,5367.5275,9833.647192,31513.00162
2024-04-21T10:00+02:00,3452.985,9100.229952,37646.97217
2024-04-21T11:00+02:00,-760.5475,8885.723692,42582.93947
2024-04-21T12:00+02:00,-2181.2175,8793.607311,44932.31051
2024-04-21T13:00+02:00,-4683.34,9074.491732,44784.17926
2024-04-21T14:00+02:00,-3353.54,9235.702736,43404.17217
2024-04-21T15:00+02:00,-2651.7675,9365.902672,41360.77314
2024-04-21T16:00+02:00,51.9,9315.115301,38604.85481
2024-04-21T17:00+02:00,3544.6625,10197.1048,33801.05908
2024-04-21T18:00+02:00,4965.9025,12964.20005,27729.61686
2024-04-21T19:00+02:00,7867.4925,15376.51247,22583.04315
2024-04-21T20:00+02:00,7708.785,15753.18809,20183.93997
2024-04-21T21:00+02:00,7215.4875,16378.84549,19755.61372
2024-04-21T22:00+02:00,7592.1325,16314.26018,18765.81152
2024-04-21T23:00+02:00,7231.6225,16136.60772,18375.15147
2024-04-22T00:00+02:00,7127.835,15999.24428,17956.76205
2024-04-22T01:00+02:00,6944.185,15961.77537,17182.30095
2024-04-22T02:00+02:00,7263.5825,16022.19861,15951.81246
2024-04-22T03:00+02:00,8255.3625,16634.10843,14848.41795
2024-04-22T04:00+02:00,8933.4,18023.14659,14267.72125
2024-04-22T05:00+02:00,10045.2075,20259.65789,14040.95141
2024-04-22T06:00+02:00,9655.2625,22815.31007,15008.81004
2024-04-22T07:00+02:00,9268.2925,23295.66985,18333.29331
2024-04-22T08:00+02:00,6919.6125,23433.5453,24056.48593
2024-04-22T09:00+02:00,3363.92,22185.6607,31689.5399
2024-04-22T10:00+02:00,2745.295,19007.59173,37747.07859
2024-04-22T11:00+02:00,3756.03,17333.42668,39543.2661
2024-04-22T12:00+02:00,3037.22,17712.29687,39376.88315
2024-04-22T13:00+02:00,4584.675,17478.21148,38350.3622
2024-04-22T14:00+02:00,3409.935,17510.02877,37538.11979
2024-04-22T15:00+02:00,3850.165,18192.45335,34305.30495
2024-04-22T16:00+02:00,2996.9125,20388.95905,30224.69165
2024-04-22T17:00+02:00,4765.9425,22937.25529,24684.78038
2024-04-22T18:00+02:00,7394.29,24658.21757,18766.74018
2024-04-22T19:00+02:00,9996.5,25753.31837,13765.24519
2024-04-22T20:00+02:00,9794.105,26461.41807,11570.65767
2024-04-22T21:00+02:00,7796.7475,26363.57412,11540.36254
2024-04-22T22:00+02:00,6907.63,25421.14737,11357.36882
2024-04-22T23:00+02:00,6835.3925,24870.80365,11224.92495
2024-04-23T00:00+02:00,6339.63,24362.0547,10907.10379
2024-04-23T01:00+02:00,6747.2775,23892.64213,10754.41028
2024-04-23T02:00+02:00,7181.95,23237.63167,10750.27532
2024-04-23T03:00+02:00,8346.905,23344.03473,10743.33586
2024-04-23T04:00+02:00,8930.4725,23582.91256,10800.25333
2024-04-23T05:00+02:00,9191.3825,24462.42712,11176.22434
2024-04-23T06:00+02:00,8902.6025,25310.97671,12459.125
2024-04-23T07:00+02:00,8579.46,25592.34919,16913.9887
2024-04-23T08:00+02:00,5764.6875,25353.58762,24181.19657
2024-04-23T09:00+02:00,969.7625,23906.87371,32583.89463
2024-04-23T10:00+02:00,88.64,19473.65942,40286.0591
2024-04-23T11:00+02:00,1407.1375,16486.71566,42924.08531
2024-04-23T12:00+02:00,935.335,16398.05102,42563.23614
2024-04-23T13:00+02:00,1559.505,15753.37316,41457.43532
2024-04-23T14:00+02:00,2230.3375,16230.19632,39701.8141
2024-04-23T15:00+02:00,3429.6325,17534.65765,36048.92303
2024-04-23T16:00+02:00,2900.4675,18560.70607,32539.44615
2024-04-23T17:00+02:00,3315.385,21715.34145,29157.96157
2024-04-23T18:00+02:00,6672.4375,23437.34911,25241.75093
2024-04-23T19:00+02:00,7767.0075,23998.4147,20972.3935
2024-04-23T20:00+02:00,8256.9975,23885.70863,19435.25076
2024-04-23T21:00+02:00,8023.075,23580.38356,19291.53149
2024-04-23T22:00+02:00,7572.19,22563.25953,18832.25259
2024-04-23T23:00+02:00,7071.025,20979.05894,18690.06237
2024-04-24T00:00+02:00,6180.735,20250.60412,19201.03924
2024-04-24T01:00+02:00,6810.1625,19659.91809,19575.67059
2024-04-24T02:00+02:00,5925.78,19564.58002,20158.23244
2024-04-24T03:00+02:00,5794.3275,19494.28329,20669.47822
2024-04-24T04:00+02:00,5448.39,19397.9766,20574.49121
2024-04-24T05:00+02:00,4737.48,21117.20485,20467.94628
2024-04-24T06:00+02:00,5767.825,23978.31372,21178.58472
2024-04-24T07:00+02:00,5300.975,24503.96218,23309.18164
2024-04-24T08:00+02:00,3695.9375,24535.30331,27958.82728
2024-04-24T09:00+02:00,2167.2675,23429.49725,32697.5816
2024-04-24T10:00+02:00,1259.1575,21126.6092,37116.78094
2024-04-24T11:00+02:00,1378.215,20234.94477,38482.44942
2024-04-24T12:00+02:00,1628.575,19720.24259,39661.71561
2024-04-24T13:00+02:00,1295.925,18358.91697,41335.57223
2024-04-24T14:00+02:00,768.4425,17480.29384,41479.23212
2024-04-24T15:00+02:00,297.7775,17912.95225,40051.69104
2024-04-24T16:00+02:00,909.5075,18436.44758,36862.2855
2024-04-24T17:00+02:00,-63.9875,21647.70571,30953.8197
2024-04-24T18:00+02:00,3819.9275,24406.65619,25139.89294
2024-04-24T19:00+02:00,6767.835,25103.7703,19681.06302
2024-04-24T20:00+02:00,7585.1825,25252.57877,17341.64125
2024-04-24T21:00+02:00,7518.2825,25012.33626,17425.45772
2024-04-24T22:00+02:00,5073.3375,24957.17553,17152.12367
2024-04-24T23:00+02:00,4017.7225,24203.76321,17346.0428
2024-04-25T00:00+02:00,3344.8375,22822.91408,16461.70422
2024-04-25T01:00+02:00,3069.5925,22240.50214,15930.224
2024-04-25T02:00+02:00,3537.98,21947.95365,16194.23137
2024-04-25T03:00+02:00,4774.6375,21925.96859,15906.84841
2024-04-25T04:00+02:00,5552.3725,22172.28767,15664.37988
2024-04-25T05:00+02:00,6764.98,23247.47696,15325.82632
2024-04-25T06:00+02:00,8038.8275,24889.34246,15358.65022
2024-04-25T07:00+02:00,8464.9625,25033.46535,17499.01368
2024-04-25T08:00+02:00,8778.57,25027.28432,21308.04453
2024-04-25T09:00+02:00,7387.735,24239.32459,25578.67708
2024-04-25T10:00+02:00,7974.1275,20994.08535,31351.65711
2024-04-25T11:00+02:00,6468.0575,19087.09466,36490.67456
2024-04-25T12:00+02:00,4130.8025,17928.03914,39473.77582
2024-04-25T13:00+02:00,3701.0875,17190.55049,40330.00571
2024-04-25T14:00+02:00,3122.6375,16462.19521,40126.04429
2024-04-25T15:00+02:00,3201.7175,16980.15488,37537.05661
2024-04-25T16:00+02:00,4013.3875,18479.56786,33381.61968
2024-04-25T17:00+02:00,4844.815,22181.59496,27474.58645
2024-04-25T18:00+02:00,7104.035,25043.31526,21261.32784
2024-04-25T19:00+02:00,10328.225,25878.3031,15457.12548
2024-04-25T20:00+02:00,10914.31,25967.73003,13868.88617
2024-04-25T21:00+02:00,8122.735,25785.35361,15288.21621
2024-04-25T22:00+02:00,6318.1425,24385.74275,17693.19802
2024-04-25T23:00+02:00,4248.925,21958.71109,19494.32437
2024-04-26T00:00+02:00,2143.3325,19720.01627,20612.47176
2024-04-26T01:00+02:00,1496.4675,18626.49737,21657.14447
2024-04-26T02:00+02:00,1120.4775,18188.7003,22039.01351
2024-04-26T03:00+02:00,1483.275,18141.23357,21719.572
2024-04-26T04:00+02:00,1636.01,18957.75348,20645.50803
2024-04-26T05:00+02:00,2717.5875,20795.79364,20233.55921
2024-04-26T06:00+02:00,6112.1275,21633.4142,21634.91603
2024-04-26T07:00+02:00,5344.73,21685.27781,24380.66304
2024-04-26T08:00+02:00,3546.035,21752.60942,28124.72197
2024-04-26T09:00+02:00,4100.77,19460.27092,33803.94792
2024-04-26T10:00+02:00,1606.09,18654.58925,39328.00648
2024-04-26T11:00+02:00,2030.7275,16768.7702,42865.90601
2024-04-26T12:00+02:00,1661.0125,16358.96615,42668.72351
2024-04-26T13:00+02:00,2328.5675,16718.67825,41675.22286
2024-04-26T14:00+02:00,1815.8575,16548.56828,40697.5368
2024-04-26T15:00+02:00,3152.1825,15631.17175,37865.67373
2024-04-26T16:00+02:00,3619.8275,16387.3166,33622.90013
2024-04-26T17:00+02:00,5291.2125,19640.82761,26334.84043
2024-04-26T18:00+02:00,8142.0825,23245.20326,18334.69735
2024-04-26T19:00+02:00,10878.8925,24307.47625,12680.57897
2024-04-26T20:00+02:00,11547.1125,24480.4221,10589.393
2024-04-26T21:00+02:00,9150.4,24081.19658,10983.70011
2024-04-26T22:00+02:00,8696.3575,22902.42721,10885.8148
2024-04-26T23:00+02:00,7271.0425,21543.90602,10799.32879
2024-04-27T00:00+02:00,9915.6325,19278.00089,10648.27497
2024-04-27T01:00+02:00,9629.9425,17513.12448,10533.10161
2024-04-27T02:00+02:00,9729.3325,16659.67035,10507.47302
2024-04-27T03:00+02:00,10758.94,16143.77427,10629.79708
2024-04-27T04:00+02:00,11386.18,15486.11421,11181.77618
2024-04-27T05:00+02:00,11138.0725,14901.15128,12097.31835
2024-04-27T06:00+02:00,10042.0775,14577.60876,14180.19061
2024-04-27T07:00+02:00,7807.63,13054.19965,20297.79852
2024-04-27T08:00+02:00,4289.735,11066.70305,28074.09649
2024-04-27T09:00+02:00,935.0675,10652.88548,35219.68017
2024-04-27T10:00+02:00,-1984.9775,9212.128624,43497.8672
2024-04-27T11:00+02:00,-6317.34,8231.860428,50681.69492
2024-04-27T12:00+02:00,-12335.3375,8080.215947,54238.39421
2024-04-27T13:00+02:00,-12755.1625,8048.320441,54887.06816
2024-04-27T14:00+02:00,-12630.0925,7908.433532,53472.46478
2024-04-27T15:00+02:00,-8642.85,7614.790034,48933.95382
2024-04-27T16:00+02:00,-4665.1625,7686.627908,43927.99006
2024-04-27T17:00+02:00,-144.4225,8173.314132,36063.917
2024-04-27T18:00+02:00,3165.4575,11413.92006,25814.99964
2024-04-27T19:00+02:00,7957.4525,12810.44876,18846.38124
2024-04-27T20:00+02:00,7081.86,13161.1435,18246.49559
2024-04-27T21:00+02:00,5475.8475,12849.78391,20605.17791
2024-04-27T22:00+02:00,3144.19,12095.5963,23928.58067
2024-04-27T23:00+02:00,1774.465,10703.91135,26698.18355
2024-04-28T00:00+02:00,386.1125,8372.604654,27971.61559
2024-04-28T01:00+02:00,-1696.68,8406.687667,28316.43576
2024-04-28T02:00+02:00,-2172.19,8060.795145,29262.74371
2024-04-28T03:00+02:00,-2152.63,7462.639246,30136.71312
2024-04-28T04:00+02:00,-1778.3125,7542.579261,30643.41454
2024-04-28T05:00+02:00,-1957.4775,7604.338541,30059.00759
2024-04-28T06:00+02:00,-1584.73,7533.546921,31713.85062
2024-04-28T07:00+02:00,-2520.5375,7101.54663,35257.86809
2024-04-28T08:00+02:00,-4166.725,6931.561665,38355.71201
2024-04-28T09:00+02:00,-5363.7725,7097.395875,43223.07417
2024-04-28T10:00+02:00,-5837.225,7121.592701,47721.12916
2024-04-28T11:00+02:00,-8288.19,7096.467495,50996.32741
2024-04-28T12:00+02:00,-7988.0475,6824.861257,51435.16808
2024-04-28T13:00+02:00,-9701.375,6783.991655,49964.98646
2024-04-28T14:00+02:00,-9075.755,6797.40217,48571.23658
2024-04-28T15:00+02:00,-8593.8025,6776.657461,47168.733
2024-04-28T16:00+02:00,-6867.855,6948.231806,46554.04179
2024-04-28T17:00+02:00,-4580.5225,7167.657859,43824.58115
2024-04-28T18:00+02:00,-1405.6875,8752.550687,39884.98682
2024-04-28T19:00+02:00,1877.32,11027.49248,34319.2098
2024-04-28T20:00+02:00,2004.6275,11842.32607,31415.10041
2024-04-28T21:00+02:00,2676.035,12281.61877,30936.7882
2024-04-28T22:00+02:00,2901.8225,12355.22498,29587.67765
2024-04-28T23:00+02:00,2659.485,11980.13885,27389.49504
2024-04-29T00:00+02:00,4221.315,11561.94605,24199.01097
2024-04-29T01:00+02:00,6038.8575,11427.64857,21910.90611
2024-04-29T02:00+02:00,6997.19,11221.79463,21320.65408
2024-04-29T03:00+02:00,9331.2325,10747.59414,19363.92116
2024-04-29T04:00+02:00,9419.8175,11955.80432,17595.49134
2024-04-29T05:00+02:00,11085.065,13964.27075,16271.56561
2024-04-29T06:00+02:00,13849.4175,15849.78002,16566.70198
2024-04-29T07:00+02:00,12745.73,16308.78132,19959.88383
2024-04-29T08:00+02:00,11768.8075,15619.21582,25462.70895
2024-04-29T09:00+02:00,7494.0275,13936.45798,32962.28312
2024-04-29T10:00+02:00,6231.1125,10493.44225,40091.57311
2024-04-29T11:00+02:00,3540.295,9623.692853,45439.57909
2024-04-29T12:00+02:00,2347.9025,9293.703496,47831.06268
2024-04-29T13:00+02:00,1124.0175,9162.554326,47667.84093
2024-04-29T14:00+02:00,1097.46,9176.792009,45894.69406
2024-04-29T15:00+02:00,4293.97,9155.901958,41932.8191
2024-04-29T16:00+02:00,6777.795,10158.45501,35808.33811
2024-04-29T17:00+02:00,8464.94,14199.29385,27717.6334
2024-04-29T18:00+02:00,11520.7975,18018.10058,19688.39311
2024-04-29T19:00+02:00,14663.355,19264.20205,14752.1674
2024-04-29T20:00+02:00,12931.21,19396.55567,14481.17186
2024-04-29T21:00+02:00,9417.3,18708.16026,17516.47295
2024-04-29T22:00+02:00,7233.6275,17029.14442,20496.77619
2024-04-29T23:00+02:00,6607.41,14889.27121,21999.51187
2024-04-30T00:00+02:00,5293.7225,13175.38806,22566.71397
2024-04-30T01:00+02:00,5467.3025,12198.6246,22219.95612
2024-04-30T02:00+02:00,5614.7,12069.63117,21647.09739
2024-04-30T03:00+02:00,6204.69,12568.3199,21098.14446
2024-04-30T04:00+02:00,6930.9975,12851.68167,20666.70526
2024-04-30T05:00+02:00,9337.445,12999.90721,20630.86856
2024-04-30T06:00+02:00,11194.585,13288.32176,21730.86327
2024-04-30T07:00+02:00,10637.4625,13634.43533,25152.69582
2024-04-30T08:00+02:00,9841.27,13264.27069,31718.51384
2024-04-30T09:00+02:00,6947.2625,11931.4486,38405.51718
2024-04-30T10:00+02:00,3018.8375,9741.78809,44237.88401
2024-04-30T11:00+02:00,-399.145,9116.888271,49052.68925
2024-04-30T12:00+02:00,-2390.285,8808.716809,52179.14978
2024-04-30T13:00+02:00,-3126.9325,8723.495748,53097.27237
2024-04-30T14:00+02:00,-3038.09,8679.416206,51247.6279
2024-04-30T15:00+02:00,-1534.9425,8431.227081,49163.39158
2024-04-30T16:00+02:00,2892.3775,8551.193448,43620.9024
2024-04-30T17:00+02:00,6297.915,11023.60654,35623.90271
2024-04-30T18:00+02:00,10716.3625,14028.48762,25514.54665
2024-04-30T19:00+02:00,12774.8275,15615.61807,19522.66242
2024-04-30T20:00+02:00,11783.2375,15770.17256,19542.02416
2024-04-30T21:00+02:00,9154.83,15071.80729,21853.9567
2024-04-30T22:00+02:00,7380.31,13098.95956,23602.22109
2024-04-30T23:00+02:00,6909.4775,11139.39103,24067.63611
2024-05-01T00:00+02:00,5467.5575,9627.786347,23770.12247
2024-05-01T01:00+02:00,6048.3575,9234.823935,22900.5827
2024-05-01T02:00+02:00,6466.4525,9359.879108,21979.4889
2024-05-01T03:00+02:00,6811.525,8912.179891,21562.19173
2024-05-01T04:00+02:00,6385.445,8442.535166,22059.92459
2024-05-01T05:00+02:00,5442.185,8228.656553,22621.43703
2024-05-01T06:00+02:00,2692.7125,8248.131517,24467.12395
2024-05-01T07:00+02:00,1362.7775,6924.861898,29839.6228
2024-05-01T08:00+02:00,-2462.05,6833.280528,36167.45414
2024-05-01T09:00+02:00,-4435.025,6611.127056,43615.59217
2024-05-01T10:00+02:00,-10573.35,6927.614993,49473.07047
2024-05-01T11:00+02:00,-10632.235,6293.692865,52220.93316
2024-05-01T12:00+02:00,-10880.5675,6222.361537,52939.67612
2024-05-01T13:00+02:00,-12337.7225,6269.09004,53261.54549
2024-05-01T14:00+02:00,-12056.2,6247.545917,51826.34001
2024-05-01T15:00+02:00,-12088.3875,6244.047417,50496.31549
2024-05-01T16:00+02:00,-12850.605,6396.725405,51552.3959
2024-05-01T17:00+02:00,-8986.6675,6552.40922,48916.83886
2024-05-01T18:00+02:00,-5176.725,6920.070696,43774.29776
2024-05-01T19:00+02:00,-1147.5625,7376.526008,36701.31765
2024-05-01T20:00+02:00,-1578.76,8073.721847,35387.85668
2024-05-01T21:00+02:00,-3627.7,7873.471888,37546.25098
2024-05-01T22:00+02:00,-2773.8175,8175.669835,37080.11075
2024-05-01T23:00+02:00,-3592.4025,7708.469736,36746.00126
2024-05-02T00:00+02:00,-3108.195,7502.668529,35655.7231
2024-05-02T01:00+02:00,-1453.8975,7570.614106,34133.37617
2024-05-02T02:00+02:00,-1258.3025,7379.137596,33862.9587
2024-05-02T03:00+02:00,-248.075,7403.978904,32994.60754
2024-05-02T04:00+02:00,144.7575,7578.419495,33105.58407
2024-05-02T05:00+02:00,959.9175,8013.275896,33098.78583
2024-05-02T06:00+02:00,2722.4375,8602.206049,33832.88996
2024-05-02T07:00+02:00,3212.7325,8545.988896,36303.82295
2024-05-02T08:00+02:00,2755.75,8907.05641,40915.88356
2024-05-02T09:00+02:00,-526.1425,7927.103989,49203.86454
2024-05-02T10:00+02:00,-5389.025,7594.445863,57247.36926
2024-05-02T11:00+02:00,-8244.5525,7689.598379,61521.67474
2024-05-02T12:00+02:00,-11258.725,7635.043032,62797.85008
2024-05-02T13:00+02:00,-11609.2,8042.304609,62545.3341
2024-05-02T14:00+02:00,-10476.34,8009.055086,60685.08606
2024-05-02T15:00+02:00,-6574.2,7907.132145,56302.40498
2024-05-02T16:00+02:00,-4415.6875,8296.355268,52273.90969
2024-05-02T17:00+02:00,-103.905,8973.443989,47175.82125
2024-05-02T18:00+02:00,2950.0275,10137.10905,41269.41458
2024-05-02T19:00+02:00,3989.9475,11746.9736,36844.79556
2024-05-02T20:00+02:00,4251.885,11752.71007,34894.34774
2024-05-02T21:00+02:00,2052.56,11500.46296,35438.78287
2024-05-02T22:00+02:00,1446.19,10673.62321,35374.43902
2024-05-02T23:00+02:00,1589.8925,9759.120664,34264.95466
2024-05-03T00:00+02:00,1474.94,9875.091294,32146.86898
2024-05-03T01:00+02:00,3389.0675,9435.250344,30734.82758
2024-05-03T02:00+02:00,4878.015,9327.064047,29600.81895
2024-05-03T03:00+02:00,4953.9125,9601.548331,29179.45896
2024-05-03T04:00+02:00,5659.3625,9588.575299,28921.38648
2024-05-03T05:00+02:00,4897.1675,10588.64282,28205.41437
2024-05-03T06:00+02:00,7855.7875,11571.20702,28266.01772
2024-05-03T07:00+02:00,9135.4475,11508.83617,30394.82736
2024-05-03T08:00+02:00,9802.935,11313.9744,33534.12076
2024-05-03T09:00+02:00,6519.21,11166.96371,37437.84294
2024-05-03T10:00+02:00,7441.49,10485.34845,40277.53347
2024-05-03T11:00+02:00,6637.445,10406.72451,42245.04576
2024-05-03T12:00+02:00,7880.025,9917.480147,42443.85272
2024-05-03T13:00+02:00,8333.7175,9914.139033,41549.5659
2024-05-03T14:00+02:00,9094.6325,9873.76671,39941.54555
2024-05-03T15:00+02:00,9959.2025,10110.9459,37078.83817
2024-05-03T16:00+02:00,10599.75,10589.06867,33780.46219
2024-05-03T17:00+02:00,11513.5025,11827.50591,29849.77054
2024-05-03T18:00+02:00,10495.645,13367.57847,26228.36281
2024-05-03T19:00+02:00,13229.8725,14209.75477,21259.55957
2024-05-03T20:00+02:00,12072.3525,14332.99807,18121.92242
2024-05-03T21:00+02:00,11417.635,14320.01134,16652.27736
2024-05-03T22:00+02:00,11337.495,13942.05296,15337.50513
2024-05-03T23:00+02:00,9873.405,13531.07885,14470.57489
2024-05-04T00:00+02:00,12096.6475,13094.63054,13933.45757
2024-05-04T01:00+02:00,12848.6175,11766.98277,13604.87546
2024-05-04T02:00+02:00,11336.5375,11997.07128,12889.47201
2024-05-04T03:00+02:00,12206.5025,11870.77142,12301.85273
2024-05-04T04:00+02:00,12374.5975,12073.85807,12038.24813
2024-05-04T05:00+02:00,12672.93,12267.13685,11485.57963
2024-05-04T06:00+02:00,13114.6125,12289.85389,12152.28458
2024-05-04T07:00+02:00,12551.035,11872.13324,15678.64396
2024-05-04T08:00+02:00,11170.7475,11063.34374,21784.48526
2024-05-04T09:00+02:00,10965.635,9531.029699,28300.26333
2024-05-04T10:00+02:00,9743.5275,8053.943368,33860.67063
2024-05-04T11:00+02:00,8311.0575,8016.589395,36150.59579
2024-05-04T12:00+02:00,6604.5225,7940.418218,37471.08938
2024-05-04T13:00+02:00,5009.5,7772.501603,37257.90872
2024-05-04T14:00+02:00,4909.935,7690.405192,36383.53524
2024-05-04T15:00+02:00,6111.2425,7846.400293,34796.0676
2024-05-04T16:00+02:00,8907.0525,8052.708272,30989.3839
2024-05-04T17:00+02:00,8864.1525,10661.65464,25675.98345
2024-05-04T18:00+02:00,8559.1675,13817.24036,18961.22387
2024-05-04T19:00+02:00,11319.5675,14830.74201,13084.06009
2024-05-04T20:00+02:00,12167.91,14954.97964,11252.26106
2024-05-04T21:00+02:00,8986.3875,15144.99915,12804.70383
2024-05-04T22:00+02:00,7715.1175,14568.19369,14950.67348
2024-05-04T23:00+02:00,5364.85,13652.64345,16440.68911
2024-05-05T00:00+02:00,5869.0775,11719.87171,17429.71155
2024-05-05T01:00+02:00,5114.02,10514.16131,18410.48483
2024-05-05T02:00+02:00,3980.7425,9521.090797,19716.31191
2024-05-05T03:00+02:00,3562.665,8802.778386,20490.66698
2024-05-05T04:00+02:00,3125.5425,8677.398043,20797.62098
2024-05-05T05:00+02:00,3534.6725,8812.55734,21294.34379
2024-05-05T06:00+02:00,4633.905,7551.632472,23505.62076
2024-05-05T07:00+02:00,5202.1275,7350.171107,27202.25627
2024-05-05T08:00+02:00,4265.6125,7174.595869,31577.07691
2024-05-05T09:00+02:00,2052.7425,7014.91993,36510.56158
2024-05-05T10:00+02:00,141.4475,6517.011446,41591.04851
2024-05-05T11:00+02:00,-1874.9225,6576.600132,45932.27588
2024-05-05T12:00+02:00,-5669.5925,6616.893271,48825.33289
2024-05-05T13:00+02:00,-9142.2475,6611.745395,49813.62937
2024-05-05T14:00+02:00,-8510.5825,6663.83257,49330.92693
2024-05-05T15:00+02:00,-7717.915,6658.550141,48052.29691
2024-05-05T16:00+02:00,-3524.4,6907.657962,44261.85664
2024-05-05T17:00+02:00,1017.0175,7741.435802,39074.91469
2024-05-05T18:00+02:00,3804.8975,10595.30056,32164.34388
2024-05-05T19:00+02:00,4886.3325,12587.54905,25126.44267
2024-05-05T20:00+02:00,6158.81,13797.68619,20988.67362
2024-05-05T21:00+02:00,6676.4275,14589.95956,18940.75929
2024-05-05T22:00+02:00,6687,14918.56059,17172.57447
2024-05-05T23:00+02:00,8014.225,14407.54225,16331.02025
2024-05-06T00:00+02:00,9657.915,13913.25376,15349.75168
2024-05-06T01:00+02:00,8847.9475,13719.99397,14956.01313
2024-05-06T02:00+02:00,11077.385,13047.83441,14754.28848
2024-05-06T03:00+02:00,10874.6775,13179.54767,13889.82821
2024-05-06T04:00+02:00,10392.345,14376.79411,13017.65321
2024-05-06T05:00+02:00,11116.535,16218.00679,12813.01116
2024-05-06T06:00+02:00,12640.9075,17575.37719,13651.23273
2024-05-06T07:00+02:00,14177.285,18245.37492,16652.50833
2024-05-06T08:00+02:00,14095.74,18361.86784,20953.95893
2024-05-06T09:00+02:00,11492.445,18426.16505,25663.92885
2024-05-06T10:00+02:00,10353.19,17301.45436,30416.44885
2024-05-06T11:00+02:00,11487.16,15612.70254,34761.8826
2024-05-06T12:00+02:00,10752.055,14189.37628,36900.26172
2024-05-06T13:00+02:00,9884.75,13908.48755,35740.64158
2024-05-06T14:00+02:00,10531.4775,14263.1763,33155.63232
2024-05-06T15:00+02:00,10922.75,14671.00195,30789.32856
2024-05-06T16:00+02:00,11769.235,15633.82992,27272.27235
2024-05-06T17:00+02:00,12194.305,18087.15647,22531.91451
2024-05-06T18:00+02:00,13201.5925,19560.78456,18572.89069
2024-05-06T19:00+02:00,13410.0075,20364.37116,15872.53764
2024-05-06T20:00+02:00,13266.06,20863.69425,14904.52237
2024-05-06T21:00+02:00,11802.23,20626.51306,15540.94699
2024-05-06T22:00+02:00,10697.66,19191.60177,16266.6607
2024-05-06T23:00+02:00,10008.4125,17483.59283,16222.98058
2024-05-07T00:00+02:00,9100.0775,16297.91933,16314.91174
2024-05-07T01:00+02:00,10954.735,15119.38299,16257.23141
2024-05-07T02:00+02:00,11356.375,14899.94133,16136.62741
2024-05-07T03:00+02:00,10991.72,15276.52642,15604.47785
2024-05-07T04:00+02:00,11681.3025,15515.65271,14878.27805
2024-05-07T05:00+02:00,11784.2175,17111.00059,14772.97563
2024-05-07T06:00+02:00,13698.5875,19032.90054,15780.70087
2024-05-07T07:00+02:00,13376.0725,19792.52021,17814.262
2024-05-07T08:00+02:00,14482.1275,19959.67364,20417.02588
2024-05-07T09:00+02:00,13366.035,19170.17611,23993.30039
2024-05-07T10:00+02:00,12546.6675,17968.49042,27671.01521
2024-05-07T11:00+02:00,13676.555,16203.65835,30271.45821
2024-05-07T12:00+02:00,12395.8325,15377.29525,31113.40479
2024-05-07T13:00+02:00,11422.045,15414.17835,31043.93093
2024-05-07T14:00+02:00,12089.555,15927.95868,30134.45631
2024-05-07T15:00+02:00,10842.07,16918.26306,28660.37157
2024-05-07T16:00+02:00,11193.505,17568.67446,26054.47691
2024-05-07T17:00+02:00,11158.89,19135.82872,22333.44703
2024-05-07T18:00+02:00,11890.5325,20707.564,18148.12211
2024-05-07T19:00+02:00,13022.8025,21586.5877,15192.55209
2024-05-07T20:00+02:00,12065.49,21811.63539,13392.88868
2024-05-07T21:00+02:00,11946.37,21647.90678,12961.16152
2024-05-07T22:00+02:00,11776.2925,20862.48728,13091.48612
2024-05-07T23:00+02:00,10782.265,20184.31371,13271.82035
2024-05-08T00:00+02:00,8445.3425,19316.80798,13032.04117
2024-05-08T01:00+02:00,9133.55,19052.53793,12855.72588
2024-05-08T02:00+02:00,10056.77,19121.413,12418.79929
2024-05-08T03:00+02:00,10423.84,19287.32109,11967.56256
2024-05-08T04:00+02:00,10819.045,19439.54065,11812.71223
2024-05-08T05:00+02:00,11568.4425,19860.83876,11738.38942
2024-05-08T06:00+02:00,13277.29,20764.68692,12928.15882
2024-05-08T07:00+02:00,13394.6075,20891.5717,15407.16917
2024-05-08T08:00+02:00,12881.0825,20783.28895,19689.12074
2024-05-08T09:00+02:00,10469.8575,19625.59716,25847.13847
2024-05-08T10:00+02:00,10134.8575,16543.3666,31761.03904
2024-05-08T11:00+02:00,8726.9475,14985.42562,35343.07591
2024-05-08T12:00+02:00,7646.8525,14751.99985,36506.41165
2024-05-08T13:00+02:00,7650.6875,14730.16054,35838.13996
2024-05-08T14:00+02:00,7370.3725,14674.78244,34889.93674
2024-05-08T15:00+02:00,7774.56,14513.99671,32982.51299
2024-05-08T16:00+02:00,9081.7475,14754.53335,29574.08633
2024-05-08T17:00+02:00,8925.455,17968.07283,24757.90625
2024-05-08T18:00+02:00,10843.4825,20106.1554,19202.55619
2024-05-08T19:00+02:00,12059.0625,20717.98466,14524.39676
2024-05-08T20:00+02:00,11844.5,20890.77219,12554.08274
2024-05-08T21:00+02:00,10080.3725,20771.51544,12818.86343
2024-05-08T22:00+02:00,9431.035,20249.69103,13192.54819
2024-05-08T23:00+02:00,9960.9225,18954.01886,12945.11478
2024-05-09T00:00+02:00,9934.445,17177.92997,12112.26811
2024-05-09T01:00+02:00,11295.975,15568.80916,11128.84
2024-05-09T02:00+02:00,11110.4875,15127.39734,10426.47323
2024-05-09T03:00+02:00,11155.0775,14988.78117,10019.66774
2024-05-09T04:00+02:00,11186.8725,15082.77896,9703.088753
2024-05-09T05:00+02:00,10779.2575,15010.70938,9718.03224
2024-05-09T06:00+02:00,8244.035,14975.88708,11489.02181
2024-05-09T07:00+02:00,5705.0025,13745.48574,17596.47001
2024-05-09T08:00+02:00,5274.65,10050.82294,26966.10997
2024-05-09T09:00+02:00,1346.5275,7929.109314,36257.26728
2024-05-09T10:00+02:00,-3582.485,7497.739859,43217.25424
2024-05-09T11:00+02:00,-7513.6125,7421.510845,45540.15459
2024-05-09T12:00+02:00,-9239.4625,7622.939652,46646.0292
2024-05-09T13:00+02:00,-8098.895,7679.048179,46001.01526
2024-05-09T14:00+02:00,-8487.665,7564.264535,44923.99465
2024-05-09T15:00+02:00,-7312.525,7628.809469,42217.02956
2024-05-09T16:00+02:00,-1468.1925,7766.079614,37062.5066
2024-05-09T17:00+02:00,1389.14,9611.943159,29683.81703
2024-05-09T18:00+02:00,5886.23,13415.31886,21034.38657
2024-05-09T19:00+02:00,8478.5625,15885.52191,14306.84821
2024-05-09T20:00+02:00,9044.5175,16348.37124,11230.81638
2024-05-09T21:00+02:00,8553.19,16379.18088,10741.95489
2024-05-09T22:00+02:00,8162.8375,16273.90229,10925.12512
2024-05-09T23:00+02:00,8461.8225,15780.51289,10807.05918
2024-05-10T00:00+02:00,10264.3125,14570.11705,10217.17441
2024-05-10T01:00+02:00,10050.7025,13870.03693,10105.74782
2024-05-10T02:00+02:00,10424.37,13219.67078,9857.726986
2024-05-10T03:00+02:00,10774.64,13187.97705,9614.343224
2024-05-10T04:00+02:00,11614.6925,13455.01468,9779.028629
2024-05-10T05:00+02:00,12231.8675,13974.07019,9898.00143
2024-05-10T06:00+02:00,11356.24,14432.35712,12023.42306
2024-05-10T07:00+02:00,9906.54,14339.1383,17683.83442
2024-05-10T08:00+02:00,7124,12237.12393,26175.57154
2024-05-10T09:00+02:00,5538.875,8954.674246,35407.76069
2024-05-10T10:00+02:00,3148.78,7430.881584,42737.6806
2024-05-10T11:00+02:00,-123.475,7279.719644,46357.91293
2024-05-10T12:00+02:00,-2040.44,7499.431691,47998.96185
2024-05-10T13:00+02:00,-2147.865,7453.013605,47243.72996
2024-05-10T14:00+02:00,-106.3825,7416.381641,44226.67585
2024-05-10T15:00+02:00,1110.0775,7477.79138,40900.97857
2024-05-10T16:00+02:00,4628.115,7966.616426,36240.1548
2024-05-10T17:00+02:00,7687.8525,9911.199987,29514.20492
2024-05-10T18:00+02:00,8808.1125,13984.65989,20960.72841
2024-05-10T19:00+02:00,12454.3175,15705.61135,14153.4961
2024-05-10T20:00+02:00,12772.55,15926.21101,11445.53786
2024-05-10T21:00+02:00,11587.375,15717.6774,11391.90635
2024-05-10T22:00+02:00,9883.9475,15468.10139,11845.81195
2024-05-10T23:00+02:00,10501.95,14189.0227,12051.6851
2024-05-11T00:00+02:00,9566.82,13163.187,11811.76476
2024-05-11T01:00+02:00,9314.89,12357.43349,11559.24636
2024-05-11T02:00+02:00,8829.0275,12377.71121,10966.21145
2024-05-11T03:00+02:00,10097.3825,12177.72409,10533.32395
2024-05-11T04:00+02:00,10286.6875,12361.78871,10313.89315
2024-05-11T05:00+02:00,10608.4825,12322.86002,10528.0995
2024-05-11T06:00+02:00,10219.105,12214.82431,12409.51512
2024-05-11T07:00+02:00,9249.6375,10818.7518,17554.68058
2024-05-11T08:00+02:00,9860.0075,8089.056935,25060.51378
2024-05-11T09:00+02:00,5798.995,7274.557309,33231.15174
2024-05-11T10:00+02:00,1054.46,6950.222401,40254.6963
2024-05-11T11:00+02:00,-2450.3775,6878.781524,45071.08902
2024-05-11T12:00+02:00,-4749.805,6811.660303,47318.42132
2024-05-11T13:00+02:00,-5452.1225,6807.134494,46745.60417
2024-05-11T14:00+02:00,-6179.245,6806.539748,44923.6829
2024-05-11T15:00+02:00,-3673.4375,6830.137364,41925.63062
2024-05-11T16:00+02:00,-1968.01,7070.693977,39237.5284
2024-05-11T17:00+02:00,4365.185,7268.091242,33224.1831
2024-05-11T18:00+02:00,6828.1825,9108.312319,25544.21888
2024-05-11T19:00+02:00,8300.635,11492.18183,18767.96752
2024-05-11T20:00+02:00,8111.8575,11983.24694,16717.99073
2024-05-11T21:00+02:00,6010.99,11712.80641,18929.27796
2024-05-11T22:00+02:00,4391.3375,10495.57119,20969.98675
2024-05-11T23:00+02:00,5015.4775,8311.972317,21962.0378
2024-05-12T00:00+02:00,4879.3675,7940.08434,21593.7161
2024-05-12T01:00+02:00,5349.115,7572.456325,20969.32232
2024-05-12T02:00+02:00,5802.0975,7488.116407,21224.78135
2024-05-12T03:00+02:00,5873.65,7428.152556,21487.99924
2024-05-12T04:00+02:00,5481.665,7544.556942,20881.14542
2024-05-12T05:00+02:00,5800.8175,7407.028369,20580.81095
2024-05-12T06:00+02:00,5627.82,7363.922836,21974.9487
2024-05-12T07:00+02:00,2769.17,7260.363039,26804.59851
2024-05-12T08:00+02:00,-751.9,6943.306368,34405.3451
2024-05-12T09:00+02:00,-5459.82,6833.95999,41023.23777
2024-05-12T10:00+02:00,-8806.68,6890.612365,46214.83491
2024-05-12T11:00+02:00,-8977.0825,6854.060233,48223.29618
2024-05-12T12:00+02:00,-10990.2875,6851.865276,48269.26471
2024-05-12T13:00+02:00,-10735.1725,6825.070643,47302.03755
2024-05-12T14:00+02:00,-9482.0475,6803.064823,44902.93046
2024-05-12T15:00+02:00,-8490.135,6696.319066,43166.2721
2024-05-12T16:00+02:00,-8534.0575,6882.472883,43398.29228
2024-05-12T17:00+02:00,-4385.5175,7237.282999,40570.76477
2024-05-12T18:00+02:00,-870.145,8176.308049,36355.72571
2024-05-12T19:00+02:00,2049.71,9181.615694,31100.57245
2024-05-12T20:00+02:00,2102.7875,10235.75287,28367.08001
2024-05-12T21:00+02:00,946.38,10567.18313,31055.61409
2024-05-12T22:00+02:00,-496.5275,9887.434047,33016.13098
2024-05-12T23:00+02:00,-937.3225,8849.079907,33267.58595
2024-05-13T00:00+02:00,-1224.8225,8053.286655,33275.89131
2024-05-13T01:00+02:00,-380.47,7449.224987,32929.13241
2024-05-13T02:00+02:00,757.0775,7390.838321,32106.73781
2024-05-13T03:00+02:00,1333.2975,7450.126003,31176.08485
2024-05-13T04:00+02:00,2737.0225,7740.135728,30024.85478
2024-05-13T05:00+02:00,4227.67,8702.323353,30063.41043
2024-05-13T06:00+02:00,5029.995,9971.179098,30495.76364
2024-05-13T07:00+02:00,6693.87,11172.82342,31616.70805
2024-05-13T08:00+02:00,6067.9375,11095.60527,35822.42581
2024-05-13T09:00+02:00,4164.9325,9589.202461,42500.91979
2024-05-13T10:00+02:00,-1115.12,8261.823685,49924.97279
2024-05-13T11:00+02:00,-3869.3325,8282.819351,55845.32285
2024-05-13T12:00+02:00,-8232.535,8827.320178,58795.66943
2024-05-13T13:00+02:00,-10069.515,9239.053033,59154.9953
2024-05-13T14:00+02:00,-8368.015,9127.215002,56446.55818
2024-05-13T15:00+02:00,-4307.1025,8700.868546,51485.95377
2024-05-13T16:00+02:00,-836.235,9177.148632,47011.13413
2024-05-13T17:00+02:00,1772.675,11680.02054,40764.33229
2024-05-13T18:00+02:00,4416.8325,14807.41827,33478.77616
2024-05-13T19:00+02:00,8252.64,15609.60191,27828.16368
2024-05-13T20:00+02:00,7625.16,15778.2837,26463.02245
2024-05-13T21:00+02:00,4574.64,15251.19099,29941.94077
2024-05-13T22:00+02:00,2758.08,12803.88213,32034.96892
2024-05-13T23:00+02:00,2264.0375,10597.58326,33189.6661
2024-05-14T00:00+02:00,2501.855,9034.710442,33647.42555
2024-05-14T01:00+02:00,3205.1175,8355.094241,32840.82976
2024-05-14T02:00+02:00,3824.4725,8358.453066,31875.36191
2024-05-14T03:00+02:00,4563.4775,8924.685892,31132.74156
2024-05-14T04:00+02:00,4790.9775,9261.900395,30835.62629
2024-05-14T05:00+02:00,4939.7375,9644.344437,31239.6446
2024-05-14T06:00+02:00,5114.28,10467.87379,33273.50841
2024-05-14T07:00+02:00,6178.255,10861.11876,36591.79353
2024-05-14T08:00+02:00,6203.9475,9649.607748,42360.08862
2024-05-14T09:00+02:00,-695.6525,8035.905748,49742.34129
2024-05-14T10:00+02:00,-6286.8,7386.519811,57087.91565
2024-05-14T11:00+02:00,-10448.9275,7084.622864,62989.40581
2024-05-14T12:00+02:00,-12665.445,7147.563994,64436.0837
2024-05-14T13:00+02:00,-12672.9425,7226.117047,64464.76102
2024-05-14T14:00+02:00,-13033.235,7461.721769,62985.42815
2024-05-14T15:00+02:00,-12439.665,7669.869997,61972.94921
2024-05-14T16:00+02:00,-9495.96,8193.579562,57419.66147
2024-05-14T17:00+02:00,-3767.1325,9292.754329,51386.2754
2024-05-14T18:00+02:00,-915.705,11160.31063,45105.22411
2024-05-14T19:00+02:00,1071.2025,12697.45312,37258.32241
2024-05-14T20:00+02:00,2166.5075,13686.4832,33259.26082
2024-05-14T21:00+02:00,182.82,13305.68847,35311.82583
2024-05-14T22:00+02:00,-62.615,11596.79793,35595.99348
2024-05-14T23:00+02:00,234.49,10651.70554,35593.6936
2024-05-15T00:00+02:00,1041.4925,10170.7402,34495.67743
2024-05-15T01:00+02:00,591.1575,10272.85271,34199.52881
2024-05-15T02:00+02:00,1400.7625,10536.76963,33029.4997
2024-05-15T03:00+02:00,1465.6825,10690.86908,31974.56166
2024-05-15T04:00+02:00,2951.3075,11110.31509,31198.64301
2024-05-15T05:00+02:00,1414.395,12163.61945,31088.30187
2024-05-15T06:00+02:00,3673.4,12344.12234,32223.25102
2024-05-15T07:00+02:00,3337.1325,12581.23664,35478.00232
2024-05-15T08:00+02:00,2421.945,12141.89114,40055.06005
2024-05-15T09:00+02:00,1536.5575,11236.76016,46603.79674
2024-05-15T10:00+02:00,-5864.015,10486.69389,54550.24901
2024-05-15T11:00+02:00,-9060.485,11112.54447,58504.57967
2024-05-15T12:00+02:00,-10874.6175,11315.83303,59581.97013
2024-05-15T13:00+02:00,-10357.2925,11307.94661,59518.63273
2024-05-15T14:00+02:00,-10590.88,11152.85451,57975.40277
2024-05-15T15:00+02:00,-7642.1125,11660.62107,53651.60099
2024-05-15T16:00+02:00,-5748.685,12654.51576,48762.45422
2024-05-15T17:00+02:00,-2023.8025,13692.33553,43631.65
2024-05-15T18:00+02:00,1961.9925,14047.74401,37846.19849
2024-05-15T19:00+02:00,3281.5225,14532.56874,33283.56758
2024-05-15T20:00+02:00,3464.0025,14621.01202,31323.03722
2024-05-15T21:00+02:00,3331.31,13805.95743,32786.48123
2024-05-15T22:00+02:00,1793.09,13135.92696,32383.98139
2024-05-15T23:00+02:00,1500.565,12548.21921,31501.33685
2024-05-16T00:00+02:00,2703.6175,11723.95913,30224.57011
2024-05-16T01:00+02:00,3748.0725,11421.16007,29481.18186
2024-05-16T02:00+02:00,4234.3825,11760.7432,29716.71116
2024-05-16T03:00+02:00,4887.8525,11501.78161,29194.80908
2024-05-16T04:00+02:00,4834.045,11802.44336,28640.87903
2024-05-16T05:00+02:00,3648.2075,12337.66385,28907.30534
2024-05-16T06:00+02:00,3396.175,13509.26029,31212.57333
2024-05-16T07:00+02:00,3869.0325,13616.48582,35178.61802
2024-05-16T08:00+02:00,2730.2775,13335.41071,40301.09268
2024-05-16T09:00+02:00,383.5375,12269.42736,47127.4196
2024-05-16T10:00+02:00,-4845.5625,11802.7884,53351.25917
2024-05-16T11:00+02:00,-8296.6175,11278.36123,57566.04928
2024-05-16T12:00+02:00,-8721.93,10717.3381,58202.11027
2024-05-16T13:00+02:00,-8529.0775,11141.91137,57126.48143
2024-05-16T14:00+02:00,-6537.0325,11545.93672,53895.88994
2024-05-16T15:00+02:00,-5165.615,11844.77436,50520.92787
2024-05-16T16:00+02:00,1739.275,12145.9022,45735.00081
2024-05-16T17:00+02:00,4900.55,13265.80124,40870.82261
2024-05-16T18:00+02:00,4736.6675,14580.68374,36107.67094
2024-05-16T19:00+02:00,3737.51,15071.31936,31186.23302
2024-05-16T20:00+02:00,6582.9175,15065.61466,27747.39404
2024-05-16T21:00+02:00,6480.5275,14673.30267,26688.61877
2024-05-16T22:00+02:00,6197.5475,14020.20747,26419.90112
2024-05-16T23:00+02:00,6159.7675,12751.17844,26448.70096
2024-05-17T00:00+02:00,6045.7875,10967.93573,25440.64044
2024-05-17T01:00+02:00,7673.135,10322.50529,25855.14227
2024-05-17T02:00+02:00,8267.45,10057.21127,26986.9886
2024-05-17T03:00+02:00,8040.55,10039.80974,28211.58705
2024-05-17T04:00+02:00,7555.0975,9995.057976,28855.68822
2024-05-17T05:00+02:00,5782.26,10571.9145,29514.9161
2024-05-17T06:00+02:00,5478.205,11898.05389,31303.26794
2024-05-17T07:00+02:00,5784.85,12348.94183,33465.9591
2024-05-17T08:00+02:00,5719.6125,11830.47795,37880.14322
2024-05-17T09:00+02:00,5513.39,11091.89617,43506.36151
2024-05-17T10:00+02:00,4633.2775,10475.70745,48535.86566
2024-05-17T11:00+02:00,4251.8275,10032.71181,50802.90789
2024-05-17T12:00+02:00,2355.56,10067.48734,51150.2757
2024-05-17T13:00+02:00,2033.255,11022.19619,50241.36084
2024-05-17T14:00+02:00,2407.5,11674.57166,48014.0038
2024-05-17T15:00+02:00,3858.0225,11942.13123,45363.70357
2024-05-17T16:00+02:00,4097.335,12223.58855,41957.15019
2024-05-17T17:00+02:00,3842.4525,12647.94768,39044.21127
2024-05-17T18:00+02:00,5599.98,13226.71676,35458.88494
2024-05-17T19:00+02:00,5741.1125,14520.78273,30587.89244
2024-05-17T20:00+02:00,5127.3375,15086.05475,26523.34888
2024-05-17T21:00+02:00,5287.3175,14992.99847,25936.25895
2024-05-17T22:00+02:00,5512.3425,14852.6512,24858.9351
2024-05-17T23:00+02:00,5500.3275,14007.35713,23705.99355
2024-05-18T00:00+02:00,4971.5525,11976.12854,22870.72037
2024-05-18T01:00+02:00,6752.81,10937.8865,21543.47914
2024-05-18T02:00+02:00,7638.3375,9999.558738,20401.51052
2024-05-18T03:00+02:00,8060.315,9733.968465,19206.05801
2024-05-18T04:00+02:00,8485.2975,9660.032992,18244.60248
2024-05-18T05:00+02:00,9672.475,9452.3206,17425.71697
2024-05-18T06:00+02:00,10094.6175,9299.961022,18223.1749
2024-05-18T07:00+02:00,10395.3975,9296.01535,20490.573
2024-05-18T08:00+02:00,9566.365,8952.228988,25252.55533
2024-05-18T09:00+02:00,8557.4775,7632.807981,31050.80322
2024-05-18T10:00+02:00,6666.8625,6599.45213,36238.70079
2024-05-18T11:00+02:00,4890.835,6391.187124,40488.61408
2024-05-18T12:00+02:00,2275.415,6377.494956,42301.49388
2024-05-18T13:00+02:00,565.475,6330.58898,41873.70103
2024-05-18T14:00+02:00,1690.07,6348.645161,39583.64966
2024-05-18T15:00+02:00,4418.4225,6478.491403,37002.54971
2024-05-18T16:00+02:00,6524.8875,7296.252443,33947.71567
2024-05-18T17:00+02:00,8100.0725,8772.733341,29469.30286
2024-05-18T18:00+02:00,8019.3125,11003.24709,23760.7156
2024-05-18T19:00+02:00,9126.37,12806.88588,18360.21621
2024-05-18T20:00+02:00,7996.0275,13321.87137,15229.61429
2024-05-18T21:00+02:00,10338.5125,13058.12397,14653.43141
2024-05-18T22:00+02:00,9485.99,12614.19001,13949.19116
2024-05-18T23:00+02:00,8863.9575,12386.65587,13196.58381
2024-05-19T00:00+02:00,10265.0575,11748.18339,12501.34187
2024-05-19T01:00+02:00,11057.3525,11085.30591,12208.5228
2024-05-19T02:00+02:00,10307.8175,10301.98551,12345.2787
2024-05-19T03:00+02:00,10022.3175,10130.09009,12115.76465
2024-05-19T04:00+02:00,10325.3375,9855.42292,12216.92893
2024-05-19T05:00+02:00,10605.2725,9657.134103,12560.18324
2024-05-19T06:00+02:00,9688.16,9265.964181,14385.9491
2024-05-19T07:00+02:00,9102.2225,8375.816814,18115.62438
2024-05-19T08:00+02:00,9002.2175,7105.039751,23749.61151
2024-05-19T09:00+02:00,5214.795,6758.668239,29856.64565
2024-05-19T10:00+02:00,3223.0175,6787.586557,34131.46383
2024-05-19T11:00+02:00,4735.77,6733.909681,36510.6244
2024-05-19T12:00+02:00,4215.965,6773.246863,37693.59673
2024-05-19T13:00+02:00,2060.6875,6729.812351,37775.74402
2024-05-19T14:00+02:00,105.795,6715.998749,37750.9834
2024-05-19T15:00+02:00,-523.065,6663.356508,37470.69681
2024-05-19T16:00+02:00,2379.5375,6826.70684,35728.30213
2024-05-19T17:00+02:00,6426.14,7124.075725,30833.02275
2024-05-19T18:00+02:00,5360.26,8633.827602,26266.80153
2024-05-19T19:00+02:00,6711.4875,11223.1841,19770.19421
2024-05-19T20:00+02:00,7763.4025,12074.50526,15850.61348
2024-05-19T21:00+02:00,7933.25,12188.28959,14625.39541
2024-05-19T22:00+02:00,7470.9675,12185.45905,13991.21818
2024-05-19T23:00+02:00,7287.9375,12000.45928,13245.68865
2024-05-20T00:00+02:00,8909.445,11329.62479,12628.13655
2024-05-20T01:00+02:00,9477.7875,10744.159,12262.77566
2024-05-20T02:00+02:00,9717.6325,10403.56527,12049.2209
2024-05-20T03:00+02:00,10428.19,10043.68391,11556.45091
2024-05-20T04:00+02:00,9900,10107.54451,11245.4997
2024-05-20T05:00+02:00,9166.835,10155.11259,11241.20397
2024-05-20T06:00+02:00,7249.375,10130.17261,13421.07191
2024-05-20T07:00+02:00,5769.405,9856.301475,18524.66922
2024-05-20T08:00+02:00,4447.5875,8674.068286,26335.00508
2024-05-20T09:00+02:00,2331.72,6737.838305,33906.39106
2024-05-20T10:00+02:00,-1850.535,6466.204413,40618.91302
2024-05-20T11:00+02:00,-4867.2925,6407.166099,44552.47913
2024-05-20T12:00+02:00,-7302.775,6394.289249,46370.97512
2024-05-20T13:00+02:00,-8469.095,6349.064798,46227.28502
2024-05-20T14:00+02:00,-7639.1675,6362.930237,44966.52479
2024-05-20T15:00+02:00,-6591.625,6401.146119,42477.72762
2024-05-20T16:00+02:00,-2472.3575,6805.661637,38462.51342
2024-05-20T17:00+02:00,2039.23,8524.016057,32859.20632
2024-05-20T18:00+02:00,4955.0125,10376.79371,25198.47044
2024-05-20T19:00+02:00,7270.0775,11563.65955,18707.47428
2024-05-20T20:00+02:00,9703.4675,12157.03998,15872.42941
2024-05-20T21:00+02:00,7725.12,12396.03518,16989.44103
2024-05-20T22:00+02:00,5794.585,12377.1144,20399.36659
2024-05-20T23:00+02:00,5660.23,11528.2925,22447.62484
2024-05-21T00:00+02:00,4695.645,10372.18789,23544.89175
2024-05-21T01:00+02:00,3925.785,9784.422259,24114.40018
2024-05-21T02:00+02:00,4304.325,9659.613126,23248.84352
2024-05-21T03:00+02:00,4882.02,9681.139965,23206.33391
2024-05-21T04:00+02:00,5049.7975,9734.034626,23603.1902
2024-05-21T05:00+02:00,5999.15,10618.70395,23778.1134
2024-05-21T06:00+02:00,6394.6575,11804.22743,25285.97149
2024-05-21T07:00+02:00,7831.605,11723.45416,27873.73466
2024-05-21T08:00+02:00,8995.8575,11496.12658,32134.84056
2024-05-21T09:00+02:00,6931.8675,11032.74577,37991.316
2024-05-21T10:00+02:00,4573.92,11399.82669,44001.70048
2024-05-21T11:00+02:00,4573.7075,11626.03292,47318.76374
2024-05-21T12:00+02:00,2548.48,11908.97289,47734.52165
2024-05-21T13:00+02:00,2995.5575,12631.00166,45857.88085
2024-05-21T14:00+02:00,2563.505,13209.43019,43643.96151
2024-05-21T15:00+02:00,5662.6925,12816.14961,43229.26229
2024-05-21T16:00+02:00,5101.37,12902.31042,41332.87928
2024-05-21T17:00+02:00,4492.7175,13784.92614,37953.67962
2024-05-21T18:00+02:00,3693.3125,14412.18492,34328.41169
2024-05-21T19:00+02:00,4901.165,14351.3134,33019.0312
2024-05-21T20:00+02:00,3738.67,14346.91259,31890.51646
2024-05-21T21:00+02:00,3340.9725,14185.60354,31116.00616
2024-05-21T22:00+02:00,2444.615,13380.34054,30231.69773
2024-05-21T23:00+02:00,3034.0175,12745.6644,29500.69822
2024-05-22T00:00+02:00,1821.4925,13360.76522,30426.23872
2024-05-22T01:00+02:00,2832.3425,13359.37121,29764.26465
2024-05-22T02:00+02:00,3810.4575,13134.20041,29830.21809
2024-05-22T03:00+02:00,3389.03,12998.25943,29591.1979
2024-05-22T04:00+02:00,4461.11,13337.89429,27990.76728
2024-05-22T05:00+02:00,5589.7825,13740.5758,28162.98096
2024-05-22T06:00+02:00,6696.8925,14122.4093,30158.69879
2024-05-22T07:00+02:00,7043.9475,14484.45952,31200.38551
2024-05-22T08:00+02:00,7922.72,14549.02958,33301.65832
2024-05-22T09:00+02:00,7488.0575,13291.91093,36980.93668
2024-05-22T10:00+02:00,8492.7375,11506.40968,40570.57187
2024-05-22T11:00+02:00,8746.23,11281.08804,41564.23594
2024-05-22T12:00+02:00,8440.7625,11288.31963,41115.91351
2024-05-22T13:00+02:00,9702.8625,11026.10728,41538.3479
2024-05-22T14:00+02:00,10586.735,9944.212012,40911.80067
2024-05-22T15:00+02:00,10415.785,9761.016055,39953.09498
2024-05-22T16:00+02:00,9464.9225,11241.81199,37745.52864
2024-05-22T17:00+02:00,7592.3025,14204.16245,34144.02833
2024-05-22T18:00+02:00,9415.205,15506.2726,27598.9247
2024-05-22T19:00+02:00,10550.825,17869.83395,20746.07294
2024-05-22T20:00+02:00,11597.045,18866.99448,15833.67063
2024-05-22T21:00+02:00,11659.1875,19126.56071,13812.99678
2024-05-22T22:00+02:00,10739.39,18880.04523,13801.48442
2024-05-22T23:00+02:00,10203.955,17531.10891,14445.56409
2024-05-23T00:00+02:00,10582.7475,15600.49408,15443.51408
2024-05-23T01:00+02:00,10947.8525,14305.73097,16640.08244
2024-05-23T02:00+02:00,10833.69,13802.37628,17463.47308
2024-05-23T03:00+02:00,10850.6825,13910.46795,17932.35867
2024-05-23T04:00+02:00,10334.13,14025.51765,17183.45657
2024-05-23T05:00+02:00,9235.5025,15991.47386,16965.1288
2024-05-23T06:00+02:00,9416.3975,17915.5503,18729.83503
2024-05-23T07:00+02:00,7169.285,18177.29067,22976.04289
2024-05-23T08:00+02:00,7153.91,17421.95534,29585.33475
2024-05-23T09:00+02:00,4215.185,14295.39241,37422.126
2024-05-23T10:00+02:00,3845.77,12234.0459,43155.05628
2024-05-23T11:00+02:00,3665.5025,10869.34844,45679.09269
2024-05-23T12:00+02:00,1684.89,10502.86124,45914.13577
2024-05-23T13:00+02:00,2307.9275,10375.53736,44631.93906
2024-05-23T14:00+02:00,4538.8975,10200.78372,42576.24969
2024-05-23T15:00+02:00,4360.06,11747.80759,38383.34461
2024-05-23T16:00+02:00,4139.87,14148.21721,33162.60325
2024-05-23T17:00+02:00,4735.62,18548.49361,26978.16113
2024-05-23T18:00+02:00,7299.3575,20956.83244,20038.8302
2024-05-23T19:00+02:00,10059.185,21651.75504,14443.1773
2024-05-23T20:00+02:00,10919.7625,21970.69206,11309.30692
2024-05-23T21:00+02:00,9671.435,21947.43364,10251.73229
2024-05-23T22:00+02:00,8686.785,21698.13867,10264.8896
2024-05-23T23:00+02:00,7951.05,21065.92151,10226.92793
2024-05-24T00:00+02:00,7239.115,20765.39471,10213.74399
2024-05-24T01:00+02:00,7436.19,19941.88018,9827.147557
2024-05-24T02:00+02:00,7412.1225,19883.45172,9387.996021
2024-05-24T03:00+02:00,8167.2525,19511.52804,9255.778057
2024-05-24T04:00+02:00,8609.1275,19869.80182,9437.885676
2024-05-24T05:00+02:00,8537.9225,20727.34002,10397.34492
2024-05-24T06:00+02:00,9533.7175,21229.71704,12961.10262
2024-05-24T07:00+02:00,8822.7,21239.76453,17233.46712
2024-05-24T08:00+02:00,7371.93,21034.97337,22292.10443
2024-05-24T09:00+02:00,5443.5775,19793.82703,28025.98142
2024-05-24T10:00+02:00,4992.965,17215.91368,32951.47952
2024-05-24T11:00+02:00,4964.38,15677.13858,36356.63458
2024-05-24T12:00+02:00,4983.8625,15366.6773,37502.1352
2024-05-24T13:00+02:00,4866.3625,14840.31437,37816.12609
2024-05-24T14:00+02:00,4674.3925,14494.50071,37565.3988
2024-05-24T15:00+02:00,4490.22,13723.26651,37183.26388
2024-05-24T16:00+02:00,5578.4925,12865.05115,34386.33526
2024-05-24T17:00+02:00,3943.5175,15958.33635,30187.72596
2024-05-24T18:00+02:00,4118.575,18776.54461,24987.62724
2024-05-24T19:00+02:00,4959.2725,20141.78689,19592.01963
2024-05-24T20:00+02:00,5818.59,20679.47441,16088.71517
2024-05-24T21:00+02:00,5478.62,20293.12225,14673.47061
2024-05-24T22:00+02:00,5414.44,20004.36873,14302.8003
2024-05-24T23:00+02:00,5582.3825,18545.39925,14800.36156
2024-05-25T00:00+02:00,7146.67,15953.3271,14540.0075
2024-05-25T01:00+02:00,6897.7775,14898.02706,14395.87804
2024-05-25T02:00+02:00,7658.005,14516.57299,13743.0938
2024-05-25T03:00+02:00,8544.83,13807.43747,13476.22159
2024-05-25T04:00+02:00,8004.6325,13783.82991,13433.00964
2024-05-25T05:00+02:00,8334.1525,13844.86041,13803.36059
2024-05-25T06:00+02:00,8884.31,13385.5315,15817.46624
2024-05-25T07:00+02:00,7543.9375,12760.06921,19210.49657
2024-05-25T08:00+02:00,7308.775,11278.88748,23992.90396
2024-05-25T09:00+02:00,6492.635,10271.01087,29255.72108
2024-05-25T10:00+02:00,5489.2825,9160.249381,34424.94428
2024-05-25T11:00+02:00,3692.2475,8640.935924,38415.93473
2024-05-25T12:00+02:00,693.5075,8572.851002,41110.02187
2024-05-25T13:00+02:00,-864.36,8312.967155,41599.92387
2024-05-25T14:00+02:00,-1112.5875,8261.034289,40094.31113
2024-05-25T15:00+02:00,-5.5075,8308.934029,37691.03837
2024-05-25T16:00+02:00,3884.4525,8620.019769,33355.00293
2024-05-25T17:00+02:00,5886.685,10385.00978,28497.08104
2024-05-25T18:00+02:00,7480.8925,13095.27496,21645.655
2024-05-25T19:00+02:00,9610.2325,14872.87261,16089.91937
2024-05-25T20:00+02:00,10477.025,15514.06084,12538.3126
2024-05-25T21:00+02:00,10929.23,15531.63174,11055.41912
2024-05-25T22:00+02:00,9457.1025,15310.59103,11223.06133
2024-05-25T23:00+02:00,9611.47,14449.32313,10892.31874
2024-05-26T00:00+02:00,8820.44,13897.30618,10294.69863
2024-05-26T01:00+02:00,10000.4275,13183.67671,9262.113583
2024-05-26T02:00+02:00,10187.795,12839.12901,8979.726604
2024-05-26T03:00+02:00,11813.155,12440.1792,8897.159
2024-05-26T04:00+02:00,12109.9375,11743.66127,8776.733839
2024-05-26T05:00+02:00,13097.5025,10711.2027,9233.755773
2024-05-26T06:00+02:00,13338.5875,8740.92422,11993.28904
2024-05-26T07:00+02:00,11216.6575,8019.001248,18461.49456
2024-05-26T08:00+02:00,7440.77,7418.100625,26931.12378
2024-05-26T09:00+02:00,-1328.4375,7348.529501,35852.4536
2024-05-26T10:00+02:00,-6050.12,7171.349323,42027.41912
2024-05-26T11:00+02:00,-7425.465,7199.426734,45018.23867
2024-05-26T12:00+02:00,-7834.1575,7293.801571,45788.83498
2024-05-26T13:00+02:00,-7952.6075,7616.785989,44213.80726
2024-05-26T14:00+02:00,-6091.33,7667.978747,41648.98163
2024-05-26T15:00+02:00,-4298.8,7740.108871,39244.53654
2024-05-26T16:00+02:00,-191.0475,8134.783067,35945.00473
2024-05-26T17:00+02:00,3009.6125,8391.413282,32783.23445
2024-05-26T18:00+02:00,3779.57,10406.79253,28420.32721
2024-05-26T19:00+02:00,3450.945,13542.33439,22790.82833
2024-05-26T20:00+02:00,4931.165,14536.12309,19823.65058
2024-05-26T21:00+02:00,5730.6825,14576.58299,18840.12929
2024-05-26T22:00+02:00,4543.3425,14753.09066,19204.12723
2024-05-26T23:00+02:00,6550.3675,13886.69658,19312.5366
2024-05-27T00:00+02:00,5451.02,13205.05771,17811.54875
2024-05-27T01:00+02:00,6933.3625,13262.87316,17095.77458
2024-05-27T02:00+02:00,8503.5675,12912.77302,16601.76433
2024-05-27T03:00+02:00,9580.7975,12998.16831,16524.9533
2024-05-27T04:00+02:00,9341.435,13494.66102,16758.28992
2024-05-27T05:00+02:00,8847.0375,14721.5388,16802.31288
2024-05-27T06:00+02:00,9147.485,16552.23534,18188.49138
2024-05-27T07:00+02:00,8633.015,17587.05368,20371.68705
2024-05-27T08:00+02:00,10266.0725,16814.35359,24040.97175
2024-05-27T09:00+02:00,10101.9625,15215.20952,30105.20427
2024-05-27T10:00+02:00,9138.58,12283.96401,35961.65199
2024-05-27T11:00+02:00,7962.4,10406.13548,38863.33863
2024-05-27T12:00+02:00,6445.54,9993.109509,41080.08581
2024-05-27T13:00+02:00,6219.155,9759.985893,41388.47393
2024-05-27T14:00+02:00,4584.0375,11330.85687,40208.91653
2024-05-27T15:00+02:00,5157.21,12439.76921,37460.07858
2024-05-27T16:00+02:00,5963.605,14079.19965,32335.47583
2024-05-27T17:00+02:00,5565.37,18191.48106,25404.79179
2024-05-27T18:00+02:00,6946.125,21620.25265,18988.05226
2024-05-27T19:00+02:00,9207.0775,22514.73248,14372.12102
2024-05-27T20:00+02:00,8979.885,22711.42476,12505.91395
2024-05-27T21:00+02:00,8335.1175,22284.60666,12055.70024
2024-05-27T22:00+02:00,7392.3025,21882.5684,11813.46347
2024-05-27T23:00+02:00,6022.6575,21023.29194,11941.41693
2024-05-28T00:00+02:00,7822.86,18272.96932,12265.03001
2024-05-28T01:00+02:00,6881.7025,17159.67382,13147.99884
2024-05-28T02:00+02:00,6550.64,16454.80455,14178.51667
2024-05-28T03:00+02:00,6977.2025,16021.46014,14568.82269
2024-05-28T04:00+02:00,6909.0375,16306.59785,15409.13769
2024-05-28T05:00+02:00,6676.835,17176.02597,16557.05879
2024-05-28T06:00+02:00,7253.235,18156.28291,18713.72154
2024-05-28T07:00+02:00,7355.8525,18439.98222,21344.73635
2024-05-28T08:00+02:00,7360.53,18234.49692,26020.84468
2024-05-28T09:00+02:00,5579.555,16888.75092,31797.61767
2024-05-28T10:00+02:00,5408.735,13915.05412,36362.88574
2024-05-28T11:00+02:00,4433.3075,13176.70269,39339.71164
2024-05-28T12:00+02:00,4332.6225,12631.54594,40425.05907
2024-05-28T13:00+02:00,2829.225,12467.50061,41307.13
2024-05-28T14:00+02:00,2032.1775,12272.71401,41903.791
2024-05-28T15:00+02:00,2231.7875,12304.19758,40901.40165
2024-05-28T16:00+02:00,2434.565,13347.92145,38182.56077
2024-05-28T17:00+02:00,1857.0175,16210.2581,32259.11805
2024-05-28T18:00+02:00,3827.885,19259.90363,24828.28436
2024-05-28T19:00+02:00,7611.07,20124.18764,18170.09581
2024-05-28T20:00+02:00,9186.3075,20100.96374,14847.51603
2024-05-28T21:00+02:00,8939.45,19823.21963,15871.17988
2024-05-28T22:00+02:00,6963.915,18511.75064,18574.41649
2024-05-28T23:00+02:00,5213.7175,15886.64406,21795.6598
2024-05-29T00:00+02:00,6045.1575,12404.71921,24420.39045
2024-05-29T01:00+02:00,5667.1575,11674.11629,25513.44259
2024-05-29T02:00+02:00,5500.8275,11311.98394,25632.32121
2024-05-29T03:00+02:00,6467.56,11051.16644,25684.1077
2024-05-29T04:00+02:00,6551.355,11465.31426,26033.91132
2024-05-29T05:00+02:00,7067.4175,12127.48941,26514.38265
2024-05-29T06:00+02:00,7659.3525,13443.04297,29456.89031
2024-05-29T07:00+02:00,7021.08,13497.14247,33649.96918
2024-05-29T08:00+02:00,4987.68,13037.22012,38258.5137
2024-05-29T09:00+02:00,5470.335,11229.20609,43808.67795
2024-05-29T10:00+02:00,4918.3925,10603.80279,47328.53911
2024-05-29T11:00+02:00,3823.0825,11279.144,49895.34047
2024-05-29T12:00+02:00,1699.125,10780.58361,50038.6282
2024-05-29T13:00+02:00,2850.5275,10554.05997,48369.3496
2024-05-29T14:00+02:00,2768.3825,10836.60052,46650.60746
2024-05-29T15:00+02:00,3166.21,10304.05851,44298.09489
2024-05-29T16:00+02:00,3792.0425,11359.43607,40251.08379
2024-05-29T17:00+02:00,5871.01,13633.47243,34354.12359
2024-05-29T18:00+02:00,7301.95,16326.05252,28746.96207
2024-05-29T19:00+02:00,6508.3625,18318.2971,23478.04924
2024-05-29T20:00+02:00,6615.845,18570.14317,19334.53701
2024-05-29T21:00+02:00,6050.5125,18370.8532,16964.84605
2024-05-29T22:00+02:00,5213.8375,18340.95292,15491.47106
2024-05-29T23:00+02:00,7614.2625,17884.32664,14764.47001
2024-05-30T00:00+02:00,7228.7325,17375.40476,13814.04109
2024-05-30T01:00+02:00,7432.7025,16707.32584,12980.63019
2024-05-30T02:00+02:00,8171.5875,16257.06368,12455.61639
2024-05-30T03:00+02:00,8822.75,16197.27515,11905.31915
2024-05-30T04:00+02:00,8458.6525,16235.81978,11711.14498
2024-05-30T05:00+02:00,7922.08,16423.01867,11833.41617
2024-05-30T06:00+02:00,7677.0575,16643.61656,13533.53886
2024-05-30T07:00+02:00,8968.8825,15947.77792,16502.29705
2024-05-30T08:00+02:00,7119.11,15263.90685,21374.77978
2024-05-30T09:00+02:00,5241.3775,13389.63883,27295.058
2024-05-30T10:00+02:00,5413.3075,11656.72535,32113.81386
2024-05-30T11:00+02:00,4925.0425,9893.644866,35240.71237
2024-05-30T12:00+02:00,2657.31,10567.54176,36349.91923
2024-05-30T13:00+02:00,3081.85,10612.11337,35507.5289
2024-05-30T14:00+02:00,4352.4025,10892.77817,33535.88137
2024-05-30T15:00+02:00,4747.3925,11832.5028,31015.40936
2024-05-30T16:00+02:00,5749.96,12925.4983,28035.1223
2024-05-30T17:00+02:00,7288.595,14621.96186,24812.3558
2024-05-30T18:00+02:00,6319.2875,17331.93452,20504.9023
2024-05-30T19:00+02:00,6910.295,18394.44947,16595.37261
2024-05-30T20:00+02:00,7826.69,18599.51005,13839.09375
2024-05-30T21:00+02:00,6801.42,18681.90056,12933.35593
2024-05-30T22:00+02:00,8836.5,18398.71424,12447.70843
2024-05-30T23:00+02:00,8104.065,18001.0129,12294.40749
2024-05-31T00:00+02:00,9611.6425,16091.45586,12876.53703
2024-05-31T01:00+02:00,10520.1275,14254.33187,13055.18932
2024-05-31T02:00+02:00,10433.5925,13439.4147,12955.14666
2024-05-31T03:00+02:00,12033.37,13262.3602,12997.76994
2024-05-31T04:00+02:00,11150.4925,13670.36226,13363.71081
2024-05-31T05:00+02:00,10338.8275,15448.68039,13644.11338
2024-05-31T06:00+02:00,10232.7375,16225.10273,15646.7361
2024-05-31T07:00+02:00,10267.87,15845.03299,18273.72988
2024-05-31T08:00+02:00,10029.7525,15765.6731,21552.52478
2024-05-31T09:00+02:00,10711.1325,15419.48271,24905.29794
2024-05-31T10:00+02:00,9735.5175,14922.86856,27947.13467
2024-05-31T11:00+02:00,9569.265,13667.44968,30625.55181
2024-05-31T12:00+02:00,9878.865,12175.7163,32759.75478
2024-05-31T13:00+02:00,9247.365,11351.00731,34635.10235
2024-05-31T14:00+02:00,8139.415,11288.13062,35191.99052
2024-05-31T15:00+02:00,8785.4375,11125.82157,33694.94591
2024-05-31T16:00+02:00,8154.4925,11909.52431,31557.0771
2024-05-31T17:00+02:00,8320,13183.33573,27925.13886
2024-05-31T18:00+02:00,8140.1675,15597.90502,23582.66094
2024-05-31T19:00+02:00,9245.5525,16087.21705,20046.72812
2024-05-31T20:00+02:00,7970.4725,16130.0453,18688.81168
2024-05-31T21:00+02:00,7887.47,16021.76904,17826.39448
2024-05-31T22:00+02:00,7890.68,15652.78181,17700.75335
2024-05-31T23:00+02:00,9143.9125,13710.44835,17506.17792
2024-06-01T00:00+02:00,9268.5825,10810.95156,17486.81415
2024-06-01T01:00+02:00,9433.2275,9884.683152,17337.55798
2024-06-01T02:00+02:00,9267.62,9296.628627,18057.56912
2024-06-01T03:00+02:00,9362.0175,8550.2689,18129.45377
2024-06-01T04:00+02:00,9238.2525,8484.736191,18103.43121
2024-06-01T05:00+02:00,9110.0625,8646.728043,18584.80097
2024-06-01T06:00+02:00,9419.7275,8706.39179,19545.69389
2024-06-01T07:00+02:00,10411.2725,8390.572432,20798.2982
2024-06-01T08:00+02:00,11055.8675,7831.349464,23330.1868
2024-06-01T09:00+02:00,11290.4425,6898.873774,27317.12774
2024-06-01T10:00+02:00,10619.73,6503.915765,32321.21598
2024-06-01T11:00+02:00,9320.1925,6409.200435,36644.95717
2024-06-01T12:00+02:00,7571.52,6331.611768,38884.8238
2024-06-01T13:00+02:00,3924.9525,6447.205625,40385.06343
2024-06-01T14:00+02:00,4242.7075,6676.736879,40485.1664
2024-06-01T15:00+02:00,2613.27,6781.415174,40955.50862
2024-06-01T16:00+02:00,3444.26,7012.776179,39813.61255
2024-06-01T17:00+02:00,4794.0175,7389.896195,37385.25459
2024-06-01T18:00+02:00,4817.8875,8193.129971,32962.59229
2024-06-01T19:00+02:00,3697.52,8961.557643,28621.54937
2024-06-01T20:00+02:00,3394.4575,9253.776294,25735.58728
2024-06-01T21:00+02:00,2621.845,9742.43076,24792.76887
2024-06-01T22:00+02:00,2917.205,9498.663958,24732.38392
2024-06-01T23:00+02:00,3291.915,9181.597903,24246.42216
2024-06-02T00:00+02:00,4487.8375,8593.054911,24219.67623
2024-06-02T01:00+02:00,5439.215,7902.435359,24090.7428
2024-06-02T02:00+02:00,5322.2225,7343.480824,24068.90501
2024-06-02T03:00+02:00,6050.045,7190.04877,24052.47001
2024-06-02T04:00+02:00,6419.97,7133.914102,24742.17125
2024-06-02T05:00+02:00,5957.3325,7019.935397,24674.61891
2024-06-02T06:00+02:00,5295.855,6665.382242,26423.07071
2024-06-02T07:00+02:00,4396.445,6580.268458,28421.64491
2024-06-02T08:00+02:00,4450.01,6168.385432,31962.02949
2024-06-02T09:00+02:00,3097.385,6143.356423,34876.17417
2024-06-02T10:00+02:00,2091.78,6207.754983,38032.92073
2024-06-02T11:00+02:00,538.61,6205.850944,41588.69966
2024-06-02T12:00+02:00,1245.1475,5943.333773,43637.08871
2024-06-02T13:00+02:00,-701.6775,5891.449192,44914.89484
2024-06-02T14:00+02:00,-2353.915,5943.00273,44841.16941
2024-06-02T15:00+02:00,-1981.985,6084.938734,44195.01359
2024-06-02T16:00+02:00,-1056.51,6185.40841,43149.99525
2024-06-02T17:00+02:00,2777.9425,6318.563986,39920.70952
2024-06-02T18:00+02:00,3470.0025,7525.100382,36424.14582
2024-06-02T19:00+02:00,3945.835,10306.24063,31166.42194
2024-06-02T20:00+02:00,4144.1275,11332.56436,26962.37842
2024-06-02T21:00+02:00,3764.7375,12076.54813,25027.96348
2024-06-02T22:00+02:00,4413.4025,12314.76603,23131.58059
2024-06-02T23:00+02:00,4161.985,12396.61257,21701.63852
2024-06-03T00:00+02:00,6939.47,12302.83319,20115.53164
2024-06-03T01:00+02:00,7366.63,12543.24726,19376.45311
2024-06-03T02:00+02:00,8925.015,12372.62796,18370.49225
2024-06-03T03:00+02:00,9447.0875,12473.6253,17706.14932
2024-06-03T04:00+02:00,9444.0975,13713.34173,17935.77844
2024-06-03T05:00+02:00,9622.39,15340.69709,17924.52176
2024-06-03T06:00+02:00,9237.655,17269.15545,18234.73299
2024-06-03T07:00+02:00,8764.3875,18253.75836,19424.62552
2024-06-03T08:00+02:00,9318.91,18757.92439,21390.48255
2024-06-03T09:00+02:00,8000.8225,18953.20762,24243.87008
2024-06-03T10:00+02:00,9095.02,18869.99845,27075.24291
2024-06-03T11:00+02:00,8448.85,18563.51026,30322.97421
2024-06-03T12:00+02:00,7044.8425,17694.15006,33401.34048
2024-06-03T13:00+02:00,6074.1575,16658.32838,35795.79916
2024-06-03T14:00+02:00,4542.625,15996.84511,36267.60957
2024-06-03T15:00+02:00,3943.4925,16894.33719,34948.65831
2024-06-03T16:00+02:00,4572.4475,17999.79874,31875.29099
2024-06-03T17:00+02:00,6638.9375,18878.5269,27376.01226
2024-06-03T18:00+02:00,7859.31,19860.56391,22589.89888
2024-06-03T19:00+02:00,10454.22,20510.10767,17810.15507
2024-06-03T20:00+02:00,11956.005,20684.31518,13926.60992
2024-06-03T21:00+02:00,11791.295,20609.22758,11881.62447
2024-06-03T22:00+02:00,11032.4325,20412.97615,11474.58857
2024-06-03T23:00+02:00,11897.8025,19146.32717,11010.6509
2024-06-04T00:00+02:00,11464.4475,18714.26106,10364.22242
2024-06-04T01:00+02:00,12345.32,18709.44876,9742.535435
2024-06-04T02:00+02:00,12668.4625,18607.06556,9095.117638
2024-06-04T03:00+02:00,12962.3725,18810.48948,8515.128864
2024-06-04T04:00+02:00,13561.23,19182.26908,8273.197536
2024-06-04T05:00+02:00,13934.1675,19295.89113,8735.286667
2024-06-04T06:00+02:00,14744.6025,20057.77409,10870.27046
2024-06-04T07:00+02:00,13002.9025,19921.10776,15196.51623
2024-06-04T08:00+02:00,10516.0825,19477.65423,21635.98492
2024-06-04T09:00+02:00,6750.575,17577.77975,28726.25339
2024-06-04T10:00+02:00,7336.5025,14090.92572,33441.92879
2024-06-04T11:00+02:00,8908.8,11868.32677,36940.76667
2024-06-04T12:00+02:00,7366.2,10062.92305,40881.05624
2024-06-04T13:00+02:00,5528.685,9687.361317,43039.86319
2024-06-04T14:00+02:00,3484.2525,9543.520372,44005.8655
2024-06-04T15:00+02:00,2683.1875,9540.830196,43150.02609
2024-06-04T16:00+02:00,5084.5,9928.899469,39242.95708
2024-06-04T17:00+02:00,3705.6475,13395.75363,34539.47159
2024-06-04T18:00+02:00,4931.365,17921.14564,27963.97104
2024-06-04T19:00+02:00,7427.45,19721.40563,21409.76121
2024-06-04T20:00+02:00,7978.2175,20159.11149,18457.465
2024-06-04T21:00+02:00,7025.2775,20192.85728,18309.8848
2024-06-04T22:00+02:00,5325.0775,19572.49253,19451.0198
2024-06-04T23:00+02:00,5801.965,16758.25009,22009.80632
2024-06-05T00:00+02:00,7499.5675,12601.855,24635.55088
2024-06-05T01:00+02:00,4983.85,10809.77665,28951.2997
2024-06-05T02:00+02:00,3881.2125,9937.333617,29518.15519
2024-06-05T03:00+02:00,2117.225,9946.265688,30494.09041
2024-06-05T04:00+02:00,2985.315,10139.25241,31425.52543
2024-06-05T05:00+02:00,4820.745,10576.95382,30389.38533
2024-06-05T06:00+02:00,4675.525,12597.18774,32362.48167
2024-06-05T07:00+02:00,5501.845,12668.02672,33778.88999
2024-06-05T08:00+02:00,5019.1025,12214.85046,38375.70245
2024-06-05T09:00+02:00,5517.3675,10671.49253,41998.62926
2024-06-05T10:00+02:00,5487.345,10076.94032,44609.39487
2024-06-05T11:00+02:00,5701.81,10150.93569,45214.91887
2024-06-05T12:00+02:00,4889.105,10555.07464,44698.33459
2024-06-05T13:00+02:00,5179.8275,11109.06732,45204.44821
2024-06-05T14:00+02:00,5105.235,10366.75829,44646.92057
2024-06-05T15:00+02:00,4357.0275,10558.79994,43388.78962
2024-06-05T16:00+02:00,6464.9675,11772.62346,40246.45438
2024-06-05T17:00+02:00,6669.36,14705.72233,35150.13577
2024-06-05T18:00+02:00,7030.3975,17740.90499,30575.38099
2024-06-05T19:00+02:00,8534.7225,19580.66033,25233.62068
2024-06-05T20:00+02:00,7993.38,19899.09645,20492.88162
2024-06-05T21:00+02:00,7745.3675,19853.20444,18292.75727
2024-06-05T22:00+02:00,6144.1425,19733.88794,17992.62911
2024-06-05T23:00+02:00,5752.2725,19039.08739,17565.32709
2024-06-06T00:00+02:00,4571.73,18709.91339,17133.21889
2024-06-06T01:00+02:00,5055.67,18321.94913,15963.80256
2024-06-06T02:00+02:00,4927.45,18252.10406,15893.51787
2024-06-06T03:00+02:00,5579.0625,17825.16713,15891.20809
2024-06-06T04:00+02:00,5227.8325,18085.46126,16718.63007
2024-06-06T05:00+02:00,5707.8525,18794.41462,17537.553
2024-06-06T06:00+02:00,6373.0575,19202.99488,20371.79422
2024-06-06T07:00+02:00,5331.7375,19426.62703,25574.55164
2024-06-06T08:00+02:00,4996.1225,16750.46692,32731.6013
2024-06-06T09:00+02:00,5786.8175,12676.00488,40439.51459
2024-06-06T10:00+02:00,3251.435,10531.85821,46869.07556
2024-06-06T11:00+02:00,-300.6225,9762.381542,51133.83092
2024-06-06T12:00+02:00,-4499.36,9549.77946,53094.10664
2024-06-06T13:00+02:00,-4869.285,9579.713238,52802.81283
2024-06-06T14:00+02:00,-2998.72,9577.05381,50929.02474
2024-06-06T15:00+02:00,-1440.8825,9604.172145,48307.0261
2024-06-06T16:00+02:00,2297.9075,10439.61481,41988.47762
2024-06-06T17:00+02:00,4578.2325,13312.20182,34529.39639
2024-06-06T18:00+02:00,7784.8875,17744.70957,25980.14255
2024-06-06T19:00+02:00,9951.495,19995.79926,18755.40157
2024-06-06T20:00+02:00,11149.195,20835.57561,13946.75676
2024-06-06T21:00+02:00,10556.555,20630.29611,11800.53482
2024-06-06T22:00+02:00,9941.6,20542.19631,11551.02176
2024-06-06T23:00+02:00,9595.84,20004.4256,11565.91317
2024-06-07T00:00+02:00,9605.6825,18771.42808,11094.1007
2024-06-07T01:00+02:00,8939.5075,18661.9812,10697.2476
2024-06-07T02:00+02:00,8944.355,18653.21257,10263.45187
2024-06-07T03:00+02:00,9806.075,18419.20429,10388.92787
2024-06-07T04:00+02:00,10051.8325,18245.45334,10500.48212
2024-06-07T05:00+02:00,10029.415,18474.19677,11038.65193
2024-06-07T06:00+02:00,10144.6325,18791.73987,14144.79309
2024-06-07T07:00+02:00,9418.9175,19015.61003,19841.57591
2024-06-07T08:00+02:00,8648.36,17287.18122,27575.06571
2024-06-07T09:00+02:00,6869.5225,13553.86619,36958.84405
2024-06-07T10:00+02:00,5713.99,9405.324304,44925.15961
2024-06-07T11:00+02:00,967.1625,8538.809909,49832.3642
2024-06-07T12:00+02:00,-2596.6975,8360.062625,51806.84481
2024-06-07T13:00+02:00,-3403.65,8243.680947,52368.90262
2024-06-07T14:00+02:00,-3976.73,8232.062459,51274.44366
2024-06-07T15:00+02:00,-2463.495,8192.706085,48394.08936
2024-06-07T16:00+02:00,2017.115,8214.563324,43886.1188
2024-06-07T17:00+02:00,5765.0925,9510.329786,36676.5823
2024-06-07T18:00+02:00,7811.6575,13011.26127,28100.99302
2024-06-07T19:00+02:00,9485.1925,15905.13743,20246.73573
2024-06-07T20:00+02:00,10777.185,16460.75188,15037.81339
2024-06-07T21:00+02:00,11129.8825,16569.66522,12779.89555
2024-06-07T22:00+02:00,10683.7375,16125.04327,12666.59723
2024-06-07T23:00+02:00,9021.9175,15387.634,13556.61676
2024-06-08T00:00+02:00,8343.7075,14356.60325,14121.64296
2024-06-08T01:00+02:00,8033.2325,13430.79912,14066.65936
2024-06-08T02:00+02:00,7913.03,12992.27948,15986.34072
2024-06-08T03:00+02:00,7946.8875,12288.37092,16693.79083
2024-06-08T04:00+02:00,8418.285,11505.04761,17153.98103
2024-06-08T05:00+02:00,7698.6875,10897.26147,17083.20495
2024-06-08T06:00+02:00,6778.425,10528.29326,20463.11056
2024-06-08T07:00+02:00,7228.42,8271.584675,27251.43962
2024-06-08T08:00+02:00,1993.8475,6849.457044,35403.52463
2024-06-08T09:00+02:00,-4931.0025,6611.300971,44820.1981
2024-06-08T10:00+02:00,-8588.6575,6188.071132,50936.73043
2024-06-08T11:00+02:00,-12728.4,6101.738261,56442.86388
2024-06-08T12:00+02:00,-15040.9275,6053.249117,57570.9546
2024-06-08T13:00+02:00,-14862.545,6007.778285,56315.29344
2024-06-08T14:00+02:00,-10921.9575,5978.798171,51838.43283
2024-06-08T15:00+02:00,-9452.4225,6124.691639,48678.91071
2024-06-08T16:00+02:00,-7270.6025,6777.741207,44634.17016
2024-06-08T17:00+02:00,-3836.76,7993.752131,40467.16576
2024-06-08T18:00+02:00,426.6525,9409.858048,33676.87105
2024-06-08T19:00+02:00,2223.2575,10211.66265,29296.41345
2024-06-08T20:00+02:00,1743.3275,10483.61832,27046.30373
2024-06-08T21:00+02:00,2311.0675,9394.583891,25481.03125
2024-06-08T22:00+02:00,1631.4,9259.789634,25085.03943
2024-06-08T23:00+02:00,2092.035,9330.718171,24161.22682
2024-06-09T00:00+02:00,4468.7975,9293.953561,23238.51491
2024-06-09T01:00+02:00,5527.58,9420.098291,22370.14386
2024-06-09T02:00+02:00,5542,9519.520157,22187.63496
2024-06-09T03:00+02:00,5820.66,9600.547253,21516.41148
2024-06-09T04:00+02:00,5846.4875,9499.374286,21126.12206
2024-06-09T05:00+02:00,5593.14,9533.034117,21197.71611
2024-06-09T06:00+02:00,5367.98,9256.305754,23497.04498
2024-06-09T07:00+02:00,3208.845,8320.90887,27838.8581
2024-06-09T08:00+02:00,-1254.395,7882.697507,34228.40676
2024-06-09T09:00+02:00,-6447.945,7548.228262,42265.9262
2024-06-09T10:00+02:00,-8553.1025,7376.999693,46298.20957
2024-06-09T11:00+02:00,-9809.2975,6931.585248,48507.01387
2024-06-09T12:00+02:00,-9545.2225,6600.826056,47433.56824
2024-06-09T13:00+02:00,-9751.0225,6451.563004,46536.43974
2024-06-09T14:00+02:00,-9358.86,6454.354485,45079.94688
2024-06-09T15:00+02:00,-8842.7475,6563.58936,43982.64399
2024-06-09T16:00+02:00,-8190.6825,6972.259136,43107.70033
2024-06-09T17:00+02:00,-3712.6075,7534.913254,39348.7958
2024-06-09T18:00+02:00,824.205,9059.507717,35409.03212
2024-06-09T19:00+02:00,3437.025,11048.38134,28083.4122
2024-06-09T20:00+02:00,3772.2925,11842.53709,24131.60255
2024-06-09T21:00+02:00,4837.7325,12124.1761,21856.67811
2024-06-09T22:00+02:00,5836.43,12341.92706,21716.45679
2024-06-09T23:00+02:00,5412.25,12576.36575,21347.84688
2024-06-10T00:00+02:00,7508.52,11828.23545,20547.44676
2024-06-10T01:00+02:00,8691.325,11746.75464,20242.83412
2024-06-10T02:00+02:00,9798.36,11881.30429,19687.37586
2024-06-10T03:00+02:00,10066.935,12098.45679,18770.6336
2024-06-10T04:00+02:00,9482.75,13652.05948,18010.62054
2024-06-10T05:00+02:00,8934.43,14761.40539,17670.08156
2024-06-10T06:00+02:00,8605.5575,16512.45037,18492.00017
2024-06-10T07:00+02:00,6814.665,17283.25891,21546.5836
2024-06-10T08:00+02:00,4754.23,17542.24824,27869.92213
2024-06-10T09:00+02:00,2207.565,16366.85671,35594.26071
2024-06-10T10:00+02:00,364.6375,14129.03321,41079.42471
2024-06-10T11:00+02:00,1447.49,11870.05111,44616.76127
2024-06-10T12:00+02:00,1971.8,10043.09573,45173.62805
2024-06-10T13:00+02:00,2833.0475,10382.77549,45523.65336
2024-06-10T14:00+02:00,3207.755,10043.76803,44410.25838
2024-06-10T15:00+02:00,3988.7725,10114.50502,41625.32109
2024-06-10T16:00+02:00,6257.2725,10897.99412,38259.81712
2024-06-10T17:00+02:00,6406.72,12661.57635,34868.43551
2024-06-10T18:00+02:00,6138.7325,14135.99266,31842.91145
2024-06-10T19:00+02:00,6547.8825,14611.77373,28696.61678
2024-06-10T20:00+02:00,5430.0725,15221.68776,27181.37428
2024-06-10T21:00+02:00,4285.72,15251.37198,27876.15262
2024-06-10T22:00+02:00,2922.4075,15034.38728,28484.84208
2024-06-10T23:00+02:00,2390.6625,13911.42536,29861.70237
2024-06-11T00:00+02:00,2569.4975,11359.58593,31105.66238
2024-06-11T01:00+02:00,3195.02,10870.88017,31635.37569
2024-06-11T02:00+02:00,2504.035,10869.62243,32428.38892
2024-06-11T03:00+02:00,2358.56,10749.95389,32532.44167
2024-06-11T04:00+02:00,2951.75,10508.69172,32595.02844
2024-06-11T05:00+02:00,3503.05,10780.85542,32440.34174
2024-06-11T06:00+02:00,3919.275,10939.25825,34334.9213
2024-06-11T07:00+02:00,3771.2925,12079.12461,38049.83057
2024-06-11T08:00+02:00,2766.07,11371.09251,42558.77754
2024-06-11T09:00+02:00,360.485,10858.53375,46593.87338
2024-06-11T10:00+02:00,-2570.9225,11004.14508,50281.32702
2024-06-11T11:00+02:00,-3677.9475,9509.280262,54024.92066
2024-06-11T12:00+02:00,-4960.8675,8301.975225,56029.69422
2024-06-11T13:00+02:00,-5572.2325,8204.32478,56828.65066
2024-06-11T14:00+02:00,-6162.1475,8325.965953,56080.39993
2024-06-11T15:00+02:00,-5913.165,8360.495811,54213.22856
2024-06-11T16:00+02:00,-4374.485,8989.834842,50154.30075
2024-06-11T17:00+02:00,351.5825,10210.97525,45482.38783
2024-06-11T18:00+02:00,2691.6475,12613.32125,39241.67048
2024-06-11T19:00+02:00,5889.5875,14465.26497,31618.01429
2024-06-11T20:00+02:00,7195.11,14853.46811,25917.96313
2024-06-11T21:00+02:00,7514.49,14781.35569,23709.50304
2024-06-11T22:00+02:00,7305.7525,14863.32674,23070.50179
2024-06-11T23:00+02:00,7161.8975,14611.52384,23325.86894
2024-06-12T00:00+02:00,6836.5275,13416.85956,23244.17469
2024-06-12T01:00+02:00,7977.3225,12633.17473,22490.53781
2024-06-12T02:00+02:00,8495.4125,12400.85635,22477.70813
2024-06-12T03:00+02:00,9366.33,12423.37019,21704.27052
2024-06-12T04:00+02:00,8881.4575,12748.63345,21870.26841
2024-06-12T05:00+02:00,8992.4925,13359.55087,21756.52821
2024-06-12T06:00+02:00,9456.985,14779.33865,23277.22136
2024-06-12T07:00+02:00,7952.3125,15083.14911,27572.78426
2024-06-12T08:00+02:00,6405.7425,13339.08348,35795.09232
2024-06-12T09:00+02:00,3135.225,10486.46599,43928.12241
2024-06-12T10:00+02:00,1005.965,9852.256496,47902.4255
2024-06-12T11:00+02:00,-1096.98,9558.780725,50245.15158
2024-06-12T12:00+02:00,-1769.14,9426.135271,51199.02728
2024-06-12T13:00+02:00,-2691.49,9387.925791,51103.80158
2024-06-12T14:00+02:00,-3982.735,9388.823665,51968.60667
2024-06-12T15:00+02:00,-2289.1625,9681.182507,49191.93002
2024-06-12T16:00+02:00,1399.9075,9883.435483,45178.97552
2024-06-12T17:00+02:00,3155.8875,12304.05862,39110.12303
2024-06-12T18:00+02:00,4449.38,16920.32777,32203.379
2024-06-12T19:00+02:00,5820.5475,19119.80381,25629.92597
2024-06-12T20:00+02:00,7330.7475,19796.11438,20491.12898
2024-06-12T21:00+02:00,7094.865,20200.92843,17865.40893
2024-06-12T22:00+02:00,5231.47,20200.5758,16733.4331
2024-06-12T23:00+02:00,6980.945,19087.52625,16477.23365
2024-06-13T00:00+02:00,6020.1525,18475.97981,16154.99263
2024-06-13T01:00+02:00,6434.3225,17917.13183,15928.70579
2024-06-13T02:00+02:00,7393.9125,17649.96137,15469.39732
2024-06-13T03:00+02:00,7130.9975,17691.66758,15723.16789
2024-06-13T04:00+02:00,7918.995,17669.16772,15771.84261
2024-06-13T05:00+02:00,7916.0025,18559.85788,15887.7564
2024-06-13T06:00+02:00,9273.08,18932.00401,17852.99099
2024-06-13T07:00+02:00,8293.0425,19092.63193,21136.59427
2024-06-13T08:00+02:00,6454.7525,18210.94277,27932.81921
2024-06-13T09:00+02:00,6701.1325,13830.2069,35160.07435
2024-06-13T10:00+02:00,6351.2175,10565.85863,41204.66235
2024-06-13T11:00+02:00,4912.585,10001.85889,44608.7421
2024-06-13T12:00+02:00,3630.7775,9694.567014,45935.09493
2024-06-13T13:00+02:00,2408.16,9592.222221,46418.82773
2024-06-13T14:00+02:00,915.3375,9594.229622,45298.18048
2024-06-13T15:00+02:00,2962.7175,9757.498,42319.51272
2024-06-13T16:00+02:00,5444.2625,10534.80798,37509.40938
2024-06-13T17:00+02:00,6151.885,14185.97137,31663.7091
2024-06-13T18:00+02:00,6639.415,18739.38366,24281.59965
2024-06-13T19:00+02:00,10383.9725,20214.30363,17211.10817
2024-06-13T20:00+02:00,10942.5175,20766.20182,13037.31585
2024-06-13T21:00+02:00,9472.72,20826.31682,12388.61792
2024-06-13T22:00+02:00,8617.865,19944.6036,13990.11029
2024-06-13T23:00+02:00,7962.61,17883.92954,16499.10895
2024-06-14T00:00+02:00,6640.37,15368.38163,18654.85252
2024-06-14T01:00+02:00,8214.11,12016.9803,20216.0014
2024-06-14T02:00+02:00,7591.045,11072.94255,21559.07793
2024-06-14T03:00+02:00,7783.02,10881.28054,22727.61697
2024-06-14T04:00+02:00,7048.5225,11084.28359,23204.45646
2024-06-14T05:00+02:00,6447.3925,12126.79724,24232.68253
2024-06-14T06:00+02:00,7740.5025,13185.68263,26075.20265
2024-06-14T07:00+02:00,9792.305,13464.59858,26957.70778
2024-06-14T08:00+02:00,10223.65,13612.10447,28561.83322
2024-06-14T09:00+02:00,10087.165,13253.87569,31455.57292
2024-06-14T10:00+02:00,9381.8725,12068.00218,35433.15277
2024-06-14T11:00+02:00,9557.945,10126.23886,40745.76619
2024-06-14T12:00+02:00,6851.0875,8851.227241,45254.60766
2024-06-14T13:00+02:00,5089.5125,8721.802838,46154.39051
2024-06-14T14:00+02:00,2190.81,9326.432892,45247.56019
2024-06-14T15:00+02:00,3990.72,9859.776949,42786.8442
2024-06-14T16:00+02:00,6976.505,10401.29253,39296.68967
2024-06-14T17:00+02:00,6686.8375,11770.37693,34936.88995
2024-06-14T18:00+02:00,6896.64,13069.81827,29874.14397
2024-06-14T19:00+02:00,6844.4775,13108.73701,24807.78542
2024-06-14T20:00+02:00,8411.35,13719.29717,20782.90027
2024-06-14T21:00+02:00,6607.56,13733.04194,20451.38509
2024-06-14T22:00+02:00,4879.9575,13133.71794,22054.22051
2024-06-14T23:00+02:00,5609.6975,11211.80368,24203.80823
2024-06-15T00:00+02:00,5355.795,9064.84235,25966.72775
2024-06-15T01:00+02:00,5009.2575,7083.116439,26378.5795
2024-06-15T02:00+02:00,3538.89,6685.608328,26743.92677
2024-06-15T03:00+02:00,3424.55,6384.891523,27991.63319
2024-06-15T04:00+02:00,2099.0275,6402.695408,29154.64383
2024-06-15T05:00+02:00,312.6525,6372.118628,31120.94509
2024-06-15T06:00+02:00,-756.71,6385.661593,35227.66834
2024-06-15T07:00+02:00,-1623.865,6056.55435,39096.16086
2024-06-15T08:00+02:00,-2732.61,5915.394639,42853.58418
2024-06-15T09:00+02:00,-4892.58,5923.362222,46090.6367
2024-06-15T10:00+02:00,-3944.2175,5862.316258,48788.62202
2024-06-15T11:00+02:00,-6615.9575,5867.759782,52529.68442
2024-06-15T12:00+02:00,-7687.9625,5807.236887,52726.57954
2024-06-15T13:00+02:00,-7216.09,5759.846799,50141.99245
2024-06-15T14:00+02:00,-8648.5,5738.47685,48979.53009
2024-06-15T15:00+02:00,-9773.9725,5729.5141,50123.15548
2024-06-15T16:00+02:00,-9398.5275,5725.299587,50948.03131
2024-06-15T17:00+02:00,-7224.7675,5907.993148,48590.42362
2024-06-15T18:00+02:00,-1748.325,6237.075053,42636.23138
2024-06-15T19:00+02:00,4569.6475,6771.452033,34922.38267
2024-06-15T20:00+02:00,7140.735,7607.254313,27528.22712
2024-06-15T21:00+02:00,7849.945,8176.562223,24198.50282
2024-06-15T22:00+02:00,7103.965,8416.339045,24642.00832
2024-06-15T23:00+02:00,5453.96,7547.801106,25508.76547
2024-06-16T00:00+02:00,4414.2,7055.353609,25958.18405
2024-06-16T01:00+02:00,3282.5525,6605.754962,26150.78301
2024-06-16T02:00+02:00,2099.4225,6111.318563,26277.37511
2024-06-16T03:00+02:00,2529.09,6167.361478,26172.60464
2024-06-16T04:00+02:00,3320.62,6251.783033,25869.11739
2024-06-16T05:00+02:00,3098.0325,6227.029612,26190.96576
2024-06-16T06:00+02:00,2746.2525,6154.187536,27822.57581
2024-06-16T07:00+02:00,850.12,5915.561624,31680.08856
2024-06-16T08:00+02:00,-1391.1625,5866.573364,35652.7107
2024-06-16T09:00+02:00,-3468.7175,5874.019836,41752.43531
2024-06-16T10:00+02:00,-5943.885,5861.666377,46733.48552
2024-06-16T11:00+02:00,-9736.575,5819.305805,50782.10661
2024-06-16T12:00+02:00,-11782.685,5887.001252,52222.73604
2024-06-16T13:00+02:00,-10861.0175,5897.025107,50541.8873
2024-06-16T14:00+02:00,-7456.89,5865.1192,48074.50774
2024-06-16T15:00+02:00,-5228.7075,5885.603752,44949.49765
2024-06-16T16:00+02:00,-2251.6575,6035.818947,41240.08749
2024-06-16T17:00+02:00,1003.045,6336.204618,37529.0008
2024-06-16T18:00+02:00,4664.3825,7637.324966,31795.51015
2024-06-16T19:00+02:00,6950.9225,10540.82787,23954.78556
2024-06-16T20:00+02:00,7674.485,11848.98634,19137.24684
2024-06-16T21:00+02:00,7679.915,12392.51439,16346.50424
2024-06-16T22:00+02:00,6957.4575,12755.48473,15831.92274
2024-06-16T23:00+02:00,7709.305,12992.47665,15964.91529
2024-06-17T00:00+02:00,8577.4175,12865.05505,16011.89858
2024-06-17T01:00+02:00,8609.48,13070.4597,15731.17571
2024-06-17T02:00+02:00,9354.165,13438.62323,15123.28095
2024-06-17T03:00+02:00,10148.6025,13973.19918,14895.583
2024-06-17T04:00+02:00,9851.5625,14381.40731,14791.61266
2024-06-17T05:00+02:00,9725.1125,15551.24626,15521.66131
2024-06-17T06:00+02:00,9929.1525,15997.05079,17687.13416
2024-06-17T07:00+02:00,11378.36,16297.67978,20932.92865
2024-06-17T08:00+02:00,10739.905,16438.14407,25576.62781
2024-06-17T09:00+02:00,9720.3125,15058.04359,32433.30106
2024-06-17T10:00+02:00,10189.52,11265.81077,39325.67184
2024-06-17T11:00+02:00,8536.8525,9608.687555,43834.79724
2024-06-17T12:00+02:00,5533.3775,9210.361156,45947.99234
2024-06-17T13:00+02:00,4207.2175,9129.079919,46783.84106
2024-06-17T14:00+02:00,3661.535,9123.170178,45722.74888
2024-06-17T15:00+02:00,5264.915,9567.081755,42535.03949
2024-06-17T16:00+02:00,6725.4075,12021.43814,37877.20376
2024-06-17T17:00+02:00,6803.6425,15484.96423,31919.82159
2024-06-17T18:00+02:00,6705.7,19472.36148,24766.37679
2024-06-17T19:00+02:00,8708.4425,21516.99831,18131.99519
2024-06-17T20:00+02:00,10270.11,22049.88948,13834.07415
2024-06-17T21:00+02:00,10570.165,22364.22705,11280.2178
2024-06-17T22:00+02:00,9795.24,21859.23768,10551.01502
2024-06-17T23:00+02:00,8836.2075,21322.13633,10041.03606
2024-06-18T00:00+02:00,7910.905,20853.29061,9903.289406
2024-06-18T01:00+02:00,7603.8675,20632.83196,9693.774721
2024-06-18T02:00+02:00,7814.235,20391.09279,9660.794599
2024-06-18T03:00+02:00,7583.9725,20459.19196,9738.615866
2024-06-18T04:00+02:00,8893.425,20204.14706,9681.871542
2024-06-18T05:00+02:00,9992.3375,20476.52476,10432.54218
2024-06-18T06:00+02:00,10244.3925,20926.52817,13734.74398
2024-06-18T07:00+02:00,9327.17,20869.49447,19290.61116
2024-06-18T08:00+02:00,6729.6575,19512.81202,27419.29909
2024-06-18T09:00+02:00,5734.42,15612.37494,35210.08981
2024-06-18T10:00+02:00,5142.4175,13170.01756,40623.16244
2024-06-18T11:00+02:00,3876.4275,12706.91248,42655.57686
2024-06-18T12:00+02:00,3263.5675,14359.36781,42551.27277
2024-06-18T13:00+02:00,4550.455,14573.87641,40631.4307
2024-06-18T14:00+02:00,5288.765,15271.03581,38171.95374
2024-06-18T15:00+02:00,6543.5875,16001.5307,35551.6153
2024-06-18T16:00+02:00,6966.0225,17020.80468,31519.0275
2024-06-18T17:00+02:00,5780.5425,19144.8273,25978.48668
2024-06-18T18:00+02:00,8106.26,20919.22004,21408.31643
2024-06-18T19:00+02:00,9307.4525,21609.52112,17506.15729
2024-06-18T20:00+02:00,9274.0275,21796.08356,15361.82643
2024-06-18T21:00+02:00,9290.965,22000.69443,14578.41712
2024-06-18T22:00+02:00,8274.9025,21940.6886,14128.73779
2024-06-18T23:00+02:00,8431.195,21097.18045,13470.04397
2024-06-19T00:00+02:00,6959.065,20293.90478,13610.57487
2024-06-19T01:00+02:00,7150.08,19184.86636,13493.21319
2024-06-19T02:00+02:00,7210.17,18490.13043,13698.82874
2024-06-19T03:00+02:00,8276.17,17755.27488,14063.14925
2024-06-19T04:00+02:00,8356.205,17662.21178,13713.92673
2024-06-19T05:00+02:00,8634.79,18516.28167,13889.69297
2024-06-19T06:00+02:00,10640.02,18996.05139,15868.89448
2024-06-19T07:00+02:00,10197.815,19229.9823,19028.19009
2024-06-19T08:00+02:00,10068.14,19146.69957,23852.18802
2024-06-19T09:00+02:00,11635.6675,17523.64575,28608.28583
2024-06-19T10:00+02:00,10801.2575,16354.89305,32874.15092
2024-06-19T11:00+02:00,11696.785,14897.94144,35775.64037
2024-06-19T12:00+02:00,11402.675,13596.62949,37893.59369
2024-06-19T13:00+02:00,9854.53,12951.08462,39257.95082
2024-06-19T14:00+02:00,8519.86,11556.96071,39948.83151
2024-06-19T15:00+02:00,7668.455,12207.75604,38595.52627
2024-06-19T16:00+02:00,6559.8525,14766.48598,36402.55706
2024-06-19T17:00+02:00,6592.2075,16617.15305,33658.78615
2024-06-19T18:00+02:00,6393.795,17909.56054,28858.88969
2024-06-19T19:00+02:00,7355.7725,19623.42567,22941.48486
2024-06-19T20:00+02:00,8098.245,20083.16874,18205.10782
2024-06-19T21:00+02:00,8179.7925,20106.63976,15194.30415
2024-06-19T22:00+02:00,8961.7925,19932.08022,14785.81966
2024-06-19T23:00+02:00,8131.9825,18913.79196,15103.97449
2024-06-20T00:00+02:00,8543.8675,17089.4714,14961.27683
2024-06-20T01:00+02:00,8562.815,16337.63959,14552.87188
2024-06-20T02:00+02:00,10868.0875,15996.1804,13926.66136
2024-06-20T03:00+02:00,11189.6825,16137.14787,13111.89612
2024-06-20T04:00+02:00,12170.2925,16348.70994,12872.1191
2024-06-20T05:00+02:00,10276.2025,17367.95801,13227.10452
2024-06-20T06:00+02:00,9927.8975,18061.21039,16022.89119
2024-06-20T07:00+02:00,9949.9,18407.23383,20895.42127
2024-06-20T08:00+02:00,9496.24,18295.54735,26302.37891
2024-06-20T09:00+02:00,6707.5825,17350.07875,32328.00148
2024-06-20T10:00+02:00,7234.1375,15329.51368,37702.95915
2024-06-20T11:00+02:00,7999.0475,12710.2171,42076.4817
2024-06-20T12:00+02:00,5603.4975,12066.59037,42573.15532
2024-06-20T13:00+02:00,5794.5675,12896.7924,39605.69957
2024-06-20T14:00+02:00,7392.2025,14522.68866,35943.16217
2024-06-20T15:00+02:00,9383.89,15763.37238,32231.58602
2024-06-20T16:00+02:00,9123.19,17292.65969,28856.70073
2024-06-20T17:00+02:00,8739.775,19215.65642,23844.63273
2024-06-20T18:00+02:00,7710.955,20894.52845,19440.27413
2024-06-20T19:00+02:00,9968.1925,21761.13632,15023.87805
2024-06-20T20:00+02:00,9410.2025,21979.2045,12161.60627
2024-06-20T21:00+02:00,9136.2625,22096.43429,11131.38777
2024-06-20T22:00+02:00,8384.9375,22078.23183,11617.24043
2024-06-20T23:00+02:00,8185.92,21469.33328,11847.47041
2024-06-21T00:00+02:00,6577.56,21307.31084,11354.93407
2024-06-21T01:00+02:00,6436.975,21217.36446,11322.06839
2024-06-21T02:00+02:00,7670.9475,20753.4171,11319.08901
2024-06-21T03:00+02:00,8304.73,20872.25252,10859.20165
2024-06-21T04:00+02:00,8577.2375,21232.23976,10879.46293
2024-06-21T05:00+02:00,8045.2075,21360.34673,11822.96638
2024-06-21T06:00+02:00,10021.765,21197.40057,14988.69794
2024-06-21T07:00+02:00,9052.5775,21680.06993,18623.46786
2024-06-21T08:00+02:00,9082.87,21464.26089,20984.0725
2024-06-21T09:00+02:00,9265.4975,20918.96291,23502.70822
2024-06-21T10:00+02:00,10414.4,19798.03398,27134.35622
2024-06-21T11:00+02:00,10108.66,19149.16198,30656.1841
2024-06-21T12:00+02:00,8418.1175,19264.36849,31538.33347
2024-06-21T13:00+02:00,7413.855,19323.72752,32171.10786
2024-06-21T14:00+02:00,8518.7625,18355.15498,32892.45398
2024-06-21T15:00+02:00,6314.615,18378.43374,31501.21926
2024-06-21T16:00+02:00,5739.37,18986.86826,29621.02657
2024-06-21T17:00+02:00,5217.4625,19419.55923,27072.26831
2024-06-21T18:00+02:00,5048.5825,19857.79988,25426.4904
2024-06-21T19:00+02:00,5062.1075,19988.1194,23770.75511
2024-06-21T20:00+02:00,4710.0525,20060.56068,21642.92233
2024-06-21T21:00+02:00,3193.4325,19958.24224,21348.41397
2024-06-21T22:00+02:00,1324.1625,18813.51111,22219.70762
2024-06-21T23:00+02:00,3548.02,14973.59802,23563.00429
2024-06-22T00:00+02:00,4910.77,10694.60752,24912.78043
2024-06-22T01:00+02:00,5076.745,7997.957177,25647.2083
2024-06-22T02:00+02:00,5675.345,6995.720391,26639.30537
2024-06-22T03:00+02:00,5434.5425,7011.006803,26145.34564
2024-06-22T04:00+02:00,5670.125,7046.077259,25652.90756
2024-06-22T05:00+02:00,5892.51,7059.733316,25971.9445
2024-06-22T06:00+02:00,5886.0925,6874.108259,27736.5327
2024-06-22T07:00+02:00,4170.055,6542.251614,30590.63811
2024-06-22T08:00+02:00,2806.5225,6391.734414,35340.29179
2024-06-22T09:00+02:00,-371.335,6350.759008,42089.32431
2024-06-22T10:00+02:00,-4655.655,6317.679181,48552.81316
2024-06-22T11:00+02:00,-7640.8525,6281.943198,52660.14762
2024-06-22T12:00+02:00,-9721.7575,6303.188968,54208.75375
2024-06-22T13:00+02:00,-9925.92,6321.629422,53190.64164
2024-06-22T14:00+02:00,-9766.3825,6313.568969,50864.91104
2024-06-22T15:00+02:00,-5723.6925,6335.477353,47066.03258
2024-06-22T16:00+02:00,-2348.5475,6363.627305,43551.89834
2024-06-22T17:00+02:00,3095.3675,6657.652172,37552.72071
2024-06-22T18:00+02:00,6104.5925,7735.148147,31889.54328
2024-06-22T19:00+02:00,6766.9375,9784.994493,24986.00741
2024-06-22T20:00+02:00,8416.795,10964.38816,19319.26441
2024-06-22T21:00+02:00,9012.505,11244.45455,16428.65486
2024-06-22T22:00+02:00,8852.2425,10982.6741,15624.73733
2024-06-22T23:00+02:00,8720.7825,10384.2349,15525.71767
2024-06-23T00:00+02:00,9642.685,9666.907361,15282.588
2024-06-23T01:00+02:00,9877.0525,8632.868863,14990.56569
2024-06-23T02:00+02:00,10289.2975,7948.644549,15485.35586
2024-06-23T03:00+02:00,9988.09,7433.86577,15672.15107
2024-06-23T04:00+02:00,10750.9975,6852.464371,15329.78479
2024-06-23T05:00+02:00,11309.6,6833.917746,14968.3888
2024-06-23T06:00+02:00,11480.2825,6967.683696,16168.13343
2024-06-23T07:00+02:00,9651.6775,7032.368882,19474.4477
2024-06-23T08:00+02:00,7047.59,7060.769116,25642.57597
2024-06-23T09:00+02:00,3013.54,7276.242062,32207.36616
2024-06-23T10:00+02:00,-315.695,7528.922913,37335.53615
2024-06-23T11:00+02:00,-322.2,7595.238422,40144.52543
2024-06-23T12:00+02:00,-2447.0425,7778.422402,42770.81466
2024-06-23T13:00+02:00,-4776.79,7576.810105,44031.35957
2024-06-23T14:00+02:00,-4513.7475,7461.161095,42801.60517
2024-06-23T15:00+02:00,-3932.505,7322.635469,40084.5509
2024-06-23T16:00+02:00,-1450.615,7263.04535,36735.04938
2024-06-23T17:00+02:00,4094.04,8071.414752,31210.48709
2024-06-23T18:00+02:00,8294.255,9992.904879,24429.74195
2024-06-23T19:00+02:00,9593.5875,12831.22353,17381.44248
2024-06-23T20:00+02:00,10846.9825,14272.77985,12275.84219
2024-06-23T21:00+02:00,10528.6925,15156.89547,10306.19594
2024-06-23T22:00+02:00,11161.225,15617.42967,10218.85763
2024-06-23T23:00+02:00,9956.4575,15693.84528,10367.961
2024-06-24T00:00+02:00,8795.7275,15586.05842,10120.64249
2024-06-24T01:00+02:00,10234.15,15482.72834,9838.80631
2024-06-24T02:00+02:00,10417.8075,15352.42924,9828.875334
2024-06-24T03:00+02:00,10980.33,15125.24585,9974.944221
2024-06-24T04:00+02:00,11509.2125,14666.84385,10092.63251
2024-06-24T05:00+02:00,11624.9525,15279.46675,10576.64749
2024-06-24T06:00+02:00,12735.6475,15650.23458,13560.60865
2024-06-24T07:00+02:00,12182.185,15586.77836,19581.66932
2024-06-24T08:00+02:00,8872.1475,14166.20243,28016.88041
2024-06-24T09:00+02:00,7155.1,11481.34145,36851.93581
2024-06-24T10:00+02:00,6743.835,8723.551419,43432.50676
2024-06-24T11:00+02:00,3775.9225,8243.377606,46824.95432
2024-06-24T12:00+02:00,3009.85,8118.354302,47681.76738
2024-06-24T13:00+02:00,3047.5825,8329.013062,47118.34032
2024-06-24T14:00+02:00,2172.5325,8517.572355,46239.74664
2024-06-24T15:00+02:00,3476.3325,8883.511987,43683.99772
2024-06-24T16:00+02:00,4713.5225,10111.43059,39762.92123
2024-06-24T17:00+02:00,4072.6075,14242.39966,33383.14671
2024-06-24T18:00+02:00,5448.7925,18659.82003,24968.80807
2024-06-24T19:00+02:00,9033.715,20640.70648,17305.56035
2024-06-24T20:00+02:00,10162.3925,20766.86028,13100.65363
2024-06-24T21:00+02:00,8720.7425,20521.15121,12604.97372
2024-06-24T22:00+02:00,8485.5,20240.83717,13993.18041
2024-06-24T23:00+02:00,6191.03,19149.5117,15694.2783
2024-06-25T00:00+02:00,6914.57,17527.73283,16178.06126
2024-06-25T01:00+02:00,6354.1625,16755.59041,16112.81652
2024-06-25T02:00+02:00,6241.65,16952.57017,15612.84509
2024-06-25T03:00+02:00,6722.0975,17122.79007,14952.25861
2024-06-25T04:00+02:00,6891,17560.13617,14243.44808
2024-06-25T05:00+02:00,7827.77,18230.45239,14485.90855
2024-06-25T06:00+02:00,7782.2225,18983.9417,16827.26253
2024-06-25T07:00+02:00,6589.05,19120.61547,22067.27854
2024-06-25T08:00+02:00,4677.045,17852.5591,29976.25049
2024-06-25T09:00+02:00,3997.9825,12964.96055,39164.36674
2024-06-25T10:00+02:00,221.895,9774.515837,47177.71779
2024-06-25T11:00+02:00,-2297.725,9144.851671,52294.33001
2024-06-25T12:00+02:00,-4857.6825,8937.962149,55314.76948
2024-06-25T13:00+02:00,-7080.8875,9064.51302,56020.79777
2024-06-25T14:00+02:00,-6058.36,8919.440068,55031.86453
2024-06-25T15:00+02:00,-3006.205,9209.284447,51634.35998
2024-06-25T16:00+02:00,-161.14,9580.176914,47098.61669
2024-06-25T17:00+02:00,3744.7075,10716.04607,40617.5996
2024-06-25T18:00+02:00,5140.6725,14930.43966,32040.38426
2024-06-25T19:00+02:00,6645.0625,18115.03411,24237.77633
2024-06-25T20:00+02:00,7698.7675,18726.77572,19380.64508
2024-06-25T21:00+02:00,6777.285,18787.80997,19219.44066
2024-06-25T22:00+02:00,4240.8975,18061.75724,20988.05052
2024-06-25T23:00+02:00,2625.5725,17092.30982,21643.1526
2024-06-26T00:00+02:00,4418.7775,16600.59882,20552.27247
2024-06-26T01:00+02:00,4758.5375,16995.20708,19048.54949
2024-06-26T02:00+02:00,5838.1625,16713.37103,17067.13227
2024-06-26T03:00+02:00,5640.7575,17225.90168,15689.28037
2024-06-26T04:00+02:00,7033.41,17530.77285,14897.4648
2024-06-26T05:00+02:00,7438.4,18392.36392,15813.2083
2024-06-26T06:00+02:00,7160.085,19199.77313,18540.19288
2024-06-26T07:00+02:00,6056.68,19261.74586,22355.83635
2024-06-26T08:00+02:00,5731.66,18476.92685,28629.3382
2024-06-26T09:00+02:00,4505.4925,15104.7995,37257.55785
2024-06-26T10:00+02:00,1883.425,11426.34599,44853.60608
2024-06-26T11:00+02:00,-639.4875,10043.37783,49637.0941
2024-06-26T12:00+02:00,-1818.81,9832.501627,51286.06883
2024-06-26T13:00+02:00,-1636.06,9696.973852,50876.16638
2024-06-26T14:00+02:00,-501.77,9815.630224,48221.78873
2024-06-26T15:00+02:00,263.7875,12202.53789,43169.14013
2024-06-26T16:00+02:00,5832.9325,13369.97876,37248.9644
2024-06-26T17:00+02:00,5212.87,17397.05232,31275.16826
2024-06-26T18:00+02:00,5746.22,20258.37255,25290.56439
2024-06-26T19:00+02:00,7022.5425,20870.94728,19613.82471
2024-06-26T20:00+02:00,7278.58,21187.62396,16461.5898
2024-06-26T21:00+02:00,6877.3075,20983.4359,16059.74552
2024-06-26T22:00+02:00,5621.29,20534.45861,17197.66538
2024-06-26T23:00+02:00,4616.7025,19831.44818,17361.22303
2024-06-27T00:00+02:00,6195.525,18762.0084,17160.54199
2024-06-27T01:00+02:00,5784.7125,18424.90584,16466.85775
2024-06-27T02:00+02:00,7290.2175,18082.64357,15471.79587
2024-06-27T03:00+02:00,8432.7825,18188.7704,14319.32592
2024-06-27T04:00+02:00,10005.3775,18110.14344,13351.82469
2024-06-27T05:00+02:00,10254.8625,18741.43632,13428.57772
2024-06-27T06:00+02:00,10720.4625,19501.0853,15559.65043
2024-06-27T07:00+02:00,10123.5325,19901.84864,19565.57597
2024-06-27T08:00+02:00,10447.76,19390.51264,25630.88811
2024-06-27T09:00+02:00,8022.4925,16042.7916,32697.79217
2024-06-27T10:00+02:00,7944.39,12920.54582,39104.456
2024-06-27T11:00+02:00,8411.015,10422.11574,43746.72704
2024-06-27T12:00+02:00,6298.545,9885.464717,45625.57893
2024-06-27T13:00+02:00,6603.0825,9779.516473,45946.92983
2024-06-27T14:00+02:00,6683.3475,9865.506264,45388.53191
2024-06-27T15:00+02:00,7427.355,9876.451176,43269.72698
2024-06-27T16:00+02:00,8674.505,10254.30651,39716.70123
2024-06-27T17:00+02:00,8379.7325,12719.38664,34279.06448
2024-06-27T18:00+02:00,9475.83,17407.55809,26535.18382
2024-06-27T19:00+02:00,10989.6075,19932.03138,18578.85293
2024-06-27T20:00+02:00,11865.1975,20358.28122,14206.64109
2024-06-27T21:00+02:00,11929.12,20470.70113,11377.5864
2024-06-27T22:00+02:00,11087.97,20325.29885,10963.71515
2024-06-27T23:00+02:00,11843.4275,19109.04828,12392.20856
2024-06-28T00:00+02:00,9156.21,18283.26972,13066.04236
2024-06-28T01:00+02:00,9065.0575,16844.69385,14198.88927
2024-06-28T02:00+02:00,8843.35,16043.74139,15159.81656
2024-06-28T03:00+02:00,8577.205,15979.38328,15901.19485
2024-06-28T04:00+02:00,8415.2675,15879.57401,16742.9727
2024-06-28T05:00+02:00,7654.8375,16326.81924,18200.83013
2024-06-28T06:00+02:00,7096.0125,16923.39304,21657.03153
2024-06-28T07:00+02:00,7040.95,16727.46094,27017.6855
2024-06-28T08:00+02:00,8102.1675,13297.95472,34868.04139
2024-06-28T09:00+02:00,6871.2025,8037.849734,43815.19001
2024-06-28T10:00+02:00,2128.575,6252.810763,52579.45264
2024-06-28T11:00+02:00,-2119.7075,6208.202783,58414.39907
2024-06-28T12:00+02:00,-5055.08,6140.725809,60945.31791
2024-06-28T13:00+02:00,-7963.255,6142.516134,62720.25656
2024-06-28T14:00+02:00,-8849.075,6341.1555,61529.10971
2024-06-28T15:00+02:00,-7172.095,6399.566651,58770.04226
2024-06-28T16:00+02:00,-4383.585,6720.83687,54984.92149
2024-06-28T17:00+02:00,495.26,7251.609616,49512.81795
2024-06-28T18:00+02:00,6483.7,8258.411636,39967.52257
2024-06-28T19:00+02:00,11018.93,10227.77411,30373.33444
2024-06-28T20:00+02:00,12684.8475,11171.16787,22341.22553
2024-06-28T21:00+02:00,12239.76,11374.35989,17917.44299
2024-06-28T22:00+02:00,12424.9375,11401.52537,15778.86061
2024-06-28T23:00+02:00,12849.905,11379.9478,14300.33899
2024-06-29T00:00+02:00,12299.3425,11223.45249,13098.47646
2024-06-29T01:00+02:00,11835.865,11220.57342,12167.8907
2024-06-29T02:00+02:00,11104.655,11187.86008,11588.46003
2024-06-29T03:00+02:00,12033.6725,10841.82528,11181.0999
2024-06-29T04:00+02:00,12371.665,10842.62043,10998.50332
2024-06-29T05:00+02:00,11954.4275,10334.8843,11909.43323
2024-06-29T06:00+02:00,11950.09,9638.958862,14773.13856
2024-06-29T07:00+02:00,9954.98,8598.397791,20485.16276
2024-06-29T08:00+02:00,7516.8675,7256.003858,28567.5379
2024-06-29T09:00+02:00,5130.9975,6036.581011,36658.99872
2024-06-29T10:00+02:00,-432.78,5989.955931,42558.87664
2024-06-29T11:00+02:00,-3472.0425,5996.086423,46350.41464
2024-06-29T12:00+02:00,-4640.9975,5984.803865,48198.34194
2024-06-29T13:00+02:00,-6307.8075,6009.796093,48171.02327
2024-06-29T14:00+02:00,-5815.135,6023.502195,45755.38245
2024-06-29T15:00+02:00,-2551.2625,6063.808327,41005.53584
2024-06-29T16:00+02:00,4136.79,6180.328478,34827.45804
2024-06-29T17:00+02:00,7230.3,8173.626961,28403.83905
2024-06-29T18:00+02:00,8658.6075,10334.85785,21696.9208
2024-06-29T19:00+02:00,10114.01,11242.91469,17234.14386
2024-06-29T20:00+02:00,9841.8,11158.53574,16847.40266
2024-06-29T21:00+02:00,8608.1225,10351.364,18382.37694
2024-06-29T22:00+02:00,6402.365,9864.643122,20823.52029
2024-06-29T23:00+02:00,4439.1575,9243.033551,23403.80335
2024-06-30T00:00+02:00,3442.7725,8563.424696,23552.12686
2024-06-30T01:00+02:00,4827.75,8171.657527,23695.69134
2024-06-30T02:00+02:00,5605.6775,7032.028245,23978.06843
2024-06-30T03:00+02:00,6635.4675,6578.341301,22687.64855
2024-06-30T04:00+02:00,7095.9575,6517.743053,22190.13501
2024-06-30T05:00+02:00,8390.4825,6407.135583,20652.80129
2024-06-30T06:00+02:00,9084.62,6386.184696,19743.10439
2024-06-30T07:00+02:00,9135.305,6638.731929,21175.1029
2024-06-30T08:00+02:00,8916.1725,6975.265389,23676.62053
2024-06-30T09:00+02:00,7108.305,7672.136725,28372.06999
2024-06-30T10:00+02:00,7980.915,7778.111712,32103.62065
2024-06-30T11:00+02:00,7389.3225,7606.357037,36062.23737
2024-06-30T12:00+02:00,5151.6675,7321.136756,38423.48147
2024-06-30T13:00+02:00,3264.23,7150.399508,39428.16025
2024-06-30T14:00+02:00,1391.42,6834.987749,38568.67029
2024-06-30T15:00+02:00,3841.6175,6258.281554,37157.60544
2024-06-30T16:00+02:00,5878.6625,6558.563175,34680.52374
2024-06-30T17:00+02:00,5621.9,8363.432032,31306.67532
2024-06-30T18:00+02:00,7826.325,10456.61132,28092.55905
2024-06-30T19:00+02:00,8214.6225,11654.44253,23699.96833
2024-06-30T20:00+02:00,6735.5825,12649.00335,20266.18452
2024-06-30T21:00+02:00,8405.19,13223.1949,16962.70542
2024-06-30T22:00+02:00,8539.6925,13645.40155,14789.41335
2024-06-30T23:00+02:00,9168.1425,13450.08088,13499.30512
2024-07-01T00:00+02:00,9855.675,13220.99897,13099.48977
2024-07-01T01:00+02:00,9929.115,13178.73687,12969.51282
2024-07-01T02:00+02:00,10080.135,13091.37778,12535.89295
2024-07-01T03:00+02:00,9936.8375,13630.2392,12009.4174
2024-07-01T04:00+02:00,9903.155,14244.28277,12156.64737
2024-07-01T05:00+02:00,9825.845,15639.00448,13098.09602
2024-07-01T06:00+02:00,9835.405,16634.60045,14965.08261
2024-07-01T07:00+02:00,9172.03,16914.28197,18844.06819
2024-07-01T08:00+02:00,9947.7775,16884.89428,23392.39762
2024-07-01T09:00+02:00,6969.04,16606.94887,28533.12224
2024-07-01T10:00+02:00,8286.72,15038.27395,33495.63919
2024-07-01T11:00+02:00,7229.79,13377.15414,37687.38417
2024-07-01T12:00+02:00,5242.9325,12359.09613,40753.17249
2024-07-01T13:00+02:00,5476.6075,10466.35577,42310.6746
2024-07-01T14:00+02:00,5246.9775,9284.868456,43348.51039
2024-07-01T15:00+02:00,4638.885,10122.73789,42348.88963
2024-07-01T16:00+02:00,4164.235,12167.4163,41168.47931
2024-07-01T17:00+02:00,3211.2525,13906.04846,38311.93492
2024-07-01T18:00+02:00,3575.165,15358.87705,33136.90752
2024-07-01T19:00+02:00,5768.9375,16334.3936,26538.08034
2024-07-01T20:00+02:00,7510.15,16420.52802,22218.19612
2024-07-01T21:00+02:00,7513.0525,16526.97315,19075.99274
2024-07-01T22:00+02:00,6388.93,16667.31378,17896.19666
2024-07-01T23:00+02:00,7742.6875,15627.88466,18055.67272
2024-07-02T00:00+02:00,7036.02,14694.88666,18071.45571
2024-07-02T01:00+02:00,8486.49,13429.58577,18319.65199
2024-07-02T02:00+02:00,9349.19,13197.09247,18636.7912
2024-07-02T03:00+02:00,9422.32,13165.6417,18404.29959
2024-07-02T04:00+02:00,9469.3875,13261.39176,18218.38778
2024-07-02T05:00+02:00,9362.9925,13926.22988,18466.87654
2024-07-02T06:00+02:00,8616.7925,15630.59331,20819.48095
2024-07-02T07:00+02:00,8126.245,15801.5916,24505.89456
2024-07-02T08:00+02:00,5998.345,15801.06486,29601.38778
2024-07-02T09:00+02:00,4815.7325,15230.14526,35145.23031
2024-07-02T10:00+02:00,5528.49,13490.79553,38499.36445
2024-07-02T11:00+02:00,6248.25,12917.50269,39009.75447
2024-07-02T12:00+02:00,6560.905,13585.10072,40800.06502
2024-07-02T13:00+02:00,8394.085,13078.44336,42517.75772
2024-07-02T14:00+02:00,8213.73,12153.37441,42972.62378
2024-07-02T15:00+02:00,7729.335,12036.92611,41288.01438
2024-07-02T16:00+02:00,8395.4975,12187.74429,38823.59161
2024-07-02T17:00+02:00,8190.455,13304.96581,36225.77185
2024-07-02T18:00+02:00,7540.3075,15131.2635,32423.22844
2024-07-02T19:00+02:00,8583.59,16068.1455,28717.96377
2024-07-02T20:00+02:00,9097.6175,15996.13028,25568.71497
2024-07-02T21:00+02:00,7869.0825,16015.32771,23440.09806
2024-07-02T22:00+02:00,6679.9725,15951.44938,21847.92002
2024-07-02T23:00+02:00,5544.49,15578.32981,21062.92552
2024-07-03T00:00+02:00,8590.505,14429.47416,20327.04715
2024-07-03T01:00+02:00,10522.4325,14113.93197,20018.75272
2024-07-03T02:00+02:00,10543.3125,13783.15263,19570.19643
2024-07-03T03:00+02:00,10483.205,13865.89469,19559.74742
2024-07-03T04:00+02:00,10678.915,13777.05731,19006.54115
2024-07-03T05:00+02:00,9706.8025,14950.6296,18752.89698
2024-07-03T06:00+02:00,10123.1475,16714.14529,19475.69856
2024-07-03T07:00+02:00,10871.935,16950.27497,21711.32307
2024-07-03T08:00+02:00,10655.825,16885.08962,26321.40851
2024-07-03T09:00+02:00,8278.3225,16507.67162,31533.49768
2024-07-03T10:00+02:00,7553.0625,15575.31304,36265.25134
2024-07-03T11:00+02:00,7510.065,14249.63465,39055.29351
2024-07-03T12:00+02:00,6072.095,14037.16278,40238.90951
2024-07-03T13:00+02:00,6903.8275,14070.54213,39112.06585
2024-07-03T14:00+02:00,6988.0675,14213.79941,35989.69091
2024-07-03T15:00+02:00,8835.49,14873.4858,33132.00356
2024-07-03T16:00+02:00,9020.92,15259.42952,30181.32415
2024-07-03T17:00+02:00,10111.05,15935.67267,26367.05672
2024-07-03T18:00+02:00,10541.2925,17134.71783,22927.56553
2024-07-03T19:00+02:00,10470.0725,17761.71592,19197.13953
2024-07-03T20:00+02:00,10496.9875,18220.2949,16087.43799
2024-07-03T21:00+02:00,10058.37,17706.66094,15331.60294
2024-07-03T22:00+02:00,9284.2875,16485.93412,16570.51131
2024-07-03T23:00+02:00,9894.735,12450.62191,19295.56836
2024-07-04T00:00+02:00,11386.2225,8349.68847,22717.38227
2024-07-04T01:00+02:00,10686.9075,6642.389384,25271.49727
2024-07-04T02:00+02:00,8196.12,6520.94858,27285.95537
2024-07-04T03:00+02:00,8762.5575,6766.827203,28398.9768
2024-07-04T04:00+02:00,8827.76,6946.170883,29488.62111
2024-07-04T05:00+02:00,7988.095,6844.211595,32189.73268
2024-07-04T06:00+02:00,8738.8775,7382.300123,35908.18806
2024-07-04T07:00+02:00,7293.66,7461.313889,39520.23211
2024-07-04T08:00+02:00,7633.8975,7434.730394,44343.44024
2024-07-04T09:00+02:00,5008.7675,7044.756069,49794.62511
2024-07-04T10:00+02:00,1312.3275,7162.657513,55942.56772
2024-07-04T11:00+02:00,-2194.335,7373.574105,59093.70249
2024-07-04T12:00+02:00,-5726.9775,7435.923501,59639.47879
2024-07-04T13:00+02:00,-5328.57,7356.949502,59914.40409
2024-07-04T14:00+02:00,-5222.42,7401.242093,59149.44067
2024-07-04T15:00+02:00,-5207.2575,7206.491139,57924.32894
2024-07-04T16:00+02:00,-4169.6425,7115.01741,55432.18361
2024-07-04T17:00+02:00,-434.205,7103.181418,51505.33726
2024-07-04T18:00+02:00,3966.57,7738.935342,46226.14427
2024-07-04T19:00+02:00,9528.6825,8199.0168,38071.32706
2024-07-04T20:00+02:00,9181.1425,8877.651469,31194.53392
2024-07-04T21:00+02:00,8974.6325,9035.477671,28079.1934
2024-07-04T22:00+02:00,8542.415,8557.97516,27395.21749
2024-07-04T23:00+02:00,8175.4,7390.716311,28815.0985
2024-07-05T00:00+02:00,7292.685,6959.696988,28972.65895
2024-07-05T01:00+02:00,7654.7125,7247.392347,29518.61708
2024-07-05T02:00+02:00,7013.8875,7364.53594,28382.20617
2024-07-05T03:00+02:00,7043.33,7427.318974,29159.30749
2024-07-05T04:00+02:00,8082.03,7417.240241,29069.70949
2024-07-05T05:00+02:00,7766.655,7465.399758,30309.34501
2024-07-05T06:00+02:00,8081.115,7632.071826,32581.0208
2024-07-05T07:00+02:00,8270.2425,7756.349667,35350.24389
2024-07-05T08:00+02:00,5853.185,7496.23523,42182.26357
2024-07-05T09:00+02:00,-1022.1125,7453.591487,52095.56152
2024-07-05T10:00+02:00,-6315.57,7288.676058,60114.29173
2024-07-05T11:00+02:00,-9067.7075,7292.6112,63669.99287
2024-07-05T12:00+02:00,-10091.0875,7198.732102,64596.66695
2024-07-05T13:00+02:00,-8421.8625,6898.965824,62930.19866
2024-07-05T14:00+02:00,-9813.36,6905.487977,61594.619
2024-07-05T15:00+02:00,-8015.695,7080.29088,59321.90328
2024-07-05T16:00+02:00,-4575.8875,7553.839632,54017.70293
2024-07-05T17:00+02:00,1978.065,7972.31115,46252.06012
2024-07-05T18:00+02:00,6891.585,8241.079211,37104.02979
2024-07-05T19:00+02:00,9635.9725,9158.413832,29183.52134
2024-07-05T20:00+02:00,11909.18,9709.852017,22180.74852
2024-07-05T21:00+02:00,12653.145,9903.720867,18260.3339
2024-07-05T22:00+02:00,11601.4025,9906.191714,17418.01939
2024-07-05T23:00+02:00,10320.27,9656.556973,18450.44564
2024-07-06T00:00+02:00,8926.66,9587.883316,19382.16476
2024-07-06T01:00+02:00,9002.085,7988.277115,20319.9012
2024-07-06T02:00+02:00,8483.315,6886.496964,21937.42019
2024-07-06T03:00+02:00,7568.6075,6715.573813,23591.66509
2024-07-06T04:00+02:00,5709.7125,6643.44244,26046.12882
2024-07-06T05:00+02:00,2012.7325,6606.149642,29706.00444
2024-07-06T06:00+02:00,-69.9925,6247.976545,33959.02914
2024-07-06T07:00+02:00,-3058.0075,6225.864082,39608.74136
2024-07-06T08:00+02:00,-5180.115,5952.617254,45273.81699
2024-07-06T09:00+02:00,-8209.0825,5862.051273,49956.96901
2024-07-06T10:00+02:00,-11850.58,5837.911792,54700.77576
2024-07-06T11:00+02:00,-11283.6675,5842.415609,56549.6854
2024-07-06T12:00+02:00,-10869.655,5850.982207,56495.82544
2024-07-06T13:00+02:00,-7972.82,5906.543439,54288.68073
2024-07-06T14:00+02:00,-3372.9125,5932.127074,49253.58216
2024-07-06T15:00+02:00,-4249.285,6047.614335,48704.69348
2024-07-06T16:00+02:00,-6672.775,6121.705077,49255.28092
2024-07-06T17:00+02:00,-5576.95,6389.027528,48777.28471
2024-07-06T18:00+02:00,-7667.17,7290.044245,50054.14301
2024-07-06T19:00+02:00,-4265.8975,7801.160413,45488.67561
2024-07-06T20:00+02:00,-3438.3625,7846.463967,42470.07937
2024-07-06T21:00+02:00,-3628.3325,8206.896417,40496.54722
2024-07-06T22:00+02:00,-3203.675,8744.689837,37447.52444
2024-07-06T23:00+02:00,-3598.7925,8968.377464,34877.31766
2024-07-07T00:00+02:00,-5756.825,7686.395151,32936.56819
2024-07-07T01:00+02:00,-4755.405,6835.248311,32414.16289
2024-07-07T02:00+02:00,-4191.7575,6289.606806,31661.81685
2024-07-07T03:00+02:00,-1972.7625,6113.619041,29856.47229
2024-07-07T04:00+02:00,-1097.63,6024.684108,28779.09779
2024-07-07T05:00+02:00,-549.02,5959.915619,28226.21953
2024-07-07T06:00+02:00,258.2125,5943.179447,29334.4821
2024-07-07T07:00+02:00,27.9925,5935.118987,31834.83901
2024-07-07T08:00+02:00,-1414.2875,5941.106961,37017.20733
2024-07-07T09:00+02:00,-4349.235,5925.934215,41569.05756
2024-07-07T10:00+02:00,-6435.1775,5847.474133,45340.35245
2024-07-07T11:00+02:00,-7104.67,5819.589527,47325.10765
2024-07-07T12:00+02:00,-9155.8325,5815.637346,48610.79538
2024-07-07T13:00+02:00,-8649.6325,5868.731914,48129.13894
2024-07-07T14:00+02:00,-7857.1,5860.740192,45673.94069
2024-07-07T15:00+02:00,-5221.095,5852.89613,43016.28885
2024-07-07T16:00+02:00,-1924.575,5904.741919,38398.96789
2024-07-07T17:00+02:00,2882.585,6152.999999,33190.01489
2024-07-07T18:00+02:00,6503.51,8456.745571,27147.04037
2024-07-07T19:00+02:00,9220.79,11412.89367,19710.7996
2024-07-07T20:00+02:00,10455.025,13123.43922,14257.46327
2024-07-07T21:00+02:00,10525.3425,13732.20286,12301.64874
2024-07-07T22:00+02:00,10167.915,13957.27347,11844.38091
2024-07-07T23:00+02:00,10268.3875,14003.22474,11636.47932
2024-07-08T00:00+02:00,10383.08,13244.76761,12287.2134
2024-07-08T01:00+02:00,11417.5725,11937.61865,13449.02135
2024-07-08T02:00+02:00,10752.815,11585.97155,14155.37897
2024-07-08T03:00+02:00,10463.655,11662.59827,15094.64171
2024-07-08T04:00+02:00,10153.435,11926.07519,15510.50773
2024-07-08T05:00+02:00,10069.935,13105.66855,16570.41382
2024-07-08T06:00+02:00,10263.98,14270.01539,18866.27946
2024-07-08T07:00+02:00,9185.76,14569.36679,23477.91716
2024-07-08T08:00+02:00,6512.295,14277.96953,29812.0313
2024-07-08T09:00+02:00,3805.5825,12002.19221,38594.40939
2024-07-08T10:00+02:00,2280.4,9494.802402,46028.33425
2024-07-08T11:00+02:00,-723.5,9077.62512,50202.21951
2024-07-08T12:00+02:00,-2922.885,8850.325923,51588.33809
2024-07-08T13:00+02:00,-2695.835,9000.421921,50892.94113
2024-07-08T14:00+02:00,-724.2525,9176.726184,48192.97183
2024-07-08T15:00+02:00,1910.06,10782.25326,44011.15735
2024-07-08T16:00+02:00,4537.3525,12525.27134,37724.52359
2024-07-08T17:00+02:00,3532.1775,16529.85057,30222.09609
2024-07-08T18:00+02:00,5520.405,20113.37266,21973.51273
2024-07-08T19:00+02:00,8404.185,21722.48252,14693.73153
2024-07-08T20:00+02:00,9649.2025,22395.73927,10758.19816
2024-07-08T21:00+02:00,9239.2825,22346.29437,9674.793069
2024-07-08T22:00+02:00,7742.6275,21713.47708,10532.41015
2024-07-08T23:00+02:00,6520.4575,20118.76062,11930.76141
2024-07-09T00:00+02:00,7743.525,17991.38786,13041.11788
2024-07-09T01:00+02:00,7503.275,16898.54509,14066.1453
2024-07-09T02:00+02:00,7101.2475,15917.80901,14735.71466
2024-07-09T03:00+02:00,6747.6925,15546.37609,15345.28821
2024-07-09T04:00+02:00,7079.235,15565.05039,15868.52305
2024-07-09T05:00+02:00,8506.3725,15920.01847,16865.35888
2024-07-09T06:00+02:00,9370.2525,16877.68196,19308.63264
2024-07-09T07:00+02:00,8187.375,16686.69123,23890.14771
2024-07-09T08:00+02:00,7003.7975,15299.42514,30608.65124
2024-07-09T09:00+02:00,4639.44,11728.17127,39174.32347
2024-07-09T10:00+02:00,1630.025,9580.641464,47304.20427
2024-07-09T11:00+02:00,-2970.215,9393.22541,53693.15198
2024-07-09T12:00+02:00,-7011.065,9106.023531,57934.23274
2024-07-09T13:00+02:00,-9538.11,8998.457951,59484.85356
2024-07-09T14:00+02:00,-7606.17,8857.271147,57770.64471
2024-07-09T15:00+02:00,-4328.48,8767.872704,54279.45927
2024-07-09T16:00+02:00,138.4275,9260.356598,49141.89301
2024-07-09T17:00+02:00,1866.78,11538.34787,41997.37042
2024-07-09T18:00+02:00,4876.39,13765.23501,33939.82314
2024-07-09T19:00+02:00,7545.475,16074.67251,27269.59031
2024-07-09T20:00+02:00,7484.465,16696.20814,25138.7814
2024-07-09T21:00+02:00,5942.75,16159.02582,28126.59596
2024-07-09T22:00+02:00,4640.32,14173.97384,30476.63511
2024-07-09T23:00+02:00,3617.145,12711.28406,29955.54807
2024-07-10T00:00+02:00,5110.785,12373.43715,27960.28959
2024-07-10T01:00+02:00,6527.935,12479.20118,26427.2481
2024-07-10T02:00+02:00,7338.0875,12627.44689,24016.32603
2024-07-10T03:00+02:00,8393.22,13396.70974,22927.19316
2024-07-10T04:00+02:00,9312.1525,14250.94598,22283.12494
2024-07-10T05:00+02:00,10058.23,14563.37885,21786.88869
2024-07-10T06:00+02:00,9596.515,15203.20623,23845.43687
2024-07-10T07:00+02:00,9540.1825,15412.08443,25426.82975
2024-07-10T08:00+02:00,10728.4825,15441.27786,28506.2921
2024-07-10T09:00+02:00,11023.405,14680.63865,32309.83254
2024-07-10T10:00+02:00,11163.235,14037.39343,36177.98535
2024-07-10T11:00+02:00,9784.4975,13794.82955,38736.74242
2024-07-10T12:00+02:00,8914.235,13084.35304,40557.91023
2024-07-10T13:00+02:00,8245.7125,11712.41952,42298.15972
2024-07-10T14:00+02:00,8610.1075,11461.16712,41225.14943
2024-07-10T15:00+02:00,7978.7825,11400.86614,39290.61979
2024-07-10T16:00+02:00,7668.085,13187.74881,34668.58963
2024-07-10T17:00+02:00,9632.8225,15538.79066,29224.80586
2024-07-10T18:00+02:00,10384.6925,18121.59038,22728.68476
2024-07-10T19:00+02:00,11980.85,20044.26027,17386.45435
2024-07-10T20:00+02:00,11699.275,20824.31492,13834.0754
2024-07-10T21:00+02:00,10955.73,20825.88368,11835.78202
2024-07-10T22:00+02:00,10424.505,20404.93558,11161.59599
2024-07-10T23:00+02:00,10607.1975,19501.41975,10923.39967
2024-07-11T00:00+02:00,10813.12,18259.9839,10920.26539
2024-07-11T01:00+02:00,11059.655,17438.58716,11257.38617
2024-07-11T02:00+02:00,11492.28,16930.42153,11439.16861
2024-07-11T03:00+02:00,12100.225,17028.28725,11807.64573
2024-07-11T04:00+02:00,11435.4125,17298.41569,12228.66961
2024-07-11T05:00+02:00,10550.1375,18301.19272,12757.28835
2024-07-11T06:00+02:00,9779.745,19426.02595,14516.39261
2024-07-11T07:00+02:00,9425.195,19916.61735,17264.0622
2024-07-11T08:00+02:00,8828.965,19914.77013,22091.13225
2024-07-11T09:00+02:00,8247.42,17782.1157,29169.98589
2024-07-11T10:00+02:00,8410.64,13495.93932,36639.90116
2024-07-11T11:00+02:00,5747.9825,11510.76682,42622.42862
2024-07-11T12:00+02:00,3102.5975,9655.94646,46037.05999
2024-07-11T13:00+02:00,2557.1525,9370.317567,47298.0415
2024-07-11T14:00+02:00,2409.77,9500.813641,46440.81437
2024-07-11T15:00+02:00,3677.9875,9655.686431,44054.5489
2024-07-11T16:00+02:00,6053.7575,11561.07962,39150.98933
2024-07-11T17:00+02:00,5133.195,16220.04023,32126.06112
2024-07-11T18:00+02:00,6389.08,20169.58829,23923.69411
2024-07-11T19:00+02:00,9416.74,21535.927,16816.67775
2024-07-11T20:00+02:00,10342.685,21771.7946,12716.06926
2024-07-11T21:00+02:00,9251.38,21938.65457,11070.30483
2024-07-11T22:00+02:00,8041.235,21811.39086,10876.06308
2024-07-11T23:00+02:00,9273.1275,20993.49832,11045.13868
2024-07-12T00:00+02:00,8569.4175,20400.53487,11162.66455
2024-07-12T01:00+02:00,8042.85,19870.98886,11243.85067
2024-07-12T02:00+02:00,8300.12,19600.35008,11454.03203
2024-07-12T03:00+02:00,8948.145,19365.11016,11963.357
2024-07-12T04:00+02:00,8431.555,19090.5406,12721.70219
2024-07-12T05:00+02:00,8498.0175,18998.46759,13861.55258
2024-07-12T06:00+02:00,8943.5025,19428.12311,16829.33795
2024-07-12T07:00+02:00,8349.815,19459.60503,20793.81183
2024-07-12T08:00+02:00,7001.64,19412.2446,25037.31133
2024-07-12T09:00+02:00,5227.1975,18732.01844,28986.51872
2024-07-12T10:00+02:00,2877.555,17817.97486,32747.27372
2024-07-12T11:00+02:00,3830.77,16549.24116,36380.25472
2024-07-12T12:00+02:00,2713.47,15331.88393,39900.97072
2024-07-12T13:00+02:00,3120.6975,13105.80361,41739.91219
2024-07-12T14:00+02:00,3775.6325,11026.06259,41882.9988
2024-07-12T15:00+02:00,3328.11,10422.07536,43401.74481
2024-07-12T16:00+02:00,3872.5825,10081.82659,42666.02203
2024-07-12T17:00+02:00,4898.34,9519.383866,40282.98341
2024-07-12T18:00+02:00,6751.55,9680.796625,37386.24892
2024-07-12T19:00+02:00,7147.675,9823.539354,35027.79111
2024-07-12T20:00+02:00,6849.465,9451.579458,32280.81962
2024-07-12T21:00+02:00,6674.6525,9063.837235,30049.55475
2024-07-12T22:00+02:00,4851.5625,9171.478594,29231.39289
2024-07-12T23:00+02:00,4873.225,8934.990591,28624.65146
2024-07-13T00:00+02:00,3699.2275,8324.198371,26821.57909
2024-07-13T01:00+02:00,4612.98,7941.556634,25116.65793
2024-07-13T02:00+02:00,4814.52,7860.782067,24220.64935
2024-07-13T03:00+02:00,5456.26,7773.944427,23798.07358
2024-07-13T04:00+02:00,6526.8475,7335.428268,23882.14505
2024-07-13T05:00+02:00,6820.7475,7022.416354,23960.70098
2024-07-13T06:00+02:00,5855,6931.296634,25612.68258
2024-07-13T07:00+02:00,5424.465,6856.64548,29313.93822
2024-07-13T08:00+02:00,2997.1475,6777.667474,35136.73819
2024-07-13T09:00+02:00,-102.6775,6584.81922,41770.75813
2024-07-13T10:00+02:00,-4382.04,6526.954541,47290.63942
2024-07-13T11:00+02:00,-7066.2775,6541.988788,50531.68592
2024-07-13T12:00+02:00,-7613.0125,6499.06446,51998.86373
2024-07-13T13:00+02:00,-8846.1625,6462.611814,52204.38955
2024-07-13T14:00+02:00,-9261.255,6435.968461,51502.75446
2024-07-13T15:00+02:00,-8202.9925,6446.72519,49342.0309
2024-07-13T16:00+02:00,-5248.0375,6469.719012,45092.95777
2024-07-13T17:00+02:00,-782.635,6542.049602,39085.55826
2024-07-13T18:00+02:00,4182.135,7556.925877,32001.89396
2024-07-13T19:00+02:00,7773.31,8697.513857,24632.60168
2024-07-13T20:00+02:00,8793.6325,9453.820297,19525.83452
2024-07-13T21:00+02:00,9003.9775,9650.224434,17102.02255
2024-07-13T22:00+02:00,8666.73,9801.83693,16603.19253
2024-07-13T23:00+02:00,8275.1475,9587.393586,17021.28638
2024-07-14T00:00+02:00,7936.6075,9036.773612,17226.21723
2024-07-14T01:00+02:00,9733.74,7949.416088,18106.17478
2024-07-14T02:00+02:00,10509.295,6782.801254,18322.66312
2024-07-14T03:00+02:00,10461.555,6300.363417,17829.50987
2024-07-14T04:00+02:00,10943.9525,6474.673904,17747.90708
2024-07-14T05:00+02:00,11358.59,6634.334439,18548.88348
2024-07-14T06:00+02:00,10371.05,6563.006221,21425.07014
2024-07-14T07:00+02:00,5226.96,6496.166106,27030.61531
2024-07-14T08:00+02:00,-240.975,6467.752246,35112.54356
2024-07-14T09:00+02:00,-5325.865,6620.554678,41427.86967
2024-07-14T10:00+02:00,-7509.9375,6335.92678,45980.90582
2024-07-14T11:00+02:00,-9019.975,6112.381618,48554.90987
2024-07-14T12:00+02:00,-10530.155,6095.033431,49935.20584
2024-07-14T13:00+02:00,-9448.7025,6058.189883,48326.52144
2024-07-14T14:00+02:00,-8782.75,6179.791412,46154.75116
2024-07-14T15:00+02:00,-8745.785,6162.324768,45783.31075
2024-07-14T16:00+02:00,-4659.88,6316.475225,42488.08805
2024-07-14T17:00+02:00,3054.565,6489.571542,35513.22468
2024-07-14T18:00+02:00,7332.68,7414.098479,32185.50397
2024-07-14T19:00+02:00,8955.1125,9985.468057,25008.03409
2024-07-14T20:00+02:00,8638.325,11301.24685,19924.43301
2024-07-14T21:00+02:00,8286.875,12109.36275,17729.51352
2024-07-14T22:00+02:00,6910.605,12355.75387,18004.33156
2024-07-14T23:00+02:00,6711.2625,12310.36488,18533.615
2024-07-15T00:00+02:00,6221.8075,11679.87836,18863.87415
2024-07-15T01:00+02:00,7564.6925,10547.66717,19218.15245
2024-07-15T02:00+02:00,8373.5375,10013.26723,19015.0537
2024-07-15T03:00+02:00,8896.095,10040.07235,18612.94172
2024-07-15T04:00+02:00,9483.4625,10692.81038,18074.41099
2024-07-15T05:00+02:00,9743.7925,12049.08964,17995.38627
2024-07-15T06:00+02:00,9901.3925,12596.36981,20407.91702
2024-07-15T07:00+02:00,8662.4125,12644.35469,25869.99724
2024-07-15T08:00+02:00,7252.165,10963.17409,32749.15452
2024-07-15T09:00+02:00,5960.8275,8245.273531,41256.27984
2024-07-15T10:00+02:00,722.515,7581.157292,48117.70249
2024-07-15T11:00+02:00,-1968.925,7332.305506,52909.17201
2024-07-15T12:00+02:00,-3923.275,7289.890278,55085.34474
2024-07-15T13:00+02:00,-2036.4375,7260.740244,53562.60285
2024-07-15T14:00+02:00,-1672.4875,7266.247563,50563.53733
2024-07-15T15:00+02:00,1047.185,7954.526952,45937.18333
2024-07-15T16:00+02:00,4225.615,10379.38721,38911.61793
2024-07-15T17:00+02:00,4632.6825,13718.22106,31010.92264
2024-07-15T18:00+02:00,6892.8225,16019.81838,21887.69321
2024-07-15T19:00+02:00,11518.3875,17281.37451,14820.55705
2024-07-15T20:00+02:00,12179.5425,17983.55534,12480.36073
2024-07-15T21:00+02:00,10415.655,18150.30343,13946.45326
2024-07-15T22:00+02:00,7472.2775,17224.12077,16996.68396
2024-07-15T23:00+02:00,3940.29,15611.35815,21868.48337
2024-07-16T00:00+02:00,4651.7325,12685.29032,24722.56028
2024-07-16T01:00+02:00,4962.6175,10974.47256,25289.12773
2024-07-16T02:00+02:00,7165.7,10409.26053,25235.00225
2024-07-16T03:00+02:00,7210.915,10641.91474,25586.2046
2024-07-16T04:00+02:00,8533.6575,10643.08556,25334.95654
2024-07-16T05:00+02:00,8989.6125,11476.42954,25395.54385
2024-07-16T06:00+02:00,9965.48,12457.99031,26764.43971
2024-07-16T07:00+02:00,8797.5975,12622.49855,27799.9701
2024-07-16T08:00+02:00,10703.5025,11939.97279,32331.69417
2024-07-16T09:00+02:00,7741.85,10184.18926,38756.73235
2024-07-16T10:00+02:00,3804.6375,8492.353092,45754.50451
2024-07-16T11:00+02:00,810.3075,7411.167361,51390.50113
2024-07-16T12:00+02:00,-1440.7,7087.504317,55092.179
2024-07-16T13:00+02:00,-3884.465,7138.009096,56692.91103
2024-07-16T14:00+02:00,-4512.145,7203.298997,56477.28761
2024-07-16T15:00+02:00,-2686.1325,7276.231223,53902.92036
2024-07-16T16:00+02:00,796.245,7474.18932,49417.19912
2024-07-16T17:00+02:00,4121.9475,8520.820766,43796.53859
2024-07-16T18:00+02:00,6122.2,11263.30997,36048.59576
2024-07-16T19:00+02:00,7268.165,14734.14309,27752.00765
2024-07-16T20:00+02:00,7777.29,16283.38102,21885.92785
2024-07-16T21:00+02:00,7079.515,16051.76612,20480.79838
2024-07-16T22:00+02:00,5063.2375,15472.8213,21241.88853
2024-07-16T23:00+02:00,4414.345,14321.90119,22051.15256
2024-07-17T00:00+02:00,6798.6925,12981.85907,22052.39958
2024-07-17T01:00+02:00,7806.055,11731.04874,22243.5461
2024-07-17T02:00+02:00,8074.8525,11379.4203,23054.69762
2024-07-17T03:00+02:00,8460.0225,11191.10342,24427.05907
2024-07-17T04:00+02:00,8963.7625,11067.76211,25833.7688
2024-07-17T05:00+02:00,8012.0125,11079.27043,26755.27419
2024-07-17T06:00+02:00,9317.5075,11467.39489,28555.07819
2024-07-17T07:00+02:00,6735.6725,11525.70198,31231.94348
2024-07-17T08:00+02:00,5186.7675,11564.91302,36549.4135
2024-07-17T09:00+02:00,2989.4325,9618.569042,43390.26406
2024-07-17T10:00+02:00,3555.855,8146.7001,48211.98912
2024-07-17T11:00+02:00,2496.5825,7914.49027,49432.11817
2024-07-17T12:00+02:00,-76.755,8181.673708,50843.8063
2024-07-17T13:00+02:00,52.61,8127.70242,50181.3744
2024-07-17T14:00+02:00,1655.47,8101.588052,49183.43901
2024-07-17T15:00+02:00,3867.085,8203.625865,47459.20808
2024-07-17T16:00+02:00,6318.05,8518.908276,44190.51332
2024-07-17T17:00+02:00,7048.06,9597.968135,38858.81608
2024-07-17T18:00+02:00,8757.7375,12705.02727,32293.484
2024-07-17T19:00+02:00,8729.45,16802.65856,23939.30046
2024-07-17T20:00+02:00,10201.2275,17850.59167,17724.36934
2024-07-17T21:00+02:00,9788.14,18543.11068,14518.90163
2024-07-17T22:00+02:00,10305.61,18565.30892,13289.27444
2024-07-17T23:00+02:00,10983.6725,17950.66548,12426.5809
2024-07-18T00:00+02:00,9439.55,17669.16173,12180.22432
2024-07-18T01:00+02:00,10457.39,17101.002,11805.31425
2024-07-18T02:00+02:00,11067.27,16577.98887,11597.07145
2024-07-18T03:00+02:00,11399.0125,16552.56522,11358.28654
2024-07-18T04:00+02:00,11335.995,16899.35363,11568.99203
2024-07-18T05:00+02:00,11060.435,17501.47031,12058.47038
2024-07-18T06:00+02:00,11673.075,17895.58948,13981.26097
2024-07-18T07:00+02:00,11214.96,17671.60565,19246.09806
2024-07-18T08:00+02:00,8340.8175,16316.09858,27049.23976
2024-07-18T09:00+02:00,6277.5775,13801.31861,35104.45181
2024-07-18T10:00+02:00,7116.165,10476.98971,41677.23167
2024-07-18T11:00+02:00,6634.1025,8939.727848,45825.61529
2024-07-18T12:00+02:00,4004.1825,8814.12982,47599.7749
2024-07-18T13:00+02:00,2165.9375,8970.273764,47634.47135
2024-07-18T14:00+02:00,1527.04,9184.175003,46373.74425
2024-07-18T15:00+02:00,4591.475,9275.760515,42742.08154
2024-07-18T16:00+02:00,6547.6725,10308.01112,37440.30837
2024-07-18T17:00+02:00,8251.72,13720.32581,30779.70844
2024-07-18T18:00+02:00,9899.685,18195.73762,22703.5186
2024-07-18T19:00+02:00,10251.4775,20684.7125,15323.66708
2024-07-18T20:00+02:00,11231.9925,20988.84127,10894.22103
2024-07-18T21:00+02:00,10203.85,21065.45722,9656.338433
2024-07-18T22:00+02:00,9584.1075,20757.40692,10080.62072
2024-07-18T23:00+02:00,9306.135,19905.15915,10710.68602
2024-07-19T00:00+02:00,9105.54,18811.05441,11179.65952
2024-07-19T01:00+02:00,10989.835,17684.34382,11374.81997
2024-07-19T02:00+02:00,11161.34,16968.70989,11287.30838
2024-07-19T03:00+02:00,10777.2075,17187.71385,11275.15828
2024-07-19T04:00+02:00,10559.9825,17399.92947,11185.32661
2024-07-19T05:00+02:00,10969.8275,17856.25213,11362.16765
2024-07-19T06:00+02:00,11059.3575,18650.09842,13511.66153
2024-07-19T07:00+02:00,10109.1875,18729.56152,18958.86294
2024-07-19T08:00+02:00,6496.755,17932.8996,26384.10834
2024-07-19T09:00+02:00,2527.545,15430.86798,34505.64687
2024-07-19T10:00+02:00,2322.8425,11826.73,41650.39196
2024-07-19T11:00+02:00,3120.32,10034.31373,46438.55213
2024-07-19T12:00+02:00,1503.5175,9040.300234,48327.66509
2024-07-19T13:00+02:00,513.435,8790.728988,47539.52894
2024-07-19T14:00+02:00,1906.5175,8701.217389,44892.46349
2024-07-19T15:00+02:00,5202.9175,8950.802485,41236.83403
2024-07-19T16:00+02:00,6977.8425,10504.37526,36278.07666
2024-07-19T17:00+02:00,9320.2875,13016.22363,29907.74151
2024-07-19T18:00+02:00,9320.115,16214.38088,22649.73183
2024-07-19T19:00+02:00,9364.475,18038.69713,16690.17269
2024-07-19T20:00+02:00,9493.475,18464.44207,13517.17811
2024-07-19T21:00+02:00,9272.985,18526.78312,12995.38345
2024-07-19T22:00+02:00,6724.6625,18527.80796,14207.73425
2024-07-19T23:00+02:00,6667.2325,17664.23621,15257.26057
2024-07-20T00:00+02:00,7061.67,15802.14971,15828.19028
2024-07-20T01:00+02:00,8208.465,14313.81699,16231.75708
2024-07-20T02:00+02:00,8894.625,12932.80621,15931.86318
2024-07-20T03:00+02:00,9284.9925,12587.70388,15322.11291
2024-07-20T04:00+02:00,9175.445,12362.65599,14957.96399
2024-07-20T05:00+02:00,9164.63,12125.16846,15308.62463
2024-07-20T06:00+02:00,9287.5275,11767.67347,16686.2165
2024-07-20T07:00+02:00,8719.5675,11060.98717,20841.9676
2024-07-20T08:00+02:00,8351.8575,8582.946924,26565.53276
2024-07-20T09:00+02:00,4987.915,7009.018094,34303.09319
2024-07-20T10:00+02:00,772.5275,6377.158894,42158.79364
2024-07-20T11:00+02:00,-3991.595,6370.486765,48279.27656
2024-07-20T12:00+02:00,-5407.195,6411.233438,50239.90151
2024-07-20T13:00+02:00,-6945.2325,6448.077283,49941.22635
2024-07-20T14:00+02:00,-7866.1325,6475.79598,48613.95691
2024-07-20T15:00+02:00,-4162.945,6555.060772,44864.01516
2024-07-20T16:00+02:00,101.7225,6750.232836,41118.91996
2024-07-20T17:00+02:00,3829.13,7135.812798,34663.14816
2024-07-20T18:00+02:00,5215.45,9525.829912,27744.66688
2024-07-20T19:00+02:00,7813.4925,11088.62736,21930.15099
2024-07-20T20:00+02:00,9549.0625,11375.11624,19116.20886
2024-07-20T21:00+02:00,7747.5925,11344.84038,19543.45057
2024-07-20T22:00+02:00,7056.9275,11049.17561,21816.78821
2024-07-20T23:00+02:00,7007.4975,10722.55283,23793.45137
2024-07-21T00:00+02:00,5875.135,9745.379268,23810.38973
2024-07-21T01:00+02:00,7437.3075,9401.606716,22576.34913
2024-07-21T02:00+02:00,7208.13,9519.651663,21007.11365
2024-07-21T03:00+02:00,7591.1525,9711.837356,19257.91359
2024-07-21T04:00+02:00,7683.7125,10185.37577,17989.29542
2024-07-21T05:00+02:00,7498.7325,10202.52493,17311.76143
2024-07-21T06:00+02:00,7851.675,9772.783903,18289.14681
2024-07-21T07:00+02:00,8675.59,8043.035773,21694.04605
2024-07-21T08:00+02:00,7237.685,7123.131027,26796.9135
2024-07-21T09:00+02:00,4578.2175,6634.597203,33469.73053
2024-07-21T10:00+02:00,-507.1225,6603.663312,39165.60391
2024-07-21T11:00+02:00,-2299.0825,6558.009871,43100.47208
2024-07-21T12:00+02:00,-2271.3825,6650.409154,44393.41661
2024-07-21T13:00+02:00,-1653.0375,6720.428966,43707.03965
2024-07-21T14:00+02:00,-727.2575,6761.115566,40961.69236
2024-07-21T15:00+02:00,568.9175,7007.252237,37946.91896
2024-07-21T16:00+02:00,5437.3775,7330.722743,34028.28583
2024-07-21T17:00+02:00,6999.005,9393.037008,29423.80349
2024-07-21T18:00+02:00,7701.92,11746.97051,23516.74472
2024-07-21T19:00+02:00,8858.0575,13049.64857,19055.19462
2024-07-21T20:00+02:00,9992.8875,13380.67776,15394.57819
2024-07-21T21:00+02:00,10133.645,13472.07712,13468.62094
2024-07-21T22:00+02:00,10248.555,13464.49552,13498.9965
2024-07-21T23:00+02:00,10771.9575,13572.35821,14292.17677
2024-07-22T00:00+02:00,9886.39,13484.7686,14469.76719
2024-07-22T01:00+02:00,8726.1625,13529.56832,15123.18009
2024-07-22T02:00+02:00,8800.8375,13234.74251,15694.62521
2024-07-22T03:00+02:00,8610.9625,13475.77515,16651.51926
2024-07-22T04:00+02:00,8394.03,13756.75898,17574.84856
2024-07-22T05:00+02:00,8964.5525,14003.38281,18968.16317
2024-07-22T06:00+02:00,8955.5975,14955.08327,22329.06139
2024-07-22T07:00+02:00,7662.96,14824.61895,26178.89432
2024-07-22T08:00+02:00,8594.855,13741.83882,31063.58859
2024-07-22T09:00+02:00,9084.53,11260.27012,37133.27439
2024-07-22T10:00+02:00,7697.2,8967.68817,42915.03469
2024-07-22T11:00+02:00,5521.21,8476.875659,48127.51075
2024-07-22T12:00+02:00,3176.1925,8289.572989,51403.4362
2024-07-22T13:00+02:00,-34.3075,8293.184682,52929.0173
2024-07-22T14:00+02:00,-1673.75,8188.742922,52624.30305
2024-07-22T15:00+02:00,693.675,8178.267681,49843.79613
2024-07-22T16:00+02:00,4971.4675,8287.799071,45440.13806
2024-07-22T17:00+02:00,7845.2075,9181.8413,39433.5781
2024-07-22T18:00+02:00,9870.1375,12836.54391,30747.32085
2024-07-22T19:00+02:00,11178.0975,15879.21622,21150.87237
2024-07-22T20:00+02:00,12930.82,16645.13237,14577.06368
2024-07-22T21:00+02:00,13559.6775,17003.34139,12370.40364
2024-07-22T22:00+02:00,12585.25,16765.19505,12652.61448
2024-07-22T23:00+02:00,12608.165,15574.62954,13883.66582
2024-07-23T00:00+02:00,11972.5,13837.06745,15168.18874
2024-07-23T01:00+02:00,11093.085,13535.85563,16127.96058
2024-07-23T02:00+02:00,9689.2425,13644.03846,16791.51961
2024-07-23T03:00+02:00,10146.125,13586.90533,16748.97969
2024-07-23T04:00+02:00,9647.145,13719.07762,16511.18215
2024-07-23T05:00+02:00,9678.19,14110.08877,16996.70494
2024-07-23T06:00+02:00,10305.9825,14733.69165,19010.18743
2024-07-23T07:00+02:00,9049.3375,15540.36334,22476.05173
2024-07-23T08:00+02:00,7931.975,15747.81234,26795.05323
2024-07-23T09:00+02:00,6613.235,14622.954,33783.42321
2024-07-23T10:00+02:00,5880.255,11851.34574,40888.34641
2024-07-23T11:00+02:00,5507.2025,9987.7639,44659.26459
2024-07-23T12:00+02:00,5147.4875,9262.876565,45585.97509
2024-07-23T13:00+02:00,5800.4,8768.937384,46514.72116
2024-07-23T14:00+02:00,5523.6675,8554.680297,45989.73158
2024-07-23T15:00+02:00,5955.5025,8673.452578,43121.49787
2024-07-23T16:00+02:00,5441.61,10257.86241,38978.97666
2024-07-23T17:00+02:00,5457.9675,13327.09751,33376.33946
2024-07-23T18:00+02:00,7973.9475,15462.48532,27599.34105
2024-07-23T19:00+02:00,8537.075,16873.15771,23273.23434
2024-07-23T20:00+02:00,8707.4075,17343.8873,19329.62051
2024-07-23T21:00+02:00,7989.2775,17517.70152,17099.85571
2024-07-23T22:00+02:00,6445.04,17344.50812,16839.43555
2024-07-23T23:00+02:00,5094.6075,16746.69049,17563.76223
2024-07-24T00:00+02:00,7711.7575,15016.95361,18258.85625
2024-07-24T01:00+02:00,8152.4325,13860.53567,18423.64616
2024-07-24T02:00+02:00,9167.875,13861.72878,18951.30715
2024-07-24T03:00+02:00,10292.9175,13805.90738,18976.07962
2024-07-24T04:00+02:00,9263.8325,14005.59541,18710.26354
2024-07-24T05:00+02:00,9118.2,14879.9252,18897.06866
2024-07-24T06:00+02:00,8672.2825,15823.70001,20251.38195
2024-07-24T07:00+02:00,8361.2325,16326.31712,22518.76806
2024-07-24T08:00+02:00,8540.675,16089.3773,27160.06632
2024-07-24T09:00+02:00,8078.8625,15128.19322,33394.53537
2024-07-24T10:00+02:00,7728.5625,12729.21888,38950.67848
2024-07-24T11:00+02:00,6816.4725,10477.35172,43587.81936
2024-07-24T12:00+02:00,2967.1975,9031.914347,48488.42363
2024-07-24T13:00+02:00,1897.67,8338.415774,50806.44215
2024-07-24T14:00+02:00,-1495.58,8136.781713,52106.99945
2024-07-24T15:00+02:00,-1766.375,8024.510652,51572.24588
2024-07-24T16:00+02:00,1116.14,8230.386268,47884.44569
2024-07-24T17:00+02:00,5027.14,9328.973676,41806.27942
2024-07-24T18:00+02:00,7709.6425,12524.68327,32691.3636
2024-07-24T19:00+02:00,9208.245,16276.64793,23292.39627
2024-07-24T20:00+02:00,11005.9325,17517.62515,16303.91282
2024-07-24T21:00+02:00,10789.7775,17689.22668,13774.70324
2024-07-24T22:00+02:00,10062.38,17608.66359,13304.74067
2024-07-24T23:00+02:00,10951.38,17047.26569,13172.84219
2024-07-25T00:00+02:00,11147.4825,16435.21838,12480.47398
2024-07-25T01:00+02:00,10867.7725,16312.29581,11513.02387
2024-07-25T02:00+02:00,11398.1375,15899.53127,10885.43615
2024-07-25T03:00+02:00,13644.7225,15653.13159,10436.43497
2024-07-25T04:00+02:00,13216.955,15999.67293,10428.30586
2024-07-25T05:00+02:00,13580.0525,16420.50019,11066.25433
2024-07-25T06:00+02:00,13654.385,16747.59708,13571.58614
2024-07-25T07:00+02:00,12230.655,16242.42137,19553.62594
2024-07-25T08:00+02:00,8697.045,14577.68553,27985.58312
2024-07-25T09:00+02:00,7340.165,11589.91626,37036.14411
2024-07-25T10:00+02:00,5804.69,9005.582326,43719.81524
2024-07-25T11:00+02:00,3695.0075,8490.0127,47767.26717
2024-07-25T12:00+02:00,1658.05,8351.049525,49919.29347
2024-07-25T13:00+02:00,-399.04,8259.565476,50581.37
2024-07-25T14:00+02:00,-1144.2425,8254.742708,48616.39291
2024-07-25T15:00+02:00,1555.5025,8331.048714,44629.63311
2024-07-25T16:00+02:00,5837.0025,9542.551381,38666.5327
2024-07-25T17:00+02:00,8089.36,12803.92783,30853.02063
2024-07-25T18:00+02:00,8607.4175,17236.03934,22764.18463
2024-07-25T19:00+02:00,11035.0675,18567.54754,17162.24408
2024-07-25T20:00+02:00,11399.7325,18816.19239,14228.77057
2024-07-25T21:00+02:00,11281.835,18154.56361,13511.36678
2024-07-25T22:00+02:00,9490.9,17605.10276,13968.52138
2024-07-25T23:00+02:00,10687.9475,16645.78464,14225.47496
2024-07-26T00:00+02:00,9307.33,15497.92672,15874.68811
2024-07-26T01:00+02:00,10407.6625,13921.63753,16811.2988
2024-07-26T02:00+02:00,10046.9275,13448.57013,16739.13204
2024-07-26T03:00+02:00,10421.8,13551.08419,16664.27579
2024-07-26T04:00+02:00,10505.1025,13458.95238,17013.92679
2024-07-26T05:00+02:00,10567.0225,13901.5089,17918.14665
2024-07-26T06:00+02:00,10377.25,15258.35007,20307.26731
2024-07-26T07:00+02:00,9435.8675,15420.55625,23020.53503
2024-07-26T08:00+02:00,10070.005,15280.20684,26447.85832
2024-07-26T09:00+02:00,10432.5925,14076.98203,30584.29862
2024-07-26T10:00+02:00,10569.7575,12266.76575,33523.96771
2024-07-26T11:00+02:00,10944,11372.96467,35291.51094
2024-07-26T12:00+02:00,10604.5525,11003.86799,37043.3682
2024-07-26T13:00+02:00,10530.575,9905.78493,38710.38582
2024-07-26T14:00+02:00,9217.3075,9410.682677,39325.11241
2024-07-26T15:00+02:00,8202.325,9440.771407,39777.58679
2024-07-26T16:00+02:00,8981.8275,10020.66842,36587.92225
2024-07-26T17:00+02:00,9287.6275,12324.71072,31074.38268
2024-07-26T18:00+02:00,11022.7825,15599.75033,23911.40911
2024-07-26T19:00+02:00,10719.935,17727.37354,17109.57872
2024-07-26T20:00+02:00,10574.225,17955.32613,12395.93669
2024-07-26T21:00+02:00,10336.5175,17931.28201,10990.88997
2024-07-26T22:00+02:00,9642.2775,17708.89155,10598.63432
2024-07-26T23:00+02:00,9602.07,17384.91524,10112.57289
2024-07-27T00:00+02:00,9277.74,16690.54233,9779.960507
2024-07-27T01:00+02:00,9551.78,16364.67317,9572.835874
2024-07-27T02:00+02:00,9421.985,16238.62411,9266.900833
2024-07-27T03:00+02:00,10166.91,15737.92789,8705.781201
2024-07-27T04:00+02:00,10217.6875,15466.25322,8499.437362
2024-07-27T05:00+02:00,11018.16,15064.68303,8635.192266
2024-07-27T06:00+02:00,12276.45,14457.21876,9664.345837
2024-07-27T07:00+02:00,12858.9025,13540.52792,12837.17612
2024-07-27T08:00+02:00,12908.61,12485.13216,17301.19555
2024-07-27T09:00+02:00,12861.4975,10853.66404,22682.97027
2024-07-27T10:00+02:00,13269.3675,9082.909208,28484.01566
2024-07-27T11:00+02:00,12626.44,7650.628492,32458.8426
2024-07-27T12:00+02:00,9649.4725,7341.521308,34007.15613
2024-07-27T13:00+02:00,7557.6325,7464.675502,34188.55433
2024-07-27T14:00+02:00,7587.2475,8094.381947,32149.13696
2024-07-27T15:00+02:00,10531.755,8800.495247,28002.44218
2024-07-27T16:00+02:00,10232.7825,11150.54828,23258.59985
2024-07-27T17:00+02:00,11047.1325,13543.55937,19110.11578
2024-07-27T18:00+02:00,9854.5025,15163.09643,15168.61878
2024-07-27T19:00+02:00,10690.78,15723.20099,12464.95674
2024-07-27T20:00+02:00,11211.4075,15975.15328,10876.58929
2024-07-27T21:00+02:00,9808.25,16023.60094,10848.97501
2024-07-27T22:00+02:00,8384.885,15799.46676,11349.23397
2024-07-27T23:00+02:00,8216.4625,14832.65185,12209.69445
2024-07-28T00:00+02:00,8982.775,12821.60978,13204.0175
2024-07-28T01:00+02:00,7812.9475,11664.26549,13923.53662
2024-07-28T02:00+02:00,7803.965,11054.66608,14930.09283
2024-07-28T03:00+02:00,7373.8475,9974.212566,16263.4566
2024-07-28T04:00+02:00,6762.475,9518.899235,17337.76248
2024-07-28T05:00+02:00,5856.865,9722.203398,18346.02593
2024-07-28T06:00+02:00,6379.415,9226.167807,20116.12355
2024-07-28T07:00+02:00,7288.5925,8432.320848,22210.88034
2024-07-28T08:00+02:00,8498.55,7009.885831,24962.68798
2024-07-28T09:00+02:00,4570.1725,6639.454297,31221.24885
2024-07-28T10:00+02:00,-673.5675,6599.079326,39526.65619
2024-07-28T11:00+02:00,-3724.2375,6582.172398,45023.17938
2024-07-28T12:00+02:00,-8493.6675,6506.44647,48745.40692
2024-07-28T13:00+02:00,-8408.7125,6431.99154,47937.06402
2024-07-28T14:00+02:00,-7984.5,6395.406164,45837.70825
2024-07-28T15:00+02:00,-9703.8475,6405.725065,46591.39049
2024-07-28T16:00+02:00,-8712.6525,6455.716932,45408.33736
2024-07-28T17:00+02:00,-2193.355,6517.56701,40071.6903
2024-07-28T18:00+02:00,3373.8125,7735.832817,34025.41917
2024-07-28T19:00+02:00,7184.8775,10892.3094,24621.1638
2024-07-28T20:00+02:00,7474.085,12666.85479,17930.89842
2024-07-28T21:00+02:00,7409.015,13208.53209,16467.94059
2024-07-28T22:00+02:00,7896.1625,13218.57743,16802.40569
2024-07-28T23:00+02:00,8730.385,12977.30165,16863.8514
2024-07-29T00:00+02:00,9508.4275,12043.37683,16242.53395
2024-07-29T01:00+02:00,10026.9875,11025.50749,15474.00557
2024-07-29T02:00+02:00,10156.9125,11010.11598,14667.55009
2024-07-29T03:00+02:00,10842.8075,10946.81469,14169.66733
2024-07-29T04:00+02:00,11865.24,11254.67238,13962.47209
2024-07-29T05:00+02:00,12071.8475,11936.43614,14251.49325
2024-07-29T06:00+02:00,11934.48,12496.85167,15950.40263
2024-07-29T07:00+02:00,12531.145,11979.82843,20851.65628
2024-07-29T08:00+02:00,10755.625,10599.64718,28614.36123
2024-07-29T09:00+02:00,6745.1825,9293.380673,37484.84548
2024-07-29T10:00+02:00,3023.26,8480.900486,45144.30135
2024-07-29T11:00+02:00,1449.9225,8280.3364,49486.96266
2024-07-29T12:00+02:00,-2869.705,8278.66741,52815.87631
2024-07-29T13:00+02:00,-3876.0425,8078.460229,53310.68297
2024-07-29T14:00+02:00,-3902.775,8010.089327,51837.61185
2024-07-29T15:00+02:00,-1702.2225,7978.050978,47780.10113
2024-07-29T16:00+02:00,2132.2025,8231.332897,42177.53195
2024-07-29T17:00+02:00,7249.535,9839.462564,33808.04349
2024-07-29T18:00+02:00,11422.3075,14748.30398,23680.3697
2024-07-29T19:00+02:00,12595.06,18169.16299,15380.46254
2024-07-29T20:00+02:00,12594.75,19078.16076,11451.7058
2024-07-29T21:00+02:00,12257.725,19188.40041,10875.36475
2024-07-29T22:00+02:00,9533.44,19202.35873,11834.60254
2024-07-29T23:00+02:00,9021.48,18222.91284,12567.7045
2024-07-30T00:00+02:00,10877.3,16297.52381,12666.84918
2024-07-30T01:00+02:00,11804.3375,15307.00385,12650.8944
2024-07-30T02:00+02:00,11518.8125,15165.78814,12242.51795
2024-07-30T03:00+02:00,10752.2725,15551.89381,11562.07422
2024-07-30T04:00+02:00,10759.31,16193.39092,11265.18358
2024-07-30T05:00+02:00,11204.7475,16967.18536,11365.29448
2024-07-30T06:00+02:00,11056.4475,17242.62168,13623.1721
2024-07-30T07:00+02:00,10939.4275,17157.51442,19164.60412
2024-07-30T08:00+02:00,8436.1775,15927.74673,26569.01347
2024-07-30T09:00+02:00,7819.5675,11925.94596,34850.65135
2024-07-30T10:00+02:00,5968.105,9417.528673,42317.71279
2024-07-30T11:00+02:00,2399.305,9207.328609,47825.23135
2024-07-30T12:00+02:00,-2138.78,9043.737209,50304.46639
2024-07-30T13:00+02:00,-2430.04,9119.793562,50371.02433
2024-07-30T14:00+02:00,-782.515,9280.871279,48510.67294
2024-07-30T15:00+02:00,1611.57,9242.312112,44574.59064
2024-07-30T16:00+02:00,4566.2025,10195.6649,38474.66597
2024-07-30T17:00+02:00,7688.3825,14058.10495,30723.66495
2024-07-30T18:00+02:00,10189.825,18775.51934,21470.26424
2024-07-30T19:00+02:00,10460.195,21671.51883,14030.13448
2024-07-30T20:00+02:00,10371.23,22201.52625,10450.66412
2024-07-30T21:00+02:00,9363.01,22226.54267,9736.341199
2024-07-30T22:00+02:00,9835.9425,21883.60858,10052.50853
2024-07-30T23:00+02:00,9248.8775,21273.71137,10372.53459
2024-07-31T00:00+02:00,8825.0175,20346.16946,10371.4668
2024-07-31T01:00+02:00,10219.1775,19185.95994,10147.48304
2024-07-31T02:00+02:00,10561.625,19047.68135,9713.535786
2024-07-31T03:00+02:00,9809.42,19201.69464,9156.895804
2024-07-31T04:00+02:00,10309.385,19535.82061,8653.984215
2024-07-31T05:00+02:00,10932.4725,20111.96352,8537.181443
2024-07-31T06:00+02:00,12179.06,20606.47284,10777.12775
2024-07-31T07:00+02:00,11226.965,20521.6481,16403.14667
2024-07-31T08:00+02:00,9882.01,18240.70408,24412.17621
2024-07-31T09:00+02:00,9046.4325,14172.30017,33178.22844
2024-07-31T10:00+02:00,7141.5975,11607.55041,39671.22051
2024-07-31T11:00+02:00,6597.8425,10704.18716,43519.21002
2024-07-31T12:00+02:00,5862.995,10110.72072,45266.77295
2024-07-31T13:00+02:00,4808.7175,10028.92523,44632.24692
2024-07-31T14:00+02:00,5445.915,10104.98321,42655.18834
2024-07-31T15:00+02:00,7211.1025,11449.92497,38586.34929
2024-07-31T16:00+02:00,9664.8875,13505.1783,32568.91227
2024-07-31T17:00+02:00,10572.1225,16694.95801,26956.73648
2024-07-31T18:00+02:00,9748.075,20102.01832,21325.30802
2024-07-31T19:00+02:00,10034.8475,21662.05379,16569.73937
2024-07-31T20:00+02:00,11073.775,21972.36306,13848.96032
2024-07-31T21:00+02:00,9066.2075,22103.16513,13256.34602
2024-07-31T22:00+02:00,8314.2375,22078.57611,12754.81331
2024-07-31T23:00+02:00,8195.245,21611.89941,12855.22648
2024-08-01T00:00+02:00,6776.21,21958.63292,12791.44757
2024-08-01T01:00+02:00,7125.4825,21331.18781,12361.66338
2024-08-01T02:00+02:00,7878.3375,20666.6612,11731.04756
2024-08-01T03:00+02:00,8437.445,20743.32296,11211.96351
2024-08-01T04:00+02:00,8077.015,21333.50086,10879.0132
2024-08-01T05:00+02:00,8700.9625,22370.32278,11090.92696
2024-08-01T06:00+02:00,9073.305,22727.12326,12944.29623
2024-08-01T07:00+02:00,10162.485,22206.59797,17342.75539
2024-08-01T08:00+02:00,8097.18,21087.57366,23666.93953
2024-08-01T09:00+02:00,6295.815,18418.22676,31020.15528
2024-08-01T10:00+02:00,6031.8025,16564.08215,37001.31065
2024-08-01T11:00+02:00,6222.3775,14800.76065,39840.76698
2024-08-01T12:00+02:00,5883.5075,14356.24577,38918.31647
2024-08-01T13:00+02:00,6758.43,16206.44038,36711.60949
2024-08-01T14:00+02:00,7201.355,16461.94715,34990.94613
2024-08-01T15:00+02:00,9203.8175,16425.66318,32258.39865
2024-08-01T16:00+02:00,8346.58,17528.2098,28577.39332
2024-08-01T17:00+02:00,7858.5475,20230.92767,24503.53743
2024-08-01T18:00+02:00,8319.2725,22106.85663,20953.24223
2024-08-01T19:00+02:00,7274.87,22923.59516,18261.2793
2024-08-01T20:00+02:00,6065.2675,23084.56851,15788.729
2024-08-01T21:00+02:00,6092.845,22810.64793,15361.3902
2024-08-01T22:00+02:00,4861.4275,22506.07243,15084.08911
2024-08-01T23:00+02:00,5956.68,21369.64542,14373.03015
2024-08-02T00:00+02:00,5217.8625,20317.2867,13423.83259
2024-08-02T01:00+02:00,6235.2425,19766.4155,12913.37409
2024-08-02T02:00+02:00,7382.8475,19203.70794,12566.34613
2024-08-02T03:00+02:00,8430.845,19246.47313,12145.80722
2024-08-02T04:00+02:00,7981.43,19399.27719,12130.50371
2024-08-02T05:00+02:00,8607.3025,20130.89001,12791.0213
2024-08-02T06:00+02:00,9303.265,21260.37294,14227.06456
2024-08-02T07:00+02:00,8707.1325,21530.31676,16712.50168
2024-08-02T08:00+02:00,8315.9325,21537.63226,19754.70933
2024-08-02T09:00+02:00,9569.1075,20213.29704,23555.09791
2024-08-02T10:00+02:00,10241.92,17568.40906,27803.97081
2024-08-02T11:00+02:00,10065.06,16251.77986,32481.66309
2024-08-02T12:00+02:00,7767.2675,14412.89932,34976.65509
2024-08-02T13:00+02:00,6540.5,13426.10804,36350.47194
2024-08-02T14:00+02:00,7250.3475,12326.53689,36699.45693
2024-08-02T15:00+02:00,7474.1075,12793.89343,35559.88328
2024-08-02T16:00+02:00,8694.8125,13577.31712,32219.34731
2024-08-02T17:00+02:00,7846.7875,15967.65098,27325.39997
2024-08-02T18:00+02:00,9430.67,19699.28103,20494.55561
2024-08-02T19:00+02:00,9978.295,21532.82984,13723.2324
2024-08-02T20:00+02:00,9130.785,21792.86448,10218.00716
2024-08-02T21:00+02:00,9298.7575,21589.14096,9430.814627
2024-08-02T22:00+02:00,7986.1875,21369.17029,9338.9294
2024-08-02T23:00+02:00,9133.275,19841.63262,9232.713914
2024-08-03T00:00+02:00,9769.535,18620.54023,9303.566925
2024-08-03T01:00+02:00,10313.64,17215.08903,9303.559587
2024-08-03T02:00+02:00,11297.325,15390.32036,9344.780241
2024-08-03T03:00+02:00,11214.16,14605.3102,9596.997635
2024-08-03T04:00+02:00,11103.74,14475.02914,9792.974304
2024-08-03T05:00+02:00,11092.7425,14295.54958,10174.28216
2024-08-03T06:00+02:00,10673.23,14293.8794,11563.75154
2024-08-03T07:00+02:00,10535.0875,12378.52114,15894.70514
2024-08-03T08:00+02:00,9815.7475,9943.543316,22369.81412
2024-08-03T09:00+02:00,8370.5925,7699.043779,30295.57953
2024-08-03T10:00+02:00,5259.475,7100.37659,36962.69867
2024-08-03T11:00+02:00,1830.45,6766.402744,41148.70271
2024-08-03T12:00+02:00,263.6575,6581.495097,43275.92505
2024-08-03T13:00+02:00,-299.23,6658.547541,42928.60426
2024-08-03T14:00+02:00,-1454.44,6652.186057,41889.52363
2024-08-03T15:00+02:00,515.2,6699.725638,39121.37881
2024-08-03T16:00+02:00,4556.225,7011.099078,34812.82924
2024-08-03T17:00+02:00,8074.1,8357.343439,28979.38896
2024-08-03T18:00+02:00,9808.9975,11300.14981,21496.64505
2024-08-03T19:00+02:00,11855.0875,12349.06655,15876.68733
2024-08-03T20:00+02:00,12849.23,12488.91223,12521.59855
2024-08-03T21:00+02:00,12029.0925,12621.84313,11423.06872
2024-08-03T22:00+02:00,10864.05,12596.63959,11844.77025
2024-08-03T23:00+02:00,9270.1925,12424.58453,12191.13817
2024-08-04T00:00+02:00,10198.545,12027.16716,12329.09197
2024-08-04T01:00+02:00,10151.2775,11365.8748,12745.58204
2024-08-04T02:00+02:00,8664.1125,11075.85928,14039.37628
2024-08-04T03:00+02:00,7948.0525,11013.70073,15129.30764
2024-08-04T04:00+02:00,7180.99,10715.09764,15832.21747
2024-08-04T05:00+02:00,6988.235,10455.55561,16806.32137
2024-08-04T06:00+02:00,6730.9175,10274.4887,18239.07696
2024-08-04T07:00+02:00,6901.1375,9649.88403,21305.29517
2024-08-04T08:00+02:00,6172.36,8021.866459,26073.85
2024-08-04T09:00+02:00,4625.3325,6781.707418,33266.93209
2024-08-04T10:00+02:00,927.6725,6478.322326,39142.2039
2024-08-04T11:00+02:00,-3363.685,6453.202935,43710.26287
2024-08-04T12:00+02:00,-5827.08,6444.979132,46186.41761
2024-08-04T13:00+02:00,-8562.695,6442.35867,47682.25455
2024-08-04T14:00+02:00,-8769.435,6425.379437,47599.03676
2024-08-04T15:00+02:00,-7802.1525,6496.316371,46136.31393
2024-08-04T16:00+02:00,-3169.6275,6607.490636,41710.32454
2024-08-04T17:00+02:00,1786.8925,7067.55724,35494.39896
2024-08-04T18:00+02:00,5524.255,9932.529996,28091.82315
2024-08-04T19:00+02:00,5893.2825,12880.83738,21211.47291
2024-08-04T20:00+02:00,7536.0325,14380.92214,16301.23338
2024-08-04T21:00+02:00,7792.25,15170.64454,14587.89995
2024-08-04T22:00+02:00,7895.9375,15375.77857,14400.04289
2024-08-04T23:00+02:00,8738.7675,15218.83254,14111.69353
2024-08-05T00:00+02:00,7882.7525,15016.13404,13628.03119
2024-08-05T01:00+02:00,8699.46,14436.00822,13040.29985
2024-08-05T02:00+02:00,9288.2025,14110.91152,12590.31529
2024-08-05T03:00+02:00,10409.975,14115.24128,12518.07667
2024-08-05T04:00+02:00,10391.5,14488.66153,12250.12207
2024-08-05T05:00+02:00,11514.3975,15559.97136,11857.19876
2024-08-05T06:00+02:00,11472.665,16478.07133,12517.18556
2024-08-05T07:00+02:00,10911.9,16697.17804,15185.93323
2024-08-05T08:00+02:00,11164.3825,16639.47754,19564.3928
2024-08-05T09:00+02:00,9723.7825,15427.75652,25915.25474
2024-08-05T10:00+02:00,8765.3275,12953.88706,32777.02269
2024-08-05T11:00+02:00,8754.4825,10024.7197,38775.97645
2024-08-05T12:00+02:00,7284.8475,8204.286908,42879.16635
2024-08-05T13:00+02:00,4587.565,7944.838133,44748.0132
2024-08-05T14:00+02:00,1875.84,8372.298219,44581.64958
2024-08-05T15:00+02:00,2504.0625,8782.347923,42237.01863
2024-08-05T16:00+02:00,5757.0725,10235.06784,37012.758
2024-08-05T17:00+02:00,7209.4175,13649.86819,29602.08786
2024-08-05T18:00+02:00,9632.81,18853.57233,20623.18001
2024-08-05T19:00+02:00,10143.5525,21520.77277,13384.64941
2024-08-05T20:00+02:00,10825.71,21950.95539,9933.322157
2024-08-05T21:00+02:00,10156.87,22003.66842,9405.575879
2024-08-05T22:00+02:00,9022.8825,21549.06453,9894.256016
2024-08-05T23:00+02:00,8421.9125,20729.27278,10449.55846
2024-08-06T00:00+02:00,8235.94,19808.68505,10889.14309
2024-08-06T01:00+02:00,7348.2725,18945.79451,11279.93023
2024-08-06T02:00+02:00,7498.7525,18211.17739,11351.22717
2024-08-06T03:00+02:00,7843.4975,17861.59441,11238.21382
2024-08-06T04:00+02:00,8439.24,18104.49402,10934.56317
2024-08-06T05:00+02:00,9652.0875,18937.53224,10961.22377
2024-08-06T06:00+02:00,10495.3225,19364.9482,12429.15879
2024-08-06T07:00+02:00,8781.37,19164.89618,17759.68542
2024-08-06T08:00+02:00,7494.46,16974.54794,25566.62441
2024-08-06T09:00+02:00,6930.2075,12265.3734,34533.93895
2024-08-06T10:00+02:00,4338.9125,9329.834028,42416.87165
2024-08-06T11:00+02:00,-220.6475,8724.795871,47731.45915
2024-08-06T12:00+02:00,-2503.81,8604.677898,50423.28995
2024-08-06T13:00+02:00,-2386.7,8348.649206,50451.18299
2024-08-06T14:00+02:00,-2089.04,8285.729979,48535.1667
2024-08-06T15:00+02:00,1408.2575,8587.485596,44359.70741
2024-08-06T16:00+02:00,5258.3225,10266.25688,38074.43794
2024-08-06T17:00+02:00,7468.4825,14588.78892,30332.07138
2024-08-06T18:00+02:00,8873.1875,19412.92654,21262.19849
2024-08-06T19:00+02:00,10629.57,21565.35424,14090.63176
2024-08-06T20:00+02:00,9895.9,22100.48381,11656.08753
2024-08-06T21:00+02:00,8930.6375,21838.04898,12523.05802
2024-08-06T22:00+02:00,6868.13,20777.18427,13884.94179
2024-08-06T23:00+02:00,7426.3,20134.10997,14112.87028
2024-08-07T00:00+02:00,7495.68,18143.68103,14208.68326
2024-08-07T01:00+02:00,7471.2625,17301.2205,14271.93794
2024-08-07T02:00+02:00,9185.2625,16772.06888,13685.01791
2024-08-07T03:00+02:00,9252.165,17003.02881,13011.29476
2024-08-07T04:00+02:00,9578.92,16964.66149,12537.08476
2024-08-07T05:00+02:00,9963.2125,17432.24404,12313.61886
2024-08-07T06:00+02:00,10633.365,17655.26786,13848.76416
2024-08-07T07:00+02:00,10435.395,17560.00825,18460.23516
2024-08-07T08:00+02:00,10787.105,17111.73115,24139.60172
2024-08-07T09:00+02:00,8977.6525,15090.04136,30531.31757
2024-08-07T10:00+02:00,9458.9975,13437.27188,36035.05113
2024-08-07T11:00+02:00,10116.6575,12775.67468,38561.19466
2024-08-07T12:00+02:00,7739.36,12715.96478,40142.75965
2024-08-07T13:00+02:00,9653.8225,11686.03582,39730.65231
2024-08-07T14:00+02:00,9222.2025,11572.83386,37605.67888
2024-08-07T15:00+02:00,10612.6475,12733.184,34942.6954
2024-08-07T16:00+02:00,9354.065,14482.22443,32297.52072
2024-08-07T17:00+02:00,6868.3675,17380.3998,27986.49837
2024-08-07T18:00+02:00,8432.035,18947.37809,22784.93079
2024-08-07T19:00+02:00,8987.955,20272.16135,18138.20803
2024-08-07T20:00+02:00,9283.27,20356.82673,14088.0289
2024-08-07T21:00+02:00,9688.9275,20349.42677,13006.28352
2024-08-07T22:00+02:00,7934.4975,20307.49008,12930.828
2024-08-07T23:00+02:00,8065.0675,19976.14653,12653.12418
2024-08-08T00:00+02:00,8799.6325,18585.17546,11909.74682
2024-08-08T01:00+02:00,10074.3125,17466.52574,11631.17128
2024-08-08T02:00+02:00,9802.2575,17378.17354,11740.22837
2024-08-08T03:00+02:00,10256.205,17511.54167,11477.74024
2024-08-08T04:00+02:00,10103.2725,17607.51252,11523.13
2024-08-08T05:00+02:00,11142.72,18015.72241,12171.90412
2024-08-08T06:00+02:00,11068.6475,18693.14583,14302.79461
2024-08-08T07:00+02:00,11026.97,18863.70059,16864.18498
2024-08-08T08:00+02:00,12103.3975,18500.10192,19913.55973
2024-08-08T09:00+02:00,11870.5525,17150.67003,24139.97857
2024-08-08T10:00+02:00,12178.745,14120.99879,29052.86592
2024-08-08T11:00+02:00,12733.2675,11499.52806,35214.26465
2024-08-08T12:00+02:00,10853.86,9448.147729,39947.63353
2024-08-08T13:00+02:00,6223.5275,8953.520661,42009.95285
2024-08-08T14:00+02:00,5347.37,8905.090133,43637.21357
2024-08-08T15:00+02:00,6045.905,8975.10706,41965.11953
2024-08-08T16:00+02:00,8127.7425,9652.436515,37348.39216
2024-08-08T17:00+02:00,8809.45,12580.70675,30278.44509
2024-08-08T18:00+02:00,10232.145,16640.74298,22195.35805
2024-08-08T19:00+02:00,11666.75,19124.55393,14728.01233
2024-08-08T20:00+02:00,12404.475,19825.40242,10896.37377
2024-08-08T21:00+02:00,12161.075,19691.1885,10169.00688
2024-08-08T22:00+02:00,11363.48,19165.32579,10796.61177
2024-08-08T23:00+02:00,11419.86,16697.17484,13206.50553
2024-08-09T00:00+02:00,10372.765,14046.8114,16092.1064
2024-08-09T01:00+02:00,10006.1225,12349.83452,18962.66073
2024-08-09T02:00+02:00,9281.7525,10990.35402,20493.05401
2024-08-09T03:00+02:00,9314.865,10377.95707,22015.67595
2024-08-09T04:00+02:00,8899.8825,10356.8946,23670.50927
2024-08-09T05:00+02:00,8622.2975,10158.31864,25692.39167
2024-08-09T06:00+02:00,8755.895,10558.64728,29924.12115
2024-08-09T07:00+02:00,7690.0725,9328.526477,35237.76163
2024-08-09T08:00+02:00,8366.81,7705.547044,41005.28747
2024-08-09T09:00+02:00,3534.67,7733.633093,47601.23604
2024-08-09T10:00+02:00,-417.33,7315.55959,53333.13949
2024-08-09T11:00+02:00,-5323.445,7732.21588,58244.70321
2024-08-09T12:00+02:00,-7166.49,7861.858075,59864.1671
2024-08-09T13:00+02:00,-6464.985,7884.221595,58865.9434
2024-08-09T14:00+02:00,-7178.5625,7962.167855,57988.45452
2024-08-09T15:00+02:00,-6272.36,7788.293773,55726.81878
2024-08-09T16:00+02:00,-3643.3925,7929.914679,52347.38301
2024-08-09T17:00+02:00,-161.815,8133.061283,48668.33153
2024-08-09T18:00+02:00,4780.0425,8394.560386,41492.73442
2024-08-09T19:00+02:00,7322.5125,9963.290324,33391.83729
2024-08-09T20:00+02:00,5917.855,10488.15558,27775.15262
2024-08-09T21:00+02:00,6510.225,10375.31642,25237.05368
2024-08-09T22:00+02:00,6666.8075,10363.66378,23697.79714
2024-08-09T23:00+02:00,6465.09,10241.72642,22131.88161
2024-08-10T00:00+02:00,6734.0525,9806.299738,21814.92929
2024-08-10T01:00+02:00,6897.19,9783.865898,20826.45506
2024-08-10T02:00+02:00,6857.825,9753.730179,20059.6592
2024-08-10T03:00+02:00,7356.4375,9678.374695,19383.3631
2024-08-10T04:00+02:00,7702.0975,9612.743564,19577.79677
2024-08-10T05:00+02:00,8374.7025,9256.480904,20257.80421
2024-08-10T06:00+02:00,7744.47,8955.333657,21942.67973
2024-08-10T07:00+02:00,7746.48,7770.445914,26075.22261
2024-08-10T08:00+02:00,6692.8275,6385.664153,32276.5667
2024-08-10T09:00+02:00,961.765,6166.248326,40926.56043
2024-08-10T10:00+02:00,-3538.745,6443.485649,46304.48165
2024-08-10T11:00+02:00,-6436.2975,6393.909176,50252.96798
2024-08-10T12:00+02:00,-9136.195,6040.141835,52333.18047
2024-08-10T13:00+02:00,-8380.16,5875.063225,50690.6339
2024-08-10T14:00+02:00,-8469.0675,5821.74094,49068.35238
2024-08-10T15:00+02:00,-7929.69,5924.344988,47945.13419
2024-08-10T16:00+02:00,-5543.675,5933.931611,46133.7183
2024-08-10T17:00+02:00,-1218.1,5975.684861,42615.00923
2024-08-10T18:00+02:00,5092.23,6902.492899,34713.39233
2024-08-10T19:00+02:00,7893.49,8958.530164,24901.26841
2024-08-10T20:00+02:00,8776.95,9333.973887,19761.08913
2024-08-10T21:00+02:00,8917.595,9291.84132,17981.3434
2024-08-10T22:00+02:00,9334.515,9264.122532,16625.813
2024-08-10T23:00+02:00,9030.385,9395.988802,15818.00877
2024-08-11T00:00+02:00,8445.715,9551.615736,15151.75624
2024-08-11T01:00+02:00,9545.54,9309.052563,14375.76857
2024-08-11T02:00+02:00,9747.1925,9261.448686,13978.93473
2024-08-11T03:00+02:00,10226.315,9218.42878,13943.67805
2024-08-11T04:00+02:00,10472.51,9168.140882,13580.04993
2024-08-11T05:00+02:00,9861.895,9337.705066,13276.17327
2024-08-11T06:00+02:00,9562.92,9283.887462,14049.60709
2024-08-11T07:00+02:00,9986.595,8453.876377,17973.63643
2024-08-11T08:00+02:00,7915.91,6644.328602,25415.0002
2024-08-11T09:00+02:00,1921.0875,6234.563672,34969.14245
2024-08-11T10:00+02:00,-3133.8225,6006.258691,40937.14621
2024-08-11T11:00+02:00,-5987.805,5930.167594,45699.68549
2024-08-11T12:00+02:00,-8884.3325,5933.001702,48484.88808
2024-08-11T13:00+02:00,-8150.69,5930.89853,47074.14211
2024-08-11T14:00+02:00,-8132.045,5902.857983,45733.39337
2024-08-11T15:00+02:00,-6838.0525,5924.199819,43739.2197
2024-08-11T16:00+02:00,-3765.2025,6251.556334,40092.49861
2024-08-11T17:00+02:00,3354.5175,6935.387357,32892.23955
2024-08-11T18:00+02:00,9093.6725,8856.230338,23245.22887
2024-08-11T19:00+02:00,13093.045,10961.4469,14974.63334
2024-08-11T20:00+02:00,12486.795,11959.76718,11870.58428
2024-08-11T21:00+02:00,12060.47,12350.3209,12210.0617
2024-08-11T22:00+02:00,11969.72,12386.99831,13337.37106
2024-08-11T23:00+02:00,11172.7625,12448.24808,13865.23087
2024-08-12T00:00+02:00,10830.6475,11867.29481,13420.17593
2024-08-12T01:00+02:00,10913.6925,11650.3363,13177.60589
2024-08-12T02:00+02:00,11037.5375,11609.5649,13001.41063
2024-08-12T03:00+02:00,11403.8925,11683.33112,12869.37633
2024-08-12T04:00+02:00,11483.6175,11922.8535,12941.00251
2024-08-12T05:00+02:00,11732.9575,12421.57036,13316.09599
2024-08-12T06:00+02:00,11962.74,13171.36254,15022.05558
2024-08-12T07:00+02:00,12463.35,13388.06509,19474.42559
2024-08-12T08:00+02:00,12257.795,12274.01915,26510.47625
2024-08-12T09:00+02:00,8998.0225,9988.974449,34955.86662
2024-08-12T10:00+02:00,8195.8225,7861.134728,42598.89474
2024-08-12T11:00+02:00,3190.4125,7721.167014,46920.517
2024-08-12T12:00+02:00,-547.3475,7691.072564,50167.96601
2024-08-12T13:00+02:00,-1018.88,7796.721691,50589.64144
2024-08-12T14:00+02:00,-1089.62,7826.329315,48838.24619
2024-08-12T15:00+02:00,2341.535,8083.189962,45045.26146
2024-08-12T16:00+02:00,5347.61,9876.410105,39095.92663
2024-08-12T17:00+02:00,6265.55,14026.44851,32030.82207
2024-08-12T18:00+02:00,6916.0075,17863.49258,24286.19462
2024-08-12T19:00+02:00,7750.6275,20381.84028,18276.48958
2024-08-12T20:00+02:00,7536.3475,20664.97099,16257.8921
2024-08-12T21:00+02:00,5152.2825,20679.95006,18743.25067
2024-08-12T22:00+02:00,2985.9525,20291.01465,21137.08912
2024-08-12T23:00+02:00,2079.67,19211.39676,22409.74608
2024-08-13T00:00+02:00,2928.56,18844.74271,22971.22154
2024-08-13T01:00+02:00,4104.745,18087.49615,22907.0284
2024-08-13T02:00+02:00,3712.135,17524.9713,22869.88949
2024-08-13T03:00+02:00,4847.4,16613.2474,22045.79698
2024-08-13T04:00+02:00,5326.9575,16193.92368,21737.24984
2024-08-13T05:00+02:00,5875.7575,16378.2365,21455.31412
2024-08-13T06:00+02:00,7007.8475,16837.62328,22103.22392
2024-08-13T07:00+02:00,7134.99,16934.93255,24836.67293
2024-08-13T08:00+02:00,6351.5275,16516.90992,29895.99459
2024-08-13T09:00+02:00,5448.73,14579.84373,36669.4311
2024-08-13T10:00+02:00,4624.55,11730.50002,43640.87545
2024-08-13T11:00+02:00,1661.1725,10170.5807,49688.19795
2024-08-13T12:00+02:00,-800.675,9224.478712,52531.19384
2024-08-13T13:00+02:00,-1892.2025,8748.759741,52508.41817
2024-08-13T14:00+02:00,-668.9825,8836.479052,50238.78445
2024-08-13T15:00+02:00,3874.6025,9009.291027,45068.27065
2024-08-13T16:00+02:00,6061.93,10602.16313,39152.8457
2024-08-13T17:00+02:00,8199.0075,14660.91601,31875.26215
2024-08-13T18:00+02:00,8364.7,18567.81748,25054.29037
2024-08-13T19:00+02:00,8082.3375,20481.04728,22668.0447
2024-08-13T20:00+02:00,7547.305,20316.48134,23066.05441
2024-08-13T21:00+02:00,6365.625,19147.32422,25496.71908
2024-08-13T22:00+02:00,5275.805,17895.80214,25083.15925
2024-08-13T23:00+02:00,4554.7475,16543.22951,25154.08512
2024-08-14T00:00+02:00,4955.88,15416.90626,22913.86023
2024-08-14T01:00+02:00,4925.635,15561.49166,19035.76025
2024-08-14T02:00+02:00,5282.52,16422.94182,18362.70418
2024-08-14T03:00+02:00,5840.485,16531.36737,17344.69033
2024-08-14T04:00+02:00,6422.355,16940.45567,16721.28329
2024-08-14T05:00+02:00,8043.7225,17970.89599,15526.83133
2024-08-14T06:00+02:00,10063.4725,18576.07896,16366.58792
2024-08-14T07:00+02:00,10595.2675,18728.02937,19310.16234
2024-08-14T08:00+02:00,10787.5675,18171.42713,24514.7754
2024-08-14T09:00+02:00,8673.9225,16154.06616,30814.89307
2024-08-14T10:00+02:00,7813.4325,13964.36386,36337.07409
2024-08-14T11:00+02:00,8434.115,13027.11162,40595.23815
2024-08-14T12:00+02:00,6087.2425,12730.47983,43160.41059
2024-08-14T13:00+02:00,4758.3275,12586.8666,43490.91388
2024-08-14T14:00+02:00,4377.6275,12556.73236,41446.86408
2024-08-14T15:00+02:00,4930.16,13654.19087,37529.78473
2024-08-14T16:00+02:00,5634.3475,16054.58331,32462.38533
2024-08-14T17:00+02:00,7503.865,18812.34946,26234.06574
2024-08-14T18:00+02:00,9180.7875,20745.76064,19355.97269
2024-08-14T19:00+02:00,10332.935,21841.84006,14305.57798
2024-08-14T20:00+02:00,10346.61,22343.2118,11809.76006
2024-08-14T21:00+02:00,9822.5175,22242.33886,11371.42464
2024-08-14T22:00+02:00,8751.185,21719.44765,11210.42555
2024-08-14T23:00+02:00,9003.1675,21046.50776,10729.89618
2024-08-15T00:00+02:00,8322.2,20359.88841,10775.55026
2024-08-15T01:00+02:00,8037.925,19928.30864,10622.87811
2024-08-15T02:00+02:00,8604.005,19076.21859,10556.746
2024-08-15T03:00+02:00,9246.8425,18591.61805,10366.34758
2024-08-15T04:00+02:00,9344.8175,18818.69218,10289.85644
2024-08-15T05:00+02:00,11065.92,19082.23512,10460.98268
2024-08-15T06:00+02:00,13092.33,19249.85778,11299.66548
2024-08-15T07:00+02:00,13743.3775,19272.91684,14582.83904
2024-08-15T08:00+02:00,12548.765,18015.84834,19946.02213
2024-08-15T09:00+02:00,12383.145,14340.08244,27188.65426
2024-08-15T10:00+02:00,12380.3225,10894.17707,34960.19871
2024-08-15T11:00+02:00,8394.1125,9374.364544,41621.66033
2024-08-15T12:00+02:00,3997.19,9099.017387,45522.24932
2024-08-15T13:00+02:00,1271.0625,8920.089466,47373.71753
2024-08-15T14:00+02:00,1422.7125,8921.584139,46304.10084
2024-08-15T15:00+02:00,1644.5975,8913.698048,44396.87715
2024-08-15T16:00+02:00,5034.3275,9236.101716,40738.63274
2024-08-15T17:00+02:00,8619.15,10959.83076,34946.78399
2024-08-15T18:00+02:00,9511.81,15611.84484,26399.66622
2024-08-15T19:00+02:00,12274.255,17785.13464,18779.44035
2024-08-15T20:00+02:00,12967.6675,18265.78014,15770.78792
2024-08-15T21:00+02:00,12326.785,18163.77745,15412.01868
2024-08-15T22:00+02:00,11395.765,17594.50726,16230.98799
2024-08-15T23:00+02:00,11551.905,16612.87945,16221.63811
2024-08-16T00:00+02:00,9286.5325,16067.30072,16775.96281
2024-08-16T01:00+02:00,10514.3525,14721.38428,15811.80806
2024-08-16T02:00+02:00,10583.01,14814.3136,15657.30555
2024-08-16T03:00+02:00,10436.9475,14439.98616,15410.03577
2024-08-16T04:00+02:00,9814.1625,14936.49915,14666.20467
2024-08-16T05:00+02:00,10133.8375,15978.0813,14851.90722
2024-08-16T06:00+02:00,9163.6575,16633.00997,16929.13228
2024-08-16T07:00+02:00,7658.8375,16888.86166,21348.36196
2024-08-16T08:00+02:00,5875.83,16374.72986,28734.75399
2024-08-16T09:00+02:00,4423.91,13609.2261,37130.21119
2024-08-16T10:00+02:00,1859.605,11290.16717,45411.82822
2024-08-16T11:00+02:00,-553.695,9550.685384,50526.42466
2024-08-16T12:00+02:00,-3722.67,9426.568559,51218.05891
2024-08-16T13:00+02:00,-2644.4975,9858.019318,49929.46422
2024-08-16T14:00+02:00,-794.1325,9788.351859,47118.15003
2024-08-16T15:00+02:00,2338.655,10491.26424,42338.92597
2024-08-16T16:00+02:00,3689.895,12811.2177,36115.5997
2024-08-16T17:00+02:00,4316.84,17294.48952,28286.24647
2024-08-16T18:00+02:00,6425.9575,20112.40233,20153.86266
2024-08-16T19:00+02:00,9633.095,21072.33596,13464.24423
2024-08-16T20:00+02:00,10141.6525,21298.46284,10132.09098
2024-08-16T21:00+02:00,9580.4725,21196.92246,9042.66401
2024-08-16T22:00+02:00,8804.54,20715.33507,8586.712335
2024-08-16T23:00+02:00,8923.785,20429.34793,8557.045354
2024-08-17T00:00+02:00,8994.2825,19827.52975,8553.759219
2024-08-17T01:00+02:00,8362.625,19213.45188,8376.784602
2024-08-17T02:00+02:00,8474.5625,18194.94088,8372.107505
2024-08-17T03:00+02:00,8182.045,18258.04609,8374.109252
2024-08-17T04:00+02:00,7383.3775,18608.46885,8359.442909
2024-08-17T05:00+02:00,7904.5075,18252.63009,8902.401735
2024-08-17T06:00+02:00,9229.6725,17557.99559,9839.895223
2024-08-17T07:00+02:00,9512.69,16924.3366,12514.88313
2024-08-17T08:00+02:00,10394.985,15233.69186,16668.06798
2024-08-17T09:00+02:00,11158.04,13059.60458,22275.41686
2024-08-17T10:00+02:00,11754.0325,10852.35565,28717.34717
2024-08-17T11:00+02:00,9809.145,8958.123555,33640.6937
2024-08-17T12:00+02:00,5250.42,8425.554985,36913.74757
2024-08-17T13:00+02:00,3051.615,8357.750678,37613.55659
2024-08-17T14:00+02:00,2497.89,8338.070292,36767.29946
2024-08-17T15:00+02:00,4403.5,8385.68859,34414.77859
2024-08-17T16:00+02:00,7655.645,8990.284354,30422.44891
2024-08-17T17:00+02:00,7637.3,12785.12656,24499.08934
2024-08-17T18:00+02:00,8108.52,16382.09323,17719.511
2024-08-17T19:00+02:00,9420.5025,17798.62804,12373.29198
2024-08-17T20:00+02:00,10167.4725,17905.72923,9887.401286
2024-08-17T21:00+02:00,10292.6975,17926.53603,9237.551413
2024-08-17T22:00+02:00,9729.385,18050.27179,8998.729367
2024-08-17T23:00+02:00,9915.1825,17740.14569,8601.604412
2024-08-18T00:00+02:00,9479.23,16865.43411,8580.439375
2024-08-18T01:00+02:00,9826.185,15887.49972,8521.077916
2024-08-18T02:00+02:00,10083.5375,15384.63483,8540.895915
2024-08-18T03:00+02:00,9703.1525,15072.93476,8503.327213
2024-08-18T04:00+02:00,10089.01,14775.71916,8478.710668
2024-08-18T05:00+02:00,10295.6725,14615.269,8526.326733
2024-08-18T06:00+02:00,10475.96,14516.72394,8964.682646
2024-08-18T07:00+02:00,11379.7775,14245.24077,10472.39009
2024-08-18T08:00+02:00,13024.31,13753.45508,12511.76377
2024-08-18T09:00+02:00,15129.5025,12836.14569,15456.80673
2024-08-18T10:00+02:00,16688.655,11117.9182,18920.45088
2024-08-18T11:00+02:00,16976.7675,9048.560733,22174.88899
2024-08-18T12:00+02:00,15192.6225,8341.644485,25368.62085
2024-08-18T13:00+02:00,11434.45,8077.735824,27045.90453
2024-08-18T14:00+02:00,9199.285,8114.05265,27278.81963
2024-08-18T15:00+02:00,9803.6925,8455.559511,26470.07551
2024-08-18T16:00+02:00,11118.3225,9371.875244,24796.46049
2024-08-18T17:00+02:00,10437.45,12153.46012,22373.82471
2024-08-18T18:00+02:00,7666.8125,14422.78427,19924.05439
2024-08-18T19:00+02:00,8371.1825,15113.08105,17955.21396
2024-08-18T20:00+02:00,7220.975,15479.97458,16805.8668
2024-08-18T21:00+02:00,6946.505,15424.74307,16660.26789
2024-08-18T22:00+02:00,7102.4225,15229.80755,16603.40982
2024-08-18T23:00+02:00,7252.98,15023.6757,16420.83851
2024-08-19T00:00+02:00,6284.56,14729.60409,16393.32484
2024-08-19T01:00+02:00,6517.88,14621.79348,16494.26622
2024-08-19T02:00+02:00,7285.14,14465.72535,16069.269
2024-08-19T03:00+02:00,8108.22,14202.56853,15809.41421
2024-08-19T04:00+02:00,8374.8375,14807.2681,15214.63653
2024-08-19T05:00+02:00,8455.885,16205.37959,14412.63394
2024-08-19T06:00+02:00,8793.6475,17578.74893,14093.75621
2024-08-19T07:00+02:00,10723.8375,18256.02102,15647.1516
2024-08-19T08:00+02:00,11162.9275,18243.26739,19197.61025
2024-08-19T09:00+02:00,8290.9725,18093.53307,25271.30527
2024-08-19T10:00+02:00,7719.355,16082.61836,31384.2465
2024-08-19T11:00+02:00,7693.1175,13855.05605,34899.01765
2024-08-19T12:00+02:00,6946.1475,13149.19482,35772.2506
2024-08-19T13:00+02:00,7507.5925,13266.00711,35289.34221
2024-08-19T14:00+02:00,8455.625,12940.28096,34172.88297
2024-08-19T15:00+02:00,9694.1275,12670.68408,32132.07174
2024-08-19T16:00+02:00,9604.9075,14162.17037,28314.35145
2024-08-19T17:00+02:00,8818.2225,18103.12853,22997.32678
2024-08-19T18:00+02:00,10413.4025,20964.09395,16682.53296
2024-08-19T19:00+02:00,11898.585,22154.94126,11865.59246
2024-08-19T20:00+02:00,11726.8725,22260.13815,10364.01974
2024-08-19T21:00+02:00,9989.18,22011.89845,11147.71714
2024-08-19T22:00+02:00,8884.6425,20417.26158,12237.86509
2024-08-19T23:00+02:00,8819.06,17922.1596,13891.36535
2024-08-20T00:00+02:00,8277.42,16320.43427,15761.88254
2024-08-20T01:00+02:00,8663.2375,14412.72341,16999.99092
2024-08-20T02:00+02:00,8223.0975,13717.86825,17965.84494
2024-08-20T03:00+02:00,8050.3175,13533.59061,18344.49371
2024-08-20T04:00+02:00,8094.0725,13820.62816,18612.38767
2024-08-20T05:00+02:00,8828.33,14625.23812,18770.95665
2024-08-20T06:00+02:00,9104.315,16119.07019,19814.95121
2024-08-20T07:00+02:00,9216.785,16232.94798,23320.1016
2024-08-20T08:00+02:00,7363.13,15925.29083,28136.59891
2024-08-20T09:00+02:00,6583.4425,14692.55055,32338.50343
2024-08-20T10:00+02:00,6850.4675,11745.67891,37327.05979
2024-08-20T11:00+02:00,6028.4425,10297.74997,41858.54172
2024-08-20T12:00+02:00,6656.28,9444.25678,44634.02998
2024-08-20T13:00+02:00,4767.21,8655.120195,45686.51516
2024-08-20T14:00+02:00,5079.1575,8631.149542,44327.44237
2024-08-20T15:00+02:00,6115.405,9832.827734,41216.54931
2024-08-20T16:00+02:00,6830.625,12605.93033,36453.40012
2024-08-20T17:00+02:00,6734.09,14743.95425,30581.69436
2024-08-20T18:00+02:00,8263.295,17211.39717,23507.85051
2024-08-20T19:00+02:00,10096.6525,18360.54984,17698.52857
2024-08-20T20:00+02:00,10917.3375,18448.52087,15917.75897
2024-08-20T21:00+02:00,9246.3975,18268.50992,16982.55824
2024-08-20T22:00+02:00,8900.515,16822.59265,18222.71412
2024-08-20T23:00+02:00,7586.8325,14986.03807,19906.86626
2024-08-21T00:00+02:00,7457.065,12593.27736,21317.88469
2024-08-21T01:00+02:00,7409.1775,10450.15103,23598.71439
2024-08-21T02:00+02:00,6358.75,9674.823766,24480.08455
2024-08-21T03:00+02:00,6378.88,9575.345184,26707.77511
2024-08-21T04:00+02:00,6938.175,10532.19022,27213.70665
2024-08-21T05:00+02:00,7007.43,10886.55156,28023.30224
2024-08-21T06:00+02:00,8230.2325,11121.49515,30828.6998
2024-08-21T07:00+02:00,7433.4075,11192.1843,33776.66235
2024-08-21T08:00+02:00,5251.9775,11089.53401,39355.94702
2024-08-21T09:00+02:00,299.775,10743.99672,46323.60692
2024-08-21T10:00+02:00,-6538.745,9796.407689,54975.0304
2024-08-21T11:00+02:00,-8117.915,8946.827283,59287.94279
2024-08-21T12:00+02:00,-8724.7375,7877.166435,62289.776
2024-08-21T13:00+02:00,-9674.9675,7439.417252,62401.58171
2024-08-21T14:00+02:00,-8498.1,7638.210704,60011.94259
2024-08-21T15:00+02:00,-9280.5475,7330.884767,58845.82606
2024-08-21T16:00+02:00,-5466.8325,7631.478982,54425.09938
2024-08-21T17:00+02:00,-2407.1875,8125.733626,49260.28433
2024-08-21T18:00+02:00,4221.0175,9242.128322,40922.88217
2024-08-21T19:00+02:00,7021.395,10289.33593,30468.63887
2024-08-21T20:00+02:00,9393.8175,11259.93378,25768.96268
2024-08-21T21:00+02:00,10202.185,11003.27154,24345.62848
2024-08-21T22:00+02:00,9902.795,10314.43951,24001.23881
2024-08-21T23:00+02:00,11112.57,9945.148428,23131.55464
2024-08-22T00:00+02:00,10337.4975,9645.821639,22390.68752
2024-08-22T01:00+02:00,10207.825,9842.07748,21901.50999
2024-08-22T02:00+02:00,10837.6575,10097.56027,21465.20696
2024-08-22T03:00+02:00,11129.98,10196.61274,21286.87664
2024-08-22T04:00+02:00,11032.67,10674.703,21217.17927
2024-08-22T05:00+02:00,11311.0775,11207.98108,22063.85858
2024-08-22T06:00+02:00,11100.725,11430.63194,24328.61222
2024-08-22T07:00+02:00,10203.915,11818.51581,27921.83371
2024-08-22T08:00+02:00,9962.4775,11324.11882,32992.26917
2024-08-22T09:00+02:00,6455.875,9845.00628,40401.37075
2024-08-22T10:00+02:00,1693.295,8063.871688,50066.1266
2024-08-22T11:00+02:00,-3694.0675,7092.619082,56228.13787
2024-08-22T12:00+02:00,-8260.215,6754.331919,59072.45425
2024-08-22T13:00+02:00,-10642.45,6690.309919,59385.34875
2024-08-22T14:00+02:00,-9329.635,6690.541623,58513.23475
2024-08-22T15:00+02:00,-6665.0875,6823.002769,55869.13549
2024-08-22T16:00+02:00,-1786.12,6854.266268,51243.17538
2024-08-22T17:00+02:00,4049.165,7423.76546,44241.55274
2024-08-22T18:00+02:00,8301.0525,10016.9144,34027.51939
2024-08-22T19:00+02:00,12210.9925,11511.84921,26967.99065
2024-08-22T20:00+02:00,11448.0625,11640.01706,26325.82897
2024-08-22T21:00+02:00,8127.495,11513.96754,27430.07954
2024-08-22T22:00+02:00,4341.47,11359.47203,28389.99884
2024-08-22T23:00+02:00,3486.0025,10338.92208,29748.33909
2024-08-23T00:00+02:00,5581.505,8777.256208,30161.92225
2024-08-23T01:00+02:00,5225.03,7888.059382,31141.7742
2024-08-23T02:00+02:00,6235.21,8065.868559,30573.36792
2024-08-23T03:00+02:00,6269.9025,7837.562206,30959.98913
2024-08-23T04:00+02:00,6190.45,7829.132126,32175.9618
2024-08-23T05:00+02:00,6291.09,7853.92815,33062.25204
2024-08-23T06:00+02:00,6609.49,7957.227799,35521.58552
2024-08-23T07:00+02:00,5635.285,8224.997087,39416.59501
2024-08-23T08:00+02:00,3755.395,7721.515814,47100.49642
2024-08-23T09:00+02:00,-2305.495,6739.676898,53994.71741
2024-08-23T10:00+02:00,-6287.4825,6640.804067,59851.85752
2024-08-23T11:00+02:00,-11188.3925,6725.910037,65802.52965
2024-08-23T12:00+02:00,-16859.5,6544.588475,70525.62352
2024-08-23T13:00+02:00,-17140.095,6683.97974,70274.26309
2024-08-23T14:00+02:00,-16551.9075,6844.998803,68356.56168
2024-08-23T15:00+02:00,-15156.26,6998.701687,65403.76167
2024-08-23T16:00+02:00,-9618.44,6903.192414,59613.91938
2024-08-23T17:00+02:00,-4592.31,7276.215697,53274.0885
2024-08-23T18:00+02:00,1130.54,8742.086555,44078.98786
2024-08-23T19:00+02:00,5156.935,10293.3312,34086.84074
2024-08-23T20:00+02:00,6614.435,11360.30907,29951.86141
2024-08-23T21:00+02:00,5594.2375,11749.59744,25493.12643
2024-08-23T22:00+02:00,6337.0575,11432.48175,20785.01874
2024-08-23T23:00+02:00,7427.8625,10569.88681,17596.50928
2024-08-24T00:00+02:00,9724.5125,10000.61159,14823.47464
2024-08-24T01:00+02:00,10882.3625,9578.674793,13849.67555
2024-08-24T02:00+02:00,11043.005,9363.792878,13677.43285
2024-08-24T03:00+02:00,9758.3375,9267.993747,14882.41262
2024-08-24T04:00+02:00,8996.615,9246.215546,16674.88255
2024-08-24T05:00+02:00,8078.05,9178.544108,18177.92679
2024-08-24T06:00+02:00,7107.7425,9123.35494,20789.45462
2024-08-24T07:00+02:00,5571.3075,8690.349292,26384.73268
2024-08-24T08:00+02:00,2377.78,7275.071109,33311.25613
2024-08-24T09:00+02:00,-2490.9575,6591.660897,42247.19317
2024-08-24T10:00+02:00,-5336.9075,6524.900631,48100.35137
2024-08-24T11:00+02:00,-11747.62,6586.274718,55486.57483
2024-08-24T12:00+02:00,-12348.18,6243.230986,56692.68418
2024-08-24T13:00+02:00,-11726.41,6109.569172,55551.56809
2024-08-24T14:00+02:00,-11931.18,6112.982827,54003.93256
2024-08-24T15:00+02:00,-13057.67,6116.517407,55407.98247
2024-08-24T16:00+02:00,-12088.765,6148.410461,53877.64307
2024-08-24T17:00+02:00,-5099.61,6250.975902,47142.88091
2024-08-24T18:00+02:00,335.495,6933.028492,38210.23543
2024-08-24T19:00+02:00,1324.6875,7692.10532,30416.09541
2024-08-24T20:00+02:00,2050.0925,7419.31702,32356.88887
2024-08-24T21:00+02:00,439.625,6627.914447,35029.59986
2024-08-24T22:00+02:00,-982.3,6630.402649,32883.88075
2024-08-24T23:00+02:00,948.2925,6784.983633,30839.08496
2024-08-25T00:00+02:00,-976.6825,6705.58565,31310.69204
2024-08-25T01:00+02:00,-656.225,6770.144861,31336.88988
2024-08-25T02:00+02:00,-1009.6625,6844.572463,30230.71461
2024-08-25T03:00+02:00,-928.3175,6867.760756,30441.39986
2024-08-25T04:00+02:00,449.0875,6844.514574,30507.97543
2024-08-25T05:00+02:00,-1144.4675,6857.078322,32432.04651
2024-08-25T06:00+02:00,-1838.5325,6981.222581,33867.35221
2024-08-25T07:00+02:00,-1060.13,7116.319165,34353.7702
2024-08-25T08:00+02:00,-370.6175,7154.13497,37176.55967
2024-08-25T09:00+02:00,-1779.945,6942.798744,42183.49109
2024-08-25T10:00+02:00,-2792.6225,6567.55517,44198.16395
2024-08-25T11:00+02:00,-3954.7125,6528.011493,46538.14223
2024-08-25T12:00+02:00,-6658.35,6507.104171,47848.65744
2024-08-25T13:00+02:00,-6863.56,6415.412921,46604.2104
2024-08-25T14:00+02:00,-5634.54,6238.25262,44728.22135
2024-08-25T15:00+02:00,-3928.9975,6232.860256,42244.23456
2024-08-25T16:00+02:00,604.6025,6491.55002,37732.31681
2024-08-25T17:00+02:00,5848.23,7160.243573,33299.68321
2024-08-25T18:00+02:00,8996.0575,9644.01537,25738.87667
2024-08-25T19:00+02:00,12343.845,11138.77731,18371.81324
2024-08-25T20:00+02:00,13109.885,11379.08531,15979.85691
2024-08-25T21:00+02:00,12973.625,11885.87119,16302.81071
2024-08-25T22:00+02:00,11804.7325,11652.62896,16814.58088
2024-08-25T23:00+02:00,10849.82,11689.08744,17024.89635
2024-08-26T00:00+02:00,9541.5075,11949.54291,17881.03302
2024-08-26T01:00+02:00,9210.7425,11360.39256,18388.80419
2024-08-26T02:00+02:00,10089.66,10972.4593,18662.95622
2024-08-26T03:00+02:00,10321.9025,11079.5987,18920.4288
2024-08-26T04:00+02:00,10611.11,11353.8963,19391.19815
2024-08-26T05:00+02:00,10242.445,12441.92934,19708.33354
2024-08-26T06:00+02:00,11556.1775,14053.28021,20086.85662
2024-08-26T07:00+02:00,11006.64,14250.5718,22155.62737
2024-08-26T08:00+02:00,9218.5725,13863.02137,28313.95727
2024-08-26T09:00+02:00,7156.95,12744.09115,34739.32317
2024-08-26T10:00+02:00,6041.845,10481.67965,42006.97706
2024-08-26T11:00+02:00,4731.705,9471.42335,46667.96864
2024-08-26T12:00+02:00,3088.125,9084.596806,48617.96643
2024-08-26T13:00+02:00,2508.2375,8939.598277,47595.89735
2024-08-26T14:00+02:00,4215.195,9143.922564,45035.79904
2024-08-26T15:00+02:00,5352.8475,9850.413786,41487.16148
2024-08-26T16:00+02:00,4440.8175,11934.35885,35273.2422
2024-08-26T17:00+02:00,6033.9175,15959.54743,27729.2037
2024-08-26T18:00+02:00,9371.9675,19385.92091,18767.48437
2024-08-26T19:00+02:00,11673.9025,19969.55105,12788.87787
2024-08-26T20:00+02:00,12783.445,20001.46231,10626.98768
2024-08-26T21:00+02:00,13232.9175,19754.97888,9758.938014
2024-08-26T22:00+02:00,11072.2475,19958.19913,9577.435152
2024-08-26T23:00+02:00,10778,19456.33235,9780.204611
2024-08-27T00:00+02:00,9989.8125,18766.25394,9805.928629
2024-08-27T01:00+02:00,10345.31,17952.88681,9703.482614
2024-08-27T02:00+02:00,10391.325,17555.35986,9960.780679
2024-08-27T03:00+02:00,11348.9525,17275.01133,10072.39361
2024-08-27T04:00+02:00,11447.1075,17349.27926,10273.48354
2024-08-27T05:00+02:00,11353.9275,18523.38986,10749.70029
2024-08-27T06:00+02:00,11018.01,19566.47428,12761.68031
2024-08-27T07:00+02:00,10144.795,19593.11901,17693.65696
2024-08-27T08:00+02:00,7927.1575,18207.45597,26228.49175
2024-08-27T09:00+02:00,6414.18,14143.90744,34467.55324
2024-08-27T10:00+02:00,6067.565,9886.703005,42340.09792
2024-08-27T11:00+02:00,1167.7225,8544.048641,48564.20357
2024-08-27T12:00+02:00,-1512.755,8349.657028,51327.34529
2024-08-27T13:00+02:00,-3825.8475,8291.306052,51559.64139
2024-08-27T14:00+02:00,-2808.85,8594.639642,49557.28509
2024-08-27T15:00+02:00,1737.015,8834.185004,44739.55806
2024-08-27T16:00+02:00,4235.9575,10525.38866,38198.1971
2024-08-27T17:00+02:00,6299.0175,15865.37184,29184.23379
2024-08-27T18:00+02:00,9894.2475,20240.13132,19244.53287
2024-08-27T19:00+02:00,10360.4625,21467.0651,13358.83141
2024-08-27T20:00+02:00,9230.3,21483.48361,13805.97029
2024-08-27T21:00+02:00,5738.62,20826.24398,17340.79152
2024-08-27T22:00+02:00,3864.2175,19944.03606,20218.39572
2024-08-27T23:00+02:00,3175.85,17708.07873,21902.75275
2024-08-28T00:00+02:00,1874.2925,16494.20971,21629.5836
2024-08-28T01:00+02:00,3065.485,15874.55597,20036.81567
2024-08-28T02:00+02:00,4756.3275,15328.69608,18912.34017
2024-08-28T03:00+02:00,6284.4325,15473.43079,18065.60442
2024-08-28T04:00+02:00,6751.135,15820.04616,17122.54069
2024-08-28T05:00+02:00,7265.82,16290.42726,17208.48552
2024-08-28T06:00+02:00,7595.1775,16644.34638,18599.07107
2024-08-28T07:00+02:00,6737.835,16776.29908,22478.71964
2024-08-28T08:00+02:00,5484.6225,16634.64339,28081.54796
2024-08-28T09:00+02:00,2187.15,15705.41356,34483.59351
2024-08-28T10:00+02:00,310.71,13673.00748,41833.41533
2024-08-28T11:00+02:00,-1526.7025,11334.14458,48010.00513
2024-08-28T12:00+02:00,-1877.1225,9327.469088,51798.40586
2024-08-28T13:00+02:00,-3584.155,8961.465391,53156.84146
2024-08-28T14:00+02:00,-3290.4475,8988.897371,51656.24545
2024-08-28T15:00+02:00,-1406.635,9181.155706,47268.05223
2024-08-28T16:00+02:00,1519.275,11609.99356,41041.02501
2024-08-28T17:00+02:00,5888.71,15030.57827,32784.26363
2024-08-28T18:00+02:00,9684.4275,18872.95455,23309.84799
2024-08-28T19:00+02:00,9516.0675,20609.86113,17211.76028
2024-08-28T20:00+02:00,7293.2675,21168.38969,17729.41195
2024-08-28T21:00+02:00,5086.74,20352.27912,20384.25592
2024-08-28T22:00+02:00,3207.53,19857.28981,22413.30059
2024-08-28T23:00+02:00,1810.1375,18792.4281,23161.41872
2024-08-29T00:00+02:00,1215.6425,17570.90678,23154.11824
2024-08-29T01:00+02:00,3118.19,16745.35238,22107.30893
2024-08-29T02:00+02:00,4175.3125,16607.43958,20554.28793
2024-08-29T03:00+02:00,5335.37,16437.89681,18906.21603
2024-08-29T04:00+02:00,7101.2225,16654.60927,17510.40764
2024-08-29T05:00+02:00,7559.415,17656.17485,16255.15282
2024-08-29T06:00+02:00,9067.145,19038.63588,16105.58682
2024-08-29T07:00+02:00,10466.3,19314.92797,18548.54324
2024-08-29T08:00+02:00,9164.2825,19216.74068,24718.27851
2024-08-29T09:00+02:00,4204.635,18712.14498,31722.09914
2024-08-29T10:00+02:00,944.7925,16756.70829,38483.70968
2024-08-29T11:00+02:00,-480.915,14824.96905,44044.82043
2024-08-29T12:00+02:00,-913.2775,12597.42158,48013.45033
2024-08-29T13:00+02:00,-2148.615,11235.52279,49501.55802
2024-08-29T14:00+02:00,-3167.5525,11686.19658,47736.16853
2024-08-29T15:00+02:00,-2200.6375,13906.33683,43854.18686
2024-08-29T16:00+02:00,844.575,16325.59956,37379.00668
2024-08-29T17:00+02:00,5810.21,18856.25257,28832.1867
2024-08-29T18:00+02:00,9563.0575,21464.3293,20048.28209
2024-08-29T19:00+02:00,11542.5275,22831.74511,13647.88626
2024-08-29T20:00+02:00,10992.875,23171.12767,11027.37827
2024-08-29T21:00+02:00,9582.6025,23228.0601,10400.02943
2024-08-29T22:00+02:00,8846.795,22296.54907,10223.94315
2024-08-29T23:00+02:00,9307.3275,21595.27999,10197.39281
2024-08-30T00:00+02:00,8063.92,21241.62274,10032.43551
2024-08-30T01:00+02:00,8087.4125,21035.74524,9776.323555
2024-08-30T02:00+02:00,8982.185,20953.04915,9730.023161
2024-08-30T03:00+02:00,8943.995,20989.46388,9651.800054
2024-08-30T04:00+02:00,8976.7575,21193.40543,9923.244854
2024-08-30T05:00+02:00,9160.8325,21371.63298,10577.07151
2024-08-30T06:00+02:00,10650.695,21655.27401,12258.6659
2024-08-30T07:00+02:00,10675.51,21652.61453,16382.2135
2024-08-30T08:00+02:00,8108.35,21523.47994,22552.09036
2024-08-30T09:00+02:00,4113.24,20546.2658,28668.09701
2024-08-30T10:00+02:00,4291.505,17642.7836,34558.43148
2024-08-30T11:00+02:00,3493.455,16026.19397,38363.0077
2024-08-30T12:00+02:00,1761.1775,15906.05275,39991.14879
2024-08-30T13:00+02:00,1394.12,15764.30212,40084.79251
2024-08-30T14:00+02:00,629.2825,16129.54472,39014.70462
2024-08-30T15:00+02:00,2755.7275,16186.25796,36644.64445
2024-08-30T16:00+02:00,3873.505,16081.39498,32789.72214
2024-08-30T17:00+02:00,6109.65,17787.21269,26680.17244
2024-08-30T18:00+02:00,7432.755,20170.81588,20810.48329
2024-08-30T19:00+02:00,8191.8725,20669.09114,16659.89361
2024-08-30T20:00+02:00,8218.39,20767.13548,15977.27118
2024-08-30T21:00+02:00,6693.0525,20529.16418,15992.86253
2024-08-30T22:00+02:00,5456.33,19942.84776,15847.57623
2024-08-30T23:00+02:00,6397.4275,18149.523,15298.20704
2024-08-31T00:00+02:00,6484.395,16805.16925,14994.20007
2024-08-31T01:00+02:00,5430.33,15936.65061,15369.00003
2024-08-31T02:00+02:00,6541.0075,14876.91898,15694.3435
2024-08-31T03:00+02:00,5985.5625,14635.63035,16021.60674
2024-08-31T04:00+02:00,6521.0925,14013.14267,16273.21736
2024-08-31T05:00+02:00,5831.9375,14347.52178,16477.04108
2024-08-31T06:00+02:00,6620.8825,14444.63217,16939.039
2024-08-31T07:00+02:00,5356.0225,14278.45825,19967.38879
2024-08-31T08:00+02:00,5675.605,12622.30503,24516.04336
2024-08-31T09:00+02:00,5585.355,9661.154009,30837.2239
2024-08-31T10:00+02:00,2158.2,7454.971485,39005.10637
2024-08-31T11:00+02:00,-1773.6775,7081.762038,44855.69021
2024-08-31T12:00+02:00,-6015.4425,7114.323902,48020.06644
2024-08-31T13:00+02:00,-7173.2,6688.326892,48425.30373
2024-08-31T14:00+02:00,-6944.28,6648.158232,46602.63157
2024-08-31T15:00+02:00,-5645.2875,6567.97457,44082.94446
2024-08-31T16:00+02:00,635.3225,7213.770274,38273.42743
2024-08-31T17:00+02:00,4397.01,9528.398992,31491.01935
2024-08-31T18:00+02:00,7052.82,11788.18558,23724.004
2024-08-31T19:00+02:00,8353.1025,12132.38265,19386.12053
2024-08-31T20:00+02:00,5967.05,11968.84914,21294.909
2024-08-31T21:00+02:00,4454.165,12003.15776,24144.87808
2024-08-31T22:00+02:00,2299.09,11768.95014,25028.98241
2024-08-31T23:00+02:00,454.8325,11398.20441,24739.98811
2024-09-01T00:00+02:00,1788.5025,11303.19743,23340.43036
2024-09-01T01:00+02:00,1494.4075,11184.4485,23012.62936
2024-09-01T02:00+02:00,2855.8825,9989.47519,22596.49915
2024-09-01T03:00+02:00,3325.735,9469.340423,23234.85405
2024-09-01T04:00+02:00,3431.75,9140.694487,23357.17034
2024-09-01T05:00+02:00,3079.7475,9159.195434,23358.50902
2024-09-01T06:00+02:00,3886.53,9210.845814,23713.19753
2024-09-01T07:00+02:00,2913.4125,9166.386634,25618.48274
2024-09-01T08:00+02:00,1273.745,8852.369397,31016.77311
2024-09-01T09:00+02:00,-1269.045,7772.831662,38441.12615
2024-09-01T10:00+02:00,-6696.5675,7572.864501,47304.81227
2024-09-01T11:00+02:00,-11704.6225,7727.698567,52712.61428
2024-09-01T12:00+02:00,-12631.0275,7989.731422,53579.8341
2024-09-01T13:00+02:00,-12996.125,8061.313082,51982.09574
2024-09-01T14:00+02:00,-12181.6475,8180.632711,49660.82618
2024-09-01T15:00+02:00,-10275.2325,8333.972999,46903.56489
2024-09-01T16:00+02:00,-5905.04,9359.052151,42252.78643
2024-09-01T17:00+02:00,62.555,11415.79669,33823.94241
2024-09-01T18:00+02:00,4077.59,14593.31896,25379.82741
2024-09-01T19:00+02:00,3947.2725,16683.20952,21302.633
2024-09-01T20:00+02:00,2876.045,17432.54618,22687.37136
2024-09-01T21:00+02:00,894.8725,17870.44589,24480.7927
2024-09-01T22:00+02:00,1163.345,17780.6397,24434.79798
2024-09-01T23:00+02:00,399.39,17769.57325,23827.50377
2024-09-02T00:00+02:00,-498.195,17397.08759,22875.4606
2024-09-02T01:00+02:00,263.0075,17167.57334,21596.13955
2024-09-02T02:00+02:00,1612.5025,16794.48008,20077.48328
2024-09-02T03:00+02:00,2546.8675,16679.40325,18671.75942
2024-09-02T04:00+02:00,3381.445,16837.28327,18103.00631
2024-09-02T05:00+02:00,5086.5975,17818.56201,18194.17361
2024-09-02T06:00+02:00,7685.7825,19593.6708,18591.23844
2024-09-02T07:00+02:00,6397.255,20235.56274,20461.65948
2024-09-02T08:00+02:00,5471.1075,20501.79389,24913.2086
2024-09-02T09:00+02:00,2963.9975,19870.22345,30072.95278
2024-09-02T10:00+02:00,927.855,18349.50539,36398.6837
2024-09-02T11:00+02:00,-439.565,16357.02968,41815.18743
2024-09-02T12:00+02:00,-412.5225,14949.25026,45261.25157
2024-09-02T13:00+02:00,226.7325,13917.43533,46158.91282
2024-09-02T14:00+02:00,336.13,14035.09239,46295.01848
2024-09-02T15:00+02:00,560.3175,14864.61042,43594.22921
2024-09-02T16:00+02:00,313.4725,16485.76761,36612.36197
2024-09-02T17:00+02:00,6999.635,18899.02718,27442.61925
2024-09-02T18:00+02:00,8476.535,22136.07333,19427.1303
2024-09-02T19:00+02:00,10354.7525,22916.05257,16205.38769
2024-09-02T20:00+02:00,8672.9175,23036.90039,17329.01224
2024-09-02T21:00+02:00,6970.07,22481.87595,18909.93139
2024-09-02T22:00+02:00,5834.8275,22098.07527,18244.94267
2024-09-02T23:00+02:00,4258.6675,21459.38337,18216.224
2024-09-03T00:00+02:00,4997.895,20880.32849,16444.9565
2024-09-03T01:00+02:00,5080.845,20797.50748,14049.52295
2024-09-03T02:00+02:00,6399.5525,20891.21729,13078.28043
2024-09-03T03:00+02:00,8836.3625,20789.03404,12158.62851
2024-09-03T04:00+02:00,9429.6975,20836.22659,12259.42689
2024-09-03T05:00+02:00,10184.96,21277.70769,11680.42082
2024-09-03T06:00+02:00,10594.0425,23036.99007,11086.11219
2024-09-03T07:00+02:00,10963.1475,23291.36135,13754.28816
2024-09-03T08:00+02:00,9289.5,23327.56937,19972.89752
2024-09-03T09:00+02:00,7289.6675,22397.22121,27404.10464
2024-09-03T10:00+02:00,2761.005,20066.67539,35453.66026
2024-09-03T11:00+02:00,956.2275,18585.20453,41381.49043
2024-09-03T12:00+02:00,-1559.735,17542.12689,44054.4888
2024-09-03T13:00+02:00,-2386.32,17998.82021,43817.29882
2024-09-03T14:00+02:00,-1172.185,17863.10209,41486.90017
2024-09-03T15:00+02:00,1154,18738.91549,37284.01922
2024-09-03T16:00+02:00,3896.0475,20281.1027,31059.60534
2024-09-03T17:00+02:00,7188.275,23000.33708,23284.35436
2024-09-03T18:00+02:00,11025.68,24986.68579,15445.90044
2024-09-03T19:00+02:00,13508.4075,25531.5898,10745.2447
2024-09-03T20:00+02:00,12571.3475,25350.69259,9900.839969
2024-09-03T21:00+02:00,12649.2875,24728.26147,9480.799642
2024-09-03T22:00+02:00,12095.15,23856.79998,9543.347711
2024-09-03T23:00+02:00,11148.86,23508.53952,9589.102808
2024-09-04T00:00+02:00,10408.59,22430.72758,9518.259737
2024-09-04T01:00+02:00,10312.64,22149.56587,9604.20172
2024-09-04T02:00+02:00,10429.6025,22057.78693,9710.731575
2024-09-04T03:00+02:00,10883.375,21824.43534,9701.698366
2024-09-04T04:00+02:00,10854.2425,21944.45316,9356.54172
2024-09-04T05:00+02:00,10582.485,23069.75804,9337.823248
2024-09-04T06:00+02:00,12196.115,24374.58126,9962.852109
2024-09-04T07:00+02:00,11694.2825,24691.2199,13376.72936
2024-09-04T08:00+02:00,11265.2825,24319.00673,18802.32142
2024-09-04T09:00+02:00,7517.8625,23440.91523,24623.88613
2024-09-04T10:00+02:00,6973.2825,21662.19852,30169.77398
2024-09-04T11:00+02:00,4737.8225,20896.86871,35163.59016
2024-09-04T12:00+02:00,3567.385,19841.97992,38394.03086
2024-09-04T13:00+02:00,3004.11,19396.18891,39318.99093
2024-09-04T14:00+02:00,3118.7125,18310.08806,38378.23704
2024-09-04T15:00+02:00,3935.22,18734.06133,34635.99722
2024-09-04T16:00+02:00,4622.3925,20722.42967,29890.18806
2024-09-04T17:00+02:00,8101.8125,21713.86477,24946.17276
2024-09-04T18:00+02:00,10282.49,23095.04713,20150.66385
2024-09-04T19:00+02:00,8837.8375,23923.90507,17735.65766
2024-09-04T20:00+02:00,7090.5975,23919.22699,17737.2253
2024-09-04T21:00+02:00,6821.3875,23291.84369,17794.92317
2024-09-04T22:00+02:00,6382.9225,21860.39175,17166.59247
2024-09-04T23:00+02:00,6078.2475,20284.15424,16659.00096
2024-09-05T00:00+02:00,5118.9325,18965.5525,16492.67971
2024-09-05T01:00+02:00,5281.26,17673.02758,16758.44024
2024-09-05T02:00+02:00,6963.695,16799.81481,17482.29087
2024-09-05T03:00+02:00,6272.01,16587.60024,18168.16458
2024-09-05T04:00+02:00,6130.6475,16465.06522,19713.14238
2024-09-05T05:00+02:00,6395.2875,16518.96789,21617.56402
2024-09-05T06:00+02:00,7233.795,17777.05045,24308.83426
2024-09-05T07:00+02:00,6105.67,17802.94245,28943.44494
2024-09-05T08:00+02:00,4798.245,16789.97698,35101.80078
2024-09-05T09:00+02:00,2468.2025,14878.51545,43054.23377
2024-09-05T10:00+02:00,359.315,13251.50693,48854.35838
2024-09-05T11:00+02:00,-6939.14,12624.02972,55994.38269
2024-09-05T12:00+02:00,-9067.885,12086.27929,59614.76665
2024-09-05T13:00+02:00,-9898.415,11646.33297,60338.88916
2024-09-05T14:00+02:00,-9847.56,11626.98778,59008.97006
2024-09-05T15:00+02:00,-10013.425,11971.71699,57186.14373
2024-09-05T16:00+02:00,-9831.6025,12579.92606,53447.89677
2024-09-05T17:00+02:00,-5695.5575,14362.58392,44790.1249
2024-09-05T18:00+02:00,-868.9425,15366.1516,36730.33379
2024-09-05T19:00+02:00,892.325,15508.02471,34669.18282
2024-09-05T20:00+02:00,-790.655,15883.72947,36086.86536
2024-09-05T21:00+02:00,-2142.67,15736.63461,36777.32466
2024-09-05T22:00+02:00,-3635.0425,15526.96723,35870.81346
2024-09-05T23:00+02:00,-4128.86,15308.69535,33682.93594
2024-09-06T00:00+02:00,-1605.5375,14626.16886,33267.07841
2024-09-06T01:00+02:00,-1368.5225,15561.57381,31092.33721
2024-09-06T02:00+02:00,917.9075,15473.10813,30325.96831
2024-09-06T03:00+02:00,2490.47,14698.84649,28843.06916
2024-09-06T04:00+02:00,2780.4425,15075.20851,28007.30581
2024-09-06T05:00+02:00,4064.4425,15443.66864,29082.95046
2024-09-06T06:00+02:00,5230.425,16391.77307,30308.7237
2024-09-06T07:00+02:00,5532.705,17143.74675,30434.92184
2024-09-06T08:00+02:00,4912.675,16822.30765,33326.31404
2024-09-06T09:00+02:00,3867.7325,16617.15454,37395.19548
2024-09-06T10:00+02:00,1455.6225,15948.43341,43436.86601
2024-09-06T11:00+02:00,-973.4825,15945.93284,47813.92662
2024-09-06T12:00+02:00,-4399.4825,15665.77167,50716.17148
2024-09-06T13:00+02:00,-5844.1725,16025.97113,50316.48382
2024-09-06T14:00+02:00,-5182.1475,16277.58299,48389.51589
2024-09-06T15:00+02:00,-2460.95,16042.28453,44620.64376
2024-09-06T16:00+02:00,-1312.8925,16791.38035,38753.52631
2024-09-06T17:00+02:00,3732.78,16939.94049,33132.03889
2024-09-06T18:00+02:00,4956.03,19033.42671,26609.8729
2024-09-06T19:00+02:00,4797.1725,20206.74786,24030.73515
2024-09-06T20:00+02:00,3347.21,20014.59573,24755.25658
2024-09-06T21:00+02:00,4466.1775,19316.84795,24913.7932
2024-09-06T22:00+02:00,3678.8925,17751.00993,23711.07271
2024-09-06T23:00+02:00,5083.7975,15908.44416,21591.90986
2024-09-07T00:00+02:00,6107.315,15236.53745,19193.91313
2024-09-07T01:00+02:00,6602.5925,15170.76963,17395.36586
2024-09-07T02:00+02:00,6354.3925,15036.32199,16074.61321
2024-09-07T03:00+02:00,6496.9,14956.48901,15532.85613
2024-09-07T04:00+02:00,7127.2675,14769.63027,14974.25701
2024-09-07T05:00+02:00,7693.965,14590.58409,14649.59197
2024-09-07T06:00+02:00,8888.73,14925.13048,14666.10734
2024-09-07T07:00+02:00,7744.6075,14839.25832,17587.04361
2024-09-07T08:00+02:00,6729.3775,13642.92446,24141.64111
2024-09-07T09:00+02:00,3324.6125,12197.71317,31683.56219
2024-09-07T10:00+02:00,1981.175,10423.72366,38844.26609
2024-09-07T11:00+02:00,-1454.06,9084.499034,44793.41294
2024-09-07T12:00+02:00,-4849.8875,8704.175043,48425.02039
2024-09-07T13:00+02:00,-5976.2275,8552.283936,48799.98727
2024-09-07T14:00+02:00,-6040.575,8516.450939,46675.20632
2024-09-07T15:00+02:00,-2065.2575,8875.673079,41994.63004
2024-09-07T16:00+02:00,2335.8025,10699.68198,34825.00838
2024-09-07T17:00+02:00,3930.185,14951.98117,25395.30776
2024-09-07T18:00+02:00,6864.9125,17931.34436,16365.2837
2024-09-07T19:00+02:00,8601.1075,18717.91509,12130.35088
2024-09-07T20:00+02:00,6299.7125,18540.27778,13695.975
2024-09-07T21:00+02:00,3591.91,17823.97323,16592.04392
2024-09-07T22:00+02:00,2737.7525,16615.19394,18041.61825
2024-09-07T23:00+02:00,3398.5,15436.43133,17834.07298
2024-09-08T00:00+02:00,4333.6675,14659.64041,17045.73859
2024-09-08T01:00+02:00,5060.2425,14205.18511,16466.97459
2024-09-08T02:00+02:00,4757.205,13857.80535,16170.72045
2024-09-08T03:00+02:00,4678.2625,13668.38124,15502.09554
2024-09-08T04:00+02:00,5388.6625,13485.49423,14992.74884
2024-09-08T05:00+02:00,6760.6925,13272.49348,14803.29879
2024-09-08T06:00+02:00,6790.4725,13016.68746,15061.62331
2024-09-08T07:00+02:00,6599.405,12377.48447,17737.06285
2024-09-08T08:00+02:00,8339.65,10924.17655,23367.02021
2024-09-08T09:00+02:00,8911.4075,8649.533007,29033.12883
2024-09-08T10:00+02:00,5795.3025,8460.13664,34428.25065
2024-09-08T11:00+02:00,3634.755,8649.744687,38911.31045
2024-09-08T12:00+02:00,1542.5425,8758.611142,40007.98877
2024-09-08T13:00+02:00,1016.42,8038.065383,38652.29938
2024-09-08T14:00+02:00,3873.7825,7928.709554,35650.06873
2024-09-08T15:00+02:00,6727.4725,8225.102118,31624.20621
2024-09-08T16:00+02:00,8241.085,10724.60563,25026.04873
2024-09-08T17:00+02:00,7242.265,13685.40007,18707.95958
2024-09-08T18:00+02:00,8741.8675,16347.16894,14663.07416
2024-09-08T19:00+02:00,8931.2975,18537.13031,12952.54549
2024-09-08T20:00+02:00,7254.1175,19139.83156,12883.31341
2024-09-08T21:00+02:00,7253.1825,19060.16035,13810.47088
2024-09-08T22:00+02:00,7334.245,18498.75548,14488.35419
2024-09-08T23:00+02:00,6708.8775,17842.8218,14479.78903
2024-09-09T00:00+02:00,6509.0475,17191.22896,14160.25634
2024-09-09T01:00+02:00,8518.135,16589.16585,14318.82374
2024-09-09T02:00+02:00,8888.74,16368.86412,14629.40431
2024-09-09T03:00+02:00,9199.37,16525.10302,14047.97559
2024-09-09T04:00+02:00,9226.8475,16880.41178,13655.77427
2024-09-09T05:00+02:00,9237.4625,18266.98186,13553.7357
2024-09-09T06:00+02:00,9288.9225,20562.61205,14194.23804
2024-09-09T07:00+02:00,8915.45,21362.42487,15492.01734
2024-09-09T08:00+02:00,9480.57,21617.56534,17631.97078
2024-09-09T09:00+02:00,9389.68,21481.84131,20859.07722
2024-09-09T10:00+02:00,8573.29,21144.77245,24136.54375
2024-09-09T11:00+02:00,7162.3675,20117.60963,28947.26017
2024-09-09T12:00+02:00,6996.925,18254.58311,32802.20625
2024-09-09T13:00+02:00,4882.99,17196.6142,36302.12969
2024-09-09T14:00+02:00,4044.235,16134.86253,36291.54815
2024-09-09T15:00+02:00,4246.42,16312.30198,35188.59682
2024-09-09T16:00+02:00,3847.8925,16816.95531,33272.40966
2024-09-09T17:00+02:00,4116.8025,18210.41249,30332.18465
2024-09-09T18:00+02:00,5036.8725,19666.08904,26830.03255
2024-09-09T19:00+02:00,5071.3475,20681.38075,25494.57282
2024-09-09T20:00+02:00,4265.72,21026.39295,26201.49582
2024-09-09T21:00+02:00,3020.84,19902.48184,27746.65118
2024-09-09T22:00+02:00,2831.57,18014.34959,27243.3067
2024-09-09T23:00+02:00,1789.695,15564.614,27377.89419
2024-09-10T00:00+02:00,5145.105,12782.71588,28879.54281
2024-09-10T01:00+02:00,6338.645,10761.36943,28712.57027
2024-09-10T02:00+02:00,6792.24,10191.80758,28413.57099
2024-09-10T03:00+02:00,8058.6975,9880.624515,27266.78636
2024-09-10T04:00+02:00,7625.0025,10330.66885,26647.39312
2024-09-10T05:00+02:00,6473.925,12189.62722,25964.33464
2024-09-10T06:00+02:00,6940.2025,14769.46926,25685.79943
2024-09-10T07:00+02:00,8353.1075,16034.2823,27427.58525
2024-09-10T08:00+02:00,8325.8825,15695.9442,31119.88513
2024-09-10T09:00+02:00,6639.0675,14301.91543,37347.91793
2024-09-10T10:00+02:00,5970.6375,11840.15911,44958.15618
2024-09-10T11:00+02:00,3068.385,11680.06642,50246.05074
2024-09-10T12:00+02:00,-829.595,11146.81185,53109.94732
2024-09-10T13:00+02:00,-1601.92,10074.11625,54239.43324
2024-09-10T14:00+02:00,-3133.6825,9545.026371,54931.74922
2024-09-10T15:00+02:00,-2923.7725,9805.007744,53213.53645
2024-09-10T16:00+02:00,-1463.73,10791.95456,49260.59132
2024-09-10T17:00+02:00,2422.3675,11985.56641,45618.70096
2024-09-10T18:00+02:00,4961.03,11971.95912,40827.46569
2024-09-10T19:00+02:00,5274.0075,11195.86337,38206.22384
2024-09-10T20:00+02:00,4313.7675,11537.83489,37042.3649
2024-09-10T21:00+02:00,4127.3525,11413.96563,36477.68978
2024-09-10T22:00+02:00,2420.9025,11031.0452,35198.21077
2024-09-10T23:00+02:00,2564.51,11073.92366,33661.33514
2024-09-11T00:00+02:00,2784.17,10373.55683,32068.2485
2024-09-11T01:00+02:00,2811.955,9851.435389,31601.09376
2024-09-11T02:00+02:00,3804.555,9474.867718,30790.72686
2024-09-11T03:00+02:00,3599.2,9446.156227,31250.11611
2024-09-11T04:00+02:00,4123.9175,9723.168927,30673.21769
2024-09-11T05:00+02:00,4509.825,10607.61517,30602.49205
2024-09-11T06:00+02:00,4972.98,13279.13548,31706.39588
2024-09-11T07:00+02:00,4714.27,14491.85709,32793.94877
2024-09-11T08:00+02:00,2929.3125,15260.09921,35623.97004
2024-09-11T09:00+02:00,3691.605,14432.60012,39322.82088
2024-09-11T10:00+02:00,6397.6075,12686.09859,40474.93141
2024-09-11T11:00+02:00,8891.4025,12664.44742,40375.3
2024-09-11T12:00+02:00,9884.445,12572.28536,40354.77682
2024-09-11T13:00+02:00,7841.5775,13329.7647,38498.78319
2024-09-11T14:00+02:00,8880.1425,14328.54879,37149.04304
2024-09-11T15:00+02:00,7584.1725,14930.09444,34178.38281
2024-09-11T16:00+02:00,7481.835,16248.95912,29937.66461
2024-09-11T17:00+02:00,7814.0475,19585.91631,24479.7489
2024-09-11T18:00+02:00,9980.905,21871.13279,21173.22604
2024-09-11T19:00+02:00,9493.07,22628.00724,18925.75302
2024-09-11T20:00+02:00,7342.0575,21730.81038,19292.86011
2024-09-11T21:00+02:00,5978.1275,21502.6208,19524.85275
2024-09-11T22:00+02:00,5434.8625,20160.90167,20407.41012
2024-09-11T23:00+02:00,4611.335,18639.52723,19786.18367
2024-09-12T00:00+02:00,4024.27,17816.70296,20407.22268
2024-09-12T01:00+02:00,4611.9075,16807.30769,19643.23806
2024-09-12T02:00+02:00,4653.0775,16408.98829,20195.75868
2024-09-12T03:00+02:00,5737.05,16259.68692,19265.3211
2024-09-12T04:00+02:00,5358.3475,16964.74249,18668.53382
2024-09-12T05:00+02:00,6716.0425,18623.97263,17975.40254
2024-09-12T06:00+02:00,8435.855,21260.38016,17775.15709
2024-09-12T07:00+02:00,8022.27,21625.17643,18242.63714
2024-09-12T08:00+02:00,6813.6525,21496.75902,20355.28911
2024-09-12T09:00+02:00,6572.68,21368.28339,24929.58373
2024-09-12T10:00+02:00,5139.825,20364.88834,30840.44003
2024-09-12T11:00+02:00,4605.59,18045.61815,35613.03351
2024-09-12T12:00+02:00,4352.0775,17000.09526,37174.98083
2024-09-12T13:00+02:00,4485.7825,17099.97993,37323.01724
2024-09-12T14:00+02:00,4204.625,17575.94518,34788.84143
2024-09-12T15:00+02:00,4366.775,18246.28568,30354.33027
2024-09-12T16:00+02:00,7930.4,19474.60809,25036.29972
2024-09-12T17:00+02:00,10817.83,21051.15999,18861.06922
2024-09-12T18:00+02:00,12575.5025,22790.61118,13298.03622
2024-09-12T19:00+02:00,13740.11,23378.7725,10255.00026
2024-09-12T20:00+02:00,12803.585,22976.3003,9938.985688
2024-09-12T21:00+02:00,12881.8,21981.18632,9899.963113
2024-09-12T22:00+02:00,12449.86,21185.63903,9819.336401
2024-09-12T23:00+02:00,11998.3625,19443.77256,10080.13409
2024-09-13T00:00+02:00,11832.9075,17632.75495,10623.46568
2024-09-13T01:00+02:00,11295.8325,16724.73359,11756.86103
2024-09-13T02:00+02:00,11094.665,16027.37831,12559.1414
2024-09-13T03:00+02:00,11803.4525,15785.20839,13716.87272
2024-09-13T04:00+02:00,10773.705,15808.6296,14641.44584
2024-09-13T05:00+02:00,10225.5225,16773.35244,15680.00524
2024-09-13T06:00+02:00,12022.88,18087.70412,16759.09747
2024-09-13T07:00+02:00,10807.0625,18785.21195,17976.20463
2024-09-13T08:00+02:00,10443.1025,18441.45509,21164.30293
2024-09-13T09:00+02:00,9859.0825,17473.71564,25566.0874
2024-09-13T10:00+02:00,9084.725,15875.22455,30120.31868
2024-09-13T11:00+02:00,9422.9825,13805.39963,34576.16668
2024-09-13T12:00+02:00,7749.465,11247.32818,37213.82312
2024-09-13T13:00+02:00,6535.6,10784.61134,39073.19648
2024-09-13T14:00+02:00,8435.9175,10273.69175,40726.25989
2024-09-13T15:00+02:00,5988.9925,10591.85943,41351.48078
2024-09-13T16:00+02:00,5916.98,10998.02056,39742.97216
2024-09-13T17:00+02:00,5173.6625,11519.27839,36808.62119
2024-09-13T18:00+02:00,6095.94,11682.49273,32509.24525
2024-09-13T19:00+02:00,4814.32,12350.95956,30347.05973
2024-09-13T20:00+02:00,5222.9875,12218.50882,30338.14224
2024-09-13T21:00+02:00,4569.3925,11724.02783,31518.44992
2024-09-13T22:00+02:00,2317.6575,10629.3958,30960.9201
2024-09-13T23:00+02:00,2735.335,9323.738573,30037.89195
2024-09-14T00:00+02:00,2661.835,8665.71603,29639.13193
2024-09-14T01:00+02:00,2839.29,8582.954232,29363.83238
2024-09-14T02:00+02:00,2961.685,8678.190518,28549.49023
2024-09-14T03:00+02:00,4065.8025,8638.469474,27818.21712
2024-09-14T04:00+02:00,4958.805,8392.779061,27407.75192
2024-09-14T05:00+02:00,5047.5075,8421.467606,26895.96265
2024-09-14T06:00+02:00,4611.895,8573.899161,26316.04336
2024-09-14T07:00+02:00,4047.5125,9039.961574,26133.81277
2024-09-14T08:00+02:00,4140.6275,9576.528692,28272.30481
2024-09-14T09:00+02:00,5078.4875,9217.839171,32875.69774
2024-09-14T10:00+02:00,3361.805,9094.458948,39367.3711
2024-09-14T11:00+02:00,1255.635,8993.008621,43727.96512
2024-09-14T12:00+02:00,-1254.9375,8969.791783,45010.94796
2024-09-14T13:00+02:00,-2569.105,8533.482874,45466.49046
2024-09-14T14:00+02:00,-2035.345,8436.498487,44757.51121
2024-09-14T15:00+02:00,-928.9675,8347.000512,42487.04424
2024-09-14T16:00+02:00,315.755,8457.716527,38978.52669
2024-09-14T17:00+02:00,2392.5,9151.834195,34398.31518
2024-09-14T18:00+02:00,5617.8825,10149.83351,27509.15134
2024-09-14T19:00+02:00,6562.375,11214.69112,21927.04778
2024-09-14T20:00+02:00,6472.1075,11439.95794,20694.27729
2024-09-14T21:00+02:00,6698.12,11301.56061,20436.07794
2024-09-14T22:00+02:00,5955.57,11050.31382,19852.21739
2024-09-14T23:00+02:00,6477.3225,10525.1105,19165.74407
2024-09-15T00:00+02:00,6511.8925,10169.76506,18803.59371
2024-09-15T01:00+02:00,6624.535,10297.52941,17818.27942
2024-09-15T02:00+02:00,7122.3975,10150.7788,17179.50078
2024-09-15T03:00+02:00,6994.24,10131.06282,16936.77206
2024-09-15T04:00+02:00,7245.8225,10238.34496,16872.15399
2024-09-15T05:00+02:00,7566.5225,10578.63702,17211.58955
2024-09-15T06:00+02:00,6163.1475,10676.78497,17810.11667
2024-09-15T07:00+02:00,5917.52,10741.58621,19201.51102
2024-09-15T08:00+02:00,4977.05,10558.82696,23786.33979
2024-09-15T09:00+02:00,5530.9575,9011.777325,30517.17919
2024-09-15T10:00+02:00,2336.315,8416.430517,37844.0178
2024-09-15T11:00+02:00,-1219.155,8592.59873,43534.28766
2024-09-15T12:00+02:00,-3518.315,8576.625531,45239.75271
2024-09-15T13:00+02:00,-6064.6025,8538.933464,45758.25237
2024-09-15T14:00+02:00,-4587.49,8269.758073,43552.93228
2024-09-15T15:00+02:00,-498.53,8380.249443,38463.59954
2024-09-15T16:00+02:00,3022.09,8390.158592,34078.4503
2024-09-15T17:00+02:00,4007.8975,10624.08209,28142.54706
2024-09-15T18:00+02:00,6875.6225,11923.14452,21551.91915
2024-09-15T19:00+02:00,7081.1625,13479.05692,17570.92066
2024-09-15T20:00+02:00,8657.0975,14188.97935,16768.7308
2024-09-15T21:00+02:00,7849.935,14511.1135,16923.89479
2024-09-15T22:00+02:00,9539.5425,14419.94785,16190.65589
2024-09-15T23:00+02:00,8566.32,14413.52031,14789.07002
2024-09-16T00:00+02:00,8136.665,14464.33457,13734.10555
2024-09-16T01:00+02:00,8058.7525,14443.02991,13252.89949
2024-09-16T02:00+02:00,8443.485,14622.24899,13214.50776
2024-09-16T03:00+02:00,8426.8575,15048.40891,14147.98513
2024-09-16T04:00+02:00,7383.8025,15563.13849,14804.03529
2024-09-16T05:00+02:00,7619.1575,16462.98964,15424.12724
2024-09-16T06:00+02:00,8350.1925,18091.72079,16608.56127
2024-09-16T07:00+02:00,7626.3425,19047.45144,18632.17803
2024-09-16T08:00+02:00,9701.0725,19398.29783,21109.54039
2024-09-16T09:00+02:00,8643.3025,19566.93687,23875.95333
2024-09-16T10:00+02:00,8074.4975,19304.41422,26243.22183
2024-09-16T11:00+02:00,8799.255,18855.96972,28262.05732
2024-09-16T12:00+02:00,8585.5275,18605.12992,29464.60457
2024-09-16T13:00+02:00,6048.9325,18743.30775,29836.71169
2024-09-16T14:00+02:00,6199.3275,18920.36791,29310.18271
2024-09-16T15:00+02:00,6872.4625,19102.89817,28734.76308
2024-09-16T16:00+02:00,6035.4475,19190.097,27470.97043
2024-09-16T17:00+02:00,5517.2925,19978.56057,25427.01653
2024-09-16T18:00+02:00,5213.345,20804.73293,23549.24845
2024-09-16T19:00+02:00,6075.5275,20971.56098,23332.36376
2024-09-16T20:00+02:00,5585.7625,20399.30831,24619.94916
2024-09-16T21:00+02:00,2433.66,20026.54955,24452.35928
2024-09-16T22:00+02:00,1313.9825,19538.56766,23937.85046
2024-09-16T23:00+02:00,1224.785,17861.8269,22967.64797
2024-09-17T00:00+02:00,-119,16949.19307,21929.55184
2024-09-17T01:00+02:00,1951.9275,16799.11579,21174.08453
2024-09-17T02:00+02:00,2854.9425,16659.67446,20614.16451
2024-09-17T03:00+02:00,3359.48,16551.39466,20307.3014
2024-09-17T04:00+02:00,3238.9725,17141.11641,20179.68056
2024-09-17T05:00+02:00,3053.0275,18126.03681,20355.64567
2024-09-17T06:00+02:00,6231.945,19442.47277,21191.11939
2024-09-17T07:00+02:00,6336.4875,19912.3449,22904.30165
2024-09-17T08:00+02:00,6952.5775,20218.23446,24564.56379
2024-09-17T09:00+02:00,6573.435,19973.72495,28036.14945
2024-09-17T10:00+02:00,6596.2075,18440.92002,31346.20931
2024-09-17T11:00+02:00,5955.2175,16450.30889,35127.86794
2024-09-17T12:00+02:00,5732.915,13625.18634,40047.33887
2024-09-17T13:00+02:00,3231.83,11624.92372,43674.78989
2024-09-17T14:00+02:00,1793.565,10776.17018,44898.90569
2024-09-17T15:00+02:00,2060.6325,11238.31524,43137.51978
2024-09-17T16:00+02:00,3264.25,13452.74738,38793.88634
2024-09-17T17:00+02:00,4435.9925,16523.46559,31524.68739
2024-09-17T18:00+02:00,7062.035,18850.62328,24406.44691
2024-09-17T19:00+02:00,7339.5025,19133.34923,23040.8636
2024-09-17T20:00+02:00,6319.2875,18689.96156,25005.57991
2024-09-17T21:00+02:00,4417.3,17852.58989,24985.51843
2024-09-17T22:00+02:00,2434.6825,17344.80859,23953.03566
2024-09-17T23:00+02:00,2726.165,16661.2425,22152.7626
2024-09-18T00:00+02:00,3167.9725,16457.94784,20909.39355
2024-09-18T01:00+02:00,4086.0225,16654.79332,19969.74882
2024-09-18T02:00+02:00,4459.8025,16454.65322,19171.87143
2024-09-18T03:00+02:00,4546.6475,16795.0658,18508.53734
2024-09-18T04:00+02:00,4307.145,17202.0154,17869.87478
2024-09-18T05:00+02:00,4942.2825,18594.8831,17613.42142
2024-09-18T06:00+02:00,9471.195,20145.78361,18162.12136
2024-09-18T07:00+02:00,8606.5175,20632.63627,19884.92418
2024-09-18T08:00+02:00,7913.625,20683.71092,23897.14203
2024-09-18T09:00+02:00,6045.38,19942.62543,29517.86178
2024-09-18T10:00+02:00,6212.57,16901.9018,36611.12973
2024-09-18T11:00+02:00,3093.705,13193.31783,44518.31615
2024-09-18T12:00+02:00,645.45,10107.3458,50117.4067
2024-09-18T13:00+02:00,-1031.77,9774.257395,51291.14169
2024-09-18T14:00+02:00,-2393.425,9702.730969,51000.00304
2024-09-18T15:00+02:00,-2781.19,9616.891498,48226.09941
2024-09-18T16:00+02:00,732.9375,11102.18089,42588.08987
2024-09-18T17:00+02:00,3400.7025,14768.7736,34136.19767
2024-09-18T18:00+02:00,4769.6625,17730.70632,26496.50753
2024-09-18T19:00+02:00,5649.0775,17862.19786,25672.66461
2024-09-18T20:00+02:00,4524.4875,17551.4238,28352.90505
2024-09-18T21:00+02:00,2977.9125,16841.21346,29290.99026
2024-09-18T22:00+02:00,1825.015,15974.80485,27844.95283
2024-09-18T23:00+02:00,2200.1925,14982.5633,25937.92336
2024-09-19T00:00+02:00,2544.59,14533.12752,23905.54541
2024-09-19T01:00+02:00,4632.27,13884.69437,22049.40397
2024-09-19T02:00+02:00,4641.5575,14088.28949,20686.71689
2024-09-19T03:00+02:00,3670.575,14547.23671,19831.36542
2024-09-19T04:00+02:00,4736.6325,14959.16307,19764.86798
2024-09-19T05:00+02:00,5452.0075,16177.65632,19747.76268
2024-09-19T06:00+02:00,7457.0775,17447.19378,20565.86747
2024-09-19T07:00+02:00,8521.5075,17764.55703,22342.11056
2024-09-19T08:00+02:00,7749.77,17966.75998,27312.62168
2024-09-19T09:00+02:00,4865.85,16561.0296,33688.33709
2024-09-19T10:00+02:00,4064.8475,14024.28861,40421.84073
2024-09-19T11:00+02:00,1883.8725,11715.59671,47260.16098
2024-09-19T12:00+02:00,-2190.565,10157.84823,52184.82498
2024-09-19T13:00+02:00,-4052.49,9839.901438,53975.80531
2024-09-19T14:00+02:00,-3686.31,9256.210922,53112.63009
2024-09-19T15:00+02:00,-3370.3025,9013.21841,50552.32051
2024-09-19T16:00+02:00,1029.53,9731.736238,44434.08987
2024-09-19T17:00+02:00,1827.125,13747.17289,36581.02619
2024-09-19T18:00+02:00,5241.305,16106.75109,29023.09634
2024-09-19T19:00+02:00,4807.8225,16579.04652,27645.32269
2024-09-19T20:00+02:00,2758.145,16401.4216,30145.28644
2024-09-19T21:00+02:00,1456.3575,15702.59793,30366.83851
2024-09-19T22:00+02:00,728.0725,15500.83552,28709.7774
2024-09-19T23:00+02:00,989.9675,14233.37347,27346.2456
2024-09-20T00:00+02:00,1680.4725,13304.18202,25727.81906
2024-09-20T01:00+02:00,2504.3825,12800.52196,25529.45031
2024-09-20T02:00+02:00,2777.035,12309.89177,25289.49177
2024-09-20T03:00+02:00,2075.215,12594.63091,25079.98993
2024-09-20T04:00+02:00,2612.865,12874.82761,24769.44451
2024-09-20T05:00+02:00,3353.73,13793.38516,24279.09933
2024-09-20T06:00+02:00,6128.1925,14823.47973,24895.37372
2024-09-20T07:00+02:00,7111.37,14929.50512,27022.4315
2024-09-20T08:00+02:00,5642.6025,14743.86985,32206.78733
2024-09-20T09:00+02:00,3476.05,13244.15776,38841.64469
2024-09-20T10:00+02:00,2902.275,10852.67723,46270.01733
2024-09-20T11:00+02:00,-1300.5825,9370.322607,52680.42569
2024-09-20T12:00+02:00,-7866.4775,9110.894782,57784.81863
2024-09-20T13:00+02:00,-8294.5075,8972.859202,57537.33588
2024-09-20T14:00+02:00,-9868.8275,8388.882404,57025.03851
2024-09-20T15:00+02:00,-7122.895,8374.985764,53287.91978
2024-09-20T16:00+02:00,-1624.955,8982.595957,46476.50884
2024-09-20T17:00+02:00,2380.76,11274.19591,36436.48539
2024-09-20T18:00+02:00,6517.28,13502.75366,26645.68222
2024-09-20T19:00+02:00,7188.025,14119.40588,26462.89581
2024-09-20T20:00+02:00,4339.58,13562.19433,29668.95855
2024-09-20T21:00+02:00,2400.8275,12534.17169,31189.61158
2024-09-20T22:00+02:00,1319.665,11726.93605,30013.34449
2024-09-20T23:00+02:00,1316.315,11602.4168,27689.26768
2024-09-21T00:00+02:00,450.5325,12185.29161,24900.71921
2024-09-21T01:00+02:00,1508.51,12303.72353,22341.34504
2024-09-21T02:00+02:00,2344.26,12203.81456,20081.55729
2024-09-21T03:00+02:00,2817.705,12274.04925,18498.6383
2024-09-21T04:00+02:00,4007.6225,12310.07511,17674.30567
2024-09-21T05:00+02:00,4752.525,12327.957,17514.91737
2024-09-21T06:00+02:00,5318.4925,12426.02829,17856.06178
2024-09-21T07:00+02:00,4533.2925,12452.25364,19669.62987
2024-09-21T08:00+02:00,5406.4275,11799.95914,26225.8653
2024-09-21T09:00+02:00,5007.6825,10128.02527,33854.04567
2024-09-21T10:00+02:00,1154.18,8303.957659,40579.08974
2024-09-21T11:00+02:00,-3538.745,7877.75779,46499.39578
2024-09-21T12:00+02:00,-7043.805,7605.093482,49922.03039
2024-09-21T13:00+02:00,-9265.4625,7434.899327,50408.08519
2024-09-21T14:00+02:00,-7917.19,7484.196352,47490.36887
2024-09-21T15:00+02:00,-5389.1975,7722.20562,43128.30371
2024-09-21T16:00+02:00,1356.26,8540.360565,35129.07442
2024-09-21T17:00+02:00,5663.5375,12297.40944,24451.36773
2024-09-21T18:00+02:00,9114.135,14161.59632,15982.44578
2024-09-21T19:00+02:00,8358.1475,15033.83264,15439.13881
2024-09-21T20:00+02:00,6655.925,15072.33135,18054
2024-09-21T21:00+02:00,4470.045,14505.33845,18979.28927
2024-09-21T22:00+02:00,4690.1175,13484.34271,18201.12163
2024-09-21T23:00+02:00,6155.195,13008.13753,17008.5937
2024-09-22T00:00+02:00,6158.65,12687.16564,15251.71763
2024-09-22T01:00+02:00,6811.6925,12684.52992,13714.32607
2024-09-22T02:00+02:00,7594.15,12680.58185,12443.9527
2024-09-22T03:00+02:00,8212.28,12642.00277,11489.07754
2024-09-22T04:00+02:00,8514.775,12687.00968,10944.76356
2024-09-22T05:00+02:00,8902.1375,12884.87781,10842.88218
2024-09-22T06:00+02:00,9083.22,12843.33704,11024.65947
2024-09-22T07:00+02:00,8278.77,12852.63627,12749.7453
2024-09-22T08:00+02:00,7605.7775,12434.84104,19469.79577
2024-09-22T09:00+02:00,6387.9,10649.03547,27374.79717
2024-09-22T10:00+02:00,2653.0875,9600.255872,35037.62343
2024-09-22T11:00+02:00,-1143.64,8909.696458,40714.47037
2024-09-22T12:00+02:00,-3877.365,8675.964112,43426.41596
2024-09-22T13:00+02:00,-4274.475,8368.69941,42155.59755
2024-09-22T14:00+02:00,-3907.5275,8402.421714,38417.44856
2024-09-22T15:00+02:00,588.7525,9795.73775,32524.25904
2024-09-22T16:00+02:00,4239.63,12773.93092,25376.31034
2024-09-22T17:00+02:00,6605.51,16634.74309,17068.87261
2024-09-22T18:00+02:00,10166.685,19528.42136,10828.72032
2024-09-22T19:00+02:00,9228.095,20015.08786,9714.347606
2024-09-22T20:00+02:00,9293.645,20088.89442,10376.61787
2024-09-22T21:00+02:00,8921.9125,19562.47292,10707.7501
2024-09-22T22:00+02:00,8859.8975,18974.17217,10738.20733
2024-09-22T23:00+02:00,8477.12,18316.27978,10307.06895
2024-09-23T00:00+02:00,9553.7375,17709.36777,9640.231413
2024-09-23T01:00+02:00,10128.73,17509.19965,9103.161718
2024-09-23T02:00+02:00,10437.805,17551.56765,8727.329997
2024-09-23T03:00+02:00,11247.8725,17679.78184,8608.715758
2024-09-23T04:00+02:00,11083.11,18232.65038,8637.88755
2024-09-23T05:00+02:00,10517.1675,19665.01549,8806.731945
2024-09-23T06:00+02:00,12337.5725,21570.37972,9288.92156
2024-09-23T07:00+02:00,13176.3275,22664.12057,10814.46469
2024-09-23T08:00+02:00,14000.2475,23000.86192,15703.58985
2024-09-23T09:00+02:00,10888.79,21721.37592,22419.97358
2024-09-23T10:00+02:00,8720.525,19959.26696,28796.46751
2024-09-23T11:00+02:00,8392.2625,19025.18968,33142.61409
2024-09-23T12:00+02:00,7988.295,18144.76815,35332.37175
2024-09-23T13:00+02:00,7729.265,17708.53506,34837.882
2024-09-23T14:00+02:00,8422.3825,18244.56952,31670.21943
2024-09-23T15:00+02:00,7858.7,19852.25878,27155.92879
2024-09-23T16:00+02:00,8509.4925,21839.15731,21203.80173
2024-09-23T17:00+02:00,10601.35,23931.20063,15250.83609
2024-09-23T18:00+02:00,13033.915,24845.2493,11404.8878
2024-09-23T19:00+02:00,12540.96,24866.97327,10549.49999
2024-09-23T20:00+02:00,11650.395,24261.12677,11174.84979
2024-09-23T21:00+02:00,10394.01,23276.90986,11626.05688
2024-09-23T22:00+02:00,8388.4025,22216.86686,12157.19232
2024-09-23T23:00+02:00,9212.5625,19118.44167,12885.13689
2024-09-24T00:00+02:00,7373.58,17121.51922,13236.83634
2024-09-24T01:00+02:00,7293.0075,16505.80157,13037.82573
2024-09-24T02:00+02:00,8305.6775,16665.0493,12627.50124
2024-09-24T03:00+02:00,8303.4625,17352.57387,12398.91429
2024-09-24T04:00+02:00,7937.77,18174.69261,12472.97715
2024-09-24T05:00+02:00,9385.2275,19136.87087,12713.20922
2024-09-24T06:00+02:00,10783.3875,20746.91868,13839.79303
2024-09-24T07:00+02:00,11462.24,20918.88252,15129.96529
2024-09-24T08:00+02:00,13319.5125,20427.92859,18396.42812
2024-09-24T09:00+02:00,10994.965,20254.48509,22829.14554
2024-09-24T10:00+02:00,9199.8475,19445.02463,28017.61938
2024-09-24T11:00+02:00,7731.3,17549.16357,32564.53557
2024-09-24T12:00+02:00,7546.405,16387.33692,35224.7373
2024-09-24T13:00+02:00,6138.935,15931.53271,37427.54605
2024-09-24T14:00+02:00,5037.86,15256.17918,38853.99236
2024-09-24T15:00+02:00,2646.055,15956.26424,38733.88625
2024-09-24T16:00+02:00,475.28,16426.31032,35382.25128
2024-09-24T17:00+02:00,2342.615,18119.81291,30852.09888
2024-09-24T18:00+02:00,4594.44,18426.31803,27146.10214
2024-09-24T19:00+02:00,2380.91,18507.39194,29186.37429
2024-09-24T20:00+02:00,84.8475,17565.24293,31761.59949
2024-09-24T21:00+02:00,-607.65,15402.3695,33818.73191
2024-09-24T22:00+02:00,-711.89,13108.45948,34841.43398
2024-09-24T23:00+02:00,-899.65,11793.51252,34387.3028
2024-09-25T00:00+02:00,1220.6675,11616.1828,33890.24973
2024-09-25T01:00+02:00,882.1325,11223.63293,33372.55936
2024-09-25T02:00+02:00,536.2,11385.05303,32834.93962
2024-09-25T03:00+02:00,1113.8225,11408.00914,32242.71615
2024-09-25T04:00+02:00,1337.82,12101.11837,31488.5945
2024-09-25T05:00+02:00,1972.9025,13443.98206,31028.00053
2024-09-25T06:00+02:00,2366.655,15880.16307,31530.29261
2024-09-25T07:00+02:00,3512.145,16165.02126,31838.54473
2024-09-25T08:00+02:00,3645.8725,15431.90292,35613.80433
2024-09-25T09:00+02:00,2138.33,14782.47014,40143.63413
2024-09-25T10:00+02:00,3634.0775,14157.10931,44716.96064
2024-09-25T11:00+02:00,3337.655,13332.80473,47930.27319
2024-09-25T12:00+02:00,2405.035,12775.52626,49090.7477
2024-09-25T13:00+02:00,2816.695,12667.5934,47234.92457
2024-09-25T14:00+02:00,4754.1225,12677.19919,42931.05846
2024-09-25T15:00+02:00,6052.8225,14366.34661,37391.88405
2024-09-25T16:00+02:00,5480.885,16921.31459,30916.59869
2024-09-25T17:00+02:00,7062.3875,19029.62954,24757.23551
2024-09-25T18:00+02:00,9238.225,19858.29128,21300.54945
2024-09-25T19:00+02:00,8849.8375,20081.86478,19917.82326
2024-09-25T20:00+02:00,5679.5925,20100.6693,21115.17856
2024-09-25T21:00+02:00,5274.74,17983.3413,21785.5501
2024-09-25T22:00+02:00,5129.225,15600.49072,21721.95045
2024-09-25T23:00+02:00,4548.9,14325.2876,23152.41834
2024-09-26T00:00+02:00,3267.255,12207.59947,24444.62801
2024-09-26T01:00+02:00,2493.6925,11370.85877,26583.96334
2024-09-26T02:00+02:00,1467.6825,11074.73971,27255.31939
2024-09-26T03:00+02:00,1693.5225,11758.70027,28386.90219
2024-09-26T04:00+02:00,1577.4675,11842.09443,30078.02331
2024-09-26T05:00+02:00,2159.75,11846.56964,31652.41091
2024-09-26T06:00+02:00,2963.835,12099.15869,34675.99651
2024-09-26T07:00+02:00,2328.085,12231.66207,36728.21233
2024-09-26T08:00+02:00,3096.11,12128.67538,40203.59667
2024-09-26T09:00+02:00,3523.1525,12294.69238,42233.09331
2024-09-26T10:00+02:00,3551.9525,12342.70384,43842.14363
2024-09-26T11:00+02:00,4098.9775,12038.25021,46765.84759
2024-09-26T12:00+02:00,2339.6925,11067.59944,49053.79731
2024-09-26T13:00+02:00,1056.865,11252.84337,50379.81493
2024-09-26T14:00+02:00,-241.6225,11621.25564,49717.10325
2024-09-26T15:00+02:00,1198.2225,12421.51485,46844.65861
2024-09-26T16:00+02:00,1120.3475,12671.90754,42830.42253
2024-09-26T17:00+02:00,3149.9925,12770.3585,37261.78061
2024-09-26T18:00+02:00,3749.5175,12842.15767,33759.27194
2024-09-26T19:00+02:00,4963.2275,12937.79791,36090.77061
2024-09-26T20:00+02:00,3645.97,11301.74075,38304.38004
2024-09-26T21:00+02:00,2230.7075,9238.015208,38314.85097
2024-09-26T22:00+02:00,881.5025,8468.761651,38409.43948
2024-09-26T23:00+02:00,-817.3475,7739.278065,39696.49746
2024-09-27T00:00+02:00,-2020.6225,7601.735791,40484.93567
2024-09-27T01:00+02:00,-6208.14,7174.028124,43296.30745
2024-09-27T02:00+02:00,-6456.975,7200.956151,44011.06162
2024-09-27T03:00+03:00,-4827.8125,7236.214234,43257.63937
2024-09-27T04:00+03:00,-4087.335,7433.281997,43386.47504
2024-09-27T05:00+02:00,-2967.0925,7648.79334,43898.41625
2024-09-27T06:00+02:00,-2188.095,7849.899384,47075.18311
2024-09-27T07:00+02:00,-2907.2625,8255.107009,47704.42187
2024-09-27T08:00+02:00,-4237.8775,8506.082591,52906.1697
2024-09-27T09:00+02:00,-8784.385,8211.468671,61137.96245
2024-09-27T10:00+02:00,-7003.17,7944.626689,63557.27018
2024-09-27T11:00+02:00,-8211.4775,8107.342405,64077.66363
2024-09-27T12:00+02:00,-11734.0525,8268.648099,64202.92909
2024-09-27T13:00+02:00,-11634.845,8069.644026,63668.92808
2024-09-27T14:00+02:00,-10269.135,7910.799106,61191.8294
2024-09-27T15:00+02:00,-8829.9925,7717.427257,57712.33424
2024-09-27T16:00+02:00,-6970.6775,8111.259643,54568.41605
2024-09-27T17:00+02:00,-3164.075,8458.703198,49786.51775
2024-09-27T18:00+02:00,-2819.9575,9221.084499,45905.41433
2024-09-27T19:00+02:00,-3250.7825,9330.661965,45009.33322
2024-09-27T20:00+02:00,-3845.18,9001.715838,44845.81728
2024-09-27T21:00+02:00,-4664.69,8747.276843,44127.03968
2024-09-27T22:00+02:00,-6355.2475,8726.752523,43894.99691
2024-09-27T23:00+02:00,-6695.3225,8532.185623,43744.93063
2024-09-28T00:00+02:00,-7370.2375,8059.038699,42475.73683
2024-09-28T01:00+02:00,-6608.6125,7602.196495,41236.89962
2024-09-28T02:00+02:00,-4918.4425,7309.995023,38251.47045
2024-09-28T03:00+02:00,-3104.71,7142.868811,36531.53789
2024-09-28T04:00+02:00,-791.0125,7133.548434,34585.59141
2024-09-28T05:00+02:00,-264.2475,7163.10147,33235.50376
2024-09-28T06:00+02:00,529.2275,7264.361078,32746.42088
2024-09-28T07:00+02:00,1420.0675,7654.459239,32132.22825
2024-09-28T08:00+02:00,1134.6275,7653.152734,34057.31237
2024-09-28T09:00+02:00,513.35,7573.770391,38999.10513
2024-09-28T10:00+02:00,-2760.985,7424.771442,45857.595
2024-09-28T11:00+02:00,-3920.66,7316.827995,50149.26519
2024-09-28T12:00+02:00,-6184.185,7406.398142,52623.08027
2024-09-28T13:00+02:00,-6573.7625,7263.396873,51955.11858
2024-09-28T14:00+02:00,-6332.1975,7192.751335,49182.97646
2024-09-28T15:00+02:00,-5080.86,7221.912911,46709.00481
2024-09-28T16:00+02:00,-1721.9875,7845.820442,43370.04817
2024-09-28T17:00+02:00,2814.2525,9353.747199,35209.27769
2024-09-28T18:00+02:00,4208.0675,10837.54312,28396.66627
2024-09-28T19:00+02:00,4077.0525,12000.33501,26648.83529
2024-09-28T20:00+02:00,4177.9875,11872.33673,26206.75583
2024-09-28T21:00+02:00,1885.2275,11903.76203,25652.37732
2024-09-28T22:00+02:00,2068.58,11853.56352,25358.44016
2024-09-28T23:00+02:00,2580.23,11649.71276,24316.38272
2024-09-29T00:00+02:00,4154.5825,11023.50508,23620.25756
2024-09-29T01:00+02:00,5024.675,10707.67637,22178.42022
2024-09-29T02:00+02:00,6222.145,9853.12021,22023.4007
2024-09-29T03:00+02:00,7396.495,9424.229807,21032.00451
2024-09-29T04:00+02:00,7758.0125,9411.582723,19147.35971
2024-09-29T05:00+02:00,7688.4675,10112.90421,17666.50913
2024-09-29T06:00+02:00,7386.9225,10757.11898,16190.15488
2024-09-29T07:00+02:00,7114.8825,11041.21906,15719.12204
2024-09-29T08:00+02:00,8779.715,10741.88599,20298.76555
2024-09-29T09:00+02:00,8577.9575,9014.181568,28311.72283
2024-09-29T10:00+02:00,5504.795,8330.546172,36826.33022
2024-09-29T11:00+02:00,798.4925,8186.391851,42721.77503
2024-09-29T12:00+02:00,-2084.2925,8118.420604,43382.01081
2024-09-29T13:00+02:00,-2117.25,8074.068217,41321.92138
2024-09-29T14:00+02:00,-22.385,8183.134407,38176.83537
2024-09-29T15:00+02:00,4001.445,8401.388393,32904.53481
2024-09-29T16:00+02:00,7973.1125,9741.900557,25224.68643
2024-09-29T17:00+02:00,8511.4275,12343.35139,18432.84575
2024-09-29T18:00+02:00,12377.9475,13554.24561,14570.32524
2024-09-29T19:00+02:00,12389.565,13683.75127,15941.17814
2024-09-29T20:00+02:00,8790.9825,13212.41678,19992.46934
2024-09-29T21:00+02:00,6418.225,11290.58951,23851.93154
2024-09-29T22:00+02:00,6265.915,9190.312298,26948.1756
2024-09-29T23:00+02:00,4612.825,8769.007795,29162.44516
2024-09-30T00:00+02:00,4666.4075,8472.370398,29460.1367
2024-09-30T01:00+02:00,3188.2275,8476.837811,30330.44229
2024-09-30T02:00+02:00,2647.1925,8596.626023,30843.62974
2024-09-30T03:00+02:00,2489.3325,8628.110213,30822.65164
2024-09-30T04:00+02:00,2562.9575,8908.181059,31743.47642
2024-09-30T05:00+02:00,2901.33,9344.431735,33284.2588
2024-09-30T06:00+02:00,5606.355,10292.11891,35063.30013
2024-09-30T07:00+02:00,2894.9075,12458.22868,35938.25176
2024-09-30T08:00+02:00,3545.3875,13694.20295,37309.09796
2024-09-30T09:00+02:00,4153.765,13512.29594,39787.94941
2024-09-30T10:00+02:00,5181.9875,13400.16908,43533.58444
2024-09-30T11:00+02:00,2866.555,14090.00321,48497.65007
2024-09-30T12:00+02:00,-1308.9825,14197.43567,51267.91348
2024-09-30T13:00+02:00,-3889.1525,13437.911,52689.68162
2024-09-30T14:00+02:00,-2504.9025,14251.01779,49815.51159
2024-09-30T15:00+02:00,348.085,15468.71366,45966.45106
2024-09-30T16:00+02:00,1408.7975,15893.96094,41034.67358
2024-09-30T17:00+02:00,3100.695,15872.14256,36680.5649
2024-09-30T18:00+02:00,3540.905,15154.54467,35505.06274
2024-09-30T19:00+02:00,3118.1925,15398.21428,36294.50123
2024-09-30T20:00+02:00,2033.505,14713.29464,38408.42558
2024-09-30T21:00+02:00,-187.235,14650.60951,37293.79315
2024-09-30T22:00+02:00,-1926.9975,13539.52131,36896.84379
2024-09-30T23:00+02:00,-3750.455,13067.89289,36595.26982
2024-10-01T00:00+02:00,-3018.91,13150.03233,38495.62087
2024-10-01T01:00+02:00,-2802.1025,11745.21108,38820.3884
2024-10-01T02:00+02:00,-1816.0375,11352.24431,37644.6603
2024-10-01T03:00+02:00,-864.7325,10961.59677,36350.33107
2024-10-01T04:00+02:00,317.6975,10451.96399,36170.13941
2024-10-01T05:00+02:00,4645.885,10972.27665,35139.44189
2024-10-01T06:00+02:00,5881.705,13535.05496,34414.24986
2024-10-01T07:00+02:00,6357.825,15729.25364,33355.49335
2024-10-01T08:00+02:00,6988.5925,16395.32162,34186.87347
2024-10-01T09:00+02:00,7370.67,16018.00978,37158.88133
2024-10-01T10:00+02:00,6657.67,15682.89622,40521.60496
2024-10-01T11:00+02:00,6819.9975,15339.36241,42432.53242
2024-10-01T12:00+02:00,6439.4425,14979.87788,42444.84707
2024-10-01T13:00+02:00,7843.115,14469.08087,42368.26077
2024-10-01T14:00+02:00,8185.905,14722.23466,41042.3038
2024-10-01T15:00+02:00,7516.41,15822.35435,38461.68344
2024-10-01T16:00+02:00,5934.6625,18409.39222,33665.98433
2024-10-01T17:00+02:00,6450.8575,20982.83597,28043.47399
2024-10-01T18:00+02:00,8711.73,22104.03545,24549.719
2024-10-01T19:00+02:00,7775.93,23050.6557,24135.63624
2024-10-01T20:00+02:00,5459.8825,23535.01824,23623.05812
2024-10-01T21:00+02:00,5795.3,22732.26967,22532.04797
2024-10-01T22:00+02:00,5847.285,21500.52164,20778.51915
2024-10-01T23:00+02:00,5055.7675,20680.68975,20210.92509
2024-10-02T00:00+02:00,5591.7625,19902.91328,20791.5224
2024-10-02T01:00+02:00,5375.5675,19801.2905,20803.45654
2024-10-02T02:00+02:00,6325.9525,19424.63056,20965.06128
2024-10-02T03:00+02:00,6891.99,18943.97998,21242.40706
2024-10-02T04:00+02:00,6617.7575,19870.63753,21301.78424
2024-10-02T05:00+02:00,5145.275,22252.68443,21416.91049
2024-10-02T06:00+02:00,8004.9225,24063.75336,22905.57745
2024-10-02T07:00+02:00,7305.7875,24803.02429,23637.84574
2024-10-02T08:00+02:00,7659.68,24831.87376,25301.28591
2024-10-02T09:00+02:00,6899.0975,23407.03259,28758.57682
2024-10-02T10:00+02:00,7561.0875,22810.66182,32346.98537
2024-10-02T11:00+02:00,6636.6475,21874.10094,35819.54977
2024-10-02T12:00+02:00,5298.0075,22190.75085,37339.07644
2024-10-02T13:00+02:00,4682.8975,22021.00956,37324.68984
2024-10-02T14:00+02:00,5116.635,22093.97448,36433.41553
2024-10-02T15:00+02:00,4757.395,22248.90522,33981.7337
2024-10-02T16:00+02:00,5032.94,22642.48153,30427.83275
2024-10-02T17:00+02:00,5800.89,22782.84074,25252.69262
2024-10-02T18:00+02:00,6205.91,23495.63689,21424.51664
2024-10-02T19:00+02:00,5329.95,23734.8038,21984.68665
2024-10-02T20:00+02:00,4244.8025,23030.67765,22888.25049
2024-10-02T21:00+02:00,4426.3975,21014.30088,24007.16388
2024-10-02T22:00+02:00,3242.015,19165.01729,23535.31242
2024-10-02T23:00+02:00,2986.065,17565.41121,23030.07364
2024-10-03T00:00+02:00,3133.075,15876.96488,22278.08388
2024-10-03T01:00+02:00,3835.96,15171.50231,21782.34039
2024-10-03T02:00+02:00,3875.8375,14987.88836,21587.80857
2024-10-03T03:00+02:00,4378.5525,14345.44539,21757.87122
2024-10-03T04:00+02:00,3497.965,14420.678,22554.96078
2024-10-03T05:00+02:00,1600.42,14688.37556,23691.89866
2024-10-03T06:00+02:00,-1394.4475,15434.6296,24548.44945
2024-10-03T07:00+02:00,-2142.72,16630.75048,25332.23973
2024-10-03T08:00+02:00,-2549.355,16921.29468,26934.68685
2024-10-03T09:00+02:00,-1990.1775,17183.31852,29226.35963
2024-10-03T10:00+02:00,570.8375,16139.91726,32234.70093
2024-10-03T11:00+02:00,2642.9475,14897.46228,35908.82533
2024-10-03T12:00+02:00,3409.8325,12387.80777,38118.91763
2024-10-03T13:00+02:00,1644.72,12115.70418,36998.65578
2024-10-03T14:00+02:00,1275.9975,12887.01303,35154.06633
2024-10-03T15:00+02:00,1698.5175,14406.80528,32324.52727
2024-10-03T16:00+02:00,1619.3625,17407.28371,28458.44059
2024-10-03T17:00+02:00,1852.1325,18727.55173,24035.13389
2024-10-03T18:00+02:00,2593.4475,19520.67788,21085.51238
2024-10-03T19:00+02:00,670.7775,19736.99231,21129.24532
2024-10-03T20:00+02:00,947.01,19680.814,21190.58267
2024-10-03T21:00+02:00,2125.4025,19487.30016,21057.666
2024-10-03T22:00+02:00,2203.075,19295.11011,20137.17359
2024-10-03T23:00+02:00,1611.9425,18418.28254,19183.97924
2024-10-04T00:00+02:00,1908.4575,18025.09025,18447.52775
2024-10-04T01:00+02:00,3425.6375,17525.32603,17872.54726
2024-10-04T02:00+02:00,4419.1625,17365.27062,17316.33517
2024-10-04T03:00+02:00,4783.8925,17351.15976,17178.28684
2024-10-04T04:00+02:00,5197.66,17621.59265,17099.36393
2024-10-04T05:00+02:00,4825.5775,18842.37151,16869.04552
2024-10-04T06:00+02:00,5512.1425,20607.55591,16906.4232
2024-10-04T07:00+02:00,4460.6675,21584.07232,17467.89185
2024-10-04T08:00+02:00,3616.3125,22059.39595,19439.3179
2024-10-04T09:00+02:00,3987.635,22036.31322,22798.5379
2024-10-04T10:00+02:00,4318.0425,21736.29113,26718.01812
2024-10-04T11:00+02:00,3737.47,20705.96981,30462.32818
2024-10-04T12:00+02:00,4150.2275,19954.37851,32256.9256
2024-10-04T13:00+02:00,5305.8425,19871.22381,31348.45603
2024-10-04T14:00+02:00,4123.495,20093.97862,28763.82504
2024-10-04T15:00+02:00,4570.3375,20908.08188,26034.36261
2024-10-04T16:00+02:00,6457.825,22012.24204,22255.04276
2024-10-04T17:00+02:00,7675.0025,23944.09812,17566.45877
2024-10-04T18:00+02:00,8286.56,24612.71978,14768.99668
2024-10-04T19:00+02:00,6999.0525,24998.29461,14884.05591
2024-10-04T20:00+02:00,5506.5275,24569.27814,15138.87805
2024-10-04T21:00+02:00,6512.9,23751.30918,14810.77212
2024-10-04T22:00+02:00,5767.465,22737.85851,14242.66478
2024-10-04T23:00+02:00,5397.96,22261.25505,13697.39985
2024-10-05T00:00+02:00,6487.7375,21283.4691,12890.03166
2024-10-05T01:00+02:00,6616.3375,20540.27066,12205.87207
2024-10-05T02:00+02:00,7222.9575,19516.82609,11622.61841
2024-10-05T03:00+02:00,7942.6875,19373.48804,11086.69614
2024-10-05T04:00+02:00,8974.2825,19132.98295,10663.71179
2024-10-05T05:00+02:00,9078.0225,18931.68611,10424.3433
2024-10-05T06:00+02:00,9814.4925,19697.85565,10482.41688
2024-10-05T07:00+02:00,8708.2275,20632.82413,10808.41352
2024-10-05T08:00+02:00,9074.615,20755.58837,13405.93653
2024-10-05T09:00+02:00,8141.675,20094.47082,18346.54912
2024-10-05T10:00+02:00,7971.855,17860.3423,23641.4703
2024-10-05T11:00+02:00,9827.4625,15599.93412,28021.35836
2024-10-05T12:00+02:00,9536.66,13328.95692,30434.11236
2024-10-05T13:00+02:00,9534.4,12932.15252,30049.6951
2024-10-05T14:00+02:00,9378.3125,13751.91816,27647.16263
2024-10-05T15:00+02:00,9438.7975,15544.2146,23475.802
2024-10-05T16:00+02:00,9054.9475,17812.60578,19013.31601
2024-10-05T17:00+02:00,10521.225,20297.50749,14262.37477
2024-10-05T18:00+02:00,11090.6825,21347.35631,11473.58552
2024-10-05T19:00+02:00,10263.6925,21389.47652,12112.48911
2024-10-05T20:00+02:00,7583.125,21198.69826,14066.72758
2024-10-05T21:00+02:00,8900.705,19364.93333,15548.19758
2024-10-05T22:00+02:00,7354.9775,17844.0215,16389.70324
2024-10-05T23:00+02:00,8005.18,15404.30072,17158.71414
2024-10-06T00:00+02:00,8069.77,13951.73494,17487.05777
2024-10-06T01:00+02:00,8224.3625,13275.17302,17410.38541
2024-10-06T02:00+02:00,8743.6725,13080.03277,17423.19231
2024-10-06T03:00+02:00,8322.915,12812.48455,17300.67335
2024-10-06T04:00+02:00,8588.465,13212.76388,16883.5705
2024-10-06T05:00+02:00,7612.685,13835.7362,16956.4018
2024-10-06T06:00+02:00,7279.955,14048.98424,17314.56833
2024-10-06T07:00+02:00,6142.06,15021.42266,18568.21918
2024-10-06T08:00+02:00,4963.46,15110.45491,22838.57915
2024-10-06T09:00+02:00,4214.8375,14370.7803,28488.35003
2024-10-06T10:00+02:00,5802.8825,11559.03757,32972.78696
2024-10-06T11:00+02:00,3322.1675,10725.95625,38191.44769
2024-10-06T12:00+02:00,-388.49,10511.80267,43078.19329
2024-10-06T13:00+02:00,-3119.74,10341.23572,44161.51295
2024-10-06T14:00+02:00,-2172.4025,10309.56512,42364.84529
2024-10-06T15:00+02:00,1024.61,10477.14811,38477.28709
2024-10-06T16:00+02:00,4974.7825,11196.68195,32875.5839
2024-10-06T17:00+02:00,3902.63,15356.54693,26449.81799
2024-10-06T18:00+02:00,3661.5225,17414.04662,24053.058
2024-10-06T19:00+02:00,1938.6025,17458.74368,27626.95309
2024-10-06T20:00+02:00,309.165,17259.76594,29905.52091
2024-10-06T21:00+02:00,1733.79,15195.28047,31068.34516
2024-10-06T22:00+02:00,1143.7125,14871.35731,31162.42604
2024-10-06T23:00+02:00,362.3875,14482.22632,30876.09402
2024-10-07T00:00+02:00,1916.9525,13212.42296,30535.68507
2024-10-07T01:00+02:00,2369.5425,12748.21814,29507.28716
2024-10-07T02:00+02:00,3086.0425,12473.14743,29153.07314
2024-10-07T03:00+02:00,3551.3025,12529.40429,29114.08172
2024-10-07T04:00+02:00,4404.5325,12801.21315,29314.14298
2024-10-07T05:00+02:00,5296.4,14127.07753,30016.52869
2024-10-07T06:00+02:00,5967.55,17771.71572,30614.84721
2024-10-07T07:00+02:00,3980.46,20394.37094,30084.05551
2024-10-07T08:00+02:00,4127.6575,20975.74716,31443.63327
2024-10-07T09:00+02:00,5253.155,21194.90542,33659.50532
2024-10-07T10:00+02:00,7983.5125,19934.43005,36590.68793
2024-10-07T11:00+02:00,8102.61,18866.5051,38012.45879
2024-10-07T12:00+02:00,9049.5025,18311.55129,39310.43768
2024-10-07T13:00+02:00,8611.2425,17383.46231,40020.7595
2024-10-07T14:00+02:00,9092.6125,17597.43377,38132.9816
2024-10-07T15:00+02:00,6855.505,18700.04518,32971.90045
2024-10-07T16:00+02:00,8325.5825,22370.21348,25170.50741
2024-10-07T17:00+02:00,8996.51,25788.19377,18781.09743
2024-10-07T18:00+02:00,9239.7025,27255.84452,16091.96654
2024-10-07T19:00+02:00,8826.3725,27566.78853,16457.77213
2024-10-07T20:00+02:00,6746.15,26854.47399,17340.5039
2024-10-07T21:00+02:00,7512.19,24707.34602,17892.52412
2024-10-07T22:00+02:00,7562.795,22041.93984,17258.61847
2024-10-07T23:00+02:00,7338.8575,20452.46886,17361.42556
2024-10-08T00:00+02:00,6346.3275,18848.84352,18531.74248
2024-10-08T01:00+02:00,6615.19,17117.24823,20390.027
2024-10-08T02:00+02:00,6818.0175,16430.16415,21420.06185
2024-10-08T03:00+02:00,6268.0175,15722.06606,22706.38197
2024-10-08T04:00+02:00,5807.825,16293.45529,24533.29741
2024-10-08T05:00+02:00,5127.945,17388.41184,26718.92645
2024-10-08T06:00+02:00,5938.395,19653.15839,28996.83451
2024-10-08T07:00+02:00,4083.2175,21528.25366,30319.30695
2024-10-08T08:00+02:00,5658.2375,21751.52775,31859.3658
2024-10-08T09:00+02:00,6788.64,21008.75707,35465.94607
2024-10-08T10:00+02:00,7860.64,20345.54583,38656.47939
2024-10-08T11:00+02:00,7899.87,19263.15317,40449.6152
2024-10-08T12:00+02:00,7567.225,18981.31336,40366.39254
2024-10-08T13:00+02:00,7916.765,19626.67939,37120.31298
2024-10-08T14:00+02:00,8562.1875,20383.95781,32077.70446
2024-10-08T15:00+02:00,11022.73,21370.68279,27494.35017
2024-10-08T16:00+02:00,10666.4625,22931.9798,22850.37863
2024-10-08T17:00+02:00,10653.51,24264.11227,19912.98417
2024-10-08T18:00+02:00,11266.5825,24263.30961,19110.67142
2024-10-08T19:00+02:00,9484.72,24575.16851,19743.76295
2024-10-08T20:00+02:00,8749.7825,23650.98972,20380.07682
2024-10-08T21:00+02:00,9015.895,21074.95483,20940.47676
2024-10-08T22:00+02:00,10118.8825,18099.34944,21391.76035
2024-10-08T23:00+02:00,11019.9925,15384.95081,21784.74529
2024-10-09T00:00+02:00,10921.9225,14383.05839,22004.07854
2024-10-09T01:00+02:00,10718.595,13608.93743,22141.26153
2024-10-09T02:00+02:00,10277.295,12851.56408,22551.40168
2024-10-09T03:00+02:00,10372.735,12785.64903,23065.21446
2024-10-09T04:00+02:00,10436.6125,13149.75031,23657.58543
2024-10-09T05:00+02:00,10558.0825,14645.29861,24856.4536
2024-10-09T06:00+02:00,7487.845,18020.29139,26919.64698
2024-10-09T07:00+02:00,5221.8175,18956.47032,28337.24829
2024-10-09T08:00+02:00,3793.6575,19244.37956,33067.41165
2024-10-09T09:00+02:00,2666.3825,18588.71075,38735.19758
2024-10-09T10:00+02:00,2583.86,16985.15848,45045.47091
2024-10-09T11:00+02:00,3104.505,15051.97258,48425.93655
2024-10-09T12:00+02:00,2284.2275,15148.36232,49528.79492
2024-10-09T13:00+02:00,2809.3225,15504.68197,47416.93874
2024-10-09T14:00+02:00,3101.6275,16262.54349,43593.56493
2024-10-09T15:00+02:00,3346.9925,17693.11602,38906.56884
2024-10-09T16:00+02:00,3456.9925,18875.42174,34036.32598
2024-10-09T17:00+02:00,3822.4425,20043.98307,30770.44266
2024-10-09T18:00+02:00,4529.1925,20170.81018,29492.46031
2024-10-09T19:00+02:00,4014.4475,19948.84169,30355.19509
2024-10-09T20:00+02:00,2487.0275,18830.22492,30761.68402
2024-10-09T21:00+02:00,2981.19,17229.70267,30355.51156
2024-10-09T22:00+02:00,3944.21,16133.96991,28406.25645
2024-10-09T23:00+02:00,4275.4075,15368.42828,26895.53282
2024-10-10T00:00+02:00,4846.43,12517.69939,28031.69841
2024-10-10T01:00+02:00,5610.9975,11201.82529,29842.87726
2024-10-10T02:00+02:00,5074.625,10613.97881,30809.28648
2024-10-10T03:00+02:00,4140.7225,10654.70203,32513.41867
2024-10-10T04:00+02:00,2320.56,10810.54364,35257.90206
2024-10-10T05:00+02:00,2851.4225,10732.42965,39203.09081
2024-10-10T06:00+02:00,2631.425,11781.51145,42407.10013
2024-10-10T07:00+02:00,-831.3525,14564.39729,43420.08681
2024-10-10T08:00+02:00,-1115.7625,14896.77998,45454.05448
2024-10-10T09:00+02:00,332.865,14752.09309,48400.82849
2024-10-10T10:00+02:00,825.2575,15134.94337,49872.79637
2024-10-10T11:00+02:00,-936.4125,15553.05392,52929.04748
2024-10-10T12:00+02:00,-2421.7525,15053.4638,56333.10474
2024-10-10T13:00+02:00,-3345.4475,14756.29449,57049.99133
2024-10-10T14:00+02:00,-2191.345,15488.42813,54253.53725
2024-10-10T15:00+02:00,547.31,16414.4651,48937.82928
2024-10-10T16:00+02:00,1914.4625,17722.04304,43534.20667
2024-10-10T17:00+02:00,4103.5325,18842.06892,37958.16938
2024-10-10T18:00+02:00,3779.82,19604.70686,34498.91014
2024-10-10T19:00+02:00,3521.13,20168.73784,32751.34062
2024-10-10T20:00+02:00,3054.585,19688.08444,31456.85452
2024-10-10T21:00+02:00,4096.9425,18625.02547,29979.1874
2024-10-10T22:00+02:00,3963.815,17330.46233,28045.5457
2024-10-10T23:00+02:00,3932.1575,16199.51876,27005.07895
2024-10-11T00:00+02:00,4731.9575,16672.10591,25629.97723
2024-10-11T01:00+02:00,6521.3975,15833.14711,25714.49984
2024-10-11T02:00+02:00,7749.775,15032.62169,25501.0876
2024-10-11T03:00+02:00,8476.7975,14879.84695,25934.9808
2024-10-11T04:00+02:00,7928.13,15571.81546,25506.23401
2024-10-11T05:00+02:00,5767.175,17719.14185,26151.83774
2024-10-11T06:00+02:00,6430.37,20639.18272,26070.59345
2024-10-11T07:00+02:00,6728.905,22265.0193,25782.27808
2024-10-11T08:00+02:00,8198.65,22453.83107,26583.35992
2024-10-11T09:00+02:00,6967.0175,21847.50969,29427.28541
2024-10-11T10:00+02:00,8565.0775,19938.02212,34522.60834
2024-10-11T11:00+02:00,7974.1125,17252.75579,40641.91493
2024-10-11T12:00+02:00,6807.99,15719.18799,45135.38238
2024-10-11T13:00+02:00,5211.39,14745.24305,45853.52483
2024-10-11T14:00+02:00,3543.7775,14823.31057,45442.24128
2024-10-11T15:00+02:00,4966.9325,15994.35702,40576.80798
2024-10-11T16:00+02:00,5359.27,18728.64872,32396.73152
2024-10-11T17:00+02:00,6391.7775,22414.29479,24687.86906
2024-10-11T18:00+02:00,9009.0925,23996.34723,20414.67232
2024-10-11T19:00+02:00,8772.885,23585.78631,20348.35807
2024-10-11T20:00+02:00,7010.845,22614.27336,20424.74441
2024-10-11T21:00+02:00,6492.255,20705.69267,20412.95699
2024-10-11T22:00+02:00,7232.4975,18534.13687,19290.08348
2024-10-11T23:00+02:00,7160.045,17188.11874,19047.87874
2024-10-12T00:00+02:00,6965.0875,15609.47044,19405.96094
2024-10-12T01:00+02:00,6724.7825,13851.50461,19136.67245
2024-10-12T02:00+02:00,7095.305,13365.35389,18785.97188
2024-10-12T03:00+02:00,8010.6175,13011.48469,18701.18834
2024-10-12T04:00+02:00,7291.0675,12934.3282,19262.15082
2024-10-12T05:00+02:00,6783.25,12907.20118,21346.66875
2024-10-12T06:00+02:00,5121.46,13138.93964,23909.80302
2024-10-12T07:00+02:00,5305.11,13029.49734,25965.36981
2024-10-12T08:00+02:00,4742.3075,11984.93701,31422.68177
2024-10-12T09:00+02:00,3743.2675,9528.917084,39006.01885
2024-10-12T10:00+02:00,3889.42,8887.534463,43431.88244
2024-10-12T11:00+02:00,4022.5875,8871.522039,46390.37019
2024-10-12T12:00+02:00,849.475,9014.741046,48461.3803
2024-10-12T13:00+02:00,-1168.575,8975.980924,47900.81229
2024-10-12T14:00+02:00,1586.4675,8835.183258,43817.96262
2024-10-12T15:00+02:00,4240.67,8960.970837,38881.33335
2024-10-12T16:00+02:00,4119.9675,9554.130311,34579.6667
2024-10-12T17:00+02:00,4346.8325,10785.0796,31900.22564
2024-10-12T18:00+02:00,4254.7425,11698.11313,32542.31452
2024-10-12T19:00+02:00,2283.695,11650.98463,35242.74763
2024-10-12T20:00+02:00,1693.8375,10957.34068,37183.07719
2024-10-12T21:00+02:00,411.25,10486.19219,38523.6149
2024-10-12T22:00+02:00,-1085.64,10446.6961,38659.49875
2024-10-12T23:00+02:00,-4743.9175,9443.844096,38639.38769
2024-10-13T00:00+02:00,-6032.5125,8867.393125,38205.43042
2024-10-13T01:00+02:00,-7617.4875,8521.468468,38058.29498
2024-10-13T02:00+02:00,-7000.2575,8349.12061,38467.21635
2024-10-13T03:00+02:00,-6461.8875,8672.151142,38615.05001
2024-10-13T04:00+02:00,-6922.41,8797.583513,40002.01689
2024-10-13T05:00+02:00,-9326.0075,8991.93409,43471.50201
2024-10-13T06:00+02:00,-12251.6025,8990.548606,46001.56629
2024-10-13T07:00+02:00,-14646.9725,9248.792192,49676.66227
2024-10-13T08:00+02:00,-13979.475,9545.411023,50582.46655
2024-10-13T09:00+02:00,-14444.6575,9645.825794,54700.74423
2024-10-13T10:00+02:00,-15089.3725,9748.03046,59984.66239
2024-10-13T11:00+02:00,-15955.5075,9843.680559,62442.52864
2024-10-13T12:00+02:00,-17119.17,9774.167738,63801.25312
2024-10-13T13:00+02:00,-17602.68,9510.925804,62779.44204
2024-10-13T14:00+02:00,-16773.4275,9439.511964,59924.98624
2024-10-13T15:00+02:00,-15382.12,10035.72536,57364.20094
2024-10-13T16:00+02:00,-11771.5225,10612.992,53619.2112
2024-10-13T17:00+02:00,-10438.62,11343.85114,48804.88228
2024-10-13T18:00+02:00,-6508.01,13220.83642,43555.40366
2024-10-13T19:00+02:00,-6275.1125,14324.64153,40904.66057
2024-10-13T20:00+02:00,-5064.955,14194.57372,39469.76694
2024-10-13T21:00+02:00,-3841.33,14531.024,38066.3038
2024-10-13T22:00+02:00,-1841.6925,13970.32521,36049.05827
2024-10-13T23:00+02:00,-1479.8725,12757.32355,34939.87371
2024-10-14T00:00+02:00,-373.5625,11576.62051,33815.17006
2024-10-14T01:00+02:00,1381.1275,10796.51633,31292.11968
2024-10-14T02:00+02:00,3460.12,10759.32906,28444.65405
2024-10-14T03:00+02:00,5435.9725,11287.35044,25921.53146
2024-10-14T04:00+02:00,6750.7625,12483.55065,24624.2867
2024-10-14T05:00+02:00,7582.8625,15193.5563,24307.89764
2024-10-14T06:00+02:00,8283.4475,21743.8472,23543.2525
2024-10-14T07:00+02:00,8315.515,25381.76426,22049.86613
2024-10-14T08:00+02:00,8503.6075,26886.27114,23082.6555
2024-10-14T09:00+02:00,8109.3075,27620.77227,25437.64447
2024-10-14T10:00+02:00,8099.17,26938.91381,27297.82416
2024-10-14T11:00+02:00,9433.7075,26820.65734,27750.02196
2024-10-14T12:00+02:00,8665.925,27328.38929,27297.65004
2024-10-14T13:00+02:00,10108.3175,27681.67964,25662.14835
2024-10-14T14:00+02:00,11413.35,27604.41687,23522.60665
2024-10-14T15:00+02:00,10157.9475,28607.6393,20213.16336
2024-10-14T16:00+02:00,9683.905,29351.86142,16572.26451
2024-10-14T17:00+02:00,9953.7625,31079.95896,13241.43126
2024-10-14T18:00+02:00,10856.885,32341.4903,11513.14924
2024-10-14T19:00+02:00,10654.96,32337.72121,11801.32433
2024-10-14T20:00+02:00,8384.8875,31923.77174,11790.64256
2024-10-14T21:00+02:00,9660.2675,30476.50236,11663.62965
2024-10-14T22:00+02:00,9724.175,28076.27904,11070.04205
2024-10-14T23:00+02:00,10332.75,24901.6453,10968.71073
2024-10-15T00:00+02:00,9016.825,23320.64926,10898.64827
2024-10-15T01:00+02:00,9063.35,22939.17883,10840.93952
2024-10-15T02:00+02:00,9443.9725,22568.15336,11102.99378
2024-10-15T03:00+02:00,10141.035,21896.26697,11152.13619
2024-10-15T04:00+02:00,10441.3475,22416.82056,11418.94241
2024-10-15T05:00+02:00,10248.6225,24541.11227,11440.84109
2024-10-15T06:00+02:00,11261.36,27930.08431,12084.64793
2024-10-15T07:00+02:00,12371.5025,29479.9912,12559.93074
2024-10-15T08:00+02:00,11996.045,29567.88755,15563.6362
2024-10-15T09:00+02:00,10557.15,27679.11874,22208.39859
2024-10-15T10:00+02:00,8087.155,24726.93874,28044.81756
2024-10-15T11:00+02:00,6312.065,22779.64139,32687.75645
2024-10-15T12:00+02:00,7955.2725,21138.46683,35304.95806
2024-10-15T13:00+02:00,8667.11,19514.91426,35736.74391
2024-10-15T14:00+02:00,7607.785,19257.01131,34093.10559
2024-10-15T15:00+02:00,5394.46,21365.06469,31095.7136
2024-10-15T16:00+02:00,6734.7475,22753.48578,26677.25863
2024-10-15T17:00+02:00,6725.46,23951.39064,23204.47468
2024-10-15T18:00+02:00,5641.475,24683.50512,24984.66206
2024-10-15T19:00+02:00,4755.115,23925.56666,30065.94475
2024-10-15T20:00+02:00,2128.6675,21336.65946,32974.04426
2024-10-15T21:00+02:00,1660.6375,18375.56216,35308.06263
2024-10-15T22:00+02:00,1910.4875,15578.89041,35310.53962
2024-10-15T23:00+02:00,-1259.2025,13290.44791,36747.99153
2024-10-16T00:00+02:00,-1887.375,12516.16011,37386.61498
2024-10-16T01:00+02:00,-2248.555,12104.00772,38012.26266
2024-10-16T02:00+02:00,-3444.765,11987.29355,37841.25506
2024-10-16T03:00+02:00,-3853.08,11534.35615,38501.35799
2024-10-16T04:00+02:00,-2234.2025,11432.07913,38673.42641
2024-10-16T05:00+02:00,872.245,11910.69731,38353.15295
2024-10-16T06:00+02:00,4274.2725,13789.15286,40662.87585
2024-10-16T07:00+02:00,4636.6575,15910.77894,40896.14369
2024-10-16T08:00+02:00,2637.0525,16760.39415,42504.68389
2024-10-16T09:00+02:00,1712.0925,16354.83654,46803.51154
2024-10-16T10:00+02:00,376.865,15508.60283,52594.68707
2024-10-16T11:00+02:00,-4039.1625,14600.11436,54707.13668
2024-10-16T12:00+02:00,-6206.05,14285.60299,57055.41054
2024-10-16T13:00+02:00,-5068.7025,13916.95636,56065.02522
2024-10-16T14:00+02:00,-2207.6125,13891.08628,53107.9503
2024-10-16T15:00+02:00,168.955,14662.34343,47985.47076
2024-10-16T16:00+02:00,3004.57,17216.20627,41136.24189
2024-10-16T17:00+02:00,4455.945,18813.43695,37369.86675
2024-10-16T18:00+02:00,3298.09,19659.95288,39183.65213
2024-10-16T19:00+02:00,1162.9475,18729.58463,41437.57872
2024-10-16T20:00+02:00,9.8525,18446.6993,41037.53031
2024-10-16T21:00+02:00,794.8625,17566.08385,40052.88372
2024-10-16T22:00+02:00,1133.565,15879.34581,38018.92261
2024-10-16T23:00+02:00,-151.7875,14814.55296,37570.92805
2024-10-17T00:00+02:00,-1487.745,14311.06373,36281.56384
2024-10-17T01:00+02:00,-987.81,13583.97474,35954.70023
2024-10-17T02:00+02:00,-760.475,12841.44921,35610.5791
2024-10-17T03:00+02:00,-303.265,12004.36085,35909.36527
2024-10-17T04:00+02:00,832.715,12407.00978,35542.81138
2024-10-17T05:00+02:00,4381.3375,13020.71879,35651.29894
2024-10-17T06:00+02:00,4582.5,15921.57422,37027.50652
2024-10-17T07:00+02:00,5753.63,17371.18464,36411.41922
2024-10-17T08:00+02:00,7242.8,17957.14493,36921.09874
2024-10-17T09:00+02:00,6795.885,17493.45848,40418.94224
2024-10-17T10:00+02:00,6325.53,16865.64609,43195.43199
2024-10-17T11:00+02:00,5399.41,17070.41044,45595.29346
2024-10-17T12:00+02:00,5102.19,16845.07604,45980.83165
2024-10-17T13:00+02:00,7037.5025,16478.82223,42968.80584
2024-10-17T14:00+02:00,7768.67,17409.82088,38000.9334
2024-10-17T15:00+02:00,9123.0125,18782.89047,32524.90427
2024-10-17T16:00+02:00,7813.7525,23229.31421,25720.90631
2024-10-17T17:00+02:00,8373.0175,26645.78002,20191.34214
2024-10-17T18:00+02:00,7784.51,27651.44525,19844.80584
2024-10-17T19:00+02:00,7430.0375,27911.54565,20638.18215
2024-10-17T20:00+02:00,6644.905,27142.01295,20048.89084
2024-10-17T21:00+02:00,7456.2525,24384.04517,19282.83761
2024-10-17T22:00+02:00,9007.1475,21785.9946,17798.12008
2024-10-17T23:00+02:00,8650.7875,20370.53834,16365.00054
2024-10-18T00:00+02:00,8157.4625,19952.21553,14811.80256
2024-10-18T01:00+02:00,8878.2475,19885.91699,13679.98995
2024-10-18T02:00+02:00,8354.1675,20212.95976,12908.02788
2024-10-18T03:00+02:00,9499.435,20160.58153,12507.93124
2024-10-18T04:00+02:00,9152.205,21017.66635,12627.31612
2024-10-18T05:00+02:00,9142.38,23461.11754,13064.846
2024-10-18T06:00+02:00,9166.7375,26921.02618,13844.01908
2024-10-18T07:00+02:00,9715.2325,28590.36259,14140.97246
2024-10-18T08:00+02:00,10547.56,28888.05507,16704.49056
2024-10-18T09:00+02:00,10126.3025,28066.11515,20717.58001
2024-10-18T10:00+02:00,8727.4975,26094.55555,24848.51878
2024-10-18T11:00+02:00,9493.92,23401.86406,27943.32964
2024-10-18T12:00+02:00,9509.6125,22905.32525,29159.0253
2024-10-18T13:00+02:00,10793.64,22246.59584,28123.69081
2024-10-18T14:00+02:00,10498.1725,22402.42366,25239.51069
2024-10-18T15:00+02:00,10883.635,23458.72353,21290.54063
2024-10-18T16:00+02:00,10045.1725,26338.67202,16481.9294
2024-10-18T17:00+02:00,9770.5825,28901.70182,13486.65557
2024-10-18T18:00+02:00,9174.2425,29252.78234,13691.97792
2024-10-18T19:00+02:00,8883.02,29167.45492,15109.33314
2024-10-18T20:00+02:00,7067.5975,28103.27091,16220.92262
2024-10-18T21:00+02:00,8555.7775,24891.40992,16673.33286
2024-10-18T22:00+02:00,8695.705,21694.83034,16459.32726
2024-10-18T23:00+02:00,9156.565,18902.95622,15767.46995
2024-10-19T00:00+02:00,8092.2675,17959.55377,15182.07508
2024-10-19T01:00+02:00,7781.6475,17092.18394,15010.19193
2024-10-19T02:00+02:00,7330.765,16454.48008,14992.27189
2024-10-19T03:00+02:00,7197.15,16232.35958,15359.31861
2024-10-19T04:00+02:00,7559.105,16044.81117,15694.77328
2024-10-19T05:00+02:00,7095.3,16178.42409,16577.92071
2024-10-19T06:00+02:00,7289.135,16391.32864,17505.22335
2024-10-19T07:00+02:00,7695.075,16548.9087,18250.57298
2024-10-19T08:00+02:00,8886.5975,16503.67103,20246.40863
2024-10-19T09:00+02:00,8703.04,16244.51332,23656.02331
2024-10-19T10:00+02:00,8646.38,16183.71808,26520.72736
2024-10-19T11:00+02:00,9433.3975,15990.99978,28959.12223
2024-10-19T12:00+02:00,9581.84,15498.8297,30212.39743
2024-10-19T13:00+02:00,8950.34,15307.09799,30329.6891
2024-10-19T14:00+02:00,9025.96,15208.14405,28228.77001
2024-10-19T15:00+02:00,8154.135,15959.83899,24511.47216
2024-10-19T16:00+02:00,8942.57,17561.57962,20996.86965
2024-10-19T17:00+02:00,9949.085,18023.1105,18606.19762
2024-10-19T18:00+02:00,8751.7675,18346.09462,18908.8174
2024-10-19T19:00+02:00,8746.875,18399.4395,20581.7744
2024-10-19T20:00+02:00,6705.205,17982.59714,21701.42526
2024-10-19T21:00+02:00,5341.075,16909.39942,22270.08862
2024-10-19T22:00+02:00,5712.0225,15230.69512,22694.61134
2024-10-19T23:00+02:00,5550.7625,13420.6161,22941.75065
2024-10-20T00:00+02:00,6128.3275,11908.36545,21520.79779
2024-10-20T01:00+02:00,6526.4325,10412.41318,21847.68861
2024-10-20T02:00+02:00,6617.1725,9421.49545,21517.53155
2024-10-20T03:00+02:00,7556.0175,9191.994572,20695.0344
2024-10-20T04:00+02:00,8940.24,9099.709564,19894.50829
2024-10-20T05:00+02:00,9674.6475,9087.456763,19565.65619
2024-10-20T06:00+02:00,10154.2525,9228.322637,19344.06572
2024-10-20T07:00+02:00,10132.6,9332.045868,19444.00494
2024-10-20T08:00+02:00,10762.305,8916.533916,21112.33245
2024-10-20T09:00+02:00,11739.0175,8698.311424,26154.2074
2024-10-20T10:00+02:00,9784.0475,8501.996074,31596.3421
2024-10-20T11:00+02:00,7606.2225,8486.996709,36334.34143
2024-10-20T12:00+02:00,3679.335,8476.457572,40000.93014
2024-10-20T13:00+02:00,2073.4475,8606.789153,40987.3316
2024-10-20T14:00+02:00,2189.0475,8943.496051,38896.14988
2024-10-20T15:00+02:00,3206.9875,9190.315222,36513.37435
2024-10-20T16:00+02:00,5493.48,10361.21229,32135.36153
2024-10-20T17:00+02:00,6438.795,12069.96827,30341.47316
2024-10-20T18:00+02:00,5734.1,12720.9116,32963.19859
2024-10-20T19:00+02:00,2780.845,13385.52742,35448.19868
2024-10-20T20:00+02:00,1733.8425,13519.73034,37357.74132
2024-10-20T21:00+02:00,-13.915,12517.34266,37933.33506
2024-10-20T22:00+02:00,277.1325,12465.75143,37056.97272
2024-10-20T23:00+02:00,-2195.02,12120.96828,36285.83894
2024-10-21T00:00+02:00,-3008.4675,12320.03965,36463.25208
2024-10-21T01:00+02:00,-1412.99,11998.47945,35417.59674
2024-10-21T02:00+02:00,-1567.33,11968.88266,34770.77253
2024-10-21T03:00+02:00,-1020.2425,12019.18161,33850.1909
2024-10-21T04:00+02:00,26.8125,13245.7439,31922.23821
2024-10-21T05:00+02:00,3205.43,14540.68107,32898.36424
2024-10-21T06:00+02:00,4170.615,18170.03091,33338.85375
2024-10-21T07:00+02:00,3786.975,21620.94866,31968.54997
2024-10-21T08:00+02:00,3452.7875,22663.65167,31977.42071
2024-10-21T09:00+02:00,3444.0725,22031.99497,34777.07687
2024-10-21T10:00+02:00,4439.105,21254.04346,37315.4714
2024-10-21T11:00+02:00,4650.1275,20624.22145,39647.67847
2024-10-21T12:00+02:00,4726.645,19707.28496,40870.24691
2024-10-21T13:00+02:00,5833.3175,19419.35742,39087.57951
2024-10-21T14:00+02:00,5877.0425,21291.45645,35546.01371
2024-10-21T15:00+02:00,6826.1925,23226.59026,30838.8449
2024-10-21T16:00+02:00,7097.45,25843.01067,24817.9748
2024-10-21T17:00+02:00,7574.325,28135.44189,19213.78544
2024-10-21T18:00+02:00,9509.495,28729.49023,16626.78066
2024-10-21T19:00+02:00,8848.8075,28948.37657,16137.90723
2024-10-21T20:00+02:00,8176.56,28838.0563,15888.0554
2024-10-21T21:00+02:00,9168.995,26344.82868,16170.10372
2024-10-21T22:00+02:00,9315.01,23781.94825,15968.24666
2024-10-21T23:00+02:00,7051.33,22522.49754,16249.27719
2024-10-22T00:00+02:00,4900.8125,21892.37744,16374.97518
2024-10-22T01:00+02:00,4774.145,21161.62972,17593.05467
2024-10-22T02:00+02:00,3580.68,20241.91862,19091.19693
2024-10-22T03:00+02:00,3177.86,19554.88008,20553.13438
2024-10-22T04:00+02:00,2744.4175,19606.14915,21741.5233
2024-10-22T05:00+02:00,2760.83,20983.90663,22880.48454
2024-10-22T06:00+02:00,4702.8425,24726.23826,24061.60738
2024-10-22T07:00+02:00,6612.325,26876.24293,24213.01548
2024-10-22T08:00+02:00,4224.885,27499.87791,26005.55906
2024-10-22T09:00+02:00,4454.28,26483.76963,30574.7913
2024-10-22T10:00+02:00,5835.53,23676.53718,34606.34587
2024-10-22T11:00+02:00,6702.14,21042.07343,39450.35699
2024-10-22T12:00+02:00,7558.8775,18246.74385,41781.26817
2024-10-22T13:00+02:00,8145.865,17567.93017,42014.01536
2024-10-22T14:00+02:00,5297.555,17859.79367,41033.18789
2024-10-22T15:00+02:00,3019.9075,20137.68969,37343.54079
2024-10-22T16:00+02:00,4978.8375,24228.8015,29259.49081
2024-10-22T17:00+02:00,8365.595,27132.74786,22006.58176
2024-10-22T18:00+02:00,7987.8775,29122.91366,20844.75119
2024-10-22T19:00+02:00,5609.985,29402.5138,23205.65024
2024-10-22T20:00+02:00,6102.785,27309.69231,24354.15716
2024-10-22T21:00+02:00,4489.87,25330.16824,23732.47335
2024-10-22T22:00+02:00,3567.1775,24536.51205,23311.62803
2024-10-22T23:00+02:00,3488.4575,23018.46459,22062.09673
2024-10-23T00:00+02:00,3801.605,21995.89175,20953.59628
2024-10-23T01:00+02:00,4650.34,21416.20541,19514.40116
2024-10-23T02:00+02:00,5110.7925,21231.74586,18158.09801
2024-10-23T03:00+02:00,5324.9825,21324.05065,16616.4498
2024-10-23T04:00+02:00,6235.035,22007.5825,15507.6514
2024-10-23T05:00+02:00,7495.295,24785.36804,14232.62958
2024-10-23T06:00+02:00,10367.455,29173.179,13716.77412
2024-10-23T07:00+02:00,11883.525,31188.22163,13548.82986
2024-10-23T08:00+02:00,13491.955,31416.89658,14153.22141
2024-10-23T09:00+02:00,11379.285,30132.56994,18174.0898
2024-10-23T10:00+02:00,11058.0875,27262.18373,23673.01309
2024-10-23T11:00+02:00,8473.9425,25793.41192,29090.30446
2024-10-23T12:00+02:00,7930.32,24371.5937,32231.25412
2024-10-23T13:00+02:00,7461.265,23952.82431,32398.58971
2024-10-23T14:00+02:00,5298.56,24660.87034,30323.78116
2024-10-23T15:00+02:00,5473.4875,26441.59354,26034.47274
2024-10-23T16:00+02:00,7040.3475,29127.26405,19756.51713
2024-10-23T17:00+02:00,8544.01,32882.8808,13994.58015
2024-10-23T18:00+02:00,10056.5675,33270.83823,13057.24412
2024-10-23T19:00+02:00,9632.59,32943.38388,14340.13207
2024-10-23T20:00+02:00,9070.6925,31643.50916,15352.81761
2024-10-23T21:00+02:00,8014.7075,29894.97219,15800.37449
2024-10-23T22:00+02:00,7979.2225,26028.37729,15668.16073
2024-10-23T23:00+02:00,6181.1125,24054.1364,15261.59496
2024-10-24T00:00+02:00,5401.175,23049.01913,14876.85139
2024-10-24T01:00+02:00,6772.965,21979.71462,14869.12308
2024-10-24T02:00+02:00,5754.7625,21696.29413,14952.40391
2024-10-24T03:00+02:00,6289.0925,21572.14798,15444.47309
2024-10-24T04:00+02:00,7111.065,22054.17119,15863.11456
2024-10-24T05:00+02:00,6831.3175,23598.17915,16242.05083
2024-10-24T06:00+02:00,8735.855,26909.39464,17179.16862
2024-10-24T07:00+02:00,9670.2175,28453.46302,18487.56988
2024-10-24T08:00+02:00,9731.23,28404.36156,20538.38463
2024-10-24T09:00+02:00,9112.51,27496.70127,24734.83449
2024-10-24T10:00+02:00,7825.1525,25762.54269,28417.17956
2024-10-24T11:00+02:00,7308.595,24506.48896,31943.64789
2024-10-24T12:00+02:00,4614.0325,23965.09994,34145.5924
2024-10-24T13:00+02:00,4861.52,23730.23373,33530.64393
2024-10-24T14:00+02:00,4698.4725,24266.46815,31502.52024
2024-10-24T15:00+02:00,5340.6975,24823.99456,28612.34931
2024-10-24T16:00+02:00,5502.4175,26461.86206,24052.71652
2024-10-24T17:00+02:00,6266.6,27415.15493,20287.82655
2024-10-24T18:00+02:00,4609.595,27814.85486,23387.27092
2024-10-24T19:00+02:00,4129.755,27493.94759,26096.94354
2024-10-24T20:00+02:00,2888.35,26636.11713,27914.65412
2024-10-24T21:00+02:00,1031.0375,25071.09869,27415.0503
2024-10-24T22:00+02:00,67.2475,24066.0346,25394.8488
2024-10-24T23:00+02:00,-429.45,22536.17175,23793.61306
2024-10-25T00:00+02:00,1756.83,22318.93017,21871.29456
2024-10-25T01:00+02:00,2250.755,21980.7608,20466.13612
2024-10-25T02:00+02:00,2661.2825,21729.26389,19385.43736
2024-10-25T03:00+02:00,2644.3525,22025.53764,19063.02304
2024-10-25T04:00+02:00,3202.73,22787.9554,18588.80757
2024-10-25T05:00+02:00,2950.2225,25294.44688,18523.34797
2024-10-25T06:00+02:00,5639.09,27170.52558,19302.7805
2024-10-25T07:00+02:00,7597.375,28316.96578,19722.44807
2024-10-25T08:00+02:00,7382.7775,28569.44294,20487.62041
2024-10-25T09:00+02:00,8251.245,27612.65635,23674.42372
2024-10-25T10:00+02:00,7026.105,26305.20481,27563.56886
2024-10-25T11:00+02:00,5917.7,24851.87282,31079.06305
2024-10-25T12:00+02:00,4844.88,23372.10047,33901.18417
2024-10-25T13:00+02:00,4251.155,22339.00689,34449.74233
2024-10-25T14:00+02:00,3682.675,22785.24304,32161.47208
2024-10-25T15:00+02:00,3907.3925,24648.05685,26832.26061
2024-10-25T16:00+02:00,5829.0275,28453.49963,19301.81744
2024-10-25T17:00+02:00,8124.905,31436.32548,13035.41874
2024-10-25T18:00+02:00,9450.1175,32400.08601,12241.12622
2024-10-25T19:00+02:00,7662.635,32335.21299,12915.1351
2024-10-25T20:00+02:00,7396.1625,31133.16906,13106.79261
2024-10-25T21:00+02:00,6994.7175,29984.93767,12925.19156
2024-10-25T22:00+02:00,5989.6425,28433.42687,12518.24299
2024-10-25T23:00+02:00,6758.4425,25284.61619,11901.73682
2024-10-26T00:00+02:00,6127.4025,24095.22709,11154.68782
2024-10-26T01:00+02:00,5567.5675,23273.57316,10457.77001
2024-10-26T02:00+02:00,5381.07,23096.24625,9867.326648
2024-10-26T03:00+02:00,5615.5125,23079.84978,9452.680646
2024-10-26T04:00+02:00,5280.52,23191.35208,9432.716778
2024-10-26T05:00+02:00,6169.81,23256.29798,9683.982466
2024-10-26T06:00+02:00,6755.9225,23453.31743,10576.05928
2024-10-26T07:00+02:00,6864.2225,23936.86765,11344.40395
2024-10-26T08:00+02:00,6819.3025,24219.27758,13375.47512
2024-10-26T09:00+02:00,5719.29,23982.97799,18354.44879
2024-10-26T10:00+02:00,4841.2525,22290.18863,23441.04417
2024-10-26T11:00+02:00,2291.1,20745.53758,27884.21098
2024-10-26T12:00+02:00,3194.8625,18720.8955,31231.43694
2024-10-26T13:00+02:00,2635.59,17808.43778,32869.89007
2024-10-26T14:00+02:00,2252.525,17668.27529,31600.32158
2024-10-26T15:00+02:00,1088.6875,19679.12263,26819.63643
2024-10-26T16:00+02:00,2796.5175,22655.40698,20164.60661
2024-10-26T17:00+02:00,5598.7125,24570.37937,15260.17066
2024-10-26T18:00+02:00,5092.3,24926.47466,16375.94782
2024-10-26T19:00+02:00,2452.435,24923.49686,19699.69658
2024-10-26T20:00+02:00,426.4525,23632.01292,22224.59805
2024-10-26T21:00+02:00,-719.3575,21905.02929,23922.59577
2024-10-26T22:00+02:00,-1346.34,20583.9992,24516.48099
2024-10-26T23:00+02:00,-1554.285,18245.12462,24815.47869
2024-10-27T00:00+02:00,-422.895,15976.37111,24525.50722
2024-10-27T01:00+02:00,-701.4625,15116.27268,23759.52355
2024-10-27T02:00+02:00,1186.6325,13679.62848,22529.59213
2024-10-27T02:00+01:00,3158.6225,13426.8358,20639.10931
2024-10-27T03:00+01:00,4101.9725,13563.26359,19720.8901
2024-10-27T04:00+01:00,5007.16,13608.28734,19087.33196
2024-10-27T05:00+01:00,3470.51,14803.8257,18931.09454
2024-10-27T06:00+01:00,2371.785,15417.56085,19843.93398
2024-10-27T07:00+01:00,2732.6125,15413.51136,21126.63345
2024-10-27T08:00+01:00,4752.71,15146.50877,24254.54455
2024-10-27T09:00+01:00,5676.5575,14263.96474,26230.77483
2024-10-27T10:00+01:00,7499.585,12962.67329,28585.78718
2024-10-27T11:00+01:00,7599.3375,12373.97585,31800.44536
2024-10-27T12:00+01:00,6357.685,11734.40918,33790.43969
2024-10-27T13:00+01:00,4712.85,12585.67445,32521.37731
2024-10-27T14:00+01:00,6204.5825,13875.14636,28394.47827
2024-10-27T15:00+01:00,5485.6525,17852.63949,21920.74434
2024-10-27T16:00+01:00,6847.61,21829.44578,15749.22364
2024-10-27T17:00+01:00,8291.0175,23574.71999,14024.02688
2024-10-27T18:00+01:00,7886.345,23888.93313,13861.98386
2024-10-27T19:00+01:00,9079.4025,23916.87819,12913.42159
2024-10-27T20:00+01:00,9470.5625,23429.94394,12165.41925
2024-10-27T21:00+01:00,10022.36,22361.62862,12256.50499
2024-10-27T22:00+01:00,10535.355,20936.50295,12937.39681
2024-10-27T23:00+01:00,10044.6925,19571.42585,13544.81776
2024-10-28T00:00+01:00,8638.19,19018.02405,14700.61732
2024-10-28T01:00+01:00,7818.9025,18281.99755,15992.79443
2024-10-28T02:00+01:00,7192.5275,17645.50292,17513.22156
2024-10-28T03:00+01:00,7213.9775,17403.13832,18488.5052
2024-10-28T04:00+01:00,7496.8625,18158.7879,19618.70321
2024-10-28T05:00+01:00,6638.945,21010.19647,21462.34805
2024-10-28T06:00+01:00,7131.9,25067.91936,22857.53835
2024-10-28T07:00+01:00,7032.93,26591.59743,24916.72743
2024-10-28T08:00+01:00,5786.2675,26488.81023,28855.77707
2024-10-28T09:00+01:00,4649.3575,24669.9412,32930.63315
2024-10-28T10:00+01:00,4038.605,22211.42584,36708.25616
2024-10-28T11:00+01:00,4788.985,20352.60099,40257.96307
2024-10-28T12:00+01:00,3217.0175,19997.05285,41841.19746
2024-10-28T13:00+01:00,1796.035,20862.52361,40736.33179
2024-10-28T14:00+01:00,1587.0575,22478.47515,37038.70284
2024-10-28T15:00+01:00,3240.4325,25721.38422,31300.15002
2024-10-28T16:00+01:00,5066.3525,27625.87185,26670.47683
2024-10-28T17:00+01:00,4740.83,29610.10851,25209.11457
2024-10-28T18:00+01:00,3501.2125,29773.50017,25044.39169
2024-10-28T19:00+01:00,3872.2075,29733.62961,24599.91342
2024-10-28T20:00+01:00,3262.7175,29343.95064,23876.24452
2024-10-28T21:00+01:00,2385.565,28404.05062,22711.2319
2024-10-28T22:00+01:00,2929.6775,26682.44123,20819.66099
2024-10-28T23:00+01:00,3840.655,25133.11911,19045.25666
2024-10-29T00:00+01:00,3008.285,22898.83477,17853.48198
2024-10-29T01:00+01:00,4406.2775,21836.48633,16341.43808
2024-10-29T02:00+01:00,4811.145,21772.57154,15476.41969
2024-10-29T03:00+01:00,5410.2225,21763.25581,14719.71046
2024-10-29T04:00+01:00,6840.84,22353.48117,14159.02946
2024-10-29T05:00+01:00,7274.8425,25566.08405,13813.54221
2024-10-29T06:00+01:00,9155.4325,29382.86768,14321.50589
2024-10-29T07:00+01:00,8847.9375,31640.86791,15823.37833
2024-10-29T08:00+01:00,9116.19,31862.76679,18616.63733
2024-10-29T09:00+01:00,8432.7525,31223.30934,22091.15198
2024-10-29T10:00+01:00,7514.7275,30291.56424,25283.54133
2024-10-29T11:00+01:00,7552.63,29301.61589,27664.7778
2024-10-29T12:00+01:00,6644.04,28490.3297,28454.98341
2024-10-29T13:00+01:00,7980.96,27580.55175,27095.18443
2024-10-29T14:00+01:00,7911.3725,28311.05145,23502.36569
2024-10-29T15:00+01:00,8483.8175,30266.99923,18702.15939
2024-10-29T16:00+01:00,7583.6525,32948.60139,14587.26271
2024-10-29T17:00+01:00,8838.47,34021.39911,13614.70599
2024-10-29T18:00+01:00,8476.5,34258.93369,13951.71073
2024-10-29T19:00+01:00,8360.2525,34164.71281,13989.62555
2024-10-29T20:00+01:00,7615.2275,33168.99122,14125.0255
2024-10-29T21:00+01:00,7809.11,31776.22405,13524.63565
2024-10-29T22:00+01:00,5886.355,30780.19948,13604.04203
2024-10-29T23:00+01:00,4730.255,29103.60985,13721.13001
2024-10-30T00:00+01:00,4867.8275,26874.92594,13871.58359
2024-10-30T01:00+01:00,5146.1,26120.9019,13388.65847
2024-10-30T02:00+01:00,5273.45,25801.25688,13020.99658
2024-10-30T03:00+01:00,6018.1325,25579.35695,13414.28007
2024-10-30T04:00+01:00,6208.575,25765.98058,13898.29991
2024-10-30T05:00+01:00,6371.75,27780.05717,13704.20642
2024-10-30T06:00+01:00,8594.81,30785.17993,14123.65055
2024-10-30T07:00+01:00,10103.6475,31991.33438,14603.64006
2024-10-30T08:00+01:00,10293.18,31749.55382,16694.09947
2024-10-30T09:00+01:00,11135.01,31249.515,19816.26601
2024-10-30T10:00+01:00,10223.21,30230.5223,22774.56082
2024-10-30T11:00+01:00,8964.0975,29454.58855,25558.07617
2024-10-30T12:00+01:00,8538.94,29585.15655,25915.93217
2024-10-30T13:00+01:00,7683.755,29896.13251,24404.33576
2024-10-30T14:00+01:00,7412.1325,30349.27447,21422.17932
2024-10-30T15:00+01:00,8465.3775,31426.41994,18095.54612
2024-10-30T16:00+01:00,7814.97,33300.55742,15308.94461
2024-10-30T17:00+01:00,9023.0825,33832.59536,14313.30115
2024-10-30T18:00+01:00,9202.6975,33792.00782,14135.80583
2024-10-30T19:00+01:00,9476.6325,33443.95141,13825.41865
2024-10-30T20:00+01:00,9942.385,32241.07282,13403.74681
2024-10-30T21:00+01:00,9498.845,30840.64434,12968.00639
2024-10-30T22:00+01:00,7982.6725,29596.24771,12931.05931
2024-10-30T23:00+01:00,9202.7725,25472.79479,13221.68684
2024-10-31T00:00+01:00,7664.1075,22012.2834,14311.55209
2024-10-31T01:00+01:00,6490.445,20928.21597,14878.77738
2024-10-31T02:00+01:00,5542.0075,20697.30859,15211.42821
2024-10-31T03:00+01:00,5853.29,20468.50747,16325.72949
2024-10-31T04:00+01:00,7220.435,20331.12377,16577.01718
2024-10-31T05:00+01:00,4860.3475,22473.46208,16740.54613
2024-10-31T06:00+01:00,4988.9825,24710.03373,17024.94826
2024-10-31T07:00+01:00,5762.785,25587.23544,17446.79411
2024-10-31T08:00+01:00,6163.5325,25820.90065,20412.93735
2024-10-31T09:00+01:00,6784.8575,25180.8399,23621.65812
2024-10-31T10:00+01:00,7123.0275,24332.55497,26862.24877
2024-10-31T11:00+01:00,5720.735,24271.63205,30309.01115
2024-10-31T12:00+01:00,4881.515,25082.28779,31258.49396
2024-10-31T13:00+01:00,2804.8825,25923.99161,30887.04645
2024-10-31T14:00+01:00,1717.6,27498.2119,29225.98938
2024-10-31T15:00+01:00,2001.97,28438.03211,26979.06054
2024-10-31T16:00+01:00,1811.9475,29174.10786,25373.56131
2024-10-31T17:00+01:00,2672.37,29083.45048,25682.04773
2024-10-31T18:00+01:00,1508.375,29019.88385,26045.74814
2024-10-31T19:00+01:00,817.22,28691.54493,26321.77063
2024-10-31T20:00+01:00,887.0075,26601.18237,26866.93207
2024-10-31T21:00+01:00,-317.045,24469.3849,27624.96588
2024-10-31T22:00+01:00,-129.745,22819.28919,27001.18498
2024-10-31T23:00+01:00,-720.2125,20904.08601,27441.61243
2024-11-01T00:00+01:00,-1134.6625,18993.27982,28712.07499
2024-11-01T01:00+01:00,612.05,17528.68237,28282.79875
2024-11-01T02:00+01:00,1506.405,16455.48635,28473.82575
2024-11-01T03:00+01:00,2142.3475,16413.18991,27496.13636
2024-11-01T04:00+01:00,2673.1975,15352.93407,27577.8849
2024-11-01T05:00+01:00,2036.26,15634.04649,28078.94271
2024-11-01T06:00+01:00,1450.9725,16747.81178,29610.46186
2024-11-01T07:00+01:00,2556.3575,17035.25464,30039.55675
2024-11-01T08:00+01:00,5094.0925,16080.96981,32039.8467
2024-11-01T09:00+01:00,7339.705,14435.41136,34705.09007
2024-11-01T10:00+01:00,6919.555,13839.0948,37654.24903
2024-11-01T11:00+01:00,6155.6075,13339.27765,39293.03932
2024-11-01T12:00+01:00,5896.75,13757.24502,39710.7275
2024-11-01T13:00+01:00,6061.7075,13569.54221,38592.20239
2024-11-01T14:00+01:00,5972.465,13914.1579,35788.92119
2024-11-01T15:00+01:00,5111.64,16360.75227,31246.64559
2024-11-01T16:00+01:00,4830.3375,18759.39167,27542.38446
2024-11-01T17:00+01:00,4394.6575,20213.82005,26230.67753
2024-11-01T18:00+01:00,4205.74,20511.88821,25865.57847
2024-11-01T19:00+01:00,3862.36,20065.67821,25578.6601
2024-11-01T20:00+01:00,2768.335,19758.06927,26463.01588
2024-11-01T21:00+01:00,2525.895,19146.33117,26479.68105
2024-11-01T22:00+01:00,1823.7025,18963.84338,26194.09306
2024-11-01T23:00+01:00,1706.495,18261.06801,24548.31877
2024-11-02T00:00+01:00,2058.835,17533.8164,22601.5991
2024-11-02T01:00+01:00,3839.69,17698.79815,20448.80985
2024-11-02T02:00+01:00,4865.7025,17659.84514,19050.18714
2024-11-02T03:00+01:00,5960.5375,17726.5101,18731.01195
2024-11-02T04:00+01:00,7084.77,17581.8749,18375.22219
2024-11-02T05:00+01:00,6200.9075,18082.99943,17576.21464
2024-11-02T06:00+01:00,5705.21,18796.50631,16299.30604
2024-11-02T07:00+01:00,8631.925,19264.55202,15142.99996
2024-11-02T08:00+01:00,10806.51,19151.43741,15667.99114
2024-11-02T09:00+01:00,10934.6175,19331.20951,17682.14858
2024-11-02T10:00+01:00,11884.18,18802.68231,20209.14703
2024-11-02T11:00+01:00,11606.0375,18410.38239,21568.55275
2024-11-02T12:00+01:00,11930.58,18589.74378,20786.64613
2024-11-02T13:00+01:00,10571.995,19820.98264,18817.38368
2024-11-02T14:00+01:00,11300.0525,21604.91416,15759.24313
2024-11-02T15:00+01:00,10028.7425,24163.86044,11969.96875
2024-11-02T16:00+01:00,11127.655,25082.8964,9549.74458
2024-11-02T17:00+01:00,10354.955,25319.25539,10016.60828
2024-11-02T18:00+01:00,11022.7425,25366.3389,10361.9448
2024-11-02T19:00+01:00,10055.7925,25167.22256,10488.26877
2024-11-02T20:00+01:00,9808.8225,24965.54263,10471.89581
2024-11-02T21:00+01:00,8750.9,24284.15296,10455.79071
2024-11-02T22:00+01:00,8503.4875,22956.39377,10950.90027
2024-11-02T23:00+01:00,8182.4425,21193.54291,11151.56176
2024-11-03T00:00+01:00,6294.8825,20491.43528,11361.86338
2024-11-03T01:00+01:00,6577.7975,19275.38464,11377.80909
2024-11-03T02:00+01:00,7437.2975,18425.76385,11537.83585
2024-11-03T03:00+01:00,8097.845,18232.60677,11613.74629
2024-11-03T04:00+01:00,7694.41,18286.18913,11702.10711
2024-11-03T05:00+01:00,7157.7,18476.7541,11919.33843
2024-11-03T06:00+01:00,6627.7775,19016.85643,12478.87467
2024-11-03T07:00+01:00,6880.28,18923.07469,13864.87909
2024-11-03T08:00+01:00,7212.1875,18187.45124,18573.63988
2024-11-03T09:00+01:00,8029.625,16988.34155,25320.6951
2024-11-03T10:00+01:00,6615.27,14898.75074,30649.85032
2024-11-03T11:00+01:00,6610.39,13302.65857,34187.44288
2024-11-03T12:00+01:00,6165.115,12626.9009,35362.11676
2024-11-03T13:00+01:00,5020.11,13341.53644,33688.79178
2024-11-03T14:00+01:00,3854.69,16279.92899,27727.35104
2024-11-03T15:00+01:00,4526.1975,20405.30884,20068.78275
2024-11-03T16:00+01:00,6157.93,24084.01906,14925.19733
2024-11-03T17:00+01:00,7676.8325,25061.71741,14920.80587
2024-11-03T18:00+01:00,6779.13,25889.26563,15640.22443
2024-11-03T19:00+01:00,5964.0875,26374.21023,16153.37164
2024-11-03T20:00+01:00,5298.5075,26269.28483,16698.83356
2024-11-03T21:00+01:00,5237.0075,25499.76221,15807.41253
2024-11-03T22:00+01:00,5531.4675,24851.27108,14193.99587
2024-11-03T23:00+01:00,5174.945,23546.83612,13071.69207
2024-11-04T00:00+01:00,6927.7125,22263.50604,12089.68833
2024-11-04T01:00+01:00,8078.515,21830.86242,11296.4722
2024-11-04T02:00+01:00,7745.1425,21744.44365,10646.5972
2024-11-04T03:00+01:00,7961.7875,22309.47822,10230.0138
2024-11-04T04:00+01:00,8843.3625,23118.70233,9956.891756
2024-11-04T05:00+01:00,8514.005,26336.62245,9829.471871
2024-11-04T06:00+01:00,11930.0925,29670.05714,10155.88167
2024-11-04T07:00+01:00,13064.395,31228.7408,10763.59318
2024-11-04T08:00+01:00,13223.0875,31431.74584,13145.7696
2024-11-04T09:00+01:00,12959.0875,31281.2045,16490.58389
2024-11-04T10:00+01:00,10754.1275,31025.75707,19926.68713
2024-11-04T11:00+01:00,10473.5725,30305.22549,23174.74488
2024-11-04T12:00+01:00,10216.99,30088.59457,24431.64319
2024-11-04T13:00+01:00,9347.6,30044.17592,23764.9773
2024-11-04T14:00+01:00,8523.5075,31351.93876,20193.50835
2024-11-04T15:00+01:00,11008.3375,33013.87303,14760.70844
2024-11-04T16:00+01:00,10605.235,34673.48232,11352.45087
2024-11-04T17:00+01:00,11568.23,35544.16396,12410.49836
2024-11-04T18:00+01:00,10138.7675,35281.72273,13987.01554
2024-11-04T19:00+01:00,9388.51,34466.71704,15009.61513
2024-11-04T20:00+01:00,7728.835,33318.28841,15546.3537
2024-11-04T21:00+01:00,6067.5025,31805.79745,15868.72963
2024-11-04T22:00+01:00,4696.03,30030.72669,16059.22414
2024-11-04T23:00+01:00,3823.54,26865.00714,16398.07614
2024-11-05T00:00+01:00,5286.78675,26202.28249,16165.35821
2024-11-05T01:00+01:00,6058.5845,25662.74077,15774.25069
2024-11-05T02:00+01:00,5927.817,25355.87491,15473.68522
2024-11-05T03:00+01:00,6934.901,25431.86649,15053.56581
2024-11-05T04:00+01:00,7494.42575,26014.69976,14449.5587
2024-11-05T05:00+01:00,7718.7655,27578.7984,13862.73857
2024-11-05T06:00+01:00,9737.8525,31306.55008,13604.72501
2024-11-05T07:00+01:00,11261.41275,32228.82811,14004.40937
2024-11-05T08:00+01:00,12580.743,32359.4049,16088.69776
2024-11-05T09:00+01:00,10802.657,31936.91849,19201.80895
2024-11-05T10:00+01:00,9419.17725,31234.22852,21975.51686
2024-11-05T11:00+01:00,9728.4485,30566.32652,23647.45574
2024-11-05T12:00+01:00,9875.973,30356.85219,23517.3571
2024-11-05T13:00+01:00,10062.871,30891.03685,21541.04387
2024-11-05T14:00+01:00,11367.63175,32286.22309,17683.01472
2024-11-05T15:00+01:00,12490.37025,33798.2304,13352.9905
2024-11-05T16:00+01:00,12717.377,35566.29007,10438.69337
2024-11-05T17:00+01:00,12726.24025,36597.34729,10254.38345
2024-11-05T18:00+01:00,12272.2525,36830.35158,10165.59866
2024-11-05T19:00+01:00,11735.591,36108.75973,9850.491474
2024-11-05T20:00+01:00,11009.972,34945.36747,9430.273252
2024-11-05T21:00+01:00,11374.57,33473.01188,9009.768337
2024-11-05T22:00+01:00,10062.5205,32421.4923,8551.313626
2024-11-05T23:00+01:00,8900.1235,31587.62519,8170.982209
2024-11-06T00:00+01:00,8175.81725,31884.39121,7875.610697
2024-11-06T01:00+01:00,8254.662,31148.25113,7645.712818
2024-11-06T02:00+01:00,9108.69,30199.67455,7580.682932
2024-11-06T03:00+01:00,9196.515,30175.72063,7395.681142
2024-11-06T04:00+01:00,9735.065,30732.04838,7194.685359
2024-11-06T05:00+01:00,10208.6665,31911.87273,7253.526755
2024-11-06T06:00+01:00,11675.49725,34186.11473,7728.200162
2024-11-06T07:00+01:00,12731.631,35495.56042,8036.171075
2024-11-06T08:00+01:00,14993.03775,35871.40786,9571.414203
2024-11-06T09:00+01:00,14403.09375,35753.00605,11623.19088
2024-11-06T10:00+01:00,14847.411,35738.54291,13229.52303
2024-11-06T11:00+01:00,16055.55775,35868.26475,14038.77475
2024-11-06T12:00+01:00,15204.0615,35982.70174,14105.63632
2024-11-06T13:00+01:00,14406.78275,36028.72232,13127.44828
2024-11-06T14:00+01:00,15023.229,36207.74023,11329.09193
2024-11-06T15:00+01:00,13908.464,37085.10655,9285.268505
2024-11-06T16:00+01:00,12679.35025,38000.78556,8105.249765
2024-11-06T17:00+01:00,13407.52025,38727.86878,7987.220536
2024-11-06T18:00+01:00,13429.48675,38774.24808,8007.635741
2024-11-06T19:00+01:00,13079.2965,38346.54842,7928.730097
2024-11-06T20:00+01:00,12274.928,37063.19919,7766.821279
2024-11-06T21:00+01:00,13051.8475,34989.45112,7458.636135
2024-11-06T22:00+01:00,11495.766,33754.7094,7396.477801
2024-11-06T23:00+01:00,10092.543,32971.71641,7252.170579
2024-11-07T00:00+01:00,9440.3085,32332.59013,7197.661105
2024-11-07T01:00+01:00,8845.202,31935.55564,7273.804343
2024-11-07T02:00+01:00,8778.815,31795.68683,7368.348302
2024-11-07T03:00+01:00,8620.5615,31905.29637,7307.693649
2024-11-07T04:00+01:00,9228.79,32619.39595,7277.769102
2024-11-07T05:00+01:00,10231.46875,33542.14898,7371.64427
2024-11-07T06:00+01:00,10595.745,35925.2946,7943.156117
2024-11-07T07:00+01:00,11795.545,36547.18832,8505.335412
2024-11-07T08:00+01:00,15361.785,37068.65356,9312.547963
2024-11-07T09:00+01:00,16887.6665,36707.06619,10540.78869
2024-11-07T10:00+01:00,16534.66475,36182.95053,11580.63002
2024-11-07T11:00+01:00,16389.89925,35952.83096,12595.00688
2024-11-07T12:00+01:00,16378.31125,35902.26189,12665.37445
2024-11-07T13:00+01:00,15166.14,36027.82838,12206.62712
2024-11-07T14:00+01:00,13427.93125,36796.68578,11012.98392
2024-11-07T15:00+01:00,11330.294,38342.14418,9829.298826
2024-11-07T16:00+01:00,11075.82475,38904.58397,9422.619354
2024-11-07T17:00+01:00,10579.56125,39263.04367,9956.318948
2024-11-07T18:00+01:00,11001.55025,38973.83653,10697.63279
2024-11-07T19:00+01:00,10486.919,38099.01524,11376.00079
2024-11-07T20:00+01:00,9215.294,36595.29949,11659.68222
2024-11-07T21:00+01:00,8721.34,34726.98128,12078.84293
2024-11-07T22:00+01:00,5369.192,34083.04365,12524.20267
2024-11-07T23:00+01:00,3161.234,32882.68977,12862.94748
2024-11-08T00:00+01:00,2949.6215,32066.47063,13203.52619
2024-11-08T01:00+01:00,2868.9425,31562.12044,12884.68251
2024-11-08T02:00+01:00,2744.2995,31496.67738,12567.72789
2024-11-08T03:00+01:00,2983.098,31562.49588,12683.20536
2024-11-08T04:00+01:00,3751.2215,31660.47585,13563.20074
2024-11-08T05:00+01:00,4922.04975,32397.33159,14483.64894
2024-11-08T06:00+01:00,6073.4705,34274.48915,15596.73768
2024-11-08T07:00+01:00,7297.70475,35079.46043,16942.33549
2024-11-08T08:00+01:00,8578.80775,35204.74259,19050.62563
2024-11-08T09:00+01:00,7332.235,35094.99345,21726.75354
2024-11-08T10:00+01:00,7465.9005,34760.2571,23606.30571
2024-11-08T11:00+01:00,6183.602,34752.14724,24576.01106
2024-11-08T12:00+01:00,5652.6835,34866.98534,24649.80564
2024-11-08T13:00+01:00,4810.1705,34947.53868,24022.01737
2024-11-08T14:00+01:00,4395.87,35068.14884,22664.61682
2024-11-08T15:00+01:00,4383.5145,35271.0551,21393.12598
2024-11-08T16:00+01:00,3570.1715,35597.32585,21848.23602
2024-11-08T17:00+01:00,2201.999,35998.56747,22942.53709
2024-11-08T18:00+01:00,-199.70775,35771.45745,22986.81837
2024-11-08T19:00+01:00,492.4975,35117.28668,23233.88503
2024-11-08T20:00+01:00,-269.998,34584.81929,21932.18995
2024-11-08T21:00+01:00,-1637.01575,34294.20626,20265.87726
2024-11-08T22:00+01:00,-271.2495,32088.96756,18734.78263
2024-11-08T23:00+01:00,-73.1995,29963.01884,17517.52038
2024-11-09T00:00+01:00,-958.8435,28782.76128,16446.36011
2024-11-09T01:00+01:00,-1423.6605,28246.04261,15850.77188
2024-11-09T02:00+01:00,193.42775,27663.89544,15189.02023
2024-11-09T03:00+01:00,1139.5565,27574.85273,14795.73899
2024-11-09T04:00+01:00,1718.4415,27634.56453,14434.88627
2024-11-09T05:00+01:00,1868.249,27803.57887,14223.15623
2024-11-09T06:00+01:00,1387.70925,28341.70888,13665.89668
2024-11-09T07:00+01:00,2941.335,29094.63955,13197.82674
2024-11-09T08:00+01:00,4296.151,29900.82089,13909.63352
2024-11-09T09:00+01:00,5261.083,30178.68061,15461.61023
2024-11-09T10:00+01:00,5091.67675,29664.17072,17093.95196
2024-11-09T11:00+01:00,6377.18325,29297.81162,18552.96327
2024-11-09T12:00+01:00,5891.37875,29215.50866,19176.10696
2024-11-09T13:00+01:00,5314.367,30129.31364,18187.6723
2024-11-09T14:00+01:00,3561.1815,31707.66245,15472.90153
2024-11-09T15:00+01:00,4475.605,33588.97649,11830.18799
2024-11-09T16:00+01:00,5399.217,33830.60378,10151.53505
2024-11-09T17:00+01:00,5926.35275,33835.19382,10703.33744
2024-11-09T18:00+01:00,5208.35725,33825.91863,10841.26822
2024-11-09T19:00+01:00,5146.05225,33737.15636,10541.8507
2024-11-09T20:00+01:00,4773.071,33374.40504,10137.87528
2024-11-09T21:00+01:00,4695.6275,32578.64285,9678.664483
2024-11-09T22:00+01:00,5028.284,31073.80443,9186.973639
2024-11-09T23:00+01:00,5987.85625,28299.7984,8678.479588
2024-11-10T00:00+01:00,6681.3445,25994.26693,8292.444528
2024-11-10T01:00+01:00,7463.329,25186.21681,8062.367013
2024-11-10T02:00+01:00,7617.25725,24972.57976,8077.225452
2024-11-10T03:00+01:00,8075.3065,24625.9783,8260.550078
2024-11-10T04:00+01:00,8268.9455,24801.49455,8437.362883
2024-11-10T05:00+01:00,7459.783,25110.06397,8565.268914
2024-11-10T06:00+01:00,6441.61875,25304.04654,8739.895615
2024-11-10T07:00+01:00,6809.34625,25550.83037,9166.874958
2024-11-10T08:00+01:00,7698.387,25614.78481,10676.69259
2024-11-10T09:00+01:00,9418.476,26178.01967,12633.49067
2024-11-10T10:00+01:00,10017.18175,26296.7214,14049.30051
2024-11-10T11:00+01:00,10571.72375,26335.56113,14955.68626
2024-11-10T12:00+01:00,10492.8895,26330.70803,15044.793
2024-11-10T13:00+01:00,9406.78175,26405.88392,14527.6336
2024-11-10T14:00+01:00,8139.6825,27410.48835,12562.71575
2024-11-10T15:00+01:00,5964.03275,30444.11835,10298.78367
2024-11-10T16:00+01:00,6529.8235,31403.37192,9509.531155
2024-11-10T17:00+01:00,7959.42525,31541.8107,10047.1976
2024-11-10T18:00+01:00,7433.95525,31804.11116,10429.47599
2024-11-10T19:00+01:00,8037.09,32197.07823,10846.6655
2024-11-10T20:00+01:00,6316.41375,32253.26646,11023.92693
2024-11-10T21:00+01:00,5776.688,31420.74944,10573.63123
2024-11-10T22:00+01:00,7485.59625,29137.52043,10481.74511
2024-11-10T23:00+01:00,6734.3725,27573.21694,10783.83177
2024-11-11T00:00+01:00,5643.83275,25952.28029,11515.44534
2024-11-11T01:00+01:00,5198.7645,25402.66735,12530.59451
2024-11-11T02:00+01:00,6121.4335,24804.49219,13099.54139
2024-11-11T03:00+01:00,6995.531,24297.144,13334.32055
2024-11-11T04:00+01:00,7182.47425,25128.4834,14155.09407
2024-11-11T05:00+01:00,5411.05275,27367.30869,15824.84581
2024-11-11T06:00+01:00,5401.6335,31996.82838,17467.08124
2024-11-11T07:00+01:00,6332.27575,34475.49057,18273.29003
2024-11-11T08:00+01:00,6183.0545,35110.49436,20376.35393
2024-11-11T09:00+01:00,6366.83175,35379.80945,21657.37792
2024-11-11T10:00+01:00,7148.662,35376.44271,21818.03554
2024-11-11T11:00+01:00,7629.02925,36065.29215,22459.41748
2024-11-11T12:00+01:00,7862.80825,35739.04872,23422.63391
2024-11-11T13:00+01:00,6835.57575,35478.39794,22841.55535
2024-11-11T14:00+01:00,6990.423,35233.59493,21743.68619
2024-11-11T15:00+01:00,7059.6915,35339.44565,20365.11532
2024-11-11T16:00+01:00,6169.8295,35680.9589,20390.77896
2024-11-11T17:00+01:00,4707.91975,35990.8695,20996.9486
2024-11-11T18:00+01:00,4327.82625,35617.20341,20946.40137
2024-11-11T19:00+01:00,4219.08625,35187.95413,20571.92132
2024-11-11T20:00+01:00,4524.8665,34537.26545,19985.05927
2024-11-11T21:00+01:00,4254.468,33384.58608,18941.15102
2024-11-11T22:00+01:00,3722.923,31882.50351,17971.86896
2024-11-11T23:00+01:00,4612.55275,30367.41788,17010.33639
2024-11-12T00:00+01:00,4734.647,30152.09728,16431.72655
2024-11-12T01:00+01:00,4951.03925,29831.28878,15584.43886
2024-11-12T02:00+01:00,5490.826,29572.46793,14482.27205
2024-11-12T03:00+01:00,6394.56025,29401.723,13769.94452
2024-11-12T04:00+01:00,7373.14475,29953.88653,12870.53211
2024-11-12T05:00+01:00,8409.251,31698.64603,12520.86885
2024-11-12T06:00+01:00,9505.16075,34215.20445,12618.42008
2024-11-12T07:00+01:00,10017.97775,36069.17129,13166.194
2024-11-12T08:00+01:00,9915.365,37105.11287,14073.47297
2024-11-12T09:00+01:00,8998.592,37502.64586,15270.95623
2024-11-12T10:00+01:00,10229.44825,37566.80975,15978.15538
2024-11-12T11:00+01:00,10645.88425,36993.09038,17149.92856
2024-11-12T12:00+01:00,10706.26925,36920.03518,17784.51657
2024-11-12T13:00+01:00,10886.8235,36653.4491,16842.78465
2024-11-12T14:00+01:00,9361.8425,38013.35333,15421.47973
2024-11-12T15:00+01:00,8504.3225,38512.49601,13795.81088
2024-11-12T16:00+01:00,7797.074,39178.38267,13515.29794
2024-11-12T17:00+01:00,7691.1945,39646.07386,13814.05992
2024-11-12T18:00+01:00,8225.304,39679.34757,13767.07604
2024-11-12T19:00+01:00,8474.665,39062.86137,13492.79792
2024-11-12T20:00+01:00,8276.971,37791.77748,12780.76388
2024-11-12T21:00+01:00,8973.01575,36153.82448,11987.28742
2024-11-12T22:00+01:00,7234.33975,35611.88844,11483.77804
2024-11-12T23:00+01:00,6635.138,34707.06887,10883.35807
2024-11-13T00:00+01:00,5736.79575,34847.03384,10535.50628
2024-11-13T01:00+01:00,6098.854,34324.20647,10297.24232
2024-11-13T02:00+01:00,5803.1195,34178.89234,10459.77376
2024-11-13T03:00+01:00,6338.05225,33941.7144,10419.11249
2024-11-13T04:00+01:00,7019.663,34208.8329,10410.3197
2024-11-13T05:00+01:00,7630.571,35310.54388,10935.55738
2024-11-13T06:00+01:00,10335.737,35733.67277,12402.26672
2024-11-13T07:00+01:00,9648.077,37771.74871,13586.79368
2024-11-13T08:00+01:00,8929.00525,38962.21131,14124.76256
2024-11-13T09:00+01:00,7314.70775,39397.99851,15557.60946
2024-11-13T10:00+01:00,9645.264,39143.37485,16189.7148
2024-11-13T11:00+01:00,9603.00775,38743.90511,17046.70251
2024-11-13T12:00+01:00,10654.6105,38157.35662,17418.77028
2024-11-13T13:00+01:00,10381.8595,38321.67618,17393.72516
2024-11-13T14:00+01:00,10693.226,38629.28738,15978.19168
2024-11-13T15:00+01:00,8490.28575,39023.40997,15409.39569
2024-11-13T16:00+01:00,7326.16225,39369.21014,15156.48228
2024-11-13T17:00+01:00,7630.367,40013.5399,15494.85337
2024-11-13T18:00+01:00,7569.727,39831.63648,16196.21629
2024-11-13T19:00+01:00,7436.51775,39229.17883,16956.07196
2024-11-13T20:00+01:00,5861.69425,37416.09657,18050.95343
2024-11-13T21:00+01:00,3782.3165,35299.46083,19636.83113
2024-11-13T22:00+01:00,2850.48725,33256.52695,20552.534
2024-11-13T23:00+01:00,2262.2495,31180.13308,21485.11682
2024-11-14T00:00+01:00,-832.49675,30636.02995,22687.98902
2024-11-14T01:00+01:00,-1924.999,29951.81784,23805.40061
2024-11-14T02:00+01:00,-1867.5735,29402.86752,24507.05972
2024-11-14T03:00+01:00,-1824.026,29374.66975,24744.15888
2024-11-14T04:00+01:00,-1436.416,29061.22239,25391.76036
2024-11-14T05:00+01:00,384.59675,29719.95831,25356.49953
2024-11-14T06:00+01:00,2493.201,32245.35008,25866.95399
2024-11-14T07:00+01:00,2743.9785,35463.05147,26653.23372
2024-11-14T08:00+01:00,2626.08,36334.00875,26955.49461
2024-11-14T09:00+01:00,3041.20725,36376.23313,28184.56722
2024-11-14T10:00+01:00,3035.479,35636.57425,29343.82666
2024-11-14T11:00+01:00,3476.35675,35625.30925,29888.82364
2024-11-14T12:00+01:00,2654.83725,35329.61112,30231.13634
2024-11-14T13:00+01:00,2348.92125,35811.89387,29343.78293
2024-11-14T14:00+01:00,2886.28975,36401.33014,27593.6483
2024-11-14T15:00+01:00,4391.337,36561.49383,24963.22539
2024-11-14T16:00+01:00,3575.73125,36892.85438,22840.37528
2024-11-14T17:00+01:00,2286.53925,37092.4401,22491.17376
2024-11-14T18:00+01:00,2994.566,36673.02886,22321.68858
2024-11-14T19:00+01:00,3112.58125,36263.73935,22066.1251
2024-11-14T20:00+01:00,2407.3585,35578.10906,21407.81399
2024-11-14T21:00+01:00,526.89825,35314.88885,20175.60056
2024-11-14T22:00+01:00,-751.437,35095.02994,18576.12115
2024-11-14T23:00+01:00,189.839,32804.00881,17629.81015
2024-11-15T00:00+01:00,444.6945,30740.27304,16834.9003
2024-11-15T01:00+01:00,757.89175,29847.92752,15870.93648
2024-11-15T02:00+01:00,1659.1775,30098.53384,15011.31382
2024-11-15T03:00+01:00,2915.76475,30149.04238,15114.41852
2024-11-15T04:00+01:00,4254.92125,30048.84292,15329.36182
2024-11-15T05:00+01:00,3549.073,31056.24573,15748.83427
2024-11-15T06:00+01:00,6109.9665,33536.87328,16568.6066
2024-11-15T07:00+01:00,6046.0845,35345.54495,17621.13091
2024-11-15T08:00+01:00,5256.9775,35612.59597,18830.01004
2024-11-15T09:00+01:00,5076.99275,35193.76091,20569.2441
2024-11-15T10:00+01:00,6738.18375,34512.05623,22347.27536
2024-11-15T11:00+01:00,7328.044,34068.60274,24041.11275
2024-11-15T12:00+01:00,6135.08825,33603.21537,24462.30626
2024-11-15T13:00+01:00,5426.13825,33735.4985,23293.18545
2024-11-15T14:00+01:00,5314.639,33941.56017,21434.87326
2024-11-15T15:00+01:00,6824.98625,34084.73362,19680.64419
2024-11-15T16:00+01:00,5269.042,34833.80059,19474.59769
2024-11-15T17:00+01:00,4334.58175,35033.30409,20725.47946
2024-11-15T18:00+01:00,3708.6665,35840.35114,21665.69887
2024-11-15T19:00+01:00,1396.37275,36147.87738,23153.70421
2024-11-15T20:00+01:00,-1136.97175,35328.50665,24328.20169
2024-11-15T21:00+01:00,-2750.25475,32898.67649,24842.5709
2024-11-15T22:00+01:00,-3211.27525,30996.17103,24131.54652
2024-11-15T23:00+01:00,-3342.1255,28809.70724,24003.34166
2024-11-16T00:00+01:00,-2561.18075,25712.58663,24812.26811
2024-11-16T01:00+01:00,-3906.4295,24179.14533,26267.8975
2024-11-16T02:00+01:00,-4293.7495,23416.01923,26770.97997
2024-11-16T03:00+01:00,-4997.378,23614.76103,27852.40987
2024-11-16T04:00+01:00,-3466.9945,23710.87943,28345.13179
2024-11-16T05:00+01:00,-3476.643,23929.0523,28505.09201
2024-11-16T06:00+01:00,-3782.79,23857.73765,29942.50449
2024-11-16T07:00+01:00,-3998.0255,25061.34362,29487.80254
2024-11-16T08:00+01:00,-3554.16525,25256.63353,31971.87831
2024-11-16T09:00+01:00,-2861.4035,25194.14369,35453.33456
2024-11-16T10:00+01:00,-2148.0335,23680.20202,39267.09716
2024-11-16T11:00+01:00,-3207.67775,22647.35469,41502.6718
2024-11-16T12:00+01:00,-3794.0225,22984.26269,41805.19393
2024-11-16T13:00+01:00,-3438.52575,22991.75078,39918.90691
2024-11-16T14:00+01:00,-3007.06525,23100.26121,37098.53037
2024-11-16T15:00+01:00,-1812.57625,23281.16795,33624.99308
2024-11-16T16:00+01:00,-1262.35975,23228.67736,33160.55078
2024-11-16T17:00+01:00,-1808.1285,24191.17094,33005.07065
2024-11-16T18:00+01:00,-3209.18525,23860.36003,33945.75286
2024-11-16T19:00+01:00,-4144.26825,22595.38922,35127.23702
2024-11-16T20:00+01:00,-4515.60125,20993.62049,35612.82397
2024-11-16T21:00+01:00,-5128.78975,19432.56613,36250.08072
2024-11-16T22:00+01:00,-5011.017,17716.62201,35746.61752
2024-11-16T23:00+01:00,-5379.116,16805.76878,35189.23017
2024-11-17T00:00+01:00,-6153.06075,15582.78165,36033.81294
2024-11-17T01:00+01:00,-6496.98375,15068.98489,35107.89225
2024-11-17T02:00+01:00,-5275.35075,15066.10584,35640.94192
2024-11-17T03:00+01:00,-2956.55925,14206.57314,36186.10176
2024-11-17T04:00+01:00,-1986.31225,13171.49727,37097.82974
2024-11-17T05:00+01:00,-2550.2195,13761.69365,37453.47237
2024-11-17T06:00+01:00,-4372.6465,14273.27515,38680.27558
2024-11-17T07:00+01:00,-5077.6015,14617.82504,39735.24461
2024-11-17T08:00+01:00,-6442.2985,14868.86395,41619.76695
2024-11-17T09:00+01:00,-5985.453,15537.73254,44707.62467
2024-11-17T10:00+01:00,-6296.947,15959.40693,48028.29807
2024-11-17T11:00+01:00,-5806.3375,16478.55038,49400.88713
2024-11-17T12:00+01:00,-5974.8555,16585.45961,49313.13975
2024-11-17T13:00+01:00,-6223.15775,17359.20814,46797.83362
2024-11-17T14:00+01:00,-6238.01525,17788.05743,44565.51659
2024-11-17T15:00+01:00,-5812.344,17791.33194,42399.35335
2024-11-17T16:00+01:00,-6104.4385,19449.25169,40613.01316
2024-11-17T17:00+01:00,-6071.6865,19594.48144,42345.07491
2024-11-17T18:00+01:00,-5786.536,19767.55227,43022.4216
2024-11-17T19:00+01:00,-6005.00175,19179.19647,42865.03882
2024-11-17T20:00+01:00,-6664.6225,18815.64356,41848.13328
2024-11-17T21:00+01:00,-6791.211,17958.56278,41053.16496
2024-11-17T22:00+01:00,-6602.26,17278.20776,39421.00994
2024-11-17T23:00+01:00,-6505.3395,16732.55381,39676.34992
2024-11-18T00:00+01:00,-7501.87625,16696.67575,40110.12961
2024-11-18T01:00+01:00,-6987.4475,16429.39673,39473.37912
2024-11-18T02:00+01:00,-6545.2505,16895.64657,40090.82819
2024-11-18T03:00+01:00,-5985.617,17162.44775,40051.77952
2024-11-18T04:00+01:00,-5314.52375,17971.56785,40515.50802
2024-11-18T05:00+01:00,-5113.07725,19313.08199,40636.26635
2024-11-18T06:00+01:00,-2604.13225,22406.21485,39939.0256
2024-11-18T07:00+01:00,-797.20125,25254.39972,39633.68112
2024-11-18T08:00+01:00,-2781.452,27065.41685,40612.3378
2024-11-18T09:00+01:00,-3863.665,27090.32396,43159.61518
2024-11-18T10:00+01:00,-4104.77,26621.26176,45554.38726
2024-11-18T11:00+01:00,-3829.523,26633.44688,45367.24612
2024-11-18T12:00+01:00,-3634.99775,26470.91177,45671.39193
2024-11-18T13:00+01:00,-3521.453,26867.96213,44211.54379
2024-11-18T14:00+01:00,-3497.8215,28190.68109,40536.62554
2024-11-18T15:00+01:00,-751.72775,28453.71527,35365.18154
2024-11-18T16:00+01:00,637.66625,29390.93448,33408.86837
2024-11-18T17:00+01:00,310.21275,29291.67251,33826.02842
2024-11-18T18:00+01:00,-912.9215,29479.3353,33722.51674
2024-11-18T19:00+01:00,-478.708,29869.70145,32258.33816
2024-11-18T20:00+01:00,403.144,29520.55944,30344.36768
2024-11-18T21:00+01:00,-19.69525,28077.16169,28019.51342
2024-11-18T22:00+01:00,578.6275,26847.51024,26500.13726
2024-11-18T23:00+01:00,590.4895,25237.33829,24459.85298
2024-11-19T00:00+01:00,1407.8965,25319.29007,23717.52153
2024-11-19T01:00+01:00,1257.49925,24757.74055,24256.07689
2024-11-19T02:00+01:00,445.3935,24708.0066,23570.42389
2024-11-19T03:00+01:00,1297.49125,24497.94908,23684.22068
2024-11-19T04:00+01:00,1516.6765,24362.05343,24208.38051
2024-11-19T05:00+01:00,1207.6295,25375.89633,25747.57702
2024-11-19T06:00+01:00,-164.421,28220.73256,27293.2063
2024-11-19T07:00+01:00,-208.867,32421.00087,29033.43972
2024-11-19T08:00+01:00,-958.35825,33196.04325,32486.09076
2024-11-19T09:00+01:00,-2379.37925,33070.86902,34485.43364
2024-11-19T10:00+01:00,-2532.91875,33195.96074,36798.89345
2024-11-19T11:00+01:00,-2397.14625,32207.87588,38487.90093
2024-11-19T12:00+01:00,-3832.126,32773.81864,39212.33206
2024-11-19T13:00+01:00,-3468.4795,33374.69212,38700.96356
2024-11-19T14:00+01:00,-3948.72475,33596.25965,37048.06919
2024-11-19T15:00+01:00,-2393.0905,33596.52961,33876.05774
2024-11-19T16:00+01:00,-2616.8785,33566.88128,33212.37155
2024-11-19T17:00+01:00,-3735.00875,33950.86715,32677.55653
2024-11-19T18:00+01:00,-3331.864,33985.80527,31854.34415
2024-11-19T19:00+01:00,-3028.71525,33668.87626,30848.80132
2024-11-19T20:00+01:00,-2085.03675,32989.50682,29732.30881
2024-11-19T21:00+01:00,-469.57825,30425.21961,27856.7247
2024-11-19T22:00+01:00,-918.6315,28448.17428,26432.88107
2024-11-19T23:00+01:00,-739.9055,26333.63111,25789.93495
2024-11-20T00:00+01:00,2061.795,24571.19464,24797.34703
2024-11-20T01:00+01:00,1550.3225,23741.16798,24830.36234
2024-11-20T02:00+01:00,1802.412,22771.59895,26013.99861
2024-11-20T03:00+01:00,2097.2295,22006.37179,26570.35406
2024-11-20T04:00+01:00,1820.13575,22598.52243,27197.37671
2024-11-20T05:00+01:00,1543.7975,23674.21057,28644.10733
2024-11-20T06:00+01:00,3340.44225,25581.76129,29317.27638
2024-11-20T07:00+01:00,4546.95325,28231.41272,29003.12191
2024-11-20T08:00+01:00,2192.314,29121.99895,30117.41085
2024-11-20T09:00+01:00,1008.29125,29271.38422,33570.97579
2024-11-20T10:00+01:00,-595.4085,28992.46,37532.59071
2024-11-20T11:00+01:00,-728.1335,28371.99572,41153.40134
2024-11-20T12:00+01:00,-1777.25325,27781.06423,42241.84842
2024-11-20T13:00+01:00,-1396.292,27607.0971,41347.22267
2024-11-20T14:00+01:00,-885.49375,28456.12064,38000.96648
2024-11-20T15:00+01:00,1773.045,30193.30451,34978.2859
2024-11-20T16:00+01:00,1374.452,31156.52974,34077.7111
2024-11-20T17:00+01:00,-1120.815,31470.63544,34950.40733
2024-11-20T18:00+01:00,-1600.69125,31107.7747,35712.9391
2024-11-20T19:00+01:00,-1100.2185,30233.12462,35010.42584
2024-11-20T20:00+01:00,-1032.7165,29601.2479,32783.56849
2024-11-20T21:00+01:00,-1037.4405,28682.24164,31807.5991
2024-11-20T22:00+01:00,-1112.1385,27011.46615,30510.5317
2024-11-20T23:00+01:00,-91.14325,25952.29448,30081.94883
2024-11-21T00:00+01:00,-3362.28975,25405.66285,29788.13233
2024-11-21T01:00+01:00,-3515.5095,24385.14152,30329.63413
2024-11-21T02:00+01:00,-3670.54675,23767.79983,30698.50102
2024-11-21T03:00+01:00,-2340.91125,23669.04152,31609.53267
2024-11-21T04:00+01:00,-1769.9985,24019.11177,31936.29353
2024-11-21T05:00+01:00,-2563.12425,25591.25326,32569.95005
2024-11-21T06:00+01:00,-2125.02875,28842.14312,32237.81248
2024-11-21T07:00+01:00,-1427.714,31381.56897,33394.33366
2024-11-21T08:00+01:00,-2220.29975,32670.19542,35814.50134
2024-11-21T09:00+01:00,-5629.044,32816.38188,39622.39148
2024-11-21T10:00+01:00,-6451.6765,31500.36324,44360.142
2024-11-21T11:00+01:00,-6982.871,31020.07742,46045.01222
2024-11-21T12:00+01:00,-5744.12275,30167.31771,45443.57042
2024-11-21T13:00+01:00,-4545.84225,31432.01991,40250.21343
2024-11-21T14:00+01:00,-1399.30225,32527.67098,33916.30169
2024-11-21T15:00+01:00,255.69025,33576.65155,27165.78449
2024-11-21T16:00+01:00,2914.504,34979.48593,24513.69283
2024-11-21T17:00+01:00,3478.84425,35930.23129,23531.18408
2024-11-21T18:00+01:00,6947.9815,34936.56343,22201.4986
2024-11-21T19:00+01:00,6417.3835,34233.05575,20917.03285
2024-11-21T20:00+01:00,6481.216,33218.62539,19193.55366
2024-11-21T21:00+01:00,5493.7635,32655.15664,17762.81844
2024-11-21T22:00+01:00,6195.07075,31352.97636,17154.77633
2024-11-21T23:00+01:00,6110.84975,27950.50919,17644.54765
2024-11-22T00:00+01:00,4992.79475,25807.73987,19291.19089
2024-11-22T01:00+01:00,2933.47975,25221.88758,21566.63173
2024-11-22T02:00+01:00,374.211,24899.86695,24775.274
2024-11-22T03:00+01:00,-1113.50025,24507.07428,26491.73103
2024-11-22T04:00+01:00,-1727.84625,24650.30229,28744.58103
2024-11-22T05:00+01:00,-2066.68325,25159.59335,30062.01774
2024-11-22T06:00+01:00,-1533.73575,26862.47958,32570.29575
2024-11-22T07:00+01:00,-762.4555,28006.38654,34183.84132
2024-11-22T08:00+01:00,-3004.59925,28153.18079,37627.77236
2024-11-22T09:00+01:00,-5447.396,27906.09895,40483.18759
2024-11-22T10:00+01:00,-6380.8405,27570.57398,44082.11935
2024-11-22T11:00+01:00,-7591.22875,26642.5122,47907.32827
2024-11-22T12:00+01:00,-7488.193,26323.51996,50056.90459
2024-11-22T13:00+01:00,-8731.186,26062.23809,49310.80746
2024-11-22T14:00+01:00,-9449.0605,26181.83101,49891.66387
2024-11-22T15:00+01:00,-8974.8605,26485.06163,48737.98644
2024-11-22T16:00+01:00,-9342.31725,26878.03918,47923.46173
2024-11-22T17:00+01:00,-10405.9625,27904.56191,49374.91786
2024-11-22T18:00+01:00,-12239.67725,28337.65752,48819.60038
2024-11-22T19:00+01:00,-12525.6005,28156.69775,46870.97566
2024-11-22T20:00+01:00,-12026.48,27600.63774,44066.72066
2024-11-22T21:00+01:00,-11254.6575,26682.78035,41186.17128
2024-11-22T22:00+01:00,-10431.14325,24458.00057,40318.36505
2024-11-22T23:00+01:00,-8715.60475,21611.17637,39133.69655
2024-11-23T00:00+01:00,-5892.087,19615.52511,37339.35422
2024-11-23T01:00+01:00,-5599.8195,18989.54542,36239.24504
2024-11-23T02:00+01:00,-5056.9585,18636.71221,36092.64442
2024-11-23T03:00+01:00,-4446.74125,18098.14069,34753.10524
2024-11-23T04:00+01:00,-3313.06725,18230.558,34472.61632
2024-11-23T05:00+01:00,-2954.841,17788.52092,34132.31718
2024-11-23T06:00+01:00,-3778.85275,17664.89218,34551.18017
2024-11-23T07:00+01:00,-1483.11575,17734.02498,33743.61362
2024-11-23T08:00+01:00,-291.993,17728.30026,35196.3045
2024-11-23T09:00+01:00,182.50475,17178.69702,39790.87391
2024-11-23T10:00+01:00,-682.35875,16247.24598,43324.6233
2024-11-23T11:00+01:00,-1294.27025,15508.48487,45507.16477
2024-11-23T12:00+01:00,-1283.58775,15456.33313,44718.56767
2024-11-23T13:00+01:00,-602.8755,16610.18622,41960.14449
2024-11-23T14:00+01:00,-327.99725,17628.84835,38713.4689
2024-11-23T15:00+01:00,-227.5445,18889.75157,36876.17108
2024-11-23T16:00+01:00,960.27925,17751.33055,38729.87433
2024-11-23T17:00+01:00,-1397.266,17698.50449,42307.41684
2024-11-23T18:00+01:00,-3324.47325,17505.64584,46141.24593
2024-11-23T19:00+01:00,-5767.1375,16886.00911,47939.82901
2024-11-23T20:00+01:00,-6593.34825,15483.37699,48430.83284
2024-11-23T21:00+01:00,-7934.051,14015.29948,48481.25849
2024-11-23T22:00+01:00,-8304.6045,13984.24113,47177.11231
2024-11-23T23:00+01:00,-9020.58675,13647.10452,45604.76895
2024-11-24T00:00+01:00,-12247.55575,12489.69551,46953.28682
2024-11-24T01:00+01:00,-11320.47675,11625.48517,47371.68092
2024-11-24T02:00+01:00,-10179.22575,10584.86179,47581.77507
2024-11-24T03:00+01:00,-8524.06925,10508.72582,45776.51405
2024-11-24T04:00+01:00,-7143.53875,10561.71522,44939.36805
2024-11-24T05:00+01:00,-6808.0965,10560.25482,44566.6353
2024-11-24T06:00+01:00,-6996.4005,10589.77604,44624.18458
2024-11-24T07:00+01:00,-8558.8035,10454.99471,45674.13079
2024-11-24T08:00+01:00,-11157.22,10227.11037,50217.27873
2024-11-24T09:00+01:00,-10244.8595,10140.47868,53099.70049
2024-11-24T10:00+01:00,-10807.51975,10022.90943,56234.91321
2024-11-24T11:00+01:00,-10430.15425,9808.143734,58740.69349
2024-11-24T12:00+01:00,-11478.71275,9835.020377,59333.23435
2024-11-24T13:00+01:00,-11241.7185,9828.933858,57399.65598
2024-11-24T14:00+01:00,-9891.68675,9840.793505,53421.65069
2024-11-24T15:00+01:00,-8294.4615,10294.90426,50028.39223
2024-11-24T16:00+01:00,-7194.14,11156.49268,49838.37395
2024-11-24T17:00+01:00,-7145.41175,11914.79272,49724.76535
2024-11-24T18:00+01:00,-8427.137,12596.93316,50803.77587
2024-11-24T19:00+01:00,-9003.09325,12531.38287,50677.91588
2024-11-24T20:00+01:00,-8649.297,12285.11974,49376.16522
2024-11-24T21:00+01:00,-7438.4405,12077.04281,47540.15292
2024-11-24T22:00+01:00,-6649.645,11809.3881,46239.6245
2024-11-24T23:00+01:00,-6444.04575,11495.4064,45560.34312
2024-11-25T00:00+01:00,-6150.39875,10770.63861,41826.14043
2024-11-25T01:00+01:00,-6421.78625,10667.08354,41963.62538
2024-11-25T02:00+01:00,-5404.6175,10711.69044,41356.12806
2024-11-25T03:00+01:00,-4523.498,10869.10206,40919.93357
2024-11-25T04:00+01:00,-4414.98025,10919.6622,41471.6861
2024-11-25T05:00+01:00,-3252.46775,11907.28915,42710.06832
2024-11-25T06:00+01:00,-1961.75575,13457.76166,46966.85541
2024-11-25T07:00+01:00,-1257.5665,17066.7048,46238.73731
2024-11-25T08:00+01:00,-3255.17975,19928.70275,47504.43125
2024-11-25T09:00+01:00,-4786.78425,20919.3721,50287.71659
2024-11-25T10:00+01:00,-5516.7705,20514.44546,53203.99874
2024-11-25T11:00+01:00,-5766.19225,20733.88955,52823.17613
2024-11-25T12:00+01:00,-5580.9405,21299.8274,52236.8015
2024-11-25T13:00+01:00,-3877.1465,21745.03527,51019.61804
2024-11-25T14:00+01:00,-2668.5515,22087.54952,47000.12229
2024-11-25T15:00+01:00,-1603.68525,22989.35274,42324.88305
2024-11-25T16:00+01:00,-180.849,22980.0049,42418.08994
2024-11-25T17:00+01:00,-607.66525,23086.62165,43130.711
2024-11-25T18:00+01:00,-2744.98875,23452.44482,43210.67994
2024-11-25T19:00+01:00,-3180.93575,23510.44942,42248.27877
2024-11-25T20:00+01:00,-3597.6645,22403.64347,40551.80736
2024-11-25T21:00+01:00,-2701.37225,22102.11692,37551.80648
2024-11-25T22:00+01:00,-3102.25475,22063.11386,34630.16446
2024-11-25T23:00+01:00,-2761.216,21108.21873,32742.19403
2024-11-26T00:00+01:00,-2602.103,20961.03869,31452.22879
2024-11-26T01:00+01:00,-1695.3545,20761.73486,31368.87254
2024-11-26T02:00+01:00,-480.0705,20774.90407,30620.15567
2024-11-26T03:00+01:00,81.5125,21121.26623,30490.56058
2024-11-26T04:00+01:00,311.6415,20890.14747,30762.72638
2024-11-26T05:00+01:00,-1245.2095,21850.28226,30691.05932
2024-11-26T06:00+01:00,765.348,25112.00406,30613.86585
2024-11-26T07:00+01:00,2123.2115,29335.60437,30083.4615
2024-11-26T08:00+01:00,533.3,30974.54769,30739.51874
2024-11-26T09:00+01:00,641.11475,30812.95202,33115.16954
2024-11-26T10:00+01:00,-979.214,30507.99974,37414.65573
2024-11-26T11:00+01:00,-1667.71725,30240.73474,40263.39071
2024-11-26T12:00+01:00,-2810.442,30337.52456,40074.38033
2024-11-26T13:00+01:00,-1565.06325,30319.93397,36564.56979
2024-11-26T14:00+01:00,-486.74825,31605.37486,32129.1548
2024-11-26T15:00+01:00,1217.48175,32543.47943,28045.70515
2024-11-26T16:00+01:00,1999.58675,31990.85584,28224.26549
2024-11-26T17:00+01:00,1415.568,32446.7602,30192.40673
2024-11-26T18:00+01:00,-1874.28175,32919.82189,30975.86372
2024-11-26T19:00+01:00,-1729.7105,32244.80766,31148.37263
2024-11-26T20:00+01:00,-1972.241,30664.92333,30933.45155
2024-11-26T21:00+01:00,-2193.03525,28976.74276,30081.09547
2024-11-26T22:00+01:00,-3384.8095,28359.79582,28994.29771
2024-11-26T23:00+01:00,-3595.2315,27189.69187,27728.32257
2024-11-27T00:00+01:00,-2544.951,25797.285,26581.14549
2024-11-27T01:00+01:00,-1677.89375,25800.40106,25655.46115
2024-11-27T02:00+01:00,11.96325,25285.669,23395.09506
2024-11-27T03:00+01:00,236.8575,26060.63527,20723.43105
2024-11-27T04:00+01:00,1104.72075,26977.07338,18792.16079
2024-11-27T05:00+01:00,2220.36175,29381.29569,17670.7906
2024-11-27T06:00+01:00,6155.1075,31298.95984,17283.55137
2024-11-27T07:00+01:00,6355.714,32809.59567,17689.51536
2024-11-27T08:00+01:00,6470.39775,33541.89973,19815.31607
2024-11-27T09:00+01:00,5061.14175,33057.84869,24642.66177
2024-11-27T10:00+01:00,2745.97325,31366.22317,30150.54969
2024-11-27T11:00+01:00,492.5515,29738.57724,35209.17526
2024-11-27T12:00+01:00,-1137.49675,28225.34865,39317.25756
2024-11-27T13:00+01:00,-2207.2345,26824.35274,40995.29853
2024-11-27T14:00+01:00,-1120.56875,26303.28179,40325.06349
2024-11-27T15:00+01:00,-2260.833,27214.2746,40593.04262
2024-11-27T16:00+01:00,-4958.8535,26368.21562,45093.5611
2024-11-27T17:00+01:00,-6814.2805,24135.32548,51248.76916
2024-11-27T18:00+01:00,-10654.05625,23066.42851,55556.17597
2024-11-27T19:00+01:00,-9940.7945,21153.6095,55322.29433
2024-11-27T20:00+01:00,-9808.27825,19113.34759,54587.82325
2024-11-27T21:00+01:00,-10215.72925,17639.5156,54796.70898
2024-11-27T22:00+01:00,-8713.98175,16931.20874,52299.63847
2024-11-27T23:00+01:00,-10857.3085,16581.21065,50931.6093
2024-11-28T00:00+01:00,-9813.91325,15610.1944,48757.68626
2024-11-28T01:00+01:00,-13404.9245,15271.88856,50129.47354
2024-11-28T02:00+01:00,-13669.5315,15134.38428,51021.82684
2024-11-28T03:00+01:00,-14210.30925,15165.79973,51331.26058
2024-11-28T04:00+01:00,-13395.6925,16161.55257,49933.3193
2024-11-28T05:00+01:00,-10226.8835,18381.86394,47003.3061
2024-11-28T06:00+01:00,-6956.40875,21843.54441,46978.17469
2024-11-28T07:00+01:00,-6646.719,24660.73188,47114.83895
2024-11-28T08:00+01:00,-5930.9165,25473.87276,46282.0358
2024-11-28T09:00+01:00,-5709.31825,25422.80576,47390.35213
2024-11-28T10:00+01:00,-5451.4085,24426.58094,49428.4772
2024-11-28T11:00+01:00,-6069.58325,23813.84599,51151.64985
2024-11-28T12:00+01:00,-6673.0755,23564.2843,51301.37382
2024-11-28T13:00+01:00,-5995.73625,24870.03279,49431.00125
2024-11-28T14:00+01:00,-3964.55375,25656.81652,46043.71001
2024-11-28T15:00+01:00,-2823.74,27882.21266,41918.44439
2024-11-28T16:00+01:00,-4238.85725,31698.19062,38961.91039
2024-11-28T17:00+01:00,-6120.27675,33570.79662,36828.13176
2024-11-28T18:00+01:00,-5581.69275,33660.96333,35426.74244
2024-11-28T19:00+01:00,-3003.865,33683.74501,32596.94152
2024-11-28T20:00+01:00,-2124.90425,33267.11046,29814.89352
2024-11-28T21:00+01:00,-1000.467,32476.00902,26310.62692
2024-11-28T22:00+01:00,1018.0755,30011.89895,22691.29865
2024-11-28T23:00+01:00,1550.04575,28805.4851,20375.07794
2024-11-29T00:00+01:00,475.277,27873.70244,18524.10106
2024-11-29T01:00+01:00,2192.57625,27798.08259,16827.30171
2024-11-29T02:00+01:00,3859.08525,27423.80337,15053.42734
2024-11-29T03:00+01:00,6810.94325,27137.26362,13913.21499
2024-11-29T04:00+01:00,8257.349,27547.26991,13100.22247
2024-11-29T05:00+01:00,8399.3715,29467.07641,12754.23283
2024-11-29T06:00+01:00,11040.09525,33358.42959,12544.2566
2024-11-29T07:00+01:00,11358.83375,35252.88221,12420.47186
2024-11-29T08:00+01:00,11826.1405,35688.14864,13460.04551
2024-11-29T09:00+01:00,10594.89375,35269.847,17513.93015
2024-11-29T10:00+01:00,9090.479,34107.34997,22487.57993
2024-11-29T11:00+01:00,7412.95475,33482.46488,24953.67885
2024-11-29T12:00+01:00,6379.52575,33677.26437,24804.8038
2024-11-29T13:00+01:00,7150.11375,33397.31048,23112.95989
2024-11-29T14:00+01:00,7787.85175,34159.39881,19829.54235
2024-11-29T15:00+01:00,8906.17975,34394.96309,16001.01963
2024-11-29T16:00+01:00,9406.7585,34951.7472,15493.03792
2024-11-29T17:00+01:00,7548.2635,34806.87523,18371.75072
2024-11-29T18:00+01:00,6169.56075,34543.5577,21215.57084
2024-11-29T19:00+01:00,4809.2435,33749.10299,22901.67977
2024-11-29T20:00+01:00,3829.37875,30800.91444,23984.8849
2024-11-29T21:00+01:00,2602.888,28182.48267,25907.36645
2024-11-29T22:00+01:00,1166.9975,25850.24742,26745.14134
2024-11-29T23:00+01:00,-675.78875,24493.10907,26814.54136
2024-11-30T00:00+01:00,-2136.251,23687.52969,26939.0035
2024-11-30T01:00+01:00,-3722.494,23405.62158,27498.49416
2024-11-30T02:00+01:00,-4127.47225,23674.22266,28172.81475
2024-11-30T03:00+01:00,-3305.5435,23369.771,28583.08501
2024-11-30T04:00+01:00,-3404.31925,23604.38497,28681.81103
2024-11-30T05:00+01:00,-3862.21375,23928.69229,29032.738
2024-11-30T06:00+01:00,-5294.59975,24033.64512,30192.80248
2024-11-30T07:00+01:00,-5539.90975,24680.95145,31545.03199
2024-11-30T08:00+01:00,-5678.06325,24689.43279,34893.05525
2024-11-30T09:00+01:00,-7301.67725,23385.05363,40650.80569
2024-11-30T10:00+01:00,-7179.479,22360.45263,45794.798
2024-11-30T11:00+01:00,-7632.495,21655.16482,47159.35274
2024-11-30T12:00+01:00,-7000.65375,21412.26009,44395.57174
2024-11-30T13:00+01:00,-4699.905,21554.46729,37900.445
2024-11-30T14:00+01:00,-3594.164,23522.85058,29435.14356
2024-11-30T15:00+01:00,1058.70925,25781.82514,22531.00714
2024-11-30T16:00+01:00,1099.55125,26727.15032,22721.23797
2024-11-30T17:00+01:00,-174.00225,26728.64525,26225.72084
2024-11-30T18:00+01:00,-2375.30225,26632.38697,27716.52351
2024-11-30T19:00+01:00,-1936.02225,26591.86957,27309.76846
2024-11-30T20:00+01:00,-1846.36825,26077.48165,25675.36176
2024-11-30T21:00+01:00,-1150.741,25498.78985,24137.66565
2024-11-30T22:00+01:00,-746.46675,25048.89752,22393.95931
2024-11-30T23:00+01:00,-274.51875,23929.74443,21293.60297
2024-12-01T00:00+01:00,509.2015,22734.62543,20588.39624
2024-12-01T01:00+01:00,1014.08325,21842.68597,19680.56776
2024-12-01T02:00+01:00,1618.13025,21706.47354,19122.22027
2024-12-01T03:00+01:00,2585.333,21249.81673,18567.65699
2024-12-01T04:00+01:00,4003.9235,21240.20895,18034.12364
2024-12-01T05:00+01:00,3873.3725,21543.67811,17454.60008
2024-12-01T06:00+01:00,2298.13225,21605.30634,17665.02658
2024-12-01T07:00+01:00,1395.03125,22368.8148,17952.29235
2024-12-01T08:00+01:00,964.48575,22734.41519,20770.36212
2024-12-01T09:00+01:00,174.798,22604.65472,25722.21438
2024-12-01T10:00+01:00,-1086.91575,22599.51255,30135.80082
2024-12-01T11:00+01:00,-1637.801,22612.04382,31626.50311
2024-12-01T12:00+01:00,-1189.98075,22637.79288,31119.02235
2024-12-01T13:00+01:00,239.13225,22253.62275,28431.94562
2024-12-01T14:00+01:00,638.205,22301.52985,24436.78048
2024-12-01T15:00+01:00,1357.85825,22484.80148,22310.64578
2024-12-01T16:00+01:00,755.10575,22849.5426,26099.97182
2024-12-01T17:00+01:00,-1747.3545,23680.0535,30369.43617
2024-12-01T18:00+01:00,-3394.74375,24111.41948,32815.92048
2024-12-01T19:00+01:00,-4083.30525,24550.6268,34090.45911
2024-12-01T20:00+01:00,-3949.76,24091.97047,35286.49867
2024-12-01T21:00+01:00,-4411.4175,23369.67852,35624.76057
2024-12-01T22:00+01:00,-3642.03325,23281.74484,34668.50357
2024-12-01T23:00+01:00,-4461.4775,22915.92069,34083.43583
2024-12-02T00:00+01:00,-3313.30425,21444.90322,34442.15654
2024-12-02T01:00+01:00,-2841.4535,20745.21506,33709.96621
2024-12-02T02:00+01:00,-1266.9105,20153.61948,32797.42498
2024-12-02T03:00+01:00,314.378,19669.17721,31863.81087
2024-12-02T04:00+01:00,1038.422,20076.39313,31580.33289
2024-12-02T05:00+01:00,1419.56025,22377.33425,31361.75076
2024-12-02T06:00+01:00,-6.3545,25530.33591,31905.7467
2024-12-02T07:00+01:00,676.9615,27262.23019,32032.05841
2024-12-02T08:00+01:00,30.418,28587.31148,33270.07528
2024-12-02T09:00+01:00,-589.55575,29740.81873,34844.64877
2024-12-02T10:00+01:00,-791.2535,30270.1921,36327.64659
2024-12-02T11:00+01:00,782.491,30657.80873,36787.28054
2024-12-02T12:00+01:00,1264.973,31073.00393,35928.35893
2024-12-02T13:00+01:00,2040.18875,31569.50176,33441.09047
2024-12-02T14:00+01:00,3702.31275,31662.6577,30173.5569
2024-12-02T15:00+01:00,4684.8385,31706.45105,27306.06648
2024-12-02T16:00+01:00,3783.48725,31688.86027,26674.2146
2024-12-02T17:00+01:00,2666.53225,31891.89619,26443.47046
2024-12-02T18:00+01:00,2703.797,31926.09488,26743.82756
2024-12-02T19:00+01:00,2365.62525,31844.65057,26224.39551
2024-12-02T20:00+01:00,696.663,31011.34099,25837.76166
2024-12-02T21:00+01:00,1283.115,30061.29026,25630.09871
2024-12-02T22:00+01:00,342.53975,29108.79102,25359.36621
2024-12-02T23:00+01:00,51.00425,27817.6288,25740.88575
2024-12-03T00:00+01:00,-878.5775,27349.44573,26162.23263
2024-12-03T01:00+01:00,-2021.198,26491.03912,27853.21669
2024-12-03T02:00+01:00,-2248.4625,25778.53353,28228.54862
2024-12-03T03:00+01:00,-1960.8885,25873.94636,27595.27885
2024-12-03T04:00+01:00,-1301.56225,26262.46395,27195.6953
2024-12-03T05:00+01:00,-478.5545,27407.66147,26986.15534
2024-12-03T06:00+01:00,719.93125,29773.52234,28046.2249
2024-12-03T07:00+01:00,414.58725,33774.7191,28188.34349
2024-12-03T08:00+01:00,609.9015,35284.24353,28773.05115
2024-12-03T09:00+01:00,-215.845,35384.56312,30759.12151
2024-12-03T10:00+01:00,232.1755,34590.07338,32292.20256
2024-12-03T11:00+01:00,517.04325,34182.07711,32685.87481
2024-12-03T12:00+01:00,1733.02475,34286.26865,31715.10009
2024-12-03T13:00+01:00,3042.80775,34959.50572,28910.0715
2024-12-03T14:00+01:00,3832.265,36105.20258,25245.99048
2024-12-03T15:00+01:00,4245.96125,36584.88135,23170.27978
2024-12-03T16:00+01:00,2911.4035,37362.41581,21811.2266
2024-12-03T17:00+01:00,2608.19925,37347.68971,21457.63954
2024-12-03T18:00+01:00,1977.565,37361.71483,21050.54053
2024-12-03T19:00+01:00,2083.41525,37197.81911,20127.13356
2024-12-03T20:00+01:00,4349.8905,36004.30379,18771.00307
2024-12-03T21:00+01:00,3864.149,35433.48382,18111.92726
2024-12-03T22:00+01:00,2987.881,34838.14589,18034.37185
2024-12-03T23:00+01:00,2994.4865,32971.90582,17355.12278
2024-12-04T00:00+01:00,3001.48125,31947.8003,16697.35711
2024-12-04T01:00+01:00,4048.82625,31860.17419,15698.39665
2024-12-04T02:00+01:00,4537.67625,31837.71412,15074.41507
2024-12-04T03:00+01:00,4684.87425,31801.87054,14741.98213
2024-12-04T04:00+01:00,5772.38525,31650.21068,14960.92406
2024-12-04T05:00+01:00,5853.838,32642.81614,15446.77159
2024-12-04T06:00+01:00,8859.523,34663.39586,15428.37116
2024-12-04T07:00+01:00,9169.27475,36954.38353,15290.98285
2024-12-04T08:00+01:00,9023.753,37846.45939,15828.86605
2024-12-04T09:00+01:00,7952.43675,37861.21452,17778.61772
2024-12-04T10:00+01:00,8320.4545,37499.36448,20061.80057
2024-12-04T11:00+01:00,8368.36525,36784.57892,21819.22096
2024-12-04T12:00+01:00,8853.569,36399.80931,21548.76173
2024-12-04T13:00+01:00,8156.27175,36500.1301,19678.4236
2024-12-04T14:00+01:00,9880.58125,37119.51491,16486.73972
2024-12-04T15:00+01:00,9328.719,37920.30954,13943.57544
2024-12-04T16:00+01:00,8680.81575,38417.63842,13539.79163
2024-12-04T17:00+01:00,9841.87425,38571.28975,14089.73564
2024-12-04T18:00+01:00,10261.9,38168.69852,14506.90497
2024-12-04T19:00+01:00,10178.88475,36657.81817,14736.0778
2024-12-04T20:00+01:00,9674.50725,35844.10544,15059.06198
2024-12-04T21:00+01:00,8066.8355,34934.39011,15172.86845
2024-12-04T22:00+01:00,7780.0575,32580.08813,15620.56028
2024-12-04T23:00+01:00,7125.81975,29099.96156,16272.89045
2024-12-05T00:00+01:00,6335.9125,27087.35014,16836.92947
2024-12-05T01:00+01:00,4673.11025,26240.28565,17546.16358
2024-12-05T02:00+01:00,5573.69775,25868.28308,18669.7215
2024-12-05T03:00+01:00,5798.06525,25969.62316,19765.55776
2024-12-05T04:00+01:00,5144.748,26484.90324,20718.76274
2024-12-05T05:00+01:00,4443.62075,27461.11882,21280.9345
2024-12-05T06:00+01:00,5042.028,29311.54312,23119.15743
2024-12-05T07:00+01:00,4875.87,30411.05827,24669.74742
2024-12-05T08:00+01:00,5621.1955,30863.1425,28328.97256
2024-12-05T09:00+01:00,1418.8745,30723.83255,35792.20804
2024-12-05T10:00+01:00,-1866.72125,29859.63606,42336.62373
2024-12-05T11:00+01:00,-3660.45375,28291.15151,47126.15725
2024-12-05T12:00+01:00,-3756.792,26842.59466,48178.28834
2024-12-05T13:00+01:00,-3656.56775,26643.64973,47327.86086
2024-12-05T14:00+01:00,-2163.12975,27081.57814,44081.66181
2024-12-05T15:00+01:00,-1712.71475,27735.64267,42396.70124
2024-12-05T16:00+01:00,-2369.96075,27872.98837,44572.52405
2024-12-05T17:00+01:00,-3246.39725,27571.69346,47403.83099
2024-12-05T18:00+01:00,-4586.70125,26817.47251,48184.00866
2024-12-05T19:00+01:00,-5505.288,26970.22182,47275.60072
2024-12-05T20:00+01:00,-5136.58775,25090.6519,46059.72707
2024-12-05T21:00+01:00,-3319.598,22621.06942,46086.94834
2024-12-05T22:00+01:00,-3396.57175,20661.81045,46396.52282
2024-12-05T23:00+01:00,-2744.042,17757.77497,46940.12657
2024-12-06T00:00+01:00,-3907.414,13490.8005,48648.9857
2024-12-06T01:00+01:00,-6370.13375,12786.37706,49396.56476
2024-12-06T02:00+01:00,-7264.515,12562.50461,49773.19655
2024-12-06T03:00+01:00,-6632.15075,12523.30445,48995.75942
2024-12-06T04:00+01:00,-5699.903,12880.38093,48088.14368
2024-12-06T05:00+01:00,-2696.36375,14268.36875,46098.27398
2024-12-06T06:00+01:00,-221.38525,18666.15437,45034.37199
2024-12-06T07:00+01:00,-1282.6605,22163.54409,43206.76472
2024-12-06T08:00+01:00,-2431.5735,23299.34043,42728.44394
2024-12-06T09:00+01:00,-3854.79125,23903.17585,43027.10012
2024-12-06T10:00+01:00,-2511.10175,23773.2083,44599.92245
2024-12-06T11:00+01:00,-1582.304,23911.44487,45334.9883
2024-12-06T12:00+01:00,-308.6935,24067.38398,45527.23269
2024-12-06T13:00+01:00,-1389.3595,24217.79563,44406.92867
2024-12-06T14:00+01:00,-1096.46775,24275.70597,42837.14127
2024-12-06T15:00+01:00,-2097.66925,25207.64658,40541.90366
2024-12-06T16:00+01:00,-3133.86,26378.19209,38451.37254
2024-12-06T17:00+01:00,-3785.58525,26707.05147,35712.29588
2024-12-06T18:00+01:00,-2587.881,26696.98816,32452.57314
2024-12-06T19:00+01:00,-658.53225,26505.0234,29971.50705
2024-12-06T20:00+01:00,579.281,25957.05609,28586.00732
2024-12-06T21:00+01:00,32.2755,24473.19521,27840.58199
2024-12-06T22:00+01:00,-38.88225,23098.08815,26366.86859
2024-12-06T23:00+01:00,1389.099,21226.6787,25909.62918
2024-12-07T00:00+01:00,1504.132,18025.22031,25780.15334
2024-12-07T01:00+01:00,618.4625,16665.34829,26244.02113
2024-12-07T02:00+01:00,3420.6715,15343.9141,26777.0368
2024-12-07T03:00+01:00,4102.66625,14836.49128,28513.66001
2024-12-07T04:00+01:00,4525.925,14591.03802,29419.39466
2024-12-07T05:00+01:00,3988.57475,14673.89898,31422.94522
2024-12-07T06:00+01:00,3153.24425,14834.94382,34362.27937
2024-12-07T07:00+01:00,2976.858,15338.28453,36987.12131
2024-12-07T08:00+01:00,2798.16475,16019.48179,40545.99141
2024-12-07T09:00+01:00,1033.3375,16201.68682,43234.99869
2024-12-07T10:00+01:00,604.504,15786.53512,44250.7881
2024-12-07T11:00+01:00,1180.0655,16791.94531,43781.23183
2024-12-07T12:00+01:00,973.4985,17690.49952,41710.31381
2024-12-07T13:00+01:00,1056.67825,17911.87073,39973.78823
2024-12-07T14:00+01:00,850.3835,18567.35576,38910.16654
2024-12-07T15:00+01:00,357.51025,18846.17695,38825.11087
2024-12-07T16:00+01:00,119.704,19447.18843,39553.30674
2024-12-07T17:00+01:00,-361.6505,19602.52465,39684.15276
2024-12-07T18:00+01:00,170.93775,19547.0225,37588.09572
2024-12-07T19:00+01:00,747.48175,18884.20203,34595.18345
2024-12-07T20:00+01:00,1371.19125,18373.02036,32242.58479
2024-12-07T21:00+01:00,1114.1075,17603.37166,30337.66339
2024-12-07T22:00+01:00,1855.44975,17128.68929,28330.93216
2024-12-07T23:00+01:00,2261.68975,16886.10696,25784.28969
2024-12-08T00:00+01:00,4186.99075,16482.71735,24122.22962
2024-12-08T01:00+01:00,4967.6185,16290.64917,22619.19859
2024-12-08T02:00+01:00,6131.0725,16267.57357,21294.71035
2024-12-08T03:00+01:00,6507.07275,16326.47297,20290.31018
2024-12-08T04:00+01:00,6390.42975,16169.95985,19055.28932
2024-12-08T05:00+01:00,5949.17725,16511.96141,18580.09734
2024-12-08T06:00+01:00,5402.82775,17289.1531,18410.36804
2024-12-08T07:00+01:00,4558.11575,18860.93316,18549.67046
2024-12-08T08:00+01:00,5084.28475,20623.95288,18890.79018
2024-12-08T09:00+01:00,4941.356,21732.94324,20581.89107
2024-12-08T10:00+01:00,3772.32675,22118.93703,23942.0234
2024-12-08T11:00+01:00,4007.23575,22152.39693,25979.97057
2024-12-08T12:00+01:00,3390.0725,22199.9273,26827.33341
2024-12-08T13:00+01:00,2440.54975,22234.785,26406.21232
2024-12-08T14:00+01:00,2179.29,22276.31009,26249.10543
2024-12-08T15:00+01:00,1448.65,22485.44664,25967.12981
2024-12-08T16:00+01:00,174.294,22828.70361,27674.84687
2024-12-08T17:00+01:00,218.7175,22758.84409,30101.47562
2024-12-08T18:00+01:00,399.807,22563.33515,32110.2064
2024-12-08T19:00+01:00,42.10175,22083.32023,33484.62985
2024-12-08T20:00+01:00,-758.775,20960.77534,33704.90748
2024-12-08T21:00+01:00,-520.637,20316.46634,33436.83049
2024-12-08T22:00+01:00,-166.8635,19425.3514,32885.93521
2024-12-08T23:00+01:00,79.66125,18379.63643,32726.34135
2024-12-09T00:00+01:00,2273.347,16621.76177,32840.311
2024-12-09T01:00+01:00,2906.0655,15187.90455,33117.58429
2024-12-09T02:00+01:00,2879.1745,14776.12818,34306.80246
2024-12-09T03:00+01:00,2424.66775,14755.48897,35047.16471
2024-12-09T04:00+01:00,3121.0315,15183.59036,36132.38951
2024-12-09T05:00+01:00,1971.306,17847.67587,36369.11584
2024-12-09T06:00+01:00,2007.495,21555.46563,37529.21568
2024-12-09T07:00+01:00,2385.75725,25001.91391,36919.28944
2024-12-09T08:00+01:00,1709.398,26260.93302,38118.86649
2024-12-09T09:00+01:00,2590.82525,26570.13196,38440.99978
2024-12-09T10:00+01:00,2399.24775,26752.74617,39122.92843
2024-12-09T11:00+01:00,2771.16325,26779.47452,39715.72927
2024-12-09T12:00+01:00,3023.178,26771.18624,39903.20508
2024-12-09T13:00+01:00,3466.5835,26608.60179,40481.8206
2024-12-09T14:00+01:00,3802.80075,26647.01351,39692.97276
2024-12-09T15:00+01:00,2971.45525,26836.41183,39373.02061
2024-12-09T16:00+01:00,2005.0625,27206.05619,39869.58472
2024-12-09T17:00+01:00,1029.341,27451.43251,39784.28424
2024-12-09T18:00+01:00,-995.973,28083.45387,40332.24597
2024-12-09T19:00+01:00,-1482.09625,27946.56018,40135.5155
2024-12-09T20:00+01:00,-1928.8505,27873.71901,39919.03661
2024-12-09T21:00+01:00,-2466.40525,26551.16214,39369.78706
2024-12-09T22:00+01:00,-3790.9915,26014.04534,37854.63974
2024-12-09T23:00+01:00,-5070.1695,25227.65182,36723.48163
2024-12-10T00:00+01:00,-5476.10725,24317.83966,35959.72532
2024-12-10T01:00+01:00,-4018.7565,23491.59608,35274.52368
2024-12-10T02:00+01:00,-4179.18825,22593.4421,34598.74846
2024-12-10T03:00+01:00,-2984.30375,22261.27717,33205.67882
2024-12-10T04:00+01:00,-2327.707,22438.61345,32245.7992
2024-12-10T05:00+01:00,-2620.851,23379.72789,31275.58206
2024-12-10T06:00+01:00,560.9485,27078.68022,31288.36059
2024-12-10T07:00+01:00,2305.76125,30897.68817,29934.76535
2024-12-10T08:00+01:00,3722.50225,32926.39916,28918.09276
2024-12-10T09:00+01:00,4209.8265,33665.0427,28609.53898
2024-12-10T10:00+01:00,4779.8225,33982.76721,27742.52123
2024-12-10T11:00+01:00,5362.32725,34638.48337,26271.13074
2024-12-10T12:00+01:00,6265.109,34956.3631,25140.65943
2024-12-10T13:00+01:00,6960.7855,34920.74536,23823.08094
2024-12-10T14:00+01:00,7558.2265,35047.25661,22627.1078
2024-12-10T15:00+01:00,7952.82075,35774.29666,21506.82103
2024-12-10T16:00+01:00,7635.8665,36159.54632,20585.79062
2024-12-10T17:00+01:00,6865.06875,36254.07252,19460.71787
2024-12-10T18:00+01:00,7926.497,36244.76343,18056.82094
2024-12-10T19:00+01:00,8227.906,36258.84287,16453.42121
2024-12-10T20:00+01:00,9574.9655,35774.19699,14740.68833
2024-12-10T21:00+01:00,9950.12325,34621.43379,13190.07729
2024-12-10T22:00+01:00,9766.46275,33756.77101,11869.19686
2024-12-10T23:00+01:00,10922.73175,33019.71616,11011.98717
2024-12-11T00:00+01:00,10118.68925,32888.65088,10359.16822
2024-12-11T01:00+01:00,9435.983,32704.3814,9959.451294
2024-12-11T02:00+01:00,8955.80925,32742.05259,9768.031515
2024-12-11T03:00+01:00,9675.057,32718.39113,9640.994653
2024-12-11T04:00+01:00,10407.63875,33297.5244,9390.39221
2024-12-11T05:00+01:00,11680.11975,34408.59267,9165.478883
2024-12-11T06:00+01:00,13173.92225,35980.97113,9267.154084
2024-12-11T07:00+01:00,14166.04325,37397.53289,9338.72705
2024-12-11T08:00+01:00,14847.3025,38079.70206,9561.370441
2024-12-11T09:00+01:00,13877.0075,38286.21131,10066.8138
2024-12-11T10:00+01:00,13633.1945,38459.51852,10888.5104
2024-12-11T11:00+01:00,12821.14125,38443.6906,11350.0851
2024-12-11T12:00+01:00,14323.4775,38484.59607,11433.31186
2024-12-11T13:00+01:00,13558.87425,38443.70086,11470.61921
2024-12-11T14:00+01:00,13334.663,38415.30619,10808.50461
2024-12-11T15:00+01:00,13279.84775,38470.92712,10183.54609
2024-12-11T16:00+01:00,13067.185,38805.38665,10227.2717
2024-12-11T17:00+01:00,13998.4925,39021.32269,10204.51965
2024-12-11T18:00+01:00,15320.732,38904.58864,10034.62647
2024-12-11T19:00+01:00,15953.272,38807.61213,9929.625893
2024-12-11T20:00+01:00,14594.52725,38153.82719,9889.746054
2024-12-11T21:00+01:00,14463.513,37028.82792,9885.053896
2024-12-11T22:00+01:00,13717.198,35567.75924,10082.82699
2024-12-11T23:00+01:00,12444.7685,34357.41264,10356.14229
2024-12-12T00:00+01:00,10960.00425,33673.62562,10166.50414
2024-12-12T01:00+01:00,10447.38625,33219.6959,9989.270136
2024-12-12T02:00+01:00,9670.89575,33344.38813,9639.038072
2024-12-12T03:00+01:00,9914.325,33685.10221,9164.246174
2024-12-12T04:00+01:00,10826.41125,33999.76355,8950.801139
2024-12-12T05:00+01:00,13058.3225,34620.38594,8659.760734
2024-12-12T06:00+01:00,15761.9355,36101.47183,8512.875635
2024-12-12T07:00+01:00,16463.21675,37394.53179,8384.296279
2024-12-12T08:00+01:00,17035.02175,37931.95323,8426.785197
2024-12-12T09:00+01:00,16168.41,38031.01518,9329.089702
2024-12-12T10:00+01:00,15553.76925,38369.07983,10381.29856
2024-12-12T11:00+01:00,15825.93475,38533.41389,11108.3486
2024-12-12T12:00+01:00,16581.54925,38195.66824,11387.42444
2024-12-12T13:00+01:00,14362.13075,38616.62262,11182.19356
2024-12-12T14:00+01:00,14993.67275,38744.26988,9986.238277
2024-12-12T15:00+01:00,14197.905,38783.03099,8981.223636
2024-12-12T16:00+01:00,12832.8605,39314.23118,8771.402366
2024-12-12T17:00+01:00,13119.0005,39401.10481,8929.083124
2024-12-12T18:00+01:00,13493.6975,39064.16129,8896.760045
2024-12-12T19:00+01:00,13051.33175,38302.91775,8767.453713
2024-12-12T20:00+01:00,13156.77075,37212.91872,8808.651949
2024-12-12T21:00+01:00,12908.892,36073.30471,9083.682165
2024-12-12T22:00+01:00,13113.49675,34533.70924,9385.912043
2024-12-12T23:00+01:00,11255.1055,34042.15141,9843.7737
2024-12-13T00:00+01:00,10336.68625,33924.88891,10047.23442
2024-12-13T01:00+01:00,9732.37525,33555.14669,10324.81993
2024-12-13T02:00+01:00,8894.73825,32903.02052,10769.97864
2024-12-13T03:00+01:00,9328.365,32630.41154,11540.91348
2024-12-13T04:00+01:00,10069.24975,32348.10494,12089.91044
2024-12-13T05:00+01:00,9437.40025,33673.84312,12888.05685
2024-12-13T06:00+01:00,10785.1745,34479.94576,13723.06266
2024-12-13T07:00+01:00,11592.2145,35901.61345,14424.48979
2024-12-13T08:00+01:00,11526.7495,36417.04709,15471.16691
2024-12-13T09:00+01:00,9771.486,36620.87383,16824.967
2024-12-13T10:00+01:00,8785.74425,37012.62268,18512.23372
2024-12-13T11:00+01:00,8600.84075,37153.878,19676.19566
2024-12-13T12:00+01:00,8250.88825,37518.46012,19709.41013
2024-12-13T13:00+01:00,7677.1935,37069.88741,18151.81874
2024-12-13T14:00+01:00,9482.952,35734.15202,15422.17006
2024-12-13T15:00+01:00,9090.40075,36057.51815,12809.45947
2024-12-13T16:00+01:00,10175.645,36085.81129,11998.38174
2024-12-13T17:00+01:00,9571.9685,35897.89035,12498.22841
2024-12-13T18:00+01:00,9494.39175,35619.01725,13059.93902
2024-12-13T19:00+01:00,9131.04925,35089.68965,13504.16372
2024-12-13T20:00+01:00,7506.71575,34216.68449,14229.20105
2024-12-13T21:00+01:00,6875.99925,32783.44262,14570.2571
2024-12-13T22:00+01:00,5194.4405,32174.11563,14784.78603
2024-12-13T23:00+01:00,4508.12625,29817.3297,15198.50421
2024-12-14T00:00+01:00,2805.065,28404.41505,15766.182
2024-12-14T01:00+01:00,3093.3915,26265.32216,16585.0429
2024-12-14T02:00+01:00,2148.76625,24903.95554,17398.82693
2024-12-14T03:00+01:00,2209.34175,24256.7112,18399.12021
2024-12-14T04:00+01:00,1112.60575,24084.94026,19472.74565
2024-12-14T05:00+01:00,29.95025,24128.27796,20488.09433
2024-12-14T06:00+01:00,-1365.66675,24263.95922,21741.71956
2024-12-14T07:00+01:00,-1714.21775,24828.07553,23198.24644
2024-12-14T08:00+01:00,-722.3595,25362.75514,25192.58192
2024-12-14T09:00+01:00,-2108.5645,25459.65114,27366.37739
2024-12-14T10:00+01:00,-2095.58825,25600.74441,29908.94797
2024-12-14T11:00+01:00,-1611.279,25751.89665,32159.96448
2024-12-14T12:00+01:00,-837.9155,25651.99981,33618.54741
2024-12-14T13:00+01:00,-1724.30375,25483.08635,33357.36203
2024-12-14T14:00+01:00,-1714.51225,25647.60826,32642.30724
2024-12-14T15:00+01:00,-1629.45875,25398.09506,33129.79904
2024-12-14T16:00+01:00,-2645.98475,25335.48923,33644.56834
2024-12-14T17:00+01:00,-2495.015,25294.67272,34632.35666
2024-12-14T18:00+01:00,-3646.84175,24901.14457,35756.75787
2024-12-14T19:00+01:00,-5311.2785,23584.23752,36051.3012
2024-12-14T20:00+01:00,-6899.66825,22232.33982,37320.53619
2024-12-14T21:00+01:00,-6334.8235,20487.02161,38053.09385
2024-12-14T22:00+01:00,-6143.87425,19219.8523,37730.09745
2024-12-14T23:00+01:00,-6013.0195,18222.99598,36801.85109
2024-12-15T00:00+01:00,-6626.29425,17289.88412,36573.69144
2024-12-15T01:00+01:00,-6263.4465,15816.18211,37366.37368
2024-12-15T02:00+01:00,-5535.967,14639.22963,36906.63378
2024-12-15T03:00+01:00,-4586.69275,13326.3839,36783.09685
2024-12-15T04:00+01:00,-2428.6515,13045.4426,36928.30264
2024-12-15T05:00+01:00,-2447.44775,12933.98625,36977.02637
2024-12-15T06:00+01:00,-2445.432,12689.92416,37737.12663
2024-12-15T07:00+01:00,-3918.2155,12963.52448,38314.49495
2024-12-15T08:00+01:00,-5230.6035,14057.77555,39553.36578
2024-12-15T09:00+01:00,-7184.46675,15836.81566,42608.22973
2024-12-15T10:00+01:00,-6965.22625,16228.44863,45503.66481
2024-12-15T11:00+01:00,-6677.3005,15889.07976,48746.43254
2024-12-15T12:00+01:00,-7570.318,16056.71921,50001.4459
2024-12-15T13:00+01:00,-8285.43575,15931.6287,50592.26344
2024-12-15T14:00+01:00,-9066.99725,16436.84744,49262.81051
2024-12-15T15:00+01:00,-9096.97925,16837.6785,48757.84815
2024-12-15T16:00+01:00,-8233.26,17505.19889,49617.62138
2024-12-15T17:00+01:00,-7902.5485,18309.3312,50449.62561
2024-12-15T18:00+01:00,-8003.91775,18200.32827,51078.26259
2024-12-15T19:00+01:00,-8919.35975,18035.88177,51377.21464
2024-12-15T20:00+01:00,-10172.93625,17265.75047,52122.88454
2024-12-15T21:00+01:00,-10918.74625,16509.16013,52614.53241
2024-12-15T22:00+01:00,-9572.55775,16028.02709,51290.16464
2024-12-15T23:00+01:00,-11270.8965,14663.1851,51883.88894
2024-12-16T00:00+01:00,-12733.026,13999.07591,52212.80748
2024-12-16T01:00+01:00,-13719.017,14012.67768,52778.65745
2024-12-16T02:00+01:00,-14377.52975,14229.03639,52348.65926
2024-12-16T03:00+01:00,-13205.11425,14184.94657,51532.72573
2024-12-16T04:00+01:00,-11692.71625,14014.04359,50795.52927
2024-12-16T05:00+01:00,-10735.6565,14666.35444,52092.07854
2024-12-16T06:00+01:00,-6478.6685,16284.1767,53457.9363
2024-12-16T07:00+01:00,-6206.0075,18232.0306,52933.3218
2024-12-16T08:00+01:00,-6631.2945,19763.51504,52259.19185
2024-12-16T09:00+01:00,-6604.65775,20943.02111,52331.06322
2024-12-16T10:00+01:00,-6513.33975,21374.29284,54586.43826
2024-12-16T11:00+01:00,-6002.32375,21255.8119,56228.3655
2024-12-16T12:00+01:00,-6277.467,20982.09019,57273.59537
2024-12-16T13:00+01:00,-6195.647,21262.37403,56597.2552
2024-12-16T14:00+01:00,-6540.5275,21452.31165,54120.73791
2024-12-16T15:00+01:00,-5613.8525,21607.53203,51774.25967
2024-12-16T16:00+01:00,-5093.78125,21959.92892,50376.20859
2024-12-16T17:00+01:00,-5973.92175,22793.90007,50197.83383
2024-12-16T18:00+01:00,-6007.567,22715.44342,49878.25729
2024-12-16T19:00+01:00,-5928.07425,22032.0633,50405.25221
2024-12-16T20:00+01:00,-5625.9885,20122.30399,49686.54638
2024-12-16T21:00+01:00,-5992.7855,18616.4653,49508.76965
2024-12-16T22:00+01:00,-6098.77775,18158.48988,46642.88552
2024-12-16T23:00+01:00,-7239.204,18284.92996,44974.35019
2024-12-17T00:00+01:00,-9422.7525,18370.00509,44458.13326
2024-12-17T01:00+01:00,-9276.00525,18788.48893,43430.22296
2024-12-17T02:00+01:00,-8527.926,19424.88596,42302.50644
2024-12-17T03:00+01:00,-7390.4655,19866.52852,40978.34301
2024-12-17T04:00+01:00,-7071.21425,20491.08299,39981.26958
2024-12-17T05:00+01:00,-6741.76725,22467.54889,38726.9091
2024-12-17T06:00+01:00,-7063.88575,25961.18162,38115.39361
2024-12-17T07:00+01:00,-6148.2625,28769.22733,37107.22583
2024-12-17T08:00+01:00,-5044.9805,30113.87808,36833.91928
2024-12-17T09:00+01:00,-5094.855,30426.81307,38724.27496
2024-12-17T10:00+01:00,-4328.14475,30103.13397,40778.10661
2024-12-17T11:00+01:00,-4452.52225,29683.10836,41092.83557
2024-12-17T12:00+01:00,-3023.31425,29426.48256,39158.38473
2024-12-17T13:00+01:00,-152.734,29114.2732,34994.78
2024-12-17T14:00+01:00,2429.2565,28907.86671,30669.58559
2024-12-17T15:00+01:00,4868.9195,29094.35785,26446.69956
2024-12-17T16:00+01:00,4482.197,29237.55265,25417.07316
2024-12-17T17:00+01:00,3864.438,28995.74455,26921.66055
2024-12-17T18:00+01:00,2984.63075,28876.52661,27181.94016
2024-12-17T19:00+01:00,3238.544,28441.95826,26962.60315
2024-12-17T20:00+01:00,2601.1075,27662.73446,27349.79852
2024-12-17T21:00+01:00,2362.49525,26295.69595,27399.3478
2024-12-17T22:00+01:00,2211.67925,24168.45494,27202.81259
2024-12-17T23:00+01:00,1993.51725,20541.12779,27853.96929
2024-12-18T00:00+01:00,2857.5755,16336.76365,29281.6604
2024-12-18T01:00+01:00,2454.645,14203.56224,30581.79604
2024-12-18T02:00+01:00,3571.53475,13309.12744,32404.35108
2024-12-18T03:00+01:00,4298.76175,13172.68709,33738.79687
2024-12-18T04:00+01:00,4055.59775,13159.35811,36115.69805
2024-12-18T05:00+01:00,4397.59275,13122.97515,37638.61415
2024-12-18T06:00+01:00,4101.37525,13719.16392,39705.89078
2024-12-18T07:00+01:00,1940.63475,15729.3191,43014.6054
2024-12-18T08:00+01:00,-1755.88675,17034.97763,46298.4925
2024-12-18T09:00+01:00,-3933.5355,16892.08964,50105.85839
2024-12-18T10:00+01:00,-4710.4395,16432.42219,53521.28003
2024-12-18T11:00+01:00,-5114.5275,15770.70148,54757.14485
2024-12-18T12:00+01:00,-5585.857,15843.66661,56724.61559
2024-12-18T13:00+01:00,-4727.62925,15663.72979,57073.15168
2024-12-18T14:00+01:00,-4538.38925,15267.5815,55963.12399
2024-12-18T15:00+01:00,-3102.44325,15405.70336,53938.26471
2024-12-18T16:00+01:00,-3289.354,16529.5729,53573.81729
2024-12-18T17:00+01:00,-3688.823,16623.36284,54670.30526
2024-12-18T18:00+01:00,-5486.16675,17265.9563,53756.06003
2024-12-18T19:00+01:00,-5493.513,16635.56101,52805.73995
2024-12-18T20:00+01:00,-3929.05325,14463.32618,51548.49248
2024-12-18T21:00+01:00,-2225.195,12588.95921,50715.89462
2024-12-18T22:00+01:00,-2258.579,11784.21452,47721.67749
2024-12-18T23:00+01:00,-3086.59975,10806.39502,45966.9883
2024-12-19T00:00+01:00,-4720.984,10316.66564,45147.04674
2024-12-19T01:00+01:00,-4732.419,10343.16159,43142.00276
2024-12-19T02:00+01:00,-6626.804,10622.55873,44336.03706
2024-12-19T03:00+01:00,-6753.67825,10862.71216,45201.33537
2024-12-19T04:00+01:00,-6628.29875,10747.66165,46599.66453
2024-12-19T05:00+01:00,-6171.39575,10911.64124,48718.06548
2024-12-19T06:00+01:00,-4770.67775,11064.27583,53113.1937
2024-12-19T07:00+01:00,-5807.5175,12510.86475,55035.81138
2024-12-19T08:00+01:00,-6814.39375,14767.87138,56146.67415
2024-12-19T09:00+01:00,-6283.82725,15399.28586,56162.10171
2024-12-19T10:00+01:00,-6198.36775,15482.28064,56490.10785
2024-12-19T11:00+01:00,-5197.607,15180.70287,55922.70361
2024-12-19T12:00+01:00,-4529.3065,15417.69003,55060.67497
2024-12-19T13:00+01:00,-2381.891,15354.45044,53008.93297
2024-12-19T14:00+01:00,-1881.37425,15121.06327,50842.92252
2024-12-19T15:00+01:00,-1257.912,14927.8917,48950.88416
2024-12-19T16:00+01:00,-1224.263,14484.25297,46879.8283
2024-12-19T17:00+01:00,-1841.7635,15298.06308,45673.46488
2024-12-19T18:00+01:00,-3931.01125,16168.25268,46205.00053
2024-12-19T19:00+01:00,-5551.435,15832.37858,46874.9976
2024-12-19T20:00+01:00,-6775.40025,15259.0859,48528.48446
2024-12-19T21:00+01:00,-6502.77575,14649.2134,48572.79797
2024-12-19T22:00+01:00,-6651.7065,14384.11463,48157.94329
2024-12-19T23:00+01:00,-8319.70575,14534.60847,47367.57881
2024-12-20T00:00+01:00,-8566.1065,14038.18963,46825.31733
2024-12-20T01:00+01:00,-8696.61575,13896.53801,46664.83014
2024-12-20T02:00+01:00,-8922.54,14662.92317,45894.07537
2024-12-20T03:00+01:00,-7977.67375,14505.90505,45433.58885
2024-12-20T04:00+01:00,-6045.3495,14594.74635,45431.27927
2024-12-20T05:00+01:00,-4849.04225,15115.95626,44987.39145
2024-12-20T06:00+01:00,-5625.862,16538.86853,45814.3293
2024-12-20T07:00+01:00,-4439.9135,18470.91927,44697.59478
2024-12-20T08:00+01:00,-5709.98975,20087.42938,43167.92012
2024-12-20T09:00+01:00,-6351.06225,19948.49773,43549.53
2024-12-20T10:00+01:00,-6172.0225,19137.62978,46495.22517
2024-12-20T11:00+01:00,-6039.0085,18131.4118,48386.14178
2024-12-20T12:00+01:00,-6230.857,18156.08739,48844.47336
2024-12-20T13:00+01:00,-4427.4305,17606.56123,47220.78944
2024-12-20T14:00+01:00,-2822.517,16950.95126,43283.49828
2024-12-20T15:00+01:00,-1246.656,16966.66278,38939.73578
2024-12-20T16:00+01:00,-626.297,17336.65269,38073.92389
2024-12-20T17:00+01:00,-2053.0125,17232.49839,39836.81319
2024-12-20T18:00+01:00,-2677.16375,16967.21793,41185.3973
2024-12-20T19:00+01:00,-2027.05125,15689.61442,41938.09113
2024-12-20T20:00+01:00,-2744.2505,14946.54853,42487.71203
2024-12-20T21:00+01:00,-2879.51625,13999.70404,42864.27128
2024-12-20T22:00+01:00,-3273.58725,13103.52075,41778.36225
2024-12-20T23:00+01:00,-4210.2115,12042.87475,41992.6064
2024-12-21T00:00+01:00,-4796.4625,11443.96713,42181.925
2024-12-21T01:00+01:00,-6126.14125,11277.2977,42719.94755
2024-12-21T02:00+01:00,-6671.93175,10809.03421,43316.16297
2024-12-21T03:00+01:00,-5888.077,10220.05201,43974.51227
2024-12-21T04:00+01:00,-5902.7505,10225.88187,44066.92336
2024-12-21T05:00+01:00,-5909.37775,10262.23193,44479.03438
2024-12-21T06:00+01:00,-5736.55375,10185.56432,45017.67372
2024-12-21T07:00+01:00,-6568.28425,9949.311313,44946.79365
2024-12-21T08:00+01:00,-6436.4905,9915.539398,46290.53565
2024-12-21T09:00+01:00,-6446.419,10022.11364,49306.21797
2024-12-21T10:00+01:00,-6169.5915,10570.95181,51369.10185
2024-12-21T11:00+01:00,-6847.6015,10685.74087,54745.931
2024-12-21T12:00+01:00,-8455.45825,10762.04191,55745.51976
2024-12-21T13:00+01:00,-6831.1925,11038.93481,53738.76345
2024-12-21T14:00+01:00,-6187.90325,10464.35125,51621.95541
2024-12-21T15:00+01:00,-5101.00075,10119.55834,51415.4701
2024-12-21T16:00+01:00,-5174.82225,10454.13548,52272.05463
2024-12-21T17:00+01:00,-5768.689,10740.0902,53117.87606
2024-12-21T18:00+01:00,-7901.397,10927.22744,53656.41592
2024-12-21T19:00+01:00,-11462.418,10748.74058,54950.31032
2024-12-21T20:00+01:00,-13266.6595,10363.43948,55935.50517
2024-12-21T21:00+01:00,-13144.778,10213.31578,56181.85929
2024-12-21T22:00+01:00,-12325.38075,10005.11225,54113.97234
2024-12-21T23:00+01:00,-12819.7665,10231.20439,52061.91023
2024-12-22T00:00+01:00,-12966.4515,9893.067678,50352.70878
2024-12-22T01:00+01:00,-10203.51725,9493.373045,47164.27
2024-12-22T02:00+01:00,-10137.062,9263.318151,46826.36772
2024-12-22T03:00+01:00,-8687.99225,8992.658714,45171.21052
2024-12-22T04:00+01:00,-7789.4275,8834.406012,44417.90191
2024-12-22T05:00+01:00,-7257.2235,8757.895396,43157.01285
2024-12-22T06:00+01:00,-7161.298,8743.855303,42488.07288
2024-12-22T07:00+01:00,-4658.26975,8985.384631,40665.1806
2024-12-22T08:00+01:00,-5857.33725,9149.37144,41216.90352
2024-12-22T09:00+01:00,-3745.26725,9536.187012,41027.59989
2024-12-22T10:00+01:00,-1655.6465,9391.04357,42061.43957
2024-12-22T11:00+01:00,-379.33925,9415.404712,43152.25963
2024-12-22T12:00+01:00,-76.6825,9086.903101,44471.72447
2024-12-22T13:00+01:00,-772.957,9325.504922,41933.40043
2024-12-22T14:00+01:00,-903.8855,10602.13092,40342.08529
2024-12-22T15:00+01:00,662.0075,11801.57516,37598.75376
2024-12-22T16:00+01:00,-106.25425,12647.40565,36059.61816
2024-12-22T17:00+01:00,-230.34725,13122.34704,36132.06895
2024-12-22T18:00+01:00,-2173.076,13427.19757,37302.13915
2024-12-22T19:00+01:00,-2514.06425,13158.35056,37665.90438
2024-12-22T20:00+01:00,-2592.47025,12913.39043,37328.08485
2024-12-22T21:00+01:00,-3005.156,12738.58192,37093.76953
2024-12-22T22:00+01:00,-2934.33575,12375.33032,36274.67064
2024-12-22T23:00+01:00,-2871.00325,11777.19255,36251.0657
2024-12-23T00:00+01:00,744.002,10256.90566,37174.06068
2024-12-23T01:00+01:00,728.66575,9532.626531,37354.48134
2024-12-23T02:00+01:00,445.32875,9421.687308,37505.25258
2024-12-23T03:00+01:00,129.6825,9476.815278,36854.32068
2024-12-23T04:00+01:00,-858.0635,10460.19357,36499.52804
2024-12-23T05:00+01:00,-1402.866,11838.30067,35881.37705
2024-12-23T06:00+01:00,-259.211,13288.36511,36308.17868
2024-12-23T07:00+01:00,-1834.4005,14668.0806,38535.27792
2024-12-23T08:00+01:00,-3947.724,15759.68696,40634.20006
2024-12-23T09:00+01:00,-4544.3585,16236.83512,43773.88343
2024-12-23T10:00+01:00,-4811.81925,15288.81677,46882.89215
2024-12-23T11:00+01:00,-4651.05725,14705.7871,49457.03646
2024-12-23T12:00+01:00,-4915.72425,14228.29581,50115.13605
2024-12-23T13:00+01:00,-3722.6065,14282.07177,47876.73219
2024-12-23T14:00+01:00,-3403.6955,15573.38105,44613.69781
2024-12-23T15:00+01:00,-5749.70225,17795.17728,41926.0808
2024-12-23T16:00+01:00,-6272.4855,18674.41801,41476.82996
2024-12-23T17:00+01:00,-6837.4925,19180.18064,41369.72079
2024-12-23T18:00+01:00,-7485.63575,19603.72009,40522.02278
2024-12-23T19:00+01:00,-7230.6045,20075.72604,38600.18408
2024-12-23T20:00+01:00,-7194.5945,19788.59992,36475.21598
2024-12-23T21:00+01:00,-5680.15875,18693.84524,34461.0462
2024-12-23T22:00+01:00,-4976.94525,17844.72183,32109.72747
2024-12-23T23:00+01:00,-3907.2785,17276.64989,29963.32362
2024-12-24T00:00+01:00,-3958.1645,17321.84015,27870.40182
2024-12-24T01:00+01:00,-2186.8065,17467.2409,24887.11525
2024-12-24T02:00+01:00,866.66925,17489.9225,22605.63276
2024-12-24T03:00+01:00,3058.1295,17805.89264,20822.74775
2024-12-24T04:00+01:00,5179.58125,18313.2235,19237.5476
2024-12-24T05:00+01:00,3970.849,19093.4145,17634.07398
2024-12-24T06:00+01:00,2877.785,20141.55196,16767.36137
2024-12-24T07:00+01:00,3264.86475,21504.57018,16575.55478
2024-12-24T08:00+01:00,3206.1535,22423.79207,17303.41294
2024-12-24T09:00+01:00,3110.0635,22581.56877,20566.9955
2024-12-24T10:00+01:00,2051.35625,22805.45303,23358.91032
2024-12-24T11:00+01:00,2431.3175,22938.7708,24433.06734
2024-12-24T12:00+01:00,3257.499,23046.40048,24290.99552
2024-12-24T13:00+01:00,3434.20375,22894.45946,23380.21898
2024-12-24T14:00+01:00,3038.67375,23128.26766,21154.89316
2024-12-24T15:00+01:00,3079.4255,23199.53068,18685.37021
2024-12-24T16:00+01:00,2366.73125,23126.55004,18674.52334
2024-12-24T17:00+01:00,2326.89675,22981.35699,19815.94759
2024-12-24T18:00+01:00,1067.6405,22933.0914,19247.66908
2024-12-24T19:00+01:00,1138.986,22891.68925,19579.09649
2024-12-24T20:00+01:00,1064.544,22452.66574,20395.72272
2024-12-24T21:00+01:00,914.67025,21682.0203,20530.77985
2024-12-24T22:00+01:00,1053.02325,21148.2282,20254.54753
2024-12-24T23:00+01:00,1544.0785,20193.55625,19664.0392
2024-12-25T00:00+01:00,1334.246,19963.57469,19475.68645
2024-12-25T01:00+01:00,2142.173,19508.66289,18878.49277
2024-12-25T02:00+01:00,2239.48975,19422.82801,18348.29647
2024-12-25T03:00+01:00,4159.03725,18932.80553,18145.30991
2024-12-25T04:00+01:00,5836.12675,18810.01432,17854.16796
2024-12-25T05:00+01:00,5622.59375,19388.69312,17506.83738
2024-12-25T06:00+01:00,3860.70975,19896.2464,17049.80584
2024-12-25T07:00+01:00,2564.4215,20077.06985,16610.51351
2024-12-25T08:00+01:00,3775.935,20538.17541,16969.35085
2024-12-25T09:00+01:00,5049.79,20362.23715,19613.85597
2024-12-25T10:00+01:00,3568.13325,20308.41106,22295.30755
2024-12-25T11:00+01:00,4343.29275,20172.27719,23845.89197
2024-12-25T12:00+01:00,5208.16375,20180.02328,23812.87467
2024-12-25T13:00+01:00,6259.1515,20118.40056,21979.68878
2024-12-25T14:00+01:00,6967.99775,20745.13347,18789.08473
2024-12-25T15:00+01:00,6622.003,21870.1906,15372.40325
2024-12-25T16:00+01:00,7809.619,22219.89598,14046.87018
2024-12-25T17:00+01:00,6439.5565,22420.1401,14640.3192
2024-12-25T18:00+01:00,5925.12075,22668.20685,14778.03148
2024-12-25T19:00+01:00,6396.9985,22690.41473,14880.52673
2024-12-25T20:00+01:00,6175.501,22617.49167,14512.74922
2024-12-25T21:00+01:00,5691.8725,22563.48653,14208.01798
2024-12-25T22:00+01:00,5191.501,22753.83429,13487.07698
2024-12-25T23:00+01:00,3855.64125,22519.81415,12896.74633
2024-12-26T00:00+01:00,3173.50225,22300.3048,12545.71973
2024-12-26T01:00+01:00,2933.28025,21800.69968,12262.81466
2024-12-26T02:00+01:00,4443.4825,21967.62351,12109.13296
2024-12-26T03:00+01:00,5631.16025,21985.04813,12069.00682
2024-12-26T04:00+01:00,6234.9735,22007.25972,11866.00694
2024-12-26T05:00+01:00,5106.7995,22362.35577,11423.91534
2024-12-26T06:00+01:00,2752.3675,22895.69147,11454.61059
2024-12-26T07:00+01:00,2324.45875,23708.77479,11451.219
2024-12-26T08:00+01:00,3759.9685,24622.64142,11709.8699
2024-12-26T09:00+01:00,3791.3215,24675.68315,14536.99909
2024-12-26T10:00+01:00,3834.39975,24639.908,18248.81178
2024-12-26T11:00+01:00,3985.55675,24247.45341,20611.19584
2024-12-26T12:00+01:00,3060.07625,24103.43532,21481.08397
2024-12-26T13:00+01:00,2336.8205,24173.01804,20241.90008
2024-12-26T14:00+01:00,2865.59125,25073.87567,16697.59746
2024-12-26T15:00+01:00,4885.438,26061.20159,12021.68514
2024-12-26T16:00+01:00,4936.692,27234.17849,9883.079751
2024-12-26T17:00+01:00,4532.0305,28155.18629,10331.39454
2024-12-26T18:00+01:00,5064.81925,28609.04098,10561.59391
2024-12-26T19:00+01:00,4655.5995,28538.08299,10569.24841
2024-12-26T20:00+01:00,4878.3,28402.00757,10521.19554
2024-12-26T21:00+01:00,5387.192,27931.23625,10425.84989
2024-12-26T22:00+01:00,4589.36675,27789.46345,10449.98998
2024-12-26T23:00+01:00,2891.412,27172.35473,10681.40446
2024-12-27T00:00+01:00,2721.22775,26691.99399,10816.01332
2024-12-27T01:00+01:00,1706.9605,26515.4289,10848.49247
2024-12-27T02:00+01:00,1694.58175,26682.47657,10724.08658
2024-12-27T03:00+01:00,3456.6545,26624.51202,10433.40146
2024-12-27T04:00+01:00,5777.97,26482.57441,10048.41452
2024-12-27T05:00+01:00,3358.111,27407.56072,9779.062423
2024-12-27T06:00+01:00,3865.43925,28634.58419,9506.591886
2024-12-27T07:00+01:00,6010.98125,29534.23282,9257.906935
2024-12-27T08:00+01:00,5913.6625,30394.56832,9731.233416
2024-12-27T09:00+01:00,4240.35475,30497.72308,13635.47361
2024-12-27T10:00+01:00,2867.43075,30347.81746,18242.77433
2024-12-27T11:00+01:00,303.70975,30218.41152,21096.98143
2024-12-27T12:00+01:00,-400.062,30192.50199,21354.40469
2024-12-27T13:00+01:00,1252.099,30295.42317,19271.53752
2024-12-27T14:00+01:00,4006.69325,30628.38551,15050.37726
2024-12-27T15:00+01:00,6371.32175,31039.75049,9985.261768
2024-12-27T16:00+01:00,7897.0385,31317.5037,7508.616673
2024-12-27T17:00+01:00,8577.32675,31620.39499,7480.900405
2024-12-27T18:00+01:00,7397.52475,31800.07569,7440.843925
2024-12-27T19:00+01:00,8422.53425,31395.8496,7286.625653
2024-12-27T20:00+01:00,8227.1235,30895.73646,7207.578416
2024-12-27T21:00+01:00,8521.58375,30486.61786,7303.864263
2024-12-27T22:00+01:00,8335.817,30065.28417,7284.403063
2024-12-27T23:00+01:00,6796.24775,28804.61518,7276.538002
2024-12-28T00:00+01:00,6279.37625,27827.12825,7256.452033
2024-12-28T01:00+01:00,5031.74375,27634.36662,7253.073949
2024-12-28T02:00+01:00,5470.7465,27591.76682,7299.57692
2024-12-28T03:00+01:00,6614.973,27219.85973,7271.320887
2024-12-28T04:00+01:00,7070.5215,27468.8,7245.646513
2024-12-28T05:00+01:00,5460.051,27754.79022,7190.93249
2024-12-28T06:00+01:00,5352.32075,28251.06354,7165.847616
2024-12-28T07:00+01:00,5624.92125,29184.982,7364.904092
2024-12-28T08:00+01:00,7089.30825,29907.97534,8049.670839
2024-12-28T09:00+01:00,6902.09625,29980.62121,11811.34783
2024-12-28T10:00+01:00,4354.4215,29970.23601,16889.29114
2024-12-28T11:00+01:00,2438.65325,29563.16579,20719.28184
2024-12-28T12:00+01:00,1878.631,29270.70216,21981.67888
2024-12-28T13:00+01:00,1839.40025,29202.93489,20397.76993
2024-12-28T14:00+01:00,3122.17425,29678.78446,16175.55595
2024-12-28T15:00+01:00,7198.79475,29861.88882,11062.59591
2024-12-28T16:00+01:00,9144.669,30170.07741,9122.823095
2024-12-28T17:00+01:00,8574.08075,30385.96991,9584.051869
2024-12-28T18:00+01:00,6030.21075,30524.87791,10265.3014
2024-12-28T19:00+01:00,6317.6685,30466.28073,11008.43441
2024-12-28T20:00+01:00,5755.839,30333.37277,11612.18025
2024-12-28T21:00+01:00,4270.1375,30323.41178,12350.82914
2024-12-28T22:00+01:00,3320.73575,29711.97511,12845.26128
2024-12-28T23:00+01:00,2154.53025,28031.22828,13238.61354
2024-12-29T00:00+01:00,1075.18325,26076.07519,14104.66348
2024-12-29T01:00+01:00,-207.25725,25096.62333,15246.94712
2024-12-29T02:00+01:00,-1376.67525,24555.15584,15853.49038
2024-12-29T03:00+01:00,-1919.692,24147.38121,15909.1558
2024-12-29T04:00+01:00,-1706.4445,24290.65642,16517.74426
2024-12-29T05:00+01:00,-2129.99825,24445.88356,17127.38674
2024-12-29T06:00+01:00,-3827.77525,24688.71482,16958.37103
2024-12-29T07:00+01:00,-3199.959,25026.63594,16824.41527
2024-12-29T08:00+01:00,-883.76575,25018.3086,18457.57019
2024-12-29T09:00+01:00,-294.21775,24774.05534,21870.77903
2024-12-29T10:00+01:00,-751.0695,24677.18073,25734.86946
2024-12-29T11:00+01:00,-925.50425,25311.49796,28596.55264
2024-12-29T12:00+01:00,-1749.034,25349.23518,29182.95538
2024-12-29T13:00+01:00,-2621.63475,25204.39267,28755.95574
2024-12-29T14:00+01:00,-2763.356,24890.67892,27167.69746
2024-12-29T15:00+01:00,-1350.89725,25386.78098,25251.33028
2024-12-29T16:00+01:00,-1118.913,26480.23026,25175.89517
2024-12-29T17:00+01:00,-2586.453,27152.04587,25591.75142
2024-12-29T18:00+01:00,-3548.055,28131.17023,25555.26003
2024-12-29T19:00+01:00,-4912.80925,28803.74018,26073.59367
2024-12-29T20:00+01:00,-5384.96075,27875.70918,27289.90708
2024-12-29T21:00+01:00,-5327.71775,26478.49885,28077.97523
2024-12-29T22:00+01:00,-5537.2585,26347.84788,27480.29635
2024-12-29T23:00+01:00,-6261.199,25199.97839,28398.89277
2024-12-30T00:00+01:00,-5629.42625,22691.40182,29494.62978
2024-12-30T01:00+01:00,-5411.91,21592.32356,30509.3841
2024-12-30T02:00+01:00,-5752.071,21559.72511,30502.21418
2024-12-30T03:00+01:00,-3682.65625,21819.194,30126.7908
2024-12-30T04:00+01:00,-3438.946,22130.60069,30516.8144
2024-12-30T05:00+01:00,-4854.6615,22383.02144,30976.35479
2024-12-30T06:00+01:00,-6459.6505,23874.16363,31175.11988
2024-12-30T07:00+01:00,-6661.679,25348.19652,31432.40477
2024-12-30T08:00+01:00,-6609.007,26745.40542,31140.39259
2024-12-30T09:00+01:00,-6316.60275,26829.81392,32986.97117
2024-12-30T10:00+01:00,-6227.92475,27143.19174,34940.5289
2024-12-30T11:00+01:00,-6495.833,26898.79173,36213.96706
2024-12-30T12:00+01:00,-6389.2535,26384.9615,36709.12926
2024-12-30T13:00+01:00,-6284.35875,26070.50749,36255.99219
2024-12-30T14:00+01:00,-6678.6855,26860.25887,34788.15619
2024-12-30T15:00+01:00,-6941.66175,27457.97351,33135.49053
2024-12-30T16:00+01:00,-4949.65675,27954.13094,32318.61881
2024-12-30T17:00+01:00,-4395.14525,28005.38978,33021.9749
2024-12-30T18:00+01:00,-5957.11675,28153.75463,34275.64159
2024-12-30T19:00+01:00,-5587.53075,27263.80083,34736.2665
2024-12-30T20:00+01:00,-5542.5675,25675.40098,34651.09109
2024-12-30T21:00+01:00,-6436.56675,25274.68357,33304.43633
2024-12-30T22:00+01:00,-6313.80525,25335.52836,30973.04187
2024-12-30T23:00+01:00,-7267.34075,24223.06266,29621.87021
2024-12-31T00:00+01:00,-5422.902,22110.28047,29183.7516
2024-12-31T01:00+01:00,-5142.44275,21102.57003,28185.60746
2024-12-31T02:00+01:00,-3197.09375,21900.13708,27482.72135
2024-12-31T03:00+01:00,-2097.6295,22944.12877,26978.32668
2024-12-31T04:00+01:00,-1715.33525,21992.06254,27620.21981
2024-12-31T05:00+01:00,-2691.66375,21576.51645,27608.75811
2024-12-31T06:00+01:00,-4402.7255,21415.44635,28702.36942
2024-12-31T07:00+01:00,-4937.14375,21666.04123,28868.27532
2024-12-31T08:00+01:00,-4929.00275,21755.46381,29149.87171
2024-12-31T09:00+01:00,-5453.23525,22225.67815,31800.6114
2024-12-31T10:00+01:00,-3993.927,22298.95486,35976.75725
2024-12-31T11:00+01:00,-6696.104,22352.61204,39837.6409
2024-12-31T12:00+01:00,-6971.441,21974.48861,41045.23208
2024-12-31T13:00+01:00,-7709.86175,21637.05289,40471.3185
2024-12-31T14:00+01:00,-6521.25,21893.19648,38081.75901
2024-12-31T15:00+01:00,-5672.4295,22301.13201,36268.22272
2024-12-31T16:00+01:00,-5109.27275,22468.82302,36151.1274
2024-12-31T17:00+01:00,-5643.28575,22545.25531,37159.56231
2024-12-31T18:00+01:00,-5740.72375,22641.59212,37997.39585
2024-12-31T19:00+01:00,-5083.83625,21383.15005,38916.54197
2024-12-31T20:00+01:00,-6417.70975,18557.03036,40027.97879
2024-12-31T21:00+01:00,-8569.5525,15779.81302,40653.80563
2024-12-31T22:00+01:00,-8694.43775,14930.27577,40116.74491
2024-12-31T23:00+01:00,-9744.039,13087.58944,42309.76426